customer_id,frequency,total_spend,avg_order_value,last_purchase,first_purchase,return_rate,discount_usage,price_sensitivity_x,promotion_responsiveness_x,avg_discount_pct_x,max_discount_pct,promotion_purchase_rate_x,promotion_purchase_count,avg_base_price,total_base_value,total_discount_amount,recency_days,tenure_days,repurchase_rate,deal_hunter_score_x,savings_consciousness_x,promo_sensitivity_x,price_value_ratio,Beauty,Clothing,Electronics,Food,Home,Sports,Bundle Deal,Coupon,Direct Discount,Membership Discount,Seasonal Sale,age,gender,segment,channel,region,loyalty_tendency,price_sensitivity_y,promotion_responsiveness_y,avg_nps,avg_ease_of_use,avg_product_quality,avg_customer_service,nps_surveys,nps_mode_category,complaint_count,unresolved_complaints,avg_resolution_time,complaint_rate,unresolved_rate,total_interactions,avg_duration,App Visit,Click-Through,Email Open,Social Media,Support Call,nps_category_numeric,cluster,pca_x,pca_y,loyalty_level,spend_growth_rate,price_sensitivity,promotion_responsiveness,avg_discount_pct_y,promotion_purchase_rate_y,deal_hunter_score_y,savings_consciousness_y,promo_sensitivity_y,only_promo_buyer,high_price_sensitivity,low_price_sensitivity,dynamic_churn_threshold,active_categories,primary_category,threshold_group,repurchase_probability,avg_inter_purchase_days,repurchase_score,nps_score,complaint_score,engagement_score,value_score,loyalty_index,loyalty_tier
CUST_000000,21,2814.08,134.0038095238095,2025-12-16,2023-04-09,0.047619047619047616,0.38095238095238093,0.33114245140114085,0.6374857286192506,0.1096,0.3944,0.38095238095238093,8,140.75238095238097,2955.8,141.71,15,982,1,0.1261495052956727,0.04792681277056277,0.24285170614066687,1.050282664544166,5,4,3,3,2,4,1.0,1.0,3.0,3.0,0.0,56,Female,High Net Worth,Online,East,0.40725847818088706,0.33114245140114085,0.6374857286192506,7.0,3.5,3.5,3.5,2,passive,1.0,0.0,12.0,1.0,0.0,6.0,37.666666666666664,1.0,1.0,2.0,1.0,1.0,0,0,-1.164019198097646,1.0561213691525564,低,-0.91275602200749,0.33114245140114085,0.6374857286192506,0,0,0.0,0.0,0.0,0,0,0,489.87898021966913,6,Beauty,Long Cycle,0.7553481279587231,49.1,0.683712416588145,0.5847142857142857,0.7685714285714286,0.37537633227117895,0.43397470238870584,58.79806658897119,中忠诚度
CUST_000001,33,4435.29,134.40272727272728,2025-11-04,2023-01-13,0.0,0.3333333333333333,0.9200092164552484,0.9399142854532827,0.10926666666666666,0.697,0.3333333333333333,11,146.71666666666667,4841.65,406.35,57,1026,1,0.3066697388184161,0.08391066874541833,0.3133047618177609,1.0915384996911368,8,4,10,3,4,4,3.0,4.0,1.0,1.0,2.0,69,Male,Senior,Online,North,0.7031745516033406,0.9200092164552484,0.9399142854532827,10.0,5.0,5.0,5.0,1,promoter,2.0,0.0,7.0,2.0,0.0,9.0,91.55555555555556,1.0,1.0,5.0,0.0,2.0,1,2,4.362147397672734,0.45065635168964874,高,-0.812584362994497,0.9200092164552484,0.9399142854532827,0,0,0.0,0.0,0.0,0,1,0,438.11544047013047,6,Beauty,Medium Cycle,0.3065559467969057,32.0625,0.6697311905542849,0.9999999999999999,0.7799999999999999,0.4032570291420967,0.5628402763540146,71.28339529907021,高忠诚度
CUST_000002,22,2169.56,98.61636363636363,2025-12-19,2023-01-13,0.045454545454545456,0.13636363636363635,0.29655499919735395,0.4733691945728094,0.03946363636363636,0.4608,0.13636363636363635,3,101.50454545454545,2233.1,63.55,12,1071,1,0.04043931807236645,0.028445459021529923,0.064550344714474,1.0291826821152374,6,4,4,3,2,3,0.0,0.0,2.0,0.0,1.0,46,Female,Senior,Store,Central,0.5203374445674649,0.29655499919735395,0.4733691945728094,9.0,5.0,4.0,5.0,1,promoter,2.0,1.0,2.0,2.0,0.5,7.0,88.85714285714286,1.0,2.0,3.0,1.0,0.0,1,1,-1.2376806348769842,-2.5970423620319676,中,-0.3367593712212818,0.29655499919735395,0.4733691945728094,0,0,0.0,0.0,0.0,0,0,1,489.87898021966913,6,Beauty,Long Cycle,0.7854608246822026,51.0,0.725552456791678,0.8835714285714286,0.6514285714285715,0.41161238168490116,0.4316138677515361,66.27568173101118,中忠诚度
CUST_000003,21,2578.68,122.7942857142857,2025-12-14,2023-03-06,0.047619047619047616,0.47619047619047616,0.3739237947029612,0.6660063226994886,0.12856666666666666,0.5641,0.47619047619047616,10,136.3709523809524,2863.79,285.12,17,1014,1,0.17805894985855295,0.09952561967892935,0.3171458679521374,1.1104738860517511,1,6,3,2,5,4,2.0,2.0,5.0,0.0,1.0,32,Male,High Net Worth,Store,East,0.17209251620965302,0.3739237947029612,0.6660063226994886,6.666666666666667,3.6666666666666665,3.0,2.3333333333333335,3,passive,3.0,1.0,12.0,3.0,0.3333333333333333,4.0,348.75,1.0,2.0,0.0,1.0,0.0,0,0,-0.5446543521339415,4.27080401043058,低,0.6414510975986809,0.3739237947029612,0.6660063226994886,0,0,0.0,0.0,0.0,0,0,0,378.3554667547274,6,Beauty,Short Cycle,0.7527933082630596,50.7,0.6910586915252053,0.5065714285714285,0.4819047619047619,0.5073263927040984,0.46599913229716566,55.22450076363226,中忠诚度
CUST_000004,10,1683.3400000000001,168.334,2025-12-11,2023-01-03,0.0,0.1,0.15999889561214004,0.44532330716044344,0.03654,0.3654,0.1,1,170.16400000000002,1701.64,18.3,20,1073,1,0.015999889561214006,0.010748014847530893,0.044532330716044344,1.0108111961222261,1,2,4,1,2,0,0.0,0.0,0.0,1.0,0.0,60,Male,Student,Online,East,0.2904109832941283,0.15999889561214004,0.44532330716044344,8.5,4.5,4.5,4.0,2,passive,2.0,1.0,14.0,2.0,0.5,7.0,0.0,0.0,0.0,5.0,0.0,2.0,0,1,-3.623820336640687,-3.3749384440168515,中,6.262032085561498,0.15999889561214004,0.44532330716044344,0,0,0.0,0.0,0.0,0,0,1,438.11544047013047,5,Beauty,Medium Cycle,0.9778818327431942,119.22222222222223,0.665504373598571,0.8083571428571428,0.48,0.20736842105263156,0.6075350356944493,59.597611630591906,中忠诚度
CUST_000005,25,2888.95,115.55799999999999,2025-12-18,2023-01-09,0.08,0.52,0.3618485575991256,0.9097812125447142,0.154236,0.4918,0.52,13,130.1064,3252.66,363.73,13,1074,1,0.18816124995154532,0.11179102917944715,0.47308623052325144,1.125799529281462,3,6,6,3,4,3,2.0,2.0,4.0,3.0,2.0,25,Female,Young Professional,Hybrid,North,0.557115456904987,0.3618485575991256,0.9097812125447142,8.0,4.0,4.0,5.0,1,passive,1.0,0.0,1.0,1.0,0.0,9.0,122.44444444444444,1.0,1.0,0.0,5.0,2.0,0,0,2.9948916051615706,3.819713545223798,低,-0.6366915320927944,0.3618485575991256,0.9097812125447142,0,0,0.0,0.0,0.0,0,0,0,378.3554667547274,6,Beauty,Short Cycle,0.7401369595312515,44.75,0.7399705667654757,0.7581428571428571,0.9257142857142857,0.41615426876167455,0.37740823878991225,66.94184033052379,中忠诚度
CUST_000006,20,2366.93,118.34649999999999,2025-12-15,2023-01-15,0.0,0.35,0.611205739202266,0.5277620876934614,0.09607,0.6036,0.35,7,129.357,2587.14,220.22,16,1065,1,0.21392200872079306,0.08508813279034365,0.1847167306927115,1.092943775796006,1,7,4,4,3,1,2.0,2.0,0.0,1.0,2.0,38,Female,Senior,Online,Central,0.5037657512462608,0.611205739202266,0.5277620876934614,9.5,5.0,5.0,4.5,2,promoter,1.0,0.0,1.0,1.0,0.0,7.0,194.0,1.0,3.0,1.0,1.0,1.0,1,0,1.677579528446836,0.8942464896002496,低,0.4415342465753424,0.611205739202266,0.5277620876934614,0,0,0.0,0.0,0.0,0,0,0,378.3554667547274,6,Beauty,Short Cycle,0.7916366282787214,56.05263157894737,0.7065977024985098,0.9467857142857141,0.9257142857142857,0.5212276515924467,0.4951242761997391,73.99856713469521,高忠诚度
CUST_000007,24,3031.71,126.32125,2025-11-28,2023-01-08,0.041666666666666664,0.25,0.7867572177039411,0.6115696216618407,0.10280416666666668,0.6792,0.25,6,135.4475,3250.74,219.05,33,1055,1,0.19668930442598528,0.06736393438589802,0.15289240541546018,1.0721614802354917,3,7,5,3,5,1,1.0,1.0,2.0,1.0,1.0,56,Female,Senior,Store,West,0.39194828305873863,0.7867572177039411,0.6115696216618407,8.666666666666666,4.0,4.333333333333333,4.666666666666667,3,promoter,1.0,0.0,10.0,1.0,0.0,6.0,37.5,0.0,1.0,3.0,1.0,1.0,1,0,0.5242428127419815,0.04009021806423343,低,13.03789279112754,0.7867572177039411,0.6115696216618407,0,0,0.0,0.0,0.0,0,1,0,378.3554667547274,6,Beauty,Short Cycle,0.6029326201422971,45.869565217391305,0.6847777982439305,0.8090952380952381,0.7971428571428572,0.30364007618210453,0.5612385372015259,65.70103695759617,中忠诚度
CUST_000008,20,1464.23,73.2115,2025-12-11,2023-01-25,0.15,0.4,0.5721340816288807,0.713013181780703,0.11578999999999999,0.5632,0.4,8,80.179,1603.58,139.34,20,1051,1,0.22885363265155229,0.08683892358124869,0.28520527271228124,1.0950199053556673,9,4,3,3,1,0,0.0,1.0,2.0,2.0,3.0,36,Female,Family,Store,Central,0.5129189862442906,0.5721340816288807,0.713013181780703,6.666666666666667,4.0,3.6666666666666665,3.6666666666666665,3,passive,2.0,1.0,7.0,2.0,0.5,3.0,163.33333333333334,0.0,2.0,1.0,0.0,0.0,0,0,-0.8594190553862653,3.789489251713817,低,2.442184776292853,0.5721340816288807,0.713013181780703,0,0,0.0,0.0,0.0,0,0,0,489.87898021966913,5,Beauty,Long Cycle,0.7630253737060103,55.31578947368421,0.6939155107317027,0.6012380952380952,0.58,0.3580221953631469,0.30740072288153797,54.529761476573725,中忠诚度
CUST_000009,20,2865.02,143.251,2025-11-25,2023-01-28,0.1,0.4,0.08104673210248536,0.6827144177751686,0.134195,0.5121,0.4,8,159.05450000000002,3181.09,316.07,36,1032,1,0.03241869284099415,0.09932780028220446,0.27308576711006743,1.110242843481478,1,10,6,1,2,0,1.0,1.0,4.0,2.0,0.0,40,Other,Student,Hybrid,South,0.324469764121065,0.08104673210248536,0.6827144177751686,7.0,3.0,3.6666666666666665,3.6666666666666665,3,promoter,0.0,0.0,0.0,0.0,0.0,7.0,105.42857142857143,1.0,3.0,1.0,2.0,0.0,1,0,0.08016641915492581,2.1635635955262416,低,-0.18564938116872937,0.08104673210248536,0.6827144177751686,0,0,0.0,0.0,0.0,0,0,1,378.3554667547274,5,Beauty,Short Cycle,0.644820379148892,54.31578947368421,0.653190562364707,0.571047619047619,1.0,0.4542458442557332,0.44825944099423076,62.40948662588114,中忠诚度
CUST_000010,14,1255.51,89.67928571428571,2025-12-02,2023-02-09,0.14285714285714285,0.35714285714285715,0.1608901791556643,0.3980636786563229,0.08391428571428572,0.4182,0.35714285714285715,5,95.93285714285715,1343.06,87.57,29,1027,1,0.05746077826988011,0.06515334136868889,0.14216559952011534,1.069613347668538,3,6,1,1,2,1,1.0,1.0,3.0,0.0,0.0,28,Female,High Net Worth,Store,West,0.26888486768721137,0.1608901791556643,0.3980636786563229,7.0,3.3333333333333335,3.0,3.3333333333333335,3,detractor,1.0,0.0,4.0,1.0,0.0,5.0,237.4,0.0,2.0,2.0,1.0,0.0,-1,0,-3.2029226024620305,2.0787346983560697,低,-0.6862986459615565,0.1608901791556643,0.3980636786563229,0,0,0.0,0.0,0.0,0,0,1,378.3554667547274,6,Beauty,Short Cycle,0.8446626691202033,79.0,0.6500966687884175,0.5473809523809524,0.8828571428571429,0.39438633117239863,0.2474554017933254,56.05790701051934,中忠诚度
CUST_000011,25,2963.02,118.5208,2025-12-19,2023-01-13,0.04,0.24,0.08580144442577511,0.6513919545010991,0.085804,0.5141,0.24,6,126.62119999999999,3165.5299999999997,202.51,12,1071,1,0.020592346662186026,0.06395328640499222,0.1563340690802638,1.0682556770054703,2,7,4,4,8,0,2.0,1.0,1.0,1.0,1.0,28,Male,High Net Worth,Hybrid,East,0.5765737251334517,0.08580144442577511,0.6513919545010991,10.0,5.0,5.0,5.0,3,promoter,0.0,0.0,0.0,0.0,0.0,9.0,92.55555555555556,1.0,2.0,2.0,3.0,1.0,1,2,1.3885516948734447,-1.6148522312144549,高,-0.3444166926839422,0.08580144442577511,0.6513919545010991,0,0,0.0,0.0,0.0,0,0,1,513.7160654092345,5,Beauty,Long Cycle,0.745857133690807,44.625,0.7409650519267321,0.9999999999999999,1.0,0.4614523434543213,0.4820616701968511,76.38166176256954,高忠诚度
CUST_000012,13,2104.88,161.91384615384615,2025-12-06,2023-04-11,0.15384615384615385,0.15384615384615385,0.2001088105028608,0.20218396004869815,0.02503846153846154,0.1943,0.15384615384615385,2,164.21538461538464,2134.8,29.93,25,970,1,0.03078597084659397,0.014013484408652493,0.03110522462287664,1.0141519517722009,1,5,4,1,1,1,0.0,2.0,0.0,0.0,0.0,41,Female,Family,Online,West,0.016698860364880535,0.2001088105028608,0.20218396004869815,5.0,2.0,2.0,3.5,2,detractor,0.0,0.0,0.0,0.0,0.0,5.0,0.0,0.0,0.0,3.0,0.0,2.0,-1,1,-6.729891794613704,-1.3935578676817812,中,0.9048509869694229,0.2001088105028608,0.20218396004869815,0,0,0.0,0.0,0.0,0,0,1,378.3554667547274,6,Beauty,Short Cycle,0.8712006359217173,80.83333333333333,0.6339468903394868,0.2933571428571428,1.0,0.16526315789473683,0.5046056053698381,51.400366730581794,中忠诚度
CUST_000013,18,2445.96,135.88666666666666,2025-10-30,2023-03-23,0.0,0.3333333333333333,0.2330081734108271,0.8720640383177507,0.0947,0.4391,0.3333333333333333,6,145.72611111111112,2623.07,177.13,62,952,1,0.07766939113694236,0.06750201023600742,0.29068801277258355,1.0723302836305366,2,5,4,3,4,0,1.0,1.0,2.0,1.0,1.0,70,Male,Young Professional,Hybrid,East,0.3684777589251536,0.23300817341082714,0.8720640383177507,8.0,4.5,3.5,3.0,2,passive,2.0,1.0,9.0,2.0,0.5,4.0,0.0,0.0,0.0,3.0,1.0,0.0,0,0,-1.6687631507176794,1.3051904038600295,低,-0.5242224451770101,0.2330081734108271,0.8720640383177507,0,0,0.0,0.0,0.0,0,0,1,378.3554667547274,5,Beauty,Short Cycle,0.4515853787855235,56.0,0.5569460656153592,0.6926428571428571,0.5514285714285714,0.14421052631578946,0.47790212494685586,51.627571737400444,中忠诚度
CUST_000014,27,2693.6,99.76296296296296,2025-08-25,2023-02-28,0.0,0.3333333333333333,0.22283223328420015,0.9496882038282237,0.07476296296296298,0.5455,0.3333333333333333,9,106.98407407407409,2888.57,194.99,128,909,1,0.07427741109473338,0.06748062860564029,0.31656273460940787,1.0722752025895832,5,4,4,9,4,1,1.0,2.0,5.0,1.0,0.0,53,Male,High Net Worth,Online,East,0.5417050420062127,0.22283223328420015,0.9496882038282237,10.0,5.0,5.0,4.5,2,promoter,0.0,0.0,0.0,0.0,0.0,3.0,50.333333333333336,0.0,1.0,2.0,0.0,0.0,1,0,0.7420405582799023,0.7444855653048772,低,1.3995848469122991,0.22283223328420015,0.9496882038282237,0,0,0.0,0.0,0.0,0,0,1,498.32680731697,6,Beauty,Long Cycle,0.029616387630465035,34.96153846153846,0.4823644061126713,0.9824999999999999,1.0,0.22750723363732922,0.5176922585333987,65.21142456594104,中忠诚度
CUST_000015,44,4329.51,98.39795454545455,2025-12-28,2023-01-08,0.0,0.36363636363636365,0.5060840384894199,0.5664026693632754,0.0948,0.5896,0.36363636363636365,16,107.43431818181817,4727.11,397.63,3,1085,1,0.18403055945069813,0.0840991432094431,0.20596460704119107,1.0917239229090403,7,14,7,7,3,6,3.0,3.0,6.0,0.0,4.0,57,Male,Student,Hybrid,West,0.8401386759350017,0.5060840384894199,0.5664026693632754,10.0,5.0,5.0,5.0,3,promoter,1.0,0.0,13.0,1.0,0.0,11.0,54.36363636363637,1.0,2.0,5.0,2.0,1.0,1,2,5.2667326748575105,-0.44349049710406535,高,-0.5119348806511935,0.5060840384894199,0.5664026693632754,0,0,0.0,0.0,0.0,0,0,0,378.3554667547274,6,Beauty,Short Cycle,0.6739297763595185,25.232558139534884,0.884930015853523,0.9999999999999999,0.7542857142857142,0.4724595698774361,0.5168257249300887,77.70146561200427,高忠诚度
CUST_000016,20,2031.91,101.5955,2025-12-26,2023-02-07,0.0,0.35,0.15443717689204847,0.8844273660019863,0.08691499999999999,0.4202,0.35,7,112.19800000000001,2243.96,212.07,5,1053,1,0.05405301191221696,0.09446493478725679,0.3095495781006952,1.1042512462415912,4,6,2,4,4,0,2.0,1.0,3.0,1.0,0.0,41,Male,Young Professional,Store,East,0.45685339722281393,0.15443717689204847,0.8844273660019865,7.0,3.3333333333333335,3.3333333333333335,3.0,3,detractor,0.0,0.0,0.0,0.0,0.0,10.0,34.3,1.0,0.0,5.0,4.0,0.0,-1,0,-0.7705444771491617,1.8577784326284354,低,0.7754814259903936,0.15443717689204847,0.8844273660019863,0,0,0.0,0.0,0.0,0,0,1,378.3554667547274,5,Beauty,Short Cycle,0.8466911150033432,55.421052631578945,0.7220682046290237,0.5507142857142857,1.0,0.3398478189209977,0.471755943667084,62.60395972054907,中忠诚度
CUST_000017,50,4707.3099999999995,94.1462,2025-12-03,2023-01-01,0.04,0.36,0.5126679312485971,0.8236242558333113,0.109306,0.6105,0.36,18,101.2854,5064.2699999999995,356.99,28,1067,1,0.18456045524949496,0.07047798044329326,0.29650473209999206,1.075716734532617,9,15,6,11,7,2,2.0,5.0,8.0,3.0,0.0,20,Other,High Net Worth,Hybrid,East,0.8490969581800873,0.5126679312485971,0.8236242558333113,10.0,5.0,5.0,5.0,1,promoter,1.0,0.0,12.0,1.0,0.0,7.0,111.85714285714286,1.0,1.0,5.0,0.0,0.0,1,2,5.040971295985393,-0.06996403783190001,高,-0.25687044307347173,0.5126679312485971,0.8236242558333113,0,0,0.0,0.0,0.0,0,0,0,378.3554667547274,6,Beauty,Short Cycle,0.449783371598094,21.775510204081634,0.8634712596133411,0.9999999999999999,0.7685714285714286,0.355501436262891,0.5178628760635,75.53317390186753,高忠诚度
CUST_000018,15,2321.5,154.76666666666668,2025-06-29,2023-03-20,0.0,0.3333333333333333,0.5617648916587262,0.6765382013568658,0.11351333333333333,0.4614,0.3333333333333333,5,163.58733333333333,2453.81,132.3,185,832,1,0.18725496388624208,0.05389419140381537,0.22551273378562192,1.0569250317662007,1,4,5,0,1,4,0.0,3.0,2.0,0.0,0.0,39,Female,High Net Worth,Store,South,0.28949014022412883,0.5617648916587262,0.6765382013568658,7.0,4.0,2.0,3.0,1,passive,2.0,1.0,7.0,2.0,0.5,4.0,142.75,0.0,1.0,1.0,1.0,1.0,0,0,-3.134161421243524,2.3086526181920273,低,0.5705927051671733,0.5617648916587262,0.6765382013568658,0,0,0.0,0.0,0.0,0,0,0,438.11544047013047,5,Beauty,Medium Cycle,0.005446622712157012,59.42857142857143,0.3206284277671778,0.5267142857142857,0.58,0.32631386660806505,0.5529914017139159,44.676289000702184,中忠诚度
CUST_000019,27,2865.98,106.14740740740741,2025-12-25,2023-01-15,0.0,0.2962962962962963,0.31393341666372326,0.7889693180897402,0.08921851851851852,0.5632,0.2962962962962963,8,117.62333333333333,3175.83,309.85,6,1075,1,0.09301730864110318,0.0975343345410362,0.2337686868414045,1.1080087221979937,6,5,4,4,6,2,1.0,2.0,1.0,2.0,2.0,70,Female,Family,Store,Central,0.6819118597889053,0.31393341666372326,0.7889693180897402,10.0,5.0,5.0,5.0,1,promoter,0.0,0.0,0.0,0.0,0.0,10.0,104.3,0.0,2.0,7.0,0.0,1.0,1,2,2.9390426074283904,-0.19347620264580823,高,0.5205554043016609,0.31393341666372326,0.7889693180897402,0,0,0.0,0.0,0.0,0,0,0,489.87898021966913,6,Beauty,Long Cycle,0.7632154032110097,41.34615384615385,0.7654903121996095,0.9999999999999999,1.0,0.3940753763322712,0.5184825146800891,76.65307773117368,高忠诚度
CUST_000020,16,1797.44,112.34,2025-12-21,2023-03-16,0.0625,0.1875,0.6737266736646161,0.2691122450512037,0.05324375,0.4469,0.1875,3,115.07875,1841.26,43.81,10,1011,1,0.12632375131211554,0.02378057386036716,0.05045854594710069,1.0242879394748552,1,4,2,3,4,2,0.0,0.0,1.0,0.0,2.0,19,Male,Senior,Store,Central,0.4679785330082866,0.6737266736646161,0.2691122450512037,8.0,4.0,4.0,5.0,1,passive,2.0,1.0,1.0,2.0,0.5,5.0,265.0,2.0,1.0,2.0,0.0,0.0,0,1,-2.5082064788965868,-1.1976368273821405,中,0.593813197513295,0.6737266736646161,0.2691122450512037,0,0,0.0,0.0,0.0,0,0,0,378.3554667547274,6,Beauty,Short Cycle,0.8777577796619322,67.4,0.6813484073610433,0.7581428571428571,0.6657142857142857,0.4559103395231293,0.45732208266572894,63.07822426794989,中忠诚度
CUST_000021,9,1204.5,133.83333333333334,2025-11-19,2023-12-26,0.2222222222222222,0.3333333333333333,0.5714781949326763,0.4370767742562544,0.13234444444444446,0.4668,0.3333333333333333,3,143.63444444444445,1292.71,88.21,42,694,1,0.19049273164422542,0.06818375060871447,0.14569225808541814,1.0731535211150682,0,5,2,0,2,0,0.0,1.0,1.0,0.0,1.0,41,Male,Family,Store,South,0.2374291344783716,0.5714781949326763,0.4370767742562544,5.666666666666667,3.3333333333333335,3.0,3.0,3,detractor,0.0,0.0,0.0,0.0,0.0,3.0,0.0,0.0,0.0,1.0,1.0,1.0,-1,0,-4.596214983855771,3.421642500716295,低,-0.859574355444968,0.5714781949326763,0.4370767742562544,0,0,0.0,0.0,0.0,0,0,0,378.3554667547274,3,Clothing,Short Cycle,0.81789114522575,86.75,0.4996580859554277,0.4404761904761905,1.0,0.1531578947368421,0.2502800947434871,47.053217182772535,中忠诚度
CUST_000022,21,2662.43,126.78238095238095,2025-09-22,2023-02-20,0.09523809523809523,0.19047619047619047,0.23296330683659722,0.7546955489599789,0.048728571428571434,0.3699,0.19047619047619047,4,128.53333333333333,2699.2,36.78,100,945,1,0.044373963206970894,0.013621213243463449,0.14375153313523406,1.0137307334074452,2,5,4,6,4,0,1.0,0.0,1.0,1.0,1.0,61,Male,Young Professional,Online,West,0.32397085931827824,0.2329633068365972,0.7546955489599789,8.0,4.0,4.0,4.0,2,passive,2.0,1.0,3.0,2.0,0.5,4.0,60.25,0.0,2.0,2.0,0.0,0.0,0,1,-3.299076827296757,-1.3987110022910358,中,-0.6574656750572082,0.23296330683659722,0.7546955489599789,0,0,0.0,0.0,0.0,0,0,1,498.32680731697,5,Beauty,Long Cycle,0.14240717043600937,47.25,0.4889522261590156,0.7231428571428571,0.6371428571428571,0.294367102516207,0.4363032387554463,53.26433618955954,中忠诚度
CUST_000023,30,4517.83,150.59433333333334,2025-12-26,2023-01-29,0.06666666666666667,0.3333333333333333,0.45575844372043905,0.27676494634926513,0.10381333333333333,0.6072,0.3333333333333333,10,160.597,4817.91,300.1,5,1062,1,0.15191948124014634,0.06227549383574294,0.0922549821164217,1.0663504591501352,6,4,9,2,3,6,2.0,3.0,3.0,2.0,0.0,47,Male,Family,Online,North,0.6917594436451487,0.45575844372043905,0.2767649463492652,10.0,5.0,4.0,4.0,1,promoter,2.0,0.0,7.0,2.0,0.0,8.0,49.0,0.0,2.0,2.0,3.0,1.0,1,2,2.397093549970452,-1.079516327920825,高,2.75401376146789,0.45575844372043905,0.27676494634926513,0,0,0.0,0.0,0.0,0,0,0,438.11544047013047,6,Beauty,Medium Cycle,0.7392860153984856,36.62068965517241,0.7809812415555974,0.9199999999999999,0.7799999999999999,0.3713803428194704,0.6377404161457384,73.26624863114604,高忠诚度
CUST_000024,30,3419.74,113.99133333333333,2025-12-16,2023-04-07,0.06666666666666667,0.23333333333333334,0.29795606102927125,0.44036894767673557,0.06783,0.3625,0.23333333333333334,7,120.64566666666666,3619.37,199.63,15,984,1,0.06952308090682996,0.0551407729044269,0.10275275445790497,1.0582829440591337,7,7,5,4,5,2,1.0,2.0,3.0,0.0,1.0,55,Female,Student,Online,North,0.6723896048474984,0.29795606102927125,0.44036894767673557,9.333333333333334,4.666666666666667,4.666666666666667,4.666666666666667,3,promoter,3.0,0.0,9.333333333333334,3.0,0.0,9.0,54.22222222222222,0.0,1.0,5.0,2.0,1.0,1,2,0.9259802597456257,-2.0670875690195567,高,-0.17530981135054063,0.29795606102927125,0.44036894767673557,0,0,0.0,0.0,0.0,0,0,1,489.87898021966913,6,Beauty,Long Cycle,0.6494546152437669,33.93103448275862,0.7331151093939909,0.9077142857142857,0.6866666666666665,0.3598912207449731,0.49167114533156897,67.759745915825,中忠诚度
CUST_000025,30,2896.65,96.555,2025-12-14,2023-01-04,0.03333333333333333,0.3,0.5676999624743375,0.45394211704633414,0.10930666666666666,0.6043,0.3,9,111.93599999999999,3358.08,461.42,17,1075,1,0.17030998874230124,0.13736499279564643,0.13618263511390025,1.1591777559157042,9,7,4,5,5,0,1.0,1.0,6.0,1.0,0.0,19,Female,Young Professional,Online,North,0.7070298950457968,0.5676999624743375,0.45394211704633414,9.5,4.5,5.0,5.0,2,promoter,3.0,0.0,7.666666666666667,3.0,0.0,13.0,127.15384615384616,1.0,6.0,2.0,2.0,2.0,1,2,4.166500538512639,0.9429091404036255,高,12.353856124432923,0.5676999624743375,0.45394211704633414,0,0,0.0,0.0,0.0,0,0,0,489.87898021966913,5,Beauty,Long Cycle,0.6579671104086969,37.06896551724138,0.7598260100938676,0.9372857142857142,0.7104761904761904,0.6113909714063543,0.5086262965083735,73.68432503582267,高忠诚度
CUST_000026,17,2332.9100000000003,137.23000000000002,2025-11-21,2023-02-03,0.0,0.29411764705882354,0.5311186411322782,0.7644012115381643,0.07703529411764706,0.3363,0.29411764705882354,5,143.5370588235294,2440.13,107.24000000000001,40,1022,1,0.15621136503890537,0.04393047482108696,0.22482388574651893,1.0458835530714763,4,3,5,2,1,2,1.0,3.0,1.0,0.0,0.0,38,Female,Family,Hybrid,South,0.45756507965753934,0.5311186411322782,0.7644012115381643,8.333333333333334,3.6666666666666665,4.0,4.0,3,promoter,0.0,0.0,0.0,0.0,0.0,10.0,74.3,0.0,2.0,3.0,3.0,2.0,1,1,-0.6727768068447012,-0.47258908264004507,中,-0.031939877876937514,0.5311186411322782,0.7644012115381643,0,0,0.0,0.0,0.0,0,0,0,438.11544047013047,6,Beauty,Medium Cycle,0.6858400780664333,63.875,0.6322640186602912,0.7289523809523809,1.0,0.4115492802988682,0.5067195047311608,65.96576185906869,中忠诚度
CUST_000027,21,2068.9,98.51904761904763,2025-12-08,2023-01-21,0.047619047619047616,0.5238095238095238,0.4820242973820013,0.8028848164506335,0.1207857142857143,0.4174,0.5238095238095238,11,112.31952380952382,2358.71,289.8,23,1052,1,0.2524889176762864,0.12281170143788855,0.42055871337890327,1.1399635592114483,3,5,4,4,4,1,0.0,3.0,3.0,1.0,4.0,50,Male,Family,Online,South,0.3748987120830798,0.4820242973820013,0.8028848164506335,7.0,3.0,3.0,3.0,1,passive,2.0,0.0,6.0,2.0,0.0,7.0,46.0,0.0,1.0,3.0,2.0,1.0,0,0,0.5327929752560469,5.027437748032457,低,1.260091643028584,0.4820242973820013,0.8028848164506335,0,0,0.0,0.0,0.0,0,0,0,378.3554667547274,6,Beauty,Short Cycle,0.725804854657461,52.6,0.6923722523163858,0.5177142857142858,0.7942857142857143,0.3222893873514684,0.4150306600867001,56.68811113820696,中忠诚度
CUST_000028,32,3496.65,109.2703125,2025-12-19,2023-02-13,0.0625,0.375,0.12649685666273983,0.7606711337171326,0.101328125,0.5235,0.375,12,117.65187499999999,3764.8599999999997,268.2,12,1040,1,0.04743632124852744,0.07121879198908085,0.2852516751439247,1.0766063191848942,3,11,5,7,3,3,1.0,2.0,6.0,3.0,0.0,29,Female,Family,Hybrid,East,0.6033002883680049,0.12649685666273983,0.7606711337171326,10.0,5.0,5.0,5.0,2,promoter,1.0,0.0,4.0,1.0,0.0,11.0,84.45454545454545,1.0,3.0,6.0,1.0,0.0,1,2,3.344130652710857,-0.3300797399207084,高,-0.8151338952309826,0.12649685666273983,0.7606711337171326,0,0,0.0,0.0,0.0,0,0,1,378.3554667547274,6,Beauty,Short Cycle,0.6689146955800738,33.54838709677419,0.7710093808420533,0.9999999999999999,0.8828571428571429,0.47775089650487956,0.4310994610986453,75.0058939321716,高忠诚度
CUST_000029,12,2250.36,187.53,2025-04-12,2023-02-04,0.08333333333333333,0.16666666666666666,0.2526083905536553,0.16249099667821862,0.0631,0.4607,0.16666666666666666,2,202.46333333333334,2429.56,179.20000000000002,263,798,1,0.04210139842560921,0.07372786518333224,0.0270818327797031,1.0795741352955814,1,3,5,1,1,1,0.0,1.0,1.0,0.0,0.0,39,Female,High Net Worth,Online,North,0.1398130599924416,0.2526083905536553,0.16249099667821862,4.5,2.0,2.5,2.0,2,detractor,2.0,0.0,7.5,2.0,0.0,1.0,0.0,0.0,0.0,0.0,0.0,1.0,-1,1,-6.752689041890883,1.1831367623040703,中,-0.9646836241328568,0.2526083905536553,0.16249099667821862,0,0,0.0,0.0,0.0,0,0,1,438.11544047013047,6,Beauty,Medium Cycle,5.630394793088023e-05,72.54545454545455,0.2299749282478766,0.22764285714285712,0.7728571428571428,0.05105263157894736,0.4961769269192024,32.39161979633711,低忠诚度
CUST_000030,24,3503.1,145.9625,2025-11-02,2023-02-07,0.125,0.08333333333333333,0.2326023900631781,0.5577552489794906,0.015720833333333333,0.2408,0.08333333333333333,2,148.02291666666667,3552.55,49.46,59,999,1,0.01938353250526484,0.013918475890306876,0.046479604081624215,1.014046595534547,4,5,7,2,4,2,0.0,0.0,1.0,1.0,0.0,61,Female,Family,Online,West,0.45949389393491713,0.23260239006317812,0.5577552489794906,8.0,4.0,4.5,3.0,2,passive,0.0,0.0,0.0,0.0,0.0,8.0,77.625,1.0,1.0,4.0,2.0,0.0,0,1,-3.010980017085652,-3.8828176744350626,中,-0.6464628457675966,0.2326023900631781,0.5577552489794906,0,0,0.0,0.0,0.0,0,0,1,438.11544047013047,6,Beauty,Medium Cycle,0.37615206199430495,43.43478260869565,0.6043564896792601,0.7106428571428571,1.0,0.383332326118009,0.5083691182755026,64.2722877848519,中忠诚度
CUST_000031,21,2510.9700000000003,119.57000000000001,2025-12-24,2023-02-14,0.047619047619047616,0.23809523809523808,0.07160488626408137,0.5801857388729785,0.053904761904761914,0.2857,0.23809523809523808,5,126.28142857142856,2651.91,140.93,7,1044,1,0.0170487824438289,0.053122797230211356,0.13813946163642346,1.0560413829355122,2,7,5,2,2,3,0.0,2.0,0.0,3.0,0.0,42,Female,Family,Hybrid,West,0.4510847174833744,0.07160488626408137,0.5801857388729785,7.0,3.0,4.0,3.0,2,promoter,2.0,0.0,7.5,2.0,0.0,5.0,57.2,1.0,1.0,2.0,1.0,0.0,1,1,-2.260441896189927,-0.8835243638144568,中,0.25818108813491264,0.07160488626408137,0.5801857388729785,0,0,0.0,0.0,0.0,0,0,1,378.3554667547274,6,Beauty,Short Cycle,0.8202928999034611,52.2,0.7205049736118554,0.5627142857142857,0.7728571428571428,0.3491462476650917,0.48632740026448495,59.807968213013595,中忠诚度
CUST_000032,16,2188.07,136.754375,2025-09-01,2023-02-28,0.125,0.3125,0.14824473343112965,0.9515043622424871,0.068825,0.3584,0.3125,5,144.905,2318.48,130.39,121,916,1,0.046326479197228015,0.056215186162415706,0.2973451132007772,1.0595229934696078,1,2,4,3,4,2,1.0,1.0,1.0,2.0,0.0,66,Male,Student,Store,North,0.47703610287440623,0.14824473343112965,0.9515043622424871,7.5,3.5,4.0,3.5,2,promoter,1.0,1.0,0.0,1.0,1.0,6.0,155.5,1.0,2.0,3.0,0.0,0.0,1,1,-2.1248137084216228,0.8097582731872273,中,0.8343202883625128,0.14824473343112965,0.9515043622424871,0,0,0.0,0.0,0.0,0,0,1,438.11544047013047,6,Beauty,Medium Cycle,0.1121416421823016,61.06666666666667,0.42040658865662134,0.6429285714285714,0.64,0.406242720580156,0.45753897354902767,51.24213735735068,中忠诚度
CUST_000033,24,3194.35,133.09791666666666,2025-11-17,2023-02-11,0.08333333333333333,0.4166666666666667,0.17367247078030398,0.6728971749557214,0.1144875,0.5331,0.4166666666666667,10,147.85999999999999,3548.64,354.28,44,1010,1,0.07236352949179332,0.09980730440269998,0.2803738228982173,1.1108279935766405,3,8,6,1,3,3,1.0,3.0,4.0,2.0,0.0,44,Male,Family,Store,North,0.6095701512369505,0.17367247078030398,0.6728971749557214,7.666666666666667,4.0,4.0,4.333333333333333,3,promoter,1.0,0.0,5.0,1.0,0.0,11.0,165.72727272727272,0.0,6.0,4.0,1.0,0.0,1,2,2.2320376720503408,1.4391046559160403,高,-0.32817753866845994,0.17367247078030398,0.6728971749557214,0,0,0.0,0.0,0.0,0,0,1,378.3554667547274,6,Beauty,Short Cycle,0.4992966079512846,43.91304347826087,0.643021223578278,0.711,0.8685714285714285,0.5271397748499166,0.45133738040957394,64.77136546481212,中忠诚度
CUST_000034,22,2142.08,97.36727272727272,2025-07-13,2023-03-27,0.0,0.3181818181818182,0.3120180046893607,0.7004744921476913,0.10834545454545454,0.5564,0.3181818181818182,7,108.3409090909091,2383.5,241.44,171,839,1,0.09927845603752386,0.10125393164185363,0.22287824750153815,1.112589273211035,1,15,3,1,1,1,0.0,1.0,3.0,0.0,3.0,59,Male,Young Professional,Store,North,0.24362263685686988,0.3120180046893607,0.7004744921476913,7.0,3.0,3.5,3.5,2,passive,0.0,0.0,0.0,0.0,0.0,7.0,134.0,1.0,2.0,1.0,2.0,1.0,0,0,-1.2787094194897926,2.997239592989995,低,-0.7633999269094897,0.3120180046893607,0.7004744921476913,0,0,0.0,0.0,0.0,0,0,0,378.3554667547274,6,Beauty,Short Cycle,0.003940324575958498,39.95238095238095,0.38692210324172904,0.5577142857142857,1.0,0.4604611738113551,0.4000955622052373,53.4588712803579,中忠诚度
CUST_000035,40,5172.65,129.31625,2025-12-30,2023-01-09,0.0,0.2,0.5446957759720279,0.5699004462775896,0.0668825,0.5962,0.2,8,138.371,5534.84,362.17,1,1086,1,0.10893915519440558,0.06542277233446053,0.11398008925551793,1.0699374643585506,7,7,9,4,8,5,2.0,1.0,3.0,1.0,1.0,45,Female,Family,Store,South,0.8692913414666031,0.5446957759720279,0.5699004462775896,10.0,5.0,5.0,5.0,1,promoter,0.0,0.0,0.0,0.0,0.0,15.0,80.13333333333334,1.0,3.0,9.0,2.0,0.0,1,2,4.388733282299438,-3.4086385874380274,高,12.012106839740389,0.5446957759720279,0.5699004462775896,0,0,0.0,0.0,0.0,0,0,0,438.11544047013047,6,Beauty,Medium Cycle,0.7068950641390643,27.846153846153847,0.8621477466779419,0.9999999999999999,1.0,0.5359147346445445,0.7117696562346861,84.57969826352671,高忠诚度
CUST_000036,30,2270.67,75.68900000000001,2025-11-09,2023-01-17,0.0,0.4,0.2559203188872047,0.8498931236815195,0.10099333333333332,0.5546,0.4,12,84.50933333333334,2535.28,264.61,52,1027,1,0.10236812755488188,0.10432996356869115,0.3399572494726078,1.1163863899567146,7,7,2,8,3,3,2.0,2.0,3.0,2.0,3.0,33,Male,Young Professional,Online,South,0.7400826456264682,0.2559203188872047,0.8498931236815195,10.0,5.0,4.5,5.0,2,promoter,1.0,1.0,0.0,1.0,1.0,13.0,3.3076923076923075,0.0,1.0,5.0,7.0,0.0,1,2,3.5471725105414005,1.5323370344816256,高,-0.48415048017907436,0.2559203188872047,0.8498931236815195,0,0,0.0,0.0,0.0,0,0,1,498.32680731697,6,Beauty,Long Cycle,0.3683206710071999,35.41379310344828,0.6626542165004348,0.9774999999999999,0.64,0.384296062140255,0.3744595396587878,65.29846052199866,中忠诚度
CUST_000037,18,3092.7599999999998,171.82,2025-11-28,2023-02-24,0.0,0.3888888888888889,0.34455929640916183,0.7337519140860875,0.10854444444444444,0.4874,0.3888888888888889,7,190.96444444444444,3437.36,344.63,33,1008,1,0.13399528193689628,0.10023092404518433,0.28534796658903405,1.111356832010967,0,5,7,3,1,2,0.0,2.0,2.0,2.0,1.0,32,Male,Young Professional,Hybrid,South,0.5881414387471137,0.34455929640916183,0.7337519140860875,10.0,5.0,5.0,5.0,2,promoter,0.0,0.0,0.0,0.0,0.0,13.0,119.23076923076923,0.0,6.0,3.0,3.0,1.0,1,2,3.082812129128277,0.23301203716513294,高,0.7807327858496523,0.34455929640916183,0.7337519140860875,0,0,0.0,0.0,0.0,0,0,0,438.11544047013047,5,Clothing,Medium Cycle,0.7030328488381411,59.294117647058826,0.6444683866187582,0.9999999999999999,1.0,0.5588520280949684,0.6154484554907466,76.94855885234847,高忠诚度
CUST_000038,11,1700.41,154.58272727272728,2025-10-28,2023-03-26,0.09090909090909091,0.36363636363636365,0.29442284543558056,0.5963498527799029,0.06742727272727272,0.2492,0.36363636363636365,4,163.48454545454544,1798.33,97.91999999999999,64,947,1,0.10706285288566567,0.05442025642878182,0.2168544919199647,1.057517700468092,0,0,4,4,2,1,1.0,0.0,2.0,1.0,0.0,64,Male,Family,Hybrid,Central,0.148778862217125,0.29442284543558056,0.5963498527799029,6.333333333333333,3.6666666666666665,3.0,2.6666666666666665,3,detractor,0.0,0.0,0.0,0.0,0.0,5.0,9.2,1.0,0.0,1.0,3.0,0.0,-1,1,-4.156915170678181,1.4715088320071874,中,-0.8585495014687021,0.29442284543558056,0.5963498527799029,0,0,0.0,0.0,0.0,0,0,1,438.11544047013047,4,Electronics,Medium Cycle,0.7331861137496772,94.7,0.5559231930864502,0.49442857142857144,1.0,0.24910449401164705,0.38361735625550847,53.529237832315125,中忠诚度
CUST_000039,33,3208.42,97.2248484848485,2025-12-20,2023-01-28,0.06060606060606061,0.42424242424242425,0.3585542446043856,0.7423159258704851,0.12973636363636362,0.5566,0.42424242424242425,14,106.35909090909091,3509.85,301.43,11,1057,1,0.15211392195337572,0.08585670136861444,0.3149219079450543,1.0938371640046745,7,9,4,3,4,6,4.0,2.0,5.0,2.0,1.0,68,Male,Family,Store,West,0.7542935593581711,0.3585542446043856,0.7423159258704851,9.666666666666666,5.0,4.666666666666667,4.666666666666667,3,promoter,3.0,0.0,7.333333333333333,3.0,0.0,15.0,147.33333333333334,2.0,5.0,4.0,4.0,0.0,1,2,4.754243844126127,0.9020375910950172,高,16.67198838896952,0.3585542446043856,0.7423159258704851,0,0,0.0,0.0,0.0,0,0,0,378.3554667547274,6,Beauty,Short Cycle,0.6724573679288686,33.03125,0.7851600969073074,0.9495238095238094,0.7152380952380951,0.6139731897593671,0.4828940948833014,74.4744788435259,高忠诚度
CUST_000040,22,1944.98,88.40818181818182,2025-12-19,2023-03-01,0.045454545454545456,0.3181818181818182,0.36640423819315304,0.6730001545657577,0.0992818181818182,0.5766,0.3181818181818182,7,96.94909090909091,2132.88,187.92,12,1024,1,0.11658316669782143,0.08806493336082628,0.21413641281637744,1.0964836520666255,3,8,2,4,3,2,2.0,1.0,4.0,0.0,0.0,61,Female,High Net Worth,Online,West,0.3371255089771354,0.36640423819315304,0.6730001545657577,8.0,3.0,5.0,2.0,1,passive,1.0,0.0,2.0,1.0,0.0,7.0,115.14285714285714,0.0,2.0,3.0,1.0,1.0,0,0,-0.738500114332487,2.0599483959862988,低,-0.5791329505899372,0.36640423819315304,0.6730001545657577,0,0,0.0,0.0,0.0,0,0,0,378.3554667547274,6,Beauty,Short Cycle,0.7719819532681138,48.76190476190476,0.7091938918111858,0.6441428571428571,0.9114285714285715,0.3868733420189304,0.35742308403390455,62.2152631451281,中忠诚度
CUST_000041,50,6225.39,124.5078,2025-12-11,2023-02-20,0.02,0.46,0.6516835140245576,0.8882778190723417,0.142752,0.6251,0.46,23,140.8844,7044.22,818.86,20,1025,1,0.2997744164512965,0.11622915962879796,0.4086077967732772,1.1314398423357945,7,16,10,5,10,2,6.0,3.0,8.0,3.0,3.0,72,Female,Family,Store,East,0.9277895561654708,0.6516835140245575,0.8882778190723417,10.0,5.0,5.0,5.0,2,promoter,0.0,0.0,0.0,0.0,0.0,9.0,73.77777777777777,1.0,2.0,4.0,2.0,0.0,1,2,8.298433647570295,1.8242899587780053,高,-0.4104481938887923,0.6516835140245576,0.8882778190723417,0,0,0.0,0.0,0.0,0,0,0,378.3554667547274,6,Beauty,Short Cycle,0.5074282558984904,20.918367346938776,0.8685712809686481,0.9999999999999999,1.0,0.42361193519637647,0.6225618412635373,81.74974507595815,高忠诚度
CUST_000042,16,1948.46,121.77875,2025-10-14,2023-01-01,0.0625,0.3125,0.3072400530163768,0.7671259721057853,0.08286875,0.3553,0.3125,5,130.630625,2090.09,141.62,78,1017,1,0.09601251656761775,0.06772544462457379,0.2397268662830579,1.0726000964785336,3,4,4,1,1,3,0.0,0.0,4.0,1.0,0.0,69,Male,Senior,Online,South,0.3416033388191895,0.3072400530163768,0.7671259721057853,10.0,4.0,5.0,5.0,1,promoter,0.0,0.0,0.0,0.0,0.0,5.0,131.0,0.0,2.0,1.0,2.0,0.0,1,0,-0.567465103062361,0.3340773818361084,低,-0.6490087747806305,0.3072400530163768,0.7671259721057853,0,0,0.0,0.0,0.0,0,0,0,378.3554667547274,6,Beauty,Short Cycle,0.4180765026479317,67.8,0.5420233900278761,0.9459999999999998,1.0,0.3499604439072629,0.3902385674084718,66.01368687057231,中忠诚度
CUST_000043,23,2873.41,124.93086956521738,2025-12-12,2023-01-12,0.13043478260869565,0.34782608695652173,0.6393893411569495,0.4690052748751427,0.07350869565217391,0.3904,0.34782608695652173,8,134.57782608695652,3095.29,221.85999999999999,19,1065,1,0.22239629257633023,0.07165349498916444,0.16313226952178878,1.0771321390292452,1,4,5,5,4,4,0.0,3.0,2.0,2.0,1.0,74,Male,Senior,Online,Central,0.3102699410713611,0.6393893411569495,0.4690052748751427,8.0,4.0,4.0,4.0,3,promoter,1.0,0.0,8.0,1.0,0.0,11.0,129.36363636363637,0.0,4.0,3.0,3.0,1.0,1,0,0.592279086735529,0.3648594787176823,低,0.5513077487166951,0.6393893411569495,0.4690052748751427,0,0,0.0,0.0,0.0,0,0,0,438.11544047013047,6,Beauty,Medium Cycle,0.7245136137619324,48.40909090909091,0.714338802870682,0.7231428571428571,0.8257142857142857,0.49650208268821616,0.4512845180452286,66.11124881140785,中忠诚度
CUST_000044,18,2620.66,145.5922222222222,2025-08-04,2023-03-28,0.05555555555555555,0.3888888888888889,0.3799468093894144,0.755281515317018,0.08677222222222222,0.3802,0.3888888888888889,7,152.30777777777777,2741.54,120.86,149,860,1,0.14775709254032782,0.04406863710283168,0.2937205892899515,1.0460539369057251,1,5,3,4,4,1,2.0,0.0,3.0,1.0,1.0,20,Female,Young Professional,Online,Central,0.48774968280532194,0.3799468093894144,0.755281515317018,7.0,4.0,3.0,3.0,1,passive,1.0,0.0,1.0,1.0,0.0,6.0,172.33333333333334,2.0,1.0,2.0,1.0,0.0,0,0,-1.920945912520315,1.5618299586138769,低,-0.8929617607473677,0.3799468093894144,0.755281515317018,0,0,0.0,0.0,0.0,0,0,0,378.3554667547274,6,Beauty,Short Cycle,0.02299900811024924,50.588235294117645,0.38162333375749224,0.5717142857142856,0.9257142857142857,0.44327125224334324,0.434367833242283,52.791857723580584,中忠诚度
CUST_000045,14,1410.91,100.77928571428572,2025-10-16,2023-01-27,0.07142857142857142,0.35714285714285715,0.35275970191007616,0.48118550241230107,0.07412857142857143,0.3683,0.35714285714285715,5,110.3142857142857,1544.3999999999999,133.49,76,993,1,0.1259856078250272,0.08637893102109488,0.17185196514725037,1.0945040926969276,3,4,2,3,0,2,1.0,1.0,2.0,0.0,1.0,54,Male,Senior,Store,West,0.2667589679643618,0.35275970191007616,0.48118550241230107,7.333333333333333,3.3333333333333335,4.0,4.666666666666667,3,passive,0.0,0.0,0.0,0.0,0.0,8.0,115.375,1.0,2.0,1.0,2.0,2.0,0,0,-1.5476755869293055,1.8248350879917885,低,0.21439999999999992,0.35275970191007616,0.48118550241230107,0,0,0.0,0.0,0.0,0,0,0,378.3554667547274,5,Beauty,Short Cycle,0.5031111272155986,76.38461538461539,0.5379431019050097,0.6628571428571428,1.0,0.4603443302933744,0.362696408863279,60.05533271592866,中忠诚度
CUST_000046,22,3934.32,178.83272727272728,2025-12-26,2023-02-21,0.0,0.3181818181818182,0.8127859171318602,0.5639038656297772,0.12741363636363637,0.6585,0.3181818181818182,7,204.8618181818182,4506.96,572.62,5,1039,1,0.2586137009055919,0.12702419719784558,0.1794239572458382,1.1454858763667417,0,4,9,3,5,1,1.0,1.0,3.0,1.0,1.0,68,Male,Young Professional,Hybrid,South,0.551182229346772,0.8127859171318603,0.5639038656297772,9.333333333333334,5.0,5.0,4.333333333333333,3,promoter,1.0,0.0,6.0,1.0,0.0,8.0,101.875,1.0,3.0,3.0,0.0,1.0,1,2,3.4679418360488206,0.9026257946438236,高,2.058216540890189,0.8127859171318602,0.5639038656297772,0,0,0.0,0.0,0.0,0,1,0,438.11544047013047,5,Clothing,Medium Cycle,0.8164199872558319,49.476190476190474,0.7274997671932165,0.9290476190476189,0.8542857142857143,0.455957587078343,0.6933339290754662,75.10484194857982,高忠诚度
CUST_000047,24,3972.53,165.52208333333334,2025-12-15,2023-02-06,0.0,0.25,0.6609433328257592,0.8134928131693723,0.07132083333333333,0.5216,0.25,6,175.97083333333333,4223.3,250.79,16,1043,1,0.1652358332064398,0.05936841606893449,0.20337320329234307,1.0630617931569157,1,5,7,3,6,2,2.0,1.0,3.0,0.0,0.0,24,Male,High Net Worth,Store,East,0.47897749265144185,0.6609433328257592,0.8134928131693722,10.0,5.0,4.666666666666667,4.666666666666667,3,promoter,1.0,0.0,11.0,1.0,0.0,3.0,0.0,0.0,0.0,1.0,2.0,0.0,1,2,0.7037602105614533,-1.4384395302338424,高,-0.3894607466584729,0.6609433328257592,0.8134928131693723,0,0,0.0,0.0,0.0,0,0,0,438.11544047013047,6,Beauty,Medium Cycle,0.7240986073562138,45.34782608695652,0.7178058605879102,0.9733333333333334,0.7828571428571428,0.1231578947368421,0.6202762138952579,68.76187792330929,中忠诚度
CUST_000048,23,2323.16,101.00695652173913,2025-11-13,2023-01-17,0.0,0.30434782608695654,0.06816203889879317,0.68663818134698,0.06136521739130435,0.2991,0.30434782608695654,7,104.40347826086955,2401.2799999999997,78.1,48,1031,1,0.020744968360502273,0.03251078142431357,0.20897683780125478,1.0335242899384087,5,6,3,5,3,1,3.0,1.0,1.0,1.0,1.0,38,Male,Young Professional,Store,South,0.5185437625175989,0.06816203889879317,0.68663818134698,10.0,5.0,4.0,3.0,1,promoter,1.0,0.0,10.0,1.0,0.0,10.0,144.4,2.0,3.0,2.0,2.0,1.0,1,1,-0.1540208397495448,-1.2334070384310734,中,-0.4886401271775849,0.06816203889879317,0.68663818134698,0,0,0.0,0.0,0.0,0,0,1,378.3554667547274,6,Beauty,Short Cycle,0.49080875332133467,46.86363636363637,0.6367603526268963,0.885,0.7971428571428572,0.5458185913635865,0.4310291619718542,67.83766973598135,中忠诚度
CUST_000049,15,1863.43,124.22866666666667,2025-09-13,2023-07-07,0.06666666666666667,0.06666666666666667,0.4446092963022034,0.5528244965445773,0.033120000000000004,0.4968,0.06666666666666667,1,128.61666666666667,1929.25,65.82,109,799,1,0.029640619753480226,0.034099209946898065,0.036854966436305155,1.0352386267291986,0,9,4,0,1,1,0.0,0.0,1.0,0.0,0.0,26,Female,Family,Store,North,0.47657578119874067,0.44460929630220347,0.5528244965445773,10.0,5.0,5.0,5.0,1,promoter,0.0,0.0,0.0,0.0,0.0,6.0,151.0,2.0,1.0,3.0,0.0,0.0,1,1,-2.1429194156804994,-2.717544965337623,中,-0.619047619047619,0.4446092963022034,0.5528244965445773,0,0,0.0,0.0,0.0,0,0,0,378.3554667547274,4,Clothing,Short Cycle,0.14619079955557046,57.07142857142857,0.39409753467773445,0.9999999999999999,1.0,0.40436380617514556,0.437255875818479,64.4472212702364,中忠诚度
CUST_000050,34,3075.91,90.46794117647059,2025-12-20,2023-01-07,0.11764705882352941,0.3235294117647059,0.16219689800660922,0.3833431132159792,0.08748823529411764,0.5179,0.3235294117647059,11,96.33147058823529,3275.27,199.37,11,1078,1,0.05247546700213828,0.06085273802220208,0.1240227719228168,1.064695652173913,6,7,5,11,4,1,0.0,3.0,1.0,4.0,3.0,56,Female,Young Professional,Online,South,0.6318662028196513,0.16219689800660922,0.3833431132159792,7.0,3.0,3.0,4.0,1,passive,0.0,0.0,0.0,0.0,0.0,7.0,29.0,0.0,1.0,4.0,1.0,1.0,0,0,-0.21791720083465338,0.40389986547918005,低,0.21964796148638474,0.16219689800660922,0.3833431132159792,0,0,0.0,0.0,0.0,0,0,1,498.32680731697,6,Beauty,Long Cycle,0.6697839050305053,32.666666666666664,0.7985078332682032,0.5527142857142857,1.0,0.3151912662658734,0.41040264502655943,63.65700081028973,中忠诚度
CUST_000051,27,2330.77,86.32481481481481,2025-12-11,2023-03-11,0.07407407407407407,0.3333333333333333,0.41821783843593185,0.6732937851212552,0.09887777777777777,0.5917,0.3333333333333333,9,94.71851851851852,2557.4,226.59,20,1006,1,0.1394059461453106,0.0885670731707317,0.22443126170708505,1.0971068707529685,6,9,1,4,4,3,1.0,1.0,5.0,1.0,1.0,35,Male,High Net Worth,Online,North,0.45360513839368843,0.41821783843593185,0.6732937851212552,9.0,4.666666666666667,4.666666666666667,4.0,3,promoter,2.0,1.0,11.0,2.0,0.5,8.0,79.0,1.0,1.0,3.0,1.0,2.0,1,0,1.303544366414372,1.3915142052851248,低,-0.7908000695208852,0.41821783843593185,0.6732937851212552,0,0,0.0,0.0,0.0,0,0,0,378.3554667547274,6,Beauty,Short Cycle,0.6476590379321424,38.69230769230769,0.7122052926725362,0.8605714285714285,0.5228571428571428,0.41390643885287326,0.341906337144524,62.0604932772799,中忠诚度
CUST_000052,38,3040.45,80.01184210526316,2025-12-27,2023-02-15,0.0,0.2631578947368421,0.21748755721127663,0.5073092946054317,0.05952105263157895,0.4253,0.2631578947368421,10,86.8807894736842,3301.47,261.04,4,1046,1,0.05723356768717806,0.07904386716609084,0.13350244594879782,1.0857134400805042,9,13,4,6,6,0,3.0,1.0,2.0,2.0,2.0,21,Male,Family,Hybrid,North,0.8075014712540832,0.2174875572112766,0.5073092946054317,10.0,5.0,5.0,5.0,3,promoter,1.0,0.0,3.0,1.0,0.0,9.0,200.55555555555554,0.0,5.0,3.0,1.0,0.0,1,2,2.6992303973884857,-1.3472240119598022,高,-0.706035449854162,0.21748755721127663,0.5073092946054317,0,0,0.0,0.0,0.0,0,0,1,378.3554667547274,5,Beauty,Short Cycle,0.6886783578923763,28.27027027027027,0.8291533128385014,0.9999999999999999,0.8971428571428571,0.5021018447301273,0.4358853840597924,77.40155067414669,高忠诚度
CUST_000053,18,1781.0,98.94444444444444,2025-08-30,2023-02-20,0.05555555555555555,0.2777777777777778,0.4299711420598287,0.5703471148394912,0.058511111111111104,0.471,0.2777777777777778,5,103.35833333333333,1860.45,79.44,123,922,1,0.11943642834995243,0.042676408176421606,0.15842975412208088,1.0445042050775328,2,4,3,4,3,2,1.0,2.0,1.0,1.0,0.0,42,Female,Senior,Online,East,0.4136794422422366,0.4299711420598287,0.5703471148394912,7.5,3.5,3.5,3.5,2,detractor,1.0,0.0,8.0,1.0,0.0,6.0,43.0,0.0,1.0,3.0,1.0,1.0,-1,1,-2.9299198918942215,0.8187565617301986,中,-0.26972477064220174,0.4299711420598287,0.5703471148394912,0,0,0.0,0.0,0.0,0,0,0,378.3554667547274,6,Beauty,Short Cycle,0.0816160270502504,54.23529411764706,0.43015612052707597,0.6204285714285714,0.8257142857142857,0.3059365271215617,0.38076948296021945,51.10170233846757,中忠诚度
CUST_000054,34,3244.96,95.44,2025-12-22,2023-01-23,0.0,0.5,0.8054174150123428,0.8734479328266022,0.1923470588235294,0.6707,0.5,17,114.98117647058824,3909.36,664.43,9,1064,1,0.4027087075061714,0.16991530191593612,0.4367239664133011,1.2046220688380118,7,8,6,7,4,2,2.0,3.0,9.0,1.0,2.0,31,Female,Young Professional,Hybrid,West,0.7402112102984061,0.8054174150123428,0.8734479328266022,9.5,5.0,4.5,4.5,2,promoter,0.0,0.0,0.0,0.0,0.0,11.0,37.72727272727273,0.0,1.0,6.0,2.0,2.0,1,2,7.049095295385263,5.268188759693618,高,-0.7913551274354637,0.8054174150123428,0.8734479328266022,0,0,0.0,0.0,0.0,0,1,0,378.3554667547274,6,Beauty,Short Cycle,0.6812749021521075,32.24242424242424,0.7981813519558655,0.9242857142857142,1.0,0.39005873480436715,0.415964539560022,74.14293253128466,高忠诚度
CUST_000055,43,5221.21,121.42348837209302,2025-12-08,2023-01-17,0.023255813953488372,0.3488372093023256,0.5118219363462427,0.32476041603874645,0.09656279069767441,0.5005,0.3488372093023256,15,129.18906976744185,5555.13,333.92,23,1056,1,0.17854253593473585,0.06009938572351619,0.11328851722281853,1.0638669077148175,5,13,8,7,4,6,4.0,7.0,1.0,3.0,0.0,67,Female,Student,Store,South,0.8351209131140997,0.5118219363462427,0.32476041603874645,10.0,5.0,5.0,5.0,1,promoter,4.0,1.0,7.333333333333333,4.0,0.25,15.0,125.73333333333333,4.0,1.0,2.0,6.0,2.0,1,2,5.108191878136527,-1.8271297382101244,高,-0.27341286901691025,0.5118219363462427,0.32476041603874645,0,0,0.0,0.0,0.0,0,0,0,378.3554667547274,6,Beauty,Short Cycle,0.5173281465515649,25.142857142857142,0.8229508125039919,0.9999999999999999,0.5052380952380953,0.6016210672819837,0.5940745185539497,75.20252959123019,高忠诚度
CUST_000056,17,2003.82,117.87176470588236,2025-11-19,2023-03-21,0.11764705882352941,0.11764705882352941,0.287307498566976,0.4761337299569805,0.027329411764705883,0.317,0.11764705882352941,2,123.79176470588236,2104.46,100.63999999999999,42,974,1,0.033800882184350116,0.04779953074387544,0.05601573293611535,1.0501349807134766,2,4,3,1,5,2,0.0,0.0,2.0,0.0,0.0,26,Female,Young Professional,Store,North,0.3193132424814279,0.287307498566976,0.47613372995698044,5.5,3.0,3.5,2.5,2,detractor,1.0,0.0,7.0,1.0,0.0,6.0,51.666666666666664,1.0,0.0,4.0,0.0,1.0,-1,1,-4.806928508823852,-0.9918075254108208,中,-0.10742951224531794,0.287307498566976,0.4761337299569805,0,0,0.0,0.0,0.0,0,0,1,513.7160654092345,6,Beauty,Long Cycle,0.649033451378875,60.875,0.6095041182454843,0.41557142857142854,0.84,0.279555177086767,0.41817341730080926,51.74033817746388,中忠诚度
CUST_000057,14,1452.49,103.74928571428572,2025-12-14,2023-01-14,0.0,0.42857142857142855,0.28870762484772666,0.8628355821630626,0.09506428571428573,0.3481,0.42857142857142855,6,111.29857142857144,1558.18,105.69,17,1065,1,0.12373183922045428,0.0677856309085545,0.3697866780698839,1.0726613108637437,2,4,2,3,3,0,1.0,2.0,2.0,1.0,0.0,43,Male,High Net Worth,Store,South,0.17313559973184353,0.2887076248477267,0.8628355821630626,8.0,3.5,4.0,2.5,2,passive,3.0,2.0,13.0,3.0,0.6666666666666666,3.0,37.333333333333336,0.0,1.0,1.0,1.0,0.0,0,0,-2.3189189055427932,2.9673606113572557,低,3.1137053467195894,0.28870762484772666,0.8628355821630626,0,0,0.0,0.0,0.0,0,0,1,378.3554667547274,5,Beauty,Short Cycle,0.9059783982503756,81.92307692307692,0.6820768464735729,0.6436428571428572,0.3009523809523809,0.2520792586895213,0.44078640377712375,51.460647474064004,中忠诚度
CUST_000058,47,6324.04,134.5540425531915,2025-12-28,2023-01-07,0.02127659574468085,0.3617021276595745,0.6536705271303919,0.4762078400569624,0.11345531914893617,0.6579,0.3617021276595745,17,146.00829787234042,6862.39,538.3199999999999,3,1086,1,0.23643402045141834,0.07843354377355795,0.17224538895677363,1.0850469048195037,4,11,16,6,8,2,3.0,4.0,6.0,4.0,0.0,70,Male,Young Professional,Store,West,0.8336399060625599,0.6536705271303919,0.4762078400569624,10.0,5.0,5.0,5.0,2,promoter,2.0,0.0,10.5,2.0,0.0,11.0,34.27272727272727,2.0,0.0,4.0,1.0,4.0,1,2,6.34814741023561,-1.0682848977509092,高,1.4333734892939032,0.6536705271303919,0.4762078400569624,0,0,0.0,0.0,0.0,0,0,0,438.11544047013047,6,Beauty,Medium Cycle,0.6619770752889771,23.608695652173914,0.9061635066471667,0.9999999999999999,0.73,0.4113436085944602,0.7316234476064656,80.27941104242889,高忠诚度
CUST_000059,12,1771.7,147.64166666666668,2025-12-11,2023-03-20,0.0,0.25,0.5142701715046041,0.3850463931238986,0.07569166666666667,0.3406,0.25,3,163.89166666666665,1966.6999999999998,195.0,20,997,1,0.12856754287615102,0.09910047263302334,0.09626159828097465,1.1099885992933818,1,2,3,1,4,1,0.0,1.0,2.0,0.0,0.0,19,Female,Young Professional,Hybrid,West,0.4320268908172819,0.5142701715046041,0.38504639312389866,10.0,5.0,5.0,5.0,1,promoter,3.0,1.0,7.5,3.0,0.3333333333333333,6.0,213.83333333333334,2.0,1.0,2.0,1.0,0.0,1,1,-0.2524800946579816,-0.3320230074582088,中,4.891218666246256,0.5142701715046041,0.3850463931238986,0,0,0.0,0.0,0.0,0,0,0,513.7160654092345,6,Beauty,Long Cycle,0.9239614775151742,90.63636363636364,0.6481828348527086,0.9999999999999999,0.5461904761904761,0.4605990184228839,0.5534521984639998,67.84911044174166,中忠诚度
CUST_000060,19,2678.13,140.9542105263158,2025-11-07,2023-08-05,0.05263157894736842,0.42105263157894735,0.6844425924935569,0.4993308458394682,0.13027368421052632,0.6231,0.42105263157894735,8,159.50105263157894,3030.52,352.41,54,825,1,0.2881863547341292,0.11624861455639417,0.21024456666924976,1.1315003434989097,1,5,4,2,5,2,1.0,1.0,4.0,1.0,1.0,37,Male,Young Professional,Hybrid,Central,0.5280741854585487,0.6844425924935569,0.4993308458394682,8.666666666666666,4.666666666666667,4.666666666666667,4.333333333333333,3,promoter,1.0,0.0,9.0,1.0,0.0,10.0,17.8,0.0,2.0,4.0,3.0,1.0,1,0,2.3035390611668816,2.596788877341353,低,12.631844380403459,0.6844425924935569,0.4993308458394682,0,0,0.0,0.0,0.0,0,0,0,378.3554667547274,6,Beauty,Short Cycle,0.43424038223700867,45.833333333333336,0.5301165862530806,0.8484285714285714,0.8114285714285714,0.3879584661026261,0.5220691396424052,62.93605453091074,中忠诚度
CUST_000061,17,2326.79,136.87,2025-11-26,2023-01-25,0.058823529411764705,0.35294117647058826,0.5046507994145912,0.8215543786924372,0.07677058823529412,0.5309,0.35294117647058826,6,149.64705882352942,2544.0,217.2,35,1036,1,0.1781120468522087,0.08534381139489194,0.289960368950272,1.093271908412693,2,4,3,3,3,2,1.0,1.0,2.0,1.0,1.0,45,Female,Family,Store,West,0.3172685925558851,0.5046507994145912,0.8215543786924372,8.333333333333334,4.333333333333333,3.6666666666666665,4.666666666666667,3,passive,2.0,0.0,8.0,2.0,0.0,8.0,36.25,1.0,1.0,5.0,0.0,1.0,0,0,0.005642398307182823,1.2700945870962672,低,2.5880351573575275,0.5046507994145912,0.8215543786924372,0,0,0.0,0.0,0.0,0,0,0,378.3554667547274,6,Beauty,Short Cycle,0.7268172996671842,64.75,0.6481419471853076,0.7732857142857144,0.7657142857142857,0.3660567520052741,0.5080845800703464,63.37423553955068,中忠诚度
CUST_000062,9,1440.3999999999999,160.04444444444442,2025-12-20,2023-01-05,0.0,0.2222222222222222,0.39881523238357147,0.6356793291395235,0.04364444444444445,0.2021,0.2222222222222222,2,163.70333333333332,1473.33,32.93,11,1080,1,0.08862560719634921,0.02233556937727646,0.14126207314211633,1.0227977979715237,0,0,3,2,2,2,1.0,0.0,0.0,0.0,1.0,64,Female,Senior,Online,East,0.3590160335523363,0.39881523238357147,0.6356793291395235,9.5,5.0,5.0,5.0,2,promoter,3.0,0.0,6.0,3.0,0.0,5.0,45.2,0.0,1.0,3.0,1.0,0.0,1,1,-2.1236330326644715,-2.5178174904760384,中,-0.7295567508681147,0.39881523238357147,0.6356793291395235,0,0,0.0,0.0,0.0,0,0,0,438.11544047013047,4,Electronics,Medium Cycle,0.994035578723619,135.0,0.6694951189112186,0.9642857142857141,0.7342857142857142,0.2641358092517305,0.471785167611966,66.24509679172056,中忠诚度
CUST_000063,47,6777.13,144.19425531914894,2025-12-09,2023-01-04,0.06382978723404255,0.2553191489361702,0.5550105353963177,0.47102014358679223,0.08116170212765958,0.6315,0.2553191489361702,12,149.81851063829788,7041.47,264.32,22,1070,1,0.141704817547996,0.03753228625752044,0.12026046219237248,1.038932660528801,8,12,13,3,4,7,0.0,6.0,2.0,2.0,2.0,24,Female,Young Professional,Store,North,0.8597940534704225,0.5550105353963177,0.47102014358679223,10.0,5.0,5.0,5.0,3,promoter,1.0,1.0,0.0,1.0,1.0,7.0,32.42857142857143,0.0,1.0,5.0,1.0,0.0,1,2,3.6527481701248763,-3.11464347597783,高,-0.24668922332623963,0.5550105353963177,0.47102014358679223,0,0,0.0,0.0,0.0,0,0,0,438.11544047013047,6,Beauty,Medium Cycle,0.5101980790699262,23.26086956521739,0.8574282209132369,0.9999999999999999,0.64,0.28662282009826234,0.6986624820061835,75.10212615896378,高忠诚度
CUST_000064,35,4913.64,140.3897142857143,2025-12-09,2023-04-11,0.02857142857142857,0.11428571428571428,0.8217040041484396,0.6792122789504154,0.026734285714285714,0.27,0.11428571428571428,4,144.05857142857144,5042.05,128.41,22,973,1,0.09390902904553595,0.025462765588284867,0.07762426045147604,1.0260602890929775,6,4,11,7,5,2,0.0,1.0,1.0,0.0,2.0,61,Male,Student,Hybrid,Central,0.793655766710111,0.8217040041484396,0.6792122789504154,10.0,5.0,5.0,5.0,2,promoter,1.0,0.0,3.0,1.0,0.0,11.0,115.72727272727273,2.0,3.0,4.0,1.0,1.0,1,2,1.1894212385696892,-4.94320380548507,高,-0.6116125267457694,0.8217040041484396,0.6792122789504154,0,0,0.0,0.0,0.0,0,1,0,438.11544047013047,6,Beauty,Medium Cycle,0.5533700345704637,28.61764705882353,0.7445316042614064,0.9999999999999999,0.8971428571428571,0.5435356754003057,0.6309357103442017,78.41016177115266,高忠诚度
CUST_000065,20,2754.34,137.717,2025-10-25,2023-02-13,0.05,0.3,0.3908047034068518,0.8496764724437658,0.10276,0.5152,0.3,6,143.5155,2870.31,115.97,67,985,1,0.11724141102205554,0.04038923000302998,0.2549029417331297,1.042028796096626,2,5,4,4,4,1,2.0,3.0,1.0,0.0,0.0,25,Female,Family,Online,East,0.546806940064163,0.3908047034068518,0.8496764724437657,9.0,5.0,4.0,5.0,1,promoter,1.0,0.0,9.0,1.0,0.0,6.0,223.66666666666666,0.0,4.0,1.0,0.0,1.0,1,0,0.1710304737441277,-0.2871666713845365,低,27.047404844290657,0.3908047034068518,0.8496764724437658,0,0,0.0,0.0,0.0,0,0,0,378.3554667547274,6,Beauty,Short Cycle,0.3792908812833927,51.8421052631579,0.5640230281632969,0.8835714285714286,0.8114285714285714,0.47637146101161043,0.5474077972662927,66.53809400478174,中忠诚度
CUST_000066,26,2750.68,105.7953846153846,2025-08-25,2023-01-19,0.038461538461538464,0.2692307692307692,0.26775149985769525,0.528957370680296,0.05083461538461538,0.3362,0.2692307692307692,7,109.66192307692307,2851.21,100.52,128,949,1,0.07208694226937949,0.03524284677495696,0.14241159979854123,1.0364493591281525,6,2,3,7,5,3,1.0,1.0,3.0,2.0,0.0,64,Male,Family,Store,South,0.4475445548012922,0.26775149985769525,0.528957370680296,8.333333333333334,4.333333333333333,4.333333333333333,3.6666666666666665,3,passive,0.0,0.0,0.0,0.0,0.0,6.0,154.5,1.0,1.0,1.0,2.0,1.0,0,1,-1.532826825987541,-0.6794680039977633,中,36.13736903376019,0.26775149985769525,0.528957370680296,0,0,0.0,0.0,0.0,0,0,1,498.32680731697,6,Beauty,Long Cycle,0.03395041641808716,37.96,0.48708134106916207,0.7682857142857143,1.0,0.42415851737904253,0.5167631273013492,62.9334077594236,中忠诚度
CUST_000067,25,3114.26,124.5704,2025-11-23,2023-01-11,0.0,0.32,0.26136880092009346,0.4221528830516985,0.10580400000000001,0.539,0.32,8,136.4744,3411.86,297.6,38,1047,1,0.0836380162944299,0.08719959213094004,0.13508892257654354,1.0954724820276704,3,11,6,2,3,0,1.0,1.0,2.0,2.0,2.0,52,Female,Family,Store,North,0.6500262334725758,0.26136880092009346,0.4221528830516985,9.0,4.0,4.5,5.0,2,passive,2.0,0.0,3.5,2.0,0.0,8.0,56.875,1.0,2.0,4.0,0.0,1.0,0,2,1.4193275305361737,0.11416659050941805,高,0.19551464541026128,0.26136880092009346,0.4221528830516985,0,0,0.0,0.0,0.0,0,0,1,378.3554667547274,5,Beauty,Short Cycle,0.5454022421652525,43.625,0.6751112022679447,0.8520714285714285,0.83,0.40591844302823865,0.5354422515904644,68.1255322016046,中忠诚度
CUST_000068,16,1996.28,124.7675,2025-12-27,2023-05-11,0.125,0.375,0.5152753040039416,0.7177146259186492,0.12161875000000001,0.5947,0.375,6,133.375,2134.0,137.73,4,961,1,0.19322823900147812,0.06451053864168618,0.26914298471949344,1.0689026467111458,1,3,3,3,3,3,1.0,2.0,3.0,0.0,0.0,31,Female,Family,Store,West,0.3664928081101798,0.5152753040039416,0.7177146259186492,7.0,3.5,3.5,4.0,2,passive,1.0,1.0,0.0,1.0,1.0,10.0,95.2,1.0,2.0,3.0,2.0,2.0,0,0,-0.7994104669265405,2.3204957631249665,低,-0.948345836920428,0.5152753040039416,0.7177146259186492,0,0,0.0,0.0,0.0,0,0,0,378.3554667547274,6,Beauty,Short Cycle,0.8883729317125666,64.06666666666666,0.6732718141658468,0.6022142857142857,0.64,0.4752757938688056,0.3285506475200718,56.91090818866571,中忠诚度
CUST_000069,25,4008.97,160.3588,2025-12-26,2023-01-09,0.08,0.28,0.3073364888989973,0.5504910113697399,0.060484,0.3076,0.28,7,168.1104,4202.76,193.79,5,1082,1,0.08605421689171924,0.04609920642472453,0.15413748318352719,1.0482737290545294,3,4,7,4,4,3,0.0,0.0,3.0,2.0,2.0,34,Male,Senior,Online,North,0.5750792035297724,0.3073364888989973,0.5504910113697399,9.666666666666666,5.0,4.666666666666667,4.0,3,promoter,0.0,0.0,0.0,0.0,0.0,5.0,66.8,1.0,0.0,4.0,0.0,0.0,1,1,0.3167020031527901,-2.189634742297341,中,0.28880672989337197,0.3073364888989973,0.5504910113697399,0,0,0.0,0.0,0.0,0,0,0,438.11544047013047,6,Beauty,Medium Cycle,0.7918151677716243,45.083333333333336,0.7584121366297083,0.926190476190476,1.0,0.24315459839578069,0.5912950018746568,73.4238700077097,高忠诚度
CUST_000070,16,1702.3700000000001,106.39812500000001,2025-09-12,2023-02-28,0.0,0.1875,0.34726193140439743,0.4171154958067052,0.04515,0.3452,0.1875,3,112.080625,1793.29,90.93,110,927,1,0.06511161213832452,0.05067742672589158,0.07820915546375723,1.053308899108973,1,6,2,2,1,4,2.0,0.0,0.0,0.0,1.0,53,Other,Young Professional,Store,South,0.2753640394760647,0.34726193140439743,0.4171154958067052,7.5,4.0,3.5,3.5,2,passive,0.0,0.0,0.0,0.0,0.0,6.0,124.33333333333333,0.0,2.0,2.0,1.0,1.0,0,1,-3.31303253145413,-0.3815521602038437,中,1.8251816505801977,0.34726193140439743,0.4171154958067052,0,0,0.0,0.0,0.0,0,0,0,378.3554667547274,6,Beauty,Short Cycle,0.16420776847369145,61.8,0.4419654652121167,0.6474285714285714,1.0,0.38156283192323187,0.5054190695937574,57.74940676483262,中忠诚度
CUST_000071,17,1970.52,115.91294117647058,2025-12-16,2023-03-19,0.11764705882352941,0.35294117647058826,0.6659228328142714,0.46943256376077114,0.07917058823529412,0.4204,0.35294117647058826,6,127.07411764705881,2160.2599999999998,189.75,15,1003,1,0.2350315880520958,0.08779600788428973,0.165682081327331,1.0961947338241935,4,1,3,4,3,2,1.0,4.0,1.0,0.0,0.0,67,Female,Young Professional,Hybrid,Central,0.24366914737766873,0.6659228328142714,0.46943256376077114,6.0,3.0,3.0,2.6666666666666665,3,passive,4.0,0.0,8.25,4.0,0.0,6.0,232.33333333333334,1.0,3.0,2.0,0.0,0.0,0,0,-2.1359055141858785,2.566512702996999,低,0.38888888888888895,0.6659228328142714,0.46943256376077114,0,0,0.0,0.0,0.0,0,0,0,489.87898021966913,6,Beauty,Long Cycle,0.8332076890457499,62.6875,0.67427786885723,0.43461904761904757,0.6421428571428572,0.47999011097681565,0.39180148622383293,53.80282907134567,中忠诚度
CUST_000072,26,2735.94,105.22846153846154,2025-09-23,2023-01-19,0.11538461538461539,0.34615384615384615,0.18761233801631624,0.43084738444208537,0.11561538461538462,0.5374,0.34615384615384615,9,116.33538461538463,3024.7200000000003,288.77,99,978,1,0.06494273239026331,0.09543844109831708,0.14913947922995263,1.1054455083692711,5,7,3,3,5,3,3.0,2.0,2.0,1.0,1.0,57,Male,High Net Worth,Online,Central,0.5712177558932243,0.18761233801631624,0.4308473844420854,8.666666666666666,4.333333333333333,4.666666666666667,4.333333333333333,3,promoter,3.0,0.0,4.0,3.0,0.0,4.0,170.75,0.0,2.0,0.0,0.0,2.0,1,0,0.7425270082767378,1.4499521098525763,低,0.8000470108908565,0.18761233801631624,0.43084738444208537,0,0,0.0,0.0,0.0,0,0,1,378.3554667547274,6,Beauty,Short Cycle,0.11234794576950935,39.12,0.5321448367230196,0.8304285714285714,0.7628571428571428,0.34050488957257447,0.43973287221653173,59.8714829570986,中忠诚度
CUST_000073,12,1079.31,89.9425,2025-11-01,2023-01-09,0.0,0.0,0.38393782614359456,0.7262193087822094,0.0,0.0,0.0,0,89.9425,1079.31,0.0,60,1027,1,0.0,0.0,0.0,0.9998888302159472,3,3,1,2,1,2,0.0,0.0,0.0,0.0,0.0,21,Male,High Net Worth,Online,Central,0.5348188517183244,0.3839378261435945,0.7262193087822094,10.0,5.0,5.0,5.0,1,promoter,0.0,0.0,0.0,0.0,0.0,7.0,84.14285714285714,0.0,2.0,2.0,1.0,2.0,1,1,-3.274483938554447,-4.696535568272198,中,2.0147551978537894,0.38393782614359456,0.7262193087822094,0,0,0.0,0.0,0.0,0,0,0,489.87898021966913,6,Beauty,Long Cycle,0.7506339440460936,93.36363636363636,0.5933365242874042,0.9999999999999999,1.0,0.3739297094510807,0.48836815753515017,70.73456373341558,高忠诚度
CUST_000074,15,1587.97,105.86466666666666,2025-10-28,2023-01-25,0.06666666666666667,0.3333333333333333,0.6630114927229053,0.6522329666120112,0.08686666666666666,0.4336,0.3333333333333333,5,114.77466666666666,1721.62,133.64,64,1007,1,0.2210038309076351,0.07757950099267395,0.2174109888706704,1.0840616578092335,1,3,1,4,3,3,2.0,2.0,0.0,1.0,0.0,19,Male,Family,Hybrid,West,0.5074373970854665,0.6630114927229053,0.6522329666120112,6.0,3.0,3.5,3.5,2,detractor,1.0,0.0,4.0,1.0,0.0,10.0,54.5,0.0,1.0,5.0,2.0,2.0,-1,0,-1.7262990320859029,2.143699409533949,低,4.070152091254752,0.6630114927229053,0.6522329666120112,0,0,0.0,0.0,0.0,0,0,0,498.32680731697,6,Beauty,Long Cycle,0.5638591344558741,71.92857142857143,0.570610768803917,0.48628571428571427,0.8828571428571429,0.3782820569168223,0.42634102472633406,54.587669288764864,中忠诚度
CUST_000075,19,2341.4,123.23157894736842,2025-10-30,2023-02-15,0.15789473684210525,0.3684210526315789,0.4622734163992015,0.8921161807915653,0.08042631578947368,0.344,0.3684210526315789,7,133.9415789473684,2544.89,203.49,62,988,1,0.17031125867339,0.0799288264614732,0.32867438239689245,1.0868213478875464,1,6,3,2,6,1,1.0,3.0,2.0,1.0,0.0,23,Male,Family,Online,East,0.38429812656608053,0.4622734163992015,0.8921161807915653,8.333333333333334,4.0,4.333333333333333,4.333333333333333,3,passive,2.0,1.0,2.0,2.0,0.5,6.0,14.5,1.0,0.0,3.0,2.0,0.0,0,0,-0.7121964367115272,1.7566766173404804,低,-0.4240633044141482,0.4622734163992015,0.8921161807915653,0,0,0.0,0.0,0.0,0,0,0,378.3554667547274,6,Beauty,Short Cycle,0.44267682085179405,54.888888888888886,0.5734072480854608,0.7736190476190477,0.6514285714285715,0.26403673588982896,0.3504908493791844,55.53203598350378,中忠诚度
CUST_000076,14,2131.55,152.25357142857143,2025-11-29,2023-01-01,0.07142857142857142,0.2857142857142857,0.4226397448768634,0.8095981714171812,0.08007142857142857,0.3431,0.2857142857142857,4,164.54142857142855,2303.58,172.03,32,1063,1,0.12075421282196097,0.07464700726379644,0.23131376326205175,1.0806355520737068,4,2,6,0,2,0,1.0,1.0,1.0,0.0,1.0,71,Male,Senior,Hybrid,East,0.6252211123001634,0.4226397448768634,0.8095981714171812,9.0,4.666666666666667,4.333333333333333,4.333333333333333,3,promoter,1.0,0.0,11.0,1.0,0.0,11.0,108.0,2.0,2.0,3.0,2.0,2.0,1,0,0.35508865423102143,-0.6418148916172809,低,0.11800037539886139,0.4226397448768634,0.8095981714171812,0,0,0.0,0.0,0.0,0,0,0,438.11544047013047,4,Beauty,Medium Cycle,0.8435434446158876,81.76923076923077,0.6581703101088208,0.8572380952380952,0.7828571428571428,0.5175819839977626,0.48003253383451516,67.88313659455831,中忠诚度
CUST_000077,17,1643.54,96.67882352941176,2025-10-13,2023-01-21,0.058823529411764705,0.11764705882352941,0.5431273462513025,0.41476098459674715,0.041999999999999996,0.582,0.11764705882352941,2,99.7235294117647,1695.3,51.760000000000005,79,996,1,0.06389733485309441,0.03051347049460591,0.04879540995255849,1.031386315104246,4,7,1,2,2,1,1.0,0.0,0.0,1.0,0.0,59,Female,Family,Store,North,0.3921763954155282,0.5431273462513025,0.41476098459674715,8.5,4.0,4.0,5.0,2,passive,1.0,1.0,0.0,1.0,1.0,7.0,169.14285714285714,2.0,3.0,1.0,1.0,0.0,0,1,-2.5853794637252783,-1.3918876017669224,中,-0.8558157243479916,0.5431273462513025,0.41476098459674715,0,0,0.0,0.0,0.0,0,0,0,378.3554667547274,6,Beauty,Short Cycle,0.36706929353393647,62.25,0.532772531467463,0.7938571428571428,0.64,0.5165631720219128,0.37088956792663913,58.741395614680734,中忠诚度
CUST_000078,11,1656.81,150.61909090909091,2025-11-17,2023-05-18,0.09090909090909091,0.18181818181818182,0.41935384222897193,0.3483568325148787,0.02275454545454545,0.1585,0.18181818181818182,2,152.70545454545456,1679.76,22.950000000000003,44,914,1,0.07624615313254035,0.013654537233156431,0.06333760591179613,1.0137846124133936,2,2,4,2,0,1,1.0,0.0,1.0,0.0,0.0,21,Male,Young Professional,Online,West,0.10205755417124854,0.4193538422289719,0.3483568325148787,7.0,3.6666666666666665,3.6666666666666665,3.3333333333333335,3,passive,1.0,0.0,13.0,1.0,0.0,1.0,479.0,1.0,0.0,0.0,0.0,0.0,0,1,-5.508965542094113,-1.2547608221302096,中,-0.39864336029219927,0.41935384222897193,0.3483568325148787,0,0,0.0,0.0,0.0,0,0,0,438.11544047013047,5,Beauty,Medium Cycle,0.8317463952502698,91.4,0.5804930931827779,0.5953809523809523,0.7542857142857142,0.5010526315789474,0.4355305949920426,57.662350717857706,中忠诚度
CUST_000079,22,2679.77,121.80772727272728,2025-10-21,2023-02-27,0.045454545454545456,0.3181818181818182,0.33304985184388985,0.3646620470988605,0.08660454545454545,0.4258,0.3181818181818182,7,129.46772727272727,2848.29,168.53,71,967,1,0.10597040740487404,0.059148068466179295,0.11602883316781926,1.0627987417863498,0,6,4,3,4,5,2.0,0.0,2.0,3.0,0.0,71,Male,Young Professional,Hybrid,Central,0.45541999221701485,0.33304985184388985,0.3646620470988605,10.0,4.5,4.5,5.0,2,promoter,3.0,0.0,9.333333333333334,3.0,0.0,3.0,65.33333333333333,0.0,1.0,0.0,1.0,1.0,1,0,-0.24876067895495507,-0.17596461438141175,低,19.58974358974359,0.33304985184388985,0.3646620470988605,0,0,0.0,0.0,0.0,0,0,0,378.3554667547274,5,Clothing,Short Cycle,0.30645002740838423,46.04761904761905,0.5568876813939112,0.9504999999999999,0.6866666666666665,0.2637702816540307,0.5209340802626005,62.5396958705668,中忠诚度
CUST_000080,22,3248.59,147.6631818181818,2025-08-12,2023-03-19,0.09090909090909091,0.2727272727272727,0.0744987882994721,0.5200230335966181,0.05119545454545455,0.283,0.2727272727272727,6,157.16272727272727,3457.58,209.0,141,877,1,0.02031785135440148,0.06042942479283406,0.14182446370816856,1.0642604522886843,4,0,6,3,3,6,2.0,1.0,2.0,0.0,1.0,46,Female,Student,Store,Central,0.27871743778459457,0.0744987882994721,0.5200230335966181,10.0,5.0,4.0,4.0,1,promoter,3.0,0.0,8.333333333333334,3.0,0.0,6.0,296.3333333333333,1.0,4.0,0.0,0.0,1.0,1,1,-0.964297229135227,-0.9926790360615373,中,8.14080785201963,0.0744987882994721,0.5200230335966181,0,0,0.0,0.0,0.0,0,0,1,438.11544047013047,5,Beauty,Medium Cycle,0.02210120408877192,41.76190476190476,0.4232770913502334,0.9199999999999999,0.7009523809523809,0.5483791158480753,0.5652505176681952,62.91704295753677,中忠诚度
CUST_000081,29,2404.35,82.90862068965517,2025-11-23,2023-01-27,0.06896551724137931,0.3448275862068966,0.5529455067776378,0.7997507028436294,0.08721724137931035,0.4035,0.3448275862068966,10,90.72896551724138,2631.14,226.79,38,1031,1,0.190670864406082,0.08616183029778052,0.2757761044288377,1.0941928937387717,2,10,2,9,3,3,1.0,1.0,4.0,3.0,1.0,35,Male,Senior,Store,South,0.6761654491525263,0.5529455067776378,0.7997507028436294,10.0,5.0,5.0,5.0,3,promoter,3.0,0.0,6.666666666666667,3.0,0.0,12.0,72.91666666666667,0.0,4.0,7.0,0.0,1.0,1,2,2.9445690456453812,0.4575701003486855,高,5.030508474576272,0.5529455067776378,0.7997507028436294,0,0,0.0,0.0,0.0,0,0,0,378.3554667547274,6,Beauty,Short Cycle,0.4904674279751565,36.82142857142857,0.6905841877503389,0.9999999999999999,0.7247619047619046,0.4564102845841116,0.43250712945981196,69.92271541459759,中忠诚度
CUST_000082,48,6224.19,129.670625,2025-11-25,2023-03-05,0.020833333333333332,0.4375,0.12683504453818428,0.9368245841442547,0.10758958333333334,0.4435,0.4375,21,143.52145833333333,6889.03,664.85,36,996,1,0.055490331985455624,0.09649450002394765,0.40986075556311147,1.1067301559761402,8,14,12,8,1,5,4.0,3.0,10.0,2.0,2.0,43,Female,Young Professional,Online,South,0.8337762570742994,0.12683504453818428,0.9368245841442547,9.5,4.5,5.0,5.0,2,promoter,1.0,0.0,6.0,1.0,0.0,13.0,157.6153846153846,3.0,3.0,2.0,4.0,1.0,1,2,6.913182247719198,-0.05878701559638153,高,5.753499406880191,0.12683504453818428,0.9368245841442547,0,0,0.0,0.0,0.0,0,0,1,378.3554667547274,6,Beauty,Short Cycle,0.38198959074659466,21.19148936170213,0.8079370661829555,0.9372857142857142,0.8542857142857143,0.6048790073787327,0.7049057266993873,80.13131156808903,高忠诚度
CUST_000083,50,5891.24,117.8248,2025-12-13,2023-01-04,0.06,0.36,0.550981420302003,0.6446800428013839,0.09574400000000001,0.4245,0.36,18,126.4816,6324.08,432.81,18,1074,1,0.19835331130872108,0.06842759301068128,0.2320848154084982,1.0733806990804076,9,11,12,9,7,2,5.0,3.0,8.0,1.0,1.0,61,Male,Young Professional,Store,Central,0.8947707190912407,0.550981420302003,0.6446800428013839,9.333333333333334,4.666666666666667,4.666666666666667,4.666666666666667,3,promoter,2.0,1.0,5.0,2.0,0.5,5.0,182.4,1.0,2.0,1.0,1.0,0.0,1,2,4.389436594083848,-0.5290889806462873,高,2.6686200160864066,0.550981420302003,0.6446800428013839,0,0,0.0,0.0,0.0,0,0,0,438.11544047013047,6,Beauty,Medium Cycle,0.5316624099893015,21.918367346938776,0.8891073845385243,0.9077142857142857,0.6085714285714285,0.45142182177782664,0.6615786681470046,75.18965745645677,高忠诚度
CUST_000084,21,2168.96,103.28380952380952,2025-12-14,2023-02-13,0.0,0.19047619047619047,0.07172695124811075,0.4065527182457684,0.03126666666666667,0.3032,0.19047619047619047,4,107.29142857142857,2253.12,84.16,17,1035,1,0.013662276428211571,0.037336077937288166,0.07743861299919397,1.038701438799172,2,5,4,2,4,4,1.0,0.0,1.0,2.0,0.0,51,Male,Young Professional,Online,Central,0.4952437024937919,0.07172695124811075,0.4065527182457684,8.333333333333334,4.333333333333333,4.333333333333333,4.666666666666667,3,promoter,2.0,0.0,4.5,2.0,0.0,9.0,81.11111111111111,1.0,2.0,5.0,1.0,0.0,1,1,-1.1162544459551975,-2.532248359859267,中,-0.8316634742890822,0.07172695124811075,0.4065527182457684,0,0,0.0,0.0,0.0,0,0,1,378.3554667547274,6,Beauty,Short Cycle,0.759469201087277,51.75,0.6984985212528395,0.8032857142857144,0.8157142857142856,0.4266738697823194,0.4317335827776575,66.14892456884198,中忠诚度
CUST_000085,15,1953.04,130.20266666666666,2025-08-24,2023-02-04,0.0,0.06666666666666667,0.22314274567402578,0.7440340278792437,0.014126666666666668,0.2119,0.06666666666666667,1,132.52,1987.8,34.76,129,932,1,0.014876183044935052,0.01747787610619469,0.04960226852528291,1.0177197302873762,2,3,4,1,4,1,0.0,0.0,1.0,0.0,0.0,27,Female,Senior,Online,West,0.3196783204428613,0.22314274567402578,0.7440340278792437,7.0,4.0,3.0,3.0,1,passive,0.0,0.0,0.0,0.0,0.0,4.0,96.5,0.0,1.0,1.0,2.0,0.0,0,1,-5.256650364754622,-2.3441505918145085,中,2.0393036750483557,0.22314274567402578,0.7440340278792437,0,0,0.0,0.0,0.0,0,0,1,438.11544047013047,6,Beauty,Medium Cycle,0.10279038540272234,66.57142857142857,0.4096293754928161,0.5717142857142856,1.0,0.27700280188990223,0.5752789652709666,54.365964915054654,中忠诚度
CUST_000086,16,3023.5699999999997,188.97312499999998,2025-12-20,2023-02-21,0.0,0.25,0.47257639769643084,0.7777063469940407,0.07564375,0.4094,0.25,4,196.963125,3151.41,127.84,11,1033,1,0.11814409942410771,0.04055310064363456,0.19442658674851018,1.0422259924001152,2,2,7,1,4,0,1.0,1.0,1.0,1.0,0.0,53,Female,Young Professional,Hybrid,East,0.519609770458547,0.47257639769643084,0.7777063469940407,7.5,4.5,4.0,3.5,2,promoter,1.0,0.0,4.0,1.0,0.0,8.0,193.625,0.0,4.0,3.0,0.0,1.0,1,1,-0.8982139127475718,-1.5618603900033043,中,0.8188626257898433,0.47257639769643084,0.7777063469940407,0,0,0.0,0.0,0.0,0,0,0,438.11544047013047,5,Beauty,Medium Cycle,0.8796648649625607,68.86666666666666,0.6874026299057769,0.6969285714285715,0.8828571428571429,0.4642665641138336,0.665324935027327,68.23202281286214,中忠诚度
CUST_000087,20,1923.03,96.1515,2025-11-01,2023-05-02,0.0,0.35,0.34955716868668585,0.8718192339076006,0.11367500000000001,0.5237,0.35,7,106.7895,2135.79,212.77,60,914,1,0.12234500904034004,0.09957459553816707,0.3051367318676602,1.1105224024167677,0,9,0,1,7,3,1.0,0.0,2.0,1.0,3.0,31,Female,Young Professional,Online,South,0.542496857464231,0.34955716868668585,0.8718192339076006,8.0,4.0,4.333333333333333,4.333333333333333,3,passive,1.0,0.0,8.0,1.0,0.0,6.0,103.83333333333333,0.0,3.0,3.0,0.0,0.0,0,0,0.20321005296215178,2.4656108918926893,低,-0.05769930833636689,0.34955716868668585,0.8718192339076006,0,0,0.0,0.0,0.0,0,0,0,378.3554667547274,4,Clothing,Short Cycle,0.4047080204205513,48.10526315789474,0.5535247245752157,0.7498095238095238,0.8257142857142857,0.35466999963373985,0.4165482537258635,59.304967918602905,中忠诚度
CUST_000088,28,3747.03,133.82250000000002,2025-09-15,2023-01-07,0.10714285714285714,0.2857142857142857,0.3033502769772331,0.588588334296051,0.09128571428571429,0.4848,0.2857142857142857,8,142.91142857142856,4001.52,254.5,107,982,1,0.08667150770778088,0.06358494148686328,0.1681680955131574,1.0678379957889792,4,6,8,6,4,0,1.0,1.0,4.0,1.0,1.0,48,Female,Student,Store,East,0.5941224751137932,0.3033502769772331,0.588588334296051,10.0,5.0,5.0,4.0,2,promoter,1.0,1.0,0.0,1.0,1.0,5.0,59.6,0.0,1.0,4.0,0.0,0.0,1,2,0.7260535025842225,-0.5121681451275478,高,-0.6417480503056276,0.3033502769772331,0.588588334296051,0,0,0.0,0.0,0.0,0,0,0,438.11544047013047,5,Beauty,Medium Cycle,0.07605805593865966,36.370370370370374,0.5358248581892704,0.9649999999999999,0.64,0.24014833534776397,0.47541673289421754,60.53322176930782,中忠诚度
CUST_000089,37,4202.6,113.58378378378379,2025-12-11,2023-02-04,0.0,0.16216216216216217,0.8317295095988315,0.151233653480123,0.040432432432432434,0.4107,0.16216216216216217,6,119.00594594594595,4403.22,200.63,20,1041,1,0.13487505561062132,0.04555403681015026,0.024524376240019945,1.0476448796922175,10,9,7,5,3,3,2.0,2.0,1.0,1.0,0.0,65,Female,Young Professional,Online,West,0.7365338911495612,0.8317295095988315,0.151233653480123,9.666666666666666,4.666666666666667,4.666666666666667,5.0,3,promoter,1.0,0.0,9.0,1.0,0.0,10.0,109.5,0.0,4.0,3.0,3.0,0.0,1,2,1.6066906601294537,-3.4697615234102304,高,1.8696805743418998,0.8317295095988315,0.151233653480123,0,0,0.0,0.0,0.0,0,1,0,489.87898021966913,6,Beauty,Long Cycle,0.5717360126227582,28.916666666666668,0.7849728839930884,0.9431904761904761,0.8114285714285714,0.44624656631139425,0.6480695035345988,75.71511804367302,高忠诚度
CUST_000090,23,1841.9,80.08260869565218,2025-12-24,2023-05-10,0.043478260869565216,0.17391304347826086,0.6012270440078732,0.16884745155472125,0.04696521739130435,0.4503,0.17391304347826086,4,83.7704347826087,1926.72,84.82,7,959,1,0.10456122504484751,0.0440001659992115,0.02936477418342978,1.0459196690787294,7,5,3,6,0,2,1.0,1.0,1.0,1.0,0.0,32,Male,Senior,Hybrid,Central,0.38662453233262123,0.6012270440078732,0.16884745155472125,4.5,2.5,2.0,2.0,2,passive,3.0,1.0,9.0,3.0,0.3333333333333333,5.0,254.2,2.0,2.0,0.0,1.0,0.0,0,1,-4.4236201509869035,0.5411578713079818,中,-0.356275700019581,0.6012270440078732,0.16884745155472125,0,0,0.0,0.0,0.0,0,0,0,489.87898021966913,5,Beauty,Long Cycle,0.7709329115342274,43.59090909090909,0.7014792291679827,0.23214285714285712,0.5247619047619048,0.5014009449511043,0.38206131101230706,47.97131071449064,中忠诚度
CUST_000091,29,3820.26,131.73310344827587,2025-11-24,2023-04-14,0.06896551724137931,0.2413793103448276,0.08000105389196306,0.42157486879305983,0.06535172413793103,0.4935,0.2413793103448276,7,136.69034482758622,3964.02,143.75,37,955,1,0.01931059921530143,0.03625454600481208,0.10175945108797996,1.037552184894845,5,6,5,3,5,5,0.0,1.0,3.0,2.0,1.0,25,Male,Young Professional,Online,East,0.6272535338429205,0.08000105389196306,0.42157486879305983,8.0,4.5,4.5,3.5,2,passive,0.0,0.0,0.0,0.0,0.0,5.0,218.6,0.0,3.0,1.0,0.0,1.0,0,1,-0.7685632250562711,-1.5684086859201372,中,0.5883609183128671,0.08000105389196306,0.42157486879305983,0,0,0.0,0.0,0.0,0,0,1,378.3554667547274,6,Beauty,Short Cycle,0.47661305301994206,34.107142857142854,0.6664428328560832,0.7551428571428571,1.0,0.43653664432479944,0.5721450611076648,69.0020819957409,中忠诚度
CUST_000092,11,1394.49,126.77181818181818,2025-08-24,2023-03-30,0.0,0.18181818181818182,0.6980890776053044,0.5248767615764737,0.09818181818181819,0.5605,0.18181818181818182,2,131.62181818181818,1447.8400000000001,53.35,129,878,1,0.12692528683732807,0.03682256149747384,0.09543213846844976,1.0381758210239496,1,4,1,2,1,2,0.0,1.0,1.0,0.0,0.0,31,Female,Young Professional,Hybrid,Central,0.2870468677867217,0.6980890776053044,0.5248767615764737,7.333333333333333,3.6666666666666665,4.0,3.0,3,promoter,1.0,1.0,0.0,1.0,1.0,13.0,63.0,2.0,2.0,2.0,5.0,2.0,1,1,-2.383903443145065,-0.10901969886199955,中,1.5062920540346192,0.6980890776053044,0.5248767615764737,0,0,0.0,0.0,0.0,0,0,0,378.3554667547274,6,Beauty,Short Cycle,0.20175265314052093,87.8,0.3826130435106601,0.6225238095238095,0.64,0.5269120891195388,0.5189900096135769,52.33001802441177,中忠诚度
CUST_000093,22,2263.56,102.88909090909091,2025-12-26,2023-01-08,0.0,0.3181818181818182,0.49391993908878457,0.8270755165462923,0.08689090909090909,0.4028,0.3181818181818182,7,108.57772727272727,2388.71,125.14,5,1083,1,0.15715634425552236,0.05236618669210908,0.26316039162836574,1.0551864580480435,4,8,2,2,2,4,0.0,2.0,4.0,1.0,0.0,40,Female,Young Professional,Store,Central,0.4646011405274981,0.4939199390887846,0.8270755165462923,8.333333333333334,4.333333333333333,4.333333333333333,4.0,3,promoter,1.0,0.0,7.0,1.0,0.0,8.0,95.25,1.0,1.0,3.0,2.0,1.0,1,0,0.281389844393062,0.15582926564276825,低,-0.4030233884768968,0.49391993908878457,0.8270755165462923,0,0,0.0,0.0,0.0,0,0,0,378.3554667547274,6,Beauty,Short Cycle,0.8274890536801791,51.57142857142857,0.7425042781525046,0.779952380952381,0.84,0.42069140753763323,0.4321490575084701,67.1665448440762,中忠诚度
CUST_000094,50,5024.82,100.4964,2025-12-22,2023-01-05,0.02,0.24,0.2698997358245522,0.42667406281986575,0.06506,0.4797,0.24,12,103.9776,5198.88,174.06,9,1082,1,0.06477593659789252,0.033473849396524535,0.10240177507676777,1.0345371041048133,7,19,7,6,2,9,1.0,1.0,6.0,3.0,1.0,74,Other,Student,Online,North,0.9478110511642187,0.2698997358245522,0.4266740628198657,10.0,5.0,5.0,5.0,2,promoter,0.0,0.0,0.0,0.0,0.0,14.0,150.92857142857142,1.0,4.0,4.0,4.0,1.0,1,2,4.050998486771547,-3.7212046160411534,高,2.098215712383489,0.2698997358245522,0.42667406281986575,0,0,0.0,0.0,0.0,0,0,1,378.3554667547274,6,Beauty,Short Cycle,0.6045896810212076,22.081632653061224,0.9125213103136648,0.9999999999999999,1.0,0.5970407490542641,0.6433965618704441,85.98219897328056,高忠诚度
CUST_000095,18,1811.0,100.61111111111111,2025-10-25,2023-01-30,0.1111111111111111,0.6111111111111112,0.5501497447118708,0.833715195513866,0.16847777777777778,0.5938,0.6111111111111112,11,126.5488888888889,2277.88,466.87,67,999,1,0.3362026217683655,0.2048681808607737,0.5094926194806959,1.2576773153413796,1,7,3,3,4,0,3.0,2.0,4.0,0.0,2.0,57,Male,High Net Worth,Online,East,0.3157174719668682,0.5501497447118708,0.833715195513866,7.0,4.0,3.0,5.0,1,passive,0.0,0.0,0.0,0.0,0.0,6.0,143.83333333333334,0.0,3.0,1.0,1.0,1.0,0,0,2.8221030562711156,8.455503774273073,低,-0.028334376956794024,0.5501497447118708,0.833715195513866,0,0,0.0,0.0,0.0,0,0,0,378.3554667547274,5,Beauty,Short Cycle,0.43369287592320127,58.76470588235294,0.5634176389775635,0.6417142857142857,1.0,0.43137146101161045,0.2940312559501335,58.82642706661021,中忠诚度
CUST_000096,21,2748.69,130.89000000000001,2025-12-13,2023-06-12,0.0,0.38095238095238093,0.37030266860446626,0.7017430729538043,0.10245714285714287,0.5478,0.38095238095238093,8,142.3947619047619,2990.29,241.61,18,915,1,0.1410676832778919,0.08077117230358809,0.2673306944585921,1.0878133071410383,3,4,5,1,4,4,3.0,2.0,1.0,1.0,1.0,38,Male,Student,Online,East,0.6820270705716799,0.37030266860446626,0.7017430729538043,10.0,5.0,5.0,5.0,2,promoter,1.0,0.0,11.0,1.0,0.0,4.0,69.0,1.0,0.0,0.0,2.0,1.0,1,0,1.596203100258529,0.8461270612065803,低,-0.5921918827637529,0.37030266860446626,0.7017430729538043,0,0,0.0,0.0,0.0,0,0,0,438.11544047013047,6,Beauty,Medium Cycle,0.7131678453131044,45.75,0.6536319858151712,0.9999999999999999,0.7828571428571428,0.2655205471926162,0.47349336644538187,67.43702542188224,中忠诚度
CUST_000097,19,2844.44,149.70736842105262,2025-11-26,2023-01-10,0.05263157894736842,0.21052631578947367,0.5979214410270337,0.491092876781865,0.06939473684210526,0.4978,0.21052631578947367,4,158.88736842105263,3018.86,174.43,35,1051,1,0.12587819811095446,0.05776095580589829,0.10338797405933998,1.0612487388518015,2,3,9,3,2,0,1.0,0.0,2.0,1.0,0.0,33,Female,Family,Store,Central,0.4271285359573997,0.5979214410270337,0.491092876781865,7.5,4.5,3.5,2.5,2,promoter,1.0,1.0,0.0,1.0,1.0,7.0,73.57142857142857,0.0,2.0,2.0,3.0,0.0,1,1,-1.6307433145912043,-0.6852030408211308,中,1.8631252423419933,0.5979214410270337,0.491092876781865,0,0,0.0,0.0,0.0,0,0,0,438.11544047013047,5,Beauty,Medium Cycle,0.6823343926360661,58.388888888888886,0.6591613864509185,0.6394285714285715,0.64,0.3395157518012149,0.5847613834835648,59.22471290851353,中忠诚度
CUST_000098,40,3373.95,84.34875,2025-12-01,2023-02-26,0.0,0.525,0.19354354685944616,0.7338111062092928,0.15466,0.5456,0.525,21,97.143,3885.72,511.75,30,1009,1,0.10161036210120925,0.1316662893133542,0.38525083075987876,1.1515462237171603,9,11,5,7,6,2,4.0,2.0,11.0,4.0,0.0,62,Male,Senior,Online,West,0.6924501902758637,0.19354354685944616,0.7338111062092928,10.0,5.0,5.0,5.0,2,promoter,2.0,0.0,7.5,2.0,0.0,8.0,86.125,2.0,2.0,2.0,1.0,1.0,1,2,5.871709014854464,3.287914185253912,高,0.46868801360158685,0.19354354685944616,0.7338111062092928,0,0,0.0,0.0,0.0,0,0,1,378.3554667547274,6,Beauty,Short Cycle,0.46664584923879504,25.871794871794872,0.770760425542222,0.9999999999999999,0.7728571428571428,0.47938138666080654,0.46593156547062037,73.8953641910952,高忠诚度
CUST_000099,21,2086.91,99.37666666666667,2025-10-27,2023-02-06,0.0,0.23809523809523808,0.25552939003301306,0.6880278439870472,0.10606190476190476,0.5425,0.23809523809523808,5,106.39285714285714,2234.25,147.35,65,994,1,0.060840330960241204,0.06592103791522201,0.16381615333024932,1.0704942696155466,3,11,2,1,2,2,2.0,2.0,1.0,0.0,0.0,35,Female,Young Professional,Hybrid,North,0.7094824614559984,0.25552939003301306,0.6880278439870472,9.333333333333334,4.666666666666667,4.0,4.0,3,promoter,2.0,0.0,8.5,2.0,0.0,7.0,86.42857142857143,0.0,2.0,3.0,2.0,0.0,1,0,0.08514282910158556,-0.1908607906846726,低,-0.7921478849176519,0.25552939003301306,0.6880278439870472,0,0,0.0,0.0,0.0,0,0,1,378.3554667547274,6,Beauty,Short Cycle,0.3781949053047705,49.7,0.5756429765203199,0.8543809523809524,0.7585714285714286,0.34488407867267334,0.4146193153477316,61.399935444010914,中忠诚度
CUST_000100,23,3500.96,152.21565217391304,2025-12-12,2023-01-27,0.08695652173913043,0.4782608695652174,0.15907841523475494,0.8110466909896793,0.1118695652173913,0.4556,0.4782608695652174,11,163.08173913043478,3750.88,249.92000000000002,19,1050,1,0.07608098119923062,0.0666119385481412,0.3878918956907162,1.071315752644101,3,3,6,3,4,4,3.0,3.0,4.0,1.0,0.0,64,Female,Family,Store,Central,0.3181166504358293,0.15907841523475494,0.8110466909896793,10.0,5.0,5.0,3.0,1,promoter,2.0,0.0,12.0,2.0,0.0,5.0,118.8,0.0,1.0,2.0,2.0,0.0,1,0,1.4056265093923621,1.159070101066074,低,-0.8851002936024278,0.15907841523475494,0.8110466909896793,0,0,0.0,0.0,0.0,0,0,1,438.11544047013047,6,Beauty,Medium Cycle,0.7198777686836844,47.72727272727273,0.7090511687387533,0.9299999999999999,0.7085714285714285,0.2948664981870124,0.4505781381572831,66.33177603589847,中忠诚度
CUST_000101,30,3504.34,116.81133333333334,2025-12-18,2023-01-13,0.13333333333333333,0.26666666666666666,0.2397038458415632,0.6592632765011047,0.07059666666666667,0.5107,0.26666666666666666,8,123.11433333333333,3693.43,189.1,13,1070,1,0.06392102555775019,0.051185162528455,0.17580354040029458,1.0538685856464571,4,10,4,5,3,4,1.0,2.0,1.0,4.0,0.0,70,Male,High Net Worth,Online,South,0.6244472705791674,0.2397038458415632,0.6592632765011047,9.666666666666666,4.666666666666667,4.666666666666667,5.0,3,promoter,0.0,0.0,0.0,0.0,0.0,14.0,122.42857142857143,4.0,1.0,4.0,3.0,2.0,1,2,2.2336931954934345,-1.9815095320656066,高,1.9103967168262654,0.2397038458415632,0.6592632765011047,0,0,0.0,0.0,0.0,0,0,1,378.3554667547274,6,Beauty,Short Cycle,0.6859951181482482,36.89655172413793,0.7668682966800895,0.9431904761904761,1.0,0.5851409578225313,0.5093112354802523,78.00259370470634,高忠诚度
CUST_000102,12,1164.6000000000001,97.05000000000001,2025-11-02,2023-01-12,0.08333333333333333,0.3333333333333333,0.26186182340331565,0.7198771634354594,0.08120000000000001,0.3165,0.3333333333333333,4,105.315,1263.78,99.17,59,1025,1,0.08728727446777187,0.07840889324625627,0.23995905447848645,1.0850504842365545,0,5,1,2,2,2,0.0,0.0,2.0,2.0,0.0,41,Female,Young Professional,Store,South,0.17893097386726295,0.26186182340331565,0.7198771634354594,6.0,3.0,3.0,3.0,1,detractor,1.0,0.0,8.0,1.0,0.0,7.0,86.28571428571429,1.0,1.0,1.0,1.0,3.0,-1,0,-3.49710847886802,2.4806187824823636,低,-0.7186606778276847,0.26186182340331565,0.7198771634354594,0,0,0.0,0.0,0.0,0,0,1,378.3554667547274,5,Clothing,Short Cycle,0.7558689475824842,93.18181818181819,0.5945246729984464,0.44628571428571423,0.8257142857142857,0.4048244305963238,0.2948153986449464,51.873194771429574,中忠诚度
CUST_000103,13,1398.77,107.59769230769231,2025-12-12,2023-02-02,0.15384615384615385,0.23076923076923078,0.46609304009078867,0.28662812716825076,0.06126923076923077,0.3781,0.23076923076923078,3,111.54999999999998,1450.1499999999999,51.370000000000005,19,1044,1,0.10755993232864354,0.03539951073286704,0.06614495242344248,1.0366359282293227,4,2,2,2,0,3,0.0,0.0,1.0,0.0,2.0,43,Female,Young Professional,Store,North,0.2226544773538982,0.46609304009078867,0.28662812716825076,7.0,4.0,3.0,3.0,1,passive,0.0,0.0,0.0,0.0,0.0,8.0,143.5,2.0,3.0,3.0,0.0,0.0,0,1,-3.373875334821345,-0.15463506000162994,中,-0.6397899649941656,0.46609304009078867,0.28662812716825076,0,0,0.0,0.0,0.0,0,0,0,489.87898021966913,5,Beauty,Long Cycle,0.9160184047806263,87.0,0.6687573321338522,0.5717142857142856,1.0,0.4745875453246896,0.3000140999986447,60.974601786722715,中忠诚度
CUST_000104,16,1769.3,110.58125,2025-12-06,2023-05-07,0.125,0.4375,0.2176206735813734,0.7877598555029349,0.10996875,0.5409,0.4375,7,120.00875,1920.14,150.83,25,944,1,0.09520904469185086,0.07851067595281969,0.34464493678253405,1.0851559232760277,1,3,1,1,6,4,0.0,3.0,2.0,2.0,0.0,42,Male,Young Professional,Online,West,0.5757086367714549,0.2176206735813734,0.7877598555029349,10.0,4.0,4.0,5.0,1,promoter,1.0,0.0,11.0,1.0,0.0,11.0,164.8181818181818,1.0,4.0,4.0,2.0,0.0,1,0,1.3332083949444886,1.7326586394736287,低,2.8533210332103325,0.2176206735813734,0.7877598555029349,0,0,0.0,0.0,0.0,0,0,1,513.7160654092345,6,Beauty,Long Cycle,0.7790954567879436,62.93333333333333,0.6313010483111817,0.9009999999999999,0.7828571428571428,0.534032923454965,0.3833668379617463,66.96788501344327,中忠诚度
CUST_000105,33,3298.66,99.95939393939393,2025-12-27,2023-01-19,0.0,0.36363636363636365,0.3735609283404472,0.6440568393224116,0.10382424242424242,0.5841,0.36363636363636365,12,107.30939393939394,3541.21,242.56,4,1073,1,0.13584033757834443,0.06847702423063567,0.2342024870263315,1.073422471726195,5,11,5,6,4,2,0.0,1.0,10.0,0.0,1.0,62,Female,Young Professional,Online,Central,0.7902934233989536,0.3735609283404472,0.6440568393224116,9.333333333333334,4.666666666666667,4.333333333333333,4.0,3,promoter,1.0,0.0,2.0,1.0,0.0,13.0,56.23076923076923,0.0,2.0,5.0,3.0,3.0,1,2,3.3357599706739762,-0.05402423283850043,高,-0.5751374108291428,0.3735609283404472,0.6440568393224116,0,0,0.0,0.0,0.0,0,0,0,378.3554667547274,6,Beauty,Short Cycle,0.7253401987981738,33.53125,0.8054456293400742,0.8693809523809524,0.9114285714285715,0.45562414950174535,0.4631562341935592,73.35102701658418,高忠诚度
CUST_000106,22,2954.02,134.27363636363637,2025-08-29,2023-02-01,0.045454545454545456,0.22727272727272727,0.6203679822450615,0.7667632929177018,0.08854090909090909,0.6354,0.22727272727272727,5,141.60681818181817,3115.35,161.32999999999998,124,940,1,0.14099272323751397,0.05176889630497216,0.17426438475402314,1.054535176559792,4,3,6,1,2,6,2.0,1.0,2.0,0.0,0.0,58,Female,Young Professional,Online,East,0.5993359364676234,0.6203679822450615,0.7667632929177018,9.0,5.0,4.0,5.0,1,promoter,1.0,0.0,12.0,1.0,0.0,8.0,35.875,1.0,1.0,3.0,2.0,1.0,1,2,0.37597219591852515,-0.8412517291640682,高,-0.5055756637445865,0.6203679822450615,0.7667632929177018,0,0,0.0,0.0,0.0,0,0,0,438.11544047013047,6,Beauty,Medium Cycle,0.05406631336918388,44.76190476190476,0.4602673036889075,0.8835714285714286,0.7685714285714286,0.3959001758048566,0.4942223765206275,60.77771453840663,中忠诚度
CUST_000107,28,4104.37,146.58464285714285,2025-12-14,2023-01-19,0.10714285714285714,0.07142857142857142,0.5096595192535595,0.4682361834654077,0.02765,0.6194,0.07142857142857142,2,147.31285714285715,4124.76,20.39,17,1060,1,0.03640425137525424,0.004942119754905763,0.03344544167610055,1.0048993215012243,3,4,4,3,8,6,0.0,0.0,1.0,1.0,0.0,46,Female,Senior,Store,North,0.32831991622944245,0.5096595192535595,0.4682361834654077,9.0,5.0,5.0,5.0,1,promoter,5.0,0.0,6.4,5.0,0.0,9.0,129.55555555555554,1.0,2.0,2.0,3.0,1.0,1,1,-0.6936727603843803,-4.841457031483452,中,-0.7201019252548131,0.5096595192535595,0.4682361834654077,0,0,0.0,0.0,0.0,0,0,0,513.7160654092345,6,Beauty,Long Cycle,0.6741248708517478,39.25925925925926,0.7431415415106433,0.9285714285714285,0.6085714285714285,0.47690119522885155,0.5501925244840837,70.04350918387047,高忠诚度
CUST_000108,16,1218.92,76.1825,2025-12-23,2023-01-01,0.0,0.1875,0.321336977588041,0.8261587689196811,0.048043749999999996,0.4861,0.1875,3,79.879375,1278.07,59.14,8,1087,1,0.06025068329775768,0.046236718866051116,0.1549047691724402,1.0483889490435407,6,1,2,4,2,1,0.0,1.0,0.0,1.0,1.0,32,Male,Family,Store,West,0.08763691461286953,0.321336977588041,0.8261587689196811,5.0,3.0,3.0,3.0,1,detractor,2.0,1.0,10.0,2.0,0.5,4.0,247.0,1.0,1.0,1.0,0.0,1.0,-1,1,-4.59564550151509,0.9739451915835089,中,1.6627059141236833,0.321336977588041,0.8261587689196811,0,0,0.0,0.0,0.0,0,0,0,489.87898021966913,6,Beauty,Long Cycle,0.904416682196411,72.46666666666667,0.7102182978289553,0.37485714285714283,0.5371428571428571,0.4323420503241402,0.4389815809114884,51.80497483197451,中忠诚度
CUST_000109,28,4282.69,152.95321428571427,2025-11-19,2023-01-18,0.03571428571428571,0.21428571428571427,0.025015809627395337,0.24131761241019975,0.05189642857142857,0.4084,0.21428571428571427,6,162.65535714285716,4554.35,271.65999999999997,42,1036,1,0.005360530634441858,0.05963537379125642,0.051710916945042804,1.0633625731676852,5,4,8,3,4,4,1.0,2.0,1.0,1.0,1.0,62,Female,High Net Worth,Store,East,0.6308967691294493,0.025015809627395337,0.24131761241019978,9.0,5.0,5.0,5.0,1,promoter,0.0,0.0,0.0,0.0,0.0,15.0,109.53333333333333,3.0,2.0,4.0,5.0,1.0,1,2,2.073680807473971,-3.5967450382090016,高,-0.7868068833652008,0.025015809627395337,0.24131761241019975,0,0,0.0,0.0,0.0,0,0,1,438.11544047013047,6,Beauty,Medium Cycle,0.47066636155711483,38.370370370370374,0.6774095116506412,0.9285714285714285,1.0,0.5948569754239461,0.5825820281288713,76.19815611709721,高忠诚度
CUST_000110,30,3399.33,113.31099999999999,2025-12-18,2023-01-03,0.03333333333333333,0.3333333333333333,0.38806492696731,0.5181113061823036,0.07185666666666667,0.3621,0.3333333333333333,10,121.554,3646.62,247.29999999999998,13,1080,1,0.12935497565576998,0.06779763242881659,0.17270376872743454,1.072652023896718,4,7,6,6,5,2,0.0,2.0,6.0,1.0,1.0,18,Male,Student,Hybrid,South,0.4720086967342881,0.38806492696731,0.5181113061823036,9.666666666666666,5.0,4.333333333333333,4.333333333333333,3,promoter,1.0,0.0,2.0,1.0,0.0,10.0,121.2,1.0,4.0,2.0,3.0,0.0,1,2,1.9508135570986855,-0.7487280899810039,高,-0.9534265763074958,0.38806492696731,0.5181113061823036,0,0,0.0,0.0,0.0,0,0,0,378.3554667547274,6,Beauty,Short Cycle,0.6884712800913099,37.241379310344826,0.7702705058128879,0.9228571428571427,0.9114285714285715,0.5061317437644215,0.45201392610617136,74.22315736530267,高忠诚度
CUST_000111,15,2037.36,135.82399999999998,2025-09-24,2023-04-30,0.0,0.4,0.30590921867968324,0.8309022134921261,0.10928,0.4415,0.4,6,147.87800000000001,2218.17,180.79000000000002,98,878,1,0.1223636874718733,0.08146739546767486,0.3323608853968505,1.088667049486874,2,6,4,0,1,2,1.0,1.0,4.0,0.0,0.0,42,Male,Family,Hybrid,South,0.5074403165333724,0.30590921867968324,0.8309022134921261,9.0,5.0,4.0,3.0,2,promoter,1.0,0.0,6.0,1.0,0.0,9.0,61.333333333333336,1.0,2.0,4.0,1.0,1.0,1,0,0.25113877606811125,1.750130985353728,低,-0.5350331060381461,0.30590921867968324,0.8309022134921261,0,0,0.0,0.0,0.0,0,0,0,378.3554667547274,5,Beauty,Short Cycle,0.23716292859654908,62.714285714285715,0.4432050536436127,0.8135714285714286,0.8542857142857143,0.4484159249899279,0.44307388738056563,59.822070223437215,中忠诚度
CUST_000112,25,3135.36,125.4144,2025-09-16,2023-01-06,0.04,0.32,0.16776914791901532,0.783832084181025,0.06464,0.2958,0.32,8,137.2276,3430.69,295.34,106,984,1,0.0536861273340849,0.08606255227016425,0.25082626693792803,1.0941060909998372,4,3,10,2,4,2,2.0,1.0,3.0,2.0,0.0,24,Female,Family,Store,East,0.5863067480612328,0.16776914791901532,0.783832084181025,10.0,5.0,5.0,5.0,1,promoter,0.0,0.0,0.0,0.0,0.0,9.0,111.22222222222223,3.0,2.0,1.0,2.0,1.0,1,2,1.699962622837891,-0.500649865635341,高,0.6482081911262799,0.16776914791901532,0.783832084181025,0,0,0.0,0.0,0.0,0,0,1,438.11544047013047,6,Beauty,Medium Cycle,0.09376025591141313,41.0,0.517335903551926,0.9999999999999999,1.0,0.5248019143195498,0.5345740923728042,71.41071720694309,高忠诚度
CUST_000113,25,3306.02,132.2408,2025-12-07,2023-01-30,0.0,0.08,0.41119733308068473,0.38627525312902344,0.01916,0.3134,0.08,2,133.4064,3335.16,29.150000000000002,24,1042,1,0.03289578664645478,0.008737590523236296,0.030902020250321877,1.0087379433621573,2,7,5,4,3,4,1.0,0.0,0.0,1.0,0.0,26,Male,Family,Hybrid,North,0.7077202896851178,0.41119733308068473,0.38627525312902344,10.0,5.0,5.0,5.0,2,promoter,2.0,0.0,7.5,2.0,0.0,19.0,148.57894736842104,5.0,5.0,6.0,2.0,1.0,1,2,0.9587170106812605,-5.786945650242393,高,-0.003740157480314916,0.41119733308068473,0.38627525312902344,0,0,0.0,0.0,0.0,0,0,0,378.3554667547274,6,Beauty,Short Cycle,0.6530969603238983,43.416666666666664,0.705312264463997,0.9999999999999999,0.7728571428571428,0.7436160861443798,0.5937580381865282,77.81283694174066,高忠诚度
CUST_000114,13,1571.86,120.91230769230768,2025-12-21,2023-02-07,0.0,0.3076923076923077,0.615605424731993,0.5280490659814447,0.09703846153846155,0.4411,0.3076923076923077,4,127.43384615384615,1656.6399999999999,84.77000000000001,10,1048,1,0.18941705376369017,0.05113896865423133,0.1624766356865984,1.0538489430594342,2,4,3,2,1,1,1.0,2.0,0.0,1.0,0.0,41,Male,Senior,Online,South,0.47696852094572506,0.6156054247319931,0.5280490659814447,8.0,4.0,3.0,3.0,1,passive,0.0,0.0,0.0,0.0,0.0,8.0,84.5,1.0,1.0,4.0,2.0,0.0,0,1,-1.7013925495370603,0.8055640964124084,中,-0.6480689831561256,0.615605424731993,0.5280490659814447,0,0,0.0,0.0,0.0,0,0,0,378.3554667547274,6,Beauty,Short Cycle,0.9415620146756231,87.33333333333333,0.6815317349839365,0.643142857142857,1.0,0.38620288979233053,0.41144739997811536,63.489277824646216,中忠诚度
CUST_000115,46,5051.67,109.81891304347826,2025-12-27,2023-01-27,0.0,0.32608695652173914,0.22533800132845413,0.6884076196652514,0.08463478260869564,0.5074,0.32608695652173914,15,117.68652173913043,5413.58,361.92,4,1065,1,0.07347978304188722,0.06684174949857608,0.22448074554301678,1.0715440814072479,9,14,7,4,7,5,5.0,4.0,2.0,4.0,0.0,18,Female,Family,Online,Central,0.8560966874441007,0.22533800132845413,0.6884076196652514,10.0,4.666666666666667,5.0,5.0,3,promoter,0.0,0.0,0.0,0.0,0.0,6.0,101.16666666666667,0.0,2.0,3.0,1.0,0.0,1,2,3.9899415779371634,-1.319343988253131,高,4.357491993932244,0.22533800132845413,0.6884076196652514,0,0,0.0,0.0,0.0,0,0,1,378.3554667547274,6,Beauty,Short Cycle,0.6549665377471612,23.666666666666668,0.890156426845634,0.9819999999999999,1.0,0.34188990220854854,0.6534325777339248,81.18453000450612,高忠诚度
CUST_000116,23,3442.31,149.66565217391303,2025-12-01,2023-07-22,0.0,0.17391304347826086,0.5466670127082689,0.9022823845270248,0.05352173913043479,0.3824,0.17391304347826086,4,153.52565217391304,3531.09,88.77,30,863,1,0.09507252394926416,0.025132428675373502,0.15691867556991734,1.0257222864512832,2,7,7,1,2,4,0.0,1.0,2.0,1.0,0.0,61,Female,Senior,Online,East,0.34501771095886546,0.5466670127082689,0.9022823845270249,8.0,4.0,4.5,3.5,2,passive,0.0,0.0,0.0,0.0,0.0,6.0,253.16666666666666,1.0,2.0,3.0,0.0,0.0,0,1,-2.0456971091132914,-1.8269887747680549,中,-0.3535998600297437,0.5466670127082689,0.9022823845270248,0,0,0.0,0.0,0.0,0,0,0,378.3554667547274,6,Beauty,Short Cycle,0.5742063566659749,39.22727272727273,0.6176084443403196,0.7281428571428571,1.0,0.44702212211112335,0.5883239274955631,67.26201550288131,中忠诚度
CUST_000117,14,2060.26,147.1614285714286,2025-12-29,2023-01-27,0.07142857142857142,0.21428571428571427,0.3321219281106466,0.831872206307609,0.042949999999999995,0.2686,0.21428571428571427,3,150.29785714285714,2104.17,43.92,2,1067,1,0.07116898459513855,0.020862923184350908,0.17825832992305907,1.0212434478741992,2,2,4,2,1,3,0.0,0.0,3.0,0.0,0.0,25,Female,Family,Online,East,0.15809353043260516,0.3321219281106466,0.831872206307609,7.5,3.5,3.0,4.5,2,passive,0.0,0.0,0.0,0.0,0.0,4.0,178.75,3.0,0.0,0.0,1.0,0.0,0,1,-3.7269090146663113,-1.2042738590315158,中,2.651951842393287,0.3321219281106466,0.831872206307609,0,0,0.0,0.0,0.0,0,0,0,438.11544047013047,6,Beauty,Medium Cycle,0.9477749015651802,82.07692307692308,0.7018556927743884,0.6329285714285715,1.0,0.40634518184814855,0.5282357422241742,65.89759893003078,中忠诚度
CUST_000118,45,4469.27,99.31711111111112,2025-12-07,2023-01-07,0.044444444444444446,0.3111111111111111,0.4369142711241468,0.7357592100246689,0.09405333333333334,0.5656,0.3111111111111111,14,107.72311111111111,4847.54,378.27000000000004,24,1065,1,0.13592888434973457,0.0780173000532119,0.22890286534100812,1.0845287848008376,11,12,5,6,8,3,0.0,8.0,6.0,0.0,0.0,41,Female,Senior,Store,South,0.7948426362426161,0.4369142711241468,0.7357592100246689,10.0,5.0,5.0,5.0,3,promoter,2.0,0.0,6.5,2.0,0.0,9.0,148.88888888888889,2.0,1.0,3.0,2.0,1.0,1,2,4.416259011735793,-0.7310675252026573,高,-0.7924833741687084,0.4369142711241468,0.7357592100246689,0,0,0.0,0.0,0.0,0,0,0,378.3554667547274,6,Beauty,Short Cycle,0.5016545660466945,24.204545454545453,0.8372653876757397,0.9999999999999999,0.7871428571428571,0.4849735682281556,0.49266314380438847,76.5896551679032,高忠诚度
CUST_000119,11,1261.23,114.65727272727273,2025-11-01,2023-12-02,0.18181818181818182,0.2727272727272727,0.6093089756682815,0.5458749030901515,0.07657272727272726,0.3716,0.2727272727272727,3,118.43545454545455,1302.79,41.56,60,700,1,0.16617517518225858,0.031876299097247256,0.1488749735700413,1.0328618770513898,1,5,1,2,1,1,0.0,0.0,2.0,1.0,0.0,28,Male,Family,Hybrid,North,0.20139263162171359,0.6093089756682815,0.5458749030901515,6.5,3.0,3.0,3.0,2,passive,0.0,0.0,0.0,0.0,0.0,5.0,73.0,0.0,1.0,2.0,2.0,0.0,0,1,-4.748639011426241,1.5856362576851069,中,-0.848486551284933,0.6093089756682815,0.5458749030901515,0,0,0.0,0.0,0.0,0,0,0,378.3554667547274,6,Beauty,Short Cycle,0.5803392667979076,70.0,0.45644167152510556,0.48199999999999993,1.0,0.2757433249093506,0.26562207492574264,48.863731143279566,中忠诚度
CUST_000120,25,3180.72,127.22879999999999,2025-11-12,2023-01-03,0.0,0.24,0.022367734093118933,0.36331020068379904,0.052275999999999996,0.3122,0.24,6,130.4752,3261.88,81.16,49,1044,1,0.0053682561823485435,0.024873731182268422,0.08719444816411177,1.0254356375570974,5,4,6,6,3,1,1.0,1.0,2.0,0.0,2.0,68,Male,Family,Online,Central,0.5101334164891866,0.022367734093118933,0.36331020068379904,9.0,4.0,4.0,4.0,1,promoter,1.0,0.0,1.0,1.0,0.0,7.0,47.714285714285715,0.0,1.0,4.0,0.0,2.0,1,1,-1.120680631102273,-2.4400338729258273,中,13.621556473829202,0.022367734093118933,0.36331020068379904,0,0,0.0,0.0,0.0,0,0,1,438.11544047013047,6,Beauty,Medium Cycle,0.45560247345371074,43.5,0.6483311786237678,0.7945714285714285,0.9257142857142857,0.2930051642676629,0.599183931149339,66.58277178996806,中忠诚度
CUST_000121,44,5542.37,125.96295454545454,2025-12-26,2023-01-06,0.0,0.20454545454545456,0.17259024174053622,0.30669979862560365,0.051975,0.3775,0.20454545454545456,9,129.64795454545455,5704.51,162.12,5,1085,1,0.035302549446927865,0.02841463777997059,0.06273404971887347,1.0291729285326396,8,12,11,8,2,3,1.0,1.0,3.0,3.0,1.0,34,Male,High Net Worth,Online,North,0.8143995218990053,0.17259024174053622,0.30669979862560365,10.0,5.0,5.0,5.0,1,promoter,0.0,0.0,0.0,0.0,0.0,11.0,112.63636363636364,1.0,3.0,4.0,2.0,1.0,1,2,2.763867951770083,-4.561476703692282,高,-0.8985422381113816,0.17259024174053622,0.30669979862560365,0,0,0.0,0.0,0.0,0,0,1,378.3554667547274,6,Beauty,Short Cycle,0.6591844424560039,25.232558139534884,0.8805358623676178,0.9999999999999999,1.0,0.5195178352029248,0.6291128264320637,83.64553579555336,高忠诚度
CUST_000122,16,1354.97,84.685625,2025-12-02,2023-03-23,0.1875,0.125,0.058803154719198475,0.37510234660757746,0.03319375,0.3814,0.125,2,87.835,1405.36,50.400000000000006,29,985,1,0.007350394339899809,0.035837196734833196,0.04688779332594718,1.0370665545003062,4,7,1,2,2,0,1.0,0.0,0.0,1.0,0.0,25,Female,Student,Store,West,0.13481334516761984,0.058803154719198475,0.37510234660757746,8.0,3.3333333333333335,4.0,3.6666666666666665,3,passive,1.0,0.0,7.0,1.0,0.0,3.0,240.0,0.0,2.0,1.0,0.0,0.0,0,1,-4.466525328483839,-0.8804460572308294,中,-0.24899193548387097,0.058803154719198475,0.37510234660757746,0,0,0.0,0.0,0.0,0,0,1,378.3554667547274,5,Beauty,Short Cycle,0.7713980105582543,65.66666666666667,0.6387899903060019,0.6754761904761905,0.84,0.3900333296707322,0.28515387868476977,58.77841259641734,中忠诚度
CUST_000123,27,3624.69,134.24777777777777,2025-12-14,2023-01-01,0.037037037037037035,0.25925925925925924,0.16843219864326867,0.5082641058614303,0.06912222222222221,0.4567,0.25925925925925924,7,140.32,3788.64,163.96,17,1078,1,0.04366760705566224,0.043265323355252745,0.13177217559370416,1.0451536016949152,9,3,6,1,4,4,1.0,3.0,1.0,1.0,1.0,52,Female,Young Professional,Hybrid,West,0.6613281983618453,0.16843219864326864,0.5082641058614303,9.333333333333334,5.0,5.0,5.0,3,promoter,1.0,0.0,3.0,1.0,0.0,14.0,116.28571428571429,1.0,5.0,3.0,5.0,0.0,1,2,2.0819126403661317,-2.83417132078725,高,-0.8475832593479652,0.16843219864326867,0.5082641058614303,0,0,0.0,0.0,0.0,0,0,1,489.87898021966913,6,Beauty,Long Cycle,0.6900477767525368,41.46153846153846,0.7437809030525582,0.9523809523809522,0.8971428571428571,0.570433233396644,0.5102108843141913,75.78975552390594,高忠诚度
CUST_000124,15,1496.7,99.78,2025-11-05,2023-01-18,0.06666666666666667,0.2,0.44672511482743765,0.45586982790162334,0.06138666666666667,0.5211,0.2,3,105.36333333333333,1580.45,83.74,56,1022,1,0.08934502296548753,0.05295140535584431,0.09117396558032467,1.0558506196345658,4,3,3,2,0,3,2.0,0.0,0.0,1.0,0.0,52,Female,High Net Worth,Online,South,0.14820928915303386,0.4467251148274376,0.45586982790162334,8.0,4.0,4.0,4.0,2,passive,0.0,0.0,0.0,0.0,0.0,3.0,133.66666666666666,0.0,1.0,1.0,1.0,0.0,0,1,-3.072979135754002,0.1824215031917816,中,7.17751610753166,0.44672511482743765,0.45586982790162334,0,0,0.0,0.0,0.0,0,0,0,489.87898021966913,5,Beauty,Long Cycle,0.6348379798064122,73.0,0.594947349811113,0.7231428571428571,1.0,0.2923019448412262,0.43993951496973416,61.910613820069216,中忠诚度
CUST_000125,22,2605.13,118.415,2025-12-20,2023-01-22,0.045454545454545456,0.09090909090909091,0.9075868512700346,0.3832585449280294,0.0184,0.2092,0.09090909090909091,2,121.14954545454545,2665.29,60.16,11,1063,1,0.08250789557000314,0.022563187050170835,0.03484168590254813,1.0230065058437445,4,5,4,3,3,3,0.0,1.0,1.0,0.0,0.0,50,Female,Family,Store,South,0.5348334559185279,0.9075868512700346,0.38325854492802935,6.0,4.0,3.0,2.0,1,detractor,2.0,0.0,5.5,2.0,0.0,3.0,0.0,0.0,0.0,2.0,1.0,0.0,-1,1,-4.748575913925763,-2.233309326508113,中,5.123292595255212,0.9075868512700346,0.3832585449280294,0,0,0.0,0.0,0.0,0,1,0,378.3554667547274,6,Beauty,Short Cycle,0.7891055837779959,50.61904761904762,0.7246783705680889,0.4652857142857143,0.8014285714285714,0.1231578947368421,0.557889441158444,55.60963258404339,中忠诚度
CUST_000126,12,1162.04,96.83666666666666,2025-10-19,2023-03-13,0.08333333333333333,0.08333333333333333,0.33458624127894687,0.2619972454650478,0.022658333333333332,0.2719,0.08333333333333333,1,97.06333333333333,1164.76,2.72,73,951,1,0.02788218677324557,0.0023332418336535826,0.021833103788753985,1.0022372134645832,4,1,1,4,2,0,0.0,0.0,0.0,1.0,0.0,22,Male,High Net Worth,Online,South,0.028187590648553865,0.33458624127894687,0.2619972454650478,5.0,2.0,2.0,1.0,1,detractor,0.0,0.0,0.0,0.0,0.0,6.0,34.5,0.0,1.0,4.0,1.0,0.0,-1,1,-7.60749433120543,-0.7314098566736197,中,-0.4597217728890327,0.33458624127894687,0.2619972454650478,0,0,0.0,0.0,0.0,0,0,0,489.87898021966913,5,Beauty,Long Cycle,0.6074989632495778,86.45454545454545,0.5332234412884721,0.2058571428571428,1.0,0.2723874665787642,0.3574818791843312,45.59117199652916,中忠诚度
CUST_000127,14,2243.72,160.26571428571427,2025-11-23,2023-01-01,0.0,0.21428571428571427,0.6587589771413241,0.3949371686066033,0.07282857142857144,0.6172,0.21428571428571427,3,164.96785714285716,2309.55,65.83,38,1057,1,0.14116263795885517,0.028491051914046436,0.08462939327284355,1.029275444992112,2,1,5,3,3,0,1.0,1.0,1.0,0.0,0.0,59,Female,Student,Online,West,0.23848538600475147,0.6587589771413241,0.3949371686066033,7.0,4.0,3.0,3.5,2,detractor,2.0,0.0,9.5,2.0,0.0,5.0,0.0,0.0,0.0,2.0,2.0,1.0,-1,1,-3.366543486627742,-0.608875610441048,中,-0.9421038211056547,0.6587589771413241,0.3949371686066033,0,0,0.0,0.0,0.0,0,0,0,438.11544047013047,5,Beauty,Medium Cycle,0.8100588500011152,81.3076923076923,0.6453939450237477,0.5892142857142857,0.7442857142857142,0.19526315789473683,0.5039465997447005,55.744607572446846,中忠诚度
CUST_000128,27,2293.25,84.93518518518519,2025-12-15,2023-01-25,0.07407407407407407,0.48148148148148145,0.43263449462405607,0.9854713475845713,0.16416666666666668,0.5071,0.48148148148148145,13,100.63407407407406,2717.12,423.87,16,1055,1,0.20830549741158255,0.15594234250143482,0.47448620439257133,1.184694269071122,4,10,2,3,3,5,1.0,5.0,3.0,2.0,2.0,56,Male,Family,Hybrid,North,0.3150085913138461,0.43263449462405607,0.9854713475845713,6.0,3.0,3.0,2.0,3,detractor,2.0,0.0,8.5,2.0,0.0,6.0,117.5,0.0,2.0,1.0,0.0,3.0,-1,0,0.7956100165936068,6.630500448649359,低,3.048664944013782,0.43263449462405607,0.9854713475845713,0,0,0.0,0.0,0.0,0,0,0,378.3554667547274,6,Beauty,Short Cycle,0.690872621947291,40.57692307692308,0.7379823689324821,0.41128571428571425,0.7585714285714286,0.34870966560451233,0.39898385919073953,55.01558822561753,中忠诚度
CUST_000129,13,1178.6799999999998,90.66769230769229,2025-10-07,2023-01-25,0.0,0.38461538461538464,0.3495890701590213,0.7455474145305752,0.11294615384615384,0.4977,0.38461538461538464,5,101.02615384615385,1313.34,134.65,85,986,1,0.13445733467654666,0.1024468554559703,0.28674900558868277,1.1141235652904202,2,6,2,1,1,1,0.0,1.0,2.0,2.0,0.0,58,Female,Young Professional,Hybrid,North,0.12625128397530963,0.3495890701590213,0.745547414530575,7.0,3.0,3.3333333333333335,3.3333333333333335,3,passive,0.0,0.0,0.0,0.0,0.0,6.0,0.0,0.0,0.0,3.0,1.0,2.0,0,0,-1.9973761017542357,3.7700220079623055,低,1.4810058855002672,0.3495890701590213,0.7455474145305752,0,0,0.0,0.0,0.0,0,0,0,378.3554667547274,6,Beauty,Short Cycle,0.4770937311960386,82.16666666666667,0.5164240710289794,0.5443809523809524,1.0,0.2163157894736842,0.4175206972767497,53.6097932416497,中忠诚度
CUST_000130,21,3717.25,177.01190476190476,2025-11-28,2023-01-24,0.0,0.3333333333333333,0.707949661581999,0.24740658341232544,0.09228571428571428,0.5151,0.3333333333333333,7,199.36190476190478,4186.6,469.35,33,1039,1,0.235983220527333,0.11208090553061419,0.08246886113744181,1.126199071408973,1,4,9,1,3,3,0.0,3.0,2.0,1.0,1.0,45,Male,Family,Online,South,0.6694696290411274,0.707949661581999,0.24740658341232544,10.0,5.0,5.0,5.0,1,promoter,0.0,0.0,0.0,0.0,0.0,6.0,12.166666666666666,0.0,1.0,3.0,2.0,0.0,1,2,2.5544865398159207,-0.12155410273077154,高,0.864470588235294,0.707949661581999,0.24740658341232544,0,0,0.0,0.0,0.0,0,1,0,438.11544047013047,6,Beauty,Medium Cycle,0.6495971214414658,51.95,0.6661262023797332,0.9999999999999999,1.0,0.26306248397611987,0.6698522422123736,73.9775069642194,高忠诚度
CUST_000131,24,2705.81,112.74208333333333,2025-11-26,2023-03-11,0.041666666666666664,0.375,0.6465405559891603,0.8555674685521873,0.11167083333333333,0.5257,0.375,9,118.61291666666666,2846.71,140.91,35,991,1,0.2424527084959351,0.04948186437523484,0.32083780070707024,1.0519798229892279,5,6,4,4,2,3,0.0,2.0,4.0,3.0,0.0,24,Female,Family,Hybrid,Central,0.5739991111366776,0.6465405559891603,0.8555674685521872,8.5,4.5,5.0,4.0,2,promoter,1.0,0.0,5.0,1.0,0.0,8.0,123.5,1.0,2.0,4.0,0.0,1.0,1,0,1.400710911270525,1.0366424533760303,低,-0.705351235648959,0.6465405559891603,0.8555674685521873,0,0,0.0,0.0,0.0,0,0,0,378.3554667547274,6,Beauty,Short Cycle,0.5651235359732985,43.08695652173913,0.6571662435421377,0.8308571428571427,0.8685714285714285,0.4337368146357543,0.41461171792345214,66.24021529465223,中忠诚度
CUST_000132,30,4250.73,141.69099999999997,2025-12-23,2023-02-28,0.0,0.26666666666666666,0.1786543206197375,0.4164594558032261,0.07266666666666667,0.5158,0.26666666666666666,8,148.75900000000001,4462.77,212.03,8,1029,1,0.04764115216526333,0.0475002072239385,0.11105585488086028,1.0498091050874734,4,8,8,4,5,1,1.0,1.0,3.0,1.0,2.0,26,Male,Senior,Store,North,0.785668465005905,0.17865432061973752,0.4164594558032261,10.0,5.0,5.0,5.0,3,promoter,0.0,0.0,0.0,0.0,0.0,7.0,76.71428571428571,1.0,2.0,1.0,3.0,0.0,1,2,1.8962481538151676,-2.54081901647046,高,2.1285647933116576,0.1786543206197375,0.4164594558032261,0,0,0.0,0.0,0.0,0,0,1,378.3554667547274,6,Beauty,Short Cycle,0.711319799549021,35.48275862068966,0.7636273450720871,0.9999999999999999,1.0,0.4065422951951905,0.6684665859592033,79.03395356947853,高忠诚度
CUST_000133,16,2397.75,149.859375,2025-12-29,2023-03-20,0.0,0.3125,0.7105863374637742,0.2948633929624539,0.08928125,0.604,0.3125,5,155.495,2487.92,90.17,2,1015,1,0.22205823045742945,0.03622856500008036,0.09214481030076685,1.0375368550112392,1,3,5,4,3,0,1.0,1.0,2.0,1.0,0.0,25,Male,Family,Hybrid,West,0.2321616800819741,0.7105863374637742,0.2948633929624539,8.0,4.0,3.0,4.0,1,passive,0.0,0.0,0.0,0.0,0.0,7.0,38.714285714285715,0.0,1.0,3.0,3.0,0.0,0,1,-1.5946900388910557,0.13943452210197332,中,-0.17455687682297513,0.7105863374637742,0.2948633929624539,0,0,0.0,0.0,0.0,0,1,0,438.11544047013047,5,Beauty,Medium Cycle,0.9084823111849668,67.66666666666667,0.6944364511841339,0.678142857142857,1.0,0.28924733545764203,0.5165950129253946,64.874300189841,中忠诚度
CUST_000134,19,2643.47,139.13,2025-11-01,2023-01-17,0.0,0.0,0.008723248778751715,0.12370355319893411,0.0,0.0,0.0,0,139.13,2643.47,0.0,60,1019,1,0.0,0.0,0.0,0.9999281299410666,3,3,4,2,5,2,0.0,0.0,0.0,0.0,0.0,29,Male,Young Professional,Store,East,0.43725558246608265,0.008723248778751715,0.12370355319893411,8.333333333333334,3.6666666666666665,4.0,4.0,3,promoter,3.0,0.0,9.333333333333334,3.0,0.0,4.0,280.0,1.0,1.0,1.0,1.0,0.0,1,1,-4.372542550469844,-4.838167897691643,中,0.33977117665582035,0.008723248778751715,0.12370355319893411,0,0,0.0,0.0,0.0,0,0,1,513.7160654092345,6,Beauty,Long Cycle,0.4726087911347805,56.611111111111114,0.5898503567542372,0.7289523809523809,0.6866666666666665,0.4461207559608834,0.6028184858843384,61.95340885411497,中忠诚度
CUST_000135,9,1106.33,122.92555555555555,2025-09-07,2023-03-21,0.1111111111111111,0.5555555555555556,0.31658111176975423,0.856978556748479,0.1421111111111111,0.5574,0.5555555555555556,5,135.76333333333332,1221.87,115.53,115,901,1,0.17587839542764125,0.09447447398333429,0.47609919819359947,1.1043455468990075,1,2,3,1,1,1,1.0,0.0,2.0,2.0,0.0,51,Female,Student,Store,East,0.16732254569572283,0.31658111176975423,0.856978556748479,7.333333333333333,3.3333333333333335,3.3333333333333335,4.0,3,promoter,0.0,0.0,0.0,0.0,0.0,5.0,104.8,1.0,2.0,0.0,0.0,2.0,1,0,-1.146430835043247,5.386417484409111,低,-0.9394256195805917,0.31658111176975423,0.856978556748479,0,0,0.0,0.0,0.0,0,0,0,438.11544047013047,6,Beauty,Medium Cycle,0.48079601729716415,112.625,0.4396678142344773,0.6095238095238095,1.0,0.3890209867047577,0.25393518361395284,53.07247221991022,中忠诚度
CUST_000136,20,2496.57,124.8285,2025-12-01,2023-03-14,0.0,0.4,0.38903510782122475,0.7920042214328994,0.12318499999999999,0.5969,0.4,8,135.317,2706.34,209.79,30,993,1,0.15561404312848992,0.07748934378393552,0.31680168857315977,1.0839364458880874,2,6,4,1,4,3,0.0,3.0,0.0,4.0,1.0,50,Female,High Net Worth,Store,East,0.3572449649519239,0.38903510782122475,0.7920042214328994,7.666666666666667,3.3333333333333335,3.3333333333333335,4.0,3,detractor,2.0,0.0,5.0,2.0,0.0,9.0,57.888888888888886,0.0,2.0,6.0,0.0,1.0,-1,0,-0.08078823849814336,2.4117913681506544,低,-0.6412090548261874,0.38903510782122475,0.7920042214328994,0,0,0.0,0.0,0.0,0,0,0,378.3554667547274,6,Beauty,Short Cycle,0.674153352648174,52.26315789473684,0.6520552078778447,0.6333333333333333,0.8085714285714285,0.35919996581572233,0.4459569141429125,59.60091419761962,中忠诚度
CUST_000137,41,4510.11,110.00268292682927,2025-12-14,2023-03-16,0.024390243902439025,0.2926829268292683,0.32179775279128203,0.5789148353075634,0.05134878048780487,0.2767,0.2926829268292683,12,117.47975609756098,4816.67,306.56,17,1004,1,0.09418470813403376,0.06363241982119987,0.16943848838270148,1.0678746574674316,5,9,8,5,11,3,3.0,3.0,4.0,2.0,0.0,65,Male,Family,Store,Central,0.8171631500926917,0.32179775279128203,0.5789148353075634,9.5,4.5,4.0,5.0,2,promoter,1.0,0.0,9.0,1.0,0.0,9.0,84.88888888888889,0.0,3.0,4.0,1.0,1.0,1,2,2.551323241465845,-1.8866636772506222,高,1.1478339897000907,0.32179775279128203,0.5789148353075634,0,0,0.0,0.0,0.0,0,0,0,513.7160654092345,6,Beauty,Long Cycle,0.5652276336640493,25.1,0.8061941354167727,0.8922857142857142,0.8114285714285714,0.42825123002356275,0.6168634707892124,74.34111600326622,高忠诚度
CUST_000138,30,3820.3199999999997,127.344,2025-11-25,2023-01-27,0.0,0.3333333333333333,0.3895422254838662,0.8451527017860585,0.10768666666666667,0.5392,0.3333333333333333,10,137.06933333333333,4112.08,291.77,36,1033,1,0.12984740849462206,0.07093710795802659,0.28171756726201946,1.076286047814229,4,8,7,5,3,3,1.0,6.0,1.0,2.0,0.0,72,Male,Young Professional,Online,South,0.6617360135662468,0.3895422254838662,0.8451527017860585,10.0,5.0,5.0,5.0,2,promoter,0.0,0.0,0.0,0.0,0.0,6.0,163.33333333333334,2.0,0.0,2.0,2.0,0.0,1,2,2.7237538214622656,-0.13764650869292291,高,3.9766794291681165,0.3895422254838662,0.8451527017860585,0,0,0.0,0.0,0.0,0,0,0,378.3554667547274,6,Beauty,Short Cycle,0.4969317840319225,35.62068965517241,0.7016813187935095,0.9999999999999999,1.0,0.3678467567666557,0.6133322445742544,75.76812458391893,高忠诚度
CUST_000139,13,1996.0,153.53846153846155,2025-11-27,2023-01-28,0.07692307692307693,0.15384615384615385,0.24855911672623418,0.28618653657690973,0.04806153846153846,0.4644,0.15384615384615385,2,160.24769230769232,2083.2200000000003,87.22,34,1034,1,0.03823986411172834,0.04184778958075443,0.04402869793490919,1.0436294229333762,0,3,3,2,4,1,1.0,0.0,1.0,0.0,0.0,40,Female,Family,Online,West,0.1929160629686012,0.24855911672623418,0.28618653657690973,8.0,3.0,5.0,4.0,1,passive,1.0,0.0,5.0,1.0,0.0,2.0,25.0,0.0,1.0,0.0,1.0,0.0,0,1,-3.8084609626800536,-1.4825839146986446,中,-0.81367865225044,0.24855911672623418,0.28618653657690973,0,0,0.0,0.0,0.0,0,0,1,513.7160654092345,5,Clothing,Long Cycle,0.8549127883498948,86.16666666666667,0.6427910818145025,0.7141428571428571,0.8685714285714285,0.23754367651906383,0.4505837540474062,60.48778677007497,中忠诚度
CUST_000140,13,1945.27,149.63615384615383,2025-12-30,2023-06-29,0.0,0.23076923076923078,0.3615877354090481,0.5798895164783661,0.05294615384615385,0.3678,0.23076923076923078,3,157.25,2044.25,98.97999999999999,1,915,1,0.08344332355593417,0.048395061728395056,0.1338206576488537,1.0508121723038966,3,1,3,3,3,0,1.0,0.0,1.0,1.0,0.0,41,Male,Young Professional,Online,Central,0.06497017548977084,0.3615877354090481,0.5798895164783661,7.0,3.5,3.5,3.0,2,detractor,2.0,0.0,4.5,2.0,0.0,4.0,78.75,1.0,0.0,2.0,1.0,0.0,-1,1,-4.209182879279586,0.016592876635160236,中,10.131171067738228,0.3615877354090481,0.5798895164783661,0,0,0.0,0.0,0.0,0,0,0,489.87898021966913,5,Beauty,Long Cycle,0.9364676861927158,76.25,0.648352968763091,0.5672142857142857,0.8157142857142856,0.2695915284034721,0.5689163726994455,58.44427900800792,中忠诚度
CUST_000141,16,1997.8400000000001,124.86500000000001,2025-12-18,2023-03-10,0.0,0.5625,0.6028674215987535,0.6470293510132096,0.19784374999999998,0.6398,0.5625,9,147.800625,2364.81,366.99,13,1014,1,0.3391129246492989,0.15512234710310635,0.3639540099449304,1.1835885885885884,2,6,4,2,0,2,1.0,4.0,2.0,2.0,0.0,54,Female,High Net Worth,Store,West,0.059852513145332326,0.6028674215987535,0.6470293510132096,5.0,3.0,4.0,4.0,1,detractor,2.0,0.0,7.5,2.0,0.0,2.0,214.5,0.0,1.0,0.0,1.0,0.0,-1,0,0.3234104918881114,7.407603532642153,低,-0.9325576070439833,0.6028674215987535,0.6470293510132096,0,0,0.0,0.0,0.0,0,0,0,378.3554667547274,5,Beauty,Short Cycle,0.8658698287249068,67.6,0.6776752801390904,0.45485714285714285,0.7728571428571428,0.3166668497967256,0.37331328347840576,53.64424611758539,中忠诚度
CUST_000142,22,2056.44,93.47454545454546,2025-11-19,2023-04-21,0.0,0.45454545454545453,0.4573355470866352,0.6533551400593929,0.11410909090909092,0.3953,0.45454545454545453,10,105.94454545454546,2330.78,274.34,42,943,1,0.20787979413028873,0.11765260873667326,0.29697960911790583,1.1332840625091167,5,6,2,2,4,3,0.0,3.0,6.0,0.0,1.0,52,Female,Young Professional,Online,West,0.7025232506749087,0.45733554708663526,0.6533551400593929,10.0,5.0,5.0,4.666666666666667,3,promoter,0.0,0.0,0.0,0.0,0.0,14.0,138.42857142857142,2.0,3.0,5.0,2.0,2.0,1,2,3.6603933140294767,2.2254924450984257,高,-0.7014142335766423,0.4573355470866352,0.6533551400593929,0,0,0.0,0.0,0.0,0,0,0,378.3554667547274,6,Beauty,Short Cycle,0.5234830785543279,44.904761904761905,0.6142713046624868,0.9883333333333333,1.0,0.5918215423736795,0.3662050958446592,72.50687204648301,高忠诚度
CUST_000143,14,1541.49,110.10642857142857,2025-11-28,2023-04-19,0.0,0.2857142857142857,0.7993290103977019,0.47401719857875774,0.11917142857142858,0.648,0.2857142857142857,4,124.86,1748.04,206.55,33,954,1,0.22837971725648623,0.11809335406851759,0.1354334853082165,1.1338907519962638,3,3,4,2,2,0,1.0,1.0,1.0,1.0,0.0,61,Male,Senior,Store,South,0.30522247122828133,0.7993290103977019,0.47401719857875774,10.0,5.0,5.0,5.0,1,promoter,1.0,0.0,7.0,1.0,0.0,9.0,53.44444444444444,2.0,0.0,3.0,4.0,0.0,1,0,1.2760409528348287,1.547264334061671,低,7.909209241783273,0.7993290103977019,0.47401719857875774,0,0,0.0,0.0,0.0,0,1,0,438.11544047013047,5,Beauty,Medium Cycle,0.793562414209966,73.38461538461539,0.6157655141634074,0.9999999999999999,0.84,0.35734424788484775,0.4826866380886261,68.67342871450433,中忠诚度
CUST_000144,50,4771.69,95.43379999999999,2025-12-15,2023-01-13,0.0,0.48,0.4125666356941137,0.8846597126941654,0.134084,0.5585,0.48,24,104.9266,5246.33,474.64,16,1067,1,0.19803198513317458,0.09045362117495945,0.4246366620931994,1.099354803559791,2,15,8,12,6,7,2.0,8.0,7.0,3.0,4.0,57,Male,Family,Hybrid,East,0.9420742203456912,0.4125666356941137,0.8846597126941654,10.0,5.0,5.0,5.0,3,promoter,0.0,0.0,0.0,0.0,0.0,18.0,112.0,4.0,3.0,8.0,2.0,1.0,1,2,8.255310676338832,0.8547935913098296,高,0.12945032027409514,0.4125666356941137,0.8846597126941654,0,0,0.0,0.0,0.0,0,0,0,378.3554667547274,6,Beauty,Short Cycle,0.5466116158794053,21.775510204081634,0.8915074287008172,0.9999999999999999,1.0,0.6729336825013125,0.544461628268252,85.00615252256797,高忠诚度
CUST_000145,29,3152.0,108.6896551724138,2025-12-13,2023-02-10,0.034482758620689655,0.1724137931034483,0.35577657751795894,0.421476038976276,0.03371034482758621,0.3625,0.1724137931034483,5,112.05931034482758,3249.72,97.71000000000001,18,1037,1,0.0613407892272343,0.030057956391199493,0.07266828258211655,1.0309076893306135,6,5,6,5,6,1,0.0,1.0,3.0,0.0,1.0,39,Other,Senior,Online,South,0.6154502104670251,0.35577657751795894,0.421476038976276,10.0,5.0,5.0,5.0,1,promoter,3.0,0.0,7.666666666666667,3.0,0.0,7.0,119.0,0.0,2.0,2.0,3.0,0.0,1,1,0.07896858648561905,-3.3017822865173914,中,-0.7436989184162873,0.35577657751795894,0.421476038976276,0,0,0.0,0.0,0.0,0,0,0,489.87898021966913,6,Beauty,Long Cycle,0.6502409125580784,37.035714285714285,0.738733937765458,0.9999999999999999,0.7104761904761904,0.35848384008036793,0.47504062587194323,70.32202797939125,高忠诚度
CUST_000146,17,2297.82,135.1658823529412,2025-12-28,2023-02-13,0.058823529411764705,0.29411764705882354,0.8903325737019298,0.9087704450541603,0.09114117647058824,0.6056,0.29411764705882354,5,146.5405882352941,2491.19,193.37,3,1049,1,0.26186252167703816,0.07759039238581328,0.2672854250159295,1.0840734729045818,3,4,4,1,4,1,1.0,1.0,1.0,1.0,1.0,44,Male,Senior,Store,Central,0.31203855668021097,0.8903325737019298,0.9087704450541603,8.0,5.0,4.5,3.5,2,passive,0.0,0.0,0.0,0.0,0.0,5.0,129.0,1.0,3.0,1.0,0.0,0.0,0,0,-0.3012968177993114,1.4304981526877225,低,0.537320810677212,0.8903325737019298,0.9087704450541603,0,0,0.0,0.0,0.0,0,1,0,378.3554667547274,6,Beauty,Short Cycle,0.897695005806259,65.5625,0.7092179454638015,0.7821428571428571,1.0,0.44912537083836934,0.4926221802549388,69.95632305888509,中忠诚度
CUST_000147,17,1402.67,82.51,2025-12-24,2023-03-03,0.11764705882352941,0.35294117647058826,0.6330561667248291,0.8369689825978402,0.10843529411764706,0.488,0.35294117647058826,6,93.4335294117647,1588.37,185.68,7,1027,1,0.22343158825582204,0.11682616382591846,0.29540081738747304,1.1322531436229362,5,5,3,0,1,3,2.0,1.0,0.0,2.0,1.0,52,Male,Student,Store,Central,0.1979504061850249,0.6330561667248291,0.8369689825978402,6.333333333333333,3.0,3.0,3.3333333333333335,3,detractor,2.0,0.0,11.5,2.0,0.0,7.0,125.0,1.0,2.0,3.0,1.0,0.0,-1,0,-1.5715181283320288,4.102123910116679,低,-0.08515887112689964,0.6330561667248291,0.8369689825978402,0,0,0.0,0.0,0.0,0,0,0,489.87898021966913,5,Beauty,Long Cycle,0.8768823809076403,64.1875,0.6957698982364637,0.4817619047619047,0.7157142857142856,0.4267033450013342,0.2926824357885034,54.44364556370338,中忠诚度
CUST_000148,38,4411.42,116.09,2025-12-21,2023-01-21,0.0,0.34210526315789475,0.520700821032173,0.7224236805315642,0.09387105263157895,0.4053,0.34210526315789475,13,125.10868421052632,4754.13,342.72,10,1065,1,0.1781344914057434,0.0720737393089148,0.24714494333974568,1.077594179246566,6,8,7,7,6,4,2.0,3.0,5.0,0.0,3.0,18,Female,Young Professional,Hybrid,Central,0.723843540753446,0.520700821032173,0.7224236805315642,10.0,5.0,5.0,5.0,2,promoter,0.0,0.0,0.0,0.0,0.0,10.0,87.5,1.0,3.0,5.0,1.0,0.0,1,2,4.06834211146894,-0.8243423012536526,高,0.657968077020522,0.520700821032173,0.7224236805315642,0,0,0.0,0.0,0.0,0,0,0,378.3554667547274,6,Beauty,Short Cycle,0.6483474645709196,28.783783783783782,0.8222751298725565,0.9999999999999999,1.0,0.46706076255356554,0.6089126140759717,80.80785454561973,高忠诚度
CUST_000149,16,2154.61,134.663125,2025-12-12,2023-02-13,0.0625,0.125,0.09668200713215931,0.19326541262543365,0.024268750000000002,0.28,0.125,2,138.79,2220.64,66.03,19,1033,1,0.012085250891519914,0.029721286977188024,0.024158176578179206,1.0305693879161117,1,8,4,2,0,1,0.0,0.0,2.0,0.0,0.0,52,Female,Young Professional,Online,South,0.3361450248076983,0.09668200713215931,0.19326541262543365,7.333333333333333,4.0,3.6666666666666665,3.3333333333333335,3,passive,1.0,0.0,9.0,1.0,0.0,7.0,89.57142857142857,1.0,2.0,3.0,0.0,1.0,0,1,-3.608051104839818,-2.576709872333612,中,-0.18012527509734214,0.09668200713215931,0.19326541262543365,0,0,0.0,0.0,0.0,0,0,1,378.3554667547274,5,Beauty,Short Cycle,0.8440166521816335,68.86666666666666,0.6744926405287823,0.6371904761904761,0.8114285714285714,0.41191062206664886,0.47977527509543233,61.71125814948516,中忠诚度
CUST_000150,31,3854.13,124.32677419354839,2025-12-29,2023-02-09,0.06451612903225806,0.3548387096774194,0.7445615980684052,0.4372989766612654,0.12195483870967742,0.5439,0.3548387096774194,11,138.45322580645163,4292.05,437.90999999999997,2,1054,1,0.2641992767339502,0.10200440246444833,0.15517060462173934,1.1135340023453473,4,8,6,4,7,2,2.0,2.0,4.0,1.0,2.0,54,Other,Young Professional,Store,West,0.7053965185801349,0.7445615980684052,0.4372989766612654,10.0,5.0,5.0,4.666666666666667,3,promoter,1.0,0.0,11.0,1.0,0.0,14.0,69.14285714285714,3.0,2.0,7.0,2.0,0.0,1,2,4.7502120486813055,0.15180355612754787,高,-0.6916982665222102,0.7445615980684052,0.4372989766612654,0,0,0.0,0.0,0.0,0,1,0,378.3554667547274,6,Beauty,Short Cycle,0.7491496979574236,35.13333333333333,0.7905738045076174,0.9883333333333333,0.7828571428571428,0.5328922253441537,0.47911999530028315,75.34858792108555,高忠诚度
CUST_000151,20,2624.88,131.244,2025-12-05,2023-02-27,0.15,0.25,0.5851536624991374,0.41329150014435656,0.066495,0.4971,0.25,5,135.357,2707.14,82.27,26,1012,1,0.14628841562478434,0.030378783962424393,0.10332287503608914,1.0312599996952474,2,5,5,4,1,3,2.0,1.0,0.0,1.0,1.0,64,Female,High Net Worth,Hybrid,West,0.49500365282967235,0.5851536624991374,0.4132915001443566,7.666666666666667,3.6666666666666665,4.333333333333333,4.0,3,passive,2.0,1.0,1.0,2.0,0.5,8.0,99.75,1.0,2.0,1.0,2.0,2.0,0,1,-1.6680176151263555,-0.7416837957651651,中,-0.9136841456271771,0.5851536624991374,0.41329150014435656,0,0,0.0,0.0,0.0,0,0,0,378.3554667547274,6,Beauty,Short Cycle,0.7097970170100139,53.26315789473684,0.6675973699745708,0.6963333333333332,0.6657142857142857,0.45382032194264366,0.3800970197349783,59.93072884344907,中忠诚度
CUST_000152,19,2083.17,109.64052631578947,2025-11-30,2023-01-04,0.05263157894736842,0.3157894736842105,0.1945835226985963,0.49799111830334436,0.05431578947368421,0.2419,0.3157894736842105,6,116.72842105263159,2217.84,134.65,31,1061,1,0.061447428220609356,0.0606848623605127,0.15726035314842451,1.0645495737654558,1,6,2,0,6,4,1.0,0.0,3.0,1.0,1.0,31,Male,High Net Worth,Hybrid,North,0.5428530280229208,0.1945835226985963,0.4979911183033444,7.0,3.3333333333333335,3.6666666666666665,4.0,3,passive,3.0,1.0,2.0,3.0,0.3333333333333333,11.0,76.45454545454545,0.0,4.0,2.0,2.0,3.0,0,1,-1.343540746402086,-0.08506236721678155,中,0.06904902539870052,0.1945835226985963,0.49799111830334436,0,0,0.0,0.0,0.0,0,0,1,378.3554667547274,5,Beauty,Short Cycle,0.7145089470344441,58.94444444444444,0.6713934474851849,0.6007142857142858,0.6247619047619047,0.4744106042293055,0.42240457996547953,57.983316901763025,中忠诚度
CUST_000153,49,5230.01,106.73489795918368,2025-11-22,2023-01-07,0.02040816326530612,0.20408163265306123,0.48224014891069333,0.6466072777890993,0.07419591836734694,0.6124,0.20408163265306123,10,112.87938775510204,5531.09,301.09000000000003,39,1050,1,0.09841635692054966,0.0544260848973896,0.1319606689365509,1.0574686932415638,11,9,5,6,13,5,2.0,0.0,6.0,2.0,0.0,20,Male,Senior,Store,Central,0.7339732748131637,0.4822401489106934,0.6466072777890993,8.666666666666666,4.666666666666667,4.333333333333333,4.333333333333333,3,promoter,2.0,0.0,1.5,2.0,0.0,8.0,73.875,1.0,2.0,2.0,3.0,0.0,1,2,2.6821968441208877,-2.2409811113411258,高,-0.5560362875087229,0.48224014891069333,0.6466072777890993,0,0,0.0,0.0,0.0,0,0,0,513.7160654092345,6,Beauty,Long Cycle,0.36420962942986657,21.875,0.8256888960581888,0.8334285714285714,0.8585714285714285,0.41301656411383364,0.5907386468526407,73.5412807605285,高忠诚度
CUST_000154,19,2858.37,150.44052631578947,2025-12-17,2023-01-06,0.10526315789473684,0.2631578947368421,0.1914867404698179,0.35507348282038553,0.06540526315789474,0.3652,0.2631578947368421,5,160.25473684210527,3044.84,186.47,14,1076,1,0.05039124749205734,0.06122120662936989,0.09344039021589093,1.0651656778237995,2,6,6,2,1,2,3.0,0.0,2.0,0.0,0.0,18,Female,Senior,Store,West,0.1866589187626714,0.1914867404698179,0.35507348282038553,7.333333333333333,4.0,3.6666666666666665,3.3333333333333335,3,passive,1.0,0.0,12.0,1.0,0.0,5.0,51.4,0.0,1.0,4.0,0.0,0.0,0,1,-2.2882763506976236,-0.6521387139891807,中,0.1533549823037911,0.1914867404698179,0.35507348282038553,0,0,0.0,0.0,0.0,0,0,1,378.3554667547274,6,Beauty,Short Cycle,0.8233473050448055,59.77777777777778,0.7098048211977558,0.6371904761904761,0.7685714285714286,0.2367245357653005,0.49894240765380415,59.78748212055257,中忠诚度
CUST_000155,32,3110.39,97.1996875,2025-12-03,2023-01-05,0.03125,0.25,0.6955025307666252,0.32002314262416637,0.08070000000000001,0.5582,0.25,8,102.131875,3268.22,157.83,28,1063,1,0.1738756326916563,0.048277570796703806,0.08000578565604159,1.0506347425507359,7,8,6,6,2,3,1.0,2.0,3.0,2.0,0.0,22,Female,Senior,Store,North,0.6712957337915895,0.6955025307666252,0.32002314262416637,10.0,5.0,5.0,5.0,2,promoter,3.0,0.0,6.666666666666667,3.0,0.0,10.0,67.1,1.0,1.0,3.0,3.0,2.0,1,2,2.0375674646403223,-1.6364872506812282,高,-0.4977643755849018,0.6955025307666252,0.32002314262416637,0,0,0.0,0.0,0.0,0,0,0,378.3554667547274,6,Beauty,Short Cycle,0.5507448816514797,34.29032258064516,0.7425007709263438,0.9999999999999999,0.7247619047619046,0.43854301725085154,0.45605700910471597,71.56545209455238,高忠诚度
CUST_000156,18,2537.51,140.9727777777778,2025-03-12,2023-04-10,0.05555555555555555,0.2777777777777778,0.6944402438921626,0.5098841986379431,0.0934388888888889,0.6015,0.2777777777777778,5,149.23333333333335,2686.2000000000003,148.68,294,702,1,0.19290006774782295,0.05532896695445073,0.14163449962165087,1.0585217264520095,1,6,5,2,2,2,1.0,0.0,1.0,3.0,0.0,43,Male,Young Professional,Hybrid,West,0.4517178758610089,0.6944402438921626,0.5098841986379431,8.5,3.5,4.5,4.0,2,promoter,1.0,0.0,6.0,1.0,0.0,6.0,61.333333333333336,1.0,0.0,2.0,1.0,2.0,1,0,-1.5717692620872212,1.1147011255905863,低,-0.8009327202165476,0.6944402438921626,0.5098841986379431,0,0,0.0,0.0,0.0,0,0,0,378.3554667547274,6,Beauty,Short Cycle,1.496383746912855e-07,41.294117647058826,0.22632454337781016,0.7543571428571428,0.8542857142857143,0.31359136358641904,0.45061421131802565,49.92603421061526,中忠诚度
CUST_000157,26,3409.19,131.12269230769232,2025-11-06,2023-02-19,0.038461538461538464,0.15384615384615385,0.6895769302017515,0.4432241072681456,0.06801538461538462,0.6306,0.15384615384615385,4,135.8426923076923,3531.91,122.72,55,991,1,0.10608875849257715,0.034736237266163025,0.06818832419509932,1.0359178166566454,4,9,5,4,3,1,0.0,0.0,3.0,0.0,1.0,72,Female,High Net Worth,Store,Central,0.6986354573590743,0.6895769302017515,0.4432241072681456,10.0,5.0,5.0,5.0,3,promoter,1.0,0.0,2.0,1.0,0.0,14.0,92.28571428571429,1.0,5.0,5.0,2.0,1.0,1,2,1.5524430914279606,-3.2210026213939034,高,3.1315385310326143,0.6895769302017515,0.4432241072681456,0,0,0.0,0.0,0.0,0,0,0,378.3554667547274,6,Beauty,Short Cycle,0.37773245342343853,39.64,0.6207927155356983,0.9999999999999999,0.9114285714285715,0.5904123565699216,0.6084604654655801,75.27830236803203,高忠诚度
CUST_000158,29,3397.11,117.14172413793104,2025-11-12,2023-02-10,0.0,0.3103448275862069,0.28972836429483223,0.6521810867742587,0.06765172413793104,0.3432,0.3103448275862069,9,124.99793103448276,3624.94,227.82,49,1006,1,0.08991569926391345,0.06283060392615432,0.20240102692994236,1.066974745393536,6,6,8,5,3,1,1.0,1.0,5.0,0.0,2.0,31,Male,Family,Online,East,0.7053786959625228,0.28972836429483223,0.6521810867742587,10.0,5.0,5.0,4.5,2,promoter,0.0,0.0,0.0,0.0,0.0,13.0,194.30769230769232,1.0,5.0,5.0,0.0,2.0,1,2,2.5237125873369948,-1.4141327606817848,高,-0.8426578671066446,0.28972836429483223,0.6521810867742587,0,0,0.0,0.0,0.0,0,0,1,438.11544047013047,6,Beauty,Medium Cycle,0.39549000900499387,35.92857142857143,0.6563732852172286,0.9824999999999999,1.0,0.5901993863734332,0.4890590067833148,75.44257445386808,高忠诚度
CUST_000159,25,2848.2400000000002,113.92960000000001,2025-12-18,2023-03-03,0.0,0.16,0.6268380224172766,0.09333038362514513,0.052564,0.4688,0.16,4,118.3892,2959.73,111.49000000000001,13,1021,1,0.10029408358676425,0.03765625369419029,0.014932861380023222,1.0390522697990865,5,6,3,3,3,5,1.0,0.0,0.0,2.0,1.0,56,Female,Family,Hybrid,Central,0.26698770517451464,0.6268380224172766,0.09333038362514513,7.5,3.5,3.5,4.0,2,passive,4.0,3.0,10.0,4.0,0.75,3.0,179.33333333333334,1.0,1.0,1.0,0.0,0.0,0,1,-2.9898682151875255,-1.0184606318827412,中,-0.3389830508474576,0.6268380224172766,0.09333038362514513,0,0,0.0,0.0,0.0,0,0,0,378.3554667547274,6,Beauty,Short Cycle,0.725410626156066,42.541666666666664,0.7216183233462526,0.6379285714285714,0.16714285714285712,0.39470277991429514,0.5121316619339865,53.70642347096894,中忠诚度
CUST_000160,20,2090.88,104.54400000000001,2025-08-12,2023-03-25,0.0,0.5,0.12182935272213964,0.6347545459554313,0.09521,0.4551,0.5,10,112.61449999999999,2252.29,161.44,141,871,1,0.06091467636106982,0.0716463482285902,0.3173772729777157,1.077094133175201,1,7,2,5,3,2,0.0,3.0,3.0,2.0,2.0,44,Male,Family,Store,South,0.6132239407920819,0.12182935272213963,0.6347545459554313,10.0,5.0,5.0,5.0,1,promoter,1.0,0.0,13.0,1.0,0.0,8.0,117.5,0.0,3.0,3.0,2.0,0.0,1,0,1.6438228864061033,1.625778592284801,低,5.300958044268253,0.12182935272213964,0.6347545459554313,0,0,0.0,0.0,0.0,0,0,1,378.3554667547274,6,Beauty,Short Cycle,0.026838406089025546,45.8421052631579,0.40692479014821686,0.9999999999999999,0.7542857142857142,0.4012315954290737,0.4601928942182507,61.44339676344208,中忠诚度
CUST_000161,18,2594.86,144.1588888888889,2025-12-17,2023-02-06,0.05555555555555555,0.2222222222222222,0.3940332546302998,0.7125563856114285,0.05141111111111111,0.3793,0.2222222222222222,4,150.31888888888886,2705.74,110.88,14,1045,1,0.08756294547339995,0.040964407368273274,0.15834586346920634,1.0426583019914912,3,5,5,2,1,2,0.0,1.0,1.0,2.0,0.0,26,Male,Young Professional,Store,West,0.23861119106944292,0.3940332546302998,0.7125563856114285,7.333333333333333,3.6666666666666665,3.6666666666666665,3.3333333333333335,3,detractor,1.0,1.0,0.0,1.0,1.0,5.0,29.4,1.0,0.0,2.0,0.0,2.0,-1,1,-3.3432248423818156,-0.46464338231866453,中,-0.6477984665936474,0.3940332546302998,0.7125563856114285,0,0,0.0,0.0,0.0,0,0,0,378.3554667547274,6,Beauty,Short Cycle,0.832105938940733,61.470588235294116,0.6947671422921868,0.6191904761904761,0.64,0.2575387320074717,0.4767987092815861,56.93783779286336,中忠诚度
CUST_000162,26,2283.8,87.83846153846154,2025-10-30,2023-02-28,0.07692307692307693,0.19230769230769232,0.3287674926968224,0.46005387397375064,0.03618846153846154,0.2869,0.19230769230769232,5,89.27230769230769,2321.08,37.26,62,975,1,0.06322451782631201,0.016045958795562597,0.0884718988411059,1.0162079805259054,6,4,3,8,1,4,0.0,1.0,3.0,1.0,0.0,32,Male,Young Professional,Online,West,0.4381199125816716,0.3287674926968224,0.46005387397375064,9.0,4.0,4.0,4.0,1,promoter,1.0,1.0,0.0,1.0,1.0,9.0,116.66666666666667,1.0,2.0,5.0,1.0,0.0,1,1,-1.8077710138620995,-1.9544556165345845,中,12.810618500273671,0.3287674926968224,0.46005387397375064,0,0,0.0,0.0,0.0,0,0,0,498.32680731697,6,Beauty,Long Cycle,0.3204819943287368,39.0,0.5996336574578521,0.7945714285714285,0.64,0.44151961322931543,0.4584962424870881,60.95353327376733,中忠诚度
CUST_000163,22,2642.3,120.10454545454546,2025-09-30,2023-01-13,0.13636363636363635,0.3181818181818182,0.29094850937461525,0.7323327385670336,0.06546363636363636,0.3374,0.3181818181818182,7,126.10363636363637,2774.28,131.98,92,991,1,0.09257452571010485,0.04755556196131561,0.23301496227132887,1.0498614958448753,1,6,4,5,3,3,0.0,2.0,4.0,1.0,0.0,32,Male,Student,Store,South,0.5284459643314237,0.29094850937461525,0.7323327385670336,10.0,5.0,5.0,4.0,3,promoter,1.0,0.0,13.0,1.0,0.0,9.0,113.33333333333333,2.0,0.0,3.0,3.0,1.0,1,2,0.3403698226101233,-0.8168098809079684,高,-0.5632229493026637,0.29094850937461525,0.7323327385670336,0,0,0.0,0.0,0.0,0,0,1,378.3554667547274,6,Beauty,Short Cycle,0.1817900157312594,47.19047619047619,0.5237590128399086,0.9649999999999999,0.7542857142857142,0.4123500470033818,0.37853974019468833,63.01540290745402,中忠诚度
CUST_000164,33,3653.16,110.70181818181818,2025-12-16,2023-02-28,0.030303030303030304,0.21212121212121213,0.16375132482375454,0.7501248480682212,0.036193939393939396,0.3516,0.21212121212121213,7,114.58090909090909,3781.17,128.01000000000002,15,1022,1,0.034735129508069146,0.03384564945520693,0.15911739201447117,1.0349474064524604,4,4,7,9,5,4,3.0,1.0,2.0,1.0,0.0,43,Male,Young Professional,Online,South,0.660730870948263,0.16375132482375454,0.7501248480682212,10.0,5.0,5.0,5.0,2,promoter,2.0,1.0,12.0,2.0,0.5,10.0,43.2,1.0,1.0,5.0,3.0,0.0,1,2,1.0911074788768642,-3.208992394308152,高,6.061385559777842,0.16375132482375454,0.7501248480682212,0,0,0.0,0.0,0.0,0,0,1,498.32680731697,6,Beauty,Long Cycle,0.6343614719355932,31.9375,0.7644763256935966,0.9999999999999999,0.5085714285714286,0.39856389407757387,0.5863456836200026,70.33650486484298,高忠诚度
CUST_000165,31,2964.72,95.63612903225805,2025-11-06,2023-03-05,0.0967741935483871,0.25806451612903225,0.4159715006303275,0.7360932258181706,0.07915483870967742,0.5695,0.25806451612903225,8,100.73838709677419,3122.89,158.14000000000001,55,977,1,0.1073474840336329,0.05062278121188647,0.18995954214662467,1.0532406080208294,9,9,6,1,3,3,2.0,2.0,3.0,1.0,0.0,59,Female,Senior,Store,East,0.6850266189405476,0.4159715006303275,0.7360932258181706,10.0,5.0,5.0,5.0,1,promoter,1.0,0.0,11.0,1.0,0.0,15.0,73.26666666666667,2.0,3.0,6.0,4.0,0.0,1,2,2.568003227016392,-1.580830795676609,高,0.15997023809523805,0.4159715006303275,0.7360932258181706,0,0,0.0,0.0,0.0,0,0,0,489.87898021966913,6,Beauty,Long Cycle,0.3246044092869824,32.56666666666667,0.6449862281554354,0.9999999999999999,0.7828571428571428,0.5497143171080101,0.43551047616895167,70.87081588667462,高忠诚度
CUST_000166,14,1471.14,105.08142857142857,2025-08-26,2023-01-06,0.21428571428571427,0.21428571428571427,0.194815737376156,0.8211883384707391,0.07286428571428571,0.4139,0.21428571428571427,3,110.45928571428571,1546.43,75.28,127,963,1,0.041746229437747716,0.04864840412813504,0.17596892967230124,1.0510779729215376,3,2,2,3,3,1,1.0,1.0,1.0,0.0,0.0,30,Female,Young Professional,Online,West,0.20999787903713343,0.19481573737615598,0.8211883384707391,6.0,3.0,3.0,3.0,1,detractor,0.0,0.0,0.0,0.0,0.0,7.0,202.71428571428572,2.0,2.0,1.0,0.0,2.0,-1,1,-4.4465447934909,1.1825018261502331,中,-0.8630625396154659,0.194815737376156,0.8211883384707391,0,0,0.0,0.0,0.0,0,0,1,489.87898021966913,6,Beauty,Long Cycle,0.14161847672249328,74.07692307692308,0.4200739305911716,0.44628571428571423,1.0,0.49486618424976847,0.2529542035328574,49.97666659161739,中忠诚度
CUST_000167,22,3147.55,143.07045454545457,2025-12-12,2023-02-26,0.0,0.3181818181818182,0.294732849761181,0.6536196568690691,0.08435454545454546,0.4174,0.3181818181818182,7,154.99409090909091,3409.87,262.34,19,1020,1,0.09377863401492123,0.07691292837311302,0.20796989082197653,1.083265295749054,1,7,8,2,2,2,0.0,1.0,3.0,2.0,1.0,68,Female,Family,Store,West,0.6350868790203147,0.294732849761181,0.6536196568690691,10.0,5.0,5.0,4.5,2,promoter,2.0,0.0,8.5,2.0,0.0,7.0,62.42857142857143,0.0,1.0,4.0,1.0,1.0,1,2,1.4673633977726757,-0.74796281903423,高,11.213897937024973,0.294732849761181,0.6536196568690691,0,0,0.0,0.0,0.0,0,0,1,438.11544047013047,6,Beauty,Medium Cycle,0.7256117980791188,48.57142857142857,0.6936992666075043,0.9824999999999999,0.7585714285714286,0.32914891613166525,0.6037451906610777,70.7454610286877,高忠诚度
CUST_000168,20,2940.43,147.0215,2025-12-18,2023-01-13,0.0,0.05,0.5393806027375769,0.5732556137787791,0.014835000000000001,0.2967,0.05,1,151.89249999999998,3037.85,97.42,13,1070,1,0.026969030136878847,0.03205817990358195,0.028662780688938957,1.0330609427231578,2,4,5,2,4,3,0.0,0.0,1.0,0.0,0.0,49,Other,Family,Hybrid,East,0.4955881295378641,0.5393806027375769,0.5732556137787791,8.666666666666666,4.333333333333333,4.333333333333333,4.333333333333333,3,promoter,2.0,0.0,7.0,2.0,0.0,6.0,170.66666666666666,2.0,2.0,2.0,0.0,0.0,1,1,-2.098890786826297,-4.143629940544374,中,-0.28772250511380953,0.5393806027375769,0.5732556137787791,0,0,0.0,0.0,0.0,0,0,0,438.11544047013047,6,Beauty,Medium Cycle,0.8101033908778306,56.31578947368421,0.7139121734482282,0.8154285714285714,0.7799999999999999,0.4542420246859319,0.5871591428139827,69.12409700165986,中忠诚度
CUST_000169,40,4510.88,112.772,2025-09-22,2023-01-27,0.0,0.175,0.3867538705202503,0.39995216337431544,0.0421075,0.477,0.175,7,116.75049999999999,4670.0199999999995,159.14,100,969,1,0.0676819273410438,0.034069646458375256,0.0699916285905052,1.0351873525917255,8,6,11,6,3,6,1.0,3.0,2.0,0.0,1.0,56,Male,Family,Online,North,0.8896322115578359,0.3867538705202503,0.39995216337431544,9.666666666666666,4.333333333333333,5.0,5.0,3,promoter,0.0,0.0,0.0,0.0,0.0,16.0,134.0,2.0,6.0,3.0,2.0,3.0,1,2,2.5504305739534296,-3.8256050950081923,高,-0.9078954180688584,0.3867538705202503,0.39995216337431544,0,0,0.0,0.0,0.0,0,0,0,438.11544047013047,6,Beauty,Medium Cycle,0.06377552756768123,24.846153846153847,0.6279804195491743,0.9401904761904761,1.0,0.6677920008790242,0.5636564316162105,75.81590097866565,高忠诚度
CUST_000170,12,1086.08,90.50666666666666,2025-10-20,2023-04-16,0.16666666666666666,0.4166666666666667,0.3170819429765318,0.08835093801305545,0.13424166666666668,0.399,0.4166666666666667,5,103.9775,1247.73,161.66,72,918,1,0.1321174762402216,0.1294595308833775,0.03681289083877311,1.1487111029276378,2,4,1,2,2,1,1.0,2.0,2.0,0.0,0.0,66,Male,Student,Hybrid,East,0.34189512872156336,0.3170819429765318,0.08835093801305546,8.0,4.0,4.0,4.0,2,passive,1.0,0.0,3.0,1.0,0.0,6.0,0.0,0.0,0.0,3.0,2.0,1.0,0,0,-1.3061870862319152,3.526621741309559,低,-0.0505818642700772,0.3170819429765318,0.08835093801305545,0,0,0.0,0.0,0.0,0,0,0,378.3554667547274,6,Beauty,Short Cycle,0.5918296540843371,83.45454545454545,0.5212190995522112,0.7231428571428571,0.8971428571428571,0.2163157894736842,0.24470919361698323,54.087662018640636,中忠诚度
CUST_000171,16,1727.26,107.95375,2025-12-24,2023-03-03,0.0,0.3125,0.20993918885344476,0.848588649488696,0.08776875,0.5007,0.3125,5,115.765625,1852.25,125.0,7,1027,1,0.06560599651670149,0.06744907594765952,0.26518395296521746,1.072263838556923,3,6,2,1,3,1,2.0,1.0,1.0,0.0,1.0,69,Female,Family,Store,Central,0.3871413315258967,0.20993918885344476,0.848588649488696,7.333333333333333,3.3333333333333335,3.6666666666666665,3.6666666666666665,3,passive,1.0,0.0,9.0,1.0,0.0,4.0,0.0,0.0,0.0,1.0,2.0,1.0,0,0,-1.9679130025020086,1.344502679432622,低,-0.5116223908918406,0.20993918885344476,0.848588649488696,0,0,0.0,0.0,0.0,0,0,1,378.3554667547274,6,Beauty,Short Cycle,0.8936741886525905,68.46666666666667,0.691350482007676,0.6128571428571429,0.8114285714285714,0.17421052631578948,0.4074117182251344,56.957705271201284,中忠诚度
CUST_000172,46,4973.74,108.12478260869565,2025-10-10,2023-01-24,0.0,0.30434782608695654,0.49412742588368946,0.5209809673280859,0.0783804347826087,0.3926,0.30434782608695654,14,117.61239130434782,5410.17,436.42,82,990,1,0.15038660787764463,0.08065168900625928,0.15855942483898267,1.0876462546741184,9,12,8,4,8,5,1.0,1.0,7.0,3.0,2.0,49,Male,Senior,Hybrid,West,0.9396462230975946,0.49412742588368946,0.5209809673280859,10.0,5.0,5.0,5.0,3,promoter,0.0,0.0,0.0,0.0,0.0,7.0,164.14285714285714,0.0,3.0,3.0,1.0,0.0,1,2,4.088413620231981,-1.103376135151146,高,1.0357568533969008,0.49412742588368946,0.5209809673280859,0,0,0.0,0.0,0.0,0,0,0,378.3554667547274,6,Beauty,Short Cycle,0.11188414368220556,22.0,0.7033792409483571,0.9999999999999999,1.0,0.4130469179211076,0.6514604898534778,77.0689883450695,高忠诚度
CUST_000173,30,2856.98,95.23266666666667,2025-12-19,2023-02-09,0.0,0.5,0.5168590286951638,0.8010329922231035,0.14344666666666667,0.6221,0.5,15,110.24433333333333,3307.33,450.34000000000003,12,1044,1,0.2584295143475819,0.13612305906605449,0.40051649611155177,1.1575099395229027,8,7,7,6,1,1,2.0,3.0,6.0,3.0,1.0,21,Other,Family,Hybrid,South,0.7584472169119019,0.5168590286951638,0.8010329922231035,10.0,5.0,5.0,5.0,2,promoter,0.0,0.0,0.0,0.0,0.0,15.0,60.4,0.0,2.0,9.0,2.0,2.0,1,2,6.246606152456391,3.1126801973732836,高,-0.48110465116279066,0.5168590286951638,0.8010329922231035,0,0,0.0,0.0,0.0,0,0,0,489.87898021966913,6,Beauty,Long Cycle,0.6867388532374408,36.0,0.7601814475156454,0.9999999999999999,1.0,0.4943420136981284,0.4115554043036972,76.39390469549674,高忠诚度
CUST_000174,12,1716.62,143.05166666666665,2025-12-30,2023-05-16,0.08333333333333333,0.25,0.253830901689093,0.5262011643018915,0.08360833333333334,0.5323,0.25,3,157.73916666666665,1892.87,176.23000000000002,1,959,1,0.06345772542227325,0.0930528494564041,0.13155029107547286,1.1025956172746019,2,2,4,2,2,0,0.0,0.0,1.0,2.0,0.0,47,Male,Senior,Store,Central,0.1851608192691574,0.253830901689093,0.5262011643018915,5.0,2.5,2.5,2.5,2,detractor,1.0,0.0,6.0,1.0,0.0,3.0,115.33333333333333,0.0,1.0,1.0,1.0,0.0,-1,1,-4.44900324498671,2.086506547018091,中,0.8850067842605156,0.253830901689093,0.5262011643018915,0,0,0.0,0.0,0.0,0,0,1,438.11544047013047,5,Beauty,Medium Cycle,0.9597190712292832,87.18181818181819,0.6580161656670453,0.30785714285714283,0.8542857142857143,0.28464710837636886,0.48431646178515664,51.78565280814853,中忠诚度
CUST_000175,17,2288.6,134.6235294117647,2025-12-30,2023-04-03,0.0,0.4117647058823529,0.31593280348900604,0.8243713731485651,0.0884529411764706,0.3214,0.4117647058823529,7,147.53470588235294,2508.09,219.49,1,1002,1,0.13008997790723778,0.0874779302456269,0.3394470360023503,1.0958243947622524,1,5,5,1,4,1,1.0,1.0,0.0,4.0,1.0,54,Other,High Net Worth,Store,West,0.40774597648804933,0.31593280348900604,0.8243713731485651,9.0,5.0,5.0,4.0,1,promoter,2.0,0.0,9.0,2.0,0.0,9.0,152.88888888888889,0.0,3.0,5.0,1.0,0.0,1,0,1.2180900283960292,0.952066390830725,低,3.2881314668289714,0.31593280348900604,0.8243713731485651,0,0,0.0,0.0,0.0,0,0,0,378.3554667547274,6,Beauty,Short Cycle,0.8942620944511006,62.625,0.6963136592002976,0.8935714285714285,0.7514285714285713,0.42664371436594273,0.5295009783305662,68.84229445217083,中忠诚度
CUST_000176,25,2638.62,105.5448,2025-12-07,2023-05-17,0.12,0.2,0.4169533372854457,0.49759979930968007,0.0435,0.3468,0.2,5,107.9312,2698.28,59.660000000000004,24,935,1,0.08339066745708915,0.02210219021368661,0.09951995986193601,1.022513424306616,6,6,5,4,3,1,1.0,2.0,1.0,1.0,0.0,40,Male,Student,Hybrid,East,0.6216228544655393,0.4169533372854457,0.49759979930968007,8.0,3.5,4.0,4.0,2,detractor,0.0,0.0,0.0,0.0,0.0,16.0,66.625,2.0,3.0,4.0,3.0,4.0,-1,1,-1.1333659812862467,-2.0382390422910683,中,-0.8712468807856395,0.4169533372854457,0.49759979930968007,0,0,0.0,0.0,0.0,0,0,0,489.87898021966913,6,Beauty,Long Cycle,0.619168379287909,38.958333333333336,0.6674218970940085,0.6961428571428572,1.0,0.5927854768706735,0.37693111558572684,66.97197722823768,中忠诚度
CUST_000177,32,4327.42,135.231875,2025-12-17,2023-02-26,0.09375,0.21875,0.18431842837189058,0.6526079026900663,0.051762499999999996,0.4113,0.21875,7,140.8871875,4508.39,180.99,14,1025,1,0.040319656206351064,0.040136249027030266,0.142757978713452,1.041742341268191,6,6,7,4,7,2,0.0,1.0,6.0,0.0,0.0,56,Female,Young Professional,Store,Central,0.7380604208641571,0.18431842837189058,0.6526079026900663,10.0,5.0,5.0,5.0,1,promoter,1.0,0.0,14.0,1.0,0.0,9.0,15.444444444444445,1.0,0.0,5.0,2.0,1.0,1,2,1.5014615785276189,-3.3573730765863607,高,-0.03705321792316302,0.18431842837189058,0.6526079026900663,0,0,0.0,0.0,0.0,0,0,1,438.11544047013047,6,Beauty,Medium Cycle,0.6504571433961042,33.064516129032256,0.7615123185837779,0.9999999999999999,0.74,0.343700081798093,0.5596687043554112,72.49590134981588,高忠诚度
CUST_000178,12,1103.58,91.96499999999999,2025-10-09,2023-01-24,0.0,0.16666666666666666,0.4494429931609411,0.5565163516261099,0.04555,0.315,0.16666666666666666,2,98.8875,1186.65,83.06,83,989,1,0.07490716552682351,0.06993642908264219,0.09275272527101831,1.0751562924707803,2,2,0,1,3,4,0.0,0.0,1.0,0.0,1.0,62,Female,Young Professional,Online,West,0.31929511817284656,0.4494429931609411,0.5565163516261099,7.0,3.3333333333333335,3.3333333333333335,4.333333333333333,3,passive,1.0,0.0,5.0,1.0,0.0,2.0,0.0,0.0,0.0,1.0,1.0,0.0,0,1,-4.063850508619506,0.27823459468046574,中,1.9116770522893527,0.4494429931609411,0.5565163516261099,0,0,0.0,0.0,0.0,0,0,0,570.7290665608045,5,Beauty,Long Cycle,0.55570546061277,89.9090909090909,0.5266858188630059,0.5973809523809523,0.8685714285714285,0.10210526315789473,0.4590688074675242,52.181280863366695,中忠诚度
CUST_000179,46,5935.79,129.03891304347826,2025-11-06,2023-01-22,0.0,0.2391304347826087,0.17818842975276147,0.5422044141358939,0.06279565217391304,0.3448,0.2391304347826087,11,133.24978260869565,6129.49,193.68,55,1019,1,0.04261027668000818,0.031592906929136175,0.12965757729336594,1.0325525373762898,8,9,9,5,10,5,0.0,1.0,7.0,3.0,0.0,32,Other,Family,Store,North,0.8096199805128073,0.1781884297527615,0.5422044141358939,10.0,5.0,5.0,4.666666666666667,3,promoter,0.0,0.0,0.0,0.0,0.0,15.0,123.46666666666667,2.0,3.0,7.0,2.0,1.0,1,2,3.678158549534649,-4.223588998690413,高,5.991328160657234,0.17818842975276147,0.5422044141358939,0,0,0.0,0.0,0.0,0,0,1,513.7160654092345,6,Beauty,Long Cycle,0.25589725226955007,22.644444444444446,0.7601207657441971,0.9883333333333333,1.0,0.6006746511372377,0.7425236425958117,82.65993071165498,高忠诚度
CUST_000180,8,714.46,89.3075,2025-12-06,2023-01-14,0.0,0.25,0.2162864333178975,0.4395724558486643,0.08785,0.5133,0.25,2,94.52250000000001,756.1800000000001,41.71,25,1057,1,0.05407160832947437,0.05508597691434005,0.10989311396216607,1.0582752540095726,2,3,1,1,1,0,0.0,1.0,1.0,0.0,0.0,60,Male,Senior,Hybrid,North,0.16510947576881183,0.2162864333178975,0.4395724558486643,9.0,4.0,4.0,5.0,1,promoter,1.0,0.0,7.0,1.0,0.0,3.0,79.33333333333333,2.0,0.0,1.0,0.0,0.0,1,1,-2.408840728406401,0.40899537914284534,中,8.497421018697615,0.2162864333178975,0.4395724558486643,0,0,0.0,0.0,0.0,0,0,1,378.3554667547274,5,Beauty,Short Cycle,0.9946874771037474,151.0,0.6450460673614224,0.8295714285714285,0.84,0.3229491264696187,0.41886267456138493,63.817844750593444,中忠诚度
CUST_000181,14,1929.51,137.82214285714286,2025-12-29,2023-04-01,0.0,0.35714285714285715,0.013173640116984473,0.4343593160818295,0.08482857142857143,0.4264,0.35714285714285715,5,150.4257142857143,2105.96,176.45999999999998,2,1003,1,0.004704871470351597,0.08375099669666249,0.15512832717208197,1.0913689010960537,2,2,4,1,4,1,2.0,1.0,2.0,0.0,0.0,46,Female,Young Professional,Hybrid,South,0.2282176663823056,0.013173640116984471,0.4343593160818295,6.0,2.0,2.0,3.0,1,detractor,1.0,0.0,9.0,1.0,0.0,5.0,249.8,1.0,2.0,0.0,1.0,1.0,-1,0,-3.548774378947162,2.075360694865017,低,-0.08368333465409306,0.013173640116984473,0.4343593160818295,0,0,0.0,0.0,0.0,0,0,1,438.11544047013047,6,Beauty,Medium Cycle,0.9362244724323188,77.15384615384616,0.6809409557850253,0.34728571428571425,0.8114285714285714,0.4795637841995385,0.47172034936745577,55.5510621056271,中忠诚度
CUST_000182,23,2081.49,90.4995652173913,2025-11-02,2023-01-10,0.0,0.5217391304347826,0.20239953158707036,0.5985560272476012,0.17178695652173911,0.534,0.5217391304347826,12,105.62652173913042,2429.41,347.90999999999997,59,1027,1,0.1055997556106454,0.14314868684707518,0.3122901011726615,1.1670205407067233,1,9,2,5,3,3,0.0,8.0,3.0,0.0,1.0,53,Other,Family,Hybrid,West,0.7844631749141787,0.20239953158707039,0.5985560272476012,10.0,5.0,5.0,5.0,1,promoter,1.0,0.0,9.0,1.0,0.0,13.0,195.30769230769232,1.0,5.0,3.0,3.0,1.0,1,2,4.879725239236759,3.4124480451417947,高,0.4583933198963433,0.20239953158707036,0.5985560272476012,0,0,0.0,0.0,0.0,0,0,1,378.3554667547274,6,Beauty,Short Cycle,0.4013844362709693,46.68181818181818,0.6097647216405362,0.9999999999999999,0.8114285714285714,0.62061692290788,0.40857430302400743,70.90223860962297,高忠诚度
CUST_000183,21,1706.73,81.27285714285715,2025-12-04,2023-02-28,0.0,0.3333333333333333,0.07871278629872085,0.7234922623864146,0.10701428571428571,0.5186,0.3333333333333333,7,91.44,1920.24,213.51,27,1010,1,0.02623759543290695,0.11113135266806853,0.2411640874621382,1.1249604555520403,4,7,2,4,1,3,1.0,2.0,3.0,0.0,1.0,30,Female,Senior,Store,North,0.48500273798927424,0.07871278629872085,0.7234922623864146,9.0,4.666666666666667,4.0,4.333333333333333,3,promoter,1.0,1.0,0.0,1.0,1.0,9.0,114.55555555555556,0.0,3.0,2.0,2.0,2.0,1,0,0.8801207232258623,1.8364550632915506,低,4.092698729130326,0.07871278629872085,0.7234922623864146,0,0,0.0,0.0,0.0,0,0,1,378.3554667547274,6,Beauty,Short Cycle,0.6831371497738377,50.5,0.6687392356036749,0.8422380952380952,0.64,0.44063814721215006,0.44175505624183586,63.9540275008724,中忠诚度
CUST_000184,18,1867.78,103.76555555555555,2025-09-22,2023-01-31,0.05555555555555555,0.4444444444444444,0.2630776784835085,0.9349517652753081,0.13895000000000002,0.5179,0.4444444444444444,8,115.2811111111111,2075.06,207.23,100,965,1,0.1169234126593371,0.09981888770074082,0.4155341179001369,1.1108696117689885,2,7,2,2,4,1,1.0,2.0,3.0,1.0,1.0,49,Female,Family,Hybrid,East,0.5364531595624301,0.2630776784835085,0.934951765275308,7.666666666666667,3.3333333333333335,3.6666666666666665,3.6666666666666665,3,passive,2.0,0.0,8.0,2.0,0.0,10.0,105.6,1.0,2.0,5.0,2.0,0.0,0,0,0.5106839478756736,3.5579462247494895,低,1.754786905497221,0.2630776784835085,0.9349517652753081,0,0,0.0,0.0,0.0,0,0,1,378.3554667547274,6,Beauty,Short Cycle,0.19033968321027395,56.76470588235294,0.4810193488689073,0.6366666666666666,0.7657142857142857,0.449618173827052,0.4227264592380904,54.9181309144253,中忠诚度
CUST_000185,39,4513.01,115.71820512820513,2025-12-04,2023-02-06,0.02564102564102564,0.1794871794871795,0.2571377378662631,0.4307132868886478,0.05188974358974358,0.5187,0.1794871794871795,7,120.60794871794872,4703.71,190.69,27,1032,1,0.046152927309329274,0.04053172246535918,0.07730751303129575,1.042165551468959,10,4,9,4,6,6,1.0,2.0,4.0,0.0,0.0,24,Female,Student,Online,West,0.7548736072439338,0.2571377378662631,0.4307132868886478,10.0,5.0,5.0,5.0,1,promoter,3.0,0.0,7.666666666666667,3.0,0.0,10.0,92.5,2.0,2.0,1.0,3.0,2.0,1,2,2.095537741821804,-3.5741251207390885,高,-0.8183114491117581,0.2571377378662631,0.4307132868886478,0,0,0.0,0.0,0.0,0,0,1,489.87898021966913,6,Beauty,Long Cycle,0.5012772103578571,27.157894736842106,0.7787625965576882,0.9999999999999999,0.7104761904761904,0.4991484452257994,0.5548017409889276,74.8292735470944,高忠诚度
CUST_000186,12,996.55,83.04583333333333,2025-08-25,2023-03-15,0.0,0.25,0.08728053973411891,0.324047859154448,0.036158333333333334,0.1838,0.25,3,86.53500000000001,1038.42,41.87,128,894,1,0.021820134933529727,0.040282080390987275,0.081011964788612,1.041889492008388,3,2,1,4,1,1,1.0,0.0,1.0,0.0,1.0,68,Male,Young Professional,Store,East,0.3190875611412842,0.08728053973411891,0.324047859154448,8.0,3.0,4.0,4.0,1,passive,2.0,1.0,2.0,2.0,0.5,7.0,124.85714285714286,0.0,2.0,3.0,2.0,0.0,0,1,-3.885594069748914,-0.07092735507481927,中,-0.3191685257976557,0.08728053973411891,0.324047859154448,0,0,0.0,0.0,0.0,0,0,1,498.32680731697,6,Beauty,Long Cycle,0.1717049904917276,81.27272727272727,0.389754994901978,0.669142857142857,0.6514285714285715,0.360929411210699,0.35791505642291693,48.97531686156357,中忠诚度
CUST_000187,11,1279.83,116.34818181818181,2025-11-22,2023-01-13,0.0,0.18181818181818182,0.3446879813302094,0.20098489621620305,0.08368181818181818,0.4622,0.18181818181818182,2,121.68727272727273,1338.56,58.730000000000004,39,1044,1,0.06267054206003807,0.04384275433724507,0.03654270840294601,1.0457990218291482,1,3,2,0,3,2,0.0,0.0,1.0,1.0,0.0,39,Female,Young Professional,Online,East,0.17321124079598504,0.3446879813302094,0.20098489621620302,5.0,3.0,3.0,2.0,1,detractor,2.0,1.0,11.0,2.0,0.5,7.0,147.85714285714286,0.0,3.0,2.0,1.0,1.0,-1,1,-4.876097409226327,0.503660652015972,中,9.747882210568779,0.3446879813302094,0.20098489621620305,0,0,0.0,0.0,0.0,0,0,0,378.3554667547274,5,Beauty,Short Cycle,0.9075901018827803,104.4,0.6370652489467044,0.33985714285714286,0.5228571428571428,0.43624703721726027,0.4987317105628175,49.47592439938801,中忠诚度
CUST_000188,20,2837.22,141.861,2025-12-24,2023-01-04,0.05,0.5,0.7307712075689045,0.3970938928978664,0.17004,0.5649,0.5,10,163.869,3277.38,440.16,7,1085,1,0.36538560378445223,0.13426143400093948,0.1985469464489332,1.1550563540117431,2,5,6,1,5,1,1.0,0.0,8.0,1.0,0.0,45,Female,Student,Online,North,0.6247430202940095,0.7307712075689045,0.3970938928978664,10.0,5.0,5.0,5.0,1,promoter,0.0,0.0,0.0,0.0,0.0,11.0,197.54545454545453,0.0,7.0,3.0,1.0,0.0,1,2,4.744145314880825,3.109953511701834,高,2.8083224444667807,0.7307712075689045,0.3970938928978664,0,0,0.0,0.0,0.0,0,1,0,438.11544047013047,6,Beauty,Medium Cycle,0.8451714334894432,57.10526315789474,0.7296215072024368,0.9999999999999999,1.0,0.5631523009459499,0.517365852257734,78.09641751412836,高忠诚度
CUST_000189,34,3461.45,101.80735294117646,2025-12-28,2023-02-21,0.058823529411764705,0.4117647058823529,0.8296486521715151,0.5602262782838915,0.15645294117647057,0.6982,0.4117647058823529,14,116.8979411764706,3974.53,513.08,3,1041,1,0.34162003324709445,0.12905952162353196,0.2306814087051318,1.1481141259290715,3,14,4,4,5,4,1.0,4.0,4.0,5.0,0.0,19,Female,Family,Online,West,0.7326720067561643,0.8296486521715151,0.5602262782838915,9.666666666666666,5.0,5.0,4.666666666666667,3,promoter,5.0,0.0,7.0,5.0,0.0,9.0,78.55555555555556,0.0,2.0,3.0,3.0,1.0,1,2,5.273864749290729,2.732637827924823,高,3.8185311161501643,0.8296486521715151,0.5602262782838915,0,0,0.0,0.0,0.0,0,1,0,378.3554667547274,6,Beauty,Short Cycle,0.7186351889680214,31.545454545454547,0.8033026229230272,0.9645238095238093,0.6,0.3978290541942888,0.5057995737044304,70.76660334426683,高忠诚度
CUST_000190,25,2943.32,117.73280000000001,2025-12-14,2023-05-26,0.0,0.12,0.08795395760385215,0.5924271056664243,0.028188,0.3133,0.12,3,119.30239999999999,2982.56,39.25,17,933,1,0.010554474912462258,0.013155425062676803,0.07109125267997092,1.0132458205512351,4,6,5,5,2,3,0.0,1.0,2.0,0.0,0.0,59,Male,Senior,Online,Central,0.5029299280876653,0.08795395760385215,0.5924271056664243,9.0,4.666666666666667,4.666666666666667,4.333333333333333,3,promoter,1.0,0.0,2.0,1.0,0.0,5.0,188.6,1.0,1.0,2.0,1.0,0.0,1,1,-1.846588893735787,-3.4684755917394736,中,-0.07504977791392257,0.08795395760385215,0.5924271056664243,0,0,0.0,0.0,0.0,0,0,1,378.3554667547274,6,Beauty,Short Cycle,0.6713126705375622,38.875,0.68232716346331,0.8722380952380953,0.9114285714285715,0.40401054829139654,0.5435861656141004,70.1611465648627,高忠诚度
CUST_000191,24,2380.5,99.1875,2025-11-19,2023-01-08,0.08333333333333333,0.16666666666666666,0.46348544068645253,0.6865695596202134,0.05884166666666666,0.4504,0.16666666666666666,4,102.25708333333334,2454.17,73.67,42,1046,1,0.07724757344774208,0.03000606882619126,0.11442825993670222,1.0308433512269295,6,7,4,2,4,1,1.0,2.0,0.0,0.0,1.0,62,Male,Family,Store,North,0.49295445906310686,0.46348544068645253,0.6865695596202135,8.0,4.333333333333333,3.6666666666666665,4.0,3,passive,0.0,0.0,0.0,0.0,0.0,4.0,142.25,0.0,1.0,1.0,1.0,1.0,0,1,-2.2628300668529193,-1.1876891074962965,中,-0.379252877177536,0.46348544068645253,0.6865695596202134,0,0,0.0,0.0,0.0,0,0,0,378.3554667547274,6,Beauty,Short Cycle,0.5281123899926012,45.47826086956522,0.6606945829708135,0.7261428571428571,1.0,0.32610509834084167,0.41034268564383,64.0211256774659,中忠诚度
CUST_000192,13,1054.23,81.09461538461538,2025-09-18,2023-04-16,0.0,0.23076923076923078,0.48215729192563017,0.42830331515554343,0.07803076923076922,0.5895,0.23076923076923078,3,86.77384615384615,1128.06,73.84,104,886,1,0.11126706736745312,0.06539953589711796,0.09883922657435618,1.069900223832467,1,7,1,3,1,0,1.0,0.0,0.0,1.0,1.0,74,Female,Young Professional,Online,North,0.22961954573896093,0.4821572919256301,0.42830331515554343,8.666666666666666,4.333333333333333,4.0,4.333333333333333,3,passive,1.0,0.0,5.0,1.0,0.0,5.0,81.8,0.0,1.0,2.0,0.0,2.0,0,0,-2.3692679108157657,1.103713225858294,低,0.8730500268961807,0.48215729192563017,0.42830331515554343,0,0,0.0,0.0,0.0,0,0,0,378.3554667547274,5,Beauty,Short Cycle,0.27038010850755634,73.83333333333333,0.4322832553500005,0.8004285714285714,0.8685714285714285,0.2794176464124821,0.42228854365261204,56.53337622576215,中忠诚度
CUST_000193,22,2315.19,105.23590909090909,2025-12-27,2023-03-06,0.045454545454545456,0.36363636363636365,0.5346341368481178,0.6851637321534221,0.08751363636363636,0.5039,0.36363636363636365,8,111.11227272727272,2444.47,129.27,4,1027,1,0.19441241339931556,0.05286100422413688,0.24915044805578984,1.0557395882370724,2,7,2,4,4,3,0.0,4.0,1.0,1.0,2.0,70,Female,Student,Store,West,0.3857585296697561,0.5346341368481178,0.6851637321534221,6.5,3.0,3.5,3.0,2,detractor,2.0,1.0,5.0,2.0,0.5,6.0,254.16666666666666,0.0,4.0,1.0,1.0,0.0,-1,0,-1.7225595925292514,2.16133548134587,低,-0.6928871090770403,0.5346341368481178,0.6851637321534221,0,0,0.0,0.0,0.0,0,0,0,378.3554667547274,6,Beauty,Short Cycle,0.8187193998810459,48.904761904761905,0.7251938209778372,0.5045,0.6085714285714285,0.48910632531223674,0.3847362040849971,56.60452399886506,中忠诚度
CUST_000194,47,5253.88,111.78468085106383,2025-10-27,2023-01-22,0.0851063829787234,0.3617021276595745,0.29538910945446706,0.6783811707643876,0.11430212765957447,0.5717,0.3617021276595745,17,121.09255319148937,5691.35,437.5,65,1009,1,0.10684286937714767,0.07685753686965839,0.24537191282967213,1.0831691836288029,8,13,8,7,7,4,5.0,2.0,5.0,4.0,1.0,23,Male,Student,Online,West,0.9089509576186376,0.29538910945446706,0.6783811707643876,10.0,5.0,5.0,5.0,2,promoter,2.0,1.0,3.0,2.0,0.5,13.0,75.0,0.0,4.0,5.0,3.0,1.0,1,2,5.516349744331068,-0.6417286448441708,高,5.4271342741372095,0.29538910945446706,0.6783811707643876,0,0,0.0,0.0,0.0,0,0,1,378.3554667547274,6,Beauty,Short Cycle,0.19127792987613423,21.934782608695652,0.7448422687730939,0.9999999999999999,0.6371428571428571,0.5019225275329,0.6040309888425572,73.49171366596752,高忠诚度
CUST_000195,15,2633.85,175.59,2025-11-08,2023-08-14,0.13333333333333333,0.2,0.5144731094696574,0.42357523843461653,0.05418,0.2849,0.2,3,183.95200000000003,2759.28,125.42,53,817,1,0.10289462189393149,0.04543741939223557,0.08471504768692331,1.0475626423690207,1,3,6,1,3,1,1.0,1.0,0.0,1.0,0.0,45,Female,Senior,Online,East,0.40356910438949795,0.5144731094696574,0.42357523843461653,8.0,5.0,4.0,4.0,1,passive,1.0,0.0,2.0,1.0,0.0,7.0,184.85714285714286,2.0,3.0,1.0,1.0,0.0,0,1,-2.4486375216506557,-1.514005482682101,中,11.748673036093418,0.5144731094696574,0.42357523843461653,0,0,0.0,0.0,0.0,0,0,0,438.11544047013047,6,Beauty,Medium Cycle,0.5432489327176305,58.357142857142854,0.5192041471953461,0.7771428571428571,0.9114285714285715,0.523124460420362,0.5594250358022562,64.91436685919965,中忠诚度
CUST_000196,13,1363.42,104.87846153846155,2025-09-18,2023-01-01,0.0,0.15384615384615385,0.5625250545680979,0.43354267278146313,0.04274615384615385,0.2797,0.15384615384615385,2,105.94615384615385,1377.3,13.87,104,991,1,0.08654231608739968,0.010063121236305594,0.06669887273560972,1.0100839719848922,5,3,1,0,2,2,1.0,0.0,1.0,0.0,0.0,45,Male,Family,Online,West,0.4372517705025126,0.5625250545680979,0.43354267278146313,8.666666666666666,4.0,4.333333333333333,3.6666666666666665,3,passive,0.0,0.0,0.0,0.0,0.0,6.0,0.0,0.0,0.0,4.0,1.0,1.0,0,1,-3.5253667769498707,-1.7898003664450681,中,0.12631760843269413,0.5625250545680979,0.43354267278146313,0,0,0.0,0.0,0.0,0,0,0,489.87898021966913,5,Beauty,Long Cycle,0.33205435997508514,82.58333333333333,0.4751413614574598,0.7740952380952381,1.0,0.2163157894736842,0.44857073099286116,58.57991960310292,中忠诚度
CUST_000197,18,1715.65,95.3138888888889,2025-10-28,2023-01-08,0.05555555555555555,0.2777777777777778,0.7886233833318019,0.15060395723748038,0.08717222222222222,0.4194,0.2777777777777778,5,99.70666666666666,1794.72,79.09,64,1024,1,0.21906205092550055,0.04404361481745484,0.04183443256596677,1.0459777483783357,1,5,2,4,2,4,1.0,1.0,3.0,0.0,0.0,61,Male,Senior,Online,East,0.49135543182837266,0.7886233833318019,0.15060395723748038,8.0,4.5,4.0,4.0,2,passive,0.0,0.0,0.0,0.0,0.0,8.0,178.125,1.0,4.0,2.0,1.0,0.0,0,1,-1.158269090593348,0.22797267749837724,中,-0.6436163561335501,0.7886233833318019,0.15060395723748038,0,0,0.0,0.0,0.0,0,1,0,378.3554667547274,6,Beauty,Short Cycle,0.4695767941645639,60.23529411764706,0.5800294945441046,0.7501428571428571,1.0,0.5190447478299087,0.35351195747396724,64.2428068444527,中忠诚度
CUST_000198,15,2163.6,144.23999999999998,2025-12-29,2023-03-02,0.0,0.3333333333333333,0.44153073626148504,0.7731596729587987,0.09026666666666668,0.399,0.3333333333333333,5,151.40066666666664,2271.0099999999998,107.42,2,1033,1,0.14717691208716166,0.047279721480099124,0.25771989098626624,1.0495713460427498,3,3,6,2,0,1,0.0,0.0,3.0,2.0,0.0,61,Male,Family,Store,North,0.36858395953539536,0.44153073626148504,0.7731596729587987,8.0,4.0,4.0,4.0,3,passive,1.0,0.0,9.0,1.0,0.0,10.0,94.7,0.0,3.0,3.0,1.0,3.0,0,0,-0.7699524389551182,0.16621307893940243,低,-0.704339363913832,0.44153073626148504,0.7731596729587987,0,0,0.0,0.0,0.0,0,0,0,438.11544047013047,5,Beauty,Medium Cycle,0.9272397794874399,73.78571428571429,0.6956427252063855,0.7231428571428571,0.8114285714285714,0.44506702560158223,0.46592230783196414,64.78412175769475,中忠诚度
CUST_000199,35,3601.55,102.90142857142858,2025-12-16,2023-01-12,0.02857142857142857,0.2857142857142857,0.06774031717695453,0.5460329923613458,0.08776,0.4425,0.2857142857142857,10,108.77457142857143,3807.11,205.54,15,1069,1,0.01935437633627272,0.053974281205112246,0.15600942638895596,1.0569727088481078,2,10,7,6,6,4,1.0,5.0,3.0,1.0,0.0,37,Male,Young Professional,Store,South,0.7912493976537339,0.06774031717695453,0.5460329923613458,10.0,5.0,5.0,5.0,1,promoter,1.0,0.0,3.0,1.0,0.0,9.0,39.333333333333336,0.0,1.0,4.0,3.0,1.0,1,2,2.3937279204338786,-1.9170011523442494,高,3.151115300031417,0.06774031717695453,0.5460329923613458,0,0,0.0,0.0,0.0,0,0,1,378.3554667547274,6,Beauty,Short Cycle,0.6305701304478102,31.441176470588236,0.7929364036492698,0.9999999999999999,0.8971428571428571,0.3536745656765435,0.5593384246870917,75.94042982207547,高忠诚度
CUST_000200,24,2584.14,107.6725,2025-12-21,2023-01-07,0.041666666666666664,0.375,0.32339003709360803,0.6758020448078207,0.09072083333333332,0.3747,0.375,9,117.31041666666668,2815.4500000000003,231.32,10,1079,1,0.12127126391010301,0.08213176161479877,0.2534257668029328,1.0894102260503487,5,4,4,4,2,5,0.0,2.0,4.0,2.0,1.0,47,Female,High Net Worth,Store,Central,0.7059459464510173,0.32339003709360803,0.6758020448078207,8.5,4.0,4.0,4.5,2,promoter,0.0,0.0,0.0,0.0,0.0,14.0,126.35714285714286,1.0,4.0,3.0,4.0,2.0,1,2,2.1383800277703586,0.3838812943660553,高,-0.3176392572944297,0.32339003709360803,0.6758020448078207,0,0,0.0,0.0,0.0,0,0,0,489.87898021966913,6,Beauty,Long Cycle,0.7729069204770462,46.91304347826087,0.7423678996067533,0.7763571428571429,1.0,0.5867812799221436,0.4209969074343428,71.79663836997847,高忠诚度
CUST_000201,14,1578.71,112.765,2025-11-10,2023-02-18,0.07142857142857142,0.2857142857142857,0.443256586355564,0.5151921492654141,0.09804285714285714,0.4864,0.2857142857142857,4,119.80857142857143,1677.32,98.61,51,996,1,0.12664473895873254,0.05875518375518376,0.14719775693297546,1.062368179371061,3,3,4,1,2,1,0.0,0.0,2.0,1.0,1.0,28,Male,Young Professional,Store,North,0.3689705074998135,0.443256586355564,0.5151921492654141,4.666666666666667,2.0,2.0,2.6666666666666665,3,detractor,1.0,0.0,6.0,1.0,0.0,8.0,37.125,0.0,1.0,5.0,2.0,0.0,-1,1,-3.894655641866231,1.9395943305904946,中,-0.26999999999999996,0.443256586355564,0.5151921492654141,0,0,0.0,0.0,0.0,0,0,0,438.11544047013047,6,Beauty,Medium Cycle,0.6982525764385206,76.61538461538461,0.5959070685878789,0.24038095238095236,0.8542857142857143,0.30517209647291504,0.3776208357923658,46.9429155654251,中忠诚度
CUST_000202,17,2343.4,137.8470588235294,2025-12-27,2023-03-19,0.11764705882352941,0.35294117647058826,0.2771090197782022,0.6396754001354412,0.10258235294117647,0.4352,0.35294117647058826,6,149.41294117647058,2540.02,196.60000000000002,4,1014,1,0.09780318345113019,0.07737050475793186,0.2257677882830969,1.0838251044346874,2,5,5,1,3,1,0.0,0.0,3.0,2.0,1.0,72,Other,High Net Worth,Online,West,0.46847824508019703,0.2771090197782022,0.6396754001354412,8.0,4.0,4.0,5.0,2,passive,1.0,0.0,4.0,1.0,0.0,3.0,172.33333333333334,0.0,1.0,1.0,0.0,1.0,0,0,-0.894151346863138,1.2021182204519116,低,1.02484539437995,0.2771090197782022,0.6396754001354412,0,0,0.0,0.0,0.0,0,0,1,378.3554667547274,6,Beauty,Short Cycle,0.885685167426623,63.375,0.6959190158306219,0.7581428571428571,0.8828571428571429,0.30844669083983445,0.4720475078821569,64.7814120271771,中忠诚度
CUST_000203,21,2210.04,105.24,2025-08-14,2023-01-27,0.047619047619047616,0.23809523809523808,0.5438781940783874,0.7175082455251282,0.08066190476190475,0.6264,0.23809523809523808,5,111.07476190476189,2332.5699999999997,122.52000000000001,139,930,1,0.12949480811390177,0.05250324609932422,0.17083529655360194,1.055342155864721,4,6,2,3,1,5,1.0,2.0,2.0,0.0,0.0,45,Other,Family,Hybrid,Central,0.4541023657275746,0.5438781940783874,0.7175082455251282,9.333333333333334,4.333333333333333,4.0,4.333333333333333,3,promoter,1.0,0.0,12.0,1.0,0.0,6.0,226.0,0.0,3.0,2.0,1.0,0.0,1,0,-0.6556944780328625,0.16640578378651313,低,2.783600228767515,0.5438781940783874,0.7175082455251282,0,0,0.0,0.0,0.0,0,0,0,378.3554667547274,6,Beauty,Short Cycle,0.03035898192883868,46.5,0.4340029325898573,0.848047619047619,0.7685714285714286,0.43567904625865284,0.488667151928856,59.615042855270254,中忠诚度
CUST_000204,25,3317.1,132.684,2025-10-13,2023-01-06,0.04,0.32,0.1431842764484858,0.5860853575867733,0.06868,0.3783,0.32,8,137.4176,3435.44,118.36,79,1011,1,0.04581896846351546,0.03444262085181176,0.18754731442776745,1.0355976909279998,1,7,9,7,1,0,0.0,2.0,1.0,3.0,2.0,42,Female,Young Professional,Store,South,0.4982333815154755,0.1431842764484858,0.5860853575867733,10.0,5.0,5.0,5.0,1,promoter,1.0,0.0,3.0,1.0,0.0,7.0,24.285714285714285,0.0,3.0,1.0,3.0,0.0,1,2,0.5806510761060119,-1.6795108413802917,高,-0.8965465753716858,0.1431842764484858,0.5860853575867733,0,0,0.0,0.0,0.0,0,0,1,438.11544047013047,5,Beauty,Medium Cycle,0.22732570575213829,42.125,0.5714065012496047,0.9999999999999999,0.8971428571428571,0.35465145117491015,0.4757957814688539,68.05604638428746,中忠诚度
CUST_000205,19,1959.58,103.13578947368421,2025-12-21,2023-01-13,0.05263157894736842,0.3684210526315789,0.8121961524981028,0.6197229281986372,0.1264263157894737,0.6088,0.3684210526315789,7,116.13999999999999,2206.66,247.07,10,1073,1,0.2992301614466695,0.11191487819682379,0.2283189735468663,1.1259790689723792,2,8,3,2,4,0,1.0,0.0,1.0,2.0,3.0,56,Female,Family,Store,South,0.3783491361894662,0.8121961524981028,0.6197229281986372,8.333333333333334,4.333333333333333,4.0,4.333333333333333,3,promoter,3.0,0.0,7.333333333333333,3.0,0.0,6.0,52.666666666666664,1.0,1.0,1.0,2.0,1.0,1,0,1.1240819695607964,2.8971844032280343,低,-0.33036885843417413,0.8121961524981028,0.6197229281986372,0,0,0.0,0.0,0.0,0,1,0,378.3554667547274,5,Beauty,Short Cycle,0.8427735103098047,59.611111111111114,0.7157081426379046,0.7766190476190477,0.7152380952380951,0.38163938028788047,0.3763848342204915,62.98565511581033,中忠诚度
CUST_000206,21,2360.32,112.39619047619048,2025-11-26,2023-04-25,0.047619047619047616,0.3333333333333333,0.3056266819321865,0.801658684045627,0.08191428571428572,0.5583,0.3333333333333333,7,117.48904761904762,2467.27,106.92,35,946,1,0.10187556064406217,0.0433177893828471,0.2672195613485423,1.0452186585216032,4,6,3,5,3,0,2.0,3.0,2.0,0.0,0.0,50,Male,High Net Worth,Online,East,0.33083846285729174,0.3056266819321865,0.801658684045627,8.666666666666666,4.333333333333333,4.0,4.333333333333333,3,promoter,3.0,0.0,8.0,3.0,0.0,5.0,39.6,1.0,0.0,3.0,1.0,0.0,1,0,-0.6166808394534073,0.44613970273332726,低,-0.83207343412527,0.3056266819321865,0.801658684045627,0,0,0.0,0.0,0.0,0,0,0,378.3554667547274,5,Beauty,Short Cycle,0.5984730008079706,47.3,0.6274214078269016,0.8004285714285714,0.7057142857142856,0.26179760465882873,0.3945513946177307,59.26430579538401,中忠诚度
CUST_000207,43,7261.889999999999,168.88116279069766,2025-12-22,2023-02-02,0.023255813953488372,0.2558139534883721,0.14910561162376085,0.661820938438607,0.061209302325581395,0.5013,0.2558139534883721,11,174.64069767441862,7509.55,247.66999999999996,9,1054,1,0.03814329599677603,0.03297628003275392,0.1693030307633646,1.034042840304476,0,9,14,8,6,6,1.0,5.0,3.0,0.0,2.0,18,Female,Student,Online,Central,0.7690209053451845,0.14910561162376085,0.661820938438607,10.0,4.5,5.0,5.0,2,promoter,1.0,0.0,5.0,1.0,0.0,8.0,141.0,1.0,3.0,2.0,2.0,0.0,1,2,3.329408212176842,-4.161426619592662,高,3.9706803939122652,0.14910561162376085,0.661820938438607,0,0,0.0,0.0,0.0,0,0,1,438.11544047013047,5,Clothing,Medium Cycle,0.6279200034670701,25.095238095238095,0.8546033954746719,0.973,0.8685714285714285,0.4722937039885727,0.8468337571883556,82.77858521046551,高忠诚度
CUST_000208,38,5975.19,157.24184210526315,2025-12-12,2023-01-21,0.02631578947368421,0.15789473684210525,0.1946040999178858,0.41032233211453367,0.05237105263157895,0.5028,0.15789473684210525,6,160.2642105263158,6090.04,114.82,19,1056,1,0.030726963144929335,0.018850639628043814,0.06478773664966321,1.0191563315298793,5,9,10,4,6,4,1.0,1.0,2.0,1.0,1.0,74,Female,Student,Online,East,0.8562843187806247,0.1946040999178858,0.41032233211453367,9.333333333333334,4.666666666666667,5.0,4.666666666666667,3,promoter,3.0,1.0,9.5,3.0,0.3333333333333333,12.0,100.16666666666667,0.0,5.0,2.0,3.0,2.0,1,2,1.9386549774367619,-5.039977680472391,高,0.13803478690957055,0.1946040999178858,0.41032233211453367,0,0,0.0,0.0,0.0,0,0,1,438.11544047013047,6,Beauty,Medium Cycle,0.5766949235886574,28.54054054054054,0.7988254524329262,0.9227142857142858,0.5176190476190476,0.5186214884811193,0.7390689667246739,73.66226325821754,高忠诚度
CUST_000209,17,3304.3900000000003,194.3758823529412,2025-12-19,2023-01-14,0.0,0.17647058823529413,0.7080474930981832,0.3326116471258359,0.05153529411764706,0.5573,0.17647058823529413,3,202.60294117647058,3444.25,139.86,12,1070,1,0.12494955760556174,0.04059502213192077,0.05869617302220634,1.0422718909627906,1,6,7,1,1,1,0.0,1.0,2.0,0.0,0.0,44,Male,Senior,Online,North,0.32051321219288287,0.7080474930981832,0.3326116471258359,6.5,3.5,2.0,4.0,2,detractor,0.0,0.0,0.0,0.0,0.0,7.0,131.42857142857142,0.0,4.0,1.0,2.0,0.0,-1,1,-2.957218685197477,-1.5755488456790143,中,2.374907749077491,0.7080474930981832,0.3326116471258359,0,0,0.0,0.0,0.0,0,1,0,438.11544047013047,6,Beauty,Medium Cycle,0.8670713901793065,66.875,0.7026949833277912,0.499,1.0,0.4351017941513491,0.7109927852268462,65.74726819050667,中忠诚度
CUST_000210,17,2798.4300000000003,164.61352941176472,2025-12-24,2023-02-14,0.11764705882352941,0.17647058823529413,0.2033709674054612,0.49948883732264104,0.03614117647058823,0.3181,0.17647058823529413,3,172.17705882352942,2927.01,128.59,7,1044,1,0.03588899424802257,0.043917199736339695,0.0881450889392896,1.0458836561137712,1,4,6,2,1,3,0.0,1.0,1.0,1.0,0.0,74,Female,Senior,Store,Central,0.44950622120917916,0.2033709674054612,0.499488837322641,7.0,4.0,3.0,3.0,1,passive,0.0,0.0,0.0,0.0,0.0,3.0,0.0,0.0,0.0,3.0,0.0,0.0,0,1,-3.6626644087389897,-1.7276885880732287,中,12.170283192350128,0.2033709674054612,0.49948883732264104,0,0,0.0,0.0,0.0,0,0,1,438.11544047013047,6,Beauty,Medium Cycle,0.8812156451394912,65.25,0.7015784115479502,0.5717142857142856,1.0,0.0931578947368421,0.5675617895605863,60.25100475375709,中忠诚度
CUST_000211,28,3116.5,111.30357142857143,2025-11-09,2023-03-11,0.14285714285714285,0.14285714285714285,0.4652705413688146,0.391784656202869,0.04978928571428571,0.6079,0.14285714285714285,4,117.66571428571429,3294.64,178.15,52,974,1,0.06646722019554495,0.054056268281729804,0.05596923660040985,1.0570653045771596,5,8,4,3,4,4,0.0,2.0,1.0,1.0,0.0,69,Female,Student,Store,North,0.6414651651971283,0.4652705413688146,0.39178465620286906,10.0,4.5,5.0,5.0,2,promoter,1.0,0.0,14.0,1.0,0.0,8.0,128.0,0.0,4.0,2.0,2.0,0.0,1,2,0.3845177569234793,-2.3941529921354787,高,1.1432907682646012,0.4652705413688146,0.391784656202869,0,0,0.0,0.0,0.0,0,0,0,378.3554667547274,6,Beauty,Short Cycle,0.3733792656239592,36.074074074074076,0.632703403124045,0.973,0.74,0.4368657290407647,0.5004698475305872,68.46613574229163,中忠诚度
CUST_000212,9,1510.6599999999999,167.8511111111111,2025-10-03,2023-03-28,0.0,0.2222222222222222,0.7495478914809749,0.6595002867607199,0.07365555555555556,0.555,0.2222222222222222,2,173.0288888888889,1557.26,46.61,89,920,1,0.1665661981068833,0.029911568031008945,0.14655561928015998,1.030786033427106,0,1,4,2,1,1,1.0,0.0,1.0,0.0,0.0,30,Female,Young Professional,Store,East,0.16179576875442106,0.7495478914809749,0.6595002867607199,6.666666666666667,3.3333333333333335,3.3333333333333335,3.0,3,passive,0.0,0.0,0.0,0.0,0.0,4.0,34.0,0.0,1.0,0.0,2.0,1.0,0,1,-4.3277662353947,0.3863595575447979,中,0.13472008521718556,0.7495478914809749,0.6595002867607199,0,0,0.0,0.0,0.0,0,1,0,438.11544047013047,5,Clothing,Medium Cycle,0.7009656499162911,115.0,0.5080111237398862,0.5269047619047619,1.0,0.25090676848697946,0.5298581829994754,55.124427032112465,中忠诚度
CUST_000213,34,3394.44,99.8364705882353,2025-12-15,2023-02-18,0.029411764705882353,0.29411764705882354,0.18586218244457542,0.14574475126841827,0.09613529411764707,0.5456,0.29411764705882354,10,105.92676470588235,3601.5099999999998,207.08,16,1031,1,0.0546653477778163,0.057482144393769904,0.04286610331424067,1.0608964351150882,6,9,3,4,8,4,2.0,5.0,1.0,1.0,1.0,58,Female,Family,Hybrid,Central,0.7639928372482212,0.18586218244457542,0.14574475126841827,10.0,5.0,5.0,4.666666666666667,3,promoter,2.0,0.0,4.0,2.0,0.0,10.0,97.4,0.0,5.0,4.0,1.0,0.0,1,2,2.5057932210597498,-1.6020075636405051,高,5.818722139673105,0.18586218244457542,0.14574475126841827,0,0,0.0,0.0,0.0,0,0,1,378.3554667547274,6,Beauty,Short Cycle,0.6213611636009282,31.242424242424242,0.7715477775216074,0.9883333333333333,0.8228571428571428,0.46619437424458854,0.5423018201391863,75.32506671759532,高忠诚度
CUST_000214,22,2755.67,125.25772727272728,2025-09-24,2023-04-18,0.09090909090909091,0.2727272727272727,0.6946082232076677,0.4371725992672903,0.09305,0.5323,0.2727272727272727,6,131.29545454545453,2888.5,132.85,98,890,1,0.1894386063293639,0.04597681259733518,0.11922889070926099,1.0481187565541439,2,5,5,3,3,4,0.0,0.0,4.0,1.0,1.0,20,Female,Young Professional,Hybrid,East,0.3138767826004581,0.6946082232076677,0.4371725992672903,7.0,3.0,4.0,4.0,1,passive,1.0,0.0,2.0,1.0,0.0,8.0,79.875,0.0,2.0,6.0,0.0,0.0,0,1,-1.589704875596938,0.5265273326736202,中,1.8824113945014904,0.6946082232076677,0.4371725992672903,0,0,0.0,0.0,0.0,0,0,0,378.3554667547274,6,Beauty,Short Cycle,0.1297148601092829,42.38095238095238,0.4796482564836272,0.5977142857142858,0.9114285714285715,0.3242717833205142,0.5091221943472496,55.50464307381099,中忠诚度
CUST_000215,23,2502.86,108.82000000000001,2025-12-11,2023-01-14,0.0,0.391304347826087,0.5743503954231751,0.6221800674025667,0.13441739130434782,0.6076,0.391304347826087,9,119.2704347826087,2743.2200000000003,240.35,20,1062,1,0.2247458069047207,0.08758408582402284,0.2434617655053522,1.0959334262851115,2,7,3,4,5,2,2.0,1.0,4.0,0.0,2.0,56,Male,High Net Worth,Store,Central,0.6273231971480657,0.5743503954231751,0.6221800674025667,8.666666666666666,4.666666666666667,4.0,3.3333333333333335,3,promoter,0.0,0.0,0.0,0.0,0.0,5.0,94.4,1.0,2.0,0.0,2.0,0.0,1,0,1.4385154139496725,2.258944124982923,低,3.035818951481602,0.5743503954231751,0.6221800674025667,0,0,0.0,0.0,0.0,0,0,0,378.3554667547274,6,Beauty,Short Cycle,0.7167663463085963,48.27272727272727,0.7111947130041578,0.7834285714285714,1.0,0.38467860674651133,0.5088752073016519,69.32486288656146,中忠诚度
CUST_000216,9,791.78,87.97555555555556,2025-08-26,2023-01-19,0.1111111111111111,0.4444444444444444,0.07230046299655643,0.6117339759250574,0.08922222222222222,0.2712,0.4444444444444444,4,99.12666666666667,892.14,100.36999999999999,127,950,1,0.03213353910958063,0.11237879839666792,0.27188176707780326,1.126624319648427,1,1,2,3,0,2,1.0,0.0,2.0,0.0,1.0,23,Female,High Net Worth,Hybrid,East,0.0984449427504485,0.07230046299655643,0.6117339759250574,4.0,2.5,2.5,2.0,2,detractor,0.0,0.0,0.0,0.0,0.0,4.0,8.5,0.0,1.0,2.0,1.0,0.0,-1,0,-4.842812525253485,4.904000505578493,低,-0.39355877616747187,0.07230046299655643,0.6117339759250574,0,0,0.0,0.0,0.0,0,0,1,498.32680731697,5,Beauty,Long Cycle,0.433575569655517,118.75,0.4357973905214456,0.21892857142857144,1.0,0.24025958685858698,0.23940016344168868,40.742032255861794,中忠诚度
CUST_000217,28,2671.14,95.39785714285713,2025-10-16,2023-01-13,0.03571428571428571,0.2857142857142857,0.5455001374346956,0.6927113912727949,0.09176785714285715,0.6064,0.2857142857142857,8,102.2682142857143,2863.51,192.37,76,1007,1,0.15585718212419875,0.06715633738405521,0.19791754036365566,1.0719055783066684,5,8,6,5,4,0,1.0,1.0,3.0,2.0,1.0,25,Female,Young Professional,Online,South,0.6187447036096981,0.5455001374346956,0.6927113912727949,9.5,4.5,5.0,5.0,2,promoter,1.0,0.0,13.0,1.0,0.0,8.0,88.75,1.0,1.0,2.0,2.0,2.0,1,2,1.6217732227139163,0.030857934911537075,高,-0.548460661345496,0.5455001374346956,0.6927113912727949,0,0,0.0,0.0,0.0,0,0,0,378.3554667547274,5,Beauty,Short Cycle,0.21629655386685753,37.2962962962963,0.5935388435660109,0.9372857142857142,0.7542857142857142,0.4179774200637293,0.41853265038824233,65.10024493518847,中忠诚度
CUST_000218,24,3295.42,137.30916666666667,2025-12-28,2023-03-16,0.041666666666666664,0.16666666666666666,0.6599684969202565,0.27683872545543375,0.06999999999999999,0.5982,0.16666666666666666,4,140.70374999999999,3376.89,81.46000000000001,3,1018,1,0.10999474948670941,0.024115646157808576,0.04613978757590562,1.0246475667999733,6,7,6,1,4,0,0.0,1.0,2.0,0.0,1.0,44,Male,Student,Online,East,0.6213535608015543,0.6599684969202565,0.27683872545543375,9.0,3.5,4.5,4.0,2,promoter,0.0,0.0,0.0,0.0,0.0,11.0,93.9090909090909,1.0,2.0,4.0,4.0,0.0,1,1,-0.1675515742439036,-2.7585011823164955,中,-0.8778822097504902,0.6599684969202565,0.27683872545543375,0,0,0.0,0.0,0.0,0,0,0,378.3554667547274,5,Beauty,Short Cycle,0.7985945106376509,44.26086956521739,0.7348306629675474,0.7900714285714284,1.0,0.45897124192146715,0.5116072783195421,71.35538340692727,高忠诚度
CUST_000219,25,3348.87,133.9548,2025-10-10,2023-01-15,0.04,0.24,0.060824570760624266,0.632078334654376,0.055328,0.326,0.24,6,142.7748,3569.37,220.52,82,999,1,0.014597896982549824,0.06176390682198204,0.15169880031705024,1.0657635438562967,5,3,6,3,4,4,1.0,1.0,3.0,1.0,0.0,26,Male,High Net Worth,Online,South,0.6052277958368268,0.060824570760624266,0.632078334654376,9.666666666666666,4.666666666666667,5.0,4.666666666666667,3,promoter,2.0,0.0,7.0,2.0,0.0,9.0,41.44444444444444,0.0,1.0,3.0,3.0,2.0,1,2,0.5743131621481387,-2.109595384881594,高,-0.11371432269755999,0.060824570760624266,0.632078334654376,0,0,0.0,0.0,0.0,0,0,1,438.11544047013047,6,Beauty,Medium Cycle,0.2064932144078313,41.625,0.5615840008299166,0.9465238095238095,0.7799999999999999,0.35455603169370886,0.5347540362943343,65.55026628281338,中忠诚度
CUST_000220,10,1337.05,133.70499999999998,2025-05-12,2023-04-05,0.1,0.1,0.35862181418618133,0.3471497630790774,0.05121,0.5121,0.1,1,137.853,1378.53,41.48,233,768,1,0.03586218141861813,0.030068211637296758,0.03471497630790774,1.0309464158845307,2,3,2,1,2,0,0.0,0.0,1.0,0.0,0.0,54,Male,Young Professional,Store,East,0.265674160991582,0.35862181418618133,0.3471497630790774,7.0,4.0,4.0,4.0,2,detractor,0.0,0.0,0.0,0.0,0.0,4.0,71.75,0.0,1.0,3.0,0.0,0.0,-1,1,-5.275981899330555,-0.6068795745222573,中,-0.8875874875017855,0.35862181418618133,0.3471497630790774,0,0,0.0,0.0,0.0,0,0,0,378.3554667547274,5,Beauty,Short Cycle,0.0013762280459355125,85.33333333333333,0.2276387278573985,0.6517142857142857,1.0,0.2366687726623448,0.3815650673194681,47.39552657830629,中忠诚度
CUST_000221,16,2738.31,171.144375,2025-12-24,2023-05-10,0.0625,0.1875,0.39324012749801274,0.7022797739111907,0.0476,0.2931,0.1875,3,176.020625,2816.33,78.02,7,959,1,0.0737325239058774,0.02769288652731487,0.13167745760834826,1.0284319346204267,2,3,4,1,4,2,0.0,0.0,1.0,2.0,0.0,50,Female,Senior,Hybrid,Central,0.3630407580592796,0.39324012749801274,0.7022797739111907,6.5,3.5,3.5,4.0,2,detractor,2.0,0.0,7.0,2.0,0.0,5.0,209.6,0.0,2.0,1.0,2.0,0.0,-1,1,-3.7416815638763024,-1.5679916183740001,中,0.26180443003781745,0.39324012749801274,0.7022797739111907,0,0,0.0,0.0,0.0,0,0,0,438.11544047013047,6,Beauty,Medium Cycle,0.8758295764971895,63.93333333333333,0.6680141177161307,0.5665,0.7799999999999999,0.38277881551477855,0.5698335140289854,60.192108474640385,中忠诚度
CUST_000222,23,3073.3,133.6217391304348,2025-07-02,2023-01-14,0.17391304347826086,0.43478260869565216,0.2853422555881366,0.4349709624286356,0.09490434782608696,0.5409,0.43478260869565216,10,146.9026086956522,3378.76,305.47,182,900,1,0.12406185025571155,0.0903821573129453,0.18911780975158068,1.0993092632900932,4,3,4,4,7,1,1.0,1.0,7.0,1.0,0.0,68,Other,High Net Worth,Online,Central,0.5226259121471785,0.2853422555881366,0.4349709624286356,5.5,3.0,2.5,3.0,2,detractor,2.0,0.0,11.5,2.0,0.0,10.0,34.1,1.0,2.0,3.0,2.0,2.0,-1,0,-1.0352562849738363,2.8769263249315586,低,0.26656233698487225,0.2853422555881366,0.4349709624286356,0,0,0.0,0.0,0.0,0,0,1,513.7160654092345,6,Beauty,Long Cycle,0.002112999876083599,40.90909090909091,0.4041189973404539,0.38807142857142857,0.7157142857142856,0.44976431161410835,0.4134509645872155,45.50929906323347,中忠诚度
CUST_000223,8,1039.3,129.9125,2025-08-19,2023-01-26,0.0,0.375,0.2834627291320049,0.4837799614273835,0.0839375,0.274,0.375,3,139.9425,1119.54,80.24000000000001,134,936,1,0.10629852342450183,0.07160833169721742,0.18141748553526882,1.0771229001904983,1,1,2,2,2,0,1.0,1.0,1.0,0.0,0.0,59,Male,Young Professional,Hybrid,Central,0.382713990243287,0.2834627291320049,0.4837799614273835,8.0,3.0,5.0,4.0,1,passive,0.0,0.0,0.0,0.0,0.0,7.0,61.142857142857146,1.0,1.0,1.0,3.0,1.0,0,0,-2.371299052910925,1.4732746055123012,低,0.6990505917544543,0.2834627291320049,0.4837799614273835,0,0,0.0,0.0,0.0,0,0,1,438.11544047013047,5,Beauty,Medium Cycle,0.49768886642697585,133.71428571428572,0.431714701187891,0.7141428571428571,1.0,0.39432636915880515,0.4513428441991835,58.490050664578,中忠诚度
CUST_000224,11,1607.3,146.11818181818182,2025-11-22,2023-07-14,0.09090909090909091,0.2727272727272727,0.12919304823840808,0.5493355433771442,0.06338181818181819,0.2921,0.2727272727272727,3,156.20454545454547,1718.25,110.94,39,862,1,0.03523446770138402,0.06452813726915806,0.14981878455740294,1.0689556491498748,0,3,2,0,2,4,0.0,1.0,2.0,0.0,0.0,61,Female,Senior,Online,West,0.2866170856734087,0.12919304823840808,0.5493355433771442,7.5,3.5,4.5,4.0,2,passive,0.0,0.0,0.0,0.0,0.0,5.0,119.0,1.0,0.0,1.0,3.0,0.0,0,1,-3.182241288817248,0.17548040772399165,中,0.6766376122556789,0.12919304823840808,0.5493355433771442,0,0,0.0,0.0,0.0,0,0,1,570.7290665608045,4,Clothing,Long Cycle,0.8307250006474993,86.2,0.5687852519554621,0.6829285714285714,1.0,0.2949500054939017,0.4629676241856728,60.50553628957176,中忠诚度
CUST_000225,32,4519.12,141.2225,2025-11-05,2023-01-05,0.0,0.1875,0.4610834670839732,0.7385065249773034,0.045015625000000004,0.358,0.1875,6,149.230625,4775.38,256.26,56,1035,1,0.08645315007824497,0.05365151013947801,0.13846997343324438,1.0566309100242508,4,8,10,3,3,4,1.0,1.0,3.0,0.0,1.0,41,Male,Family,Hybrid,North,0.7765279154296235,0.4610834670839732,0.7385065249773034,10.0,5.0,5.0,5.0,3,promoter,1.0,0.0,3.0,1.0,0.0,7.0,80.28571428571429,1.0,1.0,4.0,0.0,1.0,1,2,1.5168441098877536,-3.1637796873003814,高,0.40560821484992116,0.4610834670839732,0.7385065249773034,0,0,0.0,0.0,0.0,0,0,0,438.11544047013047,6,Beauty,Medium Cycle,0.3232957067484886,33.38709677419355,0.6686401871891923,0.9999999999999999,0.8971428571428571,0.3723192113896432,0.6673030597037303,74.11068253921923,高忠诚度
CUST_000226,13,1801.77,138.5976923076923,2025-12-05,2023-01-03,0.15384615384615385,0.23076923076923078,0.012638171280138869,0.41384510125722496,0.04820769230769231,0.2864,0.23076923076923078,3,142.4576923076923,1851.95,50.18000000000001,26,1067,1,0.0029165010646474312,0.027081140883456114,0.09550271567474422,1.0277762361951273,1,3,4,2,3,0,1.0,0.0,1.0,1.0,0.0,32,Other,High Net Worth,Online,Central,0.06671305272208446,0.012638171280138869,0.41384510125722496,5.666666666666667,3.3333333333333335,3.0,2.6666666666666665,3,detractor,3.0,0.0,8.666666666666666,3.0,0.0,2.0,222.5,0.0,1.0,1.0,0.0,0.0,-1,1,-5.615986237076755,-0.26961851437602674,中,0.7677224736048267,0.012638171280138869,0.41384510125722496,0,0,0.0,0.0,0.0,0,0,1,438.11544047013047,5,Beauty,Medium Cycle,0.8989705583048958,88.91666666666667,0.6669760058821259,0.42880952380952386,0.6961904761904761,0.32000714207229974,0.4345920086512409,52.49136267541212,中忠诚度
CUST_000227,46,4664.36,101.3991304347826,2025-12-30,2023-02-02,0.021739130434782608,0.21739130434782608,0.38776994323573716,0.25959904533127015,0.05739347826086956,0.5488,0.21739130434782608,10,104.14652173913043,4790.74,126.38000000000001,1,1062,1,0.08429781374689937,0.026374552876408157,0.05643457507201525,1.0269935388718108,11,14,8,7,4,2,1.0,5.0,3.0,1.0,0.0,71,Female,High Net Worth,Online,South,0.8370830264274101,0.3877699432357372,0.25959904533127015,10.0,5.0,5.0,5.0,1,promoter,2.0,0.0,4.5,2.0,0.0,14.0,88.42857142857143,1.0,4.0,4.0,3.0,2.0,1,2,3.3120367888788294,-3.879917869289375,高,-0.6424753699493438,0.38776994323573716,0.25959904533127015,0,0,0.0,0.0,0.0,0,0,0,378.3554667547274,6,Beauty,Short Cycle,0.6766103273754803,23.6,0.8957807218058454,0.9999999999999999,0.8157142857142856,0.5709447156513413,0.5465877000966132,80.87212217610895,高忠诚度
CUST_000228,10,1401.25,140.125,2025-07-27,2023-01-01,0.0,0.3,0.3266466860836787,0.5804389476319234,0.07825,0.4573,0.3,3,148.16199999999998,1481.62,80.38000000000001,157,938,1,0.0979940058251036,0.054214835898611924,0.174131684289577,1.0572804795375887,0,4,3,2,1,0,1.0,0.0,1.0,0.0,1.0,49,Female,High Net Worth,Store,Central,0.23594636809925673,0.3266466860836787,0.5804389476319234,7.333333333333333,3.3333333333333335,3.3333333333333335,3.3333333333333335,3,promoter,0.0,0.0,0.0,0.0,0.0,4.0,24.75,1.0,0.0,2.0,1.0,0.0,1,1,-3.343357401611805,1.105453532961413,中,-0.5435859336305102,0.3266466860836787,0.5804389476319234,0,0,0.0,0.0,0.0,0,0,0,378.3554667547274,4,Clothing,Short Cycle,0.14228039019428784,104.22222222222223,0.3601514597359196,0.5861904761904762,1.0,0.2470445555433469,0.4361072944398977,50.70658344658816,中忠诚度
CUST_000229,26,2987.89,114.91884615384615,2025-08-27,2023-01-31,0.11538461538461539,0.4230769230769231,0.3323245378630786,0.4975715211567486,0.11558846153846154,0.5249,0.4230769230769231,11,130.34884615384615,3389.07,401.18,126,939,1,0.1405988429420717,0.11833973929741863,0.2105110281817013,1.1341699713869786,2,4,7,5,4,4,2.0,3.0,3.0,1.0,2.0,49,Male,Family,Online,West,0.5278433140658239,0.3323245378630786,0.4975715211567486,9.5,4.5,5.0,4.5,2,promoter,1.0,0.0,6.0,1.0,0.0,16.0,49.1875,0.0,3.0,6.0,4.0,3.0,1,2,3.570806807138521,1.6392951298265641,高,0.8153649167733674,0.3323245378630786,0.4975715211567486,0,0,0.0,0.0,0.0,0,0,0,438.11544047013047,6,Beauty,Medium Cycle,0.03646867400757825,37.56,0.48612310254807656,0.9197857142857142,0.8542857142857143,0.524254683551258,0.45137732751809867,65.02710181391122,中忠诚度
CUST_000230,27,2669.08,98.85481481481482,2025-12-13,2023-03-27,0.037037037037037035,0.2962962962962963,0.5291236823961698,0.6049130664794481,0.10124444444444444,0.5546,0.2962962962962963,8,110.60592592592593,2986.36,317.27,18,992,1,0.1567773873766429,0.10620414011033152,0.17923350117909573,1.1187592485061906,4,7,5,3,6,2,0.0,2.0,4.0,2.0,0.0,41,Male,High Net Worth,Online,South,0.5707587121344736,0.5291236823961698,0.6049130664794481,7.5,3.5,3.0,3.5,2,passive,0.0,0.0,0.0,0.0,0.0,8.0,220.0,1.0,3.0,3.0,1.0,0.0,0,0,0.4218553767131261,1.9235909599854477,低,-0.7450393857812344,0.5291236823961698,0.6049130664794481,0,0,0.0,0.0,0.0,0,0,0,378.3554667547274,6,Beauty,Short Cycle,0.6585989335821809,38.15384615384615,0.7117685910658857,0.5979285714285715,1.0,0.505279090209867,0.4102893169278936,65.03479812475726,中忠诚度
CUST_000231,12,1339.76,111.64666666666666,2025-07-19,2023-01-06,0.0,0.5833333333333334,0.3528483290025047,0.9658277147266124,0.17427499999999999,0.476,0.5833333333333334,7,127.1875,1526.25,186.51,165,925,1,0.20582819191812773,0.12212146014077589,0.5633995002571907,1.139094545780219,5,1,3,1,0,2,1.0,1.0,2.0,1.0,2.0,58,Male,Student,Online,West,0.27364300387477447,0.3528483290025047,0.9658277147266123,7.5,3.5,4.5,4.0,2,passive,1.0,0.0,11.0,1.0,0.0,2.0,259.5,0.0,1.0,0.0,1.0,0.0,0,0,-0.16955764095030798,6.630895104261305,低,3.7958663646659114,0.3528483290025047,0.9658277147266124,0,0,0.0,0.0,0.0,0,0,0,489.87898021966913,5,Beauty,Long Cycle,0.05044805772427896,84.0909090909091,0.34778113220922224,0.6829285714285714,0.7828571428571428,0.33545599384683006,0.41499159970875976,50.50621929818194,中忠诚度
CUST_000232,23,2826.54,122.89304347826086,2025-11-17,2023-01-17,0.08695652173913043,0.2608695652173913,0.4353404955524009,0.6497494285582801,0.06471304347826087,0.4412,0.2608695652173913,6,128.52173913043478,2956.0,129.45,44,1035,1,0.11356708579627849,0.043777477172810275,0.169499850928247,1.0457164891377793,5,6,4,4,2,2,1.0,2.0,0.0,0.0,3.0,69,Male,Family,Hybrid,South,0.3882566960639838,0.43534049555240084,0.6497494285582801,3.0,2.0,2.0,2.0,1,detractor,0.0,0.0,0.0,0.0,0.0,7.0,249.28571428571428,0.0,5.0,0.0,2.0,0.0,-1,1,-3.8801138393644954,1.1249739913211816,中,6.162136385312351,0.4353404955524009,0.6497494285582801,0,0,0.0,0.0,0.0,0,0,0,378.3554667547274,6,Beauty,Short Cycle,0.5246190739360137,47.04545454545455,0.6475753808579112,0.098,1.0,0.4900257428540035,0.5144135906373003,51.94385142810689,中忠诚度
CUST_000233,34,4351.83,127.995,2025-12-11,2023-01-03,0.08823529411764706,0.17647058823529413,0.3300229720129927,0.6690116207769805,0.05590588235294118,0.4101,0.17647058823529413,6,135.69088235294117,4613.49,261.67,20,1073,1,0.05823934800229283,0.05670615821033311,0.11806087425476128,1.0600436104288207,6,5,9,4,2,8,0.0,3.0,1.0,1.0,1.0,66,Female,Student,Store,East,0.6874197578406307,0.3300229720129927,0.6690116207769805,9.666666666666666,5.0,5.0,4.666666666666667,3,promoter,1.0,0.0,11.0,1.0,0.0,13.0,125.46153846153847,1.0,4.0,1.0,5.0,2.0,1,2,2.1931439228005587,-3.3096754177002867,高,0.03582583134300942,0.3300229720129927,0.6690116207769805,0,0,0.0,0.0,0.0,0,0,0,438.11544047013047,6,Beauty,Medium Cycle,0.6001591502026362,32.515151515151516,0.7766265037571258,0.9645238095238093,0.7828571428571428,0.572222832655752,0.5666397618630825,76.23768641144866,高忠诚度
CUST_000234,21,2149.0299999999997,102.33476190476189,2025-12-28,2023-03-15,0.0,0.19047619047619047,0.2598162800006217,0.15641304578781218,0.049757142857142854,0.5095,0.19047619047619047,4,105.67523809523809,2219.18,70.15,3,1019,1,0.04948881523821365,0.03159653721770307,0.029792961102440414,1.0325417356833113,4,6,2,3,4,2,0.0,1.0,0.0,2.0,1.0,66,Female,Young Professional,Online,North,0.4495575621722931,0.2598162800006217,0.15641304578781218,9.333333333333334,4.0,4.666666666666667,4.333333333333333,3,promoter,2.0,0.0,4.0,2.0,0.0,10.0,62.0,1.0,2.0,4.0,1.0,2.0,1,1,-0.7130218545225772,-2.2914976304661256,中,4.498773690078038,0.2598162800006217,0.15641304578781218,0,0,0.0,0.0,0.0,0,0,1,378.3554667547274,6,Beauty,Short Cycle,0.8345347407003145,50.95,0.7189760733211654,0.8600476190476191,0.8228571428571428,0.46141358092517304,0.5220137076239482,70.1647391469194,高忠诚度
CUST_000235,50,5972.9400000000005,119.45880000000001,2025-10-15,2023-01-05,0.06,0.38,0.36090929000666316,0.853887244167759,0.11469599999999999,0.4989,0.38,19,132.4526,6622.63,649.7,77,1014,1,0.137145530202532,0.09808820842951675,0.3244771527837484,1.1086794209031978,5,16,10,9,9,1,6.0,4.0,7.0,2.0,0.0,69,Other,Senior,Store,North,0.9286236001178759,0.36090929000666316,0.853887244167759,10.0,5.0,5.0,5.0,2,promoter,0.0,0.0,0.0,0.0,0.0,10.0,128.0,2.0,1.0,5.0,1.0,1.0,1,2,6.51101418475165,-0.006107972783939046,高,-0.6424678274034823,0.36090929000666316,0.853887244167759,0,0,0.0,0.0,0.0,0,0,0,378.3554667547274,6,Beauty,Short Cycle,0.1267953422751089,20.693877551020407,0.7480620527271012,0.9999999999999999,1.0,0.48897099219865947,0.5809645829131763,78.49089520849056,高忠诚度
CUST_000236,15,2342.36,156.15733333333336,2025-11-17,2023-04-01,0.13333333333333333,0.0,0.6708091821717577,0.4672975699190149,0.0,0.0,0.0,0,156.15733333333336,2342.36,0.0,44,961,1,0.0,0.0,0.0,0.9999359661218096,3,4,5,0,2,1,0.0,0.0,0.0,0.0,0.0,29,Other,Young Professional,Store,West,0.2863368266028622,0.6708091821717577,0.4672975699190149,7.666666666666667,3.6666666666666665,4.333333333333333,4.666666666666667,3,passive,0.0,0.0,0.0,0.0,0.0,6.0,0.0,0.0,0.0,4.0,2.0,0.0,0,1,-5.119157104809196,-4.72482135345116,中,0.2076961985914945,0.6708091821717577,0.4672975699190149,0,0,0.0,0.0,0.0,0,0,0,438.11544047013047,5,Beauty,Medium Cycle,0.6913435307648224,68.64285714285714,0.5971864220944739,0.7196666666666667,1.0,0.1863157894736842,0.5176300728131168,61.466447263802905,中忠诚度
CUST_000237,11,1628.72,148.06545454545454,2025-10-13,2023-03-08,0.0,0.2727272727272727,0.48734062438587994,0.7191033372091185,0.08623636363636362,0.4108,0.2727272727272727,3,151.51636363636362,1666.6799999999998,37.94,79,950,1,0.13291107937796726,0.022750167897918068,0.1961190919661232,1.0232375386013273,1,3,4,1,1,1,0.0,0.0,1.0,1.0,1.0,56,Female,Young Professional,Online,North,0.2962854621448152,0.48734062438587994,0.7191033372091185,8.333333333333334,4.333333333333333,4.666666666666667,4.666666666666667,3,passive,2.0,1.0,6.0,2.0,0.5,1.0,0.0,0.0,0.0,0.0,1.0,0.0,0,1,-3.135827196830661,0.019258632199775624,中,-0.3189934423639093,0.48734062438587994,0.7191033372091185,0,0,0.0,0.0,0.0,0,0,0,438.11544047013047,6,Beauty,Medium Cycle,0.6271893427387398,95.0,0.5247577816185012,0.8182857142857143,0.5942857142857143,0.05105263157894736,0.47550381334019404,53.01250869377072,中忠诚度
CUST_000238,17,1683.97,99.05705882352942,2025-11-25,2023-04-22,0.058823529411764705,0.17647058823529413,0.02399202252853571,0.38499321224102173,0.04342941176470588,0.4305,0.17647058823529413,3,104.47294117647058,1776.04,92.07,36,948,1,0.004233886328565126,0.051810876513753205,0.06793997863076855,1.0545679100312324,3,1,2,5,4,2,0.0,1.0,0.0,2.0,0.0,19,Female,Young Professional,Store,West,0.2520130107973337,0.02399202252853571,0.38499321224102173,6.0,2.5,3.5,3.0,2,detractor,0.0,0.0,0.0,0.0,0.0,5.0,184.8,1.0,2.0,1.0,0.0,1.0,-1,1,-4.45197917730643,0.1133392560791953,中,0.3342551293487957,0.02399202252853571,0.38499321224102173,0,0,0.0,0.0,0.0,0,0,1,498.32680731697,6,Beauty,Long Cycle,0.6813297398367153,59.25,0.6127404965177755,0.4417857142857143,1.0,0.4524239094604988,0.42464564018227297,57.5829009973177,中忠诚度
CUST_000239,16,2445.19,152.824375,2025-12-23,2023-01-15,0.0625,0.375,0.4945744627689138,0.2351419654381507,0.09622499999999999,0.3519,0.375,6,163.849375,2621.59,176.4,8,1073,1,0.18546542353834267,0.06726175269485508,0.08817823703930651,1.0720714826098514,1,5,7,1,1,1,0.0,4.0,1.0,0.0,1.0,20,Female,Senior,Online,West,0.34421818250559083,0.4945744627689138,0.2351419654381507,7.0,3.0,3.0,3.0,1,passive,0.0,0.0,0.0,0.0,0.0,7.0,46.42857142857143,0.0,1.0,0.0,6.0,0.0,0,0,-1.9156277678548004,1.0669073864817888,低,-0.738327904451683,0.4945744627689138,0.2351419654381507,0,0,0.0,0.0,0.0,0,0,0,438.11544047013047,6,Beauty,Medium Cycle,0.9011637857997428,71.53333333333333,0.7054979511077611,0.5177142857142858,1.0,0.262468331580517,0.44148505588389025,59.667096488056096,中忠诚度
CUST_000240,21,2778.22,132.29619047619047,2025-12-29,2023-03-05,0.047619047619047616,0.5238095238095238,0.5369223696946723,0.5179188261201308,0.18322857142857144,0.5525,0.5238095238095238,11,157.37142857142857,3304.8,526.59,2,1030,1,0.28124505079244744,0.15929275818258817,0.27129081368197333,1.1894487174411448,0,9,6,4,1,1,3.0,2.0,3.0,1.0,2.0,66,Female,Family,Online,West,0.4805182491848923,0.5369223696946723,0.5179188261201308,9.0,4.5,4.5,4.5,2,promoter,1.0,0.0,6.0,1.0,0.0,10.0,144.4,0.0,4.0,2.0,3.0,1.0,1,0,4.297132577532969,4.432369572286449,低,8.93565480696442,0.5369223696946723,0.5179188261201308,0,0,0.0,0.0,0.0,0,0,0,378.3554667547274,5,Clothing,Short Cycle,0.8422309875099687,51.5,0.7244355404543021,0.8615714285714285,0.8542857142857143,0.4908185913635864,0.497921867149947,70.9177445199035,高忠诚度
CUST_000241,50,5620.11,112.4022,2025-11-19,2023-01-09,0.04,0.3,0.06392391212329511,0.4207118038945098,0.077642,0.4958,0.3,15,119.84,5992.0,371.88,42,1045,1,0.019177173636988534,0.06205239446020357,0.12621354116835293,1.0660764578933604,6,16,7,6,11,4,2.0,6.0,1.0,4.0,2.0,54,Male,Student,Store,North,0.9607507492903419,0.06392391212329511,0.4207118038945098,10.0,5.0,5.0,5.0,3,promoter,1.0,0.0,6.0,1.0,0.0,17.0,127.23529411764706,2.0,5.0,4.0,5.0,1.0,1,2,5.591195178602476,-3.067607096459279,高,0.7358892438764643,0.06392391212329511,0.4207118038945098,0,0,0.0,0.0,0.0,0,0,1,378.3554667547274,6,Beauty,Short Cycle,0.3375429052469259,21.3265306122449,0.8245122105694819,0.9999999999999999,0.8542857142857143,0.6639612970778906,0.6518888733928949,82.28740458843194,高忠诚度
CUST_000242,12,1007.8100000000001,83.98416666666667,2025-12-23,2023-02-18,0.0,0.4166666666666667,0.5601774253908399,0.4596875014345672,0.159225,0.6229,0.4166666666666667,5,103.92833333333333,1247.1399999999999,239.32,8,1039,1,0.23340726057951663,0.19174131107087347,0.1915364589310697,1.2373279890468583,0,4,1,3,2,2,2.0,2.0,0.0,1.0,0.0,66,Male,Young Professional,Online,West,0.33839185791860477,0.5601774253908399,0.45968750143456727,9.0,5.0,5.0,3.5,2,promoter,2.0,1.0,7.0,2.0,0.5,10.0,160.2,1.0,4.0,2.0,3.0,0.0,1,0,2.27696639804378,4.989926074829965,低,9.359846873670778,0.5601774253908399,0.4596875014345672,0,0,0.0,0.0,0.0,0,0,0,378.3554667547274,5,Clothing,Short Cycle,0.9601960066906633,94.45454545454545,0.6763095632446016,0.8760714285714285,0.58,0.5224156686078453,0.39315061309765187,64.6245668372062,中忠诚度
CUST_000243,7,781.46,111.63714285714286,2025-05-27,2023-10-11,0.0,0.42857142857142855,0.39510893880347314,0.6024233974548283,0.15057142857142858,0.4808,0.42857142857142855,3,120.62142857142858,844.35,62.89,218,594,1,0.16933240234434563,0.07439522091441415,0.25818145605206927,1.0803807915243178,2,1,1,0,0,3,0.0,1.0,2.0,0.0,0.0,73,Male,Family,Store,North,0.08067022316025248,0.39510893880347314,0.6024233974548283,5.0,2.6666666666666665,2.3333333333333335,2.0,3,detractor,0.0,0.0,0.0,0.0,0.0,4.0,43.5,1.0,1.0,0.0,2.0,0.0,-1,0,-5.110650326586294,5.636607701170474,低,-0.10562816751133637,0.39510893880347314,0.6024233974548283,0,0,0.0,0.0,0.0,0,0,0,570.7290665608045,4,Beauty,Long Cycle,0.007913913770491443,99.0,0.16586968660915646,0.2918571428571428,1.0,0.3173733655642237,0.3615252257875451,37.4559980399798,低忠诚度
CUST_000244,20,3026.9900000000002,151.3495,2025-12-15,2023-01-09,0.1,0.35,0.821226272232715,0.840650174154425,0.10003500000000001,0.4248,0.35,7,167.4925,3349.85,322.88,16,1071,1,0.2874291952814502,0.09635764059865408,0.29422756095404873,1.106587297130342,2,3,7,4,2,2,3.0,0.0,4.0,0.0,0.0,34,Female,Family,Store,West,0.40590550820006427,0.821226272232715,0.840650174154425,7.0,4.0,3.0,2.0,1,passive,0.0,0.0,0.0,0.0,0.0,2.0,160.0,0.0,1.0,1.0,0.0,0.0,0,0,-1.0839823839442955,2.704755990057858,低,-0.6188279301745636,0.821226272232715,0.840650174154425,0,0,0.0,0.0,0.0,0,1,0,438.11544047013047,6,Beauty,Medium Cycle,0.7934687187901635,56.36842105263158,0.7087083066473099,0.5367142857142857,1.0,0.293911108669377,0.45581861689693104,60.92505222577106,中忠诚度
CUST_000245,24,3020.25,125.84375,2025-12-04,2023-01-22,0.0,0.3333333333333333,0.19663322444523504,0.4491498523710273,0.05728333333333333,0.2561,0.3333333333333333,8,132.15166666666667,3171.64,151.39,27,1047,1,0.06554440814841167,0.04771735841444349,0.1497166174570091,1.0500415495499074,1,2,6,6,6,3,2.0,0.0,3.0,2.0,1.0,66,Female,Student,Online,Central,0.443079751467833,0.19663322444523507,0.4491498523710273,9.0,4.0,5.0,4.0,1,promoter,2.0,0.0,4.0,2.0,0.0,8.0,72.875,0.0,2.0,4.0,2.0,0.0,1,1,0.06862148216031937,-1.310876349211027,中,3.1252771618625275,0.19663322444523504,0.4491498523710273,0,0,0.0,0.0,0.0,0,0,1,438.11544047013047,6,Beauty,Medium Cycle,0.6463740893672935,45.52173913043478,0.6954757708091879,0.8395714285714284,0.8228571428571428,0.3513490275793869,0.5704102506522263,68.02280515489268,中忠诚度
CUST_000246,25,3017.68,120.7072,2025-12-18,2023-02-28,0.0,0.28,0.46949004749713324,0.8176295735987267,0.091424,0.6056,0.28,7,128.5932,3214.83,197.11,13,1024,1,0.13145721329919732,0.06129366291128574,0.22893628060764348,1.0652433953073794,4,8,7,2,3,1,2.0,3.0,1.0,1.0,0.0,19,Male,Family,Store,West,0.8190321507927897,0.46949004749713324,0.8176295735987267,10.0,5.0,5.0,5.0,3,promoter,1.0,0.0,4.0,1.0,0.0,6.0,16.833333333333332,1.0,1.0,4.0,0.0,0.0,1,2,1.8486288320276116,-0.7804103939429603,高,-0.33987655570171005,0.46949004749713324,0.8176295735987267,0,0,0.0,0.0,0.0,0,0,0,378.3554667547274,6,Beauty,Short Cycle,0.7262550589421439,42.666666666666664,0.722659302926724,0.9999999999999999,0.8828571428571429,0.3066776544702048,0.5061033019779361,72.11435057738097,高忠诚度
CUST_000247,20,2353.87,117.6935,2025-12-26,2023-04-22,0.15,0.45,0.2810974485641379,0.9231670014699882,0.12685,0.5688,0.45,9,133.42249999999999,2668.45,314.59000000000003,5,979,1,0.12649385185386205,0.11784824589334884,0.4154251506614947,1.1335474306201598,4,6,3,2,2,3,1.0,1.0,4.0,2.0,1.0,19,Female,Senior,Online,South,0.48842766962899603,0.2810974485641379,0.9231670014699882,7.0,3.0,3.0,3.0,1,passive,0.0,0.0,0.0,0.0,0.0,9.0,103.11111111111111,2.0,1.0,4.0,1.0,1.0,0,0,0.4659150078059365,4.041061978377586,低,0.8958713001948093,0.2810974485641379,0.9231670014699882,0,0,0.0,0.0,0.0,0,0,1,378.3554667547274,6,Beauty,Short Cycle,0.8272553011366441,51.526315789473685,0.6966694139487072,0.5177142857142858,1.0,0.46585967354014823,0.39902645488748956,61.81623148773293,中忠诚度
CUST_000248,20,1593.6,79.67999999999999,2025-10-03,2023-01-28,0.1,0.45,0.7085121525915058,0.3710481749573247,0.188855,0.6643,0.45,9,98.361,1967.22,373.63,89,979,1,0.3188304686661776,0.18983142128420602,0.1669716787307961,1.2342953946542854,4,9,2,2,2,1,3.0,2.0,3.0,1.0,0.0,45,Female,High Net Worth,Hybrid,West,0.34921397695237405,0.7085121525915058,0.3710481749573247,10.0,5.0,5.0,5.0,2,promoter,3.0,1.0,1.0,3.0,0.3333333333333333,6.0,158.83333333333334,1.0,2.0,1.0,2.0,0.0,1,0,3.2122609426800257,5.877356523770084,低,11.08171521035599,0.7085121525915058,0.3710481749573247,0,0,0.0,0.0,0.0,0,1,0,378.3554667547274,6,Beauty,Short Cycle,0.22368050428844655,51.526315789473685,0.5152608129605705,0.9999999999999999,0.6390476190476191,0.4376345090283119,0.34544456426960224,61.789724774000106,中忠诚度
CUST_000249,9,895.8499999999999,99.53888888888888,2025-11-08,2023-03-22,0.0,0.3333333333333333,0.3433840643822426,0.4327859172885538,0.0974,0.3487,0.3333333333333333,3,106.67555555555555,960.0799999999999,64.23,53,962,1,0.11446135479408087,0.06683106505181671,0.14426197242951794,1.0715896153760296,3,2,1,1,2,0,0.0,0.0,2.0,1.0,0.0,71,Male,Senior,Store,East,0.2957915961594833,0.3433840643822426,0.4327859172885538,7.666666666666667,3.6666666666666665,3.6666666666666665,3.3333333333333335,3,promoter,1.0,1.0,0.0,1.0,1.0,4.0,149.25,1.0,1.0,2.0,0.0,0.0,1,0,-2.8825562849559594,1.937259432426352,低,2.5665270618556697,0.3433840643822426,0.4327859172885538,0,0,0.0,0.0,0.0,0,0,0,489.87898021966913,5,Beauty,Long Cycle,0.9136486811782127,120.25,0.5887685930114935,0.6429999999999999,0.64,0.36152785408196897,0.42559565071259076,55.14491036226319,中忠诚度
CUST_000250,16,1607.47,100.466875,2025-11-07,2023-03-28,0.0,0.25,0.7463221222342072,0.6002639942454425,0.12223125,0.6738,0.25,4,113.62375,1817.98,210.51,54,955,1,0.1865805305585518,0.11572969466404248,0.15006599856136063,1.1308447839366023,1,5,4,5,1,0,0.0,2.0,0.0,1.0,1.0,40,Male,Young Professional,Hybrid,West,0.6060131170157556,0.7463221222342072,0.6002639942454425,8.0,4.0,5.0,5.0,1,passive,1.0,0.0,12.0,1.0,0.0,6.0,195.5,2.0,2.0,1.0,1.0,0.0,0,0,0.3539303708210237,1.965698591258022,低,4.405572755417956,0.7463221222342072,0.6002639942454425,0,0,0.0,0.0,0.0,0,1,0,378.3554667547274,5,Beauty,Short Cycle,0.5776959989876548,63.666666666666664,0.573265073944295,0.803142857142857,0.7685714285714286,0.4946108486246933,0.47987756028369977,63.4224212090976,中忠诚度
CUST_000251,24,3317.67,138.23625,2025-11-26,2023-02-02,0.0,0.20833333333333334,0.11774091126783633,0.5950124369094063,0.05362083333333333,0.3447,0.20833333333333334,5,144.93791666666667,3478.51,160.84,35,1028,1,0.02452935651413257,0.046224899482973175,0.12396092435612632,1.0484039651467338,4,2,7,5,3,3,1.0,3.0,1.0,0.0,0.0,54,Female,Young Professional,Store,South,0.4706481919732903,0.11774091126783634,0.5950124369094063,9.333333333333334,4.333333333333333,4.333333333333333,5.0,3,promoter,0.0,0.0,0.0,0.0,0.0,5.0,98.4,0.0,2.0,1.0,2.0,0.0,1,1,-0.6127313368991498,-2.2708554553059797,中,5.213939720129171,0.11774091126783633,0.5950124369094063,0,0,0.0,0.0,0.0,0,0,1,438.11544047013047,6,Beauty,Medium Cycle,0.5779259891302251,44.69565217391305,0.6704825481270114,0.8863809523809524,1.0,0.33634875288429844,0.627720371550368,71.73503711985414,高忠诚度
CUST_000252,20,2990.74,149.53699999999998,2025-12-22,2023-01-13,0.05,0.25,0.41231346605311076,0.7610444253798097,0.07477,0.5687,0.25,5,156.232,3124.64,133.89,9,1074,1,0.10307836651327769,0.0428360271816332,0.1902611063449524,1.044701665697072,2,5,6,2,3,2,1.0,0.0,3.0,1.0,0.0,49,Female,High Net Worth,Online,South,0.5887801806182545,0.4123134660531107,0.7610444253798097,10.0,4.5,5.0,5.0,2,promoter,2.0,0.0,9.0,2.0,0.0,12.0,154.33333333333334,1.0,4.0,3.0,2.0,2.0,1,2,1.3204462968527015,-2.066977329846509,高,1.8764311644791953,0.41231346605311076,0.7610444253798097,0,0,0.0,0.0,0.0,0,0,0,438.11544047013047,6,Beauty,Medium Cycle,0.8323894395916199,56.526315789473685,0.7224223472990651,0.973,0.7514285714285713,0.5712380507636524,0.5858113228451626,74.62483959453273,高忠诚度
CUST_000253,19,2246.32,118.22736842105265,2025-10-25,2023-01-05,0.10526315789473684,0.15789473684210525,0.477783275926387,0.47142080733203623,0.038810526315789476,0.4336,0.15789473684210525,3,121.13736842105264,2301.61,55.269999999999996,67,1024,1,0.07543946461995583,0.02400319637281172,0.07443486431558466,1.0245269328870112,2,2,5,6,1,3,0.0,1.0,2.0,0.0,0.0,50,Female,Young Professional,Store,North,0.22730641986149025,0.477783275926387,0.47142080733203623,6.0,3.6666666666666665,3.0,2.6666666666666665,3,detractor,1.0,0.0,4.0,1.0,0.0,7.0,80.14285714285714,0.0,2.0,2.0,2.0,1.0,-1,1,-4.250746202207978,-0.9676733595878765,中,0.008563110121596164,0.477783275926387,0.47142080733203623,0,0,0.0,0.0,0.0,0,0,0,498.32680731697,6,Beauty,Long Cycle,0.41878044263340786,56.888888888888886,0.5754803719578476,0.4706190476190476,0.8828571428571429,0.3722595633132937,0.4369106396036523,54.41029753582295,中忠诚度
CUST_000254,18,2199.27,122.18166666666667,2025-12-23,2023-02-11,0.05555555555555555,0.2777777777777778,0.5499545845390981,0.7413291210294245,0.09756666666666668,0.5231,0.2777777777777778,5,134.60277777777776,2422.85,223.6,8,1046,1,0.15276516237197169,0.09224993295789756,0.20592475584150682,1.1015708472572687,4,4,3,3,1,3,2.0,0.0,2.0,0.0,1.0,18,Female,High Net Worth,Hybrid,Central,0.45316333715233253,0.5499545845390981,0.7413291210294245,8.0,4.0,4.0,4.0,1,passive,1.0,0.0,8.0,1.0,0.0,4.0,51.0,0.0,1.0,1.0,2.0,0.0,0,0,-0.7966550113564601,1.2735440642584916,低,1.7240677966101696,0.5499545845390981,0.7413291210294245,0,0,0.0,0.0,0.0,0,0,0,489.87898021966913,6,Beauty,Long Cycle,0.8611211548689566,61.529411764705884,0.7051961432678572,0.7231428571428571,0.8257142857142857,0.2580048895725744,0.49843328246642526,62.966742592906435,中忠诚度
CUST_000255,29,4070.35,140.35689655172413,2025-12-17,2023-02-21,0.0,0.2413793103448276,0.7117235905578826,0.7725693233029233,0.0743,0.4275,0.2413793103448276,7,150.58448275862068,4366.95,296.61,14,1030,1,0.17179534944500616,0.06790599709245757,0.18648225045242978,1.072791993396616,7,6,6,1,6,3,1.0,1.0,4.0,0.0,1.0,36,Female,Family,Store,West,0.7409467365426572,0.7117235905578826,0.7725693233029233,10.0,5.0,5.0,5.0,1,promoter,1.0,0.0,9.0,1.0,0.0,13.0,111.53846153846153,0.0,5.0,4.0,3.0,1.0,1,2,3.0298795623085106,-2.1244554822263946,高,0.1661567877629064,0.7117235905578826,0.7725693233029233,0,0,0.0,0.0,0.0,0,1,0,489.87898021966913,6,Beauty,Long Cycle,0.6779616764607052,36.785714285714285,0.7451333802354578,0.9999999999999999,0.8114285714285714,0.5364094393684549,0.6203116859018947,76.87624685754754,高忠诚度
CUST_000256,20,2310.6,115.53,2025-11-23,2023-01-25,0.0,0.25,0.4413803831269957,0.4720468414452498,0.11012999999999999,0.6053,0.25,5,122.795,2455.9,145.3,38,1033,1,0.11034509578174892,0.0591395661199072,0.11801171036131244,1.0627921066297386,3,7,3,0,4,3,1.0,2.0,1.0,1.0,0.0,19,Female,High Net Worth,Hybrid,North,0.14257850243280723,0.4413803831269956,0.4720468414452497,6.0,3.0,4.0,3.0,1,detractor,0.0,0.0,0.0,0.0,0.0,2.0,22.0,0.0,1.0,0.0,0.0,1.0,-1,1,-3.079602075052078,1.4494669341336734,中,1.797504025764895,0.4413803831269957,0.4720468414452498,0,0,0.0,0.0,0.0,0,0,0,378.3554667547274,5,Beauty,Short Cycle,0.6300132837821993,54.36842105263158,0.6490747542605847,0.49128571428571427,1.0,0.23629106691572355,0.5365923131699821,58.34763618624598,中忠诚度
CUST_000257,21,2054.84,97.84952380952382,2025-12-04,2023-01-25,0.0,0.3333333333333333,0.09037669702984141,0.8143139077456906,0.08343809523809524,0.4775,0.3333333333333333,7,104.46904761904761,2193.85,139.02,27,1044,1,0.030125565676613803,0.06333918035401054,0.2714379692485635,1.0675409357436556,2,6,2,4,5,2,0.0,1.0,5.0,1.0,0.0,70,Female,Student,Hybrid,Central,0.23929034748927552,0.09037669702984141,0.8143139077456905,8.0,5.0,4.0,4.0,1,passive,1.0,0.0,13.0,1.0,0.0,4.0,82.25,0.0,1.0,1.0,1.0,1.0,0,0,-0.9779660665566375,0.9169530027886529,低,-0.34693672916875573,0.09037669702984141,0.8143139077456906,0,0,0.0,0.0,0.0,0,0,1,378.3554667547274,6,Beauty,Short Cycle,0.6953100928490707,52.2,0.6810575451489541,0.7771428571428571,0.7542857142857142,0.3010529062740358,0.4143339275625963,61.905386004875254,中忠诚度
CUST_000258,13,1414.8899999999999,108.8376923076923,2025-10-04,2023-04-01,0.07692307692307693,0.38461538461538464,0.2336755631372422,0.4663627770398758,0.08279230769230769,0.5582,0.38461538461538464,5,115.92692307692309,1507.0500000000002,92.16,88,917,1,0.089875216591247,0.06111203209442657,0.1793702988614907,1.0650379499936398,1,3,4,3,1,1,0.0,3.0,2.0,0.0,0.0,61,Female,High Net Worth,Online,West,0.4328249604127895,0.2336755631372422,0.4663627770398758,9.5,5.0,4.5,5.0,2,promoter,0.0,0.0,0.0,0.0,0.0,6.0,219.0,2.0,1.0,0.0,3.0,0.0,1,0,-0.3837128361298393,1.037669272219871,低,1.6942845394736845,0.2336755631372422,0.4663627770398758,0,0,0.0,0.0,0.0,0,0,1,438.11544047013047,6,Beauty,Medium Cycle,0.4071566096567467,76.41666666666667,0.4802108771284338,0.9417857142857141,1.0,0.4327562905175255,0.40468942174692935,65.51265485496269,中忠诚度
CUST_000259,36,4691.58,130.32166666666666,2025-12-20,2023-03-08,0.0,0.2222222222222222,0.14117985399988608,0.8781646907164198,0.04192222222222222,0.4077,0.2222222222222222,8,134.97444444444443,4859.08,167.48,11,1018,1,0.03137330088886357,0.03446033810143043,0.19514770904809328,1.0356227914252953,7,4,8,6,8,3,1.0,5.0,2.0,0.0,0.0,43,Male,Family,Online,East,0.7812213092003,0.14117985399988608,0.8781646907164198,10.0,5.0,5.0,4.0,1,promoter,0.0,0.0,0.0,0.0,0.0,10.0,36.1,0.0,3.0,4.0,3.0,0.0,1,2,1.8465469570771698,-3.4572764932746805,高,0.07744555537084098,0.14117985399988608,0.8781646907164198,0,0,0.0,0.0,0.0,0,0,1,438.11544047013047,6,Beauty,Medium Cycle,0.643081812330428,29.085714285714285,0.791281109818627,0.9649999999999999,1.0,0.3905993846830018,0.6375083079185146,78.28504868358155,高忠诚度
CUST_000260,38,3688.87,97.07552631578947,2025-12-21,2023-02-07,0.0,0.3157894736842105,0.8096458463203526,0.7432893099467556,0.10319210526315789,0.6504,0.3157894736842105,12,103.385,3928.63,239.74,10,1048,1,0.25567763568011137,0.06100828831213117,0.23472293998318597,1.064885816900454,10,7,5,6,6,4,3.0,3.0,4.0,1.0,1.0,49,Male,Student,Store,West,0.8511060683614362,0.8096458463203526,0.7432893099467556,10.0,5.0,5.0,5.0,1,promoter,1.0,0.0,11.0,1.0,0.0,12.0,52.0,1.0,1.0,6.0,2.0,2.0,1,2,4.284684190710829,-0.5676235506741213,高,3.723307510946446,0.8096458463203526,0.7432893099467556,0,0,0.0,0.0,0.0,0,1,0,489.87898021966913,6,Beauty,Long Cycle,0.6448848151957713,28.324324324324323,0.8166407395324106,0.9999999999999999,0.7828571428571428,0.46601014540526686,0.5683024135651052,76.75676771338503,高忠诚度
CUST_000261,17,1695.43,99.73117647058824,2025-12-06,2023-03-19,0.0,0.5294117647058824,0.41239676697653854,0.9135709276989827,0.10764705882352942,0.3885,0.5294117647058824,9,108.84117647058824,1850.3,154.86,25,993,1,0.21832770016404981,0.08364932749959489,0.4836551970171085,1.091236140599198,1,4,2,5,3,2,2.0,2.0,1.0,4.0,0.0,23,Male,Family,Store,South,0.26599849482592275,0.41239676697653854,0.9135709276989827,8.666666666666666,4.333333333333333,4.0,4.333333333333333,3,passive,0.0,0.0,0.0,0.0,0.0,3.0,270.0,2.0,0.0,0.0,1.0,0.0,0,0,0.13295425042787706,4.121312195014451,低,-0.8330005445634416,0.41239676697653854,0.9135709276989827,0,0,0.0,0.0,0.0,0,0,0,498.32680731697,6,Beauty,Long Cycle,0.773819508820917,62.0625,0.6522678225420657,0.8004285714285714,1.0,0.40255942570413505,0.3347927523158727,65.63903163227637,中忠诚度
CUST_000262,32,3765.6,117.675,2025-10-01,2023-02-06,0.03125,0.40625,0.2964296060137291,0.7578006739072158,0.101403125,0.5094,0.40625,13,132.31125,4233.96,468.36,91,968,1,0.12042452744307744,0.11059372461605305,0.30785652377480643,1.1242830437184008,4,7,7,5,6,3,1.0,2.0,8.0,1.0,1.0,49,Female,Family,Hybrid,South,0.7712239633733906,0.2964296060137291,0.7578006739072158,10.0,4.0,5.0,4.0,1,promoter,1.0,0.0,10.0,1.0,0.0,16.0,78.8125,0.0,5.0,3.0,6.0,2.0,1,2,4.556907882947423,0.9400805267983864,高,11.338021565869669,0.2964296060137291,0.7578006739072158,0,0,0.0,0.0,0.0,0,0,1,378.3554667547274,6,Beauty,Short Cycle,0.11275802782211874,31.225806451612904,0.5817668898768313,0.9109999999999998,0.7971428571428572,0.5678742033842434,0.5622812559015818,69.13748144273517,中忠诚度
CUST_000263,34,4217.25,124.03676470588235,2025-12-26,2023-01-05,0.029411764705882353,0.2647058823529412,0.46599298610044615,0.3599392677381221,0.07105882352941176,0.4459,0.2647058823529412,9,132.9635294117647,4520.76,303.46999999999997,5,1086,1,0.12335108455600045,0.06711324793885566,0.09527804146009115,1.07188228348417,9,6,5,5,5,4,1.0,3.0,4.0,0.0,1.0,72,Female,Senior,Hybrid,East,0.8596031927698493,0.46599298610044615,0.3599392677381221,10.0,5.0,5.0,5.0,1,promoter,0.0,0.0,0.0,0.0,0.0,10.0,56.6,1.0,2.0,4.0,1.0,2.0,1,2,3.03241752129685,-2.21934812876918,高,-0.5070431142481743,0.46599298610044615,0.3599392677381221,0,0,0.0,0.0,0.0,0,0,0,489.87898021966913,6,Beauty,Long Cycle,0.7142653325280758,32.90909090909091,0.8140649602786729,0.9999999999999999,1.0,0.45915888363916046,0.5474394949812968,79.52092448766705,高忠诚度
CUST_000264,27,3988.83,147.73444444444445,2025-12-18,2023-03-17,0.037037037037037035,0.2222222222222222,0.5108647767848036,0.9603727106810714,0.061848148148148145,0.5376,0.2222222222222222,6,157.20222222222222,4244.46,255.64,13,1007,1,0.11352550595217857,0.06021491192944934,0.21341615792912697,1.0640144393472213,5,4,7,3,7,1,1.0,0.0,4.0,1.0,0.0,21,Female,High Net Worth,Online,North,0.6744317614568927,0.5108647767848036,0.9603727106810714,10.0,5.0,5.0,5.0,2,promoter,1.0,1.0,0.0,1.0,1.0,11.0,60.81818181818182,0.0,2.0,5.0,3.0,1.0,1,2,1.9612833136204395,-2.103824052254478,高,1.1208838203848894,0.5108647767848036,0.9603727106810714,0,0,0.0,0.0,0.0,0,0,0,438.11544047013047,6,Beauty,Medium Cycle,0.6990676601529773,38.73076923076923,0.7278355182593299,0.9999999999999999,0.64,0.4224273056906834,0.6482609611201168,72.49538954994189,高忠诚度
CUST_000265,19,2679.0,141.0,2025-12-27,2023-02-04,0.05263157894736842,0.3157894736842105,0.41842962700483893,0.744554674613967,0.05671052631578948,0.336,0.3157894736842105,6,147.73210526315788,2806.91,127.91,4,1057,1,0.13213567168573861,0.04555345434860804,0.23512252882546325,1.047671124481653,3,3,5,2,4,2,1.0,0.0,3.0,0.0,2.0,72,Male,High Net Worth,Online,Central,0.5033764576272375,0.41842962700483893,0.744554674613967,9.666666666666666,5.0,5.0,3.6666666666666665,3,promoter,0.0,0.0,0.0,0.0,0.0,7.0,0.0,0.0,0.0,5.0,0.0,2.0,1,1,-0.010028392222253326,-1.0908167051381272,中,2.1200489995916705,0.41842962700483893,0.744554674613967,0,0,0.0,0.0,0.0,0,0,0,438.11544047013047,6,Beauty,Medium Cycle,0.8664047740709069,58.72222222222222,0.7201184927150343,0.9295238095238093,1.0,0.20736842105263156,0.5432294657267609,71.10061832123714,高忠诚度
CUST_000266,26,3379.4,129.97692307692307,2025-12-28,2023-01-14,0.0,0.46153846153846156,0.5018762666588136,0.8381906374873653,0.13492307692307692,0.5964,0.46153846153846156,12,144.70538461538462,3762.34,382.95000000000005,3,1079,1,0.2316351999963755,0.10175801282902953,0.38685721730186096,1.1132303249439295,5,7,4,2,5,3,3.0,4.0,3.0,2.0,0.0,28,Male,Student,Hybrid,West,0.5237333961294357,0.5018762666588136,0.8381906374873653,8.333333333333334,4.333333333333333,4.0,4.0,3,passive,2.0,1.0,9.0,2.0,0.5,4.0,122.75,0.0,2.0,2.0,0.0,0.0,0,0,2.1215428904270235,3.227603505971514,低,1.088616427432217,0.5018762666588136,0.8381906374873653,0,0,0.0,0.0,0.0,0,0,0,378.3554667547274,6,Beauty,Short Cycle,0.7922606120197024,43.16,0.7668519969390483,0.7649523809523809,0.5514285714285714,0.3204631359191297,0.5688177197621842,63.740010838629246,中忠诚度
CUST_000267,24,2812.56,117.19,2025-10-30,2023-01-11,0.041666666666666664,0.4166666666666667,0.5976550711852392,0.35673441323047833,0.11890833333333334,0.5977,0.4166666666666667,10,133.54999999999998,3205.2,392.64,62,1023,1,0.249022946327183,0.12246272846360177,0.14863933884603264,1.1395051194539247,4,3,8,2,5,2,3.0,3.0,3.0,1.0,0.0,73,Male,Family,Online,South,0.3277873587264933,0.5976550711852392,0.35673441323047833,7.5,4.0,3.0,4.0,2,passive,2.0,0.0,6.5,2.0,0.0,8.0,161.25,2.0,2.0,3.0,1.0,0.0,0,0,1.2615073572309918,3.2009276467297294,低,0.8963276409248905,0.5976550711852392,0.35673441323047833,0,0,0.0,0.0,0.0,0,0,0,438.11544047013047,6,Beauty,Medium Cycle,0.36119239908792466,44.47826086956522,0.606173671226227,0.6424285714285713,0.7871428571428571,0.48074881881111964,0.49885622975430044,60.74714300812525,中忠诚度
CUST_000268,11,1339.4099999999999,121.76454545454544,2025-08-27,2023-01-19,0.09090909090909091,0.2727272727272727,0.18715625982593753,0.33133171335627826,0.0673,0.2972,0.2727272727272727,3,126.04545454545455,1386.5,47.089999999999996,126,951,1,0.05104261631616478,0.03393873873873873,0.09036319455171224,1.03507226469183,0,4,3,2,0,2,1.0,0.0,0.0,1.0,1.0,34,Male,Family,Hybrid,North,0.332823100162601,0.18715625982593753,0.33133171335627826,7.666666666666667,4.333333333333333,3.3333333333333335,3.3333333333333335,3,passive,1.0,0.0,11.0,1.0,0.0,8.0,0.0,0.0,0.0,4.0,4.0,0.0,0,1,-3.419279614746354,-0.34373929880679127,中,-0.6881996268656717,0.18715625982593753,0.33133171335627826,0,0,0.0,0.0,0.0,0,0,1,378.3554667547274,4,Clothing,Short Cycle,0.2654827074214058,95.1,0.4187476146571987,0.6639999999999999,0.7828571428571428,0.22842105263157894,0.3466300705245324,49.53105242991477,中忠诚度
CUST_000269,16,2701.39,168.836875,2025-10-31,2023-03-05,0.0625,0.375,0.4251119858530567,0.7052611055019062,0.0983875,0.3858,0.375,6,182.393125,2918.29,216.89999999999998,61,971,1,0.15941699469489626,0.07429888774325263,0.26447291456321487,1.080228017249357,4,2,6,2,1,1,0.0,3.0,0.0,0.0,3.0,55,Female,Student,Store,East,0.39218215169172016,0.4251119858530567,0.7052611055019062,9.5,5.0,5.0,4.5,2,promoter,0.0,0.0,0.0,0.0,0.0,6.0,67.83333333333333,0.0,2.0,1.0,3.0,0.0,1,0,0.42584077869656206,0.4709713357629318,低,-0.22219870913130885,0.4251119858530567,0.7052611055019062,0,0,0.0,0.0,0.0,0,0,0,438.11544047013047,6,Beauty,Medium Cycle,0.5301701650311236,64.73333333333333,0.5633532664754783,0.9467857142857141,1.0,0.3279720177269897,0.502788568449004,68.0316496440471,中忠诚度
CUST_000270,13,1868.3999999999999,143.72307692307692,2025-11-14,2023-02-04,0.0,0.0,0.4617026130664462,0.1866730248565102,0.0,0.0,0.0,0,143.72307692307692,1868.3999999999999,0.0,47,1014,1,0.0,0.0,0.0,0.9999304265920269,1,2,3,2,4,1,0.0,0.0,0.0,0.0,0.0,41,Male,Young Professional,Store,South,0.38723427760033874,0.46170261306644617,0.1866730248565102,7.0,4.0,4.0,4.0,1,passive,2.0,0.0,10.0,2.0,0.0,8.0,89.375,1.0,2.0,0.0,2.0,3.0,0,1,-4.831540860252731,-4.5665266191269795,中,0.7110136452241715,0.4617026130664462,0.1866730248565102,0,0,0.0,0.0,0.0,0,0,0,513.7160654092345,6,Beauty,Long Cycle,0.7764789581409366,84.5,0.6118972987005238,0.6517142857142857,0.7371428571428571,0.4194883803977585,0.5883631843877143,60.824692432797804,中忠诚度
CUST_000271,10,949.3,94.92999999999999,2025-06-13,2023-05-01,0.1,0.4,0.6195610649116788,0.7113470540401673,0.11428,0.3316,0.4,4,103.292,1032.92,83.62,201,774,1,0.24782442596467155,0.08087666357164965,0.2845388216160669,1.087971350326522,3,2,1,1,2,1,0.0,2.0,2.0,0.0,0.0,22,Male,Young Professional,Online,East,0.3706284447612304,0.6195610649116788,0.7113470540401673,8.333333333333334,4.0,4.333333333333333,3.3333333333333335,3,promoter,0.0,0.0,0.0,0.0,0.0,7.0,33.42857142857143,0.0,1.0,3.0,2.0,1.0,1,0,-1.6826247996019266,3.4990815056608318,低,0.5634840871021776,0.6195610649116788,0.7113470540401673,0,0,0.0,0.0,0.0,0,0,0,489.87898021966913,6,Beauty,Long Cycle,0.009856738402193033,86.0,0.25420040325839866,0.7386190476190476,1.0,0.3170403566327091,0.32155208592666895,50.67037492661882,中忠诚度
CUST_000272,16,1740.65,108.790625,2025-12-21,2023-04-09,0.125,0.0625,0.616433474880452,0.44903166572297704,0.016025,0.2564,0.0625,1,111.03625,1776.58,35.93,10,987,1,0.03852709218002825,0.020212873682197145,0.028064479107686065,1.0205479058599156,3,2,2,3,2,4,0.0,0.0,1.0,0.0,0.0,69,Female,Family,Store,West,0.21372282044534482,0.616433474880452,0.44903166572297704,6.0,2.6666666666666665,3.0,2.0,3,detractor,2.0,2.0,0.0,2.0,1.0,3.0,130.66666666666666,0.0,1.0,1.0,1.0,0.0,-1,1,-6.67429521413533,-1.1480203076454665,中,2.2995566814439523,0.616433474880452,0.44903166572297704,0,0,0.0,0.0,0.0,0,0,0,570.7290665608045,6,Beauty,Long Cycle,0.8710585205849296,65.8,0.6730318113595962,0.39328571428571424,0.48000000000000004,0.2910493352378859,0.45442964890238746,48.40528196003484,中忠诚度
CUST_000273,50,5531.02,110.6204,2025-12-02,2023-02-06,0.04,0.34,0.2534164849448002,0.7318568478408234,0.10345599999999999,0.5437,0.34,17,116.8202,5841.01,309.99,29,1030,1,0.08616160488123206,0.05306221660010852,0.24883132826587998,1.0559502632187896,7,18,11,8,5,1,3.0,5.0,7.0,1.0,1.0,51,Male,Family,Store,Central,0.8467228679099534,0.2534164849448002,0.7318568478408234,10.0,5.0,5.0,5.0,1,promoter,1.0,0.0,10.0,1.0,0.0,9.0,288.77777777777777,2.0,4.0,1.0,2.0,0.0,1,2,4.857623466316952,-1.4424407172398337,高,-0.8243006993006994,0.2534164849448002,0.7318568478408234,0,0,0.0,0.0,0.0,0,0,1,378.3554667547274,6,Beauty,Short Cycle,0.4357334934349206,21.020408163265305,0.8491829266746168,0.9999999999999999,0.7971428571428572,0.596715623435764,0.5579946105563283,79.75328416726275,高忠诚度
CUST_000274,12,1792.6,149.38333333333333,2025-11-14,2023-01-13,0.0,0.4166666666666667,0.12073760550253547,0.625502818766751,0.12434166666666667,0.4339,0.4166666666666667,5,163.31750000000002,1959.8100000000002,167.22,47,1036,1,0.050307335626056444,0.08528108281781507,0.2606261744861462,1.0932047391672992,1,4,5,1,0,1,1.0,2.0,0.0,1.0,1.0,23,Female,Family,Store,South,0.4558431212630053,0.12073760550253547,0.625502818766751,7.666666666666667,3.6666666666666665,4.0,4.333333333333333,3,passive,1.0,0.0,8.0,1.0,0.0,5.0,122.8,2.0,0.0,3.0,0.0,0.0,0,0,-0.9618251231134403,1.8387967754511934,低,-0.8238124107719085,0.12073760550253547,0.625502818766751,0,0,0.0,0.0,0.0,0,0,1,438.11544047013047,5,Beauty,Medium Cycle,0.8306319496264798,94.18181818181819,0.6213454680570639,0.693,0.8257142857142857,0.3165366443247995,0.431380515594131,59.56983572621015,中忠诚度
CUST_000275,16,1302.34,81.39625,2025-07-05,2023-01-12,0.0,0.25,0.3695456890621302,0.6730981449608653,0.0945125,0.4599,0.25,4,87.28375,1396.54,94.22,179,905,1,0.09238642226553255,0.06741846387223265,0.16827453624021632,1.0721996161228406,2,7,1,1,1,4,0.0,1.0,3.0,0.0,0.0,39,Female,Young Professional,Online,South,0.352524311525455,0.3695456890621302,0.6730981449608653,10.0,4.5,5.0,4.5,2,promoter,2.0,2.0,0.0,2.0,1.0,5.0,53.2,1.0,0.0,2.0,2.0,0.0,1,0,-1.4123865790468575,1.0605748796684669,低,-0.4408914728682171,0.3695456890621302,0.6730981449608653,0,0,0.0,0.0,0.0,0,0,0,378.3554667547274,6,Beauty,Short Cycle,0.00806186111637841,60.333333333333336,0.35448544357396505,0.9555,0.48000000000000004,0.2674761015273047,0.3650938033522232,51.210611880411875,中忠诚度
CUST_000276,9,741.89,82.43222222222222,2025-12-05,2023-01-26,0.1111111111111111,0.2222222222222222,0.4943008015039763,0.3869238204723623,0.061877777777777775,0.4598,0.2222222222222222,2,89.58333333333333,806.25,64.36,26,1044,1,0.10984462255643918,0.07972746980489316,0.08598307121608051,1.0866195854335694,0,2,1,4,1,1,0.0,0.0,1.0,1.0,0.0,28,Male,Young Professional,Store,West,0.16115776510598945,0.4943008015039763,0.3869238204723623,5.666666666666667,2.6666666666666665,3.3333333333333335,2.6666666666666665,3,detractor,1.0,0.0,14.0,1.0,0.0,1.0,0.0,0.0,0.0,0.0,1.0,0.0,-1,1,-5.18727713799439,2.0853842168307386,中,9.816555594528236,0.4943008015039763,0.3869238204723623,0,0,0.0,0.0,0.0,0,0,0,498.32680731697,5,Clothing,Long Cycle,0.9829487430955456,130.5,0.645974485217517,0.40780952380952384,0.74,0.05105263157894736,0.34409572254492693,46.60169796362172,中忠诚度
CUST_000277,21,2317.92,110.37714285714286,2025-12-14,2023-01-20,0.09523809523809523,0.47619047619047616,0.6896994213045597,0.8870854256933794,0.1499047619047619,0.4093,0.47619047619047616,10,125.57523809523809,2637.08,319.14,17,1059,1,0.32842829585931416,0.12097434497816593,0.4224216312825616,1.1375893500364518,4,5,3,0,5,4,1.0,4.0,3.0,2.0,0.0,65,Female,Young Professional,Hybrid,North,0.6550606523289494,0.6896994213045597,0.8870854256933794,9.0,4.5,4.5,4.5,2,promoter,0.0,0.0,0.0,0.0,0.0,6.0,87.66666666666667,1.0,1.0,3.0,0.0,1.0,1,0,2.7327052408695196,3.9349149876083036,低,0.2619929532929804,0.6896994213045597,0.8870854256933794,0,0,0.0,0.0,0.0,0,0,0,378.3554667547274,5,Beauty,Short Cycle,0.7669770011533394,52.95,0.7069768254520985,0.8615714285714285,1.0,0.3662531589935172,0.38538885753938573,69.02322072584222,中忠诚度
CUST_000278,25,2417.32,96.6928,2025-11-16,2023-01-19,0.08,0.4,0.17013022746033987,0.9222330809526135,0.12606399999999998,0.5354,0.4,10,106.6108,2665.27,247.97,45,1032,1,0.06805209098413595,0.09300258413438998,0.36889323238104543,1.102458253535575,5,5,3,6,4,2,0.0,1.0,4.0,2.0,3.0,33,Female,High Net Worth,Online,Central,0.308160420892726,0.17013022746033987,0.9222330809526135,8.0,4.0,3.5,3.5,2,detractor,0.0,0.0,0.0,0.0,0.0,5.0,0.0,0.0,0.0,3.0,2.0,0.0,-1,0,-0.28166109469202905,3.0820935946747396,低,1.1738835039405742,0.17013022746033987,0.9222330809526135,0,0,0.0,0.0,0.0,0,0,1,498.32680731697,6,Beauty,Long Cycle,0.4838264075007066,43.0,0.6533777667505484,0.6831428571428572,1.0,0.16526315789473683,0.4340104351824171,60.66900832724518,中忠诚度
CUST_000279,19,2333.42,122.81157894736843,2025-12-23,2023-01-28,0.0,0.21052631578947367,0.08766064506261984,0.4501589020836133,0.036305263157894736,0.2419,0.21052631578947367,4,124.88210526315791,2372.76,39.33,8,1060,1,0.01845487264476207,0.01656865057967107,0.09477029517549754,1.0167765822052528,2,5,4,4,3,1,2.0,0.0,1.0,1.0,0.0,50,Female,Family,Online,South,0.37717512831387606,0.08766064506261984,0.4501589020836133,10.0,5.0,5.0,5.0,1,promoter,0.0,0.0,0.0,0.0,0.0,6.0,119.0,0.0,2.0,1.0,1.0,2.0,1,1,-1.2654742991168082,-3.005327233889567,中,-0.26911203922280735,0.08766064506261984,0.4501589020836133,0,0,0.0,0.0,0.0,0,0,1,378.3554667547274,6,Beauty,Short Cycle,0.8489242700732307,58.888888888888886,0.7146043115283502,0.9999999999999999,1.0,0.37933597040618244,0.49154791351811333,74.50138760471494,高忠诚度
CUST_000280,16,1557.55,97.346875,2025-08-02,2023-06-02,0.125,0.25,0.19318336217129137,0.7424642636929671,0.0558375,0.2998,0.25,4,102.031875,1632.51,74.96000000000001,151,792,1,0.04829584054282284,0.04588891405623474,0.18561606592324179,1.0480192076830732,4,3,3,3,2,1,0.0,3.0,0.0,1.0,0.0,26,Male,Family,Online,Central,0.3190672631443641,0.19318336217129137,0.7424642636929671,8.0,4.0,3.5,4.5,2,promoter,3.0,1.0,9.0,3.0,0.3333333333333333,4.0,227.75,1.0,1.0,1.0,1.0,0.0,1,1,-3.198605853508746,0.5469055756286547,中,1.1867534233271826,0.19318336217129137,0.7424642636929671,0,0,0.0,0.0,0.0,0,0,1,489.87898021966913,6,Beauty,Long Cycle,0.02323397222924939,52.8,0.34490224246006923,0.7181428571428572,0.5247619047619048,0.42430447203604,0.39176736908498455,48.413144890617446,中忠诚度
CUST_000281,29,4107.21,141.62793103448277,2025-12-19,2023-01-07,0.0,0.10344827586206896,0.08361379402246583,0.2269126208087984,0.02482758620689655,0.4157,0.10344827586206896,3,143.24758620689656,4154.18,46.959999999999994,12,1077,1,0.008649702829910257,0.011301556129939013,0.023473719394013628,1.0113645769933048,4,8,6,4,4,3,0.0,0.0,2.0,1.0,0.0,23,Female,Senior,Store,South,0.6374359762322861,0.08361379402246583,0.2269126208087984,9.666666666666666,5.0,4.666666666666667,4.666666666666667,3,promoter,3.0,0.0,10.333333333333334,3.0,0.0,7.0,197.0,0.0,4.0,0.0,2.0,1.0,1,1,-0.45066437350273486,-4.920053148078318,中,-0.7349406184243376,0.08361379402246583,0.2269126208087984,0,0,0.0,0.0,0.0,0,0,1,378.3554667547274,6,Beauty,Short Cycle,0.7042258778096416,38.464285714285715,0.7654940979081218,0.9495238095238094,0.6723809523809523,0.4624802611957869,0.6059766441521606,72.8154860412724,高忠诚度
CUST_000282,27,4041.04,149.66814814814813,2025-11-14,2023-01-18,0.0,0.25925925925925924,0.4826022521379685,0.6198036891295459,0.10026666666666666,0.6169,0.25925925925925924,7,159.32111111111112,4301.67,260.65,47,1031,1,0.12511910240613996,0.06057866394587546,0.16068984532988226,1.0644246543818714,4,8,9,1,2,3,0.0,0.0,3.0,3.0,1.0,33,Female,Young Professional,Store,Central,0.5554087667835396,0.4826022521379685,0.6198036891295459,10.0,5.0,4.5,5.0,2,promoter,1.0,0.0,6.0,1.0,0.0,11.0,166.72727272727272,3.0,3.0,5.0,0.0,0.0,1,2,2.4880471829240394,-1.595685032833637,高,-0.5838858030221585,0.4826022521379685,0.6198036891295459,0,0,0.0,0.0,0.0,0,0,0,438.11544047013047,6,Beauty,Medium Cycle,0.4407958714987913,39.65384615384615,0.6585914307260998,0.9774999999999999,0.8542857142857143,0.5275573113843633,0.5901839516424198,73.77564758147047,高忠诚度
CUST_000283,5,553.2,110.64000000000001,2025-01-18,2023-12-12,0.0,0.6,0.4469108446392501,0.6096838344640602,0.15333999999999998,0.3176,0.6,3,138.668,693.34,140.14000000000001,347,403,1,0.26814650678355006,0.20183195552611113,0.36581030067843606,1.2532128332580206,1,0,1,1,1,1,0.0,0.0,2.0,1.0,0.0,46,Male,High Net Worth,Store,East,0.10161201302462089,0.4469108446392501,0.6096838344640602,6.0,3.5,3.0,2.0,2,passive,1.0,1.0,0.0,1.0,1.0,5.0,9.8,1.0,0.0,1.0,2.0,1.0,0,0,-3.0576219404348763,9.785175443433658,低,4.698557861413999,0.4469108446392501,0.6096838344640602,0,0,0.0,0.0,0.0,0,0,0,489.87898021966913,5,Beauty,Long Cycle,2.972405341861162e-07,100.75,5.9448106864978814e-08,0.4382857142857143,0.64,0.27935501593231515,0.3701081167967336,30.29909163152179,低忠诚度
CUST_000284,40,4004.7599999999998,100.119,2025-12-20,2023-04-27,0.125,0.225,0.5442773902166395,0.3176757949219666,0.0912875,0.5668,0.225,9,108.68375,4347.35,342.6,11,968,1,0.12246241279874388,0.0787885059850288,0.07147705385744249,1.0854372859011874,4,10,6,10,5,5,3.0,0.0,3.0,1.0,2.0,20,Male,Student,Online,South,0.7465704283917763,0.5442773902166395,0.3176757949219666,10.0,5.0,5.0,4.666666666666667,3,promoter,2.0,1.0,8.0,2.0,0.5,12.0,105.75,3.0,1.0,6.0,0.0,2.0,1,2,3.147939387805588,-1.4159462662978042,高,11.876351059230437,0.5442773902166395,0.3176757949219666,0,0,0.0,0.0,0.0,0,0,0,378.3554667547274,6,Beauty,Short Cycle,0.6103482330581931,24.82051282051282,0.8013106213543608,0.9883333333333333,0.5657142857142857,0.5001194007984471,0.5255442682120164,72.6183212948354,高忠诚度
CUST_000285,24,3315.4,138.14166666666668,2025-09-22,2023-01-02,0.041666666666666664,0.4166666666666667,0.19549289932427216,0.5588051184029654,0.11389166666666667,0.488,0.4166666666666667,10,149.96375,3599.13,283.72,100,994,1,0.08145537471844674,0.07880826525708795,0.2328354660012356,1.0855008384504952,1,6,6,5,3,3,1.0,4.0,3.0,1.0,1.0,37,Other,Young Professional,Online,Central,0.660072510227836,0.19549289932427216,0.5588051184029654,9.0,4.0,4.5,5.0,2,passive,2.0,0.0,5.0,2.0,0.0,9.0,133.88888888888889,3.0,0.0,2.0,3.0,1.0,0,2,1.6957866260854606,0.8237620315591542,高,-0.7539495450785773,0.19549289932427216,0.5588051184029654,0,0,0.0,0.0,0.0,0,0,1,378.3554667547274,6,Beauty,Short Cycle,0.1247977189089422,43.21739130434783,0.5230078552334471,0.8520714285714285,0.8085714285714285,0.4487105202114542,0.4700438507075084,62.901908363644985,中忠诚度
CUST_000286,18,2905.57,161.42055555555555,2025-12-29,2023-04-13,0.05555555555555555,0.1111111111111111,0.5893006910020113,0.8615130093248938,0.03311111111111111,0.3575,0.1111111111111111,2,164.9972222222222,2969.95,64.36,2,991,1,0.06547785455577904,0.02166310439421734,0.09572366770276598,1.02209412372021,4,1,6,1,4,2,0.0,0.0,2.0,0.0,0.0,53,Female,Family,Store,North,0.49886338197670244,0.5893006910020113,0.8615130093248938,9.5,4.5,4.5,4.5,2,promoter,0.0,0.0,0.0,0.0,0.0,10.0,92.8,1.0,3.0,3.0,3.0,0.0,1,1,-1.240744110324041,-3.8332671195269277,中,10.334404057480981,0.5893006910020113,0.8615130093248938,0,0,0.0,0.0,0.0,0,0,0,438.11544047013047,6,Beauty,Medium Cycle,0.8731540428395534,58.294117647058826,0.6959496088845603,0.8972857142857142,1.0,0.4692737061861334,0.6220510766065387,74.68050286556975,高忠诚度
CUST_000287,22,3125.8,142.0818181818182,2025-10-30,2023-05-09,0.09090909090909091,0.4090909090909091,0.21867787616441545,0.8862993499302774,0.08551363636363636,0.3516,0.4090909090909091,9,154.37954545454545,3396.35,270.55,62,905,1,0.08945913115816996,0.07963559833399562,0.36257700678965893,1.0864773737851965,4,7,8,3,0,0,1.0,3.0,3.0,2.0,0.0,36,Male,High Net Worth,Store,East,0.2914601718445416,0.21867787616441545,0.8862993499302774,8.0,4.333333333333333,4.333333333333333,3.6666666666666665,3,passive,0.0,0.0,0.0,0.0,0.0,7.0,60.714285714285715,0.0,1.0,2.0,2.0,2.0,0,0,-0.11009113285495231,1.58783412162414,低,-0.7126210785022409,0.21867787616441545,0.8862993499302774,0,0,0.0,0.0,0.0,0,0,1,438.11544047013047,4,Beauty,Medium Cycle,0.3507428306908652,43.095238095238095,0.5542258764098643,0.7444761904761905,1.0,0.3284331392154708,0.4374054644941761,61.7262601098454,中忠诚度
CUST_000288,25,2510.43,100.4172,2025-11-20,2023-02-04,0.0,0.24,0.4745196903315144,0.4858634921966226,0.08323599999999999,0.5761,0.24,6,106.27159999999999,2656.79,146.36,41,1020,1,0.11388472567956345,0.05506830863235997,0.11660723812718943,1.0581953892969236,3,9,2,3,5,3,4.0,1.0,1.0,0.0,0.0,43,Female,High Net Worth,Hybrid,East,0.7321740786799632,0.4745196903315144,0.4858634921966226,10.0,5.0,5.0,5.0,2,promoter,0.0,0.0,0.0,0.0,0.0,11.0,125.63636363636364,0.0,4.0,2.0,4.0,1.0,1,2,1.693699163282623,-1.3708514114877264,高,-0.10010657734470162,0.4745196903315144,0.4858634921966226,0,0,0.0,0.0,0.0,0,0,0,378.3554667547274,6,Beauty,Short Cycle,0.5121316487518259,42.5,0.6584406163181535,0.9999999999999999,1.0,0.4949458101507327,0.4722894311283609,74.261747108731,高忠诚度
CUST_000289,23,3323.85,144.51521739130433,2025-09-02,2023-03-02,0.08695652173913043,0.34782608695652173,0.8432393565418769,0.3343604057261571,0.11930869565217392,0.4244,0.34782608695652173,8,167.3121739130435,3848.1800000000003,524.3199999999999,120,915,1,0.2933006457536963,0.13621602523134796,0.11629927155692421,1.1576676854949342,4,4,10,2,1,2,2.0,3.0,3.0,0.0,0.0,20,Male,Family,Online,North,0.5019185592448059,0.8432393565418769,0.3343604057261571,8.5,4.5,3.5,4.0,2,promoter,1.0,0.0,10.0,1.0,0.0,9.0,87.0,1.0,2.0,4.0,1.0,1.0,1,0,1.9041073952013345,2.2548817739343097,低,-0.2733073480583226,0.8432393565418769,0.3343604057261571,0,0,0.0,0.0,0.0,0,1,0,438.11544047013047,6,Beauty,Medium Cycle,0.05593607580693338,41.59090909090909,0.4640417655041747,0.7633571428571428,0.7971428571428572,0.45913269604072815,0.48791376555115523,59.168021317574926,中忠诚度
CUST_000290,16,1878.3300000000002,117.39562500000001,2025-12-21,2023-02-21,0.0,0.375,0.19862221899968358,0.5553708634410948,0.09374375,0.3102,0.375,6,122.941875,1967.07,88.72999999999999,10,1034,1,0.07448333212488134,0.04508477848857002,0.20826407379041054,1.0471548956874934,4,5,4,2,1,0,1.0,3.0,1.0,1.0,0.0,36,Male,Senior,Store,Central,0.37700691215211046,0.19862221899968358,0.5553708634410948,8.0,4.0,4.0,4.0,1,passive,1.0,0.0,10.0,1.0,0.0,6.0,73.0,1.0,2.0,1.0,2.0,0.0,0,0,-1.4371490051450104,0.5247601255310336,低,0.20000000000000007,0.19862221899968358,0.5553708634410948,0,0,0.0,0.0,0.0,0,0,1,378.3554667547274,5,Beauty,Short Cycle,0.8839449574422613,68.93333333333334,0.689271889428737,0.7231428571428571,0.7971428571428572,0.401795956488298,0.45165203874303994,63.51559089704646,中忠诚度
CUST_000291,16,2453.22,153.32625,2025-12-30,2023-06-12,0.0625,0.3125,0.2373213157305233,0.6960005651357686,0.12396875,0.5189,0.3125,5,164.20125,2627.22,174.01,1,932,1,0.07416291116578853,0.06620830828469458,0.21750017660492768,1.0708573478221883,2,5,4,0,3,2,0.0,1.0,2.0,0.0,2.0,37,Male,Young Professional,Store,West,0.2097502926205175,0.2373213157305233,0.6960005651357686,7.0,4.0,4.0,5.0,1,passive,1.0,0.0,14.0,1.0,0.0,5.0,59.8,0.0,2.0,1.0,1.0,1.0,0,0,-1.345266964223088,0.8520120625602011,低,-0.5832265801738941,0.2373213157305233,0.6960005651357686,0,0,0.0,0.0,0.0,0,0,1,378.3554667547274,5,Beauty,Short Cycle,0.8924287838932178,62.13333333333333,0.667820382101641,0.6867142857142857,0.74,0.35023184265465335,0.4629305116073011,60.49990391983569,中忠诚度
CUST_000292,15,1914.4499999999998,127.62999999999998,2025-11-28,2023-01-18,0.0,0.2,0.2134410077279595,0.581655541974468,0.07896,0.5224,0.2,3,133.96333333333334,2009.45,95.00999999999999,33,1045,1,0.0426882015455919,0.04725807655002611,0.1163311083948936,1.049540373968453,1,4,3,3,3,1,1.0,0.0,2.0,0.0,0.0,49,Male,High Net Worth,Store,North,0.46383286192920214,0.2134410077279595,0.581655541974468,7.0,3.3333333333333335,3.3333333333333335,3.0,3,detractor,2.0,0.0,9.5,2.0,0.0,6.0,86.33333333333333,0.0,1.0,4.0,1.0,0.0,-1,1,-3.124740065341426,-0.2971739016604621,中,2.9992158912702562,0.2134410077279595,0.581655541974468,0,0,0.0,0.0,0.0,0,0,1,378.3554667547274,6,Beauty,Short Cycle,0.8007649551455432,74.64285714285714,0.6514372885003936,0.5507142857142857,0.7442857142857142,0.29402977694758814,0.5430869241310462,57.03201202833418,中忠诚度
CUST_000293,31,4084.8,131.76774193548388,2025-10-28,2023-01-16,0.03225806451612903,0.1935483870967742,0.26199753569461043,0.5347718513382003,0.05905806451612903,0.4784,0.1935483870967742,6,137.3116129032258,4256.66,171.85999999999999,64,1016,1,0.050709200457021375,0.04036489527111136,0.10350422929126457,1.041993973234503,4,13,8,1,1,4,1.0,2.0,2.0,1.0,0.0,24,Male,Young Professional,Store,Central,0.8124803934594235,0.26199753569461043,0.5347718513382003,10.0,5.0,5.0,5.0,1,promoter,1.0,0.0,5.0,1.0,0.0,11.0,84.9090909090909,0.0,4.0,5.0,2.0,0.0,1,2,1.749417838848696,-3.376513299321742,高,1.099902176571289,0.26199753569461043,0.5347718513382003,0,0,0.0,0.0,0.0,0,0,1,378.3554667547274,6,Beauty,Short Cycle,0.2706037859264062,33.86666666666667,0.6390204226122352,0.9999999999999999,0.8685714285714285,0.44794068583871904,0.6399379898002587,73.51736424152315,高忠诚度
CUST_000294,16,1999.06,124.94125,2025-11-24,2023-01-04,0.0625,0.4375,0.2329185746969105,0.4165852145384675,0.123625,0.4877,0.4375,7,135.63375,2170.14,171.09,37,1055,1,0.10190187642989834,0.07880191972880607,0.18225603136057952,1.0854933424035373,2,5,3,1,4,1,1.0,3.0,2.0,0.0,1.0,69,Male,High Net Worth,Store,North,0.43161364249401313,0.2329185746969105,0.4165852145384675,9.333333333333334,4.0,4.333333333333333,5.0,3,promoter,2.0,0.0,8.5,2.0,0.0,9.0,130.88888888888889,0.0,3.0,4.0,0.0,2.0,1,0,0.8985054523455684,1.2782650535455116,低,3.3995849297573444,0.2329185746969105,0.4165852145384675,0,0,0.0,0.0,0.0,0,0,1,378.3554667547274,6,Beauty,Short Cycle,0.7504389155848191,70.33333333333333,0.649166661699808,0.8683809523809524,0.7585714285714286,0.4174579106081139,0.4555663077096791,65.65845836385637,中忠诚度
CUST_000295,13,1805.09,138.8530769230769,2025-10-26,2023-02-01,0.07692307692307693,0.15384615384615385,0.2829798656819357,0.3673876126173877,0.033723076923076925,0.3004,0.15384615384615385,2,147.27846153846156,1914.6200000000001,109.53999999999999,66,998,1,0.04353536395106704,0.057182530982136326,0.056521171171905804,1.0606020318853107,4,1,4,3,1,0,1.0,0.0,1.0,0.0,0.0,58,Female,Senior,Hybrid,North,0.16095916776200628,0.2829798656819357,0.36738761261738767,6.0,2.6666666666666665,3.3333333333333335,3.6666666666666665,3,detractor,3.0,0.0,5.666666666666667,3.0,0.0,4.0,26.25,1.0,1.0,1.0,0.0,1.0,-1,1,-5.041051928368443,-0.528331764141821,中,5.256665595888212,0.2829798656819357,0.3673876126173877,0,0,0.0,0.0,0.0,0,0,1,489.87898021966913,5,Beauty,Long Cycle,0.6361076482479205,83.16666666666667,0.5654435502318009,0.46661904761904754,0.739047619047619,0.34017086034501703,0.5122430235769284,52.50070524197368,中忠诚度
CUST_000296,19,1468.72,77.30105263157895,2025-12-25,2023-04-24,0.0,0.3157894736842105,0.32964295233108687,0.7336376679797129,0.07369473684210527,0.4665,0.3157894736842105,6,85.75473684210526,1629.34,160.63,6,976,1,0.10409777442034322,0.09852546094679637,0.2316750530462251,1.109217038484318,3,5,3,5,3,0,1.0,1.0,3.0,1.0,0.0,50,Male,Senior,Online,South,0.3913256389970091,0.32964295233108687,0.7336376679797129,9.0,4.5,4.5,5.0,2,promoter,0.0,0.0,0.0,0.0,0.0,6.0,52.166666666666664,1.0,2.0,2.0,0.0,1.0,1,0,0.2489011801165944,1.3598383982070903,低,-0.6162738191998556,0.32964295233108687,0.7336376679797129,0,0,0.0,0.0,0.0,0,0,0,378.3554667547274,5,Beauty,Short Cycle,0.8359037077722619,54.22222222222222,0.6890266811221959,0.8790714285714285,1.0,0.39309727868732375,0.34590430115635035,68.7326098456067,中忠诚度
CUST_000297,18,2149.99,119.44388888888888,2025-09-19,2023-04-06,0.05555555555555555,0.2222222222222222,0.5115883670514596,0.46709579955509206,0.07361111111111111,0.5432,0.2222222222222222,4,123.3261111111111,2219.87,69.87,103,897,1,0.11368630378921324,0.03146064380175337,0.10379906656779823,1.0324160415222983,7,3,3,3,1,1,0.0,0.0,4.0,0.0,0.0,57,Male,Family,Online,Central,0.3894983189462793,0.5115883670514596,0.467095799555092,7.666666666666667,4.0,4.333333333333333,4.0,3,passive,1.0,0.0,12.0,1.0,0.0,6.0,142.33333333333334,1.0,1.0,3.0,1.0,0.0,0,1,-2.2369463509050433,-0.44405943426600114,中,0.11680482290881694,0.5115883670514596,0.46709579955509206,0,0,0.0,0.0,0.0,0,0,0,489.87898021966913,6,Beauty,Long Cycle,0.15420161429777235,52.76470588235294,0.45185666316813833,0.7143333333333333,0.7685714285714286,0.3890784895432736,0.45859059697013843,55.65764095465009,中忠诚度
CUST_000298,16,1348.47,84.279375,2025-12-02,2023-09-26,0.0,0.25,0.6258275423083522,0.6684348248925123,0.0971125,0.5996,0.25,4,97.21375,1555.42,206.95,29,798,1,0.15645688557708806,0.13296539494480922,0.16710870622312807,1.1533333827662147,7,2,3,3,1,0,0.0,1.0,2.0,0.0,1.0,56,Female,Young Professional,Store,West,0.49130242056513734,0.6258275423083522,0.6684348248925123,7.333333333333333,4.0,3.3333333333333335,4.0,3,passive,0.0,0.0,0.0,0.0,0.0,7.0,86.28571428571429,0.0,2.0,3.0,0.0,2.0,0,0,-0.8878552603259707,2.90827256949931,低,0.9392868615483456,0.6258275423083522,0.6684348248925123,0,0,0.0,0.0,0.0,0,0,0,489.87898021966913,5,Beauty,Long Cycle,0.6881745873849845,53.2,0.567784840555069,0.6455238095238094,1.0,0.3448244305963237,0.4412151572104416,59.96223427184878,中忠诚度
CUST_000299,19,3011.54,158.5021052631579,2025-12-12,2023-03-25,0.15789473684210525,0.21052631578947367,0.5092952629441388,0.1271529940167794,0.04220526315789474,0.3169,0.21052631578947367,4,162.7521052631579,3092.29,80.75,19,993,1,0.1072200553566608,0.026104891555592914,0.026769051371953557,1.0267487457374997,5,1,7,3,3,0,2.0,1.0,1.0,0.0,0.0,35,Male,Young Professional,Store,South,0.3021315477005372,0.5092952629441388,0.1271529940167794,7.5,4.0,3.5,3.5,2,promoter,0.0,0.0,0.0,0.0,0.0,7.0,0.0,0.0,0.0,3.0,2.0,2.0,1,1,-2.7035973572983183,-2.1367321183313717,中,0.4044014969558175,0.5092952629441388,0.1271529940167794,0,0,0.0,0.0,0.0,0,0,0,438.11544047013047,5,Beauty,Medium Cycle,0.76831857023061,55.166666666666664,0.6710584504951668,0.6474285714285714,1.0,0.23736842105263156,0.5069115642863874,62.481667580654566,中忠诚度
CUST_000300,21,3089.08,147.0990476190476,2025-11-14,2023-03-22,0.09523809523809523,0.23809523809523808,0.3841202417882938,0.4738598884750624,0.07770952380952381,0.4324,0.23809523809523808,5,154.28333333333333,3239.95,150.87,47,968,1,0.09145720042578423,0.046551165553309994,0.11282378297025294,1.04876848725759,1,9,6,1,3,1,2.0,0.0,2.0,1.0,0.0,57,Female,Young Professional,Online,North,0.34643731570159086,0.3841202417882938,0.47385988847506244,9.0,3.5,4.5,4.0,2,promoter,0.0,0.0,0.0,0.0,0.0,3.0,0.0,0.0,0.0,3.0,0.0,0.0,1,1,-1.6694244715235693,-0.9387399483851271,中,2.9237629146275146,0.3841202417882938,0.4738598884750624,0,0,0.0,0.0,0.0,0,0,0,378.3554667547274,6,Beauty,Short Cycle,0.5113230971403667,48.4,0.6077162556993763,0.7900714285714284,1.0,0.0931578947368421,0.5604394744345428,62.78723392283777,中忠诚度
CUST_000301,18,2215.75,123.09722222222223,2025-12-24,2023-01-28,0.05555555555555555,0.5,0.07337857502969392,0.8911595141311426,0.11562777777777779,0.3607,0.5,9,128.92277777777778,2320.61,104.87,7,1061,1,0.03668928751484696,0.045171238924711726,0.4455797570655713,1.0472397593786806,2,4,4,5,2,1,1.0,2.0,4.0,2.0,0.0,18,Male,Young Professional,Online,North,0.15446815764996127,0.07337857502969392,0.8911595141311427,7.0,3.3333333333333335,4.0,3.0,3,detractor,2.0,0.0,10.0,2.0,0.0,3.0,0.0,0.0,0.0,2.0,1.0,0.0,-1,0,-2.042559378330943,2.6859791188103084,低,1.073490813648294,0.07337857502969392,0.8911595141311426,0,0,0.0,0.0,0.0,0,0,1,498.32680731697,6,Beauty,Long Cycle,0.8693952832667073,62.411764705882355,0.7119339774162875,0.5807142857142857,0.7371428571428571,0.1231578947368421,0.4560954328316873,55.62181923601657,中忠诚度
CUST_000302,24,3523.84,146.82666666666668,2025-11-13,2023-02-22,0.0,0.4166666666666667,0.8104449000495751,0.8372660267996198,0.14344166666666666,0.5115,0.4166666666666667,10,160.97541666666666,3863.41,339.58,48,995,1,0.3376853750206563,0.0878736987017423,0.3488608444998416,1.09628896052303,3,6,10,1,3,1,1.0,1.0,3.0,2.0,3.0,28,Male,Student,Online,North,0.5700085038892293,0.810444900049575,0.8372660267996198,10.0,5.0,5.0,5.0,3,promoter,4.0,0.0,9.5,4.0,0.0,10.0,115.2,1.0,1.0,7.0,1.0,0.0,1,2,3.7793949718848356,1.4847569894251584,高,10.183981866263697,0.8104449000495751,0.8372660267996198,0,0,0.0,0.0,0.0,0,1,0,438.11544047013047,6,Beauty,Medium Cycle,0.46172402631481724,43.26086956521739,0.6282560687243008,0.9999999999999999,0.6242857142857143,0.42862652455774086,0.6084509129583765,68.7681293387565,中忠诚度
CUST_000303,21,2680.6,127.64761904761905,2025-12-07,2023-03-08,0.0,0.23809523809523808,0.4156535306683128,0.48095285911166963,0.08369047619047619,0.4541,0.23809523809523808,5,132.59714285714284,2784.54,103.94,24,1005,1,0.09896512634959828,0.03731412939681354,0.11451258550277847,1.0386935291945343,5,5,4,2,3,2,0.0,3.0,1.0,1.0,0.0,45,Male,Family,Hybrid,Central,0.30653602561224946,0.4156535306683128,0.48095285911166963,7.0,3.3333333333333335,3.6666666666666665,4.0,3,detractor,0.0,0.0,0.0,0.0,0.0,7.0,200.28571428571428,1.0,4.0,2.0,0.0,0.0,-1,1,-2.168089779676663,-0.34243318363815933,中,-0.203810586392602,0.4156535306683128,0.48095285911166963,0,0,0.0,0.0,0.0,0,0,0,489.87898021966913,6,Beauty,Long Cycle,0.7027231860478294,50.25,0.6733705845441837,0.6007142857142858,1.0,0.499566452666112,0.5137444002499335,65.41863747292335,中忠诚度
CUST_000304,25,2727.59,109.1036,2025-12-23,2023-01-17,0.0,0.24,0.3958874848231183,0.5574761212846623,0.066596,0.5631,0.24,6,118.04119999999999,2951.0299999999997,223.45,8,1071,1,0.0950129963575484,0.07569367519977778,0.13379426910831893,1.0818193149158306,3,8,5,5,1,3,1.0,2.0,2.0,1.0,0.0,74,Male,Young Professional,Online,Central,0.24327729951627922,0.3958874848231183,0.5574761212846623,8.0,5.0,5.0,4.0,1,passive,2.0,0.0,10.5,2.0,0.0,6.0,251.66666666666666,0.0,3.0,2.0,1.0,0.0,0,1,-0.013914055776459773,-0.29599569333955633,中,-0.6682316118935837,0.3958874848231183,0.5574761212846623,0,0,0.0,0.0,0.0,0,0,0,378.3554667547274,6,Beauty,Short Cycle,0.7711422717554227,44.625,0.74891225295006,0.8221428571428571,0.73,0.4463958173094532,0.46665591125673034,67.66671494556597,中忠诚度
CUST_000305,26,3181.7000000000003,122.37307692307694,2025-12-10,2023-02-22,0.07692307692307693,0.23076923076923078,0.6704212608878726,0.26020710193841223,0.09197692307692308,0.5922,0.23076923076923078,6,134.9973076923077,3509.93,328.23,21,1022,1,0.15471259866643214,0.09348805017474003,0.06004779275501821,1.103071691661743,4,10,4,3,3,2,0.0,2.0,2.0,1.0,1.0,42,Male,High Net Worth,Online,South,0.72256976869483,0.6704212608878727,0.26020710193841223,10.0,5.0,5.0,5.0,2,promoter,0.0,0.0,0.0,0.0,0.0,14.0,50.285714285714285,1.0,3.0,6.0,2.0,2.0,1,2,2.9465666594569524,-1.2320966345711981,高,-0.6025482434438396,0.6704212608878726,0.26020710193841223,0,0,0.0,0.0,0.0,0,0,0,378.3554667547274,6,Beauty,Short Cycle,0.6565589267423182,40.88,0.7101361120948902,0.9999999999999999,1.0,0.5371615364088719,0.46334507277237547,76.31168250056541,高忠诚度
CUST_000306,31,3640.51,117.4358064516129,2025-12-09,2023-01-02,0.06451612903225806,0.1935483870967742,0.31038118857799085,0.8051437933706025,0.05245161290322581,0.4834,0.1935483870967742,6,121.8916129032258,3778.64,138.12,22,1072,1,0.06007377843444984,0.03654316284090549,0.15583428258785853,1.0378541097884542,7,6,5,3,8,2,1.0,2.0,2.0,0.0,1.0,67,Male,High Net Worth,Online,West,0.7750588133260653,0.31038118857799085,0.8051437933706025,9.0,4.0,4.333333333333333,4.666666666666667,3,promoter,1.0,0.0,5.0,1.0,0.0,10.0,82.5,1.0,2.0,7.0,0.0,0.0,1,2,0.8312326749652356,-2.745234073436894,高,-0.7461183777171355,0.31038118857799085,0.8051437933706025,0,0,0.0,0.0,0.0,0,0,0,513.7160654092345,6,Beauty,Long Cycle,0.6096700214146011,35.733333333333334,0.7534595602865646,0.8329047619047618,0.8685714285714285,0.4099730798813317,0.4881974164447428,69.92753472967853,中忠诚度
CUST_000307,27,2907.64,107.69037037037036,2025-09-11,2023-02-28,0.0,0.25925925925925924,0.39219016804853396,0.27921307523642874,0.0675037037037037,0.3968,0.25925925925925924,7,114.14444444444445,3081.9,174.24,111,926,1,0.10167893245702732,0.05651821337052775,0.07238857506129634,1.0598333511009626,5,7,4,5,2,4,0.0,0.0,5.0,2.0,0.0,40,Male,High Net Worth,Online,South,0.5369446838874926,0.39219016804853396,0.27921307523642874,8.5,4.0,4.0,3.5,2,passive,1.0,0.0,10.0,1.0,0.0,9.0,20.555555555555557,0.0,1.0,6.0,2.0,0.0,0,1,-0.6597498984220009,-0.6731847269268413,中,-0.7801971120788449,0.39219016804853396,0.27921307523642874,0,0,0.0,0.0,0.0,0,0,0,378.3554667547274,6,Beauty,Short Cycle,0.06319302792388737,35.61538461538461,0.5063048316306916,0.7413571428571428,0.7971428571428572,0.31583415741859866,0.46438290086391193,57.38347225172984,中忠诚度
CUST_000308,45,3591.89,79.81977777777777,2025-12-03,2023-02-21,0.0,0.3333333333333333,0.5567531332954277,0.573980502909545,0.12762444444444446,0.6358,0.3333333333333333,15,89.84755555555556,4043.14,451.24,28,1016,1,0.18558437776514258,0.11157872872848122,0.19132683430318168,1.1254892354287178,5,11,6,12,5,6,4.0,5.0,5.0,0.0,1.0,48,Male,High Net Worth,Online,East,0.8470199419028595,0.5567531332954277,0.573980502909545,10.0,5.0,5.0,5.0,1,promoter,2.0,0.0,7.0,2.0,0.0,11.0,46.18181818181818,0.0,2.0,6.0,1.0,2.0,1,2,5.320519699991336,0.7910630341724956,高,-0.9076210287443268,0.5567531332954277,0.573980502909545,0,0,0.0,0.0,0.0,0,0,0,498.32680731697,6,Beauty,Long Cycle,0.4603557756997372,23.09090909090909,0.811871270149432,0.9999999999999999,0.7799999999999999,0.41631608914105345,0.4395473343788494,73.89408945728148,高忠诚度
CUST_000309,40,5133.6900000000005,128.34225,2025-12-13,2023-01-03,0.0,0.2,0.6475586686699071,0.6785592456488331,0.069105,0.542,0.2,8,134.8345,5393.38,259.68,18,1075,1,0.12951173373398142,0.04813898909605923,0.1357118491297666,1.0505035946000167,3,8,6,9,10,4,0.0,3.0,1.0,2.0,2.0,47,Male,Young Professional,Store,North,0.7618356548008954,0.6475586686699071,0.6785592456488331,9.0,4.5,4.0,4.5,2,promoter,1.0,0.0,12.0,1.0,0.0,17.0,133.52941176470588,2.0,5.0,6.0,2.0,2.0,1,2,3.4429196545978256,-3.225457958185388,高,0.7852279760676708,0.6475586686699071,0.6785592456488331,0,0,0.0,0.0,0.0,0,0,0,513.7160654092345,6,Beauty,Long Cycle,0.5768819754898258,27.564102564102566,0.82066421753527,0.8390714285714286,0.7685714285714286,0.6665893211476438,0.697575644827217,77.58775815853815,高忠诚度
CUST_000310,28,3505.43,125.19392857142857,2025-09-25,2023-01-18,0.0,0.14285714285714285,0.35733911443813415,0.20173072351127622,0.024796428571428573,0.2968,0.14285714285714285,4,128.15607142857144,3588.37,82.94,97,981,1,0.05104844491973345,0.023107119076606758,0.028818674787325173,1.0235786759315517,3,7,8,3,4,3,1.0,3.0,0.0,0.0,0.0,59,Male,Family,Online,North,0.4843764990894026,0.35733911443813415,0.20173072351127622,9.333333333333334,5.0,4.333333333333333,4.0,3,promoter,2.0,0.0,7.0,2.0,0.0,10.0,136.0,0.0,4.0,5.0,1.0,0.0,1,1,-0.7405439193139883,-3.7424914604835657,中,1.1449426485922833,0.35733911443813415,0.20173072351127622,0,0,0.0,0.0,0.0,0,0,0,438.11544047013047,6,Beauty,Medium Cycle,0.10933239175561527,36.333333333333336,0.5494144612042545,0.8873809523809523,0.7799999999999999,0.4573112844742335,0.6323791486510922,66.71231414253133,中忠诚度
CUST_000311,11,1855.36,168.6690909090909,2025-11-06,2023-01-10,0.0,0.36363636363636365,0.430648873189539,0.5241555755759114,0.10877272727272728,0.5191,0.36363636363636365,4,186.68272727272725,2053.5099999999998,198.14999999999998,55,1031,1,0.15659959025074147,0.09644635460523433,0.1906020274821496,1.1067330649377247,0,3,4,2,2,0,0.0,0.0,1.0,2.0,1.0,52,Male,Student,Hybrid,North,0.2361844190634108,0.430648873189539,0.5241555755759114,7.5,3.5,3.5,4.0,2,passive,4.0,1.0,7.0,4.0,0.25,7.0,148.85714285714286,1.0,3.0,2.0,0.0,1.0,0,0,-1.385741178170318,1.9959661549347991,低,4.680568720379146,0.430648873189539,0.5241555755759114,0,0,0.0,0.0,0.0,0,0,0,438.11544047013047,4,Clothing,Medium Cycle,0.8352899808193619,103.1,0.6072654613249604,0.6379285714285714,0.51,0.47237885946599273,0.5640535691641518,57.36266455491526,中忠诚度
CUST_000312,20,2397.45,119.87249999999999,2025-11-30,2023-02-07,0.0,0.35,0.7227312283481409,0.9565274365272911,0.14357999999999999,0.5396,0.35,7,135.4035,2708.07,310.62,31,1027,1,0.2529559299218493,0.11465927421587481,0.33478460278455185,1.1294684378453903,1,8,2,3,4,2,1.0,1.0,2.0,1.0,2.0,24,Female,Senior,Online,South,0.39389950243971267,0.7227312283481409,0.9565274365272911,10.0,4.0,4.0,4.0,1,promoter,0.0,0.0,0.0,0.0,0.0,8.0,61.875,1.0,1.0,4.0,2.0,0.0,1,0,1.7839414889972727,2.644322225123746,低,0.4488463936811472,0.7227312283481409,0.9565274365272911,0,0,0.0,0.0,0.0,0,1,0,378.3554667547274,6,Beauty,Short Cycle,0.6798997809488074,54.05263157894737,0.6623656711156027,0.8659999999999999,1.0,0.37675612570047246,0.4991609657875612,69.65972650578858,中忠诚度
CUST_000313,15,2660.27,177.35133333333334,2025-08-10,2023-01-10,0.13333333333333333,0.4,0.37434861350322535,0.34954703001980963,0.10680666666666667,0.5154,0.4,6,183.91066666666666,2758.66,98.39000000000001,143,943,1,0.14973944540129014,0.03565294275381751,0.13981881200792387,1.036926500327016,1,2,6,3,2,1,2.0,2.0,1.0,0.0,1.0,33,Female,Young Professional,Store,South,0.31093453858616893,0.37434861350322535,0.34954703001980963,8.0,4.0,4.0,3.3333333333333335,3,passive,2.0,0.0,10.5,2.0,0.0,6.0,63.0,0.0,1.0,2.0,2.0,1.0,0,0,-1.966235090761932,0.7505242052469727,低,0.2922407324028216,0.37434861350322535,0.34954703001980963,0,0,0.0,0.0,0.0,0,0,0,438.11544047013047,6,Beauty,Medium Cycle,0.06254610419351891,67.35714285714286,0.3946625867331639,0.6998095238095238,0.73,0.31428725781049704,0.4874234894487144,52.310776906121184,中忠诚度
CUST_000314,22,1974.9499999999998,89.77045454545454,2025-12-02,2023-01-06,0.09090909090909091,0.2727272727272727,0.33624888945921366,0.45668992023264887,0.051495454545454546,0.2586,0.2727272727272727,6,94.93954545454545,2088.67,113.74,29,1061,1,0.09170424257978554,0.05442964678633468,0.12455179642708605,1.057463408212964,2,7,2,5,3,3,1.0,1.0,4.0,0.0,0.0,43,Male,Student,Hybrid,North,0.6339811640891277,0.33624888945921366,0.45668992023264887,9.0,5.0,4.0,4.5,2,promoter,0.0,0.0,0.0,0.0,0.0,9.0,157.0,1.0,2.0,3.0,3.0,0.0,1,1,-0.11918117932333887,-1.0621684195586814,中,2.421374713146104,0.33624888945921366,0.45668992023264887,0,0,0.0,0.0,0.0,0,0,0,378.3554667547274,6,Beauty,Short Cycle,0.6687339661445385,50.523809523809526,0.6870168713457395,0.8660714285714286,1.0,0.4583602534520016,0.4202223635772897,70.44103111009726,高忠诚度
CUST_000315,20,2467.51,123.37550000000002,2025-09-29,2023-03-10,0.0,0.35,0.4706471447678039,0.629812059473546,0.091025,0.4224,0.35,7,130.845,2616.9,149.4,93,934,1,0.16472650066873135,0.05706864280530196,0.2204342208157411,1.060456860814277,5,5,5,2,2,1,1.0,0.0,4.0,2.0,0.0,65,Female,Young Professional,Store,South,0.3920390880569252,0.47064714476780395,0.629812059473546,7.333333333333333,3.3333333333333335,3.6666666666666665,4.0,3,promoter,0.0,0.0,0.0,0.0,0.0,13.0,141.23076923076923,2.0,3.0,4.0,2.0,2.0,1,0,0.025861595103337874,0.7310827052007595,低,0.6510944340212632,0.4706471447678039,0.629812059473546,0,0,0.0,0.0,0.0,0,0,0,489.87898021966913,6,Beauty,Long Cycle,0.18701523983147628,49.1578947368421,0.4919561913099346,0.6245238095238095,1.0,0.578807062622028,0.5178043817976745,61.82095264368881,中忠诚度
CUST_000316,19,3251.87,171.15105263157895,2025-10-09,2023-02-21,0.05263157894736842,0.3157894736842105,0.31183564338796127,0.5564796506239817,0.08839999999999999,0.5234,0.3157894736842105,6,182.06157894736842,3459.17,207.29000000000002,83,961,1,0.09847441370146146,0.05990746119410319,0.17573041598652053,1.063685786855101,4,4,6,2,3,0,1.0,0.0,1.0,3.0,1.0,74,Female,Young Professional,Store,Central,0.1380822989258208,0.31183564338796127,0.5564796506239817,4.0,2.0,2.0,2.0,1,detractor,3.0,1.0,2.5,3.0,0.3333333333333333,4.0,196.75,0.0,2.0,1.0,1.0,0.0,-1,1,-4.240390941047616,1.9591988651343233,中,0.5852023055412886,0.31183564338796127,0.5564796506239817,0,0,0.0,0.0,0.0,0,0,0,438.11544047013047,5,Beauty,Medium Cycle,0.27412008590654335,53.388888888888886,0.5166736534824842,0.1694285714285714,0.6176190476190476,0.3813608394681903,0.5931709767679835,43.61818684801713,中忠诚度
CUST_000317,16,861.95,53.871875,2025-10-30,2023-01-21,0.0625,0.4375,0.4231372191971841,0.905901452626773,0.13451875,0.5726,0.4375,7,60.43,966.88,104.94,62,1013,1,0.18512253339876805,0.10842253171880811,0.39633188552421317,1.1215274152950319,4,5,0,4,2,1,2.0,1.0,4.0,0.0,0.0,69,Male,Family,Online,Central,0.43470124516772524,0.4231372191971841,0.905901452626773,8.5,4.5,4.0,4.0,2,passive,0.0,0.0,0.0,0.0,0.0,8.0,80.625,1.0,3.0,3.0,1.0,0.0,0,0,0.5919178222614505,4.395703018965999,低,1.2993754879000776,0.4231372191971841,0.905901452626773,0,0,0.0,0.0,0.0,0,0,0,378.3554667547274,5,Beauty,Short Cycle,0.544665478745284,67.53333333333333,0.5777390881912907,0.7858571428571428,1.0,0.44708493572134933,0.2993004420451951,63.17438188366546,中忠诚度
CUST_000318,19,1718.68,90.45684210526316,2025-12-04,2023-03-24,0.0,0.5263157894736842,0.506676540487916,0.7802591738723897,0.18570526315789473,0.5337,0.5263157894736842,10,106.62473684210526,2025.87,307.19,27,986,1,0.2666718634146926,0.15155880742228164,0.41066272309073143,1.178605711892115,2,8,2,2,3,2,1.0,2.0,4.0,2.0,1.0,66,Female,Senior,Online,South,0.4481161070241339,0.506676540487916,0.7802591738723897,7.5,4.0,4.5,3.5,2,passive,4.0,2.0,3.0,4.0,0.5,10.0,51.4,0.0,2.0,3.0,4.0,1.0,0,0,2.2511103242504693,6.026393374630435,低,-0.6659893819230517,0.506676540487916,0.7802591738723897,0,0,0.0,0.0,0.0,0,0,0,378.3554667547274,6,Beauty,Short Cycle,0.7133596139523943,54.77777777777778,0.6522514286977842,0.6924285714285714,0.41714285714285715,0.40198769366003734,0.33222715807974346,54.14862277988737,中忠诚度
CUST_000319,23,3147.94,136.86695652173913,2025-10-20,2023-07-13,0.0,0.21739130434782608,0.5535919244515447,0.6905025714108259,0.05776086956521739,0.3211,0.21739130434782608,5,141.52434782608697,3255.06,107.12,72,830,1,0.1203460705329445,0.03289865665866108,0.15010925465452737,1.0339530584434768,3,4,5,5,4,2,1.0,2.0,0.0,2.0,0.0,19,Female,Senior,Store,North,0.5059188892937314,0.5535919244515447,0.6905025714108259,8.666666666666666,4.666666666666667,4.0,4.666666666666667,3,promoter,2.0,2.0,0.0,2.0,1.0,10.0,111.3,1.0,2.0,3.0,4.0,0.0,1,1,-0.7904328701431745,-1.6550141224970247,中,0.2984970776509881,0.5535919244515447,0.6905025714108259,0,0,0.0,0.0,0.0,0,0,0,438.11544047013047,6,Beauty,Medium Cycle,0.24355306590615422,37.72727272727273,0.511537942123293,0.830095238095238,0.48000000000000004,0.4519981320733985,0.5798826729094189,58.776731290822006,中忠诚度
CUST_000320,46,6228.62,135.40478260869565,2025-12-23,2023-01-01,0.08695652173913043,0.21739130434782608,0.20996005815175206,0.20891290653931852,0.06716304347826087,0.5142,0.21739130434782608,10,143.68804347826085,6609.65,381.01,8,1087,1,0.0456434909025548,0.05763578468078026,0.045415849247677935,1.0610956995254515,7,8,13,5,8,5,0.0,2.0,8.0,0.0,0.0,18,Male,Young Professional,Hybrid,South,0.6924507751066126,0.20996005815175206,0.20891290653931852,9.0,4.0,4.5,4.5,2,passive,2.0,1.0,8.0,2.0,0.5,3.0,108.0,0.0,1.0,1.0,1.0,0.0,0,2,1.4653932735870834,-2.517710531848295,高,-0.9229975683442635,0.20996005815175206,0.20891290653931852,0,0,0.0,0.0,0.0,0,0,1,438.11544047013047,6,Beauty,Medium Cycle,0.6283825173288614,24.155555555555555,0.8883447981887788,0.8345714285714285,0.5657142857142857,0.2815851737904259,0.6168704465924979,69.47717825140722,中忠诚度
CUST_000321,16,1879.96,117.4975,2025-10-25,2023-01-24,0.0625,0.0,0.4050655643636935,0.5523192458304357,0.0,0.0,0.0,0,117.4975,1879.96,0.0,67,1005,1,0.0,0.0,0.0,0.9999148990489968,2,7,4,2,0,1,0.0,0.0,0.0,0.0,0.0,65,Male,High Net Worth,Store,South,0.15057887998859024,0.4050655643636935,0.5523192458304357,5.5,2.5,2.5,3.0,2,detractor,1.0,0.0,3.0,1.0,0.0,6.0,0.0,0.0,0.0,4.0,2.0,0.0,-1,1,-7.063121114848812,-3.1408412330133477,中,-0.6733559966370581,0.4050655643636935,0.5523192458304357,0,0,0.0,0.0,0.0,0,0,0,378.3554667547274,5,Beauty,Short Cycle,0.5,67.0,0.5628676942838793,0.3610714285714286,0.8971428571428571,0.1863157894736842,0.44209404508258343,48.79610691828896,中忠诚度
CUST_000322,31,3136.61,101.18096774193549,2025-12-11,2023-01-17,0.0,0.45161290322580644,0.5797095993702573,0.7773733184075691,0.1333709677419355,0.6248,0.45161290322580644,14,116.09774193548387,3599.0299999999997,462.43,20,1059,1,0.26180433519947105,0.12845170734688324,0.3510718212163215,1.1473132881935144,4,9,5,5,4,4,1.0,4.0,5.0,3.0,1.0,29,Female,Family,Store,South,0.7577611085930716,0.5797095993702573,0.7773733184075691,10.0,5.0,5.0,5.0,3,promoter,2.0,0.0,8.5,2.0,0.0,13.0,94.07692307692308,0.0,5.0,3.0,3.0,2.0,1,2,5.757438307070536,2.4948683975881347,高,0.6511743418718511,0.5797095993702573,0.7773733184075691,0,0,0.0,0.0,0.0,0,0,0,378.3554667547274,6,Beauty,Short Cycle,0.6218050946952296,35.3,0.7535525918804508,0.9999999999999999,0.7585714285714286,0.5291186091131151,0.5009777524432656,74.43659460833065,高忠诚度
CUST_000323,24,3420.58,142.52416666666667,2025-12-17,2023-01-21,0.0,0.25,0.493916066722404,0.5762634891408583,0.06542083333333333,0.477,0.25,6,153.77916666666667,3690.7,270.14,14,1061,1,0.123479016680601,0.07317496004550748,0.14406587228521459,1.078893364748803,3,6,7,3,3,2,1.0,1.0,4.0,0.0,0.0,22,Female,Young Professional,Store,East,0.5323056538470203,0.493916066722404,0.5762634891408583,8.0,4.0,4.0,5.0,1,passive,1.0,0.0,9.0,1.0,0.0,7.0,69.14285714285714,1.0,1.0,3.0,2.0,0.0,0,1,0.22358484764697406,-0.9276198127926373,中,9.589769820971867,0.493916066722404,0.5762634891408583,0,0,0.0,0.0,0.0,0,0,0,438.11544047013047,6,Beauty,Medium Cycle,0.7426321272248371,46.130434782608695,0.7281902094063719,0.7581428571428571,0.8114285714285714,0.3676666614343792,0.6305666311886835,67.94420567153708,中忠诚度
CUST_000324,25,2895.7400000000002,115.82960000000001,2025-10-30,2023-01-06,0.04,0.24,0.43588727388255466,0.4176298023504666,0.08397199999999999,0.5877,0.24,6,121.962,3049.05,153.32,62,1028,1,0.10461294573181311,0.05026802839297716,0.10023115256411198,1.0528523924461064,3,10,3,2,4,3,2.0,1.0,2.0,1.0,0.0,54,Male,High Net Worth,Store,Central,0.6424497718054418,0.43588727388255466,0.4176298023504666,8.5,4.0,4.0,4.5,2,passive,1.0,0.0,9.0,1.0,0.0,9.0,63.0,0.0,2.0,4.0,2.0,1.0,0,1,-0.01999208822522779,-0.9171557854613994,中,4.048917748917749,0.43588727388255466,0.4176298023504666,0,0,0.0,0.0,0.0,0,0,0,378.3554667547274,6,Beauty,Short Cycle,0.3487763518493936,42.833333333333336,0.6129217279283916,0.7763571428571429,0.8114285714285714,0.39133404143622796,0.542881569503212,63.981243144800494,中忠诚度
CUST_000325,19,2204.59,116.03105263157896,2025-12-14,2023-04-26,0.10526315789473684,0.3157894736842105,0.5009901366960783,0.5712282852483623,0.08638421052631579,0.5922,0.3157894736842105,6,123.91526315789473,2354.39,149.81,17,963,1,0.15820741158823523,0.06360305512038346,0.1803878795521144,1.0678571104600003,2,1,6,6,3,1,0.0,4.0,1.0,0.0,1.0,49,Male,High Net Worth,Online,West,0.3569247549149241,0.5009901366960783,0.5712282852483623,10.0,5.0,5.0,5.0,1,promoter,1.0,1.0,0.0,1.0,1.0,4.0,108.75,1.0,0.0,2.0,1.0,0.0,1,0,-0.014805633245954523,0.6135632127392262,低,4.935023771790807,0.5009901366960783,0.5712282852483623,0,0,0.0,0.0,0.0,0,0,0,438.11544047013047,6,Beauty,Medium Cycle,0.7703740926862043,53.5,0.6641937114589298,0.9999999999999999,0.64,0.28211762443687505,0.4502932493986591,65.5119744513009,中忠诚度
CUST_000326,16,2454.0299999999997,153.37687499999998,2025-12-23,2023-02-22,0.0,0.375,0.1766181216258006,0.6149978578692804,0.08135,0.4337,0.375,6,166.366875,2661.87,207.85,8,1035,1,0.06623179560967522,0.07805488063630595,0.23062419670098017,1.084622624980136,1,6,6,1,2,0,0.0,3.0,3.0,0.0,0.0,72,Male,High Net Worth,Store,West,0.444393452947237,0.1766181216258006,0.6149978578692804,8.0,4.0,3.0,3.0,1,passive,1.0,0.0,12.0,1.0,0.0,11.0,64.36363636363636,1.0,2.0,3.0,5.0,0.0,0,0,-0.46856240833090856,0.5321325118220016,低,-0.7950170981924768,0.1766181216258006,0.6149978578692804,0,0,0.0,0.0,0.0,0,0,1,378.3554667547274,5,Beauty,Short Cycle,0.8919276900059121,69.0,0.6926042203210879,0.643142857142857,0.7685714285714286,0.44663493522190373,0.4804586683017352,62.29167351963007,中忠诚度
CUST_000327,24,2901.2,120.88333333333333,2025-12-23,2023-02-11,0.041666666666666664,0.25,0.31250381916097625,0.36385844812565526,0.04292083333333333,0.2757,0.25,6,126.09958333333333,3026.39,125.17999999999999,8,1046,1,0.07812595479024406,0.04134914893687301,0.09096461203141382,1.043064822984449,4,2,3,3,3,9,0.0,3.0,2.0,0.0,1.0,26,Female,Student,Hybrid,East,0.7494439831178427,0.31250381916097625,0.36385844812565526,10.0,5.0,5.0,5.0,2,promoter,2.0,0.0,8.0,2.0,0.0,12.0,118.5,2.0,3.0,4.0,1.0,2.0,1,2,1.1603167525010591,-2.920756266488038,高,-0.694524545438848,0.31250381916097625,0.36385844812565526,0,0,0.0,0.0,0.0,0,0,0,570.7290665608045,6,Beauty,Long Cycle,0.7763472329535321,45.47826086956522,0.7349080255514389,0.9999999999999999,0.7657142857142857,0.5562763249459767,0.4613852432356294,73.79787857498155,高忠诚度
CUST_000328,17,2996.47,176.26294117647058,2025-12-27,2023-01-17,0.0,0.17647058823529413,0.2357726124839192,0.7419428396503823,0.04786470588235294,0.3005,0.17647058823529413,3,181.84,3091.28,94.8,4,1075,1,0.04160693161480927,0.030656990958127982,0.13093108935006748,1.0315820385498427,2,3,6,2,1,3,0.0,2.0,1.0,0.0,0.0,58,Female,Senior,Online,South,0.7350919808020957,0.23577261248391918,0.7419428396503823,9.666666666666666,5.0,5.0,4.333333333333333,3,promoter,0.0,0.0,0.0,0.0,0.0,12.0,42.666666666666664,1.0,1.0,2.0,5.0,3.0,1,1,0.03611134409522017,-3.9339859979960505,中,-0.977842945584881,0.2357726124839192,0.7419428396503823,0,0,0.0,0.0,0.0,0,0,1,438.11544047013047,6,Beauty,Medium Cycle,0.8999381300652227,67.1875,0.7165021664978767,0.9528571428571426,1.0,0.4621131377504304,0.5702416415472213,75.80181525582965,高忠诚度
CUST_000329,15,1771.43,118.09533333333334,2025-12-14,2023-01-12,0.06666666666666667,0.2,0.4056346293463658,0.3282663128734144,0.05174666666666667,0.3324,0.2,3,122.61066666666667,1839.16,67.71000000000001,17,1067,1,0.08112692586927317,0.03679571341622468,0.06565326257468289,1.0381467390690795,5,2,4,3,0,1,0.0,3.0,0.0,0.0,0.0,52,Male,Senior,Store,East,0.5103166929568481,0.4056346293463658,0.3282663128734144,9.333333333333334,4.333333333333333,4.666666666666667,4.0,3,promoter,1.0,0.0,2.0,1.0,0.0,13.0,114.92307692307692,3.0,2.0,6.0,2.0,0.0,1,1,-0.6701091371869801,-2.3640947171623132,中,-0.7775047021943573,0.4056346293463658,0.3282663128734144,0,0,0.0,0.0,0.0,0,0,0,489.87898021966913,5,Beauty,Long Cycle,0.8850541003663406,76.21428571428571,0.6862511600233809,0.8663809523809524,0.9114285714285715,0.5378226399465823,0.3894048992183374,69.8269002691276,中忠诚度
CUST_000330,19,2525.67,132.93,2025-10-14,2023-01-05,0.0,0.21052631578947367,0.6791002726721148,0.5035127145994116,0.08164736842105262,0.6339,0.21052631578947367,4,140.6142105263158,2671.67,146.01,78,1013,1,0.14296847845728733,0.05463076249593103,0.10600267675777086,1.0577268732233773,4,6,6,1,0,2,0.0,0.0,2.0,2.0,0.0,36,Male,Young Professional,Online,East,0.39042659998030804,0.6791002726721148,0.5035127145994116,8.0,4.0,4.0,4.0,1,passive,0.0,0.0,0.0,0.0,0.0,5.0,81.8,1.0,1.0,1.0,1.0,1.0,0,1,-1.5139922239602448,-0.1727320189349938,中,54.71274685816876,0.6791002726721148,0.5035127145994116,0,0,0.0,0.0,0.0,0,0,0,378.3554667547274,5,Beauty,Short Cycle,0.3298081456035168,56.27777777777778,0.546540261254652,0.7231428571428571,1.0,0.3894176464124821,0.5795123954442083,64.00872989406135,中忠诚度
CUST_000331,25,4737.58,189.5032,2025-11-21,2023-02-23,0.04,0.16,0.21571211511330599,0.419695619689425,0.040524000000000004,0.5521,0.16,4,195.1984,4879.96,142.38,40,1002,1,0.034513938418128956,0.029170491050940797,0.067151299150308,1.0299989657712498,2,7,10,1,4,1,0.0,1.0,2.0,0.0,1.0,65,Female,Family,Store,North,0.6004027172408981,0.21571211511330599,0.419695619689425,9.0,4.0,5.0,4.0,1,promoter,2.0,0.0,11.0,2.0,0.0,7.0,95.71428571428571,0.0,3.0,2.0,1.0,1.0,1,1,-0.37919097356535447,-3.9055762920384534,中,-0.12147158121889251,0.21571211511330599,0.419695619689425,0,0,0.0,0.0,0.0,0,0,1,438.11544047013047,6,Beauty,Medium Cycle,0.5141528023771871,41.75,0.6543348322562921,0.8395714285714284,0.7228571428571428,0.414475489349679,0.6980254981582825,68.14970263745104,中忠诚度
CUST_000332,17,2262.7,133.1,2025-12-11,2023-03-01,0.0,0.35294117647058826,0.4016913806332625,0.8378607894809308,0.10840588235294119,0.5872,0.35294117647058826,6,142.27882352941177,2418.7400000000002,156.06,20,1016,1,0.14177342845879853,0.0644945324704307,0.2957155727579756,1.068881553071984,6,2,4,1,4,0,1.0,2.0,2.0,0.0,1.0,33,Male,Family,Online,Central,0.5124104674716627,0.4016913806332625,0.8378607894809308,8.0,4.0,4.0,4.0,2,passive,0.0,0.0,0.0,0.0,0.0,14.0,56.57142857142857,1.0,1.0,5.0,6.0,1.0,0,0,0.763061209162934,0.7251367664782676,低,-0.9318151347417211,0.4016913806332625,0.8378607894809308,0,0,0.0,0.0,0.0,0,0,0,489.87898021966913,5,Beauty,Long Cycle,0.8111149603170837,63.5,0.6700256761159328,0.7231428571428571,1.0,0.5040717660539658,0.4401651653675459,67.34289568337208,中忠诚度
CUST_000333,29,3848.32,132.70068965517243,2025-11-26,2023-01-28,0.06896551724137931,0.1724137931034483,0.2513993416032894,0.4123558321735149,0.0619,0.5294,0.1724137931034483,5,138.96689655172415,4030.04,181.73,35,1033,1,0.043344714069532664,0.04508265856950067,0.07109583313336465,1.047141695313373,7,6,7,1,3,5,0.0,1.0,2.0,2.0,0.0,20,Male,Family,Store,West,0.8138762898935565,0.2513993416032894,0.4123558321735149,10.0,5.0,5.0,5.0,3,promoter,1.0,0.0,7.0,1.0,0.0,15.0,97.53333333333333,1.0,5.0,4.0,5.0,0.0,1,2,2.178249779992979,-3.701936577779347,高,-0.3425866205722247,0.2513993416032894,0.4123558321735149,0,0,0.0,0.0,0.0,0,0,1,489.87898021966913,6,Beauty,Long Cycle,0.5153075874267015,36.892857142857146,0.6983012450472886,0.9999999999999999,0.84,0.5765132036772516,0.5416390640968363,75.32132136802997,高忠诚度
CUST_000334,15,1371.45,91.43,2025-08-22,2023-04-05,0.06666666666666667,0.26666666666666666,0.1903200486498978,0.3506128500328068,0.06606666666666666,0.3495,0.26666666666666666,4,98.41266666666667,1476.19,104.75,131,870,1,0.05075201297330608,0.07091166336084051,0.09349676000874847,1.0762540099154272,3,6,1,3,2,0,1.0,1.0,0.0,2.0,0.0,37,Female,Student,Hybrid,South,0.29520718095650467,0.1903200486498978,0.3506128500328068,7.666666666666667,3.6666666666666665,3.6666666666666665,3.6666666666666665,3,passive,1.0,0.0,14.0,1.0,0.0,6.0,0.0,0.0,0.0,4.0,1.0,1.0,0,1,-3.049308255123509,0.9000518177014012,中,2.5684440286872467,0.1903200486498978,0.3506128500328068,0,0,0.0,0.0,0.0,0,0,1,378.3554667547274,5,Beauty,Short Cycle,0.08133351709852965,62.142857142857146,0.3858696593128218,0.6546666666666666,0.74,0.2163157894736842,0.4086726975012618,48.417583750675504,中忠诚度
CUST_000335,20,2363.49,118.1745,2025-12-26,2023-05-23,0.1,0.25,0.446073564229735,0.48835882347378134,0.061675,0.3564,0.25,5,123.31799999999998,2466.3599999999997,102.88,5,948,1,0.11151839105743375,0.041696388042280014,0.12208970586844534,1.0434363220219232,1,5,4,6,2,2,0.0,1.0,2.0,2.0,0.0,41,Female,Family,Online,West,0.3006617395606568,0.44607356422973504,0.4883588234737814,5.0,3.0,2.0,2.0,1,detractor,1.0,0.0,9.0,1.0,0.0,7.0,175.85714285714286,0.0,3.0,2.0,2.0,0.0,-1,1,-4.063880684537246,0.6351522667019994,中,-0.2543417020091012,0.446073564229735,0.48835882347378134,0,0,0.0,0.0,0.0,0,0,0,498.32680731697,6,Beauty,Long Cycle,0.8186658193205029,49.89473684210526,0.6859398896785023,0.2948571428571428,0.8114285714285714,0.4179380601817696,0.41452737957156227,52.60803542951219,中忠诚度
CUST_000336,22,2928.8500000000004,133.12954545454548,2025-09-08,2023-02-05,0.045454545454545456,0.3181818181818182,0.1810476821314095,0.43512673694952125,0.08384090909090909,0.5016,0.3181818181818182,7,140.55227272727274,3092.15,163.26000000000002,114,946,1,0.057606080678175756,0.05278114543426604,0.1384494163021204,1.0556763750951668,2,6,5,4,4,1,0.0,1.0,4.0,1.0,1.0,71,Female,Young Professional,Store,West,0.40314466364394286,0.1810476821314095,0.4351267369495212,9.0,5.0,5.0,5.0,1,promoter,2.0,0.0,8.0,2.0,0.0,6.0,117.5,2.0,0.0,2.0,0.0,2.0,1,0,0.1776194774935213,-0.6062321011262294,低,-0.15242261103633908,0.1810476821314095,0.43512673694952125,0,0,0.0,0.0,0.0,0,0,1,378.3554667547274,6,Beauty,Short Cycle,0.08104321842425688,45.04761904761905,0.4746323042724453,0.9285714285714285,0.7657142857142857,0.34870966560451233,0.49102993968891095,61.535063207574716,中忠诚度
CUST_000337,8,861.3299999999999,107.66624999999999,2025-10-20,2023-07-03,0.0,0.5,0.44646834517271866,0.8750649349571444,0.096125,0.2206,0.5,4,114.77875,918.23,56.900000000000006,72,840,1,0.22323417258635933,0.06189963338881456,0.4375324674785722,1.0659616210631406,2,1,1,1,2,1,0.0,1.0,1.0,2.0,0.0,73,Female,Young Professional,Hybrid,Central,0.2460788113518518,0.44646834517271866,0.8750649349571444,8.0,5.0,4.0,4.0,1,passive,0.0,0.0,0.0,0.0,0.0,5.0,153.6,0.0,2.0,3.0,0.0,0.0,0,0,-1.687924433500332,3.496746590520048,低,7.497060744611365,0.44646834517271866,0.8750649349571444,0,0,0.0,0.0,0.0,0,0,0,489.87898021966913,6,Beauty,Long Cycle,0.8347867359304711,120.0,0.5160249862056757,0.7771428571428571,1.0,0.32939676958575975,0.40173083293397793,60.87623505253777,中忠诚度
CUST_000338,21,2346.43,111.7347619047619,2025-09-02,2023-01-21,0.047619047619047616,0.3333333333333333,0.49516599253580196,0.4457388438576198,0.09242857142857142,0.5539,0.3333333333333333,7,122.12666666666667,2564.66,218.23,120,955,1,0.1650553308452673,0.085058035749086,0.1485796146192066,1.0929073057648382,1,8,2,4,3,3,2.0,2.0,2.0,0.0,1.0,50,Male,Senior,Hybrid,West,0.5657363669006568,0.49516599253580196,0.4457388438576198,10.0,5.0,5.0,5.0,1,promoter,1.0,1.0,0.0,1.0,1.0,9.0,22.444444444444443,1.0,3.0,3.0,1.0,1.0,1,0,1.337733895717547,0.7643354142930603,低,1.2668910173440329,0.49516599253580196,0.4457388438576198,0,0,0.0,0.0,0.0,0,0,0,378.3554667547274,6,Beauty,Short Cycle,0.07146704817626814,47.75,0.46322031139923026,0.9999999999999999,0.64,0.4599561708725537,0.48555808209929974,62.67932313655471,中忠诚度
CUST_000339,17,1609.3999999999999,94.6705882352941,2025-06-14,2023-03-13,0.058823529411764705,0.5294117647058824,0.2409784981911536,0.9231971482277397,0.15154705882352942,0.4912,0.5294117647058824,9,109.96176470588235,1869.35,259.95,200,824,1,0.1275768519835519,0.13898468201138825,0.48875143141468574,1.161397143336419,2,6,3,1,4,1,1.0,1.0,3.0,2.0,2.0,41,Male,Young Professional,Online,West,0.12343958463646158,0.2409784981911536,0.9231971482277397,10.0,5.0,5.0,5.0,1,promoter,3.0,2.0,4.0,3.0,0.6666666666666666,4.0,0.0,0.0,0.0,3.0,1.0,0.0,1,0,1.1080046561016996,5.608168714225868,低,0.10367658513787197,0.2409784981911536,0.9231971482277397,0,0,0.0,0.0,0.0,0,0,1,378.3554667547274,6,Beauty,Short Cycle,0.0013019100074977974,51.5,0.32219130909743543,0.9999999999999999,0.42952380952380953,0.14421052631578946,0.33253048469554025,48.259711580950146,中忠诚度
CUST_000340,50,4726.85,94.537,2025-12-16,2023-01-02,0.04,0.34,0.3930059512647493,0.526041750123565,0.10253999999999999,0.5541,0.34,17,103.01780000000001,5150.89,424.04,15,1079,1,0.13362202343001478,0.08230765796629974,0.1788541950420121,1.0895935354902853,8,13,7,12,4,6,3.0,3.0,5.0,4.0,2.0,69,Female,High Net Worth,Online,East,0.8557606435675232,0.3930059512647493,0.526041750123565,10.0,5.0,5.0,5.0,3,promoter,1.0,1.0,0.0,1.0,1.0,16.0,97.0625,1.0,4.0,6.0,4.0,1.0,1,2,5.922663636900371,-0.9573170500511773,高,1.0997851982034759,0.3930059512647493,0.526041750123565,0,0,0.0,0.0,0.0,0,0,0,378.3554667547274,6,Beauty,Short Cycle,0.5565969731047641,22.020408163265305,0.8977154155915134,0.9999999999999999,0.64,0.605494245137897,0.5869480932210286,79.41809754312928,高忠诚度
CUST_000341,16,2049.03,128.064375,2025-11-14,2023-02-12,0.0,0.5625,0.7916930415047935,0.7748709353837642,0.2127,0.651,0.5625,9,144.2325,2307.72,258.7,47,1006,1,0.44532733584644635,0.11205343220485811,0.43586490115336735,1.1261620445151497,2,6,4,2,0,2,0.0,4.0,3.0,0.0,2.0,28,Male,Family,Online,Central,0.6260018191913919,0.7916930415047935,0.7748709353837642,10.0,4.0,5.0,5.0,1,promoter,0.0,0.0,0.0,0.0,0.0,16.0,122.125,3.0,3.0,5.0,1.0,4.0,1,0,4.923056571395426,4.6694669133239275,低,-0.3071549024331486,0.7916930415047935,0.7748709353837642,0,0,0.0,0.0,0.0,0,1,0,378.3554667547274,5,Beauty,Short Cycle,0.6579499923675927,67.06666666666666,0.6091992574838396,0.9459999999999998,1.0,0.631583754532469,0.411968445949052,72.579260731738,高忠诚度
CUST_000342,30,3510.78,117.02600000000001,2025-11-29,2023-01-26,0.06666666666666667,0.3333333333333333,0.06347034924276314,0.4193159802320645,0.09195333333333333,0.5091,0.3333333333333333,10,125.82600000000001,3774.78,264.0,32,1038,1,0.021156783080921046,0.0699193279269449,0.13977199341068816,1.075105095867938,7,7,6,5,3,2,2.0,2.0,4.0,1.0,1.0,66,Male,Family,Hybrid,North,0.6768308095192551,0.06347034924276314,0.4193159802320645,9.5,4.0,4.5,5.0,2,promoter,2.0,1.0,7.0,2.0,0.5,14.0,144.28571428571428,2.0,4.0,5.0,2.0,1.0,1,2,2.5597595887661653,-0.9912630016853221,高,-0.8555090240428563,0.06347034924276314,0.4193159802320645,0,0,0.0,0.0,0.0,0,0,1,489.87898021966913,6,Beauty,Long Cycle,0.5306522407996577,35.793103448275865,0.7127690719295541,0.8877857142857142,0.58,0.6121242563611534,0.4461219013247053,68.15140738031735,中忠诚度
CUST_000343,20,3267.23,163.3615,2025-11-13,2023-01-13,0.0,0.2,0.32788611833293674,0.856016523066158,0.043765,0.2987,0.2,4,167.39000000000001,3347.8,80.57000000000001,48,1035,1,0.06557722366658734,0.024059364548494985,0.17120330461323163,1.0245973134849102,1,4,9,3,1,2,1.0,0.0,2.0,1.0,0.0,25,Male,Senior,Hybrid,South,0.12041704065050118,0.32788611833293674,0.856016523066158,6.333333333333333,3.6666666666666665,2.3333333333333335,3.6666666666666665,3,detractor,2.0,2.0,0.0,2.0,1.0,6.0,0.0,0.0,0.0,4.0,1.0,1.0,-1,1,-4.095524050673781,-1.2010631009959303,中,-0.6569251643878509,0.32788611833293674,0.856016523066158,0,0,0.0,0.0,0.0,0,0,0,438.11544047013047,6,Beauty,Medium Cycle,0.5522157290129389,54.473684210526315,0.6268712051295582,0.4994285714285714,0.48000000000000004,0.2163157894736842,0.5777573183581656,50.40294705707878,中忠诚度
CUST_000344,27,2279.72,84.43407407407406,2025-09-16,2023-05-05,0.037037037037037035,0.4444444444444444,0.8032653093036903,0.6584191980868525,0.1305925925925926,0.495,0.4444444444444444,12,93.17444444444445,2515.71,235.98,106,865,1,0.3570068041349735,0.09376527291583059,0.2926307547052677,1.103386418361484,7,5,3,8,4,0,2.0,3.0,5.0,1.0,1.0,53,Male,Student,Store,West,0.6348671855518568,0.8032653093036903,0.6584191980868525,9.0,5.0,5.0,4.0,1,promoter,0.0,0.0,0.0,0.0,0.0,8.0,127.5,1.0,2.0,3.0,2.0,0.0,1,0,2.5877633183823203,3.315459743413253,低,-0.6456757309343691,0.8032653093036903,0.6584191980868525,0,0,0.0,0.0,0.0,0,1,0,498.32680731697,5,Beauty,Long Cycle,0.07014662867474053,33.26923076923077,0.4935757104043331,0.8935714285714285,1.0,0.43540696077354135,0.3458764909081604,63.865808801641236,中忠诚度
CUST_000345,22,2969.6099999999997,134.98227272727271,2025-11-11,2023-01-03,0.0,0.36363636363636365,0.4836120150526704,0.3795857687963512,0.12717727272727275,0.4549,0.36363636363636365,8,147.38,3242.3599999999997,272.77,50,1043,1,0.17585891456460742,0.0841010556953283,0.13803118865321862,1.0917661953714524,1,8,6,1,2,4,2.0,1.0,4.0,0.0,1.0,55,Male,Family,Hybrid,South,0.5604601287976957,0.48361201505267043,0.3795857687963512,9.0,4.5,4.0,5.0,2,promoter,1.0,0.0,2.0,1.0,0.0,3.0,125.0,1.0,0.0,2.0,0.0,0.0,1,0,0.9062939166011426,0.9789062785600999,低,0.3418355801247859,0.4836120150526704,0.3795857687963512,0,0,0.0,0.0,0.0,0,0,0,378.3554667547274,6,Beauty,Short Cycle,0.4973036829443376,49.666666666666664,0.6323248461615402,0.8565714285714285,0.9114285714285715,0.25868329487602093,0.5411155461795774,66.05244228639447,中忠诚度
CUST_000346,29,3852.71,132.85206896551725,2025-11-28,2023-02-02,0.034482758620689655,0.13793103448275862,0.6228706484429231,0.897460560522667,0.02969655172413793,0.3492,0.13793103448275862,4,136.78862068965518,3966.87,114.17,33,1030,1,0.08591319288867905,0.028773624135871388,0.12378766352036785,1.0295535946016092,5,6,7,3,2,6,0.0,2.0,1.0,0.0,1.0,57,Male,Senior,Store,North,0.575410711603741,0.6228706484429231,0.897460560522667,9.333333333333334,4.666666666666667,4.333333333333333,4.333333333333333,3,promoter,2.0,0.0,8.0,2.0,0.0,8.0,40.5,0.0,1.0,2.0,2.0,3.0,1,1,-0.40993178826558097,-3.4696686348813754,中,-0.45718785796105393,0.6228706484429231,0.897460560522667,0,0,0.0,0.0,0.0,0,0,0,438.11544047013047,6,Beauty,Medium Cycle,0.53059264594027,36.785714285714285,0.7019312504319488,0.8810476190476191,0.7657142857142857,0.3365812822766729,0.5655884807687828,68.10238872054506,中忠诚度
CUST_000347,24,2895.37,120.64041666666667,2025-10-15,2023-03-16,0.041666666666666664,0.125,0.6769349388379232,0.4466929593460834,0.05253333333333334,0.5824,0.125,3,124.00999999999999,2976.24,80.86999999999999,77,944,1,0.0846168673547404,0.02716274133089707,0.05583661991826042,1.0278456007542451,3,4,5,5,3,4,1.0,0.0,1.0,1.0,0.0,37,Male,Senior,Store,South,0.45808457610368974,0.6769349388379232,0.44669295934608344,7.0,5.0,4.0,2.0,1,passive,1.0,0.0,11.0,1.0,0.0,10.0,39.7,1.0,2.0,2.0,2.0,3.0,0,1,-2.0258482418499746,-1.945042662400133,中,1.3916109202675826,0.6769349388379232,0.4466929593460834,0,0,0.0,0.0,0.0,0,0,0,438.11544047013047,6,Beauty,Medium Cycle,0.23298255429651582,41.04347826086956,0.5467284356998582,0.6357142857142858,0.7828571428571428,0.45210251620701025,0.5714272875100033,59.39051441246522,中忠诚度
CUST_000348,26,3286.05,126.38653846153846,2025-12-24,2023-01-28,0.038461538461538464,0.15384615384615385,0.6316859988646558,0.548598108407692,0.040819230769230774,0.4778,0.15384615384615385,4,129.19615384615383,3359.1,73.03,7,1061,1,0.0971824613637932,0.02173447218832773,0.08439970898579877,1.0221494624670222,2,5,6,6,3,4,0.0,2.0,2.0,0.0,0.0,52,Male,Family,Online,North,0.6359207521355592,0.6316859988646558,0.548598108407692,9.666666666666666,4.666666666666667,4.666666666666667,5.0,3,promoter,2.0,1.0,8.0,2.0,0.5,8.0,122.375,1.0,2.0,1.0,3.0,1.0,1,1,-0.14823776043261658,-3.2498351445296665,中,0.8757872638208538,0.6316859988646558,0.548598108407692,0,0,0.0,0.0,0.0,0,0,0,438.11544047013047,6,Beauty,Medium Cycle,0.7638021909833328,42.44,0.7530375811818348,0.9431904761904761,0.5657142857142857,0.46326708603450173,0.589348378293971,70.44583559085832,高忠诚度
CUST_000349,19,2308.5299999999997,121.5015789473684,2025-12-23,2023-01-24,0.05263157894736842,0.21052631578947367,0.47870749323218575,0.7125792754857603,0.06673157894736842,0.549,0.21052631578947367,4,126.61421052631579,2405.67,97.14,8,1064,1,0.10078052489098648,0.04036282498223687,0.15001668957594952,1.0419929657992308,2,4,6,3,1,3,1.0,2.0,0.0,1.0,0.0,65,Female,High Net Worth,Hybrid,East,0.28788992277170683,0.47870749323218575,0.7125792754857603,7.0,3.0,3.5,3.5,2,passive,1.0,0.0,8.0,1.0,0.0,8.0,84.25,1.0,1.0,3.0,3.0,0.0,0,1,-2.2420008947887835,-0.5229752637934616,中,0.09665593705293278,0.47870749323218575,0.7125792754857603,0,0,0.0,0.0,0.0,0,0,0,438.11544047013047,6,Beauty,Medium Cycle,0.8499773982553354,59.111111111111114,0.7159777278624456,0.5577142857142857,0.8257142857142857,0.38609850565871884,0.4727496111405002,60.690625016433074,中忠诚度
CUST_000350,24,3159.32,131.63833333333335,2025-12-17,2023-01-09,0.0,0.16666666666666666,0.5391163591289774,0.4029282751771244,0.04365416666666667,0.3105,0.16666666666666666,4,137.81583333333333,3307.58,148.26,14,1073,1,0.08985272652149623,0.04481076473895145,0.06715471252952072,1.0468482953322613,2,9,5,3,3,2,1.0,2.0,0.0,1.0,0.0,42,Female,Student,Online,West,0.5917073897565386,0.5391163591289774,0.4029282751771244,10.0,5.0,5.0,5.0,1,promoter,3.0,1.0,4.5,3.0,0.3333333333333333,8.0,90.625,0.0,3.0,3.0,1.0,1.0,1,1,0.13567269811231092,-3.110810258327172,中,-0.6368804664723032,0.5391163591289774,0.4029282751771244,0,0,0.0,0.0,0.0,0,0,0,378.3554667547274,6,Beauty,Short Cycle,0.7460337155467129,46.65217391304348,0.7323588991637704,0.9999999999999999,0.589047619047619,0.42001030106581694,0.5360905141831543,70.14799348936197,高忠诚度
CUST_000351,16,2017.99,126.124375,2025-11-26,2023-01-25,0.125,0.25,0.23140244497958493,0.15851983096139954,0.06495625,0.3399,0.25,4,134.500625,2152.01,134.03,35,1036,1,0.05785061124489623,0.06225238154955155,0.039629957740349886,1.0663280727398856,5,3,3,2,2,1,0.0,2.0,1.0,1.0,0.0,52,Female,Senior,Hybrid,North,0.2172671548522801,0.23140244497958493,0.15851983096139954,5.5,2.5,2.5,2.5,2,detractor,5.0,0.0,6.0,5.0,0.0,5.0,176.6,0.0,3.0,2.0,0.0,0.0,-1,1,-4.5058287395159,0.7228306967900081,中,-0.7166754018169113,0.23140244497958493,0.15851983096139954,0,0,0.0,0.0,0.0,0,0,1,489.87898021966913,6,Beauty,Long Cycle,0.7551357707754744,69.06666666666666,0.646027863629188,0.3435714285714286,0.6142857142857143,0.3890001098780354,0.3682474038202679,48.543120042921615,中忠诚度
CUST_000352,7,852.53,121.78999999999999,2025-02-03,2023-01-23,0.0,0.2857142857142857,0.3400359004345804,0.9088447446756077,0.08562857142857142,0.3066,0.2857142857142857,2,132.0,924.0,71.47,331,742,1,0.0971531144098801,0.07726486486486486,0.2596699270501736,1.083743842364532,1,2,1,0,1,2,1.0,0.0,0.0,1.0,0.0,42,Female,High Net Worth,Hybrid,South,0.17800895617839957,0.3400359004345804,0.9088447446756077,6.5,3.0,3.5,3.5,2,detractor,0.0,0.0,0.0,0.0,0.0,7.0,198.71428571428572,1.0,2.0,2.0,2.0,0.0,-1,0,-4.517566429466477,2.909331776933995,低,0.06321768119520935,0.3400359004345804,0.9088447446756077,0,0,0.0,0.0,0.0,0,0,0,378.3554667547274,5,Beauty,Short Cycle,1.3116505135024603e-05,123.66666666666667,0.12566538412610803,0.5219999999999999,1.0,0.4574817523976957,0.41629208272168566,44.92656905057395,中忠诚度
CUST_000353,45,5665.32,125.89599999999999,2025-12-22,2023-02-01,0.08888888888888889,0.2222222222222222,0.710068752629599,0.43373130144755173,0.06414444444444443,0.5386,0.2222222222222222,10,131.608,5922.36,257.03000000000003,9,1055,1,0.15779305613991088,0.04339260149644797,0.09638473365501149,1.0452877543564247,8,8,10,6,5,8,3.0,2.0,5.0,0.0,0.0,46,Female,High Net Worth,Store,West,0.8681506131335458,0.710068752629599,0.43373130144755173,10.0,5.0,5.0,5.0,1,promoter,4.0,1.0,6.666666666666667,4.0,0.25,13.0,62.61538461538461,1.0,2.0,5.0,2.0,3.0,1,2,3.780453770677232,-3.4233487988835303,高,-0.011010750049839844,0.710068752629599,0.43373130144755173,0,0,0.0,0.0,0.0,0,1,0,438.11544047013047,6,Beauty,Medium Cycle,0.6193146849293398,23.977272727272727,0.8687285849971,0.9999999999999999,0.5147619047619048,0.5075207289139824,0.6188582878278186,75.67897137246857,高忠诚度
CUST_000354,24,3702.33,154.26375,2025-12-29,2023-03-03,0.041666666666666664,0.041666666666666664,0.7249185759973494,0.26460467474632743,0.012637500000000001,0.3033,0.041666666666666664,1,156.72875000000002,3761.4900000000002,59.16,2,1032,1,0.030204940666556226,0.015723629830245393,0.011025194781096976,1.0159132710522694,5,2,6,5,4,2,0.0,1.0,0.0,0.0,0.0,35,Male,Student,Online,East,0.277555820422343,0.7249185759973493,0.26460467474632743,8.0,4.0,3.0,5.0,1,passive,1.0,0.0,13.0,1.0,0.0,5.0,89.2,3.0,0.0,1.0,0.0,1.0,0,1,-3.26614924702842,-4.259307036255847,中,-0.378755980861244,0.7249185759973494,0.26460467474632743,0,0,0.0,0.0,0.0,0,1,0,438.11544047013047,6,Beauty,Medium Cycle,0.807639234147745,44.869565217391305,0.741431918464028,0.7131428571428571,0.7542857142857142,0.3825074167673882,0.6060476961745722,66.21414139090737,中忠诚度
CUST_000355,15,2054.91,136.994,2025-11-04,2023-01-11,0.06666666666666667,0.3333333333333333,0.4004898839782696,0.7061059541580701,0.12001333333333333,0.5399,0.3333333333333333,5,151.91866666666667,2278.78,223.85999999999999,57,1028,1,0.13349662799275652,0.09819368535560448,0.23536865138602336,1.1088630015668643,1,9,3,0,0,2,1.0,0.0,4.0,0.0,0.0,63,Female,Student,Online,West,0.23102135414044367,0.4004898839782696,0.7061059541580701,4.0,2.5,1.5,1.5,2,detractor,0.0,0.0,0.0,0.0,0.0,4.0,51.0,0.0,1.0,2.0,1.0,0.0,-1,0,-3.798918043222656,3.7571631748594703,低,1.5348737697903296,0.4004898839782696,0.7061059541580701,0,0,0.0,0.0,0.0,0,0,0,378.3554667547274,4,Beauty,Short Cycle,0.6304736750708153,73.42857142857143,0.595096131557904,0.15642857142857142,1.0,0.2580048895725744,0.493198199034213,48.03164456155321,中忠诚度
CUST_000356,49,6528.43,133.23326530612246,2025-12-07,2023-01-17,0.02040816326530612,0.16326530612244897,0.4129077464565565,0.5709007469247122,0.041418367346938774,0.5714,0.16326530612244897,8,135.66285714285715,6647.4800000000005,119.05,24,1055,1,0.06741350962556024,0.017906348518759174,0.0932082852121979,1.0181592055041262,3,15,9,6,8,8,0.0,2.0,3.0,2.0,1.0,35,Female,Senior,Online,North,0.920403115792557,0.4129077464565565,0.5709007469247122,10.0,5.0,5.0,5.0,2,promoter,3.0,1.0,12.0,3.0,0.3333333333333333,16.0,124.0625,1.0,5.0,6.0,1.0,3.0,1,2,3.7846117933581906,-5.425016833098116,高,4.809888169511478,0.4129077464565565,0.5709007469247122,0,0,0.0,0.0,0.0,0,0,0,378.3554667547274,6,Beauty,Short Cycle,0.483658026357498,21.979166666666668,0.8618702141048253,0.9999999999999999,0.4819047619047619,0.6323927315679596,0.7804855996140236,79.27785281944593,高忠诚度
CUST_000357,35,3614.4,103.26857142857143,2025-12-14,2023-01-11,0.0,0.3142857142857143,0.22857707205797903,0.5618551999046077,0.07591714285714285,0.5037,0.3142857142857143,11,111.322,3896.27,281.90999999999997,17,1068,1,0.07183850836107912,0.07233525005965713,0.17658306282716243,1.0778809046268758,6,12,4,3,6,4,3.0,2.0,3.0,0.0,3.0,19,Female,Senior,Online,East,0.7670917391304015,0.22857707205797903,0.5618551999046077,9.5,5.0,5.0,5.0,2,promoter,1.0,0.0,1.0,1.0,0.0,11.0,68.63636363636364,2.0,5.0,2.0,2.0,0.0,1,2,3.331143944860401,-1.22345020793179,高,-0.6881603792535455,0.22857707205797903,0.5618551999046077,0,0,0.0,0.0,0.0,0,0,1,378.3554667547274,6,Beauty,Short Cycle,0.6149389069689334,31.41176470588235,0.7880743745738736,0.9642857142857141,0.9257142857142857,0.5393280458690853,0.4880053784763254,77.0450897452545,高忠诚度
CUST_000358,16,840.63,52.539375,2025-07-18,2023-01-01,0.125,0.375,0.5267171427030604,0.6142059013621508,0.10871875,0.5087,0.375,6,57.635,922.16,81.53999999999999,166,929,1,0.19751892851364763,0.08832705056544911,0.23032721301080655,1.0967780301858967,5,1,1,6,1,2,2.0,2.0,2.0,0.0,0.0,71,Male,Senior,Online,South,0.38671919798082577,0.5267171427030604,0.6142059013621508,8.333333333333334,4.0,4.333333333333333,3.0,3,passive,2.0,1.0,2.0,2.0,0.5,8.0,0.0,0.0,0.0,3.0,4.0,1.0,0,0,-1.356295746681299,3.6580450499587176,低,5.262915129151291,0.5267171427030604,0.6142059013621508,0,0,0.0,0.0,0.0,0,0,0,498.32680731697,6,Beauty,Long Cycle,0.017426114217093613,61.93333333333333,0.3727281019639696,0.726952380952381,0.6514285714285715,0.25842105263157894,0.2682455687207438,47.02708047444202,中忠诚度
CUST_000359,50,6318.65,126.37299999999999,2025-12-28,2023-01-15,0.02,0.38,0.06873356025373152,0.8349795893157105,0.09761800000000001,0.5157,0.38,19,134.74360000000001,6737.18,418.48,3,1078,1,0.026118752896417977,0.062105791178033234,0.31729224393996996,1.0661528844860466,8,13,11,6,4,8,1.0,6.0,10.0,2.0,0.0,52,Male,Student,Hybrid,East,0.968168193956265,0.06873356025373152,0.8349795893157105,10.0,5.0,5.0,5.0,1,promoter,0.0,0.0,0.0,0.0,0.0,16.0,127.4375,0.0,7.0,6.0,2.0,1.0,1,2,6.767569701061054,-2.1731789760919624,高,0.5123959339496804,0.06873356025373152,0.8349795893157105,0,0,0.0,0.0,0.0,0,0,1,378.3554667547274,6,Beauty,Short Cycle,0.6499727186293349,22.0,0.9247703872532227,0.9999999999999999,1.0,0.6194269173717174,0.6925599699016104,87.42291492669658,高忠诚度
CUST_000360,16,2338.21,146.138125,2025-10-17,2023-03-21,0.125,0.25,0.22789087340361455,0.7115642136264932,0.07627500000000001,0.4864,0.25,4,151.483125,2423.73,85.52,75,941,1,0.05697271835090364,0.03526990634008735,0.1778910534066233,1.0365040605207902,2,7,4,0,1,2,0.0,1.0,1.0,2.0,0.0,33,Male,Young Professional,Store,East,0.3533867846125684,0.22789087340361455,0.7115642136264932,9.0,5.0,5.0,5.0,1,promoter,1.0,0.0,4.0,1.0,0.0,13.0,124.6923076923077,1.0,4.0,4.0,2.0,2.0,1,1,-0.06959416731795871,-1.6732677280026949,中,0.6004069087918271,0.22789087340361455,0.7115642136264932,0,0,0.0,0.0,0.0,0,0,1,378.3554667547274,5,Beauty,Short Cycle,0.4017883985788535,62.733333333333334,0.51884037601605,0.9285714285714285,0.8828571428571429,0.5719016507061776,0.47884507685201877,67.78355505099731,中忠诚度
CUST_000361,35,5484.63,156.70371428571428,2025-12-26,2023-01-01,0.02857142857142857,0.05714285714285714,0.4565242999995196,0.26157774401512757,0.011602857142857144,0.2708,0.05714285714285714,2,158.18742857142857,5536.56,51.93,5,1090,1,0.026087102857115404,0.009377776493618126,0.014947299658007288,1.0094038629129003,4,7,12,6,6,0,1.0,0.0,0.0,1.0,0.0,58,Male,High Net Worth,Online,Central,0.7658363598070336,0.4565242999995196,0.26157774401512757,7.0,3.0,4.0,4.0,1,passive,1.0,0.0,12.0,1.0,0.0,13.0,28.846153846153847,0.0,2.0,7.0,4.0,0.0,0,1,-1.0357958813175112,-5.90888061401832,中,8.448680351906157,0.4565242999995196,0.26157774401512757,0,0,0.0,0.0,0.0,0,0,0,438.11544047013047,5,Beauty,Medium Cycle,0.7083767254091592,32.05882352941177,0.8218278073303419,0.5977142857142858,0.7685714285714286,0.4141900720968954,0.7755443115962167,68.97227854673551,中忠诚度
CUST_000362,26,3339.86,128.45615384615385,2025-11-07,2023-01-02,0.0,0.3076923076923077,0.4030627567648593,0.192813424378852,0.10389615384615386,0.5429,0.3076923076923077,8,138.73692307692306,3607.16,267.31,54,1040,1,0.12401930977380288,0.07408485211298835,0.05932720750118523,1.0799492233811958,4,6,5,2,6,3,1.0,3.0,2.0,2.0,0.0,53,Female,High Net Worth,Online,East,0.5813169993380412,0.4030627567648593,0.19281342437885196,9.666666666666666,4.666666666666667,5.0,3.6666666666666665,3,promoter,1.0,0.0,6.0,1.0,0.0,7.0,177.71428571428572,1.0,4.0,1.0,1.0,0.0,1,2,1.471022998301627,-0.39709309627824,高,0.6785670469880998,0.4030627567648593,0.192813424378852,0,0,0.0,0.0,0.0,0,0,0,378.3554667547274,6,Beauty,Short Cycle,0.4007430658260065,41.6,0.6403615674153246,0.9115238095238095,0.8542857142857143,0.520142056602885,0.5792149695144189,71.30358336660024,高忠诚度
CUST_000363,12,1531.69,127.64083333333333,2025-07-30,2023-01-08,0.08333333333333333,0.3333333333333333,0.4233109821764695,0.8136665910258719,0.08445000000000001,0.3422,0.3333333333333333,4,133.2225,1598.67,66.99000000000001,154,934,1,0.14110366072548983,0.041877387211112296,0.27122219700862393,1.043647710877981,2,4,3,0,2,1,0.0,1.0,1.0,2.0,0.0,50,Female,Young Professional,Store,East,0.350560694308637,0.4233109821764695,0.813666591025872,7.5,4.0,3.5,4.5,2,passive,0.0,0.0,0.0,0.0,0.0,9.0,214.66666666666666,0.0,6.0,1.0,2.0,0.0,0,0,-2.05031020668851,1.1000226525974603,低,-0.8152764238963932,0.4233109821764695,0.8136665910258719,0,0,0.0,0.0,0.0,0,0,0,378.3554667547274,5,Beauty,Short Cycle,0.08062236272601098,84.9090909090909,0.36438024915794887,0.6824285714285714,1.0,0.5357715269384317,0.3509455295136381,56.292877607233805,中忠诚度
CUST_000364,31,4082.87,131.70548387096773,2025-12-23,2023-01-30,0.03225806451612903,0.3225806451612903,0.35023353900833254,0.9896482761027338,0.11239354838709677,0.5231,0.3225806451612903,10,144.55161290322582,4481.1,398.23,8,1058,1,0.11297856097042985,0.08884897704201156,0.31924137938797864,1.0974534553950601,3,7,6,2,8,5,1.0,2.0,1.0,3.0,3.0,21,Male,Student,Store,West,0.7386885069482529,0.35023353900833254,0.9896482761027338,10.0,5.0,5.0,4.0,1,promoter,3.0,0.0,4.0,3.0,0.0,11.0,55.54545454545455,0.0,2.0,2.0,5.0,2.0,1,2,3.6680040230325477,-0.24721221747060226,高,-0.5894155381325732,0.35023353900833254,0.9896482761027338,0,0,0.0,0.0,0.0,0,0,0,513.7160654092345,6,Beauty,Long Cycle,0.7098213775283942,35.266666666666666,0.779535671003879,0.9649999999999999,0.7628571428571428,0.4202257494181459,0.5335859071047787,73.26110212081738,高忠诚度
CUST_000365,11,2078.86,188.98727272727274,2025-08-22,2023-05-12,0.0,0.2727272727272727,0.08575491155692508,0.6922989912122748,0.03390909090909091,0.2032,0.2727272727272727,3,192.83090909090907,2121.14,42.28999999999999,131,833,1,0.023387703151888657,0.019927997210363122,0.18880881578516584,1.0202840829834003,2,0,6,3,0,0,0.0,1.0,2.0,0.0,0.0,50,Other,Young Professional,Store,South,0.15219830786242938,0.08575491155692508,0.6922989912122748,7.666666666666667,4.0,4.666666666666667,4.333333333333333,3,passive,1.0,1.0,0.0,1.0,1.0,9.0,177.33333333333334,0.0,5.0,2.0,0.0,2.0,0,1,-3.4464188131831865,-1.3807025131419315,中,-0.8947200371542191,0.08575491155692508,0.6922989912122748,0,0,0.0,0.0,0.0,0,0,1,438.11544047013047,3,Beauty,Medium Cycle,0.1667289627348566,83.3,0.3610818233754877,0.741,0.64,0.4924057185413081,0.5259264044112681,54.23243654555328,中忠诚度
CUST_000366,28,3730.62,133.23642857142858,2025-12-21,2023-01-26,0.03571428571428571,0.25,0.6964547461506606,0.5491459384231968,0.10346071428571428,0.6677,0.25,7,145.6092857142857,4077.06,346.43,10,1060,1,0.17411368653766515,0.08494970647808027,0.1372864846057992,1.0927819024900158,3,8,7,4,5,1,0.0,3.0,2.0,1.0,1.0,31,Female,Family,Hybrid,West,0.5902096988362532,0.6964547461506606,0.5491459384231968,9.5,5.0,4.5,4.5,2,promoter,1.0,1.0,0.0,1.0,1.0,8.0,152.75,1.0,2.0,4.0,1.0,0.0,1,2,2.1610472930355367,-0.31087311943851925,高,-0.7940630797773655,0.6964547461506606,0.5491459384231968,0,0,0.0,0.0,0.0,0,0,0,378.3554667547274,6,Beauty,Short Cycle,0.7234981154469742,39.25925925925926,0.7580739938978966,0.9242857142857142,0.64,0.44594975826832217,0.5196393781870152,69.9331997209098,中忠诚度
CUST_000367,29,3512.7400000000002,121.12896551724138,2025-12-19,2023-02-13,0.034482758620689655,0.3103448275862069,0.28253908929906385,0.6440793341372169,0.0793103448275862,0.5519,0.3103448275862069,9,129.31310344827585,3750.08,237.34,12,1040,1,0.08768454495488189,0.06327244420273628,0.19988668990465353,1.0674773628463177,3,11,8,5,2,0,1.0,3.0,1.0,4.0,0.0,38,Male,Student,Store,West,0.43780353797500143,0.28253908929906385,0.6440793341372169,10.0,5.0,5.0,5.0,1,promoter,2.0,0.0,6.0,2.0,0.0,7.0,67.85714285714286,0.0,2.0,3.0,1.0,1.0,1,2,1.8271159518209061,-0.8733976845336956,高,-0.7052997729358906,0.28253908929906385,0.6440793341372169,0,0,0.0,0.0,0.0,0,0,1,378.3554667547274,5,Beauty,Short Cycle,0.6949043103204074,37.142857142857146,0.7528739704567866,0.9999999999999999,0.7942857142857143,0.36712982874723343,0.4850035943367112,72.28250617424847,高忠诚度
CUST_000368,42,4905.1,116.78809523809525,2025-12-28,2023-01-04,0.0,0.21428571428571427,0.4121882233474641,0.6097090135175802,0.06289523809523809,0.5193,0.21428571428571427,9,122.68999999999998,5152.98,247.9,3,1089,1,0.08832604786017087,0.048098750868261035,0.1306519314680529,1.0504452127399335,9,11,6,4,10,2,2.0,2.0,2.0,0.0,3.0,65,Male,Young Professional,Hybrid,North,0.7402168860560522,0.412188223347464,0.6097090135175802,10.0,5.0,5.0,5.0,3,promoter,1.0,1.0,0.0,1.0,1.0,13.0,93.53846153846153,1.0,4.0,4.0,4.0,0.0,1,2,3.3206017478738286,-3.155999549123218,高,5.998426188227888,0.4121882233474641,0.6097090135175802,0,0,0.0,0.0,0.0,0,0,0,378.3554667547274,6,Beauty,Short Cycle,0.6835773214078339,26.5609756097561,0.872466760005305,0.9999999999999999,0.64,0.5288937817484131,0.6779399947244232,78.87650944725169,高忠诚度
CUST_000369,18,1952.01,108.445,2025-11-30,2023-04-15,0.1111111111111111,0.2777777777777778,0.7338583081024004,0.6224997284695982,0.09765555555555555,0.6789,0.2777777777777778,5,122.39055555555557,2203.03,251.02,31,960,1,0.20384953002844455,0.11389137171454108,0.17291659124155506,1.1284915914946805,4,6,2,1,4,1,1.0,1.0,3.0,0.0,0.0,37,Male,Student,Hybrid,West,0.5174176698898393,0.7338583081024004,0.6224997284695982,7.0,3.3333333333333335,3.6666666666666665,4.0,3,detractor,4.0,0.0,6.5,4.0,0.0,7.0,139.57142857142858,1.0,2.0,2.0,0.0,2.0,-1,0,-0.8081679327487653,2.6050102400088604,低,14.883667621776507,0.7338583081024004,0.6224997284695982,0,0,0.0,0.0,0.0,0,1,0,378.3554667547274,6,Beauty,Short Cycle,0.6972283245340383,56.470588235294116,0.6307990800910469,0.6007142857142858,0.6671428571428573,0.43278744878898706,0.43071557956841844,56.901517828092494,中忠诚度
CUST_000370,24,3054.02,127.25083333333333,2025-12-20,2023-01-05,0.041666666666666664,0.25,0.5966647698584604,0.7147680851606445,0.053,0.2878,0.25,6,131.53416666666666,3156.82,102.8,11,1080,1,0.1491661924646151,0.03255410378045614,0.17869202129016112,1.0335793285443937,3,4,4,5,2,6,0.0,3.0,1.0,1.0,1.0,73,Male,Student,Online,Central,0.5844036644235476,0.5966647698584604,0.7147680851606444,7.0,3.0,4.0,3.0,1,passive,0.0,0.0,0.0,0.0,0.0,7.0,43.42857142857143,2.0,0.0,2.0,3.0,0.0,0,1,-1.7263007406795206,-1.0312095786210378,中,-0.6924559871962752,0.5966647698584604,0.7147680851606445,0,0,0.0,0.0,0.0,0,0,0,570.7290665608045,6,Beauty,Long Cycle,0.7670174457034842,46.95652173913044,0.7407581589738583,0.5627142857142857,1.0,0.32693000769146247,0.47809137871910695,63.36592270823144,中忠诚度
CUST_000371,20,1818.47,90.9235,2025-12-13,2023-07-21,0.05,0.35,0.7546696382383538,0.5916671499461084,0.126375,0.5888,0.35,7,101.4125,2028.25,209.76999999999998,18,876,1,0.26413437338342377,0.10337316742638905,0.2070835024811379,1.1152380585812707,5,4,3,4,1,3,1.0,2.0,1.0,2.0,1.0,25,Male,Family,Hybrid,Central,0.6242161471201758,0.7546696382383538,0.5916671499461084,9.333333333333334,4.333333333333333,4.666666666666667,5.0,3,promoter,0.0,0.0,0.0,0.0,0.0,7.0,88.42857142857143,0.0,3.0,2.0,1.0,1.0,1,0,1.5043406091583384,2.4545823623426353,低,3.133137062479555,0.7546696382383538,0.5916671499461084,0,0,0.0,0.0,0.0,0,1,0,489.87898021966913,6,Beauty,Long Cycle,0.7156158685071412,46.10526315789474,0.6350066033738753,0.9013809523809524,1.0,0.41143343745585254,0.42496275714997667,69.13066482982751,中忠诚度
CUST_000372,19,2382.13,125.37526315789474,2025-11-03,2023-01-04,0.0,0.3157894736842105,0.29536773437604047,0.4335083886922096,0.08154210526315789,0.527,0.3157894736842105,6,130.23473684210526,2474.46,92.32,58,1034,1,0.09327402138190752,0.037294078676286424,0.136897385902803,1.0386765841700527,3,4,4,5,3,0,1.0,3.0,2.0,0.0,0.0,24,Male,Young Professional,Online,North,0.3990087547245326,0.29536773437604047,0.4335083886922096,7.0,4.5,3.0,3.5,2,detractor,3.0,1.0,6.0,3.0,0.3333333333333333,7.0,249.14285714285714,1.0,3.0,1.0,2.0,0.0,-1,1,-1.9736274291939377,0.3965063421855389,中,3.0356469720560524,0.29536773437604047,0.4335083886922096,0,0,0.0,0.0,0.0,0,0,1,498.32680731697,5,Beauty,Long Cycle,0.4955061990633607,57.44444444444444,0.6002353901614347,0.6162142857142857,0.5676190476190476,0.5142518090633682,0.5406914083407836,57.75085282304817,中忠诚度
CUST_000373,8,406.75,50.84375,2025-09-01,2023-05-06,0.0,0.75,0.2967787488512366,0.7937052137677287,0.1700125,0.467,0.75,6,61.99625,495.97,89.22,121,849,1,0.22258406163842748,0.17952793931223213,0.5952789103257965,1.219108718629403,1,1,0,4,2,0,0.0,2.0,1.0,1.0,2.0,20,Male,Family,Hybrid,South,0.5632401351531274,0.2967787488512366,0.7937052137677287,10.0,5.0,5.0,5.0,1,promoter,1.0,0.0,3.0,1.0,0.0,9.0,260.44444444444446,1.0,4.0,1.0,1.0,2.0,1,0,3.272817168144833,8.256122252892673,低,1.734,0.2967787488512366,0.7937052137677287,0,0,0.0,0.0,0.0,0,0,1,498.32680731697,4,Beauty,Long Cycle,0.5023111335730244,121.28571428571429,0.4167415205264972,0.9999999999999999,0.8971428571428571,0.5871076438486613,0.25,63.516003130667684,中忠诚度
CUST_000374,39,3423.0,87.76923076923077,2025-12-15,2023-01-03,0.02564102564102564,0.20512820512820512,0.6616654555654181,0.49489538833057567,0.06511282051282051,0.6589,0.20512820512820512,8,93.74692307692308,3656.13,233.14000000000001,16,1077,1,0.13572624729547036,0.06374944286913509,0.10151700273447706,1.0679852426980274,7,8,5,7,9,3,1.0,1.0,4.0,2.0,0.0,34,Male,Senior,Online,South,0.9115863109552153,0.6616654555654181,0.49489538833057567,10.0,5.0,4.0,5.0,1,promoter,0.0,0.0,0.0,0.0,0.0,13.0,118.23076923076923,1.0,3.0,6.0,1.0,2.0,1,2,3.1300433748666108,-1.9794322591057611,高,-0.6467987045341305,0.6616654555654181,0.49489538833057567,0,0,0.0,0.0,0.0,0,0,0,513.7160654092345,6,Beauty,Long Cycle,0.5988031265185101,28.342105263157894,0.8192971520172687,0.955,1.0,0.5499729530989832,0.4640711008178629,78.66457536927076,高忠诚度
CUST_000375,17,1681.63,98.91941176470588,2025-12-12,2023-03-12,0.0,0.35294117647058826,0.38854423994770765,0.5644707532740048,0.09974705882352941,0.4364,0.35294117647058826,6,108.0164705882353,1836.28,154.64,19,1006,1,0.13713326115801447,0.0841679003744666,0.1992249717437664,1.0918539659888213,2,6,2,3,2,2,1.0,4.0,1.0,0.0,0.0,50,Female,High Net Worth,Hybrid,West,0.5456934048646637,0.38854423994770765,0.5644707532740048,9.0,3.0,4.0,5.0,1,promoter,0.0,0.0,0.0,0.0,0.0,12.0,70.66666666666667,0.0,3.0,3.0,3.0,3.0,1,0,0.6710656784448908,1.0814879235073098,低,0.5401741116026832,0.38854423994770765,0.5644707532740048,0,0,0.0,0.0,0.0,0,0,0,378.3554667547274,6,Beauty,Short Cycle,0.8131639431753322,62.875,0.6682510392959976,0.7755714285714285,1.0,0.4646374940482731,0.4376884242528028,67.97170566768177,中忠诚度
CUST_000376,19,2881.2400000000002,151.6442105263158,2025-12-28,2023-01-08,0.0,0.15789473684210525,0.23231093898488295,0.7753666771316613,0.05324736842105262,0.5538,0.15789473684210525,3,158.29526315789474,3007.61,126.37,3,1085,1,0.03668067457656046,0.04200278533940923,0.12242631744184125,1.043790756672902,3,4,6,1,2,3,0.0,0.0,2.0,0.0,1.0,65,Male,Senior,Hybrid,West,0.3998659042333558,0.23231093898488295,0.7753666771316613,8.0,4.0,4.0,3.0,1,passive,2.0,1.0,2.0,2.0,0.5,6.0,62.666666666666664,0.0,1.0,2.0,3.0,0.0,0,1,-2.2279967648029753,-1.7756049558060079,中,-0.07670836348599196,0.23231093898488295,0.7753666771316613,0,0,0.0,0.0,0.0,0,0,1,438.11544047013047,6,Beauty,Medium Cycle,0.8772548176917729,60.27777777777778,0.7311505796755295,0.6881428571428572,0.6514285714285715,0.2841480789656814,0.5796150626174056,61.865964514012184,中忠诚度
CUST_000377,29,2902.9900000000002,100.10310344827587,2025-12-25,2023-05-18,0.13793103448275862,0.27586206896551724,0.7882995315942863,0.7997236194526031,0.08483103448275861,0.5928,0.27586206896551724,8,107.43793103448276,3115.7,212.7,6,952,1,0.21746193975014796,0.06824525940899027,0.22061341226278705,1.0731655231324568,7,7,4,4,5,2,2.0,1.0,4.0,0.0,1.0,29,Female,Family,Hybrid,West,0.7360652438976234,0.7882995315942863,0.7997236194526031,8.666666666666666,4.666666666666667,4.666666666666667,4.333333333333333,3,promoter,1.0,0.0,10.0,1.0,0.0,13.0,42.07692307692308,0.0,1.0,5.0,2.0,5.0,1,2,2.12366970897381,-0.11644125989817754,高,-0.18192592592592594,0.7882995315942863,0.7997236194526031,0,0,0.0,0.0,0.0,0,1,0,489.87898021966913,6,Beauty,Long Cycle,0.7148915699248732,34.0,0.7356252871444494,0.8484285714285714,0.7971428571428572,0.4304836323988065,0.39093377685421077,67.55787689598588,中忠诚度
CUST_000378,22,1450.98,65.95363636363636,2025-12-17,2023-02-26,0.0,0.5454545454545454,0.2609035303138351,0.8156964395084866,0.14006363636363636,0.5091,0.5454545454545454,12,76.77545454545454,1689.06,238.09,14,1025,1,0.14231101653481915,0.14087665526667692,0.44492533064099266,1.1639057331863283,4,5,1,8,3,1,2.0,2.0,6.0,0.0,2.0,68,Male,Senior,Hybrid,South,0.3856525734648088,0.2609035303138351,0.8156964395084866,9.0,4.0,4.0,5.0,1,promoter,0.0,0.0,0.0,0.0,0.0,7.0,118.85714285714286,0.0,3.0,1.0,1.0,2.0,1,0,2.5261623234772412,5.1173146504273275,低,-0.30832997266657697,0.2609035303138351,0.8156964395084866,0,0,0.0,0.0,0.0,0,0,1,498.32680731697,6,Beauty,Long Cycle,0.7598446903262117,48.80952380952381,0.7056120501920217,0.8295714285714285,1.0,0.4241384777183041,0.29895452550363777,67.75404226837549,中忠诚度
CUST_000379,40,5364.09,134.10225,2025-12-08,2023-01-17,0.025,0.425,0.38152706642506057,0.7364394418688389,0.1034025,0.5501,0.425,17,148.901,5956.04,591.98,23,1056,1,0.16214900323065073,0.09937485731168501,0.3129867627942565,1.1102714330719232,7,7,9,6,6,5,6.0,3.0,5.0,1.0,2.0,39,Other,Family,Online,East,0.8755658272220762,0.38152706642506057,0.7364394418688389,10.0,5.0,5.0,5.0,2,promoter,1.0,0.0,8.0,1.0,0.0,8.0,144.625,2.0,2.0,1.0,2.0,1.0,1,2,5.782536288542326,0.36522982309899177,高,0.03997274585509875,0.38152706642506057,0.7364394418688389,0,0,0.0,0.0,0.0,0,0,0,438.11544047013047,6,Beauty,Medium Cycle,0.532940762333558,27.076923076923077,0.8027400023270572,0.9999999999999999,0.8257142857142857,0.5038072739259422,0.6183684720752229,78.30055054554347,高忠诚度
CUST_000380,36,3157.1800000000003,87.69944444444445,2025-12-15,2023-04-19,0.0,0.3333333333333333,0.37646190992978923,0.7531039264161076,0.09436388888888889,0.569,0.3333333333333333,12,94.89611111111111,3416.26,259.11,16,971,1,0.12548730330992974,0.07582390570222927,0.2510346421387025,1.0819372042792805,6,10,5,7,5,3,1.0,3.0,4.0,2.0,2.0,72,Male,Student,Online,Central,0.8150883411773739,0.37646190992978923,0.7531039264161076,9.666666666666666,5.0,5.0,5.0,3,promoter,0.0,0.0,0.0,0.0,0.0,18.0,102.27777777777777,2.0,5.0,9.0,1.0,1.0,1,2,4.669302586594459,-0.5959623966367028,高,1.315269504576493,0.37646190992978923,0.7531039264161076,0,0,0.0,0.0,0.0,0,0,0,378.3554667547274,6,Beauty,Short Cycle,0.5940981978327876,27.742857142857144,0.7642088794584188,0.9761904761904759,1.0,0.6688742995275245,0.5246908055334029,80.23450486442836,高忠诚度
CUST_000381,20,2132.1,106.60499999999999,2025-12-20,2023-03-11,0.1,0.25,0.5078714568462457,0.5143696530232452,0.0694,0.5217,0.25,5,111.42850000000001,2228.57,96.47,11,1015,1,0.12696786421156142,0.04326843292652843,0.1285924132558113,1.0451484312713972,6,2,2,4,3,3,0.0,1.0,3.0,1.0,0.0,39,Male,Young Professional,Store,East,0.37405438526241414,0.5078714568462457,0.5143696530232452,8.333333333333334,4.333333333333333,4.333333333333333,4.333333333333333,3,passive,2.0,0.0,9.5,2.0,0.0,8.0,10.625,1.0,0.0,3.0,3.0,1.0,0,1,-1.0908567280183001,-0.574306587703445,中,0.31338292106325316,0.5078714568462457,0.5143696530232452,0,0,0.0,0.0,0.0,0,0,0,489.87898021966913,6,Beauty,Long Cycle,0.8051428351640735,53.421052631578945,0.6983767769176559,0.7916190476190477,0.7442857142857142,0.3241073783100758,0.41543003864871003,62.999126466673374,中忠诚度
CUST_000382,13,1667.73,128.28692307692307,2025-07-25,2023-03-10,0.23076923076923078,0.38461538461538464,0.23343138977816563,0.3406477543538233,0.06363076923076924,0.3054,0.38461538461538464,5,138.98538461538462,1806.81,139.07,159,868,1,0.08978130376083295,0.07692733196519545,0.1310183670591628,1.0833103497895509,2,2,3,2,3,1,1.0,2.0,1.0,0.0,1.0,63,Other,Student,Online,East,0.3704811808738051,0.2334313897781656,0.3406477543538233,9.5,5.0,4.5,4.5,2,promoter,1.0,1.0,0.0,1.0,1.0,6.0,136.0,1.0,2.0,1.0,1.0,1.0,1,0,-1.538039455358761,1.1816921243576821,低,2.528751002941963,0.23343138977816563,0.3406477543538233,0,0,0.0,0.0,0.0,0,0,1,438.11544047013047,6,Beauty,Medium Cycle,0.039436225914188494,72.33333333333333,0.3411220362987284,0.9242857142857142,0.64,0.4581007581584441,0.34447495282114393,54.97943961079852,中忠诚度
CUST_000383,30,3068.69,102.28966666666666,2025-12-18,2023-01-02,0.0,0.2,0.06434650447923035,0.20001718984952033,0.05509,0.4801,0.2,6,108.705,3261.15,192.47,13,1081,1,0.012869300895846071,0.05900096562083289,0.04000343796990407,1.0626134330838484,5,14,5,1,4,1,1.0,1.0,1.0,3.0,0.0,47,Female,Family,Store,South,0.6702667206362294,0.06434650447923035,0.20001718984952033,9.666666666666666,5.0,5.0,4.666666666666667,3,promoter,1.0,0.0,11.0,1.0,0.0,5.0,0.0,0.0,0.0,0.0,4.0,1.0,1,2,0.5243081763825781,-2.368462750230987,高,1.042139737991266,0.06434650447923035,0.20001718984952033,0,0,0.0,0.0,0.0,0,0,1,378.3554667547274,6,Beauty,Short Cycle,0.688718430574341,37.275862068965516,0.7706106335839127,0.9645238095238093,0.7828571428571428,0.16526315789473683,0.5670013236341371,69.95823861140286,中忠诚度
CUST_000384,47,4833.19,102.83382978723404,2025-09-18,2023-01-11,0.06382978723404255,0.3191489361702128,0.4804977033831192,0.7574129199736991,0.08813191489361702,0.5521,0.3191489361702128,15,110.5204255319149,5194.46,361.27,104,981,1,0.15335033086695293,0.0695357100237515,0.24172752765118058,1.0746432310092147,7,12,8,8,5,7,2.0,2.0,6.0,4.0,1.0,55,Female,High Net Worth,Online,East,0.851535974505375,0.4804977033831192,0.757412919973699,10.0,5.0,5.0,5.0,2,promoter,0.0,0.0,0.0,0.0,0.0,12.0,145.16666666666666,1.0,5.0,6.0,0.0,0.0,1,2,4.794702854919086,-0.879718323668057,高,4.228907134767837,0.4804977033831192,0.7574129199736991,0,0,0.0,0.0,0.0,0,0,0,378.3554667547274,6,Beauty,Short Cycle,0.046838890136199796,21.32608695652174,0.6796357351899411,0.9999999999999999,1.0,0.528243965864557,0.5925234739703078,77.20058365322122,高忠诚度
CUST_000385,27,3374.47,124.98037037037037,2025-11-10,2023-04-28,0.037037037037037035,0.2962962962962963,0.4523831718465491,0.6644664294250043,0.08211111111111112,0.3676,0.2962962962962963,8,136.83555555555554,3694.56,320.09,51,927,1,0.13403945832490344,0.08661474850902164,0.19687894205185313,1.0947687821876648,9,5,5,2,5,1,2.0,2.0,2.0,2.0,0.0,55,Male,Family,Hybrid,North,0.7208733936579604,0.4523831718465491,0.6644664294250043,9.666666666666666,4.666666666666667,5.0,5.0,3,promoter,2.0,0.0,12.0,2.0,0.0,12.0,70.0,1.0,2.0,5.0,4.0,0.0,1,2,2.507335345850228,-0.7936026236823623,高,-0.23691705233179072,0.4523831718465491,0.6644664294250043,0,0,0.0,0.0,0.0,0,0,0,489.87898021966913,6,Beauty,Long Cycle,0.37783915756187525,35.65384615384615,0.6128773563887773,0.9581904761904761,0.7085714285714285,0.4643591363586419,0.5080970745422905,67.55649718851065,中忠诚度
CUST_000386,21,2717.3599999999997,129.3980952380952,2025-12-08,2023-03-27,0.0,0.19047619047619047,0.13398326910543992,0.37813509081301466,0.0344047619047619,0.3045,0.19047619047619047,4,132.75523809523807,2787.8599999999997,70.5,23,987,1,0.02552062268675046,0.025279146317850307,0.07202573158343135,1.025865019116343,2,4,4,3,4,4,0.0,0.0,3.0,1.0,0.0,62,Male,Senior,Store,West,0.48473342364005595,0.13398326910543992,0.37813509081301466,10.0,5.0,5.0,4.0,1,promoter,2.0,0.0,6.0,2.0,0.0,5.0,0.0,0.0,0.0,3.0,2.0,0.0,1,1,-1.3939885573313004,-3.048344708579755,中,0.9034007229883518,0.13398326910543992,0.37813509081301466,0,0,0.0,0.0,0.0,0,0,1,378.3554667547274,6,Beauty,Short Cycle,0.7034248763931522,49.35,0.6690009078263145,0.9649999999999999,0.7942857142857143,0.16526315789473683,0.5835447368260133,67.34143136988638,中忠诚度
CUST_000387,14,1927.46,137.6757142857143,2025-12-02,2023-04-17,0.0,0.42857142857142855,0.35349522004371664,0.6456351926045883,0.09817142857142858,0.5524,0.42857142857142855,6,153.88642857142855,2154.41,226.94,29,960,1,0.15149795144730713,0.10528855298991839,0.27670079683053783,1.1176644532060593,1,4,4,2,0,3,1.0,1.0,3.0,1.0,0.0,68,Female,High Net Worth,Hybrid,North,0.49472398756249636,0.35349522004371664,0.6456351926045883,8.333333333333334,4.333333333333333,4.0,4.0,3,passive,0.0,0.0,0.0,0.0,0.0,8.0,57.625,0.0,2.0,3.0,1.0,2.0,0,0,0.3373877823546108,2.4209649581544235,低,9.558764940239042,0.35349522004371664,0.6456351926045883,0,0,0.0,0.0,0.0,0,0,0,378.3554667547274,5,Beauty,Short Cycle,0.8184060192325016,73.84615384615384,0.6253685946248307,0.7649523809523809,1.0,0.3749815954290737,0.5119187954890657,66.18837322632653,中忠诚度
CUST_000388,19,2011.62,105.87473684210526,2025-12-17,2023-02-21,0.05263157894736842,0.10526315789473684,0.13226117253630462,0.3642535070605003,0.04248947368421053,0.4229,0.10526315789473684,2,108.65526315789472,2064.45,52.83,14,1030,1,0.013922228688032065,0.025577961219104797,0.03834247442742108,1.026165492765221,2,10,1,1,3,2,0.0,0.0,1.0,1.0,0.0,71,Female,Young Professional,Online,Central,0.46578654285784205,0.13226117253630462,0.3642535070605003,8.666666666666666,4.333333333333333,4.0,4.0,3,promoter,4.0,0.0,6.25,4.0,0.0,10.0,69.1,2.0,1.0,2.0,4.0,1.0,1,1,-1.8322841991114016,-2.9780017009821402,中,1.4023473188558577,0.13226117253630462,0.3642535070605003,0,0,0.0,0.0,0.0,0,0,1,378.3554667547274,6,Beauty,Short Cycle,0.809588304703465,57.22222222222222,0.693680928106232,0.7887619047619047,0.6707142857142858,0.4643780903197451,0.5027219024256497,65.09668963912979,中忠诚度
CUST_000389,24,2691.34,112.13916666666667,2025-12-12,2023-03-07,0.041666666666666664,0.4583333333333333,0.5441851820814604,0.8367733618831367,0.13194583333333335,0.5433,0.4583333333333333,11,124.6425,2991.42,300.08,19,1011,1,0.24941820845400267,0.10028004090334912,0.38352112419643763,1.1113992524836713,2,8,5,6,1,2,2.0,6.0,3.0,0.0,0.0,25,Female,High Net Worth,Hybrid,West,0.5244108882654301,0.5441851820814604,0.8367733618831367,10.0,5.0,5.0,5.0,2,promoter,2.0,0.0,9.0,2.0,0.0,8.0,55.625,0.0,2.0,2.0,3.0,1.0,1,0,3.320310624462255,2.492552266628892,低,4.005792903692975,0.5441851820814604,0.8367733618831367,0,0,0.0,0.0,0.0,0,0,0,378.3554667547274,6,Beauty,Short Cycle,0.6935794429376811,43.95652173913044,0.7002320720650048,0.9999999999999999,0.7514285714285713,0.3741465223601802,0.48259589094337074,70.12952693293197,高忠诚度
CUST_000390,14,1655.23,118.23071428571428,2025-09-11,2023-03-13,0.07142857142857142,0.14285714285714285,0.14540172766831969,0.0890108160265046,0.026085714285714285,0.1867,0.14285714285714285,2,122.92928571428571,1721.01,65.78,111,913,1,0.020771675381188525,0.03819954587952451,0.012715830860929228,1.039652766451005,3,4,2,1,4,0,1.0,1.0,0.0,0.0,0.0,44,Female,Senior,Hybrid,East,0.3722394970446159,0.14540172766831969,0.0890108160265046,6.0,3.5,2.5,3.0,2,detractor,3.0,1.0,10.0,3.0,0.3333333333333333,9.0,8.0,0.0,1.0,4.0,3.0,1.0,-1,1,-5.10243998511169,-1.2087574230939873,中,1.5186728909636547,0.14540172766831969,0.0890108160265046,0,0,0.0,0.0,0.0,0,0,1,378.3554667547274,5,Beauty,Short Cycle,0.20421973009035121,70.23076923076923,0.4296199911854314,0.4507857142857143,0.5104761904761904,0.3405917542638782,0.481863409443573,44.152212905460416,中忠诚度
CUST_000391,50,6466.25,129.325,2025-12-28,2023-01-12,0.02,0.34,0.49321952378052586,0.49733089829339355,0.103598,0.5916,0.34,17,143.5354,7176.77,710.49,3,1081,1,0.1676946380853788,0.09898478218165252,0.16909250541975382,1.1097954923261302,4,14,12,7,6,7,3.0,3.0,3.0,6.0,2.0,44,Male,Young Professional,Store,Central,0.9669419600261788,0.49321952378052586,0.49733089829339355,10.0,5.0,5.0,5.0,2,promoter,2.0,0.0,6.0,2.0,0.0,15.0,30.333333333333332,0.0,3.0,6.0,4.0,2.0,1,2,7.451274595415587,-1.5320963414995215,高,0.5989623307647435,0.49321952378052586,0.49733089829339355,0,0,0.0,0.0,0.0,0,0,0,378.3554667547274,6,Beauty,Short Cycle,0.6504324337694023,22.06122448979592,0.925734423304492,0.9999999999999999,0.7942857142857143,0.49845474856242905,0.7165520213871682,82.91141996266443,高忠诚度
CUST_000392,18,1776.19,98.67722222222223,2025-12-12,2023-01-18,0.05555555555555555,0.3333333333333333,0.5476981929316983,0.9389349748762439,0.07001666666666667,0.281,0.3333333333333333,6,105.885,1905.93,129.76,19,1059,1,0.1825660643105661,0.06804654601899388,0.31297832495874794,1.0729352556055325,6,1,3,3,4,1,0.0,3.0,1.0,1.0,1.0,51,Female,Family,Store,West,0.7004473803055027,0.5476981929316983,0.9389349748762438,10.0,5.0,5.0,5.0,2,promoter,0.0,0.0,0.0,0.0,0.0,14.0,28.142857142857142,1.0,1.0,7.0,4.0,1.0,1,2,1.8553125646322866,-0.33994161894225927,高,4.165472779369627,0.5476981929316983,0.9389349748762439,0,0,0.0,0.0,0.0,0,0,0,489.87898021966913,6,Beauty,Long Cycle,0.8099841641240049,62.294117647058826,0.6907998380076958,0.9999999999999999,1.0,0.4922017988604077,0.4332409740197165,74.60563673343273,高忠诚度
CUST_000393,28,3676.71,131.31107142857144,2025-12-22,2023-01-25,0.0,0.17857142857142858,0.3840450487611767,0.4129397198233805,0.03355,0.2428,0.17857142857142858,5,134.69107142857143,3771.35,94.63,9,1062,1,0.06857947299306727,0.02508515911832147,0.07373923568274653,1.0256622944310427,6,3,6,3,6,4,0.0,2.0,1.0,1.0,1.0,38,Male,Student,Hybrid,East,0.6443990439134487,0.3840450487611767,0.4129397198233805,8.666666666666666,4.333333333333333,4.666666666666667,4.333333333333333,3,passive,0.0,0.0,0.0,0.0,0.0,8.0,75.375,2.0,2.0,1.0,3.0,0.0,0,1,-0.7010306315116059,-3.3861853098880337,中,-0.7952388973106508,0.3840450487611767,0.4129397198233805,0,0,0.0,0.0,0.0,0,0,0,489.87898021966913,6,Beauty,Long Cycle,0.7307368905530205,39.333333333333336,0.7608256876205443,0.8304285714285714,1.0,0.4448928689155038,0.5516668676017946,73.53388096209008,高忠诚度
CUST_000394,25,2670.2400000000002,106.8096,2025-11-08,2023-01-10,0.0,0.4,0.7644114664288827,0.9313466869745883,0.08615199999999999,0.302,0.4,10,111.7268,2793.17,122.91,53,1033,1,0.3057645865715531,0.04398801790871708,0.3725386747898354,1.0459391347655298,4,5,4,7,3,2,0.0,3.0,3.0,1.0,3.0,47,Male,Young Professional,Online,North,0.8014780363634179,0.7644114664288827,0.9313466869745883,10.0,5.0,5.0,5.0,2,promoter,1.0,0.0,4.0,1.0,0.0,12.0,60.5,3.0,1.0,4.0,4.0,0.0,1,2,2.8312943142189937,0.08448130586401495,高,-0.7757074409271468,0.7644114664288827,0.9313466869745883,0,0,0.0,0.0,0.0,0,1,0,498.32680731697,6,Beauty,Long Cycle,0.41999094609045395,43.041666666666664,0.6351210253221071,0.9999999999999999,0.8828571428571429,0.481225872614731,0.42312380548232803,70.86173307397624,高忠诚度
CUST_000395,21,3205.44,152.64000000000001,2025-10-11,2023-01-06,0.047619047619047616,0.19047619047619047,0.028356543339767677,0.2775809070697925,0.049109523809523804,0.4495,0.19047619047619047,4,159.8347619047619,3356.53,151.1,81,1009,1,0.005401246350431938,0.04500332089363311,0.05287255372757952,1.0470668975090855,0,7,5,1,2,6,1.0,2.0,0.0,0.0,1.0,50,Male,Senior,Store,West,0.15053643691871432,0.028356543339767674,0.2775809070697925,7.0,3.6666666666666665,3.6666666666666665,3.6666666666666665,3,passive,2.0,0.0,4.5,2.0,0.0,5.0,0.0,0.0,0.0,3.0,2.0,0.0,0,1,-2.9867080343666537,-1.6003259046701648,中,-0.5132307111153084,0.028356543339767677,0.2775809070697925,0,0,0.0,0.0,0.0,0,0,1,378.3554667547274,5,Clothing,Short Cycle,0.2678144790751267,50.45,0.5463666627490518,0.6070476190476191,0.8157142857142856,0.16526315789473683,0.5380043621081834,54.35191744442012,中忠诚度
CUST_000396,27,2439.4,90.34814814814816,2025-11-21,2023-01-02,0.07407407407407407,0.3333333333333333,0.6129333588177248,0.4628918188408276,0.11406666666666666,0.5807,0.3333333333333333,9,98.41407407407407,2657.18,217.77,40,1054,1,0.20431111960590825,0.08192447464054353,0.1542972729469425,1.089155500539007,4,7,5,7,1,3,1.0,1.0,5.0,2.0,0.0,45,Female,Family,Online,East,0.7121935499406467,0.6129333588177248,0.46289181884082764,10.0,5.0,5.0,4.666666666666667,3,promoter,0.0,0.0,0.0,0.0,0.0,12.0,64.66666666666667,0.0,2.0,7.0,1.0,2.0,1,2,2.8809471691677513,0.4354974559843522,高,-0.8871542835116122,0.6129333588177248,0.4628918188408276,0,0,0.0,0.0,0.0,0,0,0,378.3554667547274,6,Beauty,Short Cycle,0.5043555357197181,40.53846153846154,0.6830472135501213,0.9883333333333333,1.0,0.44129894150825916,0.3481406711737486,72.04134393006709,高忠诚度
CUST_000397,43,5481.65,127.48023255813952,2025-12-24,2023-01-26,0.023255813953488372,0.2558139534883721,0.45545319383239635,0.4967942408833045,0.07533023255813953,0.6039,0.2558139534883721,11,133.31232558139536,5732.43,250.76999999999998,7,1063,1,0.11651128214317116,0.04373821604170627,0.12708689883061278,1.045666973119692,6,9,11,7,6,4,2.0,3.0,2.0,2.0,2.0,64,Male,Senior,Online,North,0.8094170358892551,0.4554531938323963,0.4967942408833045,10.0,5.0,5.0,5.0,3,promoter,2.0,0.0,8.5,2.0,0.0,9.0,111.66666666666667,0.0,3.0,4.0,1.0,1.0,1,2,3.559722931862815,-2.880950229392415,高,10.970247498683518,0.45545319383239635,0.4967942408833045,0,0,0.0,0.0,0.0,0,0,0,438.11544047013047,6,Beauty,Medium Cycle,0.6447730722719607,25.30952380952381,0.8620353750106198,0.9999999999999999,0.7585714285714286,0.43943193055708163,0.6987299248233173,79.312060509596,高忠诚度
CUST_000398,12,1564.01,130.33416666666668,2025-09-24,2023-01-04,0.0,0.25,0.6156841918856427,0.7687803680397532,0.09649166666666666,0.4568,0.25,3,137.32083333333335,1647.8500000000001,83.83,98,994,1,0.15392104797141068,0.05084149558783394,0.1921950920099383,1.05352496275885,2,5,3,1,0,1,0.0,1.0,2.0,0.0,0.0,50,Male,Young Professional,Online,Central,0.21050970220918436,0.6156841918856427,0.7687803680397531,6.0,2.0,3.0,2.0,1,detractor,1.0,0.0,8.0,1.0,0.0,3.0,14.0,0.0,1.0,1.0,0.0,1.0,-1,1,-4.799984964580967,1.9595580767472693,中,1.1575030376670719,0.6156841918856427,0.7687803680397532,0,0,0.0,0.0,0.0,0,0,0,378.3554667547274,5,Beauty,Short Cycle,0.4384752890635605,90.36363636363636,0.4938551226362397,0.3572857142857143,0.8257142857142857,0.24233673955243012,0.5189314739293982,47.55253402417176,中忠诚度
CUST_000399,43,4410.96,102.58046511627907,2025-11-17,2023-02-26,0.023255813953488372,0.20930232558139536,0.7396287573704484,0.560538475451956,0.06457906976744186,0.5941,0.20930232558139536,9,108.79372093023257,4678.13,267.16999999999996,44,995,1,0.15480601898451246,0.05709822125053161,0.11732200648994429,1.0604662022627789,3,11,5,8,13,3,2.0,3.0,2.0,1.0,1.0,22,Female,High Net Worth,Online,Central,0.7991901143121325,0.7396287573704484,0.560538475451956,9.0,4.0,5.0,4.0,1,promoter,1.0,0.0,8.0,1.0,0.0,10.0,13.5,0.0,1.0,7.0,1.0,1.0,1,2,2.3595771216050285,-1.9417376687476775,高,6.5442455242966755,0.7396287573704484,0.560538475451956,0,0,0.0,0.0,0.0,0,1,0,513.7160654092345,6,Beauty,Long Cycle,0.3402434094132215,23.69047619047619,0.7546278965321641,0.8395714285714284,0.8257142857142857,0.36116305900450496,0.6189581411413982,70.71565489815347,高忠诚度
CUST_000400,38,5656.99,148.86815789473684,2025-12-20,2023-02-26,0.02631578947368421,0.18421052631578946,0.38531203121149604,0.2827490119374223,0.06810263157894736,0.577,0.18421052631578946,7,154.0771052631579,5854.93,197.96,11,1028,1,0.07097853206527559,0.03380504889915009,0.052085344304262,1.034920820098385,2,7,12,6,9,2,0.0,3.0,2.0,0.0,2.0,65,Male,High Net Worth,Online,Central,0.6986865938509363,0.38531203121149604,0.2827490119374223,10.0,5.0,5.0,5.0,1,promoter,0.0,0.0,0.0,0.0,0.0,15.0,128.13333333333333,1.0,5.0,4.0,3.0,2.0,1,2,3.163766435676713,-4.381570071041765,高,1.7390002993115838,0.38531203121149604,0.2827490119374223,0,0,0.0,0.0,0.0,0,0,0,438.11544047013047,6,Beauty,Medium Cycle,0.6331886391087834,27.783783783783782,0.8077650074740397,0.9999999999999999,1.0,0.6192898216313226,0.7495693038747552,84.76583710681236,高忠诚度
CUST_000401,30,2982.02,99.40066666666667,2025-09-20,2023-01-06,0.06666666666666667,0.3333333333333333,0.37138684872966216,0.895507595026642,0.08430333333333334,0.4553,0.3333333333333333,10,107.16799999999999,3215.04,233.01,102,988,1,0.12379561624322072,0.0724524570589918,0.2985025316755473,1.0780332090453069,6,4,5,6,4,5,1.0,2.0,6.0,1.0,0.0,36,Female,High Net Worth,Online,Central,0.500117043279497,0.37138684872966216,0.895507595026642,9.0,5.0,5.0,5.0,1,promoter,3.0,1.0,5.0,3.0,0.3333333333333333,7.0,108.0,1.0,1.0,1.0,3.0,1.0,1,2,1.5134954807778662,0.605632789032498,高,0.6473703772532985,0.37138684872966216,0.895507595026642,0,0,0.0,0.0,0.0,0,0,0,489.87898021966913,6,Beauty,Long Cycle,0.08419744067694379,34.06896551724138,0.5583651935020001,0.9285714285714285,0.5819047619047619,0.4138909382014535,0.4707550158243529,61.96350225830424,中忠诚度
CUST_000402,16,2122.85,132.678125,2025-12-14,2023-01-22,0.1875,0.375,0.721839647523239,0.6486489861629939,0.14768125,0.5529,0.375,6,142.77125,2284.34,161.5,17,1057,1,0.2706898678212146,0.07066782185582889,0.2432433698111227,1.075991163489574,3,4,3,3,1,2,0.0,0.0,2.0,1.0,3.0,21,Male,Student,Hybrid,South,0.4430363988822813,0.721839647523239,0.6486489861629939,6.5,3.5,3.0,3.0,2,promoter,0.0,0.0,0.0,0.0,0.0,8.0,173.0,1.0,4.0,1.0,2.0,0.0,1,0,-0.5953882290932936,2.660162015913943,低,15.878257328990228,0.721839647523239,0.6486489861629939,0,0,0.0,0.0,0.0,0,1,0,378.3554667547274,6,Beauty,Short Cycle,0.8608393364232345,70.46666666666667,0.6862790082683514,0.5089999999999999,1.0,0.5169048730908692,0.4038279877675508,62.12436316092684,中忠诚度
CUST_000403,18,1282.58,71.25444444444445,2025-11-08,2023-07-01,0.0,0.2222222222222222,0.2664596847936061,0.6676464140873716,0.0579611111111111,0.5426,0.2222222222222222,4,74.40388888888889,1339.27,56.68,53,861,1,0.05921326328746802,0.04228998634603475,0.14836586979719368,1.0440534472543577,5,4,1,4,2,2,0.0,2.0,1.0,1.0,0.0,52,Female,Young Professional,Store,West,0.2634849229918877,0.2664596847936061,0.6676464140873716,7.333333333333333,3.3333333333333335,4.333333333333333,3.3333333333333335,3,detractor,2.0,1.0,11.0,2.0,0.5,6.0,127.83333333333333,1.0,1.0,2.0,2.0,0.0,-1,1,-3.302430422895709,0.8125123159784619,中,28.699,0.2664596847936061,0.6676464140873716,0,0,0.0,0.0,0.0,0,0,1,489.87898021966913,6,Beauty,Long Cycle,0.4809742465422223,50.64705882352941,0.5428732409680164,0.6311904761904761,0.5228571428571428,0.38302420979379553,0.42847744667227006,52.08134112365052,中忠诚度
CUST_000404,21,2728.57,129.93190476190478,2025-12-15,2023-01-27,0.09523809523809523,0.5238095238095238,0.5369024418872193,0.5675166085262573,0.12084761904761904,0.4021,0.5238095238095238,11,140.37428571428572,2947.86,219.29,16,1053,1,0.28123461241711484,0.0743643306226813,0.2972706044661348,1.0802849625107191,2,3,5,5,4,2,4.0,3.0,2.0,2.0,0.0,66,Female,Student,Hybrid,West,0.10545453413887505,0.5369024418872193,0.5675166085262573,7.0,4.0,4.0,3.0,1,passive,0.0,0.0,0.0,0.0,0.0,1.0,0.0,0.0,0.0,0.0,1.0,0.0,0,0,-0.7705447126176634,3.6961125790933176,低,0.5667208011909597,0.5369024418872193,0.5675166085262573,0,0,0.0,0.0,0.0,0,0,0,438.11544047013047,6,Beauty,Medium Cycle,0.7712957343021434,52.65,0.7068189293879488,0.6167142857142858,1.0,0.05105263157894736,0.4392607287712544,58.97712542974863,中忠诚度
CUST_000405,35,3450.6,98.58857142857143,2025-11-10,2023-03-16,0.08571428571428572,0.4,0.4799493722226591,0.7122833984901299,0.12146,0.5611,0.4,14,110.91742857142856,3882.1099999999997,431.48,51,970,1,0.19197974888906366,0.11111712004038002,0.28491335939605195,1.124939509410452,7,8,5,6,7,2,0.0,2.0,10.0,2.0,0.0,34,Male,Young Professional,Store,South,0.7612077266481396,0.4799493722226591,0.7122833984901299,10.0,5.0,5.0,5.0,1,promoter,1.0,0.0,9.0,1.0,0.0,10.0,260.1,2.0,5.0,2.0,1.0,0.0,1,2,4.66688751377611,1.708713581732659,高,1.155933663579582,0.4799493722226591,0.7122833984901299,0,0,0.0,0.0,0.0,0,0,0,378.3554667547274,6,Beauty,Short Cycle,0.3243327173601943,28.529411764705884,0.6768982905706633,0.9999999999999999,0.8114285714285714,0.614127568399077,0.48567160904444184,73.97536495020125,高忠诚度
CUST_000406,12,928.84,77.40333333333334,2025-11-25,2023-02-05,0.16666666666666666,0.4166666666666667,0.6976536802817793,0.13528706687778574,0.13230833333333333,0.6065,0.4166666666666667,5,85.91416666666667,1030.97,102.13000000000001,36,1024,1,0.2906890334507414,0.09896605521478338,0.056369611199077393,1.1098109714088873,1,3,1,5,0,2,1.0,0.0,2.0,2.0,0.0,61,Male,Young Professional,Online,East,0.23085740617040065,0.6976536802817793,0.13528706687778574,6.0,2.5,3.5,3.0,2,detractor,1.0,0.0,8.0,1.0,0.0,5.0,78.2,1.0,2.0,2.0,0.0,0.0,-1,0,-2.5560018790913897,4.604793383335647,低,-0.7978430643361843,0.6976536802817793,0.13528706687778574,0,0,0.0,0.0,0.0,0,0,0,498.32680731697,5,Beauty,Long Cycle,0.876483023293029,93.0909090909091,0.6349752875759633,0.4417857142857143,0.8257142857142857,0.3779145148884737,0.1807922771912156,50.86021765133138,中忠诚度
CUST_000407,19,2391.31,125.85842105263157,2025-11-06,2023-01-12,0.0,0.21052631578947367,0.09564117619107464,0.709581063877865,0.04743157894736842,0.3912,0.21052631578947367,4,131.88210526315788,2505.7599999999998,114.45,55,1029,1,0.02013498446127887,0.04565654470312276,0.1493854871321821,1.047777545473552,2,5,4,4,1,3,0.0,2.0,0.0,2.0,0.0,45,Male,Family,Store,East,0.3222592763923667,0.09564117619107464,0.709581063877865,7.0,3.0,3.0,3.0,1,passive,1.0,0.0,8.0,1.0,0.0,6.0,211.0,0.0,3.0,2.0,0.0,1.0,0,1,-3.102307294962991,-0.5845102915709741,中,1.3518019122333909,0.09564117619107464,0.709581063877865,0,0,0.0,0.0,0.0,0,0,1,378.3554667547274,6,Beauty,Short Cycle,0.5175205583620681,57.166666666666664,0.6053524037068865,0.5177142857142858,0.8257142857142857,0.4294159982419514,0.5628804026319694,58.37358955288684,中忠诚度
CUST_000408,50,5171.8099999999995,103.43619999999999,2025-11-23,2023-02-20,0.0,0.5,0.08933540606334862,0.8240186154101274,0.126328,0.4572,0.5,25,116.2594,5812.97,641.15,38,1007,1,0.04466770303167431,0.11027748681193744,0.4120093077050637,1.1238634188592718,5,19,8,7,6,5,7.0,3.0,8.0,4.0,3.0,47,Male,Family,Store,Central,0.9352026417529582,0.08933540606334862,0.8240186154101276,10.0,5.0,5.0,5.0,2,promoter,0.0,0.0,0.0,0.0,0.0,15.0,146.26666666666668,2.0,6.0,4.0,3.0,0.0,1,2,8.005768117064182,0.984939846865849,高,-0.6059510827231656,0.08933540606334862,0.8240186154101274,0,0,0.0,0.0,0.0,0,0,1,378.3554667547274,6,Beauty,Short Cycle,0.36174510100612034,20.551020408163264,0.8211963115038184,0.9999999999999999,1.0,0.6301944841226239,0.5347667031482319,82.11030715417739,高忠诚度
CUST_000409,27,2977.02,110.26,2025-12-29,2023-01-04,0.0,0.5555555555555556,0.29400259064297724,0.5344546930958123,0.17123333333333335,0.5526,0.5555555555555556,15,127.04740740740739,3430.2799999999997,453.26,2,1090,1,0.1633347725794318,0.13209647711641137,0.2969192739421179,1.1521484302839156,4,8,6,4,2,3,1.0,2.0,6.0,1.0,5.0,46,Other,Student,Online,North,0.6253538846791761,0.29400259064297724,0.5344546930958123,8.0,4.0,3.0,4.0,1,passive,3.0,0.0,10.0,3.0,0.0,12.0,85.16666666666667,1.0,2.0,7.0,0.0,2.0,0,0,3.82262734897096,3.9833153484722614,低,-0.9159159159159159,0.29400259064297724,0.5344546930958123,0,0,0.0,0.0,0.0,0,0,1,378.3554667547274,6,Beauty,Short Cycle,0.7908822368288636,41.92307692307692,0.7782743174498641,0.678142857142857,0.677142857142857,0.4706917737977512,0.40535489074738923,63.59964377738731,中忠诚度
CUST_000410,13,2411.54,185.50307692307692,2025-10-08,2023-01-13,0.0,0.07692307692307693,0.38022784591371733,0.42213561159218455,0.014446153846153846,0.1878,0.07692307692307693,1,186.04384615384618,2418.57,7.02,84,999,1,0.02924829583951672,0.002901341973987113,0.032471970122475734,1.0028610879597957,4,1,5,0,3,0,0.0,0.0,0.0,0.0,1.0,63,Male,Senior,Store,East,0.580247954858926,0.38022784591371733,0.42213561159218455,7.0,3.5,3.0,4.0,2,detractor,0.0,0.0,0.0,0.0,0.0,8.0,38.75,1.0,1.0,5.0,0.0,1.0,-1,1,-4.649234581008567,-3.8087317983970848,中,-0.7356522290570106,0.38022784591371733,0.42213561159218455,0,0,0.0,0.0,0.0,0,0,0,438.11544047013047,4,Beauty,Medium Cycle,0.4939334742577781,83.25,0.5242936327613703,0.5797142857142857,1.0,0.36710059334139106,0.5853005163120775,59.50768277050028,中忠诚度
CUST_000411,21,2663.39,126.82809523809523,2025-11-01,2023-03-02,0.09523809523809523,0.23809523809523808,0.4669265471340992,0.5326911112869677,0.08935714285714286,0.4842,0.23809523809523808,5,134.35904761904763,2821.54,158.15,60,975,1,0.11117298741288076,0.05603109256201861,0.12683121697308752,1.0592956900435502,5,7,3,0,3,3,1.0,0.0,4.0,0.0,0.0,70,Female,Family,Online,North,0.4642692601383799,0.4669265471340992,0.5326911112869677,6.5,3.5,3.0,3.5,2,passive,0.0,0.0,0.0,0.0,0.0,6.0,167.33333333333334,2.0,0.0,3.0,1.0,0.0,0,1,-2.085965740505655,0.3178658907601993,中,-0.39807359086739375,0.4669265471340992,0.5326911112869677,0,0,0.0,0.0,0.0,0,0,0,378.3554667547274,5,Beauty,Short Cycle,0.4097816590458453,48.75,0.5800497882175871,0.5265,1.0,0.3695169029044427,0.44000651289229975,57.706844883478745,中忠诚度
CUST_000412,33,3977.25,120.52272727272727,2025-12-27,2023-01-19,0.030303030303030304,0.2727272727272727,0.20643094738900566,0.29427130923715233,0.08466969696969696,0.4976,0.2727272727272727,9,132.34848484848484,4367.5,390.24,4,1073,1,0.05629934928791063,0.08933043378734119,0.08025581161013245,1.098029455095812,4,12,5,2,5,5,0.0,1.0,4.0,2.0,2.0,23,Male,Family,Store,West,0.7652095375086789,0.20643094738900566,0.29427130923715233,9.5,5.0,5.0,4.5,2,promoter,0.0,0.0,0.0,0.0,0.0,11.0,58.45454545454545,1.0,1.0,6.0,1.0,2.0,1,2,3.125384294801884,-1.5747017350389156,高,0.024089189727254646,0.20643094738900566,0.29427130923715233,0,0,0.0,0.0,0.0,0,0,1,378.3554667547274,6,Beauty,Short Cycle,0.7253401987981738,33.53125,0.8054456293400742,0.9467857142857141,1.0,0.4514404011547183,0.5550004776712272,77.92962491973427,高忠诚度
CUST_000413,18,1773.17,98.50944444444445,2025-09-16,2023-01-11,0.0,0.2777777777777778,0.06527527456301091,0.3957625868207748,0.06363333333333333,0.3655,0.2777777777777778,5,101.47333333333333,1826.52,53.35,106,979,1,0.018132020711947475,0.02919256697601121,0.10993405189465967,1.029982800913525,1,8,2,5,2,0,0.0,2.0,2.0,1.0,0.0,52,Female,High Net Worth,Store,North,0.222671159561585,0.06527527456301091,0.3957625868207748,7.0,3.0,4.0,4.0,1,passive,1.0,0.0,4.0,1.0,0.0,8.0,122.0,0.0,5.0,2.0,1.0,0.0,0,1,-2.7649242788599393,-0.23035806074537,中,0.5150008876264869,0.06527527456301091,0.3957625868207748,0,0,0.0,0.0,0.0,0,0,1,378.3554667547274,5,Beauty,Short Cycle,0.16314746100146227,57.588235294117645,0.4753154117533984,0.5977142857142858,0.8828571428571429,0.46561050983408414,0.4555555385875555,56.26266736464084,中忠诚度
CUST_000414,20,2004.73,100.2365,2025-11-25,2023-01-22,0.0,0.3,0.8715325820889366,0.6930608654426349,0.10330500000000001,0.6184,0.3,6,115.6345,2312.69,307.96,36,1038,1,0.26145977462668096,0.13310339760296322,0.20791825963279045,1.153501618510372,3,5,2,4,3,3,1.0,0.0,5.0,0.0,0.0,58,Female,Family,Online,West,0.6247588463724525,0.8715325820889366,0.6930608654426349,9.0,4.0,5.0,5.0,1,promoter,2.0,1.0,7.0,2.0,0.5,8.0,53.125,0.0,1.0,5.0,2.0,0.0,1,0,1.9695145697814496,2.1132253297210775,低,1.6161885959818838,0.8715325820889366,0.6930608654426349,0,0,0.0,0.0,0.0,0,1,0,378.3554667547274,6,Beauty,Short Cycle,0.6472017407798212,54.63157894736842,0.6554110207374044,0.8745714285714284,0.58,0.31185268102406327,0.4898419478196905,62.25203576906414,中忠诚度
CUST_000415,16,2084.05,130.253125,2025-10-16,2023-03-02,0.0,0.4375,0.2883676549930523,0.4876862964715903,0.1258,0.395,0.4375,7,147.550625,2360.81,276.75,76,959,1,0.12616084905946037,0.11717708029011648,0.21336275470632074,1.1327121547252916,3,3,3,2,2,3,2.0,3.0,2.0,0.0,0.0,54,Female,Family,Online,South,0.21172765719067868,0.2883676549930523,0.4876862964715903,3.0,2.0,1.0,2.0,1,detractor,3.0,2.0,13.0,3.0,0.6666666666666666,5.0,203.6,1.0,1.0,2.0,1.0,0.0,-1,0,-3.6305204231575208,5.059845379357737,低,0.5950188363331937,0.2883676549930523,0.4876862964715903,0,0,0.0,0.0,0.0,0,0,1,489.87898021966913,6,Beauty,Long Cycle,0.4033577138372201,63.93333333333333,0.523664253854657,0.053,0.3009523809523809,0.410273596308098,0.4873950471241576,35.01424298140926,低忠诚度
CUST_000416,50,6218.4,124.368,2025-12-29,2023-01-12,0.02,0.3,0.6562804336872239,0.867885935622947,0.104666,0.6595,0.3,15,136.64600000000002,6832.3,613.93,2,1082,1,0.19688413010616715,0.08984385289684339,0.2603657806868841,1.09863480679863,5,11,12,7,5,10,1.0,4.0,6.0,2.0,2.0,41,Male,Young Professional,Hybrid,South,0.9122408088813,0.6562804336872239,0.867885935622947,9.5,4.5,4.5,5.0,2,promoter,1.0,0.0,9.0,1.0,0.0,11.0,115.0909090909091,3.0,1.0,5.0,2.0,0.0,1,2,6.244823883368241,-0.9872428210441014,高,0.40054682159945315,0.6562804336872239,0.867885935622947,0,0,0.0,0.0,0.0,0,0,0,438.11544047013047,6,Beauty,Medium Cycle,0.6580614284842582,22.081632653061224,0.928273463274483,0.9147857142857142,0.8114285714285714,0.4905426976056577,0.6950157846624817,80.67265256082801,高忠诚度
CUST_000417,25,3218.76,128.7504,2025-09-13,2023-01-11,0.04,0.2,0.19628957702508668,0.4403901333383064,0.044804,0.3296,0.2,5,131.74,3293.5,74.74000000000001,109,976,1,0.039257915405017337,0.022686295340719382,0.08807802666766129,1.0231406550461166,2,6,4,5,4,4,1.0,2.0,2.0,0.0,0.0,46,Male,Student,Store,Central,0.5989903126857778,0.19628957702508668,0.4403901333383064,9.0,4.0,5.0,5.0,1,promoter,0.0,0.0,0.0,0.0,0.0,9.0,7.0,0.0,1.0,4.0,3.0,1.0,1,1,-0.6544772295124116,-2.982988340420379,中,-0.692888181888725,0.19628957702508668,0.4403901333383064,0,0,0.0,0.0,0.0,0,0,1,378.3554667547274,6,Beauty,Short Cycle,0.08294419628296446,40.666666666666664,0.5106794801730841,0.8745714285714284,1.0,0.34017421772943146,0.4996361332560643,64.78182538426067,中忠诚度
CUST_000418,21,1623.1299999999999,77.29190476190476,2025-10-21,2023-02-21,0.047619047619047616,0.3333333333333333,0.3531804140357656,0.4691403257595594,0.09469047619047619,0.3977,0.3333333333333333,7,82.62095238095237,1735.04,111.91,71,973,1,0.11772680467858854,0.06446280039630423,0.1563801085865198,1.0688087523254524,4,11,1,1,3,1,1.0,4.0,1.0,1.0,0.0,66,Male,Senior,Online,East,0.2565761497463197,0.3531804140357656,0.4691403257595594,8.0,4.333333333333333,4.333333333333333,3.6666666666666665,3,passive,2.0,1.0,7.0,2.0,0.5,6.0,128.5,1.0,2.0,2.0,1.0,0.0,0,0,-1.3957559654502825,1.6084945594491071,低,6.8369636963696365,0.3531804140357656,0.4691403257595594,0,0,0.0,0.0,0.0,0,0,0,378.3554667547274,6,Beauty,Short Cycle,0.32521247905229955,48.65,0.5546065799914282,0.7444761904761905,0.58,0.42496923415009336,0.4010331708196988,56.34013823619449,中忠诚度
CUST_000419,18,1972.59,109.58833333333332,2025-11-26,2023-02-04,0.05555555555555555,0.16666666666666666,0.14625118372774,0.4084273137929395,0.04563888888888889,0.3408,0.16666666666666666,3,113.28388888888888,2039.11,66.52,35,1026,1,0.024375197287956663,0.03260608496600673,0.06807121896548991,1.033627843083583,4,6,2,1,4,1,0.0,1.0,1.0,1.0,0.0,63,Female,Young Professional,Hybrid,Central,0.48761575401958424,0.14625118372774,0.4084273137929395,7.0,3.5,3.5,4.0,2,promoter,1.0,0.0,2.0,1.0,0.0,18.0,110.61111111111111,3.0,4.0,7.0,3.0,1.0,1,1,-1.0604278224226489,-2.5570246885355212,中,-0.3114906112356078,0.14625118372774,0.4084273137929395,0,0,0.0,0.0,0.0,0,0,1,378.3554667547274,6,Beauty,Short Cycle,0.6963949751713553,60.35294117647059,0.6469282833197336,0.6022142857142857,0.9114285714285715,0.6723537706479142,0.4253704617138684,64.60049769930446,中忠诚度
CUST_000420,22,2497.95,113.54318181818181,2025-12-30,2023-02-08,0.0,0.2727272727272727,0.8017723210152762,0.8942801888918969,0.09233181818181818,0.6983,0.2727272727272727,6,119.74909090909091,2634.48,136.51999999999998,1,1056,1,0.21866517845871167,0.051800810478546594,0.2438945969705173,1.054563940804669,2,6,3,5,6,0,1.0,3.0,1.0,0.0,1.0,70,Female,Young Professional,Online,West,0.7082511041922083,0.8017723210152761,0.894280188891897,9.333333333333334,4.666666666666667,4.666666666666667,5.0,3,promoter,2.0,0.0,1.5,2.0,0.0,11.0,28.181818181818183,0.0,1.0,6.0,1.0,3.0,1,2,1.8850286400897653,-0.49521881305167015,高,-0.19213875436423022,0.8017723210152762,0.8942801888918969,0,0,0.0,0.0,0.0,0,1,0,378.3554667547274,5,Beauty,Short Cycle,0.8411812253269553,50.285714285714285,0.7402840486829622,0.9193809523809524,0.8585714285714285,0.386073158793739,0.47859208393638686,71.04159533953599,高忠诚度
CUST_000421,24,2828.2,117.84166666666665,2025-11-17,2023-03-24,0.041666666666666664,0.16666666666666666,0.2695367369594555,0.5261029593411026,0.036441666666666664,0.3298,0.16666666666666666,4,119.69208333333334,2872.61,44.44,44,969,1,0.04492278949324258,0.015464868231945183,0.08768382655685043,1.0156163821753335,3,3,6,8,3,1,1.0,1.0,2.0,0.0,0.0,48,Other,Senior,Store,Central,0.3966884600173777,0.2695367369594555,0.5261029593411026,7.0,3.0,4.0,4.0,1,passive,3.0,0.0,5.0,3.0,0.0,5.0,34.0,0.0,1.0,3.0,1.0,0.0,0,1,-3.2096068727107516,-2.0686509675336313,中,3.572918678771489,0.2695367369594555,0.5261029593411026,0,0,0.0,0.0,0.0,0,0,1,498.32680731697,6,Beauty,Long Cycle,0.4848806842415314,42.130434782608695,0.6282194341851646,0.5977142857142858,0.7485714285714284,0.2594594000659268,0.5557969639919877,57.24685705785222,中忠诚度
CUST_000422,18,2257.77,125.43166666666667,2025-12-16,2023-01-16,0.05555555555555555,0.2222222222222222,0.11551069084293876,0.5341439523206815,0.04691111111111111,0.3312,0.2222222222222222,4,127.88888888888889,2302.0,44.22,15,1065,1,0.025669042409541945,0.019201042118975248,0.11869865607126254,1.0195088465200735,1,8,2,2,4,1,1.0,1.0,2.0,0.0,0.0,52,Male,Senior,Hybrid,North,0.391687409687136,0.11551069084293876,0.5341439523206815,6.5,3.5,4.0,2.5,2,passive,2.0,0.0,6.5,2.0,0.0,5.0,89.8,1.0,1.0,2.0,1.0,0.0,0,1,-3.4710035035224944,-1.3429994653251596,中,-0.6261544507761839,0.11551069084293876,0.5341439523206815,0,0,0.0,0.0,0.0,0,0,1,378.3554667547274,6,Beauty,Short Cycle,0.8330026325503288,62.64705882352941,0.7000378911498769,0.5365,0.7871428571428571,0.3627579386880563,0.4348037104911397,58.1842043293271,中忠诚度
CUST_000423,41,4761.41,116.13195121951219,2025-12-10,2023-01-11,0.0,0.21951219512195122,0.7154163859193058,0.14756984457031247,0.08007073170731707,0.6073,0.21951219512195122,9,126.51975609756099,5187.31,425.89,21,1064,1,0.1570426212993598,0.0820864597527904,0.032393380515434445,1.0893544905099313,8,13,8,4,5,3,0.0,0.0,4.0,3.0,2.0,50,Female,Family,Online,West,0.73975776304816,0.7154163859193058,0.14756984457031247,9.333333333333334,4.666666666666667,4.666666666666667,4.666666666666667,3,promoter,2.0,0.0,6.5,2.0,0.0,9.0,3.7777777777777777,1.0,0.0,5.0,3.0,0.0,1,2,3.2408193296941255,-1.8902056863982184,高,-0.5372589129164231,0.7154163859193058,0.14756984457031247,0,0,0.0,0.0,0.0,0,1,0,378.3554667547274,6,Beauty,Short Cycle,0.5452013220689405,26.6,0.8167405601524627,0.9077142857142857,0.7871428571428571,0.30882882222954744,0.5909276570830626,72.49856399426304,高忠诚度
CUST_000424,17,1948.54,114.62,2025-11-09,2023-05-10,0.0,0.4117647058823529,0.28874845928829784,0.28691340740510685,0.11144705882352941,0.537,0.4117647058823529,7,133.46764705882353,2268.95,320.39,52,914,1,0.11889642441282852,0.14114407806339346,0.11814081481386753,1.164334354521709,2,5,5,4,0,1,2.0,1.0,3.0,0.0,1.0,69,Female,High Net Worth,Online,South,0.4620681092659789,0.28874845928829784,0.28691340740510685,7.0,3.0,2.0,3.0,1,passive,1.0,1.0,0.0,1.0,1.0,10.0,131.0,3.0,2.0,3.0,1.0,1.0,0,0,-0.5207343354260646,3.8476415168775695,低,-0.9496513499016629,0.28874845928829784,0.28691340740510685,0,0,0.0,0.0,0.0,0,0,1,378.3554667547274,5,Beauty,Short Cycle,0.5413817010883588,57.125,0.5633064741962531,0.4727142857142857,0.64,0.5402236018019998,0.38592169233086526,52.20923078073771,中忠诚度
CUST_000425,44,5225.62,118.76409090909091,2025-12-09,2023-01-22,0.022727272727272728,0.2727272727272727,0.7087084264690166,0.323256318703399,0.07771363636363636,0.4636,0.2727272727272727,12,124.42636363636365,5474.76,249.14,22,1052,1,0.19328411630973177,0.045498707028796,0.08816081419183608,1.0475884318205302,4,12,8,7,7,6,3.0,2.0,3.0,1.0,3.0,38,Male,Young Professional,Online,East,0.7895308972360946,0.7087084264690166,0.323256318703399,10.0,5.0,5.0,4.0,1,promoter,0.0,0.0,0.0,0.0,0.0,3.0,144.33333333333334,1.0,0.0,2.0,0.0,0.0,1,2,2.387355490509734,-1.8782642916396608,高,-0.6313129436248096,0.7087084264690166,0.323256318703399,0,0,0.0,0.0,0.0,0,1,0,378.3554667547274,6,Beauty,Short Cycle,0.519932057271114,24.46511627906977,0.8308091250806063,0.9649999999999999,1.0,0.26675566787532506,0.5880947901379823,76.8720306226178,高忠诚度
CUST_000426,16,1493.62,93.35125,2025-12-21,2023-05-08,0.0625,0.3125,0.5776400996409147,0.7355877453926076,0.096275,0.4076,0.3125,5,101.015,1616.24,122.62,10,958,1,0.18051253113778584,0.07582053374885608,0.2298711704351899,1.0819799434990427,4,4,2,4,2,0,1.0,1.0,1.0,1.0,1.0,49,Male,Family,Online,West,0.5270284231812858,0.5776400996409147,0.7355877453926076,8.5,4.5,4.5,4.0,2,promoter,1.0,0.0,6.0,1.0,0.0,9.0,15.333333333333334,0.0,2.0,2.0,2.0,3.0,1,0,-0.05487912101765977,1.109625873650658,低,6.200449071239028,0.5776400996409147,0.7355877453926076,0,0,0.0,0.0,0.0,0,0,0,489.87898021966913,5,Beauty,Long Cycle,0.8626292685167779,63.86666666666667,0.6629157283878264,0.8083571428571428,0.8542857142857143,0.37143146662759896,0.4111068718226877,64.64876121410337,中忠诚度
CUST_000427,28,3392.38,121.15642857142858,2025-11-19,2023-01-05,0.07142857142857142,0.32142857142857145,0.48232085818834264,0.7226773465729631,0.08035714285714286,0.5118,0.32142857142857145,9,128.12571428571428,3587.52,195.14,42,1049,1,0.15503170441768158,0.054378964029739275,0.23228914711273815,1.0574357583724863,1,7,7,7,4,2,4.0,0.0,2.0,1.0,2.0,40,Female,High Net Worth,Online,West,0.7020841105721238,0.48232085818834264,0.7226773465729631,10.0,5.0,5.0,5.0,1,promoter,1.0,1.0,0.0,1.0,1.0,13.0,90.07692307692308,0.0,3.0,8.0,2.0,0.0,1,2,2.6302686731508396,-1.0262162778468638,高,-0.2290832455216017,0.48232085818834264,0.7226773465729631,0,0,0.0,0.0,0.0,0,0,0,378.3554667547274,6,Beauty,Short Cycle,0.47455187233346796,38.851851851851855,0.6819656835733536,0.9999999999999999,0.64,0.45898692451378964,0.47674241821019464,69.09491064806036,中忠诚度
CUST_000428,40,4207.71,105.19275,2025-12-19,2023-02-14,0.0,0.275,0.5308535582502921,0.505349742343512,0.0895325,0.6268,0.275,11,116.8075,4672.3,464.58,12,1039,1,0.14598472851883035,0.09941155072432756,0.13897117914446583,1.1103084282492615,8,7,7,5,11,2,2.0,2.0,5.0,1.0,1.0,50,Female,Family,Store,North,0.8280074065043259,0.5308535582502921,0.505349742343512,8.0,3.0,4.0,4.0,1,passive,1.0,0.0,5.0,1.0,0.0,11.0,144.45454545454547,2.0,2.0,7.0,0.0,0.0,0,2,2.8961336178261865,0.11501899109893908,高,1.3730094466936575,0.5308535582502921,0.505349742343512,0,0,0.0,0.0,0.0,0,0,0,513.7160654092345,6,Beauty,Long Cycle,0.616714677956006,26.641025641025642,0.8225009018650433,0.669142857142857,0.8685714285714285,0.4728030885716854,0.6141674840107653,70.73672850183091,高忠诚度
CUST_000429,49,5595.87,114.20142857142856,2025-12-15,2023-01-30,0.04081632653061224,0.22448979591836735,0.2718572586319868,0.6626356422502088,0.06322857142857144,0.4519,0.22448979591836735,11,118.89714285714285,5825.96,230.08,16,1050,1,0.06102918050922152,0.03948542636297486,0.14875494009698564,1.041026667333767,8,10,6,9,12,4,2.0,2.0,5.0,1.0,1.0,20,Female,Senior,Online,East,0.8197245098137107,0.2718572586319868,0.6626356422502087,10.0,5.0,5.0,5.0,2,promoter,2.0,0.0,11.0,2.0,0.0,12.0,224.0,3.0,3.0,5.0,1.0,0.0,1,2,3.8131487944097473,-3.6857308872976637,高,1.8808916851982425,0.2718572586319868,0.6626356422502088,0,0,0.0,0.0,0.0,0,0,1,513.7160654092345,6,Beauty,Long Cycle,0.54741079586289,21.875,0.87894762645462,0.9999999999999999,0.7228571428571428,0.5911597626634435,0.6810624722265505,81.29461945984563,高忠诚度
CUST_000430,13,1622.37,124.7976923076923,2025-10-31,2023-02-06,0.15384615384615385,0.15384615384615385,0.27099391203169576,0.3162789195048078,0.024707692307692312,0.2301,0.15384615384615385,2,126.43076923076923,1643.6,21.23,61,998,1,0.04169137108179935,0.012908914021646602,0.04865829530843197,1.013004622496148,2,3,2,3,2,1,0.0,1.0,1.0,0.0,0.0,35,Male,Family,Store,South,0.23720136676327797,0.27099391203169576,0.31627891950480774,5.666666666666667,1.6666666666666667,2.6666666666666665,3.6666666666666665,3,detractor,4.0,1.0,5.666666666666667,4.0,0.25,4.0,108.5,1.0,1.0,0.0,2.0,0.0,-1,1,-6.389874978235254,-0.8887303056894122,中,-0.5681902985074627,0.27099391203169576,0.3162789195048078,0,0,0.0,0.0,0.0,0,0,1,378.3554667547274,6,Beauty,Short Cycle,0.6734481298419561,83.16666666666667,0.5765243633136139,0.3588095238095238,0.5290476190476191,0.34451324030326336,0.35420328722026795,44.68243119321376,中忠诚度
CUST_000431,18,1643.87,91.3261111111111,2025-10-10,2023-02-28,0.05555555555555555,0.3888888888888889,0.41576519353957225,0.9065857168915988,0.12859444444444443,0.5656,0.3888888888888889,7,105.095,1891.71,247.82999999999998,82,955,1,0.1616864641542781,0.1309392352764026,0.3525611121245107,1.150640187342234,3,6,2,4,2,1,0.0,2.0,2.0,2.0,1.0,42,Female,Family,Hybrid,West,0.6465377660628753,0.41576519353957225,0.906585716891599,9.333333333333334,4.666666666666667,4.666666666666667,4.333333333333333,3,promoter,0.0,0.0,0.0,0.0,0.0,11.0,135.0909090909091,0.0,5.0,4.0,2.0,0.0,1,0,2.366019436569084,3.0925411447038806,低,-0.67628759073626,0.41576519353957225,0.9065857168915988,0,0,0.0,0.0,0.0,0,0,0,378.3554667547274,6,Beauty,Short Cycle,0.3002777972730051,56.1764705882353,0.5131057752840883,0.8960476190476191,1.0,0.4916207010218657,0.32046242578542355,64.97561063682247,中忠诚度
CUST_000432,50,5028.06,100.56120000000001,2025-11-28,2023-01-20,0.06,0.5,0.6045458729799676,0.8039622074316406,0.144466,0.6337,0.5,25,113.3624,5668.12,640.0699999999999,33,1043,1,0.3022729364899838,0.11290464834048317,0.4019811037158203,1.1271855163307187,4,15,8,10,8,5,4.0,3.0,15.0,3.0,0.0,59,Male,High Net Worth,Hybrid,West,0.8719860670057284,0.6045458729799676,0.8039622074316406,10.0,5.0,5.0,5.0,2,promoter,2.0,0.0,1.0,2.0,0.0,10.0,188.1,1.0,5.0,4.0,0.0,0.0,1,2,7.901598053466922,2.610237106900178,高,26.982885085574573,0.6045458729799676,0.8039622074316406,0,0,0.0,0.0,0.0,0,0,0,378.3554667547274,6,Beauty,Short Cycle,0.40612647315082673,21.285714285714285,0.8441504189748353,0.9999999999999999,0.8657142857142857,0.52906493791891,0.5656515306203993,79.73097388304899,高忠诚度
CUST_000433,32,2097.4700000000003,65.54593750000001,2025-12-20,2023-02-05,0.0,0.40625,0.40532748146777947,0.7921730617049711,0.11745625,0.5819,0.40625,13,74.2265625,2375.25,277.8,11,1049,1,0.1646642893462854,0.11690689110994214,0.3218203063176445,1.132263000586331,8,5,2,8,5,4,3.0,3.0,4.0,2.0,1.0,48,Male,Family,Store,North,0.7471181642497252,0.40532748146777947,0.7921730617049711,10.0,5.0,5.0,5.0,3,promoter,1.0,0.0,4.0,1.0,0.0,14.0,183.71428571428572,4.0,3.0,3.0,1.0,3.0,1,2,4.763887084515667,2.003913764867583,高,0.13593800452050375,0.40532748146777947,0.7921730617049711,0,0,0.0,0.0,0.0,0,0,0,489.87898021966913,6,Beauty,Long Cycle,0.6783468670448088,33.83870967741935,0.7762346375573688,0.9999999999999999,0.8828571428571429,0.6464442682907686,0.38170186167468934,76.95208821906007,高忠诚度
CUST_000434,20,2596.57,129.82850000000002,2025-11-02,2023-03-30,0.15,0.35,0.06282710114620972,0.8203907159107713,0.07146,0.3917,0.35,7,138.69549999999998,2773.91,177.33,59,948,1,0.0219894854011734,0.06390477529000942,0.2871367505687699,1.0682155138884073,0,4,3,4,7,2,1.0,1.0,3.0,1.0,1.0,71,Male,High Net Worth,Online,Central,0.5059721637939079,0.06282710114620972,0.8203907159107713,6.0,4.0,3.0,3.0,1,detractor,0.0,0.0,0.0,0.0,0.0,4.0,0.0,0.0,0.0,1.0,1.0,2.0,-1,0,-2.630628075015752,1.4541295528196996,低,0.30392156862745096,0.06282710114620972,0.8203907159107713,0,0,0.0,0.0,0.0,0,0,1,513.7160654092345,5,Clothing,Long Cycle,0.42676368069223236,49.89473684210526,0.5685421209123857,0.5002857142857142,1.0,0.17421052631578948,0.41825787076953513,53.450432440794295,中忠诚度
CUST_000435,28,3394.23,121.2225,2025-12-24,2023-03-02,0.14285714285714285,0.21428571428571427,0.5069388631897489,0.343162547909747,0.07358571428571428,0.6214,0.21428571428571427,6,127.14607142857143,3560.09,165.88,7,1028,1,0.10862975639780333,0.046581243383346106,0.07353483169494578,1.048778763356125,4,13,4,0,5,2,1.0,2.0,2.0,0.0,1.0,20,Female,Young Professional,Store,South,0.7548628061052428,0.5069388631897489,0.343162547909747,10.0,5.0,5.0,5.0,1,promoter,0.0,0.0,0.0,0.0,0.0,8.0,103.625,1.0,2.0,3.0,2.0,0.0,1,2,1.3265863777841096,-2.1491894758272023,高,0.4256797951469332,0.5069388631897489,0.343162547909747,0,0,0.0,0.0,0.0,0,0,0,378.3554667547274,5,Beauty,Short Cycle,0.7356731622082096,38.074074074074076,0.7533743077265518,0.9999999999999999,1.0,0.4254382760136249,0.4850330808999238,76.25829958549978,高忠诚度
CUST_000436,50,5327.14,106.5428,2025-12-05,2023-01-30,0.0,0.3,0.3393094521343583,0.6488841391293589,0.08113,0.5719,0.3,15,112.33959999999999,5616.98,289.81,26,1040,1,0.10179283564030749,0.05158615730209079,0.19466524173880767,1.0543092250977917,11,10,5,8,8,8,3.0,5.0,1.0,5.0,1.0,57,Female,Young Professional,Store,East,0.900619070441033,0.33930945213435837,0.6488841391293589,10.0,5.0,5.0,5.0,2,promoter,2.0,0.0,10.5,2.0,0.0,11.0,126.9090909090909,2.0,2.0,3.0,3.0,1.0,1,2,4.742188262129179,-2.2439876631072955,高,-0.14051550065328422,0.3393094521343583,0.6488841391293589,0,0,0.0,0.0,0.0,0,0,0,489.87898021966913,6,Beauty,Long Cycle,0.4614311157798069,21.224489795918366,0.8593970579455836,0.9999999999999999,0.73,0.5254772202854832,0.6105227356468044,78.77191107735182,高忠诚度
CUST_000437,28,3532.33,126.15464285714286,2025-12-23,2023-01-24,0.07142857142857142,0.32142857142857145,0.4129113474800719,0.8057799521608625,0.1289142857142857,0.588,0.32142857142857145,9,137.68607142857144,3855.21,322.88,8,1064,1,0.13272150454716597,0.08372987985612816,0.2590006989088487,1.0913205816662468,3,11,8,4,2,0,0.0,2.0,4.0,2.0,1.0,63,Female,Young Professional,Store,West,0.6975276792074177,0.41291134748007186,0.8057799521608625,10.0,5.0,5.0,5.0,1,promoter,0.0,0.0,0.0,0.0,0.0,10.0,30.7,0.0,2.0,6.0,2.0,0.0,1,2,3.324516065484854,-0.09345333850770213,高,-0.777020161505963,0.4129113474800719,0.8057799521608625,0,0,0.0,0.0,0.0,0,0,0,378.3554667547274,5,Beauty,Short Cycle,0.7378793564115305,39.407407407407405,0.7635581194936846,0.9999999999999999,1.0,0.36334468739698933,0.46309092597958657,75.30327778545917,高忠诚度
CUST_000438,24,2973.8900000000003,123.91208333333334,2025-11-23,2023-01-28,0.0,0.25,0.3609330832981847,0.6251732398843091,0.06655833333333333,0.4557,0.25,6,132.51666666666668,3180.4,206.51000000000002,38,1030,1,0.09023327082454617,0.06491167410573961,0.15629330997107727,1.0693547356705995,4,4,5,4,4,3,0.0,3.0,1.0,1.0,1.0,41,Male,Senior,Online,West,0.7202469105918565,0.36093308329818463,0.6251732398843091,9.666666666666666,5.0,5.0,3.6666666666666665,3,promoter,0.0,0.0,0.0,0.0,0.0,7.0,31.0,0.0,1.0,4.0,0.0,2.0,1,2,0.7511071309984148,-1.2537515910379529,高,8.17572729944167,0.3609330832981847,0.6251732398843091,0,0,0.0,0.0,0.0,0,0,0,438.11544047013047,6,Beauty,Medium Cycle,0.5546921537748288,44.78260869565217,0.6642495463469659,0.9295238095238093,1.0,0.28602633933476695,0.5820406144312664,71.18658593499471,高忠诚度
CUST_000439,23,2775.34,120.66695652173914,2025-06-07,2023-02-13,0.08695652173913043,0.17391304347826086,0.34831429865830765,0.17263929322710228,0.04078695652173913,0.4428,0.17391304347826086,4,124.99173913043478,2874.81,99.49,207,845,1,0.0605763997666622,0.03459547049353052,0.030024224909061266,1.0357548179292901,1,5,5,6,5,1,0.0,0.0,2.0,2.0,0.0,67,Female,Family,Hybrid,South,0.5999233564393067,0.34831429865830765,0.17263929322710228,9.333333333333334,4.666666666666667,4.333333333333333,5.0,3,promoter,1.0,0.0,11.0,1.0,0.0,9.0,93.22222222222223,0.0,2.0,4.0,2.0,1.0,1,1,-1.0611874906086598,-2.2926813303231173,中,-0.002227317392728486,0.34831429865830765,0.17263929322710228,0,0,0.0,0.0,0.0,0,0,0,498.32680731697,6,Beauty,Long Cycle,0.00031498211580072155,38.40909090909091,0.36970743788034527,0.9043809523809524,0.7828571428571428,0.40395292336617467,0.4754418812647207,58.634526158254744,中忠诚度
CUST_000440,19,1876.96,98.78736842105263,2025-12-14,2023-06-27,0.0,0.10526315789473684,0.39702055082756293,0.4343306505703606,0.033805263157894734,0.5204,0.10526315789473684,2,100.48789473684211,1909.27,32.31,17,901,1,0.04179163692921715,0.01691383940490088,0.045719015849511636,1.0171110460005859,3,7,4,3,2,0,0.0,0.0,0.0,1.0,1.0,49,Male,High Net Worth,Store,Central,0.1708828455164954,0.39702055082756293,0.4343306505703606,6.0,3.0,2.0,3.0,1,detractor,1.0,0.0,7.0,1.0,0.0,6.0,98.0,0.0,2.0,4.0,0.0,0.0,-1,1,-5.071408645978443,-0.9815724242689391,中,2.6068906484057357,0.39702055082756293,0.4343306505703606,0,0,0.0,0.0,0.0,0,0,0,378.3554667547274,5,Beauty,Short Cycle,0.7486473850739721,50.05555555555556,0.64182511412253,0.40128571428571425,0.84,0.3105677031828004,0.5202632998928526,54.34936132695355,中忠诚度
CUST_000441,29,2488.81,85.82103448275862,2025-11-27,2023-01-07,0.0,0.3793103448275862,0.6235024044724663,0.49312162815421023,0.1660655172413793,0.6552,0.3793103448275862,11,99.89482758620689,2896.95,408.12,34,1055,1,0.23650091204128032,0.14083058713918462,0.1870461348171142,1.163854405206701,5,13,3,5,1,2,2.0,4.0,1.0,3.0,1.0,64,Female,Family,Online,West,0.6495748067395664,0.6235024044724663,0.49312162815421023,10.0,5.0,4.5,5.0,2,promoter,2.0,1.0,10.0,2.0,0.5,15.0,76.2,2.0,2.0,4.0,4.0,3.0,1,2,4.905451368819856,2.5713853154307245,高,0.3214477211796247,0.6235024044724663,0.49312162815421023,0,0,0.0,0.0,0.0,0,0,0,378.3554667547274,6,Beauty,Short Cycle,0.529728444133243,37.67857142857143,0.7083033085784074,0.9774999999999999,0.5371428571428571,0.5642724242757207,0.4444672987741752,68.87483796024353,中忠诚度
CUST_000442,18,2153.94,119.66333333333334,2025-12-21,2023-01-29,0.0,0.2777777777777778,0.16742037017555247,0.349565387870675,0.05930555555555555,0.4138,0.2777777777777778,5,125.34333333333332,2256.18,102.26,10,1057,1,0.046505658382097914,0.04530431777704924,0.09710149663074305,1.0473789761016097,1,5,2,1,4,5,0.0,2.0,2.0,1.0,0.0,39,Male,High Net Worth,Online,South,0.23380389527881604,0.16742037017555247,0.349565387870675,6.0,3.0,3.0,3.3333333333333335,3,detractor,2.0,0.0,1.5,2.0,0.0,5.0,199.6,1.0,2.0,1.0,1.0,0.0,-1,1,-3.4209328480707057,0.23679022052100174,中,4.0485115766262405,0.16742037017555247,0.349565387870675,0,0,0.0,0.0,0.0,0,0,1,378.3554667547274,6,Beauty,Short Cycle,0.8549581096925689,62.1764705882353,0.705716121945982,0.4579523809523809,0.8585714285714285,0.4586034501703109,0.5287499795772937,60.309166056974476,中忠诚度
CUST_000443,28,3846.7799999999997,137.385,2025-11-22,2023-02-12,0.03571428571428571,0.14285714285714285,0.3259859262818034,0.4424773379708931,0.023928571428571428,0.2463,0.14285714285714285,4,139.46964285714287,3905.15,58.37,39,1014,1,0.046569418040257625,0.01494310254342511,0.06321104828155616,1.0150998424771127,3,7,6,3,7,2,1.0,3.0,0.0,0.0,0.0,40,Male,Young Professional,Store,North,0.6674191148943001,0.3259859262818034,0.4424773379708931,10.0,5.0,5.0,5.0,2,promoter,2.0,0.0,5.5,2.0,0.0,8.0,185.0,1.0,4.0,2.0,1.0,0.0,1,1,-0.20008364145737684,-4.477337544740382,中,2.1513616212792908,0.3259859262818034,0.4424773379708931,0,0,0.0,0.0,0.0,0,0,0,378.3554667547274,6,Beauty,Short Cycle,0.48831754064485533,37.55555555555556,0.6767120286887834,0.9999999999999999,0.8014285714285714,0.5219153115042303,0.6434395504723495,74.80311236174076,高忠诚度
CUST_000444,9,1230.71,136.74555555555557,2025-10-29,2023-02-27,0.0,0.4444444444444444,0.14393001053784435,0.6133567618418182,0.10655555555555556,0.3403,0.4444444444444444,4,145.81555555555556,1312.3400000000001,81.64,63,975,1,0.06396889357237526,0.0621621210044619,0.2726030052630303,1.066249593760156,1,1,2,1,2,2,0.0,1.0,1.0,1.0,1.0,19,Male,High Net Worth,Hybrid,Central,0.14791033038359003,0.14393001053784435,0.6133567618418182,6.333333333333333,3.0,3.3333333333333335,3.6666666666666665,3,detractor,0.0,0.0,0.0,0.0,0.0,0.0,0.0,0.0,0.0,0.0,0.0,0.0,-1,0,-4.121182825949068,3.0127308823899295,低,2.400523560209424,0.14393001053784435,0.6133567618418182,0,0,0.0,0.0,0.0,0,0,1,438.11544047013047,6,Beauty,Medium Cycle,0.8837137200372072,121.875,0.5793352370247227,0.5084285714285713,1.0,0.0,0.47188515846064605,52.16904877336566,中忠诚度
CUST_000445,12,1325.93,110.49416666666667,2025-10-12,2023-04-05,0.08333333333333333,0.3333333333333333,0.34761386970382396,0.6959130158662278,0.11817499999999999,0.5842,0.3333333333333333,4,120.74249999999999,1448.9099999999999,122.96000000000001,80,921,1,0.11587128990127465,0.08480526377499295,0.2319710052887426,1.0926511066701856,2,3,2,1,3,1,1.0,1.0,2.0,0.0,0.0,44,Male,Student,Store,East,0.22079846189084398,0.34761386970382396,0.6959130158662277,6.0,3.0,2.5,3.0,2,detractor,4.0,0.0,6.5,4.0,0.0,6.0,112.66666666666667,1.0,2.0,1.0,2.0,0.0,-1,0,-3.202454957285857,3.359013899714751,低,-0.9270568278201865,0.34761386970382396,0.6959130158662278,0,0,0.0,0.0,0.0,0,0,0,378.3554667547274,6,Beauty,Short Cycle,0.5301212807410121,83.72727272727273,0.5039691710859927,0.42378571428571427,0.6671428571428573,0.41835823902135294,0.31109396361791225,46.662643886454475,中忠诚度
CUST_000446,20,2428.78,121.43900000000001,2025-12-03,2023-07-31,0.1,0.4,0.41011420529258513,0.8702792092628007,0.11440999999999998,0.6025,0.4,8,132.597,2651.94,223.16000000000003,28,856,1,0.16404568211703408,0.08411799739157313,0.3481116837051203,1.0917916162339747,3,6,2,3,5,1,2.0,3.0,3.0,0.0,0.0,59,Female,Student,Hybrid,West,0.461186889939961,0.4101142052925852,0.8702792092628008,9.0,4.0,4.666666666666667,4.333333333333333,3,promoter,3.0,1.0,10.5,3.0,0.3333333333333333,6.0,219.33333333333334,0.0,3.0,1.0,2.0,0.0,1,0,0.7728916115492173,2.4308914745816823,低,1.8584829804342,0.41011420529258513,0.8702792092628007,0,0,0.0,0.0,0.0,0,0,0,378.3554667547274,6,Beauty,Short Cycle,0.6352390882115844,45.05263157894737,0.6058918603003802,0.8362380952380952,0.5033333333333333,0.43289546936234113,0.45579167295386913,59.963015324706944,中忠诚度
CUST_000447,25,3016.11,120.6444,2025-12-23,2023-01-20,0.12,0.28,0.190265033053136,0.3174640556622867,0.063804,0.3874,0.28,7,129.7964,3244.91,228.79,8,1068,1,0.05327420925487809,0.07048562652692157,0.08888993558544028,1.075770133538437,1,6,8,6,4,0,2.0,3.0,1.0,1.0,0.0,19,Female,Student,Online,South,0.4089806833374404,0.190265033053136,0.3174640556622867,9.0,4.5,4.5,4.0,2,passive,2.0,0.0,2.5,2.0,0.0,5.0,94.2,0.0,1.0,2.0,1.0,1.0,0,1,-0.5530343000230936,-0.664230890210469,中,20.332830568124685,0.190265033053136,0.3174640556622867,0,0,0.0,0.0,0.0,0,0,1,438.11544047013047,5,Beauty,Medium Cycle,0.7703740926862043,44.5,0.7478865241129604,0.8440714285714285,0.8442857142857142,0.314595099439622,0.49568069670983805,68.35680409420213,中忠诚度
CUST_000448,33,3746.73,113.53727272727272,2025-11-04,2023-01-07,0.0,0.36363636363636365,0.46699364030105533,0.7048873463916471,0.1044030303030303,0.5598,0.36363636363636365,12,122.60484848484849,4045.96,299.25,57,1032,1,0.16981586920038377,0.07394439282819697,0.2563226714151444,1.0797692057239543,5,6,6,6,4,6,5.0,1.0,5.0,1.0,0.0,43,Male,Student,Store,North,0.770360237808928,0.46699364030105533,0.7048873463916471,9.666666666666666,5.0,4.666666666666667,5.0,3,promoter,2.0,0.0,4.5,2.0,0.0,11.0,142.9090909090909,3.0,2.0,6.0,0.0,0.0,1,2,3.8557786362841573,-0.057327869905509456,高,4.949933422103862,0.46699364030105533,0.7048873463916471,0,0,0.0,0.0,0.0,0,0,0,378.3554667547274,6,Beauty,Short Cycle,0.3078919133682505,32.25,0.6717425699150655,0.961190476190476,0.8157142857142856,0.4948850775639041,0.584435227951459,72.6075578706586,高忠诚度
CUST_000449,29,3378.73,116.50793103448277,2025-11-16,2023-01-23,0.034482758620689655,0.3793103448275862,0.4803039359920665,0.5032167056785933,0.11515862068965517,0.5823,0.3793103448275862,11,128.30862068965516,3720.95,342.23,45,1028,1,0.18218425158319762,0.09194911269630168,0.19087530215394918,1.10119206160366,8,4,8,3,2,4,4.0,1.0,3.0,2.0,1.0,34,Female,Senior,Store,East,0.658313120660829,0.4803039359920665,0.5032167056785933,10.0,5.0,5.0,5.0,1,promoter,1.0,0.0,10.0,1.0,0.0,12.0,50.416666666666664,2.0,1.0,4.0,3.0,2.0,1,2,3.848878897189454,0.4078865870836928,高,-0.3864958534472089,0.4803039359920665,0.5032167056785933,0,0,0.0,0.0,0.0,0,0,0,489.87898021966913,6,Beauty,Long Cycle,0.43329070738457665,36.714285714285715,0.6732189471407589,0.9999999999999999,0.7971428571428572,0.48618237922572616,0.47410147964703264,71.557969154457,高忠诚度
CUST_000450,18,2295.4,127.52222222222223,2025-08-31,2023-01-31,0.05555555555555555,0.3333333333333333,0.22486727556061709,0.3032645737835016,0.0997,0.4618,0.3333333333333333,6,139.8,2516.4,221.0,122,943,1,0.0749557585202057,0.08778898863907206,0.10108819126116719,1.096193554570087,3,7,4,2,2,0,1.0,2.0,0.0,3.0,0.0,57,Male,Young Professional,Online,South,0.36030291965957656,0.2248672755606171,0.3032645737835016,8.0,3.6666666666666665,4.333333333333333,4.0,3,passive,2.0,0.0,10.0,2.0,0.0,5.0,165.4,1.0,1.0,2.0,0.0,1.0,0,0,-1.243017632874612,1.3286337882632386,低,-0.9413777458505047,0.22486727556061709,0.3032645737835016,0,0,0.0,0.0,0.0,0,0,1,378.3554667547274,5,Beauty,Short Cycle,0.08867487439357502,55.470588235294116,0.43839508451113274,0.7201428571428571,0.7371428571428571,0.39432370069223166,0.4014539002919464,54.14923083581093,中忠诚度
CUST_000451,8,842.1999999999999,105.27499999999999,2025-02-02,2023-02-12,0.125,0.25,0.3930434452630329,0.7983895333812693,0.10452499999999999,0.5952,0.25,2,111.12375,888.99,46.8,332,721,1,0.09826086131575823,0.052584860504050604,0.19959738334531732,1.0554566177518165,1,4,2,1,0,0,0.0,0.0,1.0,0.0,1.0,50,Female,Young Professional,Online,South,0.3606814453669037,0.3930434452630329,0.7983895333812693,6.0,4.0,4.0,3.0,1,detractor,0.0,0.0,0.0,0.0,0.0,5.0,37.4,0.0,1.0,1.0,1.0,2.0,-1,0,-4.581832595528301,2.7704553098440514,低,-0.5162735849056603,0.3930434452630329,0.7983895333812693,0,0,0.0,0.0,0.0,0,0,0,378.3554667547274,4,Beauty,Short Cycle,1.7149550514128364e-06,103.0,0.12661368707847723,0.5452857142857144,1.0,0.2908790242830458,0.2895367221729283,41.13678966633679,中忠诚度
CUST_000452,14,1201.55,85.825,2025-12-25,2023-03-13,0.0,0.42857142857142855,0.07216911387406041,0.7525599401032617,0.12279285714285715,0.4747,0.42857142857142855,6,95.0792857142857,1331.11,129.56,6,1018,1,0.030929620231740177,0.0972592353484322,0.32252568861568354,1.1076983248591565,2,6,1,3,1,1,0.0,3.0,2.0,1.0,0.0,26,Female,High Net Worth,Hybrid,East,0.5486844609751786,0.07216911387406041,0.7525599401032617,9.0,4.666666666666667,4.666666666666667,4.666666666666667,3,promoter,1.0,0.0,2.0,1.0,0.0,12.0,118.83333333333333,1.0,4.0,5.0,2.0,0.0,1,0,1.600390938690513,1.8512792216110736,低,-0.7706565482350235,0.07216911387406041,0.7525599401032617,0,0,0.0,0.0,0.0,0,0,1,378.3554667547274,6,Beauty,Short Cycle,0.9286924020576411,78.3076923076923,0.6809048334159643,0.883904761904762,0.9114285714285715,0.5264155037907923,0.31368053362089415,68.79763318270183,中忠诚度
CUST_000453,24,4111.65,171.31875,2025-12-28,2023-01-02,0.041666666666666664,0.125,0.19543605184608906,0.8236719706841957,0.02122083333333333,0.2387,0.125,3,173.26999999999998,4158.48,46.82,3,1091,1,0.024429506480761132,0.011256214719147587,0.10295899633552447,1.0113305560216834,2,4,7,1,5,5,1.0,1.0,1.0,0.0,0.0,60,Female,Senior,Online,North,0.4515712335416968,0.1954360518460891,0.8236719706841957,9.0,4.0,5.0,5.0,1,promoter,2.0,0.0,10.5,2.0,0.0,3.0,39.0,0.0,1.0,1.0,0.0,1.0,1,1,-1.8729308405196974,-4.535355740908515,中,0.01678491566132011,0.19543605184608906,0.8236719706841957,0,0,0.0,0.0,0.0,0,0,1,438.11544047013047,6,Beauty,Medium Cycle,0.8161968629150378,47.43478260869565,0.759572063655583,0.8745714285714284,0.73,0.2527751529135992,0.6538459688395739,69.2007644502508,中忠诚度
CUST_000454,19,1563.03,82.26473684210526,2025-11-12,2023-02-11,0.05263157894736842,0.3157894736842105,0.28936300001456283,0.5709616064680427,0.0984157894736842,0.4954,0.3157894736842105,6,86.87578947368421,1650.6399999999999,87.6,49,1005,1,0.091377789478283,0.053038192342156884,0.18030366520043453,1.0559230306674683,5,7,1,2,1,3,1.0,2.0,2.0,1.0,0.0,71,Male,Student,Store,North,0.6534526653537747,0.28936300001456283,0.5709616064680427,9.0,4.666666666666667,4.666666666666667,4.333333333333333,3,promoter,1.0,0.0,7.0,1.0,0.0,5.0,149.4,1.0,1.0,2.0,1.0,0.0,1,0,-0.21301647800514528,0.5005548328112238,低,-0.020920785375761513,0.28936300001456283,0.5709616064680427,0,0,0.0,0.0,0.0,0,0,1,378.3554667547274,6,Beauty,Short Cycle,0.5550985753356882,55.833333333333336,0.610226523031171,0.8722380952380953,0.84,0.3876431161410834,0.35346923465551305,63.82943333383645,中忠诚度
CUST_000455,28,3795.63,135.55821428571429,2025-12-30,2023-03-22,0.07142857142857142,0.17857142857142858,0.272452916633381,0.5376719669558099,0.09170714285714286,0.5568,0.17857142857142858,5,143.0339285714286,4004.9500000000003,209.32,1,1014,1,0.04865230654167518,0.052252274741322276,0.09601285124210891,1.0550697988097717,5,11,7,2,2,1,0.0,3.0,1.0,1.0,0.0,65,Female,Family,Online,Central,0.6290270989613478,0.272452916633381,0.5376719669558099,9.666666666666666,4.666666666666667,4.666666666666667,5.0,3,promoter,2.0,1.0,9.0,2.0,0.5,19.0,25.157894736842106,1.0,0.0,7.0,10.0,1.0,1,2,2.3394862831466745,-3.204811263775632,高,-0.6981058954609312,0.272452916633381,0.5376719669558099,0,0,0.0,0.0,0.0,0,0,1,378.3554667547274,6,Beauty,Short Cycle,0.7707156837952216,37.55555555555556,0.7606483047177006,0.9431904761904761,0.5514285714285714,0.5436622349192397,0.5220900180913814,70.65692341288081,高忠诚度
CUST_000456,43,4634.48,107.77860465116278,2025-11-27,2023-01-10,0.023255813953488372,0.16279069767441862,0.10540285364652377,0.19934233029685908,0.035437209302325585,0.2633,0.16279069767441862,7,110.82720930232557,4765.57,131.09,34,1052,1,0.017158604081992244,0.02750195633338019,0.03245107702507009,1.0281904071492218,2,17,5,8,7,4,2.0,1.0,2.0,0.0,2.0,56,Female,Young Professional,Online,West,0.7730557147512704,0.10540285364652376,0.19934233029685908,10.0,5.0,5.0,5.0,1,promoter,2.0,0.0,8.0,2.0,0.0,11.0,141.9090909090909,2.0,1.0,4.0,2.0,2.0,1,2,1.6746207773228892,-4.6830140847996535,高,-0.21841733396137542,0.10540285364652377,0.19934233029685908,0,0,0.0,0.0,0.0,0,0,1,378.3554667547274,6,Beauty,Short Cycle,0.4279797958572874,25.047619047619047,0.7959703747888492,0.9999999999999999,0.7657142857142857,0.5090129955749119,0.5852524660324657,76.77880745349043,高忠诚度
CUST_000457,26,3793.42,145.90076923076924,2025-10-11,2023-01-30,0.07692307692307693,0.23076923076923078,0.15071212168161088,0.3277495653073831,0.061276923076923076,0.4478,0.23076923076923078,6,150.90653846153847,3923.57,130.17000000000002,81,985,1,0.03477972038806405,0.03316796489806527,0.07563451507093456,1.0342385230172286,6,6,7,2,3,2,0.0,0.0,3.0,1.0,2.0,46,Male,Young Professional,Online,East,0.6217074376643682,0.15071212168161088,0.3277495653073831,9.5,4.5,4.5,5.0,2,promoter,1.0,0.0,13.0,1.0,0.0,8.0,55.375,1.0,1.0,3.0,3.0,0.0,1,1,0.12386361718283816,-2.810364056205399,中,0.1684951355826951,0.15071212168161088,0.3277495653073831,0,0,0.0,0.0,0.0,0,0,1,438.11544047013047,6,Beauty,Medium Cycle,0.19947785421863407,39.4,0.5646114824805957,0.9147857142857142,0.7542857142857142,0.3740421382265685,0.5660737637346485,65.22401157526468,中忠诚度
CUST_000458,13,1804.08,138.7753846153846,2025-10-24,2023-01-26,0.07692307692307693,0.3076923076923077,0.3111481873662693,0.7279449054979398,0.08646923076923077,0.5767,0.3076923076923077,4,155.77846153846153,2025.12,221.04999999999998,68,1002,1,0.09573790380500595,0.10910015201468817,0.22398304784551995,1.1224414009455663,2,3,4,2,1,1,0.0,0.0,2.0,1.0,1.0,59,Male,Senior,Hybrid,East,0.5003342550092518,0.3111481873662693,0.7279449054979398,8.333333333333334,3.6666666666666665,4.0,4.0,3,passive,0.0,0.0,0.0,0.0,0.0,7.0,68.71428571428571,3.0,0.0,0.0,2.0,2.0,0,0,-0.7867404417583819,1.680558016861916,低,-0.30751050420168075,0.3111481873662693,0.7279449054979398,0,0,0.0,0.0,0.0,0,0,0,438.11544047013047,6,Beauty,Medium Cycle,0.6233459186229796,83.5,0.5626089082992849,0.7289523809523809,1.0,0.37320200291961636,0.4152069612689037,61.92821123561587,中忠诚度
CUST_000459,23,2305.01,100.21782608695653,2025-09-19,2023-01-20,0.0,0.391304347826087,0.6554084915365388,0.6768084202400554,0.13778260869565218,0.5943,0.391304347826087,9,114.9704347826087,2644.32,339.3,103,973,1,0.25646419234038476,0.12826425536419034,0.2648380774852391,1.147090975343131,6,5,6,2,2,2,1.0,2.0,3.0,1.0,2.0,72,Female,Family,Hybrid,East,0.35253912679595456,0.6554084915365388,0.6768084202400554,7.5,3.5,3.5,3.0,2,passive,1.0,1.0,0.0,1.0,1.0,9.0,185.77777777777777,3.0,2.0,3.0,1.0,0.0,0,0,0.8164692737435519,4.382808070459351,低,-0.7719898054329583,0.6554084915365388,0.6768084202400554,0,0,0.0,0.0,0.0,0,0,0,489.87898021966913,6,Beauty,Long Cycle,0.11669248484785744,44.22727272727273,0.5053367494228582,0.6029285714285715,0.64,0.5259315826099695,0.3972945048319814,53.68170808002929,中忠诚度
CUST_000460,41,5726.83,139.6787804878049,2025-12-21,2023-02-18,0.024390243902439025,0.3170731707317073,0.5885186683233075,0.4614414627963326,0.08743658536585365,0.5899,0.3170731707317073,13,153.77658536585366,6304.84,578.02,10,1037,1,0.1866034802000731,0.09166423505829516,0.14631070771591034,1.1008513699443363,6,10,12,5,4,4,0.0,5.0,2.0,5.0,1.0,43,Female,Young Professional,Hybrid,North,0.8475351793576419,0.5885186683233075,0.46144146279633264,10.0,5.0,5.0,5.0,1,promoter,1.0,0.0,14.0,1.0,0.0,9.0,50.0,1.0,0.0,2.0,5.0,1.0,1,2,5.086014097324945,-1.2922575362553135,高,1.3300952380952382,0.5885186683233075,0.4614414627963326,0,0,0.0,0.0,0.0,0,0,0,438.11544047013047,6,Beauty,Medium Cycle,0.626613625023551,25.925,0.8331221604126952,0.9999999999999999,0.74,0.3581282887106423,0.7151156097805506,77.19232328974876,高忠诚度
CUST_000461,24,2071.56,86.315,2025-10-10,2023-04-27,0.0,0.2916666666666667,0.3782436314956905,0.7249659190201689,0.08623750000000001,0.5873,0.2916666666666667,7,93.33166666666666,2239.96,168.38,82,897,1,0.11032105918624308,0.07513744109667285,0.21144839304754928,1.0811661357273867,6,6,1,5,3,3,1.0,3.0,1.0,1.0,1.0,52,Female,Family,Store,West,0.5560833172059099,0.3782436314956905,0.7249659190201689,10.0,5.0,5.0,5.0,2,promoter,2.0,0.0,6.5,2.0,0.0,6.0,88.16666666666667,0.0,1.0,2.0,2.0,1.0,1,0,0.9233004992384727,0.5415965124936448,低,2.3050490883590466,0.3782436314956905,0.7249659190201689,0,0,0.0,0.0,0.0,0,0,0,489.87898021966913,6,Beauty,Long Cycle,0.1916384593474636,39.0,0.5211841092493675,0.9999999999999999,0.7871428571428571,0.32479526059407393,0.47568296736644133,64.44983955403161,中忠诚度
CUST_000462,24,3230.55,134.60625000000002,2025-12-03,2023-02-21,0.08333333333333333,0.2916666666666667,0.5187558633827131,0.564288814762042,0.07963333333333333,0.3895,0.2916666666666667,7,139.90916666666666,3357.82,127.27,28,1016,1,0.15130379348662465,0.03789128324828362,0.1645842376389289,1.0393185567616587,2,4,6,4,6,2,2.0,0.0,3.0,1.0,1.0,67,Female,Young Professional,Online,Central,0.6218691660934836,0.5187558633827131,0.564288814762042,8.0,3.0,3.0,3.0,1,passive,1.0,0.0,10.0,1.0,0.0,11.0,77.27272727272727,2.0,2.0,3.0,3.0,1.0,0,1,-0.8370093697574799,-0.5672799877667785,中,-0.9383381165768759,0.5187558633827131,0.564288814762042,0,0,0.0,0.0,0.0,0,0,0,438.11544047013047,6,Beauty,Medium Cycle,0.6285232456745007,44.17391304347826,0.6821714308110514,0.5891428571428572,0.7971428571428572,0.5047522250302166,0.44942015590503676,61.46344292407463,中忠诚度
CUST_000463,22,2466.76,112.12545454545456,2025-10-21,2023-01-01,0.045454545454545456,0.45454545454545453,0.6589860610057984,0.7287089155687231,0.1339090909090909,0.4631,0.45454545454545453,10,128.99772727272727,2837.95,371.19,71,1024,1,0.29953911863899924,0.13074904454111555,0.33123132525851046,1.150374141663086,4,4,5,5,2,2,1.0,0.0,4.0,3.0,2.0,42,Female,Senior,Store,South,0.4391135187424357,0.6589860610057984,0.7287089155687232,4.0,2.0,2.0,3.0,1,detractor,5.0,1.0,8.5,5.0,0.2,7.0,113.28571428571429,3.0,0.0,3.0,1.0,0.0,-1,0,-0.7017738254203785,5.549934476840922,低,3.2087486157253604,0.6589860610057984,0.7287089155687231,0,0,0.0,0.0,0.0,0,0,0,438.11544047013047,6,Beauty,Medium Cycle,0.3260297623421672,48.76190476190476,0.5773733958225282,0.2044285714285714,0.4385714285714286,0.3918122027406721,0.4694061104543814,41.928762286887356,中忠诚度
CUST_000464,18,2542.7,141.2611111111111,2025-11-13,2023-02-05,0.0,0.05555555555555555,0.14303434983163074,0.28595548994808223,0.013727777777777776,0.2471,0.05555555555555555,1,145.02499999999998,2610.45,67.75,48,1012,1,0.007946352768423929,0.025943441383139636,0.01588641610822679,1.0265722330585794,2,6,3,0,4,3,0.0,1.0,0.0,0.0,0.0,41,Male,Family,Store,South,0.41496267206048515,0.14303434983163074,0.28595548994808223,8.0,4.0,4.0,4.0,1,passive,4.0,2.0,7.5,4.0,0.5,8.0,107.75,0.0,3.0,3.0,2.0,0.0,0,1,-3.4454471364393857,-3.548665637249976,中,5.258306100217865,0.14303434983163074,0.28595548994808223,0,0,0.0,0.0,0.0,0,0,1,378.3554667547274,5,Beauty,Short Cycle,0.5924190293170799,59.529411764705884,0.6126702631232029,0.7231428571428571,0.35285714285714287,0.3971606142182178,0.6228885865351798,57.05227447642562,中忠诚度
CUST_000465,19,2060.96,108.47157894736843,2025-07-01,2023-01-21,0.05263157894736842,0.3684210526315789,0.7153252145251617,0.9370471541147831,0.11706315789473686,0.6499,0.3684210526315789,7,117.70894736842104,2236.47,175.52,183,892,1,0.2635408685092701,0.07844574452394894,0.34522789888439376,1.0850593115493774,3,4,4,4,2,2,1.0,1.0,3.0,2.0,0.0,30,Male,Student,Hybrid,East,0.31542878854667433,0.7153252145251617,0.9370471541147831,6.0,3.0,3.0,4.0,1,detractor,3.0,2.0,8.0,3.0,0.6666666666666666,5.0,0.0,0.0,0.0,4.0,1.0,0.0,-1,0,-2.041836365390644,4.198451419735784,低,6.200577200577201,0.7153252145251617,0.9370471541147831,0,0,0.0,0.0,0.0,0,1,0,378.3554667547274,6,Beauty,Short Cycle,0.003407626115495388,49.55555555555556,0.37021868672927527,0.4812857142857142,0.37238095238095237,0.16526315789473683,0.4561979635895932,38.04633456700035,低忠诚度
CUST_000466,29,3353.53,115.63896551724139,2025-12-20,2023-01-29,0.034482758620689655,0.20689655172413793,0.5822079397366129,0.3307035814570784,0.050675862068965516,0.399,0.20689655172413793,6,119.63,3469.27,115.74,11,1056,1,0.1204568151179199,0.03335187175637631,0.06842143064629208,1.0344234335772342,6,3,6,6,6,2,1.0,3.0,0.0,1.0,1.0,24,Male,Family,Online,West,0.5013337378901187,0.5822079397366129,0.3307035814570784,9.0,5.0,5.0,4.0,1,promoter,0.0,0.0,0.0,0.0,0.0,7.0,115.71428571428571,2.0,3.0,1.0,1.0,0.0,1,1,0.1112798501910092,-2.409828133770607,中,-0.8416406356104849,0.5822079397366129,0.3307035814570784,0,0,0.0,0.0,0.0,0,0,0,489.87898021966913,6,Beauty,Long Cycle,0.705974593996038,37.714285714285715,0.7604617333352116,0.8935714285714285,1.0,0.49425479146718565,0.4830846314736766,74.813229058455,高忠诚度
CUST_000467,19,2082.12,109.58526315789473,2025-10-13,2023-01-10,0.0,0.15789473684210525,0.5997322663716073,0.4670352357716128,0.039621052631578946,0.3122,0.15789473684210525,3,114.73210526315789,2179.91,97.79,79,1007,1,0.0946945683744643,0.04483908093410549,0.07374240564814939,1.0468710230465204,1,4,3,5,3,3,0.0,1.0,1.0,1.0,0.0,74,Female,Family,Store,North,0.32577080065241804,0.5997322663716073,0.46703523577161277,6.0,2.0,3.0,3.5,2,passive,2.0,0.0,11.0,2.0,0.0,10.0,16.9,1.0,0.0,5.0,1.0,3.0,0,1,-3.4420899352330743,-0.9358703427593354,中,-0.9708276204089967,0.5997322663716073,0.4670352357716128,0,0,0.0,0.0,0.0,0,0,0,498.32680731697,6,Beauty,Long Cycle,0.32007901489275015,55.94444444444444,0.542127705713386,0.4097857142857143,0.7228571428571428,0.362582683221624,0.4354877772591483,49.322388078613166,中忠诚度
CUST_000468,14,1498.33,107.02357142857143,2025-10-02,2023-01-04,0.0,0.42857142857142855,0.14819121090659235,0.3416745034877919,0.11835714285714286,0.4153,0.42857142857142855,6,117.10428571428572,1639.46,141.12,90,1002,1,0.06351051895996815,0.086024651622106,0.1464319300661965,1.0940893044238458,2,2,3,3,2,2,1.0,1.0,2.0,1.0,1.0,53,Male,Young Professional,Online,West,0.36499703951365375,0.14819121090659235,0.3416745034877919,7.5,3.5,4.5,4.5,2,passive,0.0,0.0,0.0,0.0,0.0,5.0,91.6,1.0,0.0,1.0,2.0,1.0,0,0,-1.1883535107268643,2.2968038440126857,低,2.525487056311716,0.14819121090659235,0.3416745034877919,0,0,0.0,0.0,0.0,0,0,1,438.11544047013047,6,Beauty,Medium Cycle,0.3966490713739206,77.07692307692308,0.5091513628700254,0.7004285714285715,1.0,0.31350950445006043,0.447651487542573,59.202670051704544,中忠诚度
CUST_000469,24,2724.64,113.52666666666666,2025-07-04,2023-01-03,0.0,0.16666666666666666,0.28003485907534553,0.4362077749291871,0.061637500000000005,0.4877,0.16666666666666666,4,118.09250000000002,2834.2200000000003,109.59,180,913,1,0.046672476512557584,0.038653085122142196,0.07270129582153118,1.0401265376823936,3,7,5,5,2,2,0.0,1.0,2.0,1.0,0.0,62,Female,Young Professional,Online,West,0.6824608801194373,0.28003485907534553,0.4362077749291871,10.0,4.5,5.0,4.5,2,promoter,2.0,1.0,4.0,2.0,0.5,11.0,50.54545454545455,1.0,1.0,7.0,1.0,1.0,1,1,-0.14334219589272962,-2.277635314970168,中,-0.673995371344414,0.28003485907534553,0.4362077749291871,0,0,0.0,0.0,0.0,0,0,1,378.3554667547274,6,Beauty,Short Cycle,0.0022217444819015997,39.69565217391305,0.4171426805120396,0.9555,0.6228571428571429,0.44813806674591206,0.4869926652233778,59.771598537757676,中忠诚度
CUST_000470,14,1253.2,89.51428571428572,2025-11-10,2023-01-11,0.14285714285714285,0.35714285714285715,0.6225314065624163,0.6447705481131207,0.12122142857142856,0.4684,0.35714285714285715,5,99.84857142857143,1397.88,144.69,51,1034,1,0.222332645200863,0.10343274619695755,0.23027519575468597,1.1153238546603474,4,5,2,1,0,2,1.0,1.0,3.0,0.0,0.0,37,Female,Family,Store,North,0.192810289482705,0.6225314065624163,0.6447705481131207,7.0,4.0,4.0,3.0,1,passive,0.0,0.0,0.0,0.0,0.0,6.0,84.33333333333333,0.0,2.0,3.0,0.0,1.0,0,0,-1.4762266759310951,3.542331944307079,低,2.9113812154696133,0.6225314065624163,0.6447705481131207,0,0,0.0,0.0,0.0,0,0,0,378.3554667547274,5,Beauty,Short Cycle,0.7185873443632125,79.53846153846153,0.6110205338007242,0.6167142857142858,1.0,0.33486137054536136,0.33236893367828735,58.7569277202336,中忠诚度
CUST_000471,8,1854.06,231.7575,2025-04-25,2023-08-01,0.0,0.125,0.40821345830139794,0.11324277135761,0.0251375,0.2011,0.125,1,235.905,1887.24,33.18,250,633,1,0.05102668228767474,0.01757191882387832,0.01415534641970125,1.0178519421402916,0,2,4,0,1,1,1.0,0.0,0.0,0.0,0.0,18,Female,Family,Store,East,0.28416561175256255,0.40821345830139794,0.11324277135761,7.5,4.0,3.5,4.0,2,detractor,0.0,0.0,0.0,0.0,0.0,7.0,24.142857142857142,0.0,1.0,3.0,0.0,3.0,-1,1,-5.861540176561526,-2.3123566795608226,中,-0.6917535899714673,0.40821345830139794,0.11324277135761,0,0,0.0,0.0,0.0,0,0,0,438.11544047013047,4,Clothing,Medium Cycle,0.0006071623697145867,90.42857142857143,0.16040193612586748,0.6649285714285713,1.0,0.28316323166998913,0.6133594135182046,49.88311204731321,中忠诚度
CUST_000472,29,3123.17,107.6955172413793,2025-10-04,2023-01-09,0.034482758620689655,0.3103448275862069,0.4259895254514016,0.813428512613499,0.09362068965517241,0.5102,0.3103448275862069,9,117.32655172413793,3402.47,279.28,88,999,1,0.13220364582974534,0.08205742962329622,0.2524433315007411,1.08932722045424,4,9,5,4,5,2,1.0,2.0,2.0,4.0,0.0,25,Male,Senior,Online,West,0.6482461804221342,0.4259895254514016,0.8134285126134989,9.0,4.0,5.0,4.0,1,promoter,1.0,1.0,0.0,1.0,1.0,6.0,144.16666666666666,1.0,1.0,2.0,1.0,1.0,1,0,1.1744496087676366,0.9252911873343057,低,17.213136729222523,0.4259895254514016,0.813428512613499,0,0,0.0,0.0,0.0,0,0,0,378.3554667547274,6,Beauty,Short Cycle,0.14437289395796438,35.67857142857143,0.5759357877354473,0.8395714285714284,0.64,0.4198439731897593,0.5327703315984127,62.15657391817171,中忠诚度
CUST_000473,29,3082.57,106.29551724137932,2025-12-19,2023-01-19,0.034482758620689655,0.3103448275862069,0.6520758634344199,0.7015020076341031,0.09866206896551724,0.4793,0.3103448275862069,9,116.53344827586206,3379.47,296.9,12,1065,1,0.20236837141068206,0.08782802391383447,0.2177075196105837,1.0962126077733012,3,9,6,5,4,2,0.0,1.0,5.0,3.0,0.0,63,Female,Family,Online,South,0.6857128605755609,0.6520758634344199,0.7015020076341031,10.0,5.0,5.0,5.0,1,promoter,3.0,0.0,11.0,3.0,0.0,5.0,270.0,2.0,1.0,1.0,1.0,0.0,1,2,2.4512569753925435,0.35731537875307645,高,-0.20000000000000007,0.6520758634344199,0.7015020076341031,0,0,0.0,0.0,0.0,0,0,0,378.3554667547274,6,Beauty,Short Cycle,0.7012170152019742,38.035714285714285,0.761403953293565,0.9999999999999999,0.6628571428571427,0.48799802219536315,0.46809065277519746,72.1263058662225,高忠诚度
CUST_000474,32,3213.67,100.4271875,2025-11-29,2023-02-15,0.0,0.25,0.31720581775499157,0.38417232639527027,0.07207812499999999,0.4308,0.25,8,106.34625,3403.08,189.39999999999998,32,1018,1,0.07930145443874789,0.055639115414443836,0.09604308159881757,1.0588334126739658,6,9,5,6,4,2,2.0,3.0,1.0,1.0,1.0,33,Male,Senior,Store,North,0.7792684917690578,0.31720581775499157,0.38417232639527027,10.0,5.0,5.0,4.5,2,promoter,2.0,0.0,12.0,2.0,0.0,10.0,48.7,1.0,1.0,5.0,2.0,1.0,1,2,1.858290258881693,-2.0287285785269566,高,1.296735758948353,0.31720581775499157,0.38417232639527027,0,0,0.0,0.0,0.0,0,0,0,378.3554667547274,6,Beauty,Short Cycle,0.5067840062876223,32.83870967741935,0.7177370270943304,0.9824999999999999,0.7085714285714285,0.4308603450170311,0.5618297950616111,71.61353434258096,高忠诚度
CUST_000475,15,1645.8600000000001,109.724,2025-10-08,2023-04-18,0.0,0.13333333333333333,0.5068930659269562,0.33493100894608785,0.019966666666666667,0.1731,0.13333333333333333,2,111.93466666666667,1679.02,33.150000000000006,84,904,1,0.06758574212359415,0.01973190795347675,0.04465746785947838,1.0200545561691605,3,6,2,1,2,1,0.0,0.0,1.0,0.0,1.0,31,Female,High Net Worth,Hybrid,Central,0.1024534319574766,0.5068930659269562,0.33493100894608785,5.666666666666667,3.0,3.0,2.6666666666666665,3,detractor,1.0,1.0,0.0,1.0,1.0,4.0,0.0,0.0,0.0,0.0,2.0,2.0,-1,1,-6.367241228152999,-0.6465569548715602,中,1.7894345238095242,0.5068930659269562,0.33493100894608785,0,0,0.0,0.0,0.0,0,0,0,378.3554667547274,6,Beauty,Short Cycle,0.3468139271698134,64.57142857142857,0.4828089998295655,0.41080952380952385,0.64,0.14421052631578946,0.5179631356770982,44.287113020018374,中忠诚度
CUST_000476,32,3676.6,114.89375,2025-09-02,2023-01-06,0.03125,0.40625,0.7082496352771095,0.6791145787563615,0.12973125,0.6488,0.40625,13,131.369375,4203.82,527.23,120,970,1,0.28772641433132573,0.12538705580738296,0.27589029761977185,1.1432992830956343,5,9,5,5,5,3,2.0,3.0,3.0,5.0,0.0,29,Male,Student,Hybrid,East,0.7433185183413299,0.7082496352771095,0.6791145787563615,10.0,5.0,5.0,4.666666666666667,3,promoter,0.0,0.0,0.0,0.0,0.0,13.0,164.30769230769232,4.0,4.0,4.0,1.0,0.0,1,2,5.460006199325095,2.229537584736627,高,1.1103365384615385,0.7082496352771095,0.6791145787563615,0,0,0.0,0.0,0.0,0,1,0,378.3554667547274,6,Beauty,Short Cycle,0.03603382189255788,31.29032258064516,0.5460496868143229,0.9883333333333333,1.0,0.6161348288015687,0.5538938833819554,73.64025462051588,高忠诚度
CUST_000477,14,1595.61,113.97214285714286,2025-12-19,2023-03-02,0.07142857142857142,0.14285714285714285,0.7499659484054751,0.7401365943523979,0.03797857142857143,0.2878,0.14285714285714285,2,117.07357142857143,1639.03,43.42999999999999,12,1023,1,0.10713799262935358,0.026481222904459062,0.1057337991931997,1.0271220429265235,2,3,2,3,2,2,0.0,0.0,1.0,1.0,0.0,68,Male,Young Professional,Hybrid,North,0.28998026571023194,0.7499659484054751,0.7401365943523979,8.0,4.0,4.5,4.5,2,passive,0.0,0.0,0.0,0.0,0.0,8.0,15.375,0.0,1.0,5.0,2.0,0.0,0,1,-2.8268717944533104,-1.9417640963278344,中,1.1126663607159246,0.7499659484054751,0.7401365943523979,0,0,0.0,0.0,0.0,0,1,0,378.3554667547274,6,Beauty,Short Cycle,0.911854418873939,78.6923076923077,0.6746554650357101,0.7631428571428571,1.0,0.29609067684869794,0.47293460721634606,65.85361464061839,中忠诚度
CUST_000478,19,1533.03,80.68578947368421,2025-12-11,2023-02-28,0.0,0.2631578947368421,0.22565171329930714,0.4841385743487054,0.07743157894736842,0.5284,0.2631578947368421,5,85.33421052631579,1621.35,88.33,20,1017,1,0.05938202981560714,0.054445711467932326,0.1274048879865014,1.0574803355030589,1,6,1,5,3,3,0.0,0.0,3.0,1.0,1.0,40,Female,Family,Hybrid,Central,0.44656841233397704,0.22565171329930717,0.48413857434870544,9.0,4.0,4.0,5.0,2,promoter,3.0,2.0,14.0,3.0,0.6666666666666666,6.0,36.833333333333336,0.0,1.0,4.0,0.0,1.0,1,1,-1.0274745607083091,0.03665135895231074,中,0.5348226018396846,0.22565171329930714,0.4841385743487054,0,0,0.0,0.0,0.0,0,0,1,378.3554667547274,6,Beauty,Short Cycle,0.7703740926862043,56.5,0.6777237558197311,0.8295714285714285,0.2866666666666666,0.27336171849247337,0.42259093202822107,55.81028814668806,中忠诚度
CUST_000479,12,968.74,80.72833333333334,2025-09-19,2023-02-21,0.0,0.16666666666666666,0.29836855768184045,0.47436700705106477,0.028591666666666665,0.216,0.16666666666666666,2,84.08083333333333,1008.97,40.239999999999995,103,941,1,0.049728092946973404,0.039842767606958616,0.07906116784184412,1.041399170158743,1,5,1,3,1,1,0.0,0.0,1.0,1.0,0.0,32,Male,Young Professional,Online,Central,0.16310031500628316,0.29836855768184045,0.4743670070510647,3.5,2.0,1.5,2.0,2,detractor,1.0,0.0,1.0,1.0,0.0,10.0,145.3,1.0,5.0,1.0,3.0,0.0,-1,1,-6.125060206019163,0.6406378730321132,中,13.122827346465815,0.29836855768184045,0.47436700705106477,0,0,0.0,0.0,0.0,0,0,1,378.3554667547274,6,Beauty,Short Cycle,0.36170281094166434,85.54545454545455,0.4594809335046687,0.11121428571428572,0.9257142857142857,0.5411943742445885,0.43665668123975365,45.11826526597662,中忠诚度
CUST_000480,18,1619.11,89.95055555555555,2025-10-06,2023-01-14,0.1111111111111111,0.1111111111111111,0.5576171922941164,0.19836746450864,0.03602222222222222,0.5244,0.1111111111111111,2,92.38388888888889,1662.91,43.79,86,996,1,0.06195746581045738,0.026317529193285692,0.02204082938984889,1.0269377319689494,4,4,1,4,1,4,0.0,0.0,1.0,0.0,1.0,45,Male,Young Professional,Store,West,0.0416546554401851,0.5576171922941164,0.19836746450864,4.5,2.5,2.0,1.5,2,detractor,2.0,0.0,7.0,2.0,0.0,4.0,98.75,1.0,1.0,1.0,0.0,1.0,-1,1,-6.42773483895489,0.23648450613917624,中,1.3913139329805997,0.5576171922941164,0.19836746450864,0,0,0.0,0.0,0.0,0,0,0,489.87898021966913,6,Beauty,Long Cycle,0.2891720834607181,58.588235294117645,0.519913063762389,0.21464285714285714,0.7799999999999999,0.3704422590924074,0.4214951864362595,44.54252502437309,中忠诚度
CUST_000481,26,3288.55,126.48269230769232,2025-12-28,2023-02-01,0.038461538461538464,0.4230769230769231,0.7784477902487728,0.8630682287529832,0.12150769230769232,0.5762,0.4230769230769231,11,141.08846153846156,3668.3,379.78,3,1061,1,0.3293432958744808,0.10350203036001415,0.3651442506262621,1.11538824073145,1,5,4,3,7,6,1.0,3.0,3.0,3.0,1.0,51,Female,High Net Worth,Store,West,0.7706057914859353,0.7784477902487728,0.8630682287529832,10.0,5.0,5.0,5.0,1,promoter,3.0,1.0,3.0,3.0,0.3333333333333333,13.0,170.15384615384616,1.0,6.0,3.0,3.0,0.0,1,2,4.849521344187639,1.7472688528160714,高,-0.33622526245540174,0.7784477902487728,0.8630682287529832,0,0,0.0,0.0,0.0,0,1,0,513.7160654092345,6,Beauty,Long Cycle,0.7880551568323141,42.44,0.7607783477620357,0.9999999999999999,0.6104761904761904,0.5993450423875651,0.4744832253259209,73.08791730570621,高忠诚度
CUST_000482,10,1427.0500000000002,142.705,2025-12-26,2023-01-19,0.1,0.1,0.20913415448564524,0.6064705107027479,0.02655,0.2655,0.1,1,146.11200000000002,1461.1200000000001,34.07,5,1072,1,0.020913415448564524,0.02330178097556972,0.06064705107027479,1.023802683670252,0,3,3,1,2,1,0.0,1.0,0.0,0.0,0.0,19,Female,Young Professional,Online,West,0.2594132735433539,0.2091341544856452,0.6064705107027479,7.0,3.0,3.0,4.0,1,passive,1.0,0.0,7.0,1.0,0.0,5.0,201.4,0.0,2.0,2.0,0.0,1.0,0,1,-4.9544643562321244,-2.109065309701453,中,-0.7683004455760661,0.20913415448564524,0.6064705107027479,0,0,0.0,0.0,0.0,0,0,1,378.3554667547274,5,Clothing,Short Cycle,0.9896588352969315,119.11111111111111,0.6784072267239171,0.5527142857142857,0.84,0.37935501593231513,0.4046281936640713,58.52982208852045,中忠诚度
CUST_000483,28,2418.79,86.38535714285715,2025-12-24,2023-01-12,0.0,0.2857142857142857,0.5491771946359522,0.6840039904093722,0.08990714285714287,0.4862,0.2857142857142857,8,93.82857142857142,2627.2,208.4,7,1077,1,0.15690776989598632,0.079293813256221,0.1954297115455349,1.0860371961125554,9,6,1,3,4,5,1.0,1.0,4.0,1.0,1.0,49,Female,Family,Hybrid,North,0.676988883799946,0.5491771946359522,0.6840039904093722,8.0,4.0,4.0,4.0,2,promoter,0.0,0.0,0.0,0.0,0.0,11.0,37.27272727272727,1.0,0.0,6.0,3.0,1.0,1,2,1.3826233976728663,0.24415763336430898,高,0.6734842951059168,0.5491771946359522,0.6840039904093722,0,0,0.0,0.0,0.0,0,0,0,489.87898021966913,6,Beauty,Long Cycle,0.7475692124060802,39.888888888888886,0.7699977038126375,0.7231428571428571,1.0,0.38986894547052775,0.4781903672675114,69.19939223402113,中忠诚度
CUST_000484,17,1654.3600000000001,97.31529411764707,2025-11-29,2023-01-12,0.0,0.23529411764705882,0.36339014167029887,0.285068431349806,0.04021176470588236,0.2548,0.23529411764705882,4,99.65176470588234,1694.08,39.699999999999996,32,1052,1,0.08550356274595268,0.023420723505675246,0.06707492502348376,1.0239040694336152,4,3,3,5,2,0,0.0,0.0,4.0,0.0,0.0,40,Female,Senior,Online,North,0.3676727603646171,0.36339014167029887,0.285068431349806,9.0,5.0,4.0,3.0,1,promoter,0.0,0.0,0.0,0.0,0.0,4.0,209.5,1.0,1.0,1.0,1.0,0.0,1,1,-2.4570223881105475,-1.3236662300175273,中,1.924925735889819,0.36339014167029887,0.285068431349806,0,0,0.0,0.0,0.0,0,0,0,498.32680731697,5,Beauty,Long Cycle,0.753113439010904,65.75,0.6602199679025527,0.8135714285714286,1.0,0.41668443028238655,0.4808576922124743,68.60901658878521,中忠诚度
CUST_000485,32,1938.92,60.59125,2025-12-29,2023-01-09,0.03125,0.25,0.6844195582734053,0.42359917017741877,0.076546875,0.6151,0.25,8,66.8953125,2140.65,201.72,2,1085,1,0.17110488956835132,0.09418905983704152,0.10589979254435469,1.1038602751593407,11,8,0,6,4,3,2.0,5.0,1.0,0.0,0.0,39,Female,Student,Hybrid,East,0.7959280717514875,0.6844195582734053,0.42359917017741877,10.0,5.0,5.0,5.0,1,promoter,3.0,0.0,7.0,3.0,0.0,9.0,49.666666666666664,1.0,1.0,4.0,3.0,0.0,1,2,2.4706249888434897,-0.15625884082828057,高,0.37339585389930885,0.6844195582734053,0.42359917017741877,0,0,0.0,0.0,0.0,0,0,0,489.87898021966913,5,Beauty,Long Cycle,0.7482882648801205,35.0,0.8071909235769112,0.9999999999999999,0.7199999999999999,0.38576688764360445,0.38970348753198714,71.64778333494121,高忠诚度
CUST_000486,26,3091.42,118.90076923076923,2025-12-28,2023-02-10,0.0,0.2692307692307692,0.23644403285837254,0.2148438848424927,0.056784615384615385,0.3704,0.2692307692307692,7,123.09,3200.34,108.91,3,1052,1,0.06365800884648491,0.03402012907095154,0.05784258438067111,1.0351459400714176,6,3,8,5,1,3,0.0,2.0,4.0,0.0,1.0,68,Male,Senior,Store,West,0.4195392458660981,0.23644403285837254,0.2148438848424927,8.0,4.0,4.0,5.0,1,passive,0.0,0.0,0.0,0.0,0.0,7.0,116.42857142857143,0.0,2.0,3.0,2.0,0.0,0,1,-0.836096676250256,-1.7131077512288881,中,-0.9421173797351032,0.23644403285837254,0.2148438848424927,0,0,0.0,0.0,0.0,0,0,1,438.11544047013047,6,Beauty,Medium Cycle,0.7859338898649801,42.08,0.7577378152988016,0.7581428571428571,1.0,0.35741017470607617,0.47907642522475347,69.23300488649792,中忠诚度
CUST_000487,13,1640.53,126.19461538461539,2025-04-27,2023-09-25,0.07692307692307693,0.23076923076923078,0.6881225769712415,0.7254272895515601,0.05354615384615384,0.3421,0.23076923076923078,3,129.84923076923076,1688.04,47.510000000000005,248,580,1,0.15879751776259418,0.028128404300667837,0.16740629758882158,1.0288786220179682,2,2,2,3,3,1,0.0,2.0,0.0,0.0,1.0,42,Male,Young Professional,Store,Central,0.44994529091905944,0.6881225769712415,0.7254272895515601,5.0,4.0,2.0,3.0,1,detractor,1.0,1.0,0.0,1.0,1.0,3.0,0.0,0.0,0.0,3.0,0.0,0.0,-1,1,-5.977339557681488,1.7290159260864668,中,3.2894310260982333,0.6881225769712415,0.7254272895515601,0,0,0.0,0.0,0.0,0,0,0,498.32680731697,6,Beauty,Long Cycle,2.5776671306543264e-05,48.333333333333336,0.18521265783609103,0.3838571428571428,0.64,0.0931578947368421,0.4709641391147432,33.21463881428508,低忠诚度
CUST_000488,13,2273.66,174.89692307692306,2025-12-18,2023-01-18,0.07692307692307693,0.07692307692307693,0.6051084879737639,0.7788311010792245,0.03757692307692308,0.4885,0.07692307692307693,1,179.53384615384616,2333.94,60.28,13,1065,1,0.046546806767212616,0.02581650920366262,0.05991008469840189,1.02645363028248,1,2,4,3,2,1,0.0,0.0,1.0,0.0,0.0,39,Male,Family,Store,South,0.2953314319446752,0.6051084879737639,0.7788311010792245,10.0,5.0,4.0,5.0,1,promoter,3.0,0.0,6.666666666666667,3.0,0.0,7.0,4.0,0.0,1.0,5.0,1.0,0.0,1,1,-2.1144419723623877,-3.799812557536528,中,-0.797094811228162,0.6051084879737639,0.7788311010792245,0,0,0.0,0.0,0.0,0,0,0,438.11544047013047,6,Beauty,Medium Cycle,0.9377207801485365,88.75,0.6835377184858319,0.955,0.7247619047619046,0.2747528529047043,0.5104979222780153,67.03132175374432,中忠诚度
CUST_000489,17,2002.53,117.79588235294118,2025-12-16,2023-02-26,0.0,0.4117647058823529,0.31440714760371113,0.604616348475004,0.09341764705882354,0.4224,0.4117647058823529,7,131.35647058823528,2233.06,230.54,15,1024,1,0.12946176666035164,0.10319328934764509,0.24895967290147222,1.115024716632546,2,5,5,2,0,3,3.0,1.0,3.0,0.0,0.0,39,Female,Family,Hybrid,East,0.2517679138603819,0.31440714760371113,0.604616348475004,6.5,3.5,3.0,3.0,2,detractor,1.0,0.0,10.0,1.0,0.0,4.0,96.5,1.0,1.0,1.0,0.0,1.0,-1,0,-1.803421451141926,3.1755383094520386,低,0.6188710082977116,0.31440714760371113,0.604616348475004,0,0,0.0,0.0,0.0,0,0,0,378.3554667547274,5,Beauty,Short Cycle,0.8397744367756297,64.0,0.6816958695659966,0.5089999999999999,0.7971428571428572,0.3695028018899022,0.47237160333131284,57.76113502244097,中忠诚度
CUST_000490,25,2434.63,97.3852,2025-10-14,2023-05-26,0.0,0.32,0.10151859907826634,0.7085420438315828,0.085404,0.493,0.32,8,105.6876,2642.19,207.56,78,872,1,0.03248595170504523,0.07852632614378838,0.2267334540261065,1.0851417729005126,5,7,3,5,4,1,2.0,2.0,1.0,2.0,1.0,66,Female,Young Professional,Store,North,0.7383002424619348,0.10151859907826634,0.7085420438315827,10.0,5.0,5.0,5.0,1,promoter,1.0,1.0,0.0,1.0,1.0,9.0,156.66666666666666,1.0,3.0,2.0,0.0,3.0,1,2,1.5158315742275204,0.30530015623496276,高,0.4958572339069471,0.10151859907826634,0.7085420438315828,0,0,0.0,0.0,0.0,0,0,1,378.3554667547274,6,Beauty,Short Cycle,0.19910022771256286,36.333333333333336,0.5260769722501047,0.9999999999999999,0.64,0.48599885238496376,0.47836150940444905,64.84771459434432,中忠诚度
CUST_000491,16,2495.26,155.95375,2025-11-06,2023-03-06,0.0,0.3125,0.5059310214964956,0.6623010614544655,0.09189375,0.5133,0.3125,5,164.818125,2637.09,141.84,55,976,1,0.15810344421765488,0.05376617173788612,0.2069690817045205,1.0567720063155701,2,5,4,2,2,1,2.0,2.0,1.0,0.0,0.0,69,Male,Family,Store,East,0.4864522880548394,0.5059310214964956,0.6623010614544655,9.0,4.0,5.0,5.0,1,promoter,0.0,0.0,0.0,0.0,0.0,3.0,168.33333333333334,0.0,1.0,1.0,0.0,1.0,1,0,-0.4898244182039781,0.0732368412831236,低,-0.5185768261964736,0.5059310214964956,0.6623010614544655,0,0,0.0,0.0,0.0,0,0,0,378.3554667547274,6,Beauty,Short Cycle,0.5808674896785844,65.06666666666666,0.5792814798926704,0.8745714285714284,1.0,0.3067765447020474,0.5126015041167243,66.53340084334741,中忠诚度
CUST_000492,20,2288.87,114.4435,2025-11-28,2023-01-16,0.0,0.15,0.35805372186721135,0.7703334068344718,0.044915,0.5276,0.15,3,116.4935,2329.87,41.0,33,1047,1,0.053708058280081704,0.017589998584219627,0.11555001102517076,1.0178238323860782,7,3,5,3,1,1,1.0,1.0,1.0,0.0,0.0,59,Male,Young Professional,Online,East,0.09655799630381981,0.35805372186721135,0.7703334068344718,7.0,3.0,4.5,3.0,2,promoter,1.0,1.0,0.0,1.0,1.0,9.0,125.22222222222223,1.0,3.0,4.0,0.0,1.0,1,1,-2.7697203977795106,-1.5624476385529213,中,1.82584465343086,0.35805372186721135,0.7703334068344718,0,0,0.0,0.0,0.0,0,0,0,489.87898021966913,6,Beauty,Long Cycle,0.6729990285349307,55.10526315789474,0.6653543874159973,0.5852142857142857,0.64,0.47286964802402665,0.5539814476419413,59.59375520032657,中忠诚度
CUST_000493,40,4444.65,111.11625,2025-12-03,2023-01-21,0.0,0.35,0.08150018923605523,0.764087330595372,0.0915125,0.4993,0.35,14,119.13425,4765.37,320.7,28,1047,1,0.02852506623261933,0.06728390787958131,0.2674305657083802,1.0720621815277669,5,13,8,6,5,3,4.0,1.0,7.0,1.0,1.0,23,Female,Young Professional,Store,East,0.823705722162267,0.08150018923605523,0.764087330595372,10.0,5.0,5.0,5.0,2,promoter,0.0,0.0,0.0,0.0,0.0,10.0,62.1,0.0,2.0,6.0,1.0,1.0,1,2,4.05317010701919,-1.197348609787505,高,-0.09476505834121736,0.08150018923605523,0.764087330595372,0,0,0.0,0.0,0.0,0,0,1,378.3554667547274,6,Beauty,Short Cycle,0.4906673751281716,26.846153846153847,0.7880563290532067,0.9999999999999999,1.0,0.4064553345786177,0.5640988947065849,78.20000331087424,高忠诚度
CUST_000494,23,2265.16,98.48521739130435,2025-12-21,2023-02-07,0.08695652173913043,0.17391304347826086,0.7005681981794012,0.2647356710085154,0.07781739130434782,0.6689,0.17391304347826086,4,105.13000000000001,2417.9900000000002,152.82,10,1048,1,0.12183794750946107,0.06317512680912281,0.04604098626235051,1.0673614697690024,6,6,2,2,4,3,1.0,1.0,1.0,1.0,0.0,32,Male,Family,Online,East,0.6980431336912741,0.7005681981794012,0.2647356710085154,8.0,4.0,4.0,3.6666666666666665,3,passive,1.0,0.0,9.0,1.0,0.0,9.0,12.0,0.0,1.0,4.0,2.0,2.0,0,1,-0.6043901685523796,-0.7425797342209898,中,0.7391807127588744,0.7005681981794012,0.2647356710085154,0,0,0.0,0.0,0.0,0,1,0,489.87898021966913,6,Beauty,Long Cycle,0.7773042270365766,47.63636363636363,0.7264579552339049,0.7114761904761905,0.8114285714285714,0.34226190040166526,0.4562271556077684,63.72940783049198,中忠诚度
CUST_000495,10,746.02,74.602,2025-09-26,2023-01-15,0.1,0.4,0.3402103971147508,0.46046238497435665,0.12875,0.528,0.4,4,85.49600000000001,854.96,108.92999999999999,96,985,1,0.13608415884590033,0.12726061965512406,0.18418495398974266,1.1458746582319197,1,2,1,4,1,1,1.0,1.0,0.0,2.0,0.0,71,Female,Young Professional,Store,South,0.2954877777735238,0.3402103971147508,0.4604623849743566,7.0,3.3333333333333335,3.3333333333333335,2.3333333333333335,3,passive,2.0,1.0,14.0,2.0,0.5,5.0,10.6,0.0,1.0,2.0,2.0,0.0,0,0,-2.409117986107669,4.733347709969197,低,2.9630023955283478,0.3402103971147508,0.46046238497435665,0,0,0.0,0.0,0.0,0,0,0,498.32680731697,6,Beauty,Long Cycle,0.6074202384363006,109.44444444444444,0.5109173645906671,0.5273809523809524,0.48,0.24968904515987253,0.3051528727004569,44.03467351514876,中忠诚度
CUST_000496,15,1963.85,130.92333333333332,2025-11-16,2023-02-16,0.0,0.26666666666666666,0.690222203958782,0.6792481349697687,0.10186666666666667,0.5908,0.26666666666666666,4,141.096,2116.44,152.59,45,1004,1,0.18405925438900853,0.07206343509143116,0.1811328359919383,1.0776171079429737,3,3,3,0,3,3,0.0,0.0,3.0,0.0,1.0,60,Female,Senior,Store,West,0.16229880429788507,0.690222203958782,0.6792481349697687,6.0,3.0,4.0,2.0,1,detractor,1.0,0.0,13.0,1.0,0.0,5.0,52.0,0.0,1.0,3.0,1.0,0.0,-1,0,-2.9667450415064835,1.9454400297902867,低,-0.8627241553769184,0.690222203958782,0.6792481349697687,0,0,0.0,0.0,0.0,0,0,0,489.87898021966913,5,Beauty,Long Cycle,0.705974593996038,71.71428571428571,0.6118900913881159,0.4562857142857143,0.7542857142857142,0.2669750576859685,0.4426471785998039,51.72246485735863,中忠诚度
CUST_000497,23,3781.08,164.39478260869564,2025-11-19,2023-01-08,0.08695652173913043,0.30434782608695654,0.5132964816189673,0.5147057846329364,0.09075652173913044,0.5799,0.30434782608695654,7,172.52,3967.96,186.88,42,1046,1,0.15622066831881615,0.04708538256873337,0.15664958662741543,1.049361200218972,2,4,8,5,3,1,1.0,0.0,4.0,2.0,0.0,54,Female,Senior,Store,Central,0.27844720774264375,0.5132964816189673,0.5147057846329364,7.5,4.0,4.0,4.5,2,passive,2.0,0.0,10.0,2.0,0.0,6.0,85.5,2.0,0.0,2.0,2.0,0.0,0,1,-0.5005340061756713,-0.42304932458154393,中,-0.7402180809813643,0.5132964816189673,0.5147057846329364,0,0,0.0,0.0,0.0,0,0,0,438.11544047013047,6,Beauty,Medium Cycle,0.5447629108774321,47.54545454545455,0.6562469093700019,0.7049285714285715,0.7371428571428571,0.3353484965022159,0.5238180028458205,61.25526191417774,中忠诚度
CUST_000498,16,1857.51,116.094375,2025-12-07,2023-03-19,0.0,0.1875,0.6859675698012998,0.4377136305344698,0.0815625,0.5175,0.1875,3,121.669375,1946.71,89.22,24,994,1,0.12861891933774372,0.04580764076787612,0.0820713057252131,1.047931010351677,4,5,3,2,1,1,0.0,1.0,0.0,1.0,1.0,50,Male,Student,Online,East,0.5105682187949326,0.6859675698012998,0.4377136305344698,8.0,4.0,4.0,4.0,1,passive,0.0,0.0,0.0,0.0,0.0,9.0,43.666666666666664,1.0,1.0,4.0,1.0,2.0,0,1,-1.5261932106136904,-0.7931514475979737,中,0.17883694877278747,0.6859675698012998,0.4377136305344698,0,0,0.0,0.0,0.0,0,0,0,378.3554667547274,6,Beauty,Short Cycle,0.8042789923906863,66.26666666666667,0.6515951825052615,0.7231428571428571,1.0,0.4132616684369239,0.48522087061028996,66.10366498943748,中忠诚度
CUST_000499,36,4222.23,117.28416666666665,2025-12-03,2023-02-07,0.08333333333333333,0.3055555555555556,0.03407262505469547,0.7451917685637582,0.06443333333333333,0.2958,0.3055555555555556,11,128.8463888888889,4638.47,416.25,28,1030,1,0.010411079877823618,0.08971929983381723,0.22769748483892616,1.0984893157990714,2,6,9,10,6,3,1.0,1.0,5.0,2.0,2.0,25,Female,Young Professional,Online,East,0.7769712879034052,0.03407262505469547,0.7451917685637582,10.0,5.0,5.0,5.0,1,promoter,1.0,0.0,1.0,1.0,0.0,14.0,83.64285714285714,1.0,4.0,5.0,3.0,1.0,1,2,3.8181153824301943,-1.7306931728970214,高,-0.27935397503994475,0.03407262505469547,0.7451917685637582,0,0,0.0,0.0,0.0,0,0,1,498.32680731697,6,Beauty,Long Cycle,0.5115541167806528,29.428571428571427,0.7561807058074754,0.9999999999999999,0.9257142857142857,0.5689465050936318,0.5066555559975247,77.7051663763059,高忠诚度
