customer_id,loyalty_tier,loyalty_index,user_segment,preferences,personalized_strategies,product_recommendations,promotion_recommendations,communication_recommendations,expected_outcome,priority_score
CUST_000359,高忠诚度,87.42291492669658,稳定复购理性消费型,"{'top_categories': [np.str_('Clothing'), np.str_('Electronics'), np.str_('Sports')], 'top_spend_categories': [np.str_('Electronics'), np.str_('Sports'), np.str_('Clothing')], 'price_sensitivity_level': 'low', 'promotion_responsiveness': 'high', 'avg_discount_used': np.float64(0.09761800000000001), 'promotion_purchase_rate': np.float64(0.38), 'only_promo_buyer': np.False_, 'never_promo_buyer': np.False_, 'avg_inter_purchase_days': np.float64(22.0), 'purchase_frequency_level': 'frequent', 'preferred_promo_types': [np.str_('Direct Discount'), np.str_('Coupon')], 'avg_order_value': np.float64(126.373), 'spending_level': 'medium', 'total_spend': np.float64(6318.650000000001), 'return_rate': np.float64(0.02), 'days_since_last_purchase': 3, 'activity_level': 'active', 'preferred_interaction_types': [np.str_('Click-Through'), np.str_('Email Open')], 'engagement_level': 'high'}","[{'type': 'cross_sell', 'strategy': '基于您对Clothing和Electronics的偏好，推荐配套组合产品', 'expected_impact': '增加购买品类广度'}, {'type': 'advocacy', 'strategy': '邀请成为品牌大使，享受推荐奖励和专属社群权益', 'expected_impact': '获得3-5个新客户推荐'}, {'type': 'retention', 'strategy': '定期寄送专属会员杂志和新品小样，强化品牌归属感', 'expected_impact': '降低流失率 5-10%'}]","[{'category': np.str_('Clothing'), 'recommendation_type': 'personalized', 'rationale': '基于您Clothing品类的历史购买偏好'}, {'category': np.str_('Electronics'), 'recommendation_type': 'complementary', 'rationale': '与Clothing搭配购买的用户推荐'}, {'category': np.str_('Electronics'), 'recommendation_type': 'personalized', 'rationale': '基于您Electronics品类的历史购买偏好'}]","[{'promo_type': np.str_('Direct Discount'), 'target_category': np.str_('Clothing'), 'rationale': '您对Direct Discount促销响应率最高'}, {'promo_type': np.str_('Coupon'), 'target_category': np.str_('Clothing'), 'rationale': '您对Coupon促销响应率最高'}]","[{'channel': '电子邮件', 'frequency': '每周1次', 'best_time': '周二上午'}]",预计在3个月内客户终身价值提升15-25%,5
CUST_000094,高忠诚度,85.98219897328056,稳定复购理性消费型,"{'top_categories': [np.str_('Clothing'), np.str_('Sports'), np.str_('Electronics')], 'top_spend_categories': [np.str_('Electronics'), np.str_('Clothing'), np.str_('Sports')], 'price_sensitivity_level': 'low', 'promotion_responsiveness': 'medium', 'avg_discount_used': np.float64(0.06506), 'promotion_purchase_rate': np.float64(0.24), 'only_promo_buyer': np.False_, 'never_promo_buyer': np.False_, 'avg_inter_purchase_days': np.float64(22.081632653061224), 'purchase_frequency_level': 'frequent', 'preferred_promo_types': [np.str_('Direct Discount'), np.str_('Membership Discount')], 'avg_order_value': np.float64(100.49640000000001), 'spending_level': 'medium', 'total_spend': np.float64(5024.820000000001), 'return_rate': np.float64(0.02), 'days_since_last_purchase': 9, 'activity_level': 'active', 'preferred_interaction_types': [np.str_('Email Open'), np.str_('Social Media')], 'engagement_level': 'high'}","[{'type': 'cross_sell', 'strategy': '基于您对Clothing和Sports的偏好，推荐配套组合产品', 'expected_impact': '增加购买品类广度'}, {'type': 'advocacy', 'strategy': '邀请成为品牌大使，享受推荐奖励和专属社群权益', 'expected_impact': '获得3-5个新客户推荐'}, {'type': 'retention', 'strategy': '定期寄送专属会员杂志和新品小样，强化品牌归属感', 'expected_impact': '降低流失率 5-10%'}]","[{'category': np.str_('Clothing'), 'recommendation_type': 'personalized', 'rationale': '基于您Clothing品类的历史购买偏好'}, {'category': np.str_('Sports'), 'recommendation_type': 'complementary', 'rationale': '与Clothing搭配购买的用户推荐'}, {'category': np.str_('Sports'), 'recommendation_type': 'personalized', 'rationale': '基于您Sports品类的历史购买偏好'}]",[],"[{'channel': '电子邮件', 'frequency': '每周1次', 'best_time': '周二上午'}, {'channel': '社交媒体', 'frequency': '每周2-3次', 'best_time': '周末下午'}]",预计在3个月内客户终身价值提升15-25%,5
CUST_000144,高忠诚度,85.00615252256797,稳定复购理性消费型,"{'top_categories': [np.str_('Clothing'), np.str_('Food'), np.str_('Electronics')], 'top_spend_categories': [np.str_('Electronics'), np.str_('Sports'), np.str_('Clothing')], 'price_sensitivity_level': 'medium', 'promotion_responsiveness': 'high', 'avg_discount_used': np.float64(0.134084), 'promotion_purchase_rate': np.float64(0.48), 'only_promo_buyer': np.False_, 'never_promo_buyer': np.False_, 'avg_inter_purchase_days': np.float64(21.775510204081634), 'purchase_frequency_level': 'frequent', 'preferred_promo_types': [np.str_('Coupon'), np.str_('Direct Discount')], 'avg_order_value': np.float64(95.4338), 'spending_level': 'medium', 'total_spend': np.float64(4771.6900000000005), 'return_rate': np.float64(0.0), 'days_since_last_purchase': 16, 'activity_level': 'active', 'preferred_interaction_types': [np.str_('Email Open'), np.str_('App Visit')], 'engagement_level': 'medium'}","[{'type': 'cross_sell', 'strategy': '基于您对Clothing和Food的偏好，推荐配套组合产品', 'expected_impact': '增加购买品类广度'}, {'type': 'advocacy', 'strategy': '邀请成为品牌大使，享受推荐奖励和专属社群权益', 'expected_impact': '获得3-5个新客户推荐'}, {'type': 'retention', 'strategy': '定期寄送专属会员杂志和新品小样，强化品牌归属感', 'expected_impact': '降低流失率 5-10%'}]","[{'category': np.str_('Clothing'), 'recommendation_type': 'personalized', 'rationale': '基于您Clothing品类的历史购买偏好'}, {'category': np.str_('Food'), 'recommendation_type': 'complementary', 'rationale': '与Clothing搭配购买的用户推荐'}, {'category': np.str_('Food'), 'recommendation_type': 'personalized', 'rationale': '基于您Food品类的历史购买偏好'}]","[{'promo_type': np.str_('Coupon'), 'target_category': np.str_('Clothing'), 'rationale': '您对Coupon促销响应率最高'}, {'promo_type': np.str_('Direct Discount'), 'target_category': np.str_('Clothing'), 'rationale': '您对Direct Discount促销响应率最高'}]","[{'channel': 'APP推送', 'frequency': '每周1-2次', 'best_time': '工作日晚间'}, {'channel': '电子邮件', 'frequency': '每周1次', 'best_time': '周二上午'}]",预计在3个月内客户终身价值提升15-25%,5
CUST_000400,高忠诚度,84.76583710681236,稳定复购理性消费型,"{'top_categories': [np.str_('Electronics'), np.str_('Home'), np.str_('Clothing')], 'top_spend_categories': [np.str_('Electronics'), np.str_('Home'), np.str_('Clothing')], 'price_sensitivity_level': 'medium', 'promotion_responsiveness': 'low', 'avg_discount_used': np.float64(0.06810263157894736), 'promotion_purchase_rate': np.float64(0.18421052631578946), 'only_promo_buyer': np.False_, 'never_promo_buyer': np.False_, 'avg_inter_purchase_days': np.float64(27.783783783783782), 'purchase_frequency_level': 'frequent', 'preferred_promo_types': [np.str_('Coupon'), np.str_('Direct Discount')], 'avg_order_value': np.float64(148.86815789473687), 'spending_level': 'medium', 'total_spend': np.float64(5656.990000000001), 'return_rate': np.float64(0.02631578947368421), 'days_since_last_purchase': 11, 'activity_level': 'active', 'preferred_interaction_types': [np.str_('Click-Through'), np.str_('Email Open')], 'engagement_level': 'high'}","[{'type': 'cross_sell', 'strategy': '基于您对Electronics和Home的偏好，推荐配套组合产品', 'expected_impact': '增加购买品类广度'}, {'type': 'advocacy', 'strategy': '邀请成为品牌大使，享受推荐奖励和专属社群权益', 'expected_impact': '获得3-5个新客户推荐'}, {'type': 'retention', 'strategy': '定期寄送专属会员杂志和新品小样，强化品牌归属感', 'expected_impact': '降低流失率 5-10%'}]","[{'category': np.str_('Electronics'), 'recommendation_type': 'personalized', 'rationale': '基于您Electronics品类的历史购买偏好'}, {'category': np.str_('Home'), 'recommendation_type': 'complementary', 'rationale': '与Electronics搭配购买的用户推荐'}, {'category': np.str_('Home'), 'recommendation_type': 'personalized', 'rationale': '基于您Home品类的历史购买偏好'}]",[],"[{'channel': '电子邮件', 'frequency': '每周1次', 'best_time': '周二上午'}]",预计在3个月内客户终身价值提升15-25%,5
CUST_000035,高忠诚度,84.57969826352671,稳定复购理性消费型,"{'top_categories': [np.str_('Electronics'), np.str_('Home'), np.str_('Clothing')], 'top_spend_categories': [np.str_('Electronics'), np.str_('Home'), np.str_('Sports')], 'price_sensitivity_level': 'medium', 'promotion_responsiveness': 'medium', 'avg_discount_used': np.float64(0.0668825), 'promotion_purchase_rate': np.float64(0.2), 'only_promo_buyer': np.False_, 'never_promo_buyer': np.False_, 'avg_inter_purchase_days': np.float64(27.846153846153847), 'purchase_frequency_level': 'frequent', 'preferred_promo_types': [np.str_('Direct Discount'), np.str_('Bundle Deal')], 'avg_order_value': np.float64(129.31625), 'spending_level': 'medium', 'total_spend': np.float64(5172.65), 'return_rate': np.float64(0.0), 'days_since_last_purchase': 1, 'activity_level': 'active', 'preferred_interaction_types': [np.str_('Email Open'), np.str_('Click-Through')], 'engagement_level': 'medium'}","[{'type': 'cross_sell', 'strategy': '基于您对Electronics和Home的偏好，推荐配套组合产品', 'expected_impact': '增加购买品类广度'}, {'type': 'advocacy', 'strategy': '邀请成为品牌大使，享受推荐奖励和专属社群权益', 'expected_impact': '获得3-5个新客户推荐'}, {'type': 'retention', 'strategy': '定期寄送专属会员杂志和新品小样，强化品牌归属感', 'expected_impact': '降低流失率 5-10%'}]","[{'category': np.str_('Electronics'), 'recommendation_type': 'personalized', 'rationale': '基于您Electronics品类的历史购买偏好'}, {'category': np.str_('Home'), 'recommendation_type': 'complementary', 'rationale': '与Electronics搭配购买的用户推荐'}, {'category': np.str_('Home'), 'recommendation_type': 'personalized', 'rationale': '基于您Home品类的历史购买偏好'}]",[],"[{'channel': '电子邮件', 'frequency': '每周1次', 'best_time': '周二上午'}]",预计在3个月内客户终身价值提升15-25%,5
CUST_000121,高忠诚度,83.64553579555336,稳定复购理性消费型,"{'top_categories': [np.str_('Clothing'), np.str_('Electronics'), np.str_('Food')], 'top_spend_categories': [np.str_('Electronics'), np.str_('Clothing'), np.str_('Beauty')], 'price_sensitivity_level': 'low', 'promotion_responsiveness': 'medium', 'avg_discount_used': np.float64(0.05197499999999999), 'promotion_purchase_rate': np.float64(0.20454545454545456), 'only_promo_buyer': np.False_, 'never_promo_buyer': np.False_, 'avg_inter_purchase_days': np.float64(25.232558139534884), 'purchase_frequency_level': 'frequent', 'preferred_promo_types': [np.str_('Membership Discount'), np.str_('Direct Discount')], 'avg_order_value': np.float64(125.96295454545454), 'spending_level': 'medium', 'total_spend': np.float64(5542.37), 'return_rate': np.float64(0.0), 'days_since_last_purchase': 5, 'activity_level': 'active', 'preferred_interaction_types': [np.str_('Email Open'), np.str_('Click-Through')], 'engagement_level': 'medium'}","[{'type': 'cross_sell', 'strategy': '基于您对Clothing和Electronics的偏好，推荐配套组合产品', 'expected_impact': '增加购买品类广度'}, {'type': 'advocacy', 'strategy': '邀请成为品牌大使，享受推荐奖励和专属社群权益', 'expected_impact': '获得3-5个新客户推荐'}, {'type': 'retention', 'strategy': '定期寄送专属会员杂志和新品小样，强化品牌归属感', 'expected_impact': '降低流失率 5-10%'}]","[{'category': np.str_('Clothing'), 'recommendation_type': 'personalized', 'rationale': '基于您Clothing品类的历史购买偏好'}, {'category': np.str_('Electronics'), 'recommendation_type': 'complementary', 'rationale': '与Clothing搭配购买的用户推荐'}, {'category': np.str_('Electronics'), 'recommendation_type': 'personalized', 'rationale': '基于您Electronics品类的历史购买偏好'}]",[],"[{'channel': '电子邮件', 'frequency': '每周1次', 'best_time': '周二上午'}]",预计在3个月内客户终身价值提升15-25%,5
CUST_000391,高忠诚度,82.91141996266443,稳定复购理性消费型,"{'top_categories': [np.str_('Clothing'), np.str_('Electronics'), np.str_('Sports')], 'top_spend_categories': [np.str_('Electronics'), np.str_('Clothing'), np.str_('Home')], 'price_sensitivity_level': 'medium', 'promotion_responsiveness': 'medium', 'avg_discount_used': np.float64(0.103598), 'promotion_purchase_rate': np.float64(0.34), 'only_promo_buyer': np.False_, 'never_promo_buyer': np.False_, 'avg_inter_purchase_days': np.float64(22.06122448979592), 'purchase_frequency_level': 'frequent', 'preferred_promo_types': [np.str_('Membership Discount'), np.str_('Coupon')], 'avg_order_value': np.float64(129.32500000000002), 'spending_level': 'medium', 'total_spend': np.float64(6466.250000000001), 'return_rate': np.float64(0.02), 'days_since_last_purchase': 3, 'activity_level': 'active', 'preferred_interaction_types': [np.str_('Email Open'), np.str_('Social Media')], 'engagement_level': 'medium'}","[{'type': 'cross_sell', 'strategy': '基于您对Clothing和Electronics的偏好，推荐配套组合产品', 'expected_impact': '增加购买品类广度'}, {'type': 'advocacy', 'strategy': '邀请成为品牌大使，享受推荐奖励和专属社群权益', 'expected_impact': '获得3-5个新客户推荐'}, {'type': 'retention', 'strategy': '定期寄送专属会员杂志和新品小样，强化品牌归属感', 'expected_impact': '降低流失率 5-10%'}]","[{'category': np.str_('Clothing'), 'recommendation_type': 'personalized', 'rationale': '基于您Clothing品类的历史购买偏好'}, {'category': np.str_('Electronics'), 'recommendation_type': 'complementary', 'rationale': '与Clothing搭配购买的用户推荐'}, {'category': np.str_('Electronics'), 'recommendation_type': 'personalized', 'rationale': '基于您Electronics品类的历史购买偏好'}]",[],"[{'channel': '电子邮件', 'frequency': '每周1次', 'best_time': '周二上午'}, {'channel': '社交媒体', 'frequency': '每周2-3次', 'best_time': '周末下午'}]",预计在3个月内客户终身价值提升15-25%,5
CUST_000207,高忠诚度,82.77858521046551,稳定复购理性消费型,"{'top_categories': [np.str_('Electronics'), np.str_('Clothing'), np.str_('Food')], 'top_spend_categories': [np.str_('Electronics'), np.str_('Sports'), np.str_('Home')], 'price_sensitivity_level': 'low', 'promotion_responsiveness': 'medium', 'avg_discount_used': np.float64(0.061209302325581395), 'promotion_purchase_rate': np.float64(0.2558139534883721), 'only_promo_buyer': np.False_, 'never_promo_buyer': np.False_, 'avg_inter_purchase_days': np.float64(25.095238095238095), 'purchase_frequency_level': 'frequent', 'preferred_promo_types': [np.str_('Coupon'), np.str_('Direct Discount')], 'avg_order_value': np.float64(168.88116279069772), 'spending_level': 'medium', 'total_spend': np.float64(7261.890000000001), 'return_rate': np.float64(0.023255813953488372), 'days_since_last_purchase': 9, 'activity_level': 'active', 'preferred_interaction_types': [np.str_('Click-Through'), np.str_('Social Media')], 'engagement_level': 'high'}","[{'type': 'cross_sell', 'strategy': '基于您对Electronics和Clothing的偏好，推荐配套组合产品', 'expected_impact': '增加购买品类广度'}, {'type': 'advocacy', 'strategy': '邀请成为品牌大使，享受推荐奖励和专属社群权益', 'expected_impact': '获得3-5个新客户推荐'}, {'type': 'retention', 'strategy': '定期寄送专属会员杂志和新品小样，强化品牌归属感', 'expected_impact': '降低流失率 5-10%'}]","[{'category': np.str_('Electronics'), 'recommendation_type': 'personalized', 'rationale': '基于您Electronics品类的历史购买偏好'}, {'category': np.str_('Clothing'), 'recommendation_type': 'complementary', 'rationale': '与Electronics搭配购买的用户推荐'}, {'category': np.str_('Clothing'), 'recommendation_type': 'personalized', 'rationale': '基于您Clothing品类的历史购买偏好'}]",[],"[{'channel': '社交媒体', 'frequency': '每周2-3次', 'best_time': '周末下午'}]",预计在3个月内客户终身价值提升15-25%,5
CUST_000179,高忠诚度,82.65993071165498,稳定复购理性消费型,"{'top_categories': [np.str_('Home'), np.str_('Electronics'), np.str_('Clothing')], 'top_spend_categories': [np.str_('Electronics'), np.str_('Home'), np.str_('Clothing')], 'price_sensitivity_level': 'low', 'promotion_responsiveness': 'medium', 'avg_discount_used': np.float64(0.06279565217391304), 'promotion_purchase_rate': np.float64(0.2391304347826087), 'only_promo_buyer': np.False_, 'never_promo_buyer': np.False_, 'avg_inter_purchase_days': np.float64(22.644444444444446), 'purchase_frequency_level': 'frequent', 'preferred_promo_types': [np.str_('Direct Discount'), np.str_('Membership Discount')], 'avg_order_value': np.float64(129.03891304347823), 'spending_level': 'medium', 'total_spend': np.float64(5935.789999999999), 'return_rate': np.float64(0.0), 'days_since_last_purchase': 55, 'activity_level': 'moderate', 'preferred_interaction_types': [np.str_('Email Open'), np.str_('Click-Through')], 'engagement_level': 'high'}","[{'type': 'cross_sell', 'strategy': '基于您对Home和Electronics的偏好，推荐配套组合产品', 'expected_impact': '增加购买品类广度'}, {'type': 'retention', 'strategy': '定期寄送专属会员杂志和新品小样，强化品牌归属感', 'expected_impact': '降低流失率 5-10%'}]","[{'category': np.str_('Home'), 'recommendation_type': 'personalized', 'rationale': '基于您Home品类的历史购买偏好'}, {'category': np.str_('Electronics'), 'recommendation_type': 'complementary', 'rationale': '与Home搭配购买的用户推荐'}, {'category': np.str_('Electronics'), 'recommendation_type': 'personalized', 'rationale': '基于您Electronics品类的历史购买偏好'}]",[],"[{'channel': '电子邮件', 'frequency': '每周1次', 'best_time': '周二上午'}]",预计在3个月内客户终身价值提升15-25%,5
CUST_000241,高忠诚度,82.28740458843194,稳定复购理性消费型,"{'top_categories': [np.str_('Clothing'), np.str_('Home'), np.str_('Electronics')], 'top_spend_categories': [np.str_('Electronics'), np.str_('Home'), np.str_('Clothing')], 'price_sensitivity_level': 'low', 'promotion_responsiveness': 'medium', 'avg_discount_used': np.float64(0.077642), 'promotion_purchase_rate': np.float64(0.3), 'only_promo_buyer': np.False_, 'never_promo_buyer': np.False_, 'avg_inter_purchase_days': np.float64(21.3265306122449), 'purchase_frequency_level': 'frequent', 'preferred_promo_types': [np.str_('Coupon'), np.str_('Membership Discount')], 'avg_order_value': np.float64(112.4022), 'spending_level': 'medium', 'total_spend': np.float64(5620.11), 'return_rate': np.float64(0.04), 'days_since_last_purchase': 42, 'activity_level': 'moderate', 'preferred_interaction_types': [np.str_('Click-Through'), np.str_('Social Media')], 'engagement_level': 'high'}","[{'type': 'cross_sell', 'strategy': '基于您对Clothing和Home的偏好，推荐配套组合产品', 'expected_impact': '增加购买品类广度'}, {'type': 'retention', 'strategy': '定期寄送专属会员杂志和新品小样，强化品牌归属感', 'expected_impact': '降低流失率 5-10%'}]","[{'category': np.str_('Clothing'), 'recommendation_type': 'personalized', 'rationale': '基于您Clothing品类的历史购买偏好'}, {'category': np.str_('Home'), 'recommendation_type': 'complementary', 'rationale': '与Clothing搭配购买的用户推荐'}, {'category': np.str_('Home'), 'recommendation_type': 'personalized', 'rationale': '基于您Home品类的历史购买偏好'}]",[],"[{'channel': '社交媒体', 'frequency': '每周2-3次', 'best_time': '周末下午'}]",预计在3个月内客户终身价值提升15-25%,5
CUST_000408,高忠诚度,82.11030715417739,稳定复购理性消费型,"{'top_categories': [np.str_('Clothing'), np.str_('Electronics'), np.str_('Food')], 'top_spend_categories': [np.str_('Electronics'), np.str_('Clothing'), np.str_('Home')], 'price_sensitivity_level': 'low', 'promotion_responsiveness': 'high', 'avg_discount_used': np.float64(0.126328), 'promotion_purchase_rate': np.float64(0.5), 'only_promo_buyer': np.False_, 'never_promo_buyer': np.False_, 'avg_inter_purchase_days': np.float64(20.551020408163264), 'purchase_frequency_level': 'frequent', 'preferred_promo_types': [np.str_('Direct Discount'), np.str_('Bundle Deal')], 'avg_order_value': np.float64(103.43619999999999), 'spending_level': 'medium', 'total_spend': np.float64(5171.8099999999995), 'return_rate': np.float64(0.0), 'days_since_last_purchase': 38, 'activity_level': 'moderate', 'preferred_interaction_types': [np.str_('Click-Through'), np.str_('Email Open')], 'engagement_level': 'high'}","[{'type': 'cross_sell', 'strategy': '基于您对Clothing和Electronics的偏好，推荐配套组合产品', 'expected_impact': '增加购买品类广度'}, {'type': 'retention', 'strategy': '定期寄送专属会员杂志和新品小样，强化品牌归属感', 'expected_impact': '降低流失率 5-10%'}]","[{'category': np.str_('Clothing'), 'recommendation_type': 'personalized', 'rationale': '基于您Clothing品类的历史购买偏好'}, {'category': np.str_('Electronics'), 'recommendation_type': 'complementary', 'rationale': '与Clothing搭配购买的用户推荐'}, {'category': np.str_('Electronics'), 'recommendation_type': 'personalized', 'rationale': '基于您Electronics品类的历史购买偏好'}]","[{'promo_type': np.str_('Direct Discount'), 'target_category': np.str_('Clothing'), 'rationale': '您对Direct Discount促销响应率最高'}, {'promo_type': np.str_('Bundle Deal'), 'target_category': np.str_('Clothing'), 'rationale': '您对Bundle Deal促销响应率最高'}]","[{'channel': '电子邮件', 'frequency': '每周1次', 'best_time': '周二上午'}]",预计在3个月内客户终身价值提升15-25%,5
CUST_000041,高忠诚度,81.74974507595815,稳定复购理性消费型,"{'top_categories': [np.str_('Clothing'), np.str_('Electronics'), np.str_('Home')], 'top_spend_categories': [np.str_('Electronics'), np.str_('Home'), np.str_('Clothing')], 'price_sensitivity_level': 'medium', 'promotion_responsiveness': 'high', 'avg_discount_used': np.float64(0.14275200000000002), 'promotion_purchase_rate': np.float64(0.46), 'only_promo_buyer': np.False_, 'never_promo_buyer': np.False_, 'avg_inter_purchase_days': np.float64(20.918367346938776), 'purchase_frequency_level': 'frequent', 'preferred_promo_types': [np.str_('Direct Discount'), np.str_('Bundle Deal')], 'avg_order_value': np.float64(124.50780000000003), 'spending_level': 'medium', 'total_spend': np.float64(6225.390000000001), 'return_rate': np.float64(0.02), 'days_since_last_purchase': 20, 'activity_level': 'active', 'preferred_interaction_types': [np.str_('Email Open'), np.str_('Social Media')], 'engagement_level': 'medium'}","[{'type': 'cross_sell', 'strategy': '基于您对Clothing和Electronics的偏好，推荐配套组合产品', 'expected_impact': '增加购买品类广度'}, {'type': 'advocacy', 'strategy': '邀请成为品牌大使，享受推荐奖励和专属社群权益', 'expected_impact': '获得3-5个新客户推荐'}, {'type': 'retention', 'strategy': '定期寄送专属会员杂志和新品小样，强化品牌归属感', 'expected_impact': '降低流失率 5-10%'}]","[{'category': np.str_('Clothing'), 'recommendation_type': 'personalized', 'rationale': '基于您Clothing品类的历史购买偏好'}, {'category': np.str_('Electronics'), 'recommendation_type': 'complementary', 'rationale': '与Clothing搭配购买的用户推荐'}, {'category': np.str_('Electronics'), 'recommendation_type': 'personalized', 'rationale': '基于您Electronics品类的历史购买偏好'}]","[{'promo_type': np.str_('Direct Discount'), 'target_category': np.str_('Clothing'), 'rationale': '您对Direct Discount促销响应率最高'}, {'promo_type': np.str_('Bundle Deal'), 'target_category': np.str_('Clothing'), 'rationale': '您对Bundle Deal促销响应率最高'}]","[{'channel': '电子邮件', 'frequency': '每周1次', 'best_time': '周二上午'}, {'channel': '社交媒体', 'frequency': '每周2-3次', 'best_time': '周末下午'}]",预计在3个月内客户终身价值提升15-25%,5
CUST_000429,高忠诚度,81.29461945984563,稳定复购理性消费型,"{'top_categories': [np.str_('Home'), np.str_('Clothing'), np.str_('Food')], 'top_spend_categories': [np.str_('Electronics'), np.str_('Home'), np.str_('Sports')], 'price_sensitivity_level': 'low', 'promotion_responsiveness': 'medium', 'avg_discount_used': np.float64(0.06322857142857144), 'promotion_purchase_rate': np.float64(0.22448979591836735), 'only_promo_buyer': np.False_, 'never_promo_buyer': np.False_, 'avg_inter_purchase_days': np.float64(21.875), 'purchase_frequency_level': 'frequent', 'preferred_promo_types': [np.str_('Direct Discount'), np.str_('Coupon')], 'avg_order_value': np.float64(114.2014285714286), 'spending_level': 'medium', 'total_spend': np.float64(5595.870000000001), 'return_rate': np.float64(0.04081632653061224), 'days_since_last_purchase': 16, 'activity_level': 'active', 'preferred_interaction_types': [np.str_('Email Open'), np.str_('Click-Through')], 'engagement_level': 'high'}","[{'type': 'cross_sell', 'strategy': '基于您对Home和Clothing的偏好，推荐配套组合产品', 'expected_impact': '增加购买品类广度'}, {'type': 'advocacy', 'strategy': '邀请成为品牌大使，享受推荐奖励和专属社群权益', 'expected_impact': '获得3-5个新客户推荐'}, {'type': 'retention', 'strategy': '定期寄送专属会员杂志和新品小样，强化品牌归属感', 'expected_impact': '降低流失率 5-10%'}]","[{'category': np.str_('Home'), 'recommendation_type': 'personalized', 'rationale': '基于您Home品类的历史购买偏好'}, {'category': np.str_('Clothing'), 'recommendation_type': 'complementary', 'rationale': '与Home搭配购买的用户推荐'}, {'category': np.str_('Clothing'), 'recommendation_type': 'personalized', 'rationale': '基于您Clothing品类的历史购买偏好'}]",[],"[{'channel': '电子邮件', 'frequency': '每周1次', 'best_time': '周二上午'}]",预计在3个月内客户终身价值提升15-25%,5
CUST_000115,高忠诚度,81.18453000450612,稳定复购理性消费型,"{'top_categories': [np.str_('Clothing'), np.str_('Beauty'), np.str_('Home')], 'top_spend_categories': [np.str_('Electronics'), np.str_('Clothing'), np.str_('Home')], 'price_sensitivity_level': 'low', 'promotion_responsiveness': 'medium', 'avg_discount_used': np.float64(0.08463478260869564), 'promotion_purchase_rate': np.float64(0.32608695652173914), 'only_promo_buyer': np.False_, 'never_promo_buyer': np.False_, 'avg_inter_purchase_days': np.float64(23.666666666666668), 'purchase_frequency_level': 'frequent', 'preferred_promo_types': [np.str_('Bundle Deal'), np.str_('Membership Discount')], 'avg_order_value': np.float64(109.81891304347826), 'spending_level': 'medium', 'total_spend': np.float64(5051.67), 'return_rate': np.float64(0.0), 'days_since_last_purchase': 4, 'activity_level': 'active', 'preferred_interaction_types': [np.str_('Email Open'), np.str_('Click-Through')], 'engagement_level': 'medium'}","[{'type': 'cross_sell', 'strategy': '基于您对Clothing和Beauty的偏好，推荐配套组合产品', 'expected_impact': '增加购买品类广度'}, {'type': 'advocacy', 'strategy': '邀请成为品牌大使，享受推荐奖励和专属社群权益', 'expected_impact': '获得3-5个新客户推荐'}, {'type': 'retention', 'strategy': '定期寄送专属会员杂志和新品小样，强化品牌归属感', 'expected_impact': '降低流失率 5-10%'}]","[{'category': np.str_('Clothing'), 'recommendation_type': 'personalized', 'rationale': '基于您Clothing品类的历史购买偏好'}, {'category': np.str_('Beauty'), 'recommendation_type': 'complementary', 'rationale': '与Clothing搭配购买的用户推荐'}, {'category': np.str_('Beauty'), 'recommendation_type': 'personalized', 'rationale': '基于您Beauty品类的历史购买偏好'}]",[],"[{'channel': '电子邮件', 'frequency': '每周1次', 'best_time': '周二上午'}]",预计在3个月内客户终身价值提升15-25%,5
CUST_000227,高忠诚度,80.87212217610895,稳定复购理性消费型,"{'top_categories': [np.str_('Clothing'), np.str_('Beauty'), np.str_('Electronics')], 'top_spend_categories': [np.str_('Electronics'), np.str_('Clothing'), np.str_('Beauty')], 'price_sensitivity_level': 'medium', 'promotion_responsiveness': 'low', 'avg_discount_used': np.float64(0.05739347826086956), 'promotion_purchase_rate': np.float64(0.21739130434782608), 'only_promo_buyer': np.False_, 'never_promo_buyer': np.False_, 'avg_inter_purchase_days': np.float64(23.6), 'purchase_frequency_level': 'frequent', 'preferred_promo_types': [np.str_('Coupon'), np.str_('Direct Discount')], 'avg_order_value': np.float64(101.3991304347826), 'spending_level': 'medium', 'total_spend': np.float64(4664.36), 'return_rate': np.float64(0.021739130434782608), 'days_since_last_purchase': 1, 'activity_level': 'active', 'preferred_interaction_types': [np.str_('Email Open'), np.str_('Click-Through')], 'engagement_level': 'medium'}","[{'type': 'cross_sell', 'strategy': '基于您对Clothing和Beauty的偏好，推荐配套组合产品', 'expected_impact': '增加购买品类广度'}, {'type': 'advocacy', 'strategy': '邀请成为品牌大使，享受推荐奖励和专属社群权益', 'expected_impact': '获得3-5个新客户推荐'}, {'type': 'retention', 'strategy': '定期寄送专属会员杂志和新品小样，强化品牌归属感', 'expected_impact': '降低流失率 5-10%'}]","[{'category': np.str_('Clothing'), 'recommendation_type': 'personalized', 'rationale': '基于您Clothing品类的历史购买偏好'}, {'category': np.str_('Beauty'), 'recommendation_type': 'complementary', 'rationale': '与Clothing搭配购买的用户推荐'}, {'category': np.str_('Beauty'), 'recommendation_type': 'personalized', 'rationale': '基于您Beauty品类的历史购买偏好'}]",[],"[{'channel': '电子邮件', 'frequency': '每周1次', 'best_time': '周二上午'}]",预计在3个月内客户终身价值提升15-25%,5
CUST_000148,高忠诚度,80.80785454561973,稳定复购理性消费型,"{'top_categories': [np.str_('Clothing'), np.str_('Food'), np.str_('Electronics')], 'top_spend_categories': [np.str_('Electronics'), np.str_('Home'), np.str_('Clothing')], 'price_sensitivity_level': 'medium', 'promotion_responsiveness': 'high', 'avg_discount_used': np.float64(0.09387105263157895), 'promotion_purchase_rate': np.float64(0.34210526315789475), 'only_promo_buyer': np.False_, 'never_promo_buyer': np.False_, 'avg_inter_purchase_days': np.float64(28.783783783783782), 'purchase_frequency_level': 'frequent', 'preferred_promo_types': [np.str_('Direct Discount'), np.str_('Seasonal Sale')], 'avg_order_value': np.float64(116.08999999999997), 'spending_level': 'medium', 'total_spend': np.float64(4411.419999999999), 'return_rate': np.float64(0.0), 'days_since_last_purchase': 10, 'activity_level': 'active', 'preferred_interaction_types': [np.str_('Email Open'), np.str_('Click-Through')], 'engagement_level': 'medium'}","[{'type': 'cross_sell', 'strategy': '基于您对Clothing和Food的偏好，推荐配套组合产品', 'expected_impact': '增加购买品类广度'}, {'type': 'advocacy', 'strategy': '邀请成为品牌大使，享受推荐奖励和专属社群权益', 'expected_impact': '获得3-5个新客户推荐'}, {'type': 'retention', 'strategy': '定期寄送专属会员杂志和新品小样，强化品牌归属感', 'expected_impact': '降低流失率 5-10%'}]","[{'category': np.str_('Clothing'), 'recommendation_type': 'personalized', 'rationale': '基于您Clothing品类的历史购买偏好'}, {'category': np.str_('Food'), 'recommendation_type': 'complementary', 'rationale': '与Clothing搭配购买的用户推荐'}, {'category': np.str_('Food'), 'recommendation_type': 'personalized', 'rationale': '基于您Food品类的历史购买偏好'}]","[{'promo_type': np.str_('Direct Discount'), 'target_category': np.str_('Clothing'), 'rationale': '您对Direct Discount促销响应率最高'}, {'promo_type': np.str_('Seasonal Sale'), 'target_category': np.str_('Clothing'), 'rationale': '您对Seasonal Sale促销响应率最高'}]","[{'channel': '电子邮件', 'frequency': '每周1次', 'best_time': '周二上午'}]",预计在3个月内客户终身价值提升15-25%,5
CUST_000416,高忠诚度,80.67265256082801,稳定复购理性消费型,"{'top_categories': [np.str_('Electronics'), np.str_('Clothing'), np.str_('Sports')], 'top_spend_categories': [np.str_('Electronics'), np.str_('Sports'), np.str_('Home')], 'price_sensitivity_level': 'medium', 'promotion_responsiveness': 'high', 'avg_discount_used': np.float64(0.104666), 'promotion_purchase_rate': np.float64(0.3), 'only_promo_buyer': np.False_, 'never_promo_buyer': np.False_, 'avg_inter_purchase_days': np.float64(22.081632653061224), 'purchase_frequency_level': 'frequent', 'preferred_promo_types': [np.str_('Direct Discount'), np.str_('Coupon')], 'avg_order_value': np.float64(124.36800000000001), 'spending_level': 'medium', 'total_spend': np.float64(6218.400000000001), 'return_rate': np.float64(0.02), 'days_since_last_purchase': 2, 'activity_level': 'active', 'preferred_interaction_types': [np.str_('Email Open'), np.str_('App Visit')], 'engagement_level': 'medium'}","[{'type': 'cross_sell', 'strategy': '基于您对Electronics和Clothing的偏好，推荐配套组合产品', 'expected_impact': '增加购买品类广度'}, {'type': 'advocacy', 'strategy': '邀请成为品牌大使，享受推荐奖励和专属社群权益', 'expected_impact': '获得3-5个新客户推荐'}, {'type': 'retention', 'strategy': '定期寄送专属会员杂志和新品小样，强化品牌归属感', 'expected_impact': '降低流失率 5-10%'}]","[{'category': np.str_('Electronics'), 'recommendation_type': 'personalized', 'rationale': '基于您Electronics品类的历史购买偏好'}, {'category': np.str_('Clothing'), 'recommendation_type': 'complementary', 'rationale': '与Electronics搭配购买的用户推荐'}, {'category': np.str_('Clothing'), 'recommendation_type': 'personalized', 'rationale': '基于您Clothing品类的历史购买偏好'}]","[{'promo_type': np.str_('Direct Discount'), 'target_category': np.str_('Electronics'), 'rationale': '您对Direct Discount促销响应率最高'}, {'promo_type': np.str_('Coupon'), 'target_category': np.str_('Electronics'), 'rationale': '您对Coupon促销响应率最高'}]","[{'channel': 'APP推送', 'frequency': '每周1-2次', 'best_time': '工作日晚间'}, {'channel': '电子邮件', 'frequency': '每周1次', 'best_time': '周二上午'}]",预计在3个月内客户终身价值提升15-25%,5
CUST_000058,高忠诚度,80.27941104242889,稳定复购理性消费型,"{'top_categories': [np.str_('Electronics'), np.str_('Clothing'), np.str_('Home')], 'top_spend_categories': [np.str_('Electronics'), np.str_('Home'), np.str_('Clothing')], 'price_sensitivity_level': 'medium', 'promotion_responsiveness': 'medium', 'avg_discount_used': np.float64(0.11345531914893618), 'promotion_purchase_rate': np.float64(0.3617021276595745), 'only_promo_buyer': np.False_, 'never_promo_buyer': np.False_, 'avg_inter_purchase_days': np.float64(23.608695652173914), 'purchase_frequency_level': 'frequent', 'preferred_promo_types': [np.str_('Direct Discount'), np.str_('Membership Discount')], 'avg_order_value': np.float64(134.55404255319147), 'spending_level': 'medium', 'total_spend': np.float64(6324.039999999999), 'return_rate': np.float64(0.02127659574468085), 'days_since_last_purchase': 3, 'activity_level': 'active', 'preferred_interaction_types': [np.str_('Email Open'), np.str_('Support Call')], 'engagement_level': 'medium'}","[{'type': 'cross_sell', 'strategy': '基于您对Electronics和Clothing的偏好，推荐配套组合产品', 'expected_impact': '增加购买品类广度'}, {'type': 'advocacy', 'strategy': '邀请成为品牌大使，享受推荐奖励和专属社群权益', 'expected_impact': '获得3-5个新客户推荐'}, {'type': 'retention', 'strategy': '定期寄送专属会员杂志和新品小样，强化品牌归属感', 'expected_impact': '降低流失率 5-10%'}]","[{'category': np.str_('Electronics'), 'recommendation_type': 'personalized', 'rationale': '基于您Electronics品类的历史购买偏好'}, {'category': np.str_('Clothing'), 'recommendation_type': 'complementary', 'rationale': '与Electronics搭配购买的用户推荐'}, {'category': np.str_('Clothing'), 'recommendation_type': 'personalized', 'rationale': '基于您Clothing品类的历史购买偏好'}]",[],"[{'channel': '电子邮件', 'frequency': '每周1次', 'best_time': '周二上午'}]",预计在3个月内客户终身价值提升15-25%,5
CUST_000380,高忠诚度,80.23450486442836,稳定复购理性消费型,"{'top_categories': [np.str_('Clothing'), np.str_('Food'), np.str_('Beauty')], 'top_spend_categories': [np.str_('Electronics'), np.str_('Clothing'), np.str_('Home')], 'price_sensitivity_level': 'medium', 'promotion_responsiveness': 'high', 'avg_discount_used': np.float64(0.09436388888888889), 'promotion_purchase_rate': np.float64(0.3333333333333333), 'only_promo_buyer': np.False_, 'never_promo_buyer': np.False_, 'avg_inter_purchase_days': np.float64(27.742857142857144), 'purchase_frequency_level': 'frequent', 'preferred_promo_types': [np.str_('Direct Discount'), np.str_('Coupon')], 'avg_order_value': np.float64(87.69944444444444), 'spending_level': 'medium', 'total_spend': np.float64(3157.18), 'return_rate': np.float64(0.0), 'days_since_last_purchase': 16, 'activity_level': 'active', 'preferred_interaction_types': [np.str_('Email Open'), np.str_('Click-Through')], 'engagement_level': 'medium'}","[{'type': 'cross_sell', 'strategy': '基于您对Clothing和Food的偏好，推荐配套组合产品', 'expected_impact': '增加购买品类广度'}, {'type': 'advocacy', 'strategy': '邀请成为品牌大使，享受推荐奖励和专属社群权益', 'expected_impact': '获得3-5个新客户推荐'}, {'type': 'retention', 'strategy': '定期寄送专属会员杂志和新品小样，强化品牌归属感', 'expected_impact': '降低流失率 5-10%'}]","[{'category': np.str_('Clothing'), 'recommendation_type': 'personalized', 'rationale': '基于您Clothing品类的历史购买偏好'}, {'category': np.str_('Food'), 'recommendation_type': 'complementary', 'rationale': '与Clothing搭配购买的用户推荐'}, {'category': np.str_('Food'), 'recommendation_type': 'personalized', 'rationale': '基于您Food品类的历史购买偏好'}]","[{'promo_type': np.str_('Direct Discount'), 'target_category': np.str_('Clothing'), 'rationale': '您对Direct Discount促销响应率最高'}, {'promo_type': np.str_('Coupon'), 'target_category': np.str_('Clothing'), 'rationale': '您对Coupon促销响应率最高'}]","[{'channel': '电子邮件', 'frequency': '每周1次', 'best_time': '周二上午'}]",预计在3个月内客户终身价值提升15-25%,5
CUST_000082,高忠诚度,80.13131156808903,稳定复购理性消费型,"{'top_categories': [np.str_('Clothing'), np.str_('Electronics'), np.str_('Beauty')], 'top_spend_categories': [np.str_('Electronics'), np.str_('Clothing'), np.str_('Sports')], 'price_sensitivity_level': 'low', 'promotion_responsiveness': 'high', 'avg_discount_used': np.float64(0.10758958333333334), 'promotion_purchase_rate': np.float64(0.4375), 'only_promo_buyer': np.False_, 'never_promo_buyer': np.False_, 'avg_inter_purchase_days': np.float64(21.19148936170213), 'purchase_frequency_level': 'frequent', 'preferred_promo_types': [np.str_('Direct Discount'), np.str_('Bundle Deal')], 'avg_order_value': np.float64(129.670625), 'spending_level': 'medium', 'total_spend': np.float64(6224.19), 'return_rate': np.float64(0.020833333333333332), 'days_since_last_purchase': 36, 'activity_level': 'moderate', 'preferred_interaction_types': [np.str_('Social Media'), np.str_('App Visit')], 'engagement_level': 'high'}","[{'type': 'cross_sell', 'strategy': '基于您对Clothing和Electronics的偏好，推荐配套组合产品', 'expected_impact': '增加购买品类广度'}, {'type': 'retention', 'strategy': '定期寄送专属会员杂志和新品小样，强化品牌归属感', 'expected_impact': '降低流失率 5-10%'}]","[{'category': np.str_('Clothing'), 'recommendation_type': 'personalized', 'rationale': '基于您Clothing品类的历史购买偏好'}, {'category': np.str_('Electronics'), 'recommendation_type': 'complementary', 'rationale': '与Clothing搭配购买的用户推荐'}, {'category': np.str_('Electronics'), 'recommendation_type': 'personalized', 'rationale': '基于您Electronics品类的历史购买偏好'}]","[{'promo_type': np.str_('Direct Discount'), 'target_category': np.str_('Clothing'), 'rationale': '您对Direct Discount促销响应率最高'}, {'promo_type': np.str_('Bundle Deal'), 'target_category': np.str_('Clothing'), 'rationale': '您对Bundle Deal促销响应率最高'}]","[{'channel': 'APP推送', 'frequency': '每周1-2次', 'best_time': '工作日晚间'}, {'channel': '社交媒体', 'frequency': '每周2-3次', 'best_time': '周末下午'}]",预计在3个月内客户终身价值提升15-25%,5
CUST_000273,高忠诚度,79.75328416726275,稳定复购理性消费型,"{'top_categories': [np.str_('Clothing'), np.str_('Electronics'), np.str_('Food')], 'top_spend_categories': [np.str_('Electronics'), np.str_('Clothing'), np.str_('Home')], 'price_sensitivity_level': 'low', 'promotion_responsiveness': 'high', 'avg_discount_used': np.float64(0.10345599999999999), 'promotion_purchase_rate': np.float64(0.34), 'only_promo_buyer': np.False_, 'never_promo_buyer': np.False_, 'avg_inter_purchase_days': np.float64(21.020408163265305), 'purchase_frequency_level': 'frequent', 'preferred_promo_types': [np.str_('Direct Discount'), np.str_('Coupon')], 'avg_order_value': np.float64(110.62040000000003), 'spending_level': 'medium', 'total_spend': np.float64(5531.020000000001), 'return_rate': np.float64(0.04), 'days_since_last_purchase': 29, 'activity_level': 'active', 'preferred_interaction_types': [np.str_('Click-Through'), np.str_('App Visit')], 'engagement_level': 'high'}","[{'type': 'cross_sell', 'strategy': '基于您对Clothing和Electronics的偏好，推荐配套组合产品', 'expected_impact': '增加购买品类广度'}, {'type': 'advocacy', 'strategy': '邀请成为品牌大使，享受推荐奖励和专属社群权益', 'expected_impact': '获得3-5个新客户推荐'}, {'type': 'retention', 'strategy': '定期寄送专属会员杂志和新品小样，强化品牌归属感', 'expected_impact': '降低流失率 5-10%'}]","[{'category': np.str_('Clothing'), 'recommendation_type': 'personalized', 'rationale': '基于您Clothing品类的历史购买偏好'}, {'category': np.str_('Electronics'), 'recommendation_type': 'complementary', 'rationale': '与Clothing搭配购买的用户推荐'}, {'category': np.str_('Electronics'), 'recommendation_type': 'personalized', 'rationale': '基于您Electronics品类的历史购买偏好'}]","[{'promo_type': np.str_('Direct Discount'), 'target_category': np.str_('Clothing'), 'rationale': '您对Direct Discount促销响应率最高'}, {'promo_type': np.str_('Coupon'), 'target_category': np.str_('Clothing'), 'rationale': '您对Coupon促销响应率最高'}]","[{'channel': 'APP推送', 'frequency': '每周1-2次', 'best_time': '工作日晚间'}]",预计在3个月内客户终身价值提升15-25%,5
CUST_000432,高忠诚度,79.73097388304899,稳定复购理性消费型,"{'top_categories': [np.str_('Clothing'), np.str_('Food'), np.str_('Home')], 'top_spend_categories': [np.str_('Electronics'), np.str_('Home'), np.str_('Clothing')], 'price_sensitivity_level': 'medium', 'promotion_responsiveness': 'high', 'avg_discount_used': np.float64(0.144466), 'promotion_purchase_rate': np.float64(0.5), 'only_promo_buyer': np.False_, 'never_promo_buyer': np.False_, 'avg_inter_purchase_days': np.float64(21.285714285714285), 'purchase_frequency_level': 'frequent', 'preferred_promo_types': [np.str_('Direct Discount'), np.str_('Bundle Deal')], 'avg_order_value': np.float64(100.56120000000001), 'spending_level': 'medium', 'total_spend': np.float64(5028.06), 'return_rate': np.float64(0.06), 'days_since_last_purchase': 33, 'activity_level': 'moderate', 'preferred_interaction_types': [np.str_('Click-Through'), np.str_('Email Open')], 'engagement_level': 'high'}","[{'type': 'cross_sell', 'strategy': '基于您对Clothing和Food的偏好，推荐配套组合产品', 'expected_impact': '增加购买品类广度'}, {'type': 'retention', 'strategy': '定期寄送专属会员杂志和新品小样，强化品牌归属感', 'expected_impact': '降低流失率 5-10%'}]","[{'category': np.str_('Clothing'), 'recommendation_type': 'personalized', 'rationale': '基于您Clothing品类的历史购买偏好'}, {'category': np.str_('Food'), 'recommendation_type': 'complementary', 'rationale': '与Clothing搭配购买的用户推荐'}, {'category': np.str_('Food'), 'recommendation_type': 'personalized', 'rationale': '基于您Food品类的历史购买偏好'}]","[{'promo_type': np.str_('Direct Discount'), 'target_category': np.str_('Clothing'), 'rationale': '您对Direct Discount促销响应率最高'}, {'promo_type': np.str_('Bundle Deal'), 'target_category': np.str_('Clothing'), 'rationale': '您对Bundle Deal促销响应率最高'}]","[{'channel': '电子邮件', 'frequency': '每周1次', 'best_time': '周二上午'}]",预计在3个月内客户终身价值提升15-25%,5
CUST_000263,高忠诚度,79.52092448766705,普通大众消费型,"{'top_categories': [np.str_('Beauty'), np.str_('Clothing'), np.str_('Home')], 'top_spend_categories': [np.str_('Electronics'), np.str_('Home'), np.str_('Clothing')], 'price_sensitivity_level': 'medium', 'promotion_responsiveness': 'medium', 'avg_discount_used': np.float64(0.07105882352941176), 'promotion_purchase_rate': np.float64(0.2647058823529412), 'only_promo_buyer': np.False_, 'never_promo_buyer': np.False_, 'avg_inter_purchase_days': np.float64(32.90909090909091), 'purchase_frequency_level': 'moderate', 'preferred_promo_types': [np.str_('Direct Discount'), np.str_('Coupon')], 'avg_order_value': np.float64(124.03676470588235), 'spending_level': 'medium', 'total_spend': np.float64(4217.25), 'return_rate': np.float64(0.029411764705882353), 'days_since_last_purchase': 5, 'activity_level': 'active', 'preferred_interaction_types': [np.str_('Email Open'), np.str_('Support Call')], 'engagement_level': 'medium'}","[{'type': 'cross_sell', 'strategy': '基于您对Beauty和Clothing的偏好，推荐配套组合产品', 'expected_impact': '增加购买品类广度'}, {'type': 'advocacy', 'strategy': '邀请成为品牌大使，享受推荐奖励和专属社群权益', 'expected_impact': '获得3-5个新客户推荐'}, {'type': 'retention', 'strategy': '定期寄送专属会员杂志和新品小样，强化品牌归属感', 'expected_impact': '降低流失率 5-10%'}]","[{'category': np.str_('Beauty'), 'recommendation_type': 'personalized', 'rationale': '基于您Beauty品类的历史购买偏好'}, {'category': np.str_('Clothing'), 'recommendation_type': 'complementary', 'rationale': '与Beauty搭配购买的用户推荐'}, {'category': np.str_('Clothing'), 'recommendation_type': 'personalized', 'rationale': '基于您Clothing品类的历史购买偏好'}]",[],"[{'channel': '电子邮件', 'frequency': '每周1次', 'best_time': '周二上午'}]",预计在3个月内客户终身价值提升15-25%,5
CUST_000340,高忠诚度,79.41809754312928,稳定复购理性消费型,"{'top_categories': [np.str_('Clothing'), np.str_('Food'), np.str_('Beauty')], 'top_spend_categories': [np.str_('Electronics'), np.str_('Clothing'), np.str_('Home')], 'price_sensitivity_level': 'medium', 'promotion_responsiveness': 'medium', 'avg_discount_used': np.float64(0.10254000000000002), 'promotion_purchase_rate': np.float64(0.34), 'only_promo_buyer': np.False_, 'never_promo_buyer': np.False_, 'avg_inter_purchase_days': np.float64(22.020408163265305), 'purchase_frequency_level': 'frequent', 'preferred_promo_types': [np.str_('Direct Discount'), np.str_('Membership Discount')], 'avg_order_value': np.float64(94.53699999999999), 'spending_level': 'medium', 'total_spend': np.float64(4726.849999999999), 'return_rate': np.float64(0.04), 'days_since_last_purchase': 15, 'activity_level': 'active', 'preferred_interaction_types': [np.str_('Email Open'), np.str_('Click-Through')], 'engagement_level': 'medium'}","[{'type': 'cross_sell', 'strategy': '基于您对Clothing和Food的偏好，推荐配套组合产品', 'expected_impact': '增加购买品类广度'}, {'type': 'advocacy', 'strategy': '邀请成为品牌大使，享受推荐奖励和专属社群权益', 'expected_impact': '获得3-5个新客户推荐'}, {'type': 'retention', 'strategy': '定期寄送专属会员杂志和新品小样，强化品牌归属感', 'expected_impact': '降低流失率 5-10%'}]","[{'category': np.str_('Clothing'), 'recommendation_type': 'personalized', 'rationale': '基于您Clothing品类的历史购买偏好'}, {'category': np.str_('Food'), 'recommendation_type': 'complementary', 'rationale': '与Clothing搭配购买的用户推荐'}, {'category': np.str_('Food'), 'recommendation_type': 'personalized', 'rationale': '基于您Food品类的历史购买偏好'}]",[],"[{'channel': '电子邮件', 'frequency': '每周1次', 'best_time': '周二上午'}]",预计在3个月内客户终身价值提升15-25%,5
CUST_000397,高忠诚度,79.312060509596,稳定复购理性消费型,"{'top_categories': [np.str_('Electronics'), np.str_('Clothing'), np.str_('Food')], 'top_spend_categories': [np.str_('Electronics'), np.str_('Home'), np.str_('Sports')], 'price_sensitivity_level': 'medium', 'promotion_responsiveness': 'medium', 'avg_discount_used': np.float64(0.07533023255813953), 'promotion_purchase_rate': np.float64(0.2558139534883721), 'only_promo_buyer': np.False_, 'never_promo_buyer': np.False_, 'avg_inter_purchase_days': np.float64(25.30952380952381), 'purchase_frequency_level': 'frequent', 'preferred_promo_types': [np.str_('Coupon'), np.str_('Bundle Deal')], 'avg_order_value': np.float64(127.48023255813955), 'spending_level': 'medium', 'total_spend': np.float64(5481.650000000001), 'return_rate': np.float64(0.023255813953488372), 'days_since_last_purchase': 7, 'activity_level': 'active', 'preferred_interaction_types': [np.str_('Email Open'), np.str_('Click-Through')], 'engagement_level': 'medium'}","[{'type': 'cross_sell', 'strategy': '基于您对Electronics和Clothing的偏好，推荐配套组合产品', 'expected_impact': '增加购买品类广度'}, {'type': 'advocacy', 'strategy': '邀请成为品牌大使，享受推荐奖励和专属社群权益', 'expected_impact': '获得3-5个新客户推荐'}, {'type': 'retention', 'strategy': '定期寄送专属会员杂志和新品小样，强化品牌归属感', 'expected_impact': '降低流失率 5-10%'}]","[{'category': np.str_('Electronics'), 'recommendation_type': 'personalized', 'rationale': '基于您Electronics品类的历史购买偏好'}, {'category': np.str_('Clothing'), 'recommendation_type': 'complementary', 'rationale': '与Electronics搭配购买的用户推荐'}, {'category': np.str_('Clothing'), 'recommendation_type': 'personalized', 'rationale': '基于您Clothing品类的历史购买偏好'}]",[],"[{'channel': '电子邮件', 'frequency': '每周1次', 'best_time': '周二上午'}]",预计在3个月内客户终身价值提升15-25%,5
CUST_000356,高忠诚度,79.27785281944593,稳定复购理性消费型,"{'top_categories': [np.str_('Clothing'), np.str_('Electronics'), np.str_('Sports')], 'top_spend_categories': [np.str_('Electronics'), np.str_('Home'), np.str_('Sports')], 'price_sensitivity_level': 'medium', 'promotion_responsiveness': 'medium', 'avg_discount_used': np.float64(0.041418367346938774), 'promotion_purchase_rate': np.float64(0.16326530612244897), 'only_promo_buyer': np.False_, 'never_promo_buyer': np.False_, 'avg_inter_purchase_days': np.float64(21.979166666666668), 'purchase_frequency_level': 'frequent', 'preferred_promo_types': [np.str_('Direct Discount'), np.str_('Membership Discount')], 'avg_order_value': np.float64(133.23326530612246), 'spending_level': 'medium', 'total_spend': np.float64(6528.43), 'return_rate': np.float64(0.02040816326530612), 'days_since_last_purchase': 24, 'activity_level': 'active', 'preferred_interaction_types': [np.str_('Email Open'), np.str_('Click-Through')], 'engagement_level': 'high'}","[{'type': 'cross_sell', 'strategy': '基于您对Clothing和Electronics的偏好，推荐配套组合产品', 'expected_impact': '增加购买品类广度'}, {'type': 'advocacy', 'strategy': '邀请成为品牌大使，享受推荐奖励和专属社群权益', 'expected_impact': '获得3-5个新客户推荐'}, {'type': 'retention', 'strategy': '定期寄送专属会员杂志和新品小样，强化品牌归属感', 'expected_impact': '降低流失率 5-10%'}]","[{'category': np.str_('Clothing'), 'recommendation_type': 'personalized', 'rationale': '基于您Clothing品类的历史购买偏好'}, {'category': np.str_('Electronics'), 'recommendation_type': 'complementary', 'rationale': '与Clothing搭配购买的用户推荐'}, {'category': np.str_('Electronics'), 'recommendation_type': 'personalized', 'rationale': '基于您Electronics品类的历史购买偏好'}]",[],"[{'channel': '电子邮件', 'frequency': '每周1次', 'best_time': '周二上午'}]",预计在3个月内客户终身价值提升15-25%,5
CUST_000132,高忠诚度,79.03395356947853,普通大众消费型,"{'top_categories': [np.str_('Clothing'), np.str_('Electronics'), np.str_('Home')], 'top_spend_categories': [np.str_('Electronics'), np.str_('Home'), np.str_('Clothing')], 'price_sensitivity_level': 'low', 'promotion_responsiveness': 'medium', 'avg_discount_used': np.float64(0.07266666666666667), 'promotion_purchase_rate': np.float64(0.26666666666666666), 'only_promo_buyer': np.False_, 'never_promo_buyer': np.False_, 'avg_inter_purchase_days': np.float64(35.48275862068966), 'purchase_frequency_level': 'moderate', 'preferred_promo_types': [np.str_('Direct Discount'), np.str_('Seasonal Sale')], 'avg_order_value': np.float64(141.69099999999997), 'spending_level': 'medium', 'total_spend': np.float64(4250.73), 'return_rate': np.float64(0.0), 'days_since_last_purchase': 8, 'activity_level': 'active', 'preferred_interaction_types': [np.str_('Social Media'), np.str_('Click-Through')], 'engagement_level': 'medium'}","[{'type': 'cross_sell', 'strategy': '基于您对Clothing和Electronics的偏好，推荐配套组合产品', 'expected_impact': '增加购买品类广度'}, {'type': 'advocacy', 'strategy': '邀请成为品牌大使，享受推荐奖励和专属社群权益', 'expected_impact': '获得3-5个新客户推荐'}, {'type': 'retention', 'strategy': '定期寄送专属会员杂志和新品小样，强化品牌归属感', 'expected_impact': '降低流失率 5-10%'}]","[{'category': np.str_('Clothing'), 'recommendation_type': 'personalized', 'rationale': '基于您Clothing品类的历史购买偏好'}, {'category': np.str_('Electronics'), 'recommendation_type': 'complementary', 'rationale': '与Clothing搭配购买的用户推荐'}, {'category': np.str_('Electronics'), 'recommendation_type': 'personalized', 'rationale': '基于您Electronics品类的历史购买偏好'}]",[],"[{'channel': '社交媒体', 'frequency': '每周2-3次', 'best_time': '周末下午'}]",预计在3个月内客户终身价值提升15-25%,5
CUST_000368,高忠诚度,78.87650944725169,稳定复购理性消费型,"{'top_categories': [np.str_('Clothing'), np.str_('Home'), np.str_('Beauty')], 'top_spend_categories': [np.str_('Electronics'), np.str_('Home'), np.str_('Clothing')], 'price_sensitivity_level': 'medium', 'promotion_responsiveness': 'medium', 'avg_discount_used': np.float64(0.06289523809523809), 'promotion_purchase_rate': np.float64(0.21428571428571427), 'only_promo_buyer': np.False_, 'never_promo_buyer': np.False_, 'avg_inter_purchase_days': np.float64(26.5609756097561), 'purchase_frequency_level': 'frequent', 'preferred_promo_types': [np.str_('Seasonal Sale'), np.str_('Coupon')], 'avg_order_value': np.float64(116.78809523809522), 'spending_level': 'medium', 'total_spend': np.float64(4905.099999999999), 'return_rate': np.float64(0.0), 'days_since_last_purchase': 3, 'activity_level': 'active', 'preferred_interaction_types': [np.str_('Click-Through'), np.str_('Email Open')], 'engagement_level': 'medium'}","[{'type': 'cross_sell', 'strategy': '基于您对Clothing和Home的偏好，推荐配套组合产品', 'expected_impact': '增加购买品类广度'}, {'type': 'advocacy', 'strategy': '邀请成为品牌大使，享受推荐奖励和专属社群权益', 'expected_impact': '获得3-5个新客户推荐'}, {'type': 'retention', 'strategy': '定期寄送专属会员杂志和新品小样，强化品牌归属感', 'expected_impact': '降低流失率 5-10%'}]","[{'category': np.str_('Clothing'), 'recommendation_type': 'personalized', 'rationale': '基于您Clothing品类的历史购买偏好'}, {'category': np.str_('Home'), 'recommendation_type': 'complementary', 'rationale': '与Clothing搭配购买的用户推荐'}, {'category': np.str_('Home'), 'recommendation_type': 'personalized', 'rationale': '基于您Home品类的历史购买偏好'}]",[],"[{'channel': '电子邮件', 'frequency': '每周1次', 'best_time': '周二上午'}]",预计在3个月内客户终身价值提升15-25%,5
CUST_000436,高忠诚度,78.77191107735182,稳定复购理性消费型,"{'top_categories': [np.str_('Beauty'), np.str_('Clothing'), np.str_('Home')], 'top_spend_categories': [np.str_('Electronics'), np.str_('Sports'), np.str_('Home')], 'price_sensitivity_level': 'medium', 'promotion_responsiveness': 'medium', 'avg_discount_used': np.float64(0.08113), 'promotion_purchase_rate': np.float64(0.3), 'only_promo_buyer': np.False_, 'never_promo_buyer': np.False_, 'avg_inter_purchase_days': np.float64(21.224489795918366), 'purchase_frequency_level': 'frequent', 'preferred_promo_types': [np.str_('Membership Discount'), np.str_('Coupon')], 'avg_order_value': np.float64(106.54279999999999), 'spending_level': 'medium', 'total_spend': np.float64(5327.139999999999), 'return_rate': np.float64(0.0), 'days_since_last_purchase': 26, 'activity_level': 'active', 'preferred_interaction_types': [np.str_('Email Open'), np.str_('Social Media')], 'engagement_level': 'high'}","[{'type': 'cross_sell', 'strategy': '基于您对Beauty和Clothing的偏好，推荐配套组合产品', 'expected_impact': '增加购买品类广度'}, {'type': 'advocacy', 'strategy': '邀请成为品牌大使，享受推荐奖励和专属社群权益', 'expected_impact': '获得3-5个新客户推荐'}, {'type': 'retention', 'strategy': '定期寄送专属会员杂志和新品小样，强化品牌归属感', 'expected_impact': '降低流失率 5-10%'}]","[{'category': np.str_('Beauty'), 'recommendation_type': 'personalized', 'rationale': '基于您Beauty品类的历史购买偏好'}, {'category': np.str_('Clothing'), 'recommendation_type': 'complementary', 'rationale': '与Beauty搭配购买的用户推荐'}, {'category': np.str_('Clothing'), 'recommendation_type': 'personalized', 'rationale': '基于您Clothing品类的历史购买偏好'}]",[],"[{'channel': '电子邮件', 'frequency': '每周1次', 'best_time': '周二上午'}, {'channel': '社交媒体', 'frequency': '每周2-3次', 'best_time': '周末下午'}]",预计在3个月内客户终身价值提升15-25%,5
CUST_000374,高忠诚度,78.66457536927076,稳定复购理性消费型,"{'top_categories': [np.str_('Home'), np.str_('Clothing'), np.str_('Food')], 'top_spend_categories': [np.str_('Electronics'), np.str_('Home'), np.str_('Clothing')], 'price_sensitivity_level': 'medium', 'promotion_responsiveness': 'medium', 'avg_discount_used': np.float64(0.06511282051282051), 'promotion_purchase_rate': np.float64(0.20512820512820512), 'only_promo_buyer': np.False_, 'never_promo_buyer': np.False_, 'avg_inter_purchase_days': np.float64(28.342105263157894), 'purchase_frequency_level': 'frequent', 'preferred_promo_types': [np.str_('Direct Discount'), np.str_('Membership Discount')], 'avg_order_value': np.float64(87.76923076923077), 'spending_level': 'medium', 'total_spend': np.float64(3423.0), 'return_rate': np.float64(0.02564102564102564), 'days_since_last_purchase': 16, 'activity_level': 'active', 'preferred_interaction_types': [np.str_('Email Open'), np.str_('Click-Through')], 'engagement_level': 'medium'}","[{'type': 'cross_sell', 'strategy': '基于您对Home和Clothing的偏好，推荐配套组合产品', 'expected_impact': '增加购买品类广度'}, {'type': 'advocacy', 'strategy': '邀请成为品牌大使，享受推荐奖励和专属社群权益', 'expected_impact': '获得3-5个新客户推荐'}, {'type': 'retention', 'strategy': '定期寄送专属会员杂志和新品小样，强化品牌归属感', 'expected_impact': '降低流失率 5-10%'}]","[{'category': np.str_('Home'), 'recommendation_type': 'personalized', 'rationale': '基于您Home品类的历史购买偏好'}, {'category': np.str_('Clothing'), 'recommendation_type': 'complementary', 'rationale': '与Home搭配购买的用户推荐'}, {'category': np.str_('Clothing'), 'recommendation_type': 'personalized', 'rationale': '基于您Clothing品类的历史购买偏好'}]",[],"[{'channel': '电子邮件', 'frequency': '每周1次', 'best_time': '周二上午'}]",预计在3个月内客户终身价值提升15-25%,5
CUST_000235,高忠诚度,78.49089520849056,稳定复购理性消费型,"{'top_categories': [np.str_('Clothing'), np.str_('Electronics'), np.str_('Home')], 'top_spend_categories': [np.str_('Electronics'), np.str_('Home'), np.str_('Clothing')], 'price_sensitivity_level': 'medium', 'promotion_responsiveness': 'high', 'avg_discount_used': np.float64(0.11469599999999998), 'promotion_purchase_rate': np.float64(0.38), 'only_promo_buyer': np.False_, 'never_promo_buyer': np.False_, 'avg_inter_purchase_days': np.float64(20.693877551020407), 'purchase_frequency_level': 'frequent', 'preferred_promo_types': [np.str_('Direct Discount'), np.str_('Bundle Deal')], 'avg_order_value': np.float64(119.4588), 'spending_level': 'medium', 'total_spend': np.float64(5972.94), 'return_rate': np.float64(0.06), 'days_since_last_purchase': 77, 'activity_level': 'moderate', 'preferred_interaction_types': [np.str_('Email Open'), np.str_('App Visit')], 'engagement_level': 'high'}","[{'type': 'cross_sell', 'strategy': '基于您对Clothing和Electronics的偏好，推荐配套组合产品', 'expected_impact': '增加购买品类广度'}, {'type': 'retention', 'strategy': '定期寄送专属会员杂志和新品小样，强化品牌归属感', 'expected_impact': '降低流失率 5-10%'}]","[{'category': np.str_('Clothing'), 'recommendation_type': 'personalized', 'rationale': '基于您Clothing品类的历史购买偏好'}, {'category': np.str_('Electronics'), 'recommendation_type': 'complementary', 'rationale': '与Clothing搭配购买的用户推荐'}, {'category': np.str_('Electronics'), 'recommendation_type': 'personalized', 'rationale': '基于您Electronics品类的历史购买偏好'}]","[{'promo_type': np.str_('Direct Discount'), 'target_category': np.str_('Clothing'), 'rationale': '您对Direct Discount促销响应率最高'}, {'promo_type': np.str_('Bundle Deal'), 'target_category': np.str_('Clothing'), 'rationale': '您对Bundle Deal促销响应率最高'}]","[{'channel': 'APP推送', 'frequency': '每周1-2次', 'best_time': '工作日晚间'}, {'channel': '电子邮件', 'frequency': '每周1次', 'best_time': '周二上午'}]",预计在3个月内客户终身价值提升15-25%,5
CUST_000064,高忠诚度,78.41016177115266,稳定复购理性消费型,"{'top_categories': [np.str_('Electronics'), np.str_('Food'), np.str_('Beauty')], 'top_spend_categories': [np.str_('Electronics'), np.str_('Home'), np.str_('Clothing')], 'price_sensitivity_level': 'high', 'promotion_responsiveness': 'medium', 'avg_discount_used': np.float64(0.026734285714285717), 'promotion_purchase_rate': np.float64(0.11428571428571428), 'only_promo_buyer': np.False_, 'never_promo_buyer': np.False_, 'avg_inter_purchase_days': np.float64(28.61764705882353), 'purchase_frequency_level': 'frequent', 'preferred_promo_types': [np.str_('Seasonal Sale'), np.str_('Coupon')], 'avg_order_value': np.float64(140.3897142857143), 'spending_level': 'medium', 'total_spend': np.float64(4913.64), 'return_rate': np.float64(0.02857142857142857), 'days_since_last_purchase': 22, 'activity_level': 'active', 'preferred_interaction_types': [np.str_('Email Open'), np.str_('Click-Through')], 'engagement_level': 'medium'}","[{'type': 'cross_sell', 'strategy': '基于您对Electronics和Food的偏好，推荐配套组合产品', 'expected_impact': '增加购买品类广度'}, {'type': 'advocacy', 'strategy': '邀请成为品牌大使，享受推荐奖励和专属社群权益', 'expected_impact': '获得3-5个新客户推荐'}, {'type': 'retention', 'strategy': '定期寄送专属会员杂志和新品小样，强化品牌归属感', 'expected_impact': '降低流失率 5-10%'}]","[{'category': np.str_('Electronics'), 'recommendation_type': 'personalized', 'rationale': '基于您Electronics品类的历史购买偏好'}, {'category': np.str_('Food'), 'recommendation_type': 'complementary', 'rationale': '与Electronics搭配购买的用户推荐'}, {'category': np.str_('Food'), 'recommendation_type': 'personalized', 'rationale': '基于您Food品类的历史购买偏好'}]",[],"[{'channel': '电子邮件', 'frequency': '每周1次', 'best_time': '周二上午'}]",预计在3个月内客户终身价值提升15-25%,5
CUST_000379,高忠诚度,78.30055054554347,稳定复购理性消费型,"{'top_categories': [np.str_('Electronics'), np.str_('Clothing'), np.str_('Beauty')], 'top_spend_categories': [np.str_('Electronics'), np.str_('Home'), np.str_('Sports')], 'price_sensitivity_level': 'medium', 'promotion_responsiveness': 'high', 'avg_discount_used': np.float64(0.10340250000000002), 'promotion_purchase_rate': np.float64(0.425), 'only_promo_buyer': np.False_, 'never_promo_buyer': np.False_, 'avg_inter_purchase_days': np.float64(27.076923076923077), 'purchase_frequency_level': 'frequent', 'preferred_promo_types': [np.str_('Bundle Deal'), np.str_('Direct Discount')], 'avg_order_value': np.float64(134.10225), 'spending_level': 'medium', 'total_spend': np.float64(5364.09), 'return_rate': np.float64(0.025), 'days_since_last_purchase': 23, 'activity_level': 'active', 'preferred_interaction_types': [np.str_('Social Media'), np.str_('Click-Through')], 'engagement_level': 'high'}","[{'type': 'cross_sell', 'strategy': '基于您对Electronics和Clothing的偏好，推荐配套组合产品', 'expected_impact': '增加购买品类广度'}, {'type': 'advocacy', 'strategy': '邀请成为品牌大使，享受推荐奖励和专属社群权益', 'expected_impact': '获得3-5个新客户推荐'}, {'type': 'retention', 'strategy': '定期寄送专属会员杂志和新品小样，强化品牌归属感', 'expected_impact': '降低流失率 5-10%'}]","[{'category': np.str_('Electronics'), 'recommendation_type': 'personalized', 'rationale': '基于您Electronics品类的历史购买偏好'}, {'category': np.str_('Clothing'), 'recommendation_type': 'complementary', 'rationale': '与Electronics搭配购买的用户推荐'}, {'category': np.str_('Clothing'), 'recommendation_type': 'personalized', 'rationale': '基于您Clothing品类的历史购买偏好'}]","[{'promo_type': np.str_('Bundle Deal'), 'target_category': np.str_('Electronics'), 'rationale': '您对Bundle Deal促销响应率最高'}, {'promo_type': np.str_('Direct Discount'), 'target_category': np.str_('Electronics'), 'rationale': '您对Direct Discount促销响应率最高'}]","[{'channel': '社交媒体', 'frequency': '每周2-3次', 'best_time': '周末下午'}]",预计在3个月内客户终身价值提升15-25%,5
CUST_000067,中忠诚度,68.1255322016046,普通大众消费型,"{'top_categories': [np.str_('Clothing'), np.str_('Electronics'), np.str_('Home')], 'top_spend_categories': [np.str_('Electronics'), np.str_('Clothing'), np.str_('Home')], 'price_sensitivity_level': 'low', 'promotion_responsiveness': 'medium', 'avg_discount_used': np.float64(0.10580400000000001), 'promotion_purchase_rate': np.float64(0.32), 'only_promo_buyer': np.False_, 'never_promo_buyer': np.False_, 'avg_inter_purchase_days': np.float64(43.625), 'purchase_frequency_level': 'moderate', 'preferred_promo_types': [np.str_('Direct Discount'), np.str_('Seasonal Sale')], 'avg_order_value': np.float64(124.57039999999999), 'spending_level': 'medium', 'total_spend': np.float64(3114.2599999999998), 'return_rate': np.float64(0.0), 'days_since_last_purchase': 38, 'activity_level': 'moderate', 'preferred_interaction_types': [np.str_('Email Open'), np.str_('Click-Through')], 'engagement_level': 'medium'}","[{'type': 'repurchase', 'strategy': '针对您偏好的Clothing品类，发送补货提醒和专属优惠', 'expected_impact': '提升复购频次 15-25%'}, {'type': 'premium', 'strategy': '推荐品质升级路线，提供新品优先购买和免费试用机会', 'expected_impact': '提升客单价 15-25%'}, {'type': 'upgrade', 'strategy': '设置成长目标，达成后升级至高忠诚度会员，解锁更多权益', 'expected_impact': '30%概率升级至高忠诚度'}]","[{'category': np.str_('Clothing'), 'recommendation_type': 'personalized', 'rationale': '基于您Clothing品类的历史购买偏好'}, {'category': np.str_('Electronics'), 'recommendation_type': 'complementary', 'rationale': '与Clothing搭配购买的用户推荐'}, {'category': np.str_('Electronics'), 'recommendation_type': 'personalized', 'rationale': '基于您Electronics品类的历史购买偏好'}]",[],"[{'channel': '电子邮件', 'frequency': '每周1次', 'best_time': '周二上午'}]",预计在3个月内20-30%的概率升级至高忠诚度,4
CUST_000242,中忠诚度,64.6245668372062,深度互动潜力成长型,"{'top_categories': [np.str_('Clothing'), np.str_('Food'), np.str_('Sports')], 'top_spend_categories': [np.str_('Home'), np.str_('Electronics'), np.str_('Sports')], 'price_sensitivity_level': 'medium', 'promotion_responsiveness': 'medium', 'avg_discount_used': np.float64(0.159225), 'promotion_purchase_rate': np.float64(0.4166666666666667), 'only_promo_buyer': np.False_, 'never_promo_buyer': np.False_, 'avg_inter_purchase_days': np.float64(94.45454545454545), 'purchase_frequency_level': 'infrequent', 'preferred_promo_types': [np.str_('Coupon'), np.str_('Bundle Deal')], 'avg_order_value': np.float64(83.98416666666667), 'spending_level': 'medium', 'total_spend': np.float64(1007.81), 'return_rate': np.float64(0.0), 'days_since_last_purchase': 8, 'activity_level': 'active', 'preferred_interaction_types': [np.str_('Click-Through'), np.str_('Social Media')], 'engagement_level': 'high'}","[{'type': 'repurchase', 'strategy': '针对您偏好的Clothing品类，发送补货提醒和专属优惠', 'expected_impact': '提升复购频次 15-25%'}, {'type': 'upgrade', 'strategy': '设置成长目标，达成后升级至高忠诚度会员，解锁更多权益', 'expected_impact': '30%概率升级至高忠诚度'}]","[{'category': np.str_('Clothing'), 'recommendation_type': 'personalized', 'rationale': '基于您Clothing品类的历史购买偏好'}, {'category': np.str_('Food'), 'recommendation_type': 'complementary', 'rationale': '与Clothing搭配购买的用户推荐'}, {'category': np.str_('Food'), 'recommendation_type': 'personalized', 'rationale': '基于您Food品类的历史购买偏好'}]",[],"[{'channel': '社交媒体', 'frequency': '每周2-3次', 'best_time': '周末下午'}]",预计在3个月内20-30%的概率升级至高忠诚度,4
CUST_000080,中忠诚度,62.91704295753677,深度互动潜力成长型,"{'top_categories': [np.str_('Sports'), np.str_('Electronics'), np.str_('Beauty')], 'top_spend_categories': [np.str_('Electronics'), np.str_('Sports'), np.str_('Home')], 'price_sensitivity_level': 'low', 'promotion_responsiveness': 'medium', 'avg_discount_used': np.float64(0.05119545454545454), 'promotion_purchase_rate': np.float64(0.2727272727272727), 'only_promo_buyer': np.False_, 'never_promo_buyer': np.False_, 'avg_inter_purchase_days': np.float64(41.76190476190476), 'purchase_frequency_level': 'moderate', 'preferred_promo_types': [np.str_('Direct Discount'), np.str_('Bundle Deal')], 'avg_order_value': np.float64(147.6631818181818), 'spending_level': 'medium', 'total_spend': np.float64(3248.59), 'return_rate': np.float64(0.09090909090909091), 'days_since_last_purchase': 141, 'activity_level': 'inactive', 'preferred_interaction_types': [np.str_('Click-Through'), np.str_('Support Call')], 'engagement_level': 'high'}","[{'type': 'repurchase', 'strategy': '针对您偏好的Sports品类，发送补货提醒和专属优惠', 'expected_impact': '提升复购频次 15-25%'}, {'type': 'premium', 'strategy': '推荐品质升级路线，提供新品优先购买和免费试用机会', 'expected_impact': '提升客单价 15-25%'}, {'type': 'upgrade', 'strategy': '设置成长目标，达成后升级至高忠诚度会员，解锁更多权益', 'expected_impact': '30%概率升级至高忠诚度'}]","[{'category': np.str_('Sports'), 'recommendation_type': 'personalized', 'rationale': '基于您Sports品类的历史购买偏好'}, {'category': np.str_('Electronics'), 'recommendation_type': 'complementary', 'rationale': '与Sports搭配购买的用户推荐'}, {'category': np.str_('Electronics'), 'recommendation_type': 'personalized', 'rationale': '基于您Electronics品类的历史购买偏好'}]",[],[],预计在3个月内20-30%的概率升级至高忠诚度,4
CUST_000036,中忠诚度,65.29846052199866,普通大众消费型,"{'top_categories': [np.str_('Food'), np.str_('Beauty'), np.str_('Clothing')], 'top_spend_categories': [np.str_('Electronics'), np.str_('Home'), np.str_('Clothing')], 'price_sensitivity_level': 'low', 'promotion_responsiveness': 'high', 'avg_discount_used': np.float64(0.10099333333333332), 'promotion_purchase_rate': np.float64(0.4), 'only_promo_buyer': np.False_, 'never_promo_buyer': np.False_, 'avg_inter_purchase_days': np.float64(35.41379310344828), 'purchase_frequency_level': 'moderate', 'preferred_promo_types': [np.str_('Seasonal Sale'), np.str_('Direct Discount')], 'avg_order_value': np.float64(75.68900000000002), 'spending_level': 'medium', 'total_spend': np.float64(2270.6700000000005), 'return_rate': np.float64(0.0), 'days_since_last_purchase': 52, 'activity_level': 'moderate', 'preferred_interaction_types': [np.str_('Social Media'), np.str_('Email Open')], 'engagement_level': 'low'}","[{'type': 'repurchase', 'strategy': '针对您偏好的Food品类，发送补货提醒和专属优惠', 'expected_impact': '提升复购频次 15-25%'}, {'type': 'premium', 'strategy': '推荐品质升级路线，提供新品优先购买和免费试用机会', 'expected_impact': '提升客单价 15-25%'}, {'type': 'promotion', 'strategy': '定期发送Seasonal Sale信息，提升购买频次', 'expected_impact': '提升促销响应率 20-30%'}, {'type': 'upgrade', 'strategy': '设置成长目标，达成后升级至高忠诚度会员，解锁更多权益', 'expected_impact': '30%概率升级至高忠诚度'}]","[{'category': np.str_('Food'), 'recommendation_type': 'personalized', 'rationale': '基于您Food品类的历史购买偏好'}, {'category': np.str_('Beauty'), 'recommendation_type': 'complementary', 'rationale': '与Food搭配购买的用户推荐'}, {'category': np.str_('Beauty'), 'recommendation_type': 'personalized', 'rationale': '基于您Beauty品类的历史购买偏好'}]","[{'promo_type': np.str_('Seasonal Sale'), 'target_category': np.str_('Food'), 'rationale': '您对Seasonal Sale促销响应率最高'}, {'promo_type': np.str_('Direct Discount'), 'target_category': np.str_('Food'), 'rationale': '您对Direct Discount促销响应率最高'}]","[{'channel': '电子邮件', 'frequency': '每周1次', 'best_time': '周二上午'}, {'channel': '社交媒体', 'frequency': '每周2-3次', 'best_time': '周末下午'}]",预计在3个月内20-30%的概率升级至高忠诚度,4
CUST_000168,中忠诚度,69.12409700165986,深度互动潜力成长型,"{'top_categories': [np.str_('Electronics'), np.str_('Home'), np.str_('Clothing')], 'top_spend_categories': [np.str_('Electronics'), np.str_('Home'), np.str_('Sports')], 'price_sensitivity_level': 'medium', 'promotion_responsiveness': 'medium', 'avg_discount_used': np.float64(0.014835000000000001), 'promotion_purchase_rate': np.float64(0.05), 'only_promo_buyer': np.False_, 'never_promo_buyer': np.True_, 'avg_inter_purchase_days': np.float64(56.31578947368421), 'purchase_frequency_level': 'moderate', 'preferred_promo_types': [np.str_('Direct Discount')], 'avg_order_value': np.float64(147.0215), 'spending_level': 'medium', 'total_spend': np.float64(2940.43), 'return_rate': np.float64(0.0), 'days_since_last_purchase': 13, 'activity_level': 'active', 'preferred_interaction_types': [np.str_('Click-Through'), np.str_('App Visit')], 'engagement_level': 'high'}","[{'type': 'repurchase', 'strategy': '针对您偏好的Electronics品类，发送补货提醒和专属优惠', 'expected_impact': '提升复购频次 15-25%'}, {'type': 'upgrade', 'strategy': '设置成长目标，达成后升级至高忠诚度会员，解锁更多权益', 'expected_impact': '30%概率升级至高忠诚度'}]","[{'category': np.str_('Electronics'), 'recommendation_type': 'personalized', 'rationale': '基于您Electronics品类的历史购买偏好'}, {'category': np.str_('Home'), 'recommendation_type': 'complementary', 'rationale': '与Electronics搭配购买的用户推荐'}, {'category': np.str_('Home'), 'recommendation_type': 'personalized', 'rationale': '基于您Home品类的历史购买偏好'}]",[],"[{'channel': 'APP推送', 'frequency': '每周1-2次', 'best_time': '工作日晚间'}]",预计在3个月内20-30%的概率升级至高忠诚度,4
CUST_000296,中忠诚度,68.7326098456067,普通大众消费型,"{'top_categories': [np.str_('Clothing'), np.str_('Food'), np.str_('Electronics')], 'top_spend_categories': [np.str_('Electronics'), np.str_('Home'), np.str_('Clothing')], 'price_sensitivity_level': 'medium', 'promotion_responsiveness': 'high', 'avg_discount_used': np.float64(0.07369473684210526), 'promotion_purchase_rate': np.float64(0.3157894736842105), 'only_promo_buyer': np.False_, 'never_promo_buyer': np.False_, 'avg_inter_purchase_days': np.float64(54.22222222222222), 'purchase_frequency_level': 'moderate', 'preferred_promo_types': [np.str_('Direct Discount'), np.str_('Membership Discount')], 'avg_order_value': np.float64(77.30105263157895), 'spending_level': 'medium', 'total_spend': np.float64(1468.72), 'return_rate': np.float64(0.0), 'days_since_last_purchase': 6, 'activity_level': 'active', 'preferred_interaction_types': [np.str_('Email Open'), np.str_('Click-Through')], 'engagement_level': 'medium'}","[{'type': 'repurchase', 'strategy': '针对您偏好的Clothing品类，发送补货提醒和专属优惠', 'expected_impact': '提升复购频次 15-25%'}, {'type': 'promotion', 'strategy': '定期发送Direct Discount信息，提升购买频次', 'expected_impact': '提升促销响应率 20-30%'}, {'type': 'upgrade', 'strategy': '设置成长目标，达成后升级至高忠诚度会员，解锁更多权益', 'expected_impact': '30%概率升级至高忠诚度'}]","[{'category': np.str_('Clothing'), 'recommendation_type': 'personalized', 'rationale': '基于您Clothing品类的历史购买偏好'}, {'category': np.str_('Food'), 'recommendation_type': 'complementary', 'rationale': '与Clothing搭配购买的用户推荐'}, {'category': np.str_('Food'), 'recommendation_type': 'personalized', 'rationale': '基于您Food品类的历史购买偏好'}]","[{'promo_type': np.str_('Direct Discount'), 'target_category': np.str_('Clothing'), 'rationale': '您对Direct Discount促销响应率最高'}, {'promo_type': np.str_('Membership Discount'), 'target_category': np.str_('Clothing'), 'rationale': '您对Membership Discount促销响应率最高'}]","[{'channel': '电子邮件', 'frequency': '每周1次', 'best_time': '周二上午'}]",预计在3个月内20-30%的概率升级至高忠诚度,4
CUST_000160,中忠诚度,61.44339676344208,沉睡待激活型,"{'top_categories': [np.str_('Clothing'), np.str_('Food'), np.str_('Home')], 'top_spend_categories': [np.str_('Electronics'), np.str_('Clothing'), np.str_('Home')], 'price_sensitivity_level': 'low', 'promotion_responsiveness': 'medium', 'avg_discount_used': np.float64(0.09520999999999999), 'promotion_purchase_rate': np.float64(0.5), 'only_promo_buyer': np.False_, 'never_promo_buyer': np.False_, 'avg_inter_purchase_days': np.float64(45.8421052631579), 'purchase_frequency_level': 'moderate', 'preferred_promo_types': [np.str_('Coupon'), np.str_('Direct Discount')], 'avg_order_value': np.float64(104.54400000000001), 'spending_level': 'medium', 'total_spend': np.float64(2090.88), 'return_rate': np.float64(0.0), 'days_since_last_purchase': 141, 'activity_level': 'inactive', 'preferred_interaction_types': [np.str_('Click-Through'), np.str_('Email Open')], 'engagement_level': 'medium'}","[{'type': 'repurchase', 'strategy': '针对您偏好的Clothing品类，发送补货提醒和专属优惠', 'expected_impact': '提升复购频次 15-25%'}, {'type': 'premium', 'strategy': '推荐品质升级路线，提供新品优先购买和免费试用机会', 'expected_impact': '提升客单价 15-25%'}, {'type': 'upgrade', 'strategy': '设置成长目标，达成后升级至高忠诚度会员，解锁更多权益', 'expected_impact': '30%概率升级至高忠诚度'}]","[{'category': np.str_('Clothing'), 'recommendation_type': 'personalized', 'rationale': '基于您Clothing品类的历史购买偏好'}, {'category': np.str_('Food'), 'recommendation_type': 'complementary', 'rationale': '与Clothing搭配购买的用户推荐'}, {'category': np.str_('Food'), 'recommendation_type': 'personalized', 'rationale': '基于您Food品类的历史购买偏好'}]",[],"[{'channel': '电子邮件', 'frequency': '每周1次', 'best_time': '周二上午'}]",预计在3个月内20-30%的概率升级至高忠诚度,4
CUST_000088,中忠诚度,60.53322176930782,沉睡待激活型,"{'top_categories': [np.str_('Electronics'), np.str_('Clothing'), np.str_('Food')], 'top_spend_categories': [np.str_('Electronics'), np.str_('Home'), np.str_('Clothing')], 'price_sensitivity_level': 'medium', 'promotion_responsiveness': 'medium', 'avg_discount_used': np.float64(0.09128571428571429), 'promotion_purchase_rate': np.float64(0.2857142857142857), 'only_promo_buyer': np.False_, 'never_promo_buyer': np.False_, 'avg_inter_purchase_days': np.float64(36.370370370370374), 'purchase_frequency_level': 'moderate', 'preferred_promo_types': [np.str_('Direct Discount'), np.str_('Bundle Deal')], 'avg_order_value': np.float64(133.8225), 'spending_level': 'medium', 'total_spend': np.float64(3747.0299999999997), 'return_rate': np.float64(0.10714285714285714), 'days_since_last_purchase': 107, 'activity_level': 'inactive', 'preferred_interaction_types': [np.str_('Email Open'), np.str_('Click-Through')], 'engagement_level': 'medium'}","[{'type': 'repurchase', 'strategy': '针对您偏好的Electronics品类，发送补货提醒和专属优惠', 'expected_impact': '提升复购频次 15-25%'}, {'type': 'upgrade', 'strategy': '设置成长目标，达成后升级至高忠诚度会员，解锁更多权益', 'expected_impact': '30%概率升级至高忠诚度'}]","[{'category': np.str_('Electronics'), 'recommendation_type': 'personalized', 'rationale': '基于您Electronics品类的历史购买偏好'}, {'category': np.str_('Clothing'), 'recommendation_type': 'complementary', 'rationale': '与Electronics搭配购买的用户推荐'}, {'category': np.str_('Clothing'), 'recommendation_type': 'personalized', 'rationale': '基于您Clothing品类的历史购买偏好'}]",[],"[{'channel': '电子邮件', 'frequency': '每周1次', 'best_time': '周二上午'}]",预计在3个月内20-30%的概率升级至高忠诚度,4
CUST_000365,中忠诚度,54.23243654555328,深度互动潜力成长型,"{'top_categories': [np.str_('Electronics'), np.str_('Food'), np.str_('Beauty')], 'top_spend_categories': [np.str_('Electronics'), np.str_('Food'), np.str_('Beauty')], 'price_sensitivity_level': 'low', 'promotion_responsiveness': 'medium', 'avg_discount_used': np.float64(0.0339090909090909), 'promotion_purchase_rate': np.float64(0.2727272727272727), 'only_promo_buyer': np.False_, 'never_promo_buyer': np.False_, 'avg_inter_purchase_days': np.float64(83.3), 'purchase_frequency_level': 'moderate', 'preferred_promo_types': [np.str_('Direct Discount'), np.str_('Coupon')], 'avg_order_value': np.float64(188.98727272727274), 'spending_level': 'medium', 'total_spend': np.float64(2078.86), 'return_rate': np.float64(0.0), 'days_since_last_purchase': 131, 'activity_level': 'inactive', 'preferred_interaction_types': [np.str_('Click-Through'), np.str_('Support Call')], 'engagement_level': 'high'}","[{'type': 'repurchase', 'strategy': '针对您偏好的Electronics品类，发送补货提醒和专属优惠', 'expected_impact': '提升复购频次 15-25%'}, {'type': 'premium', 'strategy': '推荐品质升级路线，提供新品优先购买和免费试用机会', 'expected_impact': '提升客单价 15-25%'}, {'type': 'upgrade', 'strategy': '设置成长目标，达成后升级至高忠诚度会员，解锁更多权益', 'expected_impact': '30%概率升级至高忠诚度'}]","[{'category': np.str_('Electronics'), 'recommendation_type': 'personalized', 'rationale': '基于您Electronics品类的历史购买偏好'}, {'category': np.str_('Food'), 'recommendation_type': 'complementary', 'rationale': '与Electronics搭配购买的用户推荐'}, {'category': np.str_('Food'), 'recommendation_type': 'personalized', 'rationale': '基于您Food品类的历史购买偏好'}]",[],[],预计在3个月内20-30%的概率升级至高忠诚度,4
CUST_000486,中忠诚度,69.23300488649792,普通大众消费型,"{'top_categories': [np.str_('Electronics'), np.str_('Beauty'), np.str_('Food')], 'top_spend_categories': [np.str_('Electronics'), np.str_('Sports'), np.str_('Clothing')], 'price_sensitivity_level': 'low', 'promotion_responsiveness': 'low', 'avg_discount_used': np.float64(0.056784615384615385), 'promotion_purchase_rate': np.float64(0.2692307692307692), 'only_promo_buyer': np.False_, 'never_promo_buyer': np.False_, 'avg_inter_purchase_days': np.float64(42.08), 'purchase_frequency_level': 'moderate', 'preferred_promo_types': [np.str_('Direct Discount'), np.str_('Coupon')], 'avg_order_value': np.float64(118.90076923076923), 'spending_level': 'medium', 'total_spend': np.float64(3091.42), 'return_rate': np.float64(0.0), 'days_since_last_purchase': 3, 'activity_level': 'active', 'preferred_interaction_types': [np.str_('Email Open'), np.str_('Click-Through')], 'engagement_level': 'medium'}","[{'type': 'repurchase', 'strategy': '针对您偏好的Electronics品类，发送补货提醒和专属优惠', 'expected_impact': '提升复购频次 15-25%'}, {'type': 'premium', 'strategy': '推荐品质升级路线，提供新品优先购买和免费试用机会', 'expected_impact': '提升客单价 15-25%'}, {'type': 'upgrade', 'strategy': '设置成长目标，达成后升级至高忠诚度会员，解锁更多权益', 'expected_impact': '30%概率升级至高忠诚度'}]","[{'category': np.str_('Electronics'), 'recommendation_type': 'personalized', 'rationale': '基于您Electronics品类的历史购买偏好'}, {'category': np.str_('Beauty'), 'recommendation_type': 'complementary', 'rationale': '与Electronics搭配购买的用户推荐'}, {'category': np.str_('Beauty'), 'recommendation_type': 'personalized', 'rationale': '基于您Beauty品类的历史购买偏好'}]",[],"[{'channel': '电子邮件', 'frequency': '每周1次', 'best_time': '周二上午'}]",预计在3个月内20-30%的概率升级至高忠诚度,4
CUST_000248,中忠诚度,61.789724774000106,深度互动潜力成长型,"{'top_categories': [np.str_('Clothing'), np.str_('Beauty'), np.str_('Food')], 'top_spend_categories': [np.str_('Electronics'), np.str_('Clothing'), np.str_('Home')], 'price_sensitivity_level': 'high', 'promotion_responsiveness': 'medium', 'avg_discount_used': np.float64(0.188855), 'promotion_purchase_rate': np.float64(0.45), 'only_promo_buyer': np.False_, 'never_promo_buyer': np.False_, 'avg_inter_purchase_days': np.float64(51.526315789473685), 'purchase_frequency_level': 'moderate', 'preferred_promo_types': [np.str_('Direct Discount'), np.str_('Bundle Deal')], 'avg_order_value': np.float64(79.67999999999998), 'spending_level': 'medium', 'total_spend': np.float64(1593.5999999999997), 'return_rate': np.float64(0.1), 'days_since_last_purchase': 89, 'activity_level': 'moderate', 'preferred_interaction_types': [np.str_('Click-Through'), np.str_('Social Media')], 'engagement_level': 'high'}","[{'type': 'repurchase', 'strategy': '针对您偏好的Clothing品类，发送补货提醒和专属优惠', 'expected_impact': '提升复购频次 15-25%'}, {'type': 'promotion', 'strategy': '加入价格保护计划，降价自动退差价，享受会员专享折扣', 'expected_impact': '提升转化率 10-20%'}, {'type': 'upgrade', 'strategy': '设置成长目标，达成后升级至高忠诚度会员，解锁更多权益', 'expected_impact': '30%概率升级至高忠诚度'}]","[{'category': np.str_('Clothing'), 'recommendation_type': 'personalized', 'rationale': '基于您Clothing品类的历史购买偏好'}, {'category': np.str_('Beauty'), 'recommendation_type': 'complementary', 'rationale': '与Clothing搭配购买的用户推荐'}, {'category': np.str_('Beauty'), 'recommendation_type': 'personalized', 'rationale': '基于您Beauty品类的历史购买偏好'}]",[],"[{'channel': '社交媒体', 'frequency': '每周2-3次', 'best_time': '周末下午'}]",预计在3个月内20-30%的概率升级至高忠诚度,4
CUST_000467,中忠诚度,49.322388078613166,普通大众消费型,"{'top_categories': [np.str_('Food'), np.str_('Clothing'), np.str_('Electronics')], 'top_spend_categories': [np.str_('Electronics'), np.str_('Home'), np.str_('Clothing')], 'price_sensitivity_level': 'medium', 'promotion_responsiveness': 'medium', 'avg_discount_used': np.float64(0.039621052631578946), 'promotion_purchase_rate': np.float64(0.15789473684210525), 'only_promo_buyer': np.False_, 'never_promo_buyer': np.False_, 'avg_inter_purchase_days': np.float64(55.94444444444444), 'purchase_frequency_level': 'moderate', 'preferred_promo_types': [np.str_('Coupon'), np.str_('Direct Discount')], 'avg_order_value': np.float64(109.58526315789473), 'spending_level': 'medium', 'total_spend': np.float64(2082.12), 'return_rate': np.float64(0.0), 'days_since_last_purchase': 79, 'activity_level': 'moderate', 'preferred_interaction_types': [np.str_('Email Open'), np.str_('Support Call')], 'engagement_level': 'low'}","[{'type': 'repurchase', 'strategy': '针对您偏好的Food品类，发送补货提醒和专属优惠', 'expected_impact': '提升复购频次 15-25%'}, {'type': 'upgrade', 'strategy': '设置成长目标，达成后升级至高忠诚度会员，解锁更多权益', 'expected_impact': '30%概率升级至高忠诚度'}]","[{'category': np.str_('Food'), 'recommendation_type': 'personalized', 'rationale': '基于您Food品类的历史购买偏好'}, {'category': np.str_('Clothing'), 'recommendation_type': 'complementary', 'rationale': '与Food搭配购买的用户推荐'}, {'category': np.str_('Clothing'), 'recommendation_type': 'personalized', 'rationale': '基于您Clothing品类的历史购买偏好'}]",[],"[{'channel': '电子邮件', 'frequency': '每周1次', 'best_time': '周二上午'}]",预计在3个月内20-30%的概率升级至高忠诚度,4
CUST_000108,中忠诚度,51.80497483197451,深度互动潜力成长型,"{'top_categories': [np.str_('Beauty'), np.str_('Food'), np.str_('Home')], 'top_spend_categories': [np.str_('Electronics'), np.str_('Home'), np.str_('Sports')], 'price_sensitivity_level': 'medium', 'promotion_responsiveness': 'high', 'avg_discount_used': np.float64(0.048043749999999996), 'promotion_purchase_rate': np.float64(0.1875), 'only_promo_buyer': np.False_, 'never_promo_buyer': np.False_, 'avg_inter_purchase_days': np.float64(72.46666666666667), 'purchase_frequency_level': 'moderate', 'preferred_promo_types': [np.str_('Coupon'), np.str_('Seasonal Sale')], 'avg_order_value': np.float64(76.1825), 'spending_level': 'medium', 'total_spend': np.float64(1218.92), 'return_rate': np.float64(0.0), 'days_since_last_purchase': 8, 'activity_level': 'active', 'preferred_interaction_types': [np.str_('Support Call'), np.str_('Email Open')], 'engagement_level': 'high'}","[{'type': 'repurchase', 'strategy': '针对您偏好的Beauty品类，发送补货提醒和专属优惠', 'expected_impact': '提升复购频次 15-25%'}, {'type': 'promotion', 'strategy': '定期发送Coupon信息，提升购买频次', 'expected_impact': '提升促销响应率 20-30%'}, {'type': 'upgrade', 'strategy': '设置成长目标，达成后升级至高忠诚度会员，解锁更多权益', 'expected_impact': '30%概率升级至高忠诚度'}]","[{'category': np.str_('Beauty'), 'recommendation_type': 'personalized', 'rationale': '基于您Beauty品类的历史购买偏好'}, {'category': np.str_('Food'), 'recommendation_type': 'complementary', 'rationale': '与Beauty搭配购买的用户推荐'}, {'category': np.str_('Food'), 'recommendation_type': 'personalized', 'rationale': '基于您Food品类的历史购买偏好'}]","[{'promo_type': np.str_('Coupon'), 'target_category': np.str_('Beauty'), 'rationale': '您对Coupon促销响应率最高'}, {'promo_type': np.str_('Seasonal Sale'), 'target_category': np.str_('Beauty'), 'rationale': '您对Seasonal Sale促销响应率最高'}]","[{'channel': '电子邮件', 'frequency': '每周1次', 'best_time': '周二上午'}]",预计在3个月内20-30%的概率升级至高忠诚度,4
CUST_000111,中忠诚度,59.822070223437215,沉睡待激活型,"{'top_categories': [np.str_('Clothing'), np.str_('Electronics'), np.str_('Sports')], 'top_spend_categories': [np.str_('Electronics'), np.str_('Clothing'), np.str_('Sports')], 'price_sensitivity_level': 'medium', 'promotion_responsiveness': 'high', 'avg_discount_used': np.float64(0.10928000000000002), 'promotion_purchase_rate': np.float64(0.4), 'only_promo_buyer': np.False_, 'never_promo_buyer': np.False_, 'avg_inter_purchase_days': np.float64(62.714285714285715), 'purchase_frequency_level': 'moderate', 'preferred_promo_types': [np.str_('Direct Discount'), np.str_('Bundle Deal')], 'avg_order_value': np.float64(135.824), 'spending_level': 'medium', 'total_spend': np.float64(2037.3600000000001), 'return_rate': np.float64(0.0), 'days_since_last_purchase': 98, 'activity_level': 'inactive', 'preferred_interaction_types': [np.str_('Email Open'), np.str_('Click-Through')], 'engagement_level': 'medium'}","[{'type': 'repurchase', 'strategy': '针对您偏好的Clothing品类，发送补货提醒和专属优惠', 'expected_impact': '提升复购频次 15-25%'}, {'type': 'promotion', 'strategy': '定期发送Direct Discount信息，提升购买频次', 'expected_impact': '提升促销响应率 20-30%'}, {'type': 'upgrade', 'strategy': '设置成长目标，达成后升级至高忠诚度会员，解锁更多权益', 'expected_impact': '30%概率升级至高忠诚度'}]","[{'category': np.str_('Clothing'), 'recommendation_type': 'personalized', 'rationale': '基于您Clothing品类的历史购买偏好'}, {'category': np.str_('Electronics'), 'recommendation_type': 'complementary', 'rationale': '与Clothing搭配购买的用户推荐'}, {'category': np.str_('Electronics'), 'recommendation_type': 'personalized', 'rationale': '基于您Electronics品类的历史购买偏好'}]","[{'promo_type': np.str_('Direct Discount'), 'target_category': np.str_('Clothing'), 'rationale': '您对Direct Discount促销响应率最高'}, {'promo_type': np.str_('Bundle Deal'), 'target_category': np.str_('Clothing'), 'rationale': '您对Bundle Deal促销响应率最高'}]","[{'channel': '电子邮件', 'frequency': '每周1次', 'best_time': '周二上午'}]",预计在3个月内20-30%的概率升级至高忠诚度,4
CUST_000104,中忠诚度,66.96788501344327,深度互动潜力成长型,"{'top_categories': [np.str_('Home'), np.str_('Sports'), np.str_('Clothing')], 'top_spend_categories': [np.str_('Home'), np.str_('Sports'), np.str_('Electronics')], 'price_sensitivity_level': 'low', 'promotion_responsiveness': 'high', 'avg_discount_used': np.float64(0.10996875), 'promotion_purchase_rate': np.float64(0.4375), 'only_promo_buyer': np.False_, 'never_promo_buyer': np.False_, 'avg_inter_purchase_days': np.float64(62.93333333333333), 'purchase_frequency_level': 'moderate', 'preferred_promo_types': [np.str_('Coupon'), np.str_('Direct Discount')], 'avg_order_value': np.float64(110.58125), 'spending_level': 'medium', 'total_spend': np.float64(1769.3), 'return_rate': np.float64(0.125), 'days_since_last_purchase': 25, 'activity_level': 'active', 'preferred_interaction_types': [np.str_('Click-Through'), np.str_('Email Open')], 'engagement_level': 'high'}","[{'type': 'repurchase', 'strategy': '针对您偏好的Home品类，发送补货提醒和专属优惠', 'expected_impact': '提升复购频次 15-25%'}, {'type': 'premium', 'strategy': '推荐品质升级路线，提供新品优先购买和免费试用机会', 'expected_impact': '提升客单价 15-25%'}, {'type': 'promotion', 'strategy': '定期发送Coupon信息，提升购买频次', 'expected_impact': '提升促销响应率 20-30%'}, {'type': 'upgrade', 'strategy': '设置成长目标，达成后升级至高忠诚度会员，解锁更多权益', 'expected_impact': '30%概率升级至高忠诚度'}]","[{'category': np.str_('Home'), 'recommendation_type': 'personalized', 'rationale': '基于您Home品类的历史购买偏好'}, {'category': np.str_('Sports'), 'recommendation_type': 'complementary', 'rationale': '与Home搭配购买的用户推荐'}, {'category': np.str_('Sports'), 'recommendation_type': 'personalized', 'rationale': '基于您Sports品类的历史购买偏好'}]","[{'promo_type': np.str_('Coupon'), 'target_category': np.str_('Home'), 'rationale': '您对Coupon促销响应率最高'}, {'promo_type': np.str_('Direct Discount'), 'target_category': np.str_('Home'), 'rationale': '您对Direct Discount促销响应率最高'}]","[{'channel': '电子邮件', 'frequency': '每周1次', 'best_time': '周二上午'}]",预计在3个月内20-30%的概率升级至高忠诚度,4
CUST_000407,中忠诚度,58.37358955288684,深度互动潜力成长型,"{'top_categories': [np.str_('Clothing'), np.str_('Food'), np.str_('Electronics')], 'top_spend_categories': [np.str_('Electronics'), np.str_('Clothing'), np.str_('Sports')], 'price_sensitivity_level': 'low', 'promotion_responsiveness': 'high', 'avg_discount_used': np.float64(0.04743157894736842), 'promotion_purchase_rate': np.float64(0.21052631578947367), 'only_promo_buyer': np.False_, 'never_promo_buyer': np.False_, 'avg_inter_purchase_days': np.float64(57.166666666666664), 'purchase_frequency_level': 'moderate', 'preferred_promo_types': [np.str_('Coupon'), np.str_('Membership Discount')], 'avg_order_value': np.float64(125.85842105263157), 'spending_level': 'medium', 'total_spend': np.float64(2391.31), 'return_rate': np.float64(0.0), 'days_since_last_purchase': 55, 'activity_level': 'moderate', 'preferred_interaction_types': [np.str_('Click-Through'), np.str_('Email Open')], 'engagement_level': 'high'}","[{'type': 'repurchase', 'strategy': '针对您偏好的Clothing品类，发送补货提醒和专属优惠', 'expected_impact': '提升复购频次 15-25%'}, {'type': 'premium', 'strategy': '推荐品质升级路线，提供新品优先购买和免费试用机会', 'expected_impact': '提升客单价 15-25%'}, {'type': 'promotion', 'strategy': '定期发送Coupon信息，提升购买频次', 'expected_impact': '提升促销响应率 20-30%'}, {'type': 'upgrade', 'strategy': '设置成长目标，达成后升级至高忠诚度会员，解锁更多权益', 'expected_impact': '30%概率升级至高忠诚度'}]","[{'category': np.str_('Clothing'), 'recommendation_type': 'personalized', 'rationale': '基于您Clothing品类的历史购买偏好'}, {'category': np.str_('Food'), 'recommendation_type': 'complementary', 'rationale': '与Clothing搭配购买的用户推荐'}, {'category': np.str_('Food'), 'recommendation_type': 'personalized', 'rationale': '基于您Food品类的历史购买偏好'}]","[{'promo_type': np.str_('Coupon'), 'target_category': np.str_('Clothing'), 'rationale': '您对Coupon促销响应率最高'}, {'promo_type': np.str_('Membership Discount'), 'target_category': np.str_('Clothing'), 'rationale': '您对Membership Discount促销响应率最高'}]","[{'channel': '电子邮件', 'frequency': '每周1次', 'best_time': '周二上午'}]",预计在3个月内20-30%的概率升级至高忠诚度,4
CUST_000012,中忠诚度,51.400366730581794,高退货风险犹豫型,"{'top_categories': [np.str_('Clothing'), np.str_('Electronics'), np.str_('Sports')], 'top_spend_categories': [np.str_('Electronics'), np.str_('Clothing'), np.str_('Home')], 'price_sensitivity_level': 'low', 'promotion_responsiveness': 'low', 'avg_discount_used': np.float64(0.02503846153846154), 'promotion_purchase_rate': np.float64(0.15384615384615385), 'only_promo_buyer': np.False_, 'never_promo_buyer': np.False_, 'avg_inter_purchase_days': np.float64(80.83333333333333), 'purchase_frequency_level': 'moderate', 'preferred_promo_types': [np.str_('Coupon')], 'avg_order_value': np.float64(161.91384615384615), 'spending_level': 'medium', 'total_spend': np.float64(2104.88), 'return_rate': np.float64(0.15384615384615385), 'days_since_last_purchase': 25, 'activity_level': 'active', 'preferred_interaction_types': [np.str_('Email Open'), np.str_('Support Call')], 'engagement_level': 'low'}","[{'type': 'repurchase', 'strategy': '针对您偏好的Clothing品类，发送补货提醒和专属优惠', 'expected_impact': '提升复购频次 15-25%'}, {'type': 'premium', 'strategy': '推荐品质升级路线，提供新品优先购买和免费试用机会', 'expected_impact': '提升客单价 15-25%'}, {'type': 'upgrade', 'strategy': '设置成长目标，达成后升级至高忠诚度会员，解锁更多权益', 'expected_impact': '30%概率升级至高忠诚度'}]","[{'category': np.str_('Clothing'), 'recommendation_type': 'personalized', 'rationale': '基于您Clothing品类的历史购买偏好'}, {'category': np.str_('Electronics'), 'recommendation_type': 'complementary', 'rationale': '与Clothing搭配购买的用户推荐'}, {'category': np.str_('Electronics'), 'recommendation_type': 'personalized', 'rationale': '基于您Electronics品类的历史购买偏好'}]",[],"[{'channel': '电子邮件', 'frequency': '每周1次', 'best_time': '周二上午'}]",预计在3个月内20-30%的概率升级至高忠诚度,4
CUST_000078,中忠诚度,57.662350717857706,深度互动潜力成长型,"{'top_categories': [np.str_('Electronics'), np.str_('Beauty'), np.str_('Clothing')], 'top_spend_categories': [np.str_('Electronics'), np.str_('Clothing'), np.str_('Beauty')], 'price_sensitivity_level': 'medium', 'promotion_responsiveness': 'medium', 'avg_discount_used': np.float64(0.022754545454545458), 'promotion_purchase_rate': np.float64(0.18181818181818182), 'only_promo_buyer': np.False_, 'never_promo_buyer': np.False_, 'avg_inter_purchase_days': np.float64(91.4), 'purchase_frequency_level': 'infrequent', 'preferred_promo_types': [np.str_('Bundle Deal'), np.str_('Direct Discount')], 'avg_order_value': np.float64(150.61909090909091), 'spending_level': 'medium', 'total_spend': np.float64(1656.8100000000002), 'return_rate': np.float64(0.09090909090909091), 'days_since_last_purchase': 44, 'activity_level': 'moderate', 'preferred_interaction_types': [np.str_('App Visit')], 'engagement_level': 'high'}","[{'type': 'repurchase', 'strategy': '针对您偏好的Electronics品类，发送补货提醒和专属优惠', 'expected_impact': '提升复购频次 15-25%'}, {'type': 'upgrade', 'strategy': '设置成长目标，达成后升级至高忠诚度会员，解锁更多权益', 'expected_impact': '30%概率升级至高忠诚度'}]","[{'category': np.str_('Electronics'), 'recommendation_type': 'personalized', 'rationale': '基于您Electronics品类的历史购买偏好'}, {'category': np.str_('Beauty'), 'recommendation_type': 'complementary', 'rationale': '与Electronics搭配购买的用户推荐'}, {'category': np.str_('Beauty'), 'recommendation_type': 'personalized', 'rationale': '基于您Beauty品类的历史购买偏好'}]",[],"[{'channel': 'APP推送', 'frequency': '每周1-2次', 'best_time': '工作日晚间'}]",预计在3个月内20-30%的概率升级至高忠诚度,4
CUST_000106,中忠诚度,60.77771453840663,沉睡待激活型,"{'top_categories': [np.str_('Sports'), np.str_('Electronics'), np.str_('Beauty')], 'top_spend_categories': [np.str_('Electronics'), np.str_('Sports'), np.str_('Home')], 'price_sensitivity_level': 'medium', 'promotion_responsiveness': 'high', 'avg_discount_used': np.float64(0.08854090909090909), 'promotion_purchase_rate': np.float64(0.22727272727272727), 'only_promo_buyer': np.False_, 'never_promo_buyer': np.False_, 'avg_inter_purchase_days': np.float64(44.76190476190476), 'purchase_frequency_level': 'moderate', 'preferred_promo_types': [np.str_('Direct Discount'), np.str_('Bundle Deal')], 'avg_order_value': np.float64(134.27363636363637), 'spending_level': 'medium', 'total_spend': np.float64(2954.02), 'return_rate': np.float64(0.045454545454545456), 'days_since_last_purchase': 124, 'activity_level': 'inactive', 'preferred_interaction_types': [np.str_('Email Open'), np.str_('Social Media')], 'engagement_level': 'medium'}","[{'type': 'repurchase', 'strategy': '针对您偏好的Sports品类，发送补货提醒和专属优惠', 'expected_impact': '提升复购频次 15-25%'}, {'type': 'promotion', 'strategy': '定期发送Direct Discount信息，提升购买频次', 'expected_impact': '提升促销响应率 20-30%'}, {'type': 'upgrade', 'strategy': '设置成长目标，达成后升级至高忠诚度会员，解锁更多权益', 'expected_impact': '30%概率升级至高忠诚度'}]","[{'category': np.str_('Sports'), 'recommendation_type': 'personalized', 'rationale': '基于您Sports品类的历史购买偏好'}, {'category': np.str_('Electronics'), 'recommendation_type': 'complementary', 'rationale': '与Sports搭配购买的用户推荐'}, {'category': np.str_('Electronics'), 'recommendation_type': 'personalized', 'rationale': '基于您Electronics品类的历史购买偏好'}]","[{'promo_type': np.str_('Direct Discount'), 'target_category': np.str_('Sports'), 'rationale': '您对Direct Discount促销响应率最高'}, {'promo_type': np.str_('Bundle Deal'), 'target_category': np.str_('Sports'), 'rationale': '您对Bundle Deal促销响应率最高'}]","[{'channel': '电子邮件', 'frequency': '每周1次', 'best_time': '周二上午'}, {'channel': '社交媒体', 'frequency': '每周2-3次', 'best_time': '周末下午'}]",预计在3个月内20-30%的概率升级至高忠诚度,4
CUST_000330,中忠诚度,64.00872989406135,普通大众消费型,"{'top_categories': [np.str_('Clothing'), np.str_('Electronics'), np.str_('Beauty')], 'top_spend_categories': [np.str_('Electronics'), np.str_('Clothing'), np.str_('Beauty')], 'price_sensitivity_level': 'medium', 'promotion_responsiveness': 'medium', 'avg_discount_used': np.float64(0.08164736842105264), 'promotion_purchase_rate': np.float64(0.21052631578947367), 'only_promo_buyer': np.False_, 'never_promo_buyer': np.False_, 'avg_inter_purchase_days': np.float64(56.27777777777778), 'purchase_frequency_level': 'moderate', 'preferred_promo_types': [np.str_('Membership Discount'), np.str_('Direct Discount')], 'avg_order_value': np.float64(132.93), 'spending_level': 'medium', 'total_spend': np.float64(2525.67), 'return_rate': np.float64(0.0), 'days_since_last_purchase': 78, 'activity_level': 'moderate', 'preferred_interaction_types': [np.str_('Click-Through'), np.str_('Email Open')], 'engagement_level': 'medium'}","[{'type': 'repurchase', 'strategy': '针对您偏好的Clothing品类，发送补货提醒和专属优惠', 'expected_impact': '提升复购频次 15-25%'}, {'type': 'upgrade', 'strategy': '设置成长目标，达成后升级至高忠诚度会员，解锁更多权益', 'expected_impact': '30%概率升级至高忠诚度'}]","[{'category': np.str_('Clothing'), 'recommendation_type': 'personalized', 'rationale': '基于您Clothing品类的历史购买偏好'}, {'category': np.str_('Electronics'), 'recommendation_type': 'complementary', 'rationale': '与Clothing搭配购买的用户推荐'}, {'category': np.str_('Electronics'), 'recommendation_type': 'personalized', 'rationale': '基于您Electronics品类的历史购买偏好'}]",[],"[{'channel': '电子邮件', 'frequency': '每周1次', 'best_time': '周二上午'}]",预计在3个月内20-30%的概率升级至高忠诚度,4
CUST_000100,中忠诚度,66.33177603589847,普通大众消费型,"{'top_categories': [np.str_('Electronics'), np.str_('Home'), np.str_('Sports')], 'top_spend_categories': [np.str_('Electronics'), np.str_('Sports'), np.str_('Home')], 'price_sensitivity_level': 'low', 'promotion_responsiveness': 'high', 'avg_discount_used': np.float64(0.11186956521739129), 'promotion_purchase_rate': np.float64(0.4782608695652174), 'only_promo_buyer': np.False_, 'never_promo_buyer': np.False_, 'avg_inter_purchase_days': np.float64(47.72727272727273), 'purchase_frequency_level': 'moderate', 'preferred_promo_types': [np.str_('Direct Discount'), np.str_('Coupon')], 'avg_order_value': np.float64(152.215652173913), 'spending_level': 'medium', 'total_spend': np.float64(3500.9599999999996), 'return_rate': np.float64(0.08695652173913043), 'days_since_last_purchase': 19, 'activity_level': 'active', 'preferred_interaction_types': [np.str_('Social Media'), np.str_('Email Open')], 'engagement_level': 'medium'}","[{'type': 'repurchase', 'strategy': '针对您偏好的Electronics品类，发送补货提醒和专属优惠', 'expected_impact': '提升复购频次 15-25%'}, {'type': 'premium', 'strategy': '推荐品质升级路线，提供新品优先购买和免费试用机会', 'expected_impact': '提升客单价 15-25%'}, {'type': 'promotion', 'strategy': '定期发送Direct Discount信息，提升购买频次', 'expected_impact': '提升促销响应率 20-30%'}, {'type': 'upgrade', 'strategy': '设置成长目标，达成后升级至高忠诚度会员，解锁更多权益', 'expected_impact': '30%概率升级至高忠诚度'}]","[{'category': np.str_('Electronics'), 'recommendation_type': 'personalized', 'rationale': '基于您Electronics品类的历史购买偏好'}, {'category': np.str_('Home'), 'recommendation_type': 'complementary', 'rationale': '与Electronics搭配购买的用户推荐'}, {'category': np.str_('Home'), 'recommendation_type': 'personalized', 'rationale': '基于您Home品类的历史购买偏好'}]","[{'promo_type': np.str_('Direct Discount'), 'target_category': np.str_('Electronics'), 'rationale': '您对Direct Discount促销响应率最高'}, {'promo_type': np.str_('Coupon'), 'target_category': np.str_('Electronics'), 'rationale': '您对Coupon促销响应率最高'}]","[{'channel': '电子邮件', 'frequency': '每周1次', 'best_time': '周二上午'}, {'channel': '社交媒体', 'frequency': '每周2-3次', 'best_time': '周末下午'}]",预计在3个月内20-30%的概率升级至高忠诚度,4
CUST_000494,中忠诚度,63.72940783049198,普通大众消费型,"{'top_categories': [np.str_('Beauty'), np.str_('Clothing'), np.str_('Home')], 'top_spend_categories': [np.str_('Home'), np.str_('Electronics'), np.str_('Clothing')], 'price_sensitivity_level': 'high', 'promotion_responsiveness': 'low', 'avg_discount_used': np.float64(0.07781739130434782), 'promotion_purchase_rate': np.float64(0.17391304347826086), 'only_promo_buyer': np.False_, 'never_promo_buyer': np.False_, 'avg_inter_purchase_days': np.float64(47.63636363636363), 'purchase_frequency_level': 'moderate', 'preferred_promo_types': [np.str_('Membership Discount'), np.str_('Direct Discount')], 'avg_order_value': np.float64(98.48521739130435), 'spending_level': 'medium', 'total_spend': np.float64(2265.16), 'return_rate': np.float64(0.08695652173913043), 'days_since_last_purchase': 10, 'activity_level': 'active', 'preferred_interaction_types': [np.str_('Email Open'), np.str_('Social Media')], 'engagement_level': 'low'}","[{'type': 'repurchase', 'strategy': '针对您偏好的Beauty品类，发送补货提醒和专属优惠', 'expected_impact': '提升复购频次 15-25%'}, {'type': 'promotion', 'strategy': '加入价格保护计划，降价自动退差价，享受会员专享折扣', 'expected_impact': '提升转化率 10-20%'}, {'type': 'upgrade', 'strategy': '设置成长目标，达成后升级至高忠诚度会员，解锁更多权益', 'expected_impact': '30%概率升级至高忠诚度'}]","[{'category': np.str_('Beauty'), 'recommendation_type': 'personalized', 'rationale': '基于您Beauty品类的历史购买偏好'}, {'category': np.str_('Clothing'), 'recommendation_type': 'complementary', 'rationale': '与Beauty搭配购买的用户推荐'}, {'category': np.str_('Clothing'), 'recommendation_type': 'personalized', 'rationale': '基于您Clothing品类的历史购买偏好'}]",[],"[{'channel': '电子邮件', 'frequency': '每周1次', 'best_time': '周二上午'}, {'channel': '社交媒体', 'frequency': '每周2-3次', 'best_time': '周末下午'}]",预计在3个月内20-30%的概率升级至高忠诚度,4
CUST_000496,中忠诚度,51.72246485735863,普通大众消费型,"{'top_categories': [np.str_('Home'), np.str_('Electronics'), np.str_('Beauty')], 'top_spend_categories': [np.str_('Electronics'), np.str_('Home'), np.str_('Sports')], 'price_sensitivity_level': 'medium', 'promotion_responsiveness': 'medium', 'avg_discount_used': np.float64(0.10186666666666667), 'promotion_purchase_rate': np.float64(0.26666666666666666), 'only_promo_buyer': np.False_, 'never_promo_buyer': np.False_, 'avg_inter_purchase_days': np.float64(71.71428571428571), 'purchase_frequency_level': 'moderate', 'preferred_promo_types': [np.str_('Direct Discount'), np.str_('Seasonal Sale')], 'avg_order_value': np.float64(130.92333333333335), 'spending_level': 'medium', 'total_spend': np.float64(1963.8500000000001), 'return_rate': np.float64(0.0), 'days_since_last_purchase': 45, 'activity_level': 'moderate', 'preferred_interaction_types': [np.str_('Email Open'), np.str_('Click-Through')], 'engagement_level': 'medium'}","[{'type': 'repurchase', 'strategy': '针对您偏好的Home品类，发送补货提醒和专属优惠', 'expected_impact': '提升复购频次 15-25%'}, {'type': 'upgrade', 'strategy': '设置成长目标，达成后升级至高忠诚度会员，解锁更多权益', 'expected_impact': '30%概率升级至高忠诚度'}]","[{'category': np.str_('Home'), 'recommendation_type': 'personalized', 'rationale': '基于您Home品类的历史购买偏好'}, {'category': np.str_('Electronics'), 'recommendation_type': 'complementary', 'rationale': '与Home搭配购买的用户推荐'}, {'category': np.str_('Electronics'), 'recommendation_type': 'personalized', 'rationale': '基于您Electronics品类的历史购买偏好'}]",[],"[{'channel': '电子邮件', 'frequency': '每周1次', 'best_time': '周二上午'}]",预计在3个月内20-30%的概率升级至高忠诚度,4
CUST_000301,中忠诚度,55.62181923601657,普通大众消费型,"{'top_categories': [np.str_('Food'), np.str_('Electronics'), np.str_('Clothing')], 'top_spend_categories': [np.str_('Electronics'), np.str_('Home'), np.str_('Clothing')], 'price_sensitivity_level': 'low', 'promotion_responsiveness': 'high', 'avg_discount_used': np.float64(0.11562777777777776), 'promotion_purchase_rate': np.float64(0.5), 'only_promo_buyer': np.False_, 'never_promo_buyer': np.False_, 'avg_inter_purchase_days': np.float64(62.411764705882355), 'purchase_frequency_level': 'moderate', 'preferred_promo_types': [np.str_('Direct Discount'), np.str_('Coupon')], 'avg_order_value': np.float64(123.09722222222224), 'spending_level': 'medium', 'total_spend': np.float64(2215.7500000000005), 'return_rate': np.float64(0.05555555555555555), 'days_since_last_purchase': 7, 'activity_level': 'active', 'preferred_interaction_types': [np.str_('Email Open'), np.str_('Social Media')], 'engagement_level': 'low'}","[{'type': 'repurchase', 'strategy': '针对您偏好的Food品类，发送补货提醒和专属优惠', 'expected_impact': '提升复购频次 15-25%'}, {'type': 'premium', 'strategy': '推荐品质升级路线，提供新品优先购买和免费试用机会', 'expected_impact': '提升客单价 15-25%'}, {'type': 'promotion', 'strategy': '定期发送Direct Discount信息，提升购买频次', 'expected_impact': '提升促销响应率 20-30%'}, {'type': 'upgrade', 'strategy': '设置成长目标，达成后升级至高忠诚度会员，解锁更多权益', 'expected_impact': '30%概率升级至高忠诚度'}]","[{'category': np.str_('Food'), 'recommendation_type': 'personalized', 'rationale': '基于您Food品类的历史购买偏好'}, {'category': np.str_('Electronics'), 'recommendation_type': 'complementary', 'rationale': '与Food搭配购买的用户推荐'}, {'category': np.str_('Electronics'), 'recommendation_type': 'personalized', 'rationale': '基于您Electronics品类的历史购买偏好'}]","[{'promo_type': np.str_('Direct Discount'), 'target_category': np.str_('Food'), 'rationale': '您对Direct Discount促销响应率最高'}, {'promo_type': np.str_('Coupon'), 'target_category': np.str_('Food'), 'rationale': '您对Coupon促销响应率最高'}]","[{'channel': '电子邮件', 'frequency': '每周1次', 'best_time': '周二上午'}, {'channel': '社交媒体', 'frequency': '每周2-3次', 'best_time': '周末下午'}]",预计在3个月内20-30%的概率升级至高忠诚度,4
CUST_000271,中忠诚度,50.67037492661882,沉睡待激活型,"{'top_categories': [np.str_('Beauty'), np.str_('Home'), np.str_('Clothing')], 'top_spend_categories': [np.str_('Home'), np.str_('Electronics'), np.str_('Clothing')], 'price_sensitivity_level': 'medium', 'promotion_responsiveness': 'high', 'avg_discount_used': np.float64(0.11428), 'promotion_purchase_rate': np.float64(0.4), 'only_promo_buyer': np.False_, 'never_promo_buyer': np.False_, 'avg_inter_purchase_days': np.float64(86.0), 'purchase_frequency_level': 'moderate', 'preferred_promo_types': [np.str_('Direct Discount'), np.str_('Coupon')], 'avg_order_value': np.float64(94.93), 'spending_level': 'medium', 'total_spend': np.float64(949.3000000000001), 'return_rate': np.float64(0.1), 'days_since_last_purchase': 201, 'activity_level': 'inactive', 'preferred_interaction_types': [np.str_('Email Open'), np.str_('Social Media')], 'engagement_level': 'medium'}","[{'type': 'repurchase', 'strategy': '针对您偏好的Beauty品类，发送补货提醒和专属优惠', 'expected_impact': '提升复购频次 15-25%'}, {'type': 'promotion', 'strategy': '定期发送Direct Discount信息，提升购买频次', 'expected_impact': '提升促销响应率 20-30%'}, {'type': 'upgrade', 'strategy': '设置成长目标，达成后升级至高忠诚度会员，解锁更多权益', 'expected_impact': '30%概率升级至高忠诚度'}]","[{'category': np.str_('Beauty'), 'recommendation_type': 'personalized', 'rationale': '基于您Beauty品类的历史购买偏好'}, {'category': np.str_('Home'), 'recommendation_type': 'complementary', 'rationale': '与Beauty搭配购买的用户推荐'}, {'category': np.str_('Home'), 'recommendation_type': 'personalized', 'rationale': '基于您Home品类的历史购买偏好'}]","[{'promo_type': np.str_('Direct Discount'), 'target_category': np.str_('Beauty'), 'rationale': '您对Direct Discount促销响应率最高'}, {'promo_type': np.str_('Coupon'), 'target_category': np.str_('Beauty'), 'rationale': '您对Coupon促销响应率最高'}]","[{'channel': '电子邮件', 'frequency': '每周1次', 'best_time': '周二上午'}, {'channel': '社交媒体', 'frequency': '每周2-3次', 'best_time': '周末下午'}]",预计在3个月内20-30%的概率升级至高忠诚度,4
CUST_000176,中忠诚度,66.97197722823768,普通大众消费型,"{'top_categories': [np.str_('Beauty'), np.str_('Clothing'), np.str_('Electronics')], 'top_spend_categories': [np.str_('Electronics'), np.str_('Home'), np.str_('Clothing')], 'price_sensitivity_level': 'medium', 'promotion_responsiveness': 'medium', 'avg_discount_used': np.float64(0.043500000000000004), 'promotion_purchase_rate': np.float64(0.2), 'only_promo_buyer': np.False_, 'never_promo_buyer': np.False_, 'avg_inter_purchase_days': np.float64(38.958333333333336), 'purchase_frequency_level': 'moderate', 'preferred_promo_types': [np.str_('Coupon'), np.str_('Bundle Deal')], 'avg_order_value': np.float64(105.5448), 'spending_level': 'medium', 'total_spend': np.float64(2638.62), 'return_rate': np.float64(0.12), 'days_since_last_purchase': 24, 'activity_level': 'active', 'preferred_interaction_types': [np.str_('Support Call'), np.str_('Email Open')], 'engagement_level': 'medium'}","[{'type': 'repurchase', 'strategy': '针对您偏好的Beauty品类，发送补货提醒和专属优惠', 'expected_impact': '提升复购频次 15-25%'}, {'type': 'upgrade', 'strategy': '设置成长目标，达成后升级至高忠诚度会员，解锁更多权益', 'expected_impact': '30%概率升级至高忠诚度'}]","[{'category': np.str_('Beauty'), 'recommendation_type': 'personalized', 'rationale': '基于您Beauty品类的历史购买偏好'}, {'category': np.str_('Clothing'), 'recommendation_type': 'complementary', 'rationale': '与Beauty搭配购买的用户推荐'}, {'category': np.str_('Clothing'), 'recommendation_type': 'personalized', 'rationale': '基于您Clothing品类的历史购买偏好'}]",[],"[{'channel': '电子邮件', 'frequency': '每周1次', 'best_time': '周二上午'}]",预计在3个月内20-30%的概率升级至高忠诚度,4
CUST_000411,中忠诚度,57.706844883478745,深度互动潜力成长型,"{'top_categories': [np.str_('Clothing'), np.str_('Beauty'), np.str_('Sports')], 'top_spend_categories': [np.str_('Electronics'), np.str_('Clothing'), np.str_('Home')], 'price_sensitivity_level': 'medium', 'promotion_responsiveness': 'medium', 'avg_discount_used': np.float64(0.08935714285714286), 'promotion_purchase_rate': np.float64(0.23809523809523808), 'only_promo_buyer': np.False_, 'never_promo_buyer': np.False_, 'avg_inter_purchase_days': np.float64(48.75), 'purchase_frequency_level': 'moderate', 'preferred_promo_types': [np.str_('Direct Discount'), np.str_('Bundle Deal')], 'avg_order_value': np.float64(126.82809523809526), 'spending_level': 'medium', 'total_spend': np.float64(2663.3900000000003), 'return_rate': np.float64(0.09523809523809523), 'days_since_last_purchase': 60, 'activity_level': 'moderate', 'preferred_interaction_types': [np.str_('Email Open'), np.str_('App Visit')], 'engagement_level': 'high'}","[{'type': 'repurchase', 'strategy': '针对您偏好的Clothing品类，发送补货提醒和专属优惠', 'expected_impact': '提升复购频次 15-25%'}, {'type': 'upgrade', 'strategy': '设置成长目标，达成后升级至高忠诚度会员，解锁更多权益', 'expected_impact': '30%概率升级至高忠诚度'}]","[{'category': np.str_('Clothing'), 'recommendation_type': 'personalized', 'rationale': '基于您Clothing品类的历史购买偏好'}, {'category': np.str_('Beauty'), 'recommendation_type': 'complementary', 'rationale': '与Clothing搭配购买的用户推荐'}, {'category': np.str_('Beauty'), 'recommendation_type': 'personalized', 'rationale': '基于您Beauty品类的历史购买偏好'}]",[],"[{'channel': 'APP推送', 'frequency': '每周1-2次', 'best_time': '工作日晚间'}, {'channel': '电子邮件', 'frequency': '每周1次', 'best_time': '周二上午'}]",预计在3个月内20-30%的概率升级至高忠诚度,4
CUST_000135,中忠诚度,53.07247221991022,沉睡待激活型,"{'top_categories': [np.str_('Electronics'), np.str_('Clothing'), np.str_('Sports')], 'top_spend_categories': [np.str_('Electronics'), np.str_('Clothing'), np.str_('Home')], 'price_sensitivity_level': 'medium', 'promotion_responsiveness': 'high', 'avg_discount_used': np.float64(0.1421111111111111), 'promotion_purchase_rate': np.float64(0.5555555555555556), 'only_promo_buyer': np.False_, 'never_promo_buyer': np.False_, 'avg_inter_purchase_days': np.float64(112.625), 'purchase_frequency_level': 'infrequent', 'preferred_promo_types': [np.str_('Direct Discount'), np.str_('Membership Discount')], 'avg_order_value': np.float64(122.92555555555558), 'spending_level': 'medium', 'total_spend': np.float64(1106.3300000000002), 'return_rate': np.float64(0.1111111111111111), 'days_since_last_purchase': 115, 'activity_level': 'inactive', 'preferred_interaction_types': [np.str_('Support Call'), np.str_('Click-Through')], 'engagement_level': 'medium'}","[{'type': 'repurchase', 'strategy': '针对您偏好的Electronics品类，发送补货提醒和专属优惠', 'expected_impact': '提升复购频次 15-25%'}, {'type': 'promotion', 'strategy': '定期发送Direct Discount信息，提升购买频次', 'expected_impact': '提升促销响应率 20-30%'}, {'type': 'upgrade', 'strategy': '设置成长目标，达成后升级至高忠诚度会员，解锁更多权益', 'expected_impact': '30%概率升级至高忠诚度'}]","[{'category': np.str_('Electronics'), 'recommendation_type': 'personalized', 'rationale': '基于您Electronics品类的历史购买偏好'}, {'category': np.str_('Clothing'), 'recommendation_type': 'complementary', 'rationale': '与Electronics搭配购买的用户推荐'}, {'category': np.str_('Clothing'), 'recommendation_type': 'personalized', 'rationale': '基于您Clothing品类的历史购买偏好'}]","[{'promo_type': np.str_('Direct Discount'), 'target_category': np.str_('Electronics'), 'rationale': '您对Direct Discount促销响应率最高'}, {'promo_type': np.str_('Membership Discount'), 'target_category': np.str_('Electronics'), 'rationale': '您对Membership Discount促销响应率最高'}]",[],预计在3个月内20-30%的概率升级至高忠诚度,4
CUST_000307,中忠诚度,57.38347225172984,沉睡待激活型,"{'top_categories': [np.str_('Clothing'), np.str_('Beauty'), np.str_('Food')], 'top_spend_categories': [np.str_('Electronics'), np.str_('Clothing'), np.str_('Sports')], 'price_sensitivity_level': 'medium', 'promotion_responsiveness': 'low', 'avg_discount_used': np.float64(0.0675037037037037), 'promotion_purchase_rate': np.float64(0.25925925925925924), 'only_promo_buyer': np.False_, 'never_promo_buyer': np.False_, 'avg_inter_purchase_days': np.float64(35.61538461538461), 'purchase_frequency_level': 'moderate', 'preferred_promo_types': [np.str_('Direct Discount'), np.str_('Membership Discount')], 'avg_order_value': np.float64(107.69037037037035), 'spending_level': 'medium', 'total_spend': np.float64(2907.6399999999994), 'return_rate': np.float64(0.0), 'days_since_last_purchase': 111, 'activity_level': 'inactive', 'preferred_interaction_types': [np.str_('Email Open'), np.str_('Social Media')], 'engagement_level': 'low'}","[{'type': 'repurchase', 'strategy': '针对您偏好的Clothing品类，发送补货提醒和专属优惠', 'expected_impact': '提升复购频次 15-25%'}, {'type': 'upgrade', 'strategy': '设置成长目标，达成后升级至高忠诚度会员，解锁更多权益', 'expected_impact': '30%概率升级至高忠诚度'}]","[{'category': np.str_('Clothing'), 'recommendation_type': 'personalized', 'rationale': '基于您Clothing品类的历史购买偏好'}, {'category': np.str_('Beauty'), 'recommendation_type': 'complementary', 'rationale': '与Clothing搭配购买的用户推荐'}, {'category': np.str_('Beauty'), 'recommendation_type': 'personalized', 'rationale': '基于您Beauty品类的历史购买偏好'}]",[],"[{'channel': '电子邮件', 'frequency': '每周1次', 'best_time': '周二上午'}, {'channel': '社交媒体', 'frequency': '每周2-3次', 'best_time': '周末下午'}]",预计在3个月内20-30%的概率升级至高忠诚度,4
CUST_000007,中忠诚度,65.70103695759617,普通大众消费型,"{'top_categories': [np.str_('Clothing'), np.str_('Electronics'), np.str_('Home')], 'top_spend_categories': [np.str_('Electronics'), np.str_('Home'), np.str_('Clothing')], 'price_sensitivity_level': 'high', 'promotion_responsiveness': 'medium', 'avg_discount_used': np.float64(0.10280416666666665), 'promotion_purchase_rate': np.float64(0.25), 'only_promo_buyer': np.False_, 'never_promo_buyer': np.False_, 'avg_inter_purchase_days': np.float64(45.869565217391305), 'purchase_frequency_level': 'moderate', 'preferred_promo_types': [np.str_('Direct Discount'), np.str_('Coupon')], 'avg_order_value': np.float64(126.32125), 'spending_level': 'medium', 'total_spend': np.float64(3031.71), 'return_rate': np.float64(0.041666666666666664), 'days_since_last_purchase': 33, 'activity_level': 'moderate', 'preferred_interaction_types': [np.str_('Email Open'), np.str_('Social Media')], 'engagement_level': 'medium'}","[{'type': 'repurchase', 'strategy': '针对您偏好的Clothing品类，发送补货提醒和专属优惠', 'expected_impact': '提升复购频次 15-25%'}, {'type': 'promotion', 'strategy': '加入价格保护计划，降价自动退差价，享受会员专享折扣', 'expected_impact': '提升转化率 10-20%'}, {'type': 'upgrade', 'strategy': '设置成长目标，达成后升级至高忠诚度会员，解锁更多权益', 'expected_impact': '30%概率升级至高忠诚度'}]","[{'category': np.str_('Clothing'), 'recommendation_type': 'personalized', 'rationale': '基于您Clothing品类的历史购买偏好'}, {'category': np.str_('Electronics'), 'recommendation_type': 'complementary', 'rationale': '与Clothing搭配购买的用户推荐'}, {'category': np.str_('Electronics'), 'recommendation_type': 'personalized', 'rationale': '基于您Electronics品类的历史购买偏好'}]",[],"[{'channel': '电子邮件', 'frequency': '每周1次', 'best_time': '周二上午'}, {'channel': '社交媒体', 'frequency': '每周2-3次', 'best_time': '周末下午'}]",预计在3个月内20-30%的概率升级至高忠诚度,4
CUST_000161,中忠诚度,56.93783779286336,普通大众消费型,"{'top_categories': [np.str_('Clothing'), np.str_('Electronics'), np.str_('Beauty')], 'top_spend_categories': [np.str_('Electronics'), np.str_('Clothing'), np.str_('Sports')], 'price_sensitivity_level': 'medium', 'promotion_responsiveness': 'high', 'avg_discount_used': np.float64(0.05141111111111111), 'promotion_purchase_rate': np.float64(0.2222222222222222), 'only_promo_buyer': np.False_, 'never_promo_buyer': np.False_, 'avg_inter_purchase_days': np.float64(61.470588235294116), 'purchase_frequency_level': 'moderate', 'preferred_promo_types': [np.str_('Membership Discount'), np.str_('Coupon')], 'avg_order_value': np.float64(144.1588888888889), 'spending_level': 'medium', 'total_spend': np.float64(2594.86), 'return_rate': np.float64(0.05555555555555555), 'days_since_last_purchase': 14, 'activity_level': 'active', 'preferred_interaction_types': [np.str_('Email Open'), np.str_('Support Call')], 'engagement_level': 'low'}","[{'type': 'repurchase', 'strategy': '针对您偏好的Clothing品类，发送补货提醒和专属优惠', 'expected_impact': '提升复购频次 15-25%'}, {'type': 'promotion', 'strategy': '定期发送Membership Discount信息，提升购买频次', 'expected_impact': '提升促销响应率 20-30%'}, {'type': 'upgrade', 'strategy': '设置成长目标，达成后升级至高忠诚度会员，解锁更多权益', 'expected_impact': '30%概率升级至高忠诚度'}]","[{'category': np.str_('Clothing'), 'recommendation_type': 'personalized', 'rationale': '基于您Clothing品类的历史购买偏好'}, {'category': np.str_('Electronics'), 'recommendation_type': 'complementary', 'rationale': '与Clothing搭配购买的用户推荐'}, {'category': np.str_('Electronics'), 'recommendation_type': 'personalized', 'rationale': '基于您Electronics品类的历史购买偏好'}]","[{'promo_type': np.str_('Membership Discount'), 'target_category': np.str_('Clothing'), 'rationale': '您对Membership Discount促销响应率最高'}, {'promo_type': np.str_('Coupon'), 'target_category': np.str_('Clothing'), 'rationale': '您对Coupon促销响应率最高'}]","[{'channel': '电子邮件', 'frequency': '每周1次', 'best_time': '周二上午'}]",预计在3个月内20-30%的概率升级至高忠诚度,4
CUST_000198,中忠诚度,64.78412175769475,普通大众消费型,"{'top_categories': [np.str_('Electronics'), np.str_('Clothing'), np.str_('Beauty')], 'top_spend_categories': [np.str_('Electronics'), np.str_('Clothing'), np.str_('Beauty')], 'price_sensitivity_level': 'medium', 'promotion_responsiveness': 'high', 'avg_discount_used': np.float64(0.09026666666666668), 'promotion_purchase_rate': np.float64(0.3333333333333333), 'only_promo_buyer': np.False_, 'never_promo_buyer': np.False_, 'avg_inter_purchase_days': np.float64(73.78571428571429), 'purchase_frequency_level': 'moderate', 'preferred_promo_types': [np.str_('Direct Discount'), np.str_('Membership Discount')], 'avg_order_value': np.float64(144.23999999999998), 'spending_level': 'medium', 'total_spend': np.float64(2163.6), 'return_rate': np.float64(0.0), 'days_since_last_purchase': 2, 'activity_level': 'active', 'preferred_interaction_types': [np.str_('Support Call'), np.str_('Click-Through')], 'engagement_level': 'medium'}","[{'type': 'repurchase', 'strategy': '针对您偏好的Electronics品类，发送补货提醒和专属优惠', 'expected_impact': '提升复购频次 15-25%'}, {'type': 'promotion', 'strategy': '定期发送Direct Discount信息，提升购买频次', 'expected_impact': '提升促销响应率 20-30%'}, {'type': 'upgrade', 'strategy': '设置成长目标，达成后升级至高忠诚度会员，解锁更多权益', 'expected_impact': '30%概率升级至高忠诚度'}]","[{'category': np.str_('Electronics'), 'recommendation_type': 'personalized', 'rationale': '基于您Electronics品类的历史购买偏好'}, {'category': np.str_('Clothing'), 'recommendation_type': 'complementary', 'rationale': '与Electronics搭配购买的用户推荐'}, {'category': np.str_('Clothing'), 'recommendation_type': 'personalized', 'rationale': '基于您Clothing品类的历史购买偏好'}]","[{'promo_type': np.str_('Direct Discount'), 'target_category': np.str_('Electronics'), 'rationale': '您对Direct Discount促销响应率最高'}, {'promo_type': np.str_('Membership Discount'), 'target_category': np.str_('Electronics'), 'rationale': '您对Membership Discount促销响应率最高'}]",[],预计在3个月内20-30%的概率升级至高忠诚度,4
CUST_000355,中忠诚度,48.03164456155321,普通大众消费型,"{'top_categories': [np.str_('Clothing'), np.str_('Electronics'), np.str_('Sports')], 'top_spend_categories': [np.str_('Electronics'), np.str_('Clothing'), np.str_('Sports')], 'price_sensitivity_level': 'medium', 'promotion_responsiveness': 'high', 'avg_discount_used': np.float64(0.12001333333333333), 'promotion_purchase_rate': np.float64(0.3333333333333333), 'only_promo_buyer': np.False_, 'never_promo_buyer': np.False_, 'avg_inter_purchase_days': np.float64(73.42857142857143), 'purchase_frequency_level': 'moderate', 'preferred_promo_types': [np.str_('Direct Discount'), np.str_('Bundle Deal')], 'avg_order_value': np.float64(136.994), 'spending_level': 'medium', 'total_spend': np.float64(2054.91), 'return_rate': np.float64(0.06666666666666667), 'days_since_last_purchase': 57, 'activity_level': 'moderate', 'preferred_interaction_types': [np.str_('Email Open'), np.str_('Social Media')], 'engagement_level': 'medium'}","[{'type': 'repurchase', 'strategy': '针对您偏好的Clothing品类，发送补货提醒和专属优惠', 'expected_impact': '提升复购频次 15-25%'}, {'type': 'promotion', 'strategy': '定期发送Direct Discount信息，提升购买频次', 'expected_impact': '提升促销响应率 20-30%'}, {'type': 'upgrade', 'strategy': '设置成长目标，达成后升级至高忠诚度会员，解锁更多权益', 'expected_impact': '30%概率升级至高忠诚度'}]","[{'category': np.str_('Clothing'), 'recommendation_type': 'personalized', 'rationale': '基于您Clothing品类的历史购买偏好'}, {'category': np.str_('Electronics'), 'recommendation_type': 'complementary', 'rationale': '与Clothing搭配购买的用户推荐'}, {'category': np.str_('Electronics'), 'recommendation_type': 'personalized', 'rationale': '基于您Electronics品类的历史购买偏好'}]","[{'promo_type': np.str_('Direct Discount'), 'target_category': np.str_('Clothing'), 'rationale': '您对Direct Discount促销响应率最高'}, {'promo_type': np.str_('Bundle Deal'), 'target_category': np.str_('Clothing'), 'rationale': '您对Bundle Deal促销响应率最高'}]","[{'channel': '电子邮件', 'frequency': '每周1次', 'best_time': '周二上午'}, {'channel': '社交媒体', 'frequency': '每周2-3次', 'best_time': '周末下午'}]",预计在3个月内20-30%的概率升级至高忠诚度,4
CUST_000283,低忠诚度,30.29909163152179,沉睡待激活型,"{'top_categories': [np.str_('Beauty'), np.str_('Electronics'), np.str_('Food')], 'top_spend_categories': [np.str_('Electronics'), np.str_('Home'), np.str_('Sports')], 'price_sensitivity_level': 'medium', 'promotion_responsiveness': 'medium', 'avg_discount_used': np.float64(0.15333999999999998), 'promotion_purchase_rate': np.float64(0.6), 'only_promo_buyer': np.False_, 'never_promo_buyer': np.False_, 'avg_inter_purchase_days': np.float64(100.75), 'purchase_frequency_level': 'infrequent', 'preferred_promo_types': [np.str_('Direct Discount'), np.str_('Membership Discount')], 'avg_order_value': np.float64(110.64000000000001), 'spending_level': 'medium', 'total_spend': np.float64(553.2), 'return_rate': np.float64(0.0), 'days_since_last_purchase': 347, 'activity_level': 'inactive', 'preferred_interaction_types': [np.str_('Social Media'), np.str_('Support Call')], 'engagement_level': 'low'}","[{'type': 'winback', 'strategy': '您已347天未购买，专属回归礼包等您领取', 'expected_impact': '召回率 15-25%'}, {'type': 'onboarding', 'strategy': '完善新客户引导流程，首次购买后7天内主动跟进使用体验', 'expected_impact': '提升留存率 10-20%'}]","[{'category': np.str_('Beauty'), 'recommendation_type': 'personalized', 'rationale': '基于您Beauty品类的历史购买偏好'}, {'category': np.str_('Electronics'), 'recommendation_type': 'complementary', 'rationale': '与Beauty搭配购买的用户推荐'}, {'category': np.str_('Electronics'), 'recommendation_type': 'personalized', 'rationale': '基于您Electronics品类的历史购买偏好'}]",[],"[{'channel': '社交媒体', 'frequency': '每周2-3次', 'best_time': '周末下午'}]",预计在3个月内15-20%的概率被成功激活,3
CUST_000029,低忠诚度,32.39161979633711,沉睡待激活型,"{'top_categories': [np.str_('Electronics'), np.str_('Clothing'), np.str_('Beauty')], 'top_spend_categories': [np.str_('Electronics'), np.str_('Clothing'), np.str_('Home')], 'price_sensitivity_level': 'low', 'promotion_responsiveness': 'low', 'avg_discount_used': np.float64(0.0631), 'promotion_purchase_rate': np.float64(0.16666666666666666), 'only_promo_buyer': np.False_, 'never_promo_buyer': np.False_, 'avg_inter_purchase_days': np.float64(72.54545454545455), 'purchase_frequency_level': 'moderate', 'preferred_promo_types': [np.str_('Coupon'), np.str_('Direct Discount')], 'avg_order_value': np.float64(187.53), 'spending_level': 'medium', 'total_spend': np.float64(2250.36), 'return_rate': np.float64(0.08333333333333333), 'days_since_last_purchase': 263, 'activity_level': 'inactive', 'preferred_interaction_types': [np.str_('Support Call')], 'engagement_level': 'low'}","[{'type': 'winback', 'strategy': '您已263天未购买，专属回归礼包等您领取', 'expected_impact': '召回率 15-25%'}, {'type': 'trial', 'strategy': '提供高端产品线免费试用，建立品质认知', 'expected_impact': '提升转化率 15-20%'}, {'type': 'onboarding', 'strategy': '完善新客户引导流程，首次购买后7天内主动跟进使用体验', 'expected_impact': '提升留存率 10-20%'}]","[{'category': np.str_('Electronics'), 'recommendation_type': 'personalized', 'rationale': '基于您Electronics品类的历史购买偏好'}, {'category': np.str_('Clothing'), 'recommendation_type': 'complementary', 'rationale': '与Electronics搭配购买的用户推荐'}, {'category': np.str_('Clothing'), 'recommendation_type': 'personalized', 'rationale': '基于您Clothing品类的历史购买偏好'}]",[],[],预计在3个月内15-20%的概率被成功激活,3
CUST_000487,低忠诚度,33.21463881428508,沉睡待激活型,"{'top_categories': [np.str_('Home'), np.str_('Food'), np.str_('Clothing')], 'top_spend_categories': [np.str_('Electronics'), np.str_('Home'), np.str_('Sports')], 'price_sensitivity_level': 'medium', 'promotion_responsiveness': 'high', 'avg_discount_used': np.float64(0.05354615384615384), 'promotion_purchase_rate': np.float64(0.23076923076923078), 'only_promo_buyer': np.False_, 'never_promo_buyer': np.False_, 'avg_inter_purchase_days': np.float64(48.333333333333336), 'purchase_frequency_level': 'moderate', 'preferred_promo_types': [np.str_('Coupon'), np.str_('Seasonal Sale')], 'avg_order_value': np.float64(126.19461538461536), 'spending_level': 'medium', 'total_spend': np.float64(1640.5299999999997), 'return_rate': np.float64(0.07692307692307693), 'days_since_last_purchase': 248, 'activity_level': 'inactive', 'preferred_interaction_types': [np.str_('Email Open')], 'engagement_level': 'low'}","[{'type': 'winback', 'strategy': '您已248天未购买，专属回归礼包等您领取', 'expected_impact': '召回率 15-25%'}, {'type': 'onboarding', 'strategy': '完善新客户引导流程，首次购买后7天内主动跟进使用体验', 'expected_impact': '提升留存率 10-20%'}]","[{'category': np.str_('Home'), 'recommendation_type': 'personalized', 'rationale': '基于您Home品类的历史购买偏好'}, {'category': np.str_('Food'), 'recommendation_type': 'complementary', 'rationale': '与Home搭配购买的用户推荐'}, {'category': np.str_('Food'), 'recommendation_type': 'personalized', 'rationale': '基于您Food品类的历史购买偏好'}]","[{'promo_type': np.str_('Coupon'), 'target_category': np.str_('Home'), 'rationale': '您对Coupon促销响应率最高'}, {'promo_type': np.str_('Seasonal Sale'), 'target_category': np.str_('Home'), 'rationale': '您对Seasonal Sale促销响应率最高'}]","[{'channel': '电子邮件', 'frequency': '每周1次', 'best_time': '周二上午'}]",预计在3个月内15-20%的概率被成功激活,3
CUST_000415,低忠诚度,35.01424298140926,深度互动潜力成长型,"{'top_categories': [np.str_('Electronics'), np.str_('Sports'), np.str_('Beauty')], 'top_spend_categories': [np.str_('Electronics'), np.str_('Sports'), np.str_('Home')], 'price_sensitivity_level': 'low', 'promotion_responsiveness': 'medium', 'avg_discount_used': np.float64(0.1258), 'promotion_purchase_rate': np.float64(0.4375), 'only_promo_buyer': np.False_, 'never_promo_buyer': np.False_, 'avg_inter_purchase_days': np.float64(63.93333333333333), 'purchase_frequency_level': 'moderate', 'preferred_promo_types': [np.str_('Coupon'), np.str_('Direct Discount')], 'avg_order_value': np.float64(130.253125), 'spending_level': 'medium', 'total_spend': np.float64(2084.05), 'return_rate': np.float64(0.0), 'days_since_last_purchase': 76, 'activity_level': 'moderate', 'preferred_interaction_types': [np.str_('Email Open'), np.str_('App Visit')], 'engagement_level': 'high'}","[{'type': 'trial', 'strategy': '提供高端产品线免费试用，建立品质认知', 'expected_impact': '提升转化率 15-20%'}, {'type': 'onboarding', 'strategy': '完善新客户引导流程，首次购买后7天内主动跟进使用体验', 'expected_impact': '提升留存率 10-20%'}]","[{'category': np.str_('Electronics'), 'recommendation_type': 'personalized', 'rationale': '基于您Electronics品类的历史购买偏好'}, {'category': np.str_('Sports'), 'recommendation_type': 'complementary', 'rationale': '与Electronics搭配购买的用户推荐'}, {'category': np.str_('Sports'), 'recommendation_type': 'personalized', 'rationale': '基于您Sports品类的历史购买偏好'}]",[],"[{'channel': 'APP推送', 'frequency': '每周1-2次', 'best_time': '工作日晚间'}, {'channel': '电子邮件', 'frequency': '每周1次', 'best_time': '周二上午'}]",预计在3个月内15-20%的概率被成功激活,2
CUST_000243,低忠诚度,37.4559980399798,沉睡待激活型,"{'top_categories': [np.str_('Sports'), np.str_('Beauty'), np.str_('Electronics')], 'top_spend_categories': [np.str_('Electronics'), np.str_('Sports'), np.str_('Beauty')], 'price_sensitivity_level': 'medium', 'promotion_responsiveness': 'medium', 'avg_discount_used': np.float64(0.15057142857142855), 'promotion_purchase_rate': np.float64(0.42857142857142855), 'only_promo_buyer': np.False_, 'never_promo_buyer': np.False_, 'avg_inter_purchase_days': np.float64(99.0), 'purchase_frequency_level': 'infrequent', 'preferred_promo_types': [np.str_('Direct Discount'), np.str_('Coupon')], 'avg_order_value': np.float64(111.63714285714286), 'spending_level': 'medium', 'total_spend': np.float64(781.46), 'return_rate': np.float64(0.0), 'days_since_last_purchase': 218, 'activity_level': 'inactive', 'preferred_interaction_types': [np.str_('Social Media'), np.str_('App Visit')], 'engagement_level': 'medium'}","[{'type': 'winback', 'strategy': '您已218天未购买，专属回归礼包等您领取', 'expected_impact': '召回率 15-25%'}, {'type': 'onboarding', 'strategy': '完善新客户引导流程，首次购买后7天内主动跟进使用体验', 'expected_impact': '提升留存率 10-20%'}]","[{'category': np.str_('Sports'), 'recommendation_type': 'personalized', 'rationale': '基于您Sports品类的历史购买偏好'}, {'category': np.str_('Beauty'), 'recommendation_type': 'complementary', 'rationale': '与Sports搭配购买的用户推荐'}, {'category': np.str_('Beauty'), 'recommendation_type': 'personalized', 'rationale': '基于您Beauty品类的历史购买偏好'}]",[],"[{'channel': 'APP推送', 'frequency': '每周1-2次', 'best_time': '工作日晚间'}, {'channel': '社交媒体', 'frequency': '每周2-3次', 'best_time': '周末下午'}]",预计在3个月内15-20%的概率被成功激活,3
CUST_000465,低忠诚度,38.04633456700035,价格敏感促销驱动型,"{'top_categories': [np.str_('Food'), np.str_('Electronics'), np.str_('Clothing')], 'top_spend_categories': [np.str_('Electronics'), np.str_('Home'), np.str_('Clothing')], 'price_sensitivity_level': 'high', 'promotion_responsiveness': 'high', 'avg_discount_used': np.float64(0.11706315789473683), 'promotion_purchase_rate': np.float64(0.3684210526315789), 'only_promo_buyer': np.False_, 'never_promo_buyer': np.False_, 'avg_inter_purchase_days': np.float64(49.55555555555556), 'purchase_frequency_level': 'moderate', 'preferred_promo_types': [np.str_('Direct Discount'), np.str_('Membership Discount')], 'avg_order_value': np.float64(108.4715789473684), 'spending_level': 'medium', 'total_spend': np.float64(2060.9599999999996), 'return_rate': np.float64(0.05263157894736842), 'days_since_last_purchase': 183, 'activity_level': 'inactive', 'preferred_interaction_types': [np.str_('Email Open'), np.str_('Social Media')], 'engagement_level': 'low'}","[{'type': 'winback', 'strategy': '您已183天未购买，专属回归礼包等您领取', 'expected_impact': '召回率 15-25%'}, {'type': 'value', 'strategy': '推荐高性价比组合套装，提供首次购买免息分期', 'expected_impact': '提升首单转化率 20-30%'}, {'type': 'onboarding', 'strategy': '完善新客户引导流程，首次购买后7天内主动跟进使用体验', 'expected_impact': '提升留存率 10-20%'}]","[{'category': np.str_('Food'), 'recommendation_type': 'personalized', 'rationale': '基于您Food品类的历史购买偏好'}, {'category': np.str_('Electronics'), 'recommendation_type': 'complementary', 'rationale': '与Food搭配购买的用户推荐'}, {'category': np.str_('Electronics'), 'recommendation_type': 'personalized', 'rationale': '基于您Electronics品类的历史购买偏好'}]","[{'promo_type': np.str_('Direct Discount'), 'target_category': np.str_('Food'), 'rationale': '您对Direct Discount促销响应率最高'}, {'promo_type': np.str_('Membership Discount'), 'target_category': np.str_('Food'), 'rationale': '您对Membership Discount促销响应率最高'}]","[{'channel': '电子邮件', 'frequency': '每周1次', 'best_time': '周二上午'}, {'channel': '社交媒体', 'frequency': '每周2-3次', 'best_time': '周末下午'}]",预计在3个月内15-20%的概率被成功激活,3
