customer_id,first_purchase,last_purchase,total_purchases,total_spend,avg_order_value,avg_discount_pct,promotion_rate,avg_base_price,age,gender,segment,channel,region,loyalty_tendency,price_sensitivity,promotion_responsiveness,duration_days,days_since_last,active_categories,primary_category,avg_category_threshold,max_category_threshold,weighted_churn_threshold,primary_churn_threshold,dynamic_churn_threshold,churned,avg_inter_purchase_days,time_to_next_purchase,repurchase_rate,threshold_group,expected_next_purchase_days,repurchase_probability
CUST_000000,2023-04-09,2025-12-16,21,2814.08,134.0038095238095,0.1096,0.38095238095238093,140.75238095238097,56,Female,High Net Worth,Online,East,0.40725847818088706,0.33114245140114085,0.6374857286192506,997,15,6,Beauty,481.52030445525605,570.7290665608045,481.52030445525605,489.87898021966913,489.87898021966913,0,49.1,49.1,1,Long Cycle,49.1,0.7553481279587231
CUST_000001,2023-01-13,2025-11-04,33,4435.29,134.40272727272728,0.10926666666666666,0.3333333333333333,146.71666666666667,69,Male,Senior,Online,North,0.7031745516033406,0.9200092164552484,0.9399142854532827,1083,57,6,Beauty,481.52030445525605,570.7290665608045,481.52030445525605,438.11544047013047,438.11544047013047,0,32.0625,32.0625,1,Medium Cycle,32.0625,0.3065559467969057
CUST_000002,2023-01-13,2025-12-19,22,2169.56,98.61636363636363,0.03946363636363636,0.13636363636363635,101.50454545454545,46,Female,Senior,Store,Central,0.5203374445674649,0.29655499919735395,0.4733691945728094,1083,12,6,Beauty,481.52030445525605,570.7290665608045,481.52030445525605,489.87898021966913,489.87898021966913,0,51.0,51.0,1,Long Cycle,51.0,0.7854608246822026
CUST_000003,2023-03-06,2025-12-14,21,2578.68,122.7942857142857,0.12856666666666666,0.47619047619047616,136.3709523809524,32,Male,High Net Worth,Store,East,0.17209251620965302,0.3739237947029612,0.6660063226994886,1031,17,6,Beauty,481.52030445525605,570.7290665608045,481.52030445525605,378.3554667547274,378.3554667547274,0,50.7,50.7,1,Short Cycle,50.7,0.7527933082630596
CUST_000004,2023-01-03,2025-12-11,10,1683.3400000000001,168.334,0.03654,0.1,170.16400000000002,60,Male,Student,Online,East,0.2904109832941283,0.15999889561214004,0.44532330716044344,1093,20,5,Beauty,463.67855203414626,513.7160654092345,463.67855203414626,438.11544047013047,438.11544047013047,0,119.22222222222223,119.22222222222223,1,Medium Cycle,119.22222222222223,0.9778818327431942
CUST_000005,2023-01-09,2025-12-18,25,2888.95,115.55799999999999,0.154236,0.52,130.1064,25,Female,Young Professional,Hybrid,North,0.557115456904987,0.3618485575991256,0.9097812125447142,1087,13,6,Beauty,481.52030445525605,570.7290665608045,481.52030445525605,378.3554667547274,378.3554667547274,0,44.75,44.75,1,Short Cycle,44.75,0.7401369595312515
CUST_000006,2023-01-15,2025-12-15,20,2366.93,118.34649999999999,0.09607,0.35,129.357,38,Female,Senior,Online,Central,0.5037657512462608,0.611205739202266,0.5277620876934614,1081,16,6,Beauty,481.52030445525605,570.7290665608045,481.52030445525605,378.3554667547274,378.3554667547274,0,56.05263157894737,56.05263157894737,1,Short Cycle,56.05263157894737,0.7916366282787214
CUST_000007,2023-01-08,2025-11-28,24,3031.71,126.32125,0.10280416666666668,0.25,135.4475,56,Female,Senior,Store,West,0.39194828305873863,0.7867572177039411,0.6115696216618407,1088,33,6,Beauty,481.52030445525605,570.7290665608045,481.52030445525605,378.3554667547274,378.3554667547274,0,45.869565217391305,45.869565217391305,1,Short Cycle,45.869565217391305,0.6029326201422971
CUST_000008,2023-01-25,2025-12-11,20,1464.23,73.2115,0.11578999999999999,0.4,80.179,36,Female,Family,Store,Central,0.5129189862442906,0.5721340816288807,0.713013181780703,1071,20,5,Beauty,463.67855203414626,513.7160654092345,463.67855203414626,489.87898021966913,489.87898021966913,0,55.31578947368421,55.31578947368421,1,Long Cycle,55.31578947368421,0.7630253737060103
CUST_000009,2023-01-28,2025-11-25,20,2865.02,143.251,0.134195,0.4,159.05450000000002,40,Other,Student,Hybrid,South,0.324469764121065,0.08104673210248536,0.6827144177751686,1068,36,5,Beauty,463.67855203414626,513.7160654092345,463.67855203414626,378.3554667547274,378.3554667547274,0,54.31578947368421,54.31578947368421,1,Short Cycle,54.31578947368421,0.644820379148892
CUST_000010,2023-02-09,2025-12-02,14,1255.51,89.67928571428571,0.08391428571428572,0.35714285714285715,95.93285714285715,28,Female,High Net Worth,Store,West,0.26888486768721137,0.1608901791556643,0.3980636786563229,1056,29,6,Beauty,481.52030445525605,570.7290665608045,481.52030445525605,378.3554667547274,378.3554667547274,0,79.0,79.0,1,Short Cycle,79.0,0.8446626691202033
CUST_000011,2023-01-13,2025-12-19,25,2963.02,118.5208,0.085804,0.24,126.62119999999999,28,Male,High Net Worth,Hybrid,East,0.5765737251334517,0.08580144442577511,0.6513919545010991,1083,12,5,Beauty,463.67855203414626,513.7160654092345,463.67855203414626,513.7160654092345,513.7160654092345,0,44.625,44.625,1,Long Cycle,44.625,0.745857133690807
CUST_000012,2023-04-11,2025-12-06,13,2104.88,161.91384615384615,0.02503846153846154,0.15384615384615385,164.21538461538464,41,Female,Family,Online,West,0.016698860364880535,0.2001088105028608,0.20218396004869815,995,25,6,Beauty,481.52030445525605,570.7290665608045,481.52030445525605,378.3554667547274,378.3554667547274,0,80.83333333333333,80.83333333333333,1,Short Cycle,80.83333333333333,0.8712006359217173
CUST_000013,2023-03-23,2025-10-30,18,2445.96,135.88666666666666,0.0947,0.3333333333333333,145.72611111111112,70,Male,Young Professional,Hybrid,East,0.3684777589251536,0.23300817341082714,0.8720640383177507,1014,62,5,Beauty,463.67855203414626,513.7160654092345,463.67855203414626,378.3554667547274,378.3554667547274,0,56.0,56.0,1,Short Cycle,56.0,0.4515853787855235
CUST_000014,2023-02-28,2025-08-25,27,2693.6,99.76296296296296,0.07476296296296298,0.3333333333333333,106.98407407407409,53,Male,High Net Worth,Online,East,0.5417050420062127,0.22283223328420015,0.9496882038282237,1037,128,6,Beauty,481.52030445525605,570.7290665608045,481.52030445525605,498.32680731697,498.32680731697,0,34.96153846153846,34.96153846153846,1,Long Cycle,34.96153846153846,0.029616387630465035
CUST_000015,2023-01-08,2025-12-28,44,4329.51,98.39795454545455,0.0948,0.36363636363636365,107.43431818181817,57,Male,Student,Hybrid,West,0.8401386759350017,0.5060840384894199,0.5664026693632754,1088,3,6,Beauty,481.52030445525605,570.7290665608045,481.52030445525605,378.3554667547274,378.3554667547274,0,25.232558139534884,25.232558139534884,1,Short Cycle,25.232558139534884,0.6739297763595185
CUST_000016,2023-02-07,2025-12-26,20,2031.91,101.5955,0.08691499999999999,0.35,112.19800000000001,41,Male,Young Professional,Store,East,0.45685339722281393,0.15443717689204847,0.8844273660019865,1058,5,5,Beauty,463.67855203414626,513.7160654092345,463.67855203414626,378.3554667547274,378.3554667547274,0,55.421052631578945,55.421052631578945,1,Short Cycle,55.421052631578945,0.8466911150033432
CUST_000017,2023-01-01,2025-12-03,50,4707.3099999999995,94.1462,0.109306,0.36,101.2854,20,Other,High Net Worth,Hybrid,East,0.8490969581800873,0.5126679312485971,0.8236242558333113,1095,28,6,Beauty,481.52030445525605,570.7290665608045,481.52030445525605,378.3554667547274,378.3554667547274,0,21.775510204081634,21.775510204081634,1,Short Cycle,21.775510204081634,0.449783371598094
CUST_000018,2023-03-20,2025-06-29,15,2321.5,154.76666666666668,0.11351333333333333,0.3333333333333333,163.58733333333333,39,Female,High Net Worth,Store,South,0.28949014022412883,0.5617648916587262,0.6765382013568658,1017,185,5,Beauty,478.1590038829132,570.7290665608045,478.1590038829132,438.11544047013047,438.11544047013047,0,59.42857142857143,59.42857142857143,1,Medium Cycle,59.42857142857143,0.005446622712157012
CUST_000019,2023-01-15,2025-12-25,27,2865.98,106.14740740740741,0.08921851851851852,0.2962962962962963,117.62333333333333,70,Female,Family,Store,Central,0.6819118597889053,0.31393341666372326,0.7889693180897402,1081,6,6,Beauty,481.52030445525605,570.7290665608045,481.52030445525605,489.87898021966913,489.87898021966913,0,41.34615384615385,41.34615384615385,1,Long Cycle,41.34615384615385,0.7632154032110097
CUST_000020,2023-03-16,2025-12-21,16,1797.44,112.34,0.05324375,0.1875,115.07875,19,Male,Senior,Store,Central,0.4679785330082866,0.6737266736646161,0.2691122450512037,1021,10,6,Beauty,481.52030445525605,570.7290665608045,481.52030445525605,378.3554667547274,378.3554667547274,0,67.4,67.4,1,Short Cycle,67.4,0.8777577796619322
CUST_000021,2023-12-26,2025-11-19,9,1204.5,133.83333333333334,0.13234444444444446,0.3333333333333333,143.63444444444445,41,Male,Family,Store,South,0.2374291344783716,0.5714781949326763,0.4370767742562544,736,42,3,Clothing,443.3956575446975,513.7160654092345,443.3956575446975,378.3554667547274,378.3554667547274,0,86.75,86.75,1,Short Cycle,86.75,0.81789114522575
CUST_000022,2023-02-20,2025-09-22,21,2662.43,126.78238095238095,0.048728571428571434,0.19047619047619047,128.53333333333333,61,Male,Young Professional,Online,West,0.32397085931827824,0.2329633068365972,0.7546955489599789,1045,100,5,Beauty,463.67855203414626,513.7160654092345,463.67855203414626,498.32680731697,498.32680731697,0,47.25,47.25,1,Long Cycle,47.25,0.14240717043600937
CUST_000023,2023-01-29,2025-12-26,30,4517.83,150.59433333333334,0.10381333333333333,0.3333333333333333,160.597,47,Male,Family,Online,North,0.6917594436451487,0.45575844372043905,0.2767649463492652,1067,5,6,Beauty,481.52030445525605,570.7290665608045,481.52030445525605,438.11544047013047,438.11544047013047,0,36.62068965517241,36.62068965517241,1,Medium Cycle,36.62068965517241,0.7392860153984856
CUST_000024,2023-04-07,2025-12-16,30,3419.74,113.99133333333333,0.06783,0.23333333333333334,120.64566666666666,55,Female,Student,Online,North,0.6723896048474984,0.29795606102927125,0.44036894767673557,999,15,6,Beauty,481.52030445525605,570.7290665608045,481.52030445525605,489.87898021966913,489.87898021966913,0,33.93103448275862,33.93103448275862,1,Long Cycle,33.93103448275862,0.6494546152437669
CUST_000025,2023-01-04,2025-12-14,30,2896.65,96.555,0.10930666666666666,0.3,111.93599999999999,19,Female,Young Professional,Online,North,0.7070298950457968,0.5676999624743375,0.45394211704633414,1092,17,5,Beauty,463.67855203414626,513.7160654092345,463.67855203414626,489.87898021966913,489.87898021966913,0,37.06896551724138,37.06896551724138,1,Long Cycle,37.06896551724138,0.6579671104086969
CUST_000026,2023-02-03,2025-11-21,17,2332.9100000000003,137.23000000000002,0.07703529411764706,0.29411764705882354,143.5370588235294,38,Female,Family,Hybrid,South,0.45756507965753934,0.5311186411322782,0.7644012115381643,1062,40,6,Beauty,481.52030445525605,570.7290665608045,481.52030445525605,438.11544047013047,438.11544047013047,0,63.875,63.875,1,Medium Cycle,63.875,0.6858400780664333
CUST_000027,2023-01-21,2025-12-08,21,2068.9,98.51904761904763,0.1207857142857143,0.5238095238095238,112.31952380952382,50,Male,Family,Online,South,0.3748987120830798,0.4820242973820013,0.8028848164506335,1075,23,6,Beauty,481.52030445525605,570.7290665608045,481.52030445525605,378.3554667547274,378.3554667547274,0,52.6,52.6,1,Short Cycle,52.6,0.725804854657461
CUST_000028,2023-02-13,2025-12-19,32,3496.65,109.2703125,0.101328125,0.375,117.65187499999999,29,Female,Family,Hybrid,East,0.6033002883680049,0.12649685666273983,0.7606711337171326,1052,12,6,Beauty,481.52030445525605,570.7290665608045,481.52030445525605,378.3554667547274,378.3554667547274,0,33.54838709677419,33.54838709677419,1,Short Cycle,33.54838709677419,0.6689146955800738
CUST_000029,2023-02-04,2025-04-12,12,2250.36,187.53,0.0631,0.16666666666666666,202.46333333333334,39,Female,High Net Worth,Online,North,0.1398130599924416,0.2526083905536553,0.16249099667821862,1061,263,6,Beauty,481.52030445525605,570.7290665608045,481.52030445525605,438.11544047013047,438.11544047013047,0,72.54545454545455,72.54545454545455,1,Medium Cycle,72.54545454545455,5.630394793088023e-05
CUST_000030,2023-02-07,2025-11-02,24,3503.1,145.9625,0.015720833333333333,0.08333333333333333,148.02291666666667,61,Female,Family,Online,West,0.45949389393491713,0.23260239006317812,0.5577552489794906,1058,59,6,Beauty,481.52030445525605,570.7290665608045,481.52030445525605,438.11544047013047,438.11544047013047,0,43.43478260869565,43.43478260869565,1,Medium Cycle,43.43478260869565,0.37615206199430495
CUST_000031,2023-02-14,2025-12-24,21,2510.9700000000003,119.57000000000001,0.053904761904761914,0.23809523809523808,126.28142857142856,42,Female,Family,Hybrid,West,0.4510847174833744,0.07160488626408137,0.5801857388729785,1051,7,6,Beauty,481.52030445525605,570.7290665608045,481.52030445525605,378.3554667547274,378.3554667547274,0,52.2,52.2,1,Short Cycle,52.2,0.8202928999034611
CUST_000032,2023-02-28,2025-09-01,16,2188.07,136.754375,0.068825,0.3125,144.905,66,Male,Student,Store,North,0.47703610287440623,0.14824473343112965,0.9515043622424871,1037,121,6,Beauty,481.52030445525605,570.7290665608045,481.52030445525605,438.11544047013047,438.11544047013047,0,61.06666666666667,61.06666666666667,1,Medium Cycle,61.06666666666667,0.1121416421823016
CUST_000033,2023-02-11,2025-11-17,24,3194.35,133.09791666666666,0.1144875,0.4166666666666667,147.85999999999999,44,Male,Family,Store,North,0.6095701512369505,0.17367247078030398,0.6728971749557214,1054,44,6,Beauty,481.52030445525605,570.7290665608045,481.52030445525605,378.3554667547274,378.3554667547274,0,43.91304347826087,43.91304347826087,1,Short Cycle,43.91304347826087,0.4992966079512846
CUST_000034,2023-03-27,2025-07-13,22,2142.08,97.36727272727272,0.10834545454545454,0.3181818181818182,108.3409090909091,59,Male,Young Professional,Store,North,0.24362263685686988,0.3120180046893607,0.7004744921476913,1010,171,6,Beauty,481.52030445525605,570.7290665608045,481.52030445525605,378.3554667547274,378.3554667547274,0,39.95238095238095,39.95238095238095,1,Short Cycle,39.95238095238095,0.003940324575958498
CUST_000035,2023-01-09,2025-12-30,40,5172.65,129.31625,0.0668825,0.2,138.371,45,Female,Family,Store,South,0.8692913414666031,0.5446957759720279,0.5699004462775896,1087,1,6,Beauty,481.52030445525605,570.7290665608045,481.52030445525605,438.11544047013047,438.11544047013047,0,27.846153846153847,27.846153846153847,1,Medium Cycle,27.846153846153847,0.7068950641390643
CUST_000036,2023-01-17,2025-11-09,30,2270.67,75.68900000000001,0.10099333333333332,0.4,84.50933333333334,33,Male,Young Professional,Online,South,0.7400826456264682,0.2559203188872047,0.8498931236815195,1079,52,6,Beauty,481.52030445525605,570.7290665608045,481.52030445525605,498.32680731697,498.32680731697,0,35.41379310344828,35.41379310344828,1,Long Cycle,35.41379310344828,0.3683206710071999
CUST_000037,2023-02-24,2025-11-28,18,3092.7599999999998,171.82,0.10854444444444444,0.3888888888888889,190.96444444444444,32,Male,Young Professional,Hybrid,South,0.5881414387471137,0.34455929640916183,0.7337519140860875,1041,33,5,Clothing,479.8485693023734,570.7290665608045,479.8485693023734,438.11544047013047,438.11544047013047,0,59.294117647058826,59.294117647058826,1,Medium Cycle,59.294117647058826,0.7030328488381411
CUST_000038,2023-03-26,2025-10-28,11,1700.41,154.58272727272728,0.06742727272727272,0.36363636363636365,163.48454545454544,64,Male,Family,Hybrid,Central,0.148778862217125,0.29442284543558056,0.5963498527799029,1011,64,4,Electronics,505.2218449392849,570.7290665608045,505.2218449392849,438.11544047013047,438.11544047013047,0,94.7,94.7,1,Medium Cycle,94.7,0.7331861137496772
CUST_000039,2023-01-28,2025-12-20,33,3208.42,97.2248484848485,0.12973636363636362,0.42424242424242425,106.35909090909091,68,Male,Family,Store,West,0.7542935593581711,0.3585542446043856,0.7423159258704851,1068,11,6,Beauty,481.52030445525605,570.7290665608045,481.52030445525605,378.3554667547274,378.3554667547274,0,33.03125,33.03125,1,Short Cycle,33.03125,0.6724573679288686
CUST_000040,2023-03-01,2025-12-19,22,1944.98,88.40818181818182,0.0992818181818182,0.3181818181818182,96.94909090909091,61,Female,High Net Worth,Online,West,0.3371255089771354,0.36640423819315304,0.6730001545657577,1036,12,6,Beauty,481.52030445525605,570.7290665608045,481.52030445525605,378.3554667547274,378.3554667547274,0,48.76190476190476,48.76190476190476,1,Short Cycle,48.76190476190476,0.7719819532681138
CUST_000041,2023-02-20,2025-12-11,50,6225.39,124.5078,0.142752,0.46,140.8844,72,Female,Family,Store,East,0.9277895561654708,0.6516835140245575,0.8882778190723417,1045,20,6,Beauty,481.52030445525605,570.7290665608045,481.52030445525605,378.3554667547274,378.3554667547274,0,20.918367346938776,20.918367346938776,1,Short Cycle,20.918367346938776,0.5074282558984904
CUST_000042,2023-01-01,2025-10-14,16,1948.46,121.77875,0.08286875,0.3125,130.630625,69,Male,Senior,Online,South,0.3416033388191895,0.3072400530163768,0.7671259721057853,1095,78,6,Beauty,481.52030445525605,570.7290665608045,481.52030445525605,378.3554667547274,378.3554667547274,0,67.8,67.8,1,Short Cycle,67.8,0.4180765026479317
CUST_000043,2023-01-12,2025-12-12,23,2873.41,124.93086956521738,0.07350869565217391,0.34782608695652173,134.57782608695652,74,Male,Senior,Online,Central,0.3102699410713611,0.6393893411569495,0.4690052748751427,1084,19,6,Beauty,481.52030445525605,570.7290665608045,481.52030445525605,438.11544047013047,438.11544047013047,0,48.40909090909091,48.40909090909091,1,Medium Cycle,48.40909090909091,0.7245136137619324
CUST_000044,2023-03-28,2025-08-04,18,2620.66,145.5922222222222,0.08677222222222222,0.3888888888888889,152.30777777777777,20,Female,Young Professional,Online,Central,0.48774968280532194,0.3799468093894144,0.755281515317018,1009,149,6,Beauty,481.52030445525605,570.7290665608045,481.52030445525605,378.3554667547274,378.3554667547274,0,50.588235294117645,50.588235294117645,1,Short Cycle,50.588235294117645,0.02299900811024924
CUST_000045,2023-01-27,2025-10-16,14,1410.91,100.77928571428572,0.07412857142857143,0.35714285714285715,110.3142857142857,54,Male,Senior,Store,West,0.2667589679643618,0.35275970191007616,0.48118550241230107,1069,76,5,Beauty,475.08115226446023,570.7290665608045,475.08115226446023,378.3554667547274,378.3554667547274,0,76.38461538461539,76.38461538461539,1,Short Cycle,76.38461538461539,0.5031111272155986
CUST_000046,2023-02-21,2025-12-26,22,3934.32,178.83272727272728,0.12741363636363637,0.3181818181818182,204.8618181818182,68,Male,Young Professional,Hybrid,South,0.551182229346772,0.8127859171318603,0.5639038656297772,1044,5,5,Clothing,479.8485693023734,570.7290665608045,479.8485693023734,438.11544047013047,438.11544047013047,0,49.476190476190474,49.476190476190474,1,Medium Cycle,49.476190476190474,0.8164199872558319
CUST_000047,2023-02-06,2025-12-15,24,3972.53,165.52208333333334,0.07132083333333333,0.25,175.97083333333333,24,Male,High Net Worth,Store,East,0.47897749265144185,0.6609433328257592,0.8134928131693722,1059,16,6,Beauty,481.52030445525605,570.7290665608045,481.52030445525605,438.11544047013047,438.11544047013047,0,45.34782608695652,45.34782608695652,1,Medium Cycle,45.34782608695652,0.7240986073562138
CUST_000048,2023-01-17,2025-11-13,23,2323.16,101.00695652173913,0.06136521739130435,0.30434782608695654,104.40347826086955,38,Male,Young Professional,Store,South,0.5185437625175989,0.06816203889879317,0.68663818134698,1079,48,6,Beauty,481.52030445525605,570.7290665608045,481.52030445525605,378.3554667547274,378.3554667547274,0,46.86363636363637,46.86363636363637,1,Short Cycle,46.86363636363637,0.49080875332133467
CUST_000049,2023-07-07,2025-09-13,15,1863.43,124.22866666666667,0.033120000000000004,0.06666666666666667,128.61666666666667,26,Female,Family,Store,North,0.47657578119874067,0.44460929630220347,0.5528244965445773,908,109,4,Clothing,475.22900979872423,570.7290665608045,475.22900979872423,378.3554667547274,378.3554667547274,0,57.07142857142857,57.07142857142857,1,Short Cycle,57.07142857142857,0.14619079955557046
CUST_000050,2023-01-07,2025-12-20,34,3075.91,90.46794117647059,0.08748823529411764,0.3235294117647059,96.33147058823529,56,Female,Young Professional,Online,South,0.6318662028196513,0.16219689800660922,0.3833431132159792,1089,11,6,Beauty,481.52030445525605,570.7290665608045,481.52030445525605,498.32680731697,498.32680731697,0,32.666666666666664,32.666666666666664,1,Long Cycle,32.666666666666664,0.6697839050305053
CUST_000051,2023-03-11,2025-12-11,27,2330.77,86.32481481481481,0.09887777777777777,0.3333333333333333,94.71851851851852,35,Male,High Net Worth,Online,North,0.45360513839368843,0.41821783843593185,0.6732937851212552,1026,20,6,Beauty,481.52030445525605,570.7290665608045,481.52030445525605,378.3554667547274,378.3554667547274,0,38.69230769230769,38.69230769230769,1,Short Cycle,38.69230769230769,0.6476590379321424
CUST_000052,2023-02-15,2025-12-27,38,3040.45,80.01184210526316,0.05952105263157895,0.2631578947368421,86.8807894736842,21,Male,Family,Hybrid,North,0.8075014712540832,0.2174875572112766,0.5073092946054317,1050,4,5,Beauty,463.67855203414626,513.7160654092345,463.67855203414626,378.3554667547274,378.3554667547274,0,28.27027027027027,28.27027027027027,1,Short Cycle,28.27027027027027,0.6886783578923763
CUST_000053,2023-02-20,2025-08-30,18,1781.0,98.94444444444444,0.058511111111111104,0.2777777777777778,103.35833333333333,42,Female,Senior,Online,East,0.4136794422422366,0.4299711420598287,0.5703471148394912,1045,123,6,Beauty,481.52030445525605,570.7290665608045,481.52030445525605,378.3554667547274,378.3554667547274,0,54.23529411764706,54.23529411764706,1,Short Cycle,54.23529411764706,0.0816160270502504
CUST_000054,2023-01-23,2025-12-22,34,3244.96,95.44,0.1923470588235294,0.5,114.98117647058824,31,Female,Young Professional,Hybrid,West,0.7402112102984061,0.8054174150123428,0.8734479328266022,1073,9,6,Beauty,481.52030445525605,570.7290665608045,481.52030445525605,378.3554667547274,378.3554667547274,0,32.24242424242424,32.24242424242424,1,Short Cycle,32.24242424242424,0.6812749021521075
CUST_000055,2023-01-17,2025-12-08,43,5221.21,121.42348837209302,0.09656279069767441,0.3488372093023256,129.18906976744185,67,Female,Student,Store,South,0.8351209131140997,0.5118219363462427,0.32476041603874645,1079,23,6,Beauty,481.52030445525605,570.7290665608045,481.52030445525605,378.3554667547274,378.3554667547274,0,25.142857142857142,25.142857142857142,1,Short Cycle,25.142857142857142,0.5173281465515649
CUST_000056,2023-03-21,2025-11-19,17,2003.82,117.87176470588236,0.027329411764705883,0.11764705882352941,123.79176470588236,26,Female,Young Professional,Store,North,0.3193132424814279,0.287307498566976,0.47613372995698044,1016,42,6,Beauty,481.52030445525605,570.7290665608045,481.52030445525605,513.7160654092345,513.7160654092345,0,60.875,60.875,1,Long Cycle,60.875,0.649033451378875
CUST_000057,2023-01-14,2025-12-14,14,1452.49,103.74928571428572,0.09506428571428573,0.42857142857142855,111.29857142857144,43,Male,High Net Worth,Store,South,0.17313559973184353,0.2887076248477267,0.8628355821630626,1082,17,5,Beauty,463.67855203414626,513.7160654092345,463.67855203414626,378.3554667547274,378.3554667547274,0,81.92307692307692,81.92307692307692,1,Short Cycle,81.92307692307692,0.9059783982503756
CUST_000058,2023-01-07,2025-12-28,47,6324.04,134.5540425531915,0.11345531914893617,0.3617021276595745,146.00829787234042,70,Male,Young Professional,Store,West,0.8336399060625599,0.6536705271303919,0.4762078400569624,1089,3,6,Beauty,481.52030445525605,570.7290665608045,481.52030445525605,438.11544047013047,438.11544047013047,0,23.608695652173914,23.608695652173914,1,Medium Cycle,23.608695652173914,0.6619770752889771
CUST_000059,2023-03-20,2025-12-11,12,1771.7,147.64166666666668,0.07569166666666667,0.25,163.89166666666665,19,Female,Young Professional,Hybrid,West,0.4320268908172819,0.5142701715046041,0.38504639312389866,1017,20,6,Beauty,481.52030445525605,570.7290665608045,481.52030445525605,513.7160654092345,513.7160654092345,0,90.63636363636364,90.63636363636364,1,Long Cycle,90.63636363636364,0.9239614775151742
CUST_000060,2023-08-05,2025-11-07,19,2678.13,140.9542105263158,0.13027368421052632,0.42105263157894735,159.50105263157894,37,Male,Young Professional,Hybrid,Central,0.5280741854585487,0.6844425924935569,0.4993308458394682,879,54,6,Beauty,481.52030445525605,570.7290665608045,481.52030445525605,378.3554667547274,378.3554667547274,0,45.833333333333336,45.833333333333336,1,Short Cycle,45.833333333333336,0.43424038223700867
CUST_000061,2023-01-25,2025-11-26,17,2326.79,136.87,0.07677058823529412,0.35294117647058826,149.64705882352942,45,Female,Family,Store,West,0.3172685925558851,0.5046507994145912,0.8215543786924372,1071,35,6,Beauty,481.52030445525605,570.7290665608045,481.52030445525605,378.3554667547274,378.3554667547274,0,64.75,64.75,1,Short Cycle,64.75,0.7268172996671842
CUST_000062,2023-01-05,2025-12-20,9,1440.3999999999999,160.04444444444442,0.04364444444444445,0.2222222222222222,163.70333333333332,64,Female,Senior,Online,East,0.3590160335523363,0.39881523238357147,0.6356793291395235,1091,11,4,Electronics,505.2218449392849,570.7290665608045,505.2218449392849,438.11544047013047,438.11544047013047,0,135.0,135.0,1,Medium Cycle,135.0,0.994035578723619
CUST_000063,2023-01-04,2025-12-09,47,6777.13,144.19425531914894,0.08116170212765958,0.2553191489361702,149.81851063829788,24,Female,Young Professional,Store,North,0.8597940534704225,0.5550105353963177,0.47102014358679223,1092,22,6,Beauty,481.52030445525605,570.7290665608045,481.52030445525605,438.11544047013047,438.11544047013047,0,23.26086956521739,23.26086956521739,1,Medium Cycle,23.26086956521739,0.5101980790699262
CUST_000064,2023-04-11,2025-12-09,35,4913.64,140.3897142857143,0.026734285714285714,0.11428571428571428,144.05857142857144,61,Male,Student,Hybrid,Central,0.793655766710111,0.8217040041484396,0.6792122789504154,995,22,6,Beauty,481.52030445525605,570.7290665608045,481.52030445525605,438.11544047013047,438.11544047013047,0,28.61764705882353,28.61764705882353,1,Medium Cycle,28.61764705882353,0.5533700345704637
CUST_000065,2023-02-13,2025-10-25,20,2754.34,137.717,0.10276,0.3,143.5155,25,Female,Family,Online,East,0.546806940064163,0.3908047034068518,0.8496764724437657,1052,67,6,Beauty,481.52030445525605,570.7290665608045,481.52030445525605,378.3554667547274,378.3554667547274,0,51.8421052631579,51.8421052631579,1,Short Cycle,51.8421052631579,0.3792908812833927
CUST_000066,2023-01-19,2025-08-25,26,2750.68,105.7953846153846,0.05083461538461538,0.2692307692307692,109.66192307692307,64,Male,Family,Store,South,0.4475445548012922,0.26775149985769525,0.528957370680296,1077,128,6,Beauty,481.52030445525605,570.7290665608045,481.52030445525605,498.32680731697,498.32680731697,0,37.96,37.96,1,Long Cycle,37.96,0.03395041641808716
CUST_000067,2023-01-11,2025-11-23,25,3114.26,124.5704,0.10580400000000001,0.32,136.4744,52,Female,Family,Store,North,0.6500262334725758,0.26136880092009346,0.4221528830516985,1085,38,5,Beauty,463.67855203414626,513.7160654092345,463.67855203414626,378.3554667547274,378.3554667547274,0,43.625,43.625,1,Short Cycle,43.625,0.5454022421652525
CUST_000068,2023-05-11,2025-12-27,16,1996.28,124.7675,0.12161875000000001,0.375,133.375,31,Female,Family,Store,West,0.3664928081101798,0.5152753040039416,0.7177146259186492,965,4,6,Beauty,481.52030445525605,570.7290665608045,481.52030445525605,378.3554667547274,378.3554667547274,0,64.06666666666666,64.06666666666666,1,Short Cycle,64.06666666666666,0.8883729317125666
CUST_000069,2023-01-09,2025-12-26,25,4008.97,160.3588,0.060484,0.28,168.1104,34,Male,Senior,Online,North,0.5750792035297724,0.3073364888989973,0.5504910113697399,1087,5,6,Beauty,481.52030445525605,570.7290665608045,481.52030445525605,438.11544047013047,438.11544047013047,0,45.083333333333336,45.083333333333336,1,Medium Cycle,45.083333333333336,0.7918151677716243
CUST_000070,2023-02-28,2025-09-12,16,1702.3700000000001,106.39812500000001,0.04515,0.1875,112.080625,53,Other,Young Professional,Store,South,0.2753640394760647,0.34726193140439743,0.4171154958067052,1037,110,6,Beauty,481.52030445525605,570.7290665608045,481.52030445525605,378.3554667547274,378.3554667547274,0,61.8,61.8,1,Short Cycle,61.8,0.16420776847369145
CUST_000071,2023-03-19,2025-12-16,17,1970.52,115.91294117647058,0.07917058823529412,0.35294117647058826,127.07411764705881,67,Female,Young Professional,Hybrid,Central,0.24366914737766873,0.6659228328142714,0.46943256376077114,1018,15,6,Beauty,481.52030445525605,570.7290665608045,481.52030445525605,489.87898021966913,489.87898021966913,0,62.6875,62.6875,1,Long Cycle,62.6875,0.8332076890457499
CUST_000072,2023-01-19,2025-09-23,26,2735.94,105.22846153846154,0.11561538461538462,0.34615384615384615,116.33538461538463,57,Male,High Net Worth,Online,Central,0.5712177558932243,0.18761233801631624,0.4308473844420854,1077,99,6,Beauty,481.52030445525605,570.7290665608045,481.52030445525605,378.3554667547274,378.3554667547274,0,39.12,39.12,1,Short Cycle,39.12,0.11234794576950935
CUST_000073,2023-01-09,2025-11-01,12,1079.31,89.9425,0.0,0.0,89.9425,21,Male,High Net Worth,Online,Central,0.5348188517183244,0.3839378261435945,0.7262193087822094,1087,60,6,Beauty,481.52030445525605,570.7290665608045,481.52030445525605,489.87898021966913,489.87898021966913,0,93.36363636363636,93.36363636363636,1,Long Cycle,93.36363636363636,0.7506339440460936
CUST_000074,2023-01-25,2025-10-28,15,1587.97,105.86466666666666,0.08686666666666666,0.3333333333333333,114.77466666666666,19,Male,Family,Hybrid,West,0.5074373970854665,0.6630114927229053,0.6522329666120112,1071,64,6,Beauty,481.52030445525605,570.7290665608045,481.52030445525605,498.32680731697,498.32680731697,0,71.92857142857143,71.92857142857143,1,Long Cycle,71.92857142857143,0.5638591344558741
CUST_000075,2023-02-15,2025-10-30,19,2341.4,123.23157894736842,0.08042631578947368,0.3684210526315789,133.9415789473684,23,Male,Family,Online,East,0.38429812656608053,0.4622734163992015,0.8921161807915653,1050,62,6,Beauty,481.52030445525605,570.7290665608045,481.52030445525605,378.3554667547274,378.3554667547274,0,54.888888888888886,54.888888888888886,1,Short Cycle,54.888888888888886,0.44267682085179405
CUST_000076,2023-01-01,2025-11-29,14,2131.55,152.25357142857143,0.08007142857142857,0.2857142857142857,164.54142857142855,71,Male,Senior,Hybrid,East,0.6252211123001634,0.4226397448768634,0.8095981714171812,1095,32,4,Beauty,455.01648821344037,513.7160654092345,455.01648821344037,438.11544047013047,438.11544047013047,0,81.76923076923077,81.76923076923077,1,Medium Cycle,81.76923076923077,0.8435434446158876
CUST_000077,2023-01-21,2025-10-13,17,1643.54,96.67882352941176,0.041999999999999996,0.11764705882352941,99.7235294117647,59,Female,Family,Store,North,0.3921763954155282,0.5431273462513025,0.41476098459674715,1075,79,6,Beauty,481.52030445525605,570.7290665608045,481.52030445525605,378.3554667547274,378.3554667547274,0,62.25,62.25,1,Short Cycle,62.25,0.36706929353393647
CUST_000078,2023-05-18,2025-11-17,11,1656.81,150.61909090909091,0.02275454545454545,0.18181818181818182,152.70545454545456,21,Male,Young Professional,Online,West,0.10205755417124854,0.4193538422289719,0.3483568325148787,958,44,5,Beauty,475.08115226446023,570.7290665608045,475.08115226446023,438.11544047013047,438.11544047013047,0,91.4,91.4,1,Medium Cycle,91.4,0.8317463952502698
CUST_000079,2023-02-27,2025-10-21,22,2679.77,121.80772727272728,0.08660454545454545,0.3181818181818182,129.46772727272727,71,Male,Young Professional,Hybrid,Central,0.45541999221701485,0.33304985184388985,0.3646620470988605,1038,71,5,Clothing,479.8485693023734,570.7290665608045,479.8485693023734,378.3554667547274,378.3554667547274,0,46.04761904761905,46.04761904761905,1,Short Cycle,46.04761904761905,0.30645002740838423
CUST_000080,2023-03-19,2025-08-12,22,3248.59,147.6631818181818,0.05119545454545455,0.2727272727272727,157.16272727272727,46,Female,Student,Store,Central,0.27871743778459457,0.0744987882994721,0.5200230335966181,1018,141,5,Beauty,502.1532719953617,570.7290665608045,502.1532719953617,438.11544047013047,438.11544047013047,0,41.76190476190476,41.76190476190476,1,Medium Cycle,41.76190476190476,0.02210120408877192
CUST_000081,2023-01-27,2025-11-23,29,2404.35,82.90862068965517,0.08721724137931035,0.3448275862068966,90.72896551724138,35,Male,Senior,Store,South,0.6761654491525263,0.5529455067776378,0.7997507028436294,1069,38,6,Beauty,481.52030445525605,570.7290665608045,481.52030445525605,378.3554667547274,378.3554667547274,0,36.82142857142857,36.82142857142857,1,Short Cycle,36.82142857142857,0.4904674279751565
CUST_000082,2023-03-05,2025-11-25,48,6224.19,129.670625,0.10758958333333334,0.4375,143.52145833333333,43,Female,Young Professional,Online,South,0.8337762570742994,0.12683504453818428,0.9368245841442547,1032,36,6,Beauty,481.52030445525605,570.7290665608045,481.52030445525605,378.3554667547274,378.3554667547274,0,21.19148936170213,21.19148936170213,1,Short Cycle,21.19148936170213,0.38198959074659466
CUST_000083,2023-01-04,2025-12-13,50,5891.24,117.8248,0.09574400000000001,0.36,126.4816,61,Male,Young Professional,Store,Central,0.8947707190912407,0.550981420302003,0.6446800428013839,1092,18,6,Beauty,481.52030445525605,570.7290665608045,481.52030445525605,438.11544047013047,438.11544047013047,0,21.918367346938776,21.918367346938776,1,Medium Cycle,21.918367346938776,0.5316624099893015
CUST_000084,2023-02-13,2025-12-14,21,2168.96,103.28380952380952,0.03126666666666667,0.19047619047619047,107.29142857142857,51,Male,Young Professional,Online,Central,0.4952437024937919,0.07172695124811075,0.4065527182457684,1052,17,6,Beauty,481.52030445525605,570.7290665608045,481.52030445525605,378.3554667547274,378.3554667547274,0,51.75,51.75,1,Short Cycle,51.75,0.759469201087277
CUST_000085,2023-02-04,2025-08-24,15,1953.04,130.20266666666666,0.014126666666666668,0.06666666666666667,132.52,27,Female,Senior,Online,West,0.3196783204428613,0.22314274567402578,0.7440340278792437,1061,129,6,Beauty,481.52030445525605,570.7290665608045,481.52030445525605,438.11544047013047,438.11544047013047,0,66.57142857142857,66.57142857142857,1,Medium Cycle,66.57142857142857,0.10279038540272234
CUST_000086,2023-02-21,2025-12-20,16,3023.5699999999997,188.97312499999998,0.07564375,0.25,196.963125,53,Female,Young Professional,Hybrid,East,0.519609770458547,0.47257639769643084,0.7777063469940407,1044,11,5,Beauty,463.67855203414626,513.7160654092345,463.67855203414626,438.11544047013047,438.11544047013047,0,68.86666666666666,68.86666666666666,1,Medium Cycle,68.86666666666666,0.8796648649625607
CUST_000087,2023-05-02,2025-11-01,20,1923.03,96.1515,0.11367500000000001,0.35,106.7895,31,Female,Young Professional,Online,South,0.542496857464231,0.34955716868668585,0.8718192339076006,974,60,4,Clothing,490.2818515104341,570.7290665608045,490.28185151043414,378.3554667547274,378.3554667547274,0,48.10526315789474,48.10526315789474,1,Short Cycle,48.10526315789474,0.4047080204205513
CUST_000088,2023-01-07,2025-09-15,28,3747.03,133.82250000000002,0.09128571428571429,0.2857142857142857,142.91142857142856,48,Female,Student,Store,East,0.5941224751137932,0.3033502769772331,0.588588334296051,1089,107,5,Beauty,463.67855203414626,513.7160654092345,463.67855203414626,438.11544047013047,438.11544047013047,0,36.370370370370374,36.370370370370374,1,Medium Cycle,36.370370370370374,0.07605805593865966
CUST_000089,2023-02-04,2025-12-11,37,4202.6,113.58378378378379,0.040432432432432434,0.16216216216216217,119.00594594594595,65,Female,Young Professional,Online,West,0.7365338911495612,0.8317295095988315,0.151233653480123,1061,20,6,Beauty,481.52030445525605,570.7290665608045,481.52030445525605,489.87898021966913,489.87898021966913,0,28.916666666666668,28.916666666666668,1,Long Cycle,28.916666666666668,0.5717360126227582
CUST_000090,2023-05-10,2025-12-24,23,1841.9,80.08260869565218,0.04696521739130435,0.17391304347826086,83.7704347826087,32,Male,Senior,Hybrid,Central,0.38662453233262123,0.6012270440078732,0.16884745155472125,966,7,5,Beauty,475.08115226446023,570.7290665608045,475.08115226446023,489.87898021966913,489.87898021966913,0,43.59090909090909,43.59090909090909,1,Long Cycle,43.59090909090909,0.7709329115342274
CUST_000091,2023-04-14,2025-11-24,29,3820.26,131.73310344827587,0.06535172413793103,0.2413793103448276,136.69034482758622,25,Male,Young Professional,Online,East,0.6272535338429205,0.08000105389196306,0.42157486879305983,992,37,6,Beauty,481.52030445525605,570.7290665608045,481.52030445525605,378.3554667547274,378.3554667547274,0,34.107142857142854,34.107142857142854,1,Short Cycle,34.107142857142854,0.47661305301994206
CUST_000092,2023-03-30,2025-08-24,11,1394.49,126.77181818181818,0.09818181818181819,0.18181818181818182,131.62181818181818,31,Female,Young Professional,Hybrid,Central,0.2870468677867217,0.6980890776053044,0.5248767615764737,1007,129,6,Beauty,481.52030445525605,570.7290665608045,481.52030445525605,378.3554667547274,378.3554667547274,0,87.8,87.8,1,Short Cycle,87.8,0.20175265314052093
CUST_000093,2023-01-08,2025-12-26,22,2263.56,102.88909090909091,0.08689090909090909,0.3181818181818182,108.57772727272727,40,Female,Young Professional,Store,Central,0.4646011405274981,0.4939199390887846,0.8270755165462923,1088,5,6,Beauty,481.52030445525605,570.7290665608045,481.52030445525605,378.3554667547274,378.3554667547274,0,51.57142857142857,51.57142857142857,1,Short Cycle,51.57142857142857,0.8274890536801791
CUST_000094,2023-01-05,2025-12-22,50,5024.82,100.4964,0.06506,0.24,103.9776,74,Other,Student,Online,North,0.9478110511642187,0.2698997358245522,0.4266740628198657,1091,9,6,Beauty,481.52030445525605,570.7290665608045,481.52030445525605,378.3554667547274,378.3554667547274,0,22.081632653061224,22.081632653061224,1,Short Cycle,22.081632653061224,0.6045896810212076
CUST_000095,2023-01-30,2025-10-25,18,1811.0,100.61111111111111,0.16847777777777778,0.6111111111111112,126.5488888888889,57,Male,High Net Worth,Online,East,0.3157174719668682,0.5501497447118708,0.833715195513866,1066,67,5,Beauty,463.67855203414626,513.7160654092345,463.67855203414626,378.3554667547274,378.3554667547274,0,58.76470588235294,58.76470588235294,1,Short Cycle,58.76470588235294,0.43369287592320127
CUST_000096,2023-06-12,2025-12-13,21,2748.69,130.89000000000001,0.10245714285714287,0.38095238095238093,142.3947619047619,38,Male,Student,Online,East,0.6820270705716799,0.37030266860446626,0.7017430729538043,933,18,6,Beauty,481.52030445525605,570.7290665608045,481.52030445525605,438.11544047013047,438.11544047013047,0,45.75,45.75,1,Medium Cycle,45.75,0.7131678453131044
CUST_000097,2023-01-10,2025-11-26,19,2844.44,149.70736842105262,0.06939473684210526,0.21052631578947367,158.88736842105263,33,Female,Family,Store,Central,0.4271285359573997,0.5979214410270337,0.491092876781865,1086,35,5,Beauty,463.67855203414626,513.7160654092345,463.67855203414626,438.11544047013047,438.11544047013047,0,58.388888888888886,58.388888888888886,1,Medium Cycle,58.388888888888886,0.6823343926360661
CUST_000098,2023-02-26,2025-12-01,40,3373.95,84.34875,0.15466,0.525,97.143,62,Male,Senior,Online,West,0.6924501902758637,0.19354354685944616,0.7338111062092928,1039,30,6,Beauty,481.52030445525605,570.7290665608045,481.52030445525605,378.3554667547274,378.3554667547274,0,25.871794871794872,25.871794871794872,1,Short Cycle,25.871794871794872,0.46664584923879504
CUST_000099,2023-02-06,2025-10-27,21,2086.91,99.37666666666667,0.10606190476190476,0.23809523809523808,106.39285714285714,35,Female,Young Professional,Hybrid,North,0.7094824614559984,0.25552939003301306,0.6880278439870472,1059,65,6,Beauty,481.52030445525605,570.7290665608045,481.52030445525605,378.3554667547274,378.3554667547274,0,49.7,49.7,1,Short Cycle,49.7,0.3781949053047705
CUST_000100,2023-01-27,2025-12-12,23,3500.96,152.21565217391304,0.1118695652173913,0.4782608695652174,163.08173913043478,64,Female,Family,Store,Central,0.3181166504358293,0.15907841523475494,0.8110466909896793,1069,19,6,Beauty,481.52030445525605,570.7290665608045,481.52030445525605,438.11544047013047,438.11544047013047,0,47.72727272727273,47.72727272727273,1,Medium Cycle,47.72727272727273,0.7198777686836844
CUST_000101,2023-01-13,2025-12-18,30,3504.34,116.81133333333334,0.07059666666666667,0.26666666666666666,123.11433333333333,70,Male,High Net Worth,Online,South,0.6244472705791674,0.2397038458415632,0.6592632765011047,1083,13,6,Beauty,481.52030445525605,570.7290665608045,481.52030445525605,378.3554667547274,378.3554667547274,0,36.89655172413793,36.89655172413793,1,Short Cycle,36.89655172413793,0.6859951181482482
CUST_000102,2023-01-12,2025-11-02,12,1164.6000000000001,97.05000000000001,0.08120000000000001,0.3333333333333333,105.315,41,Female,Young Professional,Store,South,0.17893097386726295,0.26186182340331565,0.7198771634354594,1084,59,5,Clothing,479.8485693023734,570.7290665608045,479.8485693023734,378.3554667547274,378.3554667547274,0,93.18181818181819,93.18181818181819,1,Short Cycle,93.18181818181819,0.7558689475824842
CUST_000103,2023-02-02,2025-12-12,13,1398.77,107.59769230769231,0.06126923076923077,0.23076923076923078,111.54999999999998,43,Female,Young Professional,Store,North,0.2226544773538982,0.46609304009078867,0.28662812716825076,1063,19,5,Beauty,475.08115226446023,570.7290665608045,475.08115226446023,489.87898021966913,489.87898021966913,0,87.0,87.0,1,Long Cycle,87.0,0.9160184047806263
CUST_000104,2023-05-07,2025-12-06,16,1769.3,110.58125,0.10996875,0.4375,120.00875,42,Male,Young Professional,Online,West,0.5757086367714549,0.2176206735813734,0.7877598555029349,969,25,6,Beauty,481.52030445525605,570.7290665608045,481.52030445525605,513.7160654092345,513.7160654092345,0,62.93333333333333,62.93333333333333,1,Long Cycle,62.93333333333333,0.7790954567879436
CUST_000105,2023-01-19,2025-12-27,33,3298.66,99.95939393939393,0.10382424242424242,0.36363636363636365,107.30939393939394,62,Female,Young Professional,Online,Central,0.7902934233989536,0.3735609283404472,0.6440568393224116,1077,4,6,Beauty,481.52030445525605,570.7290665608045,481.52030445525605,378.3554667547274,378.3554667547274,0,33.53125,33.53125,1,Short Cycle,33.53125,0.7253401987981738
CUST_000106,2023-02-01,2025-08-29,22,2954.02,134.27363636363637,0.08854090909090909,0.22727272727272727,141.60681818181817,58,Female,Young Professional,Online,East,0.5993359364676234,0.6203679822450615,0.7667632929177018,1064,124,6,Beauty,481.52030445525605,570.7290665608045,481.52030445525605,438.11544047013047,438.11544047013047,0,44.76190476190476,44.76190476190476,1,Medium Cycle,44.76190476190476,0.05406631336918388
CUST_000107,2023-01-19,2025-12-14,28,4104.37,146.58464285714285,0.02765,0.07142857142857142,147.31285714285715,46,Female,Senior,Store,North,0.32831991622944245,0.5096595192535595,0.4682361834654077,1077,17,6,Beauty,481.52030445525605,570.7290665608045,481.52030445525605,513.7160654092345,513.7160654092345,0,39.25925925925926,39.25925925925926,1,Long Cycle,39.25925925925926,0.6741248708517478
CUST_000108,2023-01-01,2025-12-23,16,1218.92,76.1825,0.048043749999999996,0.1875,79.879375,32,Male,Family,Store,West,0.08763691461286953,0.321336977588041,0.8261587689196811,1095,8,6,Beauty,481.52030445525605,570.7290665608045,481.52030445525605,489.87898021966913,489.87898021966913,0,72.46666666666667,72.46666666666667,1,Long Cycle,72.46666666666667,0.904416682196411
CUST_000109,2023-01-18,2025-11-19,28,4282.69,152.95321428571427,0.05189642857142857,0.21428571428571427,162.65535714285716,62,Female,High Net Worth,Store,East,0.6308967691294493,0.025015809627395337,0.24131761241019978,1078,42,6,Beauty,481.52030445525605,570.7290665608045,481.52030445525605,438.11544047013047,438.11544047013047,0,38.370370370370374,38.370370370370374,1,Medium Cycle,38.370370370370374,0.47066636155711483
CUST_000110,2023-01-03,2025-12-18,30,3399.33,113.31099999999999,0.07185666666666667,0.3333333333333333,121.554,18,Male,Student,Hybrid,South,0.4720086967342881,0.38806492696731,0.5181113061823036,1093,13,6,Beauty,481.52030445525605,570.7290665608045,481.52030445525605,378.3554667547274,378.3554667547274,0,37.241379310344826,37.241379310344826,1,Short Cycle,37.241379310344826,0.6884712800913099
CUST_000111,2023-04-30,2025-09-24,15,2037.36,135.82399999999998,0.10928,0.4,147.87800000000001,42,Male,Family,Hybrid,South,0.5074403165333724,0.30590921867968324,0.8309022134921261,976,98,5,Beauty,478.1590038829132,570.7290665608045,478.1590038829132,378.3554667547274,378.3554667547274,0,62.714285714285715,62.714285714285715,1,Short Cycle,62.714285714285715,0.23716292859654908
CUST_000112,2023-01-06,2025-09-16,25,3135.36,125.4144,0.06464,0.32,137.2276,24,Female,Family,Store,East,0.5863067480612328,0.16776914791901532,0.783832084181025,1090,106,6,Beauty,481.52030445525605,570.7290665608045,481.52030445525605,438.11544047013047,438.11544047013047,0,41.0,41.0,1,Medium Cycle,41.0,0.09376025591141313
CUST_000113,2023-01-30,2025-12-07,25,3306.02,132.2408,0.01916,0.08,133.4064,26,Male,Family,Hybrid,North,0.7077202896851178,0.41119733308068473,0.38627525312902344,1066,24,6,Beauty,481.52030445525605,570.7290665608045,481.52030445525605,378.3554667547274,378.3554667547274,0,43.416666666666664,43.416666666666664,1,Short Cycle,43.416666666666664,0.6530969603238983
CUST_000114,2023-02-07,2025-12-21,13,1571.86,120.91230769230768,0.09703846153846155,0.3076923076923077,127.43384615384615,41,Male,Senior,Online,South,0.47696852094572506,0.6156054247319931,0.5280490659814447,1058,10,6,Beauty,481.52030445525605,570.7290665608045,481.52030445525605,378.3554667547274,378.3554667547274,0,87.33333333333333,87.33333333333333,1,Short Cycle,87.33333333333333,0.9415620146756231
CUST_000115,2023-01-27,2025-12-27,46,5051.67,109.81891304347826,0.08463478260869564,0.32608695652173914,117.68652173913043,18,Female,Family,Online,Central,0.8560966874441007,0.22533800132845413,0.6884076196652514,1069,4,6,Beauty,481.52030445525605,570.7290665608045,481.52030445525605,378.3554667547274,378.3554667547274,0,23.666666666666668,23.666666666666668,1,Short Cycle,23.666666666666668,0.6549665377471612
CUST_000116,2023-07-22,2025-12-01,23,3442.31,149.66565217391303,0.05352173913043479,0.17391304347826086,153.52565217391304,61,Female,Senior,Online,East,0.34501771095886546,0.5466670127082689,0.9022823845270249,893,30,6,Beauty,481.52030445525605,570.7290665608045,481.52030445525605,378.3554667547274,378.3554667547274,0,39.22727272727273,39.22727272727273,1,Short Cycle,39.22727272727273,0.5742063566659749
CUST_000117,2023-01-27,2025-12-29,14,2060.26,147.1614285714286,0.042949999999999995,0.21428571428571427,150.29785714285714,25,Female,Family,Online,East,0.15809353043260516,0.3321219281106466,0.831872206307609,1069,2,6,Beauty,481.52030445525605,570.7290665608045,481.52030445525605,438.11544047013047,438.11544047013047,0,82.07692307692308,82.07692307692308,1,Medium Cycle,82.07692307692308,0.9477749015651802
CUST_000118,2023-01-07,2025-12-07,45,4469.27,99.31711111111112,0.09405333333333334,0.3111111111111111,107.72311111111111,41,Female,Senior,Store,South,0.7948426362426161,0.4369142711241468,0.7357592100246689,1089,24,6,Beauty,481.52030445525605,570.7290665608045,481.52030445525605,378.3554667547274,378.3554667547274,0,24.204545454545453,24.204545454545453,1,Short Cycle,24.204545454545453,0.5016545660466945
CUST_000119,2023-12-02,2025-11-01,11,1261.23,114.65727272727273,0.07657272727272726,0.2727272727272727,118.43545454545455,28,Male,Family,Hybrid,North,0.20139263162171359,0.6093089756682815,0.5458749030901515,760,60,6,Beauty,481.52030445525605,570.7290665608045,481.52030445525605,378.3554667547274,378.3554667547274,0,70.0,70.0,1,Short Cycle,70.0,0.5803392667979076
CUST_000120,2023-01-03,2025-11-12,25,3180.72,127.22879999999999,0.052275999999999996,0.24,130.4752,68,Male,Family,Online,Central,0.5101334164891866,0.022367734093118933,0.36331020068379904,1093,49,6,Beauty,481.52030445525605,570.7290665608045,481.52030445525605,438.11544047013047,438.11544047013047,0,43.5,43.5,1,Medium Cycle,43.5,0.45560247345371074
CUST_000121,2023-01-06,2025-12-26,44,5542.37,125.96295454545454,0.051975,0.20454545454545456,129.64795454545455,34,Male,High Net Worth,Online,North,0.8143995218990053,0.17259024174053622,0.30669979862560365,1090,5,6,Beauty,481.52030445525605,570.7290665608045,481.52030445525605,378.3554667547274,378.3554667547274,0,25.232558139534884,25.232558139534884,1,Short Cycle,25.232558139534884,0.6591844424560039
CUST_000122,2023-03-23,2025-12-02,16,1354.97,84.685625,0.03319375,0.125,87.835,25,Female,Student,Store,West,0.13481334516761984,0.058803154719198475,0.37510234660757746,1014,29,5,Beauty,463.67855203414626,513.7160654092345,463.67855203414626,378.3554667547274,378.3554667547274,0,65.66666666666667,65.66666666666667,1,Short Cycle,65.66666666666667,0.7713980105582543
CUST_000123,2023-01-01,2025-12-14,27,3624.69,134.24777777777777,0.06912222222222221,0.25925925925925924,140.32,52,Female,Young Professional,Hybrid,West,0.6613281983618453,0.16843219864326864,0.5082641058614303,1095,17,6,Beauty,481.52030445525605,570.7290665608045,481.52030445525605,489.87898021966913,489.87898021966913,0,41.46153846153846,41.46153846153846,1,Long Cycle,41.46153846153846,0.6900477767525368
CUST_000124,2023-01-18,2025-11-05,15,1496.7,99.78,0.06138666666666667,0.2,105.36333333333333,52,Female,High Net Worth,Online,South,0.14820928915303386,0.4467251148274376,0.45586982790162334,1078,56,5,Beauty,475.08115226446023,570.7290665608045,475.08115226446023,489.87898021966913,489.87898021966913,0,73.0,73.0,1,Long Cycle,73.0,0.6348379798064122
CUST_000125,2023-01-22,2025-12-20,22,2605.13,118.415,0.0184,0.09090909090909091,121.14954545454545,50,Female,Family,Store,South,0.5348334559185279,0.9075868512700346,0.38325854492802935,1074,11,6,Beauty,481.52030445525605,570.7290665608045,481.52030445525605,378.3554667547274,378.3554667547274,0,50.61904761904762,50.61904761904762,1,Short Cycle,50.61904761904762,0.7891055837779959
CUST_000126,2023-03-13,2025-10-19,12,1162.04,96.83666666666666,0.022658333333333332,0.08333333333333333,97.06333333333333,22,Male,High Net Worth,Online,South,0.028187590648553865,0.33458624127894687,0.2619972454650478,1024,73,5,Beauty,463.67855203414626,513.7160654092345,463.67855203414626,489.87898021966913,489.87898021966913,0,86.45454545454545,86.45454545454545,1,Long Cycle,86.45454545454545,0.6074989632495778
CUST_000127,2023-01-01,2025-11-23,14,2243.72,160.26571428571427,0.07282857142857144,0.21428571428571427,164.96785714285716,59,Female,Student,Online,West,0.23848538600475147,0.6587589771413241,0.3949371686066033,1095,38,5,Beauty,463.67855203414626,513.7160654092345,463.67855203414626,438.11544047013047,438.11544047013047,0,81.3076923076923,81.3076923076923,1,Medium Cycle,81.3076923076923,0.8100588500011152
CUST_000128,2023-01-25,2025-12-15,27,2293.25,84.93518518518519,0.16416666666666668,0.48148148148148145,100.63407407407406,56,Male,Family,Hybrid,North,0.3150085913138461,0.43263449462405607,0.9854713475845713,1071,16,6,Beauty,481.52030445525605,570.7290665608045,481.52030445525605,378.3554667547274,378.3554667547274,0,40.57692307692308,40.57692307692308,1,Short Cycle,40.57692307692308,0.690872621947291
CUST_000129,2023-01-25,2025-10-07,13,1178.6799999999998,90.66769230769229,0.11294615384615384,0.38461538461538464,101.02615384615385,58,Female,Young Professional,Hybrid,North,0.12625128397530963,0.3495890701590213,0.745547414530575,1071,85,6,Beauty,481.52030445525605,570.7290665608045,481.52030445525605,378.3554667547274,378.3554667547274,0,82.16666666666667,82.16666666666667,1,Short Cycle,82.16666666666667,0.4770937311960386
CUST_000130,2023-01-24,2025-11-28,21,3717.25,177.01190476190476,0.09228571428571428,0.3333333333333333,199.36190476190478,45,Male,Family,Online,South,0.6694696290411274,0.707949661581999,0.24740658341232544,1072,33,6,Beauty,481.52030445525605,570.7290665608045,481.52030445525605,438.11544047013047,438.11544047013047,0,51.95,51.95,1,Medium Cycle,51.95,0.6495971214414658
CUST_000131,2023-03-11,2025-11-26,24,2705.81,112.74208333333333,0.11167083333333333,0.375,118.61291666666666,24,Female,Family,Hybrid,Central,0.5739991111366776,0.6465405559891603,0.8555674685521872,1026,35,6,Beauty,481.52030445525605,570.7290665608045,481.52030445525605,378.3554667547274,378.3554667547274,0,43.08695652173913,43.08695652173913,1,Short Cycle,43.08695652173913,0.5651235359732985
CUST_000132,2023-02-28,2025-12-23,30,4250.73,141.69099999999997,0.07266666666666667,0.26666666666666666,148.75900000000001,26,Male,Senior,Store,North,0.785668465005905,0.17865432061973752,0.4164594558032261,1037,8,6,Beauty,481.52030445525605,570.7290665608045,481.52030445525605,378.3554667547274,378.3554667547274,0,35.48275862068966,35.48275862068966,1,Short Cycle,35.48275862068966,0.711319799549021
CUST_000133,2023-03-20,2025-12-29,16,2397.75,149.859375,0.08928125,0.3125,155.495,25,Male,Family,Hybrid,West,0.2321616800819741,0.7105863374637742,0.2948633929624539,1017,2,5,Beauty,463.67855203414626,513.7160654092345,463.67855203414626,438.11544047013047,438.11544047013047,0,67.66666666666667,67.66666666666667,1,Medium Cycle,67.66666666666667,0.9084823111849668
CUST_000134,2023-01-17,2025-11-01,19,2643.47,139.13,0.0,0.0,139.13,29,Male,Young Professional,Store,East,0.43725558246608265,0.008723248778751715,0.12370355319893411,1079,60,6,Beauty,481.52030445525605,570.7290665608045,481.52030445525605,513.7160654092345,513.7160654092345,0,56.611111111111114,56.611111111111114,1,Long Cycle,56.611111111111114,0.4726087911347805
CUST_000135,2023-03-21,2025-09-07,9,1106.33,122.92555555555555,0.1421111111111111,0.5555555555555556,135.76333333333332,51,Female,Student,Store,East,0.16732254569572283,0.31658111176975423,0.856978556748479,1016,115,6,Beauty,481.52030445525605,570.7290665608045,481.52030445525605,438.11544047013047,438.11544047013047,0,112.625,112.625,1,Medium Cycle,112.625,0.48079601729716415
CUST_000136,2023-03-14,2025-12-01,20,2496.57,124.8285,0.12318499999999999,0.4,135.317,50,Female,High Net Worth,Store,East,0.3572449649519239,0.38903510782122475,0.7920042214328994,1023,30,6,Beauty,481.52030445525605,570.7290665608045,481.52030445525605,378.3554667547274,378.3554667547274,0,52.26315789473684,52.26315789473684,1,Short Cycle,52.26315789473684,0.674153352648174
CUST_000137,2023-03-16,2025-12-14,41,4510.11,110.00268292682927,0.05134878048780487,0.2926829268292683,117.47975609756098,65,Male,Family,Store,Central,0.8171631500926917,0.32179775279128203,0.5789148353075634,1021,17,6,Beauty,481.52030445525605,570.7290665608045,481.52030445525605,513.7160654092345,513.7160654092345,0,25.1,25.1,1,Long Cycle,25.1,0.5652276336640493
CUST_000138,2023-01-27,2025-11-25,30,3820.3199999999997,127.344,0.10768666666666667,0.3333333333333333,137.06933333333333,72,Male,Young Professional,Online,South,0.6617360135662468,0.3895422254838662,0.8451527017860585,1069,36,6,Beauty,481.52030445525605,570.7290665608045,481.52030445525605,378.3554667547274,378.3554667547274,0,35.62068965517241,35.62068965517241,1,Short Cycle,35.62068965517241,0.4969317840319225
CUST_000139,2023-01-28,2025-11-27,13,1996.0,153.53846153846155,0.04806153846153846,0.15384615384615385,160.24769230769232,40,Female,Family,Online,West,0.1929160629686012,0.24855911672623418,0.28618653657690973,1068,34,5,Clothing,479.8485693023734,570.7290665608045,479.8485693023734,513.7160654092345,513.7160654092345,0,86.16666666666667,86.16666666666667,1,Long Cycle,86.16666666666667,0.8549127883498948
CUST_000140,2023-06-29,2025-12-30,13,1945.27,149.63615384615383,0.05294615384615385,0.23076923076923078,157.25,41,Male,Young Professional,Online,Central,0.06497017548977084,0.3615877354090481,0.5798895164783661,916,1,5,Beauty,463.67855203414626,513.7160654092345,463.67855203414626,489.87898021966913,489.87898021966913,0,76.25,76.25,1,Long Cycle,76.25,0.9364676861927158
CUST_000141,2023-03-10,2025-12-18,16,1997.8400000000001,124.86500000000001,0.19784374999999998,0.5625,147.800625,54,Female,High Net Worth,Store,West,0.059852513145332326,0.6028674215987535,0.6470293510132096,1027,13,5,Beauty,475.08115226446023,570.7290665608045,475.08115226446023,378.3554667547274,378.3554667547274,0,67.6,67.6,1,Short Cycle,67.6,0.8658698287249068
CUST_000142,2023-04-21,2025-11-19,22,2056.44,93.47454545454546,0.11410909090909092,0.45454545454545453,105.94454545454546,52,Female,Young Professional,Online,West,0.7025232506749087,0.45733554708663526,0.6533551400593929,985,42,6,Beauty,481.52030445525605,570.7290665608045,481.52030445525605,378.3554667547274,378.3554667547274,0,44.904761904761905,44.904761904761905,1,Short Cycle,44.904761904761905,0.5234830785543279
CUST_000143,2023-04-19,2025-11-28,14,1541.49,110.10642857142857,0.11917142857142858,0.2857142857142857,124.86,61,Male,Senior,Store,South,0.30522247122828133,0.7993290103977019,0.47401719857875774,987,33,5,Beauty,463.67855203414626,513.7160654092345,463.67855203414626,438.11544047013047,438.11544047013047,0,73.38461538461539,73.38461538461539,1,Medium Cycle,73.38461538461539,0.793562414209966
CUST_000144,2023-01-13,2025-12-15,50,4771.69,95.43379999999999,0.134084,0.48,104.9266,57,Male,Family,Hybrid,East,0.9420742203456912,0.4125666356941137,0.8846597126941654,1083,16,6,Beauty,481.52030445525605,570.7290665608045,481.52030445525605,378.3554667547274,378.3554667547274,0,21.775510204081634,21.775510204081634,1,Short Cycle,21.775510204081634,0.5466116158794053
CUST_000145,2023-02-10,2025-12-13,29,3152.0,108.6896551724138,0.03371034482758621,0.1724137931034483,112.05931034482758,39,Other,Senior,Online,South,0.6154502104670251,0.35577657751795894,0.421476038976276,1055,18,6,Beauty,481.52030445525605,570.7290665608045,481.52030445525605,489.87898021966913,489.87898021966913,0,37.035714285714285,37.035714285714285,1,Long Cycle,37.035714285714285,0.6502409125580784
CUST_000146,2023-02-13,2025-12-28,17,2297.82,135.1658823529412,0.09114117647058824,0.29411764705882354,146.5405882352941,44,Male,Senior,Store,Central,0.31203855668021097,0.8903325737019298,0.9087704450541603,1052,3,6,Beauty,481.52030445525605,570.7290665608045,481.52030445525605,378.3554667547274,378.3554667547274,0,65.5625,65.5625,1,Short Cycle,65.5625,0.897695005806259
CUST_000147,2023-03-03,2025-12-24,17,1402.67,82.51,0.10843529411764706,0.35294117647058826,93.4335294117647,52,Male,Student,Store,Central,0.1979504061850249,0.6330561667248291,0.8369689825978402,1034,7,5,Beauty,478.1590038829132,570.7290665608045,478.1590038829132,489.87898021966913,489.87898021966913,0,64.1875,64.1875,1,Long Cycle,64.1875,0.8768823809076403
CUST_000148,2023-01-21,2025-12-21,38,4411.42,116.09,0.09387105263157895,0.34210526315789475,125.10868421052632,18,Female,Young Professional,Hybrid,Central,0.723843540753446,0.520700821032173,0.7224236805315642,1075,10,6,Beauty,481.52030445525605,570.7290665608045,481.52030445525605,378.3554667547274,378.3554667547274,0,28.783783783783782,28.783783783783782,1,Short Cycle,28.783783783783782,0.6483474645709196
CUST_000149,2023-02-13,2025-12-12,16,2154.61,134.663125,0.024268750000000002,0.125,138.79,52,Female,Young Professional,Online,South,0.3361450248076983,0.09668200713215931,0.19326541262543365,1052,19,5,Beauty,475.08115226446023,570.7290665608045,475.08115226446023,378.3554667547274,378.3554667547274,0,68.86666666666666,68.86666666666666,1,Short Cycle,68.86666666666666,0.8440166521816335
CUST_000150,2023-02-09,2025-12-29,31,3854.13,124.32677419354839,0.12195483870967742,0.3548387096774194,138.45322580645163,54,Other,Young Professional,Store,West,0.7053965185801349,0.7445615980684052,0.4372989766612654,1056,2,6,Beauty,481.52030445525605,570.7290665608045,481.52030445525605,378.3554667547274,378.3554667547274,0,35.13333333333333,35.13333333333333,1,Short Cycle,35.13333333333333,0.7491496979574236
CUST_000151,2023-02-27,2025-12-05,20,2624.88,131.244,0.066495,0.25,135.357,64,Female,High Net Worth,Hybrid,West,0.49500365282967235,0.5851536624991374,0.4132915001443566,1038,26,6,Beauty,481.52030445525605,570.7290665608045,481.52030445525605,378.3554667547274,378.3554667547274,0,53.26315789473684,53.26315789473684,1,Short Cycle,53.26315789473684,0.7097970170100139
CUST_000152,2023-01-04,2025-11-30,19,2083.17,109.64052631578947,0.05431578947368421,0.3157894736842105,116.72842105263159,31,Male,High Net Worth,Hybrid,North,0.5428530280229208,0.1945835226985963,0.4979911183033444,1092,31,5,Beauty,478.1590038829132,570.7290665608045,478.1590038829132,378.3554667547274,378.3554667547274,0,58.94444444444444,58.94444444444444,1,Short Cycle,58.94444444444444,0.7145089470344441
CUST_000153,2023-01-07,2025-11-22,49,5230.01,106.73489795918368,0.07419591836734694,0.20408163265306123,112.87938775510204,20,Male,Senior,Store,Central,0.7339732748131637,0.4822401489106934,0.6466072777890993,1089,39,6,Beauty,481.52030445525605,570.7290665608045,481.52030445525605,513.7160654092345,513.7160654092345,0,21.875,21.875,1,Long Cycle,21.875,0.36420962942986657
CUST_000154,2023-01-06,2025-12-17,19,2858.37,150.44052631578947,0.06540526315789474,0.2631578947368421,160.25473684210527,18,Female,Senior,Store,West,0.1866589187626714,0.1914867404698179,0.35507348282038553,1090,14,6,Beauty,481.52030445525605,570.7290665608045,481.52030445525605,378.3554667547274,378.3554667547274,0,59.77777777777778,59.77777777777778,1,Short Cycle,59.77777777777778,0.8233473050448055
CUST_000155,2023-01-05,2025-12-03,32,3110.39,97.1996875,0.08070000000000001,0.25,102.131875,22,Female,Senior,Store,North,0.6712957337915895,0.6955025307666252,0.32002314262416637,1091,28,6,Beauty,481.52030445525605,570.7290665608045,481.52030445525605,378.3554667547274,378.3554667547274,0,34.29032258064516,34.29032258064516,1,Short Cycle,34.29032258064516,0.5507448816514797
CUST_000156,2023-04-10,2025-03-12,18,2537.51,140.9727777777778,0.0934388888888889,0.2777777777777778,149.23333333333335,43,Male,Young Professional,Hybrid,West,0.4517178758610089,0.6944402438921626,0.5098841986379431,996,294,6,Beauty,481.52030445525605,570.7290665608045,481.52030445525605,378.3554667547274,378.3554667547274,0,41.294117647058826,41.294117647058826,1,Short Cycle,41.294117647058826,1.496383746912855e-07
CUST_000157,2023-02-19,2025-11-06,26,3409.19,131.12269230769232,0.06801538461538462,0.15384615384615385,135.8426923076923,72,Female,High Net Worth,Store,Central,0.6986354573590743,0.6895769302017515,0.4432241072681456,1046,55,6,Beauty,481.52030445525605,570.7290665608045,481.52030445525605,378.3554667547274,378.3554667547274,0,39.64,39.64,1,Short Cycle,39.64,0.37773245342343853
CUST_000158,2023-02-10,2025-11-12,29,3397.11,117.14172413793104,0.06765172413793104,0.3103448275862069,124.99793103448276,31,Male,Family,Online,East,0.7053786959625228,0.28972836429483223,0.6521810867742587,1055,49,6,Beauty,481.52030445525605,570.7290665608045,481.52030445525605,438.11544047013047,438.11544047013047,0,35.92857142857143,35.92857142857143,1,Medium Cycle,35.92857142857143,0.39549000900499387
CUST_000159,2023-03-03,2025-12-18,25,2848.2400000000002,113.92960000000001,0.052564,0.16,118.3892,56,Female,Family,Hybrid,Central,0.26698770517451464,0.6268380224172766,0.09333038362514513,1034,13,6,Beauty,481.52030445525605,570.7290665608045,481.52030445525605,378.3554667547274,378.3554667547274,0,42.541666666666664,42.541666666666664,1,Short Cycle,42.541666666666664,0.725410626156066
CUST_000160,2023-03-25,2025-08-12,20,2090.88,104.54400000000001,0.09521,0.5,112.61449999999999,44,Male,Family,Store,South,0.6132239407920819,0.12182935272213963,0.6347545459554313,1012,141,6,Beauty,481.52030445525605,570.7290665608045,481.52030445525605,378.3554667547274,378.3554667547274,0,45.8421052631579,45.8421052631579,1,Short Cycle,45.8421052631579,0.026838406089025546
CUST_000161,2023-02-06,2025-12-17,18,2594.86,144.1588888888889,0.05141111111111111,0.2222222222222222,150.31888888888886,26,Male,Young Professional,Store,West,0.23861119106944292,0.3940332546302998,0.7125563856114285,1059,14,6,Beauty,481.52030445525605,570.7290665608045,481.52030445525605,378.3554667547274,378.3554667547274,0,61.470588235294116,61.470588235294116,1,Short Cycle,61.470588235294116,0.832105938940733
CUST_000162,2023-02-28,2025-10-30,26,2283.8,87.83846153846154,0.03618846153846154,0.19230769230769232,89.27230769230769,32,Male,Young Professional,Online,West,0.4381199125816716,0.3287674926968224,0.46005387397375064,1037,62,6,Beauty,481.52030445525605,570.7290665608045,481.52030445525605,498.32680731697,498.32680731697,0,39.0,39.0,1,Long Cycle,39.0,0.3204819943287368
CUST_000163,2023-01-13,2025-09-30,22,2642.3,120.10454545454546,0.06546363636363636,0.3181818181818182,126.10363636363637,32,Male,Student,Store,South,0.5284459643314237,0.29094850937461525,0.7323327385670336,1083,92,6,Beauty,481.52030445525605,570.7290665608045,481.52030445525605,378.3554667547274,378.3554667547274,0,47.19047619047619,47.19047619047619,1,Short Cycle,47.19047619047619,0.1817900157312594
CUST_000164,2023-02-28,2025-12-16,33,3653.16,110.70181818181818,0.036193939393939396,0.21212121212121213,114.58090909090909,43,Male,Young Professional,Online,South,0.660730870948263,0.16375132482375454,0.7501248480682212,1037,15,6,Beauty,481.52030445525605,570.7290665608045,481.52030445525605,498.32680731697,498.32680731697,0,31.9375,31.9375,1,Long Cycle,31.9375,0.6343614719355932
CUST_000165,2023-03-05,2025-11-06,31,2964.72,95.63612903225805,0.07915483870967742,0.25806451612903225,100.73838709677419,59,Female,Senior,Store,East,0.6850266189405476,0.4159715006303275,0.7360932258181706,1032,55,6,Beauty,481.52030445525605,570.7290665608045,481.52030445525605,489.87898021966913,489.87898021966913,0,32.56666666666667,32.56666666666667,1,Long Cycle,32.56666666666667,0.3246044092869824
CUST_000166,2023-01-06,2025-08-26,14,1471.14,105.08142857142857,0.07286428571428571,0.21428571428571427,110.45928571428571,30,Female,Young Professional,Online,West,0.20999787903713343,0.19481573737615598,0.8211883384707391,1090,127,6,Beauty,481.52030445525605,570.7290665608045,481.52030445525605,489.87898021966913,489.87898021966913,0,74.07692307692308,74.07692307692308,1,Long Cycle,74.07692307692308,0.14161847672249328
CUST_000167,2023-02-26,2025-12-12,22,3147.55,143.07045454545457,0.08435454545454546,0.3181818181818182,154.99409090909091,68,Female,Family,Store,West,0.6350868790203147,0.294732849761181,0.6536196568690691,1039,19,6,Beauty,481.52030445525605,570.7290665608045,481.52030445525605,438.11544047013047,438.11544047013047,0,48.57142857142857,48.57142857142857,1,Medium Cycle,48.57142857142857,0.7256117980791188
CUST_000168,2023-01-13,2025-12-18,20,2940.43,147.0215,0.014835000000000001,0.05,151.89249999999998,49,Other,Family,Hybrid,East,0.4955881295378641,0.5393806027375769,0.5732556137787791,1083,13,6,Beauty,481.52030445525605,570.7290665608045,481.52030445525605,438.11544047013047,438.11544047013047,0,56.31578947368421,56.31578947368421,1,Medium Cycle,56.31578947368421,0.8101033908778306
CUST_000169,2023-01-27,2025-09-22,40,4510.88,112.772,0.0421075,0.175,116.75049999999999,56,Male,Family,Online,North,0.8896322115578359,0.3867538705202503,0.39995216337431544,1069,100,6,Beauty,481.52030445525605,570.7290665608045,481.52030445525605,438.11544047013047,438.11544047013047,0,24.846153846153847,24.846153846153847,1,Medium Cycle,24.846153846153847,0.06377552756768123
CUST_000170,2023-04-16,2025-10-20,12,1086.08,90.50666666666666,0.13424166666666668,0.4166666666666667,103.9775,66,Male,Student,Hybrid,East,0.34189512872156336,0.3170819429765318,0.08835093801305546,990,72,6,Beauty,481.52030445525605,570.7290665608045,481.52030445525605,378.3554667547274,378.3554667547274,0,83.45454545454545,83.45454545454545,1,Short Cycle,83.45454545454545,0.5918296540843371
CUST_000171,2023-03-03,2025-12-24,16,1727.26,107.95375,0.08776875,0.3125,115.765625,69,Female,Family,Store,Central,0.3871413315258967,0.20993918885344476,0.848588649488696,1034,7,6,Beauty,481.52030445525605,570.7290665608045,481.52030445525605,378.3554667547274,378.3554667547274,0,68.46666666666667,68.46666666666667,1,Short Cycle,68.46666666666667,0.8936741886525905
CUST_000172,2023-01-24,2025-10-10,46,4973.74,108.12478260869565,0.0783804347826087,0.30434782608695654,117.61239130434782,49,Male,Senior,Hybrid,West,0.9396462230975946,0.49412742588368946,0.5209809673280859,1072,82,6,Beauty,481.52030445525605,570.7290665608045,481.52030445525605,378.3554667547274,378.3554667547274,0,22.0,22.0,1,Short Cycle,22.0,0.11188414368220556
CUST_000173,2023-02-09,2025-12-19,30,2856.98,95.23266666666667,0.14344666666666667,0.5,110.24433333333333,21,Other,Family,Hybrid,South,0.7584472169119019,0.5168590286951638,0.8010329922231035,1056,12,6,Beauty,481.52030445525605,570.7290665608045,481.52030445525605,489.87898021966913,489.87898021966913,0,36.0,36.0,1,Long Cycle,36.0,0.6867388532374408
CUST_000174,2023-05-16,2025-12-30,12,1716.62,143.05166666666665,0.08360833333333334,0.25,157.73916666666665,47,Male,Senior,Store,Central,0.1851608192691574,0.253830901689093,0.5262011643018915,960,1,5,Beauty,463.67855203414626,513.7160654092345,463.67855203414626,438.11544047013047,438.11544047013047,0,87.18181818181819,87.18181818181819,1,Medium Cycle,87.18181818181819,0.9597190712292832
CUST_000175,2023-04-03,2025-12-30,17,2288.6,134.6235294117647,0.0884529411764706,0.4117647058823529,147.53470588235294,54,Other,High Net Worth,Store,West,0.40774597648804933,0.31593280348900604,0.8243713731485651,1003,1,6,Beauty,481.52030445525605,570.7290665608045,481.52030445525605,378.3554667547274,378.3554667547274,0,62.625,62.625,1,Short Cycle,62.625,0.8942620944511006
CUST_000176,2023-05-17,2025-12-07,25,2638.62,105.5448,0.0435,0.2,107.9312,40,Male,Student,Hybrid,East,0.6216228544655393,0.4169533372854457,0.49759979930968007,959,24,6,Beauty,481.52030445525605,570.7290665608045,481.52030445525605,489.87898021966913,489.87898021966913,0,38.958333333333336,38.958333333333336,1,Long Cycle,38.958333333333336,0.619168379287909
CUST_000177,2023-02-26,2025-12-17,32,4327.42,135.231875,0.051762499999999996,0.21875,140.8871875,56,Female,Young Professional,Store,Central,0.7380604208641571,0.18431842837189058,0.6526079026900663,1039,14,6,Beauty,481.52030445525605,570.7290665608045,481.52030445525605,438.11544047013047,438.11544047013047,0,33.064516129032256,33.064516129032256,1,Medium Cycle,33.064516129032256,0.6504571433961042
CUST_000178,2023-01-24,2025-10-09,12,1103.58,91.96499999999999,0.04555,0.16666666666666666,98.8875,62,Female,Young Professional,Online,West,0.31929511817284656,0.4494429931609411,0.5565163516261099,1072,83,5,Beauty,490.2012772522811,570.7290665608045,490.2012772522811,570.7290665608045,570.7290665608045,0,89.9090909090909,89.9090909090909,1,Long Cycle,89.9090909090909,0.55570546061277
CUST_000179,2023-01-22,2025-11-06,46,5935.79,129.03891304347826,0.06279565217391304,0.2391304347826087,133.24978260869565,32,Other,Family,Store,North,0.8096199805128073,0.1781884297527615,0.5422044141358939,1074,55,6,Beauty,481.52030445525605,570.7290665608045,481.52030445525605,513.7160654092345,513.7160654092345,0,22.644444444444446,22.644444444444446,1,Long Cycle,22.644444444444446,0.25589725226955007
CUST_000180,2023-01-14,2025-12-06,8,714.46,89.3075,0.08785,0.25,94.52250000000001,60,Male,Senior,Hybrid,North,0.16510947576881183,0.2162864333178975,0.4395724558486643,1082,25,5,Beauty,463.67855203414626,513.7160654092345,463.67855203414626,378.3554667547274,378.3554667547274,0,151.0,151.0,1,Short Cycle,151.0,0.9946874771037474
CUST_000181,2023-04-01,2025-12-29,14,1929.51,137.82214285714286,0.08482857142857143,0.35714285714285715,150.4257142857143,46,Female,Young Professional,Hybrid,South,0.2282176663823056,0.013173640116984471,0.4343593160818295,1005,2,6,Beauty,481.52030445525605,570.7290665608045,481.52030445525605,438.11544047013047,438.11544047013047,0,77.15384615384616,77.15384615384616,1,Medium Cycle,77.15384615384616,0.9362244724323188
CUST_000182,2023-01-10,2025-11-02,23,2081.49,90.4995652173913,0.17178695652173911,0.5217391304347826,105.62652173913042,53,Other,Family,Hybrid,West,0.7844631749141787,0.20239953158707039,0.5985560272476012,1086,59,6,Beauty,481.52030445525605,570.7290665608045,481.52030445525605,378.3554667547274,378.3554667547274,0,46.68181818181818,46.68181818181818,1,Short Cycle,46.68181818181818,0.4013844362709693
CUST_000183,2023-02-28,2025-12-04,21,1706.73,81.27285714285715,0.10701428571428571,0.3333333333333333,91.44,30,Female,Senior,Store,North,0.48500273798927424,0.07871278629872085,0.7234922623864146,1037,27,6,Beauty,481.52030445525605,570.7290665608045,481.52030445525605,378.3554667547274,378.3554667547274,0,50.5,50.5,1,Short Cycle,50.5,0.6831371497738377
CUST_000184,2023-01-31,2025-09-22,18,1867.78,103.76555555555555,0.13895000000000002,0.4444444444444444,115.2811111111111,49,Female,Family,Hybrid,East,0.5364531595624301,0.2630776784835085,0.934951765275308,1065,100,6,Beauty,481.52030445525605,570.7290665608045,481.52030445525605,378.3554667547274,378.3554667547274,0,56.76470588235294,56.76470588235294,1,Short Cycle,56.76470588235294,0.19033968321027395
CUST_000185,2023-02-06,2025-12-04,39,4513.01,115.71820512820513,0.05188974358974358,0.1794871794871795,120.60794871794872,24,Female,Student,Online,West,0.7548736072439338,0.2571377378662631,0.4307132868886478,1059,27,6,Beauty,481.52030445525605,570.7290665608045,481.52030445525605,489.87898021966913,489.87898021966913,0,27.157894736842106,27.157894736842106,1,Long Cycle,27.157894736842106,0.5012772103578571
CUST_000186,2023-03-15,2025-08-25,12,996.55,83.04583333333333,0.036158333333333334,0.25,86.53500000000001,68,Male,Young Professional,Store,East,0.3190875611412842,0.08728053973411891,0.324047859154448,1022,128,6,Beauty,481.52030445525605,570.7290665608045,481.52030445525605,498.32680731697,498.32680731697,0,81.27272727272727,81.27272727272727,1,Long Cycle,81.27272727272727,0.1717049904917276
CUST_000187,2023-01-13,2025-11-22,11,1279.83,116.34818181818181,0.08368181818181818,0.18181818181818182,121.68727272727273,39,Female,Young Professional,Online,East,0.17321124079598504,0.3446879813302094,0.20098489621620302,1083,39,5,Beauty,478.1590038829132,570.7290665608045,478.1590038829132,378.3554667547274,378.3554667547274,0,104.4,104.4,1,Short Cycle,104.4,0.9075901018827803
CUST_000188,2023-01-04,2025-12-24,20,2837.22,141.861,0.17004,0.5,163.869,45,Female,Student,Online,North,0.6247430202940095,0.7307712075689045,0.3970938928978664,1092,7,6,Beauty,481.52030445525605,570.7290665608045,481.52030445525605,438.11544047013047,438.11544047013047,0,57.10526315789474,57.10526315789474,1,Medium Cycle,57.10526315789474,0.8451714334894432
CUST_000189,2023-02-21,2025-12-28,34,3461.45,101.80735294117646,0.15645294117647057,0.4117647058823529,116.8979411764706,19,Female,Family,Online,West,0.7326720067561643,0.8296486521715151,0.5602262782838915,1044,3,6,Beauty,481.52030445525605,570.7290665608045,481.52030445525605,378.3554667547274,378.3554667547274,0,31.545454545454547,31.545454545454547,1,Short Cycle,31.545454545454547,0.7186351889680214
CUST_000190,2023-05-26,2025-12-14,25,2943.32,117.73280000000001,0.028188,0.12,119.30239999999999,59,Male,Senior,Online,Central,0.5029299280876653,0.08795395760385215,0.5924271056664243,950,17,6,Beauty,481.52030445525605,570.7290665608045,481.52030445525605,378.3554667547274,378.3554667547274,0,38.875,38.875,1,Short Cycle,38.875,0.6713126705375622
CUST_000191,2023-01-08,2025-11-19,24,2380.5,99.1875,0.05884166666666666,0.16666666666666666,102.25708333333334,62,Male,Family,Store,North,0.49295445906310686,0.46348544068645253,0.6865695596202135,1088,42,6,Beauty,481.52030445525605,570.7290665608045,481.52030445525605,378.3554667547274,378.3554667547274,0,45.47826086956522,45.47826086956522,1,Short Cycle,45.47826086956522,0.5281123899926012
CUST_000192,2023-04-16,2025-09-18,13,1054.23,81.09461538461538,0.07803076923076922,0.23076923076923078,86.77384615384615,74,Female,Young Professional,Online,North,0.22961954573896093,0.4821572919256301,0.42830331515554343,990,104,5,Beauty,463.67855203414626,513.7160654092345,463.67855203414626,378.3554667547274,378.3554667547274,0,73.83333333333333,73.83333333333333,1,Short Cycle,73.83333333333333,0.27038010850755634
CUST_000193,2023-03-06,2025-12-27,22,2315.19,105.23590909090909,0.08751363636363636,0.36363636363636365,111.11227272727272,70,Female,Student,Store,West,0.3857585296697561,0.5346341368481178,0.6851637321534221,1031,4,6,Beauty,481.52030445525605,570.7290665608045,481.52030445525605,378.3554667547274,378.3554667547274,0,48.904761904761905,48.904761904761905,1,Short Cycle,48.904761904761905,0.8187193998810459
CUST_000194,2023-01-22,2025-10-27,47,5253.88,111.78468085106383,0.11430212765957447,0.3617021276595745,121.09255319148937,23,Male,Student,Online,West,0.9089509576186376,0.29538910945446706,0.6783811707643876,1074,65,6,Beauty,481.52030445525605,570.7290665608045,481.52030445525605,378.3554667547274,378.3554667547274,0,21.934782608695652,21.934782608695652,1,Short Cycle,21.934782608695652,0.19127792987613423
CUST_000195,2023-08-14,2025-11-08,15,2633.85,175.59,0.05418,0.2,183.95200000000003,45,Female,Senior,Online,East,0.40356910438949795,0.5144731094696574,0.42357523843461653,870,53,6,Beauty,481.52030445525605,570.7290665608045,481.52030445525605,438.11544047013047,438.11544047013047,0,58.357142857142854,58.357142857142854,1,Medium Cycle,58.357142857142854,0.5432489327176305
CUST_000196,2023-01-01,2025-09-18,13,1363.42,104.87846153846155,0.04274615384615385,0.15384615384615385,105.94615384615385,45,Male,Family,Online,West,0.4372517705025126,0.5625250545680979,0.43354267278146313,1095,104,5,Beauty,478.1590038829132,570.7290665608045,478.1590038829132,489.87898021966913,489.87898021966913,0,82.58333333333333,82.58333333333333,1,Long Cycle,82.58333333333333,0.33205435997508514
CUST_000197,2023-01-08,2025-10-28,18,1715.65,95.3138888888889,0.08717222222222222,0.2777777777777778,99.70666666666666,61,Male,Senior,Online,East,0.49135543182837266,0.7886233833318019,0.15060395723748038,1088,64,6,Beauty,481.52030445525605,570.7290665608045,481.52030445525605,378.3554667547274,378.3554667547274,0,60.23529411764706,60.23529411764706,1,Short Cycle,60.23529411764706,0.4695767941645639
CUST_000198,2023-03-02,2025-12-29,15,2163.6,144.23999999999998,0.09026666666666668,0.3333333333333333,151.40066666666664,61,Male,Family,Store,North,0.36858395953539536,0.44153073626148504,0.7731596729587987,1035,2,5,Beauty,475.08115226446023,570.7290665608045,475.08115226446023,438.11544047013047,438.11544047013047,0,73.78571428571429,73.78571428571429,1,Medium Cycle,73.78571428571429,0.9272397794874399
CUST_000199,2023-01-12,2025-12-16,35,3601.55,102.90142857142858,0.08776,0.2857142857142857,108.77457142857143,37,Male,Young Professional,Store,South,0.7912493976537339,0.06774031717695453,0.5460329923613458,1084,15,6,Beauty,481.52030445525605,570.7290665608045,481.52030445525605,378.3554667547274,378.3554667547274,0,31.441176470588236,31.441176470588236,1,Short Cycle,31.441176470588236,0.6305701304478102
CUST_000200,2023-01-07,2025-12-21,24,2584.14,107.6725,0.09072083333333332,0.375,117.31041666666668,47,Female,High Net Worth,Store,Central,0.7059459464510173,0.32339003709360803,0.6758020448078207,1089,10,6,Beauty,481.52030445525605,570.7290665608045,481.52030445525605,489.87898021966913,489.87898021966913,0,46.91304347826087,46.91304347826087,1,Long Cycle,46.91304347826087,0.7729069204770462
CUST_000201,2023-02-18,2025-11-10,14,1578.71,112.765,0.09804285714285714,0.2857142857142857,119.80857142857143,28,Male,Young Professional,Store,North,0.3689705074998135,0.443256586355564,0.5151921492654141,1047,51,6,Beauty,481.52030445525605,570.7290665608045,481.52030445525605,438.11544047013047,438.11544047013047,0,76.61538461538461,76.61538461538461,1,Medium Cycle,76.61538461538461,0.6982525764385206
CUST_000202,2023-03-19,2025-12-27,17,2343.4,137.8470588235294,0.10258235294117647,0.35294117647058826,149.41294117647058,72,Other,High Net Worth,Online,West,0.46847824508019703,0.2771090197782022,0.6396754001354412,1018,4,6,Beauty,481.52030445525605,570.7290665608045,481.52030445525605,378.3554667547274,378.3554667547274,0,63.375,63.375,1,Short Cycle,63.375,0.885685167426623
CUST_000203,2023-01-27,2025-08-14,21,2210.04,105.24,0.08066190476190475,0.23809523809523808,111.07476190476189,45,Other,Family,Hybrid,Central,0.4541023657275746,0.5438781940783874,0.7175082455251282,1069,139,6,Beauty,481.52030445525605,570.7290665608045,481.52030445525605,378.3554667547274,378.3554667547274,0,46.5,46.5,1,Short Cycle,46.5,0.03035898192883868
CUST_000204,2023-01-06,2025-10-13,25,3317.1,132.684,0.06868,0.32,137.4176,42,Female,Young Professional,Store,South,0.4982333815154755,0.1431842764484858,0.5860853575867733,1090,79,5,Beauty,463.67855203414626,513.7160654092345,463.67855203414626,438.11544047013047,438.11544047013047,0,42.125,42.125,1,Medium Cycle,42.125,0.22732570575213829
CUST_000205,2023-01-13,2025-12-21,19,1959.58,103.13578947368421,0.1264263157894737,0.3684210526315789,116.13999999999999,56,Female,Family,Store,South,0.3783491361894662,0.8121961524981028,0.6197229281986372,1083,10,5,Beauty,463.67855203414626,513.7160654092345,463.67855203414626,378.3554667547274,378.3554667547274,0,59.611111111111114,59.611111111111114,1,Short Cycle,59.611111111111114,0.8427735103098047
CUST_000206,2023-04-25,2025-11-26,21,2360.32,112.39619047619048,0.08191428571428572,0.3333333333333333,117.48904761904762,50,Male,High Net Worth,Online,East,0.33083846285729174,0.3056266819321865,0.801658684045627,981,35,5,Beauty,463.67855203414626,513.7160654092345,463.67855203414626,378.3554667547274,378.3554667547274,0,47.3,47.3,1,Short Cycle,47.3,0.5984730008079706
CUST_000207,2023-02-02,2025-12-22,43,7261.889999999999,168.88116279069766,0.061209302325581395,0.2558139534883721,174.64069767441862,18,Female,Student,Online,Central,0.7690209053451845,0.14910561162376085,0.661820938438607,1063,9,5,Clothing,479.8485693023734,570.7290665608045,479.8485693023734,438.11544047013047,438.11544047013047,0,25.095238095238095,25.095238095238095,1,Medium Cycle,25.095238095238095,0.6279200034670701
CUST_000208,2023-01-21,2025-12-12,38,5975.19,157.24184210526315,0.05237105263157895,0.15789473684210525,160.2642105263158,74,Female,Student,Online,East,0.8562843187806247,0.1946040999178858,0.41032233211453367,1075,19,6,Beauty,481.52030445525605,570.7290665608045,481.52030445525605,438.11544047013047,438.11544047013047,0,28.54054054054054,28.54054054054054,1,Medium Cycle,28.54054054054054,0.5766949235886574
CUST_000209,2023-01-14,2025-12-19,17,3304.3900000000003,194.3758823529412,0.05153529411764706,0.17647058823529413,202.60294117647058,44,Male,Senior,Online,North,0.32051321219288287,0.7080474930981832,0.3326116471258359,1082,12,6,Beauty,481.52030445525605,570.7290665608045,481.52030445525605,438.11544047013047,438.11544047013047,0,66.875,66.875,1,Medium Cycle,66.875,0.8670713901793065
CUST_000210,2023-02-14,2025-12-24,17,2798.4300000000003,164.61352941176472,0.03614117647058823,0.17647058823529413,172.17705882352942,74,Female,Senior,Store,Central,0.44950622120917916,0.2033709674054612,0.499488837322641,1051,7,6,Beauty,481.52030445525605,570.7290665608045,481.52030445525605,438.11544047013047,438.11544047013047,0,65.25,65.25,1,Medium Cycle,65.25,0.8812156451394912
CUST_000211,2023-03-11,2025-11-09,28,3116.5,111.30357142857143,0.04978928571428571,0.14285714285714285,117.66571428571429,69,Female,Student,Store,North,0.6414651651971283,0.4652705413688146,0.39178465620286906,1026,52,6,Beauty,481.52030445525605,570.7290665608045,481.52030445525605,378.3554667547274,378.3554667547274,0,36.074074074074076,36.074074074074076,1,Short Cycle,36.074074074074076,0.3733792656239592
CUST_000212,2023-03-28,2025-10-03,9,1510.6599999999999,167.8511111111111,0.07365555555555556,0.2222222222222222,173.0288888888889,30,Female,Young Professional,Store,East,0.16179576875442106,0.7495478914809749,0.6595002867607199,1009,89,5,Clothing,479.8485693023734,570.7290665608045,479.8485693023734,438.11544047013047,438.11544047013047,0,115.0,115.0,1,Medium Cycle,115.0,0.7009656499162911
CUST_000213,2023-02-18,2025-12-15,34,3394.44,99.8364705882353,0.09613529411764707,0.29411764705882354,105.92676470588235,58,Female,Family,Hybrid,Central,0.7639928372482212,0.18586218244457542,0.14574475126841827,1047,16,6,Beauty,481.52030445525605,570.7290665608045,481.52030445525605,378.3554667547274,378.3554667547274,0,31.242424242424242,31.242424242424242,1,Short Cycle,31.242424242424242,0.6213611636009282
CUST_000214,2023-04-18,2025-09-24,22,2755.67,125.25772727272728,0.09305,0.2727272727272727,131.29545454545453,20,Female,Young Professional,Hybrid,East,0.3138767826004581,0.6946082232076677,0.4371725992672903,988,98,6,Beauty,481.52030445525605,570.7290665608045,481.52030445525605,378.3554667547274,378.3554667547274,0,42.38095238095238,42.38095238095238,1,Short Cycle,42.38095238095238,0.1297148601092829
CUST_000215,2023-01-14,2025-12-11,23,2502.86,108.82000000000001,0.13441739130434782,0.391304347826087,119.2704347826087,56,Male,High Net Worth,Store,Central,0.6273231971480657,0.5743503954231751,0.6221800674025667,1082,20,6,Beauty,481.52030445525605,570.7290665608045,481.52030445525605,378.3554667547274,378.3554667547274,0,48.27272727272727,48.27272727272727,1,Short Cycle,48.27272727272727,0.7167663463085963
CUST_000216,2023-01-19,2025-08-26,9,791.78,87.97555555555556,0.08922222222222222,0.4444444444444444,99.12666666666667,23,Female,High Net Worth,Hybrid,East,0.0984449427504485,0.07230046299655643,0.6117339759250574,1077,127,5,Beauty,475.08115226446023,570.7290665608045,475.08115226446023,498.32680731697,498.32680731697,0,118.75,118.75,1,Long Cycle,118.75,0.433575569655517
CUST_000217,2023-01-13,2025-10-16,28,2671.14,95.39785714285713,0.09176785714285715,0.2857142857142857,102.2682142857143,25,Female,Young Professional,Online,South,0.6187447036096981,0.5455001374346956,0.6927113912727949,1083,76,5,Beauty,463.67855203414626,513.7160654092345,463.67855203414626,378.3554667547274,378.3554667547274,0,37.2962962962963,37.2962962962963,1,Short Cycle,37.2962962962963,0.21629655386685753
CUST_000218,2023-03-16,2025-12-28,24,3295.42,137.30916666666667,0.06999999999999999,0.16666666666666666,140.70374999999999,44,Male,Student,Online,East,0.6213535608015543,0.6599684969202565,0.27683872545543375,1021,3,5,Beauty,463.67855203414626,513.7160654092345,463.67855203414626,378.3554667547274,378.3554667547274,0,44.26086956521739,44.26086956521739,1,Short Cycle,44.26086956521739,0.7985945106376509
CUST_000219,2023-01-15,2025-10-10,25,3348.87,133.9548,0.055328,0.24,142.7748,26,Male,High Net Worth,Online,South,0.6052277958368268,0.060824570760624266,0.632078334654376,1081,82,6,Beauty,481.52030445525605,570.7290665608045,481.52030445525605,438.11544047013047,438.11544047013047,0,41.625,41.625,1,Medium Cycle,41.625,0.2064932144078313
CUST_000220,2023-04-05,2025-05-12,10,1337.05,133.70499999999998,0.05121,0.1,137.853,54,Male,Young Professional,Store,East,0.265674160991582,0.35862181418618133,0.3471497630790774,1001,233,5,Beauty,463.67855203414626,513.7160654092345,463.67855203414626,378.3554667547274,378.3554667547274,0,85.33333333333333,85.33333333333333,1,Short Cycle,85.33333333333333,0.0013762280459355125
CUST_000221,2023-05-10,2025-12-24,16,2738.31,171.144375,0.0476,0.1875,176.020625,50,Female,Senior,Hybrid,Central,0.3630407580592796,0.39324012749801274,0.7022797739111907,966,7,6,Beauty,481.52030445525605,570.7290665608045,481.52030445525605,438.11544047013047,438.11544047013047,0,63.93333333333333,63.93333333333333,1,Medium Cycle,63.93333333333333,0.8758295764971895
CUST_000222,2023-01-14,2025-07-02,23,3073.3,133.6217391304348,0.09490434782608696,0.43478260869565216,146.9026086956522,68,Other,High Net Worth,Online,Central,0.5226259121471785,0.2853422555881366,0.4349709624286356,1082,182,6,Beauty,481.52030445525605,570.7290665608045,481.52030445525605,513.7160654092345,513.7160654092345,0,40.90909090909091,40.90909090909091,1,Long Cycle,40.90909090909091,0.002112999876083599
CUST_000223,2023-01-26,2025-08-19,8,1039.3,129.9125,0.0839375,0.375,139.9425,59,Male,Young Professional,Hybrid,Central,0.382713990243287,0.2834627291320049,0.4837799614273835,1070,134,5,Beauty,463.67855203414626,513.7160654092345,463.67855203414626,438.11544047013047,438.11544047013047,0,133.71428571428572,133.71428571428572,1,Medium Cycle,133.71428571428572,0.49768886642697585
CUST_000224,2023-07-14,2025-11-22,11,1607.3,146.11818181818182,0.06338181818181819,0.2727272727272727,156.20454545454547,61,Female,Senior,Online,West,0.2866170856734087,0.12919304823840808,0.5493355433771442,901,39,4,Clothing,475.22900979872423,570.7290665608045,475.22900979872423,570.7290665608045,570.7290665608045,0,86.2,86.2,1,Long Cycle,86.2,0.8307250006474993
CUST_000225,2023-01-05,2025-11-05,32,4519.12,141.2225,0.045015625000000004,0.1875,149.230625,41,Male,Family,Hybrid,North,0.7765279154296235,0.4610834670839732,0.7385065249773034,1091,56,6,Beauty,481.52030445525605,570.7290665608045,481.52030445525605,438.11544047013047,438.11544047013047,0,33.38709677419355,33.38709677419355,1,Medium Cycle,33.38709677419355,0.3232957067484886
CUST_000226,2023-01-03,2025-12-05,13,1801.77,138.5976923076923,0.04820769230769231,0.23076923076923078,142.4576923076923,32,Other,High Net Worth,Online,Central,0.06671305272208446,0.012638171280138869,0.41384510125722496,1093,26,5,Beauty,463.67855203414626,513.7160654092345,463.67855203414626,438.11544047013047,438.11544047013047,0,88.91666666666667,88.91666666666667,1,Medium Cycle,88.91666666666667,0.8989705583048958
CUST_000227,2023-02-02,2025-12-30,46,4664.36,101.3991304347826,0.05739347826086956,0.21739130434782608,104.14652173913043,71,Female,High Net Worth,Online,South,0.8370830264274101,0.3877699432357372,0.25959904533127015,1063,1,6,Beauty,481.52030445525605,570.7290665608045,481.52030445525605,378.3554667547274,378.3554667547274,0,23.6,23.6,1,Short Cycle,23.6,0.6766103273754803
CUST_000228,2023-01-01,2025-07-27,10,1401.25,140.125,0.07825,0.3,148.16199999999998,49,Female,High Net Worth,Store,Central,0.23594636809925673,0.3266466860836787,0.5804389476319234,1095,157,4,Clothing,457.1284449877656,513.7160654092345,457.1284449877656,378.3554667547274,378.3554667547274,0,104.22222222222223,104.22222222222223,1,Short Cycle,104.22222222222223,0.14228039019428784
CUST_000229,2023-01-31,2025-08-27,26,2987.89,114.91884615384615,0.11558846153846154,0.4230769230769231,130.34884615384615,49,Male,Family,Online,West,0.5278433140658239,0.3323245378630786,0.4975715211567486,1065,126,6,Beauty,481.52030445525605,570.7290665608045,481.52030445525605,438.11544047013047,438.11544047013047,0,37.56,37.56,1,Medium Cycle,37.56,0.03646867400757825
CUST_000230,2023-03-27,2025-12-13,27,2669.08,98.85481481481482,0.10124444444444444,0.2962962962962963,110.60592592592593,41,Male,High Net Worth,Online,South,0.5707587121344736,0.5291236823961698,0.6049130664794481,1010,18,6,Beauty,481.52030445525605,570.7290665608045,481.52030445525605,378.3554667547274,378.3554667547274,0,38.15384615384615,38.15384615384615,1,Short Cycle,38.15384615384615,0.6585989335821809
CUST_000231,2023-01-06,2025-07-19,12,1339.76,111.64666666666666,0.17427499999999999,0.5833333333333334,127.1875,58,Male,Student,Online,West,0.27364300387477447,0.3528483290025047,0.9658277147266123,1090,165,5,Beauty,475.08115226446023,570.7290665608045,475.08115226446023,489.87898021966913,489.87898021966913,0,84.0909090909091,84.0909090909091,1,Long Cycle,84.0909090909091,0.05044805772427896
CUST_000232,2023-01-17,2025-11-17,23,2826.54,122.89304347826086,0.06471304347826087,0.2608695652173913,128.52173913043478,69,Male,Family,Hybrid,South,0.3882566960639838,0.43534049555240084,0.6497494285582801,1079,44,6,Beauty,481.52030445525605,570.7290665608045,481.52030445525605,378.3554667547274,378.3554667547274,0,47.04545454545455,47.04545454545455,1,Short Cycle,47.04545454545455,0.5246190739360137
CUST_000233,2023-01-03,2025-12-11,34,4351.83,127.995,0.05590588235294118,0.17647058823529413,135.69088235294117,66,Female,Student,Store,East,0.6874197578406307,0.3300229720129927,0.6690116207769805,1093,20,6,Beauty,481.52030445525605,570.7290665608045,481.52030445525605,438.11544047013047,438.11544047013047,0,32.515151515151516,32.515151515151516,1,Medium Cycle,32.515151515151516,0.6001591502026362
CUST_000234,2023-03-15,2025-12-28,21,2149.0299999999997,102.33476190476189,0.049757142857142854,0.19047619047619047,105.67523809523809,66,Female,Young Professional,Online,North,0.4495575621722931,0.2598162800006217,0.15641304578781218,1022,3,6,Beauty,481.52030445525605,570.7290665608045,481.52030445525605,378.3554667547274,378.3554667547274,0,50.95,50.95,1,Short Cycle,50.95,0.8345347407003145
CUST_000235,2023-01-05,2025-10-15,50,5972.9400000000005,119.45880000000001,0.11469599999999999,0.38,132.4526,69,Other,Senior,Store,North,0.9286236001178759,0.36090929000666316,0.853887244167759,1091,77,6,Beauty,481.52030445525605,570.7290665608045,481.52030445525605,378.3554667547274,378.3554667547274,0,20.693877551020407,20.693877551020407,1,Short Cycle,20.693877551020407,0.1267953422751089
CUST_000236,2023-04-01,2025-11-17,15,2342.36,156.15733333333336,0.0,0.0,156.15733333333336,29,Other,Young Professional,Store,West,0.2863368266028622,0.6708091821717577,0.4672975699190149,1005,44,5,Beauty,478.1590038829132,570.7290665608045,478.1590038829132,438.11544047013047,438.11544047013047,0,68.64285714285714,68.64285714285714,1,Medium Cycle,68.64285714285714,0.6913435307648224
CUST_000237,2023-03-08,2025-10-13,11,1628.72,148.06545454545454,0.08623636363636362,0.2727272727272727,151.51636363636362,56,Female,Young Professional,Online,North,0.2962854621448152,0.48734062438587994,0.7191033372091185,1029,79,6,Beauty,481.52030445525605,570.7290665608045,481.52030445525605,438.11544047013047,438.11544047013047,0,95.0,95.0,1,Medium Cycle,95.0,0.6271893427387398
CUST_000238,2023-04-22,2025-11-25,17,1683.97,99.05705882352942,0.04342941176470588,0.17647058823529413,104.47294117647058,19,Female,Young Professional,Store,West,0.2520130107973337,0.02399202252853571,0.38499321224102173,984,36,6,Beauty,481.52030445525605,570.7290665608045,481.52030445525605,498.32680731697,498.32680731697,0,59.25,59.25,1,Long Cycle,59.25,0.6813297398367153
CUST_000239,2023-01-15,2025-12-23,16,2445.19,152.824375,0.09622499999999999,0.375,163.849375,20,Female,Senior,Online,West,0.34421818250559083,0.4945744627689138,0.2351419654381507,1081,8,6,Beauty,481.52030445525605,570.7290665608045,481.52030445525605,438.11544047013047,438.11544047013047,0,71.53333333333333,71.53333333333333,1,Medium Cycle,71.53333333333333,0.9011637857997428
CUST_000240,2023-03-05,2025-12-29,21,2778.22,132.29619047619047,0.18322857142857144,0.5238095238095238,157.37142857142857,66,Female,Family,Online,West,0.4805182491848923,0.5369223696946723,0.5179188261201308,1032,2,5,Clothing,479.8485693023734,570.7290665608045,479.8485693023734,378.3554667547274,378.3554667547274,0,51.5,51.5,1,Short Cycle,51.5,0.8422309875099687
CUST_000241,2023-01-09,2025-11-19,50,5620.11,112.4022,0.077642,0.3,119.84,54,Male,Student,Store,North,0.9607507492903419,0.06392391212329511,0.4207118038945098,1087,42,6,Beauty,481.52030445525605,570.7290665608045,481.52030445525605,378.3554667547274,378.3554667547274,0,21.3265306122449,21.3265306122449,1,Short Cycle,21.3265306122449,0.3375429052469259
CUST_000242,2023-02-18,2025-12-23,12,1007.8100000000001,83.98416666666667,0.159225,0.4166666666666667,103.92833333333333,66,Male,Young Professional,Online,West,0.33839185791860477,0.5601774253908399,0.45968750143456727,1047,8,5,Clothing,479.8485693023734,570.7290665608045,479.8485693023734,378.3554667547274,378.3554667547274,0,94.45454545454545,94.45454545454545,1,Short Cycle,94.45454545454545,0.9601960066906633
CUST_000243,2023-10-11,2025-05-27,7,781.46,111.63714285714286,0.15057142857142858,0.42857142857142855,120.62142857142858,73,Male,Family,Store,North,0.08067022316025248,0.39510893880347314,0.6024233974548283,812,218,4,Beauty,469.2697385013329,570.7290665608045,469.2697385013329,570.7290665608045,570.7290665608045,0,99.0,99.0,1,Long Cycle,99.0,0.007913913770491443
CUST_000244,2023-01-09,2025-12-15,20,3026.9900000000002,151.3495,0.10003500000000001,0.35,167.4925,34,Female,Family,Store,West,0.40590550820006427,0.821226272232715,0.840650174154425,1087,16,6,Beauty,481.52030445525605,570.7290665608045,481.52030445525605,438.11544047013047,438.11544047013047,0,56.36842105263158,56.36842105263158,1,Medium Cycle,56.36842105263158,0.7934687187901635
CUST_000245,2023-01-22,2025-12-04,24,3020.25,125.84375,0.05728333333333333,0.3333333333333333,132.15166666666667,66,Female,Student,Online,Central,0.443079751467833,0.19663322444523507,0.4491498523710273,1074,27,6,Beauty,481.52030445525605,570.7290665608045,481.52030445525605,438.11544047013047,438.11544047013047,0,45.52173913043478,45.52173913043478,1,Medium Cycle,45.52173913043478,0.6463740893672935
CUST_000246,2023-02-28,2025-12-18,25,3017.68,120.7072,0.091424,0.28,128.5932,19,Male,Family,Store,West,0.8190321507927897,0.46949004749713324,0.8176295735987267,1037,13,6,Beauty,481.52030445525605,570.7290665608045,481.52030445525605,378.3554667547274,378.3554667547274,0,42.666666666666664,42.666666666666664,1,Short Cycle,42.666666666666664,0.7262550589421439
CUST_000247,2023-04-22,2025-12-26,20,2353.87,117.6935,0.12685,0.45,133.42249999999999,19,Female,Senior,Online,South,0.48842766962899603,0.2810974485641379,0.9231670014699882,984,5,6,Beauty,481.52030445525605,570.7290665608045,481.52030445525605,378.3554667547274,378.3554667547274,0,51.526315789473685,51.526315789473685,1,Short Cycle,51.526315789473685,0.8272553011366441
CUST_000248,2023-01-28,2025-10-03,20,1593.6,79.67999999999999,0.188855,0.45,98.361,45,Female,High Net Worth,Hybrid,West,0.34921397695237405,0.7085121525915058,0.3710481749573247,1068,89,6,Beauty,481.52030445525605,570.7290665608045,481.52030445525605,378.3554667547274,378.3554667547274,0,51.526315789473685,51.526315789473685,1,Short Cycle,51.526315789473685,0.22368050428844655
CUST_000249,2023-03-22,2025-11-08,9,895.8499999999999,99.53888888888888,0.0974,0.3333333333333333,106.67555555555555,71,Male,Senior,Store,East,0.2957915961594833,0.3433840643822426,0.4327859172885538,1015,53,5,Beauty,463.67855203414626,513.7160654092345,463.67855203414626,489.87898021966913,489.87898021966913,0,120.25,120.25,1,Long Cycle,120.25,0.9136486811782127
CUST_000250,2023-03-28,2025-11-07,16,1607.47,100.466875,0.12223125,0.25,113.62375,40,Male,Young Professional,Hybrid,West,0.6060131170157556,0.7463221222342072,0.6002639942454425,1009,54,5,Beauty,463.67855203414626,513.7160654092345,463.67855203414626,378.3554667547274,378.3554667547274,0,63.666666666666664,63.666666666666664,1,Short Cycle,63.666666666666664,0.5776959989876548
CUST_000251,2023-02-02,2025-11-26,24,3317.67,138.23625,0.05362083333333333,0.20833333333333334,144.93791666666667,54,Female,Young Professional,Store,South,0.4706481919732903,0.11774091126783634,0.5950124369094063,1063,35,6,Beauty,481.52030445525605,570.7290665608045,481.52030445525605,438.11544047013047,438.11544047013047,0,44.69565217391305,44.69565217391305,1,Medium Cycle,44.69565217391305,0.5779259891302251
CUST_000252,2023-01-13,2025-12-22,20,2990.74,149.53699999999998,0.07477,0.25,156.232,49,Female,High Net Worth,Online,South,0.5887801806182545,0.4123134660531107,0.7610444253798097,1083,9,6,Beauty,481.52030445525605,570.7290665608045,481.52030445525605,438.11544047013047,438.11544047013047,0,56.526315789473685,56.526315789473685,1,Medium Cycle,56.526315789473685,0.8323894395916199
CUST_000253,2023-01-05,2025-10-25,19,2246.32,118.22736842105265,0.038810526315789476,0.15789473684210525,121.13736842105264,50,Female,Young Professional,Store,North,0.22730641986149025,0.477783275926387,0.47142080733203623,1091,67,6,Beauty,481.52030445525605,570.7290665608045,481.52030445525605,498.32680731697,498.32680731697,0,56.888888888888886,56.888888888888886,1,Long Cycle,56.888888888888886,0.41878044263340786
CUST_000254,2023-02-11,2025-12-23,18,2199.27,122.18166666666667,0.09756666666666668,0.2777777777777778,134.60277777777776,18,Female,High Net Worth,Hybrid,Central,0.45316333715233253,0.5499545845390981,0.7413291210294245,1054,8,6,Beauty,481.52030445525605,570.7290665608045,481.52030445525605,489.87898021966913,489.87898021966913,0,61.529411764705884,61.529411764705884,1,Long Cycle,61.529411764705884,0.8611211548689566
CUST_000255,2023-02-21,2025-12-17,29,4070.35,140.35689655172413,0.0743,0.2413793103448276,150.58448275862068,36,Female,Family,Store,West,0.7409467365426572,0.7117235905578826,0.7725693233029233,1044,14,6,Beauty,481.52030445525605,570.7290665608045,481.52030445525605,489.87898021966913,489.87898021966913,0,36.785714285714285,36.785714285714285,1,Long Cycle,36.785714285714285,0.6779616764607052
CUST_000256,2023-01-25,2025-11-23,20,2310.6,115.53,0.11012999999999999,0.25,122.795,19,Female,High Net Worth,Hybrid,North,0.14257850243280723,0.4413803831269956,0.4720468414452497,1071,38,5,Beauty,478.1590038829132,570.7290665608045,478.1590038829132,378.3554667547274,378.3554667547274,0,54.36842105263158,54.36842105263158,1,Short Cycle,54.36842105263158,0.6300132837821993
CUST_000257,2023-01-25,2025-12-04,21,2054.84,97.84952380952382,0.08343809523809524,0.3333333333333333,104.46904761904761,70,Female,Student,Hybrid,Central,0.23929034748927552,0.09037669702984141,0.8143139077456905,1071,27,6,Beauty,481.52030445525605,570.7290665608045,481.52030445525605,378.3554667547274,378.3554667547274,0,52.2,52.2,1,Short Cycle,52.2,0.6953100928490707
CUST_000258,2023-04-01,2025-10-04,13,1414.8899999999999,108.8376923076923,0.08279230769230769,0.38461538461538464,115.92692307692309,61,Female,High Net Worth,Online,West,0.4328249604127895,0.2336755631372422,0.4663627770398758,1005,88,6,Beauty,481.52030445525605,570.7290665608045,481.52030445525605,438.11544047013047,438.11544047013047,0,76.41666666666667,76.41666666666667,1,Medium Cycle,76.41666666666667,0.4071566096567467
CUST_000259,2023-03-08,2025-12-20,36,4691.58,130.32166666666666,0.04192222222222222,0.2222222222222222,134.97444444444443,43,Male,Family,Online,East,0.7812213092003,0.14117985399988608,0.8781646907164198,1029,11,6,Beauty,481.52030445525605,570.7290665608045,481.52030445525605,438.11544047013047,438.11544047013047,0,29.085714285714285,29.085714285714285,1,Medium Cycle,29.085714285714285,0.643081812330428
CUST_000260,2023-02-07,2025-12-21,38,3688.87,97.07552631578947,0.10319210526315789,0.3157894736842105,103.385,49,Male,Student,Store,West,0.8511060683614362,0.8096458463203526,0.7432893099467556,1058,10,6,Beauty,481.52030445525605,570.7290665608045,481.52030445525605,489.87898021966913,489.87898021966913,0,28.324324324324323,28.324324324324323,1,Long Cycle,28.324324324324323,0.6448848151957713
CUST_000261,2023-03-19,2025-12-06,17,1695.43,99.73117647058824,0.10764705882352942,0.5294117647058824,108.84117647058824,23,Male,Family,Store,South,0.26599849482592275,0.41239676697653854,0.9135709276989827,1018,25,6,Beauty,481.52030445525605,570.7290665608045,481.52030445525605,498.32680731697,498.32680731697,0,62.0625,62.0625,1,Long Cycle,62.0625,0.773819508820917
CUST_000262,2023-02-06,2025-10-01,32,3765.6,117.675,0.101403125,0.40625,132.31125,49,Female,Family,Hybrid,South,0.7712239633733906,0.2964296060137291,0.7578006739072158,1059,91,6,Beauty,481.52030445525605,570.7290665608045,481.52030445525605,378.3554667547274,378.3554667547274,0,31.225806451612904,31.225806451612904,1,Short Cycle,31.225806451612904,0.11275802782211874
CUST_000263,2023-01-05,2025-12-26,34,4217.25,124.03676470588235,0.07105882352941176,0.2647058823529412,132.9635294117647,72,Female,Senior,Hybrid,East,0.8596031927698493,0.46599298610044615,0.3599392677381221,1091,5,6,Beauty,481.52030445525605,570.7290665608045,481.52030445525605,489.87898021966913,489.87898021966913,0,32.90909090909091,32.90909090909091,1,Long Cycle,32.90909090909091,0.7142653325280758
CUST_000264,2023-03-17,2025-12-18,27,3988.83,147.73444444444445,0.061848148148148145,0.2222222222222222,157.20222222222222,21,Female,High Net Worth,Online,North,0.6744317614568927,0.5108647767848036,0.9603727106810714,1020,13,6,Beauty,481.52030445525605,570.7290665608045,481.52030445525605,438.11544047013047,438.11544047013047,0,38.73076923076923,38.73076923076923,1,Medium Cycle,38.73076923076923,0.6990676601529773
CUST_000265,2023-02-04,2025-12-27,19,2679.0,141.0,0.05671052631578948,0.3157894736842105,147.73210526315788,72,Male,High Net Worth,Online,Central,0.5033764576272375,0.41842962700483893,0.744554674613967,1061,4,6,Beauty,481.52030445525605,570.7290665608045,481.52030445525605,438.11544047013047,438.11544047013047,0,58.72222222222222,58.72222222222222,1,Medium Cycle,58.72222222222222,0.8664047740709069
CUST_000266,2023-01-14,2025-12-28,26,3379.4,129.97692307692307,0.13492307692307692,0.46153846153846156,144.70538461538462,28,Male,Student,Hybrid,West,0.5237333961294357,0.5018762666588136,0.8381906374873653,1082,3,6,Beauty,481.52030445525605,570.7290665608045,481.52030445525605,378.3554667547274,378.3554667547274,0,43.16,43.16,1,Short Cycle,43.16,0.7922606120197024
CUST_000267,2023-01-11,2025-10-30,24,2812.56,117.19,0.11890833333333334,0.4166666666666667,133.54999999999998,73,Male,Family,Online,South,0.3277873587264933,0.5976550711852392,0.35673441323047833,1085,62,6,Beauty,481.52030445525605,570.7290665608045,481.52030445525605,438.11544047013047,438.11544047013047,0,44.47826086956522,44.47826086956522,1,Medium Cycle,44.47826086956522,0.36119239908792466
CUST_000268,2023-01-19,2025-08-27,11,1339.4099999999999,121.76454545454544,0.0673,0.2727272727272727,126.04545454545455,34,Male,Family,Hybrid,North,0.332823100162601,0.18715625982593753,0.33133171335627826,1077,126,4,Clothing,471.3816952756581,570.7290665608045,471.3816952756581,378.3554667547274,378.3554667547274,0,95.1,95.1,1,Short Cycle,95.1,0.2654827074214058
CUST_000269,2023-03-05,2025-10-31,16,2701.39,168.836875,0.0983875,0.375,182.393125,55,Female,Student,Store,East,0.39218215169172016,0.4251119858530567,0.7052611055019062,1032,61,6,Beauty,481.52030445525605,570.7290665608045,481.52030445525605,438.11544047013047,438.11544047013047,0,64.73333333333333,64.73333333333333,1,Medium Cycle,64.73333333333333,0.5301701650311236
CUST_000270,2023-02-04,2025-11-14,13,1868.3999999999999,143.72307692307692,0.0,0.0,143.72307692307692,41,Male,Young Professional,Store,South,0.38723427760033874,0.46170261306644617,0.1866730248565102,1061,47,6,Beauty,481.52030445525605,570.7290665608045,481.52030445525605,513.7160654092345,513.7160654092345,0,84.5,84.5,1,Long Cycle,84.5,0.7764789581409366
CUST_000271,2023-05-01,2025-06-13,10,949.3,94.92999999999999,0.11428,0.4,103.292,22,Male,Young Professional,Online,East,0.3706284447612304,0.6195610649116788,0.7113470540401673,975,201,6,Beauty,481.52030445525605,570.7290665608045,481.52030445525605,489.87898021966913,489.87898021966913,0,86.0,86.0,1,Long Cycle,86.0,0.009856738402193033
CUST_000272,2023-04-09,2025-12-21,16,1740.65,108.790625,0.016025,0.0625,111.03625,69,Female,Family,Store,West,0.21372282044534482,0.616433474880452,0.44903166572297704,997,10,6,Beauty,481.52030445525605,570.7290665608045,481.52030445525605,570.7290665608045,570.7290665608045,0,65.8,65.8,1,Long Cycle,65.8,0.8710585205849296
CUST_000273,2023-02-06,2025-12-02,50,5531.02,110.6204,0.10345599999999999,0.34,116.8202,51,Male,Family,Store,Central,0.8467228679099534,0.2534164849448002,0.7318568478408234,1059,29,6,Beauty,481.52030445525605,570.7290665608045,481.52030445525605,378.3554667547274,378.3554667547274,0,21.020408163265305,21.020408163265305,1,Short Cycle,21.020408163265305,0.4357334934349206
CUST_000274,2023-01-13,2025-11-14,12,1792.6,149.38333333333333,0.12434166666666667,0.4166666666666667,163.31750000000002,23,Female,Family,Store,South,0.4558431212630053,0.12073760550253547,0.625502818766751,1083,47,5,Beauty,475.08115226446023,570.7290665608045,475.08115226446023,438.11544047013047,438.11544047013047,0,94.18181818181819,94.18181818181819,1,Medium Cycle,94.18181818181819,0.8306319496264798
CUST_000275,2023-01-12,2025-07-05,16,1302.34,81.39625,0.0945125,0.25,87.28375,39,Female,Young Professional,Online,South,0.352524311525455,0.3695456890621302,0.6730981449608653,1084,179,6,Beauty,481.52030445525605,570.7290665608045,481.52030445525605,378.3554667547274,378.3554667547274,0,60.333333333333336,60.333333333333336,1,Short Cycle,60.333333333333336,0.00806186111637841
CUST_000276,2023-01-26,2025-12-05,9,741.89,82.43222222222222,0.061877777777777775,0.2222222222222222,89.58333333333333,28,Male,Young Professional,Store,West,0.16115776510598945,0.4943008015039763,0.3869238204723623,1070,26,5,Clothing,479.8485693023734,570.7290665608045,479.8485693023734,498.32680731697,498.32680731697,0,130.5,130.5,1,Long Cycle,130.5,0.9829487430955456
CUST_000277,2023-01-20,2025-12-14,21,2317.92,110.37714285714286,0.1499047619047619,0.47619047619047616,125.57523809523809,65,Female,Young Professional,Hybrid,North,0.6550606523289494,0.6896994213045597,0.8870854256933794,1076,17,5,Beauty,478.1590038829132,570.7290665608045,478.1590038829132,378.3554667547274,378.3554667547274,0,52.95,52.95,1,Short Cycle,52.95,0.7669770011533394
CUST_000278,2023-01-19,2025-11-16,25,2417.32,96.6928,0.12606399999999998,0.4,106.6108,33,Female,High Net Worth,Online,Central,0.308160420892726,0.17013022746033987,0.9222330809526135,1077,45,6,Beauty,481.52030445525605,570.7290665608045,481.52030445525605,498.32680731697,498.32680731697,0,43.0,43.0,1,Long Cycle,43.0,0.4838264075007066
CUST_000279,2023-01-28,2025-12-23,19,2333.42,122.81157894736843,0.036305263157894736,0.21052631578947367,124.88210526315791,50,Female,Family,Online,South,0.37717512831387606,0.08766064506261984,0.4501589020836133,1068,8,6,Beauty,481.52030445525605,570.7290665608045,481.52030445525605,378.3554667547274,378.3554667547274,0,58.888888888888886,58.888888888888886,1,Short Cycle,58.888888888888886,0.8489242700732307
CUST_000280,2023-06-02,2025-08-02,16,1557.55,97.346875,0.0558375,0.25,102.031875,26,Male,Family,Online,Central,0.3190672631443641,0.19318336217129137,0.7424642636929671,943,151,6,Beauty,481.52030445525605,570.7290665608045,481.52030445525605,489.87898021966913,489.87898021966913,0,52.8,52.8,1,Long Cycle,52.8,0.02323397222924939
CUST_000281,2023-01-07,2025-12-19,29,4107.21,141.62793103448277,0.02482758620689655,0.10344827586206896,143.24758620689656,23,Female,Senior,Store,South,0.6374359762322861,0.08361379402246583,0.2269126208087984,1089,12,6,Beauty,481.52030445525605,570.7290665608045,481.52030445525605,378.3554667547274,378.3554667547274,0,38.464285714285715,38.464285714285715,1,Short Cycle,38.464285714285715,0.7042258778096416
CUST_000282,2023-01-18,2025-11-14,27,4041.04,149.66814814814813,0.10026666666666666,0.25925925925925924,159.32111111111112,33,Female,Young Professional,Store,Central,0.5554087667835396,0.4826022521379685,0.6198036891295459,1078,47,6,Beauty,481.52030445525605,570.7290665608045,481.52030445525605,438.11544047013047,438.11544047013047,0,39.65384615384615,39.65384615384615,1,Medium Cycle,39.65384615384615,0.4407958714987913
CUST_000283,2023-12-12,2025-01-18,5,553.2,110.64000000000001,0.15333999999999998,0.6,138.668,46,Male,High Net Worth,Store,East,0.10161201302462089,0.4469108446392501,0.6096838344640602,750,347,5,Beauty,502.1532719953617,570.7290665608045,502.1532719953617,489.87898021966913,489.87898021966913,0,100.75,100.75,1,Long Cycle,100.75,2.972405341861162e-07
CUST_000284,2023-04-27,2025-12-20,40,4004.7599999999998,100.119,0.0912875,0.225,108.68375,20,Male,Student,Online,South,0.7465704283917763,0.5442773902166395,0.3176757949219666,979,11,6,Beauty,481.52030445525605,570.7290665608045,481.52030445525605,378.3554667547274,378.3554667547274,0,24.82051282051282,24.82051282051282,1,Short Cycle,24.82051282051282,0.6103482330581931
CUST_000285,2023-01-02,2025-09-22,24,3315.4,138.14166666666668,0.11389166666666667,0.4166666666666667,149.96375,37,Other,Young Professional,Online,Central,0.660072510227836,0.19549289932427216,0.5588051184029654,1094,100,6,Beauty,481.52030445525605,570.7290665608045,481.52030445525605,378.3554667547274,378.3554667547274,0,43.21739130434783,43.21739130434783,1,Short Cycle,43.21739130434783,0.1247977189089422
CUST_000286,2023-04-13,2025-12-29,18,2905.57,161.42055555555555,0.03311111111111111,0.1111111111111111,164.9972222222222,53,Female,Family,Store,North,0.49886338197670244,0.5893006910020113,0.8615130093248938,993,2,6,Beauty,481.52030445525605,570.7290665608045,481.52030445525605,438.11544047013047,438.11544047013047,0,58.294117647058826,58.294117647058826,1,Medium Cycle,58.294117647058826,0.8731540428395534
CUST_000287,2023-05-09,2025-10-30,22,3125.8,142.0818181818182,0.08551363636363636,0.4090909090909091,154.37954545454545,36,Male,High Net Worth,Store,East,0.2914601718445416,0.21867787616441545,0.8862993499302774,967,62,4,Beauty,451.16917369037424,498.32680731697,451.16917369037424,438.11544047013047,438.11544047013047,0,43.095238095238095,43.095238095238095,1,Medium Cycle,43.095238095238095,0.3507428306908652
CUST_000288,2023-02-04,2025-11-20,25,2510.43,100.4172,0.08323599999999999,0.24,106.27159999999999,43,Female,High Net Worth,Hybrid,East,0.7321740786799632,0.4745196903315144,0.4858634921966226,1061,41,6,Beauty,481.52030445525605,570.7290665608045,481.52030445525605,378.3554667547274,378.3554667547274,0,42.5,42.5,1,Short Cycle,42.5,0.5121316487518259
CUST_000289,2023-03-02,2025-09-02,23,3323.85,144.51521739130433,0.11930869565217392,0.34782608695652173,167.3121739130435,20,Male,Family,Online,North,0.5019185592448059,0.8432393565418769,0.3343604057261571,1035,120,6,Beauty,481.52030445525605,570.7290665608045,481.52030445525605,438.11544047013047,438.11544047013047,0,41.59090909090909,41.59090909090909,1,Medium Cycle,41.59090909090909,0.05593607580693338
CUST_000290,2023-02-21,2025-12-21,16,1878.3300000000002,117.39562500000001,0.09374375,0.375,122.941875,36,Male,Senior,Store,Central,0.37700691215211046,0.19862221899968358,0.5553708634410948,1044,10,5,Beauty,463.67855203414626,513.7160654092345,463.67855203414626,378.3554667547274,378.3554667547274,0,68.93333333333334,68.93333333333334,1,Short Cycle,68.93333333333334,0.8839449574422613
CUST_000291,2023-06-12,2025-12-30,16,2453.22,153.32625,0.12396875,0.3125,164.20125,37,Male,Young Professional,Store,West,0.2097502926205175,0.2373213157305233,0.6960005651357686,933,1,5,Beauty,478.1590038829132,570.7290665608045,478.1590038829132,378.3554667547274,378.3554667547274,0,62.13333333333333,62.13333333333333,1,Short Cycle,62.13333333333333,0.8924287838932178
CUST_000292,2023-01-18,2025-11-28,15,1914.4499999999998,127.62999999999998,0.07896,0.2,133.96333333333334,49,Male,High Net Worth,Store,North,0.46383286192920214,0.2134410077279595,0.581655541974468,1078,33,6,Beauty,481.52030445525605,570.7290665608045,481.52030445525605,378.3554667547274,378.3554667547274,0,74.64285714285714,74.64285714285714,1,Short Cycle,74.64285714285714,0.8007649551455432
CUST_000293,2023-01-16,2025-10-28,31,4084.8,131.76774193548388,0.05905806451612903,0.1935483870967742,137.3116129032258,24,Male,Young Professional,Store,Central,0.8124803934594235,0.26199753569461043,0.5347718513382003,1080,64,6,Beauty,481.52030445525605,570.7290665608045,481.52030445525605,378.3554667547274,378.3554667547274,0,33.86666666666667,33.86666666666667,1,Short Cycle,33.86666666666667,0.2706037859264062
CUST_000294,2023-01-04,2025-11-24,16,1999.06,124.94125,0.123625,0.4375,135.63375,69,Male,High Net Worth,Store,North,0.43161364249401313,0.2329185746969105,0.4165852145384675,1092,37,6,Beauty,481.52030445525605,570.7290665608045,481.52030445525605,378.3554667547274,378.3554667547274,0,70.33333333333333,70.33333333333333,1,Short Cycle,70.33333333333333,0.7504389155848191
CUST_000295,2023-02-01,2025-10-26,13,1805.09,138.8530769230769,0.033723076923076925,0.15384615384615385,147.27846153846156,58,Female,Senior,Hybrid,North,0.16095916776200628,0.2829798656819357,0.36738761261738767,1064,66,5,Beauty,463.67855203414626,513.7160654092345,463.67855203414626,489.87898021966913,489.87898021966913,0,83.16666666666667,83.16666666666667,1,Long Cycle,83.16666666666667,0.6361076482479205
CUST_000296,2023-04-24,2025-12-25,19,1468.72,77.30105263157895,0.07369473684210527,0.3157894736842105,85.75473684210526,50,Male,Senior,Online,South,0.3913256389970091,0.32964295233108687,0.7336376679797129,982,6,5,Beauty,463.67855203414626,513.7160654092345,463.67855203414626,378.3554667547274,378.3554667547274,0,54.22222222222222,54.22222222222222,1,Short Cycle,54.22222222222222,0.8359037077722619
CUST_000297,2023-04-06,2025-09-19,18,2149.99,119.44388888888888,0.07361111111111111,0.2222222222222222,123.3261111111111,57,Male,Family,Online,Central,0.3894983189462793,0.5115883670514596,0.467095799555092,1000,103,6,Beauty,481.52030445525605,570.7290665608045,481.52030445525605,489.87898021966913,489.87898021966913,0,52.76470588235294,52.76470588235294,1,Long Cycle,52.76470588235294,0.15420161429777235
CUST_000298,2023-09-26,2025-12-02,16,1348.47,84.279375,0.0971125,0.25,97.21375,56,Female,Young Professional,Store,West,0.49130242056513734,0.6258275423083522,0.6684348248925123,827,29,5,Beauty,463.67855203414626,513.7160654092345,463.67855203414626,489.87898021966913,489.87898021966913,0,53.2,53.2,1,Long Cycle,53.2,0.6881745873849845
CUST_000299,2023-03-25,2025-12-12,19,3011.54,158.5021052631579,0.04220526315789474,0.21052631578947367,162.7521052631579,35,Male,Young Professional,Store,South,0.3021315477005372,0.5092952629441388,0.1271529940167794,1012,19,5,Beauty,463.67855203414626,513.7160654092345,463.67855203414626,438.11544047013047,438.11544047013047,0,55.166666666666664,55.166666666666664,1,Medium Cycle,55.166666666666664,0.76831857023061
CUST_000300,2023-03-22,2025-11-14,21,3089.08,147.0990476190476,0.07770952380952381,0.23809523809523808,154.28333333333333,57,Female,Young Professional,Online,North,0.34643731570159086,0.3841202417882938,0.47385988847506244,1015,47,6,Beauty,481.52030445525605,570.7290665608045,481.52030445525605,378.3554667547274,378.3554667547274,0,48.4,48.4,1,Short Cycle,48.4,0.5113230971403667
CUST_000301,2023-01-28,2025-12-24,18,2215.75,123.09722222222223,0.11562777777777779,0.5,128.92277777777778,18,Male,Young Professional,Online,North,0.15446815764996127,0.07337857502969392,0.8911595141311427,1068,7,6,Beauty,481.52030445525605,570.7290665608045,481.52030445525605,498.32680731697,498.32680731697,0,62.411764705882355,62.411764705882355,1,Long Cycle,62.411764705882355,0.8693952832667073
CUST_000302,2023-02-22,2025-11-13,24,3523.84,146.82666666666668,0.14344166666666666,0.4166666666666667,160.97541666666666,28,Male,Student,Online,North,0.5700085038892293,0.810444900049575,0.8372660267996198,1043,48,6,Beauty,481.52030445525605,570.7290665608045,481.52030445525605,438.11544047013047,438.11544047013047,0,43.26086956521739,43.26086956521739,1,Medium Cycle,43.26086956521739,0.46172402631481724
CUST_000303,2023-03-08,2025-12-07,21,2680.6,127.64761904761905,0.08369047619047619,0.23809523809523808,132.59714285714284,45,Male,Family,Hybrid,Central,0.30653602561224946,0.4156535306683128,0.48095285911166963,1029,24,6,Beauty,481.52030445525605,570.7290665608045,481.52030445525605,489.87898021966913,489.87898021966913,0,50.25,50.25,1,Long Cycle,50.25,0.7027231860478294
CUST_000304,2023-01-17,2025-12-23,25,2727.59,109.1036,0.066596,0.24,118.04119999999999,74,Male,Young Professional,Online,Central,0.24327729951627922,0.3958874848231183,0.5574761212846623,1079,8,6,Beauty,481.52030445525605,570.7290665608045,481.52030445525605,378.3554667547274,378.3554667547274,0,44.625,44.625,1,Short Cycle,44.625,0.7711422717554227
CUST_000305,2023-02-22,2025-12-10,26,3181.7000000000003,122.37307692307694,0.09197692307692308,0.23076923076923078,134.9973076923077,42,Male,High Net Worth,Online,South,0.72256976869483,0.6704212608878727,0.26020710193841223,1043,21,6,Beauty,481.52030445525605,570.7290665608045,481.52030445525605,378.3554667547274,378.3554667547274,0,40.88,40.88,1,Short Cycle,40.88,0.6565589267423182
CUST_000306,2023-01-02,2025-12-09,31,3640.51,117.4358064516129,0.05245161290322581,0.1935483870967742,121.8916129032258,67,Male,High Net Worth,Online,West,0.7750588133260653,0.31038118857799085,0.8051437933706025,1094,22,6,Beauty,481.52030445525605,570.7290665608045,481.52030445525605,513.7160654092345,513.7160654092345,0,35.733333333333334,35.733333333333334,1,Long Cycle,35.733333333333334,0.6096700214146011
CUST_000307,2023-02-28,2025-09-11,27,2907.64,107.69037037037036,0.0675037037037037,0.25925925925925924,114.14444444444445,40,Male,High Net Worth,Online,South,0.5369446838874926,0.39219016804853396,0.27921307523642874,1037,111,6,Beauty,481.52030445525605,570.7290665608045,481.52030445525605,378.3554667547274,378.3554667547274,0,35.61538461538461,35.61538461538461,1,Short Cycle,35.61538461538461,0.06319302792388737
CUST_000308,2023-02-21,2025-12-03,45,3591.89,79.81977777777777,0.12762444444444446,0.3333333333333333,89.84755555555556,48,Male,High Net Worth,Online,East,0.8470199419028595,0.5567531332954277,0.573980502909545,1044,28,6,Beauty,481.52030445525605,570.7290665608045,481.52030445525605,498.32680731697,498.32680731697,0,23.09090909090909,23.09090909090909,1,Long Cycle,23.09090909090909,0.4603557756997372
CUST_000309,2023-01-03,2025-12-13,40,5133.6900000000005,128.34225,0.069105,0.2,134.8345,47,Male,Young Professional,Store,North,0.7618356548008954,0.6475586686699071,0.6785592456488331,1093,18,6,Beauty,481.52030445525605,570.7290665608045,481.52030445525605,513.7160654092345,513.7160654092345,0,27.564102564102566,27.564102564102566,1,Long Cycle,27.564102564102566,0.5768819754898258
CUST_000310,2023-01-18,2025-09-25,28,3505.43,125.19392857142857,0.024796428571428573,0.14285714285714285,128.15607142857144,59,Male,Family,Online,North,0.4843764990894026,0.35733911443813415,0.20173072351127622,1078,97,6,Beauty,481.52030445525605,570.7290665608045,481.52030445525605,438.11544047013047,438.11544047013047,0,36.333333333333336,36.333333333333336,1,Medium Cycle,36.333333333333336,0.10933239175561527
CUST_000311,2023-01-10,2025-11-06,11,1855.36,168.6690909090909,0.10877272727272728,0.36363636363636365,186.68272727272725,52,Male,Student,Hybrid,North,0.2361844190634108,0.430648873189539,0.5241555755759114,1086,55,4,Clothing,457.1284449877656,513.7160654092345,457.1284449877656,438.11544047013047,438.11544047013047,0,103.1,103.1,1,Medium Cycle,103.1,0.8352899808193619
CUST_000312,2023-02-07,2025-11-30,20,2397.45,119.87249999999999,0.14357999999999999,0.35,135.4035,24,Female,Senior,Online,South,0.39389950243971267,0.7227312283481409,0.9565274365272911,1058,31,6,Beauty,481.52030445525605,570.7290665608045,481.52030445525605,378.3554667547274,378.3554667547274,0,54.05263157894737,54.05263157894737,1,Short Cycle,54.05263157894737,0.6798997809488074
CUST_000313,2023-01-10,2025-08-10,15,2660.27,177.35133333333334,0.10680666666666667,0.4,183.91066666666666,33,Female,Young Professional,Store,South,0.31093453858616893,0.37434861350322535,0.34954703001980963,1086,143,6,Beauty,481.52030445525605,570.7290665608045,481.52030445525605,438.11544047013047,438.11544047013047,0,67.35714285714286,67.35714285714286,1,Medium Cycle,67.35714285714286,0.06254610419351891
CUST_000314,2023-01-06,2025-12-02,22,1974.9499999999998,89.77045454545454,0.051495454545454546,0.2727272727272727,94.93954545454545,43,Male,Student,Hybrid,North,0.6339811640891277,0.33624888945921366,0.45668992023264887,1090,29,6,Beauty,481.52030445525605,570.7290665608045,481.52030445525605,378.3554667547274,378.3554667547274,0,50.523809523809526,50.523809523809526,1,Short Cycle,50.523809523809526,0.6687339661445385
CUST_000315,2023-03-10,2025-09-29,20,2467.51,123.37550000000002,0.091025,0.35,130.845,65,Female,Young Professional,Store,South,0.3920390880569252,0.47064714476780395,0.629812059473546,1027,93,6,Beauty,481.52030445525605,570.7290665608045,481.52030445525605,489.87898021966913,489.87898021966913,0,49.1578947368421,49.1578947368421,1,Long Cycle,49.1578947368421,0.18701523983147628
CUST_000316,2023-02-21,2025-10-09,19,3251.87,171.15105263157895,0.08839999999999999,0.3157894736842105,182.06157894736842,74,Female,Young Professional,Store,Central,0.1380822989258208,0.31183564338796127,0.5564796506239817,1044,83,5,Beauty,463.67855203414626,513.7160654092345,463.67855203414626,438.11544047013047,438.11544047013047,0,53.388888888888886,53.388888888888886,1,Medium Cycle,53.388888888888886,0.27412008590654335
CUST_000317,2023-01-21,2025-10-30,16,861.95,53.871875,0.13451875,0.4375,60.43,69,Male,Family,Online,Central,0.43470124516772524,0.4231372191971841,0.905901452626773,1075,62,5,Beauty,490.2012772522811,570.7290665608045,490.2012772522811,378.3554667547274,378.3554667547274,0,67.53333333333333,67.53333333333333,1,Short Cycle,67.53333333333333,0.544665478745284
CUST_000318,2023-03-24,2025-12-04,19,1718.68,90.45684210526316,0.18570526315789473,0.5263157894736842,106.62473684210526,66,Female,Senior,Online,South,0.4481161070241339,0.506676540487916,0.7802591738723897,1013,27,6,Beauty,481.52030445525605,570.7290665608045,481.52030445525605,378.3554667547274,378.3554667547274,0,54.77777777777778,54.77777777777778,1,Short Cycle,54.77777777777778,0.7133596139523943
CUST_000319,2023-07-13,2025-10-20,23,3147.94,136.86695652173913,0.05776086956521739,0.21739130434782608,141.52434782608697,19,Female,Senior,Store,North,0.5059188892937314,0.5535919244515447,0.6905025714108259,902,72,6,Beauty,481.52030445525605,570.7290665608045,481.52030445525605,438.11544047013047,438.11544047013047,0,37.72727272727273,37.72727272727273,1,Medium Cycle,37.72727272727273,0.24355306590615422
CUST_000320,2023-01-01,2025-12-23,46,6228.62,135.40478260869565,0.06716304347826087,0.21739130434782608,143.68804347826085,18,Male,Young Professional,Hybrid,South,0.6924507751066126,0.20996005815175206,0.20891290653931852,1095,8,6,Beauty,481.52030445525605,570.7290665608045,481.52030445525605,438.11544047013047,438.11544047013047,0,24.155555555555555,24.155555555555555,1,Medium Cycle,24.155555555555555,0.6283825173288614
CUST_000321,2023-01-24,2025-10-25,16,1879.96,117.4975,0.0,0.0,117.4975,65,Male,High Net Worth,Store,South,0.15057887998859024,0.4050655643636935,0.5523192458304357,1072,67,5,Beauty,475.08115226446023,570.7290665608045,475.08115226446023,378.3554667547274,378.3554667547274,0,67.0,67.0,1,Short Cycle,67.0,0.5
CUST_000322,2023-01-17,2025-12-11,31,3136.61,101.18096774193549,0.1333709677419355,0.45161290322580644,116.09774193548387,29,Female,Family,Store,South,0.7577611085930716,0.5797095993702573,0.7773733184075691,1079,20,6,Beauty,481.52030445525605,570.7290665608045,481.52030445525605,378.3554667547274,378.3554667547274,0,35.3,35.3,1,Short Cycle,35.3,0.6218050946952296
CUST_000323,2023-01-21,2025-12-17,24,3420.58,142.52416666666667,0.06542083333333333,0.25,153.77916666666667,22,Female,Young Professional,Store,East,0.5323056538470203,0.493916066722404,0.5762634891408583,1075,14,6,Beauty,481.52030445525605,570.7290665608045,481.52030445525605,438.11544047013047,438.11544047013047,0,46.130434782608695,46.130434782608695,1,Medium Cycle,46.130434782608695,0.7426321272248371
CUST_000324,2023-01-06,2025-10-30,25,2895.7400000000002,115.82960000000001,0.08397199999999999,0.24,121.962,54,Male,High Net Worth,Store,Central,0.6424497718054418,0.43588727388255466,0.4176298023504666,1090,62,6,Beauty,481.52030445525605,570.7290665608045,481.52030445525605,378.3554667547274,378.3554667547274,0,42.833333333333336,42.833333333333336,1,Short Cycle,42.833333333333336,0.3487763518493936
CUST_000325,2023-04-26,2025-12-14,19,2204.59,116.03105263157896,0.08638421052631579,0.3157894736842105,123.91526315789473,49,Male,High Net Worth,Online,West,0.3569247549149241,0.5009901366960783,0.5712282852483623,980,17,6,Beauty,481.52030445525605,570.7290665608045,481.52030445525605,438.11544047013047,438.11544047013047,0,53.5,53.5,1,Medium Cycle,53.5,0.7703740926862043
CUST_000326,2023-02-22,2025-12-23,16,2454.0299999999997,153.37687499999998,0.08135,0.375,166.366875,72,Male,High Net Worth,Store,West,0.444393452947237,0.1766181216258006,0.6149978578692804,1043,8,5,Beauty,463.67855203414626,513.7160654092345,463.67855203414626,378.3554667547274,378.3554667547274,0,69.0,69.0,1,Short Cycle,69.0,0.8919276900059121
CUST_000327,2023-02-11,2025-12-23,24,2901.2,120.88333333333333,0.04292083333333333,0.25,126.09958333333333,26,Female,Student,Hybrid,East,0.7494439831178427,0.31250381916097625,0.36385844812565526,1054,8,6,Beauty,481.52030445525605,570.7290665608045,481.52030445525605,570.7290665608045,570.7290665608045,0,45.47826086956522,45.47826086956522,1,Long Cycle,45.47826086956522,0.7763472329535321
CUST_000328,2023-01-17,2025-12-27,17,2996.47,176.26294117647058,0.04786470588235294,0.17647058823529413,181.84,58,Female,Senior,Online,South,0.7350919808020957,0.23577261248391918,0.7419428396503823,1079,4,6,Beauty,481.52030445525605,570.7290665608045,481.52030445525605,438.11544047013047,438.11544047013047,0,67.1875,67.1875,1,Medium Cycle,67.1875,0.8999381300652227
CUST_000329,2023-01-12,2025-12-14,15,1771.43,118.09533333333334,0.05174666666666667,0.2,122.61066666666667,52,Male,Senior,Store,East,0.5103166929568481,0.4056346293463658,0.3282663128734144,1084,17,5,Beauty,475.08115226446023,570.7290665608045,475.08115226446023,489.87898021966913,489.87898021966913,0,76.21428571428571,76.21428571428571,1,Long Cycle,76.21428571428571,0.8850541003663406
CUST_000330,2023-01-05,2025-10-14,19,2525.67,132.93,0.08164736842105262,0.21052631578947367,140.6142105263158,36,Male,Young Professional,Online,East,0.39042659998030804,0.6791002726721148,0.5035127145994116,1091,78,5,Beauty,475.08115226446023,570.7290665608045,475.08115226446023,378.3554667547274,378.3554667547274,0,56.27777777777778,56.27777777777778,1,Short Cycle,56.27777777777778,0.3298081456035168
CUST_000331,2023-02-23,2025-11-21,25,4737.58,189.5032,0.040524000000000004,0.16,195.1984,65,Female,Family,Store,North,0.6004027172408981,0.21571211511330599,0.419695619689425,1042,40,6,Beauty,481.52030445525605,570.7290665608045,481.52030445525605,438.11544047013047,438.11544047013047,0,41.75,41.75,1,Medium Cycle,41.75,0.5141528023771871
CUST_000332,2023-03-01,2025-12-11,17,2262.7,133.1,0.10840588235294119,0.35294117647058826,142.27882352941177,33,Male,Family,Online,Central,0.5124104674716627,0.4016913806332625,0.8378607894809308,1036,20,5,Beauty,463.67855203414626,513.7160654092345,463.67855203414626,489.87898021966913,489.87898021966913,0,63.5,63.5,1,Long Cycle,63.5,0.8111149603170837
CUST_000333,2023-01-28,2025-11-26,29,3848.32,132.70068965517243,0.0619,0.1724137931034483,138.96689655172415,20,Male,Family,Store,West,0.8138762898935565,0.2513993416032894,0.4123558321735149,1068,35,6,Beauty,481.52030445525605,570.7290665608045,481.52030445525605,489.87898021966913,489.87898021966913,0,36.892857142857146,36.892857142857146,1,Long Cycle,36.892857142857146,0.5153075874267015
CUST_000334,2023-04-05,2025-08-22,15,1371.45,91.43,0.06606666666666666,0.26666666666666666,98.41266666666667,37,Female,Student,Hybrid,South,0.29520718095650467,0.1903200486498978,0.3506128500328068,1001,131,5,Beauty,463.67855203414626,513.7160654092345,463.67855203414626,378.3554667547274,378.3554667547274,0,62.142857142857146,62.142857142857146,1,Short Cycle,62.142857142857146,0.08133351709852965
CUST_000335,2023-05-23,2025-12-26,20,2363.49,118.1745,0.061675,0.25,123.31799999999998,41,Female,Family,Online,West,0.3006617395606568,0.44607356422973504,0.4883588234737814,953,5,6,Beauty,481.52030445525605,570.7290665608045,481.52030445525605,498.32680731697,498.32680731697,0,49.89473684210526,49.89473684210526,1,Long Cycle,49.89473684210526,0.8186658193205029
CUST_000336,2023-02-05,2025-09-08,22,2928.8500000000004,133.12954545454548,0.08384090909090909,0.3181818181818182,140.55227272727274,71,Female,Young Professional,Store,West,0.40314466364394286,0.1810476821314095,0.4351267369495212,1060,114,6,Beauty,481.52030445525605,570.7290665608045,481.52030445525605,378.3554667547274,378.3554667547274,0,45.04761904761905,45.04761904761905,1,Short Cycle,45.04761904761905,0.08104321842425688
CUST_000337,2023-07-03,2025-10-20,8,861.3299999999999,107.66624999999999,0.096125,0.5,114.77875,73,Female,Young Professional,Hybrid,Central,0.2460788113518518,0.44646834517271866,0.8750649349571444,912,72,6,Beauty,481.52030445525605,570.7290665608045,481.52030445525605,489.87898021966913,489.87898021966913,0,120.0,120.0,1,Long Cycle,120.0,0.8347867359304711
CUST_000338,2023-01-21,2025-09-02,21,2346.43,111.7347619047619,0.09242857142857142,0.3333333333333333,122.12666666666667,50,Male,Senior,Hybrid,West,0.5657363669006568,0.49516599253580196,0.4457388438576198,1075,120,6,Beauty,481.52030445525605,570.7290665608045,481.52030445525605,378.3554667547274,378.3554667547274,0,47.75,47.75,1,Short Cycle,47.75,0.07146704817626814
CUST_000339,2023-03-13,2025-06-14,17,1609.3999999999999,94.6705882352941,0.15154705882352942,0.5294117647058824,109.96176470588235,41,Male,Young Professional,Online,West,0.12343958463646158,0.2409784981911536,0.9231971482277397,1024,200,6,Beauty,481.52030445525605,570.7290665608045,481.52030445525605,378.3554667547274,378.3554667547274,0,51.5,51.5,1,Short Cycle,51.5,0.0013019100074977974
CUST_000340,2023-01-02,2025-12-16,50,4726.85,94.537,0.10253999999999999,0.34,103.01780000000001,69,Female,High Net Worth,Online,East,0.8557606435675232,0.3930059512647493,0.526041750123565,1094,15,6,Beauty,481.52030445525605,570.7290665608045,481.52030445525605,378.3554667547274,378.3554667547274,0,22.020408163265305,22.020408163265305,1,Short Cycle,22.020408163265305,0.5565969731047641
CUST_000341,2023-02-12,2025-11-14,16,2049.03,128.064375,0.2127,0.5625,144.2325,28,Male,Family,Online,Central,0.6260018191913919,0.7916930415047935,0.7748709353837642,1053,47,5,Beauty,475.08115226446023,570.7290665608045,475.08115226446023,378.3554667547274,378.3554667547274,0,67.06666666666666,67.06666666666666,1,Short Cycle,67.06666666666666,0.6579499923675927
CUST_000342,2023-01-26,2025-11-29,30,3510.78,117.02600000000001,0.09195333333333333,0.3333333333333333,125.82600000000001,66,Male,Family,Hybrid,North,0.6768308095192551,0.06347034924276314,0.4193159802320645,1070,32,6,Beauty,481.52030445525605,570.7290665608045,481.52030445525605,489.87898021966913,489.87898021966913,0,35.793103448275865,35.793103448275865,1,Long Cycle,35.793103448275865,0.5306522407996577
CUST_000343,2023-01-13,2025-11-13,20,3267.23,163.3615,0.043765,0.2,167.39000000000001,25,Male,Senior,Hybrid,South,0.12041704065050118,0.32788611833293674,0.856016523066158,1083,48,6,Beauty,481.52030445525605,570.7290665608045,481.52030445525605,438.11544047013047,438.11544047013047,0,54.473684210526315,54.473684210526315,1,Medium Cycle,54.473684210526315,0.5522157290129389
CUST_000344,2023-05-05,2025-09-16,27,2279.72,84.43407407407406,0.1305925925925926,0.4444444444444444,93.17444444444445,53,Male,Student,Store,West,0.6348671855518568,0.8032653093036903,0.6584191980868525,971,106,5,Beauty,463.67855203414626,513.7160654092345,463.67855203414626,498.32680731697,498.32680731697,0,33.26923076923077,33.26923076923077,1,Long Cycle,33.26923076923077,0.07014662867474053
CUST_000345,2023-01-03,2025-11-11,22,2969.6099999999997,134.98227272727271,0.12717727272727275,0.36363636363636365,147.38,55,Male,Family,Hybrid,South,0.5604601287976957,0.48361201505267043,0.3795857687963512,1093,50,6,Beauty,481.52030445525605,570.7290665608045,481.52030445525605,378.3554667547274,378.3554667547274,0,49.666666666666664,49.666666666666664,1,Short Cycle,49.666666666666664,0.4973036829443376
CUST_000346,2023-02-02,2025-11-28,29,3852.71,132.85206896551725,0.02969655172413793,0.13793103448275862,136.78862068965518,57,Male,Senior,Store,North,0.575410711603741,0.6228706484429231,0.897460560522667,1063,33,6,Beauty,481.52030445525605,570.7290665608045,481.52030445525605,438.11544047013047,438.11544047013047,0,36.785714285714285,36.785714285714285,1,Medium Cycle,36.785714285714285,0.53059264594027
CUST_000347,2023-03-16,2025-10-15,24,2895.37,120.64041666666667,0.05253333333333334,0.125,124.00999999999999,37,Male,Senior,Store,South,0.45808457610368974,0.6769349388379232,0.44669295934608344,1021,77,6,Beauty,481.52030445525605,570.7290665608045,481.52030445525605,438.11544047013047,438.11544047013047,0,41.04347826086956,41.04347826086956,1,Medium Cycle,41.04347826086956,0.23298255429651582
CUST_000348,2023-01-28,2025-12-24,26,3286.05,126.38653846153846,0.040819230769230774,0.15384615384615385,129.19615384615383,52,Male,Family,Online,North,0.6359207521355592,0.6316859988646558,0.548598108407692,1068,7,6,Beauty,481.52030445525605,570.7290665608045,481.52030445525605,438.11544047013047,438.11544047013047,0,42.44,42.44,1,Medium Cycle,42.44,0.7638021909833328
CUST_000349,2023-01-24,2025-12-23,19,2308.5299999999997,121.5015789473684,0.06673157894736842,0.21052631578947367,126.61421052631579,65,Female,High Net Worth,Hybrid,East,0.28788992277170683,0.47870749323218575,0.7125792754857603,1072,8,6,Beauty,481.52030445525605,570.7290665608045,481.52030445525605,438.11544047013047,438.11544047013047,0,59.111111111111114,59.111111111111114,1,Medium Cycle,59.111111111111114,0.8499773982553354
CUST_000350,2023-01-09,2025-12-17,24,3159.32,131.63833333333335,0.04365416666666667,0.16666666666666666,137.81583333333333,42,Female,Student,Online,West,0.5917073897565386,0.5391163591289774,0.4029282751771244,1087,14,6,Beauty,481.52030445525605,570.7290665608045,481.52030445525605,378.3554667547274,378.3554667547274,0,46.65217391304348,46.65217391304348,1,Short Cycle,46.65217391304348,0.7460337155467129
CUST_000351,2023-01-25,2025-11-26,16,2017.99,126.124375,0.06495625,0.25,134.500625,52,Female,Senior,Hybrid,North,0.2172671548522801,0.23140244497958493,0.15851983096139954,1071,35,6,Beauty,481.52030445525605,570.7290665608045,481.52030445525605,489.87898021966913,489.87898021966913,0,69.06666666666666,69.06666666666666,1,Long Cycle,69.06666666666666,0.7551357707754744
CUST_000352,2023-01-23,2025-02-03,7,852.53,121.78999999999999,0.08562857142857142,0.2857142857142857,132.0,42,Female,High Net Worth,Hybrid,South,0.17800895617839957,0.3400359004345804,0.9088447446756077,1073,331,5,Beauty,478.1590038829132,570.7290665608045,478.1590038829132,378.3554667547274,378.3554667547274,0,123.66666666666667,123.66666666666667,1,Short Cycle,123.66666666666667,1.3116505135024603e-05
CUST_000353,2023-02-01,2025-12-22,45,5665.32,125.89599999999999,0.06414444444444443,0.2222222222222222,131.608,46,Female,High Net Worth,Store,West,0.8681506131335458,0.710068752629599,0.43373130144755173,1064,9,6,Beauty,481.52030445525605,570.7290665608045,481.52030445525605,438.11544047013047,438.11544047013047,0,23.977272727272727,23.977272727272727,1,Medium Cycle,23.977272727272727,0.6193146849293398
CUST_000354,2023-03-03,2025-12-29,24,3702.33,154.26375,0.012637500000000001,0.041666666666666664,156.72875000000002,35,Male,Student,Online,East,0.277555820422343,0.7249185759973493,0.26460467474632743,1034,2,6,Beauty,481.52030445525605,570.7290665608045,481.52030445525605,438.11544047013047,438.11544047013047,0,44.869565217391305,44.869565217391305,1,Medium Cycle,44.869565217391305,0.807639234147745
CUST_000355,2023-01-11,2025-11-04,15,2054.91,136.994,0.12001333333333333,0.3333333333333333,151.91866666666667,63,Female,Student,Online,West,0.23102135414044367,0.4004898839782696,0.7061059541580701,1085,57,4,Beauty,469.2697385013329,570.7290665608045,469.2697385013329,378.3554667547274,378.3554667547274,0,73.42857142857143,73.42857142857143,1,Short Cycle,73.42857142857143,0.6304736750708153
CUST_000356,2023-01-17,2025-12-07,49,6528.43,133.23326530612246,0.041418367346938774,0.16326530612244897,135.66285714285715,35,Female,Senior,Online,North,0.920403115792557,0.4129077464565565,0.5709007469247122,1079,24,6,Beauty,481.52030445525605,570.7290665608045,481.52030445525605,378.3554667547274,378.3554667547274,0,21.979166666666668,21.979166666666668,1,Short Cycle,21.979166666666668,0.483658026357498
CUST_000357,2023-01-11,2025-12-14,35,3614.4,103.26857142857143,0.07591714285714285,0.3142857142857143,111.322,19,Female,Senior,Online,East,0.7670917391304015,0.22857707205797903,0.5618551999046077,1085,17,6,Beauty,481.52030445525605,570.7290665608045,481.52030445525605,378.3554667547274,378.3554667547274,0,31.41176470588235,31.41176470588235,1,Short Cycle,31.41176470588235,0.6149389069689334
CUST_000358,2023-01-01,2025-07-18,16,840.63,52.539375,0.10871875,0.375,57.635,71,Male,Senior,Online,South,0.38671919798082577,0.5267171427030604,0.6142059013621508,1095,166,6,Beauty,481.52030445525605,570.7290665608045,481.52030445525605,498.32680731697,498.32680731697,0,61.93333333333333,61.93333333333333,1,Long Cycle,61.93333333333333,0.017426114217093613
CUST_000359,2023-01-15,2025-12-28,50,6318.65,126.37299999999999,0.09761800000000001,0.38,134.74360000000001,52,Male,Student,Hybrid,East,0.968168193956265,0.06873356025373152,0.8349795893157105,1081,3,6,Beauty,481.52030445525605,570.7290665608045,481.52030445525605,378.3554667547274,378.3554667547274,0,22.0,22.0,1,Short Cycle,22.0,0.6499727186293349
CUST_000360,2023-03-21,2025-10-17,16,2338.21,146.138125,0.07627500000000001,0.25,151.483125,33,Male,Young Professional,Store,East,0.3533867846125684,0.22789087340361455,0.7115642136264932,1016,75,5,Beauty,478.1590038829132,570.7290665608045,478.1590038829132,378.3554667547274,378.3554667547274,0,62.733333333333334,62.733333333333334,1,Short Cycle,62.733333333333334,0.4017883985788535
CUST_000361,2023-01-01,2025-12-26,35,5484.63,156.70371428571428,0.011602857142857144,0.05714285714285714,158.18742857142857,58,Male,High Net Worth,Online,Central,0.7658363598070336,0.4565242999995196,0.26157774401512757,1095,5,5,Beauty,463.67855203414626,513.7160654092345,463.67855203414626,438.11544047013047,438.11544047013047,0,32.05882352941177,32.05882352941177,1,Medium Cycle,32.05882352941177,0.7083767254091592
CUST_000362,2023-01-02,2025-11-07,26,3339.86,128.45615384615385,0.10389615384615386,0.3076923076923077,138.73692307692306,53,Female,High Net Worth,Online,East,0.5813169993380412,0.4030627567648593,0.19281342437885196,1094,54,6,Beauty,481.52030445525605,570.7290665608045,481.52030445525605,378.3554667547274,378.3554667547274,0,41.6,41.6,1,Short Cycle,41.6,0.4007430658260065
CUST_000363,2023-01-08,2025-07-30,12,1531.69,127.64083333333333,0.08445000000000001,0.3333333333333333,133.2225,50,Female,Young Professional,Store,East,0.350560694308637,0.4233109821764695,0.813666591025872,1088,154,5,Beauty,478.1590038829132,570.7290665608045,478.1590038829132,378.3554667547274,378.3554667547274,0,84.9090909090909,84.9090909090909,1,Short Cycle,84.9090909090909,0.08062236272601098
CUST_000364,2023-01-30,2025-12-23,31,4082.87,131.70548387096773,0.11239354838709677,0.3225806451612903,144.55161290322582,21,Male,Student,Store,West,0.7386885069482529,0.35023353900833254,0.9896482761027338,1066,8,6,Beauty,481.52030445525605,570.7290665608045,481.52030445525605,513.7160654092345,513.7160654092345,0,35.266666666666666,35.266666666666666,1,Long Cycle,35.266666666666666,0.7098213775283942
CUST_000365,2023-05-12,2025-08-22,11,2078.86,188.98727272727274,0.03390909090909091,0.2727272727272727,192.83090909090907,50,Other,Young Professional,Store,South,0.15219830786242938,0.08575491155692508,0.6922989912122748,964,131,3,Beauty,475.4404093355899,498.32680731697,475.4404093355899,438.11544047013047,438.11544047013047,0,83.3,83.3,1,Medium Cycle,83.3,0.1667289627348566
CUST_000366,2023-01-26,2025-12-21,28,3730.62,133.23642857142858,0.10346071428571428,0.25,145.6092857142857,31,Female,Family,Hybrid,West,0.5902096988362532,0.6964547461506606,0.5491459384231968,1070,10,6,Beauty,481.52030445525605,570.7290665608045,481.52030445525605,378.3554667547274,378.3554667547274,0,39.25925925925926,39.25925925925926,1,Short Cycle,39.25925925925926,0.7234981154469742
CUST_000367,2023-02-13,2025-12-19,29,3512.7400000000002,121.12896551724138,0.0793103448275862,0.3103448275862069,129.31310344827585,38,Male,Student,Store,West,0.43780353797500143,0.28253908929906385,0.6440793341372169,1052,12,5,Beauty,463.67855203414626,513.7160654092345,463.67855203414626,378.3554667547274,378.3554667547274,0,37.142857142857146,37.142857142857146,1,Short Cycle,37.142857142857146,0.6949043103204074
CUST_000368,2023-01-04,2025-12-28,42,4905.1,116.78809523809525,0.06289523809523809,0.21428571428571427,122.68999999999998,65,Male,Young Professional,Hybrid,North,0.7402168860560522,0.412188223347464,0.6097090135175802,1092,3,6,Beauty,481.52030445525605,570.7290665608045,481.52030445525605,378.3554667547274,378.3554667547274,0,26.5609756097561,26.5609756097561,1,Short Cycle,26.5609756097561,0.6835773214078339
CUST_000369,2023-04-15,2025-11-30,18,1952.01,108.445,0.09765555555555555,0.2777777777777778,122.39055555555557,37,Male,Student,Hybrid,West,0.5174176698898393,0.7338583081024004,0.6224997284695982,991,31,6,Beauty,481.52030445525605,570.7290665608045,481.52030445525605,378.3554667547274,378.3554667547274,0,56.470588235294116,56.470588235294116,1,Short Cycle,56.470588235294116,0.6972283245340383
CUST_000370,2023-01-05,2025-12-20,24,3054.02,127.25083333333333,0.053,0.25,131.53416666666666,73,Male,Student,Online,Central,0.5844036644235476,0.5966647698584604,0.7147680851606444,1091,11,6,Beauty,481.52030445525605,570.7290665608045,481.52030445525605,570.7290665608045,570.7290665608045,0,46.95652173913044,46.95652173913044,1,Long Cycle,46.95652173913044,0.7670174457034842
CUST_000371,2023-07-21,2025-12-13,20,1818.47,90.9235,0.126375,0.35,101.4125,25,Male,Family,Hybrid,Central,0.6242161471201758,0.7546696382383538,0.5916671499461084,894,18,6,Beauty,481.52030445525605,570.7290665608045,481.52030445525605,489.87898021966913,489.87898021966913,0,46.10526315789474,46.10526315789474,1,Long Cycle,46.10526315789474,0.7156158685071412
CUST_000372,2023-01-04,2025-11-03,19,2382.13,125.37526315789474,0.08154210526315789,0.3157894736842105,130.23473684210526,24,Male,Young Professional,Online,North,0.3990087547245326,0.29536773437604047,0.4335083886922096,1092,58,5,Beauty,463.67855203414626,513.7160654092345,463.67855203414626,498.32680731697,498.32680731697,0,57.44444444444444,57.44444444444444,1,Long Cycle,57.44444444444444,0.4955061990633607
CUST_000373,2023-05-06,2025-09-01,8,406.75,50.84375,0.1700125,0.75,61.99625,20,Male,Family,Hybrid,South,0.5632401351531274,0.2967787488512366,0.7937052137677287,970,121,4,Beauty,470.06932992515027,513.7160654092345,470.06932992515027,498.32680731697,498.32680731697,0,121.28571428571429,121.28571428571429,1,Long Cycle,121.28571428571429,0.5023111335730244
CUST_000374,2023-01-03,2025-12-15,39,3423.0,87.76923076923077,0.06511282051282051,0.20512820512820512,93.74692307692308,34,Male,Senior,Online,South,0.9115863109552153,0.6616654555654181,0.49489538833057567,1093,16,6,Beauty,481.52030445525605,570.7290665608045,481.52030445525605,513.7160654092345,513.7160654092345,0,28.342105263157894,28.342105263157894,1,Long Cycle,28.342105263157894,0.5988031265185101
CUST_000375,2023-03-12,2025-12-12,17,1681.63,98.91941176470588,0.09974705882352941,0.35294117647058826,108.0164705882353,50,Female,High Net Worth,Hybrid,West,0.5456934048646637,0.38854423994770765,0.5644707532740048,1025,19,6,Beauty,481.52030445525605,570.7290665608045,481.52030445525605,378.3554667547274,378.3554667547274,0,62.875,62.875,1,Short Cycle,62.875,0.8131639431753322
CUST_000376,2023-01-08,2025-12-28,19,2881.2400000000002,151.6442105263158,0.05324736842105262,0.15789473684210525,158.29526315789474,65,Male,Senior,Hybrid,West,0.3998659042333558,0.23231093898488295,0.7753666771316613,1088,3,6,Beauty,481.52030445525605,570.7290665608045,481.52030445525605,438.11544047013047,438.11544047013047,0,60.27777777777778,60.27777777777778,1,Medium Cycle,60.27777777777778,0.8772548176917729
CUST_000377,2023-05-18,2025-12-25,29,2902.9900000000002,100.10310344827587,0.08483103448275861,0.27586206896551724,107.43793103448276,29,Female,Family,Hybrid,West,0.7360652438976234,0.7882995315942863,0.7997236194526031,958,6,6,Beauty,481.52030445525605,570.7290665608045,481.52030445525605,489.87898021966913,489.87898021966913,0,34.0,34.0,1,Long Cycle,34.0,0.7148915699248732
CUST_000378,2023-02-26,2025-12-17,22,1450.98,65.95363636363636,0.14006363636363636,0.5454545454545454,76.77545454545454,68,Male,Senior,Hybrid,South,0.3856525734648088,0.2609035303138351,0.8156964395084866,1039,14,6,Beauty,481.52030445525605,570.7290665608045,481.52030445525605,498.32680731697,498.32680731697,0,48.80952380952381,48.80952380952381,1,Long Cycle,48.80952380952381,0.7598446903262117
CUST_000379,2023-01-17,2025-12-08,40,5364.09,134.10225,0.1034025,0.425,148.901,39,Other,Family,Online,East,0.8755658272220762,0.38152706642506057,0.7364394418688389,1079,23,6,Beauty,481.52030445525605,570.7290665608045,481.52030445525605,438.11544047013047,438.11544047013047,0,27.076923076923077,27.076923076923077,1,Medium Cycle,27.076923076923077,0.532940762333558
CUST_000380,2023-04-19,2025-12-15,36,3157.1800000000003,87.69944444444445,0.09436388888888889,0.3333333333333333,94.89611111111111,72,Male,Student,Online,Central,0.8150883411773739,0.37646190992978923,0.7531039264161076,987,16,6,Beauty,481.52030445525605,570.7290665608045,481.52030445525605,378.3554667547274,378.3554667547274,0,27.742857142857144,27.742857142857144,1,Short Cycle,27.742857142857144,0.5940981978327876
CUST_000381,2023-03-11,2025-12-20,20,2132.1,106.60499999999999,0.0694,0.25,111.42850000000001,39,Male,Young Professional,Store,East,0.37405438526241414,0.5078714568462457,0.5143696530232452,1026,11,6,Beauty,481.52030445525605,570.7290665608045,481.52030445525605,489.87898021966913,489.87898021966913,0,53.421052631578945,53.421052631578945,1,Long Cycle,53.421052631578945,0.8051428351640735
CUST_000382,2023-03-10,2025-07-25,13,1667.73,128.28692307692307,0.06363076923076924,0.38461538461538464,138.98538461538462,63,Other,Student,Online,East,0.3704811808738051,0.2334313897781656,0.3406477543538233,1027,159,6,Beauty,481.52030445525605,570.7290665608045,481.52030445525605,438.11544047013047,438.11544047013047,0,72.33333333333333,72.33333333333333,1,Medium Cycle,72.33333333333333,0.039436225914188494
CUST_000383,2023-01-02,2025-12-18,30,3068.69,102.28966666666666,0.05509,0.2,108.705,47,Female,Family,Store,South,0.6702667206362294,0.06434650447923035,0.20001718984952033,1094,13,6,Beauty,481.52030445525605,570.7290665608045,481.52030445525605,378.3554667547274,378.3554667547274,0,37.275862068965516,37.275862068965516,1,Short Cycle,37.275862068965516,0.688718430574341
CUST_000384,2023-01-11,2025-09-18,47,4833.19,102.83382978723404,0.08813191489361702,0.3191489361702128,110.5204255319149,55,Female,High Net Worth,Online,East,0.851535974505375,0.4804977033831192,0.757412919973699,1085,104,6,Beauty,481.52030445525605,570.7290665608045,481.52030445525605,378.3554667547274,378.3554667547274,0,21.32608695652174,21.32608695652174,1,Short Cycle,21.32608695652174,0.046838890136199796
CUST_000385,2023-04-28,2025-11-10,27,3374.47,124.98037037037037,0.08211111111111112,0.2962962962962963,136.83555555555554,55,Male,Family,Hybrid,North,0.7208733936579604,0.4523831718465491,0.6644664294250043,978,51,6,Beauty,481.52030445525605,570.7290665608045,481.52030445525605,489.87898021966913,489.87898021966913,0,35.65384615384615,35.65384615384615,1,Long Cycle,35.65384615384615,0.37783915756187525
CUST_000386,2023-03-27,2025-12-08,21,2717.3599999999997,129.3980952380952,0.0344047619047619,0.19047619047619047,132.75523809523807,62,Male,Senior,Store,West,0.48473342364005595,0.13398326910543992,0.37813509081301466,1010,23,6,Beauty,481.52030445525605,570.7290665608045,481.52030445525605,378.3554667547274,378.3554667547274,0,49.35,49.35,1,Short Cycle,49.35,0.7034248763931522
CUST_000387,2023-04-17,2025-12-02,14,1927.46,137.6757142857143,0.09817142857142858,0.42857142857142855,153.88642857142855,68,Female,High Net Worth,Hybrid,North,0.49472398756249636,0.35349522004371664,0.6456351926045883,989,29,5,Beauty,475.08115226446023,570.7290665608045,475.08115226446023,378.3554667547274,378.3554667547274,0,73.84615384615384,73.84615384615384,1,Short Cycle,73.84615384615384,0.8184060192325016
CUST_000388,2023-02-21,2025-12-17,19,2011.62,105.87473684210526,0.04248947368421053,0.10526315789473684,108.65526315789472,71,Female,Young Professional,Online,Central,0.46578654285784205,0.13226117253630462,0.3642535070605003,1044,14,6,Beauty,481.52030445525605,570.7290665608045,481.52030445525605,378.3554667547274,378.3554667547274,0,57.22222222222222,57.22222222222222,1,Short Cycle,57.22222222222222,0.809588304703465
CUST_000389,2023-03-07,2025-12-12,24,2691.34,112.13916666666667,0.13194583333333335,0.4583333333333333,124.6425,25,Female,High Net Worth,Hybrid,West,0.5244108882654301,0.5441851820814604,0.8367733618831367,1030,19,6,Beauty,481.52030445525605,570.7290665608045,481.52030445525605,378.3554667547274,378.3554667547274,0,43.95652173913044,43.95652173913044,1,Short Cycle,43.95652173913044,0.6935794429376811
CUST_000390,2023-03-13,2025-09-11,14,1655.23,118.23071428571428,0.026085714285714285,0.14285714285714285,122.92928571428571,44,Female,Senior,Hybrid,East,0.3722394970446159,0.14540172766831969,0.0890108160265046,1024,111,5,Beauty,463.67855203414626,513.7160654092345,463.67855203414626,378.3554667547274,378.3554667547274,0,70.23076923076923,70.23076923076923,1,Short Cycle,70.23076923076923,0.20421973009035121
CUST_000391,2023-01-12,2025-12-28,50,6466.25,129.325,0.103598,0.34,143.5354,44,Male,Young Professional,Store,Central,0.9669419600261788,0.49321952378052586,0.49733089829339355,1084,3,6,Beauty,481.52030445525605,570.7290665608045,481.52030445525605,378.3554667547274,378.3554667547274,0,22.06122448979592,22.06122448979592,1,Short Cycle,22.06122448979592,0.6504324337694023
CUST_000392,2023-01-18,2025-12-12,18,1776.19,98.67722222222223,0.07001666666666667,0.3333333333333333,105.885,51,Female,Family,Store,West,0.7004473803055027,0.5476981929316983,0.9389349748762438,1078,19,6,Beauty,481.52030445525605,570.7290665608045,481.52030445525605,489.87898021966913,489.87898021966913,0,62.294117647058826,62.294117647058826,1,Long Cycle,62.294117647058826,0.8099841641240049
CUST_000393,2023-01-25,2025-12-22,28,3676.71,131.31107142857144,0.03355,0.17857142857142858,134.69107142857143,38,Male,Student,Hybrid,East,0.6443990439134487,0.3840450487611767,0.4129397198233805,1071,9,6,Beauty,481.52030445525605,570.7290665608045,481.52030445525605,489.87898021966913,489.87898021966913,0,39.333333333333336,39.333333333333336,1,Long Cycle,39.333333333333336,0.7307368905530205
CUST_000394,2023-01-10,2025-11-08,25,2670.2400000000002,106.8096,0.08615199999999999,0.4,111.7268,47,Male,Young Professional,Online,North,0.8014780363634179,0.7644114664288827,0.9313466869745883,1086,53,6,Beauty,481.52030445525605,570.7290665608045,481.52030445525605,498.32680731697,498.32680731697,0,43.041666666666664,43.041666666666664,1,Long Cycle,43.041666666666664,0.41999094609045395
CUST_000395,2023-01-06,2025-10-11,21,3205.44,152.64000000000001,0.049109523809523804,0.19047619047619047,159.8347619047619,50,Male,Senior,Store,West,0.15053643691871432,0.028356543339767674,0.2775809070697925,1090,81,5,Clothing,479.8485693023734,570.7290665608045,479.8485693023734,378.3554667547274,378.3554667547274,0,50.45,50.45,1,Short Cycle,50.45,0.2678144790751267
CUST_000396,2023-01-02,2025-11-21,27,2439.4,90.34814814814816,0.11406666666666666,0.3333333333333333,98.41407407407407,45,Female,Family,Online,East,0.7121935499406467,0.6129333588177248,0.46289181884082764,1094,40,6,Beauty,481.52030445525605,570.7290665608045,481.52030445525605,378.3554667547274,378.3554667547274,0,40.53846153846154,40.53846153846154,1,Short Cycle,40.53846153846154,0.5043555357197181
CUST_000397,2023-01-26,2025-12-24,43,5481.65,127.48023255813952,0.07533023255813953,0.2558139534883721,133.31232558139536,64,Male,Senior,Online,North,0.8094170358892551,0.4554531938323963,0.4967942408833045,1070,7,6,Beauty,481.52030445525605,570.7290665608045,481.52030445525605,438.11544047013047,438.11544047013047,0,25.30952380952381,25.30952380952381,1,Medium Cycle,25.30952380952381,0.6447730722719607
CUST_000398,2023-01-04,2025-09-24,12,1564.01,130.33416666666668,0.09649166666666666,0.25,137.32083333333335,50,Male,Young Professional,Online,Central,0.21050970220918436,0.6156841918856427,0.7687803680397531,1092,98,5,Beauty,475.08115226446023,570.7290665608045,475.08115226446023,378.3554667547274,378.3554667547274,0,90.36363636363636,90.36363636363636,1,Short Cycle,90.36363636363636,0.4384752890635605
CUST_000399,2023-02-26,2025-11-17,43,4410.96,102.58046511627907,0.06457906976744186,0.20930232558139536,108.79372093023257,22,Female,High Net Worth,Online,Central,0.7991901143121325,0.7396287573704484,0.560538475451956,1039,44,6,Beauty,481.52030445525605,570.7290665608045,481.52030445525605,513.7160654092345,513.7160654092345,0,23.69047619047619,23.69047619047619,1,Long Cycle,23.69047619047619,0.3402434094132215
CUST_000400,2023-02-26,2025-12-20,38,5656.99,148.86815789473684,0.06810263157894736,0.18421052631578946,154.0771052631579,65,Male,High Net Worth,Online,Central,0.6986865938509363,0.38531203121149604,0.2827490119374223,1039,11,6,Beauty,481.52030445525605,570.7290665608045,481.52030445525605,438.11544047013047,438.11544047013047,0,27.783783783783782,27.783783783783782,1,Medium Cycle,27.783783783783782,0.6331886391087834
CUST_000401,2023-01-06,2025-09-20,30,2982.02,99.40066666666667,0.08430333333333334,0.3333333333333333,107.16799999999999,36,Female,High Net Worth,Online,Central,0.500117043279497,0.37138684872966216,0.895507595026642,1090,102,6,Beauty,481.52030445525605,570.7290665608045,481.52030445525605,489.87898021966913,489.87898021966913,0,34.06896551724138,34.06896551724138,1,Long Cycle,34.06896551724138,0.08419744067694379
CUST_000402,2023-01-22,2025-12-14,16,2122.85,132.678125,0.14768125,0.375,142.77125,21,Male,Student,Hybrid,South,0.4430363988822813,0.721839647523239,0.6486489861629939,1074,17,6,Beauty,481.52030445525605,570.7290665608045,481.52030445525605,378.3554667547274,378.3554667547274,0,70.46666666666667,70.46666666666667,1,Short Cycle,70.46666666666667,0.8608393364232345
CUST_000403,2023-07-01,2025-11-08,18,1282.58,71.25444444444445,0.0579611111111111,0.2222222222222222,74.40388888888889,52,Female,Young Professional,Store,West,0.2634849229918877,0.2664596847936061,0.6676464140873716,914,53,6,Beauty,481.52030445525605,570.7290665608045,481.52030445525605,489.87898021966913,489.87898021966913,0,50.64705882352941,50.64705882352941,1,Long Cycle,50.64705882352941,0.4809742465422223
CUST_000404,2023-01-27,2025-12-15,21,2728.57,129.93190476190478,0.12084761904761904,0.5238095238095238,140.37428571428572,66,Female,Student,Hybrid,West,0.10545453413887505,0.5369024418872193,0.5675166085262573,1069,16,6,Beauty,481.52030445525605,570.7290665608045,481.52030445525605,438.11544047013047,438.11544047013047,0,52.65,52.65,1,Medium Cycle,52.65,0.7712957343021434
CUST_000405,2023-03-16,2025-11-10,35,3450.6,98.58857142857143,0.12146,0.4,110.91742857142856,34,Male,Young Professional,Store,South,0.7612077266481396,0.4799493722226591,0.7122833984901299,1021,51,6,Beauty,481.52030445525605,570.7290665608045,481.52030445525605,378.3554667547274,378.3554667547274,0,28.529411764705884,28.529411764705884,1,Short Cycle,28.529411764705884,0.3243327173601943
CUST_000406,2023-02-05,2025-11-25,12,928.84,77.40333333333334,0.13230833333333333,0.4166666666666667,85.91416666666667,61,Male,Young Professional,Online,East,0.23085740617040065,0.6976536802817793,0.13528706687778574,1060,36,5,Beauty,475.08115226446023,570.7290665608045,475.08115226446023,498.32680731697,498.32680731697,0,93.0909090909091,93.0909090909091,1,Long Cycle,93.0909090909091,0.876483023293029
CUST_000407,2023-01-12,2025-11-06,19,2391.31,125.85842105263157,0.04743157894736842,0.21052631578947367,131.88210526315788,45,Male,Family,Store,East,0.3222592763923667,0.09564117619107464,0.709581063877865,1084,55,6,Beauty,481.52030445525605,570.7290665608045,481.52030445525605,378.3554667547274,378.3554667547274,0,57.166666666666664,57.166666666666664,1,Short Cycle,57.166666666666664,0.5175205583620681
CUST_000408,2023-02-20,2025-11-23,50,5171.8099999999995,103.43619999999999,0.126328,0.5,116.2594,47,Male,Family,Store,Central,0.9352026417529582,0.08933540606334862,0.8240186154101276,1045,38,6,Beauty,481.52030445525605,570.7290665608045,481.52030445525605,378.3554667547274,378.3554667547274,0,20.551020408163264,20.551020408163264,1,Short Cycle,20.551020408163264,0.36174510100612034
CUST_000409,2023-01-04,2025-12-29,27,2977.02,110.26,0.17123333333333335,0.5555555555555556,127.04740740740739,46,Other,Student,Online,North,0.6253538846791761,0.29400259064297724,0.5344546930958123,1092,2,6,Beauty,481.52030445525605,570.7290665608045,481.52030445525605,378.3554667547274,378.3554667547274,0,41.92307692307692,41.92307692307692,1,Short Cycle,41.92307692307692,0.7908822368288636
CUST_000410,2023-01-13,2025-10-08,13,2411.54,185.50307692307692,0.014446153846153846,0.07692307692307693,186.04384615384618,63,Male,Senior,Store,East,0.580247954858926,0.38022784591371733,0.42213561159218455,1083,84,4,Beauty,455.01648821344037,513.7160654092345,455.01648821344037,438.11544047013047,438.11544047013047,0,83.25,83.25,1,Medium Cycle,83.25,0.4939334742577781
CUST_000411,2023-03-02,2025-11-01,21,2663.39,126.82809523809523,0.08935714285714286,0.23809523809523808,134.35904761904763,70,Female,Family,Online,North,0.4642692601383799,0.4669265471340992,0.5326911112869677,1035,60,5,Beauty,478.1590038829132,570.7290665608045,478.1590038829132,378.3554667547274,378.3554667547274,0,48.75,48.75,1,Short Cycle,48.75,0.4097816590458453
CUST_000412,2023-01-19,2025-12-27,33,3977.25,120.52272727272727,0.08466969696969696,0.2727272727272727,132.34848484848484,23,Male,Family,Store,West,0.7652095375086789,0.20643094738900566,0.29427130923715233,1077,4,6,Beauty,481.52030445525605,570.7290665608045,481.52030445525605,378.3554667547274,378.3554667547274,0,33.53125,33.53125,1,Short Cycle,33.53125,0.7253401987981738
CUST_000413,2023-01-11,2025-09-16,18,1773.17,98.50944444444445,0.06363333333333333,0.2777777777777778,101.47333333333333,52,Female,High Net Worth,Store,North,0.222671159561585,0.06527527456301091,0.3957625868207748,1085,106,5,Beauty,463.67855203414626,513.7160654092345,463.67855203414626,378.3554667547274,378.3554667547274,0,57.588235294117645,57.588235294117645,1,Short Cycle,57.588235294117645,0.16314746100146227
CUST_000414,2023-01-22,2025-11-25,20,2004.73,100.2365,0.10330500000000001,0.3,115.6345,58,Female,Family,Online,West,0.6247588463724525,0.8715325820889366,0.6930608654426349,1074,36,6,Beauty,481.52030445525605,570.7290665608045,481.52030445525605,378.3554667547274,378.3554667547274,0,54.63157894736842,54.63157894736842,1,Short Cycle,54.63157894736842,0.6472017407798212
CUST_000415,2023-03-02,2025-10-16,16,2084.05,130.253125,0.1258,0.4375,147.550625,54,Female,Family,Online,South,0.21172765719067868,0.2883676549930523,0.4876862964715903,1035,76,6,Beauty,481.52030445525605,570.7290665608045,481.52030445525605,489.87898021966913,489.87898021966913,0,63.93333333333333,63.93333333333333,1,Long Cycle,63.93333333333333,0.4033577138372201
CUST_000416,2023-01-12,2025-12-29,50,6218.4,124.368,0.104666,0.3,136.64600000000002,41,Male,Young Professional,Hybrid,South,0.9122408088813,0.6562804336872239,0.867885935622947,1084,2,6,Beauty,481.52030445525605,570.7290665608045,481.52030445525605,438.11544047013047,438.11544047013047,0,22.081632653061224,22.081632653061224,1,Medium Cycle,22.081632653061224,0.6580614284842582
CUST_000417,2023-01-11,2025-09-13,25,3218.76,128.7504,0.044804,0.2,131.74,46,Male,Student,Store,Central,0.5989903126857778,0.19628957702508668,0.4403901333383064,1085,109,6,Beauty,481.52030445525605,570.7290665608045,481.52030445525605,378.3554667547274,378.3554667547274,0,40.666666666666664,40.666666666666664,1,Short Cycle,40.666666666666664,0.08294419628296446
CUST_000418,2023-02-21,2025-10-21,21,1623.1299999999999,77.29190476190476,0.09469047619047619,0.3333333333333333,82.62095238095237,66,Male,Senior,Online,East,0.2565761497463197,0.3531804140357656,0.4691403257595594,1044,71,6,Beauty,481.52030445525605,570.7290665608045,481.52030445525605,378.3554667547274,378.3554667547274,0,48.65,48.65,1,Short Cycle,48.65,0.32521247905229955
CUST_000419,2023-02-04,2025-11-26,18,1972.59,109.58833333333332,0.04563888888888889,0.16666666666666666,113.28388888888888,63,Female,Young Professional,Hybrid,Central,0.48761575401958424,0.14625118372774,0.4084273137929395,1061,35,6,Beauty,481.52030445525605,570.7290665608045,481.52030445525605,378.3554667547274,378.3554667547274,0,60.35294117647059,60.35294117647059,1,Short Cycle,60.35294117647059,0.6963949751713553
CUST_000420,2023-02-08,2025-12-30,22,2497.95,113.54318181818181,0.09233181818181818,0.2727272727272727,119.74909090909091,70,Female,Young Professional,Online,West,0.7082511041922083,0.8017723210152761,0.894280188891897,1057,1,5,Beauty,463.67855203414626,513.7160654092345,463.67855203414626,378.3554667547274,378.3554667547274,0,50.285714285714285,50.285714285714285,1,Short Cycle,50.285714285714285,0.8411812253269553
CUST_000421,2023-03-24,2025-11-17,24,2828.2,117.84166666666665,0.036441666666666664,0.16666666666666666,119.69208333333334,48,Other,Senior,Store,Central,0.3966884600173777,0.2695367369594555,0.5261029593411026,1013,44,6,Beauty,481.52030445525605,570.7290665608045,481.52030445525605,498.32680731697,498.32680731697,0,42.130434782608695,42.130434782608695,1,Long Cycle,42.130434782608695,0.4848806842415314
CUST_000422,2023-01-16,2025-12-16,18,2257.77,125.43166666666667,0.04691111111111111,0.2222222222222222,127.88888888888889,52,Male,Senior,Hybrid,North,0.391687409687136,0.11551069084293876,0.5341439523206815,1080,15,6,Beauty,481.52030445525605,570.7290665608045,481.52030445525605,378.3554667547274,378.3554667547274,0,62.64705882352941,62.64705882352941,1,Short Cycle,62.64705882352941,0.8330026325503288
CUST_000423,2023-01-11,2025-12-10,41,4761.41,116.13195121951219,0.08007073170731707,0.21951219512195122,126.51975609756099,50,Female,Family,Online,West,0.73975776304816,0.7154163859193058,0.14756984457031247,1085,21,6,Beauty,481.52030445525605,570.7290665608045,481.52030445525605,378.3554667547274,378.3554667547274,0,26.6,26.6,1,Short Cycle,26.6,0.5452013220689405
CUST_000424,2023-05-10,2025-11-09,17,1948.54,114.62,0.11144705882352941,0.4117647058823529,133.46764705882353,69,Female,High Net Worth,Online,South,0.4620681092659789,0.28874845928829784,0.28691340740510685,966,52,5,Beauty,475.08115226446023,570.7290665608045,475.08115226446023,378.3554667547274,378.3554667547274,0,57.125,57.125,1,Short Cycle,57.125,0.5413817010883588
CUST_000425,2023-01-22,2025-12-09,44,5225.62,118.76409090909091,0.07771363636363636,0.2727272727272727,124.42636363636365,38,Male,Young Professional,Online,East,0.7895308972360946,0.7087084264690166,0.323256318703399,1074,22,6,Beauty,481.52030445525605,570.7290665608045,481.52030445525605,378.3554667547274,378.3554667547274,0,24.46511627906977,24.46511627906977,1,Short Cycle,24.46511627906977,0.519932057271114
CUST_000426,2023-05-08,2025-12-21,16,1493.62,93.35125,0.096275,0.3125,101.015,49,Male,Family,Online,West,0.5270284231812858,0.5776400996409147,0.7355877453926076,968,10,5,Beauty,463.67855203414626,513.7160654092345,463.67855203414626,489.87898021966913,489.87898021966913,0,63.86666666666667,63.86666666666667,1,Long Cycle,63.86666666666667,0.8626292685167779
CUST_000427,2023-01-05,2025-11-19,28,3392.38,121.15642857142858,0.08035714285714286,0.32142857142857145,128.12571428571428,40,Female,High Net Worth,Online,West,0.7020841105721238,0.48232085818834264,0.7226773465729631,1091,42,6,Beauty,481.52030445525605,570.7290665608045,481.52030445525605,378.3554667547274,378.3554667547274,0,38.851851851851855,38.851851851851855,1,Short Cycle,38.851851851851855,0.47455187233346796
CUST_000428,2023-02-14,2025-12-19,40,4207.71,105.19275,0.0895325,0.275,116.8075,50,Female,Family,Store,North,0.8280074065043259,0.5308535582502921,0.505349742343512,1051,12,6,Beauty,481.52030445525605,570.7290665608045,481.52030445525605,513.7160654092345,513.7160654092345,0,26.641025641025642,26.641025641025642,1,Long Cycle,26.641025641025642,0.616714677956006
CUST_000429,2023-01-30,2025-12-15,49,5595.87,114.20142857142856,0.06322857142857144,0.22448979591836735,118.89714285714285,20,Female,Senior,Online,East,0.8197245098137107,0.2718572586319868,0.6626356422502087,1066,16,6,Beauty,481.52030445525605,570.7290665608045,481.52030445525605,513.7160654092345,513.7160654092345,0,21.875,21.875,1,Long Cycle,21.875,0.54741079586289
CUST_000430,2023-02-06,2025-10-31,13,1622.37,124.7976923076923,0.024707692307692312,0.15384615384615385,126.43076923076923,35,Male,Family,Store,South,0.23720136676327797,0.27099391203169576,0.31627891950480774,1059,61,6,Beauty,481.52030445525605,570.7290665608045,481.52030445525605,378.3554667547274,378.3554667547274,0,83.16666666666667,83.16666666666667,1,Short Cycle,83.16666666666667,0.6734481298419561
CUST_000431,2023-02-28,2025-10-10,18,1643.87,91.3261111111111,0.12859444444444443,0.3888888888888889,105.095,42,Female,Family,Hybrid,West,0.6465377660628753,0.41576519353957225,0.906585716891599,1037,82,6,Beauty,481.52030445525605,570.7290665608045,481.52030445525605,378.3554667547274,378.3554667547274,0,56.1764705882353,56.1764705882353,1,Short Cycle,56.1764705882353,0.3002777972730051
CUST_000432,2023-01-20,2025-11-28,50,5028.06,100.56120000000001,0.144466,0.5,113.3624,59,Male,High Net Worth,Hybrid,West,0.8719860670057284,0.6045458729799676,0.8039622074316406,1076,33,6,Beauty,481.52030445525605,570.7290665608045,481.52030445525605,378.3554667547274,378.3554667547274,0,21.285714285714285,21.285714285714285,1,Short Cycle,21.285714285714285,0.40612647315082673
CUST_000433,2023-02-05,2025-12-20,32,2097.4700000000003,65.54593750000001,0.11745625,0.40625,74.2265625,48,Male,Family,Store,North,0.7471181642497252,0.40532748146777947,0.7921730617049711,1060,11,6,Beauty,481.52030445525605,570.7290665608045,481.52030445525605,489.87898021966913,489.87898021966913,0,33.83870967741935,33.83870967741935,1,Long Cycle,33.83870967741935,0.6783468670448088
CUST_000434,2023-03-30,2025-11-02,20,2596.57,129.82850000000002,0.07146,0.35,138.69549999999998,71,Male,High Net Worth,Online,Central,0.5059721637939079,0.06282710114620972,0.8203907159107713,1007,59,5,Clothing,479.8485693023734,570.7290665608045,479.8485693023734,513.7160654092345,513.7160654092345,0,49.89473684210526,49.89473684210526,1,Long Cycle,49.89473684210526,0.42676368069223236
CUST_000435,2023-03-02,2025-12-24,28,3394.23,121.2225,0.07358571428571428,0.21428571428571427,127.14607142857143,20,Female,Young Professional,Store,South,0.7548628061052428,0.5069388631897489,0.343162547909747,1035,7,5,Beauty,478.1590038829132,570.7290665608045,478.1590038829132,378.3554667547274,378.3554667547274,0,38.074074074074076,38.074074074074076,1,Short Cycle,38.074074074074076,0.7356731622082096
CUST_000436,2023-01-30,2025-12-05,50,5327.14,106.5428,0.08113,0.3,112.33959999999999,57,Female,Young Professional,Store,East,0.900619070441033,0.33930945213435837,0.6488841391293589,1066,26,6,Beauty,481.52030445525605,570.7290665608045,481.52030445525605,489.87898021966913,489.87898021966913,0,21.224489795918366,21.224489795918366,1,Long Cycle,21.224489795918366,0.4614311157798069
CUST_000437,2023-01-24,2025-12-23,28,3532.33,126.15464285714286,0.1289142857142857,0.32142857142857145,137.68607142857144,63,Female,Young Professional,Store,West,0.6975276792074177,0.41291134748007186,0.8057799521608625,1072,8,5,Beauty,463.67855203414626,513.7160654092345,463.67855203414626,378.3554667547274,378.3554667547274,0,39.407407407407405,39.407407407407405,1,Short Cycle,39.407407407407405,0.7378793564115305
CUST_000438,2023-01-28,2025-11-23,24,2973.8900000000003,123.91208333333334,0.06655833333333333,0.25,132.51666666666668,41,Male,Senior,Online,West,0.7202469105918565,0.36093308329818463,0.6251732398843091,1068,38,6,Beauty,481.52030445525605,570.7290665608045,481.52030445525605,438.11544047013047,438.11544047013047,0,44.78260869565217,44.78260869565217,1,Medium Cycle,44.78260869565217,0.5546921537748288
CUST_000439,2023-02-13,2025-06-07,23,2775.34,120.66695652173914,0.04078695652173913,0.17391304347826086,124.99173913043478,67,Female,Family,Hybrid,South,0.5999233564393067,0.34831429865830765,0.17263929322710228,1052,207,6,Beauty,481.52030445525605,570.7290665608045,481.52030445525605,498.32680731697,498.32680731697,0,38.40909090909091,38.40909090909091,1,Long Cycle,38.40909090909091,0.00031498211580072155
CUST_000440,2023-06-27,2025-12-14,19,1876.96,98.78736842105263,0.033805263157894734,0.10526315789473684,100.48789473684211,49,Male,High Net Worth,Store,Central,0.1708828455164954,0.39702055082756293,0.4343306505703606,918,17,5,Beauty,463.67855203414626,513.7160654092345,463.67855203414626,378.3554667547274,378.3554667547274,0,50.05555555555556,50.05555555555556,1,Short Cycle,50.05555555555556,0.7486473850739721
CUST_000441,2023-01-07,2025-11-27,29,2488.81,85.82103448275862,0.1660655172413793,0.3793103448275862,99.89482758620689,64,Female,Family,Online,West,0.6495748067395664,0.6235024044724663,0.49312162815421023,1089,34,6,Beauty,481.52030445525605,570.7290665608045,481.52030445525605,378.3554667547274,378.3554667547274,0,37.67857142857143,37.67857142857143,1,Short Cycle,37.67857142857143,0.529728444133243
CUST_000442,2023-01-29,2025-12-21,18,2153.94,119.66333333333334,0.05930555555555555,0.2777777777777778,125.34333333333332,39,Male,High Net Worth,Online,South,0.23380389527881604,0.16742037017555247,0.349565387870675,1067,10,6,Beauty,481.52030445525605,570.7290665608045,481.52030445525605,378.3554667547274,378.3554667547274,0,62.1764705882353,62.1764705882353,1,Short Cycle,62.1764705882353,0.8549581096925689
CUST_000443,2023-02-12,2025-11-22,28,3846.7799999999997,137.385,0.023928571428571428,0.14285714285714285,139.46964285714287,40,Male,Young Professional,Store,North,0.6674191148943001,0.3259859262818034,0.4424773379708931,1053,39,6,Beauty,481.52030445525605,570.7290665608045,481.52030445525605,378.3554667547274,378.3554667547274,0,37.55555555555556,37.55555555555556,1,Short Cycle,37.55555555555556,0.48831754064485533
CUST_000444,2023-02-27,2025-10-29,9,1230.71,136.74555555555557,0.10655555555555556,0.4444444444444444,145.81555555555556,19,Male,High Net Worth,Hybrid,Central,0.14791033038359003,0.14393001053784435,0.6133567618418182,1038,63,6,Beauty,481.52030445525605,570.7290665608045,481.52030445525605,438.11544047013047,438.11544047013047,0,121.875,121.875,1,Medium Cycle,121.875,0.8837137200372072
CUST_000445,2023-04-05,2025-10-12,12,1325.93,110.49416666666667,0.11817499999999999,0.3333333333333333,120.74249999999999,44,Male,Student,Store,East,0.22079846189084398,0.34761386970382396,0.6959130158662277,1001,80,6,Beauty,481.52030445525605,570.7290665608045,481.52030445525605,378.3554667547274,378.3554667547274,0,83.72727272727273,83.72727272727273,1,Short Cycle,83.72727272727273,0.5301212807410121
CUST_000446,2023-07-31,2025-12-03,20,2428.78,121.43900000000001,0.11440999999999998,0.4,132.597,59,Female,Student,Hybrid,West,0.461186889939961,0.4101142052925852,0.8702792092628008,884,28,6,Beauty,481.52030445525605,570.7290665608045,481.52030445525605,378.3554667547274,378.3554667547274,0,45.05263157894737,45.05263157894737,1,Short Cycle,45.05263157894737,0.6352390882115844
CUST_000447,2023-01-20,2025-12-23,25,3016.11,120.6444,0.063804,0.28,129.7964,19,Female,Student,Online,South,0.4089806833374404,0.190265033053136,0.3174640556622867,1076,8,5,Beauty,463.67855203414626,513.7160654092345,463.67855203414626,438.11544047013047,438.11544047013047,0,44.5,44.5,1,Medium Cycle,44.5,0.7703740926862043
CUST_000448,2023-01-07,2025-11-04,33,3746.73,113.53727272727272,0.1044030303030303,0.36363636363636365,122.60484848484849,43,Male,Student,Store,North,0.770360237808928,0.46699364030105533,0.7048873463916471,1089,57,6,Beauty,481.52030445525605,570.7290665608045,481.52030445525605,378.3554667547274,378.3554667547274,0,32.25,32.25,1,Short Cycle,32.25,0.3078919133682505
CUST_000449,2023-01-23,2025-11-16,29,3378.73,116.50793103448277,0.11515862068965517,0.3793103448275862,128.30862068965516,34,Female,Senior,Store,East,0.658313120660829,0.4803039359920665,0.5032167056785933,1073,45,6,Beauty,481.52030445525605,570.7290665608045,481.52030445525605,489.87898021966913,489.87898021966913,0,36.714285714285715,36.714285714285715,1,Long Cycle,36.714285714285715,0.43329070738457665
CUST_000450,2023-01-31,2025-08-31,18,2295.4,127.52222222222223,0.0997,0.3333333333333333,139.8,57,Male,Young Professional,Online,South,0.36030291965957656,0.2248672755606171,0.3032645737835016,1065,122,5,Beauty,463.67855203414626,513.7160654092345,463.67855203414626,378.3554667547274,378.3554667547274,0,55.470588235294116,55.470588235294116,1,Short Cycle,55.470588235294116,0.08867487439357502
CUST_000451,2023-02-12,2025-02-02,8,842.1999999999999,105.27499999999999,0.10452499999999999,0.25,111.12375,50,Female,Young Professional,Online,South,0.3606814453669037,0.3930434452630329,0.7983895333812693,1053,332,4,Beauty,451.16917369037424,498.32680731697,451.16917369037424,378.3554667547274,378.3554667547274,0,103.0,103.0,1,Short Cycle,103.0,1.7149550514128364e-06
CUST_000452,2023-03-13,2025-12-25,14,1201.55,85.825,0.12279285714285715,0.42857142857142855,95.0792857142857,26,Female,High Net Worth,Hybrid,East,0.5486844609751786,0.07216911387406041,0.7525599401032617,1024,6,6,Beauty,481.52030445525605,570.7290665608045,481.52030445525605,378.3554667547274,378.3554667547274,0,78.3076923076923,78.3076923076923,1,Short Cycle,78.3076923076923,0.9286924020576411
CUST_000453,2023-01-02,2025-12-28,24,4111.65,171.31875,0.02122083333333333,0.125,173.26999999999998,60,Female,Senior,Online,North,0.4515712335416968,0.1954360518460891,0.8236719706841957,1094,3,6,Beauty,481.52030445525605,570.7290665608045,481.52030445525605,438.11544047013047,438.11544047013047,0,47.43478260869565,47.43478260869565,1,Medium Cycle,47.43478260869565,0.8161968629150378
CUST_000454,2023-02-11,2025-11-12,19,1563.03,82.26473684210526,0.0984157894736842,0.3157894736842105,86.87578947368421,71,Male,Student,Store,North,0.6534526653537747,0.28936300001456283,0.5709616064680427,1054,49,6,Beauty,481.52030445525605,570.7290665608045,481.52030445525605,378.3554667547274,378.3554667547274,0,55.833333333333336,55.833333333333336,1,Short Cycle,55.833333333333336,0.5550985753356882
CUST_000455,2023-03-22,2025-12-30,28,3795.63,135.55821428571429,0.09170714285714286,0.17857142857142858,143.0339285714286,65,Female,Family,Online,Central,0.6290270989613478,0.272452916633381,0.5376719669558099,1015,1,6,Beauty,481.52030445525605,570.7290665608045,481.52030445525605,378.3554667547274,378.3554667547274,0,37.55555555555556,37.55555555555556,1,Short Cycle,37.55555555555556,0.7707156837952216
CUST_000456,2023-01-10,2025-11-27,43,4634.48,107.77860465116278,0.035437209302325585,0.16279069767441862,110.82720930232557,56,Female,Young Professional,Online,West,0.7730557147512704,0.10540285364652376,0.19934233029685908,1086,34,6,Beauty,481.52030445525605,570.7290665608045,481.52030445525605,378.3554667547274,378.3554667547274,0,25.047619047619047,25.047619047619047,1,Short Cycle,25.047619047619047,0.4279797958572874
CUST_000457,2023-01-30,2025-10-11,26,3793.42,145.90076923076924,0.061276923076923076,0.23076923076923078,150.90653846153847,46,Male,Young Professional,Online,East,0.6217074376643682,0.15071212168161088,0.3277495653073831,1066,81,6,Beauty,481.52030445525605,570.7290665608045,481.52030445525605,438.11544047013047,438.11544047013047,0,39.4,39.4,1,Medium Cycle,39.4,0.19947785421863407
CUST_000458,2023-01-26,2025-10-24,13,1804.08,138.7753846153846,0.08646923076923077,0.3076923076923077,155.77846153846153,59,Male,Senior,Hybrid,East,0.5003342550092518,0.3111481873662693,0.7279449054979398,1070,68,6,Beauty,481.52030445525605,570.7290665608045,481.52030445525605,438.11544047013047,438.11544047013047,0,83.5,83.5,1,Medium Cycle,83.5,0.6233459186229796
CUST_000459,2023-01-20,2025-09-19,23,2305.01,100.21782608695653,0.13778260869565218,0.391304347826087,114.9704347826087,72,Female,Family,Hybrid,East,0.35253912679595456,0.6554084915365388,0.6768084202400554,1076,103,6,Beauty,481.52030445525605,570.7290665608045,481.52030445525605,489.87898021966913,489.87898021966913,0,44.22727272727273,44.22727272727273,1,Long Cycle,44.22727272727273,0.11669248484785744
CUST_000460,2023-02-18,2025-12-21,41,5726.83,139.6787804878049,0.08743658536585365,0.3170731707317073,153.77658536585366,43,Female,Young Professional,Hybrid,North,0.8475351793576419,0.5885186683233075,0.46144146279633264,1047,10,6,Beauty,481.52030445525605,570.7290665608045,481.52030445525605,438.11544047013047,438.11544047013047,0,25.925,25.925,1,Medium Cycle,25.925,0.626613625023551
CUST_000461,2023-04-27,2025-10-10,24,2071.56,86.315,0.08623750000000001,0.2916666666666667,93.33166666666666,52,Female,Family,Store,West,0.5560833172059099,0.3782436314956905,0.7249659190201689,979,82,6,Beauty,481.52030445525605,570.7290665608045,481.52030445525605,489.87898021966913,489.87898021966913,0,39.0,39.0,1,Long Cycle,39.0,0.1916384593474636
CUST_000462,2023-02-21,2025-12-03,24,3230.55,134.60625000000002,0.07963333333333333,0.2916666666666667,139.90916666666666,67,Female,Young Professional,Online,Central,0.6218691660934836,0.5187558633827131,0.564288814762042,1044,28,6,Beauty,481.52030445525605,570.7290665608045,481.52030445525605,438.11544047013047,438.11544047013047,0,44.17391304347826,44.17391304347826,1,Medium Cycle,44.17391304347826,0.6285232456745007
CUST_000463,2023-01-01,2025-10-21,22,2466.76,112.12545454545456,0.1339090909090909,0.45454545454545453,128.99772727272727,42,Female,Senior,Store,South,0.4391135187424357,0.6589860610057984,0.7287089155687232,1095,71,6,Beauty,481.52030445525605,570.7290665608045,481.52030445525605,438.11544047013047,438.11544047013047,0,48.76190476190476,48.76190476190476,1,Medium Cycle,48.76190476190476,0.3260297623421672
CUST_000464,2023-02-05,2025-11-13,18,2542.7,141.2611111111111,0.013727777777777776,0.05555555555555555,145.02499999999998,41,Male,Family,Store,South,0.41496267206048515,0.14303434983163074,0.28595548994808223,1060,48,5,Beauty,478.1590038829132,570.7290665608045,478.1590038829132,378.3554667547274,378.3554667547274,0,59.529411764705884,59.529411764705884,1,Short Cycle,59.529411764705884,0.5924190293170799
CUST_000465,2023-01-21,2025-07-01,19,2060.96,108.47157894736843,0.11706315789473686,0.3684210526315789,117.70894736842104,30,Male,Student,Hybrid,East,0.31542878854667433,0.7153252145251617,0.9370471541147831,1075,183,6,Beauty,481.52030445525605,570.7290665608045,481.52030445525605,378.3554667547274,378.3554667547274,0,49.55555555555556,49.55555555555556,1,Short Cycle,49.55555555555556,0.003407626115495388
CUST_000466,2023-01-29,2025-12-20,29,3353.53,115.63896551724139,0.050675862068965516,0.20689655172413793,119.63,24,Male,Family,Online,West,0.5013337378901187,0.5822079397366129,0.3307035814570784,1067,11,6,Beauty,481.52030445525605,570.7290665608045,481.52030445525605,489.87898021966913,489.87898021966913,0,37.714285714285715,37.714285714285715,1,Long Cycle,37.714285714285715,0.705974593996038
CUST_000467,2023-01-10,2025-10-13,19,2082.12,109.58526315789473,0.039621052631578946,0.15789473684210525,114.73210526315789,74,Female,Family,Store,North,0.32577080065241804,0.5997322663716073,0.46703523577161277,1086,79,6,Beauty,481.52030445525605,570.7290665608045,481.52030445525605,498.32680731697,498.32680731697,0,55.94444444444444,55.94444444444444,1,Long Cycle,55.94444444444444,0.32007901489275015
CUST_000468,2023-01-04,2025-10-02,14,1498.33,107.02357142857143,0.11835714285714286,0.42857142857142855,117.10428571428572,53,Male,Young Professional,Online,West,0.36499703951365375,0.14819121090659235,0.3416745034877919,1092,90,6,Beauty,481.52030445525605,570.7290665608045,481.52030445525605,438.11544047013047,438.11544047013047,0,77.07692307692308,77.07692307692308,1,Medium Cycle,77.07692307692308,0.3966490713739206
CUST_000469,2023-01-03,2025-07-04,24,2724.64,113.52666666666666,0.061637500000000005,0.16666666666666666,118.09250000000002,62,Female,Young Professional,Online,West,0.6824608801194373,0.28003485907534553,0.4362077749291871,1093,180,6,Beauty,481.52030445525605,570.7290665608045,481.52030445525605,378.3554667547274,378.3554667547274,0,39.69565217391305,39.69565217391305,1,Short Cycle,39.69565217391305,0.0022217444819015997
CUST_000470,2023-01-11,2025-11-10,14,1253.2,89.51428571428572,0.12122142857142856,0.35714285714285715,99.84857142857143,37,Female,Family,Store,North,0.192810289482705,0.6225314065624163,0.6447705481131207,1085,51,5,Beauty,475.08115226446023,570.7290665608045,475.08115226446023,378.3554667547274,378.3554667547274,0,79.53846153846153,79.53846153846153,1,Short Cycle,79.53846153846153,0.7185873443632125
CUST_000471,2023-08-01,2025-04-25,8,1854.06,231.7575,0.0251375,0.125,235.905,18,Female,Family,Store,East,0.28416561175256255,0.40821345830139794,0.11324277135761,883,250,4,Clothing,475.22900979872423,570.7290665608045,475.22900979872423,438.11544047013047,438.11544047013047,0,90.42857142857143,90.42857142857143,1,Medium Cycle,90.42857142857143,0.0006071623697145867
CUST_000472,2023-01-09,2025-10-04,29,3123.17,107.6955172413793,0.09362068965517241,0.3103448275862069,117.32655172413793,25,Male,Senior,Online,West,0.6482461804221342,0.4259895254514016,0.8134285126134989,1087,88,6,Beauty,481.52030445525605,570.7290665608045,481.52030445525605,378.3554667547274,378.3554667547274,0,35.67857142857143,35.67857142857143,1,Short Cycle,35.67857142857143,0.14437289395796438
CUST_000473,2023-01-19,2025-12-19,29,3082.57,106.29551724137932,0.09866206896551724,0.3103448275862069,116.53344827586206,63,Female,Family,Online,South,0.6857128605755609,0.6520758634344199,0.7015020076341031,1077,12,6,Beauty,481.52030445525605,570.7290665608045,481.52030445525605,378.3554667547274,378.3554667547274,0,38.035714285714285,38.035714285714285,1,Short Cycle,38.035714285714285,0.7012170152019742
CUST_000474,2023-02-15,2025-11-29,32,3213.67,100.4271875,0.07207812499999999,0.25,106.34625,33,Male,Senior,Store,North,0.7792684917690578,0.31720581775499157,0.38417232639527027,1050,32,6,Beauty,481.52030445525605,570.7290665608045,481.52030445525605,378.3554667547274,378.3554667547274,0,32.83870967741935,32.83870967741935,1,Short Cycle,32.83870967741935,0.5067840062876223
CUST_000475,2023-04-18,2025-10-08,15,1645.8600000000001,109.724,0.019966666666666667,0.13333333333333333,111.93466666666667,31,Female,High Net Worth,Hybrid,Central,0.1024534319574766,0.5068930659269562,0.33493100894608785,988,84,6,Beauty,481.52030445525605,570.7290665608045,481.52030445525605,378.3554667547274,378.3554667547274,0,64.57142857142857,64.57142857142857,1,Short Cycle,64.57142857142857,0.3468139271698134
CUST_000476,2023-01-06,2025-09-02,32,3676.6,114.89375,0.12973125,0.40625,131.369375,29,Male,Student,Hybrid,East,0.7433185183413299,0.7082496352771095,0.6791145787563615,1090,120,6,Beauty,481.52030445525605,570.7290665608045,481.52030445525605,378.3554667547274,378.3554667547274,0,31.29032258064516,31.29032258064516,1,Short Cycle,31.29032258064516,0.03603382189255788
CUST_000477,2023-03-02,2025-12-19,14,1595.61,113.97214285714286,0.03797857142857143,0.14285714285714285,117.07357142857143,68,Male,Young Professional,Hybrid,North,0.28998026571023194,0.7499659484054751,0.7401365943523979,1035,12,6,Beauty,481.52030445525605,570.7290665608045,481.52030445525605,378.3554667547274,378.3554667547274,0,78.6923076923077,78.6923076923077,1,Short Cycle,78.6923076923077,0.911854418873939
CUST_000478,2023-02-28,2025-12-11,19,1533.03,80.68578947368421,0.07743157894736842,0.2631578947368421,85.33421052631579,40,Female,Family,Hybrid,Central,0.44656841233397704,0.22565171329930717,0.48413857434870544,1037,20,6,Beauty,481.52030445525605,570.7290665608045,481.52030445525605,378.3554667547274,378.3554667547274,0,56.5,56.5,1,Short Cycle,56.5,0.7703740926862043
CUST_000479,2023-02-21,2025-09-19,12,968.74,80.72833333333334,0.028591666666666665,0.16666666666666666,84.08083333333333,32,Male,Young Professional,Online,Central,0.16310031500628316,0.29836855768184045,0.4743670070510647,1044,103,6,Beauty,481.52030445525605,570.7290665608045,481.52030445525605,378.3554667547274,378.3554667547274,0,85.54545454545455,85.54545454545455,1,Short Cycle,85.54545454545455,0.36170281094166434
CUST_000480,2023-01-14,2025-10-06,18,1619.11,89.95055555555555,0.03602222222222222,0.1111111111111111,92.38388888888889,45,Male,Young Professional,Store,West,0.0416546554401851,0.5576171922941164,0.19836746450864,1082,86,6,Beauty,481.52030445525605,570.7290665608045,481.52030445525605,489.87898021966913,489.87898021966913,0,58.588235294117645,58.588235294117645,1,Long Cycle,58.588235294117645,0.2891720834607181
CUST_000481,2023-02-01,2025-12-28,26,3288.55,126.48269230769232,0.12150769230769232,0.4230769230769231,141.08846153846156,51,Female,High Net Worth,Store,West,0.7706057914859353,0.7784477902487728,0.8630682287529832,1064,3,6,Beauty,481.52030445525605,570.7290665608045,481.52030445525605,513.7160654092345,513.7160654092345,0,42.44,42.44,1,Long Cycle,42.44,0.7880551568323141
CUST_000482,2023-01-19,2025-12-26,10,1427.0500000000002,142.705,0.02655,0.1,146.11200000000002,19,Female,Young Professional,Online,West,0.2594132735433539,0.2091341544856452,0.6064705107027479,1077,5,5,Clothing,479.8485693023734,570.7290665608045,479.8485693023734,378.3554667547274,378.3554667547274,0,119.11111111111111,119.11111111111111,1,Short Cycle,119.11111111111111,0.9896588352969315
CUST_000483,2023-01-12,2025-12-24,28,2418.79,86.38535714285715,0.08990714285714287,0.2857142857142857,93.82857142857142,49,Female,Family,Hybrid,North,0.676988883799946,0.5491771946359522,0.6840039904093722,1084,7,6,Beauty,481.52030445525605,570.7290665608045,481.52030445525605,489.87898021966913,489.87898021966913,0,39.888888888888886,39.888888888888886,1,Long Cycle,39.888888888888886,0.7475692124060802
CUST_000484,2023-01-12,2025-11-29,17,1654.3600000000001,97.31529411764707,0.04021176470588236,0.23529411764705882,99.65176470588234,40,Female,Senior,Online,North,0.3676727603646171,0.36339014167029887,0.285068431349806,1084,32,5,Beauty,463.67855203414626,513.7160654092345,463.67855203414626,498.32680731697,498.32680731697,0,65.75,65.75,1,Long Cycle,65.75,0.753113439010904
CUST_000485,2023-01-09,2025-12-29,32,1938.92,60.59125,0.076546875,0.25,66.8953125,39,Female,Student,Hybrid,East,0.7959280717514875,0.6844195582734053,0.42359917017741877,1087,2,5,Beauty,490.2012772522811,570.7290665608045,490.2012772522811,489.87898021966913,489.87898021966913,0,35.0,35.0,1,Long Cycle,35.0,0.7482882648801205
CUST_000486,2023-02-10,2025-12-28,26,3091.42,118.90076923076923,0.056784615384615385,0.2692307692307692,123.09,68,Male,Senior,Store,West,0.4195392458660981,0.23644403285837254,0.2148438848424927,1055,3,6,Beauty,481.52030445525605,570.7290665608045,481.52030445525605,438.11544047013047,438.11544047013047,0,42.08,42.08,1,Medium Cycle,42.08,0.7859338898649801
CUST_000487,2023-09-25,2025-04-27,13,1640.53,126.19461538461539,0.05354615384615384,0.23076923076923078,129.84923076923076,42,Male,Young Professional,Store,Central,0.44994529091905944,0.6881225769712415,0.7254272895515601,828,248,6,Beauty,481.52030445525605,570.7290665608045,481.52030445525605,498.32680731697,498.32680731697,0,48.333333333333336,48.333333333333336,1,Long Cycle,48.333333333333336,2.5776671306543264e-05
CUST_000488,2023-01-18,2025-12-18,13,2273.66,174.89692307692306,0.03757692307692308,0.07692307692307693,179.53384615384616,39,Male,Family,Store,South,0.2953314319446752,0.6051084879737639,0.7788311010792245,1078,13,6,Beauty,481.52030445525605,570.7290665608045,481.52030445525605,438.11544047013047,438.11544047013047,0,88.75,88.75,1,Medium Cycle,88.75,0.9377207801485365
CUST_000489,2023-02-26,2025-12-16,17,2002.53,117.79588235294118,0.09341764705882354,0.4117647058823529,131.35647058823528,39,Female,Family,Hybrid,East,0.2517679138603819,0.31440714760371113,0.604616348475004,1039,15,5,Beauty,475.08115226446023,570.7290665608045,475.08115226446023,378.3554667547274,378.3554667547274,0,64.0,64.0,1,Short Cycle,64.0,0.8397744367756297
CUST_000490,2023-05-26,2025-10-14,25,2434.63,97.3852,0.085404,0.32,105.6876,66,Female,Young Professional,Store,North,0.7383002424619348,0.10151859907826634,0.7085420438315827,950,78,6,Beauty,481.52030445525605,570.7290665608045,481.52030445525605,378.3554667547274,378.3554667547274,0,36.333333333333336,36.333333333333336,1,Short Cycle,36.333333333333336,0.19910022771256286
CUST_000491,2023-03-06,2025-11-06,16,2495.26,155.95375,0.09189375,0.3125,164.818125,69,Male,Family,Store,East,0.4864522880548394,0.5059310214964956,0.6623010614544655,1031,55,6,Beauty,481.52030445525605,570.7290665608045,481.52030445525605,378.3554667547274,378.3554667547274,0,65.06666666666666,65.06666666666666,1,Short Cycle,65.06666666666666,0.5808674896785844
CUST_000492,2023-01-16,2025-11-28,20,2288.87,114.4435,0.044915,0.15,116.4935,59,Male,Young Professional,Online,East,0.09655799630381981,0.35805372186721135,0.7703334068344718,1080,33,6,Beauty,481.52030445525605,570.7290665608045,481.52030445525605,489.87898021966913,489.87898021966913,0,55.10526315789474,55.10526315789474,1,Long Cycle,55.10526315789474,0.6729990285349307
CUST_000493,2023-01-21,2025-12-03,40,4444.65,111.11625,0.0915125,0.35,119.13425,23,Female,Young Professional,Store,East,0.823705722162267,0.08150018923605523,0.764087330595372,1075,28,6,Beauty,481.52030445525605,570.7290665608045,481.52030445525605,378.3554667547274,378.3554667547274,0,26.846153846153847,26.846153846153847,1,Short Cycle,26.846153846153847,0.4906673751281716
CUST_000494,2023-02-07,2025-12-21,23,2265.16,98.48521739130435,0.07781739130434782,0.17391304347826086,105.13000000000001,32,Male,Family,Online,East,0.6980431336912741,0.7005681981794012,0.2647356710085154,1058,10,6,Beauty,481.52030445525605,570.7290665608045,481.52030445525605,489.87898021966913,489.87898021966913,0,47.63636363636363,47.63636363636363,1,Long Cycle,47.63636363636363,0.7773042270365766
CUST_000495,2023-01-15,2025-09-26,10,746.02,74.602,0.12875,0.4,85.49600000000001,71,Female,Young Professional,Store,South,0.2954877777735238,0.3402103971147508,0.4604623849743566,1081,96,6,Beauty,481.52030445525605,570.7290665608045,481.52030445525605,498.32680731697,498.32680731697,0,109.44444444444444,109.44444444444444,1,Long Cycle,109.44444444444444,0.6074202384363006
CUST_000496,2023-02-16,2025-11-16,15,1963.85,130.92333333333332,0.10186666666666667,0.26666666666666666,141.096,60,Female,Senior,Store,West,0.16229880429788507,0.690222203958782,0.6792481349697687,1049,45,5,Beauty,478.1590038829132,570.7290665608045,478.1590038829132,489.87898021966913,489.87898021966913,0,71.71428571428571,71.71428571428571,1,Long Cycle,71.71428571428571,0.705974593996038
CUST_000497,2023-01-08,2025-11-19,23,3781.08,164.39478260869564,0.09075652173913044,0.30434782608695654,172.52,54,Female,Senior,Store,Central,0.27844720774264375,0.5132964816189673,0.5147057846329364,1088,42,6,Beauty,481.52030445525605,570.7290665608045,481.52030445525605,438.11544047013047,438.11544047013047,0,47.54545454545455,47.54545454545455,1,Medium Cycle,47.54545454545455,0.5447629108774321
CUST_000498,2023-03-19,2025-12-07,16,1857.51,116.094375,0.0815625,0.1875,121.669375,50,Male,Student,Online,East,0.5105682187949326,0.6859675698012998,0.4377136305344698,1018,24,6,Beauty,481.52030445525605,570.7290665608045,481.52030445525605,378.3554667547274,378.3554667547274,0,66.26666666666667,66.26666666666667,1,Short Cycle,66.26666666666667,0.8042789923906863
CUST_000499,2023-02-07,2025-12-03,36,4222.23,117.28416666666665,0.06443333333333333,0.3055555555555556,128.8463888888889,25,Female,Young Professional,Online,East,0.7769712879034052,0.03407262505469547,0.7451917685637582,1058,28,6,Beauty,481.52030445525605,570.7290665608045,481.52030445525605,498.32680731697,498.32680731697,0,29.428571428571427,29.428571428571427,1,Long Cycle,29.428571428571427,0.5115541167806528
