user_id,duration,event,total_spend,days_since_signup,window_1d_total_events,window_1d_login_count,window_1d_purchase_count,window_1d_view_count,window_1d_click_count,window_1d_error_count,window_1d_total_session,window_1d_total_purchase,window_1d_avg_session,window_1d_avg_purchase,window_1d_conversion_rate,window_1d_error_rate,window_7d_total_events,window_7d_login_count,window_7d_purchase_count,window_7d_view_count,window_7d_click_count,window_7d_error_count,window_7d_total_session,window_7d_total_purchase,window_7d_avg_session,window_7d_avg_purchase,window_7d_conversion_rate,window_7d_error_rate,window_14d_total_events,window_14d_login_count,window_14d_purchase_count,window_14d_view_count,window_14d_click_count,window_14d_error_count,window_14d_total_session,window_14d_total_purchase,window_14d_avg_session,window_14d_avg_purchase,window_14d_conversion_rate,window_14d_error_rate,window_30d_total_events,window_30d_login_count,window_30d_purchase_count,window_30d_view_count,window_30d_click_count,window_30d_error_count,window_30d_total_session,window_30d_total_purchase,window_30d_avg_session,window_30d_avg_purchase,window_30d_conversion_rate,window_30d_error_rate,days_since_last_event,days_between_first_last,event_frequency,avg_days_between_events,std_days_between_events,median_days_between_events,user_level,region,channel
user_000000,231,0,-0.4009436735892857,0.6505801497274561,-0.2526455763199559,-0.12340351046845911,-0.07088812050083343,-0.14285714285714302,-0.12340351046845935,0.0,-0.11878587251846015,-0.07088812050083347,-0.11878587251846015,-0.07088812050083347,-0.07088812050083343,0.0,-0.6261879661168138,-0.36099743619057745,-0.17586311452816514,-0.3333333333333335,-0.27435163058436823,-0.16012815380508677,-0.31076483972568886,-0.14106490488621745,-0.3204846409881355,-0.14106490488621745,-0.17586311452816514,-0.15093078638240207,-0.915341691902398,-0.45714439920785976,-0.24124895481858263,-0.5007101267603481,-0.42008402520840193,-0.26366402215232204,-0.3988012783421799,-0.18503298923501255,-0.4196890020108885,-0.18503298923501255,-0.23840558150220348,-0.24999999999999933,0.35929509040230917,-0.5830456780137142,1.8932040958123981,0.7603476001106337,-0.533120662791234,-0.31448545101657494,-0.5186608870150162,2.2771066440842094,-0.5514470464473187,2.6570391130940005,1.9821778668668228,-0.2870083071156282,-0.3667224054601676,0.6616003930835879,-0.31531638824958336,0.13168258619892081,0.3596924190211663,0.024456097911248156,2,4,4
user_000001,227,0,1.5460961636995418,0.6115736204775151,3.958114029012642,-0.12340351046845911,-0.07088812050083343,-0.14285714285714302,8.10349718742883,0.0,-0.11878587251846015,-0.07088812050083347,-0.11878587251846015,-0.07088812050083347,-0.07088812050083343,0.0,0.979422203413478,-0.36099743619057745,-0.17586311452816514,-0.3333333333333335,3.644957377763749,-0.16012815380508677,-0.31076483972568886,-0.14106490488621745,-0.3204846409881355,-0.14106490488621745,-0.17586311452816514,-0.15093078638240207,0.3300211542233136,-0.45714439920785976,-0.24124895481858263,-0.5007101267603481,2.3804761428476113,-0.26366402215232204,-0.3988012783421799,-0.18503298923501255,-0.4196890020108885,-0.18503298923501255,-0.23840558150220348,-0.24999999999999933,0.35929509040230917,-0.5830456780137142,-0.41558138688564833,-0.7305300471651187,3.1435735633552078,-0.31448545101657494,-0.5186608870150162,-0.3564594381602972,-0.5514470464473187,-0.37444088065895753,-0.40359288563085766,-0.2870083071156282,-0.6573106835238902,0.759181572004471,-0.43843388975687975,1.0128744702665766,0.8354034123673544,0.37382892521479183,0,2,0
user_000002,90,0,0.32577936571835453,-0.7244000063329697,-0.2526455763199559,-0.12340351046845911,-0.07088812050083343,-0.14285714285714302,-0.12340351046845935,0.0,-0.11878587251846015,-0.07088812050083347,-0.11878587251846015,-0.07088812050083347,-0.07088812050083343,0.0,0.979422203413478,-0.36099743619057745,-0.17586311452816514,3.0000000000000013,-0.27435163058436823,-0.16012815380508677,-0.31076483972568886,-0.14106490488621745,-0.3204846409881355,-0.14106490488621745,-0.17586311452816514,-0.15093078638240207,1.5753840003490254,-0.45714439920785976,-0.24124895481858263,1.8836238101936904,-0.42008402520840193,3.792705549421863,-0.3988012783421799,-0.18503298923501255,-0.4196890020108885,-0.18503298923501255,-0.23840558150220348,2.249999999999994,1.0925503769376341,-0.5830456780137142,-0.41558138688564833,0.7603476001106337,1.3052264502819868,3.17979733805648,-0.5186608870150162,-0.3564594381602972,-0.5514470464473187,-0.37444088065895753,-0.40359288563085766,1.9421824277630368,-0.5798204760388375,-0.6947779939166879,-0.15040829392921856,-0.39025414513345985,-0.6708259873531282,-0.15023031574052367,0,1,3
user_000003,322,0,-0.08893253815709914,1.5379786901636177,-0.2526455763199559,-0.12340351046845911,-0.07088812050083343,-0.14285714285714302,-0.12340351046845935,0.0,-0.11878587251846015,-0.07088812050083347,-0.11878587251846015,-0.07088812050083347,-0.07088812050083343,0.0,0.979422203413478,-0.36099743619057745,-0.17586311452816514,3.0000000000000013,-0.27435163058436823,-0.16012815380508677,-0.31076483972568886,-0.14106490488621745,-0.3204846409881355,-0.14106490488621745,-0.17586311452816514,-0.15093078638240207,1.5753840003490254,-0.45714439920785976,-0.24124895481858263,1.8836238101936904,2.3804761428476113,-0.26366402215232204,-0.3988012783421799,-0.18503298923501255,-0.4196890020108885,-0.18503298923501255,-0.23840558150220348,-0.24999999999999933,1.0925503769376341,-0.5830456780137142,-0.41558138688564833,0.7603476001106337,3.1435735633552078,-0.31448545101657494,-0.5186608870150162,-0.3564594381602972,-0.5514470464473187,-0.37444088065895753,-0.40359288563085766,-0.2870083071156282,-0.5991930278912165,1.6764446538607727,-0.33577562011770756,0.2010308232290974,0.10547609055549856,0.19914251156301999,4,0,4
user_000004,261,1,-0.1855122449932266,0.9431291191020149,-0.2526455763199559,-0.12340351046845911,-0.07088812050083343,-0.14285714285714302,-0.12340351046845935,0.0,-0.11878587251846015,-0.07088812050083347,-0.11878587251846015,-0.07088812050083347,-0.07088812050083343,0.0,-0.6261879661168138,-0.36099743619057745,-0.17586311452816514,-0.3333333333333335,-0.27435163058436823,-0.16012815380508677,-0.31076483972568886,-0.14106490488621745,-0.3204846409881355,-0.14106490488621745,-0.17586311452816514,-0.15093078638240207,-0.915341691902398,-0.45714439920785976,-0.24124895481858263,-0.5007101267603481,-0.42008402520840193,-0.26366402215232204,-0.3988012783421799,-0.18503298923501255,-0.4196890020108885,-0.18503298923501255,-0.23840558150220348,-0.24999999999999933,-1.1072154826683405,-0.5830456780137142,-0.41558138688564833,-0.7305300471651187,-0.533120662791234,-0.31448545101657494,-0.5186608870150162,-0.3564594381602972,-0.5514470464473187,-0.37444088065895753,-0.40359288563085766,-0.2870083071156282,1.2024542958617412,0.729907218328206,-0.12649836522248542,-0.5955614258149033,-0.125288429179656,-0.49960314304406733,2,4,0
user_000005,72,0,-1.0716822858390176,-0.8999293879577049,-0.2526455763199559,-0.12340351046845911,-0.07088812050083343,-0.14285714285714302,-0.12340351046845935,0.0,-0.11878587251846015,-0.07088812050083347,-0.11878587251846015,-0.07088812050083347,-0.07088812050083343,0.0,-0.6261879661168138,-0.36099743619057745,-0.17586311452816514,-0.3333333333333335,-0.27435163058436823,-0.16012815380508677,-0.31076483972568886,-0.14106490488621745,-0.3204846409881355,-0.14106490488621745,-0.17586311452816514,-0.15093078638240207,0.3300211542233136,1.6207846881005938,-0.24124895481858263,-0.5007101267603481,-0.42008402520840193,-0.26366402215232204,1.8321660648784073,-0.18503298923501255,2.3559877238550877,-0.18503298923501255,-0.23840558150220348,-0.24999999999999933,0.35929509040230917,0.8930193296159419,-0.41558138688564833,-0.7305300471651187,1.3052264502819868,-0.31448545101657494,1.1620909326330064,-0.3564594381602972,1.81856146664051,-0.37444088065895753,-0.40359288563085766,-0.2870083071156282,-0.46358516485971785,-0.8606659980821892,-0.15164253330458924,-0.319080954497226,0.5513435529855714,-0.8489759703476111,0,2,2
user_000006,86,1,-0.905126203510401,-0.7634065355829109,-0.2526455763199559,-0.12340351046845911,-0.07088812050083343,-0.14285714285714302,-0.12340351046845935,0.0,-0.11878587251846015,-0.07088812050083347,-0.11878587251846015,-0.07088812050083347,-0.07088812050083343,0.0,-0.6261879661168138,-0.36099743619057745,-0.17586311452816514,-0.3333333333333335,-0.27435163058436823,-0.16012815380508677,-0.31076483972568886,-0.14106490488621745,-0.3204846409881355,-0.14106490488621745,-0.17586311452816514,-0.15093078638240207,-0.915341691902398,-0.45714439920785976,-0.24124895481858263,-0.5007101267603481,-0.42008402520840193,-0.26366402215232204,-0.3988012783421799,-0.18503298923501255,-0.4196890020108885,-0.18503298923501255,-0.23840558150220348,-0.24999999999999933,-1.1072154826683405,-0.5830456780137142,-0.41558138688564833,-0.7305300471651187,-0.533120662791234,-0.31448545101657494,-0.5186608870150162,-0.3564594381602972,-0.5514470464473187,-0.37444088065895753,-0.40359288563085766,-0.2870083071156282,1.531787677595047,-0.8313916444059243,0.08821131864245275,-0.9477774717839572,-0.5970543499328405,-0.49960314304406733,0,2,2
user_000007,16,1,-0.7656158988263737,-1.4460207974568813,-0.2526455763199559,-0.12340351046845911,-0.07088812050083343,-0.14285714285714302,-0.12340351046845935,0.0,-0.11878587251846015,-0.07088812050083347,-0.11878587251846015,-0.07088812050083347,-0.07088812050083343,0.0,-0.6261879661168138,-0.36099743619057745,-0.17586311452816514,-0.3333333333333335,-0.27435163058436823,-0.16012815380508677,-0.31076483972568886,-0.14106490488621745,-0.3204846409881355,-0.14106490488621745,-0.17586311452816514,-0.15093078638240207,-0.915341691902398,-0.45714439920785976,-0.24124895481858263,-0.5007101267603481,-0.42008402520840193,-0.26366402215232204,-0.3988012783421799,-0.18503298923501255,-0.4196890020108885,-0.18503298923501255,-0.23840558150220348,-0.24999999999999933,-1.1072154826683405,-0.5830456780137142,-0.41558138688564833,-0.7305300471651187,-0.533120662791234,-0.31448545101657494,-0.5186608870150162,-0.3564594381602972,-0.5514470464473187,-0.37444088065895753,-0.40359288563085766,-0.2870083071156282,0.17570904678605423,-1.4363949537154,4.885288357583294,-2.418690078266121,-1.7574958846052517,-1.7224080386064702,3,0,3
user_000008,323,0,-1.2677126104715781,1.547730322476103,-0.2526455763199559,-0.12340351046845911,-0.07088812050083343,-0.14285714285714302,-0.12340351046845935,0.0,-0.11878587251846015,-0.07088812050083347,-0.11878587251846015,-0.07088812050083347,-0.07088812050083343,0.0,-0.6261879661168138,-0.36099743619057745,-0.17586311452816514,-0.3333333333333335,-0.27435163058436823,-0.16012815380508677,-0.31076483972568886,-0.14106490488621745,-0.3204846409881355,-0.14106490488621745,-0.17586311452816514,-0.15093078638240207,-0.915341691902398,-0.45714439920785976,-0.24124895481858263,-0.5007101267603481,-0.42008402520840193,-0.26366402215232204,-0.3988012783421799,-0.18503298923501255,-0.4196890020108885,-0.18503298923501255,-0.23840558150220348,-0.24999999999999933,-0.3739601961330157,-0.5830456780137142,-0.41558138688564833,0.7603476001106337,-0.533120662791234,-0.31448545101657494,-0.5186608870150162,-0.3564594381602972,-0.5514470464473187,-0.37444088065895753,-0.40359288563085766,-0.2870083071156282,-0.25048709431542165,1.3349105276376816,-0.45675949888965467,1.1483427700910047,1.1766236002915058,0.024456097911248156,4,0,3
user_000009,146,1,-0.7489393326108353,-0.1783085968337935,-0.2526455763199559,-0.12340351046845911,-0.07088812050083343,-0.14285714285714302,-0.12340351046845935,0.0,-0.11878587251846015,-0.07088812050083347,-0.11878587251846015,-0.07088812050083347,-0.07088812050083343,0.0,-0.6261879661168138,-0.36099743619057745,-0.17586311452816514,-0.3333333333333335,-0.27435163058436823,-0.16012815380508677,-0.31076483972568886,-0.14106490488621745,-0.3204846409881355,-0.14106490488621745,-0.17586311452816514,-0.15093078638240207,-0.915341691902398,-0.45714439920785976,-0.24124895481858263,-0.5007101267603481,-0.42008402520840193,-0.26366402215232204,-0.3988012783421799,-0.18503298923501255,-0.4196890020108885,-0.18503298923501255,-0.23840558150220348,-0.24999999999999933,-0.3739601961330157,-0.5830456780137142,-0.41558138688564833,0.7603476001106337,-0.533120662791234,-0.31448545101657494,-0.5186608870150162,-0.3564594381602972,-0.5514470464473187,-0.37444088065895753,-0.40359288563085766,-0.2870083071156282,-0.3279773018202005,-0.031225977254682496,-0.06971457476705042,-0.7105335029965115,-0.5266617670991726,-0.6742895566958392,1,1,4
user_000010,303,0,-0.12934485141988758,1.3526976762263971,-0.2526455763199559,-0.12340351046845911,-0.07088812050083343,-0.14285714285714302,-0.12340351046845935,0.0,-0.11878587251846015,-0.07088812050083347,-0.11878587251846015,-0.07088812050083347,-0.07088812050083343,0.0,0.979422203413478,-0.36099743619057745,-0.17586311452816514,-0.3333333333333335,-0.27435163058436823,-0.16012815380508677,-0.31076483972568886,-0.14106490488621745,-0.3204846409881355,-0.14106490488621745,-0.17586311452816514,-0.15093078638240207,0.3300211542233136,-0.45714439920785976,-0.24124895481858263,-0.5007101267603481,-0.42008402520840193,-0.26366402215232204,-0.3988012783421799,-0.18503298923501255,-0.4196890020108885,-0.18503298923501255,-0.23840558150220348,-0.24999999999999933,1.0925503769376341,-0.5830456780137142,-0.41558138688564833,2.2512252473863863,-0.533120662791234,-0.31448545101657494,-0.5186608870150162,-0.3564594381602972,-0.5514470464473187,-0.37444088065895753,-0.40359288563085766,-0.2870083071156282,-0.5991930280012867,1.442249824450653,-0.3738222997817957,0.44441327232782635,0.27442543127414787,0.19914251156301999,1,3,3
user_000011,358,0,1.4737778168095386,1.889037453413088,3.958114029012642,-0.12340351046845911,-0.07088812050083343,7.000000000000007,-0.12340351046845935,0.0,-0.11878587251846015,-0.07088812050083347,-0.11878587251846015,-0.07088812050083347,-0.07088812050083343,0.0,0.979422203413478,-0.36099743619057745,-0.17586311452816514,3.0000000000000013,-0.27435163058436823,-0.16012815380508677,-0.31076483972568886,-0.14106490488621745,-0.3204846409881355,-0.14106490488621745,-0.17586311452816514,-0.15093078638240207,0.3300211542233136,-0.45714439920785976,-0.24124895481858263,1.8836238101936904,-0.42008402520840193,-0.26366402215232204,-0.3988012783421799,-0.18503298923501255,-0.4196890020108885,-0.18503298923501255,-0.23840558150220348,-0.24999999999999933,0.35929509040230917,-0.5830456780137142,-0.41558138688564833,2.2512252473863863,-0.533120662791234,-0.31448545101657494,-0.5186608870150162,-0.3564594381602972,-0.5514470464473187,-0.37444088065895753,-0.40359288563085766,-0.2870083071156282,-0.6573106836380233,2.057011251652217,-0.3562752961498267,0.3113101625665584,0.5405818530870216,-0.15023031574052367,3,2,4
user_000012,39,1,1.0853798245169515,-1.2217332542697195,-0.2526455763199559,-0.12340351046845911,-0.07088812050083343,-0.14285714285714302,-0.12340351046845935,0.0,-0.11878587251846015,-0.07088812050083347,-0.11878587251846015,-0.07088812050083347,-0.07088812050083343,0.0,-0.6261879661168138,-0.36099743619057745,-0.17586311452816514,-0.3333333333333335,-0.27435163058436823,-0.16012815380508677,-0.31076483972568886,-0.14106490488621745,-0.3204846409881355,-0.14106490488621745,-0.17586311452816514,-0.15093078638240207,-0.915341691902398,-0.45714439920785976,-0.24124895481858263,-0.5007101267603481,-0.42008402520840193,-0.26366402215232204,-0.3988012783421799,-0.18503298923501255,-0.4196890020108885,-0.18503298923501255,-0.23840558150220348,-0.24999999999999933,-1.1072154826683405,-0.5830456780137142,-0.41558138688564833,-0.7305300471651187,-0.533120662791234,-0.31448545101657494,-0.5186608870150162,-0.3564594381602972,-0.5514470464473187,-0.37444088065895753,-0.40359288563085766,-0.2870083071156282,1.7061406442767768,-1.1241351811685738,-0.12572350642180424,-0.14114797790664194,-0.3011533168198571,-0.6742895566958392,0,0,3
user_000013,118,1,-1.3828916952672257,-0.45135430158338163,-0.2526455763199559,-0.12340351046845911,-0.07088812050083343,-0.14285714285714302,-0.12340351046845935,0.0,-0.11878587251846015,-0.07088812050083347,-0.11878587251846015,-0.07088812050083347,-0.07088812050083343,0.0,-0.6261879661168138,-0.36099743619057745,-0.17586311452816514,-0.3333333333333335,-0.27435163058436823,-0.16012815380508677,-0.31076483972568886,-0.14106490488621745,-0.3204846409881355,-0.14106490488621745,-0.17586311452816514,-0.15093078638240207,-0.915341691902398,-0.45714439920785976,-0.24124895481858263,-0.5007101267603481,-0.42008402520840193,-0.26366402215232204,-0.3988012783421799,-0.18503298923501255,-0.4196890020108885,-0.18503298923501255,-0.23840558150220348,-0.24999999999999933,-1.1072154826683405,-0.5830456780137142,-0.41558138688564833,-0.7305300471651187,-0.533120662791234,-0.31448545101657494,-0.5186608870150162,-0.3564594381602972,-0.5514470464473187,-0.37444088065895753,-0.40359288563085766,-0.2870083071156282,0.7375130508481432,-0.4898575181828333,-0.11867070999111448,-0.535835671434847,-0.324865466881664,0.024456097911248156,1,4,1
user_000014,178,0,0.3529848232309561,0.13374363716573578,-0.2526455763199559,-0.12340351046845911,-0.07088812050083343,-0.14285714285714302,-0.12340351046845935,0.0,-0.11878587251846015,-0.07088812050083347,-0.11878587251846015,-0.07088812050083347,-0.07088812050083343,0.0,0.979422203413478,-0.36099743619057745,-0.17586311452816514,-0.3333333333333335,3.644957377763749,-0.16012815380508677,-0.31076483972568886,-0.14106490488621745,-0.3204846409881355,-0.14106490488621745,-0.17586311452816514,-0.15093078638240207,1.5753840003490254,1.6207846881005938,-0.24124895481858263,-0.5007101267603481,2.3804761428476113,-0.26366402215232204,1.8956290308781176,-0.18503298923501255,2.4349457051160455,-0.18503298923501255,-0.23840558150220348,-0.24999999999999933,1.0925503769376341,0.8930193296159419,-0.41558138688564833,-0.7305300471651187,1.3052264502819868,3.17979733805648,1.2099022535420312,-0.3564594381602972,1.8859796519143432,-0.37444088065895753,-0.40359288563085766,1.9421824277630368,-0.5991930280925396,0.017564612205759077,-0.056606101401044294,-0.744247119613675,-0.8015996294503183,-0.49960314304406733,3,0,2
user_000015,186,0,-0.9534193835923817,0.2117566956656181,-0.2526455763199559,-0.12340351046845911,-0.07088812050083343,-0.14285714285714302,-0.12340351046845935,0.0,-0.11878587251846015,-0.07088812050083347,-0.11878587251846015,-0.07088812050083347,-0.07088812050083343,0.0,-0.6261879661168138,-0.36099743619057745,-0.17586311452816514,-0.3333333333333335,-0.27435163058436823,-0.16012815380508677,-0.31076483972568886,-0.14106490488621745,-0.3204846409881355,-0.14106490488621745,-0.17586311452816514,-0.15093078638240207,0.3300211542233136,1.6207846881005938,-0.24124895481858263,-0.5007101267603481,-0.42008402520840193,-0.26366402215232204,2.7196712355512798,-0.18503298923501255,3.4601847233352507,-0.18503298923501255,-0.23840558150220348,-0.24999999999999933,1.0925503769376341,0.8930193296159419,1.8932040958123981,-0.7305300471651187,1.3052264502819868,-0.31448545101657494,1.8307138665761367,3.19565099614089,2.761378857623808,3.7143692653191596,1.9821778668668228,-0.2870083071156282,-0.4829577169063102,0.1639363805870838,-0.3676344239944642,0.49941073781946155,1.1939406457469717,-0.3249167293922955,2,4,2
user_000016,99,0,0.40723273172423036,-0.6366353155206022,3.958114029012642,-0.12340351046845911,-0.07088812050083343,7.000000000000007,-0.12340351046845935,0.0,-0.11878587251846015,-0.07088812050083347,-0.11878587251846015,-0.07088812050083347,-0.07088812050083343,0.0,0.979422203413478,-0.36099743619057745,-0.17586311452816514,3.0000000000000013,-0.27435163058436823,-0.16012815380508677,-0.31076483972568886,-0.14106490488621745,-0.3204846409881355,-0.14106490488621745,-0.17586311452816514,-0.15093078638240207,0.3300211542233136,-0.45714439920785976,-0.24124895481858263,1.8836238101936904,-0.42008402520840193,-0.26366402215232204,-0.3988012783421799,-0.18503298923501255,-0.4196890020108885,-0.18503298923501255,-0.23840558150220348,-0.24999999999999933,0.35929509040230917,0.8930193296159419,-0.41558138688564833,0.7603476001106337,-0.533120662791234,-0.31448545101657494,2.0682993535548286,-0.3564594381602972,3.096395378292241,-0.37444088065895753,-0.40359288563085766,-0.2870083071156282,-0.6573106837420526,-0.5971968149958048,-0.35810098881918695,0.6417571190919292,-0.31234177371881616,0.7232017525183355,4,0,4
user_000017,341,0,-0.533527863998278,1.7232597041008382,-0.2526455763199559,-0.12340351046845911,-0.07088812050083343,-0.14285714285714302,-0.12340351046845935,0.0,-0.11878587251846015,-0.07088812050083347,-0.11878587251846015,-0.07088812050083347,-0.07088812050083343,0.0,0.979422203413478,-0.36099743619057745,-0.17586311452816514,-0.3333333333333335,3.644957377763749,-0.16012815380508677,-0.31076483972568886,-0.14106490488621745,-0.3204846409881355,-0.14106490488621745,-0.17586311452816514,-0.15093078638240207,0.3300211542233136,-0.45714439920785976,-0.24124895481858263,-0.5007101267603481,2.3804761428476113,-0.26366402215232204,-0.3988012783421799,-0.18503298923501255,-0.4196890020108885,-0.18503298923501255,-0.23840558150220348,-0.24999999999999933,1.0925503769376341,-0.5830456780137142,-0.41558138688564833,0.7603476001106337,3.1435735633552078,-0.31448545101657494,-0.5186608870150162,-0.3564594381602972,-0.5514470464473187,-0.37444088065895753,-0.40359288563085766,-0.2870083071156282,-0.6185655800099238,1.842332658026274,-0.41080716511277265,0.7005523635305567,1.0913853816382977,-0.15023031574052367,0,3,2
user_000018,61,0,0.5008550343382125,-1.0071973433950432,-0.2526455763199559,-0.12340351046845911,-0.07088812050083343,-0.14285714285714302,-0.12340351046845935,0.0,-0.11878587251846015,-0.07088812050083347,-0.11878587251846015,-0.07088812050083347,-0.07088812050083343,0.0,-0.6261879661168138,-0.36099743619057745,-0.17586311452816514,-0.3333333333333335,-0.27435163058436823,-0.16012815380508677,-0.31076483972568886,-0.14106490488621745,-0.3204846409881355,-0.14106490488621745,-0.17586311452816514,-0.15093078638240207,-0.915341691902398,-0.45714439920785976,-0.24124895481858263,-0.5007101267603481,-0.42008402520840193,-0.26366402215232204,-0.3988012783421799,-0.18503298923501255,-0.4196890020108885,-0.18503298923501255,-0.23840558150220348,-0.24999999999999933,-1.1072154826683405,-0.5830456780137142,-0.41558138688564833,-0.7305300471651187,-0.533120662791234,-0.31448545101657494,-0.5186608870150162,-0.3564594381602972,-0.5514470464473187,-0.37444088065895753,-0.40359288563085766,-0.2870083071156282,0.175709046558697,-1.4168787179312232,2.984559719512394,-1.9916509344487185,-1.7574958846052517,-1.3730352113029265,4,1,3
user_000019,262,0,0.2991361144077129,0.9528807514145001,-0.2526455763199559,-0.12340351046845911,-0.07088812050083343,-0.14285714285714302,-0.12340351046845935,0.0,-0.11878587251846015,-0.07088812050083347,-0.11878587251846015,-0.07088812050083347,-0.07088812050083343,0.0,-0.6261879661168138,-0.36099743619057745,-0.17586311452816514,-0.3333333333333335,-0.27435163058436823,-0.16012815380508677,-0.31076483972568886,-0.14106490488621745,-0.3204846409881355,-0.14106490488621745,-0.17586311452816514,-0.15093078638240207,0.3300211542233136,-0.45714439920785976,-0.24124895481858263,-0.5007101267603481,-0.42008402520840193,3.792705549421863,-0.3988012783421799,-0.18503298923501255,-0.4196890020108885,-0.18503298923501255,-0.23840558150220348,4.749999999999987,0.35929509040230917,-0.5830456780137142,-0.41558138688564833,-0.7305300471651187,1.3052264502819868,3.17979733805648,-0.5186608870150162,-0.3564594381602972,-0.5514470464473187,-0.37444088065895753,-0.40359288563085766,3.0567777952023696,-0.4248400613583675,0.9153114582778841,-0.3456425223969496,0.2896371233126675,0.4781035532595839,-0.49960314304406733,4,4,4
user_000020,226,1,-1.5844742219771315,0.6018219881650297,-0.2526455763199559,-0.12340351046845911,-0.07088812050083343,-0.14285714285714302,-0.12340351046845935,0.0,-0.11878587251846015,-0.07088812050083347,-0.11878587251846015,-0.07088812050083347,-0.07088812050083343,0.0,-0.6261879661168138,-0.36099743619057745,-0.17586311452816514,-0.3333333333333335,-0.27435163058436823,-0.16012815380508677,-0.31076483972568886,-0.14106490488621745,-0.3204846409881355,-0.14106490488621745,-0.17586311452816514,-0.15093078638240207,-0.915341691902398,-0.45714439920785976,-0.24124895481858263,-0.5007101267603481,-0.42008402520840193,-0.26366402215232204,-0.3988012783421799,-0.18503298923501255,-0.4196890020108885,-0.18503298923501255,-0.23840558150220348,-0.24999999999999933,-1.1072154826683405,-0.5830456780137142,-0.41558138688564833,-0.7305300471651187,-0.533120662791234,-0.31448545101657494,-0.5186608870150162,-0.3564594381602972,-0.5514470464473187,-0.37444088065895753,-0.40359288563085766,-0.2870083071156282,1.5317876773434733,0.759181572004471,-0.1608938673836954,-0.49701393108781045,-0.19214363679018753,-0.49960314304406733,0,0,1
user_000021,145,0,-0.023357339026700095,-0.1880602291462788,3.958114029012642,-0.12340351046845911,-0.07088812050083343,-0.14285714285714302,8.10349718742883,0.0,-0.11878587251846015,-0.07088812050083347,-0.11878587251846015,-0.07088812050083347,-0.07088812050083343,0.0,0.979422203413478,-0.36099743619057745,-0.17586311452816514,-0.3333333333333335,3.644957377763749,-0.16012815380508677,-0.31076483972568886,-0.14106490488621745,-0.3204846409881355,-0.14106490488621745,-0.17586311452816514,-0.15093078638240207,1.5753840003490254,-0.45714439920785976,-0.24124895481858263,1.8836238101936904,2.3804761428476113,-0.26366402215232204,-0.3988012783421799,-0.18503298923501255,-0.4196890020108885,-0.18503298923501255,-0.23840558150220348,-0.24999999999999933,0.35929509040230917,-0.5830456780137142,-0.41558138688564833,0.7603476001106337,1.3052264502819868,-0.31448545101657494,-0.5186608870150162,-0.3564594381602972,-0.5514470464473187,-0.37444088065895753,-0.40359288563085766,-0.2870083071156282,-0.6573106838286011,-0.17759774563600722,-0.29054193377900106,0.08531217411773806,0.6267919386140024,-0.49960314304406733,3,4,0
user_000022,21,1,1.4548757124335785,-1.3972626358944549,-0.2526455763199559,-0.12340351046845911,-0.07088812050083343,-0.14285714285714302,-0.12340351046845935,0.0,-0.11878587251846015,-0.07088812050083347,-0.11878587251846015,-0.07088812050083347,-0.07088812050083343,0.0,-0.6261879661168138,-0.36099743619057745,-0.17586311452816514,-0.3333333333333335,-0.27435163058436823,-0.16012815380508677,-0.31076483972568886,-0.14106490488621745,-0.3204846409881355,-0.14106490488621745,-0.17586311452816514,-0.15093078638240207,0.3300211542233136,-0.45714439920785976,-0.24124895481858263,-0.5007101267603481,-0.42008402520840193,3.792705549421863,-0.3988012783421799,-0.18503298923501255,-0.4196890020108885,-0.18503298923501255,-0.23840558150220348,4.749999999999987,0.35929509040230917,-0.5830456780137142,-0.41558138688564833,0.7603476001106337,-0.533120662791234,3.17979733805648,-0.5186608870150162,-0.3564594381602972,-0.5514470464473187,-0.37444088065895753,-0.40359288563085766,3.0567777952023696,-0.4248400614206996,-1.2412325958736337,0.2692330936968241,-0.9952262655414464,-0.7651656945318921,-0.49960314304406733,0,1,0
user_000023,363,0,0.19529430024094113,1.9377956149755144,-0.2526455763199559,-0.12340351046845911,-0.07088812050083343,-0.14285714285714302,-0.12340351046845935,0.0,-0.11878587251846015,-0.07088812050083347,-0.11878587251846015,-0.07088812050083347,-0.07088812050083343,0.0,-0.6261879661168138,-0.36099743619057745,-0.17586311452816514,-0.3333333333333335,-0.27435163058436823,-0.16012815380508677,-0.31076483972568886,-0.14106490488621745,-0.3204846409881355,-0.14106490488621745,-0.17586311452816514,-0.15093078638240207,-0.915341691902398,-0.45714439920785976,-0.24124895481858263,-0.5007101267603481,-0.42008402520840193,-0.26366402215232204,-0.3988012783421799,-0.18503298923501255,-0.4196890020108885,-0.18503298923501255,-0.23840558150220348,-0.24999999999999933,0.35929509040230917,-0.5830456780137142,-0.41558138688564833,-0.7305300471651187,1.3052264502819868,-0.31448545101657494,-0.5186608870150162,-0.3564594381602972,-0.5514470464473187,-0.37444088065895753,-0.40359288563085766,-0.2870083071156282,-0.2117419908646426,1.6959608896449492,-0.3210553032196042,0.11982038775954858,0.7737661974979338,-0.49960314304406733,4,3,0
user_000024,139,1,0.33875002833043977,-0.24657002302119052,-0.2526455763199559,-0.12340351046845911,-0.07088812050083343,-0.14285714285714302,-0.12340351046845935,0.0,-0.11878587251846015,-0.07088812050083347,-0.11878587251846015,-0.07088812050083347,-0.07088812050083343,0.0,-0.6261879661168138,-0.36099743619057745,-0.17586311452816514,-0.3333333333333335,-0.27435163058436823,-0.16012815380508677,-0.31076483972568886,-0.14106490488621745,-0.3204846409881355,-0.14106490488621745,-0.17586311452816514,-0.15093078638240207,-0.915341691902398,-0.45714439920785976,-0.24124895481858263,-0.5007101267603481,-0.42008402520840193,-0.26366402215232204,-0.3988012783421799,-0.18503298923501255,-0.4196890020108885,-0.18503298923501255,-0.23840558150220348,-0.24999999999999933,-1.1072154826683405,-0.5830456780137142,-0.41558138688564833,-0.7305300471651187,-0.533120662791234,-0.31448545101657494,-0.5186608870150162,-0.3564594381602972,-0.5514470464473187,-0.37444088065895753,-0.40359288563085766,-0.2870083071156282,0.5825326357003966,-0.18735586352809552,-0.19805567446678563,-0.3163435240881401,0.11463676969157967,-0.15023031574052367,4,2,4
user_000025,273,0,0.6092277647598346,1.0601487068518385,-0.2526455763199559,-0.12340351046845911,-0.07088812050083343,-0.14285714285714302,-0.12340351046845935,0.0,-0.11878587251846015,-0.07088812050083347,-0.11878587251846015,-0.07088812050083347,-0.07088812050083343,0.0,0.979422203413478,2.217555679456404,-0.17586311452816514,-0.3333333333333335,-0.27435163058436823,-0.16012815380508677,1.9279116005211143,-0.14106490488621745,2.3138355923998484,-0.14106490488621745,-0.17586311452816514,-0.15093078638240207,0.3300211542233136,1.6207846881005938,-0.24124895481858263,-0.5007101267603481,-0.42008402520840193,-0.26366402215232204,1.275644670727101,-0.18503298923501255,1.6635869651051507,-0.18503298923501255,-0.23840558150220348,-0.24999999999999933,0.35929509040230917,2.369084337245598,-0.41558138688564833,-0.7305300471651187,-0.533120662791234,-0.31448545101657494,1.6718331694015316,-0.3564594381602972,0.992947997748645,-0.37444088065895753,-0.40359288563085766,-0.2870083071156282,-0.5410753726903236,1.1690225234721803,-0.37008448126199106,0.43179620671503954,0.7315463262411986,0.024456097911248156,4,2,2
user_000026,48,1,1.1159917858804824,-1.133968563457352,-0.2526455763199559,-0.12340351046845911,-0.07088812050083343,-0.14285714285714302,-0.12340351046845935,0.0,-0.11878587251846015,-0.07088812050083347,-0.11878587251846015,-0.07088812050083347,-0.07088812050083343,0.0,-0.6261879661168138,-0.36099743619057745,-0.17586311452816514,-0.3333333333333335,-0.27435163058436823,-0.16012815380508677,-0.31076483972568886,-0.14106490488621745,-0.3204846409881355,-0.14106490488621745,-0.17586311452816514,-0.15093078638240207,-0.915341691902398,-0.45714439920785976,-0.24124895481858263,-0.5007101267603481,-0.42008402520840193,-0.26366402215232204,-0.3988012783421799,-0.18503298923501255,-0.4196890020108885,-0.18503298923501255,-0.23840558150220348,-0.24999999999999933,-1.1072154826683405,-0.5830456780137142,-0.41558138688564833,-0.7305300471651187,-0.533120662791234,-0.31448545101657494,-0.5186608870150162,-0.3564594381602972,-0.5514470464473187,-0.37444088065895753,-0.40359288563085766,-0.2870083071156282,5.71625888081384,-1.0948608274923088,0.13346676240604557,-0.9240530749052127,-0.9437080014019192,-0.6742895566958392,1,0,2
user_000027,218,0,1.4632589055042264,0.5238089296651474,-0.2526455763199559,-0.12340351046845911,-0.07088812050083343,-0.14285714285714302,-0.12340351046845935,0.0,-0.11878587251846015,-0.07088812050083347,-0.11878587251846015,-0.07088812050083347,-0.07088812050083343,0.0,2.5850323729437696,2.217555679456404,-0.17586311452816514,-0.3333333333333335,3.644957377763749,-0.16012815380508677,1.2412971354658267,-0.14106490488621745,1.5058749843753119,-0.14106490488621745,-0.17586311452816514,-0.15093078638240207,2.8207468464747367,1.6207846881005938,4.145095678246555,-0.5007101267603481,2.3804761428476113,-0.26366402215232204,0.7620828227909834,0.5457385236079481,1.0246346859780158,0.5457385236079481,4.302653113777863,-0.24999999999999933,4.758826809614258,0.8930193296159419,1.8932040958123981,2.2512252473863863,3.1435735633552078,-0.31448545101657494,0.3559185062285282,-0.020601978671810392,0.6817871426386456,0.012162355180223964,1.9821778668668228,-0.2870083071156282,-0.5798204764545273,0.5347448604864398,-0.33937459829632094,0.2769945170812313,1.758419124533198,-0.49960314304406733,0,2,4
user_000028,82,0,1.3077972473385495,-0.8024130648328521,-0.2526455763199559,-0.12340351046845911,-0.07088812050083343,-0.14285714285714302,-0.12340351046845935,0.0,-0.11878587251846015,-0.07088812050083347,-0.11878587251846015,-0.07088812050083347,-0.07088812050083343,0.0,-0.6261879661168138,-0.36099743619057745,-0.17586311452816514,-0.3333333333333335,-0.27435163058436823,-0.16012815380508677,-0.31076483972568886,-0.14106490488621745,-0.3204846409881355,-0.14106490488621745,-0.17586311452816514,-0.15093078638240207,0.3300211542233136,1.6207846881005938,-0.24124895481858263,-0.5007101267603481,-0.42008402520840193,-0.26366402215232204,0.8206640221753314,-0.18503298923501255,1.097518976372746,-0.18503298923501255,-0.23840558150220348,-0.24999999999999933,0.35929509040230917,2.369084337245598,-0.41558138688564833,-0.7305300471651187,-0.533120662791234,-0.31448545101657494,0.706780045822448,-0.3564594381602972,0.31254292790811294,-0.37444088065895753,-0.40359288563085766,-0.2870083071156282,-0.5023302690008009,-0.7142942297008645,-0.5888101200608961,5.4815340823558225,1.9938808993944457,7.710658298589209,3,3,0
user_000029,256,0,-0.09585532576821741,0.8943709575395884,-0.2526455763199559,-0.12340351046845911,-0.07088812050083343,-0.14285714285714302,-0.12340351046845935,0.0,-0.11878587251846015,-0.07088812050083347,-0.11878587251846015,-0.07088812050083347,-0.07088812050083343,0.0,-0.6261879661168138,-0.36099743619057745,-0.17586311452816514,-0.3333333333333335,-0.27435163058436823,-0.16012815380508677,-0.31076483972568886,-0.14106490488621745,-0.3204846409881355,-0.14106490488621745,-0.17586311452816514,-0.15093078638240207,-0.915341691902398,-0.45714439920785976,-0.24124895481858263,-0.5007101267603481,-0.42008402520840193,-0.26366402215232204,-0.3988012783421799,-0.18503298923501255,-0.4196890020108885,-0.18503298923501255,-0.23840558150220348,-0.24999999999999933,-0.3739601961330157,-0.5830456780137142,-0.41558138688564833,0.7603476001106337,-0.533120662791234,-0.31448545101657494,-0.5186608870150162,-0.3564594381602972,-0.5514470464473187,-0.37444088065895753,-0.40359288563085766,-0.2870083071156282,-0.3473498540542167,0.8665208688174425,-0.40788000160148896,0.7307236073872212,0.7078099645489602,0.19914251156301999,0,0,4
user_000030,33,0,1.3440811706804363,-1.2802430481446314,-0.2526455763199559,-0.12340351046845911,-0.07088812050083343,-0.14285714285714302,-0.12340351046845935,0.0,-0.11878587251846015,-0.07088812050083347,-0.11878587251846015,-0.07088812050083347,-0.07088812050083343,0.0,-0.6261879661168138,-0.36099743619057745,-0.17586311452816514,-0.3333333333333335,-0.27435163058436823,-0.16012815380508677,-0.31076483972568886,-0.14106490488621745,-0.3204846409881355,-0.14106490488621745,-0.17586311452816514,-0.15093078638240207,1.5753840003490254,-0.45714439920785976,-0.24124895481858263,1.8836238101936904,2.3804761428476113,-0.26366402215232204,-0.3988012783421799,-0.18503298923501255,-0.4196890020108885,-0.18503298923501255,-0.23840558150220348,-0.24999999999999933,1.0925503769376341,-0.5830456780137142,-0.41558138688564833,2.2512252473863863,1.3052264502819868,-0.31448545101657494,-0.5186608870150162,-0.3564594381602972,-0.5514470464473187,-0.37444088065895753,-0.40359288563085766,-0.2870083071156282,-0.521702820941065,-1.2022001243052802,0.09545218964462768,-0.7105335029965115,-0.632299212578581,-0.6742895566958392,1,1,4
user_000031,181,0,0.0149325626570913,0.16299853410319165,-0.2526455763199559,-0.12340351046845911,-0.07088812050083343,-0.14285714285714302,-0.12340351046845935,0.0,-0.11878587251846015,-0.07088812050083347,-0.11878587251846015,-0.07088812050083347,-0.07088812050083343,0.0,0.979422203413478,-0.36099743619057745,-0.17586311452816514,3.0000000000000013,-0.27435163058436823,-0.16012815380508677,-0.31076483972568886,-0.14106490488621745,-0.3204846409881355,-0.14106490488621745,-0.17586311452816514,-0.15093078638240207,0.3300211542233136,-0.45714439920785976,-0.24124895481858263,1.8836238101936904,-0.42008402520840193,-0.26366402215232204,-0.3988012783421799,-0.18503298923501255,-0.4196890020108885,-0.18503298923501255,-0.23840558150220348,-0.24999999999999933,-0.3739601961330157,-0.5830456780137142,-0.41558138688564833,0.7603476001106337,-0.533120662791234,-0.31448545101657494,-0.5186608870150162,-0.3564594381602972,-0.5514470464473187,-0.37444088065895753,-0.40359288563085766,-0.2870083071156282,-0.5991930284140898,0.19321073426334875,-0.47748172840245773,1.5432842004842233,4.078185149447503,-0.3249167293922955,3,4,1
user_000032,257,1,-1.1360066593366536,0.9041225898520737,-0.2526455763199559,-0.12340351046845911,-0.07088812050083343,-0.14285714285714302,-0.12340351046845935,0.0,-0.11878587251846015,-0.07088812050083347,-0.11878587251846015,-0.07088812050083347,-0.07088812050083343,0.0,-0.6261879661168138,-0.36099743619057745,-0.17586311452816514,-0.3333333333333335,-0.27435163058436823,-0.16012815380508677,-0.31076483972568886,-0.14106490488621745,-0.3204846409881355,-0.14106490488621745,-0.17586311452816514,-0.15093078638240207,-0.915341691902398,-0.45714439920785976,-0.24124895481858263,-0.5007101267603481,-0.42008402520840193,-0.26366402215232204,-0.3988012783421799,-0.18503298923501255,-0.4196890020108885,-0.18503298923501255,-0.23840558150220348,-0.24999999999999933,-1.1072154826683405,-0.5830456780137142,-0.41558138688564833,-0.7305300471651187,-0.533120662791234,-0.31448545101657494,-0.5186608870150162,-0.3564594381602972,-0.5514470464473187,-0.37444088065895753,-0.40359288563085766,-0.2870083071156282,0.9699836729226271,0.8274883972490892,-0.30296663732268014,0.05813695587481252,0.22164994690036136,0.19914251156301999,0,0,2
user_000033,304,0,1.4953412523190377,1.3624493085388825,-0.2526455763199559,-0.12340351046845911,-0.07088812050083343,-0.14285714285714302,-0.12340351046845935,0.0,-0.11878587251846015,-0.07088812050083347,-0.11878587251846015,-0.07088812050083347,-0.07088812050083343,0.0,-0.6261879661168138,-0.36099743619057745,-0.17586311452816514,-0.3333333333333335,-0.27435163058436823,-0.16012815380508677,-0.31076483972568886,-0.14106490488621745,-0.3204846409881355,-0.14106490488621745,-0.17586311452816514,-0.15093078638240207,0.3300211542233136,-0.45714439920785976,-0.24124895481858263,-0.5007101267603481,-0.42008402520840193,3.792705549421863,-0.3988012783421799,-0.18503298923501255,-0.4196890020108885,-0.18503298923501255,-0.23840558150220348,4.749999999999987,1.0925503769376341,-0.5830456780137142,-0.41558138688564833,2.2512252473863863,-0.533120662791234,3.17979733805648,-0.5186608870150162,-0.3564594381602972,-0.5514470464473187,-0.37444088065895753,-0.40359288563085766,1.9421824277630368,-0.4442126135082942,1.4227335886664765,-0.27383223146628993,-0.10160731644206768,0.8227189784302572,-0.49960314304406733,4,1,3
user_000034,41,1,0.23098607740561503,-1.202229989644749,-0.2526455763199559,-0.12340351046845911,-0.07088812050083343,-0.14285714285714302,-0.12340351046845935,0.0,-0.11878587251846015,-0.07088812050083347,-0.11878587251846015,-0.07088812050083347,-0.07088812050083343,0.0,-0.6261879661168138,-0.36099743619057745,-0.17586311452816514,-0.3333333333333335,-0.27435163058436823,-0.16012815380508677,-0.31076483972568886,-0.14106490488621745,-0.3204846409881355,-0.14106490488621745,-0.17586311452816514,-0.15093078638240207,-0.915341691902398,-0.45714439920785976,-0.24124895481858263,-0.5007101267603481,-0.42008402520840193,-0.26366402215232204,-0.3988012783421799,-0.18503298923501255,-0.4196890020108885,-0.18503298923501255,-0.23840558150220348,-0.24999999999999933,-1.1072154826683405,-0.5830456780137142,-0.41558138688564833,-0.7305300471651187,-0.533120662791234,-0.31448545101657494,-0.5186608870150162,-0.3564594381602972,-0.5514470464473187,-0.37444088065895753,-0.40359288563085766,-0.2870083071156282,1.26057195088232,-1.2022001243052802,0.32353962621313564,-1.1375726468139138,-1.536826662017034,-0.49960314304406733,0,0,1
user_000035,60,0,0.08082046819568105,-1.0169489757075285,-0.2526455763199559,-0.12340351046845911,-0.07088812050083343,-0.14285714285714302,-0.12340351046845935,0.0,-0.11878587251846015,-0.07088812050083347,-0.11878587251846015,-0.07088812050083347,-0.07088812050083343,0.0,0.979422203413478,-0.36099743619057745,-0.17586311452816514,3.0000000000000013,-0.27435163058436823,-0.16012815380508677,-0.31076483972568886,-0.14106490488621745,-0.3204846409881355,-0.14106490488621745,-0.17586311452816514,-0.15093078638240207,0.3300211542233136,-0.45714439920785976,-0.24124895481858263,1.8836238101936904,-0.42008402520840193,-0.26366402215232204,-0.3988012783421799,-0.18503298923501255,-0.4196890020108885,-0.18503298923501255,-0.23840558150220348,-0.24999999999999933,-0.3739601961330157,-0.5830456780137142,-0.41558138688564833,0.7603476001106337,-0.533120662791234,-0.31448545101657494,-0.5186608870150162,-0.3564594381602972,-0.5514470464473187,-0.37444088065895753,-0.40359288563085766,-0.2870083071156282,-0.5410753728917002,-0.9289728233268075,-0.49413231620227016,3.1328187913601093,-1.3161574394288167,3.168811543643141,0,2,2
user_000036,81,0,1.642752383805759,-0.8121646971453373,3.958114029012642,8.103497187428815,-0.07088812050083343,-0.14285714285714302,-0.12340351046845935,0.0,10.158261505782924,-0.07088812050083347,10.158261505782924,-0.07088812050083347,-0.07088812050083343,0.0,2.5850323729437696,2.217555679456404,5.68624070307734,-0.3333333333333335,-0.27435163058436823,-0.16012815380508677,3.043986443909462,9.425325494982841,3.6271555921355483,9.425325494982841,5.68624070307734,-0.15093078638240207,2.8207468464747367,3.6987137754090473,4.145095678246555,-0.5007101267603481,-0.42008402520840193,-0.26366402215232204,5.152743716647867,7.859988870794922,3.033811624526079,7.859988870794922,2.03212376613783,-0.24999999999999933,1.0925503769376341,2.369084337245598,1.8932040958123981,-0.7305300471651187,-0.533120662791234,-0.31448545101657494,3.663726354349823,3.340976156896399,2.397320657145109,3.881652068811142,0.7892924906179826,-0.2870083071156282,-0.657310684099687,-0.6752617581325113,-0.23946100835470044,-0.0394719912834509,0.04848443501548163,-0.3249167293922955,4,3,1
user_000037,28,1,0.1483916656762343,-1.3290012097070578,-0.2526455763199559,-0.12340351046845911,-0.07088812050083343,-0.14285714285714302,-0.12340351046845935,0.0,-0.11878587251846015,-0.07088812050083347,-0.11878587251846015,-0.07088812050083347,-0.07088812050083343,0.0,-0.6261879661168138,-0.36099743619057745,-0.17586311452816514,-0.3333333333333335,-0.27435163058436823,-0.16012815380508677,-0.31076483972568886,-0.14106490488621745,-0.3204846409881355,-0.14106490488621745,-0.17586311452816514,-0.15093078638240207,-0.915341691902398,-0.45714439920785976,-0.24124895481858263,-0.5007101267603481,-0.42008402520840193,-0.26366402215232204,-0.3988012783421799,-0.18503298923501255,-0.4196890020108885,-0.18503298923501255,-0.23840558150220348,-0.24999999999999933,-0.3739601961330157,-0.5830456780137142,-0.41558138688564833,0.7603476001106337,-0.533120662791234,-0.31448545101657494,-0.5186608870150162,-0.3564594381602972,-0.5514470464473187,-0.37444088065895753,-0.40359288563085766,-0.2870083071156282,-0.1342517836780461,-1.2022001243052802,-0.1326352469238803,0.14354478463829307,-0.21281132648772919,1.5966338207771946,3,1,3
user_000038,179,0,-1.2718044070893941,0.14349526947822108,-0.2526455763199559,-0.12340351046845911,-0.07088812050083343,-0.14285714285714302,-0.12340351046845935,0.0,-0.11878587251846015,-0.07088812050083347,-0.11878587251846015,-0.07088812050083347,-0.07088812050083343,0.0,0.979422203413478,-0.36099743619057745,-0.17586311452816514,3.0000000000000013,-0.27435163058436823,-0.16012815380508677,-0.31076483972568886,-0.14106490488621745,-0.3204846409881355,-0.14106490488621745,-0.17586311452816514,-0.15093078638240207,0.3300211542233136,-0.45714439920785976,-0.24124895481858263,1.8836238101936904,-0.42008402520840193,-0.26366402215232204,-0.3988012783421799,-0.18503298923501255,-0.4196890020108885,-0.18503298923501255,-0.23840558150220348,-0.24999999999999933,0.35929509040230917,-0.5830456780137142,-0.41558138688564833,0.7603476001106337,1.3052264502819868,-0.31448545101657494,-0.5186608870150162,-0.3564594381602972,-0.5514470464473187,-0.37444088065895753,-0.40359288563085766,-0.2870083071156282,-0.599193028520311,0.23224320583170202,-0.3859183886947234,0.6239638214328707,0.21648662317418157,0.5485153388665637,4,1,0
user_000039,135,0,0.09591354238676364,-0.2855765522711317,-0.2526455763199559,-0.12340351046845911,-0.07088812050083343,-0.14285714285714302,-0.12340351046845935,0.0,-0.11878587251846015,-0.07088812050083347,-0.11878587251846015,-0.07088812050083347,-0.07088812050083343,0.0,0.979422203413478,-0.36099743619057745,-0.17586311452816514,-0.3333333333333335,3.644957377763749,-0.16012815380508677,-0.31076483972568886,-0.14106490488621745,-0.3204846409881355,-0.14106490488621745,-0.17586311452816514,-0.15093078638240207,0.3300211542233136,-0.45714439920785976,-0.24124895481858263,-0.5007101267603481,2.3804761428476113,-0.26366402215232204,-0.3988012783421799,-0.18503298923501255,-0.4196890020108885,-0.18503298923501255,-0.23840558150220348,-0.24999999999999933,-0.3739601961330157,-0.5830456780137142,-0.41558138688564833,-0.7305300471651187,1.3052264502819868,-0.31448545101657494,-0.5186608870150162,-0.3564594381602972,-0.5514470464473187,-0.37444088065895753,-0.40359288563085766,-0.2870083071156282,-0.6379381322722193,-0.12880715617556565,-0.2677981722978109,-0.03438819195229136,0.8188166328272405,-0.3249167293922955,0,2,4
user_000040,110,0,-1.034280603421045,-0.5293673600832639,-0.2526455763199559,-0.12340351046845911,-0.07088812050083343,-0.14285714285714302,-0.12340351046845935,0.0,-0.11878587251846015,-0.07088812050083347,-0.11878587251846015,-0.07088812050083347,-0.07088812050083343,0.0,0.979422203413478,-0.36099743619057745,-0.17586311452816514,-0.3333333333333335,3.644957377763749,-0.16012815380508677,-0.31076483972568886,-0.14106490488621745,-0.3204846409881355,-0.14106490488621745,-0.17586311452816514,-0.15093078638240207,0.3300211542233136,-0.45714439920785976,-0.24124895481858263,-0.5007101267603481,2.3804761428476113,-0.26366402215232204,-0.3988012783421799,-0.18503298923501255,-0.4196890020108885,-0.18503298923501255,-0.23840558150220348,-0.24999999999999933,0.35929509040230917,-0.5830456780137142,-0.41558138688564833,-0.7305300471651187,3.1435735633552078,-0.31448545101657494,-0.5186608870150162,-0.3564594381602972,-0.5514470464473187,-0.37444088065895753,-0.40359288563085766,-0.2870083071156282,-0.6185655804173276,-0.7826010549454827,-0.31376350537534237,0.4424721853104748,0.027607651719944473,0.024456097911248156,4,2,4
user_000041,62,0,0.449374910223819,-0.9974457110825579,-0.2526455763199559,-0.12340351046845911,-0.07088812050083343,-0.14285714285714302,-0.12340351046845935,0.0,-0.11878587251846015,-0.07088812050083347,-0.11878587251846015,-0.07088812050083347,-0.07088812050083343,0.0,-0.6261879661168138,-0.36099743619057745,-0.17586311452816514,-0.3333333333333335,-0.27435163058436823,-0.16012815380508677,-0.31076483972568886,-0.14106490488621745,-0.3204846409881355,-0.14106490488621745,-0.17586311452816514,-0.15093078638240207,0.3300211542233136,-0.45714439920785976,-0.24124895481858263,1.8836238101936904,-0.42008402520840193,-0.26366402215232204,-0.3988012783421799,-0.18503298923501255,-0.4196890020108885,-0.18503298923501255,-0.23840558150220348,-0.24999999999999933,0.35929509040230917,-0.5830456780137142,-0.41558138688564833,0.7603476001106337,1.3052264502819868,-0.31448545101657494,-0.5186608870150162,-0.3564594381602972,-0.5514470464473187,-0.37444088065895753,-0.40359288563085766,-0.2870083071156282,-0.5023302692120671,-0.9094565875426308,-0.2985170189737042,0.4638241425013448,0.04538651921250493,0.19914251156301999,2,4,4
user_000042,362,0,1.043197726050359,1.9280439826630291,-0.2526455763199559,-0.12340351046845911,-0.07088812050083343,-0.14285714285714302,-0.12340351046845935,0.0,-0.11878587251846015,-0.07088812050083347,-0.11878587251846015,-0.07088812050083347,-0.07088812050083343,0.0,-0.6261879661168138,-0.36099743619057745,-0.17586311452816514,-0.3333333333333335,-0.27435163058436823,-0.16012815380508677,-0.31076483972568886,-0.14106490488621745,-0.3204846409881355,-0.14106490488621745,-0.17586311452816514,-0.15093078638240207,1.5753840003490254,1.6207846881005938,-0.24124895481858263,-0.5007101267603481,2.3804761428476113,-0.26366402215232204,1.5236384147875077,-0.18503298923501255,1.9721304611095087,-0.18503298923501255,-0.23840558150220348,-0.24999999999999933,1.0925503769376341,0.8930193296159419,1.8932040958123981,-0.7305300471651187,1.3052264502819868,-0.31448545101657494,0.9296543571368248,3.3181800532484758,1.490805365924644,3.8554116290476936,1.9821778668668228,-0.2870083071156282,-0.4635851654738975,1.969188190623422,-0.3444307237374948,0.24267887159590415,0.04247306748129111,0.37382892521479183,2,4,2
user_000043,249,0,-0.4084053807549455,0.8261095313521915,-0.2526455763199559,-0.12340351046845911,-0.07088812050083343,-0.14285714285714302,-0.12340351046845935,0.0,-0.11878587251846015,-0.07088812050083347,-0.11878587251846015,-0.07088812050083347,-0.07088812050083343,0.0,-0.6261879661168138,-0.36099743619057745,-0.17586311452816514,-0.3333333333333335,-0.27435163058436823,-0.16012815380508677,-0.31076483972568886,-0.14106490488621745,-0.3204846409881355,-0.14106490488621745,-0.17586311452816514,-0.15093078638240207,1.5753840003490254,1.6207846881005938,-0.24124895481858263,1.8836238101936904,-0.42008402520840193,-0.26366402215232204,2.5478330506905253,-0.18503298923501255,3.2463908048440424,-0.18503298923501255,-0.23840558150220348,-0.24999999999999933,0.35929509040230917,0.8930193296159419,-0.41558138688564833,0.7603476001106337,-0.533120662791234,-0.31448545101657494,1.701255520730162,-0.3564594381602972,2.5788311559592754,-0.37444088065895753,-0.40359288563085766,-0.2870083071156282,-0.4829577173832095,0.8079721614649126,-0.4466257440181899,1.0891314602339692,1.1565726298542505,1.072574579821879,4,1,0
user_000044,79,0,0.2153075103651538,-0.831667961770308,-0.2526455763199559,-0.12340351046845911,-0.07088812050083343,-0.14285714285714302,-0.12340351046845935,0.0,-0.11878587251846015,-0.07088812050083347,-0.11878587251846015,-0.07088812050083347,-0.07088812050083343,0.0,0.979422203413478,-0.36099743619057745,-0.17586311452816514,-0.3333333333333335,3.644957377763749,-0.16012815380508677,-0.31076483972568886,-0.14106490488621745,-0.3204846409881355,-0.14106490488621745,-0.17586311452816514,-0.15093078638240207,0.3300211542233136,-0.45714439920785976,-0.24124895481858263,-0.5007101267603481,2.3804761428476113,-0.26366402215232204,-0.3988012783421799,-0.18503298923501255,-0.4196890020108885,-0.18503298923501255,-0.23840558150220348,-0.24999999999999933,1.0925503769376341,-0.5830456780137142,1.8932040958123981,0.7603476001106337,1.3052264502819868,-0.31448545101657494,-0.5186608870150162,0.5781808114045448,-0.5514470464473187,0.7014171496424197,1.9821778668668228,-0.2870083071156282,-0.5798204767477982,-0.7630848191613061,-0.32813876398260133,0.5278800140739554,-0.5948391919638568,0.7232017525183355,3,3,1
user_000045,254,1,0.35262554352792835,0.8748676929146179,-0.2526455763199559,-0.12340351046845911,-0.07088812050083343,-0.14285714285714302,-0.12340351046845935,0.0,-0.11878587251846015,-0.07088812050083347,-0.11878587251846015,-0.07088812050083347,-0.07088812050083343,0.0,-0.6261879661168138,-0.36099743619057745,-0.17586311452816514,-0.3333333333333335,-0.27435163058436823,-0.16012815380508677,-0.31076483972568886,-0.14106490488621745,-0.3204846409881355,-0.14106490488621745,-0.17586311452816514,-0.15093078638240207,-0.915341691902398,-0.45714439920785976,-0.24124895481858263,-0.5007101267603481,-0.42008402520840193,-0.26366402215232204,-0.3988012783421799,-0.18503298923501255,-0.4196890020108885,-0.18503298923501255,-0.23840558150220348,-0.24999999999999933,-1.1072154826683405,-0.5830456780137142,-0.41558138688564833,-0.7305300471651187,-0.533120662791234,-0.31448545101657494,-0.5186608870150162,-0.3564594381602972,-0.5514470464473187,-0.37444088065895753,-0.40359288563085766,-0.2870083071156282,0.7956307059135734,0.9836182835225022,-0.2901896207784319,-0.0117421767498531,0.5580324183614122,0.024456097911248156,4,1,2
user_000046,264,0,0.9855000670752354,0.9723840160394708,-0.2526455763199559,-0.12340351046845911,-0.07088812050083343,-0.14285714285714302,-0.12340351046845935,0.0,-0.11878587251846015,-0.07088812050083347,-0.11878587251846015,-0.07088812050083347,-0.07088812050083343,0.0,-0.6261879661168138,-0.36099743619057745,-0.17586311452816514,-0.3333333333333335,-0.27435163058436823,-0.16012815380508677,-0.31076483972568886,-0.14106490488621745,-0.3204846409881355,-0.14106490488621745,-0.17586311452816514,-0.15093078638240207,-0.915341691902398,-0.45714439920785976,-0.24124895481858263,-0.5007101267603481,-0.42008402520840193,-0.26366402215232204,-0.3988012783421799,-0.18503298923501255,-0.4196890020108885,-0.18503298923501255,-0.23840558150220348,-0.24999999999999933,-1.1072154826683405,-0.5830456780137142,-0.41558138688564833,-0.7305300471651187,-0.533120662791234,-0.31448545101657494,-0.5186608870150162,-0.3564594381602972,-0.5514470464473187,-0.37444088065895753,-0.40359288563085766,-0.2870083071156282,0.1563364942245005,0.6323260394073229,-0.3617935165279211,0.4104442495241695,-0.32420724014455743,0.5485153388665637,2,2,2
user_000047,35,0,1.2239320499929047,-1.2607397835196608,-0.2526455763199559,-0.12340351046845911,-0.07088812050083343,-0.14285714285714302,-0.12340351046845935,0.0,-0.11878587251846015,-0.07088812050083347,-0.11878587251846015,-0.07088812050083347,-0.07088812050083343,0.0,0.979422203413478,-0.36099743619057745,-0.17586311452816514,3.0000000000000013,-0.27435163058436823,-0.16012815380508677,-0.31076483972568886,-0.14106490488621745,-0.3204846409881355,-0.14106490488621745,-0.17586311452816514,-0.15093078638240207,1.5753840003490254,-0.45714439920785976,-0.24124895481858263,4.267957747147729,-0.42008402520840193,-0.26366402215232204,-0.3988012783421799,-0.18503298923501255,-0.4196890020108885,-0.18503298923501255,-0.23840558150220348,-0.24999999999999933,0.35929509040230917,-0.5830456780137142,-0.41558138688564833,2.2512252473863863,-0.533120662791234,-0.31448545101657494,-0.5186608870150162,-0.3564594381602972,-0.5514470464473187,-0.37444088065895753,-0.40359288563085766,-0.2870083071156282,-0.6185655805398,-1.3876043642549583,1.083831081441495,-1.351092218722615,-1.7574958846052517,-0.8489759703476111,2,0,1
user_000048,217,0,0.7266989209942427,0.5140572973526621,-0.2526455763199559,-0.12340351046845911,-0.07088812050083343,-0.14285714285714302,-0.12340351046845935,0.0,-0.11878587251846015,-0.07088812050083347,-0.11878587251846015,-0.07088812050083347,-0.07088812050083343,0.0,-0.6261879661168138,-0.36099743619057745,-0.17586311452816514,-0.3333333333333335,-0.27435163058436823,-0.16012815380508677,-0.31076483972568886,-0.14106490488621745,-0.3204846409881355,-0.14106490488621745,-0.17586311452816514,-0.15093078638240207,0.3300211542233136,1.6207846881005938,-0.24124895481858263,-0.5007101267603481,-0.42008402520840193,-0.26366402215232204,2.2930048333686117,-0.18503298923501255,2.9293441416269657,-0.18503298923501255,-0.23840558150220348,-0.24999999999999933,-0.3739601961330157,0.8930193296159419,-0.41558138688564833,-0.7305300471651187,-0.533120662791234,-0.31448545101657494,1.5092746783108475,-0.3564594381602972,2.308121212013576,-0.37444088065895753,-0.40359288563085766,-0.2870083071156282,-0.4442126137183309,0.5542610962706164,-0.2605867357306042,-0.12616414829901373,-0.10640370333366136,0.024456097911248156,4,0,2
user_000049,155,0,-1.4695180236639178,-0.09054390602142588,-0.2526455763199559,-0.12340351046845911,-0.07088812050083343,-0.14285714285714302,-0.12340351046845935,0.0,-0.11878587251846015,-0.07088812050083347,-0.11878587251846015,-0.07088812050083347,-0.07088812050083343,0.0,-0.6261879661168138,-0.36099743619057745,-0.17586311452816514,-0.3333333333333335,-0.27435163058436823,-0.16012815380508677,-0.31076483972568886,-0.14106490488621745,-0.3204846409881355,-0.14106490488621745,-0.17586311452816514,-0.15093078638240207,0.3300211542233136,-0.45714439920785976,-0.24124895481858263,-0.5007101267603481,2.3804761428476113,-0.26366402215232204,-0.3988012783421799,-0.18503298923501255,-0.4196890020108885,-0.18503298923501255,-0.23840558150220348,-0.24999999999999933,0.35929509040230917,-0.5830456780137142,-0.41558138688564833,0.7603476001106337,1.3052264502819868,-0.31448545101657494,-0.5186608870150162,-0.3564594381602972,-0.5514470464473187,-0.37444088065895753,-0.40359288563085766,-0.2870083071156282,-0.4829577174791667,-0.10929092039138902,-0.2758142217041115,0.001198403365825747,-0.04503699808021714,0.024456097911248156,2,0,1
user_000050,32,1,1.5381886835690146,-1.2899946804571165,-0.2526455763199559,-0.12340351046845911,-0.07088812050083343,-0.14285714285714302,-0.12340351046845935,0.0,-0.11878587251846015,-0.07088812050083347,-0.11878587251846015,-0.07088812050083347,-0.07088812050083343,0.0,-0.6261879661168138,-0.36099743619057745,-0.17586311452816514,-0.3333333333333335,-0.27435163058436823,-0.16012815380508677,-0.31076483972568886,-0.14106490488621745,-0.3204846409881355,-0.14106490488621745,-0.17586311452816514,-0.15093078638240207,-0.915341691902398,-0.45714439920785976,-0.24124895481858263,-0.5007101267603481,-0.42008402520840193,-0.26366402215232204,-0.3988012783421799,-0.18503298923501255,-0.4196890020108885,-0.18503298923501255,-0.23840558150220348,-0.24999999999999933,-1.1072154826683405,-0.5830456780137142,-0.41558138688564833,-0.7305300471651187,-0.533120662791234,-0.31448545101657494,-0.5186608870150162,-0.3564594381602972,-0.5514470464473187,-0.37444088065895753,-0.40359288563085766,-0.2870083071156282,2.752258444546774,-1.1729257706290153,-0.002299568884732925,-0.49701393108781045,-1.4454224772226671,0.024456097911248156,3,2,3
user_000051,261,1,-0.5425198365657226,0.9431291191020149,-0.2526455763199559,-0.12340351046845911,-0.07088812050083343,-0.14285714285714302,-0.12340351046845935,0.0,-0.11878587251846015,-0.07088812050083347,-0.11878587251846015,-0.07088812050083347,-0.07088812050083343,0.0,-0.6261879661168138,-0.36099743619057745,-0.17586311452816514,-0.3333333333333335,-0.27435163058436823,-0.16012815380508677,-0.31076483972568886,-0.14106490488621745,-0.3204846409881355,-0.14106490488621745,-0.17586311452816514,-0.15093078638240207,-0.915341691902398,-0.45714439920785976,-0.24124895481858263,-0.5007101267603481,-0.42008402520840193,-0.26366402215232204,-0.3988012783421799,-0.18503298923501255,-0.4196890020108885,-0.18503298923501255,-0.23840558150220348,-0.24999999999999933,-1.1072154826683405,-0.5830456780137142,-0.41558138688564833,-0.7305300471651187,-0.533120662791234,-0.31448545101657494,-0.5186608870150162,-0.3564594381602972,-0.5514470464473187,-0.37444088065895753,-0.40359288563085766,-0.2870083071156282,0.5244149796670013,0.8665208688174425,-0.2635208645328131,-0.1282073977909631,-0.1715473553383341,-0.49960314304406733,1,3,0
user_000052,361,0,0.9794355587546835,1.918292350350544,-0.2526455763199559,-0.12340351046845911,-0.07088812050083343,-0.14285714285714302,-0.12340351046845935,0.0,-0.11878587251846015,-0.07088812050083347,-0.11878587251846015,-0.07088812050083347,-0.07088812050083343,0.0,-0.6261879661168138,-0.36099743619057745,-0.17586311452816514,-0.3333333333333335,-0.27435163058436823,-0.16012815380508677,-0.31076483972568886,-0.14106490488621745,-0.3204846409881355,-0.14106490488621745,-0.17586311452816514,-0.15093078638240207,0.3300211542233136,-0.45714439920785976,-0.24124895481858263,1.8836238101936904,-0.42008402520840193,-0.26366402215232204,-0.3988012783421799,-0.18503298923501255,-0.4196890020108885,-0.18503298923501255,-0.23840558150220348,-0.24999999999999933,0.35929509040230917,-0.5830456780137142,-0.41558138688564833,2.2512252473863863,-0.533120662791234,-0.31448545101657494,-0.5186608870150162,-0.3564594381602972,-0.5514470464473187,-0.37444088065895753,-0.40359288563085766,-0.2870083071156282,-0.5217028212624014,1.9496719548392454,-0.4564145390642334,1.1094666575586083,1.017626387941729,0.37382892521479183,2,4,4
user_000053,315,0,0.9848779809227707,1.4697172639762206,-0.2526455763199559,-0.12340351046845911,-0.07088812050083343,-0.14285714285714302,-0.12340351046845935,0.0,-0.11878587251846015,-0.07088812050083347,-0.11878587251846015,-0.07088812050083347,-0.07088812050083343,0.0,-0.6261879661168138,-0.36099743619057745,-0.17586311452816514,-0.3333333333333335,-0.27435163058436823,-0.16012815380508677,-0.31076483972568886,-0.14106490488621745,-0.3204846409881355,-0.14106490488621745,-0.17586311452816514,-0.15093078638240207,-0.915341691902398,-0.45714439920785976,-0.24124895481858263,-0.5007101267603481,-0.42008402520840193,-0.26366402215232204,-0.3988012783421799,-0.18503298923501255,-0.4196890020108885,-0.18503298923501255,-0.23840558150220348,-0.24999999999999933,0.35929509040230917,-0.5830456780137142,1.8932040958123981,0.7603476001106337,-0.533120662791234,-0.31448545101657494,-0.5186608870150162,2.9813984273958845,-0.5514470464473187,3.467744591596481,1.9821778668668228,-0.2870083071156282,-0.38609495821368933,1.500798531803183,-0.1749296060226764,-0.4711327708564527,-0.29499487444914196,-0.49960314304406733,3,1,4
user_000054,56,0,-0.18511304532319584,-1.0559555049574696,-0.2526455763199559,-0.12340351046845911,-0.07088812050083343,-0.14285714285714302,-0.12340351046845935,0.0,-0.11878587251846015,-0.07088812050083347,-0.11878587251846015,-0.07088812050083347,-0.07088812050083343,0.0,0.979422203413478,-0.36099743619057745,-0.17586311452816514,-0.3333333333333335,-0.27435163058436823,-0.16012815380508677,-0.31076483972568886,-0.14106490488621745,-0.3204846409881355,-0.14106490488621745,-0.17586311452816514,-0.15093078638240207,1.5753840003490254,1.6207846881005938,-0.24124895481858263,-0.5007101267603481,-0.42008402520840193,-0.26366402215232204,0.8069950756523169,-0.18503298923501255,1.0805126419473088,-0.18503298923501255,-0.23840558150220348,-0.24999999999999933,1.0925503769376341,0.8930193296159419,1.8932040958123981,-0.7305300471651187,-0.533120662791234,-0.31448545101657494,0.3897542102564534,2.9804742610317794,0.7294984737555121,3.466680789984449,1.9821778668668228,-0.2870083071156282,-0.5410753732062473,-0.9777634127872491,-0.10412431735281677,-0.41160610232432987,-0.0054322837373295945,-0.49960314304406733,4,3,4
user_000055,175,1,0.638924893546212,0.10448874022827992,-0.2526455763199559,-0.12340351046845911,-0.07088812050083343,-0.14285714285714302,-0.12340351046845935,0.0,-0.11878587251846015,-0.07088812050083347,-0.11878587251846015,-0.07088812050083347,-0.07088812050083343,0.0,-0.6261879661168138,-0.36099743619057745,-0.17586311452816514,-0.3333333333333335,-0.27435163058436823,-0.16012815380508677,-0.31076483972568886,-0.14106490488621745,-0.3204846409881355,-0.14106490488621745,-0.17586311452816514,-0.15093078638240207,-0.915341691902398,-0.45714439920785976,-0.24124895481858263,-0.5007101267603481,-0.42008402520840193,-0.26366402215232204,-0.3988012783421799,-0.18503298923501255,-0.4196890020108885,-0.18503298923501255,-0.23840558150220348,-0.24999999999999933,-1.1072154826683405,-0.5830456780137142,-0.41558138688564833,-0.7305300471651187,-0.533120662791234,-0.31448545101657494,-0.5186608870150162,-0.3564594381602972,-0.5514470464473187,-0.37444088065895753,-0.40359288563085766,-0.2870083071156282,2.151709336515095,-0.10929092039138902,-0.19257063171560493,-0.34449995115302406,-0.748229850598052,0.024456097911248156,3,0,0
user_000056,72,0,0.568901944758886,-0.8999293879577049,-0.2526455763199559,-0.12340351046845911,-0.07088812050083343,-0.14285714285714302,-0.12340351046845935,0.0,-0.11878587251846015,-0.07088812050083347,-0.11878587251846015,-0.07088812050083347,-0.07088812050083343,0.0,-0.6261879661168138,-0.36099743619057745,-0.17586311452816514,-0.3333333333333335,-0.27435163058436823,-0.16012815380508677,-0.31076483972568886,-0.14106490488621745,-0.3204846409881355,-0.14106490488621745,-0.17586311452816514,-0.15093078638240207,-0.915341691902398,-0.45714439920785976,-0.24124895481858263,-0.5007101267603481,-0.42008402520840193,-0.26366402215232204,-0.3988012783421799,-0.18503298923501255,-0.4196890020108885,-0.18503298923501255,-0.23840558150220348,-0.24999999999999933,-1.1072154826683405,-0.5830456780137142,-0.41558138688564833,-0.7305300471651187,-0.533120662791234,-0.31448545101657494,-0.5186608870150162,-0.3564594381602972,-0.5514470464473187,-0.37444088065895753,-0.40359288563085766,-0.2870083071156282,-0.05676157651513157,-1.1826838885211037,0.0278707269576623,-0.5681871217240443,-1.0073647699208044,0.024456097911248156,0,0,4
user_000057,124,0,-0.135525792977532,-0.3928445077084699,-0.2526455763199559,-0.12340351046845911,-0.07088812050083343,-0.14285714285714302,-0.12340351046845935,0.0,-0.11878587251846015,-0.07088812050083347,-0.11878587251846015,-0.07088812050083347,-0.07088812050083343,0.0,2.5850323729437696,2.217555679456404,-0.17586311452816514,-0.3333333333333335,3.644957377763749,-0.16012815380508677,1.4501532465092601,-0.14106490488621745,1.7516424697059694,-0.14106490488621745,-0.17586311452816514,-0.15093078638240207,1.5753840003490254,1.6207846881005938,-0.24124895481858263,-0.5007101267603481,2.3804761428476113,-0.26366402215232204,0.918299354482578,-0.18503298923501255,1.2189927936972962,-0.18503298923501255,-0.23840558150220348,-0.24999999999999933,2.5590609500082837,2.369084337245598,-0.41558138688564833,0.7603476001106337,3.1435735633552078,-0.31448545101657494,1.2076955771923839,-0.3564594381602972,0.6657104984579623,-0.37444088065895753,-0.40359288563085766,-0.2870083071156282,-0.6379381325706222,-0.6264711686720698,-0.27383223146628993,0.11304198865133586,0.06764221044316451,0.5485153388665637,4,1,4
user_000058,148,0,-0.2886687663931123,-0.15880533220882292,-0.2526455763199559,-0.12340351046845911,-0.07088812050083343,-0.14285714285714302,-0.12340351046845935,0.0,-0.11878587251846015,-0.07088812050083347,-0.11878587251846015,-0.07088812050083347,-0.07088812050083343,0.0,0.979422203413478,-0.36099743619057745,5.68624070307734,-0.3333333333333335,-0.27435163058436823,-0.16012815380508677,-0.31076483972568886,7.758928433660097,-0.3204846409881355,7.758928433660097,5.68624070307734,-0.15093078638240207,1.5753840003490254,-0.45714439920785976,4.145095678246555,-0.5007101267603481,-0.42008402520840193,-0.26366402215232204,-0.3988012783421799,6.458603371619118,-0.4196890020108885,6.458603371619118,4.302653113777863,-0.24999999999999933,2.5590609500082837,-0.5830456780137142,6.5107750612084905,-0.7305300471651187,1.3052264502819868,-0.31448545101657494,-0.5186608870150162,6.987428574199971,-0.5514470464473187,2.443392289344304,6.753719371862185,-0.2870083071156282,-0.5410753732345267,-0.1580815098518306,-0.03932675014585435,-0.773333377087306,-0.9019609424089172,-0.49960314304406733,4,1,3
user_000059,196,0,1.051950178815785,0.30927301879047103,-0.2526455763199559,-0.12340351046845911,-0.07088812050083343,-0.14285714285714302,-0.12340351046845935,0.0,-0.11878587251846015,-0.07088812050083347,-0.11878587251846015,-0.07088812050083347,-0.07088812050083343,0.0,-0.6261879661168138,-0.36099743619057745,-0.17586311452816514,-0.3333333333333335,-0.27435163058436823,-0.16012815380508677,-0.31076483972568886,-0.14106490488621745,-0.3204846409881355,-0.14106490488621745,-0.17586311452816514,-0.15093078638240207,-0.915341691902398,-0.45714439920785976,-0.24124895481858263,-0.5007101267603481,-0.42008402520840193,-0.26366402215232204,-0.3988012783421799,-0.18503298923501255,-0.4196890020108885,-0.18503298923501255,-0.23840558150220348,-0.24999999999999933,0.35929509040230917,0.8930193296159419,-0.41558138688564833,0.7603476001106337,-0.533120662791234,-0.31448545101657494,0.5677594357946685,-0.3564594381602972,0.980501563544245,-0.37444088065895753,-0.40359288563085766,-0.2870083071156282,-0.25048709522394136,0.14442014480290719,-0.32713925724917226,0.24209227936538594,-0.29216792687888815,0.37382892521479183,1,0,3
user_000060,120,0,1.3077140807406264,-0.43185103695841104,-0.2526455763199559,-0.12340351046845911,-0.07088812050083343,-0.14285714285714302,-0.12340351046845935,0.0,-0.11878587251846015,-0.07088812050083347,-0.11878587251846015,-0.07088812050083347,-0.07088812050083343,0.0,0.979422203413478,2.217555679456404,-0.17586311452816514,-0.3333333333333335,-0.27435163058436823,-0.16012815380508677,0.053428003906298344,-0.14106490488621745,0.10807241155719827,-0.14106490488621745,-0.17586311452816514,-0.15093078638240207,0.3300211542233136,1.6207846881005938,-0.24124895481858263,-0.5007101267603481,-0.42008402520840193,-0.26366402215232204,-0.12639870120496155,-0.18503298923501255,-0.0807770516753929,-0.18503298923501255,-0.23840558150220348,-0.24999999999999933,1.8258056634729591,3.8451493448752543,1.8932040958123981,-0.7305300471651187,-0.533120662791234,-0.31448545101657494,2.4500543620438107,1.7772866688307634,0.8439365215793008,2.081699741253531,0.3916640318683691,-0.2870083071156282,-0.5798204770049314,-0.3727601034777735,-0.3503550727392742,0.49051408898993243,0.6368859353588713,0.5485153388665637,0,0,1
user_000061,108,0,0.5161510350282277,-0.5488706247082346,-0.2526455763199559,-0.12340351046845911,-0.07088812050083343,-0.14285714285714302,-0.12340351046845935,0.0,-0.11878587251846015,-0.07088812050083347,-0.11878587251846015,-0.07088812050083347,-0.07088812050083343,0.0,-0.6261879661168138,-0.36099743619057745,-0.17586311452816514,-0.3333333333333335,-0.27435163058436823,-0.16012815380508677,-0.31076483972568886,-0.14106490488621745,-0.3204846409881355,-0.14106490488621745,-0.17586311452816514,-0.15093078638240207,-0.915341691902398,-0.45714439920785976,-0.24124895481858263,-0.5007101267603481,-0.42008402520840193,-0.26366402215232204,-0.3988012783421799,-0.18503298923501255,-0.4196890020108885,-0.18503298923501255,-0.23840558150220348,-0.24999999999999933,-0.3739601961330157,-0.5830456780137142,-0.41558138688564833,0.7603476001106337,-0.533120662791234,-0.31448545101657494,-0.5186608870150162,-0.3564594381602972,-0.5514470464473187,-0.37444088065895753,-0.40359288563085766,-0.2870083071156282,-0.3279773027215568,-0.5484062255353632,-0.44501586657205416,1.46736613047224,2.4880790270023962,-0.15023031574052367,4,1,2
user_000062,113,1,1.3452787696905284,-0.500112463145808,-0.2526455763199559,-0.12340351046845911,-0.07088812050083343,-0.14285714285714302,-0.12340351046845935,0.0,-0.11878587251846015,-0.07088812050083347,-0.11878587251846015,-0.07088812050083347,-0.07088812050083343,0.0,-0.6261879661168138,-0.36099743619057745,-0.17586311452816514,-0.3333333333333335,-0.27435163058436823,-0.16012815380508677,-0.31076483972568886,-0.14106490488621745,-0.3204846409881355,-0.14106490488621745,-0.17586311452816514,-0.15093078638240207,-0.915341691902398,-0.45714439920785976,-0.24124895481858263,-0.5007101267603481,-0.42008402520840193,-0.26366402215232204,-0.3988012783421799,-0.18503298923501255,-0.4196890020108885,-0.18503298923501255,-0.23840558150220348,-0.24999999999999933,-1.1072154826683405,-0.5830456780137142,-0.41558138688564833,-0.7305300471651187,-0.533120662791234,-0.31448545101657494,-0.5186608870150162,-0.3564594381602972,-0.5514470464473187,-0.37444088065895753,-0.40359288563085766,-0.2870083071156282,0.4662973238825067,-0.5386481076432749,-0.01981780518031728,-0.7817066936327453,-0.7775102963274517,-0.49960314304406733,0,1,3
user_000063,101,1,0.6770983619929108,-0.6171320508956316,-0.2526455763199559,-0.12340351046845911,-0.07088812050083343,-0.14285714285714302,-0.12340351046845935,0.0,-0.11878587251846015,-0.07088812050083347,-0.11878587251846015,-0.07088812050083347,-0.07088812050083343,0.0,-0.6261879661168138,-0.36099743619057745,-0.17586311452816514,-0.3333333333333335,-0.27435163058436823,-0.16012815380508677,-0.31076483972568886,-0.14106490488621745,-0.3204846409881355,-0.14106490488621745,-0.17586311452816514,-0.15093078638240207,-0.915341691902398,-0.45714439920785976,-0.24124895481858263,-0.5007101267603481,-0.42008402520840193,-0.26366402215232204,-0.3988012783421799,-0.18503298923501255,-0.4196890020108885,-0.18503298923501255,-0.23840558150220348,-0.24999999999999933,-1.1072154826683405,-0.5830456780137142,-0.41558138688564833,-0.7305300471651187,-0.533120662791234,-0.31448545101657494,-0.5186608870150162,-0.3564594381602972,-0.5514470464473187,-0.37444088065895753,-0.40359288563085766,-0.2870083071156282,2.7328858924863364,-0.4898575181828333,-0.06048513943792362,-0.6927402053374531,-0.3869216899848242,-0.49960314304406733,0,2,1
user_000064,65,0,-0.8991947617465261,-0.968190814145102,-0.2526455763199559,-0.12340351046845911,-0.07088812050083343,-0.14285714285714302,-0.12340351046845935,0.0,-0.11878587251846015,-0.07088812050083347,-0.11878587251846015,-0.07088812050083347,-0.07088812050083343,0.0,-0.6261879661168138,-0.36099743619057745,-0.17586311452816514,-0.3333333333333335,-0.27435163058436823,-0.16012815380508677,-0.31076483972568886,-0.14106490488621745,-0.3204846409881355,-0.14106490488621745,-0.17586311452816514,-0.15093078638240207,-0.915341691902398,-0.45714439920785976,-0.24124895481858263,-0.5007101267603481,-0.42008402520840193,-0.26366402215232204,-0.3988012783421799,-0.18503298923501255,-0.4196890020108885,-0.18503298923501255,-0.23840558150220348,-0.24999999999999933,0.35929509040230917,0.8930193296159419,-0.41558138688564833,0.7603476001106337,-0.533120662791234,-0.31448545101657494,0.5478993486478428,-0.3564594381602972,0.9524970865843451,-0.37444088065895753,-0.40359288563085766,-0.2870083071156282,-0.3860949583572241,-1.1436514169527503,-0.08113163221486236,-0.28349435917910926,-1.4454224772226671,0.19914251156301999,3,4,1
user_000065,260,0,-0.5531252411328752,0.9333774867895296,3.958114029012642,-0.12340351046845911,-0.07088812050083343,-0.14285714285714302,-0.12340351046845935,0.0,-0.11878587251846015,-0.07088812050083347,-0.11878587251846015,-0.07088812050083347,-0.07088812050083343,0.0,0.979422203413478,-0.36099743619057745,-0.17586311452816514,-0.3333333333333335,-0.27435163058436823,-0.16012815380508677,-0.31076483972568886,-0.14106490488621745,-0.3204846409881355,-0.14106490488621745,-0.17586311452816514,-0.15093078638240207,0.3300211542233136,-0.45714439920785976,-0.24124895481858263,-0.5007101267603481,-0.42008402520840193,-0.26366402215232204,-0.3988012783421799,-0.18503298923501255,-0.4196890020108885,-0.18503298923501255,-0.23840558150220348,-0.24999999999999933,-0.3739601961330157,-0.5830456780137142,-0.41558138688564833,-0.7305300471651187,-0.533120662791234,-0.31448545101657494,-0.5186608870150162,-0.3564594381602972,-0.5514470464473187,-0.37444088065895753,-0.40359288563085766,-0.2870083071156282,-0.6573106845149491,1.0519251087671204,-0.4159626095363237,0.7841035003643966,0.9777973456542821,0.37382892521479183,1,2,4
user_000066,86,1,-0.5020842366555156,-0.7634065355829109,-0.2526455763199559,-0.12340351046845911,-0.07088812050083343,-0.14285714285714302,-0.12340351046845935,0.0,-0.11878587251846015,-0.07088812050083347,-0.11878587251846015,-0.07088812050083347,-0.07088812050083343,0.0,-0.6261879661168138,-0.36099743619057745,-0.17586311452816514,-0.3333333333333335,-0.27435163058436823,-0.16012815380508677,-0.31076483972568886,-0.14106490488621745,-0.3204846409881355,-0.14106490488621745,-0.17586311452816514,-0.15093078638240207,-0.915341691902398,-0.45714439920785976,-0.24124895481858263,-0.5007101267603481,-0.42008402520840193,-0.26366402215232204,-0.3988012783421799,-0.18503298923501255,-0.4196890020108885,-0.18503298923501255,-0.23840558150220348,-0.24999999999999933,-0.3739601961330157,-0.5830456780137142,-0.41558138688564833,0.7603476001106337,-0.533120662791234,-0.31448545101657494,-0.5186608870150162,-0.3564594381602972,-0.5514470464473187,-0.37444088065895753,-0.40359288563085766,-0.2870083071156282,-0.13425178409149077,-0.7240523475929529,-0.12338845895488665,-0.47032398459922276,-0.3469486799440891,0.024456097911248156,3,4,0
user_000067,219,0,-1.1425834739004115,0.5335605619776327,-0.2526455763199559,-0.12340351046845911,-0.07088812050083343,-0.14285714285714302,-0.12340351046845935,0.0,-0.11878587251846015,-0.07088812050083347,-0.11878587251846015,-0.07088812050083347,-0.07088812050083343,0.0,2.5850323729437696,4.796108795103385,-0.17586311452816514,-0.3333333333333335,-0.27435163058436823,-0.16012815380508677,5.098608436299239,-0.14106490488621745,2.8622042940438774,-0.14106490488621745,-0.17586311452816514,-0.15093078638240207,1.5753840003490254,3.6987137754090473,-0.24124895481858263,-0.5007101267603481,-0.42008402520840193,-0.26366402215232204,3.6472068924701233,-0.18503298923501255,2.0972484929537956,-0.18503298923501255,-0.23840558150220348,-0.24999999999999933,1.0925503769376341,2.369084337245598,1.8932040958123981,-0.7305300471651187,-0.533120662791234,-0.31448545101657494,2.529494710631113,-0.1822540785265074,1.5976372595124104,-0.1739142767909849,0.7892924906179826,-0.2870083071156282,-0.5798204770749615,0.3493406205367618,-0.4140257257339417,0.8374833933415718,0.2792164877341934,0.8978881661701074,0,0,0
user_000068,286,0,0.44090522389133135,1.186919926914147,-0.2526455763199559,-0.12340351046845911,-0.07088812050083343,-0.14285714285714302,-0.12340351046845935,0.0,-0.11878587251846015,-0.07088812050083347,-0.11878587251846015,-0.07088812050083347,-0.07088812050083343,0.0,-0.6261879661168138,-0.36099743619057745,-0.17586311452816514,-0.3333333333333335,-0.27435163058436823,-0.16012815380508677,-0.31076483972568886,-0.14106490488621745,-0.3204846409881355,-0.14106490488621745,-0.17586311452816514,-0.15093078638240207,0.3300211542233136,-0.45714439920785976,-0.24124895481858263,-0.5007101267603481,-0.42008402520840193,3.792705549421863,-0.3988012783421799,-0.18503298923501255,-0.4196890020108885,-0.18503298923501255,-0.23840558150220348,4.749999999999987,-0.3739601961330157,-0.5830456780137142,-0.41558138688564833,-0.7305300471651187,-0.533120662791234,3.17979733805648,-0.5186608870150162,-0.3564594381602972,-0.5514470464473187,-0.37444088065895753,-0.40359288563085766,6.400563897520367,-0.44421261401475587,1.2470874666088867,-0.5483163360324291,2.4744667779749476,2.5840071147549692,2.1206930617325104,1,3,2
user_000069,321,0,-0.4840936381927925,1.5282270578511323,-0.2526455763199559,-0.12340351046845911,-0.07088812050083343,-0.14285714285714302,-0.12340351046845935,0.0,-0.11878587251846015,-0.07088812050083347,-0.11878587251846015,-0.07088812050083347,-0.07088812050083343,0.0,-0.6261879661168138,-0.36099743619057745,-0.17586311452816514,-0.3333333333333335,-0.27435163058436823,-0.16012815380508677,-0.31076483972568886,-0.14106490488621745,-0.3204846409881355,-0.14106490488621745,-0.17586311452816514,-0.15093078638240207,0.3300211542233136,-0.45714439920785976,-0.24124895481858263,1.8836238101936904,-0.42008402520840193,-0.26366402215232204,-0.3988012783421799,-0.18503298923501255,-0.4196890020108885,-0.18503298923501255,-0.23840558150220348,-0.24999999999999933,-0.3739601961330157,-0.5830456780137142,-0.41558138688564833,0.7603476001106337,-0.533120662791234,-0.31448545101657494,-0.5186608870150162,-0.3564594381602972,-0.5514470464473187,-0.37444088065895753,-0.40359288563085766,-0.2870083071156282,-0.4635851659043953,1.4910404139110947,-0.36223821463237826,0.36634781619519846,1.0447337279479267,0.024456097911248156,2,4,4
user_000070,228,0,0.42417210438920533,0.6213252527900003,-0.2526455763199559,-0.12340351046845911,-0.07088812050083343,-0.14285714285714302,-0.12340351046845935,0.0,-0.11878587251846015,-0.07088812050083347,-0.11878587251846015,-0.07088812050083347,-0.07088812050083343,0.0,0.979422203413478,-0.36099743619057745,-0.17586311452816514,-0.3333333333333335,3.644957377763749,-0.16012815380508677,-0.31076483972568886,-0.14106490488621745,-0.3204846409881355,-0.14106490488621745,-0.17586311452816514,-0.15093078638240207,0.3300211542233136,-0.45714439920785976,-0.24124895481858263,-0.5007101267603481,2.3804761428476113,-0.26366402215232204,-0.3988012783421799,-0.18503298923501255,-0.4196890020108885,-0.18503298923501255,-0.23840558150220348,-0.24999999999999933,0.35929509040230917,-0.5830456780137142,1.8932040958123981,-0.7305300471651187,1.3052264502819868,-0.31448545101657494,-0.5186608870150162,1.4265655336529215,-0.5514470464473187,1.6779870294875068,1.9821778668668228,-0.2870083071156282,-0.6185655808839096,0.7689396898965594,-0.26426279842376804,-0.12081278058200343,0.08360467983554132,-0.15023031574052367,3,4,4
user_000071,360,0,0.009965853429124186,1.9085407180380587,-0.2526455763199559,-0.12340351046845911,-0.07088812050083343,-0.14285714285714302,-0.12340351046845935,0.0,-0.11878587251846015,-0.07088812050083347,-0.11878587251846015,-0.07088812050083347,-0.07088812050083343,0.0,0.979422203413478,-0.36099743619057745,-0.17586311452816514,-0.3333333333333335,-0.27435163058436823,6.244997998398383,-0.31076483972568886,-0.14106490488621745,-0.3204846409881355,-0.14106490488621745,-0.17586311452816514,8.473685578326288,0.3300211542233136,-0.45714439920785976,-0.24124895481858263,-0.5007101267603481,-0.42008402520840193,3.792705549421863,-0.3988012783421799,-0.18503298923501255,-0.4196890020108885,-0.18503298923501255,-0.23840558150220348,4.749999999999987,0.35929509040230917,-0.5830456780137142,-0.41558138688564833,0.7603476001106337,-0.533120662791234,3.17979733805648,-0.5186608870150162,-0.3564594381602972,-0.5514470464473187,-0.37444088065895753,-0.40359288563085766,3.0567777952023696,-0.5604479253043732,1.9301557190550689,-0.38840959775792955,0.5278800140739554,0.027607651719944473,0.19914251156301999,2,4,2
user_000072,86,1,-1.1162662356536286,-0.7634065355829109,-0.2526455763199559,-0.12340351046845911,-0.07088812050083343,-0.14285714285714302,-0.12340351046845935,0.0,-0.11878587251846015,-0.07088812050083347,-0.11878587251846015,-0.07088812050083347,-0.07088812050083343,0.0,-0.6261879661168138,-0.36099743619057745,-0.17586311452816514,-0.3333333333333335,-0.27435163058436823,-0.16012815380508677,-0.31076483972568886,-0.14106490488621745,-0.3204846409881355,-0.14106490488621745,-0.17586311452816514,-0.15093078638240207,-0.915341691902398,-0.45714439920785976,-0.24124895481858263,-0.5007101267603481,-0.42008402520840193,-0.26366402215232204,-0.3988012783421799,-0.18503298923501255,-0.4196890020108885,-0.18503298923501255,-0.23840558150220348,-0.24999999999999933,-1.1072154826683405,-0.5830456780137142,-0.41558138688564833,-0.7305300471651187,-0.533120662791234,-0.31448545101657494,-0.5186608870150162,-0.3564594381602972,-0.5514470464473187,-0.37444088065895753,-0.40359288563085766,-0.2870083071156282,1.8998661619577484,-0.9094565875426308,0.11618741115085564,-0.977432967882388,-0.8765446594226898,-0.3249167293922955,3,1,2
user_000073,39,0,0.5286293513806081,-1.2217332542697195,-0.2526455763199559,-0.12340351046845911,-0.07088812050083343,-0.14285714285714302,-0.12340351046845935,0.0,-0.11878587251846015,-0.07088812050083347,-0.11878587251846015,-0.07088812050083347,-0.07088812050083343,0.0,-0.6261879661168138,-0.36099743619057745,-0.17586311452816514,-0.3333333333333335,-0.27435163058436823,-0.16012815380508677,-0.31076483972568886,-0.14106490488621745,-0.3204846409881355,-0.14106490488621745,-0.17586311452816514,-0.15093078638240207,-0.915341691902398,-0.45714439920785976,-0.24124895481858263,-0.5007101267603481,-0.42008402520840193,-0.26366402215232204,-0.3988012783421799,-0.18503298923501255,-0.4196890020108885,-0.18503298923501255,-0.23840558150220348,-0.24999999999999933,-1.1072154826683405,-0.5830456780137142,-0.41558138688564833,-0.7305300471651187,-0.533120662791234,-0.31448545101657494,-0.5186608870150162,-0.3564594381602972,-0.5514470464473187,-0.37444088065895753,-0.40359288563085766,-0.2870083071156282,-0.0373890249132568,-1.3680881284707815,0.6086489219237704,-0.9240530749052127,-1.7574958846052517,-0.49960314304406733,3,4,3
user_000074,170,1,1.4265059225500534,0.055730578665853465,-0.2526455763199559,-0.12340351046845911,-0.07088812050083343,-0.14285714285714302,-0.12340351046845935,0.0,-0.11878587251846015,-0.07088812050083347,-0.11878587251846015,-0.07088812050083347,-0.07088812050083343,0.0,-0.6261879661168138,-0.36099743619057745,-0.17586311452816514,-0.3333333333333335,-0.27435163058436823,-0.16012815380508677,-0.31076483972568886,-0.14106490488621745,-0.3204846409881355,-0.14106490488621745,-0.17586311452816514,-0.15093078638240207,0.3300211542233136,-0.45714439920785976,-0.24124895481858263,1.8836238101936904,-0.42008402520840193,-0.26366402215232204,-0.3988012783421799,-0.18503298923501255,-0.4196890020108885,-0.18503298923501255,-0.23840558150220348,-0.24999999999999933,1.0925503769376341,-0.5830456780137142,1.8932040958123981,2.2512252473863863,-0.533120662791234,-0.31448545101657494,-0.5186608870150162,2.832915698229683,-0.5514470464473187,3.296827132596723,1.9821778668668228,-0.2870083071156282,-0.4054675104104452,0.17369449847917212,-0.061186170408443985,-0.741036298983469,-0.16144671144109815,-0.8489759703476111,3,1,4
user_000075,252,0,-1.5017633770106584,0.8553644282896473,-0.2526455763199559,-0.12340351046845911,-0.07088812050083343,-0.14285714285714302,-0.12340351046845935,0.0,-0.11878587251846015,-0.07088812050083347,-0.11878587251846015,-0.07088812050083347,-0.07088812050083343,0.0,2.5850323729437696,-0.36099743619057745,-0.17586311452816514,-0.3333333333333335,-0.27435163058436823,6.244997998398383,-0.31076483972568886,-0.14106490488621745,-0.3204846409881355,-0.14106490488621745,-0.17586311452816514,4.161377395971942,1.5753840003490254,-0.45714439920785976,-0.24124895481858263,-0.5007101267603481,-0.42008402520840193,3.792705549421863,-0.3988012783421799,-0.18503298923501255,-0.4196890020108885,-0.18503298923501255,-0.23840558150220348,2.249999999999994,1.8258056634729591,-0.5830456780137142,1.8932040958123981,-0.7305300471651187,-0.533120662791234,3.17979733805648,-0.5186608870150162,2.1827646610818254,-0.5514470464473187,2.5484426985324324,1.9821778668668228,1.3848847440433707,-0.5991930291186136,0.9641020477383256,-0.3551820979886997,0.34582648434127317,0.7436796512533982,0.37382892521479183,3,0,3
user_000076,360,0,-1.4016208131195058,1.9085407180380587,-0.2526455763199559,-0.12340351046845911,-0.07088812050083343,-0.14285714285714302,-0.12340351046845935,0.0,-0.11878587251846015,-0.07088812050083347,-0.11878587251846015,-0.07088812050083347,-0.07088812050083343,0.0,-0.6261879661168138,-0.36099743619057745,-0.17586311452816514,-0.3333333333333335,-0.27435163058436823,-0.16012815380508677,-0.31076483972568886,-0.14106490488621745,-0.3204846409881355,-0.14106490488621745,-0.17586311452816514,-0.15093078638240207,1.5753840003490254,1.6207846881005938,-0.24124895481858263,-0.5007101267603481,2.3804761428476113,-0.26366402215232204,2.8134011545662365,-0.18503298923501255,3.576799587966819,-0.18503298923501255,-0.23840558150220348,-0.24999999999999933,1.0925503769376341,0.8930193296159419,-0.41558138688564833,-0.7305300471651187,1.3052264502819868,3.17979733805648,1.90132750976485,-0.3564594381602972,2.860950331259008,-0.37444088065895753,-0.40359288563085766,1.9421824277630368,-0.4829577179327583,1.9887044264075988,-0.3957133697841479,0.5791247113320432,0.8879443338450694,0.024456097911248156,0,2,2
user_000077,174,0,0.8264822051823677,0.09473710791579464,-0.2526455763199559,-0.12340351046845911,-0.07088812050083343,-0.14285714285714302,-0.12340351046845935,0.0,-0.11878587251846015,-0.07088812050083347,-0.11878587251846015,-0.07088812050083347,-0.07088812050083343,0.0,0.979422203413478,-0.36099743619057745,-0.17586311452816514,3.0000000000000013,-0.27435163058436823,-0.16012815380508677,-0.31076483972568886,-0.14106490488621745,-0.3204846409881355,-0.14106490488621745,-0.17586311452816514,-0.15093078638240207,0.3300211542233136,-0.45714439920785976,-0.24124895481858263,1.8836238101936904,-0.42008402520840193,-0.26366402215232204,-0.3988012783421799,-0.18503298923501255,-0.4196890020108885,-0.18503298923501255,-0.23840558150220348,-0.24999999999999933,0.35929509040230917,-0.5830456780137142,-0.41558138688564833,2.2512252473863863,-0.533120662791234,-0.31448545101657494,-0.5186608870150162,-0.3564594381602972,-0.5514470464473187,-0.37444088065895753,-0.40359288563085766,-0.2870083071156282,-0.6185655810776415,0.24200132372379032,-0.38840959775792955,0.6417571190919292,1.5651863531890364,-0.15023031574052367,4,4,4
user_000078,117,1,-0.23860580110732826,-0.4611059338958669,-0.2526455763199559,-0.12340351046845911,-0.07088812050083343,-0.14285714285714302,-0.12340351046845935,0.0,-0.11878587251846015,-0.07088812050083347,-0.11878587251846015,-0.07088812050083347,-0.07088812050083343,0.0,-0.6261879661168138,-0.36099743619057745,-0.17586311452816514,-0.3333333333333335,-0.27435163058436823,-0.16012815380508677,-0.31076483972568886,-0.14106490488621745,-0.3204846409881355,-0.14106490488621745,-0.17586311452816514,-0.15093078638240207,-0.915341691902398,-0.45714439920785976,-0.24124895481858263,-0.5007101267603481,-0.42008402520840193,-0.26366402215232204,-0.3988012783421799,-0.18503298923501255,-0.4196890020108885,-0.18503298923501255,-0.23840558150220348,-0.24999999999999933,-1.1072154826683405,-0.5830456780137142,-0.41558138688564833,-0.7305300471651187,-0.533120662791234,-0.31448545101657494,-0.5186608870150162,-0.3564594381602972,-0.5514470464473187,-0.37444088065895753,-0.40359288563085766,-0.2870083071156282,1.2799445020147262,-0.3044532782331553,-0.13458471219369653,-0.5134385135423258,-0.20323453450194232,-0.49960314304406733,4,1,1
user_000079,40,1,-0.08117475790283328,-1.2119816219572344,-0.2526455763199559,-0.12340351046845911,-0.07088812050083343,-0.14285714285714302,-0.12340351046845935,0.0,-0.11878587251846015,-0.07088812050083347,-0.11878587251846015,-0.07088812050083347,-0.07088812050083343,0.0,-0.6261879661168138,-0.36099743619057745,-0.17586311452816514,-0.3333333333333335,-0.27435163058436823,-0.16012815380508677,-0.31076483972568886,-0.14106490488621745,-0.3204846409881355,-0.14106490488621745,-0.17586311452816514,-0.15093078638240207,-0.915341691902398,-0.45714439920785976,-0.24124895481858263,-0.5007101267603481,-0.42008402520840193,-0.26366402215232204,-0.3988012783421799,-0.18503298923501255,-0.4196890020108885,-0.18503298923501255,-0.23840558150220348,-0.24999999999999933,-1.1072154826683405,-0.5830456780137142,-0.41558138688564833,-0.7305300471651187,-0.533120662791234,-0.31448545101657494,-0.5186608870150162,-0.3564594381602972,-0.5514470464473187,-0.37444088065895753,-0.40359288563085766,-0.2870083071156282,0.23382670109676354,-1.2997813032261634,0.32353962621313564,-0.9240530749052127,-1.7574958846052517,-0.49960314304406733,0,0,0
user_000080,291,0,-0.910658445604245,1.2356780884765737,-0.2526455763199559,-0.12340351046845911,-0.07088812050083343,-0.14285714285714302,-0.12340351046845935,0.0,-0.11878587251846015,-0.07088812050083347,-0.11878587251846015,-0.07088812050083347,-0.07088812050083343,0.0,0.979422203413478,2.217555679456404,-0.17586311452816514,-0.3333333333333335,-0.27435163058436823,-0.16012815380508677,2.5231515169948997,-0.14106490488621745,3.0142729255922216,-0.14106490488621745,-0.17586311452816514,-0.15093078638240207,1.5753840003490254,3.6987137754090473,-0.24124895481858263,-0.5007101267603481,-0.42008402520840193,-0.26366402215232204,4.466367330527923,-0.18503298923501255,2.6068311566302844,-0.18503298923501255,-0.23840558150220348,-0.24999999999999933,0.35929509040230917,2.369084337245598,-0.41558138688564833,-0.7305300471651187,-0.533120662791234,-0.31448545101657494,3.14662852974914,-0.3564594381602972,2.0327438552412262,-0.37444088065895753,-0.40359288563085766,-0.2870083071156282,-0.5798204773787102,1.2861199381772401,-0.2263140155145174,-0.29112005817584874,0.043438993737800836,-0.49960314304406733,4,3,4
user_000081,136,0,0.9710523656840359,-0.2758249199586464,-0.2526455763199559,-0.12340351046845911,-0.07088812050083343,-0.14285714285714302,-0.12340351046845935,0.0,-0.11878587251846015,-0.07088812050083347,-0.11878587251846015,-0.07088812050083347,-0.07088812050083343,0.0,-0.6261879661168138,-0.36099743619057745,-0.17586311452816514,-0.3333333333333335,-0.27435163058436823,-0.16012815380508677,-0.31076483972568886,-0.14106490488621745,-0.3204846409881355,-0.14106490488621745,-0.17586311452816514,-0.15093078638240207,-0.915341691902398,-0.45714439920785976,-0.24124895481858263,-0.5007101267603481,-0.42008402520840193,-0.26366402215232204,-0.3988012783421799,-0.18503298923501255,-0.4196890020108885,-0.18503298923501255,-0.23840558150220348,-0.24999999999999933,-0.3739601961330157,-0.5830456780137142,-0.41558138688564833,0.7603476001106337,-0.533120662791234,-0.31448545101657494,-0.5186608870150162,-0.3564594381602972,-0.5514470464473187,-0.37444088065895753,-0.40359288563085766,-0.2870083071156282,-0.11487923257049812,-0.41179257504612676,-0.06377866229942505,-0.6941089205419961,-0.6077281493781781,-0.49960314304406733,2,3,2
user_000082,138,0,-1.5385862199070865,-0.25632165533367585,-0.2526455763199559,-0.12340351046845911,-0.07088812050083343,-0.14285714285714302,-0.12340351046845935,0.0,-0.11878587251846015,-0.07088812050083347,-0.11878587251846015,-0.07088812050083347,-0.07088812050083343,0.0,-0.6261879661168138,-0.36099743619057745,-0.17586311452816514,-0.3333333333333335,-0.27435163058436823,-0.16012815380508677,-0.31076483972568886,-0.14106490488621745,-0.3204846409881355,-0.14106490488621745,-0.17586311452816514,-0.15093078638240207,-0.915341691902398,-0.45714439920785976,-0.24124895481858263,-0.5007101267603481,-0.42008402520840193,-0.26366402215232204,-0.3988012783421799,-0.18503298923501255,-0.4196890020108885,-0.18503298923501255,-0.23840558150220348,-0.24999999999999933,-1.1072154826683405,-0.5830456780137142,-0.41558138688564833,-0.7305300471651187,-0.533120662791234,-0.31448545101657494,-0.5186608870150162,-0.3564594381602972,-0.5514470464473187,-0.37444088065895753,-0.40359288563085766,-0.2870083071156282,-0.07613412884804518,-0.38251822136986185,-0.3983884987055362,0.8756118883252685,1.3584578942410288,0.37382892521479183,3,3,4
user_000083,45,1,-0.2645304930119144,-1.1632234603948077,-0.2526455763199559,-0.12340351046845911,-0.07088812050083343,-0.14285714285714302,-0.12340351046845935,0.0,-0.11878587251846015,-0.07088812050083347,-0.11878587251846015,-0.07088812050083347,-0.07088812050083343,0.0,-0.6261879661168138,-0.36099743619057745,-0.17586311452816514,-0.3333333333333335,-0.27435163058436823,-0.16012815380508677,-0.31076483972568886,-0.14106490488621745,-0.3204846409881355,-0.14106490488621745,-0.17586311452816514,-0.15093078638240207,-0.915341691902398,-0.45714439920785976,-0.24124895481858263,-0.5007101267603481,-0.42008402520840193,-0.26366402215232204,-0.3988012783421799,-0.18503298923501255,-0.4196890020108885,-0.18503298923501255,-0.23840558150220348,-0.24999999999999933,0.35929509040230917,0.8930193296159419,-0.41558138688564833,-0.7305300471651187,1.3052264502819868,-0.31448545101657494,1.9476677131074434,-0.3564594381602972,2.926294110832108,-0.37444088065895753,-0.40359288563085766,-0.2870083071156282,-0.34734985501790516,-1.007037766463514,-0.056606101401044294,-0.5397178454695505,-0.8275380753649917,-0.49960314304406733,2,3,3
user_000084,131,0,-0.9767526043056843,-0.32458308152107285,-0.2526455763199559,-0.12340351046845911,-0.07088812050083343,-0.14285714285714302,-0.12340351046845935,0.0,-0.11878587251846015,-0.07088812050083347,-0.11878587251846015,-0.07088812050083347,-0.07088812050083343,0.0,-0.6261879661168138,-0.36099743619057745,-0.17586311452816514,-0.3333333333333335,-0.27435163058436823,-0.16012815380508677,-0.31076483972568886,-0.14106490488621745,-0.3204846409881355,-0.14106490488621745,-0.17586311452816514,-0.15093078638240207,0.3300211542233136,-0.45714439920785976,-0.24124895481858263,1.8836238101936904,-0.42008402520840193,-0.26366402215232204,-0.3988012783421799,-0.18503298923501255,-0.4196890020108885,-0.18503298923501255,-0.23840558150220348,-0.24999999999999933,0.35929509040230917,-0.5830456780137142,-0.41558138688564833,0.7603476001106337,1.3052264502819868,-0.31448545101657494,-0.5186608870150162,-0.3564594381602972,-0.5514470464473187,-0.37444088065895753,-0.40359288563085766,-0.2870083071156282,-0.5023302699676433,-0.4703412823986567,-0.3607226834923882,0.6010867244426525,-0.010248775167453027,0.7232017525183355,2,4,3
user_000085,254,0,1.3747263986831368,0.8748676929146179,-0.2526455763199559,-0.12340351046845911,-0.07088812050083343,-0.14285714285714302,-0.12340351046845935,0.0,-0.11878587251846015,-0.07088812050083347,-0.11878587251846015,-0.07088812050083347,-0.07088812050083343,0.0,2.5850323729437696,-0.36099743619057745,-0.17586311452816514,3.0000000000000013,-0.27435163058436823,6.244997998398383,-0.31076483972568886,-0.14106490488621745,-0.3204846409881355,-0.14106490488621745,-0.17586311452816514,4.161377395971942,1.5753840003490254,-0.45714439920785976,-0.24124895481858263,1.8836238101936904,-0.42008402520840193,3.792705549421863,-0.3988012783421799,-0.18503298923501255,-0.4196890020108885,-0.18503298923501255,-0.23840558150220348,2.249999999999994,0.35929509040230917,-0.5830456780137142,-0.41558138688564833,0.7603476001106337,-0.533120662791234,3.17979733805648,-0.5186608870150162,-0.3564594381602972,-0.5514470464473187,-0.37444088065895753,-0.40359288563085766,3.0567777952023696,-0.6379381330520654,1.032408872982944,-0.36790653976226245,0.4244915897813209,0.7340074411375211,0.024456097911248156,0,3,1
user_000086,25,1,-1.0180431568425408,-1.3582561066445136,-0.2526455763199559,-0.12340351046845911,-0.07088812050083343,-0.14285714285714302,-0.12340351046845935,0.0,-0.11878587251846015,-0.07088812050083347,-0.11878587251846015,-0.07088812050083347,-0.07088812050083343,0.0,-0.6261879661168138,-0.36099743619057745,-0.17586311452816514,-0.3333333333333335,-0.27435163058436823,-0.16012815380508677,-0.31076483972568886,-0.14106490488621745,-0.3204846409881355,-0.14106490488621745,-0.17586311452816514,-0.15093078638240207,-0.915341691902398,-0.45714439920785976,-0.24124895481858263,-0.5007101267603481,-0.42008402520840193,-0.26366402215232204,-0.3988012783421799,-0.18503298923501255,-0.4196890020108885,-0.18503298923501255,-0.23840558150220348,-0.24999999999999933,-1.1072154826683405,-0.5830456780137142,-0.41558138688564833,-0.7305300471651187,-0.533120662791234,-0.31448545101657494,-0.5186608870150162,-0.3564594381602972,-0.5514470464473187,-0.37444088065895753,-0.40359288563085766,-0.2870083071156282,1.2993170537700791,-1.4363949537154,4.885288357583294,-2.418690078266121,-1.7574958846052517,-1.7224080386064702,3,2,0
user_000087,100,0,0.1257404110659014,-0.6268836832081168,-0.2526455763199559,-0.12340351046845911,-0.07088812050083343,-0.14285714285714302,-0.12340351046845935,0.0,-0.11878587251846015,-0.07088812050083347,-0.11878587251846015,-0.07088812050083347,-0.07088812050083343,0.0,-0.6261879661168138,-0.36099743619057745,-0.17586311452816514,-0.3333333333333335,-0.27435163058436823,-0.16012815380508677,-0.31076483972568886,-0.14106490488621745,-0.3204846409881355,-0.14106490488621745,-0.17586311452816514,-0.15093078638240207,-0.915341691902398,-0.45714439920785976,-0.24124895481858263,-0.5007101267603481,-0.42008402520840193,-0.26366402215232204,-0.3988012783421799,-0.18503298923501255,-0.4196890020108885,-0.18503298923501255,-0.23840558150220348,-0.24999999999999933,-1.1072154826683405,-0.5830456780137142,-0.41558138688564833,-0.7305300471651187,-0.533120662791234,-0.31448545101657494,-0.5186608870150162,-0.3564594381602972,-0.5514470464473187,-0.37444088065895753,-0.40359288563085766,-0.2870083071156282,-0.07613412889380529,-0.7533267012692179,-0.41533516830456607,1.3179024301361495,0.5009972817133553,1.5966338207771946,2,0,0
user_000088,336,0,-1.3731778366298086,1.6745015425384118,-0.2526455763199559,-0.12340351046845911,-0.07088812050083343,-0.14285714285714302,-0.12340351046845935,0.0,-0.11878587251846015,-0.07088812050083347,-0.11878587251846015,-0.07088812050083347,-0.07088812050083343,0.0,-0.6261879661168138,-0.36099743619057745,-0.17586311452816514,-0.3333333333333335,-0.27435163058436823,-0.16012815380508677,-0.31076483972568886,-0.14106490488621745,-0.3204846409881355,-0.14106490488621745,-0.17586311452816514,-0.15093078638240207,-0.915341691902398,-0.45714439920785976,-0.24124895481858263,-0.5007101267603481,-0.42008402520840193,-0.26366402215232204,-0.3988012783421799,-0.18503298923501255,-0.4196890020108885,-0.18503298923501255,-0.23840558150220348,-0.24999999999999933,1.0925503769376341,-0.5830456780137142,1.8932040958123981,2.2512252473863863,-0.533120662791234,-0.31448545101657494,-0.5186608870150162,3.2277657772935378,-0.5514470464473187,3.7513363713372603,1.9821778668668228,-0.2870083071156282,-0.3667224069245443,1.6374121822924195,-0.3838201454233763,0.5055997109182645,1.7854440943010037,0.024456097911248156,2,2,4
user_000089,281,0,1.621055881739583,1.1381617653517206,-0.2526455763199559,-0.12340351046845911,-0.07088812050083343,-0.14285714285714302,-0.12340351046845935,0.0,-0.11878587251846015,-0.07088812050083347,-0.11878587251846015,-0.07088812050083347,-0.07088812050083343,0.0,-0.6261879661168138,-0.36099743619057745,-0.17586311452816514,-0.3333333333333335,-0.27435163058436823,-0.16012815380508677,-0.31076483972568886,-0.14106490488621745,-0.3204846409881355,-0.14106490488621745,-0.17586311452816514,-0.15093078638240207,0.3300211542233136,-0.45714439920785976,-0.24124895481858263,-0.5007101267603481,2.3804761428476113,-0.26366402215232204,-0.3988012783421799,-0.18503298923501255,-0.4196890020108885,-0.18503298923501255,-0.23840558150220348,-0.24999999999999933,0.35929509040230917,-0.5830456780137142,-0.41558138688564833,0.7603476001106337,1.3052264502819868,-0.31448545101657494,-0.5186608870150162,-0.3564594381602972,-0.5514470464473187,-0.37444088065895753,-0.40359288563085766,-0.2870083071156282,-0.42484006257427104,1.0226507550908555,-0.3210553032196042,0.14354478463829307,0.41210643543173314,-0.15023031574052367,3,2,2
user_000090,88,0,1.2593344073968062,-0.7439032709579403,-0.2526455763199559,-0.12340351046845911,-0.07088812050083343,-0.14285714285714302,-0.12340351046845935,0.0,-0.11878587251846015,-0.07088812050083347,-0.11878587251846015,-0.07088812050083347,-0.07088812050083343,0.0,-0.6261879661168138,-0.36099743619057745,-0.17586311452816514,-0.3333333333333335,-0.27435163058436823,-0.16012815380508677,-0.31076483972568886,-0.14106490488621745,-0.3204846409881355,-0.14106490488621745,-0.17586311452816514,-0.15093078638240207,0.3300211542233136,-0.45714439920785976,-0.24124895481858263,1.8836238101936904,-0.42008402520840193,-0.26366402215232204,-0.3988012783421799,-0.18503298923501255,-0.4196890020108885,-0.18503298923501255,-0.23840558150220348,-0.24999999999999933,0.35929509040230917,-0.5830456780137142,-0.41558138688564833,2.2512252473863863,-0.533120662791234,-0.31448545101657494,-0.5186608870150162,-0.3564594381602972,-0.5514470464473187,-0.37444088065895753,-0.40359288563085766,-0.2870083071156282,-0.42484006261666335,-0.6947779939166879,-0.4466257440181899,1.6381817879992011,3.7415528058833507,-0.3249167293922955,2,2,2
user_000091,30,1,-1.4634302286959473,-1.3094979450820872,-0.2526455763199559,-0.12340351046845911,-0.07088812050083343,-0.14285714285714302,-0.12340351046845935,0.0,-0.11878587251846015,-0.07088812050083347,-0.11878587251846015,-0.07088812050083347,-0.07088812050083343,0.0,-0.6261879661168138,-0.36099743619057745,-0.17586311452816514,-0.3333333333333335,-0.27435163058436823,-0.16012815380508677,-0.31076483972568886,-0.14106490488621745,-0.3204846409881355,-0.14106490488621745,-0.17586311452816514,-0.15093078638240207,-0.915341691902398,-0.45714439920785976,-0.24124895481858263,-0.5007101267603481,-0.42008402520840193,-0.26366402215232204,-0.3988012783421799,-0.18503298923501255,-0.4196890020108885,-0.18503298923501255,-0.23840558150220348,-0.24999999999999933,-1.1072154826683405,-0.5830456780137142,-0.41558138688564833,-0.7305300471651187,-0.533120662791234,-0.31448545101657494,-0.5186608870150162,-0.3564594381602972,-0.5514470464473187,-0.37444088065895753,-0.40359288563085766,-0.2870083071156282,0.07884628595778388,-1.4363949537154,4.885288357583294,-2.418690078266121,-1.7574958846052517,-1.7224080386064702,0,2,0
user_000092,357,0,-0.4974335604996563,1.8792858211006027,-0.2526455763199559,-0.12340351046845911,-0.07088812050083343,-0.14285714285714302,-0.12340351046845935,0.0,-0.11878587251846015,-0.07088812050083347,-0.11878587251846015,-0.07088812050083347,-0.07088812050083343,0.0,-0.6261879661168138,-0.36099743619057745,-0.17586311452816514,-0.3333333333333335,-0.27435163058436823,-0.16012815380508677,-0.31076483972568886,-0.14106490488621745,-0.3204846409881355,-0.14106490488621745,-0.17586311452816514,-0.15093078638240207,-0.915341691902398,-0.45714439920785976,-0.24124895481858263,-0.5007101267603481,-0.42008402520840193,-0.26366402215232204,-0.3988012783421799,-0.18503298923501255,-0.4196890020108885,-0.18503298923501255,-0.23840558150220348,-0.24999999999999933,0.35929509040230917,-0.5830456780137142,1.8932040958123981,-0.7305300471651187,-0.533120662791234,3.17979733805648,-0.5186608870150162,1.2774666935773171,-0.5514470464473187,1.5063603694130614,1.9821778668668228,3.0567777952023696,-0.3473498551457234,1.8911232474867155,-0.33337886799733313,0.18167327962198976,0.5823513384481356,-0.15023031574052367,3,4,2
user_000093,294,0,0.05082061299286373,1.2649329854140294,-0.2526455763199559,-0.12340351046845911,-0.07088812050083343,-0.14285714285714302,-0.12340351046845935,0.0,-0.11878587251846015,-0.07088812050083347,-0.11878587251846015,-0.07088812050083347,-0.07088812050083343,0.0,-0.6261879661168138,-0.36099743619057745,-0.17586311452816514,-0.3333333333333335,-0.27435163058436823,-0.16012815380508677,-0.31076483972568886,-0.14106490488621745,-0.3204846409881355,-0.14106490488621745,-0.17586311452816514,-0.15093078638240207,1.5753840003490254,-0.45714439920785976,4.145095678246555,-0.5007101267603481,2.3804761428476113,-0.26366402215232204,-0.3988012783421799,1.9955516694729551,-0.4196890020108885,1.9955516694729551,4.302653113777863,-0.24999999999999933,1.8258056634729591,0.8930193296159419,1.8932040958123981,-0.7305300471651187,3.1435735633552078,-0.31448545101657494,0.9325965922696878,0.6457219698478841,1.4949541773261106,0.7791633174550688,1.9821778668668228,-0.2870083071156282,-0.5217028220110815,1.3349105276376816,-0.3367134796430716,0.2178124618239282,0.535404660695645,0.024456097911248156,1,1,4
user_000094,13,1,0.8303710753012513,-1.475275694394337,-0.2526455763199559,-0.12340351046845911,-0.07088812050083343,-0.14285714285714302,-0.12340351046845935,0.0,-0.11878587251846015,-0.07088812050083347,-0.11878587251846015,-0.07088812050083347,-0.07088812050083343,0.0,-0.6261879661168138,-0.36099743619057745,-0.17586311452816514,-0.3333333333333335,-0.27435163058436823,-0.16012815380508677,-0.31076483972568886,-0.14106490488621745,-0.3204846409881355,-0.14106490488621745,-0.17586311452816514,-0.15093078638240207,-0.915341691902398,-0.45714439920785976,-0.24124895481858263,-0.5007101267603481,-0.42008402520840193,-0.26366402215232204,-0.3988012783421799,-0.18503298923501255,-0.4196890020108885,-0.18503298923501255,-0.23840558150220348,-0.24999999999999933,-1.1072154826683405,-0.5830456780137142,-0.41558138688564833,-0.7305300471651187,-0.533120662791234,-0.31448545101657494,-0.5186608870150162,-0.3564594381602972,-0.5514470464473187,-0.37444088065895753,-0.40359288563085766,-0.2870083071156282,-0.05676157720174683,-1.3680881284707815,1.3214221612003576,-1.6713715765856667,-1.2058228281347079,-0.6742895566958392,4,1,3
user_000095,327,0,1.04346718582763,1.586736851726044,-0.2526455763199559,-0.12340351046845911,-0.07088812050083343,-0.14285714285714302,-0.12340351046845935,0.0,-0.11878587251846015,-0.07088812050083347,-0.11878587251846015,-0.07088812050083347,-0.07088812050083343,0.0,0.979422203413478,-0.36099743619057745,-0.17586311452816514,-0.3333333333333335,3.644957377763749,-0.16012815380508677,-0.31076483972568886,-0.14106490488621745,-0.3204846409881355,-0.14106490488621745,-0.17586311452816514,-0.15093078638240207,0.3300211542233136,-0.45714439920785976,-0.24124895481858263,-0.5007101267603481,2.3804761428476113,-0.26366402215232204,-0.3988012783421799,-0.18503298923501255,-0.4196890020108885,-0.18503298923501255,-0.23840558150220348,-0.24999999999999933,-0.3739601961330157,-0.5830456780137142,-0.41558138688564833,-0.7305300471651187,1.3052264502819868,-0.31448545101657494,-0.5186608870150162,-0.3564594381602972,-0.5514470464473187,-0.37444088065895753,-0.40359288563085766,-0.2870083071156282,-0.5798204776480853,1.4324917065585647,-0.39164979353557566,0.5705839284556954,0.888782863885763,0.024456097911248156,3,4,0
user_000096,136,1,0.7462630314896705,-0.2758249199586464,-0.2526455763199559,-0.12340351046845911,-0.07088812050083343,-0.14285714285714302,-0.12340351046845935,0.0,-0.11878587251846015,-0.07088812050083347,-0.11878587251846015,-0.07088812050083347,-0.07088812050083343,0.0,-0.6261879661168138,-0.36099743619057745,-0.17586311452816514,-0.3333333333333335,-0.27435163058436823,-0.16012815380508677,-0.31076483972568886,-0.14106490488621745,-0.3204846409881355,-0.14106490488621745,-0.17586311452816514,-0.15093078638240207,-0.915341691902398,-0.45714439920785976,-0.24124895481858263,-0.5007101267603481,-0.42008402520840193,-0.26366402215232204,-0.3988012783421799,-0.18503298923501255,-0.4196890020108885,-0.18503298923501255,-0.23840558150220348,-0.24999999999999933,-1.1072154826683405,-0.5830456780137142,-0.41558138688564833,-0.7305300471651187,-0.533120662791234,-0.31448545101657494,-0.5186608870150162,-0.3564594381602972,-0.5514470464473187,-0.37444088065895753,-0.40359288563085766,-0.2870083071156282,0.3694345638775973,-0.3727601034777735,-0.09116480391142434,-0.6284105907239341,-0.3155575929644095,-0.49960314304406733,3,2,3
user_000097,196,0,-0.15510986345646152,0.30927301879047103,-0.2526455763199559,-0.12340351046845911,-0.07088812050083343,-0.14285714285714302,-0.12340351046845935,0.0,-0.11878587251846015,-0.07088812050083347,-0.11878587251846015,-0.07088812050083347,-0.07088812050083343,0.0,0.979422203413478,2.217555679456404,-0.17586311452816514,-0.3333333333333335,-0.27435163058436823,-0.16012815380508677,4.345421085848857,-0.14106490488621745,5.158594235102207,-0.14106490488621745,-0.17586311452816514,-0.15093078638240207,0.3300211542233136,1.6207846881005938,-0.24124895481858263,-0.5007101267603481,-0.42008402520840193,-0.26366402215232204,3.08385102505731,-0.18503298923501255,3.9132820619558237,-0.18503298923501255,-0.23840558150220348,-0.24999999999999933,0.35929509040230917,2.369084337245598,-0.41558138688564833,-0.7305300471651187,-0.533120662791234,-0.31448545101657494,3.2422511715671893,-0.3564594381602972,2.1001620405150594,-0.37444088065895753,-0.40359288563085766,-0.2870083071156282,-0.5798204776953958,0.41764744578137997,-0.4287906619447701,0.962036476954981,1.2396456675075824,0.5485153388665637,2,1,0
user_000098,52,1,1.023344195794159,-1.094962034207411,-0.2526455763199559,-0.12340351046845911,-0.07088812050083343,-0.14285714285714302,-0.12340351046845935,0.0,-0.11878587251846015,-0.07088812050083347,-0.11878587251846015,-0.07088812050083347,-0.07088812050083343,0.0,-0.6261879661168138,-0.36099743619057745,-0.17586311452816514,-0.3333333333333335,-0.27435163058436823,-0.16012815380508677,-0.31076483972568886,-0.14106490488621745,-0.3204846409881355,-0.14106490488621745,-0.17586311452816514,-0.15093078638240207,-0.915341691902398,-0.45714439920785976,-0.24124895481858263,-0.5007101267603481,-0.42008402520840193,-0.26366402215232204,-0.3988012783421799,-0.18503298923501255,-0.4196890020108885,-0.18503298923501255,-0.23840558150220348,-0.24999999999999933,-1.1072154826683405,-0.5830456780137142,-0.41558138688564833,-0.7305300471651187,-0.533120662791234,-0.31448545101657494,-0.5186608870150162,-0.3564594381602972,-0.5514470464473187,-0.37444088065895753,-0.40359288563085766,-0.2870083071156282,0.05947373394684813,-1.0753445917081321,-0.06660993633825958,-0.4436340381106351,-0.9871263859818145,0.19914251156301999,2,4,1
user_000099,127,0,-1.245696748669377,-0.36358961077101404,-0.2526455763199559,-0.12340351046845911,-0.07088812050083343,-0.14285714285714302,-0.12340351046845935,0.0,-0.11878587251846015,-0.07088812050083347,-0.11878587251846015,-0.07088812050083347,-0.07088812050083343,0.0,0.979422203413478,-0.36099743619057745,-0.17586311452816514,-0.3333333333333335,-0.27435163058436823,6.244997998398383,-0.31076483972568886,-0.14106490488621745,-0.3204846409881355,-0.14106490488621745,-0.17586311452816514,8.473685578326288,1.5753840003490254,-0.45714439920785976,-0.24124895481858263,-0.5007101267603481,2.3804761428476113,3.792705549421863,-0.3988012783421799,-0.18503298923501255,-0.4196890020108885,-0.18503298923501255,-0.23840558150220348,2.249999999999994,1.0925503769376341,-0.5830456780137142,-0.41558138688564833,0.7603476001106337,1.3052264502819868,3.17979733805648,-0.5186608870150162,-0.3564594381602972,-0.5514470464473187,-0.37444088065895753,-0.40359288563085766,1.9421824277630368,-0.5410753739778075,-0.27517892455689036,-0.3417153971116792,0.4045131503044832,-0.02687828028126744,0.5485153388665637,0,4,3
user_000100,13,1,1.391060318515232,-1.475275694394337,-0.2526455763199559,-0.12340351046845911,-0.07088812050083343,-0.14285714285714302,-0.12340351046845935,0.0,-0.11878587251846015,-0.07088812050083347,-0.11878587251846015,-0.07088812050083347,-0.07088812050083343,0.0,-0.6261879661168138,-0.36099743619057745,-0.17586311452816514,-0.3333333333333335,-0.27435163058436823,-0.16012815380508677,-0.31076483972568886,-0.14106490488621745,-0.3204846409881355,-0.14106490488621745,-0.17586311452816514,-0.15093078638240207,-0.915341691902398,-0.45714439920785976,-0.24124895481858263,-0.5007101267603481,-0.42008402520840193,-0.26366402215232204,-0.3988012783421799,-0.18503298923501255,-0.4196890020108885,-0.18503298923501255,-0.23840558150220348,-0.24999999999999933,-1.1072154826683405,-0.5830456780137142,-0.41558138688564833,-0.7305300471651187,-0.533120662791234,-0.31448545101657494,-0.5186608870150162,-0.3564594381602972,-0.5514470464473187,-0.37444088065895753,-0.40359288563085766,-0.2870083071156282,0.8537483605444433,-1.4363949537154,4.885288357583294,-2.418690078266121,-1.7574958846052517,-1.7224080386064702,2,3,2
user_000101,92,0,-1.4183173393185455,-0.7048967417079992,-0.2526455763199559,-0.12340351046845911,-0.07088812050083343,-0.14285714285714302,-0.12340351046845935,0.0,-0.11878587251846015,-0.07088812050083347,-0.11878587251846015,-0.07088812050083347,-0.07088812050083343,0.0,0.979422203413478,2.217555679456404,-0.17586311452816514,-0.3333333333333335,-0.27435163058436823,-0.16012815380508677,2.993077766842625,-0.14106490488621745,3.5672497675862007,-0.14106490488621745,-0.17586311452816514,-0.15093078638240207,1.5753840003490254,1.6207846881005938,-0.24124895481858263,1.8836238101936904,-0.42008402520840193,-0.26366402215232204,2.0723489823542343,-0.18503298923501255,2.654813314473482,-0.18503298923501255,-0.23840558150220348,-0.24999999999999933,1.8258056634729591,0.8930193296159419,-0.41558138688564833,2.2512252473863863,1.3052264502819868,-0.31448545101657494,1.3430383933040846,-0.3564594381602972,2.0737133678307096,-0.37444088065895753,-0.40359288563085766,-0.2870083071156282,-0.6379381333275882,-0.5874386971037164,-0.3633145861806667,0.6773437144100459,2.036367920545555,-0.49960314304406733,3,1,0
user_000102,167,0,-1.0046233946016707,0.026475681728397597,-0.2526455763199559,-0.12340351046845911,-0.07088812050083343,-0.14285714285714302,-0.12340351046845935,0.0,-0.11878587251846015,-0.07088812050083347,-0.11878587251846015,-0.07088812050083347,-0.07088812050083343,0.0,2.5850323729437696,4.796108795103385,-0.17586311452816514,-0.3333333333333335,-0.27435163058436823,-0.16012815380508677,5.453663825073077,-0.14106490488621745,3.071106656574936,-0.14106490488621745,-0.17586311452816514,-0.15093078638240207,1.5753840003490254,3.6987137754090473,-0.24124895481858263,-0.5007101267603481,-0.42008402520840193,-0.26366402215232204,3.9127749963458345,-0.18503298923501255,2.262452884515184,-0.18503298923501255,-0.23840558150220348,-0.24999999999999933,1.0925503769376341,3.8451493448752543,-0.41558138688564833,-0.7305300471651187,-0.533120662791234,-0.31448545101657494,4.542719100292662,-0.3564594381602972,1.8275505580103544,-0.37444088065895753,-0.40359288563085766,-0.2870083071156282,-0.63793813333117,-0.06050033093094744,-0.2145539741421472,-0.2682429611856307,-0.24819886068203167,0.37382892521479183,1,3,4
user_000103,51,0,-1.3680447942059952,-1.104713666519896,-0.2526455763199559,-0.12340351046845911,-0.07088812050083343,-0.14285714285714302,-0.12340351046845935,0.0,-0.11878587251846015,-0.07088812050083347,-0.11878587251846015,-0.07088812050083347,-0.07088812050083343,0.0,0.979422203413478,2.217555679456404,-0.17586311452816514,-0.3333333333333335,-0.27435163058436823,-0.16012815380508677,4.281458901841805,-0.14106490488621745,5.083327942719693,-0.14106490488621745,-0.17586311452816514,-0.15093078638240207,0.3300211542233136,1.6207846881005938,-0.24124895481858263,-0.5007101267603481,-0.42008402520840193,-0.26366402215232204,3.036009712226759,-0.18503298923501255,3.8537598914667943,-0.18503298923501255,-0.23840558150220348,-0.24999999999999933,0.35929509040230917,0.8930193296159419,-0.41558138688564833,0.7603476001106337,-0.533120662791234,-0.31448545101657494,2.0690349123380445,-0.3564594381602972,3.0974325811426078,-0.37444088065895753,-0.40359288563085766,-0.2870083071156282,-0.5604479258784059,-1.1826838885211037,-0.18332134393910426,0.3570643565469942,-1.536826662017034,0.7232017525183355,1,4,0
user_000104,33,1,0.3825888054276596,-1.2802430481446314,-0.2526455763199559,-0.12340351046845911,-0.07088812050083343,-0.14285714285714302,-0.12340351046845935,0.0,-0.11878587251846015,-0.07088812050083347,-0.11878587251846015,-0.07088812050083347,-0.07088812050083343,0.0,-0.6261879661168138,-0.36099743619057745,-0.17586311452816514,-0.3333333333333335,-0.27435163058436823,-0.16012815380508677,-0.31076483972568886,-0.14106490488621745,-0.3204846409881355,-0.14106490488621745,-0.17586311452816514,-0.15093078638240207,-0.915341691902398,-0.45714439920785976,-0.24124895481858263,-0.5007101267603481,-0.42008402520840193,-0.26366402215232204,-0.3988012783421799,-0.18503298923501255,-0.4196890020108885,-0.18503298923501255,-0.23840558150220348,-0.24999999999999933,-0.3739601961330157,-0.5830456780137142,-0.41558138688564833,0.7603476001106337,-0.533120662791234,-0.31448545101657494,-0.5186608870150162,-0.3564594381602972,-0.5514470464473187,-0.37444088065895753,-0.40359288563085766,-0.2870083071156282,-0.2311145441128651,-1.1534095348448388,-0.056606101401044294,-0.3546675498153431,-0.8329061788417378,0.19914251156301999,3,1,2
user_000105,171,0,-1.5531769678467138,0.06548221097833876,-0.2526455763199559,-0.12340351046845911,-0.07088812050083343,-0.14285714285714302,-0.12340351046845935,0.0,-0.11878587251846015,-0.07088812050083347,-0.11878587251846015,-0.07088812050083347,-0.07088812050083343,0.0,-0.6261879661168138,-0.36099743619057745,-0.17586311452816514,-0.3333333333333335,-0.27435163058436823,-0.16012815380508677,-0.31076483972568886,-0.14106490488621745,-0.3204846409881355,-0.14106490488621745,-0.17586311452816514,-0.15093078638240207,-0.915341691902398,-0.45714439920785976,-0.24124895481858263,-0.5007101267603481,-0.42008402520840193,-0.26366402215232204,-0.3988012783421799,-0.18503298923501255,-0.4196890020108885,-0.18503298923501255,-0.23840558150220348,-0.24999999999999933,-0.3739601961330157,0.8930193296159419,-0.41558138688564833,-0.7305300471651187,-0.533120662791234,-0.31448545101657494,-0.4362783032948505,-0.3564594381602972,-0.43528032720625226,-0.37444088065895753,-0.40359288563085766,-0.2870083071156282,-0.26985964785119504,-0.031225977254682496,-0.3449925154531807,0.3764752267205127,1.0925555555866622,0.19914251156301999,2,3,0
user_000106,149,0,-1.5701329738312737,-0.14905369989633763,-0.2526455763199559,-0.12340351046845911,-0.07088812050083343,-0.14285714285714302,-0.12340351046845935,0.0,-0.11878587251846015,-0.07088812050083347,-0.11878587251846015,-0.07088812050083347,-0.07088812050083343,0.0,-0.6261879661168138,-0.36099743619057745,-0.17586311452816514,-0.3333333333333335,-0.27435163058436823,-0.16012815380508677,-0.31076483972568886,-0.14106490488621745,-0.3204846409881355,-0.14106490488621745,-0.17586311452816514,-0.15093078638240207,0.3300211542233136,-0.45714439920785976,-0.24124895481858263,1.8836238101936904,-0.42008402520840193,-0.26366402215232204,-0.3988012783421799,-0.18503298923501255,-0.4196890020108885,-0.18503298923501255,-0.23840558150220348,-0.24999999999999933,-0.3739601961330157,-0.5830456780137142,-0.41558138688564833,0.7603476001106337,-0.533120662791234,-0.31448545101657494,-0.5186608870150162,-0.3564594381602972,-0.5514470464473187,-0.37444088065895753,-0.40359288563085766,-0.2870083071156282,-0.424840062813977,-0.23614645298853712,-0.35704385387031545,0.49941073781946155,0.7948160647287176,0.19914251156301999,2,3,4
user_000107,159,0,1.2988152547628558,-0.051537376771484726,-0.2526455763199559,-0.12340351046845911,-0.07088812050083343,-0.14285714285714302,-0.12340351046845935,0.0,-0.11878587251846015,-0.07088812050083347,-0.11878587251846015,-0.07088812050083347,-0.07088812050083343,0.0,-0.6261879661168138,-0.36099743619057745,-0.17586311452816514,-0.3333333333333335,-0.27435163058436823,-0.16012815380508677,-0.31076483972568886,-0.14106490488621745,-0.3204846409881355,-0.14106490488621745,-0.17586311452816514,-0.15093078638240207,-0.915341691902398,-0.45714439920785976,-0.24124895481858263,-0.5007101267603481,-0.42008402520840193,-0.26366402215232204,-0.3988012783421799,-0.18503298923501255,-0.4196890020108885,-0.18503298923501255,-0.23840558150220348,-0.24999999999999933,0.35929509040230917,-0.5830456780137142,4.201989578510445,-0.7305300471651187,-0.533120662791234,-0.31448545101657494,-0.5186608870150162,2.318848158196285,-0.5514470464473187,1.1653233026225704,4.367948619364504,-0.2870083071156282,-0.3086047516156126,-0.11904903828347733,-0.22990783016633218,-0.2013714469065318,-0.379312492727702,-0.15023031574052367,3,3,2
user_000108,144,1,-1.4336565866394806,-0.1978118614587641,-0.2526455763199559,-0.12340351046845911,-0.07088812050083343,-0.14285714285714302,-0.12340351046845935,0.0,-0.11878587251846015,-0.07088812050083347,-0.11878587251846015,-0.07088812050083347,-0.07088812050083343,0.0,-0.6261879661168138,-0.36099743619057745,-0.17586311452816514,-0.3333333333333335,-0.27435163058436823,-0.16012815380508677,-0.31076483972568886,-0.14106490488621745,-0.3204846409881355,-0.14106490488621745,-0.17586311452816514,-0.15093078638240207,-0.915341691902398,-0.45714439920785976,-0.24124895481858263,-0.5007101267603481,-0.42008402520840193,-0.26366402215232204,-0.3988012783421799,-0.18503298923501255,-0.4196890020108885,-0.18503298923501255,-0.23840558150220348,-0.24999999999999933,-1.1072154826683405,-0.5830456780137142,-0.41558138688564833,-0.7305300471651187,-0.533120662791234,-0.31448545101657494,-0.5186608870150162,-0.3564594381602972,-0.5514470464473187,-0.37444088065895753,-0.40359288563085766,-0.2870083071156282,0.5825326343196282,-0.11904903828347733,-0.1460521549573219,-0.49701393108781045,-0.11404095420858577,-0.49960314304406733,4,1,0
user_000109,316,0,-1.36736948143086,1.479468896288706,-0.2526455763199559,-0.12340351046845911,-0.07088812050083343,-0.14285714285714302,-0.12340351046845935,0.0,-0.11878587251846015,-0.07088812050083347,-0.11878587251846015,-0.07088812050083347,-0.07088812050083343,0.0,2.5850323729437696,-0.36099743619057745,5.68624070307734,3.0000000000000013,-0.27435163058436823,-0.16012815380508677,-0.31076483972568886,0.12355010138385353,-0.3204846409881355,0.12355010138385353,5.68624070307734,-0.15093078638240207,1.5753840003490254,-0.45714439920785976,4.145095678246555,1.8836238101936904,-0.42008402520840193,-0.26366402215232204,-0.3988012783421799,0.037499587938904365,-0.4196890020108885,0.037499587938904365,4.302653113777863,-0.24999999999999933,1.0925503769376341,-0.5830456780137142,1.8932040958123981,2.2512252473863863,-0.533120662791234,-0.31448545101657494,-0.5186608870150162,-0.25418502719934544,-0.5514470464473187,-0.2567135022607844,1.9821778668668228,-0.2870083071156282,-0.618565581543582,1.4324917065585647,-0.2756731308736225,-0.09369918414915258,0.031536816539169635,-0.15023031574052367,3,4,0
user_000110,347,0,0.7566887962053094,1.78176949797575,-0.2526455763199559,-0.12340351046845911,-0.07088812050083343,-0.14285714285714302,-0.12340351046845935,0.0,-0.11878587251846015,-0.07088812050083347,-0.11878587251846015,-0.07088812050083347,-0.07088812050083343,0.0,-0.6261879661168138,-0.36099743619057745,-0.17586311452816514,-0.3333333333333335,-0.27435163058436823,-0.16012815380508677,-0.31076483972568886,-0.14106490488621745,-0.3204846409881355,-0.14106490488621745,-0.17586311452816514,-0.15093078638240207,-0.915341691902398,-0.45714439920785976,-0.24124895481858263,-0.5007101267603481,-0.42008402520840193,-0.26366402215232204,-0.3988012783421799,-0.18503298923501255,-0.4196890020108885,-0.18503298923501255,-0.23840558150220348,-0.24999999999999933,-0.3739601961330157,-0.5830456780137142,1.8932040958123981,-0.7305300471651187,-0.533120662791234,-0.31448545101657494,-0.5186608870150162,2.770457454788921,-0.5514470464473187,3.2249318736502484,1.9821778668668228,-0.2870083071156282,-0.2117419923429183,1.7252352433212141,-0.448448620634122,1.0403269866548377,0.5596360307705454,0.7232017525183355,1,1,3
user_000111,30,0,1.567616352578121,-1.3094979450820872,-0.2526455763199559,-0.12340351046845911,-0.07088812050083343,-0.14285714285714302,-0.12340351046845935,0.0,-0.11878587251846015,-0.07088812050083347,-0.11878587251846015,-0.07088812050083347,-0.07088812050083343,0.0,-0.6261879661168138,-0.36099743619057745,-0.17586311452816514,-0.3333333333333335,-0.27435163058436823,-0.16012815380508677,-0.31076483972568886,-0.14106490488621745,-0.3204846409881355,-0.14106490488621745,-0.17586311452816514,-0.15093078638240207,-0.915341691902398,-0.45714439920785976,-0.24124895481858263,-0.5007101267603481,-0.42008402520840193,-0.26366402215232204,-0.3988012783421799,-0.18503298923501255,-0.4196890020108885,-0.18503298923501255,-0.23840558150220348,-0.24999999999999933,-1.1072154826683405,-0.5830456780137142,-0.41558138688564833,-0.7305300471651187,-0.533120662791234,-0.31448545101657494,-0.5186608870150162,-0.3564594381602972,-0.5514470464473187,-0.37444088065895753,-0.40359288563085766,-0.2870083071156282,-0.07613412930030035,-1.4363949537154,4.885288357583294,-2.418690078266121,-1.7574958846052517,-1.7224080386064702,3,4,0
user_000112,174,0,-0.5080156784193904,0.09473710791579464,-0.2526455763199559,-0.12340351046845911,-0.07088812050083343,-0.14285714285714302,-0.12340351046845935,0.0,-0.11878587251846015,-0.07088812050083347,-0.11878587251846015,-0.07088812050083347,-0.07088812050083343,0.0,-0.6261879661168138,-0.36099743619057745,-0.17586311452816514,-0.3333333333333335,-0.27435163058436823,-0.16012815380508677,-0.31076483972568886,-0.14106490488621745,-0.3204846409881355,-0.14106490488621745,-0.17586311452816514,-0.15093078638240207,-0.915341691902398,-0.45714439920785976,-0.24124895481858263,-0.5007101267603481,-0.42008402520840193,-0.26366402215232204,-0.3988012783421799,-0.18503298923501255,-0.4196890020108885,-0.18503298923501255,-0.23840558150220348,-0.24999999999999933,1.0925503769376341,0.8930193296159419,1.8932040958123981,0.7603476001106337,-0.533120662791234,-0.31448545101657494,0.5368659668996064,0.8849270304237246,0.9369390438288451,1.0545106347026032,1.9821778668668228,-0.2870083071156282,-0.36672240732435707,0.11514579112664222,-0.17540164128047547,-0.42165408217885697,0.017471680384405355,-0.6742895566958392,2,3,4
user_000113,18,1,-0.3486751301265812,-1.4265175328319106,-0.2526455763199559,-0.12340351046845911,-0.07088812050083343,-0.14285714285714302,-0.12340351046845935,0.0,-0.11878587251846015,-0.07088812050083347,-0.11878587251846015,-0.07088812050083347,-0.07088812050083343,0.0,-0.6261879661168138,-0.36099743619057745,-0.17586311452816514,-0.3333333333333335,-0.27435163058436823,-0.16012815380508677,-0.31076483972568886,-0.14106490488621745,-0.3204846409881355,-0.14106490488621745,-0.17586311452816514,-0.15093078638240207,-0.915341691902398,-0.45714439920785976,-0.24124895481858263,-0.5007101267603481,-0.42008402520840193,-0.26366402215232204,-0.3988012783421799,-0.18503298923501255,-0.4196890020108885,-0.18503298923501255,-0.23840558150220348,-0.24999999999999933,1.0925503769376341,0.8930193296159419,1.8932040958123981,0.7603476001106337,-0.533120662791234,-0.31448545101657494,-0.40391371683335686,2.4098015311969507,-0.389643401790119,2.8097832945548835,1.9821778668668228,-0.2870083071156282,-0.34734985547710995,-1.2802650674419869,0.5247932467147601,-1.2799190280863815,-1.4822730090282958,-0.8489759703476111,0,2,0
user_000114,109,0,-0.021540980528059764,-0.5391189923957492,-0.2526455763199559,-0.12340351046845911,-0.07088812050083343,-0.14285714285714302,-0.12340351046845935,0.0,-0.11878587251846015,-0.07088812050083347,-0.11878587251846015,-0.07088812050083347,-0.07088812050083343,0.0,-0.6261879661168138,-0.36099743619057745,-0.17586311452816514,-0.3333333333333335,-0.27435163058436823,-0.16012815380508677,-0.31076483972568886,-0.14106490488621745,-0.3204846409881355,-0.14106490488621745,-0.17586311452816514,-0.15093078638240207,0.3300211542233136,-0.45714439920785976,-0.24124895481858263,-0.5007101267603481,2.3804761428476113,-0.26366402215232204,-0.3988012783421799,-0.18503298923501255,-0.4196890020108885,-0.18503298923501255,-0.23840558150220348,-0.24999999999999933,0.35929509040230917,-0.5830456780137142,1.8932040958123981,-0.7305300471651187,1.3052264502819868,-0.31448545101657494,-0.5186608870150162,2.2286649238323735,-0.5514470464473187,2.601278178596673,1.9821778668668228,-0.2870083071156282,-0.502330270423694,-0.7240523475929529,-0.35455815817972575,0.698695671600916,-0.09089532457290272,0.5485153388665637,1,4,3
user_000115,189,0,1.0573061077220323,0.24101159260307398,-0.2526455763199559,-0.12340351046845911,-0.07088812050083343,-0.14285714285714302,-0.12340351046845935,0.0,-0.11878587251846015,-0.07088812050083347,-0.11878587251846015,-0.07088812050083347,-0.07088812050083343,0.0,0.979422203413478,2.217555679456404,-0.17586311452816514,-0.3333333333333335,-0.27435163058436823,-0.16012815380508677,-0.08885522174204075,-0.14106490488621745,-0.05935668782431206,-0.14106490488621745,-0.17586311452816514,-0.15093078638240207,0.3300211542233136,1.6207846881005938,-0.24124895481858263,-0.5007101267603481,-0.42008402520840193,-0.26366402215232204,-0.23282121341986048,-0.18503298923501255,-0.21318351255915283,-0.18503298923501255,-0.23840558150220348,-0.24999999999999933,-0.3739601961330157,0.8930193296159419,-0.41558138688564833,-0.7305300471651187,-0.533120662791234,-0.31448545101657494,-0.3936158938683362,-0.3564594381602972,-0.3751225618849857,-0.37444088065895753,-0.40359288563085766,-0.2870083071156282,-0.5798204779038821,0.3493406205367618,-0.2900651623814917,0.023440025439648658,0.33445641984422175,0.19914251156301999,0,2,0
user_000116,89,1,1.460467834477927,-0.7341516386454551,-0.2526455763199559,-0.12340351046845911,-0.07088812050083343,-0.14285714285714302,-0.12340351046845935,0.0,-0.11878587251846015,-0.07088812050083347,-0.11878587251846015,-0.07088812050083347,-0.07088812050083343,0.0,-0.6261879661168138,-0.36099743619057745,-0.17586311452816514,-0.3333333333333335,-0.27435163058436823,-0.16012815380508677,-0.31076483972568886,-0.14106490488621745,-0.3204846409881355,-0.14106490488621745,-0.17586311452816514,-0.15093078638240207,-0.915341691902398,-0.45714439920785976,-0.24124895481858263,-0.5007101267603481,-0.42008402520840193,-0.26366402215232204,-0.3988012783421799,-0.18503298923501255,-0.4196890020108885,-0.18503298923501255,-0.23840558150220348,-0.24999999999999933,-1.1072154826683405,-0.5830456780137142,-0.41558138688564833,-0.7305300471651187,-0.533120662791234,-0.31448545101657494,-0.5186608870150162,-0.3564594381602972,-0.5514470464473187,-0.37444088065895753,-0.40359288563085766,-0.2870083071156282,1.8417485056404908,-0.7338104654850411,-0.03577619851807557,-0.7105335029965115,-0.6764418900496982,-0.49960314304406733,0,1,4
user_000117,177,0,-0.9188919387986311,0.1239920048532505,-0.2526455763199559,-0.12340351046845911,-0.07088812050083343,-0.14285714285714302,-0.12340351046845935,0.0,-0.11878587251846015,-0.07088812050083347,-0.11878587251846015,-0.07088812050083347,-0.07088812050083343,0.0,-0.6261879661168138,-0.36099743619057745,-0.17586311452816514,-0.3333333333333335,-0.27435163058436823,-0.16012815380508677,-0.31076483972568886,-0.14106490488621745,-0.3204846409881355,-0.14106490488621745,-0.17586311452816514,-0.15093078638240207,0.3300211542233136,-0.45714439920785976,-0.24124895481858263,-0.5007101267603481,2.3804761428476113,-0.26366402215232204,-0.3988012783421799,-0.18503298923501255,-0.4196890020108885,-0.18503298923501255,-0.23840558150220348,-0.24999999999999933,0.35929509040230917,-0.5830456780137142,-0.41558138688564833,0.7603476001106337,1.3052264502819868,-0.31448545101657494,-0.5186608870150162,-0.3564594381602972,-0.5514470464473187,-0.37444088065895753,-0.40359288563085766,-0.2870083071156282,-0.5217028222693909,0.2224850879396137,-0.41674415914079366,0.8811578512319881,-0.0012843392576372887,0.7232017525183355,3,1,0
user_000118,335,0,-0.9032799050365085,1.6647499102259264,3.958114029012642,-0.12340351046845911,14.106735979665853,-0.14285714285714302,-0.12340351046845935,0.0,-0.11878587251846015,14.10673597966586,-0.11878587251846015,14.10673597966586,14.106735979665853,0.0,2.5850323729437696,2.217555679456404,5.68624070307734,-0.3333333333333335,-0.27435163058436823,-0.16012815380508677,1.2674041493462558,1.0493041067533941,1.5365959200416441,1.0493041067533941,5.68624070307734,-0.15093078638240207,1.5753840003490254,1.6207846881005938,4.145095678246555,-0.5007101267603481,-0.42008402520840193,-0.26366402215232204,0.7816098892524327,0.816028468624159,1.0489294494429258,0.816028468624159,4.302653113777863,-0.24999999999999933,0.35929509040230917,0.8930193296159419,1.8932040958123981,-0.7305300471651187,-0.533120662791234,-0.31448545101657494,0.3706296818928435,0.10362138343663475,0.7025311996459789,0.15515502186414964,1.9821778668668228,-0.2870083071156282,-0.6573106853140402,1.627654064400331,-0.3643431189934756,0.37485765420605277,0.9993365466802999,-0.15023031574052367,2,2,2
user_000119,338,0,-0.6833541534886857,1.6940048071633822,-0.2526455763199559,-0.12340351046845911,-0.07088812050083343,-0.14285714285714302,-0.12340351046845935,0.0,-0.11878587251846015,-0.07088812050083347,-0.11878587251846015,-0.07088812050083347,-0.07088812050083343,0.0,2.5850323729437696,-0.36099743619057745,-0.17586311452816514,3.0000000000000013,-0.27435163058436823,6.244997998398383,-0.31076483972568886,-0.14106490488621745,-0.3204846409881355,-0.14106490488621745,-0.17586311452816514,4.161377395971942,1.5753840003490254,-0.45714439920785976,-0.24124895481858263,1.8836238101936904,-0.42008402520840193,3.792705549421863,-0.3988012783421799,-0.18503298923501255,-0.4196890020108885,-0.18503298923501255,-0.23840558150220348,2.249999999999994,0.35929509040230917,-0.5830456780137142,-0.41558138688564833,0.7603476001106337,-0.533120662791234,3.17979733805648,-0.5186608870150162,-0.3564594381602972,-0.5514470464473187,-0.37444088065895753,-0.40359288563085766,3.0567777952023696,-0.6379381334578655,1.8033001864579208,-0.3203107953316015,0.11304198865133586,-0.12979800575017192,0.37382892521479183,3,0,4
user_000120,153,0,1.048227641892748,-0.11004717064639646,-0.2526455763199559,-0.12340351046845911,-0.07088812050083343,-0.14285714285714302,-0.12340351046845935,0.0,-0.11878587251846015,-0.07088812050083347,-0.11878587251846015,-0.07088812050083347,-0.07088812050083343,0.0,-0.6261879661168138,-0.36099743619057745,-0.17586311452816514,-0.3333333333333335,-0.27435163058436823,-0.16012815380508677,-0.31076483972568886,-0.14106490488621745,-0.3204846409881355,-0.14106490488621745,-0.17586311452816514,-0.15093078638240207,0.3300211542233136,-0.45714439920785976,4.145095678246555,-0.5007101267603481,-0.42008402520840193,-0.26366402215232204,-0.3988012783421799,0.3312492925969438,-0.4196890020108885,0.3312492925969438,4.302653113777863,-0.24999999999999933,0.35929509040230917,-0.5830456780137142,1.8932040958123981,-0.7305300471651187,1.3052264502819868,-0.31448545101657494,-0.5186608870150162,-0.11917972417634218,-0.5514470464473187,-0.10130981676982243,1.9821778668668228,-0.2870083071156282,-0.4829577185338942,-0.10929092039138902,-0.31743601669836474,0.22118826533236613,0.5688695158831055,-0.49960314304406733,4,3,0
user_000121,191,0,-1.4898372868684875,0.26051485722804457,-0.2526455763199559,-0.12340351046845911,-0.07088812050083343,-0.14285714285714302,-0.12340351046845935,0.0,-0.11878587251846015,-0.07088812050083347,-0.11878587251846015,-0.07088812050083347,-0.07088812050083343,0.0,-0.6261879661168138,-0.36099743619057745,-0.17586311452816514,-0.3333333333333335,-0.27435163058436823,-0.16012815380508677,-0.31076483972568886,-0.14106490488621745,-0.3204846409881355,-0.14106490488621745,-0.17586311452816514,-0.15093078638240207,-0.915341691902398,-0.45714439920785976,-0.24124895481858263,-0.5007101267603481,-0.42008402520840193,-0.26366402215232204,-0.3988012783421799,-0.18503298923501255,-0.4196890020108885,-0.18503298923501255,-0.23840558150220348,-0.24999999999999933,-0.3739601961330157,0.8930193296159419,-0.41558138688564833,-0.7305300471651187,-0.533120662791234,-0.31448545101657494,-0.16927046498752787,-0.3564594381602972,-0.05877569252315299,-0.37444088065895753,-0.40359288563085766,-0.2870083071156282,-0.3667224073209358,0.1541782626949955,-0.2605867357306042,-0.09844406352490148,-0.28078802841898015,0.19914251156301999,0,3,4
user_000122,20,1,-0.42440663419534824,-1.40701426820694,-0.2526455763199559,-0.12340351046845911,-0.07088812050083343,-0.14285714285714302,-0.12340351046845935,0.0,-0.11878587251846015,-0.07088812050083347,-0.11878587251846015,-0.07088812050083347,-0.07088812050083343,0.0,-0.6261879661168138,-0.36099743619057745,-0.17586311452816514,-0.3333333333333335,-0.27435163058436823,-0.16012815380508677,-0.31076483972568886,-0.14106490488621745,-0.3204846409881355,-0.14106490488621745,-0.17586311452816514,-0.15093078638240207,-0.915341691902398,-0.45714439920785976,-0.24124895481858263,-0.5007101267603481,-0.42008402520840193,-0.26366402215232204,-0.3988012783421799,-0.18503298923501255,-0.4196890020108885,-0.18503298923501255,-0.23840558150220348,-0.24999999999999933,-1.1072154826683405,-0.5830456780137142,-0.41558138688564833,-0.7305300471651187,-0.533120662791234,-0.31448545101657494,-0.5186608870150162,-0.3564594381602972,-0.5514470464473187,-0.37444088065895753,-0.40359288563085766,-0.2870083071156282,1.2605719496269112,-1.31929753901034,0.49899150049660324,-1.1375726468139138,-1.536826662017034,-0.49960314304406733,0,4,2
user_000123,68,0,-1.4660050665676463,-0.9389359172076461,-0.2526455763199559,-0.12340351046845911,-0.07088812050083343,-0.14285714285714302,-0.12340351046845935,0.0,-0.11878587251846015,-0.07088812050083347,-0.11878587251846015,-0.07088812050083347,-0.07088812050083343,0.0,0.979422203413478,2.217555679456404,-0.17586311452816514,-0.3333333333333335,-0.27435163058436823,-0.16012815380508677,3.2332622945425733,-0.14106490488621745,3.8498823757164566,-0.14106490488621745,-0.17586311452816514,-0.15093078638240207,0.3300211542233136,1.6207846881005938,-0.24124895481858263,-0.5007101267603481,-0.42008402520840193,-0.26366402215232204,2.251997993799568,-0.18503298923501255,2.8783251383506547,-0.18503298923501255,-0.23840558150220348,-0.24999999999999933,0.35929509040230917,0.8930193296159419,-0.41558138688564833,-0.7305300471651187,1.3052264502819868,-0.31448545101657494,1.4783812094157853,-0.3564594381602972,2.2645586922981757,-0.37444088065895753,-0.40359288563085766,-0.2870083071156282,-0.6379381334744911,-0.7826010549454827,-0.31376350537534237,0.4424721853104748,0.39829673281678823,-0.3249167293922955,2,4,0
user_000124,122,0,-1.2363022497679848,-0.41234777233344044,-0.2526455763199559,-0.12340351046845911,-0.07088812050083343,-0.14285714285714302,-0.12340351046845935,0.0,-0.11878587251846015,-0.07088812050083347,-0.11878587251846015,-0.07088812050083347,-0.07088812050083343,0.0,0.979422203413478,2.217555679456404,-0.17586311452816514,-0.3333333333333335,-0.27435163058436823,-0.16012815380508677,2.2986311976232088,-0.14106490488621745,2.750072878861765,-0.14106490488621745,-0.17586311452816514,-0.15093078638240207,2.8207468464747367,1.6207846881005938,4.145095678246555,1.8836238101936904,-0.42008402520840193,-0.26366402215232204,1.5529290144796817,2.68057665101435,2.0085726063068736,2.68057665101435,4.302653113777863,-0.24999999999999933,2.5590609500082837,2.369084337245598,1.8932040958123981,2.2512252473863863,-0.533120662791234,-0.31448545101657494,2.7656090800433737,0.9605546445529825,1.7641083169962601,1.1415650666205295,0.7892924906179826,-0.2870083071156282,-0.5991930297241864,-0.27517892455689036,-0.3417153971116792,0.4045131503044832,1.5676732049987363,-0.3249167293922955,3,2,4
user_000125,129,0,-0.11410540401646048,-0.34408634614604344,-0.2526455763199559,-0.12340351046845911,-0.07088812050083343,-0.14285714285714302,-0.12340351046845935,0.0,-0.11878587251846015,-0.07088812050083347,-0.11878587251846015,-0.07088812050083347,-0.07088812050083343,0.0,0.979422203413478,-0.36099743619057745,5.68624070307734,-0.3333333333333335,-0.27435163058436823,-0.16012815380508677,-0.31076483972568886,2.8615582347852433,-0.3204846409881355,2.8615582347852433,5.68624070307734,-0.15093078638240207,0.3300211542233136,-0.45714439920785976,4.145095678246555,-0.5007101267603481,-0.42008402520840193,-0.26366402215232204,-0.3988012783421799,2.340074996784381,-0.4196890020108885,2.340074996784381,4.302653113777863,-0.24999999999999933,0.35929509040230917,0.8930193296159419,1.8932040958123981,-0.7305300471651187,-0.533120662791234,-0.31448545101657494,0.4360944135990466,0.8040624735645383,0.794842253328612,0.9614279936498308,1.9821778668668228,-0.2870083071156282,-0.5410753740916732,-0.23614645298853712,-0.21908774304258888,-0.23011446620193396,-0.3908750400466121,0.37382892521479183,3,0,3
user_000126,144,0,1.5247589413363936,-0.1978118614587641,-0.2526455763199559,-0.12340351046845911,-0.07088812050083343,-0.14285714285714302,-0.12340351046845935,0.0,-0.11878587251846015,-0.07088812050083347,-0.11878587251846015,-0.07088812050083347,-0.07088812050083343,0.0,-0.6261879661168138,-0.36099743619057745,-0.17586311452816514,-0.3333333333333335,-0.27435163058436823,-0.16012815380508677,-0.31076483972568886,-0.14106490488621745,-0.3204846409881355,-0.14106490488621745,-0.17586311452816514,-0.15093078638240207,-0.915341691902398,-0.45714439920785976,-0.24124895481858263,-0.5007101267603481,-0.42008402520840193,-0.26366402215232204,-0.3988012783421799,-0.18503298923501255,-0.4196890020108885,-0.18503298923501255,-0.23840558150220348,-0.24999999999999933,0.35929509040230917,-0.5830456780137142,-0.41558138688564833,0.7603476001106337,-0.533120662791234,3.17979733805648,-0.5186608870150162,-0.3564594381602972,-0.5514470464473187,-0.37444088065895753,-0.40359288563085766,3.0567777952023696,-0.23111454412136495,-0.26542080666480206,-0.3456425223969496,0.42823754718322804,-0.2790303909912342,0.8978881661701074,2,2,4
user_000127,67,0,1.188562959228172,-0.9486875495201315,-0.2526455763199559,-0.12340351046845911,-0.07088812050083343,-0.14285714285714302,-0.12340351046845935,0.0,-0.11878587251846015,-0.07088812050083347,-0.11878587251846015,-0.07088812050083347,-0.07088812050083343,0.0,0.979422203413478,-0.36099743619057745,-0.17586311452816514,-0.3333333333333335,3.644957377763749,-0.16012815380508677,-0.31076483972568886,-0.14106490488621745,-0.3204846409881355,-0.14106490488621745,-0.17586311452816514,-0.15093078638240207,0.3300211542233136,-0.45714439920785976,-0.24124895481858263,-0.5007101267603481,2.3804761428476113,-0.26366402215232204,-0.3988012783421799,-0.18503298923501255,-0.4196890020108885,-0.18503298923501255,-0.23840558150220348,-0.24999999999999933,-0.3739601961330157,-0.5830456780137142,-0.41558138688564833,-0.7305300471651187,1.3052264502819868,-0.31448545101657494,-0.5186608870150162,-0.3564594381602972,-0.5514470464473187,-0.37444088065895753,-0.40359288563085766,-0.2870083071156282,-0.5604479258723116,-0.9192147054347192,-0.5001094502842541,3.23957857731446,-0.10247671519362044,4.216930025553772,3,0,4
user_000128,89,1,-0.31352227251644893,-0.7341516386454551,-0.2526455763199559,-0.12340351046845911,-0.07088812050083343,-0.14285714285714302,-0.12340351046845935,0.0,-0.11878587251846015,-0.07088812050083347,-0.11878587251846015,-0.07088812050083347,-0.07088812050083343,0.0,-0.6261879661168138,-0.36099743619057745,-0.17586311452816514,-0.3333333333333335,-0.27435163058436823,-0.16012815380508677,-0.31076483972568886,-0.14106490488621745,-0.3204846409881355,-0.14106490488621745,-0.17586311452816514,-0.15093078638240207,-0.915341691902398,-0.45714439920785976,-0.24124895481858263,-0.5007101267603481,-0.42008402520840193,-0.26366402215232204,-0.3988012783421799,-0.18503298923501255,-0.4196890020108885,-0.18503298923501255,-0.23840558150220348,-0.24999999999999933,-1.1072154826683405,-0.5830456780137142,-0.41558138688564833,-0.7305300471651187,-0.533120662791234,-0.31448545101657494,-0.5186608870150162,-0.3564594381602972,-0.5514470464473187,-0.37444088065895753,-0.40359288563085766,-0.2870083071156282,0.8731209124149982,-0.7923591728375711,0.28949672523276127,-1.2443324327682646,-0.3203196297272086,-1.1983487976511547,0,1,3
user_000129,110,1,-0.7317804001273431,-0.5293673600832639,-0.2526455763199559,-0.12340351046845911,-0.07088812050083343,-0.14285714285714302,-0.12340351046845935,0.0,-0.11878587251846015,-0.07088812050083347,-0.11878587251846015,-0.07088812050083347,-0.07088812050083343,0.0,-0.6261879661168138,-0.36099743619057745,-0.17586311452816514,-0.3333333333333335,-0.27435163058436823,-0.16012815380508677,-0.31076483972568886,-0.14106490488621745,-0.3204846409881355,-0.14106490488621745,-0.17586311452816514,-0.15093078638240207,-0.915341691902398,-0.45714439920785976,-0.24124895481858263,-0.5007101267603481,-0.42008402520840193,-0.26366402215232204,-0.3988012783421799,-0.18503298923501255,-0.4196890020108885,-0.18503298923501255,-0.23840558150220348,-0.24999999999999933,-1.1072154826683405,-0.5830456780137142,-0.41558138688564833,-0.7305300471651187,-0.533120662791234,-0.31448545101657494,-0.5186608870150162,-0.3564594381602972,-0.5514470464473187,-0.37444088065895753,-0.40359288563085766,-0.2870083071156282,2.345434854421393,-0.5874386971037164,-0.3633145861806667,0.6773437144100459,0.17782058502071735,0.7232017525183355,1,4,3
user_000130,161,0,0.911352055030924,-0.032034112146514145,-0.2526455763199559,-0.12340351046845911,-0.07088812050083343,-0.14285714285714302,-0.12340351046845935,0.0,-0.11878587251846015,-0.07088812050083347,-0.11878587251846015,-0.07088812050083347,-0.07088812050083343,0.0,-0.6261879661168138,-0.36099743619057745,-0.17586311452816514,-0.3333333333333335,-0.27435163058436823,-0.16012815380508677,-0.31076483972568886,-0.14106490488621745,-0.3204846409881355,-0.14106490488621745,-0.17586311452816514,-0.15093078638240207,-0.915341691902398,-0.45714439920785976,-0.24124895481858263,-0.5007101267603481,-0.42008402520840193,-0.26366402215232204,-0.3988012783421799,-0.18503298923501255,-0.4196890020108885,-0.18503298923501255,-0.23840558150220348,-0.24999999999999933,-0.3739601961330157,-0.5830456780137142,-0.41558138688564833,-0.7305300471651187,-0.533120662791234,-0.31448545101657494,-0.5186608870150162,-0.3564594381602972,-0.5514470464473187,-0.37444088065895753,-0.40359288563085766,-0.2870083071156282,-0.09550668100668551,-0.20687209931227216,-0.27810833638883414,0.02707956359718344,0.3889200817429555,-0.15023031574052367,3,2,2
user_000131,159,1,-1.4762279047843527,-0.051537376771484726,-0.2526455763199559,-0.12340351046845911,-0.07088812050083343,-0.14285714285714302,-0.12340351046845935,0.0,-0.11878587251846015,-0.07088812050083347,-0.11878587251846015,-0.07088812050083347,-0.07088812050083343,0.0,-0.6261879661168138,-0.36099743619057745,-0.17586311452816514,-0.3333333333333335,-0.27435163058436823,-0.16012815380508677,-0.31076483972568886,-0.14106490488621745,-0.3204846409881355,-0.14106490488621745,-0.17586311452816514,-0.15093078638240207,-0.915341691902398,-0.45714439920785976,-0.24124895481858263,-0.5007101267603481,-0.42008402520840193,-0.26366402215232204,-0.3988012783421799,-0.18503298923501255,-0.4196890020108885,-0.18503298923501255,-0.23840558150220348,-0.24999999999999933,-1.1072154826683405,-0.5830456780137142,-0.41558138688564833,-0.7305300471651187,-0.533120662791234,-0.31448545101657494,-0.5186608870150162,-0.3564594381602972,-0.5514470464473187,-0.37444088065895753,-0.40359288563085766,-0.2870083071156282,2.732885891779567,-0.13856527406765395,-0.1360395370219177,-0.5254832073423038,-0.28519130188144,-0.49960314304406733,0,1,0
user_000132,45,0,1.2129241190918043,-1.1632234603948077,-0.2526455763199559,-0.12340351046845911,-0.07088812050083343,-0.14285714285714302,-0.12340351046845935,0.0,-0.11878587251846015,-0.07088812050083347,-0.11878587251846015,-0.07088812050083347,-0.07088812050083343,0.0,0.979422203413478,2.217555679456404,-0.17586311452816514,-0.3333333333333335,-0.27435163058436823,-0.16012815380508677,0.8405544724012385,-0.14106490488621745,1.0343086218971131,-0.14106490488621745,-0.17586311452816514,-0.15093078638240207,0.3300211542233136,1.6207846881005938,-0.24124895481858263,-0.5007101267603481,-0.42008402520840193,-0.26366402215232204,0.46234235260773604,-0.18503298923501255,0.651710066791646,-0.18503298923501255,-0.23840558150220348,-0.24999999999999933,0.35929509040230917,0.8930193296159419,1.8932040958123981,-0.7305300471651187,-0.533120662791234,-0.31448545101657494,0.1301019597812884,1.1169698016777512,0.3633658675760795,1.321613489456892,1.9821778668668228,-0.2870083071156282,-0.5604479258763744,-1.2997813032261634,-0.056606101401044294,0.5705839284556954,-1.7574958846052517,0.7232017525183355,0,0,3
user_000133,175,0,-0.09917533635730708,0.10448874022827992,-0.2526455763199559,-0.12340351046845911,-0.07088812050083343,-0.14285714285714302,-0.12340351046845935,0.0,-0.11878587251846015,-0.07088812050083347,-0.11878587251846015,-0.07088812050083347,-0.07088812050083343,0.0,-0.6261879661168138,-0.36099743619057745,-0.17586311452816514,-0.3333333333333335,-0.27435163058436823,-0.16012815380508677,-0.31076483972568886,-0.14106490488621745,-0.3204846409881355,-0.14106490488621745,-0.17586311452816514,-0.15093078638240207,0.3300211542233136,-0.45714439920785976,-0.24124895481858263,-0.5007101267603481,2.3804761428476113,-0.26366402215232204,-0.3988012783421799,-0.18503298923501255,-0.4196890020108885,-0.18503298923501255,-0.23840558150220348,-0.24999999999999933,-0.3739601961330157,-0.5830456780137142,-0.41558138688564833,-0.7305300471651187,1.3052264502819868,-0.31448545101657494,-0.5186608870150162,-0.3564594381602972,-0.5514470464473187,-0.37444088065895753,-0.40359288563085766,-0.2870083071156282,-0.5217028221247869,0.1639363805870838,-0.2639583164633242,-0.08420942539765479,0.44546633084452486,0.024456097911248156,0,0,4
user_000134,65,1,1.1463542474502448,-0.968190814145102,-0.2526455763199559,-0.12340351046845911,-0.07088812050083343,-0.14285714285714302,-0.12340351046845935,0.0,-0.11878587251846015,-0.07088812050083347,-0.11878587251846015,-0.07088812050083347,-0.07088812050083343,0.0,-0.6261879661168138,-0.36099743619057745,-0.17586311452816514,-0.3333333333333335,-0.27435163058436823,-0.16012815380508677,-0.31076483972568886,-0.14106490488621745,-0.3204846409881355,-0.14106490488621745,-0.17586311452816514,-0.15093078638240207,-0.915341691902398,-0.45714439920785976,-0.24124895481858263,-0.5007101267603481,-0.42008402520840193,-0.26366402215232204,-0.3988012783421799,-0.18503298923501255,-0.4196890020108885,-0.18503298923501255,-0.23840558150220348,-0.24999999999999933,-1.1072154826683405,-0.5830456780137142,-0.41558138688564833,-0.7305300471651187,-0.533120662791234,-0.31448545101657494,-0.5186608870150162,-0.3564594381602972,-0.5514470464473187,-0.37444088065895753,-0.40359288563085766,-0.2870083071156282,1.8998661614303842,-1.1534095348448388,-0.056606101401044294,-0.3546675498153431,-0.8506315874405277,-0.15023031574052367,3,4,4
user_000135,153,1,-0.5314985990089546,-0.11004717064639646,-0.2526455763199559,-0.12340351046845911,-0.07088812050083343,-0.14285714285714302,-0.12340351046845935,0.0,-0.11878587251846015,-0.07088812050083347,-0.11878587251846015,-0.07088812050083347,-0.07088812050083343,0.0,-0.6261879661168138,-0.36099743619057745,-0.17586311452816514,-0.3333333333333335,-0.27435163058436823,-0.16012815380508677,-0.31076483972568886,-0.14106490488621745,-0.3204846409881355,-0.14106490488621745,-0.17586311452816514,-0.15093078638240207,-0.915341691902398,-0.45714439920785976,-0.24124895481858263,-0.5007101267603481,-0.42008402520840193,-0.26366402215232204,-0.3988012783421799,-0.18503298923501255,-0.4196890020108885,-0.18503298923501255,-0.23840558150220348,-0.24999999999999933,-1.1072154826683405,-0.5830456780137142,-0.41558138688564833,-0.7305300471651187,-0.533120662791234,-0.31448545101657494,-0.5186608870150162,-0.3564594381602972,-0.5514470464473187,-0.37444088065895753,-0.40359288563085766,-0.2870083071156282,3.2753173441047467,-0.10929092039138902,-0.1509488367213517,-0.4827792929605637,-0.4899330776721324,-0.15023031574052367,3,2,2
user_000136,44,1,-0.05600189204347196,-1.172975092707293,-0.2526455763199559,-0.12340351046845911,-0.07088812050083343,-0.14285714285714302,-0.12340351046845935,0.0,-0.11878587251846015,-0.07088812050083347,-0.11878587251846015,-0.07088812050083347,-0.07088812050083343,0.0,-0.6261879661168138,-0.36099743619057745,-0.17586311452816514,-0.3333333333333335,-0.27435163058436823,-0.16012815380508677,-0.31076483972568886,-0.14106490488621745,-0.3204846409881355,-0.14106490488621745,-0.17586311452816514,-0.15093078638240207,-0.915341691902398,-0.45714439920785976,-0.24124895481858263,-0.5007101267603481,-0.42008402520840193,-0.26366402215232204,-0.3988012783421799,-0.18503298923501255,-0.4196890020108885,-0.18503298923501255,-0.23840558150220348,-0.24999999999999933,0.35929509040230917,-0.5830456780137142,-0.41558138688564833,2.2512252473863863,-0.533120662791234,-0.31448545101657494,-0.5186608870150162,-0.3564594381602972,-0.5514470464473187,-0.37444088065895753,-0.40359288563085766,-0.2870083071156282,-0.15362433663668634,-1.0753445917081321,0.23350511177819816,-1.1019860514957969,-1.1151921690561413,-0.49960314304406733,4,1,3
user_000137,291,0,-0.8674650413069083,1.2356780884765737,-0.2526455763199559,-0.12340351046845911,-0.07088812050083343,-0.14285714285714302,-0.12340351046845935,0.0,-0.11878587251846015,-0.07088812050083347,-0.11878587251846015,-0.07088812050083347,-0.07088812050083343,0.0,-0.6261879661168138,-0.36099743619057745,-0.17586311452816514,-0.3333333333333335,-0.27435163058436823,-0.16012815380508677,-0.31076483972568886,-0.14106490488621745,-0.3204846409881355,-0.14106490488621745,-0.17586311452816514,-0.15093078638240207,-0.915341691902398,-0.45714439920785976,-0.24124895481858263,-0.5007101267603481,-0.42008402520840193,-0.26366402215232204,-0.3988012783421799,-0.18503298923501255,-0.4196890020108885,-0.18503298923501255,-0.23840558150220348,-0.24999999999999933,-0.3739601961330157,-0.5830456780137142,-0.41558138688564833,0.7603476001106337,-0.533120662791234,-0.31448545101657494,-0.5186608870150162,-0.3564594381602972,-0.5514470464473187,-0.37444088065895753,-0.40359288563085766,-0.2870083071156282,-0.09550668101876708,1.1202319340117386,-0.29654599031341633,0.013576349563431667,0.006345100596649134,0.19914251156301999,0,1,4
user_000138,100,1,-1.57530593622209,-0.6268836832081168,-0.2526455763199559,-0.12340351046845911,-0.07088812050083343,-0.14285714285714302,-0.12340351046845935,0.0,-0.11878587251846015,-0.07088812050083347,-0.11878587251846015,-0.07088812050083347,-0.07088812050083343,0.0,-0.6261879661168138,-0.36099743619057745,-0.17586311452816514,-0.3333333333333335,-0.27435163058436823,-0.16012815380508677,-0.31076483972568886,-0.14106490488621745,-0.3204846409881355,-0.14106490488621745,-0.17586311452816514,-0.15093078638240207,-0.915341691902398,-0.45714439920785976,-0.24124895481858263,-0.5007101267603481,-0.42008402520840193,-0.26366402215232204,-0.3988012783421799,-0.18503298923501255,-0.4196890020108885,-0.18503298923501255,-0.23840558150220348,-0.24999999999999933,-1.1072154826683405,-0.5830456780137142,-0.41558138688564833,-0.7305300471651187,-0.533120662791234,-0.31448545101657494,-0.5186608870150162,-0.3564594381602972,-0.5514470464473187,-0.37444088065895753,-0.40359288563085766,-0.2870083071156282,4.263317489378809,-0.5191318718590983,0.02342457809667771,-0.8747793275416663,-0.6933658824677306,-0.49960314304406733,4,0,3
user_000139,168,0,0.6457911278707424,0.036227314040882884,3.958114029012642,8.103497187428815,-0.07088812050083343,-0.14285714285714302,-0.12340351046845935,0.0,4.839789516233958,-0.07088812050083347,4.839789516233958,-0.07088812050083347,-0.07088812050083343,0.0,4.190642542474062,4.796108795103385,-0.17586311452816514,3.0000000000000013,-0.27435163058436823,-0.16012815380508677,3.8807162387772176,-0.14106490488621745,2.1456384696266797,-0.14106490488621745,-0.17586311452816514,-0.15093078638240207,2.8207468464747367,3.6987137754090473,-0.24124895481858263,1.8836238101936904,-0.42008402520840193,-0.26366402215232204,2.7362692420435115,-0.18503298923501255,1.530573135134768,-0.18503298923501255,-0.23840558150220348,-0.24999999999999933,2.5590609500082837,3.8451493448752543,-0.41558138688564833,0.7603476001106337,1.3052264502819868,-0.31448545101657494,2.9612677163787673,-0.3564594381602972,1.0842218485809114,-0.37444088065895753,-0.40359288563085766,-0.2870083071156282,-0.6573106852209697,0.20296885215543706,-0.34452712586622186,0.3406397740924788,0.8656085033050985,0.19914251156301999,0,2,1
user_000140,65,1,-0.19084156058813845,-0.968190814145102,-0.2526455763199559,-0.12340351046845911,-0.07088812050083343,-0.14285714285714302,-0.12340351046845935,0.0,-0.11878587251846015,-0.07088812050083347,-0.11878587251846015,-0.07088812050083347,-0.07088812050083343,0.0,-0.6261879661168138,-0.36099743619057745,-0.17586311452816514,-0.3333333333333335,-0.27435163058436823,-0.16012815380508677,-0.31076483972568886,-0.14106490488621745,-0.3204846409881355,-0.14106490488621745,-0.17586311452816514,-0.15093078638240207,-0.915341691902398,-0.45714439920785976,-0.24124895481858263,-0.5007101267603481,-0.42008402520840193,-0.26366402215232204,-0.3988012783421799,-0.18503298923501255,-0.4196890020108885,-0.18503298923501255,-0.23840558150220348,-0.24999999999999933,-1.1072154826683405,-0.5830456780137142,-0.41558138688564833,-0.7305300471651187,-0.533120662791234,-0.31448545101657494,-0.5186608870150162,-0.3564594381602972,-0.5514470464473187,-0.37444088065895753,-0.40359288563085766,-0.2870083071156282,0.6987679455709161,-0.8996984696505426,0.30317467651951874,-1.2443324327682646,-1.017348811231322,-0.6742895566958392,3,3,1
user_000141,88,1,0.06479592810785978,-0.7439032709579403,-0.2526455763199559,-0.12340351046845911,-0.07088812050083343,-0.14285714285714302,-0.12340351046845935,0.0,-0.11878587251846015,-0.07088812050083347,-0.11878587251846015,-0.07088812050083347,-0.07088812050083343,0.0,-0.6261879661168138,-0.36099743619057745,-0.17586311452816514,-0.3333333333333335,-0.27435163058436823,-0.16012815380508677,-0.31076483972568886,-0.14106490488621745,-0.3204846409881355,-0.14106490488621745,-0.17586311452816514,-0.15093078638240207,-0.915341691902398,-0.45714439920785976,-0.24124895481858263,-0.5007101267603481,-0.42008402520840193,-0.26366402215232204,-0.3988012783421799,-0.18503298923501255,-0.4196890020108885,-0.18503298923501255,-0.23840558150220348,-0.24999999999999933,-1.1072154826683405,-0.5830456780137142,-0.41558138688564833,-0.7305300471651187,-0.533120662791234,-0.31448545101657494,-0.5186608870150162,-0.3564594381602972,-0.5514470464473187,-0.37444088065895753,-0.40359288563085766,-0.2870083071156282,0.4081796675446677,-0.606954932887893,-0.15385268288374146,-0.4021163435728321,-0.770024133461557,0.19914251156301999,3,3,1
user_000142,338,0,-0.31904453461854215,1.6940048071633822,3.958114029012642,8.103497187428815,-0.07088812050083343,-0.14285714285714302,-0.12340351046845935,0.0,8.40276586411977,-0.07088812050083347,8.40276586411977,-0.07088812050083347,-0.07088812050083343,0.0,2.5850323729437696,2.217555679456404,-0.17586311452816514,3.0000000000000013,-0.27435163058436823,-0.16012815380508677,2.4709374892340414,-0.14106490488621745,2.9528310542595575,-0.14106490488621745,-0.17586311452816514,-0.15093078638240207,1.5753840003490254,1.6207846881005938,-0.24124895481858263,1.8836238101936904,-0.42008402520840193,-0.26366402215232204,1.6818076531252473,-0.18503298923501255,2.16891804517528,-0.18503298923501255,-0.23840558150220348,-0.24999999999999933,0.35929509040230917,0.8930193296159419,-0.41558138688564833,0.7603476001106337,-0.533120662791234,-0.31448545101657494,1.0488148800177788,-0.3564594381602972,1.6588322276840437,-0.37444088065895753,-0.40359288563085766,-0.2870083071156282,-0.6573106852165327,1.7935420685658323,-0.4562171222966731,1.1150588368228835,1.5938259866826,0.19914251156301999,2,3,0
user_000143,273,0,-0.6444055723493434,1.0601487068518385,-0.2526455763199559,-0.12340351046845911,-0.07088812050083343,-0.14285714285714302,-0.12340351046845935,0.0,-0.11878587251846015,-0.07088812050083347,-0.11878587251846015,-0.07088812050083347,-0.07088812050083343,0.0,-0.6261879661168138,-0.36099743619057745,-0.17586311452816514,-0.3333333333333335,-0.27435163058436823,-0.16012815380508677,-0.31076483972568886,-0.14106490488621745,-0.3204846409881355,-0.14106490488621745,-0.17586311452816514,-0.15093078638240207,0.3300211542233136,-0.45714439920785976,4.145095678246555,-0.5007101267603481,-0.42008402520840193,-0.26366402215232204,-0.3988012783421799,6.80212128066018,-0.4196890020108885,6.80212128066018,4.302653113777863,-0.24999999999999933,-0.3739601961330157,-0.5830456780137142,1.8932040958123981,-0.7305300471651187,-0.533120662791234,-0.31448545101657494,-0.5186608870150162,2.8547876355135013,-0.5514470464473187,3.32200377074814,1.9821778668668228,-0.2870083071156282,-0.48295771841238405,0.9055533403857957,-0.24904501745469554,-0.19065976269706525,0.6727648798701052,-0.8489759703476111,1,2,4
user_000144,131,0,1.023946321963122,-0.32458308152107285,-0.2526455763199559,-0.12340351046845911,-0.07088812050083343,-0.14285714285714302,-0.12340351046845935,0.0,-0.11878587251846015,-0.07088812050083347,-0.11878587251846015,-0.07088812050083347,-0.07088812050083343,0.0,0.979422203413478,-0.36099743619057745,-0.17586311452816514,3.0000000000000013,-0.27435163058436823,-0.16012815380508677,-0.31076483972568886,-0.14106490488621745,-0.3204846409881355,-0.14106490488621745,-0.17586311452816514,-0.15093078638240207,0.3300211542233136,-0.45714439920785976,-0.24124895481858263,1.8836238101936904,-0.42008402520840193,-0.26366402215232204,-0.3988012783421799,-0.18503298923501255,-0.4196890020108885,-0.18503298923501255,-0.23840558150220348,-0.24999999999999933,0.35929509040230917,-0.5830456780137142,-0.41558138688564833,0.7603476001106337,1.3052264502819868,-0.31448545101657494,-0.5186608870150162,-0.3564594381602972,-0.5514470464473187,-0.37444088065895753,-0.40359288563085766,-0.2870083071156282,-0.5410753740369856,-0.28493704244897866,-0.2418872123390479,-0.1282073977909631,0.24758466429902207,-0.49960314304406733,1,2,0
user_000145,103,0,-0.5301479734586836,-0.597628786270661,-0.2526455763199559,-0.12340351046845911,-0.07088812050083343,-0.14285714285714302,-0.12340351046845935,0.0,-0.11878587251846015,-0.07088812050083347,-0.11878587251846015,-0.07088812050083347,-0.07088812050083343,0.0,-0.6261879661168138,-0.36099743619057745,-0.17586311452816514,-0.3333333333333335,-0.27435163058436823,-0.16012815380508677,-0.31076483972568886,-0.14106490488621745,-0.3204846409881355,-0.14106490488621745,-0.17586311452816514,-0.15093078638240207,-0.915341691902398,-0.45714439920785976,-0.24124895481858263,-0.5007101267603481,-0.42008402520840193,-0.26366402215232204,-0.3988012783421799,-0.18503298923501255,-0.4196890020108885,-0.18503298923501255,-0.23840558150220348,-0.24999999999999933,-0.3739601961330157,0.8930193296159419,-0.41558138688564833,-0.7305300471651187,-0.533120662791234,-0.31448545101657494,1.6813954335833365,-0.3564594381602972,2.550826678999375,-0.37444088065895753,-0.40359288563085766,-0.2870083071156282,-0.09550668102486126,-0.7338104654850411,-0.4263368775737398,1.4246622160905,-0.91721251926563,1.7713202344289665,0,3,0
user_000146,93,0,-0.8444079336987104,-0.6951451093955139,-0.2526455763199559,-0.12340351046845911,-0.07088812050083343,-0.14285714285714302,-0.12340351046845935,0.0,-0.11878587251846015,-0.07088812050083347,-0.11878587251846015,-0.07088812050083347,-0.07088812050083343,0.0,-0.6261879661168138,-0.36099743619057745,-0.17586311452816514,-0.3333333333333335,-0.27435163058436823,-0.16012815380508677,-0.31076483972568886,-0.14106490488621745,-0.3204846409881355,-0.14106490488621745,-0.17586311452816514,-0.15093078638240207,-0.915341691902398,-0.45714439920785976,-0.24124895481858263,-0.5007101267603481,-0.42008402520840193,-0.26366402215232204,-0.3988012783421799,-0.18503298923501255,-0.4196890020108885,-0.18503298923501255,-0.23840558150220348,-0.24999999999999933,0.35929509040230917,-0.5830456780137142,1.8932040958123981,0.7603476001106337,-0.533120662791234,-0.31448545101657494,-0.5186608870150162,1.2790069708508256,-0.5514470464473187,1.508133372099781,1.9821778668668228,-0.2870083071156282,-0.34734985531299367,-0.850907880190101,-0.06906989574905015,-0.5885223190486824,-0.9853144599227133,-0.49960314304406733,4,2,0
user_000147,254,0,-1.5480472520868174,0.8748676929146179,-0.2526455763199559,-0.12340351046845911,-0.07088812050083343,-0.14285714285714302,-0.12340351046845935,0.0,-0.11878587251846015,-0.07088812050083347,-0.11878587251846015,-0.07088812050083347,-0.07088812050083343,0.0,-0.6261879661168138,-0.36099743619057745,-0.17586311452816514,-0.3333333333333335,-0.27435163058436823,-0.16012815380508677,-0.31076483972568886,-0.14106490488621745,-0.3204846409881355,-0.14106490488621745,-0.17586311452816514,-0.15093078638240207,0.3300211542233136,-0.45714439920785976,-0.24124895481858263,1.8836238101936904,-0.42008402520840193,-0.26366402215232204,-0.3988012783421799,-0.18503298923501255,-0.4196890020108885,-0.18503298923501255,-0.23840558150220348,-0.24999999999999933,1.0925503769376341,-0.5830456780137142,1.8932040958123981,2.2512252473863863,-0.533120662791234,-0.31448545101657494,-0.5186608870150162,1.4669978120825147,-0.5514470464473187,1.7245283500138928,1.9821778668668228,-0.2870083071156282,-0.4635851665249899,0.944585811954149,-0.28159030754004866,-0.05056391709688964,-0.1691385428820959,-0.15023031574052367,0,1,2
user_000148,359,0,-0.552483194996909,1.8987890857255734,-0.2526455763199559,-0.12340351046845911,-0.07088812050083343,-0.14285714285714302,-0.12340351046845935,0.0,-0.11878587251846015,-0.07088812050083347,-0.11878587251846015,-0.07088812050083347,-0.07088812050083343,0.0,-0.6261879661168138,-0.36099743619057745,-0.17586311452816514,-0.3333333333333335,-0.27435163058436823,-0.16012815380508677,-0.31076483972568886,-0.14106490488621745,-0.3204846409881355,-0.14106490488621745,-0.17586311452816514,-0.15093078638240207,-0.915341691902398,-0.45714439920785976,-0.24124895481858263,-0.5007101267603481,-0.42008402520840193,-0.26366402215232204,-0.3988012783421799,-0.18503298923501255,-0.4196890020108885,-0.18503298923501255,-0.23840558150220348,-0.24999999999999933,-1.1072154826683405,-0.5830456780137142,-0.41558138688564833,-0.7305300471651187,-0.533120662791234,-0.31448545101657494,-0.5186608870150162,-0.3564594381602972,-0.5514470464473187,-0.37444088065895753,-0.40359288563085766,-0.2870083071156282,-0.05676157731448989,1.7057190075370376,-0.32259041855523823,0.12772852005246327,0.1501797016011736,-0.15023031574052367,2,1,3
user_000149,32,1,1.248719022837903,-1.2899946804571165,-0.2526455763199559,-0.12340351046845911,-0.07088812050083343,-0.14285714285714302,-0.12340351046845935,0.0,-0.11878587251846015,-0.07088812050083347,-0.11878587251846015,-0.07088812050083347,-0.07088812050083343,0.0,-0.6261879661168138,-0.36099743619057745,-0.17586311452816514,-0.3333333333333335,-0.27435163058436823,-0.16012815380508677,-0.31076483972568886,-0.14106490488621745,-0.3204846409881355,-0.14106490488621745,-0.17586311452816514,-0.15093078638240207,-0.915341691902398,-0.45714439920785976,-0.24124895481858263,-0.5007101267603481,-0.42008402520840193,-0.26366402215232204,-0.3988012783421799,-0.18503298923501255,-0.4196890020108885,-0.18503298923501255,-0.23840558150220348,-0.24999999999999933,-1.1072154826683405,-0.5830456780137142,-0.41558138688564833,-0.7305300471651187,-0.533120662791234,-0.31448545101657494,-0.5186608870150162,-0.3564594381602972,-0.5514470464473187,-0.37444088065895753,-0.40359288563085766,-0.2870083071156282,-0.05676157735752363,-1.192442006413192,0.060361814787934176,-0.6393603123602777,-0.701762827313685,-0.6742895566958392,0,0,0
user_000150,144,0,-0.009292203985946964,-0.1978118614587641,-0.2526455763199559,-0.12340351046845911,-0.07088812050083343,-0.14285714285714302,-0.12340351046845935,0.0,-0.11878587251846015,-0.07088812050083347,-0.11878587251846015,-0.07088812050083347,-0.07088812050083343,0.0,-0.6261879661168138,-0.36099743619057745,-0.17586311452816514,-0.3333333333333335,-0.27435163058436823,-0.16012815380508677,-0.31076483972568886,-0.14106490488621745,-0.3204846409881355,-0.14106490488621745,-0.17586311452816514,-0.15093078638240207,0.3300211542233136,1.6207846881005938,-0.24124895481858263,-0.5007101267603481,-0.42008402520840193,-0.26366402215232204,1.0139819801436798,-0.18503298923501255,1.3380371346753557,-0.18503298923501255,-0.23840558150220348,-0.24999999999999933,-0.3739601961330157,0.8930193296159419,-0.41558138688564833,-0.7305300471651187,-0.533120662791234,-0.31448545101657494,0.5456926722981955,-0.3564594381602972,0.949385478033245,-0.37444088065895753,-0.40359288563085766,-0.2870083071156282,-0.40546751099009104,-0.24590457088062542,-0.3996644409553042,0.8374833933415718,1.4207346799397378,0.024456097911248156,2,2,0
user_000151,273,0,-1.2494159589284979,1.0601487068518385,-0.2526455763199559,-0.12340351046845911,-0.07088812050083343,-0.14285714285714302,-0.12340351046845935,0.0,-0.11878587251846015,-0.07088812050083347,-0.11878587251846015,-0.07088812050083347,-0.07088812050083343,0.0,-0.6261879661168138,-0.36099743619057745,-0.17586311452816514,-0.3333333333333335,-0.27435163058436823,-0.16012815380508677,-0.31076483972568886,-0.14106490488621745,-0.3204846409881355,-0.14106490488621745,-0.17586311452816514,-0.15093078638240207,-0.915341691902398,-0.45714439920785976,-0.24124895481858263,-0.5007101267603481,-0.42008402520840193,-0.26366402215232204,-0.3988012783421799,-0.18503298923501255,-0.4196890020108885,-0.18503298923501255,-0.23840558150220348,-0.24999999999999933,-1.1072154826683405,-0.5830456780137142,-0.41558138688564833,-0.7305300471651187,-0.533120662791234,-0.31448545101657494,-0.5186608870150162,-0.3564594381602972,-0.5514470464473187,-0.37444088065895753,-0.40359288563085766,-0.2870083071156282,-0.03738902549755339,0.5445029783785281,-0.09014837148464844,-0.6849111543674676,-0.4183845662514154,-0.49960314304406733,0,4,1
user_000152,234,0,1.3436353977155686,0.679835046664912,-0.2526455763199559,-0.12340351046845911,-0.07088812050083343,-0.14285714285714302,-0.12340351046845935,0.0,-0.11878587251846015,-0.07088812050083347,-0.11878587251846015,-0.07088812050083347,-0.07088812050083343,0.0,-0.6261879661168138,-0.36099743619057745,-0.17586311452816514,-0.3333333333333335,-0.27435163058436823,-0.16012815380508677,-0.31076483972568886,-0.14106490488621745,-0.3204846409881355,-0.14106490488621745,-0.17586311452816514,-0.15093078638240207,-0.915341691902398,-0.45714439920785976,-0.24124895481858263,-0.5007101267603481,-0.42008402520840193,-0.26366402215232204,-0.3988012783421799,-0.18503298923501255,-0.4196890020108885,-0.18503298923501255,-0.23840558150220348,-0.24999999999999933,-1.1072154826683405,-0.5830456780137142,-0.41558138688564833,-0.7305300471651187,-0.533120662791234,-0.31448545101657494,-0.5186608870150162,-0.3564594381602972,-0.5514470464473187,-0.37444088065895753,-0.40359288563085766,-0.2870083071156282,-0.01801647366329656,0.44692179945764493,-0.22904333866933207,-0.2497807425619461,-0.43490761968059893,-0.15023031574052367,2,1,3
user_000153,270,0,1.2553124707212455,1.0308938099143825,-0.2526455763199559,-0.12340351046845911,-0.07088812050083343,-0.14285714285714302,-0.12340351046845935,0.0,-0.11878587251846015,-0.07088812050083347,-0.11878587251846015,-0.07088812050083347,-0.07088812050083343,0.0,0.979422203413478,2.217555679456404,-0.17586311452816514,-0.3333333333333335,-0.27435163058436823,-0.16012815380508677,2.2751348851308224,-0.14106490488621745,2.722424036762066,-0.14106490488621745,-0.17586311452816514,-0.15093078638240207,1.5753840003490254,1.6207846881005938,-0.24124895481858263,-0.5007101267603481,2.3804761428476113,-0.26366402215232204,1.5353546546643773,-0.18503298923501255,1.9867073191884548,-0.18503298923501255,-0.23840558150220348,-0.24999999999999933,0.35929509040230917,0.8930193296159419,-0.41558138688564833,-0.7305300471651187,1.3052264502819868,-0.31448545101657494,0.938481062535414,-0.3564594381602972,1.503251800129044,-0.37444088065895753,-0.40359288563085766,-0.2870083071156282,-0.5798204778749614,1.0421669908750322,-0.41439031562615475,0.7715435255462377,0.4756101900011988,0.19914251156301999,1,3,3
user_000154,8,1,-1.439963941425968,-1.5240338559567637,-0.2526455763199559,-0.12340351046845911,-0.07088812050083343,-0.14285714285714302,-0.12340351046845935,0.0,-0.11878587251846015,-0.07088812050083347,-0.11878587251846015,-0.07088812050083347,-0.07088812050083343,0.0,-0.6261879661168138,-0.36099743619057745,-0.17586311452816514,-0.3333333333333335,-0.27435163058436823,-0.16012815380508677,-0.31076483972568886,-0.14106490488621745,-0.3204846409881355,-0.14106490488621745,-0.17586311452816514,-0.15093078638240207,-0.915341691902398,-0.45714439920785976,-0.24124895481858263,-0.5007101267603481,-0.42008402520840193,-0.26366402215232204,-0.3988012783421799,-0.18503298923501255,-0.4196890020108885,-0.18503298923501255,-0.23840558150220348,-0.24999999999999933,-1.1072154826683405,-0.5830456780137142,-0.41558138688564833,-0.7305300471651187,-0.533120662791234,-0.31448545101657494,-0.5186608870150162,-0.3564594381602972,-0.5514470464473187,-0.37444088065895753,-0.40359288563085766,-0.2870083071156282,0.38880711552320074,-1.3973624821470465,1.4639768090556753,-1.5646117906313162,-1.7574958846052517,-1.0236623839993828,0,4,4
user_000155,35,1,1.341130419786125,-1.2607397835196608,-0.2526455763199559,-0.12340351046845911,-0.07088812050083343,-0.14285714285714302,-0.12340351046845935,0.0,-0.11878587251846015,-0.07088812050083347,-0.11878587251846015,-0.07088812050083347,-0.07088812050083343,0.0,-0.6261879661168138,-0.36099743619057745,-0.17586311452816514,-0.3333333333333335,-0.27435163058436823,-0.16012815380508677,-0.31076483972568886,-0.14106490488621745,-0.3204846409881355,-0.14106490488621745,-0.17586311452816514,-0.15093078638240207,-0.915341691902398,-0.45714439920785976,-0.24124895481858263,-0.5007101267603481,-0.42008402520840193,-0.26366402215232204,-0.3988012783421799,-0.18503298923501255,-0.4196890020108885,-0.18503298923501255,-0.23840558150220348,-0.24999999999999933,-1.1072154826683405,-0.5830456780137142,-0.41558138688564833,-0.7305300471651187,-0.533120662791234,-0.31448545101657494,-0.5186608870150162,-0.3564594381602972,-0.5514470464473187,-0.37444088065895753,-0.40359288563085766,-0.2870083071156282,0.9699836715811504,-1.192442006413192,0.49899150049660324,-1.351092218722615,-0.7805515905768304,-1.0236623839993828,2,0,3
user_000156,153,1,0.9873796321882972,-0.11004717064639646,-0.2526455763199559,-0.12340351046845911,-0.07088812050083343,-0.14285714285714302,-0.12340351046845935,0.0,-0.11878587251846015,-0.07088812050083347,-0.11878587251846015,-0.07088812050083347,-0.07088812050083343,0.0,-0.6261879661168138,-0.36099743619057745,-0.17586311452816514,-0.3333333333333335,-0.27435163058436823,-0.16012815380508677,-0.31076483972568886,-0.14106490488621745,-0.3204846409881355,-0.14106490488621745,-0.17586311452816514,-0.15093078638240207,-0.915341691902398,-0.45714439920785976,-0.24124895481858263,-0.5007101267603481,-0.42008402520840193,-0.26366402215232204,-0.3988012783421799,-0.18503298923501255,-0.4196890020108885,-0.18503298923501255,-0.23840558150220348,-0.24999999999999933,-1.1072154826683405,-0.5830456780137142,-0.41558138688564833,-0.7305300471651187,-0.533120662791234,-0.31448545101657494,-0.5186608870150162,-0.3564594381602972,-0.5514470464473187,-0.37444088065895753,-0.40359288563085766,-0.2870083071156282,1.4542974682929013,0.03708084798993571,-0.21666746039648846,-0.2692597210518626,-0.16935870585880994,-0.15023031574052367,2,3,0
user_000157,164,0,0.9705467127686637,-0.0027792152090582744,-0.2526455763199559,-0.12340351046845911,-0.07088812050083343,-0.14285714285714302,-0.12340351046845935,0.0,-0.11878587251846015,-0.07088812050083347,-0.11878587251846015,-0.07088812050083347,-0.07088812050083343,0.0,-0.6261879661168138,-0.36099743619057745,-0.17586311452816514,-0.3333333333333335,-0.27435163058436823,-0.16012815380508677,-0.31076483972568886,-0.14106490488621745,-0.3204846409881355,-0.14106490488621745,-0.17586311452816514,-0.15093078638240207,0.3300211542233136,-0.45714439920785976,-0.24124895481858263,-0.5007101267603481,2.3804761428476113,-0.26366402215232204,-0.3988012783421799,-0.18503298923501255,-0.4196890020108885,-0.18503298923501255,-0.23840558150220348,-0.24999999999999933,1.8258056634729591,2.369084337245598,-0.41558138688564833,-0.7305300471651187,3.1435735633552078,-0.31448545101657494,1.6659486991358055,-0.3564594381602972,0.9887991863471783,-0.37444088065895753,-0.40359288563085766,-0.2870083071156282,-0.4442126148416985,-0.011709741470505868,-0.23504185109749604,-0.19198597121823727,0.09198206576092505,-0.49960314304406733,0,3,1
user_000158,249,0,-1.3260855822218371,0.8261095313521915,-0.2526455763199559,-0.12340351046845911,-0.07088812050083343,-0.14285714285714302,-0.12340351046845935,0.0,-0.11878587251846015,-0.07088812050083347,-0.11878587251846015,-0.07088812050083347,-0.07088812050083343,0.0,0.979422203413478,-0.36099743619057745,-0.17586311452816514,-0.3333333333333335,-0.27435163058436823,-0.16012815380508677,-0.31076483972568886,-0.14106490488621745,-0.3204846409881355,-0.14106490488621745,-0.17586311452816514,-0.15093078638240207,1.5753840003490254,-0.45714439920785976,-0.24124895481858263,1.8836238101936904,-0.42008402520840193,-0.26366402215232204,-0.3988012783421799,-0.18503298923501255,-0.4196890020108885,-0.18503298923501255,-0.23840558150220348,-0.24999999999999933,0.35929509040230917,-0.5830456780137142,-0.41558138688564833,0.7603476001106337,-0.533120662791234,-0.31448545101657494,-0.5186608870150162,-0.3564594381602972,-0.5514470464473187,-0.37444088065895753,-0.40359288563085766,-0.2870083071156282,-0.5798204779354759,0.9250695761699723,-0.1363897726287117,-0.5732709210552038,-0.03379794591362414,-0.49960314304406733,2,4,3
user_000159,45,0,0.08640261024827915,-1.1632234603948077,-0.2526455763199559,-0.12340351046845911,-0.07088812050083343,-0.14285714285714302,-0.12340351046845935,0.0,-0.11878587251846015,-0.07088812050083347,-0.11878587251846015,-0.07088812050083347,-0.07088812050083343,0.0,-0.6261879661168138,-0.36099743619057745,-0.17586311452816514,-0.3333333333333335,-0.27435163058436823,-0.16012815380508677,-0.31076483972568886,-0.14106490488621745,-0.3204846409881355,-0.14106490488621745,-0.17586311452816514,-0.15093078638240207,-0.915341691902398,-0.45714439920785976,-0.24124895481858263,-0.5007101267603481,-0.42008402520840193,-0.26366402215232204,-0.3988012783421799,-0.18503298923501255,-0.4196890020108885,-0.18503298923501255,-0.23840558150220348,-0.24999999999999933,0.35929509040230917,0.8930193296159419,-0.41558138688564833,-0.7305300471651187,-0.533120662791234,-0.31448545101657494,1.2746314264650185,-0.3564594381602972,1.9772535027466098,-0.37444088065895753,-0.40359288563085766,-0.2870083071156282,-0.3667224074189779,-1.2802650674419869,0.1893705458787192,-0.7105335029965115,-0.8748189942523816,0.37382892521479183,4,1,4
user_000160,240,0,-0.6846182857771165,0.7383448405398237,-0.2526455763199559,-0.12340351046845911,-0.07088812050083343,-0.14285714285714302,-0.12340351046845935,0.0,-0.11878587251846015,-0.07088812050083347,-0.11878587251846015,-0.07088812050083347,-0.07088812050083343,0.0,-0.6261879661168138,-0.36099743619057745,-0.17586311452816514,-0.3333333333333335,-0.27435163058436823,-0.16012815380508677,-0.31076483972568886,-0.14106490488621745,-0.3204846409881355,-0.14106490488621745,-0.17586311452816514,-0.15093078638240207,0.3300211542233136,1.6207846881005938,-0.24124895481858263,-0.5007101267603481,-0.42008402520840193,-0.26366402215232204,0.8577654484520851,-0.18503298923501255,1.143679026956075,-0.18503298923501255,-0.23840558150220348,-0.24999999999999933,0.35929509040230917,0.8930193296159419,-0.41558138688564833,0.7603476001106337,-0.533120662791234,-0.31448545101657494,0.4280032669836732,-0.3564594381602972,0.7834330219745788,-0.37444088065895753,-0.40359288563085766,-0.2870083071156282,-0.4248400630222496,0.5640192141627047,-0.3740093302827867,0.49941073781946155,0.05264944262004003,0.7232017525183355,4,4,2
user_000161,262,0,1.4655409969512356,0.9528807514145001,-0.2526455763199559,-0.12340351046845911,-0.07088812050083343,-0.14285714285714302,-0.12340351046845935,0.0,-0.11878587251846015,-0.07088812050083347,-0.11878587251846015,-0.07088812050083347,-0.07088812050083343,0.0,-0.6261879661168138,-0.36099743619057745,-0.17586311452816514,-0.3333333333333335,-0.27435163058436823,-0.16012815380508677,-0.31076483972568886,-0.14106490488621745,-0.3204846409881355,-0.14106490488621745,-0.17586311452816514,-0.15093078638240207,0.3300211542233136,-0.45714439920785976,-0.24124895481858263,-0.5007101267603481,-0.42008402520840193,3.792705549421863,-0.3988012783421799,-0.18503298923501255,-0.4196890020108885,-0.18503298923501255,-0.23840558150220348,4.749999999999987,-0.3739601961330157,-0.5830456780137142,-0.41558138688564833,-0.7305300471651187,-0.533120662791234,3.17979733805648,-0.5186608870150162,-0.3564594381602972,-0.5514470464473187,-0.37444088065895753,-0.40359288563085766,6.400563897520367,-0.44421261491322545,0.9641020477383256,-0.23975323332852366,-0.23011446620193396,-0.28235060266377615,0.024456097911248156,2,1,4
user_000162,343,0,-0.134301580656104,1.7427629687258086,-0.2526455763199559,-0.12340351046845911,-0.07088812050083343,-0.14285714285714302,-0.12340351046845935,0.0,-0.11878587251846015,-0.07088812050083347,-0.11878587251846015,-0.07088812050083347,-0.07088812050083343,0.0,0.979422203413478,2.217555679456404,-0.17586311452816514,-0.3333333333333335,-0.27435163058436823,-0.16012815380508677,-0.04447329814531112,-0.14106490488621745,-0.007131097191547374,-0.14106490488621745,-0.17586311452816514,-0.15093078638240207,1.5753840003490254,1.6207846881005938,-0.24124895481858263,1.8836238101936904,-0.42008402520840193,-0.26366402215232204,-0.19962520043539658,-0.18503298923501255,-0.1718824146688057,-0.18503298923501255,-0.23840558150220348,-0.24999999999999933,1.0925503769376341,2.369084337245598,-0.41558138688564833,0.7603476001106337,-0.533120662791234,-0.31448545101657494,1.5659127046184613,-0.3564594381602972,0.9182693925222452,-0.37444088065895753,-0.40359288563085766,-0.2870083071156282,-0.5410753742820373,1.7057190075370376,-0.3049365921954466,0.03678499868394248,0.31298493249377607,-0.3249167293922955,0,2,0
user_000163,117,0,-0.01570268535385869,-0.4611059338958669,-0.2526455763199559,-0.12340351046845911,-0.07088812050083343,-0.14285714285714302,-0.12340351046845935,0.0,-0.11878587251846015,-0.07088812050083347,-0.11878587251846015,-0.07088812050083347,-0.07088812050083343,0.0,-0.6261879661168138,-0.36099743619057745,-0.17586311452816514,-0.3333333333333335,-0.27435163058436823,-0.16012815380508677,-0.31076483972568886,-0.14106490488621745,-0.3204846409881355,-0.14106490488621745,-0.17586311452816514,-0.15093078638240207,0.3300211542233136,-0.45714439920785976,-0.24124895481858263,-0.5007101267603481,2.3804761428476113,-0.26366402215232204,-0.3988012783421799,-0.18503298923501255,-0.4196890020108885,-0.18503298923501255,-0.23840558150220348,-0.24999999999999933,0.35929509040230917,0.8930193296159419,-0.41558138688564833,-0.7305300471651187,1.3052264502819868,-0.31448545101657494,0.08964622670442134,-0.3564594381602972,0.30631971080591297,-0.37444088065895753,-0.40359288563085766,-0.2870083071156282,-0.5023302705880776,-0.4313088108303034,-0.26861044949356766,0.024922800244570237,0.04158952369391653,-0.49960314304406733,1,0,2
user_000164,43,1,-0.29216509016979914,-1.1827267250197784,-0.2526455763199559,-0.12340351046845911,-0.07088812050083343,-0.14285714285714302,-0.12340351046845935,0.0,-0.11878587251846015,-0.07088812050083347,-0.11878587251846015,-0.07088812050083347,-0.07088812050083343,0.0,-0.6261879661168138,-0.36099743619057745,-0.17586311452816514,-0.3333333333333335,-0.27435163058436823,-0.16012815380508677,-0.31076483972568886,-0.14106490488621745,-0.3204846409881355,-0.14106490488621745,-0.17586311452816514,-0.15093078638240207,-0.915341691902398,-0.45714439920785976,-0.24124895481858263,-0.5007101267603481,-0.42008402520840193,-0.26366402215232204,-0.3988012783421799,-0.18503298923501255,-0.4196890020108885,-0.18503298923501255,-0.23840558150220348,-0.24999999999999933,-1.1072154826683405,-0.5830456780137142,-0.41558138688564833,-0.7305300471651187,-0.533120662791234,-0.31448545101657494,-0.5186608870150162,-0.3564594381602972,-0.5514470464473187,-0.37444088065895753,-0.40359288563085766,-0.2870083071156282,4.670141078297375,-1.1143770632764856,0.1893705458787192,-1.0094609036686932,-0.5848304848740593,-1.0236623839993828,2,1,1
user_000165,183,0,1.040409981687977,0.18250179872816225,-0.2526455763199559,-0.12340351046845911,-0.07088812050083343,-0.14285714285714302,-0.12340351046845935,0.0,-0.11878587251846015,-0.07088812050083347,-0.11878587251846015,-0.07088812050083347,-0.07088812050083343,0.0,-0.6261879661168138,-0.36099743619057745,-0.17586311452816514,-0.3333333333333335,-0.27435163058436823,-0.16012815380508677,-0.31076483972568886,-0.14106490488621745,-0.3204846409881355,-0.14106490488621745,-0.17586311452816514,-0.15093078638240207,0.3300211542233136,-0.45714439920785976,-0.24124895481858263,1.8836238101936904,-0.42008402520840193,-0.26366402215232204,-0.3988012783421799,-0.18503298923501255,-0.4196890020108885,-0.18503298923501255,-0.23840558150220348,-0.24999999999999933,1.0925503769376341,0.8930193296159419,-0.41558138688564833,0.7603476001106337,1.3052264502819868,-0.31448545101657494,0.47287235275983486,-0.3564594381602972,0.8467023958469453,-0.37444088065895753,-0.40359288563085766,-0.2870083071156282,-0.4635851668628983,0.19321073426334875,-0.30777381428898454,0.12829338664481446,0.5395005064537973,-0.15023031574052367,0,3,0
user_000166,208,0,0.2045058326269026,0.4262926065402945,-0.2526455763199559,-0.12340351046845911,-0.07088812050083343,-0.14285714285714302,-0.12340351046845935,0.0,-0.11878587251846015,-0.07088812050083347,-0.11878587251846015,-0.07088812050083347,-0.07088812050083343,0.0,-0.6261879661168138,-0.36099743619057745,-0.17586311452816514,-0.3333333333333335,-0.27435163058436823,-0.16012815380508677,-0.31076483972568886,-0.14106490488621745,-0.3204846409881355,-0.14106490488621745,-0.17586311452816514,-0.15093078638240207,1.5753840003490254,-0.45714439920785976,-0.24124895481858263,1.8836238101936904,2.3804761428476113,-0.26366402215232204,-0.3988012783421799,-0.18503298923501255,-0.4196890020108885,-0.18503298923501255,-0.23840558150220348,-0.24999999999999933,1.0925503769376341,-0.5830456780137142,-0.41558138688564833,0.7603476001106337,3.1435735633552078,-0.31448545101657494,-0.5186608870150162,-0.3564594381602972,-0.5514470464473187,-0.37444088065895753,-0.40359288563085766,-0.2870083071156282,-0.444212615011909,0.4859542710259982,-0.24091918145640423,-0.2048292537390615,-0.332403671337712,0.19914251156301999,1,2,0
user_000167,151,1,0.6122084556293982,-0.12955043527136706,-0.2526455763199559,-0.12340351046845911,-0.07088812050083343,-0.14285714285714302,-0.12340351046845935,0.0,-0.11878587251846015,-0.07088812050083347,-0.11878587251846015,-0.07088812050083347,-0.07088812050083343,0.0,-0.6261879661168138,-0.36099743619057745,-0.17586311452816514,-0.3333333333333335,-0.27435163058436823,-0.16012815380508677,-0.31076483972568886,-0.14106490488621745,-0.3204846409881355,-0.14106490488621745,-0.17586311452816514,-0.15093078638240207,-0.915341691902398,-0.45714439920785976,-0.24124895481858263,-0.5007101267603481,-0.42008402520840193,-0.26366402215232204,-0.3988012783421799,-0.18503298923501255,-0.4196890020108885,-0.18503298923501255,-0.23840558150220348,-0.24999999999999933,-1.1072154826683405,-0.5830456780137142,-0.41558138688564833,-0.7305300471651187,-0.533120662791234,-0.31448545101657494,-0.5186608870150162,-0.3564594381602972,-0.5514470464473187,-0.37444088065895753,-0.40359288563085766,-0.2870083071156282,0.35006201157226813,-0.294695160341067,0.00460380389276436,-0.8573282086837436,-0.3068605943037686,-0.6742895566958392,2,4,4
user_000168,108,1,-1.1626598906390457,-0.5488706247082346,-0.2526455763199559,-0.12340351046845911,-0.07088812050083343,-0.14285714285714302,-0.12340351046845935,0.0,-0.11878587251846015,-0.07088812050083347,-0.11878587251846015,-0.07088812050083347,-0.07088812050083343,0.0,-0.6261879661168138,-0.36099743619057745,-0.17586311452816514,-0.3333333333333335,-0.27435163058436823,-0.16012815380508677,-0.31076483972568886,-0.14106490488621745,-0.3204846409881355,-0.14106490488621745,-0.17586311452816514,-0.15093078638240207,-0.915341691902398,-0.45714439920785976,-0.24124895481858263,-0.5007101267603481,-0.42008402520840193,-0.26366402215232204,-0.3988012783421799,-0.18503298923501255,-0.4196890020108885,-0.18503298923501255,-0.23840558150220348,-0.24999999999999933,-1.1072154826683405,-0.5830456780137142,-0.41558138688564833,-0.7305300471651187,-0.533120662791234,-0.31448545101657494,-0.5186608870150162,-0.3564594381602972,-0.5514470464473187,-0.37444088065895753,-0.40359288563085766,-0.2870083071156282,0.2919443559462767,-0.5093737539670099,-0.22291985723224794,-0.16487237478538644,-0.48298975674919514,0.19914251156301999,3,1,1
user_000169,28,1,-1.0093539106915361,-1.3290012097070578,-0.2526455763199559,-0.12340351046845911,-0.07088812050083343,-0.14285714285714302,-0.12340351046845935,0.0,-0.11878587251846015,-0.07088812050083347,-0.11878587251846015,-0.07088812050083347,-0.07088812050083343,0.0,-0.6261879661168138,-0.36099743619057745,-0.17586311452816514,-0.3333333333333335,-0.27435163058436823,-0.16012815380508677,-0.31076483972568886,-0.14106490488621745,-0.3204846409881355,-0.14106490488621745,-0.17586311452816514,-0.15093078638240207,-0.915341691902398,-0.45714439920785976,-0.24124895481858263,-0.5007101267603481,-0.42008402520840193,-0.26366402215232204,-0.3988012783421799,-0.18503298923501255,-0.4196890020108885,-0.18503298923501255,-0.23840558150220348,-0.24999999999999933,-1.1072154826683405,-0.5830456780137142,-0.41558138688564833,-0.7305300471651187,-0.533120662791234,-0.31448545101657494,-0.5186608870150162,-0.3564594381602972,-0.5514470464473187,-0.37444088065895753,-0.40359288563085766,-0.2870083071156282,0.5050424264885949,-1.1729257706290153,0.20134992805143492,-0.977432967882388,-1.0360897536964593,-0.49960314304406733,1,0,0
user_000170,84,1,-1.6639947962472745,-0.7829098002078815,-0.2526455763199559,-0.12340351046845911,-0.07088812050083343,-0.14285714285714302,-0.12340351046845935,0.0,-0.11878587251846015,-0.07088812050083347,-0.11878587251846015,-0.07088812050083347,-0.07088812050083343,0.0,-0.6261879661168138,-0.36099743619057745,-0.17586311452816514,-0.3333333333333335,-0.27435163058436823,-0.16012815380508677,-0.31076483972568886,-0.14106490488621745,-0.3204846409881355,-0.14106490488621745,-0.17586311452816514,-0.15093078638240207,-0.915341691902398,-0.45714439920785976,-0.24124895481858263,-0.5007101267603481,-0.42008402520840193,-0.26366402215232204,-0.3988012783421799,-0.18503298923501255,-0.4196890020108885,-0.18503298923501255,-0.23840558150220348,-0.24999999999999933,-1.1072154826683405,-0.5830456780137142,-0.41558138688564833,-0.7305300471651187,-0.533120662791234,-0.31448545101657494,-0.5186608870150162,-0.3564594381602972,-0.5514470464473187,-0.37444088065895753,-0.40359288563085766,-0.2870083071156282,0.33068945967188357,-0.9972796485714257,0.5466686402475455,-1.4578520046769656,-1.4740411358953638,-0.8489759703476111,1,2,1
user_000171,248,0,-0.3140179454400705,0.8163578990397061,-0.2526455763199559,-0.12340351046845911,-0.07088812050083343,-0.14285714285714302,-0.12340351046845935,0.0,-0.11878587251846015,-0.07088812050083347,-0.11878587251846015,-0.07088812050083347,-0.07088812050083343,0.0,0.979422203413478,2.217555679456404,-0.17586311452816514,-0.3333333333333335,-0.27435163058436823,-0.16012815380508677,2.4082806559210113,-0.14106490488621745,2.8791008086603602,-0.14106490488621745,-0.17586311452816514,-0.15093078638240207,1.5753840003490254,1.6207846881005938,-0.24124895481858263,1.8836238101936904,-0.42008402520840193,-0.26366402215232204,1.634942693617769,-0.18503298923501255,2.110610612859496,-0.18503298923501255,-0.23840558150220348,-0.24999999999999933,1.0925503769376341,2.369084337245598,-0.41558138688564833,0.7603476001106337,-0.533120662791234,-0.31448545101657494,2.0197524738625883,-0.3564594381602972,1.2382464718603612,-0.37444088065895753,-0.40359288563085766,-0.2870083071156282,-0.6379381337625766,0.759181572004471,-0.33751024525754,0.25030457059264366,0.7022484202692956,0.024456097911248156,0,1,2
user_000172,271,0,-1.431015215489443,1.0406454422268678,-0.2526455763199559,-0.12340351046845911,-0.07088812050083343,-0.14285714285714302,-0.12340351046845935,0.0,-0.11878587251846015,-0.07088812050083347,-0.11878587251846015,-0.07088812050083347,-0.07088812050083343,0.0,0.979422203413478,2.217555679456404,-0.17586311452816514,-0.3333333333333335,-0.27435163058436823,-0.16012815380508677,-0.07449636410780469,-0.14106490488621745,-0.04246017320782937,-0.14106490488621745,-0.17586311452816514,-0.15093078638240207,0.3300211542233136,1.6207846881005938,-0.24124895481858263,-0.5007101267603481,-0.42008402520840193,-0.26366402215232204,-0.22208132686606333,-0.18503298923501255,-0.19982139265345228,-0.18503298923501255,-0.23840558150220348,-0.24999999999999933,1.0925503769376341,0.8930193296159419,-0.41558138688564833,0.7603476001106337,-0.533120662791234,3.17979733805648,-0.38552474725296276,-0.3564594381602972,-0.3637133305309524,-0.37444088065895753,-0.40359288563085766,1.9421824277630368,-0.5604479263100262,1.1104738161196503,-0.25103177888310574,-0.18954574753928086,-0.367342832078525,-0.3249167293922955,2,3,2
user_000173,234,1,-1.5714303727588737,0.679835046664912,-0.2526455763199559,-0.12340351046845911,-0.07088812050083343,-0.14285714285714302,-0.12340351046845935,0.0,-0.11878587251846015,-0.07088812050083347,-0.11878587251846015,-0.07088812050083347,-0.07088812050083343,0.0,-0.6261879661168138,-0.36099743619057745,-0.17586311452816514,-0.3333333333333335,-0.27435163058436823,-0.16012815380508677,-0.31076483972568886,-0.14106490488621745,-0.3204846409881355,-0.14106490488621745,-0.17586311452816514,-0.15093078638240207,-0.915341691902398,-0.45714439920785976,-0.24124895481858263,-0.5007101267603481,-0.42008402520840193,-0.26366402215232204,-0.3988012783421799,-0.18503298923501255,-0.4196890020108885,-0.18503298923501255,-0.23840558150220348,-0.24999999999999933,-1.1072154826683405,-0.5830456780137142,-0.41558138688564833,-0.7305300471651187,-0.533120662791234,-0.31448545101657494,-0.5186608870150162,-0.3564594381602972,-0.5514470464473187,-0.37444088065895753,-0.40359288563085766,-0.2870083071156282,0.9893562231388687,0.6323260394073229,-0.33502269063959855,0.2440245831835642,0.4192911677789835,0.024456097911248156,4,4,1
user_000174,45,1,-0.8860910325777639,-1.1632234603948077,-0.2526455763199559,-0.12340351046845911,-0.07088812050083343,-0.14285714285714302,-0.12340351046845935,0.0,-0.11878587251846015,-0.07088812050083347,-0.11878587251846015,-0.07088812050083347,-0.07088812050083343,0.0,-0.6261879661168138,-0.36099743619057745,-0.17586311452816514,-0.3333333333333335,-0.27435163058436823,-0.16012815380508677,-0.31076483972568886,-0.14106490488621745,-0.3204846409881355,-0.14106490488621745,-0.17586311452816514,-0.15093078638240207,-0.915341691902398,-0.45714439920785976,-0.24124895481858263,-0.5007101267603481,-0.42008402520840193,-0.26366402215232204,-0.3988012783421799,-0.18503298923501255,-0.4196890020108885,-0.18503298923501255,-0.23840558150220348,-0.24999999999999933,-1.1072154826683405,-0.5830456780137142,-0.41558138688564833,-0.7305300471651187,-0.533120662791234,-0.31448545101657494,-0.5186608870150162,-0.3564594381602972,-0.5514470464473187,-0.37444088065895753,-0.40359288563085766,-0.2870083071156282,0.27257180397527414,-1.133893299060662,-0.28231762717196357,0.8908632863187471,1.2215386203356846,3.343497957294913,1,3,4
user_000175,326,0,0.19884052397638172,1.5769852194135587,-0.2526455763199559,-0.12340351046845911,-0.07088812050083343,-0.14285714285714302,-0.12340351046845935,0.0,-0.11878587251846015,-0.07088812050083347,-0.11878587251846015,-0.07088812050083347,-0.07088812050083343,0.0,-0.6261879661168138,-0.36099743619057745,-0.17586311452816514,-0.3333333333333335,-0.27435163058436823,-0.16012815380508677,-0.31076483972568886,-0.14106490488621745,-0.3204846409881355,-0.14106490488621745,-0.17586311452816514,-0.15093078638240207,0.3300211542233136,1.6207846881005938,-0.24124895481858263,-0.5007101267603481,-0.42008402520840193,-0.26366402215232204,0.13135857608616974,-0.18503298923501255,0.23991382606142012,-0.18503298923501255,-0.23840558150220348,-0.24999999999999933,0.35929509040230917,0.8930193296159419,-0.41558138688564833,0.7603476001106337,-0.533120662791234,-0.31448545101657494,-0.11925246772885588,-0.3564594381602972,0.011754101301780208,-0.37444088065895753,-0.40359288563085766,-0.2870083071156282,-0.5217028226321573,1.6764446538607727,-0.44269160600919566,0.9869470936776625,0.6673315603496188,0.7232017525183355,0,2,1
user_000176,284,0,1.2307384043669303,1.1674166622891766,-0.2526455763199559,-0.12340351046845911,-0.07088812050083343,-0.14285714285714302,-0.12340351046845935,0.0,-0.11878587251846015,-0.07088812050083347,-0.11878587251846015,-0.07088812050083347,-0.07088812050083343,0.0,0.979422203413478,-0.36099743619057745,5.68624070307734,-0.3333333333333335,-0.27435163058436823,-0.16012815380508677,-0.31076483972568886,6.147925176360756,-0.3204846409881355,6.147925176360756,5.68624070307734,-0.15093078638240207,0.3300211542233136,-0.45714439920785976,4.145095678246555,-0.5007101267603481,-0.42008402520840193,-0.26366402215232204,-0.3988012783421799,5.103802252303517,-0.4196890020108885,5.103802252303517,4.302653113777863,-0.24999999999999933,0.35929509040230917,0.8930193296159419,1.8932040958123981,-0.7305300471651187,-0.533120662791234,-0.31448545101657494,-0.422302686413751,2.0742521271631653,-0.41557347304928566,2.423534659253046,1.9821778668668228,-0.2870083071156282,-0.6185655820218713,1.2275712308247102,-0.31743601669836474,0.11569440569367993,-0.10833404977396995,-0.3249167293922955,0,2,2
user_000177,360,0,0.9897947901919838,1.9085407180380587,-0.2526455763199559,-0.12340351046845911,-0.07088812050083343,-0.14285714285714302,-0.12340351046845935,0.0,-0.11878587251846015,-0.07088812050083347,-0.11878587251846015,-0.07088812050083347,-0.07088812050083343,0.0,-0.6261879661168138,-0.36099743619057745,-0.17586311452816514,-0.3333333333333335,-0.27435163058436823,-0.16012815380508677,-0.31076483972568886,-0.14106490488621745,-0.3204846409881355,-0.14106490488621745,-0.17586311452816514,-0.15093078638240207,0.3300211542233136,-0.45714439920785976,-0.24124895481858263,-0.5007101267603481,-0.42008402520840193,3.792705549421863,-0.3988012783421799,-0.18503298923501255,-0.4196890020108885,-0.18503298923501255,-0.23840558150220348,4.749999999999987,0.35929509040230917,0.8930193296159419,-0.41558138688564833,-0.7305300471651187,-0.533120662791234,3.17979733805648,1.582830556632424,-0.3564594381602972,2.411841497050242,-0.37444088065895753,-0.40359288563085766,3.0567777952023696,-0.5217028227075331,1.9789463085155103,-0.4757411344115502,1.3179024301361495,0.3107999052485387,1.5966338207771946,0,4,4
user_000178,147,0,-1.1578927812460942,-0.16855696452130822,-0.2526455763199559,-0.12340351046845911,-0.07088812050083343,-0.14285714285714302,-0.12340351046845935,0.0,-0.11878587251846015,-0.07088812050083347,-0.11878587251846015,-0.07088812050083347,-0.07088812050083343,0.0,-0.6261879661168138,-0.36099743619057745,-0.17586311452816514,-0.3333333333333335,-0.27435163058436823,-0.16012815380508677,-0.31076483972568886,-0.14106490488621745,-0.3204846409881355,-0.14106490488621745,-0.17586311452816514,-0.15093078638240207,0.3300211542233136,-0.45714439920785976,-0.24124895481858263,1.8836238101936904,-0.42008402520840193,-0.26366402215232204,-0.3988012783421799,-0.18503298923501255,-0.4196890020108885,-0.18503298923501255,-0.23840558150220348,-0.24999999999999933,1.8258056634729591,0.8930193296159419,1.8932040958123981,0.7603476001106337,1.3052264502819868,-0.31448545101657494,1.4519010932200178,-0.19788789285261676,2.227219389684976,-0.19191025406118759,1.9821778668668228,-0.2870083071156282,-0.4442126152672782,-0.18735586352809552,-0.2422586660498298,-0.14114797790664194,0.16695679425401955,-0.15023031574052367,4,1,4
user_000179,123,0,-1.275071191055813,-0.4025961400209552,-0.2526455763199559,-0.12340351046845911,-0.07088812050083343,-0.14285714285714302,-0.12340351046845935,0.0,-0.11878587251846015,-0.07088812050083347,-0.11878587251846015,-0.07088812050083347,-0.07088812050083343,0.0,0.979422203413478,-0.36099743619057745,-0.17586311452816514,3.0000000000000013,-0.27435163058436823,-0.16012815380508677,-0.31076483972568886,-0.14106490488621745,-0.3204846409881355,-0.14106490488621745,-0.17586311452816514,-0.15093078638240207,0.3300211542233136,-0.45714439920785976,-0.24124895481858263,1.8836238101936904,-0.42008402520840193,-0.26366402215232204,-0.3988012783421799,-0.18503298923501255,-0.4196890020108885,-0.18503298923501255,-0.23840558150220348,-0.24999999999999933,0.35929509040230917,0.8930193296159419,-0.41558138688564833,0.7603476001106337,-0.533120662791234,-0.31448545101657494,-0.1670637886378806,-0.3564594381602972,-0.055664083972053,-0.37444088065895753,-0.40359288563085766,-0.2870083071156282,-0.5798204783596655,-0.3337276319094203,-0.4667633338268699,1.602595192681084,0.38733883201264774,2.470065889036054,1,1,4
user_000180,294,0,1.526495459901028,1.2649329854140294,-0.2526455763199559,-0.12340351046845911,-0.07088812050083343,-0.14285714285714302,-0.12340351046845935,0.0,-0.11878587251846015,-0.07088812050083347,-0.11878587251846015,-0.07088812050083347,-0.07088812050083343,0.0,0.979422203413478,2.217555679456404,-0.17586311452816514,-0.3333333333333335,-0.27435163058436823,-0.16012815380508677,0.5155221495898951,-0.14106490488621745,0.6518329728512776,-0.14106490488621745,-0.17586311452816514,-0.15093078638240207,1.5753840003490254,3.6987137754090473,-0.24124895481858263,-0.5007101267603481,-0.42008402520840193,-0.26366402215232204,2.281288593491742,-0.18503298923501255,1.2475391407685656,-0.18503298923501255,-0.23840558150220348,-0.24999999999999933,0.35929509040230917,2.369084337245598,-0.41558138688564833,-0.7305300471651187,-0.533120662791234,-0.31448545101657494,1.5004479729122584,-0.3564594381602972,0.8721138656809285,-0.37444088065895753,-0.40359288563085766,-0.2870083071156282,-0.6185655821003476,1.3056361739614166,-0.3316051383985361,0.18996208287931507,0.6306982838111603,-0.15023031574052367,1,1,3
user_000181,173,1,1.4217986931076065,0.08498547560330934,-0.2526455763199559,-0.12340351046845911,-0.07088812050083343,-0.14285714285714302,-0.12340351046845935,0.0,-0.11878587251846015,-0.07088812050083347,-0.11878587251846015,-0.07088812050083347,-0.07088812050083343,0.0,-0.6261879661168138,-0.36099743619057745,-0.17586311452816514,-0.3333333333333335,-0.27435163058436823,-0.16012815380508677,-0.31076483972568886,-0.14106490488621745,-0.3204846409881355,-0.14106490488621745,-0.17586311452816514,-0.15093078638240207,-0.915341691902398,-0.45714439920785976,-0.24124895481858263,-0.5007101267603481,-0.42008402520840193,-0.26366402215232204,-0.3988012783421799,-0.18503298923501255,-0.4196890020108885,-0.18503298923501255,-0.23840558150220348,-0.24999999999999933,-1.1072154826683405,-0.5830456780137142,-0.41558138688564833,-0.7305300471651187,-0.533120662791234,-0.31448545101657494,-0.5186608870150162,-0.3564594381602972,-0.5514470464473187,-0.37444088065895753,-0.40359288563085766,-0.2870083071156282,0.31131690755563546,0.11514579112664222,-0.21104030324430487,-0.2968393324234031,-0.20992021135110664,-0.49960314304406733,1,1,4
user_000182,12,1,-1.6571585018979962,-1.4850273267068224,-0.2526455763199559,-0.12340351046845911,-0.07088812050083343,-0.14285714285714302,-0.12340351046845935,0.0,-0.11878587251846015,-0.07088812050083347,-0.11878587251846015,-0.07088812050083347,-0.07088812050083343,0.0,-0.6261879661168138,-0.36099743619057745,-0.17586311452816514,-0.3333333333333335,-0.27435163058436823,-0.16012815380508677,-0.31076483972568886,-0.14106490488621745,-0.3204846409881355,-0.14106490488621745,-0.17586311452816514,-0.15093078638240207,-0.915341691902398,-0.45714439920785976,-0.24124895481858263,-0.5007101267603481,-0.42008402520840193,-0.26366402215232204,-0.3988012783421799,-0.18503298923501255,-0.4196890020108885,-0.18503298923501255,-0.23840558150220348,-0.24999999999999933,-0.3739601961330157,-0.5830456780137142,-0.41558138688564833,-0.7305300471651187,1.3052264502819868,-0.31448545101657494,-0.5186608870150162,-0.3564594381602972,-0.5514470464473187,-0.37444088065895753,-0.40359288563085766,-0.2870083071156282,-0.26985964852091765,-1.4363949537154,4.885288357583294,-2.418690078266121,-1.7574958846052517,-1.7224080386064702,2,3,4
user_000183,176,0,-1.0690508946807311,0.1142403725407652,-0.2526455763199559,-0.12340351046845911,-0.07088812050083343,-0.14285714285714302,-0.12340351046845935,0.0,-0.11878587251846015,-0.07088812050083347,-0.11878587251846015,-0.07088812050083347,-0.07088812050083343,0.0,-0.6261879661168138,-0.36099743619057745,-0.17586311452816514,-0.3333333333333335,-0.27435163058436823,-0.16012815380508677,-0.31076483972568886,-0.14106490488621745,-0.3204846409881355,-0.14106490488621745,-0.17586311452816514,-0.15093078638240207,-0.915341691902398,-0.45714439920785976,-0.24124895481858263,-0.5007101267603481,-0.42008402520840193,-0.26366402215232204,-0.3988012783421799,-0.18503298923501255,-0.4196890020108885,-0.18503298923501255,-0.23840558150220348,-0.24999999999999933,0.35929509040230917,2.369084337245598,-0.41558138688564833,-0.7305300471651187,-0.533120662791234,-0.31448545101657494,3.259904582364368,-0.3564594381602972,2.1126084747194596,-0.37444088065895753,-0.40359288563085766,-0.2870083071156282,-0.3473498559853891,-0.1580815098518306,-0.4713105315256041,1.5771761960252868,1.4700007840769114,-0.49960314304406733,3,0,4
user_000184,32,0,1.4445863409385336,-1.2899946804571165,-0.2526455763199559,-0.12340351046845911,-0.07088812050083343,-0.14285714285714302,-0.12340351046845935,0.0,-0.11878587251846015,-0.07088812050083347,-0.11878587251846015,-0.07088812050083347,-0.07088812050083343,0.0,0.979422203413478,2.217555679456404,-0.17586311452816514,-0.3333333333333335,-0.27435163058436823,-0.16012815380508677,0.2192075420470237,-0.14106490488621745,0.30315035303840754,-0.14106490488621745,-0.17586311452816514,-0.15093078638240207,0.3300211542233136,1.6207846881005938,-0.24124895481858263,-0.5007101267603481,-0.42008402520840193,-0.26366402215232204,-0.002401829174758249,-0.18503298923501255,0.0734946963267861,-0.18503298923501255,-0.23840558150220348,-0.24999999999999933,-0.3739601961330157,0.8930193296159419,-0.41558138688564833,-0.7305300471651187,-0.533120662791234,-0.31448545101657494,-0.22002402102941565,-0.3564594381602972,-0.13034268919845285,-0.37444088065895753,-0.40359288563085766,-0.2870083071156282,-0.6185655821521485,-1.4363949537154,4.885288357583294,-2.418690078266121,-1.7574958846052517,-1.7224080386064702,0,1,1
user_000185,354,0,-0.5189969960091554,1.850030924163147,-0.2526455763199559,-0.12340351046845911,-0.07088812050083343,-0.14285714285714302,-0.12340351046845935,0.0,-0.11878587251846015,-0.07088812050083347,-0.11878587251846015,-0.07088812050083347,-0.07088812050083343,0.0,0.979422203413478,-0.36099743619057745,-0.17586311452816514,3.0000000000000013,-0.27435163058436823,-0.16012815380508677,-0.31076483972568886,-0.14106490488621745,-0.3204846409881355,-0.14106490488621745,-0.17586311452816514,-0.15093078638240207,0.3300211542233136,-0.45714439920785976,-0.24124895481858263,1.8836238101936904,-0.42008402520840193,-0.26366402215232204,-0.3988012783421799,-0.18503298923501255,-0.4196890020108885,-0.18503298923501255,-0.23840558150220348,-0.24999999999999933,-0.3739601961330157,-0.5830456780137142,-0.41558138688564833,0.7603476001106337,-0.533120662791234,-0.31448545101657494,-0.5186608870150162,-0.3564594381602972,-0.5514470464473187,-0.37444088065895753,-0.40359288563085766,-0.2870083071156282,-0.5991930302784396,1.871607011702539,-0.46470372075156086,1.2004666655863636,1.2034830163005419,0.7232017525183355,3,2,1
user_000186,250,1,1.1134269280005347,0.8358611636646767,-0.2526455763199559,-0.12340351046845911,-0.07088812050083343,-0.14285714285714302,-0.12340351046845935,0.0,-0.11878587251846015,-0.07088812050083347,-0.11878587251846015,-0.07088812050083347,-0.07088812050083343,0.0,-0.6261879661168138,-0.36099743619057745,-0.17586311452816514,-0.3333333333333335,-0.27435163058436823,-0.16012815380508677,-0.31076483972568886,-0.14106490488621745,-0.3204846409881355,-0.14106490488621745,-0.17586311452816514,-0.15093078638240207,-0.915341691902398,-0.45714439920785976,-0.24124895481858263,-0.5007101267603481,-0.42008402520840193,-0.26366402215232204,-0.3988012783421799,-0.18503298923501255,-0.4196890020108885,-0.18503298923501255,-0.23840558150220348,-0.24999999999999933,-1.1072154826683405,-0.5830456780137142,-0.41558138688564833,-0.7305300471651187,-0.533120662791234,-0.31448545101657494,-0.5186608870150162,-0.3564594381602972,-0.5514470464473187,-0.37444088065895753,-0.40359288563085766,-0.2870083071156282,0.7762581523530492,0.9641020477383256,-0.26283900626055884,-0.13495900480783898,0.49894318126812076,-0.49960314304406733,0,2,2
user_000187,98,0,1.0353368192146686,-0.6463869478330875,3.958114029012642,-0.12340351046845911,-0.07088812050083343,7.000000000000007,-0.12340351046845935,0.0,-0.11878587251846015,-0.07088812050083347,-0.11878587251846015,-0.07088812050083347,-0.07088812050083343,0.0,2.5850323729437696,2.217555679456404,-0.17586311452816514,3.0000000000000013,-0.27435163058436823,-0.16012815380508677,2.7698627981649553,-0.14106490488621745,3.3045857676390606,-0.14106490488621745,-0.17586311452816514,-0.15093078638240207,1.5753840003490254,1.6207846881005938,-0.24124895481858263,1.8836238101936904,-0.42008402520840193,-0.26366402215232204,1.9053925641088423,-0.18503298923501255,2.4470930868485006,-0.18503298923501255,-0.23840558150220348,-0.24999999999999933,0.35929509040230917,0.8930193296159419,-0.41558138688564833,0.7603476001106337,-0.533120662791234,-0.31448545101657494,1.2172578413741888,-0.3564594381602972,1.8963516804180098,-0.37444088065895753,-0.40359288563085766,-0.2870083071156282,-0.6573106859506188,-0.5191318718590983,-0.45675949888965467,1.595477873617461,1.9042836363997255,0.19914251156301999,3,0,2
user_000188,55,0,-0.9417328132522289,-1.065707137269955,3.958114029012642,-0.12340351046845911,-0.07088812050083343,-0.14285714285714302,8.10349718742883,0.0,-0.11878587251846015,-0.07088812050083347,-0.11878587251846015,-0.07088812050083347,-0.07088812050083343,0.0,0.979422203413478,-0.36099743619057745,-0.17586311452816514,-0.3333333333333335,3.644957377763749,-0.16012815380508677,-0.31076483972568886,-0.14106490488621745,-0.3204846409881355,-0.14106490488621745,-0.17586311452816514,-0.15093078638240207,0.3300211542233136,-0.45714439920785976,-0.24124895481858263,-0.5007101267603481,2.3804761428476113,-0.26366402215232204,-0.3988012783421799,-0.18503298923501255,-0.4196890020108885,-0.18503298923501255,-0.23840558150220348,-0.24999999999999933,-0.3739601961330157,-0.5830456780137142,-0.41558138688564833,-0.7305300471651187,1.3052264502819868,-0.31448545101657494,-0.5186608870150162,-0.3564594381602972,-0.5514470464473187,-0.37444088065895753,-0.40359288563085766,-0.2870083071156282,-0.6573106859546817,-1.007037766463514,-0.43675182901522414,2.2787405037253046,0.6698655638651408,4.042243611902,1,1,3
user_000189,21,1,0.6234392730129322,-1.3972626358944549,-0.2526455763199559,-0.12340351046845911,-0.07088812050083343,-0.14285714285714302,-0.12340351046845935,0.0,-0.11878587251846015,-0.07088812050083347,-0.11878587251846015,-0.07088812050083347,-0.07088812050083343,0.0,-0.6261879661168138,-0.36099743619057745,-0.17586311452816514,-0.3333333333333335,-0.27435163058436823,-0.16012815380508677,-0.31076483972568886,-0.14106490488621745,-0.3204846409881355,-0.14106490488621745,-0.17586311452816514,-0.15093078638240207,-0.915341691902398,-0.45714439920785976,-0.24124895481858263,-0.5007101267603481,-0.42008402520840193,-0.26366402215232204,-0.3988012783421799,-0.18503298923501255,-0.4196890020108885,-0.18503298923501255,-0.23840558150220348,-0.24999999999999933,-1.1072154826683405,-0.5830456780137142,-0.41558138688564833,-0.7305300471651187,-0.533120662791234,-0.31448545101657494,-0.5186608870150162,-0.3564594381602972,-0.5514470464473187,-0.37444088065895753,-0.40359288563085766,-0.2870083071156282,3.217199687749373,-1.2705069495498984,0.7670429750963454,-1.511231897654141,-1.2548978107674105,-0.6742895566958392,2,3,1
user_000190,115,0,0.06146926419093612,-0.4806091985208375,-0.2526455763199559,-0.12340351046845911,-0.07088812050083343,-0.14285714285714302,-0.12340351046845935,0.0,-0.11878587251846015,-0.07088812050083347,-0.11878587251846015,-0.07088812050083347,-0.07088812050083343,0.0,0.979422203413478,-0.36099743619057745,-0.17586311452816514,3.0000000000000013,-0.27435163058436823,-0.16012815380508677,-0.31076483972568886,-0.14106490488621745,-0.3204846409881355,-0.14106490488621745,-0.17586311452816514,-0.15093078638240207,0.3300211542233136,-0.45714439920785976,-0.24124895481858263,1.8836238101936904,-0.42008402520840193,-0.26366402215232204,-0.3988012783421799,-0.18503298923501255,-0.4196890020108885,-0.18503298923501255,-0.23840558150220348,-0.24999999999999933,0.35929509040230917,-0.5830456780137142,-0.41558138688564833,2.2512252473863863,-0.533120662791234,-0.31448545101657494,-0.5186608870150162,-0.3564594381602972,-0.5514470464473187,-0.37444088065895753,-0.40359288563085766,-0.2870083071156282,-0.5410753747431131,-0.4313088108303034,-0.3782678709207349,0.7230979083904817,0.30486949412614905,0.7232017525183355,2,1,1
user_000191,30,1,-1.6722881693921652,-1.3094979450820872,-0.2526455763199559,-0.12340351046845911,-0.07088812050083343,-0.14285714285714302,-0.12340351046845935,0.0,-0.11878587251846015,-0.07088812050083347,-0.11878587251846015,-0.07088812050083347,-0.07088812050083343,0.0,-0.6261879661168138,-0.36099743619057745,-0.17586311452816514,-0.3333333333333335,-0.27435163058436823,-0.16012815380508677,-0.31076483972568886,-0.14106490488621745,-0.3204846409881355,-0.14106490488621745,-0.17586311452816514,-0.15093078638240207,-0.915341691902398,-0.45714439920785976,-0.24124895481858263,-0.5007101267603481,-0.42008402520840193,-0.26366402215232204,-0.3988012783421799,-0.18503298923501255,-0.4196890020108885,-0.18503298923501255,-0.23840558150220348,-0.24999999999999933,-1.1072154826683405,-0.5830456780137142,-0.41558138688564833,-0.7305300471651187,-0.533120662791234,-0.31448545101657494,-0.5186608870150162,-0.3564594381602972,-0.5514470464473187,-0.37444088065895753,-0.40359288563085766,-0.2870083071156282,0.23382669998847108,-1.2900231853340751,-0.10412431735281677,0.7841035003643966,-1.7574958846052517,0.8978881661701074,4,3,1
user_000192,155,0,-0.8685794737190778,-0.09054390602142588,-0.2526455763199559,-0.12340351046845911,-0.07088812050083343,-0.14285714285714302,-0.12340351046845935,0.0,-0.11878587251846015,-0.07088812050083347,-0.11878587251846015,-0.07088812050083347,-0.07088812050083343,0.0,-0.6261879661168138,-0.36099743619057745,-0.17586311452816514,-0.3333333333333335,-0.27435163058436823,-0.16012815380508677,-0.31076483972568886,-0.14106490488621745,-0.3204846409881355,-0.14106490488621745,-0.17586311452816514,-0.15093078638240207,0.3300211542233136,1.6207846881005938,-0.24124895481858263,-0.5007101267603481,-0.42008402520840193,-0.26366402215232204,0.9817623204822884,-0.18503298923501255,1.297950774958254,-0.18503298923501255,-0.23840558150220348,-0.24999999999999933,1.0925503769376341,0.8930193296159419,-0.41558138688564833,2.2512252473863863,-0.533120662791234,-0.31448545101657494,0.5214192324520753,-0.3564594381602972,0.9151577839711451,-0.37444088065895753,-0.40359288563085766,-0.2870083071156282,-0.5023302710121069,-0.06050033093094744,-0.33502269063959855,0.3182426161999577,0.08831928948076426,0.19914251156301999,3,4,3
user_000193,130,0,-1.180474175914172,-0.3343347138335582,3.958114029012642,-0.12340351046845911,-0.07088812050083343,7.000000000000007,-0.12340351046845935,0.0,-0.11878587251846015,-0.07088812050083347,-0.11878587251846015,-0.07088812050083347,-0.07088812050083343,0.0,0.979422203413478,-0.36099743619057745,-0.17586311452816514,3.0000000000000013,-0.27435163058436823,-0.16012815380508677,-0.31076483972568886,-0.14106490488621745,-0.3204846409881355,-0.14106490488621745,-0.17586311452816514,-0.15093078638240207,1.5753840003490254,-0.45714439920785976,-0.24124895481858263,1.8836238101936904,-0.42008402520840193,-0.26366402215232204,-0.3988012783421799,-0.18503298923501255,-0.4196890020108885,-0.18503298923501255,-0.23840558150220348,-0.24999999999999933,2.5590609500082837,0.8930193296159419,-0.41558138688564833,2.2512252473863863,1.3052264502819868,-0.31448545101657494,0.003585849068176854,-0.3564594381602972,0.1849669773130132,-0.37444088065895753,-0.40359288563085766,-0.2870083071156282,-0.6573106859714675,-0.25566268877271375,-0.1625483533590944,-0.4313156012697484,-0.6785762534240002,-0.3249167293922955,0,2,2
user_000194,95,1,1.5732483945894729,-0.6756418447705433,-0.2526455763199559,-0.12340351046845911,-0.07088812050083343,-0.14285714285714302,-0.12340351046845935,0.0,-0.11878587251846015,-0.07088812050083347,-0.11878587251846015,-0.07088812050083347,-0.07088812050083343,0.0,-0.6261879661168138,-0.36099743619057745,-0.17586311452816514,-0.3333333333333335,-0.27435163058436823,-0.16012815380508677,-0.31076483972568886,-0.14106490488621745,-0.3204846409881355,-0.14106490488621745,-0.17586311452816514,-0.15093078638240207,-0.915341691902398,-0.45714439920785976,-0.24124895481858263,-0.5007101267603481,-0.42008402520840193,-0.26366402215232204,-0.3988012783421799,-0.18503298923501255,-0.4196890020108885,-0.18503298923501255,-0.23840558150220348,-0.24999999999999933,-1.1072154826683405,-0.5830456780137142,-0.41558138688564833,-0.7305300471651187,-0.533120662791234,-0.31448545101657494,-0.5186608870150162,-0.3564594381602972,-0.5514470464473187,-0.37444088065895753,-0.40359288563085766,-0.2870083071156282,0.23382669996623245,-0.5776805792116282,0.01600600387357431,-0.8528798842689791,-1.0237730239017793,-0.49960314304406733,1,2,1
user_000195,235,0,1.509183500877357,0.6895866789773973,-0.2526455763199559,-0.12340351046845911,-0.07088812050083343,-0.14285714285714302,-0.12340351046845935,0.0,-0.11878587251846015,-0.07088812050083347,-0.11878587251846015,-0.07088812050083347,-0.07088812050083343,0.0,0.979422203413478,-0.36099743619057745,-0.17586311452816514,-0.3333333333333335,3.644957377763749,-0.16012815380508677,-0.31076483972568886,-0.14106490488621745,-0.3204846409881355,-0.14106490488621745,-0.17586311452816514,-0.15093078638240207,1.5753840003490254,-0.45714439920785976,-0.24124895481858263,-0.5007101267603481,2.3804761428476113,3.792705549421863,-0.3988012783421799,-0.18503298923501255,-0.4196890020108885,-0.18503298923501255,-0.23840558150220348,2.249999999999994,1.0925503769376341,-0.5830456780137142,-0.41558138688564833,0.7603476001106337,1.3052264502819868,3.17979733805648,-0.5186608870150162,-0.3564594381602972,-0.5514470464473187,-0.37444088065895753,-0.40359288563085766,1.9421824277630368,-0.6379381341269467,0.6811166288677645,-0.3983884987055362,0.6702263953464226,1.0008595902090274,-0.3249167293922955,4,4,2
user_000196,160,1,0.40514358678440204,-0.041785744458999435,-0.2526455763199559,-0.12340351046845911,-0.07088812050083343,-0.14285714285714302,-0.12340351046845935,0.0,-0.11878587251846015,-0.07088812050083347,-0.11878587251846015,-0.07088812050083347,-0.07088812050083343,0.0,-0.6261879661168138,-0.36099743619057745,-0.17586311452816514,-0.3333333333333335,-0.27435163058436823,-0.16012815380508677,-0.31076483972568886,-0.14106490488621745,-0.3204846409881355,-0.14106490488621745,-0.17586311452816514,-0.15093078638240207,-0.915341691902398,-0.45714439920785976,-0.24124895481858263,-0.5007101267603481,-0.42008402520840193,-0.26366402215232204,-0.3988012783421799,-0.18503298923501255,-0.4196890020108885,-0.18503298923501255,-0.23840558150220348,-0.24999999999999933,-1.1072154826683405,-0.5830456780137142,-0.41558138688564833,-0.7305300471651187,-0.533120662791234,-0.31448545101657494,-0.5186608870150162,-0.3564594381602972,-0.5514470464473187,-0.37444088065895753,-0.40359288563085766,-0.2870083071156282,0.8731209115945773,0.06635520166620065,-0.04434333599413519,-0.7745893745691219,-0.5446178593495531,-0.6742895566958392,1,2,4
user_000197,361,0,1.2547402845275342,1.918292350350544,-0.2526455763199559,-0.12340351046845911,-0.07088812050083343,-0.14285714285714302,-0.12340351046845935,0.0,-0.11878587251846015,-0.07088812050083347,-0.11878587251846015,-0.07088812050083347,-0.07088812050083343,0.0,-0.6261879661168138,-0.36099743619057745,-0.17586311452816514,-0.3333333333333335,-0.27435163058436823,-0.16012815380508677,-0.31076483972568886,-0.14106490488621745,-0.3204846409881355,-0.14106490488621745,-0.17586311452816514,-0.15093078638240207,0.3300211542233136,-0.45714439920785976,-0.24124895481858263,1.8836238101936904,-0.42008402520840193,-0.26366402215232204,-0.3988012783421799,-0.18503298923501255,-0.4196890020108885,-0.18503298923501255,-0.23840558150220348,-0.24999999999999933,0.35929509040230917,-0.5830456780137142,-0.41558138688564833,2.2512252473863863,-0.533120662791234,-0.31448545101657494,-0.5186608870150162,-0.3564594381602972,-0.5514470464473187,-0.37444088065895753,-0.40359288563085766,-0.2870083071156282,-0.40546751175261675,1.9594300727313338,-0.37575423375335004,0.43918726881957165,1.1758134093135362,-0.3249167293922955,1,2,2
user_000198,152,0,-0.8079676571527287,-0.11979880295888176,-0.2526455763199559,-0.12340351046845911,-0.07088812050083343,-0.14285714285714302,-0.12340351046845935,0.0,-0.11878587251846015,-0.07088812050083347,-0.11878587251846015,-0.07088812050083347,-0.07088812050083343,0.0,-0.6261879661168138,-0.36099743619057745,-0.17586311452816514,-0.3333333333333335,-0.27435163058436823,-0.16012815380508677,-0.31076483972568886,-0.14106490488621745,-0.3204846409881355,-0.14106490488621745,-0.17586311452816514,-0.15093078638240207,0.3300211542233136,-0.45714439920785976,-0.24124895481858263,-0.5007101267603481,2.3804761428476113,-0.26366402215232204,-0.3988012783421799,-0.18503298923501255,-0.4196890020108885,-0.18503298923501255,-0.23840558150220348,-0.24999999999999933,-0.3739601961330157,-0.5830456780137142,-0.41558138688564833,-0.7305300471651187,1.3052264502819868,-0.31448545101657494,-0.5186608870150162,-0.3564594381602972,-0.5514470464473187,-0.37444088065895753,-0.40359288563085766,-0.2870083071156282,-0.4829577192682476,-0.04098409514677081,-0.3813139104048229,0.6346398000283059,1.5993610010309303,0.19914251156301999,3,3,2
user_000199,110,0,-0.04041979825660151,-0.5293673600832639,-0.2526455763199559,-0.12340351046845911,-0.07088812050083343,-0.14285714285714302,-0.12340351046845935,0.0,-0.11878587251846015,-0.07088812050083347,-0.11878587251846015,-0.07088812050083347,-0.07088812050083343,0.0,-0.6261879661168138,-0.36099743619057745,-0.17586311452816514,-0.3333333333333335,-0.27435163058436823,-0.16012815380508677,-0.31076483972568886,-0.14106490488621745,-0.3204846409881355,-0.14106490488621745,-0.17586311452816514,-0.15093078638240207,0.3300211542233136,-0.45714439920785976,-0.24124895481858263,1.8836238101936904,-0.42008402520840193,-0.26366402215232204,-0.3988012783421799,-0.18503298923501255,-0.4196890020108885,-0.18503298923501255,-0.23840558150220348,-0.24999999999999933,0.35929509040230917,0.8930193296159419,-0.41558138688564833,0.7603476001106337,-0.533120662791234,-0.31448545101657494,1.754951311904913,-0.3564594381602972,2.654546964036042,-0.37444088065895753,-0.40359288563085766,-0.2870083071156282,-0.4829577192814517,-0.45082504661448003,-0.31376350537534237,0.2769945170812313,-0.106389023506475,0.37382892521479183,4,3,1
