user_id,movie_id,rating,rating_date
U100,M114,3.6,2026-01-31
U082,M181,3.2,2025-05-28
U083,M095,3.2,2025-07-29
U070,M190,3.5,2025-07-22
U026,M199,3.1,2026-02-16
U038,M115,2.7,2026-02-25
U088,M020,4.0,2026-02-20
U023,M189,3.3,2025-09-05
U016,M097,2.9,2026-05-06
U055,M072,3.0,2025-08-15
U034,M034,2.4,2026-03-05
U075,M066,2.8,2026-05-24
U043,M120,3.6,2025-05-28
U020,M011,1.9,2026-03-09
U042,M153,1.8,2026-04-30
U100,M161,2.9,2025-07-15
U085,M078,2.7,2025-09-17
U074,M141,3.3,2025-11-24
U010,M182,3.0,2025-12-15
U068,M057,2.7,2026-02-21
U067,M018,3.6,2025-09-10
U021,M107,3.4,2025-08-21
U069,M104,3.3,2026-04-09
U045,M057,2.2,2026-02-06
U085,M085,2.7,2025-12-08
U047,M076,3.3,2026-02-04
U097,M159,2.6,2025-08-28
U061,M144,3.8,2025-06-28
U002,M030,2.8,2025-06-18
U045,M115,2.4,2026-01-23
U083,M158,2.6,2025-07-12
U032,M011,3.8,2025-06-11
U042,M098,3.2,2026-03-29
U050,M066,2.3,2025-08-23
U093,M073,3.9,2026-05-14
U067,M198,2.4,2025-11-16
U066,M131,3.7,2025-10-10
U063,M012,2.1,2025-12-26
U084,M050,3.1,2025-12-13
U066,M022,3.4,2026-04-07
U022,M198,3.6,2025-08-24
U069,M002,3.0,2025-07-10
U009,M054,2.9,2025-06-17
U081,M199,2.9,2026-02-06
U088,M109,2.1,2026-04-03
U027,M138,2.8,2025-06-01
U095,M199,3.0,2025-10-16
U083,M019,3.5,2025-06-09
U020,M007,2.9,2025-10-03
U092,M085,2.6,2026-05-07
U012,M019,3.1,2026-04-29
U023,M065,3.0,2025-08-14
U010,M148,2.6,2026-01-30
U034,M105,3.1,2025-11-09
U058,M162,3.4,2025-10-31
U056,M081,3.7,2026-05-18
U050,M173,2.7,2026-03-27
U093,M159,3.7,2026-04-24
U097,M191,3.9,2025-07-31
U006,M180,3.1,2026-04-19
U046,M129,2.8,2026-04-02
U038,M176,2.7,2025-12-23
U078,M023,2.2,2026-01-02
U098,M113,3.2,2025-11-12
U051,M170,3.8,2026-05-11
U061,M041,3.2,2025-08-26
U029,M035,3.2,2025-11-07
U070,M076,3.2,2025-07-06
U019,M077,2.8,2025-06-14
U094,M166,3.4,2025-11-16
U002,M142,3.8,2025-08-15
U019,M032,2.8,2026-05-05
U001,M147,3.8,2025-07-25
U051,M138,1.9,2025-08-19
U011,M079,3.4,2026-02-08
U096,M190,3.2,2025-12-01
U028,M106,3.1,2025-06-30
U066,M037,3.1,2026-03-05
U024,M057,1.8,2025-07-15
U033,M050,2.6,2026-03-29
U024,M172,3.3,2025-08-09
U007,M193,3.6,2025-08-18
U060,M166,3.0,2025-08-18
U010,M075,2.8,2025-06-17
U009,M065,2.9,2026-04-06
U026,M186,3.7,2025-08-02
U063,M085,3.8,2025-11-25
U017,M172,2.5,2025-06-25
U031,M026,3.3,2026-01-01
U080,M018,3.4,2026-02-16
U041,M125,3.3,2025-10-08
U043,M158,3.3,2025-06-23
U040,M178,2.6,2025-07-31
U020,M145,2.7,2025-08-09
U047,M081,2.5,2025-10-19
U022,M002,3.2,2025-12-17
U032,M057,3.5,2025-05-27
U095,M165,3.2,2025-10-15
U036,M093,2.8,2026-03-19
U087,M188,2.6,2025-12-08
U062,M119,2.5,2025-10-10
U046,M199,2.8,2025-12-21
U063,M142,2.7,2026-04-01
U023,M166,2.7,2025-07-20
U011,M072,3.3,2026-03-16
U069,M051,4.1,2026-01-12
U094,M161,3.2,2026-04-17
U094,M020,3.3,2026-05-17
U065,M162,2.5,2026-05-11
U075,M149,2.0,2025-10-31
U099,M152,3.1,2026-02-07
U005,M142,3.3,2026-01-13
U070,M139,4.3,2025-09-27
U084,M199,2.9,2026-03-11
U047,M101,3.4,2026-02-01
U099,M151,3.5,2025-12-29
U018,M119,2.7,2025-09-12
U066,M024,3.9,2025-11-04
U047,M129,3.3,2026-05-21
U085,M062,3.0,2025-07-16
U088,M043,2.8,2025-09-05
U018,M115,4.0,2026-03-06
U023,M145,2.6,2025-08-10
U085,M038,3.7,2025-09-21
U046,M011,4.1,2026-02-03
U098,M125,2.3,2026-01-28
U009,M068,2.5,2025-11-18
U030,M011,3.1,2025-06-18
U027,M133,2.8,2025-11-23
U050,M121,2.6,2025-10-06
U006,M011,3.1,2025-06-28
U042,M027,2.3,2025-05-31
U067,M163,3.4,2026-01-06
U095,M068,2.7,2025-08-03
U070,M146,3.9,2026-02-26
U049,M168,2.9,2025-11-14
U047,M151,2.7,2025-06-26
U010,M133,3.6,2026-01-18
U049,M058,2.4,2025-09-04
U052,M091,3.0,2025-12-01
U063,M124,3.7,2025-07-21
U001,M129,2.1,2026-03-16
U057,M043,3.1,2026-01-29
U010,M132,3.3,2025-07-01
U036,M055,3.2,2026-03-11
U024,M041,2.4,2025-11-22
U078,M184,2.5,2026-03-27
U085,M059,3.5,2025-10-26
U043,M185,3.7,2026-03-29
U062,M173,3.1,2025-09-23
U062,M054,3.0,2025-07-28
U021,M166,2.9,2025-10-28
U003,M063,3.2,2026-05-04
U017,M147,3.1,2025-07-27
U021,M035,3.1,2025-07-08
U066,M011,3.9,2025-08-06
U019,M015,2.9,2026-03-02
U034,M047,2.3,2025-09-04
U052,M154,3.3,2025-08-11
U082,M005,2.8,2025-06-22
U037,M022,3.0,2026-02-05
U058,M156,3.8,2025-09-27
U062,M044,2.7,2026-02-03
U053,M154,3.7,2026-03-14
U075,M197,3.4,2026-02-22
U080,M169,3.6,2025-09-07
U034,M043,4.3,2025-06-09
U044,M117,2.9,2025-07-25
U076,M018,2.5,2026-01-29
U049,M099,3.3,2026-03-20
U014,M005,2.9,2026-02-12
U067,M130,2.9,2025-06-10
U054,M039,3.3,2025-07-20
U013,M046,3.3,2025-09-25
U079,M154,3.7,2026-05-07
U069,M129,3.2,2026-03-27
U012,M124,3.8,2025-06-23
U017,M155,3.0,2025-08-23
U001,M199,4.3,2025-06-13
U084,M111,3.4,2025-09-01
U054,M095,2.7,2026-05-04
U090,M136,2.3,2025-10-19
U030,M124,3.4,2025-11-12
U045,M151,2.7,2025-06-04
U074,M026,3.3,2025-10-21
U018,M066,3.0,2025-09-24
U099,M060,3.1,2026-04-14
U037,M154,2.2,2025-08-21
U053,M066,2.2,2026-02-19
U001,M182,3.0,2026-05-23
U074,M134,3.7,2026-03-27
U067,M002,3.3,2025-11-15
U084,M053,2.2,2025-06-08
U041,M105,3.3,2025-11-22
U014,M040,3.5,2025-10-20
U084,M150,2.6,2026-01-17
U034,M138,3.7,2025-10-22
U073,M094,3.1,2025-07-17
U036,M175,2.3,2025-11-04
U097,M053,3.3,2025-10-27
U071,M143,3.5,2025-09-21
U023,M095,4.0,2025-08-13
U072,M124,3.4,2026-01-17
U040,M148,2.3,2025-12-01
U100,M181,2.9,2025-11-04
U095,M036,3.5,2025-06-23
U016,M192,3.4,2026-01-29
U058,M180,3.0,2026-03-05
U013,M055,4.9,2025-09-08
U052,M087,3.4,2025-08-18
U079,M179,3.7,2025-06-10
U091,M014,4.0,2026-03-05
U050,M163,3.1,2026-05-24
U012,M038,2.7,2025-09-27
U077,M112,3.6,2026-04-11
U048,M021,3.0,2025-07-19
U005,M186,2.9,2025-11-11
U052,M158,3.4,2025-06-25
U067,M074,4.1,2025-05-27
U077,M015,2.0,2026-02-26
U082,M127,3.7,2025-10-14
U002,M052,2.0,2025-06-24
U005,M154,3.5,2025-09-07
U067,M179,3.2,2026-01-28
U079,M044,2.4,2025-06-15
U005,M093,2.6,2026-01-24
U084,M001,3.2,2026-03-07
U012,M071,2.6,2025-11-03
U046,M172,3.3,2025-11-05
U052,M151,3.1,2026-02-13
U067,M004,2.7,2025-05-31
U009,M024,4.4,2025-08-18
U037,M186,3.4,2025-08-13
U075,M090,2.1,2025-11-30
U036,M058,3.0,2025-07-20
U025,M117,2.4,2025-11-01
U074,M002,3.5,2026-01-13
U023,M105,2.8,2025-09-09
U014,M144,3.0,2026-04-19
U065,M076,3.3,2025-12-03
U015,M132,3.3,2026-01-15
U069,M148,2.8,2026-01-18
U089,M114,3.0,2025-11-14
U073,M124,3.0,2026-01-22
U097,M087,2.5,2025-10-04
U088,M118,4.0,2025-07-30
U004,M124,3.3,2026-03-28
U034,M018,3.0,2025-11-12
U082,M057,3.6,2025-06-14
U090,M059,4.2,2025-12-16
U053,M091,3.4,2025-09-04
U069,M003,2.5,2025-06-02
U034,M064,3.2,2025-12-30
U012,M103,3.5,2025-06-16
U096,M088,2.9,2026-04-18
U071,M046,3.3,2025-09-25
U041,M091,3.4,2026-02-04
U074,M069,2.5,2026-02-22
U096,M175,3.4,2026-02-18
U064,M189,1.6,2026-02-13
U031,M189,2.3,2026-01-23
U034,M053,3.0,2026-01-29
U026,M064,2.5,2025-07-14
U046,M040,3.8,2026-04-02
U016,M021,2.4,2025-06-14
U085,M127,2.6,2025-07-16
U001,M196,3.3,2025-08-22
U006,M124,3.9,2025-11-17
U080,M081,2.3,2025-09-16
U074,M071,3.3,2025-09-17
U024,M196,2.9,2025-09-07
U036,M102,2.4,2026-02-02
U097,M148,3.3,2026-03-22
U007,M135,3.2,2025-10-22
U062,M139,2.9,2026-05-10
U065,M089,3.0,2025-11-06
U088,M199,2.9,2026-02-26
U059,M031,3.4,2025-06-03
U067,M118,3.5,2025-12-16
U089,M003,3.6,2026-05-20
U087,M054,2.6,2025-11-13
U075,M026,4.2,2025-12-11
U047,M157,1.9,2026-01-14
U024,M141,2.8,2026-01-12
U031,M069,3.5,2025-09-27
U079,M088,3.2,2025-11-20
U024,M128,2.8,2025-10-21
U027,M108,3.2,2025-06-02
U097,M096,2.8,2025-11-21
U052,M072,3.0,2025-10-08
U024,M147,3.4,2026-03-20
U074,M176,3.5,2026-01-29
U013,M185,3.1,2026-01-08
U031,M143,3.5,2025-10-17
U049,M051,3.4,2026-03-13
U095,M039,3.5,2025-09-26
U002,M046,3.3,2025-10-23
U064,M035,2.6,2025-07-08
U067,M137,2.5,2025-12-16
U063,M077,3.4,2026-01-18
U072,M146,3.9,2026-05-02
U051,M026,2.9,2025-06-07
U021,M016,2.9,2026-02-05
U033,M122,3.9,2025-07-08
U013,M116,2.9,2025-12-06
U034,M093,3.3,2025-11-23
U072,M143,3.0,2026-01-15
U045,M006,3.0,2025-10-28
U016,M090,3.6,2025-06-13
U078,M051,3.5,2025-08-04
U074,M167,3.4,2025-06-28
U069,M045,4.0,2026-01-01
U046,M084,3.1,2025-06-16
U066,M125,3.2,2025-10-10
U011,M098,2.8,2025-07-16
U037,M119,3.2,2025-07-07
U019,M043,3.0,2025-07-03
U044,M108,3.1,2025-07-07
U079,M147,3.3,2025-10-31
U010,M021,2.4,2026-03-05
U044,M059,4.3,2025-12-17
U041,M168,2.5,2025-12-28
U091,M069,2.6,2025-07-21
U083,M102,3.8,2026-01-08
U057,M200,3.6,2025-11-22
U096,M151,3.7,2025-09-02
U058,M106,3.2,2026-03-02
U024,M006,2.8,2026-03-23
U094,M061,2.8,2025-06-22
U033,M191,2.9,2025-06-02
U096,M021,2.9,2026-02-08
U022,M102,3.2,2026-04-04
U013,M017,2.8,2025-09-26
U071,M014,3.2,2026-05-13
U099,M102,3.0,2025-08-31
U098,M022,3.1,2026-04-03
U034,M159,3.5,2026-03-08
U011,M168,2.0,2025-11-08
U040,M059,3.4,2026-01-20
U095,M073,3.3,2025-10-12
U081,M033,2.8,2026-03-20
U068,M044,2.8,2026-05-12
U005,M170,3.4,2025-11-25
U042,M122,2.0,2025-09-29
U070,M070,2.4,2025-08-19
U057,M035,2.8,2025-06-03
U070,M046,2.8,2025-07-28
U077,M117,3.2,2025-07-07
U096,M163,4.0,2025-08-11
U056,M135,3.3,2025-07-03
U082,M137,3.4,2025-12-19
U045,M124,3.1,2025-08-23
U030,M023,2.3,2025-10-12
U040,M094,3.5,2025-10-27
U034,M040,3.4,2025-12-22
U002,M001,3.3,2025-09-01
U098,M035,3.3,2025-12-01
U037,M121,3.7,2025-08-26
U002,M177,3.7,2025-09-17
U097,M123,3.4,2025-12-24
U002,M197,3.5,2025-10-18
U038,M153,3.3,2026-01-28
U001,M141,3.2,2025-11-16
U025,M106,3.2,2025-08-12
U056,M102,3.2,2026-01-19
U021,M184,3.2,2025-06-30
U050,M097,2.3,2026-02-03
U034,M021,3.0,2025-10-22
U081,M062,3.1,2025-09-04
U098,M157,4.0,2025-06-05
U088,M070,3.7,2026-01-01
U084,M191,4.6,2025-08-27
U035,M106,2.5,2026-02-19
U009,M047,3.9,2026-03-18
U038,M029,2.8,2025-07-04
U059,M159,4.2,2025-10-07
U035,M180,2.3,2025-07-12
U063,M049,2.5,2025-12-13
U003,M039,2.8,2026-05-01
U069,M006,2.2,2026-02-20
U014,M073,3.1,2026-01-09
U017,M184,2.4,2025-10-14
U094,M003,3.1,2026-01-27
U012,M039,3.0,2026-05-19
U064,M056,3.8,2025-12-02
U054,M080,3.7,2025-09-13
U048,M119,3.0,2025-06-04
U005,M085,2.9,2026-04-15
U097,M038,3.7,2026-04-28
U035,M199,2.1,2025-11-07
U010,M140,4.2,2025-09-28
U024,M050,3.6,2026-01-18
U049,M004,2.4,2026-03-25
U099,M183,2.5,2026-01-19
U050,M198,3.5,2025-10-12
U032,M189,3.2,2026-05-09
U026,M118,3.3,2026-04-08
U067,M171,2.2,2026-02-09
U061,M100,3.0,2025-06-12
U040,M083,3.7,2026-03-06
U081,M187,3.1,2026-05-05
U096,M141,3.3,2025-09-02
U016,M065,3.3,2025-09-22
U082,M077,2.4,2026-02-14
U047,M014,3.0,2025-06-19
U028,M029,2.9,2026-01-26
U082,M112,3.7,2025-12-11
U002,M043,3.4,2026-01-05
U075,M031,2.5,2025-11-05
U032,M003,2.5,2026-05-05
U075,M177,3.6,2025-09-25
U089,M153,2.9,2026-03-08
U048,M198,2.9,2026-04-11
U032,M041,3.8,2025-09-13
U012,M176,2.8,2025-07-14
U044,M195,4.1,2025-07-10
U008,M016,3.3,2025-11-25
U083,M040,3.9,2025-06-01
U069,M028,3.8,2026-03-23
U063,M060,2.8,2025-12-15
U072,M166,3.8,2025-11-30
U057,M188,3.5,2026-02-17
U003,M177,3.8,2025-11-14
U046,M186,2.4,2026-03-19
U033,M011,3.4,2025-09-20
U091,M113,3.8,2025-08-13
U038,M139,2.4,2025-06-04
U024,M140,1.8,2025-11-29
U042,M188,3.0,2025-09-29
U036,M154,2.9,2025-08-16
U021,M018,4.1,2025-08-28
U020,M116,3.6,2025-12-26
U034,M139,3.7,2025-11-20
U059,M001,2.6,2025-07-04
U065,M098,2.2,2026-02-21
U003,M159,3.1,2025-11-21
U100,M159,3.7,2026-01-24
U042,M185,3.2,2026-04-24
U085,M138,1.7,2025-11-09
U025,M135,2.8,2025-06-11
U064,M197,2.4,2025-08-17
U020,M157,3.5,2026-01-02
U042,M105,3.0,2025-07-02
U042,M029,2.7,2026-04-07
U067,M169,3.2,2026-04-22
U006,M034,2.6,2026-02-24
U005,M052,3.5,2026-04-02
U063,M050,3.9,2026-04-06
U005,M147,2.6,2025-07-02
U050,M169,3.5,2025-09-18
U068,M160,2.6,2025-06-01
U076,M066,2.5,2026-05-01
U047,M057,3.3,2025-07-20
U092,M019,3.1,2026-05-20
U027,M168,2.6,2025-09-17
U011,M120,2.5,2025-07-03
U008,M093,3.9,2025-08-14
U096,M107,3.7,2025-11-19
U091,M015,2.4,2025-07-15
U035,M136,2.6,2026-05-06
U094,M019,3.2,2025-12-22
U010,M056,3.1,2025-09-03
U013,M026,3.5,2026-01-28
U069,M099,4.0,2026-02-18
U032,M146,3.3,2025-07-10
U023,M143,2.7,2025-08-14
U054,M192,1.7,2026-04-02
U099,M164,2.6,2025-08-04
U046,M173,3.7,2025-10-04
U090,M171,3.7,2025-10-20
U014,M043,3.1,2026-02-23
U071,M103,3.7,2025-09-10
U044,M169,3.5,2026-03-07
U069,M154,4.6,2025-10-12
U046,M081,3.8,2025-08-18
U042,M096,2.7,2025-10-27
U098,M163,2.7,2025-10-18
U093,M083,2.5,2025-07-19
U031,M145,3.2,2025-08-20
U028,M097,2.2,2025-08-18
U096,M066,2.1,2025-11-23
U058,M115,2.7,2025-11-04
U001,M186,2.4,2026-05-09
U037,M153,4.0,2026-05-18
U067,M035,3.7,2025-12-23
U001,M077,2.9,2026-02-02
U028,M081,4.1,2026-05-15
U099,M177,3.6,2026-01-05
U071,M131,2.9,2025-08-15
U074,M147,4.3,2026-03-08
U013,M010,3.2,2025-10-03
U034,M094,3.4,2025-08-01
U032,M060,2.8,2026-01-15
U039,M024,2.3,2025-08-07
U052,M146,3.4,2026-02-04
U062,M045,2.4,2025-09-19
U089,M180,3.1,2025-08-04
U013,M153,2.6,2025-07-02
U039,M010,2.9,2025-08-04
U049,M021,2.7,2026-04-28
U099,M086,2.4,2025-11-29
U056,M107,3.2,2026-03-26
U099,M059,2.8,2025-06-26
U078,M003,3.3,2025-07-06
U100,M162,3.2,2025-11-12
U007,M079,3.2,2025-08-31
U006,M082,2.5,2025-08-23
U073,M039,2.8,2025-12-10
U065,M179,3.4,2026-02-02
U020,M013,3.4,2025-06-16
U094,M101,2.8,2025-10-10
U097,M153,3.1,2025-08-05
U065,M024,3.3,2026-02-02
U056,M075,2.4,2025-11-06
U019,M034,3.6,2025-12-05
U011,M122,2.5,2025-08-07
U096,M013,3.8,2025-08-19
U052,M068,2.5,2026-04-13
U052,M129,2.0,2025-10-16
U100,M179,2.4,2026-03-21
U072,M051,3.7,2025-09-19
U051,M167,2.4,2025-08-07
U026,M144,3.8,2025-07-15
U095,M135,2.4,2026-01-20
U032,M019,3.2,2026-01-10
U100,M111,2.6,2025-12-12
U088,M148,2.7,2026-04-11
U015,M172,3.4,2025-10-27
U055,M094,2.4,2025-11-29
U025,M083,2.6,2025-12-01
U077,M168,3.5,2026-05-14
U099,M079,3.0,2026-03-01
U045,M158,3.6,2025-10-12
U080,M038,2.8,2025-10-13
U006,M060,3.1,2026-02-13
U088,M096,3.8,2026-03-08
U097,M187,2.0,2026-04-13
U015,M190,2.8,2026-04-29
U032,M159,3.5,2026-03-12
U037,M004,2.6,2025-12-02
U089,M029,3.3,2025-12-21
U058,M121,2.5,2026-05-15
U043,M054,2.8,2025-08-24
U028,M053,2.4,2025-08-20
U067,M193,3.8,2026-01-14
U071,M124,3.3,2025-07-12
U094,M037,3.2,2025-06-05
U090,M172,3.0,2026-05-17
U049,M150,2.8,2025-06-21
U068,M012,3.5,2026-01-16
U022,M016,3.4,2026-01-01
U026,M179,3.0,2025-07-14
U035,M014,3.3,2025-09-30
U084,M003,3.9,2026-04-22
U050,M170,3.3,2026-01-08
U085,M169,2.5,2025-11-23
U084,M099,3.3,2026-01-28
U049,M131,2.6,2025-05-28
U013,M081,2.6,2025-09-20
U077,M137,2.3,2026-04-11
U024,M051,2.9,2025-09-12
U059,M144,3.0,2025-05-27
U003,M011,3.9,2026-01-20
U068,M079,3.5,2025-12-07
U063,M101,2.8,2026-03-07
U003,M089,3.5,2025-06-10
U046,M091,1.8,2025-07-10
U039,M061,3.5,2025-09-12
U036,M016,3.6,2025-07-10
U033,M100,2.1,2026-05-11
U072,M072,4.0,2026-01-31
U020,M088,3.4,2025-11-06
U085,M036,2.7,2026-04-12
U094,M098,3.3,2025-09-02
U087,M157,4.6,2025-07-10
U088,M059,3.3,2025-10-25
U031,M147,3.0,2026-03-09
U055,M080,2.7,2025-07-21
U043,M115,2.6,2025-08-22
U017,M053,3.6,2025-06-26
U018,M149,3.0,2025-08-22
U088,M052,3.3,2026-03-17
U040,M177,3.5,2025-05-30
U068,M035,3.5,2025-10-18
U099,M038,3.2,2025-06-25
U073,M041,4.3,2025-12-15
U009,M143,2.9,2025-08-27
U093,M031,3.1,2026-02-21
U041,M038,2.6,2026-05-11
U098,M082,2.9,2025-10-27
U053,M078,3.0,2025-10-12
U096,M164,3.6,2026-01-06
U020,M200,3.3,2026-02-19
U014,M034,3.2,2026-02-21
U004,M196,3.5,2025-07-17
U079,M069,3.5,2025-07-20
U073,M157,4.2,2026-01-28
U077,M060,2.6,2026-01-28
U088,M007,2.5,2025-11-24
U011,M177,2.7,2025-09-24
U018,M129,3.5,2025-07-21
U061,M183,3.8,2025-06-28
U048,M048,3.1,2025-11-09
U063,M122,3.3,2026-03-17
U021,M050,2.9,2026-01-31
U005,M105,4.4,2026-05-19
U096,M172,3.7,2026-02-12
U023,M113,3.1,2025-07-15
U063,M177,3.0,2025-12-11
U059,M064,2.9,2025-10-20
U052,M199,3.3,2026-05-05
U078,M189,4.2,2025-11-13
U093,M081,4.1,2025-11-06
U079,M191,3.7,2025-08-07
U077,M138,2.9,2025-08-31
U083,M181,2.8,2026-05-07
U067,M028,3.0,2025-10-07
U059,M011,3.2,2026-01-21
U067,M138,3.3,2025-11-05
U095,M011,2.4,2025-08-14
U050,M133,3.7,2025-07-08
U007,M049,2.8,2025-12-28
U057,M102,3.0,2025-12-22
U100,M074,2.9,2025-10-02
U022,M109,2.2,2025-12-27
U079,M014,3.6,2025-06-07
U067,M037,3.0,2025-10-01
U083,M116,2.8,2026-04-10
U093,M129,2.5,2026-03-30
U024,M200,3.0,2025-07-31
U090,M140,3.7,2026-03-18
U051,M106,2.9,2025-12-12
U058,M007,2.1,2026-02-24
U059,M152,3.1,2025-05-27
U026,M117,3.3,2026-04-10
U033,M083,2.2,2025-06-06
U084,M183,3.1,2026-03-04
U092,M188,2.8,2026-03-24
U012,M030,3.2,2025-05-30
U058,M163,3.9,2025-11-22
U011,M135,3.3,2025-05-29
U050,M187,2.9,2025-09-07
U079,M041,2.6,2025-11-14
U071,M098,4.2,2026-05-04
U099,M044,3.2,2025-12-06
U073,M169,3.6,2026-03-11
U021,M038,3.0,2026-02-24
U054,M079,3.7,2025-12-19
U094,M197,2.9,2025-10-10
U037,M161,2.8,2026-02-23
U016,M034,3.3,2026-02-12
U001,M160,2.6,2026-01-17
U002,M118,2.9,2025-09-14
U064,M140,3.1,2026-05-24
U078,M127,3.1,2026-01-25
U028,M151,3.7,2025-06-23
U061,M117,2.1,2025-10-29
U057,M021,3.2,2025-07-23
U077,M002,3.7,2026-01-21
U071,M072,2.0,2025-07-13
U081,M143,2.8,2026-02-09
U007,M048,3.1,2026-03-12
U008,M168,2.2,2025-11-29
U005,M038,2.8,2026-05-10
U086,M148,2.7,2025-07-22
U039,M085,4.1,2026-04-12
U007,M028,3.5,2025-10-25
U023,M042,3.6,2025-06-16
U037,M157,3.6,2025-06-22
U074,M144,2.5,2026-02-25
U059,M192,3.1,2025-08-03
U047,M010,2.1,2026-04-09
U099,M077,3.5,2025-12-12
U048,M098,2.8,2026-04-22
U098,M110,2.7,2025-08-18
U009,M075,3.2,2025-09-27
U018,M032,3.2,2025-06-05
U036,M085,2.9,2025-08-30
U053,M135,3.4,2026-02-08
U090,M054,2.4,2025-07-17
U008,M028,3.4,2025-08-07
U094,M162,3.4,2025-08-29
U078,M181,3.2,2025-12-30
U055,M156,2.3,2025-12-15
U034,M135,3.6,2025-08-05
U080,M091,2.7,2026-03-21
U079,M145,2.8,2025-09-14
U067,M187,3.7,2025-07-07
U064,M127,2.7,2026-02-23
U079,M060,2.2,2025-05-29
U038,M050,3.0,2026-05-26
U016,M007,3.4,2025-09-30
U081,M031,2.3,2026-02-09
U079,M107,4.0,2025-10-27
U006,M086,1.9,2025-11-28
U072,M164,3.6,2026-02-07
U002,M164,2.9,2026-02-12
U089,M073,3.2,2026-01-16
U009,M079,3.2,2025-12-24
U065,M141,3.2,2025-12-12
U099,M002,3.0,2026-03-29
U088,M086,3.9,2025-12-03
U051,M186,3.1,2025-08-08
U079,M008,3.0,2026-02-26
U025,M085,2.8,2025-12-04
U087,M123,3.0,2025-09-26
U005,M166,3.2,2026-03-18
U062,M040,2.1,2025-07-09
U059,M138,2.7,2025-12-06
U060,M106,3.5,2026-04-28
U067,M077,3.3,2025-08-10
U093,M174,3.4,2025-12-16
U072,M138,3.0,2026-05-17
U027,M148,2.9,2025-06-10
U043,M091,2.5,2026-04-23
U020,M072,2.7,2026-05-11
U044,M097,2.8,2025-07-10
U069,M043,2.4,2025-08-07
U078,M100,3.4,2026-02-20
U077,M030,2.1,2025-12-20
U091,M081,3.3,2025-05-28
U005,M070,3.1,2025-10-27
U012,M128,3.1,2026-01-25
U048,M116,3.9,2025-12-23
U028,M135,3.7,2025-12-23
U023,M029,3.3,2025-11-16
U005,M200,2.5,2026-02-12
U012,M114,1.8,2025-09-09
U020,M049,3.1,2025-12-03
U062,M188,3.3,2025-08-31
U040,M199,2.8,2025-12-10
U019,M197,3.3,2026-04-06
U067,M174,3.1,2026-03-20
U027,M186,2.8,2026-05-08
U059,M100,2.2,2025-09-01
U015,M002,2.8,2025-12-18
U006,M176,2.9,2025-07-26
U012,M086,2.4,2025-09-29
U006,M027,3.4,2025-09-02
U099,M169,2.5,2025-12-18
U003,M148,4.2,2025-12-18
U082,M054,3.1,2025-12-13
U026,M050,3.7,2025-12-31
U036,M137,2.9,2025-12-14
U099,M113,3.5,2025-06-17
U016,M070,2.7,2026-03-11
U021,M071,3.2,2026-03-29
U002,M160,4.2,2025-08-13
U066,M027,2.9,2026-02-10
U070,M090,3.8,2025-08-18
U041,M070,2.6,2026-03-15
U091,M073,3.0,2025-08-06
U032,M044,4.1,2026-04-20
U040,M157,3.2,2025-12-04
U070,M114,3.9,2026-05-01
U017,M008,3.5,2025-09-27
U087,M013,3.0,2026-04-02
U050,M014,3.4,2026-04-12
U055,M101,3.6,2026-02-24
U091,M153,3.6,2025-07-27
U081,M177,2.9,2025-06-02
U058,M158,2.4,2025-11-25
U040,M086,2.4,2026-02-14
U092,M195,2.9,2025-06-17
U069,M021,3.4,2025-09-30
U073,M034,2.9,2026-04-09
U090,M120,2.2,2026-04-07
U059,M080,3.1,2025-06-10
U083,M182,3.7,2025-09-30
U061,M060,3.3,2026-02-01
U019,M158,3.5,2026-01-14
U042,M117,2.7,2025-09-19
U004,M017,2.0,2025-09-25
U015,M090,3.3,2025-09-23
U060,M044,2.9,2026-01-02
U099,M090,3.1,2025-07-21
U074,M033,2.1,2025-09-08
U014,M104,2.5,2026-04-02
U042,M143,3.5,2025-06-28
U010,M078,3.3,2025-08-27
U060,M103,3.5,2025-07-28
U053,M062,3.1,2025-07-13
U032,M141,3.6,2026-03-06
U062,M099,3.5,2026-04-23
U044,M054,2.5,2025-06-05
U076,M111,3.0,2025-10-16
U073,M088,3.3,2025-08-21
U089,M061,2.9,2026-02-27
U085,M172,2.5,2026-04-17
U095,M183,3.8,2025-08-06
U063,M030,2.7,2025-07-27
U077,M119,3.6,2025-12-11
U072,M025,2.9,2025-10-11
U023,M079,3.0,2025-10-31
U009,M154,2.9,2026-04-01
U088,M153,3.5,2025-11-13
U042,M127,3.0,2025-06-30
U085,M016,3.7,2026-04-10
U028,M036,1.9,2025-08-02
U097,M163,2.9,2026-05-26
U038,M100,4.0,2025-07-15
U074,M115,2.9,2026-02-15
U027,M175,3.5,2025-12-15
U039,M146,3.9,2025-06-13
U039,M112,2.6,2025-12-01
U012,M150,2.4,2026-05-22
U079,M131,3.7,2025-11-01
U017,M076,4.2,2026-04-25
U048,M141,3.0,2026-04-29
U001,M181,2.9,2025-08-13
U046,M029,2.7,2026-01-02
U004,M061,2.4,2025-10-17
U090,M152,2.6,2025-11-06
U081,M082,2.6,2025-05-27
U049,M104,2.8,2025-11-12
U056,M140,3.1,2026-02-07
U085,M045,3.1,2025-09-25
U018,M049,3.5,2025-08-15
U050,M093,2.7,2025-10-25
U020,M074,3.5,2025-06-17
U017,M035,2.4,2026-05-21
U010,M166,3.1,2026-05-18
U019,M185,3.0,2025-09-19
U085,M112,2.6,2026-03-18
U011,M036,3.2,2025-07-02
U054,M117,3.4,2025-06-04
U078,M109,3.7,2025-07-11
U024,M117,2.8,2025-09-08
U055,M142,4.2,2025-10-08
U050,M091,2.5,2026-01-31
U024,M109,2.9,2025-07-21
U001,M148,2.4,2025-09-13
U065,M069,2.6,2025-10-28
U070,M148,3.7,2025-11-20
U005,M010,3.8,2025-08-09
U062,M181,2.6,2025-11-19
U015,M149,2.6,2025-09-22
U089,M021,3.0,2026-03-15
U094,M188,2.6,2025-08-30
U097,M200,3.7,2026-01-03
U060,M133,2.9,2026-04-16
U067,M157,2.3,2026-04-11
U032,M121,4.0,2025-07-08
U095,M170,4.0,2025-06-18
U010,M176,2.8,2025-07-06
U070,M149,3.1,2025-12-18
U069,M200,3.7,2026-05-21
U061,M147,4.0,2025-12-08
U054,M091,3.0,2025-12-27
U038,M043,2.5,2026-05-08
U094,M145,3.1,2026-01-13
U008,M162,3.5,2025-09-26
U075,M044,4.1,2025-08-06
U007,M169,3.2,2025-12-28
U095,M160,3.5,2026-05-13
U037,M125,2.9,2026-04-14
U017,M130,4.0,2026-04-17
U036,M065,4.1,2026-03-20
U079,M072,2.8,2026-01-06
U033,M004,3.0,2026-03-30
U078,M045,3.9,2025-07-28
U058,M095,3.9,2026-02-26
U034,M180,4.0,2026-01-26
U063,M047,3.2,2025-08-29
U005,M088,3.7,2026-04-13
U019,M153,3.9,2026-03-09
U064,M193,3.4,2025-10-27
U099,M099,3.1,2026-01-25
U085,M113,3.7,2025-07-04
U022,M054,3.8,2025-08-04
U094,M089,3.6,2026-04-29
U083,M068,3.5,2026-03-28
U007,M043,3.0,2025-10-01
U052,M122,3.2,2025-12-23
U061,M192,3.6,2025-08-27
U030,M098,2.6,2025-06-11
U091,M100,3.6,2025-09-26
U034,M038,2.7,2025-08-28
U056,M004,3.3,2025-12-30
U058,M098,3.7,2025-06-13
U041,M136,2.7,2025-06-11
U006,M025,2.7,2025-08-27
U082,M091,2.2,2025-10-17
U079,M167,3.5,2026-01-07
U043,M070,3.1,2026-01-10
U013,M066,4.1,2025-06-25
U075,M101,2.8,2025-10-02
U099,M173,3.4,2026-01-23
U094,M173,2.9,2025-07-29
U099,M050,3.9,2025-09-02
U044,M174,3.8,2025-06-07
U024,M081,3.2,2025-08-19
U002,M173,3.7,2026-05-22
U009,M004,3.0,2025-10-28
U013,M135,2.9,2026-04-03
U088,M115,3.3,2025-11-28
U029,M186,3.5,2026-01-01
U004,M159,2.8,2026-04-09
U008,M153,2.8,2025-06-24
U028,M154,3.2,2025-07-04
U016,M182,2.9,2026-03-26
U012,M155,2.5,2026-03-21
U049,M169,3.6,2025-06-29
U073,M048,3.8,2026-03-31
U090,M048,2.9,2026-01-17
U038,M120,2.6,2025-06-22
U010,M164,4.0,2025-10-06
U036,M197,2.6,2025-10-20
U089,M171,2.0,2025-12-12
U033,M042,3.0,2026-04-19
U036,M199,2.7,2026-04-25
U049,M100,2.9,2025-12-07
U008,M067,3.7,2026-01-11
U063,M052,3.3,2025-07-18
U051,M046,2.5,2025-06-30
U063,M028,3.4,2026-03-14
U070,M197,3.7,2025-10-18
U028,M158,3.2,2025-07-01
U014,M114,4.2,2026-01-14
U014,M009,2.7,2026-04-19
U010,M147,2.3,2026-01-18
U100,M115,2.8,2026-05-17
U064,M039,3.0,2025-06-26
U082,M001,3.7,2026-05-07
U086,M100,3.0,2026-01-10
U020,M180,3.3,2025-12-09
U051,M148,2.6,2026-05-25
U066,M182,3.9,2025-09-17
U062,M112,2.8,2025-11-01
U094,M200,3.7,2026-04-21
U070,M058,3.4,2026-05-25
U050,M177,2.8,2025-09-22
U016,M146,3.4,2025-08-25
U046,M086,3.2,2025-06-11
U039,M103,3.2,2026-04-28
U081,M166,3.7,2026-04-10
U047,M137,2.9,2025-12-03
U011,M118,3.5,2025-12-29
U083,M052,3.5,2026-02-25
U071,M011,3.5,2025-11-11
U085,M049,2.4,2025-12-24
U090,M100,4.2,2026-04-02
U063,M022,2.3,2025-07-07
U057,M189,2.9,2026-02-18
U018,M010,3.0,2026-02-17
U004,M185,3.3,2025-07-27
U031,M126,2.4,2025-11-08
U009,M139,3.4,2025-07-01
U040,M128,2.3,2025-08-26
U058,M005,2.4,2026-05-08
U044,M015,2.0,2025-12-05
U093,M011,2.0,2025-10-31
U016,M055,3.4,2025-06-26
U086,M134,3.6,2025-10-04
U087,M138,3.7,2026-03-11
U095,M149,2.8,2026-01-27
U010,M010,3.2,2026-03-15
U063,M168,3.2,2026-05-17
U061,M159,2.4,2026-05-03
U032,M180,4.2,2025-06-28
U017,M004,3.3,2026-02-27
U081,M013,3.4,2025-12-20
U013,M117,3.1,2025-07-18
U022,M152,3.0,2026-04-24
U014,M030,2.2,2025-09-14
U077,M158,2.7,2026-02-03
U009,M052,3.3,2025-10-20
U044,M189,2.5,2025-06-13
U052,M084,2.9,2026-03-26
U018,M083,3.6,2026-02-06
U098,M012,3.2,2025-07-27
U023,M086,3.2,2026-04-24
U016,M071,3.8,2026-03-15
U097,M107,3.3,2026-03-01
U090,M095,3.3,2025-08-16
U022,M113,2.9,2026-01-22
U075,M011,3.2,2026-03-19
U013,M162,3.7,2025-07-17
U049,M200,4.0,2026-03-07
U003,M125,3.2,2026-04-15
U001,M002,3.7,2026-02-24
U012,M181,2.6,2025-06-27
U076,M073,3.5,2025-10-25
U089,M198,3.2,2025-09-25
U089,M033,4.3,2026-02-10
U019,M164,3.0,2026-01-08
U067,M116,3.9,2025-10-28
U031,M045,3.2,2025-07-18
U089,M010,2.4,2025-07-25
U024,M184,3.0,2025-09-13
U079,M023,2.8,2025-07-09
U039,M090,3.0,2025-10-24
U001,M143,2.9,2026-01-26
U025,M031,2.2,2025-08-28
U013,M159,2.7,2025-11-22
U098,M139,3.8,2025-09-09
U029,M119,3.9,2025-07-10
U085,M054,3.4,2026-01-05
U007,M050,3.5,2026-03-30
U020,M176,3.1,2025-09-26
U064,M046,3.2,2026-03-06
U086,M012,2.4,2026-04-29
U083,M094,3.0,2026-01-01
U027,M112,2.5,2026-01-18
U069,M046,3.0,2026-03-07
U004,M125,3.7,2025-09-05
U015,M019,2.3,2026-01-26
U093,M114,2.4,2025-07-27
U075,M084,3.1,2025-10-24
U026,M192,3.3,2025-06-14
U042,M059,3.8,2026-03-31
U026,M097,2.5,2026-02-03
U010,M121,3.6,2025-07-31
U063,M014,3.7,2025-10-15
U019,M056,3.3,2025-07-18
U059,M046,2.3,2025-11-09
U048,M035,4.0,2025-10-04
U093,M050,3.3,2025-07-07
U046,M070,2.5,2026-02-12
U043,M033,3.4,2026-05-10
U089,M146,3.6,2026-04-26
U036,M035,3.0,2026-03-31
U060,M118,2.6,2025-10-24
U022,M195,2.7,2025-12-02
U029,M076,3.4,2025-07-21
U021,M164,3.7,2025-07-17
U022,M148,3.4,2025-08-16
U067,M126,3.5,2026-02-05
U076,M122,1.8,2025-10-02
U036,M004,3.4,2025-10-19
U095,M064,2.2,2026-01-20
U042,M112,2.6,2025-08-03
U029,M152,2.2,2026-03-11
U005,M109,3.6,2025-08-28
U051,M123,2.8,2025-06-04
U031,M022,2.8,2025-08-14
U097,M004,2.2,2025-06-06
U094,M105,3.6,2026-02-04
U017,M092,2.6,2025-12-26
U031,M166,2.1,2026-04-10
U003,M123,3.0,2025-06-18
U040,M042,3.5,2025-05-31
U059,M147,3.7,2025-08-01
U004,M117,2.5,2025-10-01
U099,M036,3.3,2025-05-31
U052,M048,3.1,2025-11-18
U081,M119,4.2,2025-05-31
U010,M099,3.4,2025-06-07
U043,M136,3.7,2026-05-10
U038,M110,3.0,2026-01-08
U090,M157,2.7,2025-08-22
U074,M054,3.0,2025-06-10
U011,M159,3.2,2025-12-06
U095,M015,3.1,2025-09-05
U087,M094,3.7,2026-04-30
U015,M099,3.0,2025-11-20
U060,M159,3.3,2026-05-06
U047,M094,2.9,2026-02-26
U083,M144,3.4,2025-05-31
U009,M144,2.3,2025-05-28
U100,M053,3.3,2026-03-17
U043,M062,3.9,2025-08-23
U015,M167,3.3,2025-09-24
U095,M193,1.6,2025-08-02
U042,M091,3.1,2026-01-10
U065,M175,3.3,2025-10-22
U036,M014,2.3,2026-04-24
U048,M089,3.6,2025-10-07
U063,M129,2.5,2025-08-30
U016,M121,2.9,2025-05-28
U069,M174,4.2,2025-08-27
U038,M116,3.3,2025-07-13
U048,M173,3.4,2025-06-06
U009,M049,3.5,2025-10-04
U012,M021,3.0,2025-11-07
U023,M074,3.4,2026-04-17
U015,M179,4.3,2026-03-12
U067,M161,3.2,2026-05-15
U038,M107,3.6,2025-06-11
U070,M034,3.5,2025-09-26
U045,M108,3.3,2025-10-11
U095,M166,4.0,2026-05-16
U038,M049,2.3,2026-04-24
U003,M060,3.7,2025-09-02
U083,M086,2.6,2025-10-28
U075,M088,3.2,2025-06-25
U083,M084,2.8,2025-09-20
U076,M171,3.2,2025-06-04
U068,M141,3.3,2025-10-11
U059,M078,3.3,2025-08-09
U017,M079,3.4,2026-02-28
U034,M059,3.6,2025-09-21
U048,M074,3.2,2026-05-02
U019,M091,3.0,2026-01-01
U059,M043,3.9,2025-07-14
U021,M183,4.3,2025-08-25
U037,M047,2.4,2026-02-26
U091,M178,3.8,2025-06-19
U020,M042,3.7,2026-01-25
U015,M011,2.9,2025-12-15
U034,M095,3.0,2026-02-21
U027,M144,3.2,2025-05-29
U005,M171,3.0,2025-12-15
U045,M038,3.1,2025-11-17
U058,M139,2.3,2026-03-04
U069,M078,2.7,2026-03-25
U004,M104,3.7,2025-09-13
U041,M040,2.1,2026-05-24
U095,M140,2.1,2025-09-09
U043,M166,2.9,2025-05-30
U038,M122,2.2,2025-12-29
U097,M147,3.7,2025-06-19
U019,M145,3.5,2025-10-12
U044,M177,2.6,2026-03-30
U094,M123,4.2,2026-05-06
U018,M174,3.9,2025-08-17
U015,M079,2.7,2026-05-14
U052,M159,2.3,2026-02-03
U058,M092,4.0,2026-04-09
U042,M015,2.4,2025-07-19
U083,M050,2.3,2025-08-01
U026,M006,4.6,2026-04-14
U069,M115,4.1,2025-06-14
U086,M023,3.4,2025-09-06
U051,M050,2.8,2025-09-17
U041,M155,3.2,2025-07-21
U066,M015,3.1,2025-06-19
U047,M102,3.5,2026-03-12
U092,M110,3.3,2025-11-18
U050,M096,3.2,2026-05-20
U037,M089,2.9,2025-11-28
U040,M115,2.9,2025-08-12
U012,M056,1.8,2025-10-11
U095,M107,3.3,2025-10-12
U037,M042,2.6,2025-10-21
U094,M107,2.4,2026-03-16
U076,M154,3.4,2026-04-12
U019,M054,3.8,2025-12-22
U061,M135,3.2,2025-12-06
U009,M152,2.3,2025-11-15
U012,M002,2.7,2025-10-29
U082,M070,3.6,2025-10-26
U091,M146,3.5,2026-03-17
U026,M048,3.3,2025-11-12
U038,M142,2.3,2025-09-17
U006,M078,3.7,2025-07-31
U039,M127,2.3,2025-08-13
U095,M119,3.1,2026-02-01
U004,M001,2.7,2026-03-09
U034,M077,2.2,2025-07-03
U082,M121,3.7,2026-03-24
U084,M171,2.9,2025-12-30
U054,M046,3.4,2025-09-17
U089,M166,3.4,2026-01-21
U004,M031,3.5,2026-01-05
U064,M018,2.9,2025-07-24
U096,M093,2.9,2025-08-02
U062,M145,2.5,2025-10-15
U034,M161,2.8,2025-06-09
U061,M178,3.3,2026-03-26
U048,M132,2.9,2025-08-05
U003,M067,2.7,2026-03-04
U075,M015,2.5,2026-03-13
U041,M119,2.1,2025-06-06
U018,M092,3.6,2026-03-04
U007,M070,2.4,2025-11-23
U054,M163,2.8,2025-11-25
U007,M075,2.6,2025-12-28
U068,M164,3.8,2026-04-17
U066,M050,3.4,2025-07-09
U077,M193,2.7,2026-03-02
U070,M083,3.2,2025-12-16
U088,M078,2.6,2026-01-08
U088,M179,4.2,2025-06-08
U047,M025,2.6,2025-08-26
U075,M091,3.1,2026-03-14
U002,M036,2.9,2025-09-03
U037,M096,3.1,2025-09-20
U053,M088,2.7,2026-03-04
U014,M056,3.1,2026-03-08
U065,M057,3.0,2026-02-19
U072,M158,3.0,2025-06-07
U068,M137,3.4,2025-05-27
U071,M180,4.3,2026-03-29
U054,M118,2.8,2026-04-17
U015,M034,2.2,2026-05-18
U062,M090,3.2,2025-12-18
U089,M093,4.5,2026-03-16
U057,M153,3.0,2025-09-01
U098,M088,4.2,2026-02-27
U091,M078,4.3,2026-05-12
U096,M031,3.1,2026-02-02
U017,M178,3.4,2026-03-15
U089,M059,3.6,2025-12-20
U017,M054,3.0,2026-03-21
U011,M109,3.1,2025-06-07
U098,M029,2.5,2026-04-17
U003,M199,2.5,2025-09-21
U097,M111,2.9,2026-05-05
U026,M028,2.7,2026-05-10
U085,M132,3.6,2025-07-27
U008,M121,3.1,2026-03-27
U033,M012,3.5,2026-04-23
U039,M171,2.3,2026-05-21
U097,M025,3.3,2026-03-24
U078,M053,3.5,2025-07-30
U045,M008,3.0,2026-04-10
U019,M192,3.4,2026-01-04
U021,M129,3.9,2025-07-17
U031,M130,3.3,2025-08-08
U009,M026,2.9,2025-08-03
U098,M004,3.0,2025-08-29
U028,M184,3.2,2026-02-17
U037,M044,3.0,2025-08-24
U028,M130,2.4,2025-05-29
U061,M094,3.0,2025-06-03
U076,M048,2.7,2025-10-13
U087,M028,3.4,2026-02-23
U046,M098,2.2,2025-10-21
U028,M132,2.5,2026-01-30
U053,M029,3.5,2025-12-17
U016,M120,4.0,2026-03-31
U098,M093,2.3,2025-05-31
U037,M143,2.8,2026-05-06
U011,M084,3.5,2025-09-16
U059,M154,4.2,2025-12-18
U088,M114,3.1,2026-01-31
U071,M105,3.6,2025-12-29
U055,M049,2.8,2026-04-21
U061,M174,3.6,2025-11-19
U023,M004,3.0,2025-06-15
U063,M173,3.3,2026-04-03
U051,M113,3.6,2025-09-01
U085,M174,2.8,2026-04-13
U016,M037,2.6,2025-11-05
U052,M178,2.3,2025-07-28
U014,M190,3.5,2026-03-01
U009,M094,2.5,2026-02-14
U044,M052,2.3,2025-07-26
U052,M032,3.3,2026-01-27
U055,M186,4.2,2025-09-13
U036,M196,2.9,2025-08-02
U076,M070,3.7,2025-07-01
U052,M092,3.4,2025-09-25
U086,M155,3.1,2025-10-31
U063,M131,3.8,2026-01-04
U014,M032,3.1,2026-01-18
U063,M128,3.2,2026-01-28
U081,M035,3.1,2026-05-11
U013,M189,3.8,2026-04-29
U009,M128,3.1,2025-06-13
U004,M046,2.5,2025-11-12
U078,M174,3.3,2025-12-10
U020,M078,3.0,2025-07-12
U080,M025,3.0,2026-04-17
U085,M193,2.8,2025-09-02
U099,M127,3.9,2025-09-30
U026,M076,3.6,2025-06-22
U064,M126,3.2,2025-09-10
U070,M140,3.7,2026-05-17
U098,M009,3.3,2025-10-18
U016,M099,3.0,2025-10-08
U041,M097,2.2,2025-10-12
U059,M010,2.3,2026-05-10
U100,M078,2.4,2025-05-30
U022,M126,3.1,2025-10-18
U018,M080,3.2,2025-11-08
U063,M196,3.1,2026-03-31
U073,M173,3.6,2025-09-17
U085,M142,3.4,2025-06-10
U070,M147,3.2,2025-09-28
U065,M015,2.4,2025-11-07
U034,M127,3.4,2025-07-28
U049,M158,2.4,2025-06-14
U046,M197,3.3,2026-01-01
U042,M016,3.6,2026-05-12
U076,M012,4.1,2026-03-22
U047,M090,3.0,2025-08-01
U044,M098,2.9,2026-04-07
U055,M089,2.7,2025-11-25
U053,M090,2.9,2026-04-28
U085,M063,3.2,2026-01-20
U076,M022,3.5,2025-06-08
U044,M044,3.2,2026-05-16
U069,M084,3.3,2026-05-07
U059,M169,4.0,2025-10-22
U073,M132,3.8,2025-10-23
U035,M006,2.6,2025-06-04
U061,M151,1.9,2026-05-15
U050,M083,1.9,2025-08-06
U013,M126,3.5,2026-04-05
U089,M173,2.4,2026-02-10
U044,M128,2.3,2025-09-11
U098,M171,3.7,2025-12-04
U022,M158,3.3,2025-12-24
U047,M112,2.8,2026-02-12
U064,M163,1.6,2026-04-18
U069,M055,2.8,2025-12-30
U034,M013,3.7,2025-12-25
U074,M103,2.6,2026-01-31
U080,M191,3.3,2026-04-09
U092,M149,3.5,2026-04-08
U076,M087,3.5,2026-01-07
U009,M146,3.3,2025-08-28
U061,M110,2.3,2026-02-08
U045,M020,3.7,2025-06-27
U039,M130,3.2,2025-12-24
U056,M170,2.9,2025-08-23
U041,M052,2.1,2025-10-26
U052,M065,2.8,2025-07-11
U066,M117,3.2,2025-06-17
U098,M141,2.9,2026-02-23
U003,M161,4.0,2025-05-31
U067,M048,2.3,2025-08-04
U064,M055,2.2,2025-06-22
U096,M120,3.9,2026-01-09
U099,M112,2.8,2025-08-10
U067,M052,2.5,2025-11-21
U060,M038,3.7,2026-01-23
U020,M192,3.4,2025-06-10
U098,M077,2.6,2025-10-16
U053,M082,4.2,2026-04-24
U082,M053,2.6,2025-10-27
U035,M074,2.8,2025-06-30
U021,M066,3.2,2025-06-09
U077,M061,3.6,2025-10-31
U031,M030,3.8,2026-03-11
U025,M008,2.8,2026-01-21
U040,M119,2.6,2025-09-20
U072,M112,3.5,2025-10-22
U083,M010,2.6,2026-02-12
U021,M070,4.0,2026-03-18
U004,M067,2.8,2026-01-04
U085,M141,3.0,2026-02-25
U083,M011,2.9,2025-09-20
U003,M015,2.7,2026-04-14
U009,M105,4.0,2025-11-21
U086,M169,3.2,2026-04-10
U031,M029,3.3,2025-08-07
U095,M129,3.7,2026-03-26
U100,M135,3.5,2026-01-18
U064,M024,2.9,2026-01-25
U077,M032,2.4,2025-12-17
U043,M150,3.9,2025-11-08
U096,M191,3.1,2026-01-26
U055,M056,2.6,2026-03-14
U014,M045,4.1,2026-02-06
U036,M113,3.2,2025-10-29
U033,M151,3.7,2026-04-28
U063,M137,4.1,2025-11-16
U090,M029,2.7,2025-12-15
U070,M109,3.6,2025-09-25
U088,M064,3.1,2026-01-04
U019,M093,3.2,2025-09-25
U092,M095,4.0,2025-12-20
U003,M166,3.5,2025-07-20
U005,M190,3.5,2025-06-21
U007,M177,3.6,2025-06-17
U031,M065,2.7,2025-08-17
U050,M080,2.7,2025-07-03
U090,M093,2.5,2025-06-10
U016,M137,2.2,2026-01-25
U057,M100,3.9,2026-05-22
U051,M066,2.5,2025-12-23
U012,M194,2.9,2026-01-26
U039,M054,3.1,2026-03-05
U057,M162,3.2,2025-12-15
U099,M165,3.6,2025-10-30
U005,M071,3.4,2026-04-15
U100,M126,3.2,2025-09-27
U095,M106,2.8,2025-12-07
U092,M109,3.4,2026-04-05
U021,M179,3.0,2026-01-13
U065,M017,3.7,2025-11-27
U054,M155,3.2,2025-08-19
U095,M084,3.6,2025-10-06
U089,M008,3.5,2026-04-30
U083,M165,3.5,2026-02-21
U081,M114,3.6,2025-07-02
U018,M001,2.6,2025-11-02
U026,M161,3.5,2025-12-21
U041,M148,2.5,2026-04-14
U015,M041,2.9,2026-01-19
U067,M183,3.4,2025-06-28
U098,M034,3.7,2025-07-26
U088,M106,3.4,2025-12-14
U058,M123,3.1,2026-03-19
U034,M045,4.4,2025-06-09
U076,M084,3.3,2026-01-02
U026,M022,4.4,2025-10-26
U048,M047,3.1,2025-11-06
U049,M147,2.0,2026-02-01
U003,M006,3.8,2025-08-14
U083,M157,3.0,2025-07-10
U026,M068,3.5,2025-06-01
U022,M013,3.0,2025-11-02
U080,M110,2.4,2025-07-23
U034,M039,3.4,2026-04-11
U048,M044,2.8,2025-08-09
U016,M004,3.0,2025-08-30
U056,M198,3.5,2025-10-06
U087,M127,4.1,2026-03-27
U029,M183,3.7,2026-02-11
U025,M069,2.4,2025-12-30
U096,M127,3.8,2025-11-12
U017,M111,3.5,2026-02-10
U077,M056,2.8,2026-01-02
U094,M174,2.8,2026-02-19
U054,M047,3.7,2025-10-29
U019,M008,2.7,2025-12-29
U034,M061,3.5,2025-07-14
U058,M064,2.8,2025-11-18
U075,M176,3.2,2025-06-29
U059,M022,2.4,2026-05-21
U061,M035,2.9,2025-12-12
U089,M102,3.7,2025-06-09
U028,M183,3.0,2025-11-11
U091,M109,4.1,2025-07-25
U033,M019,2.7,2026-04-08
U072,M016,3.4,2026-04-30
U043,M061,3.4,2025-09-27
U046,M156,2.0,2025-06-17
U077,M182,2.1,2026-05-03
U001,M065,2.2,2025-09-10
U080,M098,3.3,2025-12-23
U051,M172,2.5,2025-11-18
U017,M144,4.9,2026-05-05
U075,M046,2.9,2026-01-13
U022,M129,3.3,2025-09-16
U044,M120,4.3,2026-03-20
U012,M082,3.8,2025-05-28
U068,M111,4.2,2026-03-15
U034,M030,4.1,2025-12-17
U006,M033,3.4,2025-09-13
U036,M192,3.5,2025-11-23
U056,M073,3.5,2026-01-12
U079,M195,2.9,2026-01-11
U067,M081,2.8,2025-10-15
U022,M081,3.0,2025-09-17
U098,M039,3.3,2025-08-15
U085,M163,2.6,2025-10-13
U007,M059,3.5,2026-02-22
U005,M121,3.2,2026-01-13
U021,M181,4.1,2025-09-29
U056,M030,2.5,2025-09-15
U006,M114,3.3,2025-11-25
U091,M144,3.2,2025-09-20
U059,M127,2.4,2026-03-30
U093,M038,2.9,2026-03-24
U045,M024,3.2,2026-02-11
U096,M131,4.3,2026-01-07
U073,M170,2.7,2025-07-31
U028,M150,3.6,2026-05-24
U068,M197,3.8,2025-08-07
U024,M107,3.4,2026-04-17
U032,M197,3.4,2025-09-13
U087,M025,2.8,2025-12-09
U004,M073,2.9,2025-06-12
U088,M032,3.4,2025-11-06
U048,M152,3.8,2026-04-02
U042,M040,3.6,2026-05-12
U085,M123,2.5,2025-10-06
U081,M069,3.2,2025-07-26
U085,M002,1.9,2025-12-09
U006,M168,3.2,2025-07-12
U058,M084,2.6,2025-08-08
U017,M055,2.8,2026-05-02
U083,M073,2.0,2025-12-12
U008,M191,3.5,2026-04-20
U071,M155,2.8,2025-11-12
U023,M062,2.0,2025-11-03
U012,M006,3.0,2026-02-09
U021,M100,4.1,2025-11-01
U037,M166,4.2,2025-06-26
U020,M031,3.1,2025-12-25
U063,M111,2.6,2025-12-19
U088,M155,3.3,2026-03-20
U046,M171,2.4,2026-04-07
U063,M115,3.5,2025-11-09
U061,M069,4.0,2025-08-11
U077,M109,3.1,2026-04-10
U097,M109,3.0,2025-11-19
U079,M048,2.6,2025-10-16
U081,M110,2.6,2026-04-09
U006,M132,3.1,2025-12-03
U060,M174,3.2,2026-02-01
U083,M176,3.4,2026-03-08
U064,M135,2.5,2025-07-08
U083,M135,3.7,2026-04-14
U011,M123,3.0,2025-12-24
U020,M033,3.0,2025-06-10
U039,M064,1.6,2025-09-01
U055,M076,3.2,2025-08-08
U007,M142,3.3,2026-04-17
U066,M109,3.1,2025-10-27
U013,M119,3.4,2025-06-22
U093,M146,1.9,2026-01-17
U046,M066,2.6,2025-07-31
U011,M197,3.8,2025-09-11
U003,M030,2.4,2025-06-22
U060,M046,2.9,2026-02-22
U051,M012,2.2,2026-04-14
U054,M181,3.2,2025-12-25
U041,M151,2.9,2025-10-06
U097,M172,2.6,2025-10-08
U080,M068,3.4,2025-12-03
U024,M055,2.7,2026-02-21
U011,M192,2.6,2025-07-21
U034,M173,3.3,2026-04-02
U056,M137,3.7,2026-05-17
U001,M102,2.8,2026-03-28
U002,M044,3.0,2025-06-25
U062,M118,3.2,2025-06-06
U052,M169,3.9,2025-07-22
U093,M125,2.9,2025-12-22
U080,M158,2.7,2025-11-23
U087,M102,3.6,2025-12-23
U012,M033,2.3,2026-03-18
U002,M049,2.0,2026-03-30
U003,M179,3.2,2026-02-19
U004,M054,3.5,2025-09-22
U084,M038,2.4,2025-06-28
U031,M112,2.4,2025-07-10
U069,M049,3.3,2026-04-12
U039,M198,4.1,2025-10-01
U019,M122,3.1,2025-10-22
U020,M190,3.0,2025-06-01
U057,M125,3.5,2025-09-27
U003,M116,2.9,2025-07-31
U032,M052,3.1,2025-12-27
U073,M101,2.6,2026-04-30
U043,M003,2.5,2026-04-04
U081,M183,3.6,2025-10-17
U054,M127,3.9,2025-08-03
U077,M188,3.1,2025-08-16
U038,M010,2.7,2025-09-19
U052,M125,3.0,2025-09-06
U076,M186,2.2,2025-07-17
U087,M125,3.6,2026-01-28
U092,M016,3.1,2025-08-29
U003,M109,2.8,2025-08-04
U041,M142,4.6,2026-04-24
U035,M166,3.1,2025-10-25
U061,M030,2.6,2025-09-15
U080,M166,2.9,2025-11-30
U058,M179,3.5,2025-10-15
U003,M042,3.2,2025-12-30
U045,M113,3.5,2026-01-28
U088,M087,4.0,2025-07-22
U092,M169,3.9,2025-09-29
U050,M107,3.2,2025-06-16
U084,M189,3.6,2025-11-23
U061,M042,4.1,2025-07-12
U027,M073,3.1,2025-06-07
U096,M023,2.7,2025-06-19
U062,M034,2.6,2026-02-27
U026,M041,3.2,2025-07-20
U063,M026,3.1,2025-10-26
U064,M078,2.9,2026-01-26
U027,M143,2.3,2026-05-02
U003,M092,3.6,2026-01-13
U046,M174,3.9,2026-03-06
U023,M129,2.3,2026-05-10
U009,M087,3.1,2025-10-18
U015,M159,3.7,2026-01-30
U016,M144,3.1,2026-02-01
U063,M067,3.1,2025-12-03
U099,M143,3.5,2026-01-10
U020,M177,2.9,2025-09-05
U078,M172,4.1,2026-04-03
U091,M013,3.7,2025-10-14
U059,M194,4.2,2026-03-31
U014,M157,3.7,2025-07-18
U065,M027,3.3,2026-03-02
U047,M041,3.3,2025-12-28
U091,M114,3.2,2025-09-09
U064,M188,3.1,2026-04-06
U020,M166,4.0,2025-11-21
U043,M036,2.6,2026-03-25
U026,M113,3.4,2025-10-26
U099,M197,4.1,2026-05-23
U032,M122,3.2,2025-12-03
U037,M130,2.2,2026-02-28
U011,M069,2.6,2025-11-17
U092,M194,3.6,2025-10-26
U047,M162,3.3,2025-06-20
U032,M039,2.5,2025-08-28
U054,M059,2.9,2026-03-17
U055,M106,3.3,2025-10-29
U059,M133,3.3,2025-06-11
U047,M008,3.1,2025-10-12
U019,M198,2.6,2026-05-21
U092,M133,2.9,2026-04-21
U011,M087,2.6,2025-12-16
U052,M198,3.9,2026-03-03
U056,M016,3.0,2025-11-06
U098,M010,3.6,2025-06-22
U083,M039,3.9,2025-08-05
U067,M076,2.9,2025-10-24
U052,M175,3.1,2025-06-02
U071,M078,3.1,2025-12-17
U045,M003,2.3,2026-01-03
U068,M157,3.1,2026-03-12
U090,M104,2.3,2025-10-10
U083,M053,3.5,2025-08-21
U080,M159,2.9,2025-06-27
U057,M179,2.9,2025-12-01
U084,M104,3.0,2026-02-14
U039,M022,2.6,2026-05-08
U069,M086,3.9,2025-11-08
U093,M185,3.0,2026-03-23
U067,M139,3.3,2026-01-01
U028,M024,2.6,2025-09-07
U071,M080,3.0,2025-09-02
U044,M194,4.2,2025-07-05
U021,M006,2.8,2026-05-12
U070,M152,2.5,2026-01-14
U031,M199,3.4,2025-12-22
U093,M109,3.4,2025-09-10
U015,M188,3.2,2026-04-26
U048,M067,3.7,2025-07-09
U065,M091,3.2,2026-03-24
U007,M194,3.6,2025-06-27
U016,M115,3.3,2025-12-25
U074,M189,2.8,2026-05-24
U059,M087,3.5,2026-01-26
U096,M149,4.3,2025-08-10
U092,M161,3.1,2025-06-20
U069,M153,2.9,2026-01-27
U045,M077,3.6,2026-01-01
U086,M184,3.1,2025-08-06
U087,M036,2.4,2025-11-14
U067,M189,3.5,2026-01-20
U014,M084,3.0,2025-09-04
U075,M050,2.9,2025-11-23
U059,M026,3.3,2026-03-12
U011,M024,3.3,2026-04-25
U055,M034,2.6,2025-09-25
U028,M115,2.9,2026-04-17
U048,M174,3.0,2025-08-30
U067,M200,3.3,2025-11-05
U034,M150,2.6,2025-09-13
U082,M109,3.9,2025-10-13
U089,M126,2.9,2025-10-25
U021,M037,4.1,2025-09-10
U017,M125,3.1,2025-05-27
U059,M034,4.3,2025-05-31
U066,M136,2.9,2026-03-27
U089,M055,2.7,2025-10-05
U061,M009,3.1,2026-03-07
U072,M095,3.1,2026-03-27
U078,M105,3.1,2026-03-31
U016,M095,2.2,2025-08-07
U038,M011,2.7,2025-09-01
U040,M096,3.3,2025-12-22
U038,M125,3.7,2026-05-12
U019,M037,3.4,2025-07-29
U054,M013,3.0,2025-12-21
U037,M056,3.5,2026-02-22
U095,M126,4.3,2026-05-25
U016,M141,2.8,2025-11-29
U009,M012,3.7,2025-10-25
U062,M147,3.5,2025-12-19
U073,M116,3.4,2025-12-05
U049,M122,3.3,2025-07-20
U017,M196,3.5,2026-03-17
U065,M163,1.6,2025-10-03
U098,M116,3.5,2025-06-19
U058,M039,2.4,2025-12-11
U012,M160,1.8,2025-06-20
U080,M105,3.4,2025-11-09
U030,M102,3.4,2025-12-04
U070,M012,2.8,2025-06-17
U083,M023,4.0,2026-03-03
U091,M007,3.8,2025-08-07
U081,M198,3.9,2025-05-29
U040,M144,3.3,2025-06-30
U016,M165,2.9,2025-08-13
U011,M050,2.2,2025-07-14
U073,M134,2.5,2026-02-19
U097,M122,4.3,2025-09-11
U003,M031,3.3,2025-06-23
U069,M047,3.7,2026-05-17
U036,M053,3.2,2026-01-21
U091,M149,3.3,2025-10-11
U011,M137,4.1,2025-07-20
U042,M103,2.4,2025-07-29
U006,M126,3.2,2026-05-15
U044,M112,3.3,2026-02-23
U054,M007,2.6,2025-08-29
U041,M098,2.7,2026-01-15
U070,M044,2.7,2025-12-31
U019,M047,3.1,2026-01-16
U099,M023,2.4,2026-03-09
U040,M105,2.8,2025-06-13
U042,M047,3.2,2026-05-13
U092,M015,3.0,2025-12-25
U050,M026,2.2,2025-12-14
U019,M106,2.8,2025-12-12
U034,M097,2.8,2026-03-26
U007,M052,3.7,2026-01-24
U031,M127,2.1,2025-09-08
U097,M130,3.8,2025-11-10
U015,M069,3.0,2026-04-25
U053,M017,3.2,2025-09-21
U004,M105,2.6,2025-07-06
U030,M005,2.6,2026-01-09
U071,M151,2.8,2025-06-15
U013,M064,3.6,2025-08-15
U084,M033,3.5,2025-12-22
U073,M105,3.9,2025-10-10
U011,M163,3.1,2025-09-12
U027,M037,3.0,2025-11-16
U069,M109,2.5,2025-08-15
U058,M011,2.1,2026-05-26
U084,M043,3.5,2026-05-26
U008,M124,2.2,2026-01-07
U077,M065,3.6,2025-06-12
U049,M090,3.2,2025-07-07
U037,M012,3.6,2026-03-05
U095,M137,3.8,2025-08-11
U009,M077,2.8,2026-04-11
U051,M179,2.5,2026-03-25
U018,M186,2.2,2025-08-15
U036,M111,2.6,2026-02-08
U079,M130,2.8,2025-12-15
U088,M088,2.4,2025-07-05
U034,M193,3.4,2025-05-29
U058,M070,3.1,2026-01-21
U085,M083,2.5,2025-12-03
U027,M118,2.9,2025-07-24
U043,M005,3.8,2025-06-06
U018,M166,3.7,2026-05-25
U078,M122,2.6,2026-05-24
U053,M143,2.7,2025-06-04
U091,M126,3.4,2025-11-06
U084,M020,3.6,2025-08-24
U004,M172,3.1,2025-10-11
U087,M032,3.2,2025-11-27
U049,M154,2.5,2025-11-24
U050,M046,3.0,2025-06-04
U002,M032,2.6,2025-10-02
U048,M050,2.9,2025-10-11
U002,M057,2.6,2026-05-16
U098,M072,3.5,2025-06-12
U091,M092,2.5,2026-02-17
U012,M158,2.2,2025-07-10
U039,M184,3.0,2026-02-02
U030,M127,2.9,2025-11-22
U005,M072,3.4,2025-09-16
U091,M181,2.6,2025-07-20
U027,M002,3.7,2026-02-15
U082,M102,2.8,2026-03-31
U036,M146,3.5,2025-09-12
U064,M044,3.2,2025-08-17
U025,M169,2.6,2025-08-10
U087,M175,4.6,2025-07-22
U073,M045,2.7,2026-04-23
U076,M033,3.8,2026-04-23
U017,M067,3.4,2025-08-08
U030,M134,2.7,2026-01-06
U025,M174,3.6,2026-05-15
U089,M174,2.8,2025-08-27
U079,M065,3.2,2025-06-12
U072,M117,3.7,2026-05-25
U055,M165,3.1,2025-06-16
U084,M014,3.8,2025-12-12
U056,M105,3.3,2026-01-06
U016,M175,2.3,2025-09-03
U060,M127,3.9,2025-11-22
U067,M195,2.3,2026-05-04
U093,M058,3.6,2026-05-02
U036,M108,3.8,2025-08-27
U058,M081,2.3,2026-05-24
U011,M147,2.6,2026-05-14
U095,M058,3.0,2025-06-07
U055,M020,2.6,2026-01-19
U026,M043,3.9,2025-12-09
U040,M017,3.5,2025-07-10
U081,M025,3.6,2026-05-12
U062,M111,2.6,2026-05-14
U076,M161,3.5,2025-12-06
U033,M064,2.6,2026-04-01
U061,M062,2.4,2025-12-03
U007,M086,4.0,2025-09-02
U031,M019,3.9,2025-07-23
U080,M113,2.1,2026-04-08
U081,M115,2.7,2025-08-03
U016,M022,3.1,2026-04-25
U005,M097,3.4,2025-12-17
U089,M017,2.8,2026-03-22
U008,M114,3.2,2026-04-28
U039,M157,2.9,2025-07-10
U056,M017,3.0,2026-04-04
U087,M015,3.9,2025-08-13
U007,M076,3.3,2025-11-12
U052,M025,2.7,2025-07-14
U097,M106,3.2,2026-01-27
U077,M169,3.0,2025-07-11
U002,M117,2.4,2025-11-11
U060,M110,2.5,2025-07-13
U080,M026,3.7,2025-12-04
U084,M173,3.5,2026-05-13
U076,M050,3.7,2026-04-01
U014,M004,2.9,2025-07-26
U092,M018,3.9,2025-07-27
U025,M147,2.9,2026-03-23
U082,M131,3.3,2026-01-15
U046,M108,3.3,2025-09-22
U024,M063,2.6,2026-03-17
U006,M016,2.3,2026-03-22
U040,M150,3.0,2025-10-15
U066,M167,4.2,2025-11-24
U100,M038,3.8,2026-03-12
U061,M080,3.4,2025-07-22
U044,M075,2.5,2025-11-19
U002,M133,2.7,2025-07-30
U008,M061,3.0,2025-09-09
U072,M014,3.0,2025-10-22
U045,M051,2.6,2026-02-13
U082,M052,2.4,2026-04-21
U044,M049,3.9,2025-06-19
U060,M154,3.2,2025-06-06
U043,M149,4.0,2025-08-10
U054,M085,1.9,2026-03-04
U014,M117,2.5,2026-05-05
U064,M057,3.6,2026-05-25
U082,M058,3.9,2025-06-06
U030,M120,2.3,2025-07-11
U028,M062,3.3,2025-09-22
U095,M197,3.2,2025-12-08
U095,M097,3.1,2026-02-10
U047,M003,2.1,2026-04-19
U046,M008,3.0,2025-08-15
U015,M037,3.4,2025-12-29
U057,M050,3.4,2025-07-07
U075,M196,3.0,2025-11-23
U006,M008,3.0,2026-02-14
U026,M073,2.7,2026-02-26
U029,M068,3.1,2026-02-26
U044,M142,2.6,2026-01-21
U023,M051,4.0,2026-05-15
U023,M068,3.0,2026-04-05
U003,M174,3.8,2026-03-17
U059,M062,3.3,2025-11-18
U048,M170,1.9,2026-02-28
U092,M017,2.3,2026-03-27
U025,M137,2.7,2025-11-14
U089,M096,3.9,2025-12-15
U077,M110,2.1,2025-07-05
U032,M012,4.9,2025-07-15
U076,M049,3.5,2025-08-25
U038,M039,3.2,2025-12-10
U032,M014,3.1,2025-07-08
U036,M033,3.0,2025-09-08
U075,M126,3.2,2026-02-08
U094,M021,3.5,2025-09-28
U085,M158,2.9,2026-04-23
U022,M131,3.5,2025-11-09
U097,M166,3.1,2025-09-08
U048,M128,3.2,2025-09-03
U092,M096,3.4,2025-08-30
U089,M124,3.4,2025-09-15
U052,M164,3.5,2025-08-01
U084,M010,3.2,2026-02-09
U029,M052,3.7,2025-10-07
U031,M102,2.7,2026-02-04
U040,M109,4.1,2025-11-14
U074,M041,3.9,2025-11-16
U033,M141,2.7,2026-04-13
U018,M193,3.0,2026-04-13
U038,M114,2.6,2025-09-03
U046,M059,2.1,2025-08-01
U006,M120,3.0,2025-09-06
U080,M087,3.3,2025-10-20
U058,M120,3.3,2025-10-17
U053,M095,3.4,2025-09-14
U030,M068,2.5,2025-06-30
U010,M092,3.6,2026-04-14
U038,M129,3.2,2025-09-06
U070,M165,3.3,2026-04-16
U036,M059,3.4,2026-04-06
U016,M019,3.6,2025-11-23
U005,M140,3.6,2026-02-13
U043,M051,4.4,2025-06-15
U043,M065,2.8,2025-12-23
U096,M197,3.4,2025-06-11
U036,M049,2.9,2025-05-30
U078,M036,2.5,2025-08-21
U034,M003,2.8,2025-12-24
U052,M149,2.9,2025-06-25
U002,M121,2.7,2025-06-26
U066,M195,1.9,2026-03-11
U051,M059,3.2,2026-01-30
U093,M192,2.9,2026-02-08
U076,M142,3.2,2025-09-29
U093,M119,3.0,2025-12-03
U011,M081,2.3,2026-02-19
U055,M198,2.4,2025-06-03
U054,M054,2.7,2025-10-14
U058,M143,2.5,2026-05-11
U048,M036,3.4,2025-08-04
U064,M169,3.1,2025-11-26
U044,M058,1.8,2025-10-24
U055,M176,3.3,2025-11-01
U098,M200,3.0,2025-06-07
U069,M077,3.2,2025-12-11
U076,M006,3.3,2025-08-09
U005,M036,3.3,2026-03-09
U043,M146,2.4,2025-07-08
U078,M156,1.5,2025-08-06
U051,M098,3.1,2026-02-11
U051,M017,3.8,2025-08-26
U050,M049,3.6,2025-09-25
U014,M085,3.0,2025-08-08
U058,M164,2.7,2025-12-22
U012,M044,3.2,2026-04-03
U087,M142,2.7,2026-02-25
U005,M177,3.4,2025-07-22
U063,M007,3.4,2026-02-20
U026,M018,3.4,2025-11-10
U037,M053,4.2,2026-01-27
U038,M169,3.7,2025-08-31
U009,M117,3.0,2026-04-27
U048,M133,3.4,2026-05-21
U022,M084,1.9,2025-10-28
U051,M041,2.6,2026-03-31
U017,M138,2.5,2025-10-24
U062,M191,2.8,2026-04-21
U050,M053,3.0,2026-03-21
U027,M080,2.7,2025-10-17
U091,M171,3.9,2025-09-25
U021,M155,3.0,2025-08-05
U040,M151,3.5,2026-02-12
U065,M184,2.8,2025-06-10
U059,M071,3.2,2026-02-12
U001,M037,2.9,2025-10-10
U009,M103,3.0,2025-07-21
U032,M135,2.9,2025-12-09
U073,M126,3.5,2025-10-03
U060,M148,2.0,2026-05-06
U095,M024,3.0,2025-12-30
U083,M117,3.3,2025-11-30
U090,M183,3.5,2025-12-25
U051,M157,3.3,2026-02-26
U054,M064,2.9,2026-02-24
U080,M188,3.2,2025-10-17
U059,M099,2.7,2025-06-23
U024,M179,3.4,2025-08-08
U013,M101,2.9,2025-06-03
U006,M062,3.2,2026-03-07
U036,M161,2.4,2025-08-24
U038,M171,1.9,2026-04-22
U090,M186,2.8,2026-02-04
U064,M106,3.8,2025-08-16
U097,M027,3.6,2025-09-10
U099,M200,3.7,2025-12-11
U053,M116,3.2,2026-03-03
U033,M054,3.1,2025-09-09
U006,M119,2.6,2026-05-13
U087,M192,3.3,2025-10-02
U049,M088,3.9,2025-11-03
U025,M102,2.6,2026-05-07
U002,M065,2.8,2026-03-29
U091,M035,2.9,2025-12-10
U086,M192,3.5,2025-10-01
U063,M119,2.4,2026-04-22
U011,M141,1.6,2025-06-24
U032,M183,2.9,2025-10-14
U018,M121,3.0,2026-01-04
U021,M044,2.9,2026-05-17
U078,M026,2.8,2026-02-25
U038,M032,2.8,2025-08-26
U095,M101,4.1,2026-03-01
U010,M172,3.6,2026-05-21
U087,M070,3.3,2026-03-09
U057,M092,3.3,2026-02-24
U087,M137,4.0,2026-02-05
U082,M134,3.4,2025-07-02
U085,M184,2.3,2025-06-23
U014,M100,2.1,2025-06-07
U040,M114,4.0,2026-04-30
U099,M097,2.6,2026-02-12
U032,M096,2.8,2026-01-24
U026,M024,3.8,2026-05-18
U054,M008,2.4,2026-05-19
U044,M050,3.8,2025-06-12
U086,M017,2.6,2026-02-03
U013,M171,3.1,2026-03-02
U093,M043,2.8,2026-05-04
U054,M132,4.1,2026-04-01
U042,M083,2.8,2025-08-12
U081,M049,3.0,2025-07-11
U027,M139,2.9,2025-11-05
U055,M031,2.2,2026-01-28
U028,M028,3.4,2025-11-25
U042,M045,2.8,2026-05-19
U052,M168,2.4,2025-12-16
U002,M100,2.3,2026-02-07
U059,M057,1.5,2026-04-23
U085,M072,2.8,2025-06-28
U080,M095,4.3,2026-05-04
U009,M056,3.3,2025-10-28
U039,M197,3.0,2025-07-24
U064,M027,2.7,2025-05-27
U069,M146,3.3,2026-02-28
U033,M025,3.5,2025-07-23
U042,M162,2.8,2025-06-04
U050,M174,3.8,2025-06-05
U018,M086,3.4,2026-02-26
U082,M195,3.6,2025-06-08
U041,M171,3.1,2025-09-22
U009,M086,3.1,2026-05-17
U078,M150,3.3,2025-10-09
U095,M060,3.0,2025-09-11
U076,M181,2.7,2026-05-20
U030,M006,3.5,2025-07-15
U098,M032,3.9,2025-12-19
U097,M063,2.8,2025-07-13
U011,M016,3.1,2026-03-17
U026,M039,3.2,2025-11-15
U027,M165,3.1,2026-05-07
U031,M186,2.8,2025-07-24
U057,M190,3.9,2025-12-09
U018,M072,1.9,2025-12-15
U083,M195,2.6,2026-05-06
U067,M107,3.2,2025-06-29
U037,M193,2.2,2026-05-14
U030,M188,2.8,2025-12-08
U044,M063,3.9,2026-02-10
U070,M014,3.4,2025-06-20
U032,M176,3.1,2025-06-04
U093,M057,2.1,2025-07-19
U049,M134,2.8,2025-12-13
U024,M114,3.0,2025-07-08
U001,M017,3.0,2025-09-17
U009,M050,4.1,2026-04-30
U082,M037,3.8,2026-02-11
U017,M024,2.6,2026-02-27
U076,M141,3.5,2026-02-11
U040,M043,3.9,2026-02-14
U032,M109,2.8,2026-02-25
U078,M064,2.9,2025-12-22
U037,M148,2.3,2025-10-09
U062,M021,3.1,2025-11-23
U051,M097,3.4,2026-03-02
U061,M113,3.2,2025-10-22
U065,M157,2.7,2025-10-17
U098,M040,3.3,2025-09-22
U003,M196,2.8,2025-11-12
U055,M022,4.0,2025-12-24
U071,M187,3.0,2026-02-26
U033,M098,4.3,2025-10-01
U040,M117,2.5,2026-01-01
U049,M144,3.2,2025-07-20
U062,M019,2.7,2025-12-07
U018,M184,3.0,2025-09-28
U026,M040,3.7,2026-02-18
U001,M004,1.9,2025-09-12
U094,M186,3.8,2025-11-16
U063,M104,2.4,2025-10-26
U051,M191,2.7,2025-11-16
U050,M126,3.2,2025-12-20
U083,M151,3.1,2026-04-20
U053,M010,2.3,2026-03-24
U050,M145,3.1,2026-03-04
U025,M196,3.7,2025-10-15
U033,M198,2.4,2025-11-29
U082,M177,3.2,2025-11-19
U090,M015,3.3,2025-06-27
U050,M109,2.7,2026-01-20
U032,M123,2.9,2026-05-09
U087,M008,4.1,2025-06-03
U086,M166,3.2,2026-03-12
U034,M155,3.3,2025-10-05
U088,M038,2.4,2026-01-16
U032,M155,2.7,2025-08-03
U085,M042,3.6,2026-05-20
U015,M198,3.7,2026-04-09
U083,M183,3.5,2025-11-11
U051,M181,2.9,2025-07-30
U011,M133,2.9,2026-02-19
U055,M043,2.5,2025-10-20
U033,M178,3.1,2025-12-23
U065,M137,3.5,2025-06-23
U049,M151,2.8,2025-12-20
U094,M106,2.5,2026-04-11
U014,M163,3.1,2025-08-06
U100,M089,2.9,2026-03-14
U035,M192,3.1,2026-02-08
U096,M102,4.3,2025-06-03
U040,M002,3.0,2026-03-01
U063,M001,2.7,2026-04-07
U009,M199,2.8,2025-06-04
U054,M135,3.5,2025-10-25
U084,M074,2.9,2025-10-18
U022,M046,2.6,2025-11-16
U024,M181,3.4,2026-03-19
U026,M125,3.5,2026-02-22
U065,M029,2.6,2025-10-08
U073,M055,2.2,2026-02-20
U026,M016,3.3,2026-02-22
U098,M050,2.7,2026-01-14
U053,M113,3.3,2025-07-10
U080,M028,2.0,2025-07-05
U022,M021,3.3,2025-12-27
U011,M097,2.2,2026-03-24
U036,M017,3.3,2025-12-02
U004,M150,2.7,2026-01-26
U062,M125,2.6,2025-06-16
U098,M026,2.5,2026-05-22
U008,M069,3.4,2026-05-23
U086,M150,3.2,2026-05-05
U001,M097,3.9,2025-07-22
U078,M110,3.2,2025-12-05
U048,M175,2.4,2025-12-02
U041,M062,1.8,2025-11-23
U086,M103,3.0,2025-11-14
U079,M015,3.7,2025-11-25
U043,M026,2.6,2026-05-25
U059,M179,4.0,2025-11-02
U093,M036,2.0,2026-05-13
U078,M032,3.0,2025-08-28
U036,M180,2.7,2026-01-19
U088,M169,4.1,2025-09-25
U066,M106,2.8,2025-06-22
U025,M001,1.7,2025-07-04
U042,M005,3.0,2025-07-06
U047,M012,3.6,2025-12-11
U087,M114,3.8,2026-01-27
U078,M125,3.8,2025-11-03
U095,M157,2.7,2026-04-15
U045,M110,3.1,2025-09-25
U085,M180,3.5,2026-04-05
U094,M099,2.4,2025-12-27
U078,M050,3.2,2025-05-27
U019,M134,2.9,2025-08-07
U092,M130,3.7,2026-05-10
U017,M128,3.2,2026-04-12
U039,M173,2.4,2025-08-19
U015,M124,3.0,2025-06-21
U070,M062,2.1,2026-01-22
U028,M044,2.4,2025-06-23
U090,M023,3.3,2026-04-02
U056,M184,2.7,2026-05-12
U021,M084,3.5,2025-11-11
U099,M072,3.2,2026-02-03
U093,M066,2.2,2025-06-20
U061,M172,3.1,2026-03-24
U086,M035,4.0,2025-08-26
U082,M186,2.8,2025-09-17
U012,M178,2.7,2025-12-07
U029,M148,3.5,2025-07-23
U009,M165,3.6,2025-12-02
U049,M184,2.6,2025-11-12
U084,M165,2.6,2025-08-12
U056,M060,3.7,2026-02-01
U012,M029,3.6,2026-04-11
U044,M190,3.6,2025-07-27
U025,M191,2.7,2026-03-28
U074,M095,2.8,2026-03-22
U095,M001,3.6,2025-12-18
U008,M152,3.7,2025-08-25
U025,M100,3.4,2025-10-22
U041,M198,2.1,2025-11-21
U087,M033,3.7,2025-09-02
U085,M155,2.4,2025-07-28
U029,M028,2.6,2025-11-05
U002,M138,3.2,2025-10-03
U029,M128,4.4,2025-06-12
U059,M038,3.3,2025-07-23
U037,M038,3.2,2025-06-20
U090,M009,3.4,2025-07-24
U041,M080,3.3,2025-09-11
U089,M032,2.9,2026-01-06
U091,M147,4.2,2025-09-24
U081,M056,3.7,2025-09-15
U038,M181,3.0,2025-11-15
U008,M086,3.8,2026-03-09
U092,M054,3.1,2026-01-31
U090,M189,3.7,2026-04-30
U100,M046,2.7,2025-09-19
U085,M041,2.6,2026-05-15
U071,M101,3.1,2025-12-05
U055,M174,3.0,2025-09-26
U045,M194,3.1,2025-11-07
U051,M019,3.6,2025-08-29
U094,M073,3.0,2026-01-02
U090,M050,3.4,2025-06-02
U017,M083,2.4,2025-08-02
U007,M182,3.8,2025-12-22
U059,M168,3.4,2026-03-04
U074,M036,2.6,2025-10-12
U090,M124,2.9,2025-12-28
U096,M051,3.3,2025-06-27
U002,M093,3.2,2025-08-05
U014,M174,3.5,2026-03-12
U049,M110,3.6,2025-06-13
U022,M015,3.4,2026-04-07
U046,M122,2.8,2026-02-24
U007,M031,2.9,2025-09-05
U084,M087,3.3,2025-07-27
U056,M039,3.3,2025-07-09
U093,M104,3.1,2026-01-21
U005,M031,3.0,2026-01-23
U051,M126,1.8,2025-12-23
U100,M178,2.8,2025-06-17
U085,M023,3.2,2025-10-01
U084,M098,2.7,2026-01-06
U081,M168,3.5,2025-10-11
U048,M003,3.5,2026-03-26
U015,M022,3.6,2026-03-25
U063,M165,2.5,2025-06-18
U066,M058,3.5,2026-05-15
U076,M147,3.1,2025-08-06
U062,M071,3.1,2025-06-05
U096,M025,3.4,2025-07-27
U024,M099,2.2,2025-09-21
U083,M180,3.1,2025-10-16
U039,M147,2.3,2026-03-23
U013,M084,2.3,2026-04-24
U092,M138,2.5,2026-02-21
U052,M180,4.0,2026-05-16
U051,M143,2.9,2025-08-25
U068,M126,4.1,2026-04-24
U067,M150,2.5,2025-08-24
U092,M167,2.5,2026-03-24
U097,M193,2.7,2026-02-09
U085,M031,3.5,2026-02-23
U077,M178,3.1,2026-02-23
U041,M032,2.9,2026-05-06
U017,M148,3.3,2026-02-10
U084,M042,3.8,2026-04-12
U072,M066,3.6,2026-05-09
U011,M032,2.8,2025-09-09
U039,M094,2.3,2025-08-21
U001,M064,3.3,2025-12-24
U006,M133,2.4,2025-12-27
U085,M137,2.4,2025-10-11
U018,M148,3.2,2025-09-17
U089,M081,3.1,2025-09-01
U066,M054,2.5,2025-06-08
U013,M170,2.9,2026-05-04
U031,M010,2.5,2026-02-19
U018,M155,3.6,2025-08-17
U028,M152,2.0,2025-11-24
U033,M067,3.2,2025-11-12
U087,M109,3.0,2025-06-05
U019,M138,2.8,2026-02-11
U010,M162,3.6,2026-01-09
U082,M179,3.2,2025-06-30
U025,M183,2.8,2025-11-17
U066,M155,2.8,2026-03-04
U054,M040,2.8,2025-12-16
U056,M098,4.1,2026-05-13
U035,M032,2.5,2025-08-27
U015,M176,3.6,2025-08-19
U082,M023,2.4,2025-11-22
U043,M200,3.8,2026-01-07
U019,M058,3.9,2026-01-06
U002,M026,2.4,2025-11-14
U029,M097,2.5,2026-04-03
U016,M045,3.6,2025-08-30
U094,M079,3.4,2025-07-29
U063,M025,3.2,2025-08-29
U045,M180,2.7,2025-08-07
U037,M142,3.2,2026-01-08
U022,M082,3.6,2025-11-08
U024,M089,3.7,2025-06-13
U069,M142,3.1,2025-07-26
U052,M123,3.2,2025-07-27
U088,M132,3.7,2026-03-08
U085,M033,3.2,2026-03-14
U049,M146,3.3,2026-01-10
U007,M186,3.6,2025-07-03
U048,M182,3.0,2026-01-19
U087,M156,3.4,2025-10-24
U091,M118,2.3,2026-02-22
U057,M091,3.1,2025-09-29
U065,M074,2.8,2026-01-05
U055,M134,3.3,2026-01-29
U040,M163,3.0,2026-04-12
U012,M163,3.3,2026-04-16
U010,M187,3.2,2026-01-24
U012,M043,2.1,2025-08-05
U008,M022,3.9,2025-12-31
U071,M127,3.7,2026-05-21
U094,M035,3.3,2025-09-23
U064,M132,3.0,2025-06-10
U016,M104,3.0,2026-05-19
U079,M049,3.0,2026-05-23
U069,M192,2.7,2025-12-01
U032,M190,2.6,2025-06-22
U068,M176,2.6,2025-07-19
U006,M156,2.9,2025-10-09
U022,M173,2.6,2025-08-31
U029,M045,3.3,2026-04-18
U047,M035,3.9,2025-09-05
U046,M014,2.3,2025-10-22
U064,M098,3.1,2026-02-28
U048,M029,3.0,2025-12-04
U087,M064,3.6,2025-08-23
U099,M031,3.3,2025-12-29
U039,M124,3.6,2025-12-27
U034,M055,3.0,2026-05-25
U095,M162,3.0,2025-08-08
U051,M056,3.4,2025-12-21
U083,M132,3.3,2026-05-08
U008,M092,3.5,2026-05-23
U079,M118,3.3,2025-12-09
U039,M091,3.1,2026-04-02
U001,M090,3.7,2026-02-20
U013,M111,2.7,2025-09-17
U066,M040,2.9,2025-10-28
U016,M125,3.2,2026-05-23
U020,M197,3.4,2025-06-24
U033,M058,3.7,2025-09-28
U051,M096,2.3,2025-12-24
U047,M110,3.2,2026-02-22
U069,M069,2.7,2026-04-01
U057,M169,3.6,2025-10-14
U021,M036,4.1,2025-11-26
U096,M112,3.0,2026-05-24
U046,M182,2.9,2026-02-14
U015,M049,3.7,2026-01-01
U006,M035,3.4,2025-11-05
U054,M191,3.1,2025-12-08
U005,M042,3.4,2025-06-19
U026,M123,2.3,2025-06-20
U035,M031,3.0,2025-10-23
U063,M141,3.1,2025-09-15
U088,M183,3.0,2026-03-22
U042,M193,3.8,2025-11-03
U065,M186,2.2,2025-11-08
U017,M029,3.5,2026-04-01
U003,M033,3.1,2026-03-08
U045,M129,3.0,2026-05-20
U099,M176,3.9,2026-01-25
U007,M174,3.3,2025-12-02
U055,M153,3.4,2026-05-22
U056,M123,3.3,2025-12-29
U080,M040,2.4,2025-09-07
U024,M064,2.6,2026-01-03
U099,M030,4.9,2026-01-12
U090,M064,3.5,2025-06-19
U055,M051,2.1,2025-09-26
U091,M027,2.1,2025-06-02
U094,M129,3.3,2025-07-18
U024,M049,3.3,2025-07-28
U081,M163,3.4,2026-03-11
U030,M031,2.9,2026-03-20
U052,M010,3.2,2026-01-06
U025,M038,3.2,2025-10-20
U003,M158,3.5,2026-02-13
U012,M014,2.0,2025-11-13
U090,M163,2.6,2026-01-28
U029,M087,2.9,2025-10-20
U062,M016,4.3,2025-09-07
U039,M029,3.1,2026-01-09
U047,M072,3.7,2025-11-28
U092,M108,3.6,2026-01-20
U041,M013,3.2,2026-02-22
U006,M001,3.8,2026-04-30
U085,M191,4.1,2025-12-13
U028,M074,2.3,2025-09-27
U036,M156,3.1,2026-04-05
U056,M048,2.6,2026-01-17
U063,M094,3.2,2025-12-06
U086,M004,3.1,2025-06-11
U071,M198,2.9,2026-03-21
U043,M093,3.6,2025-11-22
U096,M200,4.4,2025-07-29
U068,M155,2.4,2025-11-17
U031,M167,3.1,2026-01-05
U027,M150,2.6,2025-11-11
U012,M028,2.1,2026-03-21
U081,M191,2.9,2025-07-22
U016,M011,3.1,2025-07-30
U084,M049,4.3,2026-02-17
U091,M115,3.2,2026-04-06
U044,M078,2.9,2025-09-26
U098,M052,3.7,2025-08-26
U093,M040,4.3,2026-05-04
U017,M050,2.3,2025-10-24
U071,M183,2.5,2026-01-17
U098,M144,3.8,2025-11-30
U047,M115,2.9,2025-07-08
U092,M031,2.8,2025-10-15
U009,M124,3.2,2025-10-24
U068,M129,1.7,2026-05-15
U022,M154,3.0,2026-01-06
U090,M034,3.3,2025-12-29
U006,M145,3.2,2026-04-25
U089,M049,2.7,2025-11-04
U064,M176,3.0,2025-08-27
U066,M020,3.0,2026-03-03
U057,M193,3.3,2025-09-08
U050,M144,3.0,2025-11-08
U052,M156,2.9,2026-01-07
U027,M048,2.8,2026-05-25
U021,M147,3.9,2026-02-04
U076,M179,3.6,2026-05-22
U091,M185,3.3,2025-08-31
U034,M078,2.6,2026-02-03
U038,M182,3.3,2026-01-09
U071,M031,3.5,2026-02-28
U029,M012,4.4,2025-08-26
U031,M075,2.3,2026-05-06
U082,M038,3.9,2026-01-04
U018,M070,3.7,2026-04-30
U083,M064,3.1,2026-02-08
U069,M030,4.0,2026-05-26
U084,M089,3.0,2025-07-07
U078,M095,3.4,2025-12-11
U011,M181,3.0,2025-08-18
U034,M185,3.8,2026-03-19
U053,M157,3.2,2025-12-27
U002,M092,3.0,2026-02-03
U094,M072,3.0,2026-02-25
U033,M005,3.1,2025-08-24
U085,M200,3.0,2025-08-01
U014,M185,3.7,2025-06-08
U071,M053,3.4,2025-10-12
U029,M084,3.3,2026-01-09
U027,M149,1.9,2025-07-08
U097,M102,3.0,2026-03-08
U058,M060,3.0,2025-10-16
U048,M038,3.6,2025-09-23
U012,M127,2.6,2026-02-23
U059,M048,2.3,2026-02-25
U025,M146,3.0,2025-09-17
U094,M047,3.0,2025-06-29
U037,M006,2.7,2025-12-19
U021,M046,2.8,2025-11-06
U088,M156,3.5,2026-02-19
U009,M037,3.1,2026-04-20
U055,M063,1.5,2025-10-06
U083,M104,3.4,2026-04-05
U093,M135,3.5,2026-03-17
U094,M193,3.2,2026-05-20
U050,M006,3.3,2026-03-31
U002,M196,3.2,2025-07-01
U099,M022,3.6,2026-01-09
U019,M161,2.7,2025-07-23
U002,M003,3.0,2026-04-02
U070,M189,3.4,2025-12-04
U091,M022,4.0,2026-02-12
U018,M123,3.7,2025-08-11
U057,M042,3.7,2025-12-20
U043,M123,3.1,2026-03-08
U032,M015,3.8,2025-08-21
U089,M069,3.3,2025-07-09
U070,M032,2.6,2026-05-16
U038,M027,3.3,2025-09-07
U054,M037,3.2,2026-05-26
U029,M007,2.8,2026-01-30
U055,M099,3.4,2026-03-12
U046,M168,2.8,2025-12-31
U029,M176,2.9,2025-11-11
U088,M184,3.2,2026-03-30
U063,M044,4.0,2026-03-31
U029,M027,3.5,2026-01-02
U046,M020,3.0,2025-07-15
U043,M031,4.0,2025-11-23
U011,M012,2.6,2025-07-21
U020,M046,3.1,2025-10-19
U068,M086,4.0,2025-07-23
U024,M174,3.0,2025-10-21
U020,M171,2.6,2025-06-09
U039,M160,2.7,2025-12-31
U045,M027,2.4,2026-01-08
U064,M170,2.6,2025-11-19
U034,M183,3.1,2026-04-17
U001,M039,2.1,2025-06-25
U019,M082,3.0,2026-03-12
U050,M115,3.3,2025-09-24
U009,M029,2.5,2025-08-04
U055,M187,3.7,2026-01-04
U019,M024,3.1,2025-12-12
U017,M047,4.0,2025-11-10
U046,M082,2.7,2025-09-15
U055,M124,3.4,2025-06-05
U053,M155,2.5,2025-07-05
U032,M099,3.7,2025-10-24
U071,M128,3.2,2025-08-24
U069,M127,2.5,2025-08-27
U069,M059,2.6,2025-11-11
U011,M149,3.4,2025-10-23
U068,M148,2.5,2025-06-05
U096,M057,3.5,2025-06-01
U012,M061,2.2,2025-11-22
U001,M053,3.2,2026-05-18
U047,M143,2.1,2025-09-26
U018,M029,3.1,2026-04-26
U045,M093,3.2,2026-03-16
U038,M118,2.6,2026-03-14
U071,M108,3.4,2026-01-22
U027,M058,2.9,2026-04-28
U096,M036,3.0,2026-03-27
U090,M181,2.2,2026-03-14
U049,M188,2.1,2026-05-13
U090,M109,2.9,2025-11-17
U007,M180,2.5,2026-04-02
U085,M149,3.5,2026-04-19
U062,M153,3.2,2026-03-07
U004,M038,3.3,2025-11-20
U019,M021,3.1,2026-01-21
U010,M004,2.5,2025-08-08
U061,M191,3.5,2026-03-16
U096,M136,3.2,2025-06-03
U039,M121,3.0,2025-10-28
U093,M087,2.0,2025-10-11
U083,M178,3.9,2026-05-20
U037,M029,3.3,2026-03-08
U008,M165,2.6,2026-05-10
U078,M193,3.2,2026-02-27
U065,M042,3.0,2026-05-21
U051,M109,3.1,2025-06-12
U059,M142,3.1,2025-05-27
U034,M147,4.2,2025-09-12
U040,M182,3.6,2026-01-30
U055,M041,2.1,2026-01-07
U012,M134,2.9,2025-11-14
U017,M191,3.8,2026-02-07
U029,M101,3.3,2026-02-21
U096,M144,4.2,2025-07-21
U010,M178,3.8,2025-09-29
U062,M081,3.0,2025-06-26
U022,M014,3.0,2025-11-17
U083,M109,3.0,2026-02-16
U035,M028,2.5,2026-04-03
U010,M093,3.6,2025-07-22
U100,M086,2.8,2026-05-12
U031,M073,3.8,2026-03-04
U070,M028,3.3,2026-04-23
U028,M153,2.3,2026-05-21
U097,M080,3.2,2026-02-19
U071,M052,2.3,2025-07-04
U005,M062,3.6,2026-01-09
U011,M146,3.1,2025-08-10
U006,M013,3.6,2025-12-16
U012,M080,3.9,2026-05-22
U046,M193,2.9,2026-01-02
U051,M129,2.6,2026-02-16
U041,M193,3.6,2025-11-07
U093,M092,4.3,2026-03-21
U090,M173,3.0,2026-04-07
U043,M105,3.3,2025-09-11
U013,M129,3.7,2026-03-11
U004,M151,2.5,2025-11-12
U062,M151,2.8,2026-05-07
U038,M042,3.8,2026-03-10
U088,M119,3.9,2026-04-16
U081,M024,3.2,2026-01-28
U028,M175,2.3,2025-06-26
U065,M133,2.8,2025-07-19
U084,M134,2.9,2025-12-03
U058,M034,3.3,2025-12-04
U038,M093,3.6,2025-07-11
U056,M011,3.7,2025-05-27
U100,M175,3.1,2025-11-09
U031,M054,3.3,2025-07-18
U078,M020,2.8,2026-03-09
U073,M161,3.5,2025-09-14
U013,M004,1.7,2026-03-14
U099,M080,3.0,2025-08-19
U059,M081,2.7,2026-03-01
U036,M148,2.9,2025-11-21
U046,M023,3.7,2026-04-20
U023,M182,3.9,2025-10-03
U034,M122,2.9,2026-01-15
U098,M114,3.4,2025-06-28
U063,M011,2.8,2025-11-21
U037,M103,3.4,2025-10-29
U080,M175,2.3,2026-03-21
U057,M094,3.0,2025-09-06
U011,M175,3.3,2025-10-27
U065,M116,2.7,2026-01-12
U088,M011,3.5,2025-07-13
U083,M015,2.3,2026-01-21
U090,M144,3.3,2026-05-22
U020,M027,3.4,2025-12-29
U049,M041,3.4,2025-08-08
U052,M019,3.2,2026-02-01
U050,M119,2.2,2025-06-18
U012,M090,2.8,2025-09-30
U060,M165,2.7,2025-08-26
U060,M028,3.0,2026-04-13
U024,M188,2.8,2026-04-01
U051,M197,2.0,2025-10-17
U026,M103,3.2,2025-12-09
U009,M082,3.3,2025-12-02
U090,M190,2.7,2025-09-25
U015,M072,3.1,2025-10-06
U061,M038,3.9,2025-07-03
U028,M082,2.8,2025-08-09
U061,M055,2.9,2026-04-29
U028,M006,3.2,2025-06-10
U055,M070,2.6,2026-01-17
U082,M046,2.4,2026-04-14
U019,M018,2.7,2026-01-06
U052,M021,3.3,2025-12-25
U092,M116,3.8,2025-10-24
U068,M055,3.0,2025-06-18
U034,M048,2.8,2026-04-29
U012,M110,2.2,2025-12-02
U097,M077,2.8,2026-03-03
U026,M090,2.8,2025-10-24
U062,M122,3.4,2025-08-25
U089,M042,2.1,2025-06-04
U056,M091,2.8,2025-06-06
U074,M100,3.0,2026-05-21
U072,M153,3.1,2026-02-14
U010,M186,4.4,2025-06-19
U075,M158,3.0,2026-03-13
U042,M171,2.3,2025-12-15
U002,M039,3.0,2025-10-04
U019,M128,2.3,2025-12-15
U015,M173,3.2,2025-10-30
U034,M134,2.7,2026-05-25
U058,M033,3.4,2025-07-06
U096,M049,2.9,2025-10-23
U077,M097,2.7,2026-02-05
U045,M054,4.0,2026-02-18
U087,M148,3.8,2026-05-19
U048,M094,3.5,2026-05-18
U039,M079,3.3,2025-09-11
U016,M180,3.4,2025-09-13
U084,M117,3.0,2025-10-27
U070,M110,3.4,2025-09-01
U098,M086,3.0,2026-03-29
U023,M118,2.7,2025-10-19
U048,M046,3.2,2025-08-16
U077,M042,3.8,2025-08-22
U085,M177,2.6,2025-06-12
U056,M163,3.7,2026-01-01
U090,M159,2.8,2026-04-06
U012,M027,2.0,2026-04-11
U084,M005,2.8,2025-07-15
U053,M027,3.9,2025-09-14
U096,M193,3.0,2025-07-11
U070,M026,3.2,2025-07-06
U057,M129,3.0,2025-08-02
U054,M055,4.0,2026-02-01
U100,M117,4.3,2025-08-17
U049,M030,3.0,2026-02-15
U061,M032,3.2,2025-11-28
U091,M190,3.5,2025-11-05
U001,M096,2.6,2026-02-01
U065,M073,2.8,2026-01-09
U085,M068,2.3,2025-12-20
U054,M173,2.7,2026-01-23
U001,M107,2.5,2026-05-10
U002,M007,2.5,2026-03-09
U041,M086,2.4,2026-02-28
U074,M111,3.5,2026-01-23
U072,M101,2.5,2026-02-17
U079,M165,3.0,2025-11-06
U007,M148,3.7,2025-10-19
U017,M163,2.5,2025-11-08
U094,M045,2.6,2025-11-01
U041,M133,2.6,2026-03-06
U091,M033,3.6,2025-09-10
U016,M162,3.1,2025-08-04
U051,M196,3.2,2025-07-09
U034,M142,2.5,2026-03-06
U042,M053,3.1,2026-04-09
U012,M007,2.9,2025-10-15
U002,M161,2.4,2025-07-27
U020,M008,2.6,2025-07-14
U091,M140,2.6,2026-04-16
U074,M098,3.1,2026-05-14
U096,M188,3.4,2026-03-21
U059,M163,2.9,2025-07-07
U100,M092,3.7,2026-02-20
U031,M168,1.9,2026-02-02
U039,M050,2.8,2025-08-25
U032,M186,3.2,2025-11-14
U099,M067,2.8,2025-06-23
U007,M071,2.8,2026-04-14
U082,M149,3.4,2026-04-04
U015,M118,2.9,2025-07-25
U016,M028,2.3,2026-03-15
U037,M068,1.8,2026-02-23
U012,M020,2.7,2025-09-15
U047,M054,3.1,2025-11-07
U053,M019,2.9,2025-09-19
U081,M020,2.8,2026-02-08
U088,M108,3.3,2025-11-15
U041,M163,2.9,2025-10-08
U021,M047,3.6,2025-12-25
U073,M162,2.8,2025-07-20
U077,M140,3.2,2026-05-24
U021,M134,5.0,2026-01-16
U016,M050,2.2,2025-07-20
U004,M138,3.5,2026-05-15
U067,M132,3.3,2026-03-09
U028,M094,3.2,2026-03-29
U028,M008,2.8,2025-12-10
U018,M057,3.4,2026-04-14
U094,M178,2.8,2026-03-23
U035,M071,3.1,2025-09-22
U091,M142,3.6,2025-06-27
U056,M132,2.4,2025-11-03
U025,M065,2.9,2026-02-27
U026,M176,4.0,2026-01-03
U051,M027,2.6,2025-08-01
U022,M053,2.5,2025-09-19
U056,M115,3.5,2025-10-22
U077,M192,3.4,2026-01-07
U041,M160,3.7,2026-04-01
U078,M099,3.3,2025-10-19
U026,M146,3.8,2025-11-27
U048,M162,3.1,2026-04-24
U058,M043,3.3,2026-05-09
U066,M065,2.8,2025-07-30
U053,M076,3.4,2025-07-21
U083,M136,3.0,2025-11-27
U051,M008,2.9,2026-03-29
U024,M083,3.4,2025-10-19
U024,M092,3.4,2026-01-21
U048,M096,3.0,2026-03-13
U100,M081,4.0,2026-03-25
U002,M082,3.1,2025-06-08
U002,M184,3.2,2025-12-09
U028,M120,3.1,2025-08-09
U042,M060,2.4,2025-08-12
U009,M099,3.9,2026-01-01
U078,M055,3.5,2025-08-30
U028,M027,3.5,2025-08-12
U036,M184,2.6,2025-07-19
U086,M020,2.8,2025-08-06
U083,M108,2.2,2025-06-11
U097,M112,3.1,2025-12-15
U041,M051,3.0,2026-02-15
U007,M127,2.7,2025-09-13
U006,M071,3.4,2025-10-23
U016,M032,3.1,2025-10-07
U076,M099,2.9,2026-01-25
U074,M006,2.8,2026-01-01
U003,M165,1.4,2025-08-05
U001,M119,2.6,2026-01-01
U017,M104,2.1,2026-05-08
U069,M136,3.9,2026-05-06
U044,M166,3.2,2026-05-18
U009,M121,3.8,2026-04-08
U054,M186,3.9,2025-12-23
U036,M082,2.4,2025-11-30
U079,M013,3.0,2025-11-06
U039,M179,3.8,2025-10-06
U064,M165,2.4,2026-03-25
U048,M159,3.2,2026-04-04
U004,M058,2.8,2026-05-02
U042,M177,2.5,2025-10-15
U029,M044,3.8,2026-04-11
U025,M186,2.6,2025-11-19
U007,M067,2.8,2026-05-04
U015,M013,2.2,2025-12-22
U010,M068,2.9,2025-12-09
U089,M157,2.0,2025-11-13
U035,M179,2.8,2026-02-28
U018,M150,2.7,2025-10-03
U016,M033,4.2,2025-12-14
U019,M193,3.3,2025-07-31
U053,M164,3.3,2025-10-10
U086,M032,3.9,2025-09-01
U068,M062,2.8,2025-08-04
U062,M170,3.1,2025-09-18
U036,M083,3.0,2025-09-21
U029,M024,3.6,2026-01-11
U099,M076,3.8,2025-05-27
U011,M091,3.1,2025-08-14
U032,M169,3.4,2025-06-29
U095,M053,2.6,2025-06-05
U010,M020,2.6,2025-09-15
U008,M055,3.1,2026-05-20
U086,M056,3.5,2025-09-29
U014,M088,4.5,2026-02-09
U076,M195,3.7,2025-08-29
U066,M081,3.2,2025-12-18
U091,M117,3.6,2025-06-25
U020,M130,3.1,2026-04-02
U017,M057,2.9,2025-11-21
U050,M116,3.4,2025-07-13
U066,M052,3.6,2025-11-03
U025,M018,2.5,2026-01-04
U014,M038,1.8,2025-10-02
U014,M191,2.4,2026-03-31
U031,M005,2.7,2025-10-03
U024,M069,4.0,2026-05-12
U061,M170,3.5,2025-08-28
U058,M091,2.4,2026-01-11
U046,M111,2.4,2026-02-07
U020,M102,3.6,2025-09-11
U056,M131,2.8,2025-12-07
U007,M113,2.9,2026-01-07
U048,M026,3.2,2026-05-01
U025,M076,2.1,2026-02-19
U052,M046,2.9,2025-07-26
U036,M136,3.6,2025-07-19
U064,M133,2.2,2025-10-17
U014,M175,2.0,2026-05-01
U029,M030,3.3,2026-04-29
U005,M148,4.0,2026-01-10
U031,M017,2.7,2025-08-27
U013,M071,2.9,2026-01-31
U080,M180,3.8,2025-10-31
U051,M101,1.9,2026-04-05
U029,M188,2.6,2025-06-06
U035,M127,2.9,2026-02-10
U082,M074,3.3,2025-05-30
U077,M074,2.8,2026-05-25
U013,M048,2.1,2025-09-11
U090,M160,2.5,2025-09-24
U095,M079,3.7,2025-06-08
U031,M044,2.5,2025-12-16
U088,M018,2.7,2026-03-02
U024,M086,3.1,2025-10-05
U019,M004,3.0,2025-06-19
U003,M046,2.4,2026-01-11
U010,M044,2.9,2025-06-13
U098,M003,3.1,2025-07-26
U001,M126,2.8,2026-01-20
U061,M029,3.3,2026-05-03
U003,M146,3.6,2025-06-12
U038,M059,1.9,2025-08-31
U065,M043,3.2,2026-03-12
U100,M025,3.1,2026-04-05
U039,M189,3.2,2025-12-06
U058,M126,3.3,2025-11-28
U070,M066,2.5,2025-06-21
U063,M065,2.7,2025-11-21
U059,M004,3.0,2025-11-27
U039,M182,2.7,2025-12-07
U067,M199,4.1,2025-06-21
U077,M124,2.4,2026-03-30
U035,M176,2.4,2025-09-03
U094,M164,3.0,2026-05-16
U085,M037,2.3,2025-11-25
U064,M008,2.9,2026-01-21
U074,M190,2.9,2025-06-04
U056,M093,3.0,2026-02-10
U049,M164,2.0,2026-04-01
U070,M116,4.1,2025-08-30
U045,M085,3.1,2025-11-07
U076,M107,3.3,2026-01-05
U040,M049,2.5,2026-05-05
U075,M134,4.1,2025-06-01
U044,M157,3.0,2026-03-25
U056,M117,3.5,2025-08-09
U045,M074,2.4,2026-03-31
U002,M128,3.9,2025-06-10
U019,M120,3.2,2025-06-12
U020,M134,3.2,2025-12-29
U080,M143,2.7,2025-06-20
U021,M078,3.4,2025-09-19
U037,M017,3.5,2025-12-27
U028,M073,2.2,2025-07-27
U016,M014,2.5,2025-09-18
U046,M170,3.0,2026-05-26
U007,M065,3.0,2026-03-17
U045,M073,3.7,2025-09-11
U086,M197,2.4,2025-08-12
U020,M023,3.1,2026-01-08
U019,M188,2.4,2026-02-15
U056,M150,3.2,2026-04-15
U038,M057,3.2,2026-05-10
U061,M091,3.4,2026-01-19
U087,M164,2.8,2025-11-10
U055,M103,3.3,2026-04-06
U040,M045,3.8,2025-08-11
U056,M174,3.2,2025-12-12
U075,M036,3.4,2025-06-11
U099,M052,3.0,2026-01-18
U018,M107,3.5,2025-08-16
U026,M078,3.6,2025-12-21
U011,M077,3.3,2025-08-09
U024,M097,3.2,2025-10-15
U013,M036,2.3,2025-08-30
U057,M178,3.1,2025-12-17
U065,M176,3.2,2025-05-27
U046,M120,2.3,2025-11-26
U055,M120,2.4,2025-10-23
U053,M119,2.9,2026-05-12
U072,M007,2.9,2025-10-23
U079,M078,3.5,2026-01-22
U075,M132,3.4,2025-11-16
U017,M159,2.6,2025-08-21
U073,M076,2.5,2026-04-29
U097,M101,3.4,2026-03-23
U052,M172,4.4,2026-05-23
U060,M196,3.1,2025-09-03
U059,M014,2.7,2026-04-13
U008,M070,3.4,2025-06-28
U014,M086,2.8,2025-07-26
U013,M075,2.9,2025-08-10
U062,M177,3.4,2025-12-08
U008,M032,2.3,2025-07-31
U087,M131,4.0,2026-04-29
U090,M053,2.9,2025-09-04
U019,M144,3.2,2025-09-15
U018,M058,2.8,2025-06-15
U082,M040,3.3,2025-12-23
U081,M080,2.1,2026-05-23
U063,M160,3.7,2025-06-08
U026,M030,3.1,2026-04-22
U001,M040,3.1,2025-07-21
U016,M134,3.4,2026-04-07
U032,M053,2.8,2026-04-03
U061,M007,3.2,2025-09-10
U057,M101,2.8,2026-04-28
U016,M077,3.4,2025-10-31
U062,M048,1.8,2026-01-26
U070,M067,3.2,2025-07-17
U088,M113,2.7,2025-06-24
U079,M032,3.2,2025-10-17
U019,M163,3.4,2026-05-15
U024,M037,3.1,2025-06-24
U095,M180,3.3,2025-08-20
U026,M122,2.4,2025-09-23
U038,M075,3.1,2025-06-19
U013,M151,2.6,2025-09-16
U048,M171,1.5,2026-01-06
U051,M099,2.5,2025-06-03
U014,M119,2.5,2025-10-25
U055,M038,1.7,2026-05-12
U037,M118,2.4,2026-03-26
U073,M100,3.2,2026-05-21
U075,M078,4.0,2026-05-09
U083,M167,3.0,2025-06-24
U080,M114,2.5,2026-05-05
U046,M036,2.9,2025-09-29
U093,M118,2.8,2026-01-05
U002,M041,3.3,2025-11-24
U065,M129,2.3,2026-02-08
U045,M181,1.8,2025-08-31
U050,M132,2.9,2026-04-24
U023,M168,3.2,2026-03-10
U044,M118,3.0,2026-03-16
U039,M101,3.4,2026-04-22
U083,M124,2.1,2025-11-15
U061,M156,4.0,2025-06-23
U024,M148,2.4,2025-05-29
U065,M199,2.6,2025-06-23
U068,M067,2.2,2026-03-21
U090,M083,2.7,2025-07-29
U080,M104,3.1,2026-04-22
U030,M025,3.2,2025-06-20
U014,M128,2.7,2025-06-13
U061,M083,3.0,2026-01-28
U099,M188,2.9,2026-01-25
U097,M108,2.4,2026-04-24
U008,M157,3.6,2026-01-18
U015,M010,3.4,2026-04-19
U057,M196,4.2,2025-11-16
U078,M162,3.5,2026-05-11
U023,M083,3.5,2026-04-01
U090,M116,4.6,2025-11-14
U018,M164,3.0,2025-08-06
U072,M052,2.6,2026-02-15
U033,M126,2.5,2025-10-14
U087,M074,4.0,2026-01-31
U026,M190,2.2,2026-03-05
U056,M136,2.7,2026-02-17
U081,M172,3.2,2026-04-07
U027,M009,3.5,2026-03-16
U001,M093,3.3,2025-10-30
U073,M140,4.4,2026-04-20
U044,M048,2.5,2025-06-11
U094,M187,2.6,2025-07-02
U068,M128,2.8,2026-02-18
U027,M147,3.5,2025-09-26
U080,M144,3.2,2026-03-17
U009,M113,3.5,2025-10-20
U081,M097,2.5,2026-04-20
U073,M021,3.8,2026-03-22
U016,M128,3.4,2026-01-28
U007,M154,3.9,2025-08-23
U043,M006,2.0,2026-02-01
U038,M065,2.7,2025-11-08
U021,M074,4.0,2026-04-18
U040,M103,4.0,2025-07-14
U008,M140,3.6,2025-06-03
U015,M150,3.3,2025-09-27
U034,M168,2.3,2026-05-11
U005,M087,2.5,2025-10-23
U034,M052,4.0,2025-12-06
U098,M016,3.6,2026-03-16
U027,M141,2.9,2025-12-09
U097,M170,2.6,2026-04-25
U010,M107,2.5,2025-07-24
U071,M123,3.8,2026-03-21
U035,M186,2.0,2026-05-05
U014,M010,3.3,2025-09-14
U065,M058,3.4,2025-06-28
U045,M111,3.0,2025-09-24
U039,M059,4.3,2026-05-16
U008,M007,2.3,2026-02-15
U069,M156,3.8,2025-11-13
U088,M176,2.8,2026-05-17
U050,M197,3.0,2025-11-14
U090,M033,3.0,2025-10-18
U090,M110,3.2,2025-08-18
U018,M030,2.2,2025-10-14
U016,M158,4.0,2025-11-19
U046,M050,3.0,2025-12-02
U056,M015,3.6,2026-01-25
U030,M024,4.0,2025-07-29
U002,M059,3.2,2025-10-27
U073,M012,3.1,2026-05-19
U093,M064,3.0,2026-04-27
U010,M015,3.9,2026-03-23
U057,M047,3.9,2026-01-02
U006,M081,3.2,2025-11-28
U078,M168,2.7,2026-01-21
U038,M034,3.2,2025-07-20
U016,M169,4.0,2026-04-17
U010,M065,4.2,2025-08-21
U027,M127,2.7,2025-05-30
U095,M092,2.9,2026-02-03
U057,M183,3.6,2025-12-23
U047,M200,3.5,2025-08-17
U038,M168,2.9,2026-01-21
U068,M069,2.6,2025-12-14
U090,M139,3.6,2025-09-11
U014,M014,3.5,2025-11-30
U053,M181,2.5,2025-07-12
U063,M072,3.5,2026-04-16
U027,M036,3.9,2025-09-02
U030,M079,3.5,2025-08-16
U027,M032,3.2,2025-11-17
U093,M037,3.4,2026-05-08
U031,M179,2.7,2025-10-13
U084,M196,3.3,2025-10-06
U015,M006,1.8,2025-09-13
U079,M099,2.6,2025-09-15
U003,M098,3.0,2025-11-11
U057,M012,3.1,2026-02-01
U027,M098,2.9,2026-02-21
U085,M111,3.5,2025-08-27
U007,M170,1.7,2025-12-21
U005,M139,4.0,2025-11-29
U004,M156,3.0,2025-12-05
U028,M194,2.4,2026-05-12
U044,M186,3.8,2025-07-12
U056,M110,2.5,2026-04-27
U014,M142,2.6,2025-11-09
U069,M119,3.3,2025-10-21
U074,M185,2.5,2025-08-09
U099,M133,3.5,2026-01-13
U021,M098,2.7,2025-09-29
U096,M061,3.6,2026-03-20
U002,M072,4.2,2025-06-11
U036,M022,3.0,2026-01-19
U099,M139,3.2,2025-12-26
U044,M147,3.9,2025-11-05
U005,M158,3.1,2026-01-06
U047,M069,2.3,2025-06-23
U033,M168,3.2,2025-07-19
U034,M046,2.9,2025-10-11
U060,M005,3.5,2025-10-13
U002,M120,3.4,2026-05-08
U046,M123,2.5,2025-07-04
U072,M056,3.6,2025-10-29
U008,M149,4.8,2026-04-16
U036,M157,3.0,2025-08-17
U041,M017,2.4,2025-10-13
U024,M067,2.5,2026-01-05
U030,M162,4.1,2026-02-26
U019,M159,3.0,2025-06-25
U007,M060,3.1,2026-03-29
U088,M130,2.6,2025-10-13
U075,M082,3.2,2026-05-05
U071,M184,3.3,2026-01-30
U008,M183,2.5,2026-01-14
U046,M139,3.1,2026-05-04
U014,M020,2.1,2025-09-09
U057,M029,2.4,2025-09-07
U010,M061,2.8,2026-02-11
U042,M147,2.9,2025-11-17
U088,M107,3.9,2026-04-20
U083,M110,3.2,2026-01-02
U019,M007,3.2,2025-12-10
U078,M093,2.2,2025-12-06
U053,M167,3.6,2025-11-16
U061,M076,3.0,2025-07-12
U004,M042,3.8,2025-11-19
U006,M075,3.0,2026-03-11
U076,M007,4.2,2026-04-02
U066,M184,2.9,2025-09-08
U075,M183,2.7,2025-12-01
U005,M169,3.5,2026-03-11
U049,M196,3.1,2025-06-28
U011,M020,2.6,2026-02-01
U073,M129,3.2,2025-08-05
U081,M141,2.9,2025-10-24
U069,M188,2.2,2026-03-25
U068,M014,3.7,2025-07-20
U061,M169,3.0,2025-08-31
U067,M113,2.6,2025-12-15
U035,M050,2.3,2025-08-05
U038,M063,2.5,2025-12-09
U030,M117,2.9,2025-12-16
U096,M030,4.5,2025-06-06
U031,M114,2.7,2025-10-29
U047,M021,2.9,2025-11-27
U072,M130,4.0,2026-04-17
U047,M168,3.5,2025-09-21
U078,M059,3.0,2025-10-09
U100,M105,4.1,2025-06-15
U075,M171,2.2,2026-03-17
U078,M067,2.7,2025-12-31
U044,M081,3.4,2026-03-27
U011,M105,2.4,2025-10-23
U065,M038,3.5,2025-08-05
U064,M162,2.9,2026-02-14
U022,M031,3.2,2025-10-24
U034,M196,3.5,2025-08-16
U092,M121,4.0,2026-04-05
U017,M009,3.2,2025-10-18
U004,M177,2.3,2026-03-02
U010,M034,2.5,2025-09-05
U068,M100,3.2,2025-10-22
U046,M033,3.4,2025-11-02
U090,M143,2.9,2026-01-23
U092,M076,2.7,2026-03-27
U044,M087,2.4,2025-07-28
U078,M158,3.4,2026-04-01
U093,M012,3.5,2026-04-19
U095,M091,4.1,2025-10-09
U053,M162,2.4,2025-10-08
U095,M112,3.2,2025-12-29
U018,M188,4.1,2026-02-22
U093,M197,3.2,2025-07-29
U001,M152,3.2,2025-07-27
U059,M098,3.0,2025-12-13
U057,M046,3.1,2025-09-08
U093,M151,2.4,2026-01-03
U099,M025,3.4,2026-01-28
U007,M145,3.2,2025-09-03
U068,M149,4.4,2025-09-08
U055,M074,2.7,2025-12-12
U050,M082,3.1,2026-02-24
U019,M011,4.2,2026-02-08
U056,M133,2.5,2026-01-04
U074,M158,2.6,2025-12-17
U013,M089,2.7,2026-01-01
U036,M125,3.2,2025-10-14
U034,M156,2.1,2026-04-02
U030,M171,2.4,2026-01-04
U019,M025,2.8,2026-02-10
U004,M154,3.1,2026-05-06
U070,M138,2.2,2026-02-16
U048,M053,3.0,2026-01-02
U074,M110,4.0,2025-10-11
U067,M033,3.5,2025-10-06
U016,M114,3.7,2025-10-17
U064,M068,3.4,2026-04-12
U015,M091,2.9,2026-04-16
U042,M041,3.5,2025-09-09
U043,M071,2.9,2025-10-06
U081,M189,2.3,2025-09-06
U087,M199,2.5,2026-04-19
U091,M177,3.3,2025-12-16
U005,M111,3.3,2026-04-05
U091,M134,3.0,2025-12-15
U025,M143,3.0,2025-06-22
U081,M010,3.8,2025-07-06
U081,M003,3.3,2026-01-21
U018,M151,2.4,2025-11-15
U029,M173,2.6,2026-02-15
U034,M121,2.7,2026-03-10
U063,M048,2.9,2025-09-14
U037,M034,2.8,2026-02-14
U001,M112,3.1,2026-04-22
U063,M143,2.9,2025-07-18
U027,M182,1.7,2026-02-24
U005,M108,4.3,2025-06-08
U034,M158,3.9,2025-11-13
U081,M150,2.6,2026-01-26
U082,M090,3.2,2025-09-21
U068,M169,2.9,2026-02-23
U039,M060,3.7,2025-12-28
U086,M125,4.0,2025-09-18
U081,M101,3.0,2025-07-24
U046,M140,3.6,2025-09-22
U038,M025,2.9,2026-02-03
U015,M194,2.4,2025-12-30
U054,M115,3.0,2025-12-11
U032,M170,2.9,2025-10-21
U015,M046,2.7,2025-10-01
U041,M170,2.9,2026-03-29
U045,M179,3.1,2025-11-04
U063,M154,3.1,2025-10-28
U088,M061,2.4,2026-05-12
U038,M069,2.6,2025-09-09
U028,M105,2.5,2026-04-25
U072,M198,3.7,2025-12-12
U053,M101,3.8,2025-10-12
U007,M069,2.9,2025-09-20
U094,M057,1.8,2025-12-04
U082,M012,3.3,2025-12-20
U058,M105,3.1,2026-02-02
U074,M043,2.5,2025-08-25
U027,M200,2.8,2025-07-10
U015,M158,4.1,2025-07-18
U043,M034,3.3,2025-07-21
U070,M006,2.7,2026-05-16
U049,M024,2.6,2025-05-31
U009,M168,3.0,2026-05-01
U067,M054,3.4,2025-11-22
U069,M102,3.3,2026-01-29
U043,M106,3.7,2026-02-05
U071,M188,3.1,2026-01-19
U002,M010,3.1,2026-05-16
U097,M135,3.1,2026-04-04
U065,M102,3.3,2025-09-20
U006,M041,3.0,2026-01-02
U039,M007,3.5,2026-01-29
U032,M009,2.7,2026-01-07
U096,M032,2.5,2025-11-14
U084,M103,3.5,2026-03-20
U095,M070,2.8,2026-04-13
U010,M019,3.2,2025-09-10
U093,M181,3.2,2025-10-26
U003,M004,3.5,2025-08-22
U078,M039,2.8,2026-04-08
U095,M151,4.1,2025-11-07
U025,M156,2.2,2025-12-18
U042,M109,2.9,2025-09-06
U096,M006,3.6,2025-12-23
U036,M118,2.6,2026-02-12
U013,M068,3.1,2025-06-25
U074,M121,3.8,2025-11-15
U029,M105,3.7,2025-08-12
U036,M124,1.6,2026-01-01
U090,M137,2.5,2025-09-09
U032,M098,3.5,2026-05-18
U064,M187,2.7,2025-11-06
U048,M196,2.4,2025-08-20
U092,M028,3.2,2025-10-07
U051,M198,1.9,2026-01-28
U073,M028,3.8,2025-07-01
U081,M022,2.8,2026-04-08
U072,M044,2.6,2026-02-09
U063,M152,4.0,2026-01-19
U011,M037,4.1,2025-11-01
U079,M122,3.2,2025-09-01
U008,M197,3.3,2025-09-16
U033,M106,3.5,2025-12-18
U095,M087,3.4,2026-03-10
U005,M083,3.9,2025-06-08
U073,M154,3.8,2025-10-30
U001,M069,2.2,2025-06-07
U027,M194,3.8,2025-08-12
U063,M140,3.1,2025-09-13
U041,M167,3.5,2026-01-26
U042,M119,3.5,2025-05-29
U062,M132,2.6,2025-08-15
U095,M188,2.9,2026-04-15
U014,M109,3.1,2025-06-02
U010,M097,2.1,2026-03-22
U067,M192,4.3,2026-03-25
U022,M051,2.0,2025-10-14
U068,M125,3.1,2026-03-16
U052,M003,2.5,2025-12-26
U016,M112,3.8,2025-12-27
U067,M083,2.0,2025-07-16
U048,M145,3.6,2025-06-28
U022,M037,3.4,2025-12-29
U067,M176,3.1,2026-02-11
U079,M183,3.2,2025-11-17
U067,M155,3.4,2026-01-18
U061,M119,3.1,2026-02-08
U043,M192,3.6,2026-03-18
U022,M135,2.8,2025-09-26
U023,M039,3.4,2025-09-28
U009,M002,3.1,2025-12-18
U090,M049,2.2,2026-02-13
U089,M025,3.4,2025-08-24
U059,M085,2.5,2026-04-08
U008,M160,2.7,2025-09-29
U077,M041,2.6,2026-04-22
U045,M163,2.6,2025-08-13
U029,M089,4.1,2025-07-09
U002,M050,3.2,2026-01-06
U037,M110,4.1,2025-07-31
U080,M197,3.5,2025-11-01
U033,M144,2.4,2025-08-22
U083,M169,3.0,2026-02-12
U010,M152,2.4,2026-03-09
U014,M188,4.0,2026-02-05
U036,M046,2.9,2026-01-12
U073,M027,3.5,2026-03-23
U067,M151,3.4,2025-06-30
U074,M198,2.5,2025-07-27
U078,M071,3.4,2025-07-15
U086,M122,3.6,2026-02-08
U022,M001,2.7,2026-01-28
U061,M001,3.1,2025-12-12
U010,M014,2.8,2026-03-17
U066,M113,2.5,2025-10-21
U086,M121,4.2,2025-12-10
U039,M129,3.2,2026-03-27
U031,M144,3.2,2025-11-06
U049,M199,2.4,2025-11-10
U091,M122,2.8,2025-11-26
U040,M134,3.4,2025-12-15
U068,M021,2.4,2025-07-21
U028,M043,2.9,2025-07-06
U036,M183,2.9,2026-03-14
U056,M144,3.1,2025-10-12
U063,M178,3.4,2026-01-18
U088,M031,3.6,2025-08-14
U056,M167,3.2,2025-11-29
U023,M007,3.3,2025-11-20
U060,M198,2.4,2025-06-17
U045,M187,2.9,2025-10-21
U025,M098,3.5,2025-11-16
U023,M192,2.5,2026-05-21
U026,M114,3.6,2025-11-23
U068,M050,2.2,2026-05-24
U076,M080,3.3,2025-12-09
U013,M095,3.9,2026-01-17
U065,M004,2.4,2025-07-20
U035,M009,1.9,2025-06-29
U036,M165,3.5,2025-09-23
U091,M065,2.8,2026-01-06
U081,M015,3.5,2025-08-07
U004,M184,2.5,2025-09-27
U063,M045,3.4,2025-09-26
U096,M166,3.7,2025-08-20
U004,M157,2.7,2026-03-09
U091,M189,3.7,2026-02-25
U017,M022,3.1,2025-10-24
U016,M015,3.8,2025-10-11
U082,M182,3.2,2026-04-25
U041,M025,2.6,2025-08-21
U036,M050,2.5,2025-06-25
U079,M189,2.9,2026-05-18
U043,M173,2.9,2025-12-15
U091,M044,2.6,2025-07-30
U093,M094,3.7,2025-09-04
U002,M171,2.8,2025-11-01
U054,M171,3.7,2025-06-18
U008,M017,2.7,2026-02-17
U098,M129,3.0,2026-03-12
U094,M069,3.5,2026-04-14
U023,M114,3.5,2026-05-04
U089,M130,2.9,2025-10-29
U023,M163,3.1,2026-05-25
U040,M071,3.0,2025-08-12
U045,M031,2.0,2025-12-03
U060,M146,3.3,2025-06-04
U012,M145,3.6,2025-10-01
U024,M187,2.7,2026-04-12
U024,M082,3.3,2025-07-28
U081,M006,3.2,2026-03-01
U002,M056,3.9,2025-07-04
U048,M118,2.9,2026-04-15
U088,M165,3.3,2026-02-18
U096,M194,2.9,2026-03-20
U040,M014,3.2,2025-11-13
U091,M074,3.9,2026-02-24
U036,M036,3.1,2025-08-10
U041,M106,2.2,2026-01-31
U025,M070,3.5,2026-02-13
U023,M076,3.1,2026-01-14
U090,M113,3.0,2026-01-11
U012,M126,3.1,2025-11-26
U075,M094,3.0,2025-11-29
U022,M010,2.5,2025-07-31
U050,M040,2.7,2025-08-24
U073,M054,3.3,2025-06-01
U056,M089,3.7,2025-06-30
U088,M074,3.3,2026-02-09
U044,M180,2.9,2025-09-11
U071,M191,4.5,2026-01-09
U012,M132,3.2,2026-02-08
U034,M056,4.3,2025-09-29
U034,M009,2.7,2026-03-28
U024,M122,3.5,2026-03-16
U060,M151,3.8,2025-12-12
U085,M151,3.4,2026-05-09
U042,M180,2.3,2026-04-03
U081,M092,2.9,2026-05-22
U021,M108,3.5,2025-09-25
U043,M087,3.6,2025-06-29
U070,M048,3.5,2026-05-15
U057,M158,2.5,2025-10-05
U076,M148,2.7,2025-06-05
U056,M188,3.0,2025-11-03
U061,M063,3.7,2026-01-17
U093,M096,2.5,2025-07-23
U044,M124,3.5,2025-06-13
U052,M077,3.1,2026-05-06
U030,M196,2.7,2025-09-09
U014,M108,2.5,2025-10-20
U100,M069,2.3,2025-08-04
U052,M152,3.2,2026-05-12
U021,M132,2.2,2026-03-02
U039,M153,3.7,2025-06-03
U068,M051,3.1,2025-08-09
U097,M036,4.5,2026-03-21
U085,M086,4.6,2026-04-29
U045,M118,2.8,2025-11-05
U022,M118,3.6,2026-05-26
U023,M078,2.4,2025-12-20
U011,M048,2.0,2026-01-26
U093,M063,3.2,2026-03-09
U088,M143,3.3,2025-11-16
U001,M123,3.7,2026-03-06
U045,M026,2.6,2025-09-27
U071,M176,1.6,2025-11-06
U090,M055,3.6,2025-09-27
U086,M097,3.0,2025-10-01
U091,M063,2.0,2026-04-07
U050,M033,3.3,2025-12-15
U099,M084,3.1,2026-01-02
U087,M187,3.1,2025-10-21
U077,M101,2.7,2025-08-26
U010,M089,3.0,2025-09-18
U086,M190,2.6,2025-07-30
U004,M057,2.4,2025-07-19
U023,M197,3.9,2026-01-26
U048,M093,3.0,2025-12-03
U065,M001,3.2,2025-07-18
U018,M128,2.1,2026-02-19
U006,M055,3.0,2025-12-23
U056,M024,3.5,2025-12-04
U050,M168,2.4,2026-02-23
U055,M039,2.6,2026-01-01
U040,M100,2.9,2025-06-15
U062,M009,3.6,2026-01-13
U051,M175,2.8,2025-09-04
U014,M120,2.2,2026-04-14
U045,M176,3.0,2026-04-05
U021,M082,3.4,2026-03-22
U074,M130,3.2,2025-11-11
U088,M117,3.6,2026-05-21
U052,M109,3.0,2026-04-29
U039,M109,3.6,2026-01-14
U095,M163,3.3,2026-03-28
U078,M116,3.2,2025-09-11
U048,M200,3.2,2025-09-26
U092,M086,4.1,2025-08-26
U047,M029,3.2,2026-02-24
U055,M137,2.6,2025-11-11
U087,M021,3.8,2026-03-11
U001,M087,2.7,2025-05-29
U076,M067,2.5,2026-02-14
U066,M158,2.5,2025-10-06
U056,M013,2.2,2025-10-01
U037,M011,3.1,2026-03-25
U063,M118,2.0,2025-11-20
U048,M065,2.2,2025-10-21
U044,M173,3.7,2025-12-26
U099,M007,3.3,2025-08-22
U035,M046,2.6,2025-12-27
U046,M107,2.4,2026-05-18
U082,M010,3.5,2025-07-25
U015,M092,2.9,2026-05-08
U069,M190,3.1,2025-11-05
U032,M045,2.5,2026-04-13
U069,M025,3.3,2026-03-23
U094,M038,4.0,2025-07-06
U064,M111,3.3,2026-01-06
U080,M063,3.5,2025-08-31
U073,M118,3.0,2026-05-06
U010,M084,3.2,2025-11-17
U093,M164,2.8,2026-04-05
U049,M132,3.6,2026-04-16
U044,M164,2.5,2025-12-23
U024,M192,2.5,2026-01-15
U093,M168,2.1,2026-04-16
U074,M067,3.7,2025-12-22
U079,M132,2.8,2025-08-23
U032,M178,3.5,2026-05-01
U048,M147,3.1,2025-09-26
U028,M195,2.4,2025-10-15
U100,M048,3.7,2026-01-05
U065,M172,2.2,2026-05-03
U078,M103,3.2,2026-02-23
U087,M073,3.1,2026-01-07
U001,M105,3.3,2026-02-09
U003,M107,2.6,2025-06-24
U017,M071,2.6,2026-01-10
U029,M005,2.7,2025-05-28
U042,M057,2.2,2026-04-24
U079,M074,3.0,2025-05-27
U078,M118,3.1,2025-07-29
U043,M139,3.1,2025-11-08
U061,M143,2.7,2026-05-20
U044,M088,3.7,2025-12-14
U045,M114,2.2,2026-03-10
U060,M191,3.3,2025-09-13
U027,M137,3.9,2025-06-03
U033,M104,3.1,2026-05-10
U085,M147,2.4,2026-04-16
U081,M125,3.5,2025-08-12
U045,M022,2.0,2026-02-09
U039,M075,2.5,2025-12-16
U058,M173,3.5,2025-09-29
U004,M040,3.1,2025-07-11
U075,M043,2.4,2025-07-11
U046,M145,2.7,2025-10-18
U054,M196,2.5,2026-05-15
U097,M073,2.7,2025-08-15
U096,M126,3.9,2026-01-26
U049,M138,2.6,2026-03-20
U049,M156,4.3,2026-03-24
U013,M102,3.4,2026-02-04
U038,M046,2.6,2026-03-06
U097,M056,2.7,2025-10-24
U077,M072,3.4,2025-12-14
U099,M093,3.8,2025-07-08
U014,M171,2.7,2025-06-09
U082,M196,3.1,2025-07-05
U041,M129,2.9,2025-08-25
U069,M101,2.2,2026-01-31
U052,M127,3.5,2025-10-01
U037,M116,3.3,2026-03-07
U023,M103,3.3,2025-12-30
U001,M137,2.4,2025-12-06
U098,M119,2.7,2025-06-25
U023,M175,3.2,2026-04-06
U050,M149,3.4,2025-06-26
U054,M108,2.8,2025-10-28
U025,M163,2.5,2026-05-12
U080,M058,2.9,2026-03-17
U079,M159,3.7,2025-09-11
U011,M154,3.1,2025-08-07
U042,M157,2.4,2026-01-19
U022,M146,2.8,2025-07-10
U061,M176,2.6,2026-04-10
U048,M006,2.2,2025-07-23
U084,M100,3.2,2025-08-17
U059,M095,3.3,2026-01-24
U023,M121,3.4,2025-05-27
U026,M083,2.6,2026-03-20
U038,M017,2.8,2026-05-11
U059,M063,3.0,2025-06-10
U078,M114,2.2,2026-01-23
U023,M119,2.7,2025-09-12
U083,M029,2.7,2025-07-21
U043,M041,3.7,2026-01-21
U060,M185,2.1,2026-04-21
U001,M192,3.0,2026-05-10
U088,M174,3.6,2025-10-30
U067,M121,3.6,2025-11-10
U092,M199,2.7,2025-07-20
U083,M137,2.0,2026-05-14
U057,M124,2.9,2026-04-26
U038,M102,3.2,2026-05-06
U047,M103,3.9,2025-09-07
U081,M167,3.5,2025-10-13
U055,M032,3.0,2026-04-03
U019,M068,3.2,2025-08-03
U097,M029,2.6,2026-03-01
U047,M106,3.0,2025-06-24
U044,M037,4.0,2026-01-22
U013,M085,4.3,2025-07-02
U089,M019,2.8,2025-10-04
U097,M067,2.3,2025-12-02
U038,M177,3.5,2025-10-11
U043,M116,2.8,2025-06-02
U034,M146,1.8,2026-01-06
U077,M010,3.4,2026-03-16
U073,M093,2.2,2025-12-28
U040,M184,3.1,2026-03-06
U073,M163,2.9,2025-12-21
U087,M076,3.4,2026-03-08
U096,M178,3.2,2026-03-22
U019,M156,4.1,2025-12-28
U030,M008,2.6,2026-02-07
U075,M004,2.8,2026-01-14
U047,M185,3.3,2025-09-08
U096,M133,3.4,2025-10-31
U062,M159,3.1,2026-02-28
U045,M165,2.2,2026-03-08
U076,M129,3.0,2025-12-17
U067,M096,3.2,2025-11-14
U063,M166,4.2,2026-03-01
U068,M124,3.4,2026-02-26
U062,M098,3.2,2026-05-19
U029,M080,3.0,2026-02-10
U029,M039,3.6,2026-01-04
U078,M200,2.8,2026-03-26
U084,M051,3.2,2025-11-25
U064,M118,2.5,2025-08-08
U082,M004,3.4,2025-08-31
U030,M190,3.6,2026-02-12
U047,M171,2.8,2026-05-10
U052,M161,1.9,2026-04-06
U043,M130,2.8,2026-04-22
U035,M142,3.6,2025-08-26
U095,M138,3.6,2026-04-16
U008,M115,3.7,2025-08-09
U067,M064,3.0,2026-01-21
U033,M190,2.8,2026-02-22
U089,M167,3.3,2026-01-21
U030,M177,2.5,2025-10-05
U023,M011,4.0,2025-07-19
U012,M191,2.7,2026-02-18
U094,M017,2.9,2026-03-20
U067,M078,3.2,2026-04-25
U027,M059,3.0,2026-01-22
U075,M195,3.5,2025-08-02
U069,M014,3.1,2025-12-14
U082,M019,4.2,2026-02-15
U062,M030,3.2,2025-10-12
U013,M139,3.2,2025-07-29
U075,M111,2.0,2026-03-30
U025,M151,3.7,2025-07-05
U079,M194,2.9,2025-10-05
U077,M070,3.3,2025-09-16
U081,M046,3.0,2025-12-09
U065,M124,3.1,2025-09-05
U034,M137,4.0,2026-01-19
U044,M071,4.1,2025-06-13
U072,M129,3.2,2025-12-19
U081,M113,2.5,2026-03-30
U097,M047,4.2,2025-09-19
U001,M082,3.9,2025-09-08
U061,M127,4.5,2026-03-04
U023,M017,2.6,2025-10-17
U087,M078,3.7,2026-04-08
U057,M088,2.4,2025-07-04
U088,M138,3.1,2026-02-22
U025,M200,3.0,2026-04-01
U098,M060,3.8,2026-02-06
U040,M129,2.6,2025-12-21
U041,M197,2.2,2025-08-28
U061,M027,2.8,2025-06-10
U074,M173,3.3,2026-03-08
U021,M157,2.5,2025-06-21
U061,M168,4.5,2025-07-26
U054,M200,3.3,2026-01-09
U039,M095,3.2,2026-03-13
U096,M081,3.4,2025-10-08
U008,M105,2.7,2025-11-26
U083,M036,2.9,2025-10-05
U099,M071,3.6,2026-05-17
U091,M052,3.7,2026-02-09
U038,M096,2.4,2026-05-14
U042,M110,2.7,2025-11-12
U095,M052,3.5,2026-02-05
U080,M129,2.5,2025-10-13
U036,M028,3.3,2026-04-18
U032,M042,3.0,2025-12-11
U093,M123,2.8,2025-07-27
U061,M012,4.7,2025-06-23
U063,M064,2.0,2026-01-03
U078,M151,3.8,2025-11-15
U008,M026,2.7,2026-04-28
U082,M088,3.0,2026-01-05
U069,M095,3.0,2025-10-14
U018,M192,3.7,2026-04-19
U042,M199,3.6,2025-10-27
U020,M039,3.6,2025-07-29
U072,M023,2.6,2025-10-14
U032,M084,1.9,2025-08-06
U070,M196,2.3,2025-06-22
U034,M143,3.6,2025-08-28
U018,M198,2.8,2026-04-22
U047,M198,2.7,2025-10-10
U096,M055,3.1,2026-02-21
U042,M120,3.5,2026-01-30
U059,M093,2.1,2025-12-07
U026,M174,3.6,2025-05-31
U034,M066,3.5,2025-07-21
U055,M102,4.4,2025-09-19
U007,M136,3.2,2026-04-26
U066,M096,3.3,2026-05-18
U073,M112,3.3,2026-05-10
U065,M084,2.8,2025-08-24
U063,M073,3.2,2025-08-05
U043,M163,3.3,2026-04-22
U095,M020,2.8,2025-08-10
U012,M143,3.0,2026-03-30
U069,M041,4.0,2025-09-06
U012,M147,2.8,2025-09-29
U097,M019,3.1,2025-06-10
U056,M071,3.4,2025-09-30
U058,M190,3.0,2026-03-10
U084,M085,2.9,2026-04-19
U024,M166,3.2,2025-08-05
U003,M103,3.3,2025-08-05
U038,M002,3.0,2025-07-11
U050,M005,2.6,2026-05-22
U029,M083,3.3,2025-10-20
U020,M067,3.5,2026-02-01
U075,M173,2.7,2025-12-10
U069,M118,2.4,2025-06-26
U086,M052,3.4,2025-08-05
U046,M184,2.7,2025-08-04
U027,M079,3.2,2026-02-23
U013,M007,2.3,2025-08-26
U078,M011,2.9,2026-03-22
U042,M081,3.4,2026-01-29
U039,M042,4.0,2025-10-21
U035,M060,1.8,2026-02-04
U099,M091,3.8,2026-05-13
U018,M113,2.7,2026-03-24
U049,M007,3.4,2025-10-11
U049,M013,3.6,2025-10-10
U057,M103,3.5,2026-02-14
U027,M198,2.6,2025-11-13
U076,M032,3.8,2026-04-09
U023,M130,3.4,2025-08-03
U093,M133,3.0,2026-03-25
U021,M194,3.6,2026-02-08
U016,M126,2.8,2025-07-21
U046,M192,3.4,2025-12-15
U054,M049,2.5,2026-02-08
U012,M130,2.6,2025-11-23
U062,M066,2.9,2025-09-08
U015,M117,2.3,2026-05-18
U001,M098,2.3,2025-10-23
U052,M026,3.4,2025-11-26
U047,M080,3.3,2026-04-23
U030,M180,3.3,2026-04-13
U061,M005,3.7,2026-01-06
U006,M037,3.6,2026-01-19
U017,M133,2.5,2026-03-08
U018,M178,4.1,2025-09-28
U077,M054,3.6,2025-06-22
U054,M041,2.7,2025-10-24
U023,M045,2.1,2025-09-03
U024,M094,2.6,2026-03-31
U021,M008,2.7,2025-09-14
U081,M096,3.3,2026-01-11
U080,M083,3.1,2026-05-12
U004,M085,2.9,2026-05-12
U053,M012,2.9,2025-08-23
U021,M026,4.1,2026-05-19
U045,M058,3.0,2026-04-09
U054,M017,3.0,2026-03-30
U069,M113,3.8,2026-03-19
U078,M164,3.1,2026-05-26
U040,M122,2.8,2025-09-28
U033,M033,2.9,2025-12-12
U085,M139,3.2,2025-11-20
U079,M172,3.6,2026-04-07
U062,M127,3.2,2025-08-07
U026,M033,3.8,2026-02-03
U066,M034,4.2,2026-03-14
U029,M169,3.4,2026-04-14
U037,M158,2.1,2026-04-03
U032,M058,1.6,2026-01-18
U060,M172,3.0,2025-07-28
U067,M133,3.1,2025-08-04
U035,M195,3.1,2026-03-20
U095,M009,2.9,2025-11-10
U024,M004,3.0,2026-03-14
U082,M009,3.7,2026-01-25
U021,M102,3.0,2025-12-12
U002,M147,2.6,2025-09-22
U062,M089,3.3,2026-02-19
U081,M148,3.0,2025-10-31
U058,M055,3.3,2025-10-06
U057,M031,2.5,2026-01-03
U084,M197,3.2,2025-09-05
U033,M088,3.4,2025-09-19
U099,M141,2.7,2025-10-05
U085,M025,3.6,2025-06-18
U044,M196,3.0,2025-09-03
U034,M017,2.2,2025-11-20
U070,M033,2.8,2026-04-08
U030,M118,2.5,2026-03-31
U038,M033,3.9,2025-11-30
U040,M116,2.6,2025-10-15
U071,M022,3.2,2025-09-10
U024,M102,3.8,2025-09-07
U025,M037,2.5,2025-06-12
U029,M199,2.9,2026-05-18
U026,M188,2.5,2025-11-26
U068,M154,2.9,2026-03-10
U073,M136,2.7,2025-08-31
U007,M137,3.0,2025-11-22
U070,M059,3.2,2025-06-05
U068,M043,4.5,2025-11-16
U022,M163,2.7,2025-07-06
U070,M157,3.6,2025-10-21
U026,M072,3.0,2026-05-01
U052,M076,3.5,2025-11-08
U067,M108,1.7,2025-09-25
U060,M083,2.2,2026-03-18
U093,M077,2.9,2026-05-26
U072,M172,2.7,2025-12-18
U027,M188,1.3,2025-07-17
U077,M018,3.3,2026-04-26
U019,M124,2.5,2026-03-05
U098,M063,2.6,2025-11-07
U051,M152,3.0,2026-02-16
U032,M090,2.8,2026-04-20
U029,M071,3.5,2026-03-16
U087,M039,2.9,2026-02-10
U057,M037,2.6,2025-06-16
U036,M195,2.8,2025-12-10
U067,M080,3.6,2025-08-31
U014,M198,2.0,2025-07-09
U077,M121,3.3,2026-01-28
U016,M139,3.8,2025-07-18
U059,M040,3.1,2026-04-20
U097,M185,3.8,2025-12-03
U035,M011,1.9,2025-11-12
U033,M029,1.8,2025-07-10
U022,M182,3.1,2025-06-06
U063,M195,3.5,2025-12-28
U029,M134,2.5,2026-04-04
U012,M188,3.3,2025-07-22
U077,M093,3.9,2026-01-23
U086,M127,3.5,2025-06-01
U056,M108,3.4,2026-04-27
U082,M027,3.1,2026-01-03
U093,M188,2.4,2026-01-05
U033,M164,3.9,2025-09-08
U043,M108,3.1,2025-06-19
U033,M092,3.8,2026-04-14
U032,M150,2.8,2025-09-15
U086,M069,3.2,2026-04-03
U100,M182,4.4,2025-09-19
U072,M156,3.3,2025-08-10
U086,M098,3.6,2026-05-05
U078,M028,3.1,2025-07-28
U083,M026,3.2,2025-08-05
U013,M031,3.2,2026-01-24
U047,M149,2.4,2025-06-16
U091,M155,3.3,2025-10-23
U051,M184,4.0,2026-05-06
U045,M166,3.7,2025-10-13
U005,M103,3.9,2025-07-09
U086,M007,3.4,2026-02-05
U073,M047,2.6,2026-05-14
U081,M085,3.0,2026-04-06
U038,M106,3.3,2026-05-12
U094,M117,2.7,2026-01-17
U046,M175,3.5,2025-12-01
U046,M064,3.2,2026-01-05
U058,M013,2.3,2025-12-11
U034,M197,3.3,2026-03-05
U083,M083,2.8,2025-11-02
U097,M090,3.4,2026-02-27
U064,M023,3.0,2025-12-07
U046,M158,3.3,2025-08-24
U095,M059,1.8,2025-12-15
U040,M026,2.2,2026-04-10
U082,M104,3.5,2025-12-17
U080,M128,2.9,2025-07-03
U024,M194,2.8,2025-11-12
U063,M090,3.0,2025-12-05
U057,M093,2.1,2026-03-06
U022,M083,2.9,2026-05-18
U040,M130,2.1,2025-06-02
U097,M144,3.7,2025-08-24
U023,M102,4.5,2025-07-14
U090,M020,2.3,2026-02-14
U012,M024,3.5,2025-05-27
U077,M170,3.3,2025-10-31
U069,M091,3.3,2025-11-04
U018,M099,3.3,2026-04-03
U095,M076,3.4,2025-07-16
U073,M022,3.8,2025-12-12
U029,M114,3.1,2026-05-06
U086,M071,2.5,2026-05-13
U064,M058,2.3,2025-06-05
U029,M063,3.3,2026-01-31
U057,M166,3.3,2026-02-05
U032,M006,2.8,2025-07-17
U062,M113,2.9,2025-10-26
U072,M142,2.4,2025-08-09
U067,M149,3.0,2025-11-03
U096,M067,3.3,2025-05-30
U047,M068,3.6,2025-10-18
U041,M139,1.8,2025-11-25
U069,M149,3.4,2026-03-22
U013,M130,3.0,2025-05-29
U061,M138,2.8,2025-12-17
U014,M155,2.2,2026-01-30
U093,M090,3.2,2025-06-01
U083,M142,2.9,2026-02-01
U060,M069,2.8,2025-08-05
U007,M118,3.6,2025-07-14
U057,M128,2.5,2025-07-28
U003,M144,3.1,2025-10-09
U072,M167,3.1,2026-04-27
U045,M123,3.2,2025-05-30
U019,M017,3.0,2025-06-11
U046,M017,3.5,2026-01-05
U073,M065,2.6,2026-05-12
U092,M154,2.7,2025-09-17
U056,M181,3.5,2026-03-19
U058,M080,3.5,2025-08-24
U043,M060,2.9,2025-08-08
U066,M105,3.8,2026-03-14
U076,M081,3.3,2026-05-23
U097,M092,3.6,2025-07-30
U016,M199,2.9,2026-04-20
U079,M017,2.1,2025-08-28
U053,M187,3.4,2026-03-05
U094,M050,2.0,2026-01-19
U077,M199,2.6,2026-02-24
U024,M008,3.3,2025-06-28
U043,M023,4.1,2026-04-08
U052,M147,3.6,2025-06-02
U088,M100,3.1,2025-10-30
U049,M179,2.8,2025-09-26
U018,M088,2.7,2026-02-22
U013,M080,2.1,2025-11-26
U033,M128,2.9,2026-04-10
U026,M059,3.0,2025-11-28
U083,M163,2.7,2026-04-15
U044,M116,2.2,2026-04-08
U068,M066,3.2,2026-05-16
U078,M016,3.3,2025-08-14
U008,M175,3.1,2025-11-16
U013,M044,3.0,2026-05-26
U068,M004,3.4,2026-05-24
U042,M099,3.0,2025-12-21
U004,M146,2.8,2025-08-11
U048,M018,3.1,2026-02-27
U064,M047,3.7,2025-08-25
U028,M089,2.8,2026-04-07
U088,M040,4.2,2025-07-23
U057,M181,3.5,2026-02-25
U065,M039,2.6,2025-10-11
U004,M160,2.8,2026-05-07
U069,M031,2.4,2025-12-18
U038,M028,3.0,2025-11-29
U088,M047,2.7,2025-07-28
U067,M043,3.3,2026-04-05
U064,M050,3.6,2025-07-22
U086,M142,3.3,2026-04-23
U044,M064,3.1,2025-11-20
U019,M062,3.1,2025-09-17
U025,M104,3.0,2026-05-05
U046,M016,2.7,2025-09-23
U085,M182,2.7,2025-07-28
U013,M134,2.7,2026-04-10
U085,M168,3.1,2025-12-13
U068,M145,2.7,2025-08-05
U051,M194,3.1,2025-08-20
U042,M035,3.4,2025-10-09
U098,M051,3.9,2025-12-28
U056,M097,2.8,2026-04-14
U014,M083,2.5,2025-08-12
U062,M157,2.6,2025-11-08
U008,M136,3.5,2026-05-05
U025,M023,3.0,2025-12-20
U076,M192,3.6,2025-08-07
U070,M045,3.0,2025-07-02
U041,M190,3.0,2026-05-02
U069,M008,3.0,2026-05-02
U039,M099,3.7,2026-02-19
U046,M138,2.8,2026-04-30
U088,M112,3.0,2025-09-08
U068,M046,3.3,2025-09-08
U092,M082,3.0,2026-04-19
U092,M053,1.6,2025-09-15
U079,M004,3.4,2026-05-03
U049,M053,3.2,2025-06-08
U015,M075,2.5,2026-05-24
U031,M169,2.7,2025-12-08
U023,M100,1.8,2026-01-30
U048,M103,3.7,2026-05-04
U020,M037,2.3,2025-07-24
U032,M160,3.8,2025-06-18
U034,M109,4.1,2025-06-12
U074,M182,2.3,2025-07-10
U040,M053,2.3,2025-06-26
U053,M097,3.1,2026-01-04
U033,M154,2.4,2026-05-21
U081,M178,1.8,2025-11-05
U006,M179,3.2,2025-10-09
U017,M170,2.9,2025-06-07
U029,M019,2.9,2025-07-04
U015,M030,3.5,2026-03-06
U063,M018,3.5,2026-02-22
U095,M066,2.9,2025-06-12
U092,M178,3.6,2025-11-04
U037,M138,2.5,2025-12-31
U037,M146,3.2,2026-01-13
U014,M195,3.5,2026-03-26
U051,M052,3.3,2026-04-12
U072,M128,1.9,2026-02-13
U061,M123,2.9,2026-04-01
U015,M059,3.1,2026-05-07
U050,M048,2.8,2026-04-14
U098,M178,3.8,2026-04-22
U048,M113,2.5,2026-03-14
U085,M129,3.3,2026-02-19
U099,M054,3.8,2025-12-15
U006,M146,2.9,2026-05-19
U023,M090,2.4,2025-10-02
U026,M165,2.0,2026-04-28
U038,M130,3.9,2026-04-24
U029,M048,3.9,2025-07-09
U025,M086,3.8,2025-06-24
U093,M113,3.7,2026-05-14
U057,M018,3.1,2026-01-21
U078,M136,2.4,2025-12-30
U072,M042,3.7,2026-03-14
U071,M082,3.3,2026-04-27
U053,M133,3.2,2025-08-26
U005,M037,4.0,2026-04-03
U088,M060,3.4,2026-05-23
U049,M001,3.4,2025-08-11
U008,M100,3.5,2025-08-09
U016,M058,2.7,2025-07-09
U005,M145,3.3,2025-08-20
U010,M006,2.6,2025-06-28
U050,M073,2.2,2025-06-09
U079,M100,3.0,2025-10-08
U063,M157,3.3,2026-01-18
U069,M093,3.3,2026-02-01
U019,M074,3.1,2025-07-04
U095,M006,3.6,2025-10-17
U039,M037,2.9,2026-05-05
U059,M106,2.9,2025-05-28
U017,M161,3.8,2025-11-27
U027,M104,3.9,2025-10-23
U047,M087,1.9,2025-12-11
U093,M136,2.1,2026-02-10
U032,M056,2.5,2025-05-27
U094,M169,3.3,2025-07-14
U047,M119,2.8,2025-08-19
U098,M105,3.1,2025-11-16
U083,M079,3.3,2026-02-06
U051,M037,3.3,2025-09-28
U014,M139,3.2,2025-06-27
U058,M077,3.0,2025-07-11
U053,M014,2.5,2026-02-13
U028,M087,3.5,2025-08-17
U021,M169,3.2,2025-11-11
U067,M111,2.7,2026-02-23
U057,M007,2.6,2025-06-05
U027,M099,2.5,2025-08-09
U086,M045,3.2,2026-01-07
U099,M040,3.4,2025-07-02
U052,M148,2.6,2026-02-14
U020,M106,3.0,2025-12-15
U060,M063,3.3,2026-03-21
U079,M196,4.1,2025-07-17
U068,M189,3.8,2025-07-09
U005,M174,3.8,2026-04-07
U009,M022,2.3,2026-05-16
U002,M014,3.4,2025-12-08
U012,M081,3.2,2025-11-25
U026,M191,3.0,2026-03-10
U028,M079,3.1,2026-04-23
U047,M160,3.5,2025-12-16
U075,M115,3.5,2025-09-25
U044,M181,2.8,2026-02-26
U038,M078,3.1,2026-04-05
U072,M041,3.0,2026-03-10
U069,M159,3.0,2025-10-29
U021,M144,3.1,2025-08-17
U081,M121,3.9,2025-06-02
U036,M177,2.4,2026-01-19
U015,M170,4.0,2026-03-12
U057,M025,2.0,2026-05-06
U018,M098,2.8,2025-09-26
U049,M123,3.6,2026-02-28
U099,M006,3.2,2025-07-30
U075,M147,3.1,2026-02-22
U058,M006,3.3,2025-09-17
U086,M146,3.0,2025-12-01
U044,M022,3.8,2025-11-18
U009,M046,3.7,2026-03-18
U080,M077,3.2,2025-06-14
U051,M039,2.6,2026-03-31
U086,M051,3.5,2025-07-06
U042,M075,2.7,2025-05-27
U064,M005,3.0,2025-07-12
U047,M065,3.2,2026-02-17
U066,M072,2.3,2025-09-02
U004,M126,3.6,2025-12-14
U031,M180,3.2,2025-12-21
U034,M115,3.4,2025-10-17
U044,M011,2.5,2026-01-07
U096,M195,3.6,2025-06-24
U043,M142,3.5,2026-05-10
U017,M160,3.1,2026-05-21
U095,M147,3.0,2026-05-17
U039,M098,3.1,2026-02-13
U061,M098,3.9,2025-11-09
U005,M178,2.9,2025-06-16
U043,M094,3.1,2025-09-06
U055,M105,2.2,2025-05-29
U044,M034,3.8,2025-11-30
U093,M067,3.1,2025-08-17
U025,M126,3.3,2026-01-02
U035,M022,2.6,2025-10-08
U086,M022,2.4,2025-06-19
U041,M131,2.6,2026-03-29
U032,M020,3.3,2026-02-25
U048,M017,3.5,2026-03-09
U074,M061,3.8,2026-04-12
U010,M003,3.4,2026-05-20
U095,M088,3.0,2025-07-14
U010,M040,2.8,2025-08-01
U081,M118,2.8,2025-07-07
U043,M171,3.6,2026-04-02
U091,M036,2.2,2026-02-13
U012,M184,2.9,2026-04-10
U001,M111,3.0,2025-06-09
U030,M054,3.8,2026-05-01
U092,M021,3.5,2025-11-09
U042,M161,3.5,2025-08-28
U025,M122,2.8,2026-02-14
U091,M127,3.6,2025-07-21
U091,M048,4.0,2025-09-28
U037,M188,3.4,2025-06-14
U076,M016,2.5,2025-10-12
U024,M130,3.1,2026-05-23
U011,M046,2.6,2026-02-14
U034,M037,3.7,2025-08-22
U074,M049,3.4,2025-06-02
U025,M048,2.8,2025-12-13
U097,M059,2.0,2026-03-04
U051,M163,3.7,2025-07-27
U038,M154,2.7,2025-10-27
U065,M164,3.2,2025-12-31
U028,M110,2.6,2026-01-18
U045,M189,3.8,2026-01-23
U068,M002,1.8,2025-06-25
U088,M065,3.2,2026-01-02
U097,M042,3.2,2026-04-23
U045,M188,3.8,2026-04-26
U080,M194,2.6,2025-10-18
U011,M173,3.6,2025-10-10
U002,M191,3.0,2025-06-15
U094,M082,3.4,2025-10-08
U046,M191,2.3,2025-09-23
U098,M126,3.4,2025-12-17
U070,M191,3.6,2026-02-18
U030,M151,2.6,2026-02-28
U006,M177,2.1,2025-11-27
U053,M120,3.4,2025-10-02
U042,M104,2.2,2025-10-01
U060,M116,1.9,2026-03-09
U019,M189,1.4,2025-11-10
U020,M103,3.4,2025-11-20
U002,M112,4.3,2025-06-22
U024,M056,4.1,2026-04-08
U003,M101,2.2,2025-09-27
U020,M070,3.2,2025-12-05
U025,M125,3.2,2025-07-20
U093,M128,3.1,2025-10-17
U056,M041,3.6,2025-09-19
U086,M016,3.6,2025-11-27
U014,M018,4.3,2025-12-12
U091,M123,3.3,2025-07-19
U038,M037,2.6,2026-01-26
U067,M127,3.0,2026-02-05
U054,M126,2.6,2026-05-20
U040,M162,3.6,2026-03-06
U044,M162,3.2,2025-12-18
U088,M159,2.5,2025-10-19
U017,M136,3.4,2026-01-02
U073,M122,3.9,2026-04-24
U003,M115,2.5,2025-11-18
U036,M143,3.2,2025-12-03
U074,M085,2.5,2025-06-03
U025,M033,3.4,2025-12-13
U081,M147,2.9,2026-01-29
U091,M152,3.4,2025-07-18
U031,M064,3.5,2025-09-18
U073,M121,3.8,2026-05-17
U050,M193,2.9,2026-03-12
U078,M187,3.0,2026-01-10
U009,M116,2.7,2025-11-08
U100,M050,3.7,2026-01-05
U092,M037,3.0,2025-11-21
U100,M016,2.7,2025-09-26
U001,M084,3.0,2025-11-25
U080,M124,2.7,2025-08-12
U019,M070,3.3,2025-12-14
U063,M081,3.4,2025-07-21
U069,M052,4.0,2025-06-30
U025,M153,2.7,2025-07-21
U016,M076,3.0,2026-04-25
U095,M050,3.9,2025-08-31
U049,M109,3.3,2025-06-02
U002,M077,2.8,2026-01-13
U004,M008,2.1,2025-06-27
U083,M196,3.5,2025-10-23
U011,M095,3.2,2025-09-30
U081,M098,3.0,2025-08-15
U021,M153,4.3,2025-10-11
U098,M081,3.2,2026-04-01
U036,M117,3.5,2026-01-05
U026,M181,3.3,2025-07-20
U059,M073,2.9,2026-03-04
U003,M032,3.2,2026-04-30
U042,M142,3.3,2025-09-24
U048,M037,3.4,2025-12-16
U093,M097,3.0,2025-08-18
U004,M161,4.0,2025-10-16
U023,M084,3.8,2025-07-17
U037,M083,3.6,2025-08-10
U097,M146,3.8,2026-05-06
U064,M017,2.6,2026-04-22
U018,M039,3.1,2026-04-04
U067,M042,1.7,2026-01-26
U046,M087,2.7,2026-04-15
U064,M103,3.2,2025-08-20
U008,M135,2.5,2025-10-25
U020,M141,3.1,2026-04-11
U027,M115,3.5,2026-03-06
U015,M196,3.6,2026-01-13
U030,M062,3.4,2026-04-28
U083,M175,2.7,2025-08-14
U004,M014,3.1,2025-07-01
U090,M058,2.3,2025-09-23
U042,M100,3.1,2025-07-06
U086,M102,3.6,2026-05-17
U066,M196,3.8,2025-12-29
U064,M007,2.7,2025-06-18
U092,M179,3.2,2025-10-26
U071,M018,2.5,2026-05-06
U026,M151,2.4,2026-05-08
U063,M002,3.4,2025-11-29
U090,M021,2.8,2025-08-02
U048,M131,3.5,2026-03-03
U051,M055,2.8,2026-03-10
U096,M160,3.6,2026-01-02
U035,M143,2.2,2025-11-16
U066,M100,4.0,2026-03-06
U026,M194,2.6,2025-07-19
U033,M086,3.3,2026-02-15
U042,M067,2.1,2025-11-06
U016,M167,3.3,2025-12-31
U058,M008,3.2,2025-10-10
U078,M167,3.1,2025-06-17
U066,M198,2.5,2025-10-31
U006,M100,2.3,2026-04-02
U096,M053,2.8,2026-02-13
U098,M146,3.3,2025-12-25
U076,M078,3.0,2025-11-23
U060,M014,2.3,2025-06-29
U081,M059,3.3,2025-08-09
U033,M056,3.5,2025-09-07
U004,M080,1.9,2026-05-20
U028,M047,3.2,2025-12-07
U027,M128,3.1,2025-11-09
U093,M084,3.8,2025-10-04
U051,M155,2.4,2026-03-03
U063,M123,1.9,2025-08-12
U014,M001,2.3,2026-05-11
U080,M013,2.6,2026-05-21
U036,M001,4.5,2025-12-22
U057,M098,2.9,2025-08-09
U021,M025,3.2,2026-04-29
U048,M056,3.2,2025-06-30
U025,M109,1.8,2025-11-17
U010,M072,3.3,2025-10-25
U084,M006,3.6,2025-12-25
U099,M009,3.3,2026-03-26
U059,M053,3.1,2026-03-26
U082,M191,2.9,2025-06-11
U004,M122,2.2,2026-02-26
U002,M029,3.3,2026-04-12
U093,M061,2.0,2025-10-05
U075,M178,1.9,2025-08-14
U035,M070,3.1,2026-05-15
U090,M145,3.5,2025-09-23
U009,M188,3.0,2025-06-06
U020,M056,2.5,2026-04-23
U051,M174,2.5,2025-11-14
U004,M010,2.8,2025-09-14
U056,M120,2.4,2025-10-27
U006,M169,3.5,2026-04-24
U037,M185,3.2,2025-09-23
U026,M069,3.4,2026-05-14
U086,M070,1.8,2026-02-19
U031,M177,3.4,2025-10-09
U001,M167,2.7,2026-05-04
U090,M126,2.9,2026-01-28
U092,M191,4.0,2026-05-02
U037,M094,2.8,2026-04-11
U077,M095,3.6,2025-10-05
U061,M140,3.0,2026-03-04
U048,M169,3.0,2025-11-17
U093,M142,3.0,2025-08-23
U019,M083,2.9,2025-07-03
U045,M105,3.1,2026-02-26
U075,M103,3.2,2025-11-17
U060,M089,3.4,2025-12-28
U019,M173,3.0,2025-09-15
U087,M139,3.6,2025-10-30
U047,M111,3.7,2026-04-12
U078,M065,2.5,2026-03-17
U043,M092,4.1,2025-06-30
U044,M130,3.6,2025-07-10
U019,M154,2.5,2025-12-03
U070,M162,3.2,2026-03-06
U054,M029,3.7,2025-09-12
U070,M011,2.5,2025-09-02
U014,M148,2.8,2026-05-24
U022,M190,3.4,2026-01-30
U088,M182,3.6,2025-12-06
U094,M096,3.5,2025-08-19
U051,M134,1.9,2025-06-24
U051,M057,2.5,2025-08-04
U045,M192,2.7,2025-10-30
U089,M193,3.4,2026-04-02
U029,M164,1.3,2025-07-01
U097,M049,3.5,2026-05-26
U065,M028,3.0,2025-09-15
U019,M019,3.9,2025-06-05
U040,M062,4.2,2025-10-31
U082,M025,3.5,2026-02-18
U004,M005,2.9,2026-05-11
U038,M031,3.1,2026-02-09
U024,M199,3.0,2025-06-12
U010,M018,2.8,2026-01-17
U058,M031,2.5,2025-10-22
U002,M179,2.8,2025-07-25
U039,M088,2.2,2025-11-09
U048,M054,2.9,2025-12-22
U055,M159,2.6,2025-07-29
U062,M163,2.8,2025-07-16
U076,M011,2.9,2025-06-13
U063,M009,4.7,2025-09-13
U041,M090,3.4,2026-05-11
U033,M180,3.1,2025-09-26
U099,M026,2.9,2025-10-22
U089,M151,2.5,2025-07-13
U004,M098,3.1,2026-05-07
U061,M065,3.6,2025-08-21
U012,M022,3.2,2026-01-21
U093,M184,3.5,2025-07-07
U096,M087,3.5,2026-01-23
U078,M121,3.8,2026-05-09
U042,M080,2.7,2025-08-17
U013,M003,3.3,2025-06-10
U017,M152,3.1,2025-06-15
U100,M008,2.6,2025-09-09
U024,M119,3.2,2026-01-06
U069,M168,2.9,2026-05-02
U033,M150,3.3,2026-03-27
U090,M133,2.2,2025-09-17
U023,M116,2.6,2025-12-27
U021,M011,3.4,2025-12-29
U077,M085,3.6,2025-10-20
U010,M051,2.7,2025-09-22
U050,M199,2.6,2025-06-26
U023,M198,3.6,2025-11-15
U029,M088,2.7,2025-06-11
U075,M127,2.5,2026-01-29
U092,M114,3.2,2025-06-02
U015,M026,2.4,2026-03-03
U018,M034,3.3,2025-07-21
U073,M007,3.7,2025-10-14
U064,M094,3.4,2025-06-03
U056,M006,2.8,2025-05-29
U068,M178,2.5,2025-11-19
U082,M140,3.3,2026-04-02
U054,M122,3.6,2026-05-09
U036,M112,2.8,2025-08-14
U009,M023,3.5,2026-01-12
U086,M092,4.3,2025-09-25
U052,M130,3.2,2026-01-22
U018,M031,3.6,2026-05-14
U021,M023,3.7,2025-08-07
U024,M171,3.4,2026-02-15
U058,M169,2.5,2025-08-20
U048,M143,2.8,2026-01-12
U062,M018,3.2,2025-06-24
U024,M150,2.3,2025-10-27
U015,M144,3.0,2026-05-06
U030,M052,4.0,2026-03-12
U039,M035,1.9,2025-06-01
U051,M003,3.9,2025-11-17
U008,M131,4.1,2026-05-20
U015,M135,2.7,2025-06-20
U035,M150,2.8,2025-08-28
U002,M078,3.1,2026-03-17
U041,M063,3.7,2025-09-23
U028,M049,3.8,2025-06-21
U028,M026,3.2,2026-02-27
U050,M142,2.7,2025-07-06
U081,M139,2.9,2026-04-20
U019,M171,3.0,2026-03-22
U066,M038,4.3,2026-04-22
U073,M043,3.0,2026-01-20
U081,M193,2.4,2025-10-27
U081,M093,2.6,2026-01-31
U042,M200,3.4,2025-11-05
U004,M050,3.0,2025-06-17
U096,M033,2.8,2025-09-23
U083,M194,3.6,2025-07-05
U021,M062,3.3,2025-07-24
U099,M020,3.0,2025-10-17
U077,M008,2.5,2025-10-25
U091,M199,3.2,2026-03-13
U048,M072,3.2,2025-11-06
U036,M119,2.8,2025-06-28
U078,M084,2.9,2025-12-20
U061,M131,4.0,2025-09-19
U050,M194,3.9,2025-06-08
U076,M178,3.1,2025-08-13
U061,M087,2.5,2026-04-10
U069,M133,4.0,2025-07-15
U081,M017,2.9,2026-01-18
U030,M081,2.3,2025-12-12
U045,M079,3.4,2026-02-17
U043,M133,2.8,2025-06-14
U053,M072,3.6,2026-01-11
U088,M093,4.3,2025-05-27
U070,M142,2.2,2025-12-13
U027,M119,3.7,2025-08-02
U067,M045,3.0,2026-03-27
U093,M186,3.6,2025-12-28
U082,M064,2.9,2026-02-10
U077,M163,2.7,2025-12-05
U048,M063,4.6,2025-11-07
U062,M184,3.2,2026-01-08
U044,M038,2.8,2026-01-16
U078,M019,2.6,2026-01-17
U051,M001,2.7,2026-04-22
U025,M066,3.4,2025-09-15
U059,M141,2.0,2025-08-01
U036,M131,3.7,2025-08-09
U054,M051,2.9,2026-01-10
U007,M110,2.9,2025-07-09
U063,M153,3.0,2026-04-01
U061,M112,3.9,2025-11-09
U041,M031,3.2,2026-03-16
U024,M032,3.2,2025-11-22
U098,M014,2.7,2026-05-05
U009,M072,2.9,2026-04-01
U071,M138,2.8,2026-01-09
U017,M025,2.1,2025-06-09
U055,M053,4.2,2026-05-06
U085,M146,3.2,2026-04-26
U080,M185,3.3,2026-01-05
U037,M111,2.6,2026-01-23
U030,M057,2.9,2025-07-14
U078,M147,2.2,2026-01-10
U071,M091,4.3,2026-01-25
U020,M006,2.9,2025-08-16
U022,M099,3.1,2026-02-11
U070,M158,3.3,2026-05-18
U021,M024,3.2,2025-08-07
U095,M158,2.6,2026-01-08
U063,M032,3.6,2026-04-08
U032,M105,3.7,2026-02-02
U031,M118,3.2,2025-07-18
U022,M045,3.6,2026-02-03
U031,M172,3.9,2025-12-20
U056,M149,2.7,2025-07-23
U030,M026,3.7,2026-04-15
U053,M183,2.9,2025-10-11
U057,M039,2.7,2025-11-11
U079,M193,3.0,2025-11-13
U003,M139,2.7,2026-01-07
U027,M173,3.6,2025-09-17
U042,M006,1.9,2025-09-13
U065,M158,2.8,2025-11-09
U057,M156,3.7,2026-02-10
U010,M154,3.3,2025-06-03
U088,M097,3.1,2026-03-01
U052,M054,3.0,2026-02-04
U036,M064,2.4,2025-12-29
U073,M063,2.9,2025-06-30
U090,M017,2.9,2025-10-07
U092,M006,3.3,2025-11-08
U074,M089,3.3,2025-11-23
U049,M006,4.0,2025-09-17
U056,M186,2.9,2025-10-10
U055,M023,2.4,2025-10-15
U033,M090,3.3,2026-01-29
U035,M094,2.7,2026-01-13
U062,M041,2.5,2026-03-01
U029,M150,4.0,2025-06-30
U067,M154,3.5,2025-08-28
U026,M010,2.7,2025-11-12
U047,M013,2.3,2026-01-29
U012,M182,2.9,2026-03-06
U071,M013,2.2,2026-01-18
U019,M112,2.8,2026-01-04
U024,M059,3.6,2025-10-29
U009,M060,3.5,2026-04-09
U080,M014,2.4,2025-08-06
U084,M190,3.1,2026-02-25
U037,M141,3.6,2025-09-28
U003,M051,3.7,2025-07-22
U092,M020,4.6,2026-04-22
U023,M137,3.8,2026-03-24
U100,M119,3.5,2025-08-16
U098,M095,2.7,2026-02-24
U020,M137,2.2,2026-02-20
U022,M197,2.4,2026-01-07
U066,M006,4.4,2025-09-12
U018,M043,2.8,2026-05-02
U061,M040,3.2,2026-03-20
U031,M156,2.1,2025-11-19
U074,M072,2.9,2025-10-02
U032,M117,3.6,2026-02-26
U091,M029,3.7,2026-01-19
U097,M011,2.9,2026-04-22
U049,M035,3.1,2026-05-26
U063,M174,3.2,2025-11-05
U071,M139,2.9,2025-11-01
U068,M120,3.2,2025-06-29
U067,M091,2.6,2025-07-20
U074,M184,2.9,2025-10-31
U097,M065,2.8,2025-08-31
U053,M043,4.6,2025-09-11
U064,M033,3.2,2026-05-08
U027,M019,2.7,2025-07-23
U048,M077,2.7,2026-03-28
U078,M106,3.6,2025-11-12
U049,M077,3.9,2025-11-16
U004,M081,2.7,2025-09-19
U026,M193,2.4,2026-05-18
U028,M112,3.4,2025-07-04
U084,M078,2.6,2025-11-05
U032,M037,3.1,2026-05-18
U030,M113,3.5,2026-01-17
U063,M103,2.8,2025-09-30
U092,M120,2.8,2025-11-17
U054,M014,3.9,2026-01-21
U045,M120,3.5,2025-11-10
U077,M076,3.4,2025-11-26
U066,M142,2.1,2025-09-24
U006,M123,2.9,2026-04-22
U046,M085,3.0,2026-02-16
U096,M183,3.3,2025-08-12
U035,M016,2.8,2026-05-14
U066,M056,3.5,2025-07-08
U058,M104,2.7,2025-12-06
U080,M084,2.9,2026-01-01
U048,M014,2.8,2025-09-04
U075,M032,2.8,2025-10-14
U098,M132,3.0,2026-05-08
U086,M200,4.8,2025-08-19
U094,M192,2.7,2025-08-10
U065,M018,3.4,2026-03-09
U049,M085,3.4,2025-06-22
U092,M113,2.5,2025-07-05
U035,M037,2.4,2026-03-15
U018,M050,3.7,2025-10-24
U073,M050,1.9,2025-10-25
U020,M110,2.9,2025-08-19
U073,M066,3.3,2026-02-08
U005,M068,3.4,2025-09-21
U009,M057,3.1,2025-09-29
U015,M021,2.6,2025-06-18
U059,M088,2.7,2025-07-15
U034,M148,2.5,2025-08-14
U071,M190,2.7,2025-12-08
U081,M171,3.0,2025-12-10
U068,M040,3.5,2025-06-19
U067,M175,2.3,2026-01-04
U077,M200,2.3,2026-01-21
U029,M006,3.6,2025-10-16
U062,M070,3.2,2025-12-09
U066,M077,3.0,2025-09-13
U076,M077,2.8,2026-01-15
U029,M057,3.8,2026-01-19
U060,M040,1.9,2026-04-06
U054,M146,2.9,2025-12-08
U039,M021,4.3,2026-01-22
U021,M160,3.3,2025-09-22
U085,M017,2.9,2025-12-17
U008,M112,3.9,2025-10-31
U056,M040,2.7,2025-10-26
U061,M008,2.1,2025-12-07
U048,M031,2.5,2025-12-20
U031,M125,3.5,2025-09-17
U051,M151,3.0,2026-02-06
U052,M111,2.8,2026-01-26
U037,M063,3.8,2025-07-18
U022,M087,2.7,2026-03-06
U077,M084,2.8,2025-07-27
U049,M022,2.9,2026-04-05
U011,M022,3.3,2026-05-22
U020,M139,4.6,2025-10-19
U001,M121,2.7,2026-02-25
U005,M035,2.5,2025-12-28
U047,M174,3.4,2025-06-09
U090,M092,3.1,2025-06-19
U074,M023,2.6,2026-05-06
U022,M080,2.8,2025-12-08
U011,M011,3.3,2025-07-16
U001,M050,3.3,2026-02-28
U035,M152,2.6,2025-12-28
U079,M135,2.6,2026-04-20
U079,M073,2.7,2026-03-17
U009,M119,4.0,2025-07-20
U034,M041,3.6,2025-07-01
U100,M180,3.2,2025-09-05
U013,M128,2.5,2025-07-20
U029,M177,4.3,2026-01-01
U005,M101,2.3,2025-12-04
U086,M042,2.8,2025-06-05
U061,M116,3.5,2025-11-24
U066,M079,3.7,2025-12-27
U084,M181,3.5,2025-11-02
U054,M061,3.8,2025-12-19
U086,M084,3.6,2026-02-08
U031,M119,2.7,2026-03-11
U091,M040,2.8,2026-05-08
U016,M038,4.3,2026-04-01
U093,M019,3.4,2026-01-02
U041,M149,3.0,2026-01-24
U092,M124,2.9,2025-10-16
U053,M032,2.7,2025-07-01
U086,M172,3.9,2025-08-17
U094,M151,3.3,2025-12-23
U091,M054,3.7,2025-09-26
U084,M009,3.0,2025-11-21
U021,M101,2.8,2026-02-17
U045,M017,2.1,2026-05-01
U005,M065,3.2,2025-11-08
U085,M102,2.2,2025-05-28
U042,M116,2.6,2026-03-19
U042,M191,2.9,2025-05-29
U055,M169,2.6,2025-12-16
U024,M002,2.5,2026-03-03
U033,M107,3.4,2026-04-09
U063,M086,3.1,2026-03-12
U006,M036,2.0,2026-01-24
U036,M052,3.7,2026-02-23
U054,M010,2.8,2026-05-22
U044,M158,3.5,2025-11-17
U044,M001,3.5,2026-04-03
U062,M198,2.4,2025-09-12
U026,M055,3.5,2026-03-12
U043,M175,2.9,2025-06-23
U095,M191,2.8,2025-09-10
U068,M152,3.7,2025-07-17
U079,M051,4.3,2025-10-16
U059,M185,3.5,2025-07-28
U071,M075,2.8,2025-08-24
U097,M117,4.0,2026-05-04
U037,M086,3.0,2026-05-17
U053,M151,2.0,2025-07-09
U009,M122,2.8,2025-10-25
U060,M156,3.0,2025-08-07
U029,M116,3.8,2026-01-11
U039,M167,3.7,2026-05-07
U030,M172,3.8,2025-08-03
U033,M102,4.3,2026-01-11
U001,M136,3.1,2026-01-29
U006,M057,2.0,2025-10-08
U036,M138,3.6,2025-08-20
U054,M005,3.6,2025-09-12
U040,M197,2.4,2025-07-23
U085,M014,3.2,2025-09-14
U075,M055,3.8,2025-08-26
U100,M030,3.1,2026-01-26
U023,M140,3.5,2025-06-25
U026,M004,3.5,2025-06-10
U055,M021,3.2,2025-12-09
U083,M063,2.8,2025-09-23
U003,M026,3.6,2026-03-21
U022,M169,3.0,2025-12-28
U086,M066,3.7,2025-10-26
U021,M110,2.9,2026-02-11
U094,M042,2.8,2025-11-22
U013,M196,2.6,2025-12-30
U040,M139,2.3,2025-06-06
U071,M164,2.6,2026-04-21
U001,M062,2.7,2026-04-23
U100,M198,3.3,2026-01-08
U023,M030,2.9,2025-10-07
U044,M032,2.8,2025-09-12
U060,M131,3.1,2026-03-25
U062,M172,2.6,2025-07-16
U012,M091,3.2,2026-02-25
U033,M186,4.1,2026-05-17
U009,M042,3.4,2026-03-13
U044,M042,2.9,2025-09-01
U089,M137,2.5,2026-02-16
U062,M194,3.3,2025-07-07
U014,M132,2.9,2025-11-01
U080,M164,3.0,2025-09-21
U100,M151,3.4,2025-06-03
U009,M191,3.0,2026-01-30
U048,M051,3.0,2026-05-05
U005,M116,3.6,2026-02-19
U003,M171,3.1,2025-11-17
U096,M002,2.9,2025-12-16
U060,M022,3.1,2026-03-19
U072,M197,3.3,2026-03-28
U076,M035,1.8,2025-09-26
U064,M142,2.0,2025-08-17
U093,M195,3.4,2025-12-03
U016,M160,3.5,2026-05-10
U082,M082,3.4,2026-01-21
U040,M138,3.7,2025-10-21
U008,M077,2.8,2025-06-20
U018,M179,3.6,2026-01-14
U049,M040,2.6,2026-01-03
U044,M106,3.3,2026-04-18
U068,M094,2.0,2026-04-18
U064,M079,3.0,2025-12-24
U053,M006,3.0,2026-05-13
U037,M084,2.9,2026-02-21
U092,M024,3.4,2026-03-17
U013,M093,2.8,2026-03-29
U074,M055,2.7,2025-08-01
U011,M060,2.5,2026-05-01
U036,M080,3.6,2025-08-18
U097,M139,3.0,2026-04-16
U092,M141,2.7,2025-08-04
U089,M140,2.7,2025-12-25
U071,M169,3.0,2025-12-25
U013,M104,3.4,2026-05-06
U040,M108,3.7,2026-04-09
U095,M014,2.1,2026-03-17
U009,M025,2.9,2025-07-29
U001,M028,2.5,2025-09-24
U006,M121,3.1,2025-11-23
U052,M139,3.1,2026-04-02
U072,M064,4.0,2026-04-15
U043,M044,3.4,2026-02-21
U084,M146,3.9,2025-06-02
U014,M162,3.9,2026-05-18
U061,M056,2.2,2025-05-29
U017,M044,2.2,2025-06-11
U066,M062,1.8,2025-10-30
U001,M175,2.5,2025-09-01
U035,M148,3.0,2026-02-19
U064,M141,2.9,2026-01-25
U008,M111,3.3,2026-02-07
U079,M171,2.5,2025-11-09
U025,M136,3.0,2025-12-28
U045,M035,3.1,2025-10-31
U076,M106,3.6,2025-08-03
U037,M069,2.0,2026-01-19
U054,M066,2.5,2025-06-29
U078,M128,2.8,2026-05-26
U015,M104,3.2,2025-07-28
U025,M192,3.2,2026-01-17
U024,M165,3.1,2025-08-02
U016,M172,2.9,2026-01-19
U017,M183,3.7,2026-05-06
U030,M064,2.8,2026-05-03
U051,M035,2.8,2026-02-04
U036,M029,2.6,2025-08-05
U092,M029,3.4,2025-06-04
U002,M106,3.1,2026-04-02
U044,M053,3.2,2025-10-10
U019,M038,2.8,2025-06-29
U057,M170,3.1,2026-02-12
U086,M170,3.1,2026-01-22
U063,M126,3.4,2026-01-06
U096,M118,2.8,2025-08-31
U038,M053,1.6,2025-10-27
U015,M074,3.0,2026-03-15
U037,M072,2.9,2026-02-25
U055,M197,2.5,2026-05-19
U061,M196,2.8,2025-08-28
U009,M151,3.3,2025-10-06
U045,M078,2.4,2025-07-01
U089,M071,3.4,2025-09-24
U050,M070,3.3,2026-03-05
U062,M057,3.0,2025-10-14
U018,M005,2.6,2026-01-26
U083,M125,2.6,2025-11-11
U029,M142,2.6,2025-09-08
U083,M038,2.7,2026-03-31
U035,M185,3.6,2025-11-18
U067,M066,3.1,2025-06-07
U013,M070,2.3,2025-06-23
U003,M017,3.0,2025-08-09
U014,M062,2.7,2026-01-02
U033,M063,2.7,2025-06-18
U068,M047,4.1,2025-07-09
U064,M136,2.2,2026-05-25
U001,M124,2.7,2026-02-16
U024,M028,2.8,2025-12-21
U093,M196,3.1,2025-10-21
U033,M179,3.1,2026-01-07
U076,M052,3.5,2025-07-09
U073,M145,2.5,2025-11-25
U013,M098,2.1,2025-09-27
U080,M051,3.1,2026-01-21
U042,M012,3.0,2025-12-05
U046,M121,3.0,2026-01-23
U030,M111,3.0,2025-08-12
U014,M145,3.2,2026-03-17
U030,M106,2.5,2026-05-04
U027,M120,2.9,2025-10-27
U057,M184,2.7,2026-03-18
U029,M189,3.5,2026-02-06
U028,M095,2.4,2026-04-07
U005,M066,3.8,2026-05-21
U076,M105,4.3,2026-03-26
U058,M054,3.1,2026-04-09
U044,M061,2.8,2025-07-17
U016,M024,1.8,2026-01-18
U098,M062,3.2,2026-05-04
U061,M177,3.4,2026-01-05
U070,M043,2.2,2025-06-24
U097,M179,2.6,2026-05-23
U063,M056,2.7,2025-10-28
U065,M150,2.7,2026-01-29
U055,M179,3.3,2025-11-29
U072,M179,2.8,2026-03-03
U004,M190,2.7,2026-04-07
U023,M041,3.7,2026-01-27
U095,M012,3.4,2026-02-24
U026,M054,2.9,2026-02-14
U008,M170,2.8,2025-10-08
U029,M159,3.3,2026-03-19
U047,M161,2.0,2025-12-24
U088,M111,3.0,2026-03-09
U061,M097,3.3,2026-05-23
U022,M096,3.1,2026-05-09
U054,M028,3.4,2026-04-13
U098,M041,4.1,2026-02-07
U014,M112,3.6,2026-01-29
U090,M043,3.2,2026-01-10
U092,M134,2.3,2025-08-15
U087,M136,2.6,2025-07-28
U075,M085,2.7,2025-10-07
U058,M109,2.4,2026-02-27
U079,M114,2.8,2026-01-04
U041,M067,2.5,2025-07-20
U028,M188,3.3,2026-05-16
U026,M104,2.8,2025-12-26
U049,M198,3.1,2025-08-25
U060,M024,3.0,2025-08-02
U015,M178,3.7,2026-03-23
U069,M029,3.8,2025-08-13
U062,M102,2.8,2025-06-28
U007,M133,4.4,2026-02-23
U069,M060,2.6,2026-03-23
U031,M013,2.8,2025-09-08
U078,M140,2.8,2026-04-19
U031,M138,3.5,2025-08-17
U069,M024,4.2,2026-01-14
U034,M086,3.6,2025-08-18
U018,M046,3.1,2026-05-04
U055,M126,3.2,2026-02-10
U019,M160,3.6,2025-10-12
U010,M109,3.0,2025-07-06
U070,M021,3.4,2025-12-13
U036,M087,3.1,2026-05-11
U005,M196,3.0,2026-05-21
U100,M007,3.6,2025-06-20
U089,M007,2.8,2026-05-11
U011,M083,2.8,2026-03-03
U075,M021,3.6,2026-04-14
U013,M113,3.4,2025-08-24
U083,M096,2.7,2026-04-27
U081,M192,3.1,2025-07-21
U087,M030,3.3,2025-09-10
U083,M075,3.6,2025-12-28
U070,M038,3.5,2025-07-23
U062,M074,2.3,2025-09-17
U067,M197,3.0,2026-04-17
U020,M045,2.9,2025-12-30
U065,M160,2.6,2026-05-05
U006,M130,2.4,2025-10-16
U060,M007,1.9,2026-05-04
U077,M013,2.7,2026-05-25
U085,M067,3.1,2026-01-21
U049,M089,2.4,2025-07-05
U044,M023,2.9,2025-11-22
U068,M039,3.4,2025-10-31
U049,M145,3.6,2026-03-25
U031,M106,3.0,2026-03-11
U035,M131,3.7,2026-01-30
U042,M095,2.1,2025-06-22
U007,M094,2.7,2025-12-19
U094,M011,3.7,2025-08-17
U092,M011,3.9,2025-07-10
U061,M014,3.5,2025-10-30
U027,M062,3.0,2025-10-28
U003,M198,3.5,2025-07-11
U100,M163,2.4,2025-08-30
U024,M033,3.3,2026-04-23
U016,M101,3.4,2026-01-17
U068,M032,3.2,2025-08-15
U068,M190,3.1,2026-05-24
U083,M046,2.8,2025-08-19
U061,M128,3.6,2026-01-19
U067,M050,3.3,2025-11-14
U092,M196,2.8,2026-02-19
U068,M166,2.6,2026-04-24
U052,M069,2.8,2026-01-22
U020,M173,3.7,2026-04-23
U019,M179,3.2,2025-11-03
U080,M174,3.5,2025-12-26
U093,M044,3.7,2025-09-01
U074,M166,3.2,2025-06-18
U086,M188,3.0,2025-12-20
U053,M077,2.7,2026-03-06
U097,M184,2.7,2026-03-21
U048,M185,3.1,2025-08-29
U056,M055,3.3,2026-04-03
U040,M200,3.0,2026-01-18
U011,M119,2.7,2026-05-06
U050,M075,2.3,2025-07-07
U050,M041,2.2,2025-11-26
U006,M048,3.8,2025-11-01
U030,M185,3.3,2025-06-15
U048,M088,3.3,2025-08-21
U088,M048,3.6,2025-12-27
U025,M187,2.5,2026-05-15
U049,M079,2.8,2025-10-28
U036,M075,3.3,2025-09-06
U074,M136,3.3,2025-09-10
U094,M028,2.6,2025-11-19
U060,M157,3.0,2025-06-04
U008,M173,3.5,2025-06-08
U044,M010,3.8,2025-12-29
U088,M164,3.1,2026-04-27
U038,M062,1.2,2026-02-11
U028,M054,3.5,2025-11-26
U016,M102,3.3,2026-02-02
U019,M027,3.6,2026-04-10
U013,M183,3.8,2025-07-23
U059,M135,3.5,2025-09-30
U093,M032,2.8,2025-08-21
U007,M156,3.5,2026-02-14
U031,M152,3.0,2026-04-10
U081,M174,3.7,2026-02-14
U052,M165,2.7,2025-12-12
U029,M011,3.3,2025-10-30
U011,M193,3.8,2025-07-17
U098,M130,2.5,2025-09-14
U098,M084,3.3,2025-11-08
U053,M200,2.9,2025-08-17
U002,M048,2.5,2026-02-09
U015,M141,3.5,2026-03-22
U077,M135,2.3,2026-05-20
U032,M177,3.6,2025-11-14
U043,M121,4.3,2025-07-04
U090,M128,3.2,2026-01-11
U016,M186,4.6,2025-10-26
U001,M159,2.4,2025-06-12
U028,M101,2.7,2025-11-19
U079,M089,3.2,2026-03-19
U008,M020,3.7,2025-12-18
U037,M028,2.7,2025-08-23
U038,M058,2.6,2026-01-28
U051,M136,2.5,2025-09-24
U044,M007,3.0,2025-07-30
U018,M194,2.9,2025-10-30
U025,M044,2.1,2026-03-07
U028,M156,3.9,2025-07-22
U031,M116,2.2,2026-01-06
U010,M024,3.3,2026-01-16
U005,M179,2.0,2025-12-27
U017,M134,3.2,2025-08-25
U053,M192,2.6,2026-05-05
U100,M087,3.5,2026-01-25
U064,M102,2.6,2025-10-19
U056,M191,2.4,2026-05-03
U067,M178,3.0,2026-04-07
U015,M192,3.2,2026-03-22
U055,M200,2.9,2026-05-17
U006,M050,2.9,2026-04-28
U067,M053,2.9,2025-11-23
U050,M102,2.9,2025-07-19
U012,M196,2.8,2026-05-13
U059,M019,3.8,2025-12-13
U007,M111,2.9,2025-09-08
U071,M047,3.2,2025-10-15
U074,M028,3.7,2025-09-20
U068,M068,3.2,2025-12-29
U096,M011,3.1,2026-03-28
U031,M078,3.2,2025-08-16
U086,M141,3.1,2025-08-29
U018,M105,3.2,2026-05-03
U028,M060,2.6,2025-06-30
U048,M158,2.4,2026-03-24
U007,M027,2.0,2025-06-19
U089,M005,3.4,2025-07-20
U007,M130,3.5,2025-11-19
U073,M149,3.2,2025-05-29
U074,M047,3.6,2026-05-18
U097,M154,2.5,2025-05-30
U074,M160,4.0,2025-07-10
U054,M197,4.2,2025-07-11
U074,M097,3.0,2025-06-24
U078,M195,3.5,2025-07-23
U096,M187,2.7,2025-06-14
U087,M195,3.4,2025-10-05
U075,M099,3.2,2025-07-04
U073,M064,3.3,2026-03-12
U043,M145,3.6,2026-04-04
U038,M006,3.6,2025-09-12
U040,M146,2.0,2025-07-14
U025,M045,3.0,2026-02-18
U014,M048,2.4,2026-02-01
U038,M200,4.2,2026-03-15
U073,M144,2.9,2026-04-28
U053,M160,2.2,2025-06-02
U003,M143,3.2,2025-09-26
U016,M118,2.9,2025-10-25
U004,M165,3.3,2025-10-12
U067,M156,2.6,2026-02-03
U042,M172,2.7,2025-06-21
U032,M134,3.3,2026-03-17
U085,M144,3.6,2026-05-18
U037,M001,3.3,2025-12-01
U053,M170,3.0,2026-03-27
U019,M178,2.0,2025-08-10
U079,M112,4.1,2025-12-03
U004,M141,2.6,2026-03-12
U070,M174,2.5,2026-03-12
U012,M141,1.9,2025-11-12
U028,M004,2.7,2025-08-12
U062,M110,3.3,2026-04-06
U087,M176,2.8,2026-03-13
U099,M049,2.7,2025-08-29
U041,M147,3.0,2025-12-05
U097,M031,4.7,2026-01-18
U025,M199,2.8,2026-01-10
U031,M151,3.0,2025-12-18
U066,M070,4.1,2025-07-10
U062,M193,2.9,2026-02-01
U066,M112,1.8,2025-07-23
U051,M100,2.9,2026-04-24
U008,M030,3.2,2025-11-09
U065,M052,2.6,2026-04-18
U011,M172,3.1,2026-02-17
U079,M086,4.5,2026-05-13
U007,M017,2.9,2025-11-15
U068,M015,3.4,2025-07-17
U083,M072,2.6,2026-04-15
U038,M162,3.2,2025-07-20
U010,M189,3.1,2025-12-13
U007,M117,3.3,2025-10-30
U067,M051,3.6,2025-08-01
U057,M165,2.9,2025-10-28
U081,M037,2.4,2026-05-01
U094,M095,2.9,2026-02-03
U082,M072,4.7,2026-01-08
U003,M127,2.9,2025-10-13
U057,M154,3.6,2026-01-02
U051,M042,3.6,2026-04-27
U092,M115,3.4,2026-03-16
U086,M034,1.8,2025-07-25
U018,M089,3.5,2026-05-17
U072,M024,3.0,2025-09-17
U093,M161,2.8,2025-09-26
U050,M013,2.2,2026-03-05
U073,M180,3.0,2025-07-22
U009,M197,3.3,2026-01-12
U003,M102,3.4,2025-08-31
U012,M034,2.1,2025-12-17
U026,M089,3.1,2025-11-02
U027,M043,3.2,2025-06-13
U014,M021,3.0,2025-07-22
U021,M001,2.9,2025-11-13
U015,M057,3.7,2025-10-22
U031,M132,3.0,2025-06-18
U041,M034,3.1,2025-09-29
U045,M097,3.8,2026-03-25
U025,M056,2.5,2025-10-09
U010,M171,2.6,2025-08-20
U038,M079,3.8,2026-01-11
U076,M013,2.2,2026-03-01
U075,M083,2.3,2026-05-02
U019,M102,1.8,2025-12-27
U066,M012,3.9,2026-04-08
U007,M061,4.5,2025-10-07
U014,M102,2.8,2025-09-28
U060,M190,3.2,2025-09-13
U086,M132,2.6,2026-02-28
U024,M020,3.3,2026-05-19
U063,M151,2.3,2025-08-25
U024,M027,2.3,2025-07-09
U025,M067,2.0,2025-09-03
U054,M044,2.8,2025-08-06
U070,M088,3.0,2025-09-17
U094,M176,2.7,2025-07-20
U057,M060,3.7,2025-10-20
U030,M139,4.3,2026-01-22
U070,M175,2.5,2025-12-14
U053,M008,2.8,2025-12-04
U030,M147,2.3,2025-10-08
U090,M151,2.5,2025-08-21
U093,M163,2.4,2025-10-19
U059,M123,2.6,2025-06-02
U008,M104,3.2,2025-09-14
U031,M104,3.2,2025-09-03
U047,M196,4.0,2026-05-25
U049,M139,3.1,2026-03-14
U011,M169,2.4,2026-02-28
U024,M058,3.0,2025-07-08
U045,M084,2.5,2025-06-15
U087,M169,2.3,2025-11-20
U002,M199,3.5,2025-12-06
U070,M115,3.4,2026-04-03
U088,M068,2.3,2025-10-31
U067,M167,4.1,2026-02-26
U042,M146,2.3,2025-11-04
U006,M143,2.9,2025-07-28
U069,M198,3.0,2025-06-11
U035,M061,3.7,2025-10-18
U080,M156,2.7,2025-08-22
U037,M140,2.2,2026-05-18
U021,M033,3.5,2026-05-07
U043,M009,3.5,2025-07-21
U089,M187,2.4,2026-01-29
U093,M154,3.0,2025-06-06
U033,M130,3.7,2025-12-28
U083,M034,2.9,2025-12-25
U078,M087,1.9,2025-07-18
U009,M166,4.0,2026-04-13
U081,M140,2.9,2025-09-09
U059,M193,3.2,2026-05-08
U089,M168,1.7,2025-10-13
U012,M092,3.9,2026-02-24
U031,M140,2.6,2025-11-02
U058,M100,3.2,2025-09-24
U026,M139,3.0,2025-06-24
U024,M007,4.0,2025-07-15
U058,M071,3.4,2025-11-13
U100,M020,3.1,2025-07-16
U009,M185,3.0,2025-07-09
U085,M119,3.3,2025-09-15
U079,M137,2.0,2025-09-16
U050,M139,3.7,2026-03-11
U080,M148,2.1,2025-10-15
U065,M128,3.8,2026-03-09
U017,M082,3.0,2025-09-04
U074,M051,3.7,2025-09-16
U096,M010,3.2,2025-07-01
U069,M082,2.3,2025-06-12
U068,M001,2.6,2025-11-03
U083,M048,3.1,2025-06-11
U081,M061,3.2,2025-11-19
U007,M179,3.7,2026-01-09
U004,M170,3.3,2025-11-23
U097,M100,2.9,2025-11-12
U094,M159,2.5,2025-12-08
U005,M008,1.8,2025-06-16
U016,M043,4.6,2026-01-03
U048,M069,3.3,2026-01-18
U024,M135,2.3,2025-11-06
U026,M036,4.4,2025-11-27
U079,M076,2.4,2026-02-20
U018,M175,3.1,2025-08-27
U095,M148,2.5,2026-01-09
U044,M104,2.9,2026-03-03
U088,M084,2.4,2026-02-20
U069,M195,2.2,2025-12-05
U093,M124,3.2,2026-02-24
U044,M100,3.1,2026-03-02
U074,M044,2.8,2025-11-01
U076,M057,4.0,2025-06-05
U078,M176,3.8,2025-11-18
U014,M058,3.1,2025-09-10
U051,M095,2.7,2025-11-20
U004,M166,3.7,2025-09-18
U067,M068,2.5,2025-11-10
U072,M084,4.4,2026-05-18
U079,M083,3.3,2025-09-19
U099,M175,2.9,2025-12-30
U034,M058,3.7,2026-05-23
U025,M079,2.8,2025-07-09
U080,M031,3.5,2025-06-15
U066,M148,3.3,2026-04-18
U062,M043,2.1,2026-05-02
U026,M134,3.4,2025-05-31
U035,M010,3.0,2026-04-12
U040,M023,3.1,2025-12-11
U038,M117,3.1,2026-04-01
U042,M084,3.7,2026-02-12
U047,M159,3.3,2026-02-06
U013,M061,2.4,2025-10-20
U058,M082,3.7,2026-05-03
U020,M179,3.0,2025-07-01
U005,M199,2.6,2025-11-26
U023,M117,2.8,2025-11-11
U079,M136,2.8,2026-03-25
U078,M188,3.4,2026-03-20
U035,M093,2.3,2026-03-21
U052,M042,2.8,2026-03-17
U043,M143,3.4,2025-10-19
U054,M015,2.2,2025-12-11
U099,M150,3.5,2025-09-09
U054,M194,2.6,2025-10-08
