order_id,restaurant_id,rider_id,order_time,order_hour,is_weekend,is_peak_hour,user_lat,user_lon,restaurant_lat,restaurant_lon,rider_start_lat,rider_start_lon,distance_km,distance_rest_to_user_km,distance_rider_to_rest_km,food_type,prep_time_min,rider_avg_speed,has_elevator,floor,is_office_building,elevator_wait_min,weather_condition,weather_impact,traffic_index,traffic_impact,rider_experience_months,rider_rating,is_new_restaurant,restaurant_on_time_rate,restaurant_total_orders,delivery_time_min,delay_minutes,delay_reasons
ORD000001,R032,Rider025,2024-01-02 12:01:00,12,False,True,39.90163446613629,116.42055049641213,39.923253376527065,116.37499397389878,39.85202121997981,116.4341869019532,13.97,4.58,9.39,中餐,12.5,21.893376875425325,False,9,1,4.5,雾,1.25,0.79,1.4,23,3.7,0,0.81,589,95.1,39.8,天气影响(雾); 交通拥堵; 无电梯高楼层; 用餐高峰期
ORD000002,R042,Rider019,2024-01-04 22:21:00,22,False,False,39.885527402168414,116.39030701269726,39.865351725765606,116.4042464448576,39.93266459512356,116.36241431632648,10.82,2.54,8.29,火锅,31.5,18.761238504682826,True,21,1,3.7,多云,1.0,0.71,1.35,28,3.9,0,0.84,621,101.3,31.4,交通拥堵; 写字楼电梯等待
ORD000003,R014,Rider009,2024-01-05 16:24:00,16,False,False,39.87205301728121,116.47296467221776,39.89783515734865,116.39459393617881,39.91316369927242,116.40790369603127,9.34,7.29,2.05,烧烤,39.2,21.65584817621439,True,7,0,0.7,多云,1.0,0.27,1.14,35,4.5,1,0.82,66,77.0,11.2,新餐厅备餐波动
ORD000004,R047,Rider011,2024-01-04 17:17:00,17,False,True,39.952362720755396,116.42440715369098,39.88553288505282,116.39673534077251,39.99179211732871,116.37506806858579,19.73,7.79,11.94,日料,43.9,21.892899082250572,True,12,0,2.4,晴天,1.0,0.91,1.46,28,4.5,0,0.89,512,141.3,40.8,交通拥堵; 用餐高峰期
ORD000005,R008,Rider015,2024-01-06 21:28:00,21,True,False,39.86861015592854,116.4187319767376,39.91802448900446,116.40997770414891,39.90125555536833,116.39611115244051,7.74,5.54,2.21,火锅,21.6,18.318765046954884,True,30,0,3.5,晴天,1.0,0.46,1.23,18,5.0,0,0.81,1280,55.4,4.9,无
ORD000006,R001,Rider015,2024-01-03 13:51:00,13,False,True,39.91533316244881,116.39511620461155,39.91910142459034,116.40325207096485,39.90125555536833,116.39611115244051,2.89,0.81,2.07,西餐,39.5,20.721420317531773,False,17,0,8.5,晴天,1.0,0.88,1.44,18,5.0,0,0.89,1738,86.8,30.5,交通拥堵; 无电梯高楼层; 用餐高峰期
ORD000007,R006,Rider013,2024-01-02 16:52:00,16,False,False,39.859367105379185,116.40903947159103,39.897316486385044,116.41908046739768,39.92705390041307,116.44622095280053,8.34,4.3,4.04,中餐,33.5,34.50960294713008,True,2,1,0.9,小雨,1.15,0.36,1.18,13,4.9,0,0.82,1513,63.4,14.5,天气影响(小雨)
ORD000008,R004,Rider019,2024-01-05 16:35:00,16,False,False,39.85294809306093,116.34940573738076,39.90622584614064,116.3646575544136,39.93266459512356,116.36241431632648,9.0,6.06,2.94,火锅,12.7,17.58569855854176,True,23,0,3.0,多云,1.0,0.27,1.14,28,3.9,0,0.76,1942,60.7,14.3,无
ORD000009,R028,Rider023,2024-01-03 02:53:00,2,False,False,39.85419014007519,116.41303544987645,39.92038827604751,116.36245113087884,39.93964254240985,116.40191688715832,12.52,8.53,3.99,火锅,5.7,19.956235176487557,True,21,1,6.0,大雨,1.35,0.3,1.15,33,4.7,0,0.86,1899,73.2,23.8,天气影响(大雨); 写字楼电梯等待
ORD000010,R028,Rider008,2024-01-04 12:40:00,12,False,True,39.81525551876018,116.37447527754607,39.92038827604751,116.36245113087884,39.92497386056965,116.4687095565201,20.82,11.72,9.1,火锅,13.8,34.91538296415941,True,1,0,0.2,晴天,1.0,0.81,1.4,25,4.8,0,0.86,1899,68.2,18.4,交通拥堵; 用餐高峰期
ORD000011,R033,Rider022,2024-01-06 16:41:00,16,True,False,39.91029262054307,116.48819351566617,39.91675918407518,116.3855546225191,39.88685398692913,116.39370765445501,12.2,8.81,3.39,中餐,6.5,27.375211732613625,True,16,0,4.0,多云,1.0,0.24,1.12,34,4.0,0,0.82,637,38.9,1.7,无
ORD000012,R034,Rider018,2024-01-06 20:59:00,20,True,False,39.88357131720268,116.3984297936497,39.86870203135637,116.42224986962574,39.88619738114083,116.43231399729389,4.75,2.62,2.12,日料,33.0,28.505179326073854,False,15,0,7.5,多云,1.0,0.35,1.18,9,3.7,1,0.71,96,56.6,6.1,无电梯高楼层; 新餐厅备餐波动
ORD000013,R025,Rider028,2024-01-03 10:45:00,10,False,False,39.90700208652453,116.45387513210433,39.92272922536534,116.4439121239094,39.8468364452307,116.39973868704347,11.18,1.94,9.23,烧烤,15.6,21.446664219284813,True,20,1,4.0,雾,1.25,0.25,1.13,14,4.0,1,0.83,93,69.3,18.4,天气影响(雾); 写字楼电梯等待; 新餐厅备餐波动
ORD000014,R011,Rider019,2024-01-01 13:36:00,13,False,True,39.90530886753906,116.44138867025617,39.85697534139168,116.42653858829674,39.93266459512356,116.36241431632648,15.55,5.51,10.04,快餐,13.9,19.90934345614275,True,27,0,4.8,晴天,1.0,0.99,1.49,28,3.9,0,0.84,1585,95.6,30.1,交通拥堵; 用餐高峰期
ORD000015,R011,Rider028,2024-01-07 12:22:00,12,True,True,39.87808412910354,116.44931768247008,39.85697534139168,116.42653858829674,39.8468364452307,116.39973868704347,5.6,3.05,2.55,快餐,14.6,21.770606507501,True,13,1,2.5,大雨,1.35,0.9,1.45,14,4.0,0,0.84,1585,70.6,38.1,天气影响(大雨); 交通拥堵; 写字楼电梯等待; 用餐高峰期
ORD000016,R035,Rider009,2024-01-06 13:44:00,13,True,True,39.89419813941605,116.40666786063913,39.868196047868096,116.44344141332652,39.91316369927242,116.40790369603127,10.12,4.27,5.85,快餐,40.4,22.371177722249456,True,13,0,3.1,晴天,1.0,0.84,1.42,35,4.5,1,0.83,67,102.2,31.6,交通拥堵; 用餐高峰期; 新餐厅备餐波动
ORD000017,R023,Rider022,2024-01-04 20:46:00,20,False,False,39.92642417864014,116.4109832272502,39.89349764922696,116.42408365395602,39.88685398692913,116.39370765445501,6.52,3.82,2.7,日料,24.8,27.0355562149052,True,9,1,1.4,晴天,1.0,0.43,1.22,34,4.0,0,0.94,1116,54.4,13.8,无
ORD000018,R011,Rider007,2024-01-02 06:12:00,6,False,False,39.860133523384825,116.43285172673754,39.85697534139168,116.42653858829674,39.8812319420477,116.34772102698165,7.91,0.64,7.26,快餐,11.5,35.37049892111172,False,3,0,1.5,多云,1.0,0.3,1.15,20,3.7,0,0.84,1585,33.9,7.5,无
ORD000019,R003,Rider010,2024-01-04 18:16:00,18,False,True,39.901578095728766,116.48666767225599,39.90486665479836,116.3945662125919,39.876127462298896,116.36871555781596,11.77,7.88,3.88,烧烤,31.3,21.2530673593157,True,27,0,3.8,晴天,1.0,0.95,1.48,3,4.9,0,0.76,799,98.0,29.7,交通拥堵; 用餐高峰期
ORD000020,R035,Rider016,2024-01-03 15:46:00,15,False,False,39.9305612539549,116.39637958838127,39.868196047868096,116.44344141332652,39.917836887942364,116.40394345972673,14.47,8.01,6.46,快餐,40.4,28.67129052116594,True,29,0,5.0,多云,1.0,0.34,1.17,13,3.6,1,0.83,67,82.6,7.0,新餐厅备餐波动
ORD000021,R002,Rider022,2024-01-03 09:52:00,9,False,False,39.94877286778676,116.44353796144364,39.95157638446523,116.43042304187458,39.88685398692913,116.39370765445501,9.01,1.16,7.84,日料,14.4,33.332618341127514,True,11,1,2.3,晴天,1.0,0.71,1.36,34,4.0,1,0.82,47,45.0,12.1,交通拥堵; 写字楼电梯等待; 新餐厅备餐波动
ORD000022,R036,Rider009,2024-01-03 17:58:00,17,False,True,39.91644057592072,116.44958665248173,39.91483258755359,116.35099062234642,39.91316369927242,116.40790369603127,13.3,8.43,4.87,日料,23.5,21.51602392554875,False,4,0,2.0,多云,1.0,0.85,1.42,35,4.5,0,0.94,1695,92.0,29.3,交通拥堵; 用餐高峰期
ORD000023,R006,Rider030,2024-01-05 16:40:00,16,False,False,39.93404403947478,116.34239856123011,39.897316486385044,116.41908046739768,39.911325137030445,116.40882541839402,9.51,7.72,1.79,中餐,31.0,31.37600313253359,True,14,1,2.2,多云,1.0,0.27,1.14,22,3.9,0,0.82,1513,62.2,10.7,写字楼电梯等待
ORD000024,R018,Rider014,2024-01-05 16:48:00,16,False,False,39.98402669959136,116.5317967422402,39.93680181069118,116.43754960642107,39.93387852066118,116.46646634501718,12.1,9.61,2.49,日料,14.9,17.935233251007332,True,9,0,1.1,多云,1.0,0.27,1.14,10,4.9,1,0.74,11,62.3,5.8,新餐厅备餐波动
ORD000025,R036,Rider026,2024-01-04 17:32:00,17,False,True,39.941889526059896,116.4477626118419,39.91483258755359,116.35099062234642,39.86014992380612,116.42690693099692,17.69,8.8,8.89,日料,26.7,25.105411724754028,True,24,0,2.7,晴天,1.0,0.91,1.46,25,4.8,0,0.94,1695,99.2,27.4,交通拥堵; 用餐高峰期
ORD000026,R027,Rider029,2024-01-02 20:00:00,20,False,False,39.95363246480028,116.40204444293737,39.94449504636891,116.38536357050157,39.9827701186798,116.39951113316586,6.17,1.75,4.42,西餐,18.0,23.24132433649628,True,27,0,4.8,晴天,1.0,0.32,1.16,30,3.7,0,0.82,787,53.3,14.5,无
ORD000027,R030,Rider005,2024-01-01 09:42:00,9,False,False,39.933188954315774,116.33868823616767,39.89749611644023,116.42882001482276,39.846276626340114,116.35110144902494,17.41,8.67,8.75,日料,16.1,23.832876080535232,True,22,0,2.2,晴天,1.0,0.94,1.47,17,4.9,1,0.76,62,92.9,30.7,交通拥堵; 新餐厅备餐波动
ORD000028,R021,Rider015,2024-01-07 20:22:00,20,True,False,39.80964126022992,116.36519286111587,39.90504298390045,116.37148738809985,39.90125555536833,116.39611115244051,12.75,10.61,2.15,西餐,14.7,17.377588964523813,True,9,1,3.0,多云,1.0,0.27,1.13,18,5.0,0,0.95,863,65.2,3.4,无
ORD000029,R020,Rider030,2024-01-07 21:42:00,21,True,False,39.86034390055395,116.44092947518284,39.927930958411295,116.38011837635615,39.911325137030445,116.40882541839402,12.2,9.13,3.07,西餐,34.2,29.275052046388133,True,28,0,4.2,晴天,1.0,0.71,1.35,22,3.9,0,0.9,297,85.1,21.7,交通拥堵
ORD000030,R031,Rider025,2024-01-04 13:57:00,13,False,True,39.91209169062525,116.41985234693772,39.875714428644635,116.38949308005311,39.85202121997981,116.4341869019532,9.44,4.8,4.64,中餐,41.1,20.72788005276628,True,26,0,3.5,多云,1.0,0.74,1.37,23,3.7,0,0.86,117,100.5,28.6,交通拥堵; 用餐高峰期
ORD000031,R022,Rider010,2024-01-03 23:42:00,23,False,False,40.002178391958324,116.36034786972307,39.92367260197888,116.37071379389974,39.876127462298896,116.36871555781596,14.04,8.76,5.28,快餐,22.8,18.162560962848918,True,13,1,2.0,晴天,1.0,0.3,1.15,3,4.9,1,0.76,91,83.6,12.4,写字楼电梯等待; 新餐厅备餐波动
ORD000032,R012,Rider019,2024-01-06 09:19:00,9,True,False,39.96145467127325,116.40023400969346,39.9031252188267,116.45433930967441,39.93266459512356,116.36241431632648,16.47,7.96,8.52,西餐,18.2,19.877522485757407,True,20,0,2.8,晴天,1.0,0.24,1.12,28,3.9,0,0.85,1677,73.7,3.0,无
ORD000033,R006,Rider030,2024-01-04 12:12:00,12,False,True,39.891698290516,116.39222382004056,39.897316486385044,116.41908046739768,39.911325137030445,116.40882541839402,4.17,2.38,1.79,中餐,41.3,32.14228754981611,True,24,1,3.7,晴天,1.0,0.81,1.4,22,3.9,0,0.82,1513,76.8,24.0,交通拥堵; 写字楼电梯等待; 用餐高峰期
ORD000034,R021,Rider020,2024-01-03 22:58:00,22,False,False,39.83276534032264,116.45692951762585,39.90504298390045,116.37148738809985,39.95521852994615,116.403737357574,17.07,10.86,6.22,西餐,10.4,18.18917685964458,True,5,1,2.4,多云,1.0,0.48,1.24,12,4.7,0,0.95,863,87.7,18.6,无
ORD000035,R012,Rider005,2024-01-03 19:42:00,19,False,True,39.89188766115445,116.36113856060649,39.9031252188267,116.45433930967441,39.846276626340114,116.35110144902494,18.92,8.07,10.86,西餐,30.4,21.072525374029667,True,21,0,4.7,晴天,1.0,0.73,1.37,17,4.9,0,0.85,1677,122.5,33.4,交通拥堵; 用餐高峰期
ORD000036,R007,Rider029,2024-01-04 19:03:00,19,False,True,39.956034871274525,116.45282480588732,39.926353997399865,116.4125410484357,39.9827701186798,116.39951113316586,11.13,4.77,6.36,火锅,41.2,26.49075563462568,True,25,0,5.0,小雨,1.15,0.8,1.4,30,3.7,1,0.71,49,109.5,38.0,天气影响(小雨); 交通拥堵; 用餐高峰期; 新餐厅备餐波动
ORD000037,R043,Rider019,2024-01-01 11:25:00,11,False,True,39.91551154785935,116.39577157026586,39.94743819867199,116.36432413546461,39.93266459512356,116.36241431632648,6.1,4.45,1.65,日料,32.2,21.988828747718536,True,13,0,1.6,大雨,1.35,0.79,1.4,28,3.9,0,0.95,1448,92.9,42.5,天气影响(大雨); 交通拥堵; 用餐高峰期
ORD000038,R029,Rider029,2024-01-01 10:29:00,10,False,False,39.912293151856915,116.47267427596356,39.929703617463716,116.41923019854394,39.9827701186798,116.39951113316586,11.09,4.96,6.13,快餐,12.9,21.665278737071173,True,29,0,3.5,晴天,1.0,0.46,1.23,30,3.7,0,0.86,1639,61.7,14.6,无
ORD000039,R027,Rider028,2024-01-05 11:16:00,11,False,True,39.923848306616485,116.39307882481012,39.94449504636891,116.38536357050157,39.8468364452307,116.39973868704347,13.3,2.39,10.91,西餐,26.1,16.861027361268096,False,10,0,5.0,晴天,1.0,0.84,1.42,14,4.0,0,0.82,787,104.5,26.0,交通拥堵; 无电梯高楼层; 用餐高峰期
ORD000040,R040,Rider001,2024-01-04 11:08:00,11,False,True,39.88543434539684,116.35027406018219,39.91551888796381,116.45694052959438,39.91716665409954,116.40219427782529,14.4,9.71,4.68,西餐,29.6,18.712533040930236,True,15,0,1.7,晴天,1.0,0.89,1.45,19,4.2,0,0.85,1199,112.9,35.4,交通拥堵; 用餐高峰期
ORD000041,R006,Rider015,2024-01-05 15:41:00,15,False,False,39.92894520480439,116.35474919835703,39.897316486385044,116.41908046739768,39.90125555536833,116.39611115244051,8.54,6.53,2.01,中餐,27.5,16.732044481461333,False,10,1,5.0,晴天,1.0,0.2,1.1,18,5.0,0,0.82,1513,72.5,9.4,无电梯高楼层
ORD000042,R029,Rider010,2024-01-07 07:40:00,7,True,False,39.90086425515485,116.27988754095838,39.929703617463716,116.41923019854394,39.876127462298896,116.36871555781596,19.69,12.34,7.35,快餐,10.9,16.000184313072296,True,27,0,4.0,晴天,1.0,0.43,1.22,3,4.9,0,0.86,1639,109.6,20.9,无
ORD000043,R034,Rider029,2024-01-03 15:42:00,15,False,False,39.94105656722698,116.37724345882533,39.86870203135637,116.42224986962574,39.9827701186798,116.39951113316586,21.72,8.91,12.81,日料,33.0,26.009193589838002,True,16,1,3.7,多云,1.0,0.34,1.17,30,3.7,1,0.71,96,104.9,18.0,写字楼电梯等待; 新餐厅备餐波动
ORD000044,R023,Rider007,2024-01-02 18:16:00,18,False,True,39.85338365024083,116.50518331010329,39.89349764922696,116.42408365395602,39.8812319420477,116.34772102698165,14.92,8.24,6.67,日料,36.1,28.00912607594021,True,6,0,1.0,小雨,1.15,0.91,1.46,20,3.7,0,0.94,1116,114.8,45.8,天气影响(小雨); 交通拥堵; 用餐高峰期
ORD000045,R038,Rider014,2024-01-07 17:38:00,17,True,True,39.90727815960903,116.38539538868254,39.93564059231985,116.38854290757573,39.93387852066118,116.46646634501718,9.82,3.16,6.66,中餐,17.8,22.504894678952077,True,11,0,2.5,小雨,1.15,0.69,1.34,10,4.9,0,0.85,1469,69.4,23.0,天气影响(小雨); 交通拥堵; 用餐高峰期
ORD000046,R001,Rider030,2024-01-06 15:48:00,15,True,False,39.9230442319945,116.34189580330172,39.91910142459034,116.40325207096485,39.911325137030445,116.40882541839402,6.25,5.26,0.99,西餐,28.4,27.679124509201028,True,11,0,2.4,晴天,1.0,0.33,1.16,22,3.9,0,0.89,1738,56.3,11.9,无
ORD000047,R035,Rider025,2024-01-04 18:21:00,18,False,True,39.85600257595088,116.46212393927055,39.868196047868096,116.44344141332652,39.85202121997981,116.4341869019532,4.06,2.09,1.96,快餐,40.4,19.90903893559364,True,23,0,5.0,晴天,1.0,0.95,1.48,23,3.7,1,0.83,67,79.4,21.8,交通拥堵; 用餐高峰期; 新餐厅备餐波动
ORD000048,R004,Rider005,2024-01-06 16:05:00,16,True,False,39.87519613116103,116.41540059404687,39.90622584614064,116.3646575544136,39.846276626340114,116.35110144902494,12.3,5.54,6.76,火锅,15.2,20.88659089730588,True,10,0,2.3,多云,1.0,0.24,1.12,17,4.9,0,0.76,1942,59.4,6.5,无
ORD000049,R019,Rider001,2024-01-05 10:58:00,10,False,False,39.90462568972931,116.3984307917358,39.94131048218809,116.36460563345823,39.91716665409954,116.40219427782529,9.18,5.0,4.18,日料,13.1,23.67983745290531,False,24,0,12.0,小雨,1.15,0.47,1.24,19,4.2,0,0.87,829,74.2,25.9,天气影响(小雨); 无电梯高楼层
ORD000050,R046,Rider020,2024-01-01 15:04:00,15,False,False,39.89818142400708,116.43410643170587,39.90750898735901,116.3944992384245,39.95521852994615,116.403737357574,8.9,3.54,5.36,中餐,20.1,17.509319939133924,True,16,0,2.1,多云,1.0,0.08,1.04,12,4.7,0,0.9,704,57.8,5.1,无
ORD000051,R023,Rider019,2024-01-02 09:37:00,9,False,False,39.92799114383298,116.42212646780213,39.89349764922696,116.42408365395602,39.93266459512356,116.36241431632648,10.67,3.83,6.83,日料,25.8,17.259922635267653,False,1,0,0.5,晴天,1.0,0.94,1.47,28,3.9,0,0.94,1116,89.2,25.8,交通拥堵
ORD000052,R035,Rider016,2024-01-07 09:45:00,9,True,False,39.91352370610059,116.42518928936651,39.868196047868096,116.44344141332652,39.917836887942364,116.40394345972673,11.73,5.27,6.46,快餐,40.4,25.71115889686835,True,25,1,7.4,晴天,1.0,0.45,1.22,13,3.6,1,0.83,67,92.5,17.4,写字楼电梯等待; 新餐厅备餐波动
ORD000053,R024,Rider009,2024-01-03 20:30:00,20,False,False,39.956331121492646,116.35742419187761,39.91199648382746,116.43085468615331,39.91316369927242,116.40790369603127,9.94,7.98,1.97,西餐,21.7,24.15943562584791,True,7,0,2.4,晴天,1.0,0.45,1.23,35,4.5,0,0.83,915,52.2,3.4,无
ORD000054,R029,Rider027,2024-01-04 04:14:00,4,False,False,39.9168341379979,116.34712506724787,39.929703617463716,116.41923019854394,39.886332661172375,116.38837314608125,11.82,6.33,5.49,快餐,12.0,20.396882791544094,False,26,0,13.0,晴天,1.0,0.2,1.1,21,3.8,0,0.86,1639,67.2,7.5,无电梯高楼层
ORD000055,R020,Rider021,2024-01-04 14:18:00,14,False,False,39.90013119897788,116.45738019602824,39.927930958411295,116.38011837635615,39.920748511998084,116.46108354017223,14.26,7.29,6.97,西餐,27.0,35.52060288238644,True,4,1,1.2,雾,1.25,0.37,1.18,23,4.6,0,0.9,297,68.9,16.6,天气影响(雾)
ORD000056,R004,Rider015,2024-01-04 10:35:00,10,False,False,39.96442180767624,116.40232477143591,39.90622584614064,116.3646575544136,39.90125555536833,116.39611115244051,9.97,7.22,2.75,火锅,13.5,16.82107099951814,True,22,0,3.8,大雨,1.35,0.44,1.22,18,5.0,0,0.76,1942,79.6,26.7,天气影响(大雨)
ORD000057,R015,Rider015,2024-01-06 09:11:00,9,True,False,39.87215732038401,116.44234514008298,39.945355864006494,116.41266659881865,39.90125555536833,116.39611115244051,13.61,8.51,5.1,快餐,9.9,17.321914591731804,True,30,1,5.1,晴天,1.0,0.24,1.12,18,5.0,0,0.82,1348,64.8,2.7,写字楼电梯等待
ORD000058,R019,Rider029,2024-01-03 09:45:00,9,False,False,39.905670329061984,116.3981269532303,39.94131048218809,116.36460563345823,39.9827701186798,116.39951113316586,10.37,4.89,5.49,日料,11.0,23.832090888104347,True,26,0,5.0,晴天,1.0,0.71,1.36,30,3.7,0,0.87,829,63.5,21.3,交通拥堵
ORD000059,R006,Rider005,2024-01-05 20:03:00,20,False,False,39.86292179031623,116.40137437118874,39.897316486385044,116.41908046739768,39.846276626340114,116.35110144902494,12.23,4.11,8.12,中餐,32.0,24.354421400859827,True,3,0,0.4,多云,1.0,0.25,1.13,17,4.9,0,0.82,1513,66.8,4.3,无
ORD000060,R024,Rider029,2024-01-03 17:15:00,17,False,True,39.90281912800675,116.40783515032808,39.91199648382746,116.43085468615331,39.9827701186798,116.39951113316586,10.52,2.22,8.3,西餐,34.2,25.42521284145579,True,22,0,2.5,多云,1.0,0.85,1.42,30,3.7,0,0.83,915,89.0,27.5,交通拥堵; 用餐高峰期
ORD000061,R008,Rider011,2024-01-04 15:34:00,15,False,False,39.89915584122721,116.33372408908168,39.91802448900446,116.40997770414891,39.99179211732871,116.37506806858579,15.57,6.85,8.72,火锅,26.7,27.679847499627424,False,1,1,0.5,晴天,1.0,0.34,1.17,28,4.5,0,0.81,1280,68.5,7.6,无
ORD000062,R045,Rider001,2024-01-02 20:13:00,20,False,False,39.8877237664029,116.39409380727686,39.93831052255901,116.42080670434322,39.91716665409954,116.40219427782529,8.9,6.06,2.84,日料,25.8,18.901392554309982,True,3,1,5.0,晴天,1.0,0.32,1.16,19,4.2,0,0.8,384,65.7,6.6,无
ORD000063,R038,Rider004,2024-01-03 18:52:00,18,False,True,39.859392662452514,116.48533370579159,39.93564059231985,116.38854290757573,39.8938632905673,116.45473929280564,19.16,11.84,7.32,中餐,21.3,24.00120359072764,True,8,1,2.1,大雨,1.35,0.85,1.42,9,4.7,0,0.85,1469,134.4,63.1,天气影响(大雨); 交通拥堵; 用餐高峰期
ORD000064,R009,Rider001,2024-01-05 22:32:00,22,False,False,39.91033314648549,116.38888175589565,39.84792969683381,116.3663965358334,39.91716665409954,116.40219427782529,15.47,7.19,8.27,西餐,21.8,22.859538542235935,True,2,1,2.9,雪,1.4,0.38,1.19,19,4.2,0,0.75,1622,104.4,39.1,天气影响(雪)
ORD000065,R007,Rider003,2024-01-07 16:39:00,16,True,False,39.91814380479444,116.41029047603895,39.926353997399865,116.4125410484357,39.97674666303516,116.42358331580469,6.61,0.93,5.67,火锅,41.2,30.097395568212377,True,14,0,2.2,小雨,1.15,0.45,1.23,12,4.5,1,0.71,49,74.7,18.1,天气影响(小雨); 新餐厅备餐波动
ORD000066,R048,Rider005,2024-01-02 11:42:00,11,False,True,39.897853059780836,116.45749468386643,39.87933014967234,116.39059456879409,39.846276626340114,116.35110144902494,11.07,6.08,4.99,日料,17.7,19.564371124947783,True,17,0,1.8,多云,1.0,0.94,1.47,17,4.9,0,0.94,1812,79.9,26.4,交通拥堵; 用餐高峰期
ORD000067,R040,Rider006,2024-01-02 18:32:00,18,False,True,39.94669334649681,116.4044677937164,39.91551888796381,116.45694052959438,39.8754622311499,116.39886211393153,12.33,5.67,6.67,西餐,35.1,25.86996646026807,True,29,0,4.2,小雨,1.15,0.91,1.46,27,3.9,0,0.85,1199,109.2,41.3,天气影响(小雨); 交通拥堵; 用餐高峰期
ORD000068,R007,Rider004,2024-01-01 20:52:00,20,False,False,39.858793526838724,116.34315048930101,39.926353997399865,116.4125410484357,39.8938632905673,116.45473929280564,14.67,9.57,5.1,火锅,41.2,26.49486580055398,False,12,0,6.0,晴天,1.0,0.32,1.16,9,4.7,1,0.71,49,87.5,7.1,无电梯高楼层; 新餐厅备餐波动
ORD000069,R004,Rider009,2024-01-07 10:57:00,10,True,False,39.97746489138634,116.39745536584932,39.90622584614064,116.3646575544136,39.91316369927242,116.40790369603127,12.17,8.39,3.78,火锅,17.9,23.787018399753954,False,7,0,3.5,多云,1.0,0.31,1.15,35,4.5,0,0.76,1942,59.4,7.3,无电梯高楼层
ORD000070,R045,Rider004,2024-01-06 15:43:00,15,True,False,39.941549848353525,116.44561076948828,39.93831052255901,116.42080670434322,39.8938632905673,116.45473929280564,7.87,2.15,5.72,日料,21.9,23.346439098468664,False,8,0,4.0,晴天,1.0,0.33,1.16,9,4.7,0,0.8,384,50.8,4.6,无电梯高楼层
ORD000071,R017,Rider021,2024-01-02 17:58:00,17,False,True,39.92859406175199,116.41899297266201,39.899361428650025,116.41952152570443,39.920748511998084,116.46108354017223,7.52,3.25,4.27,中餐,35.6,36.11151595251964,True,5,1,2.6,多云,1.0,0.89,1.45,23,4.6,0,0.91,1236,68.5,17.8,交通拥堵; 用餐高峰期
ORD000072,R031,Rider013,2024-01-06 10:54:00,10,True,False,39.914181927583925,116.35184491961468,39.875714428644635,116.38949308005311,39.92705390041307,116.44622095280053,12.83,5.35,7.49,中餐,34.9,33.455684890618066,False,15,0,7.5,多云,1.0,0.45,1.22,13,4.9,0,0.86,117,75.0,9.6,无电梯高楼层
ORD000073,R001,Rider026,2024-01-02 18:18:00,18,False,True,39.92662869129171,116.40409414127893,39.91910142459034,116.40325207096485,39.86014992380612,116.42690693099692,7.69,0.84,6.85,西餐,42.7,28.79884678619189,False,18,0,9.0,小雨,1.15,0.91,1.46,25,4.8,0,0.89,1738,113.3,45.6,天气影响(小雨); 交通拥堵; 无电梯高楼层; 用餐高峰期
ORD000074,R009,Rider025,2024-01-07 14:38:00,14,True,False,39.876075157813375,116.37492313363568,39.84792969683381,116.3663965358334,39.85202121997981,116.4341869019532,9.03,3.21,5.82,西餐,25.2,19.942545926388906,True,18,0,1.9,多云,1.0,0.14,1.07,23,3.7,0,0.75,1622,39.5,0.0,无
ORD000075,R038,Rider007,2024-01-01 06:08:00,6,False,False,39.97439247502399,116.39465006739015,39.93564059231985,116.38854290757573,39.8812319420477,116.34772102698165,11.31,4.33,6.98,中餐,10.9,33.31354591566609,False,21,0,10.5,晴天,1.0,0.42,1.21,20,3.7,0,0.85,1469,55.6,13.8,无电梯高楼层
ORD000076,R029,Rider028,2024-01-03 09:06:00,9,False,False,39.855772680567725,116.41046436281806,39.929703617463716,116.41923019854394,39.8468364452307,116.39973868704347,17.59,8.24,9.35,快餐,10.5,22.816644393553513,False,16,0,8.0,晴天,1.0,0.71,1.36,14,4.0,0,0.86,1639,86.9,22.1,交通拥堵; 无电梯高楼层
ORD000077,R046,Rider007,2024-01-07 09:41:00,9,True,False,39.92522451417794,116.41816089077047,39.90750898735901,116.3944992384245,39.8812319420477,116.34772102698165,7.77,2.82,4.95,中餐,20.1,36.18486861054355,False,15,0,7.5,晴天,1.0,0.45,1.22,20,3.7,0,0.9,704,46.0,5.5,无电梯高楼层
ORD000078,R015,Rider022,2024-01-06 19:39:00,19,True,True,39.90202163442158,116.38817408234047,39.945355864006494,116.41266659881865,39.88685398692913,116.39370765445501,11.94,5.25,6.69,快餐,20.6,27.29709573045137,True,19,0,2.0,晴天,1.0,0.72,1.36,34,4.0,0,0.82,1348,72.8,23.9,交通拥堵; 用餐高峰期
ORD000079,R006,Rider001,2024-01-03 17:05:00,17,False,True,39.90306564282971,116.40583054105204,39.897316486385044,116.41908046739768,39.91716665409954,116.40219427782529,3.94,1.3,2.63,中餐,35.0,21.45025687051472,True,1,0,0.3,多云,1.0,0.85,1.42,19,4.2,0,0.82,1513,67.1,20.8,交通拥堵; 用餐高峰期
ORD000080,R046,Rider002,2024-01-01 15:09:00,15,False,False,39.82121439849815,116.41168679661038,39.90750898735901,116.3944992384245,39.94914167126766,116.49312820752455,19.31,9.69,9.62,中餐,15.8,19.82459017560995,False,11,1,5.5,多云,1.0,0.08,1.04,23,4.7,0,0.9,704,79.9,0.2,无电梯高楼层; 写字楼电梯等待
ORD000081,R014,Rider013,2024-01-02 19:32:00,19,False,True,39.90987113482766,116.44238976332126,39.89783515734865,116.39459393617881,39.92705390041307,116.44622095280053,9.78,4.3,5.48,烧烤,39.2,31.684319533573962,True,28,1,7.1,小雨,1.15,0.98,1.49,13,4.9,1,0.82,66,112.9,48.0,天气影响(小雨); 交通拥堵; 写字楼电梯等待; 用餐高峰期; 新餐厅备餐波动
ORD000082,R022,Rider013,2024-01-04 00:42:00,0,False,False,39.8964517848078,116.42901151776142,39.92367260197888,116.37071379389974,39.92705390041307,116.44622095280053,12.3,5.83,6.47,快餐,22.8,34.12991956983506,True,4,0,0.6,多云,1.0,0.32,1.16,13,4.9,1,0.76,91,46.7,1.6,新餐厅备餐波动
ORD000083,R011,Rider013,2024-01-04 23:47:00,23,False,False,39.896896324888765,116.39260683645821,39.85697534139168,116.42653858829674,39.92705390041307,116.44622095280053,13.26,5.3,7.96,快餐,11.0,30.05776239886856,True,14,1,2.5,小雨,1.15,0.23,1.12,13,4.9,0,0.84,1585,58.3,18.3,天气影响(小雨); 写字楼电梯等待
ORD000084,R046,Rider008,2024-01-03 17:25:00,17,False,True,39.892054957084085,116.42537871113788,39.90750898735901,116.3944992384245,39.92497386056965,116.4687095565201,9.78,3.15,6.63,中餐,23.7,29.40330639392029,False,10,0,5.0,多云,1.0,0.85,1.42,25,4.8,0,0.9,704,63.2,14.5,交通拥堵; 无电梯高楼层; 用餐高峰期
ORD000085,R019,Rider002,2024-01-04 16:03:00,16,False,False,39.88830706989795,116.48796921897912,39.94131048218809,116.36460563345823,39.94914167126766,116.49312820752455,23.1,12.08,11.02,日料,16.9,21.50805521539866,True,9,0,1.9,小雨,1.15,0.39,1.19,23,4.7,0,0.87,829,113.2,29.9,天气影响(小雨)
ORD000086,R023,Rider021,2024-01-01 20:22:00,20,False,False,39.86976353877627,116.38717095988278,39.89349764922696,116.42408365395602,39.920748511998084,116.46108354017223,8.49,4.11,4.38,日料,32.5,29.647478817981042,False,29,1,14.5,晴天,1.0,0.32,1.16,23,4.6,0,0.94,1116,83.5,19.3,无电梯高楼层; 写字楼电梯等待
ORD000087,R018,Rider024,2024-01-06 08:32:00,8,True,False,39.9385557918664,116.4943484055821,39.93680181069118,116.43754960642107,39.836064702425794,116.40517809204412,16.38,4.86,11.52,日料,14.9,27.084459656747523,True,25,0,3.2,小雨,1.15,0.47,1.23,5,5.0,1,0.74,11,68.3,13.8,天气影响(小雨); 新餐厅备餐波动
ORD000088,R032,Rider004,2024-01-05 21:03:00,21,False,False,39.877896778140595,116.42107165872476,39.923253376527065,116.37499397389878,39.8938632905673,116.45473929280564,13.95,6.39,7.56,中餐,10.3,25.504158833636225,False,8,0,4.0,晴天,1.0,0.66,1.33,9,4.7,0,0.81,589,67.5,20.4,交通拥堵; 无电梯高楼层
ORD000089,R035,Rider005,2024-01-06 16:34:00,16,True,False,39.91618065858044,116.38939134342246,39.868196047868096,116.44344141332652,39.846276626340114,116.35110144902494,15.32,7.05,8.27,快餐,40.4,22.138146207593007,False,16,0,8.0,多云,1.0,0.24,1.12,17,4.9,1,0.83,67,102.5,12.6,无电梯高楼层; 新餐厅备餐波动
ORD000090,R021,Rider029,2024-01-06 21:09:00,21,True,False,39.884254644168465,116.34920844597852,39.90504298390045,116.37148738809985,39.9827701186798,116.39951113316586,11.95,2.99,8.96,西餐,11.1,25.20028782162011,False,26,0,13.0,晴天,1.0,0.46,1.23,30,3.7,0,0.95,863,60.8,8.3,无电梯高楼层
ORD000091,R044,Rider015,2024-01-06 08:23:00,8,True,False,39.880046468100275,116.34507709056585,39.93937307347177,116.4233420003288,39.90125555536833,116.39611115244051,14.22,9.39,4.83,火锅,18.5,20.456987658794144,False,30,0,15.0,小雨,1.15,0.47,1.23,18,5.0,0,0.88,1668,100.5,25.3,天气影响(小雨); 无电梯高楼层
ORD000092,R050,Rider026,2024-01-01 18:53:00,18,False,True,39.9331768281893,116.48076808143425,39.9045643952722,116.43532802251922,39.86014992380612,116.42690693099692,10.0,5.02,4.98,快餐,38.2,24.423680002487053,True,1,0,0.1,多云,1.0,0.75,1.37,25,4.8,0,0.82,798,84.2,21.3,交通拥堵; 用餐高峰期
ORD000093,R040,Rider014,2024-01-03 20:40:00,20,False,False,39.91268146047532,116.43875870604867,39.91551888796381,116.45694052959438,39.93387852066118,116.46646634501718,3.78,1.59,2.2,西餐,21.2,21.064953539559482,True,21,0,2.7,晴天,1.0,0.45,1.23,10,4.9,0,0.85,1199,38.1,3.4,无
ORD000094,R023,Rider003,2024-01-04 10:44:00,10,False,False,39.90395193234268,116.45463959621222,39.89349764922696,116.42408365395602,39.97674666303516,116.42358331580469,12.1,2.86,9.24,日料,30.2,30.51100974058884,True,12,0,2.7,大雨,1.35,0.44,1.22,12,4.5,0,0.94,1116,98.0,41.2,天气影响(大雨)
ORD000095,R050,Rider021,2024-01-03 22:42:00,22,False,False,39.955063163119576,116.41699430983397,39.9045643952722,116.43532802251922,39.920748511998084,116.46108354017223,8.66,5.82,2.84,快餐,29.5,34.397725205514256,True,21,0,3.2,多云,1.0,0.48,1.24,23,4.6,0,0.82,798,47.3,0.0,无
ORD000096,R048,Rider014,2024-01-06 21:12:00,21,True,False,39.895381430244235,116.37929369019533,39.87933014967234,116.39059456879409,39.93387852066118,116.46646634501718,10.9,2.03,8.88,日料,6.3,17.555294598348226,True,29,0,3.9,晴天,1.0,0.46,1.23,10,4.9,0,0.94,1812,68.3,20.8,无
ORD000097,R034,Rider019,2024-01-05 23:36:00,23,False,False,39.897162055041015,116.40994005858686,39.86870203135637,116.42224986962574,39.93266459512356,116.36241431632648,12.08,3.33,8.75,日料,33.0,21.600806142546023,True,7,1,2.3,多云,1.0,0.15,1.08,28,3.9,1,0.71,96,71.9,3.1,新餐厅备餐波动
ORD000098,R038,Rider014,2024-01-05 13:59:00,13,False,True,39.96310576287911,116.41309436971743,39.93564059231985,116.38854290757573,39.93387852066118,116.46646634501718,10.36,3.7,6.66,中餐,23.8,18.3683442062203,False,13,0,6.5,小雨,1.15,0.81,1.41,10,4.9,0,0.85,1469,104.2,40.1,天气影响(小雨); 交通拥堵; 无电梯高楼层; 用餐高峰期
ORD000099,R017,Rider015,2024-01-03 09:43:00,9,False,False,39.868840045730146,116.41269988573983,39.899361428650025,116.41952152570443,39.90125555536833,116.39611115244051,5.45,3.44,2.01,中餐,32.2,17.244816628353263,True,18,0,1.8,晴天,1.0,0.71,1.36,18,5.0,0,0.91,1236,73.9,20.9,交通拥堵
ORD000100,R031,Rider019,2024-01-06 15:14:00,15,True,False,39.83483517241951,116.34366984032842,39.875714428644635,116.38949308005311,39.93266459512356,116.36241431632648,12.73,6.0,6.73,中餐,34.9,19.287084495661603,True,19,1,5.3,晴天,1.0,0.33,1.16,28,3.9,0,0.86,117,90.7,10.9,写字楼电梯等待
ORD000101,R046,Rider001,2024-01-02 21:06:00,21,False,False,39.88970609769816,116.4370728917756,39.90750898735901,116.3944992384245,39.91716665409954,116.40219427782529,5.4,4.14,1.26,中餐,20.9,20.014636481406555,True,4,0,0.5,小雨,1.15,0.57,1.29,19,4.2,0,0.9,704,56.6,19.0,天气影响(小雨)
ORD000102,R040,Rider019,2024-01-02 10:31:00,10,False,False,39.88868496872551,116.45964288815486,39.91551888796381,116.45694052959438,39.93266459512356,116.36241431632648,11.29,2.99,8.3,西餐,26.8,17.174725027582856,True,14,1,2.1,大雨,1.35,0.17,1.09,28,3.9,0,0.85,1199,103.3,34.9,天气影响(大雨); 写字楼电梯等待
ORD000103,R031,Rider008,2024-01-04 17:32:00,17,False,True,39.948714694757406,116.39669929308944,39.875714428644635,116.38949308005311,39.92497386056965,116.4687095565201,16.84,8.13,8.71,中餐,45.3,31.669813202096847,True,22,0,2.8,晴天,1.0,0.91,1.46,25,4.8,0,0.86,117,117.1,37.1,交通拥堵; 用餐高峰期
ORD000104,R039,Rider018,2024-01-03 11:24:00,11,False,True,39.93481993234556,116.36145293471705,39.95763873231079,116.38707752996855,39.88619738114083,116.43231399729389,12.17,3.35,8.82,火锅,45.5,28.194377529960367,True,27,0,4.3,晴天,1.0,0.56,1.28,9,3.7,1,0.77,57,92.8,17.1,用餐高峰期; 新餐厅备餐波动
ORD000105,R003,Rider021,2024-01-04 07:18:00,7,False,False,39.964233721211215,116.36196996608567,39.90486665479836,116.3945662125919,39.920748511998084,116.46108354017223,13.11,7.16,5.95,烧烤,21.9,28.863769686190125,False,26,0,13.0,晴天,1.0,0.96,1.48,23,4.6,0,0.76,799,88.1,26.0,交通拥堵; 无电梯高楼层
ORD000106,R044,Rider022,2024-01-02 11:08:00,11,False,True,39.85527975324255,116.42896212201623,39.93937307347177,116.4233420003288,39.88685398692913,116.39370765445501,15.71,9.35,6.36,火锅,14.7,29.546652308542974,True,29,1,4.5,多云,1.0,0.94,1.47,34,4.0,0,0.88,1668,77.9,26.9,交通拥堵; 写字楼电梯等待; 用餐高峰期
ORD000107,R050,Rider015,2024-01-01 09:05:00,9,False,False,39.92260169295442,116.43842585971174,39.9045643952722,116.43532802251922,39.90125555536833,116.39611115244051,5.39,2.02,3.37,快餐,27.1,16.795623944480866,True,27,1,6.6,晴天,1.0,0.94,1.47,18,5.0,0,0.82,798,76.5,23.5,交通拥堵; 写字楼电梯等待
ORD000108,R037,Rider023,2024-01-07 19:42:00,19,True,True,39.84246196227257,116.38375926177066,39.892457945637545,116.42054067792265,39.93964254240985,116.40191688715832,11.86,6.38,5.48,火锅,39.0,21.291705500329666,True,14,0,3.8,雪,1.4,0.57,1.28,33,4.7,0,0.91,1035,133.0,56.8,天气影响(雪); 用餐高峰期
ORD000109,R004,Rider011,2024-01-04 22:14:00,22,False,False,39.938796333103305,116.40472710164637,39.90622584614064,116.3646575544136,39.99179211732871,116.37506806858579,14.52,4.98,9.54,火锅,15.9,23.0678661532703,True,8,0,1.1,多云,1.0,0.71,1.35,28,4.5,0,0.76,1942,72.4,17.6,交通拥堵
ORD000110,R048,Rider013,2024-01-03 16:35:00,16,False,False,39.91492201710359,116.4638952268437,39.87933014967234,116.39059456879409,39.92705390041307,116.44622095280053,14.53,7.41,7.12,日料,12.2,34.81241107638142,True,12,1,7.0,雪,1.4,0.2,1.1,13,4.9,0,0.94,1812,65.3,21.1,天气影响(雪); 写字楼电梯等待
ORD000111,R013,Rider010,2024-01-06 18:40:00,18,True,True,39.896707832808204,116.35877171084742,39.98320584661837,116.37664727333566,39.876127462298896,116.36871555781596,21.63,9.72,11.91,西餐,28.5,16.63655229968771,True,23,0,5.0,多云,1.0,0.6,1.3,3,4.9,0,0.78,330,151.0,39.5,用餐高峰期
ORD000112,R021,Rider009,2024-01-03 09:19:00,9,False,False,39.90455153770529,116.39711893282987,39.90504298390045,116.37148738809985,39.91316369927242,116.40790369603127,5.43,2.19,3.24,西餐,15.8,20.805240061615827,True,19,0,2.0,晴天,1.0,0.71,1.36,35,4.5,0,0.95,863,44.0,10.5,交通拥堵
ORD000113,R018,Rider025,2024-01-06 10:50:00,10,True,False,39.85214989502432,116.41093635248306,39.93680181069118,116.43754960642107,39.85202121997981,116.4341869019532,19.09,9.67,9.42,日料,14.9,18.26678642684231,False,5,1,2.5,多云,1.0,0.45,1.22,23,3.7,1,0.74,11,96.0,15.9,新餐厅备餐波动
ORD000114,R042,Rider028,2024-01-04 10:43:00,10,False,False,39.91098783698414,116.36145125061695,39.865351725765606,116.4042464448576,39.8468364452307,116.39973868704347,8.34,6.25,2.09,火锅,30.2,19.332297125075883,False,20,0,10.0,大雨,1.35,0.44,1.22,14,4.0,0,0.84,621,107.3,41.2,天气影响(大雨); 无电梯高楼层
ORD000115,R015,Rider001,2024-01-04 01:13:00,1,False,False,39.88636840664591,116.42722901753692,39.945355864006494,116.41266659881865,39.91716665409954,116.40219427782529,9.92,6.67,3.26,快餐,11.2,18.430081101700406,True,29,0,5.0,晴天,1.0,0.1,1.05,19,4.2,0,0.82,1348,46.7,0.0,无
ORD000116,R010,Rider022,2024-01-07 09:37:00,9,True,False,39.968414238494475,116.45635745376951,39.89798502329687,116.38869567815044,39.88685398692913,116.39370765445501,11.03,9.73,1.31,烧烤,13.3,31.828858558833318,True,29,0,3.4,晴天,1.0,0.45,1.22,34,4.0,1,0.79,43,50.5,13.1,新餐厅备餐波动
ORD000117,R002,Rider006,2024-01-07 17:16:00,17,True,True,39.88079456574706,116.3118327721624,39.95157638446523,116.43042304187458,39.8754622311499,116.39886211393153,21.7,12.83,8.87,日料,14.4,29.122795185443156,True,5,0,0.8,小雨,1.15,0.69,1.34,27,3.9,1,0.82,47,96.3,36.4,天气影响(小雨); 交通拥堵; 用餐高峰期; 新餐厅备餐波动
ORD000118,R021,Rider023,2024-01-07 12:33:00,12,True,True,39.90852097720307,116.33786711980115,39.90504298390045,116.37148738809985,39.93964254240985,116.40191688715832,7.54,2.9,4.64,西餐,19.0,23.386020901357707,True,19,0,3.3,大雨,1.35,0.9,1.45,33,4.7,0,0.95,863,85.1,43.5,天气影响(大雨); 交通拥堵; 用餐高峰期
ORD000119,R037,Rider029,2024-01-04 10:27:00,10,False,False,39.98340300933776,116.43309462368201,39.892457945637545,116.42054067792265,39.9827701186798,116.39951113316586,20.34,10.15,10.19,火锅,36.1,21.854028707317166,True,29,0,5.0,大雨,1.35,0.44,1.22,30,3.7,0,0.91,1035,163.9,67.0,天气影响(大雨)
ORD000120,R029,Rider010,2024-01-01 20:26:00,20,False,False,39.91007865104852,116.45851685159612,39.929703617463716,116.41923019854394,39.876127462298896,116.36871555781596,11.36,4.0,7.35,快餐,18.3,18.8580297609662,True,14,0,4.3,晴天,1.0,0.32,1.16,3,4.9,0,0.86,1639,62.1,3.4,无
ORD000121,R025,Rider010,2024-01-06 10:28:00,10,True,False,39.98337145622006,116.41032794512651,39.92272922536534,116.4439121239094,39.876127462298896,116.36871555781596,15.57,7.32,8.25,烧烤,15.6,19.399384019380843,True,16,0,3.1,多云,1.0,0.45,1.22,3,4.9,1,0.83,93,81.2,14.3,新餐厅备餐波动
ORD000122,R046,Rider030,2024-01-07 09:37:00,9,True,False,39.9135584061194,116.43123589834082,39.90750898735901,116.3944992384245,39.911325137030445,116.40882541839402,4.51,3.21,1.3,中餐,21.8,28.605181879864904,False,11,0,5.5,晴天,1.0,0.45,1.22,22,3.9,0,0.9,704,51.9,15.1,无电梯高楼层
ORD000123,R044,Rider011,2024-01-01 19:53:00,19,False,True,39.87113357624884,116.37153334022666,39.93937307347177,116.4233420003288,39.99179211732871,116.37506806858579,15.91,8.78,7.13,火锅,3.9,21.689330432843004,True,10,1,4.3,多云,1.0,0.92,1.46,28,4.5,0,0.88,1668,74.8,22.6,交通拥堵; 用餐高峰期
ORD000124,R015,Rider027,2024-01-04 18:03:00,18,False,True,39.8815095314137,116.34085054132231,39.945355864006494,116.41266659881865,39.886332661172375,116.38837314608125,16.25,9.38,6.87,快餐,12.1,20.980321709163658,False,13,0,6.5,晴天,1.0,0.95,1.48,21,3.8,0,0.82,1348,93.7,28.5,交通拥堵; 无电梯高楼层; 用餐高峰期
ORD000125,R034,Rider020,2024-01-06 13:41:00,13,True,True,39.817647879946044,116.42856279340691,39.86870203135637,116.42224986962574,39.95521852994615,116.403737357574,15.43,5.69,9.74,日料,33.0,19.702315332937445,False,22,1,11.0,晴天,1.0,0.84,1.42,12,4.7,1,0.71,96,129.1,38.2,交通拥堵; 无电梯高楼层; 写字楼电梯等待; 用餐高峰期; 新餐厅备餐波动
ORD000126,R016,Rider022,2024-01-05 14:02:00,14,False,False,39.88986385697949,116.3584000044536,39.91308360831194,116.4152316581654,39.88685398692913,116.39370765445501,8.95,5.5,3.45,西餐,13.4,26.889344510977168,True,8,0,1.4,多云,1.0,0.36,1.18,34,4.0,1,0.76,46,45.8,11.0,新餐厅备餐波动
ORD000127,R022,Rider015,2024-01-01 09:45:00,9,False,False,39.94529983270912,116.4834863857631,39.92367260197888,116.37071379389974,39.90125555536833,116.39611115244051,13.24,9.93,3.3,快餐,22.8,17.17342388260914,False,15,0,7.5,晴天,1.0,0.94,1.47,18,5.0,1,0.76,91,111.6,35.0,交通拥堵; 无电梯高楼层; 新餐厅备餐波动
ORD000128,R030,Rider006,2024-01-05 09:21:00,9,False,False,39.88733565658756,116.43243881899954,39.89749611644023,116.42882001482276,39.8754622311499,116.39886211393153,4.71,1.17,3.54,日料,16.1,32.645395560636096,True,13,0,1.3,晴天,1.0,1.0,1.5,27,3.9,1,0.76,62,40.1,14.0,交通拥堵; 新餐厅备餐波动
ORD000129,R001,Rider026,2024-01-03 18:06:00,18,False,True,39.878197844917466,116.49545562849151,39.91910142459034,116.40325207096485,39.86014992380612,116.42690693099692,15.95,9.1,6.85,西餐,30.2,22.46313179178892,False,21,0,10.5,大雨,1.35,0.85,1.42,25,4.8,0,0.89,1738,156.6,73.3,天气影响(大雨); 交通拥堵; 无电梯高楼层; 用餐高峰期
ORD000130,R035,Rider014,2024-01-06 08:15:00,8,True,False,39.90040456975228,116.44900231563173,39.868196047868096,116.44344141332652,39.93387852066118,116.46646634501718,11.16,3.61,7.55,快餐,40.4,20.724729192435003,True,1,0,0.2,小雨,1.15,0.47,1.23,10,4.9,1,0.83,67,98.0,25.1,天气影响(小雨); 新餐厅备餐波动
ORD000131,R049,Rider030,2024-01-01 12:02:00,12,False,True,39.92987788517775,116.39658929582544,39.93551026936107,116.41426935614565,39.911325137030445,116.40882541839402,4.36,1.64,2.73,快餐,30.8,30.307285489394484,True,19,0,2.1,雪,1.4,0.74,1.37,22,3.9,0,0.8,1818,78.4,36.9,天气影响(雪); 交通拥堵; 用餐高峰期
ORD000132,R005,Rider004,2024-01-02 20:30:00,20,False,False,39.86674473925649,116.41896646590959,39.88619238449682,116.4358231946314,39.8938632905673,116.45473929280564,4.42,2.6,1.83,火锅,28.1,28.650243751157284,True,7,0,3.1,晴天,1.0,0.32,1.16,9,4.7,1,0.77,80,37.5,0.0,新餐厅备餐波动
ORD000133,R001,Rider030,2024-01-02 17:42:00,17,False,True,39.92938550412103,116.35402183675387,39.91910142459034,116.40325207096485,39.911325137030445,116.40882541839402,5.35,4.36,0.99,西餐,38.2,36.22571606259128,True,28,0,5.0,多云,1.0,0.89,1.45,22,3.9,0,0.89,1738,73.9,21.8,交通拥堵; 用餐高峰期
ORD000134,R049,Rider022,2024-01-07 15:02:00,15,True,False,39.97917104362424,116.38284882763516,39.93551026936107,116.41426935614565,39.88685398692913,116.39370765445501,11.22,5.54,5.68,快餐,28.5,25.67646051756209,True,30,0,3.7,小雨,1.15,0.26,1.13,34,4.0,0,0.8,1818,72.0,13.5,天气影响(小雨)
ORD000135,R015,Rider025,2024-01-02 18:38:00,18,False,True,39.91306270110433,116.34205593303243,39.945355864006494,116.41266659881865,39.85202121997981,116.4341869019532,17.55,7.02,10.53,快餐,13.8,23.204272836724172,False,7,0,3.5,小雨,1.15,0.91,1.46,23,3.7,0,0.82,1348,104.8,42.2,天气影响(小雨); 交通拥堵; 无电梯高楼层; 用餐高峰期
ORD000136,R004,Rider025,2024-01-05 20:01:00,20,False,False,39.90697966450879,116.36538249484975,39.90622584614064,116.3646575544136,39.85202121997981,116.4341869019532,8.57,0.1,8.46,火锅,18.5,19.155250660181384,True,10,0,2.1,多云,1.0,0.25,1.13,23,3.7,0,0.76,1942,50.2,2.7,无
ORD000137,R044,Rider025,2024-01-02 16:52:00,16,False,False,39.86943644101977,116.3710598995395,39.93937307347177,116.4233420003288,39.85202121997981,116.4341869019532,18.7,8.96,9.74,火锅,11.8,22.791222980009067,True,17,1,3.4,小雨,1.15,0.36,1.18,23,3.7,0,0.88,1668,84.5,20.1,天气影响(小雨); 写字楼电梯等待
ORD000138,R043,Rider019,2024-01-06 20:20:00,20,True,False,39.94110809274099,116.39011185943977,39.94743819867199,116.36432413546461,39.93266459512356,116.36241431632648,3.96,2.31,1.65,日料,19.6,20.872330940994537,True,23,0,3.1,多云,1.0,0.35,1.18,28,3.9,0,0.95,1448,37.0,2.9,无
ORD000139,R016,Rider005,2024-01-05 21:09:00,21,False,False,39.90678152252039,116.40044504718742,39.91308360831194,116.4152316581654,39.846276626340114,116.35110144902494,10.67,1.45,9.23,西餐,13.4,21.32995500255301,True,29,0,3.1,晴天,1.0,0.66,1.33,17,4.9,1,0.76,46,68.6,22.1,交通拥堵; 新餐厅备餐波动
ORD000140,R006,Rider003,2024-01-01 16:27:00,16,False,False,39.91282592605907,116.4151245853476,39.897316486385044,116.41908046739768,39.97674666303516,116.42358331580469,10.58,1.75,8.83,中餐,33.5,36.92173306987569,True,27,0,2.7,晴天,1.0,0.34,1.17,12,4.5,0,0.82,1513,66.5,13.1,无
ORD000141,R016,Rider022,2024-01-06 16:36:00,16,True,False,39.84391096718465,116.3851312840857,39.91308360831194,116.4152316581654,39.88685398692913,116.39370765445501,11.55,8.1,3.45,西餐,13.4,26.51002113870522,False,27,0,13.5,多云,1.0,0.24,1.12,34,4.0,1,0.76,46,57.5,4.4,无电梯高楼层; 新餐厅备餐波动
ORD000142,R011,Rider028,2024-01-02 18:45:00,18,False,True,39.91051414124042,116.3823162870091,39.85697534139168,116.42653858829674,39.8468364452307,116.39973868704347,9.6,7.05,2.55,快餐,15.5,19.462927693701413,False,2,0,1.0,小雨,1.15,0.91,1.46,14,4.0,0,0.84,1585,71.0,24.9,天气影响(小雨); 交通拥堵; 用餐高峰期
ORD000143,R003,Rider020,2024-01-02 18:00:00,18,False,True,39.936161139675185,116.43506874759633,39.90486665479836,116.3945662125919,39.95521852994615,116.403737357574,10.55,4.91,5.65,烧烤,31.1,20.794204834720727,True,27,0,2.9,小雨,1.15,0.91,1.46,12,4.7,0,0.76,799,113.2,48.7,天气影响(小雨); 交通拥堵; 用餐高峰期
ORD000144,R045,Rider007,2024-01-02 12:08:00,12,False,True,39.88895449213307,116.44874516811115,39.93831052255901,116.42080670434322,39.8812319420477,116.34772102698165,14.88,5.98,8.9,日料,27.0,28.899068821610197,True,21,1,4.8,雾,1.25,0.79,1.4,20,3.7,0,0.8,384,104.4,41.6,天气影响(雾); 交通拥堵; 写字楼电梯等待; 用餐高峰期
ORD000145,R027,Rider022,2024-01-02 15:13:00,15,False,False,39.97493609341338,116.45661840191039,39.94449504636891,116.38536357050157,39.88685398692913,116.39370765445501,13.4,6.96,6.44,西餐,22.6,29.550365883639625,True,11,1,3.8,小雨,1.15,0.35,1.17,34,4.0,0,0.82,787,61.6,8.0,天气影响(小雨); 写字楼电梯等待
ORD000146,R011,Rider030,2024-01-07 00:13:00,0,True,False,39.957997371043106,116.38289181882568,39.85697534139168,116.42653858829674,39.911325137030445,116.40882541839402,18.04,11.82,6.22,快餐,14.7,32.250750240916,True,19,1,3.0,晴天,1.0,0.41,1.21,22,3.9,0,0.84,1585,54.6,3.3,写字楼电梯等待
ORD000147,R012,Rider008,2024-01-04 15:57:00,15,False,False,39.93326046489344,116.44085480117029,39.9031252188267,116.45433930967441,39.92497386056965,116.4687095565201,6.26,3.54,2.72,西餐,19.6,28.517005006003117,True,12,0,1.6,晴天,1.0,0.34,1.17,25,4.8,0,0.85,1677,42.1,7.8,无
ORD000148,R012,Rider008,2024-01-07 18:43:00,18,True,True,39.936142666924425,116.46960964558448,39.9031252188267,116.45433930967441,39.92497386056965,116.4687095565201,6.61,3.89,2.72,西餐,28.4,32.88075280839085,True,1,1,0.4,晴天,1.0,0.57,1.28,25,4.8,0,0.85,1677,57.8,16.9,用餐高峰期
ORD000149,R001,Rider002,2024-01-03 16:09:00,16,False,False,39.83685177498536,116.40926318325903,39.91910142459034,116.40325207096485,39.94914167126766,116.49312820752455,17.52,9.15,8.38,西餐,30.9,23.300485459279834,True,1,1,1.0,雪,1.4,0.2,1.1,23,4.7,0,0.89,1738,126.7,49.7,天气影响(雪)
ORD000150,R013,Rider009,2024-01-04 13:10:00,13,False,True,39.91159359057442,116.40895236001819,39.98320584661837,116.37664727333566,39.91316369927242,116.40790369603127,16.64,8.42,8.22,西餐,29.0,23.297282387343046,True,19,1,4.4,多云,1.0,0.74,1.37,35,4.5,0,0.78,330,96.7,20.5,交通拥堵; 写字楼电梯等待; 用餐高峰期
ORD000151,R045,Rider018,2024-01-03 10:37:00,10,False,False,39.86255571506931,116.3211421849198,39.93831052255901,116.42080670434322,39.88619738114083,116.43231399729389,17.84,11.97,5.87,日料,20.9,36.13249641493471,True,6,0,4.1,雾,1.25,0.25,1.13,9,3.7,0,0.8,384,78.0,23.3,天气影响(雾)
ORD000152,R050,Rider005,2024-01-07 07:30:00,7,True,False,39.93999635471798,116.39503476018747,39.9045643952722,116.43532802251922,39.846276626340114,116.35110144902494,14.91,5.23,9.69,快餐,27.6,21.539226190011778,True,9,0,1.8,晴天,1.0,0.43,1.22,17,4.9,0,0.82,798,88.9,18.0,无
ORD000153,R027,Rider022,2024-01-04 10:13:00,10,False,False,39.89806957786403,116.39838594059823,39.94449504636891,116.38536357050157,39.88685398692913,116.39370765445501,11.71,5.27,6.44,西餐,26.0,28.339460912549235,True,12,0,1.6,大雨,1.35,0.44,1.22,34,4.0,0,0.82,787,79.6,27.2,天气影响(大雨)
ORD000154,R017,Rider011,2024-01-03 10:38:00,10,False,False,39.861183728315446,116.37561816767715,39.899361428650025,116.41952152570443,39.99179211732871,116.37506806858579,16.61,5.66,10.94,中餐,17.5,27.740395361508476,False,13,0,6.5,雾,1.25,0.25,1.13,28,4.5,0,0.91,1236,90.5,30.6,天气影响(雾); 无电梯高楼层
ORD000155,R030,Rider007,2024-01-07 16:31:00,16,True,False,39.888952076380406,116.44361753469819,39.89749611644023,116.42882001482276,39.8812319420477,116.34772102698165,8.75,1.58,7.17,日料,16.1,30.177586439472627,True,23,0,4.2,小雨,1.15,0.45,1.23,20,3.7,1,0.76,62,34.6,0.0,天气影响(小雨); 新餐厅备餐波动
ORD000156,R041,Rider030,2024-01-01 22:51:00,22,False,False,39.9024111829263,116.32968316397937,39.883799869976464,116.39949782465398,39.911325137030445,116.40882541839402,9.48,6.32,3.16,中餐,27.1,33.723449029048574,True,26,0,3.9,多云,1.0,0.37,1.19,22,3.9,1,0.85,78,52.3,4.5,新餐厅备餐波动
ORD000157,R017,Rider005,2024-01-02 14:59:00,14,False,False,39.97488238297831,116.36797394468829,39.899361428650025,116.41952152570443,39.846276626340114,116.35110144902494,17.78,9.47,8.31,中餐,23.4,24.53888670476017,True,13,1,2.2,多云,1.0,0.33,1.17,17,4.9,0,0.91,1236,83.6,14.4,写字楼电梯等待
ORD000158,R019,Rider005,2024-01-05 14:54:00,14,False,False,39.90938892194734,116.4096756439863,39.94131048218809,116.36460563345823,39.846276626340114,116.35110144902494,15.85,5.24,10.61,日料,11.7,24.366147885840256,False,12,1,6.0,多云,1.0,0.36,1.18,17,4.9,0,0.87,829,80.7,24.0,无电梯高楼层; 写字楼电梯等待
ORD000159,R010,Rider010,2024-01-07 11:04:00,11,True,True,39.89413792399264,116.35518830281144,39.89798502329687,116.38869567815044,39.876127462298896,116.36871555781596,5.87,2.9,2.97,烧烤,13.3,19.999230731786135,True,17,0,3.0,晴天,1.0,0.67,1.34,3,4.9,1,0.79,43,42.7,8.8,交通拥堵; 用餐高峰期; 新餐厅备餐波动
ORD000160,R021,Rider030,2024-01-01 21:14:00,21,False,False,39.81586553988366,116.42444517110273,39.90504298390045,116.37148738809985,39.911325137030445,116.40882541839402,14.16,10.89,3.27,西餐,14.1,28.42402804609226,True,15,0,1.9,晴天,1.0,0.44,1.22,22,3.9,0,0.95,863,63.7,17.8,无
ORD000161,R030,Rider014,2024-01-03 19:21:00,19,False,True,39.89171395130657,116.39885395252554,39.89749611644023,116.42882001482276,39.93387852066118,116.46646634501718,7.81,2.64,5.17,日料,16.1,22.593501542355053,True,29,0,3.1,晴天,1.0,0.73,1.37,10,4.9,1,0.76,62,58.0,18.0,交通拥堵; 用餐高峰期; 新餐厅备餐波动
ORD000162,R019,Rider009,2024-01-04 13:08:00,13,False,True,39.88519498886222,116.4048034906902,39.94131048218809,116.36460563345823,39.91316369927242,116.40790369603127,11.96,7.12,4.84,日料,22.0,23.324583011653488,True,29,1,4.5,多云,1.0,0.74,1.37,35,4.5,0,0.87,829,71.6,14.3,交通拥堵; 写字楼电梯等待; 用餐高峰期
ORD000163,R017,Rider013,2024-01-03 15:02:00,15,False,False,39.82694465340229,116.46648583946653,39.899361428650025,116.41952152570443,39.92705390041307,116.44622095280053,12.82,8.99,3.83,中餐,28.1,27.135431702722517,False,3,0,1.5,多云,1.0,0.34,1.17,13,4.9,0,0.91,1236,63.2,5.2,无
ORD000164,R020,Rider012,2024-01-02 17:20:00,17,False,True,39.85582258684164,116.40054223902091,39.927930958411295,116.38011837635615,39.87227059127874,116.35388620704767,14.77,8.19,6.57,西餐,37.4,21.343214694267314,True,2,0,0.6,多云,1.0,0.89,1.45,27,4.5,0,0.9,297,115.1,35.7,交通拥堵; 用餐高峰期
ORD000165,R046,Rider028,2024-01-01 22:13:00,22,False,False,39.90350879455755,116.3796986046258,39.90750898735901,116.3944992384245,39.8468364452307,116.39973868704347,8.09,1.34,6.75,中餐,15.4,18.543335984516485,True,16,1,3.3,多云,1.0,0.37,1.19,14,4.0,0,0.9,704,59.3,14.4,写字楼电梯等待
ORD000166,R028,Rider011,2024-01-06 12:28:00,12,True,True,39.841468345761434,116.4018903560377,39.92038827604751,116.36245113087884,39.99179211732871,116.37506806858579,17.39,9.39,8.0,火锅,9.9,25.88966444137015,False,14,0,7.0,小雨,1.15,0.74,1.37,28,4.5,0,0.86,1899,86.0,28.8,天气影响(小雨); 交通拥堵; 无电梯高楼层; 用餐高峰期
ORD000167,R027,Rider013,2024-01-01 15:50:00,15,False,False,39.91987320040691,116.39816855391588,39.94449504636891,116.38536357050157,39.92705390041307,116.44622095280053,8.5,2.94,5.55,西餐,18.6,28.374460813450852,False,16,0,8.0,多云,1.0,0.08,1.04,13,4.9,0,0.82,787,47.8,3.2,无电梯高楼层
ORD000168,R013,Rider013,2024-01-03 12:59:00,12,False,True,39.90347721357877,116.38506265258331,39.98320584661837,116.37664727333566,39.92705390041307,116.44622095280053,17.5,8.88,8.61,西餐,27.9,28.30291708219068,True,2,0,0.6,多云,1.0,0.64,1.32,13,4.9,0,0.78,330,78.4,12.8,交通拥堵; 用餐高峰期
ORD000169,R037,Rider006,2024-01-01 15:10:00,15,False,False,39.85192395084206,116.3638201123138,39.892457945637545,116.42054067792265,39.8754622311499,116.39886211393153,9.26,6.62,2.65,火锅,30.6,34.76694121608888,True,21,0,2.4,多云,1.0,0.08,1.04,27,3.9,0,0.91,1035,40.6,0.0,无
ORD000170,R030,Rider023,2024-01-03 15:33:00,15,False,False,39.89600270103034,116.4167020145376,39.89749611644023,116.42882001482276,39.93964254240985,116.40191688715832,6.26,1.05,5.21,日料,16.1,22.1404659134684,False,25,0,12.5,多云,1.0,0.34,1.17,33,4.7,1,0.76,62,49.5,3.9,无电梯高楼层; 新餐厅备餐波动
ORD000171,R050,Rider021,2024-01-06 19:57:00,19,True,True,39.92595486330354,116.39573339805732,39.9045643952722,116.43532802251922,39.920748511998084,116.46108354017223,6.98,4.14,2.84,快餐,31.2,27.556039762545716,True,14,0,3.1,晴天,1.0,0.72,1.36,23,4.6,0,0.82,798,72.6,23.1,交通拥堵; 用餐高峰期
ORD000172,R002,Rider014,2024-01-02 02:12:00,2,False,False,39.8842200750602,116.39645431291629,39.95157638446523,116.43042304187458,39.93387852066118,116.46646634501718,11.68,8.02,3.65,日料,14.4,19.3949541136813,True,10,0,2.7,晴天,1.0,0.48,1.24,10,4.9,1,0.82,47,63.0,9.9,新餐厅备餐波动
ORD000173,R016,Rider010,2024-01-04 17:44:00,17,False,True,39.96369519228066,116.4059358934922,39.91308360831194,116.4152316581654,39.876127462298896,116.36871555781596,11.39,5.68,5.72,西餐,13.4,20.751789951787618,True,8,1,1.5,晴天,1.0,0.91,1.46,3,4.9,1,0.76,46,64.3,16.4,交通拥堵; 用餐高峰期; 新餐厅备餐波动
ORD000174,R045,Rider016,2024-01-05 09:39:00,9,False,False,39.95857322139687,116.37512196382137,39.93831052255901,116.42080670434322,39.917836887942364,116.40394345972673,7.2,4.51,2.69,日料,28.5,32.417252829549,True,5,0,1.9,晴天,1.0,1.0,1.5,13,3.6,0,0.8,384,69.4,25.7,交通拥堵
ORD000175,R010,Rider020,2024-01-01 10:43:00,10,False,False,39.86998069216298,116.39645489558427,39.89798502329687,116.38869567815044,39.95521852994615,116.403737357574,9.66,3.18,6.48,烧烤,13.3,19.470804712129564,True,13,1,3.4,晴天,1.0,0.46,1.23,12,4.7,1,0.79,43,50.0,3.5,写字楼电梯等待; 新餐厅备餐波动
ORD000176,R050,Rider006,2024-01-06 15:58:00,15,True,False,39.91555309456918,116.40678116620931,39.9045643952722,116.43532802251922,39.8754622311499,116.39886211393153,7.22,2.73,4.49,快餐,25.1,28.849936739418204,False,15,0,7.5,晴天,1.0,0.33,1.16,27,3.9,0,0.82,798,57.0,9.5,无电梯高楼层
ORD000177,R016,Rider007,2024-01-01 21:51:00,21,False,False,39.89168505333525,116.31175410040602,39.91308360831194,116.4152316581654,39.8812319420477,116.34772102698165,15.93,9.16,6.77,西餐,13.4,28.374680599647217,False,16,0,8.0,晴天,1.0,0.44,1.22,20,3.7,1,0.76,46,75.7,20.6,无电梯高楼层; 新餐厅备餐波动
ORD000178,R007,Rider029,2024-01-07 20:42:00,20,True,False,39.98530485984997,116.44441172214864,39.926353997399865,116.4125410484357,39.9827701186798,116.39951113316586,13.45,7.09,6.36,火锅,41.2,23.10666829803356,True,27,1,4.4,多云,1.0,0.27,1.13,30,3.7,1,0.71,49,86.8,6.2,写字楼电梯等待; 新餐厅备餐波动
ORD000179,R024,Rider012,2024-01-04 09:59:00,9,False,False,39.861402297944196,116.39634658380294,39.91199648382746,116.43085468615331,39.87227059127874,116.35388620704767,14.27,6.35,7.92,西餐,25.7,20.67514463930887,False,13,1,6.5,晴天,1.0,0.96,1.48,27,4.5,0,0.83,915,101.8,28.2,交通拥堵; 无电梯高楼层; 写字楼电梯等待
ORD000180,R016,Rider017,2024-01-07 06:53:00,6,True,False,39.89677877990614,116.41213838194956,39.91308360831194,116.4152316581654,39.9178982767203,116.48386118426038,7.72,1.83,5.89,西餐,13.4,24.99082387364765,True,7,1,2.2,多云,1.0,0.25,1.13,3,4.3,1,0.76,46,33.0,0.0,新餐厅备餐波动
ORD000181,R016,Rider005,2024-01-02 19:15:00,19,False,True,39.91682091763681,116.40548564289388,39.91308360831194,116.4152316581654,39.846276626340114,116.35110144902494,10.16,0.93,9.23,西餐,13.4,21.077865323537036,False,10,1,5.0,小雨,1.15,0.98,1.49,17,4.9,1,0.76,46,83.8,36.4,天气影响(小雨); 交通拥堵; 无电梯高楼层; 用餐高峰期; 新餐厅备餐波动
ORD000182,R003,Rider022,2024-01-05 13:19:00,13,False,True,39.83759987059677,116.42070166361826,39.90486665479836,116.3945662125919,39.88685398692913,116.39370765445501,9.8,7.8,2.0,烧烤,27.9,30.05305945061951,False,16,1,8.0,小雨,1.15,0.81,1.41,34,4.0,0,0.76,799,88.1,32.7,天气影响(小雨); 交通拥堵; 无电梯高楼层; 写字楼电梯等待; 用餐高峰期
ORD000183,R045,Rider011,2024-01-03 10:48:00,10,False,False,39.96852122289076,116.41016340770896,39.93831052255901,116.42080670434322,39.99179211732871,116.37506806858579,10.58,3.48,7.11,日料,13.6,28.519184778022435,False,13,0,6.5,雾,1.25,0.25,1.13,28,4.5,0,0.8,384,54.2,11.9,天气影响(雾); 无电梯高楼层
ORD000184,R003,Rider025,2024-01-06 19:32:00,19,True,True,39.933287661213996,116.37512918191989,39.90486665479836,116.3945662125919,39.85202121997981,116.4341869019532,10.34,3.57,6.78,烧烤,32.3,19.66074783474893,False,26,0,13.0,晴天,1.0,0.72,1.36,23,3.7,0,0.76,799,109.5,32.6,交通拥堵; 无电梯高楼层; 用餐高峰期
ORD000185,R039,Rider006,2024-01-02 20:07:00,20,False,False,39.86714100480665,116.41659713113683,39.95763873231079,116.38707752996855,39.8754622311499,116.39886211393153,19.54,10.36,9.18,火锅,45.5,27.878215944589616,True,30,0,4.1,晴天,1.0,0.32,1.16,27,3.9,1,0.77,57,111.6,19.9,新餐厅备餐波动
ORD000186,R036,Rider024,2024-01-03 18:47:00,18,False,True,39.94893992721687,116.41399106116272,39.91483258755359,116.35099062234642,39.836064702425794,116.40517809204412,16.48,6.58,9.9,日料,28.8,22.026511651553747,True,24,1,5.4,大雨,1.35,0.85,1.42,5,5.0,0,0.94,1695,153.2,74.1,天气影响(大雨); 交通拥堵; 写字楼电梯等待; 用餐高峰期
ORD000187,R034,Rider002,2024-01-07 21:20:00,21,True,False,39.86115973449141,116.43651765556129,39.86870203135637,116.42224986962574,39.94914167126766,116.49312820752455,12.27,1.48,10.79,日料,33.0,26.32918952823892,True,16,1,4.5,晴天,1.0,0.71,1.35,23,4.7,1,0.71,96,81.4,16.0,交通拥堵; 写字楼电梯等待; 新餐厅备餐波动
ORD000188,R017,Rider019,2024-01-02 23:45:00,23,False,False,39.87647684849314,116.41980275746663,39.899361428650025,116.41952152570443,39.93266459512356,116.36241431632648,8.67,2.54,6.12,中餐,23.2,22.15196129701387,True,19,0,4.7,晴天,1.0,0.44,1.22,28,3.9,0,0.91,1236,62.9,11.5,无
ORD000189,R047,Rider019,2024-01-05 16:12:00,16,False,False,39.95311231688534,116.37909688435926,39.88553288505282,116.39673534077251,39.93266459512356,116.36241431632648,13.65,7.65,6.0,日料,33.8,17.62353800938561,True,20,0,4.0,多云,1.0,0.27,1.14,28,3.9,0,0.89,512,100.0,15.8,无
ORD000190,R021,Rider019,2024-01-07 16:08:00,16,True,False,39.83238683661052,116.39651622410062,39.90504298390045,116.37148738809985,39.93266459512356,116.36241431632648,11.51,8.35,3.16,西餐,10.1,22.523517664955754,True,11,0,1.4,小雨,1.15,0.45,1.23,28,3.9,0,0.95,863,47.5,5.4,天气影响(小雨)
ORD000191,R006,Rider028,2024-01-03 11:39:00,11,False,True,39.858898916298976,116.44871984316386,39.897316486385044,116.41908046739768,39.8468364452307,116.39973868704347,10.81,4.96,5.84,中餐,36.2,18.066792583101396,False,11,1,5.5,晴天,1.0,0.56,1.28,14,4.0,0,0.82,1513,98.0,20.5,无电梯高楼层; 写字楼电梯等待; 用餐高峰期
ORD000192,R047,Rider028,2024-01-06 12:15:00,12,True,True,39.92120768561481,116.43423968478871,39.88553288505282,116.39673534077251,39.8468364452307,116.39973868704347,9.4,5.1,4.3,日料,39.9,21.609301936636445,True,2,1,2.0,小雨,1.15,0.74,1.37,14,4.0,0,0.89,512,112.6,44.6,天气影响(小雨); 交通拥堵; 用餐高峰期
ORD000193,R023,Rider020,2024-01-04 09:14:00,9,False,False,39.895724418752074,116.44507611847044,39.89349764922696,116.42408365395602,39.95521852994615,116.403737357574,8.88,1.81,7.07,日料,27.9,18.608119564707952,True,5,0,0.7,晴天,1.0,0.96,1.48,12,4.7,0,0.94,1116,84.8,27.5,交通拥堵
ORD000194,R028,Rider016,2024-01-06 17:55:00,17,True,True,39.9397319309543,116.40805074390873,39.92038827604751,116.36245113087884,39.917836887942364,116.40394345972673,8.01,4.45,3.56,火锅,15.9,25.636442966170364,True,8,0,1.2,雾,1.25,0.53,1.27,13,3.6,0,0.86,1899,48.9,13.1,天气影响(雾); 用餐高峰期
ORD000195,R028,Rider007,2024-01-06 02:42:00,2,True,False,39.890822827929625,116.40207897296143,39.92038827604751,116.36245113087884,39.8812319420477,116.34772102698165,9.24,4.72,4.53,火锅,7.8,33.236471139956485,True,4,0,1.7,多云,1.0,0.47,1.23,20,3.7,0,0.86,1899,33.9,7.6,无
ORD000196,R041,Rider022,2024-01-06 15:38:00,15,True,False,39.87256184477847,116.35021541304322,39.883799869976464,116.39949782465398,39.88685398692913,116.39370765445501,5.0,4.4,0.6,中餐,27.1,24.969309318859747,False,13,0,6.5,晴天,1.0,0.33,1.16,34,4.0,1,0.85,78,41.3,0.0,无电梯高楼层; 新餐厅备餐波动
ORD000197,R002,Rider001,2024-01-01 19:06:00,19,False,True,39.97957724071622,116.38204034166156,39.95157638446523,116.43042304187458,39.91716665409954,116.40219427782529,9.69,5.17,4.52,日料,14.4,24.303831002593114,True,10,0,1.1,多云,1.0,0.92,1.46,19,4.2,1,0.82,47,64.0,24.6,交通拥堵; 用餐高峰期; 新餐厅备餐波动
ORD000198,R039,Rider030,2024-01-03 09:09:00,9,False,False,39.90102495439919,116.42097895431007,39.95763873231079,116.38707752996855,39.911325137030445,116.40882541839402,12.39,6.92,5.47,火锅,45.5,31.667924187971593,False,9,0,4.5,晴天,1.0,0.71,1.36,22,3.9,1,0.77,57,103.6,30.1,交通拥堵; 无电梯高楼层; 新餐厅备餐波动
ORD000199,R009,Rider013,2024-01-07 15:31:00,15,True,False,39.935374660575114,116.43647968460195,39.84792969683381,116.3663965358334,39.92705390041307,116.44622095280053,22.54,11.41,11.13,西餐,27.2,28.81808017432968,True,30,0,3.0,小雨,1.15,0.26,1.13,13,4.9,0,0.75,1622,98.2,21.0,天气影响(小雨)
ORD000200,R010,Rider001,2024-01-05 15:01:00,15,False,False,39.957402263928486,116.37190338329212,39.89798502329687,116.38869567815044,39.91716665409954,116.40219427782529,9.17,6.75,2.42,烧烤,13.3,24.515688441906825,True,18,0,3.4,晴天,1.0,0.2,1.1,19,4.2,1,0.79,43,46.4,7.3,新餐厅备餐波动
ORD000201,R044,Rider012,2024-01-05 13:25:00,13,False,True,39.88419433387854,116.41339743255236,39.93937307347177,116.4233420003288,39.87227059127874,116.35388620704767,15.71,6.19,9.53,火锅,14.5,18.503210162694707,False,7,0,3.5,小雨,1.15,0.81,1.41,27,4.5,0,0.88,1668,111.3,42.4,天气影响(小雨); 交通拥堵; 无电梯高楼层; 用餐高峰期
ORD000202,R014,Rider029,2024-01-02 19:57:00,19,False,True,39.89733793443807,116.39984157985334,39.89783515734865,116.39459393617881,39.9827701186798,116.39951113316586,9.89,0.45,9.44,烧烤,39.2,25.057782235244243,True,12,0,1.5,小雨,1.15,0.98,1.49,30,3.7,1,0.82,66,116.7,52.3,天气影响(小雨); 交通拥堵; 用餐高峰期; 新餐厅备餐波动
ORD000203,R044,Rider015,2024-01-05 21:01:00,21,False,False,39.8210412174013,116.41541800156514,39.93937307347177,116.4233420003288,39.90125555536833,116.39611115244051,17.99,13.16,4.83,火锅,11.7,19.447226287157235,True,8,0,1.2,晴天,1.0,0.66,1.33,18,5.0,0,0.88,1668,85.7,17.3,交通拥堵
ORD000204,R020,Rider012,2024-01-02 19:06:00,19,False,True,39.89449359924696,116.40322513580615,39.927930958411295,116.38011837635615,39.87227059127874,116.35388620704767,10.78,4.21,6.57,西餐,41.9,22.93670900886813,True,24,0,4.2,小雨,1.15,0.98,1.49,27,4.5,0,0.9,297,124.6,50.3,天气影响(小雨); 交通拥堵; 用餐高峰期
ORD000205,R033,Rider015,2024-01-06 15:39:00,15,True,False,39.80904952290965,116.46623049897282,39.91675918407518,116.3855546225191,39.90125555536833,116.39611115244051,15.75,13.81,1.94,中餐,12.0,17.64922856855292,False,30,0,15.0,晴天,1.0,0.33,1.16,18,5.0,0,0.82,637,101.4,20.9,无电梯高楼层
ORD000206,R023,Rider003,2024-01-03 05:59:00,5,False,False,39.85119371379209,116.49160346557338,39.89349764922696,116.42408365395602,39.97674666303516,116.42358331580469,16.69,7.45,9.24,日料,32.9,35.52661086872985,True,16,0,1.8,多云,1.0,0.23,1.12,12,4.5,0,0.94,1116,70.5,7.5,无
ORD000207,R010,Rider006,2024-01-01 09:28:00,9,False,False,39.88419389275141,116.4286808972909,39.89798502329687,116.38869567815044,39.8754622311499,116.39886211393153,6.39,3.75,2.65,烧烤,13.3,26.42103536873064,True,9,0,1.6,晴天,1.0,0.94,1.47,27,3.9,1,0.79,43,41.2,11.8,交通拥堵; 新餐厅备餐波动
ORD000208,R015,Rider023,2024-01-04 10:54:00,10,False,False,39.93085697886744,116.39475602863796,39.945355864006494,116.41266659881865,39.93964254240985,116.40191688715832,3.34,2.22,1.12,快餐,9.2,21.929737755983258,True,22,0,4.7,大雨,1.35,0.44,1.22,33,4.7,0,0.82,1348,32.2,9.1,天气影响(大雨)
ORD000209,R034,Rider013,2024-01-06 19:12:00,19,True,True,39.977974141867016,116.40297367531639,39.86870203135637,116.42224986962574,39.92705390041307,116.44622095280053,19.04,12.24,6.8,日料,33.0,32.04246567516082,False,3,1,1.5,晴天,1.0,0.72,1.36,13,4.9,1,0.71,96,99.4,29.2,交通拥堵; 用餐高峰期; 新餐厅备餐波动
ORD000210,R017,Rider016,2024-01-02 15:00:00,15,False,False,39.89266974920025,116.37441622402781,39.899361428650025,116.41952152570443,39.917836887942364,116.40394345972673,6.37,3.93,2.45,中餐,26.3,25.26637047743017,True,28,1,6.0,小雨,1.15,0.35,1.17,13,3.6,0,0.91,1236,62.0,14.7,天气影响(小雨); 写字楼电梯等待
ORD000211,R038,Rider018,2024-01-04 15:30:00,15,False,False,39.93759669389707,116.35346209003875,39.93564059231985,116.38854290757573,39.88619738114083,116.43231399729389,9.65,3.01,6.64,中餐,16.9,35.96726165404192,True,7,0,2.1,晴天,1.0,0.34,1.17,9,3.7,0,0.85,1469,41.0,5.9,无
ORD000212,R030,Rider026,2024-01-03 23:59:00,23,False,False,39.86556116301554,116.37491322113094,39.89749611644023,116.42882001482276,39.86014992380612,116.42690693099692,9.97,5.82,4.15,日料,16.1,24.451819486453697,True,25,0,3.3,晴天,1.0,0.3,1.15,25,4.8,1,0.76,62,46.6,2.7,新餐厅备餐波动
ORD000213,R019,Rider025,2024-01-02 17:14:00,17,False,True,39.9123001870641,116.42730920438235,39.94131048218809,116.36460563345823,39.85202121997981,116.4341869019532,17.82,6.25,11.56,日料,17.9,23.132478814390478,True,15,0,2.6,多云,1.0,0.89,1.45,23,3.7,0,0.87,829,95.8,29.1,交通拥堵; 用餐高峰期
ORD000214,R050,Rider019,2024-01-03 16:06:00,16,False,False,39.92154682129513,116.3623276410557,39.9045643952722,116.43532802251922,39.93266459512356,116.36241431632648,13.49,6.52,6.97,快餐,32.4,20.85901538612501,True,19,1,4.1,雪,1.4,0.2,1.1,28,3.9,0,0.82,798,112.4,37.1,天气影响(雪); 写字楼电梯等待
ORD000215,R022,Rider007,2024-01-01 11:56:00,11,False,True,39.903451700188924,116.43342176593761,39.92367260197888,116.37071379389974,39.8812319420477,116.34772102698165,10.92,5.81,5.11,快餐,22.8,28.892270196397053,False,17,1,8.5,大雨,1.35,0.79,1.4,20,3.7,1,0.76,91,110.3,56.3,天气影响(大雨); 交通拥堵; 无电梯高楼层; 写字楼电梯等待; 用餐高峰期; 新餐厅备餐波动
ORD000216,R016,Rider011,2024-01-01 15:45:00,15,False,False,39.90624815642296,116.35826604939048,39.91308360831194,116.4152316581654,39.99179211732871,116.37506806858579,14.32,4.93,9.39,西餐,13.4,29.370565776694328,True,16,1,3.0,多云,1.0,0.08,1.04,28,4.5,1,0.76,46,61.3,15.6,写字楼电梯等待; 新餐厅备餐波动
ORD000217,R041,Rider021,2024-01-01 20:23:00,20,False,False,39.89333401790373,116.41982249934817,39.883799869976464,116.39949782465398,39.920748511998084,116.46108354017223,8.71,2.04,6.68,中餐,27.1,32.58594560459904,False,11,0,5.5,晴天,1.0,0.32,1.16,23,4.6,1,0.85,78,57.5,8.9,无电梯高楼层; 新餐厅备餐波动
ORD000218,R044,Rider021,2024-01-07 09:37:00,9,True,False,39.91195194855069,116.44848281202576,39.93937307347177,116.4233420003288,39.920748511998084,116.46108354017223,7.56,3.73,3.83,火锅,8.1,32.2953633179019,False,3,0,1.5,晴天,1.0,0.45,1.22,23,4.6,0,0.88,1668,28.7,5.1,无
ORD000219,R047,Rider013,2024-01-02 21:27:00,21,False,False,39.81211849387651,116.40627151358925,39.88553288505282,116.39673534077251,39.92705390041307,116.44622095280053,14.45,8.19,6.26,日料,30.4,25.850155705461695,False,22,0,11.0,小雨,1.15,0.57,1.29,13,4.9,0,0.89,512,119.6,44.7,天气影响(小雨); 无电梯高楼层
ORD000220,R026,Rider004,2024-01-03 16:16:00,16,False,False,39.917361141833105,116.48612977820646,39.960173235334345,116.42161498762735,39.8938632905673,116.45473929280564,15.17,7.28,7.89,快餐,13.4,21.696700229628878,True,11,0,2.0,雪,1.4,0.2,1.1,9,4.7,0,0.8,260,83.2,25.8,天气影响(雪)
ORD000221,R013,Rider027,2024-01-04 15:15:00,15,False,False,39.862878725973836,116.46052006056868,39.98320584661837,116.37664727333566,39.886332661172375,116.38837314608125,25.97,15.16,10.8,西餐,21.3,21.771081813689822,False,17,1,8.5,晴天,1.0,0.34,1.17,21,3.8,0,0.78,330,117.2,15.9,无电梯高楼层; 写字楼电梯等待
ORD000222,R042,Rider007,2024-01-06 09:43:00,9,True,False,39.866605311199145,116.36526906797519,39.865351725765606,116.4042464448576,39.8812319420477,116.34772102698165,8.49,3.34,5.15,火锅,31.0,28.83477842110321,True,7,1,1.3,晴天,1.0,0.24,1.12,20,3.7,0,0.84,621,61.6,11.7,无
ORD000223,R016,Rider023,2024-01-05 12:18:00,12,False,True,39.95112916365174,116.40743502344962,39.91308360831194,116.4152316581654,39.93964254240985,116.40191688715832,7.44,4.28,3.16,西餐,13.4,19.258641594250516,True,29,0,3.5,多云,1.0,0.8,1.4,33,4.7,1,0.76,46,44.6,4.5,交通拥堵; 用餐高峰期; 新餐厅备餐波动
ORD000224,R016,Rider014,2024-01-07 09:11:00,9,True,False,39.92761929229217,116.35754426005843,39.91308360831194,116.4152316581654,39.93387852066118,116.46646634501718,10.14,5.19,4.95,西餐,13.4,17.30855681887236,True,18,1,3.1,晴天,1.0,0.45,1.22,10,4.9,1,0.76,46,57.3,5.7,写字楼电梯等待; 新餐厅备餐波动
ORD000225,R040,Rider009,2024-01-06 09:31:00,9,True,False,39.92948953757367,116.38729754331565,39.91551888796381,116.45694052959438,39.91316369927242,116.40790369603127,10.35,6.15,4.2,西餐,23.0,22.376271540336976,True,13,0,2.0,晴天,1.0,0.24,1.12,35,4.5,0,0.85,1199,60.7,8.0,无
ORD000226,R021,Rider026,2024-01-06 14:20:00,14,True,False,39.9081360666726,116.37753472643851,39.90504298390045,116.37148738809985,39.86014992380612,116.42690693099692,7.5,0.62,6.88,西餐,10.8,25.5059194822253,True,14,0,5.0,晴天,1.0,0.35,1.17,25,4.8,0,0.95,863,36.9,3.5,无
ORD000227,R025,Rider009,2024-01-01 12:21:00,12,False,True,39.87245006667822,116.42616420679596,39.92272922536534,116.4439121239094,39.91316369927242,116.40790369603127,9.04,5.79,3.26,烧烤,15.6,20.624553477679186,True,5,1,1.2,雪,1.4,0.74,1.37,35,4.5,1,0.83,93,94.1,51.0,天气影响(雪); 交通拥堵; 用餐高峰期; 新餐厅备餐波动
ORD000228,R018,Rider018,2024-01-01 23:56:00,23,False,False,39.941814787544935,116.42489282035353,39.93680181069118,116.43754960642107,39.88619738114083,116.43231399729389,6.85,1.22,5.64,日料,14.9,33.4949579395236,True,10,0,1.1,多云,1.0,0.39,1.19,9,3.7,1,0.74,11,32.3,4.0,新餐厅备餐波动
ORD000229,R016,Rider006,2024-01-05 05:36:00,5,False,False,39.859228931859036,116.34570679209642,39.91308360831194,116.4152316581654,39.8754622311499,116.39886211393153,12.84,8.43,4.41,西餐,13.4,28.20771325515613,False,25,0,12.5,晴天,1.0,0.34,1.17,27,3.9,1,0.76,46,60.7,7.4,无电梯高楼层; 新餐厅备餐波动
ORD000230,R022,Rider012,2024-01-03 17:00:00,17,False,True,39.911765456816525,116.34325291672867,39.92367260197888,116.37071379389974,39.87227059127874,116.35388620704767,8.58,2.69,5.89,快餐,22.8,21.04616297969976,False,16,0,8.0,多云,1.0,0.85,1.42,27,4.5,1,0.76,91,82.6,27.3,交通拥堵; 无电梯高楼层; 用餐高峰期; 新餐厅备餐波动
ORD000231,R037,Rider007,2024-01-07 20:05:00,20,True,False,39.89138875080156,116.35915624214887,39.892457945637545,116.42054067792265,39.8812319420477,116.34772102698165,11.6,5.25,6.35,火锅,23.7,33.339196799529375,True,20,1,6.6,多云,1.0,0.27,1.13,20,3.7,0,0.91,1035,51.0,0.0,写字楼电梯等待
ORD000232,R016,Rider009,2024-01-01 18:23:00,18,False,True,39.87995723232037,116.39266139316263,39.91308360831194,116.4152316581654,39.91316369927242,116.40790369603127,4.78,4.15,0.63,西餐,13.4,24.22097808120315,True,5,0,0.7,多云,1.0,0.75,1.37,35,4.5,1,0.76,46,29.2,3.2,交通拥堵; 用餐高峰期; 新餐厅备餐波动
ORD000233,R037,Rider022,2024-01-07 14:58:00,14,True,False,39.90133174614861,116.37013607425884,39.892457945637545,116.42054067792265,39.88685398692913,116.39370765445501,6.8,4.42,2.38,火锅,35.1,25.711351100876332,True,19,0,4.1,多云,1.0,0.14,1.07,34,4.0,0,0.91,1035,64.6,9.6,无
ORD000234,R040,Rider008,2024-01-03 10:05:00,10,False,False,39.92434670155129,116.46632472529187,39.91551888796381,116.45694052959438,39.92497386056965,116.4687095565201,2.72,1.27,1.45,西餐,29.0,30.7235533257411,False,4,0,2.0,雾,1.25,0.25,1.13,25,4.8,0,0.85,1199,49.0,12.7,天气影响(雾)
ORD000235,R047,Rider029,2024-01-01 02:30:00,2,False,False,39.910341138290015,116.40961263245349,39.88553288505282,116.39673534077251,39.9827701186798,116.39951113316586,13.77,2.97,10.8,日料,41.4,21.648061323643056,True,8,0,1.6,晴天,1.0,0.41,1.2,30,3.7,0,0.89,512,94.5,13.2,无
ORD000236,R049,Rider013,2024-01-06 22:17:00,22,True,False,39.92142959735928,116.33975770429484,39.93551026936107,116.41426935614565,39.92705390041307,116.44622095280053,9.45,6.56,2.89,快餐,21.0,27.83319468169,True,16,0,2.0,晴天,1.0,0.58,1.29,13,4.9,0,0.8,1818,59.5,16.0,无
ORD000237,R047,Rider021,2024-01-07 08:18:00,8,True,False,39.91244142432426,116.40057151994974,39.88553288505282,116.39673534077251,39.920748511998084,116.46108354017223,9.76,3.01,6.75,日料,35.5,29.02305861327132,True,11,0,2.3,晴天,1.0,0.4,1.2,23,4.6,0,0.89,512,62.6,4.6,无
ORD000238,R007,Rider026,2024-01-04 13:45:00,13,False,True,39.86765268320924,116.44790254826783,39.926353997399865,116.4125410484357,39.86014992380612,116.42690693099692,14.64,7.19,7.45,火锅,41.2,23.951923393746384,True,30,0,5.0,多云,1.0,0.74,1.37,25,4.8,1,0.71,49,116.5,33.6,交通拥堵; 用餐高峰期; 新餐厅备餐波动
ORD000239,R032,Rider004,2024-01-06 15:34:00,15,True,False,39.92240832992407,116.4141846722687,39.923253376527065,116.37499397389878,39.8938632905673,116.45473929280564,10.91,3.35,7.56,中餐,11.9,28.262928230507605,True,26,0,3.2,晴天,1.0,0.33,1.16,9,4.7,0,0.81,589,43.8,5.6,无
ORD000240,R043,Rider018,2024-01-04 17:12:00,17,False,True,39.81730305443589,116.40441015193005,39.94743819867199,116.36432413546461,39.88619738114083,116.43231399729389,23.8,14.85,8.95,日料,25.4,35.210649614259,True,16,0,2.0,晴天,1.0,0.91,1.46,9,3.7,0,0.95,1448,94.4,26.4,交通拥堵; 用餐高峰期
ORD000241,R027,Rider026,2024-01-06 09:52:00,9,True,False,39.930445103846516,116.36802258664903,39.94449504636891,116.38536357050157,39.86014992380612,116.42690693099692,12.17,2.15,10.02,西餐,21.6,22.339753919359193,True,1,0,0.8,晴天,1.0,0.24,1.12,25,4.8,0,0.82,787,56.4,1.2,无
ORD000242,R044,Rider020,2024-01-03 12:42:00,12,False,True,39.85928395375693,116.47411191732017,39.93937307347177,116.4233420003288,39.95521852994615,116.403737357574,12.33,9.9,2.43,火锅,13.4,17.86986817914313,True,26,0,2.9,多云,1.0,0.64,1.32,12,4.7,0,0.88,1668,68.7,10.9,交通拥堵; 用餐高峰期
ORD000243,R012,Rider015,2024-01-04 10:14:00,10,False,False,39.8769459357426,116.38103761237942,39.9031252188267,116.45433930967441,39.90125555536833,116.39611115244051,11.89,6.91,4.98,西餐,19.7,16.316038937232705,True,22,1,3.9,大雨,1.35,0.44,1.22,18,5.0,0,0.85,1677,110.7,43.3,天气影响(大雨); 写字楼电梯等待
ORD000244,R011,Rider003,2024-01-02 19:29:00,19,False,True,39.91867631345444,116.35850548771982,39.85697534139168,116.42653858829674,39.97674666303516,116.42358331580469,22.29,8.99,13.3,快餐,13.8,33.6420939733147,True,7,0,2.0,小雨,1.15,0.98,1.49,12,4.5,0,0.84,1585,92.0,36.5,天气影响(小雨); 交通拥堵; 用餐高峰期
ORD000245,R030,Rider004,2024-01-06 19:06:00,19,True,True,39.96475992873826,116.32966762494478,39.89749611644023,116.42882001482276,39.8938632905673,116.45473929280564,13.55,11.3,2.25,日料,16.1,24.851753161660213,True,18,0,4.1,晴天,1.0,0.72,1.36,9,4.7,1,0.76,62,70.2,17.3,交通拥堵; 用餐高峰期; 新餐厅备餐波动
ORD000246,R029,Rider025,2024-01-06 15:21:00,15,True,False,39.9076135910318,116.37217003488684,39.929703617463716,116.41923019854394,39.85202121997981,116.4341869019532,13.43,4.71,8.72,快餐,10.8,19.911332707065593,True,24,1,4.6,晴天,1.0,0.33,1.16,23,3.7,0,0.86,1639,67.8,11.9,写字楼电梯等待
ORD000247,R001,Rider030,2024-01-02 15:22:00,15,False,False,39.95663530906755,116.39300377851266,39.91910142459034,116.40325207096485,39.911325137030445,116.40882541839402,5.24,4.26,0.99,西餐,27.3,27.94041436032501,True,4,0,0.9,小雨,1.15,0.35,1.17,22,3.9,0,0.89,1738,53.2,13.7,天气影响(小雨)
ORD000248,R030,Rider017,2024-01-06 21:28:00,21,True,False,39.89568173755702,116.41076040763697,39.89749611644023,116.42882001482276,39.9178982767203,116.48386118426038,6.78,1.56,5.22,日料,16.1,19.636679931840618,True,18,0,2.4,晴天,1.0,0.46,1.23,3,4.3,1,0.76,62,44.3,5.1,新餐厅备餐波动
ORD000249,R002,Rider019,2024-01-02 21:23:00,21,False,False,39.90527646896566,116.4138884601897,39.95157638446523,116.43042304187458,39.93266459512356,116.36241431632648,11.51,5.33,6.18,日料,14.4,17.414864501047067,True,3,1,1.3,小雨,1.15,0.57,1.29,28,3.9,1,0.82,47,74.7,19.3,天气影响(小雨); 新餐厅备餐波动
ORD000250,R037,Rider002,2024-01-05 15:17:00,15,False,False,39.91997523442316,116.37244089870927,39.892457945637545,116.42054067792265,39.94914167126766,116.49312820752455,13.96,5.12,8.84,火锅,28.7,22.963032718544277,True,14,0,1.7,晴天,1.0,0.2,1.1,23,4.7,0,0.91,1035,69.8,2.9,无
ORD000251,R016,Rider023,2024-01-07 09:57:00,9,True,False,39.892380767443974,116.39667969029978,39.91308360831194,116.4152316581654,39.93964254240985,116.40191688715832,5.95,2.79,3.16,西餐,13.4,23.476609104264803,False,27,0,13.5,晴天,1.0,0.45,1.22,33,4.7,1,0.76,46,47.1,4.9,无电梯高楼层; 新餐厅备餐波动
ORD000252,R032,Rider004,2024-01-01 01:35:00,1,False,False,39.94890529766416,116.4274740819744,39.923253376527065,116.37499397389878,39.8938632905673,116.45473929280564,12.87,5.31,7.56,中餐,12.9,23.144658091278224,True,10,0,2.5,晴天,1.0,0.32,1.16,9,4.7,0,0.81,589,56.6,7.8,无
ORD000253,R010,Rider004,2024-01-01 10:16:00,10,False,False,39.98869737538116,116.41448863815553,39.89798502329687,116.38869567815044,39.8938632905673,116.45473929280564,15.98,10.31,5.67,烧烤,13.3,23.363877210247047,True,23,1,5.3,晴天,1.0,0.46,1.23,9,4.7,1,0.79,43,71.0,11.3,写字楼电梯等待; 新餐厅备餐波动
ORD000254,R050,Rider017,2024-01-01 01:34:00,1,False,False,39.860973622817035,116.34051361945421,39.9045643952722,116.43532802251922,39.9178982767203,116.48386118426038,13.85,9.44,4.41,快餐,26.1,20.37460710884076,False,17,1,8.5,晴天,1.0,0.32,1.16,3,4.3,0,0.82,798,90.5,15.2,无电梯高楼层; 写字楼电梯等待
ORD000255,R041,Rider011,2024-01-04 13:38:00,13,False,True,39.8942608550454,116.44246248459193,39.883799869976464,116.39949782465398,39.99179211732871,116.37506806858579,16.03,3.85,12.17,中餐,27.1,27.763802873862556,False,1,1,0.5,多云,1.0,0.74,1.37,28,4.5,1,0.85,78,88.4,26.1,交通拥堵; 用餐高峰期; 新餐厅备餐波动
ORD000256,R035,Rider030,2024-01-05 16:59:00,16,False,False,39.88937208339136,116.43189646611661,39.868196047868096,116.44344141332652,39.911325137030445,116.40882541839402,8.18,2.55,5.63,快餐,40.4,32.24503539182015,True,22,1,4.1,多云,1.0,0.27,1.14,22,3.9,1,0.83,67,68.4,8.8,写字楼电梯等待; 新餐厅备餐波动
ORD000257,R041,Rider026,2024-01-04 21:21:00,21,False,False,39.99710263517712,116.42087245089549,39.883799869976464,116.39949782465398,39.86014992380612,116.42690693099692,16.23,12.71,3.52,中餐,27.1,23.890532625384537,True,27,0,3.2,雾,1.25,0.52,1.26,25,4.8,1,0.85,78,117.3,46.3,天气影响(雾); 新餐厅备餐波动
ORD000258,R026,Rider010,2024-01-07 12:06:00,12,True,True,39.89316014570731,116.38026886416776,39.960173235334345,116.42161498762735,39.876127462298896,116.36871555781596,18.61,8.24,10.37,快餐,21.2,17.96175052162106,True,5,0,0.6,大雨,1.35,0.9,1.45,3,4.9,0,0.8,260,160.1,76.3,天气影响(大雨); 交通拥堵; 用餐高峰期
ORD000259,R033,Rider023,2024-01-06 20:24:00,20,True,False,39.92423056141193,116.38809039492499,39.91675918407518,116.3855546225191,39.93964254240985,116.40191688715832,3.76,0.86,2.9,中餐,9.5,18.772025118149415,True,3,0,1.8,多云,1.0,0.35,1.18,33,4.7,0,0.82,637,24.6,1.3,无
ORD000260,R015,Rider021,2024-01-06 17:53:00,17,True,True,39.979328895416835,116.42525486132863,39.945355864006494,116.41266659881865,39.920748511998084,116.46108354017223,8.88,3.92,4.96,快餐,11.8,32.05081478288727,True,2,0,3.2,雾,1.25,0.53,1.27,23,4.6,0,0.82,1348,49.2,17.5,天气影响(雾); 用餐高峰期
ORD000261,R048,Rider007,2024-01-01 23:54:00,23,False,False,39.884081159563735,116.35668845742953,39.87933014967234,116.39059456879409,39.8812319420477,116.34772102698165,6.62,2.95,3.67,日料,13.7,27.582866140893483,True,13,0,3.0,多云,1.0,0.39,1.19,20,3.7,0,0.94,1812,35.9,4.9,无
ORD000262,R012,Rider008,2024-01-04 03:47:00,3,False,False,39.8446025518144,116.35684513757064,39.9031252188267,116.45433930967441,39.92497386056965,116.4687095565201,13.29,10.57,2.72,西餐,19.0,27.028547978665593,False,14,0,7.0,多云,1.0,0.23,1.12,25,4.8,0,0.85,1677,64.5,8.9,无电梯高楼层
ORD000263,R010,Rider001,2024-01-02 08:43:00,8,False,False,39.91986113864777,116.40337283762491,39.89798502329687,116.38869567815044,39.91716665409954,116.40219427782529,5.16,2.73,2.42,烧烤,13.3,19.14967657601722,True,16,0,2.4,晴天,1.0,0.88,1.44,19,4.2,1,0.79,43,39.2,7.3,交通拥堵; 新餐厅备餐波动
ORD000264,R043,Rider030,2024-01-01 11:35:00,11,False,True,39.87778474517858,116.45207167235631,39.94743819867199,116.36432413546461,39.911325137030445,116.40882541839402,16.3,10.78,5.53,日料,29.5,29.147882757144345,False,19,1,9.5,大雨,1.35,0.79,1.4,22,3.9,0,0.95,1448,147.4,74.8,天气影响(大雨); 交通拥堵; 无电梯高楼层; 写字楼电梯等待; 用餐高峰期
ORD000265,R023,Rider025,2024-01-04 05:36:00,5,False,False,39.91320683728908,116.38875567201823,39.89349764922696,116.42408365395602,39.85202121997981,116.4341869019532,8.42,3.73,4.69,日料,27.2,18.19140659858998,True,7,0,1.1,晴天,1.0,0.27,1.14,23,3.7,0,0.94,1116,67.2,11.2,无
ORD000266,R042,Rider017,2024-01-07 09:29:00,9,True,False,39.87740375310647,116.38577640747206,39.865351725765606,116.4042464448576,39.9178982767203,116.48386118426038,11.04,2.07,8.97,火锅,31.1,26.38345110102137,True,1,0,1.0,晴天,1.0,0.45,1.22,3,4.3,0,0.84,621,75.6,18.4,无
ORD000267,R050,Rider012,2024-01-06 00:35:00,0,True,False,39.89831378779133,116.36995022363625,39.9045643952722,116.43532802251922,39.87227059127874,116.35388620704767,13.47,5.63,7.83,快餐,34.3,21.533050268690886,False,4,0,2.0,小雨,1.15,0.32,1.16,27,4.5,0,0.82,798,100.6,26.8,天气影响(小雨)
ORD000268,R038,Rider023,2024-01-03 07:19:00,7,False,False,39.895183840250446,116.47642077618258,39.93564059231985,116.38854290757573,39.93964254240985,116.40191688715832,9.98,8.75,1.23,中餐,16.2,20.30623111600683,False,2,1,1.0,晴天,1.0,0.83,1.42,33,4.7,0,0.85,1469,63.8,17.2,交通拥堵
ORD000269,R045,Rider023,2024-01-05 18:35:00,18,False,True,39.910571272966024,116.37978647506624,39.93831052255901,116.42080670434322,39.93964254240985,116.40191688715832,6.29,4.67,1.62,日料,23.2,23.439573653385075,True,12,0,4.6,小雨,1.15,0.89,1.44,33,4.7,0,0.8,384,76.0,32.1,天气影响(小雨); 交通拥堵; 用餐高峰期
ORD000270,R045,Rider017,2024-01-03 07:06:00,7,False,False,39.835103003003724,116.4156454151849,39.93831052255901,116.42080670434322,39.9178982767203,116.48386118426038,17.32,11.47,5.85,日料,22.0,23.331978245106427,True,12,0,2.6,晴天,1.0,0.83,1.42,3,4.3,0,0.8,384,100.1,31.0,交通拥堵
ORD000271,R005,Rider017,2024-01-02 10:10:00,10,False,False,39.85317608233493,116.40190144921044,39.88619238449682,116.4358231946314,39.9178982767203,116.48386118426038,10.09,4.68,5.41,火锅,28.1,20.798715187683186,True,28,0,3.9,大雨,1.35,0.17,1.09,3,4.3,1,0.77,80,90.5,29.4,天气影响(大雨); 新餐厅备餐波动
ORD000272,R006,Rider007,2024-01-06 22:29:00,22,True,False,39.911952360333245,116.40714396989587,39.897316486385044,116.41908046739768,39.8812319420477,116.34772102698165,8.28,1.92,6.36,中餐,31.2,26.697715052071267,True,17,1,2.9,晴天,1.0,0.58,1.29,20,3.7,0,0.82,1513,78.8,26.1,写字楼电梯等待
ORD000273,R026,Rider010,2024-01-02 19:41:00,19,False,True,39.91335022320869,116.35568074591059,39.960173235334345,116.42161498762735,39.876127462298896,116.36871555781596,18.04,7.67,10.37,快餐,18.5,21.0344114525061,False,19,0,9.5,小雨,1.15,0.98,1.49,3,4.9,0,0.8,260,140.9,61.5,天气影响(小雨); 交通拥堵; 无电梯高楼层; 用餐高峰期
ORD000274,R033,Rider005,2024-01-05 16:59:00,16,False,False,39.82621419222953,116.38111974881377,39.91675918407518,116.3855546225191,39.846276626340114,116.35110144902494,18.42,10.06,8.36,中餐,13.9,22.35883527355765,True,11,1,5.2,多云,1.0,0.27,1.14,17,4.9,0,0.82,637,80.9,12.4,写字楼电梯等待
ORD000275,R049,Rider008,2024-01-03 19:48:00,19,False,True,39.905312915425114,116.39291997844037,39.93551026936107,116.41426935614565,39.92497386056965,116.4687095565201,8.62,3.82,4.8,快餐,33.9,29.63097675342371,True,9,0,2.0,晴天,1.0,0.73,1.37,25,4.8,0,0.8,1818,73.6,20.2,交通拥堵; 用餐高峰期
ORD000276,R044,Rider004,2024-01-07 18:35:00,18,True,True,39.90274906054804,116.39594442619068,39.93937307347177,116.4233420003288,39.8938632905673,116.45473929280564,10.41,4.69,5.72,火锅,13.9,21.6456295548892,False,25,0,12.5,晴天,1.0,0.57,1.28,9,4.7,0,0.88,1668,70.4,15.1,无电梯高楼层; 用餐高峰期
ORD000277,R026,Rider008,2024-01-01 19:45:00,19,False,True,39.90043951023597,116.40584694845376,39.960173235334345,116.42161498762735,39.92497386056965,116.4687095565201,12.38,6.77,5.61,快餐,17.1,30.210032197803216,False,4,0,2.0,多云,1.0,0.92,1.46,25,4.8,0,0.8,260,55.6,11.9,交通拥堵; 用餐高峰期
ORD000278,R044,Rider015,2024-01-01 06:14:00,6,False,False,39.86283123277543,116.41865399572396,39.93937307347177,116.4233420003288,39.90125555536833,116.39611115244051,13.34,8.51,4.83,火锅,11.9,19.083428275298036,True,25,0,2.5,晴天,1.0,0.42,1.21,18,5.0,0,0.88,1668,69.9,13.6,无
ORD000279,R032,Rider021,2024-01-07 22:28:00,22,True,False,39.854914642933686,116.46632160529337,39.923253376527065,116.37499397389878,39.920748511998084,116.46108354017223,18.26,10.89,7.37,中餐,11.5,37.08852800136749,True,6,0,0.6,晴天,1.0,0.54,1.27,23,4.6,0,0.81,589,53.6,11.9,无
ORD000280,R050,Rider028,2024-01-05 15:50:00,15,False,False,39.89309319211655,116.44044647328036,39.9045643952722,116.43532802251922,39.8468364452307,116.39973868704347,8.44,1.35,7.1,快餐,27.0,21.334602198981564,False,10,0,5.0,晴天,1.0,0.2,1.1,14,4.0,0,0.82,798,63.3,7.6,无电梯高楼层
ORD000281,R004,Rider018,2024-01-05 18:15:00,18,False,True,39.9704205384021,116.42631502934304,39.90622584614064,116.3646575544136,39.88619738114083,116.43231399729389,15.06,8.86,6.2,火锅,25.6,28.30862531460915,True,7,0,1.4,小雨,1.15,0.89,1.44,9,3.7,0,0.76,1942,89.2,30.3,天气影响(小雨); 交通拥堵; 用餐高峰期
ORD000282,R021,Rider014,2024-01-07 18:46:00,18,True,True,39.854582781686716,116.4415069937446,39.90504298390045,116.37148738809985,39.93387852066118,116.46646634501718,16.93,8.2,8.73,西餐,17.6,19.489100879024562,True,24,0,2.8,晴天,1.0,0.57,1.28,10,4.9,0,0.95,863,93.2,20.6,用餐高峰期
ORD000283,R002,Rider024,2024-01-05 18:14:00,18,False,True,39.86417789461061,116.35926190301502,39.95157638446523,116.43042304187458,39.836064702425794,116.40517809204412,24.46,11.45,13.01,日料,14.4,22.054818677598597,True,22,0,2.5,小雨,1.15,0.89,1.44,5,5.0,1,0.82,47,136.8,53.4,天气影响(小雨); 交通拥堵; 用餐高峰期; 新餐厅备餐波动
ORD000284,R004,Rider011,2024-01-06 16:06:00,16,True,False,39.92859994680151,116.38557378422549,39.90622584614064,116.3646575544136,39.99179211732871,116.37506806858579,12.6,3.06,9.54,火锅,18.3,25.73817666661978,True,11,0,1.3,多云,1.0,0.24,1.12,28,4.5,0,0.76,1942,49.4,0.4,无
ORD000285,R031,Rider005,2024-01-03 21:34:00,21,False,False,39.88975430261553,116.38258942813329,39.875714428644635,116.38949308005311,39.846276626340114,116.35110144902494,6.3,1.67,4.63,中餐,34.9,21.874391821251123,True,25,1,3.9,多云,1.0,0.59,1.29,17,4.9,0,0.86,117,75.9,19.8,写字楼电梯等待
ORD000286,R016,Rider025,2024-01-02 08:32:00,8,False,False,39.84414623782268,116.41963346331707,39.91308360831194,116.4152316581654,39.85202121997981,116.4341869019532,14.63,7.66,6.97,西餐,13.4,21.045753140471028,False,11,0,5.5,晴天,1.0,0.88,1.44,23,3.7,1,0.76,46,100.1,39.4,交通拥堵; 无电梯高楼层; 新餐厅备餐波动
ORD000287,R049,Rider018,2024-01-03 13:02:00,13,False,True,39.85897552304198,116.35581933122796,39.93551026936107,116.41426935614565,39.88619738114083,116.43231399729389,15.55,9.86,5.69,快餐,29.0,35.874598039927285,False,8,1,4.0,晴天,1.0,0.88,1.44,9,3.7,0,0.8,1818,86.7,27.6,交通拥堵; 无电梯高楼层; 用餐高峰期
ORD000288,R018,Rider028,2024-01-06 18:04:00,18,True,True,39.87947054301973,116.38134173254886,39.93680181069118,116.43754960642107,39.8468364452307,116.39973868704347,18.48,7.98,10.5,日料,14.9,18.3197056881892,True,25,0,3.2,多云,1.0,0.6,1.3,14,4.0,1,0.74,11,94.9,16.3,用餐高峰期; 新餐厅备餐波动
ORD000289,R050,Rider002,2024-01-06 17:34:00,17,True,True,39.909195491596044,116.45188242720133,39.9045643952722,116.43532802251922,39.94914167126766,116.49312820752455,8.5,1.51,6.99,快餐,41.4,25.628673016762338,False,15,1,7.5,雾,1.25,0.53,1.27,23,4.7,0,0.82,798,102.8,34.0,天气影响(雾); 无电梯高楼层; 写字楼电梯等待; 用餐高峰期
ORD000290,R017,Rider016,2024-01-03 21:18:00,21,False,False,39.93225690011685,116.38429771901907,39.899361428650025,116.41952152570443,39.917836887942364,116.40394345972673,7.18,4.73,2.45,中餐,24.1,31.004559295606125,True,7,0,1.2,多云,1.0,0.59,1.29,13,3.6,0,0.91,1236,46.4,7.2,无
ORD000291,R033,Rider013,2024-01-02 15:35:00,15,False,False,39.881124181708884,116.36976604511176,39.91675918407518,116.3855546225191,39.92705390041307,116.44622095280053,9.49,4.18,5.31,中餐,9.3,28.271052377575764,True,24,0,3.0,小雨,1.15,0.35,1.17,13,4.9,0,0.82,637,50.0,17.6,天气影响(小雨)
ORD000292,R016,Rider010,2024-01-01 09:55:00,9,False,False,39.88827526853073,116.38891219266948,39.91308360831194,116.4152316581654,39.876127462298896,116.36871555781596,9.27,3.56,5.72,西餐,13.4,17.07192190495598,True,8,1,2.6,晴天,1.0,0.94,1.47,3,4.9,1,0.76,46,62.8,14.2,交通拥堵; 新餐厅备餐波动
ORD000293,R013,Rider027,2024-01-01 18:02:00,18,False,True,39.95185516675392,116.35575815128442,39.98320584661837,116.37664727333566,39.886332661172375,116.38837314608125,14.71,3.91,10.8,西餐,30.4,23.857874513134018,True,4,0,1.4,多云,1.0,0.75,1.37,21,3.8,0,0.78,330,91.2,22.4,交通拥堵; 用餐高峰期
ORD000294,R009,Rider007,2024-01-05 09:32:00,9,False,False,39.92821255166311,116.38920194189609,39.84792969683381,116.3663965358334,39.8812319420477,116.34772102698165,13.15,9.12,4.03,西餐,24.3,34.76789682802424,True,17,0,2.6,晴天,1.0,1.0,1.5,20,3.7,0,0.75,1622,68.8,19.2,交通拥堵
ORD000295,R050,Rider009,2024-01-06 12:39:00,12,True,True,39.96023109104783,116.42563873599522,39.9045643952722,116.43532802251922,39.91316369927242,116.40790369603127,8.77,6.24,2.53,快餐,39.2,22.122135158412153,False,19,1,9.5,小雨,1.15,0.74,1.37,35,4.5,0,0.82,798,119.8,47.4,天气影响(小雨); 交通拥堵; 无电梯高楼层; 写字楼电梯等待; 用餐高峰期
ORD000296,R011,Rider003,2024-01-02 13:34:00,13,False,True,39.88574931691925,116.38149874093429,39.85697534139168,116.42653858829674,39.97674666303516,116.42358331580469,18.31,5.01,13.3,快餐,18.4,33.64209671668669,True,6,0,1.1,晴天,1.0,0.91,1.46,12,4.5,0,0.84,1585,76.0,24.0,交通拥堵; 用餐高峰期
ORD000297,R007,Rider027,2024-01-01 16:52:00,16,False,False,39.87671819736179,116.39938024938574,39.926353997399865,116.4125410484357,39.886332661172375,116.38837314608125,10.53,5.62,4.9,火锅,41.2,21.534972552934747,True,1,1,1.6,晴天,1.0,0.34,1.17,21,3.8,1,0.71,49,83.9,11.7,新餐厅备餐波动
ORD000298,R016,Rider017,2024-01-02 10:58:00,10,False,False,39.89621647475773,116.3285884553579,39.91308360831194,116.4152316581654,39.9178982767203,116.48386118426038,13.53,7.64,5.89,西餐,13.4,21.513015669096145,True,9,0,1.2,大雨,1.35,0.17,1.09,3,4.3,1,0.76,46,74.1,21.7,天气影响(大雨); 新餐厅备餐波动
ORD000299,R035,Rider030,2024-01-07 09:56:00,9,True,False,39.961945659007185,116.36635294768146,39.868196047868096,116.44344141332652,39.911325137030445,116.40882541839402,17.95,12.32,5.63,快餐,40.4,34.41668738482549,True,2,0,0.3,晴天,1.0,0.45,1.22,22,3.9,1,0.83,67,86.7,14.7,新餐厅备餐波动
ORD000300,R044,Rider019,2024-01-07 14:06:00,14,True,False,39.91212396833433,116.448402375705,39.93937307347177,116.4233420003288,39.93266459512356,116.36241431632648,8.97,3.71,5.26,火锅,9.7,20.869678272633344,True,18,0,4.8,多云,1.0,0.14,1.07,28,3.9,0,0.88,1668,39.7,0.0,无
ORD000301,R003,Rider020,2024-01-04 21:06:00,21,False,False,39.916385836493646,116.33240190404503,39.90486665479836,116.3945662125919,39.95521852994615,116.403737357574,11.11,5.47,5.65,烧烤,24.0,20.79311505774684,True,8,0,1.7,雾,1.25,0.52,1.26,12,4.7,0,0.76,799,89.5,31.8,天气影响(雾)
ORD000302,R009,Rider012,2024-01-04 03:47:00,3,False,False,39.8725500188093,116.39601740758529,39.84792969683381,116.3663965358334,39.87227059127874,116.35388620704767,6.63,3.73,2.91,西餐,23.2,23.297173417507828,True,5,0,1.0,多云,1.0,0.23,1.12,27,4.5,0,0.75,1622,43.5,2.2,无
ORD000303,R047,Rider004,2024-01-04 20:22:00,20,False,False,39.92794314634699,116.39275035695731,39.88553288505282,116.39673534077251,39.8938632905673,116.45473929280564,9.77,4.72,5.05,日料,32.4,26.44795594368088,False,4,0,2.0,晴天,1.0,0.43,1.22,9,4.7,0,0.89,512,78.2,21.7,无
ORD000304,R023,Rider007,2024-01-05 09:19:00,9,False,False,39.94767751600131,116.38204048200132,39.89349764922696,116.42408365395602,39.8812319420477,116.34772102698165,13.68,7.01,6.67,日料,31.6,29.465056316516538,True,15,0,2.8,晴天,1.0,1.0,1.5,20,3.7,0,0.94,1116,93.3,31.0,交通拥堵
ORD000305,R046,Rider003,2024-01-04 18:51:00,18,False,True,39.876050957749634,116.40804073995251,39.90750898735901,116.3944992384245,39.97674666303516,116.42358331580469,11.76,3.68,8.08,中餐,28.0,35.767020336476975,False,20,1,10.0,晴天,1.0,0.95,1.48,12,4.5,0,0.9,704,84.7,26.9,交通拥堵; 无电梯高楼层; 写字楼电梯等待; 用餐高峰期
ORD000306,R026,Rider021,2024-01-05 00:13:00,0,False,False,39.89126585322246,116.42368677125741,39.960173235334345,116.42161498762735,39.920748511998084,116.46108354017223,13.18,7.65,5.53,快餐,11.8,30.7939334006457,False,9,1,4.5,多云,1.0,0.47,1.24,23,4.6,0,0.8,260,55.3,13.3,无电梯高楼层
ORD000307,R023,Rider025,2024-01-05 15:13:00,15,False,False,39.90413712770508,116.42216274785542,39.89349764922696,116.42408365395602,39.85202121997981,116.4341869019532,5.88,1.19,4.69,日料,27.4,18.423176882344904,True,13,0,1.4,晴天,1.0,0.2,1.1,23,3.7,0,0.94,1116,58.0,10.0,无
ORD000308,R044,Rider023,2024-01-01 20:42:00,20,False,False,39.91003983657251,116.39054761721067,39.93937307347177,116.4233420003288,39.93964254240985,116.40191688715832,6.13,4.3,1.83,火锅,12.1,23.54201887417148,False,22,1,11.0,晴天,1.0,0.32,1.16,33,4.7,0,0.88,1668,48.1,9.3,无电梯高楼层; 写字楼电梯等待
ORD000309,R016,Rider001,2024-01-04 20:38:00,20,False,False,39.91287165110418,116.41496390522188,39.91308360831194,116.4152316581654,39.91716665409954,116.40219427782529,1.24,0.03,1.2,西餐,13.4,20.935471468600298,True,5,0,0.8,晴天,1.0,0.43,1.22,19,4.2,1,0.76,46,20.0,2.3,新餐厅备餐波动
ORD000310,R031,Rider023,2024-01-01 11:55:00,11,False,True,39.924064762851174,116.44162783360412,39.875714428644635,116.38949308005311,39.93964254240985,116.40191688715832,14.16,6.98,7.18,中餐,47.4,20.92070498583742,True,24,1,6.8,大雨,1.35,0.79,1.4,33,4.7,0,0.86,117,185.5,90.7,天气影响(大雨); 交通拥堵; 写字楼电梯等待; 用餐高峰期
ORD000311,R038,Rider024,2024-01-01 15:06:00,15,False,False,39.94698977312791,116.36643445024863,39.93564059231985,116.38854290757573,39.836064702425794,116.40517809204412,13.42,2.27,11.15,中餐,12.1,25.08293957419689,True,18,1,8.0,多云,1.0,0.08,1.04,5,5.0,0,0.85,1469,66.0,13.8,写字楼电梯等待
ORD000312,R008,Rider002,2024-01-02 21:09:00,21,False,False,39.84281588668597,116.48140702555779,39.91802448900446,116.40997770414891,39.94914167126766,116.49312820752455,18.25,10.35,7.9,火锅,23.0,26.1851085306604,True,19,1,3.0,小雨,1.15,0.57,1.29,23,4.7,0,0.81,1280,102.9,35.1,天气影响(小雨); 写字楼电梯等待
ORD000313,R041,Rider010,2024-01-02 12:10:00,12,False,True,39.8817845738116,116.41244672537708,39.883799869976464,116.39949782465398,39.876127462298896,116.36871555781596,3.9,1.13,2.77,中餐,27.1,18.90275143677831,False,29,1,14.5,雾,1.25,0.79,1.4,3,4.9,1,0.85,78,103.0,49.1,天气影响(雾); 交通拥堵; 无电梯高楼层; 写字楼电梯等待; 用餐高峰期; 新餐厅备餐波动
ORD000314,R050,Rider012,2024-01-07 21:16:00,21,True,False,39.88942715670531,116.32032881196112,39.9045643952722,116.43532802251922,39.87227059127874,116.35388620704767,17.81,9.98,7.83,快餐,29.2,19.754001118911404,True,8,0,2.0,晴天,1.0,0.71,1.35,27,4.5,0,0.82,798,121.4,36.1,交通拥堵
ORD000315,R040,Rider013,2024-01-03 04:17:00,4,False,False,39.8371558738435,116.33953056228995,39.91551888796381,116.45694052959438,39.92705390041307,116.44622095280053,14.86,13.29,1.57,西餐,20.7,32.35714363782032,True,6,1,3.3,晴天,1.0,0.31,1.16,13,4.9,0,0.85,1199,62.9,11.4,无
ORD000316,R002,Rider019,2024-01-02 21:59:00,21,False,False,39.930502271358634,116.34887594995001,39.95157638446523,116.43042304187458,39.93266459512356,116.36241431632648,13.53,7.35,6.18,日料,14.4,22.787691042669866,False,7,0,3.5,小雨,1.15,0.57,1.29,28,3.9,1,0.82,47,80.6,27.1,天气影响(小雨); 无电梯高楼层; 新餐厅备餐波动
ORD000317,R033,Rider007,2024-01-01 18:21:00,18,False,True,39.95066427761868,116.44975712256469,39.91675918407518,116.3855546225191,39.8812319420477,116.34772102698165,11.76,6.65,5.1,中餐,15.3,33.97289847275194,False,26,0,13.0,多云,1.0,0.75,1.37,20,3.7,0,0.82,637,69.8,20.7,交通拥堵; 无电梯高楼层; 用餐高峰期
ORD000318,R008,Rider026,2024-01-07 10:13:00,10,True,False,39.91879615712052,116.33753214282221,39.91802448900446,116.40997770414891,39.86014992380612,116.42690693099692,12.78,6.19,6.59,火锅,29.1,29.584990941063033,True,1,0,0.2,多云,1.0,0.31,1.15,25,4.8,0,0.81,1280,67.7,12.6,无
ORD000319,R018,Rider026,2024-01-01 15:15:00,15,False,False,39.958964574707,116.39163367613895,39.93680181069118,116.43754960642107,39.86014992380612,116.42690693099692,13.19,4.63,8.56,日料,14.9,28.711181259089955,True,9,1,2.2,多云,1.0,0.08,1.04,25,4.8,1,0.74,11,48.7,4.1,新餐厅备餐波动
ORD000320,R019,Rider027,2024-01-02 15:23:00,15,False,False,39.919023074862494,116.43513089519364,39.94131048218809,116.36460563345823,39.886332661172375,116.38837314608125,12.95,6.52,6.43,日料,15.8,22.373120941995253,True,20,0,2.5,小雨,1.15,0.35,1.17,21,3.8,0,0.87,829,68.8,15.8,天气影响(小雨)
ORD000321,R033,Rider010,2024-01-05 10:31:00,10,False,False,40.01309243730327,116.41355390640867,39.91675918407518,116.3855546225191,39.876127462298896,116.36871555781596,15.7,10.96,4.74,中餐,10.4,18.47816266978917,True,27,1,7.5,小雨,1.15,0.47,1.24,3,4.9,0,0.82,637,98.5,29.6,天气影响(小雨); 写字楼电梯等待
ORD000322,R050,Rider030,2024-01-06 20:01:00,20,True,False,39.84136345697412,116.42945518780212,39.9045643952722,116.43532802251922,39.911325137030445,116.40882541839402,9.42,7.04,2.39,快餐,29.1,34.21293105763337,True,4,1,4.3,多云,1.0,0.35,1.18,22,3.9,0,0.82,798,54.6,4.7,无
ORD000323,R019,Rider004,2024-01-06 16:08:00,16,True,False,39.95104817077859,116.43865028763985,39.94131048218809,116.36460563345823,39.8938632905673,116.45473929280564,15.75,6.42,9.33,日料,18.4,26.004596201603075,True,11,1,4.9,多云,1.0,0.24,1.12,9,4.7,0,0.87,829,72.3,12.7,写字楼电梯等待
ORD000324,R004,Rider014,2024-01-05 16:28:00,16,False,False,39.90291924782052,116.41269659906214,39.90622584614064,116.3646575544136,39.93387852066118,116.46646634501718,13.35,4.12,9.23,火锅,14.4,18.802334962432845,True,22,0,2.8,多云,1.0,0.27,1.14,10,4.9,0,0.76,1942,61.2,1.4,无
ORD000325,R013,Rider018,2024-01-04 18:53:00,18,False,True,39.8570020771741,116.43248825371178,39.98320584661837,116.37664727333566,39.88619738114083,116.43231399729389,26.58,14.8,11.78,西餐,27.9,33.801023382812154,False,21,0,10.5,晴天,1.0,0.95,1.48,9,3.7,0,0.78,330,135.1,49.5,交通拥堵; 无电梯高楼层; 用餐高峰期
ORD000326,R031,Rider002,2024-01-07 14:07:00,14,True,False,39.8799614806421,116.4620762277188,39.875714428644635,116.38949308005311,39.94914167126766,116.49312820752455,18.27,6.23,12.04,中餐,34.6,23.737714731164367,False,3,1,1.5,多云,1.0,0.14,1.07,23,4.7,0,0.86,117,80.3,0.0,无
ORD000327,R022,Rider006,2024-01-02 18:42:00,18,False,True,39.81382454968384,116.34363269281098,39.92367260197888,116.37071379389974,39.8754622311499,116.39886211393153,18.28,12.41,5.87,快餐,22.8,31.64161710257975,False,14,1,7.0,小雨,1.15,0.91,1.46,27,3.9,1,0.76,91,108.5,44.0,天气影响(小雨); 交通拥堵; 无电梯高楼层; 写字楼电梯等待; 用餐高峰期; 新餐厅备餐波动
ORD000328,R027,Rider014,2024-01-06 15:52:00,15,True,False,39.89348642269727,116.30525475937405,39.94449504636891,116.38536357050157,39.93387852066118,116.46646634501718,15.92,8.89,7.03,西餐,15.3,18.713697235912008,True,5,0,0.9,晴天,1.0,0.33,1.16,10,4.9,0,0.82,787,84.1,16.9,无
ORD000329,R003,Rider027,2024-01-07 20:44:00,20,True,False,39.83239227888113,116.37125669454501,39.90486665479836,116.3945662125919,39.886332661172375,116.38837314608125,10.42,8.29,2.12,烧烤,31.7,20.652281362462766,True,5,1,1.2,多云,1.0,0.27,1.13,21,3.8,0,0.76,799,71.9,8.8,无
ORD000330,R031,Rider002,2024-01-05 16:28:00,16,False,False,39.940514425508184,116.40809656995992,39.875714428644635,116.38949308005311,39.94914167126766,116.49312820752455,19.41,7.37,12.04,中餐,39.3,26.343819502524724,True,5,0,0.9,多云,1.0,0.27,1.14,23,4.7,0,0.86,117,84.4,0.1,无
ORD000331,R012,Rider030,2024-01-04 17:58:00,17,False,True,39.938372693566954,116.4590699140293,39.9031252188267,116.45433930967441,39.911325137030445,116.40882541839402,7.93,3.93,4.0,西餐,30.6,29.63896034547013,True,1,0,0.8,晴天,1.0,0.91,1.46,22,3.9,0,0.85,1677,70.0,22.6,交通拥堵; 用餐高峰期
ORD000332,R003,Rider015,2024-01-05 15:11:00,15,False,False,39.947335470708246,116.4139208365293,39.90486665479836,116.3945662125919,39.90125555536833,116.39611115244051,5.42,5.0,0.42,烧烤,25.9,16.714889160835565,True,7,0,2.8,晴天,1.0,0.2,1.1,18,5.0,0,0.76,799,51.2,3.0,无
ORD000333,R003,Rider020,2024-01-04 10:20:00,10,False,False,39.872042464930914,116.43931407301913,39.90486665479836,116.3945662125919,39.95521852994615,116.403737357574,10.93,5.29,5.65,烧烤,24.7,22.354596573629895,True,18,0,2.5,大雨,1.35,0.44,1.22,12,4.7,0,0.76,799,96.0,39.5,天气影响(大雨)
ORD000334,R023,Rider029,2024-01-04 09:27:00,9,False,False,39.85351795083944,116.43308714865248,39.89349764922696,116.42408365395602,39.9827701186798,116.39951113316586,14.64,4.51,10.13,日料,29.4,22.10070712014008,True,10,0,1.1,晴天,1.0,0.96,1.48,30,3.7,0,0.94,1116,98.2,28.0,交通拥堵
ORD000335,R050,Rider026,2024-01-05 19:25:00,19,False,True,39.88992348022694,116.30831676816761,39.9045643952722,116.43532802251922,39.86014992380612,116.42690693099692,15.97,10.98,4.98,快餐,38.9,28.400804153023184,False,20,0,10.0,多云,1.0,0.91,1.46,25,4.8,0,0.82,798,121.9,39.3,交通拥堵; 无电梯高楼层; 用餐高峰期
ORD000336,R043,Rider010,2024-01-05 07:42:00,7,False,False,39.86813738018786,116.37667223059978,39.94743819867199,116.36432413546461,39.876127462298896,116.36871555781596,16.79,8.87,7.93,日料,19.8,19.82647399747431,True,10,0,2.3,雾,1.25,0.84,1.42,3,4.9,0,0.95,1448,130.4,57.5,天气影响(雾); 交通拥堵
ORD000337,R007,Rider024,2024-01-02 15:57:00,15,False,False,39.944698893659094,116.40338649584862,39.926353997399865,116.4125410484357,39.836064702425794,116.40517809204412,12.23,2.18,10.04,火锅,41.2,28.672791145205125,True,22,1,4.5,小雨,1.15,0.35,1.17,5,5.0,1,0.71,49,92.4,21.1,天气影响(小雨); 写字楼电梯等待; 新餐厅备餐波动
ORD000338,R030,Rider016,2024-01-02 09:58:00,9,False,False,39.9049056723494,116.35698024893122,39.89749611644023,116.42882001482276,39.917836887942364,116.40394345972673,9.3,6.2,3.1,日料,16.1,29.678920387922783,False,27,0,13.5,晴天,1.0,0.94,1.47,13,3.6,1,0.76,62,72.0,23.6,交通拥堵; 无电梯高楼层; 新餐厅备餐波动
ORD000339,R014,Rider012,2024-01-04 11:20:00,11,False,True,39.83997466387749,116.40435804369211,39.89783515734865,116.39459393617881,39.87227059127874,116.35388620704767,10.97,6.48,4.49,烧烤,39.2,21.241551115939558,False,8,0,4.0,晴天,1.0,0.89,1.45,27,4.5,1,0.82,66,110.7,36.5,交通拥堵; 无电梯高楼层; 用餐高峰期; 新餐厅备餐波动
ORD000340,R008,Rider025,2024-01-03 20:49:00,20,False,False,39.950025151046866,116.42977933917211,39.91802448900446,116.40997770414891,39.85202121997981,116.4341869019532,11.55,3.94,7.62,火锅,26.0,23.856099229718854,True,24,1,3.7,晴天,1.0,0.45,1.23,23,3.7,0,0.81,1280,67.7,9.0,写字楼电梯等待
ORD000341,R050,Rider024,2024-01-01 21:30:00,21,False,False,39.95205043953228,116.38520372520045,39.9045643952722,116.43532802251922,39.836064702425794,116.40517809204412,14.83,6.79,8.03,快餐,26.5,27.372278401201623,True,24,0,5.0,晴天,1.0,0.44,1.22,5,5.0,0,0.82,798,85.7,21.6,无
ORD000342,R011,Rider021,2024-01-06 20:44:00,20,True,False,39.85264723832873,116.39192063603369,39.85697534139168,116.42653858829674,39.920748511998084,116.46108354017223,10.67,3.0,7.67,快餐,16.7,37.3976996715764,True,13,0,2.3,多云,1.0,0.35,1.18,23,4.6,0,0.84,1585,57.2,21.0,无
ORD000343,R002,Rider028,2024-01-05 02:07:00,2,False,False,39.93304261993717,116.3914363960583,39.95157638446523,116.43042304187458,39.8468364452307,116.39973868704347,15.84,3.92,11.92,日料,14.4,18.603205536462,True,25,1,4.7,晴天,1.0,0.23,1.12,14,4.0,1,0.82,47,80.1,9.9,写字楼电梯等待; 新餐厅备餐波动
ORD000344,R034,Rider014,2024-01-01 23:56:00,23,False,False,39.89259833249322,116.3489186876364,39.86870203135637,116.42224986962574,39.93387852066118,116.46646634501718,14.98,6.81,8.17,日料,33.0,22.67891732361076,False,22,0,11.0,多云,1.0,0.39,1.19,10,4.9,1,0.71,96,99.4,15.8,无电梯高楼层; 新餐厅备餐波动
ORD000345,R039,Rider029,2024-01-05 07:58:00,7,False,False,39.91058174292146,116.36400974263364,39.95763873231079,116.38707752996855,39.9827701186798,116.39951113316586,8.57,5.58,2.99,火锅,45.5,28.249526453743083,False,15,0,7.5,雾,1.25,0.84,1.42,30,3.7,1,0.77,57,130.2,59.0,天气影响(雾); 交通拥堵; 无电梯高楼层; 新餐厅备餐波动
ORD000346,R033,Rider002,2024-01-03 18:59:00,18,False,True,39.91732038871934,116.42098119793054,39.91675918407518,116.3855546225191,39.94914167126766,116.49312820752455,12.9,3.03,9.87,中餐,20.8,21.319846322138986,True,19,0,2.1,大雨,1.35,0.85,1.42,23,4.7,0,0.82,637,121.6,62.4,天气影响(大雨); 交通拥堵; 用餐高峰期
ORD000347,R009,Rider015,2024-01-07 11:13:00,11,True,True,39.98262871328155,116.51428626970511,39.84792969683381,116.3663965358334,39.90125555536833,116.39611115244051,26.03,19.58,6.44,西餐,32.1,16.19300154796503,True,8,1,2.2,晴天,1.0,0.67,1.34,18,5.0,0,0.75,1622,172.5,41.7,交通拥堵; 用餐高峰期
ORD000348,R035,Rider022,2024-01-07 15:20:00,15,True,False,39.934754526025905,116.29576259644067,39.868196047868096,116.44344141332652,39.88685398692913,116.39370765445501,19.36,14.63,4.73,快餐,40.4,27.4874860651067,True,29,0,3.7,小雨,1.15,0.26,1.13,34,4.0,1,0.83,67,105.8,19.5,天气影响(小雨); 新餐厅备餐波动
ORD000349,R041,Rider029,2024-01-01 11:52:00,11,False,True,39.93976868064192,116.38381178821955,39.883799869976464,116.39949782465398,39.9827701186798,116.39951113316586,17.35,6.36,10.99,中餐,27.1,23.489184741363466,True,26,0,3.8,大雨,1.35,0.79,1.4,30,3.7,1,0.85,78,141.7,66.4,天气影响(大雨); 交通拥堵; 用餐高峰期; 新餐厅备餐波动
ORD000350,R018,Rider025,2024-01-03 13:24:00,13,False,True,39.961382228520264,116.47205777688126,39.93680181069118,116.43754960642107,39.85202121997981,116.4341869019532,13.44,4.02,9.42,日料,14.9,21.700560425830812,False,7,0,3.5,晴天,1.0,0.88,1.44,23,3.7,1,0.74,11,80.6,25.1,交通拥堵; 无电梯高楼层; 用餐高峰期; 新餐厅备餐波动
ORD000351,R017,Rider028,2024-01-04 12:30:00,12,False,True,39.88357463863679,116.37315569389374,39.899361428650025,116.41952152570443,39.8468364452307,116.39973868704347,10.41,4.34,6.07,中餐,34.1,17.99282275462756,False,17,0,8.5,晴天,1.0,0.81,1.4,14,4.0,0,0.91,1236,106.0,28.7,交通拥堵; 无电梯高楼层; 用餐高峰期
ORD000352,R019,Rider001,2024-01-01 18:21:00,18,False,True,39.97181340717281,116.4108269368706,39.94131048218809,116.36460563345823,39.91716665409954,116.40219427782529,9.39,5.2,4.18,日料,13.0,23.463211422684253,True,30,1,7.0,多云,1.0,0.75,1.37,19,4.2,0,0.87,829,57.3,13.2,交通拥堵; 写字楼电梯等待; 用餐高峰期
ORD000353,R030,Rider012,2024-01-05 15:14:00,15,False,False,39.870210606637805,116.32403628422605,39.89749611644023,116.42882001482276,39.87227059127874,116.35388620704767,16.46,9.46,6.99,日料,16.1,22.05862627980865,True,6,0,0.6,晴天,1.0,0.2,1.1,27,4.5,1,0.76,62,66.6,5.1,新餐厅备餐波动
ORD000354,R025,Rider024,2024-01-02 16:28:00,16,False,False,39.92348159188879,116.43636376810024,39.92272922536534,116.4439121239094,39.836064702425794,116.40517809204412,10.83,0.65,10.18,烧烤,15.6,21.860067692592374,False,10,0,5.0,小雨,1.15,0.36,1.18,5,5.0,1,0.83,93,59.5,9.2,天气影响(小雨); 无电梯高楼层; 新餐厅备餐波动
ORD000355,R034,Rider005,2024-01-03 22:54:00,22,False,False,39.94540108500716,116.40170454686601,39.86870203135637,116.42224986962574,39.846276626340114,116.35110144902494,15.27,8.7,6.58,日料,33.0,22.577432816572394,False,8,0,4.0,多云,1.0,0.48,1.24,17,4.9,1,0.71,96,94.4,16.8,无电梯高楼层; 新餐厅备餐波动
ORD000356,R042,Rider013,2024-01-03 13:16:00,13,False,True,39.942334194516896,116.39271988805056,39.865351725765606,116.4042464448576,39.92705390041307,116.44622095280053,16.34,8.6,7.73,火锅,48.3,33.68183068733749,False,17,0,8.5,晴天,1.0,0.88,1.44,13,4.9,0,0.84,621,124.1,38.2,交通拥堵; 无电梯高楼层; 用餐高峰期
ORD000357,R006,Rider012,2024-01-03 19:04:00,19,False,True,39.97304644978737,116.37573052375437,39.897316486385044,116.41908046739768,39.87227059127874,116.35388620704767,15.42,9.19,6.23,中餐,38.5,19.727874676992563,True,18,0,2.1,晴天,1.0,0.73,1.37,27,4.5,0,0.82,1513,119.9,32.4,交通拥堵; 用餐高峰期
ORD000358,R034,Rider025,2024-01-04 17:25:00,17,False,True,39.91138955218943,116.45720897169065,39.86870203135637,116.42224986962574,39.85202121997981,116.4341869019532,7.72,5.6,2.12,日料,33.0,20.421646220097674,False,14,0,7.0,晴天,1.0,0.91,1.46,23,3.7,1,0.71,96,94.8,32.1,交通拥堵; 无电梯高楼层; 用餐高峰期; 新餐厅备餐波动
ORD000359,R036,Rider028,2024-01-02 14:52:00,14,False,False,39.894295538542345,116.4094690804545,39.91483258755359,116.35099062234642,39.8468364452307,116.39973868704347,14.12,5.5,8.62,日料,21.4,19.599676700283524,False,18,1,9.0,多云,1.0,0.33,1.17,14,4.0,0,0.94,1695,86.0,12.3,无电梯高楼层; 写字楼电梯等待
ORD000360,R004,Rider008,2024-01-07 15:03:00,15,True,False,39.909496301545715,116.36559698882184,39.90622584614064,116.3646575544136,39.92497386056965,116.4687095565201,9.51,0.37,9.14,火锅,17.3,32.437783560350255,True,7,0,1.9,小雨,1.15,0.26,1.13,25,4.8,0,0.76,1942,49.4,12.7,天气影响(小雨)
ORD000361,R015,Rider013,2024-01-06 10:32:00,10,True,False,39.9082694882336,116.41274040687419,39.945355864006494,116.41266659881865,39.92705390041307,116.44622095280053,7.63,4.12,3.51,快餐,8.0,34.09188358157217,True,19,0,2.4,多云,1.0,0.45,1.22,13,4.9,0,0.82,1348,30.5,6.7,无
ORD000362,R028,Rider001,2024-01-05 23:45:00,23,False,False,39.946977731022244,116.4125455739673,39.92038827604751,116.36245113087884,39.91716665409954,116.40219427782529,8.62,5.2,3.42,火锅,15.2,25.170898653448358,True,9,1,2.0,多云,1.0,0.15,1.08,19,4.2,0,0.86,1899,41.6,3.8,无
ORD000363,R021,Rider021,2024-01-06 15:13:00,15,True,False,39.866794200064454,116.43011481449349,39.90504298390045,116.37148738809985,39.920748511998084,116.46108354017223,14.43,6.57,7.86,西餐,15.4,35.98081241412246,False,22,1,11.0,晴天,1.0,0.33,1.16,23,4.6,0,0.95,863,64.3,13.8,无电梯高楼层; 写字楼电梯等待
ORD000364,R018,Rider015,2024-01-03 07:16:00,7,False,False,39.92695780073932,116.42410725620068,39.93680181069118,116.43754960642107,39.90125555536833,116.39611115244051,6.89,1.59,5.3,日料,14.9,20.377848193251662,True,25,0,3.0,晴天,1.0,0.83,1.42,18,5.0,1,0.74,11,54.8,16.5,交通拥堵; 新餐厅备餐波动
ORD000365,R031,Rider027,2024-01-01 13:50:00,13,False,True,39.87635426198951,116.40223286462121,39.875714428644635,116.38949308005311,39.886332661172375,116.38837314608125,2.28,1.09,1.18,中餐,45.9,20.035203382934547,True,14,1,6.7,晴天,1.0,0.99,1.49,21,3.8,0,0.86,117,85.8,26.4,交通拥堵; 写字楼电梯等待; 用餐高峰期
ORD000366,R032,Rider018,2024-01-06 16:00:00,16,True,False,39.97126130889069,116.45364748176921,39.923253376527065,116.37499397389878,39.88619738114083,116.43231399729389,14.98,8.58,6.4,中餐,15.2,34.91276002569566,True,9,0,1.3,多云,1.0,0.24,1.12,9,3.7,0,0.81,589,55.6,13.3,无
ORD000367,R014,Rider019,2024-01-02 19:08:00,19,False,True,39.93798329328126,116.44510764125428,39.89783515734865,116.39459393617881,39.93266459512356,116.36241431632648,10.95,6.21,4.75,烧烤,39.2,19.796025195133744,True,21,0,2.1,小雨,1.15,0.98,1.49,28,3.9,1,0.82,66,134.0,59.4,天气影响(小雨); 交通拥堵; 用餐高峰期; 新餐厅备餐波动
ORD000368,R021,Rider002,2024-01-06 09:58:00,9,True,False,39.857283774570334,116.41016108893963,39.90504298390045,116.37148738809985,39.94914167126766,116.49312820752455,17.74,6.25,11.49,西餐,11.6,25.219365000533593,True,29,0,5.0,晴天,1.0,0.24,1.12,23,4.7,0,0.95,863,62.4,3.6,无
ORD000369,R044,Rider004,2024-01-04 05:55:00,5,False,False,39.86729619545519,116.40201224531397,39.93937307347177,116.4233420003288,39.8938632905673,116.45473929280564,13.93,8.21,5.72,火锅,10.2,22.27761912154599,True,26,1,8.0,晴天,1.0,0.27,1.14,9,4.7,0,0.88,1668,74.2,18.5,写字楼电梯等待
ORD000370,R010,Rider001,2024-01-02 10:58:00,10,False,False,39.92666848267242,116.37945546984754,39.89798502329687,116.38869567815044,39.91716665409954,116.40219427782529,5.7,3.28,2.42,烧烤,13.3,24.978904882140164,False,21,0,10.5,大雨,1.35,0.17,1.09,19,4.2,1,0.79,43,45.7,8.2,天气影响(大雨); 无电梯高楼层; 新餐厅备餐波动
ORD000371,R005,Rider015,2024-01-07 00:59:00,0,True,False,39.981578104614854,116.40757173492618,39.88619238449682,116.4358231946314,39.90125555536833,116.39611115244051,14.65,10.86,3.79,火锅,28.1,17.51962537400482,False,11,0,5.5,晴天,1.0,0.41,1.21,18,5.0,1,0.77,80,104.8,21.0,无电梯高楼层; 新餐厅备餐波动
ORD000372,R016,Rider021,2024-01-02 19:27:00,19,False,True,39.937068084900595,116.37046907534734,39.91308360831194,116.4152316581654,39.920748511998084,116.46108354017223,8.67,4.66,4.01,西餐,13.4,29.42896520769859,True,23,0,2.4,小雨,1.15,0.98,1.49,23,4.6,1,0.76,46,50.8,17.3,天气影响(小雨); 交通拥堵; 用餐高峰期; 新餐厅备餐波动
ORD000373,R036,Rider010,2024-01-06 07:46:00,7,True,False,39.947110890219534,116.3756312970415,39.91483258755359,116.35099062234642,39.876127462298896,116.36871555781596,8.71,4.16,4.56,日料,19.2,18.444299954826604,True,24,0,2.5,晴天,1.0,0.49,1.24,3,4.9,0,0.94,1695,60.7,10.7,无
ORD000374,R016,Rider002,2024-01-04 20:49:00,20,False,False,39.9365094309016,116.45334925659934,39.91308360831194,116.4152316581654,39.94914167126766,116.49312820752455,11.94,4.17,7.77,西餐,13.4,24.03021615274283,False,28,0,14.0,晴天,1.0,0.43,1.22,23,4.7,1,0.76,46,65.3,8.1,无电梯高楼层; 新餐厅备餐波动
ORD000375,R039,Rider004,2024-01-03 21:44:00,21,False,False,39.90580359448441,116.43634808135612,39.95763873231079,116.38707752996855,39.8938632905673,116.45473929280564,16.28,7.13,9.14,火锅,45.5,23.192001503840714,False,12,1,6.0,多云,1.0,0.59,1.29,9,4.7,1,0.77,57,124.0,30.4,无电梯高楼层; 写字楼电梯等待; 新餐厅备餐波动
ORD000376,R008,Rider025,2024-01-01 02:37:00,2,False,False,39.974284177847416,116.36773813656762,39.91802448900446,116.40997770414891,39.85202121997981,116.4341869019532,14.83,7.21,7.62,火锅,27.2,18.27254016428482,True,28,0,3.9,晴天,1.0,0.41,1.2,23,3.7,0,0.81,1280,97.0,17.1,无
ORD000377,R025,Rider007,2024-01-01 15:25:00,15,False,False,39.9461682217527,116.32533726292536,39.92272922536534,116.4439121239094,39.8812319420477,116.34772102698165,19.89,10.46,9.43,烧烤,15.6,27.180264927525943,False,21,0,10.5,多云,1.0,0.08,1.04,20,3.7,1,0.83,93,80.8,10.7,无电梯高楼层; 新餐厅备餐波动
ORD000378,R023,Rider005,2024-01-06 20:12:00,20,True,False,39.907591905356526,116.34273254374354,39.89349764922696,116.42408365395602,39.846276626340114,116.35110144902494,15.28,7.13,8.15,日料,31.2,24.080187989906243,True,19,0,2.0,多云,1.0,0.35,1.18,17,4.9,0,0.94,1116,84.1,12.8,无
ORD000379,R013,Rider008,2024-01-05 05:33:00,5,False,False,39.965384411766586,116.4384710265079,39.98320584661837,116.37664727333566,39.92497386056965,116.4687095565201,15.82,5.64,10.18,西餐,21.5,34.4844226784117,True,30,0,3.5,晴天,1.0,0.34,1.17,25,4.8,0,0.78,330,56.6,4.0,无
ORD000380,R038,Rider013,2024-01-02 07:32:00,7,False,False,39.861662325349535,116.37086672989976,39.93564059231985,116.38854290757573,39.92705390041307,116.44622095280053,13.37,8.35,5.02,中餐,10.2,31.47625033030084,True,4,0,2.6,大雨,1.35,0.92,1.46,13,4.9,0,0.85,1469,75.9,37.6,天气影响(大雨); 交通拥堵
ORD000381,R002,Rider007,2024-01-01 09:46:00,9,False,False,39.94657795357704,116.4474321217353,39.95157638446523,116.43042304187458,39.8812319420477,116.34772102698165,12.09,1.56,10.54,日料,14.4,29.682928653410492,True,29,0,3.2,晴天,1.0,0.94,1.47,20,3.7,1,0.82,47,58.3,16.2,交通拥堵; 新餐厅备餐波动
ORD000382,R014,Rider028,2024-01-04 13:17:00,13,False,True,39.849953117552204,116.38790132698163,39.89783515734865,116.39459393617881,39.8468364452307,116.39973868704347,11.03,5.35,5.68,烧烤,39.2,22.434095910075865,True,15,1,3.2,多云,1.0,0.74,1.37,14,4.0,1,0.82,66,94.9,23.0,交通拥堵; 写字楼电梯等待; 用餐高峰期; 新餐厅备餐波动
ORD000383,R046,Rider008,2024-01-03 09:09:00,9,False,False,39.93293122584791,116.48345538662345,39.90750898735901,116.3944992384245,39.92497386056965,116.4687095565201,14.75,8.11,6.63,中餐,19.0,32.10179592843931,False,27,1,13.5,晴天,1.0,0.71,1.36,25,4.8,0,0.9,704,87.4,27.4,交通拥堵; 无电梯高楼层; 写字楼电梯等待
ORD000384,R006,Rider009,2024-01-05 05:01:00,5,False,False,39.95486672419742,116.44121842131896,39.897316486385044,116.41908046739768,39.91316369927242,116.40790369603127,8.67,6.66,2.0,中餐,25.6,19.20852259477369,True,9,1,1.5,晴天,1.0,0.34,1.17,35,4.5,0,0.82,1513,61.4,7.2,无
ORD000385,R002,Rider014,2024-01-04 13:58:00,13,False,True,39.8506500103559,116.37868220750963,39.95157638446523,116.43042304187458,39.93387852066118,116.46646634501718,15.7,12.05,3.65,日料,14.4,18.927059405590555,True,13,1,2.6,多云,1.0,0.74,1.37,10,4.9,1,0.82,47,93.3,26.5,交通拥堵; 写字楼电梯等待; 用餐高峰期; 新餐厅备餐波动
ORD000386,R035,Rider023,2024-01-07 15:05:00,15,True,False,39.89033389704353,116.46234590286804,39.868196047868096,116.44344141332652,39.93964254240985,116.40191688715832,11.63,2.94,8.69,快餐,40.4,20.006112008046333,False,3,0,1.5,小雨,1.15,0.26,1.13,33,4.7,1,0.83,67,97.5,20.7,天气影响(小雨); 新餐厅备餐波动
ORD000387,R035,Rider012,2024-01-02 13:20:00,13,False,True,39.893923683749236,116.42914074197455,39.868196047868096,116.44344141332652,39.87227059127874,116.35388620704767,10.78,3.11,7.68,快餐,40.4,19.986421919174898,True,14,1,2.2,晴天,1.0,0.91,1.46,27,4.5,1,0.83,67,102.1,27.2,交通拥堵; 写字楼电梯等待; 用餐高峰期; 新餐厅备餐波动
ORD000388,R037,Rider024,2024-01-01 19:04:00,19,False,True,39.855018870010845,116.436791056079,39.892457945637545,116.42054067792265,39.836064702425794,116.40517809204412,10.78,4.38,6.4,火锅,34.5,28.631736143110192,True,19,1,2.9,多云,1.0,0.92,1.46,5,5.0,0,0.91,1035,95.1,35.0,交通拥堵; 写字楼电梯等待; 用餐高峰期
ORD000389,R031,Rider018,2024-01-06 03:36:00,3,True,False,39.93426294022196,116.38834236727291,39.875714428644635,116.38949308005311,39.88619738114083,116.43231399729389,10.35,6.5,3.84,中餐,35.3,34.64894936189073,True,24,0,2.5,小雨,1.15,0.25,1.13,9,3.7,0,0.86,117,79.9,24.2,天气影响(小雨)
ORD000390,R049,Rider029,2024-01-02 03:40:00,3,False,False,39.9014362346433,116.36075483126433,39.93551026936107,116.41426935614565,39.9827701186798,116.39951113316586,11.33,5.94,5.4,快餐,24.8,26.931215552061705,True,13,1,3.2,小雨,1.15,0.19,1.1,30,3.7,0,0.8,1818,61.0,7.8,天气影响(小雨); 写字楼电梯等待
ORD000391,R036,Rider014,2024-01-05 17:13:00,17,False,True,39.9758680023862,116.38696427123048,39.91483258755359,116.35099062234642,39.93387852066118,116.46646634501718,17.54,7.44,10.1,日料,25.7,19.509074347270815,True,5,0,4.6,小雨,1.15,0.68,1.34,10,4.9,0,0.94,1695,128.5,44.2,天气影响(小雨); 交通拥堵; 用餐高峰期
ORD000392,R002,Rider026,2024-01-05 09:41:00,9,False,False,39.92306521648032,116.38495921692217,39.95157638446523,116.43042304187458,39.86014992380612,116.42690693099692,15.17,5.01,10.16,日料,14.4,21.60016619548325,False,18,0,9.0,晴天,1.0,1.0,1.5,25,4.8,1,0.82,47,100.4,34.9,交通拥堵; 无电梯高楼层; 新餐厅备餐波动
ORD000393,R033,Rider021,2024-01-05 06:49:00,6,False,False,39.90599231679433,116.39273249835252,39.91675918407518,116.3855546225191,39.920748511998084,116.46108354017223,7.82,1.34,6.47,中餐,12.9,27.69847357881207,True,13,0,3.1,多云,1.0,0.35,1.18,23,4.6,0,0.82,637,47.4,14.5,无
ORD000394,R021,Rider006,2024-01-03 11:56:00,11,False,True,39.95042189051473,116.44878793369912,39.90504298390045,116.37148738809985,39.8754622311499,116.39886211393153,12.34,8.31,4.03,西餐,19.6,32.834690916550514,False,1,1,0.5,晴天,1.0,0.56,1.28,27,3.9,0,0.95,863,64.1,21.4,用餐高峰期
ORD000395,R032,Rider007,2024-01-03 16:25:00,16,False,False,39.88243657640986,116.39685178777694,39.923253376527065,116.37499397389878,39.8812319420477,116.34772102698165,10.12,4.9,5.22,中餐,12.7,29.120077234127674,True,9,0,1.0,雪,1.4,0.2,1.1,20,3.7,0,0.81,589,54.1,19.6,天气影响(雪)
ORD000396,R014,Rider025,2024-01-03 22:25:00,22,False,False,39.892163867667165,116.47917316816233,39.89783515734865,116.39459393617881,39.85202121997981,116.4341869019532,13.37,7.26,6.11,烧烤,39.2,23.078909245295904,True,10,1,5.4,多云,1.0,0.48,1.24,23,3.7,1,0.82,66,98.1,18.7,新餐厅备餐波动
ORD000397,R003,Rider024,2024-01-06 21:42:00,21,True,False,39.93000594565589,116.41355104720883,39.90486665479836,116.3945662125919,39.836064702425794,116.40517809204412,10.92,3.23,7.69,烧烤,22.1,23.619450417929833,True,13,0,3.1,晴天,1.0,0.46,1.23,5,5.0,0,0.76,799,65.1,12.2,无
ORD000398,R035,Rider008,2024-01-03 16:53:00,16,False,False,39.84383580360813,116.47464843758371,39.868196047868096,116.44344141332652,39.92497386056965,116.4687095565201,10.47,3.8,6.66,快餐,40.4,26.97946421882623,True,11,0,1.6,雪,1.4,0.2,1.1,25,4.8,1,0.83,67,100.6,35.4,天气影响(雪); 新餐厅备餐波动
ORD000399,R027,Rider014,2024-01-01 08:18:00,8,False,False,39.97970205401024,116.42092101989002,39.94449504636891,116.38536357050157,39.93387852066118,116.46646634501718,11.98,4.95,7.03,西餐,17.4,22.619682404774185,False,14,0,7.0,雪,1.4,0.84,1.42,10,4.9,0,0.82,787,116.8,60.5,天气影响(雪); 交通拥堵; 无电梯高楼层
ORD000400,R025,Rider010,2024-01-04 09:44:00,9,False,False,39.920934178539575,116.39975650702324,39.92272922536534,116.4439121239094,39.876127462298896,116.36871555781596,12.03,3.78,8.25,烧烤,15.6,21.496153116111685,True,21,1,4.3,晴天,1.0,0.96,1.48,3,4.9,1,0.83,93,74.7,21.2,交通拥堵; 写字楼电梯等待; 新餐厅备餐波动
ORD000401,R048,Rider021,2024-01-01 04:11:00,4,False,False,39.911122517963626,116.38043789938736,39.87933014967234,116.39059456879409,39.920748511998084,116.46108354017223,11.22,3.64,7.58,日料,9.3,27.391006757130608,True,18,0,4.6,多云,1.0,0.31,1.16,23,4.6,0,0.94,1812,36.9,0.0,无
ORD000402,R041,Rider030,2024-01-01 11:48:00,11,False,True,39.938399656288915,116.39965522193224,39.883799869976464,116.39949782465398,39.911325137030445,116.40882541839402,9.22,6.06,3.16,中餐,27.1,36.836569981677364,True,9,0,3.5,大雨,1.35,0.79,1.4,22,3.9,1,0.85,78,93.9,48.3,天气影响(大雨); 交通拥堵; 用餐高峰期; 新餐厅备餐波动
ORD000403,R030,Rider013,2024-01-07 01:34:00,1,True,False,39.941147417299504,116.4646851416063,39.89749611644023,116.42882001482276,39.92705390041307,116.44622095280053,9.34,5.74,3.6,日料,16.1,28.9853901427293,True,1,0,0.6,晴天,1.0,0.13,1.06,13,4.9,1,0.76,62,45.5,9.4,新餐厅备餐波动
ORD000404,R031,Rider003,2024-01-02 20:48:00,20,False,False,39.944191183180706,116.39891822750532,39.875714428644635,116.38949308005311,39.97674666303516,116.42358331580469,19.24,7.65,11.59,中餐,35.9,36.22438252536823,True,21,0,2.1,晴天,1.0,0.32,1.16,12,4.5,0,0.86,117,82.0,12.1,无
ORD000405,R001,Rider025,2024-01-07 16:51:00,16,True,False,39.924310049226584,116.31576074246502,39.91910142459034,116.40325207096485,39.85202121997981,116.4341869019532,15.41,7.5,7.9,西餐,27.5,21.94320958600548,False,28,1,14.0,小雨,1.15,0.45,1.23,23,3.7,0,0.89,1738,121.1,37.4,天气影响(小雨); 无电梯高楼层; 写字楼电梯等待
ORD000406,R013,Rider022,2024-01-07 22:31:00,22,True,False,39.870434305790674,116.38304106919921,39.98320584661837,116.37664727333566,39.88685398692913,116.39370765445501,23.33,12.53,10.8,西餐,23.6,29.31576383566795,True,2,0,1.9,晴天,1.0,0.54,1.27,34,4.0,0,0.78,330,89.0,15.8,无
ORD000407,R016,Rider027,2024-01-06 15:14:00,15,True,False,39.83366593792755,116.36698811501658,39.91308360831194,116.4152316581654,39.886332661172375,116.38837314608125,13.49,9.74,3.75,西餐,13.4,22.37055865466123,True,5,0,1.2,晴天,1.0,0.33,1.16,21,3.8,1,0.76,46,58.6,7.8,新餐厅备餐波动
ORD000408,R028,Rider020,2024-01-02 09:32:00,9,False,False,39.91281898462115,116.41450643985876,39.92038827604751,116.36245113087884,39.95521852994615,116.403737357574,9.76,4.53,5.24,火锅,10.5,21.381589261216554,True,8,0,3.4,晴天,1.0,0.94,1.47,12,4.7,0,0.86,1899,61.7,20.4,交通拥堵
ORD000409,R048,Rider006,2024-01-05 07:31:00,7,False,False,39.91659991453406,116.46242437475809,39.87933014967234,116.39059456879409,39.8754622311499,116.39886211393153,8.23,7.41,0.83,日料,8.0,28.366448958855365,False,27,0,13.5,雾,1.25,0.84,1.42,27,3.9,0,0.94,1812,67.8,28.8,天气影响(雾); 交通拥堵; 无电梯高楼层
ORD000410,R001,Rider019,2024-01-01 02:28:00,2,False,False,39.87241438902439,116.32450922658408,39.91910142459034,116.40325207096485,39.93266459512356,116.36241431632648,12.3,8.5,3.8,西餐,27.6,18.510590020889243,False,14,0,7.0,晴天,1.0,0.41,1.2,28,3.9,0,0.89,1738,82.5,8.0,无电梯高楼层
ORD000411,R037,Rider021,2024-01-05 09:51:00,9,False,False,39.89011580023423,116.38071765103977,39.892457945637545,116.42054067792265,39.920748511998084,116.46108354017223,8.09,3.42,4.68,火锅,23.1,30.06773164738672,False,3,0,1.5,晴天,1.0,1.0,1.5,23,4.6,0,0.91,1035,66.9,26.1,交通拥堵
ORD000412,R046,Rider010,2024-01-02 07:09:00,7,False,False,39.93756082845889,116.44271528861634,39.90750898735901,116.3944992384245,39.876127462298896,116.36871555781596,9.43,5.3,4.12,中餐,24.7,20.71162039546045,True,16,0,1.8,大雨,1.35,0.92,1.46,3,4.9,0,0.9,704,108.4,54.6,天气影响(大雨); 交通拥堵
ORD000413,R040,Rider030,2024-01-01 22:07:00,22,False,False,39.94049371784244,116.37338082460708,39.91551888796381,116.45694052959438,39.911325137030445,116.40882541839402,11.8,7.66,4.14,西餐,27.6,30.099540668544435,False,8,0,4.0,多云,1.0,0.37,1.19,22,3.9,0,0.85,1199,65.0,9.9,无电梯高楼层
ORD000414,R043,Rider029,2024-01-05 16:56:00,16,False,False,39.97478140496313,116.37933090613616,39.94743819867199,116.36432413546461,39.9827701186798,116.39951113316586,8.24,3.3,4.94,日料,21.0,23.18481706553177,True,26,0,4.8,多云,1.0,0.27,1.14,30,3.7,0,0.95,1448,53.1,6.0,无
ORD000415,R021,Rider017,2024-01-06 17:46:00,17,True,True,39.87885733881419,116.41993005039207,39.90504298390045,116.37148738809985,39.9178982767203,116.48386118426038,14.78,5.06,9.71,西餐,14.5,23.252686559104852,True,7,0,1.4,雾,1.25,0.53,1.27,3,4.3,0,0.95,863,80.8,26.9,天气影响(雾); 用餐高峰期
ORD000416,R030,Rider025,2024-01-02 17:02:00,17,False,True,39.89063370666201,116.40424961820644,39.89749611644023,116.42882001482276,39.85202121997981,116.4341869019532,7.31,2.24,5.07,日料,16.1,23.57488062121042,False,16,1,8.0,多云,1.0,0.89,1.45,23,3.7,1,0.76,62,58.7,16.0,交通拥堵; 无电梯高楼层; 写字楼电梯等待; 用餐高峰期; 新餐厅备餐波动
ORD000417,R024,Rider023,2024-01-02 16:12:00,16,False,False,39.95290309127524,116.44340011438582,39.91199648382746,116.43085468615331,39.93964254240985,116.40191688715832,8.61,4.67,3.94,西餐,24.0,20.450256475018975,True,9,1,3.8,小雨,1.15,0.36,1.18,33,4.7,0,0.83,915,63.4,10.3,天气影响(小雨)
ORD000418,R009,Rider024,2024-01-01 15:44:00,15,False,False,39.89135702231363,116.42555056490997,39.84792969683381,116.3663965358334,39.836064702425794,116.40517809204412,10.56,6.99,3.57,西餐,29.0,24.918384314167717,True,4,1,0.7,多云,1.0,0.08,1.04,5,5.0,0,0.75,1622,53.5,0.0,无
ORD000419,R033,Rider023,2024-01-04 15:31:00,15,False,False,39.898410704043265,116.4215619403435,39.91675918407518,116.3855546225191,39.93964254240985,116.40191688715832,6.59,3.69,2.9,中餐,9.5,24.328048024491462,True,23,0,2.7,晴天,1.0,0.34,1.17,33,4.7,0,0.82,637,46.5,18.0,无
ORD000420,R039,Rider010,2024-01-06 19:30:00,19,True,True,39.992848425220856,116.32968761032451,39.95763873231079,116.38707752996855,39.876127462298896,116.36871555781596,15.46,6.27,9.19,火锅,45.5,21.384169743822767,False,15,1,7.5,晴天,1.0,0.72,1.36,3,4.9,1,0.77,57,130.7,34.3,交通拥堵; 无电梯高楼层; 写字楼电梯等待; 用餐高峰期; 新餐厅备餐波动
ORD000421,R040,Rider003,2024-01-07 02:59:00,2,True,False,39.90224491065922,116.55489867205993,39.91551888796381,116.45694052959438,39.97674666303516,116.42358331580469,15.88,8.5,7.37,西餐,25.5,31.235881021579065,True,12,1,3.0,多云,1.0,0.26,1.13,12,4.5,0,0.85,1199,75.7,16.7,写字楼电梯等待
ORD000422,R010,Rider024,2024-01-07 16:01:00,16,True,False,39.861599298031415,116.38962751236652,39.89798502329687,116.38869567815044,39.836064702425794,116.40517809204412,11.06,4.04,7.02,烧烤,13.3,22.915039933757175,True,23,0,2.6,小雨,1.15,0.45,1.23,5,5.0,1,0.79,43,65.8,20.9,天气影响(小雨); 新餐厅备餐波动
ORD000423,R025,Rider015,2024-01-05 10:11:00,10,False,False,39.93114871754445,116.34349769681944,39.92272922536534,116.4439121239094,39.90125555536833,116.39611115244051,13.37,8.63,4.73,烧烤,15.6,21.431349541179646,True,13,0,2.7,小雨,1.15,0.47,1.24,18,5.0,1,0.83,93,85.7,29.9,天气影响(小雨); 新餐厅备餐波动
ORD000424,R010,Rider028,2024-01-02 17:40:00,17,False,True,39.823384709188076,116.38901207430104,39.89798502329687,116.38869567815044,39.8468364452307,116.39973868704347,14.04,8.28,5.76,烧烤,13.3,20.838068252004113,True,13,1,8.0,多云,1.0,0.89,1.45,14,4.0,1,0.79,43,88.2,26.6,交通拥堵; 写字楼电梯等待; 用餐高峰期; 新餐厅备餐波动
ORD000425,R047,Rider025,2024-01-06 20:05:00,20,True,False,39.9298108493386,116.43789123697135,39.88553288505282,116.39673534077251,39.85202121997981,116.4341869019532,10.96,6.05,4.91,日料,32.7,22.40024597054199,False,8,1,4.0,多云,1.0,0.35,1.18,23,3.7,0,0.89,512,80.5,14.4,无电梯高楼层
ORD000426,R028,Rider014,2024-01-02 07:41:00,7,False,False,39.92368035871233,116.41110125566964,39.92038827604751,116.36245113087884,39.93387852066118,116.46646634501718,13.19,4.18,9.02,火锅,11.9,17.558931828040638,True,11,0,2.0,大雨,1.35,0.92,1.46,10,4.9,0,0.86,1899,115.9,56.9,天气影响(大雨); 交通拥堵
ORD000427,R031,Rider030,2024-01-02 16:21:00,16,False,False,39.91479673348904,116.35589224744538,39.875714428644635,116.38949308005311,39.911325137030445,116.40882541839402,9.49,5.2,4.29,中餐,40.4,31.99480168387246,True,25,0,3.9,小雨,1.15,0.36,1.18,22,3.9,0,0.86,117,89.5,27.4,天气影响(小雨)
ORD000428,R018,Rider013,2024-01-05 15:01:00,15,False,False,39.85710373677159,116.35947198675593,39.93680181069118,116.43754960642107,39.92705390041307,116.44622095280053,12.4,11.09,1.31,日料,14.9,27.84255779911576,False,20,1,10.0,晴天,1.0,0.2,1.1,13,4.9,1,0.74,11,56.1,4.4,无电梯高楼层; 写字楼电梯等待; 新餐厅备餐波动
ORD000429,R049,Rider030,2024-01-07 10:45:00,10,True,False,39.92663356792353,116.36310299817596,39.93551026936107,116.41426935614565,39.911325137030445,116.40882541839402,7.21,4.48,2.73,快餐,22.3,35.31623913452817,True,2,1,1.4,多云,1.0,0.31,1.15,22,3.9,0,0.8,1818,41.9,5.9,无
ORD000430,R006,Rider022,2024-01-06 09:12:00,9,True,False,39.98571684974673,116.40755463739328,39.897316486385044,116.41908046739768,39.88685398692913,116.39370765445501,12.33,9.86,2.46,中餐,26.8,28.05996500978928,True,30,0,5.0,晴天,1.0,0.24,1.12,34,4.0,0,0.82,1513,61.4,3.3,无
ORD000431,R012,Rider021,2024-01-02 16:26:00,16,False,False,39.918130793717246,116.34521586049217,39.9031252188267,116.45433930967441,39.920748511998084,116.46108354017223,11.52,9.48,2.04,西餐,22.9,33.81663580240887,True,21,1,4.2,小雨,1.15,0.36,1.18,23,4.6,0,0.85,1677,54.7,7.1,天气影响(小雨); 写字楼电梯等待
ORD000432,R049,Rider025,2024-01-07 06:14:00,6,True,False,39.94234780530543,116.45722900310412,39.93551026936107,116.41426935614565,39.85202121997981,116.4341869019532,13.17,3.75,9.43,快餐,24.9,20.869506794087474,False,5,0,2.5,多云,1.0,0.25,1.13,23,3.7,0,0.8,1818,80.0,14.7,无
ORD000433,R050,Rider014,2024-01-03 22:17:00,22,False,False,39.866228819731774,116.38933647145805,39.9045643952722,116.43532802251922,39.93387852066118,116.46646634501718,10.0,5.8,4.2,快餐,27.9,18.55079990894799,False,7,0,3.5,多云,1.0,0.48,1.24,10,4.9,0,0.82,798,83.3,19.6,无电梯高楼层
ORD000434,R050,Rider013,2024-01-01 09:47:00,9,False,False,39.858186782661136,116.45595089114524,39.9045643952722,116.43532802251922,39.92705390041307,116.44622095280053,8.11,5.44,2.67,快餐,29.6,28.153183800254215,True,28,0,3.0,晴天,1.0,0.94,1.47,13,4.9,0,0.82,798,72.9,23.0,交通拥堵
ORD000435,R004,Rider013,2024-01-02 15:30:00,15,False,False,39.93139393654308,116.38560484463305,39.90622584614064,116.3646575544136,39.92705390041307,116.44622095280053,10.67,3.32,7.35,火锅,22.9,30.33174946401471,True,1,0,0.2,小雨,1.15,0.35,1.17,13,4.9,0,0.76,1942,54.9,10.8,天气影响(小雨)
ORD000436,R024,Rider003,2024-01-05 10:39:00,10,False,False,39.91275448931316,116.51093317241332,39.91199648382746,116.43085468615331,39.97674666303516,116.42358331580469,14.06,6.85,7.22,西餐,22.0,27.872319196379994,True,28,1,5.3,小雨,1.15,0.47,1.24,12,4.5,0,0.83,915,83.6,26.1,天气影响(小雨); 写字楼电梯等待
ORD000437,R034,Rider012,2024-01-04 09:29:00,9,False,False,39.92357936956519,116.35627472480218,39.86870203135637,116.42224986962574,39.87227059127874,116.35388620704767,14.17,8.3,5.86,日料,33.0,23.96887214663808,True,10,1,4.6,晴天,1.0,0.96,1.48,27,4.5,1,0.71,96,108.5,35.4,交通拥堵; 新餐厅备餐波动
ORD000438,R026,Rider001,2024-01-05 16:59:00,16,False,False,39.911858204445,116.47111104857485,39.960173235334345,116.42161498762735,39.91716665409954,116.40219427782529,11.89,6.83,5.06,快餐,3.6,18.67533256721789,True,17,0,2.0,多云,1.0,0.27,1.14,19,4.2,0,0.8,260,48.7,5.0,无
ORD000439,R048,Rider021,2024-01-04 15:03:00,15,False,False,39.960748471631,116.3856576391462,39.87933014967234,116.39059456879409,39.920748511998084,116.46108354017223,16.63,9.05,7.58,日料,8.1,28.402437876137654,False,28,1,14.0,晴天,1.0,0.34,1.17,23,4.6,0,0.94,1812,58.9,1.6,无电梯高楼层; 写字楼电梯等待
ORD000440,R003,Rider002,2024-01-07 17:48:00,17,True,True,39.885091851361025,116.42131530124809,39.90486665479836,116.3945662125919,39.94914167126766,116.49312820752455,12.93,3.17,9.75,烧烤,30.8,20.9224647801115,True,16,1,2.6,小雨,1.15,0.69,1.34,23,4.7,0,0.76,799,107.6,37.2,天气影响(小雨); 交通拥堵; 写字楼电梯等待; 用餐高峰期
ORD000441,R034,Rider021,2024-01-06 13:56:00,13,True,True,39.93820729240285,116.38823978887166,39.86870203135637,116.42224986962574,39.920748511998084,116.46108354017223,14.91,8.25,6.67,日料,33.0,35.938055337935054,True,9,1,2.1,晴天,1.0,0.84,1.42,23,4.6,1,0.71,96,81.7,21.7,交通拥堵; 用餐高峰期; 新餐厅备餐波动
ORD000442,R023,Rider019,2024-01-04 22:08:00,22,False,False,39.92320471813354,116.32517200904175,39.89349764922696,116.42408365395602,39.93266459512356,116.36241431632648,15.91,9.08,6.83,日料,29.4,21.573770137628873,True,3,0,2.1,多云,1.0,0.71,1.35,28,3.9,0,0.94,1116,96.5,20.7,交通拥堵
ORD000443,R029,Rider025,2024-01-02 10:41:00,10,False,False,39.952851015131984,116.47405116974122,39.929703617463716,116.41923019854394,39.85202121997981,116.4341869019532,14.06,5.34,8.72,快餐,15.4,18.566319120193903,False,11,0,5.5,大雨,1.35,0.17,1.09,23,3.7,0,0.86,1639,95.5,29.1,天气影响(大雨); 无电梯高楼层
ORD000444,R042,Rider008,2024-01-03 12:35:00,12,False,True,39.854228122970596,116.35482587422604,39.865351725765606,116.4042464448576,39.92497386056965,116.4687095565201,13.02,4.41,8.62,火锅,37.2,26.79718383617133,True,9,0,1.2,多云,1.0,0.64,1.32,25,4.8,0,0.84,621,86.5,19.0,交通拥堵; 用餐高峰期
ORD000445,R031,Rider001,2024-01-02 15:38:00,15,False,False,39.862109284933176,116.3948652547486,39.875714428644635,116.38949308005311,39.91716665409954,116.40219427782529,6.31,1.58,4.73,中餐,35.8,19.99197486173388,True,27,0,3.5,小雨,1.15,0.35,1.17,19,4.2,0,0.86,117,77.5,19.3,天气影响(小雨)
ORD000446,R003,Rider029,2024-01-07 09:25:00,9,True,False,39.87954028260397,116.35168073529299,39.90486665479836,116.3945662125919,39.9827701186798,116.39951113316586,13.28,4.62,8.66,烧烤,23.1,22.736081468235383,True,12,1,2.3,晴天,1.0,0.45,1.22,30,3.7,0,0.76,799,68.4,8.0,写字楼电梯等待
ORD000447,R040,Rider003,2024-01-05 20:21:00,20,False,False,39.951292036340874,116.3191340456875,39.91551888796381,116.45694052959438,39.97674666303516,116.42358331580469,19.8,12.43,7.37,西餐,27.6,35.25287324364022,True,10,0,1.2,多云,1.0,0.25,1.13,12,4.5,0,0.85,1199,65.5,3.0,无
ORD000448,R031,Rider004,2024-01-03 21:10:00,21,False,False,39.89638161370455,116.39835664546891,39.875714428644635,116.38949308005311,39.8938632905673,116.45473929280564,8.35,2.42,5.93,中餐,34.9,26.633126932022737,False,10,1,5.0,多云,1.0,0.59,1.29,9,4.7,0,0.86,117,79.8,21.1,无电梯高楼层
ORD000449,R035,Rider013,2024-01-06 19:57:00,19,True,True,39.90075465930916,116.37078880115071,39.868196047868096,116.44344141332652,39.92705390041307,116.44622095280053,13.73,7.19,6.54,快餐,40.4,31.592142681722194,True,7,1,1.6,晴天,1.0,0.72,1.36,13,4.9,1,0.83,67,85.9,17.8,交通拥堵; 用餐高峰期; 新餐厅备餐波动
ORD000450,R045,Rider022,2024-01-07 14:42:00,14,True,False,39.96474165742409,116.43016112583925,39.93831052255901,116.42080670434322,39.88685398692913,116.39370765445501,9.21,3.04,6.17,日料,23.0,29.097343309086654,False,6,1,3.0,多云,1.0,0.14,1.07,34,4.0,0,0.8,384,47.1,2.2,无电梯高楼层
ORD000451,R019,Rider005,2024-01-04 15:13:00,15,False,False,39.92805502042596,116.39636288733382,39.94131048218809,116.36460563345823,39.846276626340114,116.35110144902494,13.7,3.09,10.61,日料,12.4,22.69621153364802,False,29,0,14.5,晴天,1.0,0.34,1.17,17,4.9,0,0.87,829,75.4,12.3,无电梯高楼层
ORD000452,R018,Rider022,2024-01-04 01:38:00,1,False,False,39.915077017360346,116.41789345450154,39.93680181069118,116.43754960642107,39.88685398692913,116.39370765445501,9.63,2.94,6.69,日料,14.9,27.339003398265536,True,11,0,2.5,晴天,1.0,0.1,1.05,34,4.0,1,0.74,11,41.4,2.9,新餐厅备餐波动
ORD000453,R001,Rider023,2024-01-06 12:45:00,12,True,True,39.881474203789786,116.49519151427465,39.91910142459034,116.40325207096485,39.93964254240985,116.40191688715832,11.19,8.9,2.28,西餐,44.6,21.15021022842731,True,3,1,1.0,小雨,1.15,0.74,1.37,33,4.7,0,0.89,1738,124.9,47.6,天气影响(小雨); 交通拥堵; 用餐高峰期
ORD000454,R030,Rider007,2024-01-03 18:27:00,18,False,True,39.91192479898355,116.40825703848729,39.89749611644023,116.42882001482276,39.8812319420477,116.34772102698165,9.55,2.38,7.17,日料,16.1,27.94721118924531,True,25,1,8.0,大雨,1.35,0.85,1.42,20,3.7,1,0.76,62,82.1,37.5,天气影响(大雨); 交通拥堵; 写字楼电梯等待; 用餐高峰期; 新餐厅备餐波动
ORD000455,R042,Rider002,2024-01-01 22:01:00,22,False,False,39.91278828179016,116.36551220032464,39.865351725765606,116.4042464448576,39.94914167126766,116.49312820752455,18.24,6.22,12.01,火锅,28.4,21.671334963425828,True,29,0,3.3,多云,1.0,0.37,1.19,23,4.7,0,0.84,621,94.2,12.1,无
ORD000456,R030,Rider007,2024-01-01 15:20:00,15,False,False,39.92836232024432,116.40989938767007,39.89749611644023,116.42882001482276,39.8812319420477,116.34772102698165,10.96,3.79,7.17,日料,16.1,35.30135829996546,False,14,1,7.0,多云,1.0,0.08,1.04,20,3.7,1,0.76,62,38.5,0.0,无电梯高楼层; 写字楼电梯等待; 新餐厅备餐波动
ORD000457,R032,Rider026,2024-01-03 16:04:00,16,False,False,39.86922852171199,116.39518331119875,39.923253376527065,116.37499397389878,39.86014992380612,116.42690693099692,14.54,6.24,8.29,中餐,15.3,28.427715939121775,True,22,0,2.3,雪,1.4,0.2,1.1,25,4.8,0,0.81,589,70.1,21.9,天气影响(雪)
ORD000458,R040,Rider023,2024-01-03 09:51:00,9,False,False,39.8521049700542,116.4622243352596,39.91551888796381,116.45694052959438,39.93964254240985,116.40191688715832,12.47,7.06,5.41,西餐,19.9,23.401082897725257,True,3,0,1.1,晴天,1.0,0.71,1.36,33,4.7,0,0.85,1199,73.9,21.0,交通拥堵
ORD000459,R020,Rider017,2024-01-03 14:20:00,14,False,False,39.878399714541416,116.47722299333638,39.927930958411295,116.38011837635615,39.9178982767203,116.48386118426038,18.9,9.96,8.94,西餐,33.0,19.88261955362126,True,14,0,2.5,晴天,1.0,0.38,1.19,3,4.3,0,0.9,297,114.5,22.0,无
ORD000460,R014,Rider017,2024-01-01 15:56:00,15,False,False,39.916510022248254,116.42172570711216,39.89783515734865,116.39459393617881,39.9178982767203,116.48386118426038,11.06,3.11,7.95,烧烤,39.2,23.779553399019694,True,4,0,0.5,多云,1.0,0.08,1.04,3,4.3,1,0.82,66,74.6,7.0,新餐厅备餐波动
ORD000461,R038,Rider001,2024-01-06 17:53:00,17,True,True,39.84029648122535,116.39459472151555,39.93564059231985,116.38854290757573,39.91716665409954,116.40219427782529,12.96,10.6,2.36,中餐,14.6,23.47449888883465,True,7,1,1.9,雾,1.25,0.53,1.27,19,4.2,0,0.85,1469,71.1,21.5,天气影响(雾); 用餐高峰期
ORD000462,R027,Rider022,2024-01-07 14:19:00,14,True,False,39.85739251698231,116.41327452837825,39.94449504636891,116.38536357050157,39.88685398692913,116.39370765445501,16.4,9.96,6.44,西餐,23.3,33.41357521488499,False,20,0,10.0,多云,1.0,0.14,1.07,34,4.0,0,0.82,787,60.2,0.0,无电梯高楼层
ORD000463,R030,Rider023,2024-01-01 19:13:00,19,False,True,39.903988050823195,116.42240925053244,39.89749611644023,116.42882001482276,39.93964254240985,116.40191688715832,6.12,0.91,5.21,日料,16.1,21.276813772204232,True,10,0,2.8,多云,1.0,0.92,1.46,33,4.7,1,0.76,62,50.8,14.7,交通拥堵; 用餐高峰期; 新餐厅备餐波动
ORD000464,R019,Rider026,2024-01-01 20:39:00,20,False,False,39.97223096017993,116.40415954538203,39.94131048218809,116.36460563345823,39.86014992380612,116.42690693099692,15.29,4.82,10.47,日料,13.5,27.066590221522738,True,19,0,2.8,晴天,1.0,0.32,1.16,25,4.8,0,0.87,829,64.9,14.7,无
ORD000465,R018,Rider015,2024-01-05 19:48:00,19,False,True,39.903929416253746,116.4053561176237,39.93680181069118,116.43754960642107,39.90125555536833,116.39611115244051,9.87,4.57,5.3,日料,14.9,21.399693245428367,True,11,0,1.3,多云,1.0,0.91,1.46,18,5.0,1,0.74,11,58.3,14.4,交通拥堵; 用餐高峰期; 新餐厅备餐波动
ORD000466,R028,Rider015,2024-01-03 21:34:00,21,False,False,39.83504097599181,116.35544740566942,39.92038827604751,116.36245113087884,39.90125555536833,116.39611115244051,13.07,9.5,3.58,火锅,9.2,19.501807889529005,True,26,1,8.0,多云,1.0,0.59,1.29,18,5.0,0,0.86,1899,73.6,16.2,写字楼电梯等待
ORD000467,R034,Rider002,2024-01-03 04:19:00,4,False,False,39.88695379734331,116.40729893356608,39.86870203135637,116.42224986962574,39.94914167126766,116.49312820752455,13.19,2.4,10.79,日料,33.0,21.921587273998732,False,6,0,3.0,晴天,1.0,0.31,1.16,23,4.7,1,0.71,96,84.1,12.0,无电梯高楼层; 新餐厅备餐波动
ORD000468,R024,Rider010,2024-01-05 07:49:00,7,False,False,39.93384481866455,116.38420170942743,39.91199648382746,116.43085468615331,39.876127462298896,116.36871555781596,11.31,4.67,6.64,西餐,23.2,17.02814211408777,False,27,0,13.5,雾,1.25,0.84,1.42,3,4.9,0,0.83,915,134.6,58.0,天气影响(雾); 交通拥堵; 无电梯高楼层
ORD000469,R008,Rider007,2024-01-01 15:46:00,15,False,False,39.94918661823174,116.33108817455182,39.91802448900446,116.40997770414891,39.8812319420477,116.34772102698165,14.29,7.58,6.71,火锅,24.8,35.27681681820494,True,27,0,3.3,多云,1.0,0.08,1.04,20,3.7,0,0.81,1280,58.4,5.9,无
ORD000470,R034,Rider016,2024-01-02 10:08:00,10,False,False,39.83353741969919,116.46048514222001,39.86870203135637,116.42224986962574,39.917836887942364,116.40394345972673,10.77,5.09,5.68,日料,33.0,24.200299450764145,False,10,0,5.0,大雨,1.35,0.17,1.09,13,3.6,1,0.71,96,94.8,30.1,天气影响(大雨); 无电梯高楼层; 新餐厅备餐波动
ORD000471,R013,Rider008,2024-01-04 09:30:00,9,False,False,39.96031057242323,116.43489825591512,39.98320584661837,116.37664727333566,39.92497386056965,116.4687095565201,15.77,5.59,10.18,西餐,23.3,34.129386897527425,True,3,1,1.0,晴天,1.0,0.96,1.48,25,4.8,0,0.78,330,71.3,19.3,交通拥堵
ORD000472,R032,Rider024,2024-01-01 12:13:00,12,False,True,39.930914156531514,116.38280072986358,39.923253376527065,116.37499397389878,39.836064702425794,116.40517809204412,11.1,1.08,10.02,中餐,17.5,21.753377819136855,False,4,0,2.0,雪,1.4,0.74,1.37,5,5.0,0,0.81,589,101.2,51.1,天气影响(雪); 交通拥堵; 用餐高峰期
ORD000473,R032,Rider020,2024-01-01 20:34:00,20,False,False,39.950679810703264,116.41628284466671,39.923253376527065,116.37499397389878,39.95521852994615,116.403737357574,8.98,4.66,4.32,中餐,12.5,20.024784340730033,False,30,0,15.0,晴天,1.0,0.32,1.16,12,4.7,0,0.81,589,62.1,7.7,无电梯高楼层
ORD000474,R041,Rider017,2024-01-06 19:59:00,19,True,True,39.97447617654041,116.38358984985759,39.883799869976464,116.39949782465398,39.9178982767203,116.48386118426038,18.31,10.16,8.15,中餐,27.1,22.614582110881944,True,29,0,5.0,晴天,1.0,0.72,1.36,3,4.3,1,0.85,78,109.3,28.7,交通拥堵; 用餐高峰期; 新餐厅备餐波动
ORD000475,R039,Rider018,2024-01-05 20:24:00,20,False,False,39.92035712676812,116.44212717092212,39.95763873231079,116.38707752996855,39.88619738114083,116.43231399729389,15.09,6.27,8.82,火锅,45.5,33.34961043741748,True,30,0,3.5,多云,1.0,0.25,1.13,9,3.7,1,0.77,57,82.1,5.9,新餐厅备餐波动
ORD000476,R002,Rider008,2024-01-01 15:54:00,15,False,False,39.92909933338247,116.48771952425881,39.95157638446523,116.43042304187458,39.92497386056965,116.4687095565201,9.9,5.5,4.41,日料,14.4,27.09388557089504,True,19,0,2.6,多云,1.0,0.08,1.04,25,4.8,1,0.82,47,37.2,0.0,新餐厅备餐波动
ORD000477,R003,Rider025,2024-01-03 12:42:00,12,False,True,39.906800274096106,116.40969145740576,39.90486665479836,116.3945662125919,39.85202121997981,116.4341869019532,8.09,1.31,6.78,烧烤,29.8,20.95048622745346,True,20,0,2.4,多云,1.0,0.64,1.32,23,3.7,0,0.76,799,76.9,21.5,交通拥堵; 用餐高峰期
ORD000478,R040,Rider009,2024-01-02 16:11:00,16,False,False,39.93668140267579,116.36357433655296,39.91551888796381,116.45694052959438,39.91316369927242,116.40790369603127,12.52,8.32,4.2,西餐,27.5,26.18204407507193,False,14,0,7.0,小雨,1.15,0.36,1.18,35,4.5,0,0.85,1199,86.9,23.6,天气影响(小雨); 无电梯高楼层
ORD000479,R044,Rider007,2024-01-01 18:29:00,18,False,True,39.86298928171273,116.36774912584583,39.93937307347177,116.4233420003288,39.8812319420477,116.34772102698165,18.86,9.72,9.14,火锅,11.6,26.472058773353076,False,25,0,12.5,多云,1.0,0.75,1.37,20,3.7,0,0.88,1668,92.6,25.7,交通拥堵; 无电梯高楼层; 用餐高峰期
ORD000480,R047,Rider026,2024-01-01 09:15:00,9,False,False,39.965893807314714,116.40844693954523,39.88553288505282,116.39673534077251,39.86014992380612,116.42690693099692,12.8,8.98,3.82,日料,35.7,28.281569469413483,True,9,0,1.1,晴天,1.0,0.94,1.47,25,4.8,0,0.89,512,87.3,23.3,交通拥堵
ORD000481,R003,Rider009,2024-01-03 08:47:00,8,False,False,39.855348519773386,116.4242488895774,39.90486665479836,116.3945662125919,39.91316369927242,116.40790369603127,7.52,6.06,1.47,烧烤,25.1,25.00768293769813,True,8,1,5.8,晴天,1.0,0.86,1.43,35,4.5,0,0.76,799,66.3,17.3,交通拥堵
ORD000482,R040,Rider024,2024-01-04 14:42:00,14,False,False,39.88833136788512,116.42790935292517,39.91551888796381,116.45694052959438,39.836064702425794,116.40517809204412,13.78,3.91,9.87,西餐,25.5,27.74459079439691,True,23,1,3.8,雾,1.25,0.37,1.18,5,5.0,0,0.85,1199,82.5,23.4,天气影响(雾); 写字楼电梯等待
ORD000483,R015,Rider017,2024-01-05 10:17:00,10,False,False,39.83852178608181,116.40873932415049,39.945355864006494,116.41266659881865,39.9178982767203,116.48386118426038,18.67,11.87,6.81,快餐,5.6,20.961441683115446,True,30,1,6.3,小雨,1.15,0.47,1.24,3,4.3,0,0.82,1348,92.3,27.0,天气影响(小雨); 写字楼电梯等待
ORD000484,R028,Rider009,2024-01-01 09:52:00,9,False,False,39.925503020023896,116.48249609792812,39.92038827604751,116.36245113087884,39.91316369927242,116.40790369603127,14.25,10.28,3.97,火锅,6.2,21.25472127372394,True,12,0,2.9,晴天,1.0,0.94,1.47,35,4.5,0,0.86,1899,72.5,23.2,交通拥堵
ORD000485,R018,Rider018,2024-01-05 18:50:00,18,False,True,39.905059876227604,116.40022124933066,39.93680181069118,116.43754960642107,39.88619738114083,116.43231399729389,10.39,4.75,5.64,日料,14.9,28.001086335506443,True,6,1,1.4,小雨,1.15,0.89,1.44,9,3.7,1,0.74,11,67.7,29.0,天气影响(小雨); 交通拥堵; 用餐高峰期; 新餐厅备餐波动
ORD000486,R045,Rider004,2024-01-04 18:17:00,18,False,True,39.91027095268208,116.41347643757668,39.93831052255901,116.42080670434322,39.8938632905673,116.45473929280564,8.9,3.18,5.72,日料,36.1,26.536687097893665,True,21,0,5.0,晴天,1.0,0.95,1.48,9,4.7,0,0.8,384,90.8,29.5,交通拥堵; 用餐高峰期
ORD000487,R048,Rider029,2024-01-04 10:01:00,10,False,False,39.82644780612429,116.41101699711861,39.87933014967234,116.39059456879409,39.9827701186798,116.39951113316586,17.64,6.13,11.51,日料,12.6,25.712466266164217,False,28,0,14.0,大雨,1.35,0.44,1.22,30,3.7,0,0.94,1812,115.7,48.0,天气影响(大雨); 无电梯高楼层
ORD000488,R002,Rider013,2024-01-07 17:19:00,17,True,True,39.809610873076196,116.4594650255252,39.95157638446523,116.43042304187458,39.92705390041307,116.44622095280053,19.0,15.96,3.04,日料,14.4,33.8066478939561,True,18,0,2.9,小雨,1.15,0.69,1.34,13,4.9,1,0.82,47,82.8,31.9,天气影响(小雨); 交通拥堵; 用餐高峰期; 新餐厅备餐波动
ORD000489,R028,Rider015,2024-01-05 07:37:00,7,False,False,39.91763655125743,116.37261995070389,39.92038827604751,116.36245113087884,39.90125555536833,116.39611115244051,4.5,0.92,3.58,火锅,10.6,21.232322956640086,False,5,0,2.5,雾,1.25,0.84,1.42,18,5.0,0,0.86,1899,42.7,16.9,天气影响(雾); 交通拥堵
ORD000490,R001,Rider004,2024-01-03 16:25:00,16,False,False,39.93861357331763,116.47148524874156,39.91910142459034,116.40325207096485,39.8938632905673,116.45473929280564,11.44,6.22,5.22,西餐,33.8,27.841744498777313,True,28,0,4.1,雪,1.4,0.2,1.1,9,4.7,0,0.89,1738,103.7,41.2,天气影响(雪)
ORD000491,R014,Rider004,2024-01-02 16:44:00,16,False,False,39.94282377389074,116.45909280540421,39.89783515734865,116.39459393617881,39.8938632905673,116.45473929280564,12.6,7.44,5.16,烧烤,39.2,29.04284000001366,True,28,1,7.4,小雨,1.15,0.36,1.18,9,4.7,1,0.82,66,93.7,21.0,天气影响(小雨); 写字楼电梯等待; 新餐厅备餐波动
ORD000492,R015,Rider010,2024-01-06 11:08:00,11,True,True,39.970888464034076,116.4952004811651,39.945355864006494,116.41266659881865,39.876127462298896,116.36871555781596,16.16,7.6,8.56,快餐,19.2,17.893496716454816,True,14,1,2.3,雪,1.4,0.94,1.47,3,4.9,0,0.82,1348,161.9,86.2,天气影响(雪); 交通拥堵; 写字楼电梯等待; 用餐高峰期
ORD000493,R045,Rider005,2024-01-07 13:30:00,13,True,True,39.957722637079165,116.44217705512678,39.93831052255901,116.42080670434322,39.846276626340114,116.35110144902494,14.66,2.83,11.83,日料,34.4,18.65934769257035,False,17,1,8.5,多云,1.0,0.75,1.38,17,4.9,0,0.8,384,115.6,25.6,交通拥堵; 无电梯高楼层; 写字楼电梯等待; 用餐高峰期
ORD000494,R032,Rider014,2024-01-03 20:34:00,20,False,False,39.89098545186982,116.42090487130986,39.923253376527065,116.37499397389878,39.93387852066118,116.46646634501718,13.22,5.31,7.91,中餐,9.8,20.759252902923325,True,12,1,5.2,晴天,1.0,0.45,1.23,10,4.9,0,0.81,589,65.7,12.5,写字楼电梯等待
ORD000495,R008,Rider013,2024-01-06 18:49:00,18,True,True,39.878207986989416,116.42004312768614,39.91802448900446,116.40997770414891,39.92705390041307,116.44622095280053,7.76,4.5,3.26,火锅,31.2,28.05568389800265,True,16,0,2.8,多云,1.0,0.6,1.3,13,4.9,0,0.81,1280,63.8,13.2,用餐高峰期
ORD000496,R016,Rider022,2024-01-02 16:39:00,16,False,False,39.9069568276589,116.41133101699808,39.91308360831194,116.4152316581654,39.88685398692913,116.39370765445501,4.2,0.76,3.45,西餐,13.4,25.837016069124704,True,9,0,1.2,小雨,1.15,0.36,1.18,34,4.0,1,0.76,46,34.4,10.0,天气影响(小雨); 新餐厅备餐波动
ORD000497,R029,Rider004,2024-01-04 07:39:00,7,False,False,39.86645806010227,116.4489003620975,39.929703617463716,116.41923019854394,39.8938632905673,116.45473929280564,12.47,7.47,5.01,快餐,15.5,26.76449475392099,True,10,0,2.4,晴天,1.0,0.96,1.48,9,4.7,0,0.86,1639,71.0,25.1,交通拥堵
ORD000498,R047,Rider017,2024-01-02 15:08:00,15,False,False,39.94360475007608,116.47444095344362,39.88553288505282,116.39673534077251,39.9178982767203,116.48386118426038,17.53,9.26,8.27,日料,40.1,21.378018832816085,False,14,1,7.0,小雨,1.15,0.35,1.17,3,4.3,0,0.89,512,142.7,46.4,天气影响(小雨); 无电梯高楼层; 写字楼电梯等待
ORD000499,R001,Rider003,2024-01-03 10:52:00,10,False,False,39.900483661206074,116.34702353611293,39.91910142459034,116.40325207096485,39.97674666303516,116.42358331580469,11.87,5.23,6.63,西餐,28.1,34.56188127146992,True,30,0,3.8,雾,1.25,0.25,1.13,12,4.5,0,0.89,1738,74.8,22.3,天气影响(雾)
ORD000500,R020,Rider029,2024-01-03 10:06:00,10,False,False,39.98027030909298,116.47073084198735,39.927930958411295,116.38011837635615,39.9827701186798,116.39951113316586,15.99,9.68,6.31,西餐,27.7,28.596102958366547,False,25,0,12.5,雾,1.25,0.25,1.13,30,3.7,0,0.9,297,108.0,34.2,天气影响(雾); 无电梯高楼层
ORD000501,R038,Rider001,2024-01-02 18:58:00,18,False,True,39.92201312648702,116.46007650421399,39.93564059231985,116.38854290757573,39.91716665409954,116.40219427782529,8.66,6.3,2.36,中餐,20.8,23.31259904089958,True,26,0,3.7,小雨,1.15,0.91,1.46,19,4.2,0,0.85,1469,80.5,33.7,天气影响(小雨); 交通拥堵; 用餐高峰期
ORD000502,R034,Rider013,2024-01-05 09:02:00,9,False,False,39.91012208550342,116.42887488650558,39.86870203135637,116.42224986962574,39.92705390041307,116.44622095280053,11.43,4.63,6.8,日料,33.0,27.261256898703095,True,6,0,0.8,晴天,1.0,1.0,1.5,13,4.9,1,0.71,96,76.1,17.2,交通拥堵; 新餐厅备餐波动
ORD000503,R019,Rider022,2024-01-03 19:18:00,19,False,True,39.84193619378756,116.3783942427807,39.94131048218809,116.36460563345823,39.88685398692913,116.39370765445501,17.64,11.1,6.54,日料,21.3,32.26416948424505,True,15,0,2.6,晴天,1.0,0.73,1.37,34,4.0,0,0.87,829,74.0,17.3,交通拥堵; 用餐高峰期
ORD000504,R036,Rider026,2024-01-06 10:20:00,10,True,False,39.86307029103405,116.44604308477706,39.91483258755359,116.35099062234642,39.86014992380612,116.42690693099692,18.85,9.96,8.89,日料,19.7,25.533659643929262,True,10,0,2.6,多云,1.0,0.45,1.22,25,4.8,0,0.94,1695,87.3,20.8,无
ORD000505,R045,Rider022,2024-01-01 18:56:00,18,False,True,39.964440508847034,116.48301531611469,39.93831052255901,116.42080670434322,39.88685398692913,116.39370765445501,12.22,6.06,6.17,日料,25.2,29.08911911675608,True,30,0,3.3,多云,1.0,0.75,1.37,34,4.0,0,0.8,384,73.7,19.9,交通拥堵; 用餐高峰期
ORD000506,R033,Rider023,2024-01-02 16:16:00,16,False,False,39.9130900216164,116.41520073329926,39.91675918407518,116.3855546225191,39.93964254240985,116.40191688715832,5.47,2.57,2.9,中餐,8.1,21.11525393227733,False,28,0,14.0,小雨,1.15,0.36,1.18,33,4.7,0,0.82,637,51.1,13.4,天气影响(小雨); 无电梯高楼层
ORD000507,R008,Rider013,2024-01-05 19:34:00,19,False,True,39.96015572431992,116.35417381034146,39.91802448900446,116.40997770414891,39.92705390041307,116.44622095280053,9.94,6.68,3.26,火锅,22.0,33.74058608549302,False,19,0,9.5,多云,1.0,0.91,1.46,13,4.9,0,0.81,1280,70.4,21.2,交通拥堵; 无电梯高楼层; 用餐高峰期
ORD000508,R034,Rider026,2024-01-02 20:13:00,20,False,False,39.874810164901845,116.39576172542638,39.86870203135637,116.42224986962574,39.86014992380612,116.42690693099692,3.4,2.37,1.03,日料,33.0,26.83179222702701,True,7,1,5.6,晴天,1.0,0.32,1.16,25,4.8,1,0.71,96,54.4,8.1,新餐厅备餐波动
ORD000509,R020,Rider009,2024-01-03 16:27:00,16,False,False,39.80352038372316,116.38948344017562,39.927930958411295,116.38011837635615,39.91316369927242,116.40790369603127,16.72,13.84,2.89,西餐,23.7,21.700032746569654,False,18,0,9.0,雪,1.4,0.2,1.1,35,4.5,0,0.9,297,113.9,35.0,天气影响(雪); 无电梯高楼层
ORD000510,R017,Rider028,2024-01-01 10:27:00,10,False,False,39.8893224423973,116.35449214715742,39.899361428650025,116.41952152570443,39.8468364452307,116.39973868704347,11.74,5.67,6.07,中餐,29.1,19.943187874617045,True,30,0,4.1,晴天,1.0,0.46,1.23,14,4.0,0,0.91,1236,81.2,12.7,无
ORD000511,R014,Rider006,2024-01-02 13:16:00,13,False,True,39.858945764893924,116.45638539530283,39.89783515734865,116.39459393617881,39.8754622311499,116.39886211393153,9.34,6.83,2.51,烧烤,39.2,32.701788463765055,False,23,0,11.5,晴天,1.0,0.91,1.46,27,3.9,1,0.82,66,101.7,33.8,交通拥堵; 无电梯高楼层; 用餐高峰期; 新餐厅备餐波动
ORD000512,R036,Rider017,2024-01-02 12:36:00,12,False,True,39.92553864348734,116.38066423781471,39.91483258755359,116.35099062234642,39.9178982767203,116.48386118426038,14.17,2.8,11.37,日料,25.5,25.369904516763174,False,27,0,13.5,雾,1.25,0.79,1.4,3,4.3,0,0.94,1695,136.0,63.5,天气影响(雾); 交通拥堵; 无电梯高楼层; 用餐高峰期
ORD000513,R009,Rider030,2024-01-04 16:11:00,16,False,False,39.874607141286425,116.481627349513,39.84792969683381,116.3663965358334,39.911325137030445,116.40882541839402,18.21,10.3,7.92,西餐,15.8,30.89745898298658,True,16,1,4.7,小雨,1.15,0.39,1.19,22,3.9,0,0.75,1622,85.0,29.1,天气影响(小雨); 写字楼电梯等待
ORD000514,R029,Rider008,2024-01-02 15:58:00,15,False,False,39.90793639976925,116.39977023237618,39.929703617463716,116.41923019854394,39.92497386056965,116.4687095565201,7.2,2.93,4.26,快餐,11.3,31.717792488796658,True,13,0,1.8,小雨,1.15,0.35,1.17,25,4.8,0,0.86,1639,38.8,12.1,天气影响(小雨)
ORD000515,R023,Rider010,2024-01-05 23:31:00,23,False,False,39.912113138891186,116.38234689215626,39.89349764922696,116.42408365395602,39.876127462298896,116.36871555781596,9.24,4.12,5.11,日料,32.4,18.937996604272342,True,27,0,3.0,多云,1.0,0.15,1.08,3,4.9,0,0.94,1116,68.0,3.2,无
ORD000516,R002,Rider016,2024-01-02 06:44:00,6,False,False,39.868174410080876,116.37858880063516,39.95157638446523,116.43042304187458,39.917836887942364,116.40394345972673,14.64,10.27,4.38,日料,14.4,28.280523401265146,False,5,0,2.5,多云,1.0,0.3,1.15,13,3.6,1,0.82,47,64.5,16.6,新餐厅备餐波动
ORD000517,R036,Rider028,2024-01-05 10:31:00,10,False,False,39.90792706765826,116.47823712760936,39.91483258755359,116.35099062234642,39.8468364452307,116.39973868704347,19.53,10.91,8.62,日料,17.1,19.780199278107737,True,6,1,1.5,小雨,1.15,0.47,1.24,14,4.0,0,0.94,1695,115.4,37.6,天气影响(小雨)
ORD000518,R049,Rider015,2024-01-06 13:49:00,13,True,True,39.938871511023486,116.35592697480642,39.93551026936107,116.41426935614565,39.90125555536833,116.39611115244051,9.11,5.0,4.11,快餐,24.1,17.000922015496045,True,11,0,1.7,晴天,1.0,0.84,1.42,18,5.0,0,0.8,1818,78.5,20.6,交通拥堵; 用餐高峰期
ORD000519,R023,Rider026,2024-01-01 11:02:00,11,False,True,39.93219852265294,116.41748491095123,39.89349764922696,116.42408365395602,39.86014992380612,116.42690693099692,8.04,4.33,3.71,日料,34.6,22.60698639152477,True,1,0,1.6,大雨,1.35,0.79,1.4,25,4.8,0,0.94,1116,110.3,52.8,天气影响(大雨); 交通拥堵; 用餐高峰期
ORD000520,R029,Rider012,2024-01-05 23:13:00,23,False,False,39.908470158628646,116.41269563913126,39.929703617463716,116.41923019854394,39.87227059127874,116.35388620704767,10.9,2.42,8.48,快餐,11.7,22.03954149617616,False,7,0,3.5,多云,1.0,0.15,1.08,27,4.5,0,0.86,1639,49.8,4.9,无电梯高楼层
ORD000521,R044,Rider014,2024-01-06 12:59:00,12,True,True,39.92279987023668,116.38329933587552,39.93937307347177,116.4233420003288,39.93387852066118,116.46646634501718,7.62,3.89,3.74,火锅,10.5,17.29764551631428,False,30,0,15.0,小雨,1.15,0.74,1.37,10,4.9,0,0.88,1668,91.7,39.8,天气影响(小雨); 交通拥堵; 无电梯高楼层; 用餐高峰期
ORD000522,R025,Rider016,2024-01-07 09:28:00,9,True,False,39.94215443533876,116.41831652740663,39.92272922536534,116.4439121239094,39.917836887942364,116.40394345972673,6.53,3.07,3.46,烧烤,15.6,26.68024301699137,True,9,0,1.9,晴天,1.0,0.45,1.22,13,3.6,1,0.83,93,31.8,0.0,新餐厅备餐波动
ORD000523,R010,Rider026,2024-01-02 03:53:00,3,False,False,39.93251065826488,116.46058927161997,39.89798502329687,116.38869567815044,39.86014992380612,116.42690693099692,12.57,7.24,5.32,烧烤,13.3,23.68323261539162,False,11,0,5.5,小雨,1.15,0.19,1.1,25,4.8,1,0.79,43,62.1,11.5,天气影响(小雨); 无电梯高楼层; 新餐厅备餐波动
ORD000524,R005,Rider018,2024-01-01 15:32:00,15,False,False,39.90333100015823,116.39853306111499,39.88619238449682,116.4358231946314,39.88619738114083,116.43231399729389,4.01,3.71,0.3,火锅,28.1,26.862826834679773,True,6,1,1.5,多云,1.0,0.08,1.04,9,3.7,1,0.77,80,38.9,0.3,新餐厅备餐波动
ORD000525,R005,Rider002,2024-01-05 12:06:00,12,False,True,39.88857116910258,116.41368108934003,39.88619238449682,116.4358231946314,39.94914167126766,116.49312820752455,10.45,1.91,8.54,火锅,28.1,22.988090004807198,False,27,0,13.5,多云,1.0,0.8,1.4,23,4.7,1,0.77,80,99.7,30.8,交通拥堵; 无电梯高楼层; 用餐高峰期; 新餐厅备餐波动
ORD000526,R032,Rider020,2024-01-05 16:30:00,16,False,False,39.86890957603585,116.3830127713271,39.923253376527065,116.37499397389878,39.95521852994615,116.403737357574,10.39,6.07,4.32,中餐,10.9,17.796001883846895,True,30,1,4.6,多云,1.0,0.27,1.14,12,4.7,0,0.81,589,60.0,9.4,写字楼电梯等待
ORD000527,R020,Rider001,2024-01-06 12:49:00,12,True,True,39.95056862709091,116.43762367570353,39.927930958411295,116.38011837635615,39.91716665409954,116.40219427782529,7.75,5.52,2.23,西餐,40.4,24.959323177147635,True,13,0,2.4,小雨,1.15,0.74,1.37,19,4.2,0,0.9,297,89.5,28.1,天气影响(小雨); 交通拥堵; 用餐高峰期
ORD000528,R024,Rider006,2024-01-07 11:06:00,11,True,True,39.86569999988267,116.4244186794151,39.91199648382746,116.43085468615331,39.8754622311499,116.39886211393153,10.06,5.17,4.89,西餐,31.0,28.51519166312501,True,10,1,2.6,晴天,1.0,0.67,1.34,27,3.9,0,0.83,915,79.8,25.0,交通拥堵; 用餐高峰期
ORD000529,R026,Rider020,2024-01-05 09:30:00,9,False,False,39.88387818984751,116.48350513792356,39.960173235334345,116.42161498762735,39.95521852994615,116.403737357574,11.61,9.99,1.62,快餐,12.6,18.991045156644127,True,4,0,2.1,晴天,1.0,1.0,1.5,12,4.7,0,0.8,260,76.2,24.9,交通拥堵
ORD000530,R010,Rider013,2024-01-06 09:12:00,9,True,False,39.95837360187968,116.4753346055836,39.89798502329687,116.38869567815044,39.92705390041307,116.44622095280053,15.87,9.99,5.88,烧烤,13.3,33.500733099541236,True,10,1,3.1,晴天,1.0,0.24,1.12,13,4.9,1,0.79,43,50.0,5.2,新餐厅备餐波动
ORD000531,R010,Rider006,2024-01-07 12:20:00,12,True,True,39.930743478367965,116.38021234682965,39.89798502329687,116.38869567815044,39.8754622311499,116.39886211393153,6.36,3.71,2.65,烧烤,13.3,34.17536910690127,True,1,1,5.6,大雨,1.35,0.9,1.45,27,3.9,1,0.79,43,63.2,33.2,天气影响(大雨); 交通拥堵; 用餐高峰期; 新餐厅备餐波动
ORD000532,R044,Rider013,2024-01-07 12:43:00,12,True,True,39.91994648458429,116.4098774808607,39.93937307347177,116.4233420003288,39.92705390041307,116.44622095280053,4.83,2.44,2.39,火锅,12.3,28.50252244782494,False,9,0,4.5,大雨,1.35,0.9,1.45,13,4.9,0,0.88,1668,55.5,28.5,天气影响(大雨); 交通拥堵; 无电梯高楼层; 用餐高峰期
ORD000533,R005,Rider022,2024-01-02 18:35:00,18,False,True,39.941039008436874,116.43417446452662,39.88619238449682,116.4358231946314,39.88685398692913,116.39370765445501,9.69,6.09,3.6,火锅,28.1,27.25785941477119,True,17,0,3.4,小雨,1.15,0.91,1.46,34,4.0,1,0.77,80,86.0,33.2,天气影响(小雨); 交通拥堵; 用餐高峰期; 新餐厅备餐波动
ORD000534,R001,Rider023,2024-01-02 20:54:00,20,False,False,39.8858477769389,116.39625436631366,39.91910142459034,116.40325207096485,39.93964254240985,116.40191688715832,6.02,3.74,2.28,西餐,22.1,21.798165167515698,True,14,1,5.9,晴天,1.0,0.32,1.16,33,4.7,0,0.89,1738,50.3,5.8,写字楼电梯等待
ORD000535,R049,Rider012,2024-01-05 15:36:00,15,False,False,39.94343096102484,116.43599236744221,39.93551026936107,116.41426935614565,39.87227059127874,116.35388620704767,10.77,2.05,8.72,快餐,24.4,22.844699071974443,True,27,1,6.2,晴天,1.0,0.2,1.1,27,4.5,0,0.8,1818,63.9,5.1,写字楼电梯等待
ORD000536,R023,Rider029,2024-01-01 13:38:00,13,False,True,39.88077630028513,116.39301557760845,39.89349764922696,116.42408365395602,39.9827701186798,116.39951113316586,13.14,3.01,10.13,日料,39.6,28.85895018482795,True,2,1,1.7,晴天,1.0,0.99,1.49,30,3.7,0,0.94,1116,95.1,26.5,交通拥堵; 用餐高峰期
ORD000537,R011,Rider029,2024-01-04 13:22:00,13,False,True,39.87903300762527,116.4623042921362,39.85697534139168,116.42653858829674,39.9827701186798,116.39951113316586,18.08,3.92,14.16,快餐,11.6,29.51355879995669,True,15,0,3.4,多云,1.0,0.74,1.37,30,3.7,0,0.84,1585,77.4,25.6,交通拥堵; 用餐高峰期
ORD000538,R027,Rider020,2024-01-03 12:34:00,12,False,True,39.95181607953702,116.35610197041325,39.94449504636891,116.38536357050157,39.95521852994615,116.403737357574,4.6,2.63,1.97,西餐,26.5,18.944909231942706,True,1,0,1.2,多云,1.0,0.64,1.32,12,4.7,0,0.82,787,57.1,14.8,交通拥堵; 用餐高峰期
ORD000539,R038,Rider009,2024-01-07 15:38:00,15,True,False,39.8917324076677,116.3991295092267,39.93564059231985,116.38854290757573,39.91316369927242,116.40790369603127,7.95,4.96,2.99,中餐,11.0,21.539077543680722,True,14,0,1.9,小雨,1.15,0.26,1.13,35,4.5,0,0.85,1469,49.9,14.8,天气影响(小雨)
ORD000540,R033,Rider014,2024-01-07 17:52:00,17,True,True,39.922439046920864,116.4226112721921,39.91675918407518,116.3855546225191,39.93387852066118,116.46646634501718,10.4,3.23,7.17,中餐,18.6,20.29132925246256,True,21,0,4.2,小雨,1.15,0.69,1.34,10,4.9,0,0.82,637,81.4,27.9,天气影响(小雨); 交通拥堵; 用餐高峰期
ORD000541,R010,Rider020,2024-01-06 15:16:00,15,True,False,39.97143624025053,116.3836246734889,39.89798502329687,116.38869567815044,39.95521852994615,116.403737357574,14.65,8.17,6.48,烧烤,13.3,18.238825731379233,True,30,0,3.8,晴天,1.0,0.33,1.16,12,4.7,1,0.79,43,66.9,1.7,新餐厅备餐波动
ORD000542,R002,Rider009,2024-01-07 16:21:00,16,True,False,39.866446129776854,116.39611392059858,39.95157638446523,116.43042304187458,39.91316369927242,116.40790369603127,14.58,9.9,4.68,日料,14.4,24.124535722726257,False,28,0,14.0,小雨,1.15,0.45,1.23,35,4.5,1,0.82,47,91.6,27.0,天气影响(小雨); 无电梯高楼层; 新餐厅备餐波动
ORD000543,R044,Rider021,2024-01-06 19:34:00,19,True,True,39.864564530268225,116.45578660567274,39.93937307347177,116.4233420003288,39.920748511998084,116.46108354017223,12.59,8.76,3.83,火锅,13.7,36.116182171346914,True,7,0,1.9,晴天,1.0,0.72,1.36,23,4.6,0,0.88,1668,45.9,9.4,交通拥堵; 用餐高峰期
ORD000544,R007,Rider007,2024-01-03 12:29:00,12,False,True,39.88719156261355,116.36602244571193,39.926353997399865,116.4125410484357,39.8812319420477,116.34772102698165,13.36,5.89,7.47,火锅,41.2,27.143905300721816,True,20,1,5.7,多云,1.0,0.64,1.32,20,3.7,1,0.71,49,99.5,23.0,交通拥堵; 写字楼电梯等待; 用餐高峰期; 新餐厅备餐波动
ORD000545,R007,Rider023,2024-01-02 09:10:00,9,False,False,39.886648070783636,116.3929879392496,39.926353997399865,116.4125410484357,39.93964254240985,116.40191688715832,6.45,4.72,1.73,火锅,41.2,18.706638740640535,True,19,1,6.1,晴天,1.0,0.94,1.47,33,4.7,1,0.71,49,95.4,27.4,交通拥堵; 写字楼电梯等待; 新餐厅备餐波动
ORD000546,R006,Rider030,2024-01-04 11:58:00,11,False,True,39.94389496565306,116.36220949980355,39.897316486385044,116.41908046739768,39.911325137030445,116.40882541839402,8.88,7.1,1.79,中餐,45.5,27.602980479231405,True,22,1,4.1,晴天,1.0,0.89,1.45,22,3.9,0,0.82,1513,89.9,21.0,交通拥堵; 写字楼电梯等待; 用餐高峰期
ORD000547,R046,Rider022,2024-01-03 16:37:00,16,False,False,39.84163679244354,116.40727830050268,39.90750898735901,116.3944992384245,39.88685398692913,116.39370765445501,9.69,7.4,2.29,中餐,18.7,28.93988529545544,False,17,0,8.5,雪,1.4,0.2,1.1,34,4.0,0,0.9,704,77.7,30.4,天气影响(雪); 无电梯高楼层
ORD000548,R027,Rider024,2024-01-02 18:01:00,18,False,True,39.824550120798776,116.45235042521277,39.94449504636891,116.38536357050157,39.836064702425794,116.40517809204412,26.66,14.5,12.16,西餐,24.4,24.0201116796647,True,15,0,1.8,小雨,1.15,0.91,1.46,5,5.0,0,0.82,787,156.4,63.7,天气影响(小雨); 交通拥堵; 用餐高峰期
ORD000549,R047,Rider003,2024-01-01 09:09:00,9,False,False,39.89303651228516,116.41171703710154,39.88553288505282,116.39673534077251,39.97674666303516,116.42358331580469,11.91,1.53,10.38,日料,30.9,33.51512278161648,False,26,1,13.0,晴天,1.0,0.94,1.47,12,4.5,0,0.89,512,91.6,26.3,交通拥堵; 无电梯高楼层; 写字楼电梯等待
ORD000550,R016,Rider019,2024-01-03 06:37:00,6,False,False,39.93029978464915,116.4285879994382,39.91308360831194,116.4152316581654,39.93266459512356,116.36241431632648,7.24,2.23,5.01,西餐,13.4,19.221709554281198,True,21,0,4.3,雾,1.25,0.38,1.19,28,3.9,1,0.76,46,55.2,14.8,天气影响(雾); 新餐厅备餐波动
ORD000551,R016,Rider008,2024-01-02 09:48:00,9,False,False,39.89498942419651,116.45119291809719,39.91308360831194,116.4152316581654,39.92497386056965,116.4687095565201,8.43,3.67,4.76,西餐,13.4,27.026117990127478,False,2,0,1.0,晴天,1.0,0.94,1.47,25,4.8,1,0.76,46,41.6,8.4,交通拥堵; 新餐厅备餐波动
ORD000552,R006,Rider013,2024-01-03 12:47:00,12,False,True,39.92552643696198,116.41084781110986,39.897316486385044,116.41908046739768,39.92705390041307,116.44622095280053,7.25,3.21,4.04,中餐,36.9,31.826156938883596,True,4,0,1.9,多云,1.0,0.64,1.32,13,4.9,0,0.82,1513,65.4,13.0,交通拥堵; 用餐高峰期
ORD000553,R017,Rider012,2024-01-02 22:22:00,22,False,False,39.86497266240253,116.42503433071083,39.899361428650025,116.41952152570443,39.87227059127874,116.35388620704767,10.22,3.85,6.37,中餐,23.2,21.573383164979404,True,21,1,4.5,多云,1.0,0.49,1.25,27,4.5,0,0.91,1236,54.3,0.0,写字楼电梯等待
ORD000554,R020,Rider013,2024-01-03 09:53:00,9,False,False,39.918271772974194,116.39254687188848,39.927930958411295,116.38011837635615,39.92705390041307,116.44622095280053,7.16,1.51,5.65,西餐,33.2,32.5376141052359,True,12,0,2.8,晴天,1.0,0.71,1.36,13,4.9,0,0.9,297,64.8,15.7,交通拥堵
ORD000555,R002,Rider017,2024-01-05 16:54:00,16,False,False,39.88389230301791,116.33443343340434,39.95157638446523,116.43042304187458,39.9178982767203,116.48386118426038,17.03,11.13,5.9,日料,14.4,22.076841095248692,True,12,0,1.6,多云,1.0,0.27,1.14,3,4.3,1,0.82,47,68.0,5.7,新餐厅备餐波动
ORD000556,R033,Rider022,2024-01-05 09:51:00,9,False,False,39.9263572960167,116.41019827902993,39.91675918407518,116.3855546225191,39.88685398692913,116.39370765445501,5.75,2.36,3.39,中餐,10.8,33.02562640955395,True,8,0,2.4,晴天,1.0,1.0,1.5,34,4.0,0,0.82,637,38.6,14.9,交通拥堵
ORD000557,R028,Rider016,2024-01-05 10:29:00,10,False,False,39.92276678137577,116.37410415166667,39.92038827604751,116.36245113087884,39.917836887942364,116.40394345972673,4.59,1.03,3.56,火锅,8.4,26.896476098098574,False,5,0,2.5,小雨,1.15,0.47,1.24,13,3.6,0,0.86,1899,34.7,13.6,天气影响(小雨)
ORD000558,R040,Rider015,2024-01-02 11:59:00,11,False,True,39.902197948258504,116.32912047863475,39.91551888796381,116.45694052959438,39.90125555536833,116.39611115244051,16.47,11.03,5.44,西餐,33.2,19.583159860680265,False,8,0,4.0,多云,1.0,0.94,1.47,18,5.0,0,0.85,1199,132.7,45.0,交通拥堵; 无电梯高楼层; 用餐高峰期
ORD000559,R003,Rider013,2024-01-03 23:44:00,23,False,False,39.92122562051548,116.40485057117733,39.90486665479836,116.3945662125919,39.92705390041307,116.44622095280053,7.08,2.02,5.06,烧烤,24.2,29.808570972576085,True,12,0,1.4,晴天,1.0,0.3,1.15,13,4.9,0,0.76,799,52.6,12.7,无
ORD000560,R037,Rider023,2024-01-07 18:45:00,18,True,True,39.89439320231846,116.38379960542596,39.892457945637545,116.42054067792265,39.93964254240985,116.40191688715832,8.63,3.15,5.48,火锅,37.6,19.929203249125433,True,25,0,4.2,晴天,1.0,0.57,1.28,33,4.7,0,0.91,1035,86.8,19.1,用餐高峰期
ORD000561,R039,Rider018,2024-01-07 06:00:00,6,True,False,39.88629691284442,116.37222412707145,39.95763873231079,116.38707752996855,39.88619738114083,116.43231399729389,16.85,8.02,8.82,火锅,45.5,35.85593791056684,False,23,1,11.5,多云,1.0,0.25,1.13,9,3.7,1,0.77,57,105.2,20.0,无电梯高楼层; 写字楼电梯等待; 新餐厅备餐波动
ORD000562,R020,Rider009,2024-01-03 18:50:00,18,False,True,39.95317194405165,116.38407966130384,39.927930958411295,116.38011837635615,39.91316369927242,116.40790369603127,5.71,2.82,2.89,西餐,42.1,20.53777723108648,True,18,1,3.5,大雨,1.35,0.85,1.42,35,4.5,0,0.9,297,118.2,55.9,天气影响(大雨); 交通拥堵; 写字楼电梯等待; 用餐高峰期
ORD000563,R020,Rider025,2024-01-02 15:21:00,15,False,False,39.93110198698272,116.38122093310785,39.927930958411295,116.38011837635615,39.85202121997981,116.4341869019532,9.98,0.36,9.61,西餐,31.9,22.646716302931353,True,13,0,1.9,小雨,1.15,0.35,1.17,23,3.7,0,0.9,297,88.8,28.5,天气影响(小雨)
ORD000564,R031,Rider002,2024-01-03 04:00:00,4,False,False,39.90250206615588,116.38285796538933,39.875714428644635,116.38949308005311,39.94914167126766,116.49312820752455,15.07,3.03,12.04,中餐,34.8,22.792506761890962,True,4,0,0.6,晴天,1.0,0.31,1.16,23,4.7,0,0.86,117,85.8,10.7,无
ORD000565,R020,Rider024,2024-01-04 16:18:00,16,False,False,39.81291633012881,116.37839471037915,39.927930958411295,116.38011837635615,39.836064702425794,116.40517809204412,23.19,12.77,10.42,西餐,32.1,26.767271116347576,True,21,0,2.7,小雨,1.15,0.39,1.19,5,5.0,0,0.9,297,122.5,35.7,天气影响(小雨)
ORD000566,R042,Rider017,2024-01-07 05:57:00,5,True,False,39.92089513448574,116.41757824578747,39.865351725765606,116.4042464448576,39.9178982767203,116.48386118426038,15.24,6.27,8.97,火锅,28.1,23.067759644875103,True,4,1,1.6,小雨,1.15,0.42,1.21,3,4.3,0,0.84,621,99.4,30.1,天气影响(小雨)
ORD000567,R017,Rider027,2024-01-02 19:23:00,19,False,True,39.874542672038615,116.35382328658902,39.899361428650025,116.41952152570443,39.886332661172375,116.38837314608125,9.29,6.26,3.03,中餐,33.7,19.301262698993803,False,24,1,12.0,小雨,1.15,0.98,1.49,21,3.8,0,0.91,1236,132.3,57.7,天气影响(小雨); 交通拥堵; 无电梯高楼层; 写字楼电梯等待; 用餐高峰期
ORD000568,R029,Rider015,2024-01-07 17:40:00,17,True,True,39.94722040169185,116.42024604567952,39.929703617463716,116.41923019854394,39.90125555536833,116.39611115244051,5.67,1.95,3.73,快餐,16.6,18.12222374858487,False,1,1,0.5,小雨,1.15,0.69,1.34,18,5.0,0,0.86,1639,60.6,24.8,天气影响(小雨); 交通拥堵; 用餐高峰期
ORD000569,R028,Rider026,2024-01-03 05:39:00,5,False,False,39.90647403443256,116.36360764243955,39.92038827604751,116.36245113087884,39.86014992380612,116.42690693099692,10.22,1.55,8.67,火锅,6.9,22.942254945280176,True,6,0,1.9,多云,1.0,0.23,1.12,25,4.8,0,0.86,1899,46.3,10.8,无
ORD000570,R021,Rider021,2024-01-01 14:04:00,14,False,False,39.931302010871896,116.38386992129018,39.90504298390045,116.37148738809985,39.920748511998084,116.46108354017223,10.96,3.1,7.86,西餐,10.7,36.82870994860178,True,26,0,3.0,多云,1.0,0.16,1.08,23,4.6,0,0.95,863,34.8,3.1,无
ORD000571,R009,Rider029,2024-01-02 19:32:00,19,False,True,39.87057536872754,116.48705962646487,39.84792969683381,116.3663965358334,39.9827701186798,116.39951113316586,25.86,10.63,15.24,西餐,35.4,28.889477791493174,True,29,0,4.2,小雨,1.15,0.98,1.49,30,3.7,0,0.75,1622,152.1,58.8,天气影响(小雨); 交通拥堵; 用餐高峰期
ORD000572,R037,Rider006,2024-01-06 19:02:00,19,True,True,39.837815305967794,116.41124201748588,39.892457945637545,116.42054067792265,39.8754622311499,116.39886211393153,8.76,6.12,2.65,火锅,38.3,31.08739163426623,True,17,0,1.9,晴天,1.0,0.72,1.36,27,3.9,0,0.91,1035,67.7,10.6,交通拥堵; 用餐高峰期
ORD000573,R041,Rider001,2024-01-06 12:30:00,12,True,True,39.970137832059436,116.40676296840891,39.883799869976464,116.39949782465398,39.91716665409954,116.40219427782529,13.32,9.61,3.71,中餐,27.1,24.83972026878628,True,1,1,4.6,小雨,1.15,0.74,1.37,19,4.2,1,0.85,78,102.1,38.2,天气影响(小雨); 交通拥堵; 用餐高峰期; 新餐厅备餐波动
ORD000574,R048,Rider022,2024-01-01 10:51:00,10,False,False,39.84446571244473,116.48076341585573,39.87933014967234,116.39059456879409,39.88685398692913,116.39370765445501,9.51,8.63,0.88,日料,9.8,31.114643407711608,True,27,0,5.0,晴天,1.0,0.46,1.23,34,4.0,0,0.94,1812,37.0,3.8,无
ORD000575,R012,Rider013,2024-01-03 17:48:00,17,False,True,39.928635251322085,116.40459227474807,39.9031252188267,116.45433930967441,39.92705390041307,116.44622095280053,7.86,5.11,2.75,西餐,34.1,26.353942761015702,True,23,0,3.1,多云,1.0,0.85,1.42,13,4.9,0,0.85,1677,80.5,25.4,交通拥堵; 用餐高峰期
ORD000576,R030,Rider008,2024-01-02 15:34:00,15,False,False,39.92478569080648,116.47895903912514,39.89749611644023,116.42882001482276,39.92497386056965,116.4687095565201,9.83,5.25,4.58,日料,16.1,35.11388292392714,True,17,0,3.0,小雨,1.15,0.35,1.17,25,4.8,1,0.76,62,49.9,14.0,天气影响(小雨); 新餐厅备餐波动
ORD000577,R030,Rider020,2024-01-03 06:40:00,6,False,False,39.86391287543973,116.39130327169191,39.89749611644023,116.42882001482276,39.95521852994615,116.403737357574,11.68,4.92,6.76,日料,16.1,18.649565602401616,True,15,0,1.5,雾,1.25,0.38,1.19,12,4.7,1,0.76,62,81.8,26.5,天气影响(雾); 新餐厅备餐波动
ORD000578,R015,Rider023,2024-01-07 13:07:00,13,True,True,39.96357623895224,116.39017879676125,39.945355864006494,116.41266659881865,39.93964254240985,116.40191688715832,3.91,2.79,1.12,快餐,13.3,18.60693540054538,True,29,0,4.0,多云,1.0,0.75,1.38,33,4.7,0,0.82,1348,39.9,10.0,交通拥堵; 用餐高峰期
ORD000579,R038,Rider010,2024-01-06 02:39:00,2,True,False,39.886463434104314,116.3862720704577,39.93564059231985,116.38854290757573,39.876127462298896,116.36871555781596,12.29,5.46,6.82,中餐,19.9,17.47079241024732,False,21,0,10.5,多云,1.0,0.47,1.23,3,4.9,0,0.85,1469,97.6,25.0,无电梯高楼层
ORD000580,R027,Rider023,2024-01-05 22:34:00,22,False,False,39.90734005856525,116.43631523295404,39.94449504636891,116.38536357050157,39.93964254240985,116.40191688715832,7.51,6.0,1.51,西餐,19.2,23.613005728024543,True,14,1,5.8,雪,1.4,0.38,1.19,33,4.7,0,0.82,787,79.2,35.2,天气影响(雪); 写字楼电梯等待
ORD000581,R003,Rider029,2024-01-07 12:20:00,12,True,True,39.884150220028616,116.47445349858795,39.90486665479836,116.3945662125919,39.9827701186798,116.39951113316586,15.87,7.21,8.66,烧烤,31.6,25.984513262230543,False,25,0,12.5,大雨,1.35,0.9,1.45,30,3.7,0,0.76,799,159.8,79.1,天气影响(大雨); 交通拥堵; 无电梯高楼层; 用餐高峰期
ORD000582,R044,Rider005,2024-01-07 13:23:00,13,True,True,39.87274064782974,116.38263645879502,39.93937307347177,116.4233420003288,39.846276626340114,116.35110144902494,20.22,8.18,12.04,火锅,16.7,20.365626034015264,False,10,0,5.0,多云,1.0,0.75,1.38,17,4.9,0,0.88,1668,111.9,30.6,交通拥堵; 无电梯高楼层; 用餐高峰期
ORD000583,R021,Rider012,2024-01-01 21:05:00,21,False,False,39.87913946673661,116.4208083296813,39.90504298390045,116.37148738809985,39.87227059127874,116.35388620704767,9.04,5.11,3.94,西餐,16.4,23.885461092301377,True,20,1,4.6,晴天,1.0,0.44,1.22,27,4.5,0,0.95,863,52.6,8.9,写字楼电梯等待
ORD000584,R002,Rider025,2024-01-07 15:03:00,15,True,False,39.91905764430541,116.39920795909707,39.95157638446523,116.43042304187458,39.85202121997981,116.4341869019532,15.55,4.49,11.06,日料,14.4,22.41132274796055,False,11,1,5.5,小雨,1.15,0.26,1.13,23,3.7,1,0.82,47,70.9,9.4,天气影响(小雨); 无电梯高楼层; 写字楼电梯等待; 新餐厅备餐波动
ORD000585,R011,Rider005,2024-01-05 10:22:00,10,False,False,39.83764538573151,116.37494909071197,39.85697534139168,116.42653858829674,39.846276626340114,116.35110144902494,11.47,4.91,6.56,快餐,11.6,23.451834249027424,True,21,0,3.2,小雨,1.15,0.47,1.24,17,4.9,0,0.84,1585,53.2,9.0,天气影响(小雨)
ORD000586,R036,Rider016,2024-01-01 18:57:00,18,False,True,39.91801627953757,116.41034547688068,39.91483258755359,116.35099062234642,39.917836887942364,116.40394345972673,9.63,5.09,4.54,日料,26.3,26.0617026613291,False,28,0,14.0,多云,1.0,0.75,1.37,13,3.6,0,0.94,1695,91.1,28.6,交通拥堵; 无电梯高楼层; 用餐高峰期
ORD000587,R019,Rider018,2024-01-03 19:18:00,19,False,True,39.90565200862297,116.43841866396427,39.94131048218809,116.36460563345823,39.88619738114083,116.43231399729389,15.87,7.45,8.42,日料,24.3,27.508943486608068,True,29,0,3.2,晴天,1.0,0.73,1.37,9,3.7,0,0.87,829,78.9,16.7,交通拥堵; 用餐高峰期
ORD000588,R009,Rider025,2024-01-06 09:54:00,9,True,False,39.926694116548916,116.41763549929304,39.84792969683381,116.3663965358334,39.85202121997981,116.4341869019532,15.6,9.78,5.82,西餐,29.8,18.379649979903288,False,11,0,5.5,晴天,1.0,0.24,1.12,23,3.7,0,0.75,1622,98.9,12.6,无电梯高楼层
ORD000589,R014,Rider016,2024-01-05 11:31:00,11,False,True,39.87567127745508,116.43160666262357,39.89783515734865,116.39459393617881,39.917836887942364,116.40394345972673,6.37,4.01,2.36,烧烤,39.2,26.090021529800875,True,2,1,0.6,晴天,1.0,0.84,1.42,13,3.6,1,0.82,66,77.7,23.2,交通拥堵; 用餐高峰期; 新餐厅备餐波动
ORD000590,R041,Rider030,2024-01-07 08:11:00,8,True,False,39.94793538207108,116.38334479029334,39.883799869976464,116.39949782465398,39.911325137030445,116.40882541839402,10.41,7.25,3.16,中餐,27.1,33.13487901776355,True,14,0,4.5,晴天,1.0,0.4,1.2,22,3.9,1,0.85,78,60.9,10.4,新餐厅备餐波动
ORD000591,R024,Rider011,2024-01-07 12:46:00,12,True,True,39.93020503907395,116.40686050730474,39.91199648382746,116.43085468615331,39.99179211732871,116.37506806858579,12.94,2.88,10.06,西餐,35.7,25.350701514020937,True,7,1,5.6,大雨,1.35,0.9,1.45,28,4.5,0,0.83,915,137.2,65.2,天气影响(大雨); 交通拥堵; 用餐高峰期
ORD000592,R011,Rider026,2024-01-02 16:17:00,16,False,False,39.92433703216851,116.43705188176278,39.85697534139168,116.42653858829674,39.86014992380612,116.42690693099692,7.89,7.53,0.35,快餐,11.0,23.995806303513888,True,10,0,1.2,小雨,1.15,0.36,1.18,25,4.8,0,0.84,1585,32.6,0.7,天气影响(小雨)
ORD000593,R005,Rider021,2024-01-06 15:19:00,15,True,False,39.90009191480381,116.41527181943319,39.88619238449682,116.4358231946314,39.920748511998084,116.46108354017223,6.74,2.34,4.4,火锅,28.1,35.01045911665314,True,17,0,2.4,晴天,1.0,0.33,1.16,23,4.6,1,0.77,80,54.5,12.5,新餐厅备餐波动
ORD000594,R050,Rider014,2024-01-04 17:08:00,17,False,True,39.912662701113014,116.38006858947129,39.9045643952722,116.43532802251922,39.93387852066118,116.46646634501718,9.01,4.81,4.2,快餐,38.4,22.73205076779773,True,12,0,1.6,晴天,1.0,0.91,1.46,10,4.9,0,0.82,798,95.6,31.8,交通拥堵; 用餐高峰期
ORD000595,R039,Rider022,2024-01-01 20:31:00,20,False,False,39.91552276312266,116.35654187279057,39.95763873231079,116.38707752996855,39.88685398692913,116.39370765445501,13.24,5.36,7.88,火锅,45.5,33.071173101439676,True,12,1,3.1,晴天,1.0,0.32,1.16,34,4.0,1,0.77,57,91.1,18.5,写字楼电梯等待; 新餐厅备餐波动
ORD000596,R010,Rider001,2024-01-02 20:01:00,20,False,False,39.91152280440455,116.37549768428505,39.89798502329687,116.38869567815044,39.91716665409954,116.40219427782529,4.3,1.88,2.42,烧烤,13.3,23.8251754746647,True,20,0,2.1,晴天,1.0,0.32,1.16,19,4.2,1,0.79,43,31.8,5.6,新餐厅备餐波动
ORD000597,R039,Rider010,2024-01-03 16:30:00,16,False,False,39.89175727875418,116.37243986937844,39.95763873231079,116.38707752996855,39.876127462298896,116.36871555781596,16.61,7.42,9.19,火锅,45.5,18.695067289413394,True,19,0,2.4,雪,1.4,0.2,1.1,3,4.9,1,0.77,57,163.2,62.0,天气影响(雪); 新餐厅备餐波动
ORD000598,R004,Rider003,2024-01-05 16:03:00,16,False,False,39.84779425163496,116.43476082522922,39.90622584614064,116.3646575544136,39.97674666303516,116.42358331580469,18.14,8.83,9.31,火锅,13.8,33.43414637616249,True,14,1,2.9,多云,1.0,0.27,1.14,12,4.5,0,0.76,1942,54.2,4.9,写字楼电梯等待
ORD000599,R027,Rider002,2024-01-03 16:54:00,16,False,False,39.90487727357709,116.43224016591746,39.94449504636891,116.38536357050157,39.94914167126766,116.49312820752455,15.17,5.95,9.22,西餐,23.6,25.539294730450695,True,3,0,0.4,雪,1.4,0.2,1.1,23,4.7,0,0.82,787,97.0,37.3,天气影响(雪)
ORD000600,R002,Rider013,2024-01-02 08:25:00,8,False,False,39.97232339014239,116.3437691601745,39.95157638446523,116.43042304187458,39.92705390041307,116.44622095280053,10.79,7.75,3.04,日料,14.4,34.690781154629086,True,25,0,3.5,晴天,1.0,0.88,1.44,13,4.9,1,0.82,47,57.1,20.5,交通拥堵; 新餐厅备餐波动
ORD000601,R027,Rider028,2024-01-06 19:53:00,19,True,True,39.85529735033676,116.40113822972336,39.94449504636891,116.38536357050157,39.8468364452307,116.39973868704347,20.91,10.0,10.91,西餐,27.7,21.07934633272239,True,10,1,3.5,晴天,1.0,0.72,1.36,14,4.0,0,0.82,787,126.9,36.1,交通拥堵; 用餐高峰期
ORD000602,R040,Rider008,2024-01-03 16:31:00,16,False,False,39.9030328326374,116.44416810084901,39.91551888796381,116.45694052959438,39.92497386056965,116.4687095565201,3.22,1.76,1.45,西餐,21.5,34.03875441294512,False,18,0,9.0,雪,1.4,0.2,1.1,25,4.8,0,0.85,1199,63.1,26.9,天气影响(雪); 无电梯高楼层
ORD000603,R004,Rider013,2024-01-01 21:42:00,21,False,False,39.870015431575204,116.43017003936784,39.90622584614064,116.3646575544136,39.92705390041307,116.44622095280053,14.24,6.9,7.35,火锅,19.3,26.093185641650987,True,25,0,2.6,晴天,1.0,0.44,1.22,13,4.9,0,0.76,1942,69.8,15.1,无
ORD000604,R021,Rider004,2024-01-05 10:22:00,10,False,False,39.90863070515712,116.3053785508431,39.90504298390045,116.37148738809985,39.8938632905673,116.45473929280564,12.89,5.67,7.23,西餐,11.4,28.633015077218744,True,30,1,4.7,小雨,1.15,0.47,1.24,9,4.7,0,0.95,863,61.3,18.2,天气影响(小雨); 写字楼电梯等待
ORD000605,R045,Rider015,2024-01-03 01:20:00,1,False,False,39.93073779315453,116.44537857894987,39.93831052255901,116.42080670434322,39.90125555536833,116.39611115244051,6.89,2.26,4.62,日料,23.5,19.53868318864032,False,11,1,5.5,多云,1.0,0.48,1.24,18,5.0,0,0.8,384,61.0,10.8,无电梯高楼层; 写字楼电梯等待
ORD000606,R031,Rider016,2024-01-01 10:51:00,10,False,False,39.931552217340965,116.39006301102206,39.875714428644635,116.38949308005311,39.917836887942364,116.40394345972673,11.04,6.2,4.84,中餐,35.0,24.109264702160093,True,7,0,2.6,晴天,1.0,0.46,1.23,13,3.6,0,0.86,117,80.5,15.5,无
ORD000607,R037,Rider021,2024-01-01 23:41:00,23,False,False,39.90299966705671,116.40742748635216,39.892457945637545,116.42054067792265,39.920748511998084,116.46108354017223,6.3,1.62,4.68,火锅,33.1,34.61347482854651,True,9,0,3.8,多云,1.0,0.39,1.19,23,4.6,0,0.91,1035,56.1,8.3,无
ORD000608,R021,Rider024,2024-01-06 11:50:00,11,True,True,39.8172262909349,116.39653051525072,39.90504298390045,116.37148738809985,39.836064702425794,116.40517809204412,18.17,9.98,8.18,西餐,17.6,24.570111694371153,True,8,0,0.9,雪,1.4,0.94,1.47,5,5.0,0,0.95,863,123.3,60.4,天气影响(雪); 交通拥堵; 用餐高峰期
ORD000609,R020,Rider001,2024-01-07 18:49:00,18,True,True,39.9985415712053,116.40909223541234,39.927930958411295,116.38011837635615,39.91716665409954,116.40219427782529,10.46,8.22,2.23,西餐,37.6,22.95489968375882,True,27,0,4.2,晴天,1.0,0.57,1.28,19,4.2,0,0.9,297,83.5,14.3,用餐高峰期
ORD000610,R016,Rider016,2024-01-07 11:14:00,11,True,True,39.89746639328034,116.49270576105374,39.91308360831194,116.4152316581654,39.917836887942364,116.40394345972673,7.95,6.85,1.1,西餐,13.4,24.506999663320236,True,11,1,4.4,晴天,1.0,0.67,1.34,13,3.6,1,0.76,46,44.6,7.3,交通拥堵; 写字楼电梯等待; 用餐高峰期; 新餐厅备餐波动
ORD000611,R006,Rider015,2024-01-07 20:23:00,20,True,False,39.89537724865583,116.35384410038758,39.897316486385044,116.41908046739768,39.90125555536833,116.39611115244051,7.6,5.58,2.01,中餐,28.3,21.826828271733167,False,12,0,6.0,多云,1.0,0.27,1.13,18,5.0,0,0.82,1513,65.9,10.7,无电梯高楼层
ORD000612,R036,Rider014,2024-01-01 21:19:00,21,False,False,39.84786038797741,116.37784228671359,39.91483258755359,116.35099062234642,39.93387852066118,116.46646634501718,17.88,7.78,10.1,日料,19.5,19.70101035695278,True,15,1,3.7,晴天,1.0,0.44,1.22,10,4.9,0,0.94,1695,95.2,17.6,写字楼电梯等待
ORD000613,R026,Rider019,2024-01-03 06:35:00,6,False,False,39.911723111782585,116.44125118563845,39.960173235334345,116.42161498762735,39.93266459512356,116.36241431632648,11.55,5.64,5.91,快餐,16.8,20.584307809356154,False,12,0,6.0,雾,1.25,0.38,1.19,28,3.9,0,0.8,260,86.6,30.1,天气影响(雾); 无电梯高楼层
ORD000614,R030,Rider023,2024-01-01 10:22:00,10,False,False,39.88930801320786,116.39875097720996,39.89749611644023,116.42882001482276,39.93964254240985,116.40191688715832,7.94,2.73,5.21,日料,16.1,20.780795193785142,False,4,0,2.0,晴天,1.0,0.46,1.23,33,4.7,1,0.76,62,44.7,3.6,新餐厅备餐波动
ORD000615,R007,Rider029,2024-01-03 18:39:00,18,False,True,39.90289986810001,116.42608342457,39.926353997399865,116.4125410484357,39.9827701186798,116.39951113316586,9.21,2.85,6.36,火锅,41.2,26.990216071566696,False,4,0,2.0,大雨,1.35,0.85,1.42,30,3.7,1,0.71,49,108.5,44.8,天气影响(大雨); 交通拥堵; 用餐高峰期; 新餐厅备餐波动
ORD000616,R016,Rider025,2024-01-01 20:10:00,20,False,False,39.92863634860624,116.41326418306132,39.91308360831194,116.4152316581654,39.85202121997981,116.4341869019532,8.71,1.74,6.97,西餐,13.4,19.15256768133134,False,23,1,11.5,晴天,1.0,0.32,1.16,23,3.7,1,0.76,46,64.0,11.7,无电梯高楼层; 写字楼电梯等待; 新餐厅备餐波动
ORD000617,R005,Rider005,2024-01-03 07:09:00,7,False,False,39.91659110669065,116.37008697737477,39.88619238449682,116.4358231946314,39.846276626340114,116.35110144902494,15.05,6.56,8.5,火锅,28.1,25.284303176931132,True,3,0,1.5,晴天,1.0,0.83,1.42,17,4.9,1,0.77,80,95.7,30.3,交通拥堵; 新餐厅备餐波动
ORD000618,R048,Rider013,2024-01-05 20:27:00,20,False,False,39.86234971202702,116.44620668212778,39.87933014967234,116.39059456879409,39.92705390041307,116.44622095280053,12.24,5.12,7.12,日料,11.2,33.76241962818569,False,23,0,11.5,多云,1.0,0.25,1.13,13,4.9,0,0.94,1812,48.2,3.7,无电梯高楼层
ORD000619,R016,Rider016,2024-01-04 16:00:00,16,False,False,39.86951426376616,116.44980277825972,39.91308360831194,116.4152316581654,39.917836887942364,116.40394345972673,6.77,5.67,1.1,西餐,13.4,31.847064864331344,True,13,0,2.9,小雨,1.15,0.39,1.19,13,3.6,1,0.76,46,43.3,14.2,天气影响(小雨); 新餐厅备餐波动
ORD000620,R010,Rider011,2024-01-05 19:21:00,19,False,True,39.90516555922196,116.46908533816357,39.89798502329687,116.38869567815044,39.99179211732871,116.37506806858579,17.4,6.92,10.48,烧烤,13.3,23.48691664861948,True,2,0,0.5,多云,1.0,0.91,1.46,28,4.5,1,0.79,43,90.7,32.6,交通拥堵; 用餐高峰期; 新餐厅备餐波动
ORD000621,R029,Rider004,2024-01-05 10:25:00,10,False,False,39.864285458034495,116.42505289609457,39.929703617463716,116.41923019854394,39.8938632905673,116.45473929280564,12.29,7.28,5.01,快餐,13.7,26.964454240111177,True,16,1,8.0,小雨,1.15,0.47,1.24,9,4.7,0,0.86,1639,68.7,19.7,天气影响(小雨); 写字楼电梯等待
ORD000622,R006,Rider024,2024-01-06 16:43:00,16,True,False,39.90319691613376,116.38569514051512,39.897316486385044,116.41908046739768,39.836064702425794,116.40517809204412,9.83,2.93,6.9,中餐,29.5,24.978548201576597,True,27,0,2.9,多云,1.0,0.24,1.12,5,5.0,0,0.82,1513,66.2,10.2,无
ORD000623,R020,Rider017,2024-01-03 20:53:00,20,False,False,39.89086125395848,116.41818557950153,39.927930958411295,116.38011837635615,39.9178982767203,116.48386118426038,14.19,5.25,8.94,西餐,26.2,22.543024921017558,True,28,0,3.0,晴天,1.0,0.45,1.23,3,4.3,0,0.9,297,84.7,17.8,无
ORD000624,R025,Rider015,2024-01-04 20:14:00,20,False,False,39.86989005590261,116.35417975517274,39.92272922536534,116.4439121239094,39.90125555536833,116.39611115244051,14.39,9.66,4.73,烧烤,15.6,21.67630992028107,False,3,0,1.5,晴天,1.0,0.43,1.22,18,5.0,1,0.83,93,64.4,7.4,新餐厅备餐波动
ORD000625,R046,Rider003,2024-01-05 16:59:00,16,False,False,39.84245605135309,116.42186780397478,39.90750898735901,116.3944992384245,39.97674666303516,116.42358331580469,15.67,7.59,8.08,中餐,17.2,30.177792079432546,True,16,0,3.0,多云,1.0,0.27,1.14,12,4.5,0,0.9,704,61.9,10.5,无
ORD000626,R002,Rider028,2024-01-07 07:39:00,7,True,False,39.87926502849474,116.36280058299666,39.95157638446523,116.43042304187458,39.8468364452307,116.39973868704347,21.82,9.89,11.92,日料,14.4,17.212067538797736,False,23,1,11.5,晴天,1.0,0.43,1.22,14,4.0,1,0.82,47,129.0,27.1,无电梯高楼层; 写字楼电梯等待; 新餐厅备餐波动
ORD000627,R012,Rider022,2024-01-07 21:42:00,21,True,False,39.87371496588265,116.39263572081389,39.9031252188267,116.45433930967441,39.88685398692913,116.39370765445501,11.7,6.21,5.49,西餐,26.4,29.18242195607549,False,2,0,1.0,晴天,1.0,0.71,1.35,34,4.0,0,0.85,1677,67.1,15.6,交通拥堵
ORD000628,R014,Rider025,2024-01-03 09:32:00,9,False,False,39.80856457170879,116.42454077203222,39.89783515734865,116.39459393617881,39.85202121997981,116.4341869019532,16.35,10.24,6.11,烧烤,39.2,19.333553115945396,True,8,1,3.3,晴天,1.0,0.71,1.36,23,3.7,1,0.82,66,123.0,29.6,交通拥堵; 新餐厅备餐波动
ORD000629,R017,Rider027,2024-01-01 14:52:00,14,False,False,39.91862533390827,116.42564363920239,39.899361428650025,116.41952152570443,39.886332661172375,116.38837314608125,5.23,2.2,3.03,中餐,24.8,23.428805752745017,True,27,0,2.8,多云,1.0,0.16,1.08,21,3.8,0,0.91,1236,35.4,0.0,无
ORD000630,R046,Rider028,2024-01-06 20:45:00,20,True,False,39.924606167721635,116.48440303319452,39.90750898735901,116.3944992384245,39.8468364452307,116.39973868704347,14.67,7.92,6.75,中餐,18.0,18.839477120193646,False,6,0,3.0,多云,1.0,0.35,1.18,14,4.0,0,0.9,704,87.6,19.9,无电梯高楼层
ORD000631,R032,Rider023,2024-01-04 17:04:00,17,False,True,39.964349076339225,116.37537798596986,39.923253376527065,116.37499397389878,39.93964254240985,116.40191688715832,7.5,4.56,2.93,中餐,10.0,20.598121019640274,True,12,0,2.6,晴天,1.0,0.91,1.46,33,4.7,0,0.81,589,43.6,9.1,交通拥堵; 用餐高峰期
ORD000632,R026,Rider023,2024-01-05 19:38:00,19,False,True,39.84051470663449,116.41675220001487,39.960173235334345,116.42161498762735,39.93964254240985,116.40191688715832,16.13,13.29,2.83,快餐,15.2,21.91672819156534,True,18,0,2.1,多云,1.0,0.91,1.46,33,4.7,0,0.8,260,83.7,22.2,交通拥堵; 用餐高峰期
ORD000633,R020,Rider014,2024-01-02 22:59:00,22,False,False,39.91578686257537,116.37113471343618,39.927930958411295,116.38011837635615,39.93387852066118,116.46646634501718,8.96,1.55,7.41,西餐,27.8,18.542223480358658,True,5,1,1.0,多云,1.0,0.49,1.25,10,4.9,0,0.9,297,65.7,7.8,无
ORD000634,R001,Rider004,2024-01-01 19:26:00,19,False,True,39.898803752715445,116.37669823780479,39.91910142459034,116.40325207096485,39.8938632905673,116.45473929280564,8.42,3.2,5.22,西餐,36.5,24.068963589523033,True,3,0,1.0,多云,1.0,0.92,1.46,9,4.7,0,0.89,1738,87.9,29.5,交通拥堵; 用餐高峰期
ORD000635,R021,Rider015,2024-01-04 04:21:00,4,False,False,39.871686854936485,116.48298454098384,39.90504298390045,116.37148738809985,39.90125555536833,116.39611115244051,12.38,10.23,2.15,西餐,10.1,17.86234495265438,True,8,0,4.4,晴天,1.0,0.2,1.1,18,5.0,0,0.95,863,62.4,6.4,无
ORD000636,R036,Rider001,2024-01-04 02:57:00,2,False,False,39.92861201020613,116.51083906158,39.91483258755359,116.35099062234642,39.91716665409954,116.40219427782529,18.14,13.75,4.39,日料,24.7,22.448468636171107,False,12,1,6.0,晴天,1.0,0.28,1.14,19,4.2,0,0.94,1695,88.3,9.1,无电梯高楼层; 写字楼电梯等待
ORD000637,R042,Rider030,2024-01-01 09:43:00,9,False,False,39.936964702243294,116.37678142736277,39.865351725765606,116.4042464448576,39.911325137030445,116.40882541839402,13.41,8.29,5.12,火锅,29.1,35.35526354487179,True,17,0,2.2,晴天,1.0,0.94,1.47,22,3.9,0,0.84,621,75.5,21.4,交通拥堵
ORD000638,R017,Rider028,2024-01-05 10:13:00,10,False,False,39.844019282489825,116.35488908619062,39.899361428650025,116.41952152570443,39.8468364452307,116.39973868704347,14.34,8.27,6.07,中餐,26.9,19.232474472606665,False,1,0,0.5,小雨,1.15,0.47,1.24,14,4.0,0,0.91,1236,104.0,31.9,天气影响(小雨)
ORD000639,R005,Rider016,2024-01-01 14:17:00,14,False,False,39.90338004412534,116.41981471790989,39.88619238449682,116.4358231946314,39.917836887942364,116.40394345972673,6.8,2.35,4.45,火锅,28.1,32.34205529644636,True,15,1,2.8,多云,1.0,0.16,1.08,13,3.6,1,0.77,80,42.9,0.0,写字楼电梯等待; 新餐厅备餐波动
ORD000640,R003,Rider027,2024-01-02 20:09:00,20,False,False,39.925732067697865,116.38367974596335,39.90486665479836,116.3945662125919,39.886332661172375,116.38837314608125,4.62,2.5,2.12,烧烤,24.3,17.67308538027178,False,3,0,1.5,晴天,1.0,0.32,1.16,21,3.8,0,0.76,799,40.5,0.0,无
ORD000641,R028,Rider028,2024-01-07 09:39:00,9,True,False,39.85626230136209,116.45000778059641,39.92038827604751,116.36245113087884,39.8468364452307,116.39973868704347,19.1,10.33,8.77,火锅,13.7,20.110063279301748,True,2,0,2.4,晴天,1.0,0.45,1.22,14,4.0,0,0.86,1899,91.3,18.2,无
ORD000642,R032,Rider026,2024-01-06 16:06:00,16,True,False,39.90668947086242,116.3521701652514,39.923253376527065,116.37499397389878,39.86014992380612,116.42690693099692,10.98,2.68,8.29,中餐,8.1,28.23497890675729,True,13,0,3.2,多云,1.0,0.24,1.12,25,4.8,0,0.81,589,42.5,7.8,无
ORD000643,R008,Rider025,2024-01-02 13:28:00,13,False,True,39.94360231008635,116.42501472927822,39.91802448900446,116.40997770414891,39.85202121997981,116.4341869019532,10.73,3.12,7.62,火锅,33.9,23.65842150234194,True,3,1,0.8,晴天,1.0,0.91,1.46,23,3.7,0,0.81,1280,91.7,29.8,交通拥堵; 用餐高峰期
ORD000644,R030,Rider004,2024-01-07 18:42:00,18,True,True,39.90669794781695,116.44591407575248,39.89749611644023,116.42882001482276,39.8938632905673,116.45473929280564,4.04,1.78,2.25,日料,16.1,23.130688515456693,False,14,0,7.0,晴天,1.0,0.57,1.28,9,4.7,1,0.76,62,45.7,12.1,无电梯高楼层; 用餐高峰期; 新餐厅备餐波动
ORD000645,R035,Rider003,2024-01-03 18:24:00,18,False,True,39.87078661925462,116.46720238010823,39.868196047868096,116.44344141332652,39.97674666303516,116.42358331580469,14.22,2.05,12.17,快餐,40.4,35.162514678604644,True,11,0,1.4,大雨,1.35,0.85,1.42,12,4.5,1,0.83,67,123.8,57.8,天气影响(大雨); 交通拥堵; 用餐高峰期; 新餐厅备餐波动
ORD000646,R006,Rider004,2024-01-03 18:51:00,18,False,True,39.94116378122145,116.446243052131,39.897316486385044,116.41908046739768,39.8938632905673,116.45473929280564,8.47,5.39,3.07,中餐,39.1,21.992093650609103,True,26,0,2.9,大雨,1.35,0.85,1.42,9,4.7,0,0.82,1513,119.2,54.2,天气影响(大雨); 交通拥堵; 用餐高峰期
ORD000647,R026,Rider027,2024-01-07 19:36:00,19,True,True,39.96825671237656,116.40677842893841,39.960173235334345,116.42161498762735,39.886332661172375,116.38837314608125,10.23,1.55,8.68,快餐,19.1,22.85624439317194,True,4,0,0.8,雪,1.4,0.57,1.28,21,3.8,0,0.8,260,71.3,24.6,天气影响(雪); 用餐高峰期
ORD000648,R031,Rider015,2024-01-07 09:46:00,9,True,False,39.964540221200494,116.4363475290821,39.875714428644635,116.38949308005311,39.90125555536833,116.39611115244051,13.54,10.65,2.89,中餐,34.4,17.85921764389078,True,1,0,0.2,晴天,1.0,0.45,1.22,18,5.0,0,0.86,117,109.4,29.3,无
ORD000649,R040,Rider009,2024-01-03 16:15:00,16,False,False,39.8834003122536,116.42468732291344,39.91551888796381,116.45694052959438,39.91316369927242,116.40790369603127,8.71,4.51,4.2,西餐,23.6,19.265360884645627,True,11,1,3.0,雪,1.4,0.2,1.1,35,4.5,0,0.85,1199,86.0,32.2,天气影响(雪); 写字楼电梯等待
ORD000650,R012,Rider026,2024-01-07 10:38:00,10,True,False,39.854115870214194,116.42799021981834,39.9031252188267,116.45433930967441,39.86014992380612,116.42690693099692,11.21,5.89,5.32,西餐,19.3,28.618541002110987,False,1,0,0.5,多云,1.0,0.31,1.15,25,4.8,0,0.85,1677,58.7,15.4,无
ORD000651,R021,Rider029,2024-01-06 10:03:00,10,True,False,39.87061756556462,116.40244014208446,39.90504298390045,116.37148738809985,39.9827701186798,116.39951113316586,13.61,4.65,8.96,西餐,20.0,24.209113895667397,True,3,0,1.7,多云,1.0,0.45,1.22,30,3.7,0,0.95,863,61.9,6.5,无
ORD000652,R014,Rider024,2024-01-02 06:52:00,6,False,False,39.857479988633216,116.42117515458926,39.89783515734865,116.39459393617881,39.836064702425794,116.40517809204412,11.94,5.02,6.92,烧烤,39.2,28.355206700758306,True,30,0,3.5,多云,1.0,0.3,1.15,5,5.0,1,0.82,66,77.7,9.6,新餐厅备餐波动
ORD000653,R048,Rider028,2024-01-06 18:13:00,18,True,True,39.86868688770368,116.44035577414803,39.87933014967234,116.39059456879409,39.8468364452307,116.39973868704347,8.11,4.42,3.69,日料,13.3,17.1394988995391,False,18,0,9.0,多云,1.0,0.6,1.3,14,4.0,0,0.94,1812,65.6,14.9,无电梯高楼层; 用餐高峰期
ORD000654,R006,Rider007,2024-01-04 09:56:00,9,False,False,39.90858875159763,116.4341452999866,39.897316486385044,116.41908046739768,39.8812319420477,116.34772102698165,8.16,1.8,6.36,中餐,32.1,31.63622615635793,False,7,0,3.5,晴天,1.0,0.96,1.48,20,3.7,0,0.82,1513,78.7,27.6,交通拥堵; 无电梯高楼层
ORD000655,R021,Rider009,2024-01-02 18:45:00,18,False,True,39.9083854669365,116.41817542963568,39.90504298390045,116.37148738809985,39.91316369927242,116.40790369603127,7.25,4.01,3.24,西餐,15.1,24.28588013761114,False,9,0,4.5,小雨,1.15,0.91,1.46,35,4.5,0,0.95,863,64.5,27.0,天气影响(小雨); 交通拥堵; 无电梯高楼层; 用餐高峰期
ORD000656,R018,Rider001,2024-01-05 17:08:00,17,False,True,39.89605061447007,116.34592492079719,39.93680181069118,116.43754960642107,39.91716665409954,116.40219427782529,12.77,9.05,3.73,日料,14.9,18.79171011972502,False,1,0,0.5,小雨,1.15,0.68,1.34,19,4.2,1,0.74,11,81.3,25.1,天气影响(小雨); 交通拥堵; 用餐高峰期; 新餐厅备餐波动
ORD000657,R047,Rider012,2024-01-07 21:34:00,21,True,False,39.915684297979105,116.42433139749218,39.88553288505282,116.39673534077251,39.87227059127874,116.35388620704767,8.05,4.1,3.95,日料,33.8,21.096067872290096,False,20,0,10.0,晴天,1.0,0.71,1.35,27,4.5,0,0.89,512,95.7,29.0,交通拥堵; 无电梯高楼层
ORD000658,R008,Rider016,2024-01-06 00:52:00,0,True,False,39.95499059485431,116.42193875065063,39.91802448900446,116.40997770414891,39.917836887942364,116.40394345972673,4.75,4.23,0.52,火锅,26.5,31.46792624775406,True,18,0,2.5,小雨,1.15,0.32,1.16,13,3.6,0,0.81,1280,48.4,10.3,天气影响(小雨)
ORD000659,R027,Rider017,2024-01-03 06:37:00,6,False,False,39.93134830817928,116.4072639817291,39.94449504636891,116.38536357050157,39.9178982767203,116.48386118426038,11.3,2.37,8.92,西餐,18.2,19.59628363485293,True,15,1,7.3,雾,1.25,0.38,1.19,3,4.3,0,0.82,787,89.1,29.0,天气影响(雾); 写字楼电梯等待
ORD000660,R026,Rider017,2024-01-01 19:25:00,19,False,True,39.9209707122343,116.36478590578295,39.960173235334345,116.42161498762735,39.9178982767203,116.48386118426038,13.62,6.52,7.09,快餐,12.8,23.99484490423169,True,20,0,2.0,多云,1.0,0.92,1.46,3,4.3,0,0.8,260,79.4,30.6,交通拥堵; 用餐高峰期
ORD000661,R014,Rider005,2024-01-04 11:19:00,11,False,True,39.92666755169464,116.48412445313171,39.89783515734865,116.39459393617881,39.846276626340114,116.35110144902494,15.13,8.3,6.83,烧烤,39.2,20.77754648395092,True,9,1,1.8,晴天,1.0,0.89,1.45,17,4.9,1,0.82,66,116.6,31.9,交通拥堵; 用餐高峰期; 新餐厅备餐波动
ORD000662,R040,Rider017,2024-01-03 19:21:00,19,False,True,39.868374016386106,116.4253692405274,39.91551888796381,116.45694052959438,39.9178982767203,116.48386118426038,8.21,5.89,2.32,西餐,33.6,19.93007391345918,True,10,0,1.1,晴天,1.0,0.73,1.37,3,4.3,0,0.85,1199,85.2,25.7,交通拥堵; 用餐高峰期
ORD000663,R038,Rider012,2024-01-03 18:21:00,18,False,True,39.972265412757444,116.39122760778007,39.93564059231985,116.38854290757573,39.87227059127874,116.35388620704767,11.71,4.07,7.63,中餐,17.3,19.122745391678976,False,9,0,4.5,大雨,1.35,0.85,1.42,27,4.5,0,0.85,1469,114.4,55.9,天气影响(大雨); 交通拥堵; 无电梯高楼层; 用餐高峰期
ORD000664,R050,Rider028,2024-01-05 15:57:00,15,False,False,39.95346257464068,116.46758038277719,39.9045643952722,116.43532802251922,39.8468364452307,116.39973868704347,13.19,6.09,7.1,快餐,32.9,21.32569457916006,True,4,1,1.2,晴天,1.0,0.2,1.1,14,4.0,0,0.82,798,80.8,9.7,无
ORD000665,R040,Rider022,2024-01-01 13:11:00,13,False,True,39.87251791721777,116.30770022399156,39.91551888796381,116.45694052959438,39.88685398692913,116.39370765445501,19.9,13.63,6.27,西餐,31.2,26.780579969251715,False,10,1,5.0,晴天,1.0,0.99,1.49,34,4.0,0,0.85,1199,110.2,29.4,交通拥堵; 无电梯高楼层; 用餐高峰期
ORD000666,R043,Rider005,2024-01-02 22:31:00,22,False,False,39.924292883595875,116.36857303991773,39.94743819867199,116.36432413546461,39.846276626340114,116.35110144902494,13.88,2.6,11.29,日料,23.4,24.1533611271261,True,10,0,1.7,多云,1.0,0.49,1.25,17,4.9,0,0.95,1448,78.2,18.6,无
ORD000667,R049,Rider024,2024-01-07 15:39:00,15,True,False,39.939004976919385,116.43614709623716,39.93551026936107,116.41426935614565,39.836064702425794,116.40517809204412,12.98,1.91,11.07,快餐,24.8,25.496224459891945,False,2,1,1.0,小雨,1.15,0.26,1.13,5,5.0,0,0.8,1818,73.6,17.3,天气影响(小雨)
ORD000668,R017,Rider006,2024-01-04 21:11:00,21,False,False,39.88739264713071,116.3927375233704,39.899361428650025,116.41952152570443,39.8754622311499,116.39886211393153,5.84,2.65,3.19,中餐,28.0,30.00333067732746,False,15,0,7.5,雾,1.25,0.52,1.26,27,3.9,0,0.91,1236,65.7,18.5,天气影响(雾); 无电梯高楼层
ORD000669,R007,Rider022,2024-01-02 20:02:00,20,False,False,39.855452662847064,116.41143807845557,39.926353997399865,116.4125410484357,39.88685398692913,116.39370765445501,12.55,7.87,4.67,火锅,41.2,32.33300031967493,True,18,0,5.0,晴天,1.0,0.32,1.16,34,4.0,1,0.71,49,83.8,14.3,新餐厅备餐波动
ORD000670,R030,Rider003,2024-01-01 17:24:00,17,False,True,39.878521381363676,116.45443112502794,39.89749611644023,116.42882001482276,39.97674666303516,116.42358331580469,11.85,3.04,8.81,日料,16.1,34.38885730340429,False,1,1,0.5,多云,1.0,0.8,1.4,12,4.5,1,0.76,62,44.2,6.9,交通拥堵; 用餐高峰期; 新餐厅备餐波动
ORD000671,R050,Rider025,2024-01-06 12:41:00,12,True,True,39.91262531019165,116.41826917400161,39.9045643952722,116.43532802251922,39.85202121997981,116.4341869019532,7.55,1.71,5.83,快餐,37.2,24.16108801254807,True,6,0,1.5,小雨,1.15,0.74,1.37,23,3.7,0,0.82,798,92.6,35.2,天气影响(小雨); 交通拥堵; 用餐高峰期
ORD000672,R013,Rider028,2024-01-01 14:57:00,14,False,False,39.86622390549349,116.36328282045575,39.98320584661837,116.37664727333566,39.8468364452307,116.39973868704347,28.31,13.04,15.27,西餐,17.9,22.973535145555243,True,27,0,5.0,多云,1.0,0.16,1.08,14,4.0,0,0.78,330,103.6,6.8,无
ORD000673,R009,Rider027,2024-01-06 18:04:00,18,True,True,39.87302366041974,116.41817109095187,39.84792969683381,116.3663965358334,39.886332661172375,116.38837314608125,9.89,5.23,4.66,西餐,32.8,20.559535528089068,True,3,1,1.9,多云,1.0,0.6,1.3,21,3.8,0,0.75,1622,83.2,19.6,用餐高峰期
ORD000674,R002,Rider026,2024-01-07 17:33:00,17,True,True,39.85807831347954,116.42695785855334,39.95157638446523,116.43042304187458,39.86014992380612,116.42690693099692,20.54,10.39,10.16,日料,14.4,21.838181125161668,True,30,0,3.6,小雨,1.15,0.69,1.34,25,4.8,1,0.82,47,108.5,34.1,天气影响(小雨); 交通拥堵; 用餐高峰期; 新餐厅备餐波动
ORD000675,R040,Rider003,2024-01-06 11:33:00,11,True,True,39.854787670404384,116.4824250489672,39.91551888796381,116.45694052959438,39.97674666303516,116.42358331580469,14.46,7.09,7.37,西餐,36.2,34.75429691354373,False,27,0,13.5,雪,1.4,0.94,1.47,12,4.5,0,0.85,1199,143.9,69.2,天气影响(雪); 交通拥堵; 无电梯高楼层; 用餐高峰期
ORD000676,R027,Rider008,2024-01-03 17:42:00,17,False,True,39.88385245889022,116.32152520413867,39.94449504636891,116.38536357050157,39.92497386056965,116.4687095565201,16.11,8.67,7.45,西餐,28.2,33.862478416630864,False,8,1,4.0,多云,1.0,0.85,1.42,25,4.8,0,0.82,787,78.7,18.0,交通拥堵; 无电梯高楼层; 用餐高峰期
ORD000677,R045,Rider008,2024-01-07 15:11:00,15,True,False,39.95908673611358,116.35688548692183,39.93831052255901,116.42080670434322,39.92497386056965,116.4687095565201,10.28,5.93,4.35,日料,22.1,28.777586316067723,False,23,0,11.5,小雨,1.15,0.26,1.13,25,4.8,0,0.8,384,83.8,28.8,天气影响(小雨); 无电梯高楼层
ORD000678,R016,Rider023,2024-01-01 14:53:00,14,False,False,39.968823174760345,116.4209489165728,39.91308360831194,116.4152316581654,39.93964254240985,116.40191688715832,9.37,6.21,3.16,西餐,13.4,22.6154707263643,True,15,0,1.7,多云,1.0,0.16,1.08,33,4.7,1,0.76,46,46.4,6.4,新餐厅备餐波动
ORD000679,R024,Rider030,2024-01-02 11:36:00,11,False,True,39.948623252210254,116.38731501101218,39.91199648382746,116.43085468615331,39.911325137030445,116.40882541839402,7.4,5.51,1.89,西餐,31.4,32.14623501600867,False,18,1,9.0,多云,1.0,0.94,1.47,22,3.9,0,0.83,915,80.2,26.0,交通拥堵; 无电梯高楼层; 写字楼电梯等待; 用餐高峰期
ORD000680,R039,Rider002,2024-01-04 23:39:00,23,False,False,39.91235937623988,116.41076205390853,39.95763873231079,116.38707752996855,39.94914167126766,116.49312820752455,14.53,5.42,9.11,火锅,45.5,25.249992949651517,False,9,1,4.5,小雨,1.15,0.23,1.12,23,4.7,1,0.77,57,106.3,21.8,天气影响(小雨); 无电梯高楼层; 新餐厅备餐波动
ORD000681,R024,Rider009,2024-01-03 20:52:00,20,False,False,39.92784772280223,116.41931644062178,39.91199648382746,116.43085468615331,39.91316369927242,116.40790369603127,3.98,2.02,1.97,西餐,25.0,20.282561332316895,True,9,0,1.6,晴天,1.0,0.45,1.23,35,4.5,0,0.83,915,42.2,3.9,无
ORD000682,R021,Rider003,2024-01-06 13:01:00,13,True,True,39.89913371956165,116.45673848826735,39.90504298390045,116.37148738809985,39.97674666303516,116.42358331580469,16.44,7.32,9.12,西餐,22.2,32.34574690807501,False,11,0,5.5,晴天,1.0,0.84,1.42,12,4.5,0,0.95,863,80.3,22.1,交通拥堵; 无电梯高楼层; 用餐高峰期
ORD000683,R023,Rider026,2024-01-02 09:14:00,9,False,False,39.933470168440415,116.40104159443155,39.89349764922696,116.42408365395602,39.86014992380612,116.42690693099692,8.57,4.86,3.71,日料,25.3,25.799845367615255,True,30,0,5.0,晴天,1.0,0.94,1.47,25,4.8,0,0.94,1116,76.9,26.7,交通拥堵
ORD000684,R019,Rider022,2024-01-04 20:44:00,20,False,False,39.95347200744005,116.35825378700962,39.94131048218809,116.36460563345823,39.88685398692913,116.39370765445501,7.99,1.46,6.54,日料,12.3,27.081254958587603,True,7,0,2.4,晴天,1.0,0.43,1.22,34,4.0,0,0.87,829,39.3,6.8,无
ORD000685,R049,Rider016,2024-01-07 22:41:00,22,True,False,39.84031960102917,116.42543604090889,39.93551026936107,116.41426935614565,39.917836887942364,116.40394345972673,12.76,10.61,2.15,快餐,21.6,25.744619610889448,True,13,0,1.4,晴天,1.0,0.54,1.27,13,3.6,0,0.8,1818,64.8,12.1,无
ORD000686,R020,Rider001,2024-01-06 16:21:00,16,True,False,39.80753065399418,116.4562927139851,39.927930958411295,116.38011837635615,39.91716665409954,116.40219427782529,17.11,14.87,2.23,西餐,29.6,19.839152049958518,True,16,0,1.8,多云,1.0,0.24,1.12,19,4.2,0,0.9,297,97.2,14.1,无
ORD000687,R041,Rider010,2024-01-06 19:02:00,19,True,True,39.95481803628211,116.40266601201665,39.883799869976464,116.39949782465398,39.876127462298896,116.36871555781596,10.66,7.89,2.77,中餐,27.1,21.466086632016296,True,17,1,5.4,晴天,1.0,0.72,1.36,3,4.9,1,0.85,78,87.4,25.1,交通拥堵; 写字楼电梯等待; 用餐高峰期; 新餐厅备餐波动
ORD000688,R029,Rider013,2024-01-04 12:16:00,12,False,True,39.93361437150675,116.39016643248982,39.929703617463716,116.41923019854394,39.92705390041307,116.44622095280053,4.85,2.52,2.33,快餐,12.6,34.2601813116694,False,1,1,0.5,晴天,1.0,0.81,1.4,13,4.9,0,0.86,1639,31.4,9.8,交通拥堵; 用餐高峰期
ORD000689,R016,Rider024,2024-01-05 21:08:00,21,False,False,39.88286258625522,116.38960352203337,39.91308360831194,116.4152316581654,39.836064702425794,116.40517809204412,12.6,4.01,8.59,西餐,13.4,23.13642513915231,False,26,1,13.0,晴天,1.0,0.66,1.33,5,5.0,1,0.76,46,76.2,17.1,交通拥堵; 无电梯高楼层; 写字楼电梯等待; 新餐厅备餐波动
ORD000690,R042,Rider013,2024-01-07 01:54:00,1,True,False,39.86829717889817,116.33980544434688,39.865351725765606,116.4042464448576,39.92705390041307,116.44622095280053,13.26,5.52,7.73,火锅,38.0,30.751650124885348,True,8,1,1.7,晴天,1.0,0.13,1.06,13,4.9,0,0.84,621,74.7,9.0,无
ORD000691,R021,Rider025,2024-01-06 15:11:00,15,True,False,39.88696703077994,116.44210550628905,39.90504298390045,116.37148738809985,39.85202121997981,116.4341869019532,14.33,6.36,7.96,西餐,12.7,19.033319736164454,True,12,0,1.6,晴天,1.0,0.33,1.16,23,3.7,0,0.95,863,72.5,13.0,无
ORD000692,R015,Rider028,2024-01-03 23:17:00,23,False,False,39.90964657122852,116.44507695050777,39.945355864006494,116.41266659881865,39.8468364452307,116.39973868704347,15.83,4.84,10.99,快餐,7.5,21.89815146794628,True,18,0,1.9,晴天,1.0,0.3,1.15,14,4.0,0,0.82,1348,64.4,11.6,无
ORD000693,R001,Rider015,2024-01-04 12:12:00,12,False,True,39.91810574352486,116.3804041171242,39.91910142459034,116.40325207096485,39.90125555536833,116.39611115244051,4.03,1.96,2.07,西餐,45.0,18.3078575902846,True,25,0,2.6,晴天,1.0,0.81,1.4,18,5.0,0,0.89,1738,83.0,22.1,交通拥堵; 用餐高峰期
ORD000694,R044,Rider030,2024-01-01 11:45:00,11,False,True,39.821321235516486,116.42426845850402,39.93937307347177,116.4233420003288,39.911325137030445,116.40882541839402,16.46,13.11,3.35,火锅,10.0,28.2069461267282,True,8,1,3.7,大雨,1.35,0.79,1.4,22,3.9,0,0.88,1668,92.1,43.3,天气影响(大雨); 交通拥堵; 用餐高峰期
ORD000695,R009,Rider020,2024-01-05 20:26:00,20,False,False,39.95076454094846,116.40871278051719,39.84792969683381,116.3663965358334,39.95521852994615,116.403737357574,24.31,11.98,12.33,西餐,28.8,18.36208355002577,True,1,1,1.1,多云,1.0,0.25,1.13,12,4.7,0,0.75,1622,127.2,17.9,无
ORD000696,R017,Rider004,2024-01-04 09:26:00,9,False,False,39.93298629352196,116.3750520767241,39.899361428650025,116.41952152570443,39.8938632905673,116.45473929280564,8.4,5.33,3.07,中餐,26.2,28.697111889027653,True,5,1,1.7,晴天,1.0,0.96,1.48,9,4.7,0,0.91,1236,73.0,27.5,交通拥堵
ORD000697,R050,Rider022,2024-01-05 23:04:00,23,False,False,39.85177949741126,116.38691065966226,39.9045643952722,116.43532802251922,39.88685398692913,116.39370765445501,11.24,7.18,4.07,快餐,28.2,31.897834034732647,False,28,1,14.0,多云,1.0,0.15,1.08,34,4.0,0,0.82,798,64.0,0.7,无电梯高楼层; 写字楼电梯等待
ORD000698,R028,Rider009,2024-01-01 10:02:00,10,False,False,39.89634845664479,116.38809589441038,39.92038827604751,116.36245113087884,39.91316369927242,116.40790369603127,7.42,3.45,3.97,火锅,15.3,19.779247504455192,True,5,1,1.4,晴天,1.0,0.46,1.23,35,4.5,0,0.86,1899,52.3,13.1,无
ORD000699,R041,Rider010,2024-01-07 04:39:00,4,True,False,39.94703298068464,116.37821264203274,39.883799869976464,116.39949782465398,39.876127462298896,116.36871555781596,10.02,7.25,2.77,中餐,27.1,17.430552831872127,False,22,0,11.0,雾,1.25,0.17,1.09,3,4.9,1,0.85,78,104.0,31.4,天气影响(雾); 无电梯高楼层; 新餐厅备餐波动
ORD000700,R033,Rider022,2024-01-06 06:12:00,6,True,False,39.97214825872827,116.37770337970045,39.91675918407518,116.3855546225191,39.88685398692913,116.39370765445501,9.58,6.19,3.39,中餐,9.6,31.480548439242497,False,12,1,6.0,晴天,1.0,0.28,1.14,34,4.0,0,0.82,637,40.8,6.9,无电梯高楼层; 写字楼电梯等待
ORD000701,R005,Rider012,2024-01-06 12:32:00,12,True,True,39.86995457401541,116.43734703270647,39.88619238449682,116.4358231946314,39.87227059127874,116.35388620704767,8.99,1.81,7.18,火锅,28.1,19.839894917144925,True,13,0,1.9,小雨,1.15,0.74,1.37,27,4.5,1,0.77,80,91.4,34.2,天气影响(小雨); 交通拥堵; 用餐高峰期; 新餐厅备餐波动
ORD000702,R016,Rider016,2024-01-03 22:30:00,22,False,False,39.956992037387224,116.39255479025853,39.91308360831194,116.4152316581654,39.917836887942364,116.40394345972673,6.35,5.25,1.1,西餐,13.4,29.059905188260192,False,15,1,7.5,多云,1.0,0.48,1.24,13,3.6,1,0.76,46,42.8,8.8,无电梯高楼层; 写字楼电梯等待; 新餐厅备餐波动
ORD000703,R042,Rider008,2024-01-01 10:06:00,10,False,False,39.94259322327183,116.41289614604365,39.865351725765606,116.4042464448576,39.92497386056965,116.4687095565201,17.22,8.61,8.62,火锅,28.8,28.392877776198958,True,21,0,3.5,晴天,1.0,0.46,1.23,25,4.8,0,0.84,621,84.2,15.6,无
ORD000704,R027,Rider017,2024-01-03 21:46:00,21,False,False,39.89862560321539,116.44712031535816,39.94449504636891,116.38536357050157,39.9178982767203,116.48386118426038,16.26,7.34,8.92,西餐,20.1,22.523587356112444,False,11,0,5.5,多云,1.0,0.59,1.29,3,4.3,0,0.82,787,92.5,23.5,无电梯高楼层
ORD000705,R044,Rider005,2024-01-03 16:41:00,16,False,False,39.84839081804439,116.40907101377158,39.93937307347177,116.4233420003288,39.846276626340114,116.35110144902494,22.22,10.18,12.04,火锅,6.8,19.87706273552549,False,13,0,6.5,雪,1.4,0.2,1.1,17,4.9,0,0.88,1668,125.9,45.6,天气影响(雪); 无电梯高楼层
ORD000706,R034,Rider010,2024-01-03 20:11:00,20,False,False,39.90415029425189,116.45098168552077,39.86870203135637,116.42224986962574,39.876127462298896,116.36871555781596,9.29,4.64,4.65,日料,33.0,20.40116327140865,True,9,0,1.1,晴天,1.0,0.45,1.23,3,4.9,1,0.71,96,80.2,18.8,新餐厅备餐波动
ORD000707,R050,Rider017,2024-01-03 10:18:00,10,False,False,39.83631809328209,116.38417734253606,39.9045643952722,116.43532802251922,39.9178982767203,116.48386118426038,13.16,8.75,4.41,快餐,25.8,19.21720865228764,True,8,1,4.3,雾,1.25,0.25,1.13,3,4.3,0,0.82,798,103.9,32.8,天气影响(雾)
ORD000708,R003,Rider013,2024-01-06 09:26:00,9,True,False,39.90554133915448,116.41864429096452,39.90486665479836,116.3945662125919,39.92705390041307,116.44622095280053,7.12,2.06,5.06,烧烤,22.3,35.12488763486658,False,7,1,3.5,晴天,1.0,0.24,1.12,13,4.9,0,0.76,799,41.9,3.9,无电梯高楼层
ORD000709,R031,Rider003,2024-01-06 18:58:00,18,True,True,39.88597581989845,116.36932794163819,39.875714428644635,116.38949308005311,39.97674666303516,116.42358331580469,13.66,2.07,11.59,中餐,41.0,35.31314251564177,False,17,0,8.5,多云,1.0,0.6,1.3,12,4.5,0,0.86,117,91.9,19.2,无电梯高楼层; 用餐高峰期
ORD000710,R016,Rider003,2024-01-01 16:36:00,16,False,False,39.89240464007381,116.37481453137124,39.91308360831194,116.4152316581654,39.97674666303516,116.42358331580469,11.25,4.15,7.1,西餐,13.4,33.97778075857851,True,12,0,1.7,晴天,1.0,0.34,1.17,12,4.5,1,0.76,46,47.5,12.5,新餐厅备餐波动
ORD000711,R048,Rider021,2024-01-05 06:18:00,6,False,False,39.826684853400934,116.34210081021328,39.87933014967234,116.39059456879409,39.920748511998084,116.46108354017223,14.75,7.17,7.58,日料,12.7,28.469955012041577,True,5,1,1.9,多云,1.0,0.35,1.18,23,4.6,0,0.94,1812,57.2,11.5,无
ORD000712,R001,Rider030,2024-01-02 15:45:00,15,False,False,39.870996945424345,116.3882903128489,39.91910142459034,116.40325207096485,39.911325137030445,116.40882541839402,6.48,5.49,0.99,西餐,33.0,34.03525146811922,True,19,1,5.2,小雨,1.15,0.35,1.17,22,3.9,0,0.89,1738,63.5,13.9,天气影响(小雨); 写字楼电梯等待
ORD000713,R011,Rider028,2024-01-07 07:58:00,7,True,False,39.8440138427315,116.39892416057326,39.85697534139168,116.42653858829674,39.8468364452307,116.39973868704347,5.32,2.77,2.55,快餐,11.5,18.40572625543277,True,11,0,1.9,晴天,1.0,0.43,1.22,14,4.0,0,0.84,1585,37.7,7.0,无
ORD000714,R033,Rider012,2024-01-07 21:46:00,21,True,False,39.944656320334566,116.3747876109824,39.91675918407518,116.3855546225191,39.87227059127874,116.35388620704767,8.86,3.23,5.63,中餐,15.0,23.133992161610696,True,14,1,3.7,晴天,1.0,0.71,1.35,27,4.5,0,0.82,637,50.3,8.7,交通拥堵; 写字楼电梯等待
ORD000715,R009,Rider003,2024-01-07 14:44:00,14,True,False,39.8536393087749,116.40888733431936,39.84792969683381,116.3663965358334,39.97674666303516,116.42358331580469,18.81,3.69,15.12,西餐,29.9,29.505532160384536,True,15,0,2.2,多云,1.0,0.14,1.07,12,4.5,0,0.75,1622,67.8,0.0,无
ORD000716,R015,Rider027,2024-01-03 19:44:00,19,False,True,39.9203930886502,116.51588690323611,39.945355864006494,116.41266659881865,39.886332661172375,116.38837314608125,16.12,9.25,6.87,快餐,13.3,18.612309436013984,True,26,0,4.2,晴天,1.0,0.73,1.37,21,3.8,0,0.82,1348,95.3,25.9,交通拥堵; 用餐高峰期
ORD000717,R043,Rider004,2024-01-04 14:46:00,14,False,False,39.89287072682892,116.3966982081112,39.94743819867199,116.36432413546461,39.8938632905673,116.45473929280564,16.41,6.66,9.75,日料,19.2,25.058603624323588,True,12,0,1.3,雾,1.25,0.37,1.18,9,4.7,0,0.95,1448,95.1,35.3,天气影响(雾)
ORD000718,R047,Rider014,2024-01-06 10:44:00,10,True,False,39.95283055469337,116.42839901954962,39.88553288505282,116.39673534077251,39.93387852066118,116.46646634501718,15.97,7.95,8.02,日料,33.0,17.19009831130006,False,20,0,10.0,多云,1.0,0.45,1.22,10,4.9,0,0.89,512,118.9,20.2,无电梯高楼层
ORD000719,R042,Rider030,2024-01-04 10:05:00,10,False,False,39.875937061032495,116.3524608364083,39.865351725765606,116.4042464448576,39.911325137030445,116.40882541839402,9.7,4.58,5.12,火锅,34.6,27.972613303167943,False,23,0,11.5,大雨,1.35,0.44,1.22,22,3.9,0,0.84,621,105.8,38.9,天气影响(大雨); 无电梯高楼层
ORD000720,R018,Rider014,2024-01-01 14:54:00,14,False,False,39.905747019979955,116.39866863886202,39.93680181069118,116.43754960642107,39.93387852066118,116.46646634501718,7.28,4.79,2.49,日料,14.9,18.49880088481288,True,11,1,3.4,多云,1.0,0.16,1.08,10,4.9,1,0.74,11,46.5,4.6,写字楼电梯等待; 新餐厅备餐波动
ORD000721,R043,Rider006,2024-01-01 15:15:00,15,False,False,39.893426336292976,116.45198601990346,39.94743819867199,116.36432413546461,39.8754622311499,116.39886211393153,18.12,9.6,8.52,日料,22.9,27.34684028363777,True,28,0,4.5,多云,1.0,0.08,1.04,27,3.9,0,0.95,1448,71.8,4.8,无
ORD000722,R024,Rider011,2024-01-01 23:59:00,23,False,False,39.87658425084904,116.43093287313643,39.91199648382746,116.43085468615331,39.99179211732871,116.37506806858579,13.99,3.93,10.06,西餐,26.5,22.582494918905535,True,13,0,1.5,多云,1.0,0.39,1.19,28,4.5,0,0.83,915,78.9,13.7,无
ORD000723,R015,Rider024,2024-01-03 17:57:00,17,False,True,39.89856895008606,116.46283190848594,39.945355864006494,116.41266659881865,39.836064702425794,116.40517809204412,18.89,6.74,12.15,快餐,11.3,29.08623917436527,True,20,0,2.2,多云,1.0,0.85,1.42,5,5.0,0,0.82,1348,76.8,24.4,交通拥堵; 用餐高峰期
ORD000724,R039,Rider014,2024-01-04 09:24:00,9,False,False,39.89574835293213,116.39464592323958,39.95763873231079,116.38707752996855,39.93387852066118,116.46646634501718,14.18,6.9,7.28,火锅,45.5,18.35060565445358,True,6,0,1.3,晴天,1.0,0.96,1.48,10,4.9,1,0.77,57,136.1,43.0,交通拥堵; 新餐厅备餐波动
ORD000725,R046,Rider023,2024-01-03 20:13:00,20,False,False,39.88385452206426,116.42685309141635,39.90750898735901,116.3944992384245,39.93964254240985,116.40191688715832,7.44,3.82,3.62,中餐,16.2,23.742443450244792,False,20,0,10.0,晴天,1.0,0.45,1.23,33,4.7,0,0.9,704,59.8,14.7,无电梯高楼层
ORD000726,R032,Rider024,2024-01-04 13:56:00,13,False,True,39.943209342042564,116.40516324223127,39.923253376527065,116.37499397389878,39.836064702425794,116.40517809204412,13.42,3.4,10.02,中餐,17.5,24.039699845876534,True,7,1,4.6,多云,1.0,0.74,1.37,5,5.0,0,0.81,589,76.6,20.9,交通拥堵; 用餐高峰期
ORD000727,R024,Rider026,2024-01-02 14:00:00,14,False,False,39.90145631963071,116.38219943708579,39.91199648382746,116.43085468615331,39.86014992380612,116.42690693099692,10.09,4.32,5.77,西餐,25.5,24.938641801512176,True,30,1,5.0,多云,1.0,0.33,1.17,25,4.8,0,0.83,915,67.2,12.3,写字楼电梯等待
ORD000728,R008,Rider025,2024-01-06 15:47:00,15,True,False,39.92173828988809,116.37856556483948,39.91802448900446,116.40997770414891,39.85202121997981,116.4341869019532,10.33,2.72,7.62,火锅,17.7,20.72381686580665,True,26,0,3.8,晴天,1.0,0.33,1.16,23,3.7,0,0.81,1280,60.8,9.5,无
ORD000729,R046,Rider014,2024-01-06 07:28:00,7,True,False,39.869320849415686,116.38430532358348,39.90750898735901,116.3944992384245,39.93387852066118,116.46646634501718,11.14,4.33,6.81,中餐,17.1,17.087206462026973,True,6,0,1.2,晴天,1.0,0.49,1.24,10,4.9,0,0.9,704,64.7,7.3,无
ORD000730,R005,Rider014,2024-01-05 05:44:00,5,False,False,39.88214335926335,116.44405366493075,39.88619238449682,116.4358231946314,39.93387852066118,116.46646634501718,6.74,0.84,5.91,火锅,28.1,17.685608969443866,False,30,1,15.0,晴天,1.0,0.34,1.17,10,4.9,1,0.77,80,79.4,13.5,无电梯高楼层; 写字楼电梯等待; 新餐厅备餐波动
ORD000731,R018,Rider008,2024-01-04 15:36:00,15,False,False,39.91808096309099,116.34212085725919,39.93680181069118,116.43754960642107,39.92497386056965,116.4687095565201,11.39,8.42,2.97,日料,14.9,34.747126473526784,True,28,0,3.0,晴天,1.0,0.34,1.17,25,4.8,1,0.74,11,44.7,7.1,新餐厅备餐波动
ORD000732,R012,Rider015,2024-01-01 15:36:00,15,False,False,39.89574613746163,116.28719579943193,39.9031252188267,116.45433930967441,39.90125555536833,116.39611115244051,19.3,14.32,4.98,西餐,21.3,17.330931108801117,True,15,0,2.4,多云,1.0,0.08,1.04,18,5.0,0,0.85,1677,85.5,0.0,无
ORD000733,R050,Rider027,2024-01-07 23:43:00,23,True,False,39.82912550167567,116.46563025703722,39.9045643952722,116.43532802251922,39.886332661172375,116.38837314608125,13.27,8.77,4.5,快餐,23.4,19.146029885369593,True,17,1,3.0,雾,1.25,0.34,1.17,21,3.8,0,0.82,798,90.9,22.9,天气影响(雾); 写字楼电梯等待
ORD000734,R022,Rider009,2024-01-05 16:50:00,16,False,False,39.90954401769419,116.42719304082847,39.92367260197888,116.37071379389974,39.91316369927242,116.40790369603127,8.46,5.08,3.39,快餐,22.8,21.27753776925556,True,1,0,2.5,多云,1.0,0.27,1.14,35,4.5,1,0.76,91,53.5,4.3,新餐厅备餐波动
ORD000735,R030,Rider008,2024-01-03 10:05:00,10,False,False,39.972833716034216,116.38104624781054,39.89749611644023,116.42882001482276,39.92497386056965,116.4687095565201,13.88,9.31,4.58,日料,16.1,32.058146160715076,False,13,0,6.5,雾,1.25,0.25,1.13,25,4.8,1,0.76,62,67.0,18.4,天气影响(雾); 无电梯高楼层; 新餐厅备餐波动
ORD000736,R039,Rider022,2024-01-06 03:24:00,3,True,False,39.9279042501646,116.3646390386707,39.95763873231079,116.38707752996855,39.88685398692913,116.39370765445501,11.7,3.82,7.88,火锅,45.5,25.117512386058262,True,19,0,2.9,小雨,1.15,0.25,1.13,34,4.0,1,0.77,57,100.7,24.4,天气影响(小雨); 新餐厅备餐波动
ORD000737,R026,Rider023,2024-01-02 16:32:00,16,False,False,39.81219281288231,116.40729647603177,39.960173235334345,116.42161498762735,39.93964254240985,116.40191688715832,19.31,16.48,2.83,快餐,9.3,24.939942901637547,True,9,1,1.9,小雨,1.15,0.36,1.18,33,4.7,0,0.8,260,86.0,28.4,天气影响(小雨)
ORD000738,R007,Rider005,2024-01-03 19:17:00,19,False,True,39.841816074618556,116.39511616438644,39.926353997399865,116.4125410484357,39.846276626340114,116.35110144902494,19.83,9.5,10.33,火锅,41.2,21.088064637725957,True,6,0,0.9,晴天,1.0,0.73,1.37,17,4.9,1,0.71,49,133.1,34.6,交通拥堵; 用餐高峰期; 新餐厅备餐波动
ORD000739,R024,Rider024,2024-01-04 16:14:00,16,False,False,39.918720467705334,116.39370601373126,39.91199648382746,116.43085468615331,39.836064702425794,116.40517809204412,11.98,3.26,8.71,西餐,30.7,22.574881413678668,True,30,0,3.2,小雨,1.15,0.39,1.19,5,5.0,0,0.83,915,87.9,22.2,天气影响(小雨)
ORD000740,R047,Rider030,2024-01-06 21:09:00,21,True,False,39.892374705650184,116.41644758639782,39.88553288505282,116.39673534077251,39.911325137030445,116.40882541839402,4.89,1.85,3.04,日料,30.5,29.564384421848157,True,23,0,2.7,晴天,1.0,0.46,1.23,22,3.9,0,0.89,512,50.3,7.2,无
ORD000741,R021,Rider012,2024-01-04 20:23:00,20,False,False,39.8665696280987,116.38127335264753,39.90504298390045,116.37148738809985,39.87227059127874,116.35388620704767,8.29,4.35,3.94,西餐,13.3,22.6419847876872,True,29,0,3.2,晴天,1.0,0.43,1.22,27,4.5,0,0.95,863,43.5,5.0,无
ORD000742,R020,Rider020,2024-01-01 16:19:00,16,False,False,39.882103158955815,116.46334366398719,39.927930958411295,116.38011837635615,39.95521852994615,116.403737357574,12.39,8.75,3.64,西餐,29.7,21.008266702326818,True,27,1,4.6,晴天,1.0,0.34,1.17,12,4.7,0,0.9,297,90.2,20.5,写字楼电梯等待
ORD000743,R028,Rider021,2024-01-01 10:42:00,10,False,False,39.948210561581796,116.36782153842451,39.92038827604751,116.36245113087884,39.920748511998084,116.46108354017223,11.56,3.12,8.43,火锅,11.0,30.81694550334194,True,18,1,3.7,晴天,1.0,0.46,1.23,23,4.6,0,0.86,1899,49.4,12.2,写字楼电梯等待
ORD000744,R003,Rider001,2024-01-06 06:31:00,6,True,False,39.963851074544266,116.37648989875579,39.90486665479836,116.3945662125919,39.91716665409954,116.40219427782529,8.24,6.73,1.51,烧烤,26.7,25.241608906991356,True,6,1,3.8,晴天,1.0,0.28,1.14,19,4.2,0,0.76,799,47.9,0.0,无
ORD000745,R031,Rider026,2024-01-04 18:55:00,18,False,True,39.855146402065316,116.47675630947691,39.875714428644635,116.38949308005311,39.86014992380612,116.42690693099692,11.45,7.81,3.64,中餐,46.1,24.238301998496826,True,26,1,4.5,晴天,1.0,0.95,1.48,25,4.8,0,0.86,117,121.6,42.6,交通拥堵; 写字楼电梯等待; 用餐高峰期
ORD000746,R040,Rider029,2024-01-06 07:13:00,7,True,False,39.922640222373026,116.40438392611733,39.91551888796381,116.45694052959438,39.9827701186798,116.39951113316586,13.5,4.56,8.94,西餐,27.8,24.440747328031513,False,25,1,12.5,晴天,1.0,0.49,1.24,30,3.7,0,0.85,1199,86.9,13.4,无电梯高楼层; 写字楼电梯等待
ORD000747,R029,Rider019,2024-01-02 20:49:00,20,False,False,39.9532366733789,116.43954339221018,39.929703617463716,116.41923019854394,39.93266459512356,116.36241431632648,8.0,3.14,4.87,快餐,12.4,19.3715435617942,True,19,0,2.2,晴天,1.0,0.32,1.16,28,3.9,0,0.86,1639,54.8,15.4,无
ORD000748,R021,Rider001,2024-01-01 09:55:00,9,False,False,39.93737200241054,116.50088009244176,39.90504298390045,116.37148738809985,39.91716665409954,116.40219427782529,14.58,11.63,2.95,西餐,13.9,23.044379469833814,True,10,0,1.1,晴天,1.0,0.94,1.47,19,4.2,0,0.95,863,84.2,31.2,交通拥堵
ORD000749,R012,Rider021,2024-01-04 04:44:00,4,False,False,39.92786484007408,116.4458045741693,39.9031252188267,116.45433930967441,39.920748511998084,116.46108354017223,4.88,2.84,2.04,西餐,25.5,31.84378005236259,True,19,0,2.6,晴天,1.0,0.2,1.1,23,4.6,0,0.85,1677,41.4,4.1,无
ORD000750,R030,Rider021,2024-01-04 16:25:00,16,False,False,39.864879877744315,116.4247584791186,39.89749611644023,116.42882001482276,39.920748511998084,116.46108354017223,7.42,3.64,3.78,日料,16.1,32.31326217367088,True,25,0,3.4,小雨,1.15,0.39,1.19,23,4.6,1,0.76,62,43.0,9.7,天气影响(小雨); 新餐厅备餐波动
ORD000751,R041,Rider015,2024-01-03 21:31:00,21,False,False,39.87809773777914,116.39670046942116,39.883799869976464,116.39949782465398,39.90125555536833,116.39611115244051,2.64,0.68,1.96,中餐,27.1,16.889053279120954,False,16,0,8.0,多云,1.0,0.59,1.29,18,5.0,1,0.85,78,57.2,12.7,无电梯高楼层; 新餐厅备餐波动
ORD000752,R043,Rider012,2024-01-01 22:25:00,22,False,False,39.91019792470339,116.40241966818068,39.94743819867199,116.36432413546461,39.87227059127874,116.35388620704767,13.66,5.26,8.39,日料,25.0,18.88091499194278,True,20,0,2.9,多云,1.0,0.37,1.19,27,4.5,0,0.95,1448,83.5,12.1,无
ORD000753,R034,Rider013,2024-01-07 09:56:00,9,True,False,39.890703441288906,116.34093805995694,39.86870203135637,116.42224986962574,39.92705390041307,116.44622095280053,14.17,7.37,6.8,日料,33.0,29.510997193396896,True,4,0,2.0,晴天,1.0,0.45,1.22,13,4.9,1,0.71,96,81.4,17.6,新餐厅备餐波动
ORD000754,R046,Rider013,2024-01-05 09:20:00,9,False,False,39.9312472740231,116.4782992761296,39.90750898735901,116.3944992384245,39.92705390041307,116.44622095280053,12.56,7.63,4.93,中餐,14.3,26.036383925419088,True,27,1,5.1,晴天,1.0,1.0,1.5,13,4.9,0,0.9,704,73.1,24.7,交通拥堵; 写字楼电梯等待
ORD000755,R042,Rider002,2024-01-05 19:21:00,19,False,True,39.88196508897839,116.40419273714278,39.865351725765606,116.4042464448576,39.94914167126766,116.49312820752455,13.86,1.84,12.01,火锅,39.8,24.766514503632976,True,29,0,3.8,多云,1.0,0.91,1.46,23,4.7,0,0.84,621,108.6,31.3,交通拥堵; 用餐高峰期
ORD000756,R044,Rider015,2024-01-01 17:51:00,17,False,True,39.85644509271136,116.39130601503975,39.93937307347177,116.4233420003288,39.90125555536833,116.39611115244051,14.44,9.61,4.83,火锅,18.6,17.799437285560916,True,17,0,2.2,多云,1.0,0.8,1.4,18,5.0,0,0.88,1668,90.8,21.3,交通拥堵; 用餐高峰期
ORD000757,R039,Rider026,2024-01-03 15:38:00,15,False,False,39.917226588836435,116.46171749845303,39.95763873231079,116.38707752996855,39.86014992380612,116.42690693099692,19.15,7.8,11.35,火锅,45.5,28.19828890126909,True,10,0,1.1,多云,1.0,0.34,1.17,25,4.8,1,0.77,57,100.8,13.5,新餐厅备餐波动
ORD000758,R008,Rider011,2024-01-03 15:47:00,15,False,False,39.96780196468408,116.41371303147017,39.91802448900446,116.40997770414891,39.99179211732871,116.37506806858579,14.25,5.54,8.72,火锅,25.7,26.746162868890792,False,30,0,15.0,多云,1.0,0.34,1.17,28,4.5,0,0.81,1280,83.8,11.2,无电梯高楼层
ORD000759,R009,Rider010,2024-01-02 10:44:00,10,False,False,39.919645229286694,116.44481981293548,39.84792969683381,116.3663965358334,39.876127462298896,116.36871555781596,13.55,10.41,3.14,西餐,24.5,19.61749544050044,False,11,0,5.5,大雨,1.35,0.17,1.09,3,4.9,0,0.75,1622,102.3,30.8,天气影响(大雨); 无电梯高楼层
ORD000760,R001,Rider008,2024-01-07 12:51:00,12,True,True,39.9408558313931,116.4547230872447,39.91910142459034,116.40325207096485,39.92497386056965,116.4687095565201,10.65,5.02,5.63,西餐,36.3,32.7361538835559,True,30,0,3.4,大雨,1.35,0.9,1.45,25,4.8,0,0.89,1738,120.1,60.9,天气影响(大雨); 交通拥堵; 用餐高峰期
ORD000761,R010,Rider001,2024-01-06 15:49:00,15,True,False,39.93122474809907,116.39655858584247,39.89798502329687,116.38869567815044,39.91716665409954,116.40219427782529,6.17,3.75,2.42,烧烤,13.3,22.526095389522222,True,21,0,2.7,晴天,1.0,0.33,1.16,19,4.2,1,0.79,43,35.2,2.8,新餐厅备餐波动
ORD000762,R042,Rider018,2024-01-01 09:30:00,9,False,False,39.9793660658309,116.33141185655907,39.865351725765606,116.4042464448576,39.88619738114083,116.43231399729389,17.44,14.11,3.34,火锅,32.6,33.37039467326971,True,21,0,3.5,晴天,1.0,0.94,1.47,9,3.7,0,0.84,621,104.3,36.8,交通拥堵
ORD000763,R032,Rider010,2024-01-02 09:36:00,9,False,False,39.9249987442955,116.39477994240204,39.923253376527065,116.37499397389878,39.876127462298896,116.36871555781596,6.96,1.7,5.26,中餐,15.9,19.112890749621478,True,16,0,1.6,晴天,1.0,0.94,1.47,3,4.9,0,0.81,589,56.4,17.1,交通拥堵
ORD000764,R037,Rider003,2024-01-06 06:23:00,6,True,False,39.87458290472544,116.37042020702643,39.892457945637545,116.42054067792265,39.97674666303516,116.42358331580469,14.09,4.72,9.36,火锅,25.8,36.01423156825001,True,18,1,8.0,晴天,1.0,0.28,1.14,12,4.5,0,0.91,1035,63.2,5.9,写字楼电梯等待
ORD000765,R008,Rider013,2024-01-03 20:32:00,20,False,False,39.85978834544126,116.3870896394356,39.91802448900446,116.40997770414891,39.92705390041307,116.44622095280053,10.01,6.76,3.26,火锅,24.1,26.794584634344748,True,30,0,4.3,晴天,1.0,0.45,1.23,13,4.9,0,0.81,1280,62.5,11.7,无
ORD000766,R007,Rider024,2024-01-01 21:22:00,21,False,False,39.88586413057681,116.37149394421736,39.926353997399865,116.4125410484357,39.836064702425794,116.40517809204412,15.75,5.7,10.04,火锅,41.2,22.99437801768065,False,14,0,7.0,晴天,1.0,0.44,1.22,5,5.0,1,0.71,49,109.1,19.8,无电梯高楼层; 新餐厅备餐波动
ORD000767,R025,Rider023,2024-01-02 16:56:00,16,False,False,39.88699391611098,116.42455329787775,39.92272922536534,116.4439121239094,39.93964254240985,116.40191688715832,8.35,4.3,4.05,烧烤,15.6,22.090109189584474,True,13,0,5.0,小雨,1.15,0.36,1.18,33,4.7,1,0.83,93,57.0,13.7,天气影响(小雨); 新餐厅备餐波动
ORD000768,R045,Rider020,2024-01-01 22:31:00,22,False,False,39.86880664866375,116.41543395521957,39.93831052255901,116.42080670434322,39.95521852994615,116.403737357574,10.11,7.73,2.38,日料,27.9,18.335381037600794,True,19,1,3.0,多云,1.0,0.37,1.19,12,4.7,0,0.8,384,72.2,8.2,写字楼电梯等待
ORD000769,R043,Rider016,2024-01-04 00:54:00,0,False,False,39.92006666922295,116.34777473658534,39.94743819867199,116.36432413546461,39.917836887942364,116.40394345972673,8.07,3.35,4.72,日料,22.4,31.524018283482974,False,14,0,7.0,多云,1.0,0.32,1.16,13,3.6,0,0.95,1448,53.7,9.0,无电梯高楼层
ORD000770,R040,Rider026,2024-01-02 18:17:00,18,False,True,39.88311548020603,116.37073116395725,39.91551888796381,116.45694052959438,39.86014992380612,116.42690693099692,14.87,8.2,6.66,西餐,33.6,22.81672375425147,True,17,0,3.0,小雨,1.15,0.91,1.46,25,4.8,0,0.85,1199,127.2,51.6,天气影响(小雨); 交通拥堵; 用餐高峰期
ORD000771,R013,Rider020,2024-01-02 19:01:00,19,False,True,39.93700916430851,116.3672008133665,39.98320584661837,116.37664727333566,39.95521852994615,116.403737357574,9.07,5.19,3.87,西餐,34.4,18.51221138216269,True,17,0,4.5,小雨,1.15,0.98,1.49,12,4.7,0,0.78,330,119.5,51.2,天气影响(小雨); 交通拥堵; 用餐高峰期
ORD000772,R014,Rider023,2024-01-03 20:09:00,20,False,False,39.94894946924128,116.35339722325553,39.89783515734865,116.39459393617881,39.93964254240985,116.40191688715832,11.36,6.68,4.68,烧烤,39.2,21.288500387714816,True,28,0,4.6,晴天,1.0,0.45,1.23,33,4.7,1,0.82,66,91.1,15.2,新餐厅备餐波动
ORD000773,R044,Rider016,2024-01-04 10:45:00,10,False,False,39.87501367524989,116.3772956691715,39.93937307347177,116.4233420003288,39.917836887942364,116.40394345972673,11.07,8.16,2.91,火锅,4.3,32.79813396496441,False,20,0,10.0,大雨,1.35,0.44,1.22,13,3.6,0,0.88,1668,61.8,27.2,天气影响(大雨); 无电梯高楼层
ORD000774,R009,Rider024,2024-01-05 21:39:00,21,False,False,39.79968947648073,116.41564938539422,39.84792969683381,116.3663965358334,39.836064702425794,116.40517809204412,10.39,6.82,3.57,西餐,30.2,23.48628023727555,True,17,1,6.1,晴天,1.0,0.66,1.33,5,5.0,0,0.75,1622,74.1,11.3,交通拥堵; 写字楼电梯等待
ORD000775,R044,Rider023,2024-01-06 15:42:00,15,True,False,39.94949972561201,116.41046471010328,39.93937307347177,116.4233420003288,39.93964254240985,116.40191688715832,3.4,1.57,1.83,火锅,11.4,21.957752347013557,True,14,0,3.5,晴天,1.0,0.33,1.16,33,4.7,0,0.88,1668,23.5,0.0,无
ORD000776,R046,Rider026,2024-01-02 08:47:00,8,False,False,39.97909761094298,116.4933378492157,39.90750898735901,116.3944992384245,39.86014992380612,116.42690693099692,17.54,11.6,5.94,中餐,20.9,22.626470174105794,True,29,0,5.0,晴天,1.0,0.88,1.44,25,4.8,0,0.9,704,107.2,34.8,交通拥堵
ORD000777,R035,Rider018,2024-01-05 08:01:00,8,False,False,39.904584705689004,116.36749629552813,39.868196047868096,116.44344141332652,39.88619738114083,116.43231399729389,9.86,7.65,2.21,快餐,40.4,27.863264094708743,True,1,0,0.8,晴天,1.0,0.9,1.45,9,3.7,1,0.83,67,87.0,24.6,交通拥堵; 新餐厅备餐波动
ORD000778,R014,Rider005,2024-01-02 14:17:00,14,False,False,39.970860375467936,116.37967187156173,39.89783515734865,116.39459393617881,39.846276626340114,116.35110144902494,15.04,8.21,6.83,烧烤,39.2,18.65497325357041,True,28,0,4.8,多云,1.0,0.33,1.17,17,4.9,1,0.82,66,101.5,9.1,新餐厅备餐波动
ORD000779,R014,Rider002,2024-01-06 09:52:00,9,True,False,39.903141510142255,116.43563311253223,39.89783515734865,116.39459393617881,39.94914167126766,116.49312820752455,13.73,3.56,10.17,烧烤,39.2,22.20180570618929,True,5,0,2.7,晴天,1.0,0.24,1.12,23,4.7,1,0.82,66,86.4,7.3,新餐厅备餐波动
ORD000780,R050,Rider005,2024-01-03 04:02:00,4,False,False,39.899502319429345,116.44679887671519,39.9045643952722,116.43532802251922,39.846276626340114,116.35110144902494,10.82,1.13,9.69,快餐,26.5,20.286433448198544,True,7,0,1.3,晴天,1.0,0.31,1.16,17,4.9,0,0.82,798,61.4,1.5,无
ORD000781,R033,Rider016,2024-01-07 10:58:00,10,True,False,39.9567457218348,116.36521063088809,39.91675918407518,116.3855546225191,39.917836887942364,116.40394345972673,6.34,4.77,1.58,中餐,12.6,28.295154308692403,False,14,0,7.0,多云,1.0,0.31,1.15,13,3.6,0,0.82,637,24.8,0.0,无电梯高楼层
ORD000782,R002,Rider009,2024-01-01 13:42:00,13,False,True,39.92002572269758,116.37785136170095,39.95157638446523,116.43042304187458,39.91316369927242,116.40790369603127,10.38,5.7,4.68,日料,14.4,21.774654100176257,True,28,1,5.2,晴天,1.0,0.99,1.49,35,4.5,1,0.82,47,72.0,23.8,交通拥堵; 写字楼电梯等待; 用餐高峰期; 新餐厅备餐波动
ORD000783,R006,Rider028,2024-01-02 12:47:00,12,False,True,39.91992856683701,116.30771934669255,39.897316486385044,116.41908046739768,39.8468364452307,116.39973868704347,15.69,9.85,5.84,中餐,39.3,21.422605311363178,True,4,1,0.9,雾,1.25,0.79,1.4,14,4.0,0,0.82,1513,146.4,62.2,天气影响(雾); 交通拥堵; 用餐高峰期
ORD000784,R027,Rider008,2024-01-04 11:52:00,11,False,True,39.898035321768866,116.48904550772542,39.94449504636891,116.38536357050157,39.92497386056965,116.4687095565201,17.7,10.26,7.45,西餐,27.8,27.901625695173895,True,2,0,0.9,晴天,1.0,0.89,1.45,25,4.8,0,0.82,787,96.9,30.1,交通拥堵; 用餐高峰期
ORD000785,R039,Rider028,2024-01-03 07:30:00,7,False,False,39.88036268550592,116.38237583219286,39.95763873231079,116.38707752996855,39.8468364452307,116.39973868704347,20.94,8.59,12.35,火锅,45.5,20.301507278298864,False,8,0,4.0,晴天,1.0,0.83,1.42,14,4.0,1,0.77,57,160.7,49.3,交通拥堵; 无电梯高楼层; 新餐厅备餐波动
ORD000786,R001,Rider005,2024-01-01 22:45:00,22,False,False,39.947526720849,116.41865412093998,39.91910142459034,116.40325207096485,39.846276626340114,116.35110144902494,12.65,3.42,9.23,西餐,30.0,23.564775677218524,False,9,0,4.5,多云,1.0,0.37,1.19,17,4.9,0,0.89,1738,79.8,13.1,无电梯高楼层
ORD000787,R038,Rider007,2024-01-07 17:37:00,17,True,True,39.9121914050034,116.46345173614019,39.93564059231985,116.38854290757573,39.8812319420477,116.34772102698165,13.89,6.91,6.98,中餐,17.4,32.46103600718642,False,27,0,13.5,小雨,1.15,0.69,1.34,20,3.7,0,0.85,1469,85.4,28.8,天气影响(小雨); 交通拥堵; 无电梯高楼层; 用餐高峰期
ORD000788,R018,Rider025,2024-01-04 19:17:00,19,False,True,39.953660920636615,116.46691086550844,39.93680181069118,116.43754960642107,39.85202121997981,116.4341869019532,12.55,3.13,9.42,日料,14.9,17.77394522842335,False,16,1,8.0,小雨,1.15,0.8,1.4,23,3.7,1,0.74,11,106.7,41.5,天气影响(小雨); 交通拥堵; 无电梯高楼层; 写字楼电梯等待; 用餐高峰期; 新餐厅备餐波动
ORD000789,R028,Rider011,2024-01-05 15:57:00,15,False,False,39.906144970702385,116.39960135281589,39.92038827604751,116.36245113087884,39.99179211732871,116.37506806858579,11.55,3.55,8.0,火锅,10.7,26.43997702467187,True,15,0,2.8,晴天,1.0,0.2,1.1,28,4.5,0,0.86,1899,43.9,4.2,无
ORD000790,R040,Rider029,2024-01-01 18:08:00,18,False,True,39.893758282165614,116.37359572819447,39.91551888796381,116.45694052959438,39.9827701186798,116.39951113316586,16.46,7.53,8.94,西餐,28.8,29.407688894299856,True,4,0,2.2,多云,1.0,0.75,1.37,30,3.7,0,0.85,1199,97.7,33.1,交通拥堵; 用餐高峰期
ORD000791,R012,Rider006,2024-01-01 17:30:00,17,False,True,39.933056076369006,116.43140766297844,39.9031252188267,116.45433930967441,39.8754622311499,116.39886211393153,9.51,3.86,5.65,西餐,27.4,34.43518391391202,True,26,0,3.6,多云,1.0,0.8,1.4,27,3.9,0,0.85,1677,75.6,28.0,交通拥堵; 用餐高峰期
ORD000792,R012,Rider010,2024-01-03 21:37:00,21,False,False,39.90678774497949,116.37907097672694,39.9031252188267,116.45433930967441,39.876127462298896,116.36871555781596,14.36,6.45,7.91,西餐,24.8,18.84817041594444,False,26,1,13.0,多云,1.0,0.59,1.29,3,4.9,0,0.85,1677,106.8,23.2,无电梯高楼层; 写字楼电梯等待
ORD000793,R034,Rider015,2024-01-04 21:04:00,21,False,False,39.950790678448506,116.41500681617664,39.86870203135637,116.42224986962574,39.90125555536833,116.39611115244051,13.39,9.14,4.25,日料,33.0,19.57981509928974,True,19,0,2.7,雾,1.25,0.52,1.26,18,5.0,1,0.71,96,121.2,44.5,天气影响(雾); 新餐厅备餐波动
ORD000794,R036,Rider029,2024-01-04 09:45:00,9,False,False,39.943364535982255,116.37265505015736,39.91483258755359,116.35099062234642,39.9827701186798,116.39951113316586,12.28,3.67,8.61,日料,21.2,28.274653425365894,True,24,1,4.7,晴天,1.0,0.96,1.48,30,3.7,0,0.94,1695,76.9,25.0,交通拥堵; 写字楼电梯等待
ORD000795,R048,Rider003,2024-01-06 19:31:00,19,True,True,39.90527274880722,116.4448234429013,39.87933014967234,116.39059456879409,39.97674666303516,116.42358331580469,16.64,5.46,11.18,日料,17.5,34.573694618218596,False,8,0,4.0,晴天,1.0,0.72,1.36,12,4.5,0,0.94,1812,71.0,20.5,交通拥堵; 无电梯高楼层; 用餐高峰期
ORD000796,R037,Rider029,2024-01-04 13:40:00,13,False,True,39.93018410060534,116.45086676693502,39.892457945637545,116.42054067792265,39.9827701186798,116.39951113316586,15.11,4.93,10.19,火锅,41.9,24.77704411202844,True,2,0,0.9,多云,1.0,0.74,1.37,30,3.7,0,0.91,1035,104.2,24.8,交通拥堵; 用餐高峰期
ORD000797,R032,Rider026,2024-01-04 09:46:00,9,False,False,39.87832129126942,116.51162980129638,39.923253376527065,116.37499397389878,39.86014992380612,116.42690693099692,21.0,12.71,8.29,中餐,11.7,23.882258654255693,False,7,0,3.5,晴天,1.0,0.96,1.48,25,4.8,0,0.81,589,100.5,32.5,交通拥堵; 无电梯高楼层
ORD000798,R023,Rider028,2024-01-03 17:13:00,17,False,True,39.91101746180695,116.42955061342276,39.89349764922696,116.42408365395602,39.8468364452307,116.39973868704347,7.58,2.0,5.58,日料,42.7,18.111014634508805,True,21,0,3.7,多云,1.0,0.85,1.42,14,4.0,0,0.94,1116,100.4,28.9,交通拥堵; 用餐高峰期
ORD000799,R029,Rider015,2024-01-03 16:49:00,16,False,False,39.870012344322205,116.47086458238923,39.929703617463716,116.41923019854394,39.90125555536833,116.39611115244051,11.69,7.96,3.73,快餐,14.7,18.42109644688137,True,17,0,2.5,雪,1.4,0.2,1.1,18,5.0,0,0.86,1639,77.4,22.1,天气影响(雪)
ORD000800,R039,Rider023,2024-01-03 19:12:00,19,False,True,39.889061482902775,116.4737198767171,39.95763873231079,116.38707752996855,39.93964254240985,116.40191688715832,12.99,10.62,2.37,火锅,45.5,20.923624425921663,True,22,1,4.9,晴天,1.0,0.73,1.37,33,4.7,1,0.77,57,114.3,26.6,交通拥堵; 写字楼电梯等待; 用餐高峰期; 新餐厅备餐波动
ORD000801,R032,Rider025,2024-01-07 18:35:00,18,True,True,39.93650081844394,116.53506215284264,39.923253376527065,116.37499397389878,39.85202121997981,116.4341869019532,23.15,13.76,9.39,中餐,11.6,22.837078603705585,True,19,0,2.4,晴天,1.0,0.57,1.28,23,3.7,0,0.81,589,95.7,20.8,用餐高峰期
ORD000802,R025,Rider007,2024-01-01 07:19:00,7,False,False,39.84650222316403,116.38542950798067,39.92272922536534,116.4439121239094,39.8812319420477,116.34772102698165,19.26,9.83,9.43,烧烤,15.6,27.077207887510006,True,15,0,1.6,晴天,1.0,0.75,1.37,20,3.7,1,0.83,93,85.0,25.0,交通拥堵; 新餐厅备餐波动
ORD000803,R038,Rider005,2024-01-01 13:45:00,13,False,True,39.92845136685405,116.37803695584307,39.93564059231985,116.38854290757573,39.846276626340114,116.35110144902494,11.63,1.2,10.43,中餐,26.2,21.21262196502928,True,3,0,0.8,晴天,1.0,0.99,1.49,17,4.9,0,0.85,1469,94.6,34.7,交通拥堵; 用餐高峰期
ORD000804,R045,Rider011,2024-01-06 19:39:00,19,True,True,39.92406101765246,116.4235063700479,39.93831052255901,116.42080670434322,39.99179211732871,116.37506806858579,8.71,1.6,7.11,日料,29.8,25.717753066517,False,4,1,2.0,晴天,1.0,0.72,1.36,28,4.5,0,0.8,384,69.9,17.7,交通拥堵; 用餐高峰期
ORD000805,R002,Rider030,2024-01-07 19:29:00,19,True,True,39.90029298182806,116.44351861414242,39.95157638446523,116.43042304187458,39.911325137030445,116.40882541839402,10.64,5.8,4.84,日料,14.4,35.264900824678875,True,28,0,3.9,雪,1.4,0.57,1.28,22,3.9,1,0.82,47,61.1,24.7,天气影响(雪); 用餐高峰期; 新餐厅备餐波动
ORD000806,R030,Rider022,2024-01-01 13:20:00,13,False,True,39.89129914186236,116.39532313399746,39.89749611644023,116.42882001482276,39.88685398692913,116.39370765445501,6.17,2.95,3.23,日料,16.1,27.774634006608558,True,18,0,2.9,晴天,1.0,0.99,1.49,34,4.0,1,0.76,62,48.1,15.7,交通拥堵; 用餐高峰期; 新餐厅备餐波动
ORD000807,R024,Rider008,2024-01-02 17:56:00,17,False,True,39.88609088325191,116.39805842207974,39.91199648382746,116.43085468615331,39.92497386056965,116.4687095565201,7.56,4.02,3.54,西餐,29.7,29.906609491240335,False,5,0,2.5,多云,1.0,0.89,1.45,25,4.8,0,0.83,915,71.6,24.3,交通拥堵; 用餐高峰期
ORD000808,R043,Rider028,2024-01-01 15:30:00,15,False,False,39.88427833215223,116.36184032541743,39.94743819867199,116.36432413546461,39.8468364452307,116.39973868704347,18.59,7.02,11.57,日料,20.7,20.44246216025737,True,13,0,3.0,多云,1.0,0.08,1.04,14,4.0,0,0.95,1448,84.7,6.5,无
ORD000809,R043,Rider002,2024-01-04 19:25:00,19,False,True,39.95106854897408,116.39723558331514,39.94743819867199,116.36432413546461,39.94914167126766,116.49312820752455,13.85,2.84,11.01,日料,24.1,25.312755807370955,False,4,1,2.0,小雨,1.15,0.8,1.4,23,4.7,0,0.95,1448,86.1,27.1,天气影响(小雨); 交通拥堵; 用餐高峰期
ORD000810,R015,Rider024,2024-01-02 18:59:00,18,False,True,39.90077307070234,116.45765976727289,39.945355864006494,116.41266659881865,39.836064702425794,116.40517809204412,18.42,6.27,12.15,快餐,13.7,26.079791945445386,True,24,0,2.8,小雨,1.15,0.91,1.46,5,5.0,0,0.82,1348,97.1,38.1,天气影响(小雨); 交通拥堵; 用餐高峰期
ORD000811,R047,Rider027,2024-01-02 23:03:00,23,False,False,39.839785492721575,116.38538379489827,39.88553288505282,116.39673534077251,39.886332661172375,116.38837314608125,5.89,5.17,0.72,日料,34.7,20.279347079483237,True,21,1,3.8,晴天,1.0,0.44,1.22,21,3.8,0,0.89,512,58.4,2.5,写字楼电梯等待
ORD000812,R016,Rider002,2024-01-03 22:14:00,22,False,False,39.879453784616544,116.34557946936307,39.91308360831194,116.4152316581654,39.94914167126766,116.49312820752455,14.8,7.03,7.77,西餐,13.4,24.569950434116244,True,5,0,1.3,多云,1.0,0.48,1.24,23,4.7,1,0.76,46,65.6,14.7,新餐厅备餐波动
ORD000813,R042,Rider003,2024-01-01 16:46:00,16,False,False,39.92043460762703,116.36807513101765,39.865351725765606,116.4042464448576,39.97674666303516,116.42358331580469,19.33,6.85,12.48,火锅,32.5,35.892130553086254,False,18,0,9.0,晴天,1.0,0.34,1.17,12,4.5,0,0.84,621,91.7,17.9,无电梯高楼层
ORD000814,R017,Rider027,2024-01-07 15:20:00,15,True,False,39.86850387538683,116.41959127045945,39.899361428650025,116.41952152570443,39.886332661172375,116.38837314608125,6.46,3.43,3.03,中餐,20.2,18.567478658787127,True,15,0,2.8,小雨,1.15,0.26,1.13,21,3.8,0,0.91,1236,57.9,14.0,天气影响(小雨)
ORD000815,R014,Rider017,2024-01-04 10:12:00,10,False,False,39.8799671912272,116.3561586473016,39.89783515734865,116.39459393617881,39.9178982767203,116.48386118426038,11.79,3.84,7.95,烧烤,39.2,22.055944646509005,False,2,1,1.0,大雨,1.35,0.44,1.22,3,4.3,1,0.82,66,118.6,46.3,天气影响(大雨); 新餐厅备餐波动
ORD000816,R031,Rider027,2024-01-03 16:38:00,16,False,False,39.932876459873924,116.37865522328455,39.875714428644635,116.38949308005311,39.886332661172375,116.38837314608125,7.6,6.41,1.18,中餐,28.4,19.24150776283555,False,30,0,15.0,雪,1.4,0.2,1.1,21,3.8,0,0.86,117,104.7,37.6,天气影响(雪); 无电梯高楼层
ORD000817,R048,Rider027,2024-01-06 10:32:00,10,True,False,39.96356589540815,116.47678864298435,39.87933014967234,116.39059456879409,39.886332661172375,116.38837314608125,12.71,11.91,0.8,日料,11.4,22.949630685249772,True,22,0,4.4,多云,1.0,0.45,1.22,21,3.8,0,0.94,1812,55.7,6.7,无
ORD000818,R008,Rider002,2024-01-06 19:13:00,19,True,True,39.85436419483875,116.35933178351708,39.91802448900446,116.40997770414891,39.94914167126766,116.49312820752455,16.19,8.29,7.9,火锅,30.6,22.079826357566198,False,3,0,1.5,晴天,1.0,0.72,1.36,23,4.7,0,0.81,1280,109.4,33.3,交通拥堵; 用餐高峰期
ORD000819,R044,Rider003,2024-01-06 16:55:00,16,True,False,39.87479877234573,116.40370692370728,39.93937307347177,116.4233420003288,39.97674666303516,116.42358331580469,11.51,7.36,4.15,火锅,10.1,30.59066543453655,True,17,1,3.8,多云,1.0,0.24,1.12,12,4.5,0,0.88,1668,43.3,6.9,写字楼电梯等待
ORD000820,R024,Rider003,2024-01-06 23:18:00,23,True,False,39.93597764435971,116.40221841035391,39.91199648382746,116.43085468615331,39.97674666303516,116.42358331580469,10.83,3.62,7.22,西餐,24.7,31.32616068291658,True,16,0,2.1,雾,1.25,0.02,1.01,12,4.5,0,0.83,915,67.9,20.4,天气影响(雾)
ORD000821,R003,Rider006,2024-01-07 17:11:00,17,True,True,39.911720140521936,116.32502416161917,39.90486665479836,116.3945662125919,39.8754622311499,116.39886211393153,9.28,5.99,3.29,烧烤,33.3,27.55364649022577,True,5,1,1.1,小雨,1.15,0.69,1.34,27,3.9,0,0.76,799,84.9,30.2,天气影响(小雨); 交通拥堵; 用餐高峰期
ORD000822,R024,Rider003,2024-01-05 17:44:00,17,False,True,39.89047648643165,116.38762042863547,39.91199648382746,116.43085468615331,39.97674666303516,116.42358331580469,11.62,4.4,7.22,西餐,33.0,35.30613589768312,True,21,1,4.8,小雨,1.15,0.68,1.34,12,4.5,0,0.83,915,86.3,28.8,天气影响(小雨); 交通拥堵; 写字楼电梯等待; 用餐高峰期
ORD000823,R025,Rider003,2024-01-06 23:35:00,23,True,False,39.88331343491427,116.48336315225494,39.92272922536534,116.4439121239094,39.97674666303516,116.42358331580469,11.77,5.53,6.24,烧烤,15.6,35.35414626769208,True,28,0,3.6,雾,1.25,0.02,1.01,12,4.5,1,0.83,93,49.0,9.8,天气影响(雾); 新餐厅备餐波动
ORD000824,R039,Rider030,2024-01-02 15:13:00,15,False,False,39.95892137210473,116.44578921651673,39.95763873231079,116.38707752996855,39.911325137030445,116.40882541839402,10.49,5.02,5.47,火锅,45.5,33.831194794188484,True,27,0,4.7,小雨,1.15,0.35,1.17,22,3.9,1,0.77,57,88.2,19.4,天气影响(小雨); 新餐厅备餐波动
ORD000825,R027,Rider015,2024-01-04 19:16:00,19,False,True,39.89614637237351,116.36744431412022,39.94449504636891,116.38536357050157,39.90125555536833,116.39611115244051,10.47,5.58,4.89,西餐,26.4,16.947270071613634,True,15,0,2.2,小雨,1.15,0.8,1.4,18,5.0,0,0.82,787,107.3,41.7,天气影响(小雨); 交通拥堵; 用餐高峰期
ORD000826,R003,Rider019,2024-01-04 09:43:00,9,False,False,39.926944604855116,116.39304930134074,39.90486665479836,116.3945662125919,39.93266459512356,116.36241431632648,6.59,2.45,4.13,烧烤,26.2,19.86314038419009,True,9,0,2.5,晴天,1.0,0.96,1.48,28,3.9,0,0.76,799,74.7,26.1,交通拥堵
ORD000827,R031,Rider008,2024-01-03 19:25:00,19,False,True,39.92640484539139,116.3703995096493,39.875714428644635,116.38949308005311,39.92497386056965,116.4687095565201,14.57,5.86,8.71,中餐,45.8,26.531008348060446,True,24,0,3.0,晴天,1.0,0.73,1.37,25,4.8,0,0.86,117,111.1,29.5,交通拥堵; 用餐高峰期
ORD000828,R019,Rider023,2024-01-04 09:05:00,9,False,False,39.934700663221584,116.3977174622922,39.94131048218809,116.36460563345823,39.93964254240985,116.40191688715832,6.12,2.92,3.19,日料,12.1,20.380922401386346,False,29,0,14.5,晴天,1.0,0.96,1.48,33,4.7,0,0.87,829,63.3,18.8,交通拥堵; 无电梯高楼层
ORD000829,R042,Rider017,2024-01-02 02:13:00,2,False,False,39.915563848440385,116.39333627294597,39.865351725765606,116.4042464448576,39.9178982767203,116.48386118426038,14.62,5.65,8.97,火锅,29.2,21.63152154030206,False,9,0,4.5,晴天,1.0,0.48,1.24,3,4.3,0,0.84,621,101.8,27.5,无电梯高楼层
ORD000830,R017,Rider004,2024-01-04 10:18:00,10,False,False,39.90076508226551,116.45912122123413,39.899361428650025,116.41952152570443,39.8938632905673,116.45473929280564,6.46,3.39,3.07,中餐,25.0,26.117705209162338,True,17,1,3.5,大雨,1.35,0.44,1.22,9,4.7,0,0.91,1236,79.2,35.8,天气影响(大雨); 写字楼电梯等待
ORD000831,R040,Rider019,2024-01-05 18:06:00,18,False,True,39.83334647770704,116.37822547762926,39.91551888796381,116.45694052959438,39.93266459512356,116.36241431632648,19.64,11.34,8.3,西餐,33.8,21.418846094506932,True,20,0,2.0,小雨,1.15,0.89,1.44,28,3.9,0,0.85,1199,155.6,64.7,天气影响(小雨); 交通拥堵; 用餐高峰期
ORD000832,R021,Rider009,2024-01-02 19:28:00,19,False,True,39.886952833592325,116.40907641338669,39.90504298390045,116.37148738809985,39.91316369927242,116.40790369603127,7.03,3.79,3.24,西餐,20.1,25.68503556440168,True,27,0,5.0,小雨,1.15,0.98,1.49,35,4.5,0,0.95,863,73.4,32.0,天气影响(小雨); 交通拥堵; 用餐高峰期
ORD000833,R023,Rider003,2024-01-02 12:48:00,12,False,True,39.91423738776806,116.43904651963504,39.89349764922696,116.42408365395602,39.97674666303516,116.42358331580469,11.88,2.63,9.24,日料,36.6,33.38247208582354,True,2,0,0.9,雾,1.25,0.79,1.4,12,4.5,0,0.94,1116,102.3,43.4,天气影响(雾); 交通拥堵; 用餐高峰期
ORD000834,R050,Rider012,2024-01-05 20:43:00,20,False,False,39.88038262687135,116.40085609649248,39.9045643952722,116.43532802251922,39.87227059127874,116.35388620704767,11.82,3.99,7.83,快餐,24.7,22.182246097077044,False,6,0,3.0,多云,1.0,0.25,1.13,27,4.5,0,0.82,798,61.9,2.2,无电梯高楼层
ORD000835,R027,Rider028,2024-01-04 09:43:00,9,False,False,39.95707827068139,116.40379078774741,39.94449504636891,116.38536357050157,39.8468364452307,116.39973868704347,13.02,2.11,10.91,西餐,21.6,20.336566689905357,True,6,1,2.9,晴天,1.0,0.96,1.48,14,4.0,0,0.82,787,93.6,30.8,交通拥堵
ORD000836,R039,Rider013,2024-01-01 17:57:00,17,False,True,39.99065680933681,116.39979392958081,39.95763873231079,116.38707752996855,39.92705390041307,116.44622095280053,9.91,3.82,6.09,火锅,45.5,25.628933023089985,True,21,0,4.7,多云,1.0,0.8,1.4,13,4.9,1,0.77,57,104.8,31.5,交通拥堵; 用餐高峰期; 新餐厅备餐波动
ORD000837,R029,Rider014,2024-01-02 15:34:00,15,False,False,39.90905175951098,116.3810650397554,39.929703617463716,116.41923019854394,39.93387852066118,116.46646634501718,8.05,3.99,4.06,快餐,15.0,20.96337061646819,True,6,0,0.6,小雨,1.15,0.35,1.17,10,4.9,0,0.86,1639,48.4,9.7,天气影响(小雨)
ORD000838,R004,Rider008,2024-01-07 09:11:00,9,True,False,39.89315023859301,116.43488989394142,39.90622584614064,116.3646575544136,39.92497386056965,116.4687095565201,15.32,6.18,9.14,火锅,16.5,32.63285158179981,False,16,0,8.0,晴天,1.0,0.45,1.22,25,4.8,0,0.76,1942,62.5,9.8,无电梯高楼层
ORD000839,R025,Rider010,2024-01-04 18:54:00,18,False,True,39.91528511054035,116.43924373312949,39.92272922536534,116.4439121239094,39.876127462298896,116.36871555781596,9.17,0.92,8.25,烧烤,15.6,20.367936970671593,False,2,0,1.0,晴天,1.0,0.95,1.48,3,4.9,1,0.83,93,59.0,15.4,交通拥堵; 用餐高峰期; 新餐厅备餐波动
ORD000840,R044,Rider016,2024-01-05 11:02:00,11,False,True,39.90498243596764,116.38146365521042,39.93937307347177,116.4233420003288,39.917836887942364,116.40394345972673,8.14,5.23,2.91,火锅,18.7,31.622834230953952,False,29,0,14.5,晴天,1.0,0.84,1.42,13,3.6,0,0.88,1668,75.5,26.9,交通拥堵; 无电梯高楼层; 用餐高峰期
ORD000841,R027,Rider017,2024-01-06 15:24:00,15,True,False,39.9662905965742,116.41468241951718,39.94449504636891,116.38536357050157,39.9178982767203,116.48386118426038,12.41,3.48,8.92,西餐,22.1,22.007161959291963,False,20,0,10.0,晴天,1.0,0.33,1.16,3,4.3,0,0.82,787,86.6,20.7,无电梯高楼层
ORD000842,R018,Rider030,2024-01-07 05:31:00,5,True,False,39.88574142236966,116.29566344780743,39.93680181069118,116.43754960642107,39.911325137030445,116.40882541839402,17.14,13.39,3.75,日料,14.9,28.789757528693663,False,17,0,8.5,小雨,1.15,0.42,1.21,22,3.9,1,0.74,11,74.5,15.4,天气影响(小雨); 无电梯高楼层; 新餐厅备餐波动
ORD000843,R015,Rider019,2024-01-03 15:30:00,15,False,False,39.935373268943536,116.3751561623875,39.945355864006494,116.41266659881865,39.93266459512356,116.36241431632648,7.91,3.39,4.52,快餐,8.9,18.009195450484114,False,1,0,0.5,多云,1.0,0.34,1.17,28,3.9,0,0.82,1348,42.0,6.2,无
ORD000844,R032,Rider020,2024-01-06 10:38:00,10,True,False,39.92095528230341,116.39826483726146,39.923253376527065,116.37499397389878,39.95521852994615,116.403737357574,6.32,2.01,4.32,中餐,12.2,17.474689896273393,False,25,0,12.5,多云,1.0,0.45,1.22,12,4.7,0,0.81,589,57.7,11.3,无电梯高楼层
ORD000845,R016,Rider024,2024-01-01 23:14:00,23,False,False,39.93754255374655,116.40323077510155,39.91308360831194,116.4152316581654,39.836064702425794,116.40517809204412,11.5,2.9,8.59,西餐,13.4,24.031873644140493,True,28,1,5.2,多云,1.0,0.39,1.19,5,5.0,1,0.76,46,56.8,9.5,写字楼电梯等待; 新餐厅备餐波动
ORD000846,R049,Rider026,2024-01-03 03:55:00,3,False,False,39.90993422904151,116.3985926329917,39.93551026936107,116.41426935614565,39.86014992380612,116.42690693099692,11.58,3.14,8.44,快餐,26.0,27.85723728756851,True,7,1,1.9,多云,1.0,0.16,1.08,25,4.8,0,0.8,1818,58.2,5.5,无
ORD000847,R037,Rider023,2024-01-05 20:31:00,20,False,False,39.93625426534141,116.4270815466585,39.892457945637545,116.42054067792265,39.93964254240985,116.40191688715832,10.37,4.89,5.48,火锅,32.6,24.514262194854634,True,4,0,2.0,多云,1.0,0.25,1.13,33,4.7,0,0.91,1035,75.7,15.7,无
ORD000848,R025,Rider023,2024-01-01 20:31:00,20,False,False,39.85365632054176,116.32660818117208,39.92272922536534,116.4439121239094,39.93964254240985,116.40191688715832,16.68,12.63,4.05,烧烤,15.6,23.892997394647622,True,7,0,2.0,晴天,1.0,0.32,1.16,33,4.7,1,0.83,93,67.0,7.4,新餐厅备餐波动
ORD000849,R025,Rider020,2024-01-07 16:18:00,16,True,False,39.88391617522901,116.39950128782002,39.92272922536534,116.4439121239094,39.95521852994615,116.403737357574,10.72,5.74,4.98,烧烤,15.6,22.792033161157892,True,9,1,1.4,小雨,1.15,0.45,1.23,12,4.7,1,0.83,93,73.6,28.4,天气影响(小雨); 新餐厅备餐波动
ORD000850,R014,Rider010,2024-01-03 20:18:00,20,False,False,39.87598858466678,116.39961870412306,39.89783515734865,116.39459393617881,39.876127462298896,116.36871555781596,5.74,2.46,3.27,烧烤,39.2,16.83245497356748,True,28,0,5.0,晴天,1.0,0.45,1.23,3,4.9,1,0.82,66,79.8,15.1,新餐厅备餐波动
ORD000851,R001,Rider014,2024-01-01 15:56:00,15,False,False,39.95773656796481,116.4200008188751,39.91910142459034,116.40325207096485,39.93387852066118,116.46646634501718,10.17,4.52,5.65,西餐,24.0,17.28529189293524,True,21,0,2.5,多云,1.0,0.08,1.04,10,4.9,0,0.89,1738,74.6,12.9,无
ORD000852,R007,Rider008,2024-01-03 23:04:00,23,False,False,39.90909490011885,116.40750268663888,39.926353997399865,116.4125410484357,39.92497386056965,116.4687095565201,6.77,1.96,4.8,火锅,41.2,28.361527115945883,False,11,1,5.5,晴天,1.0,0.3,1.15,25,4.8,1,0.71,49,69.5,8.5,无电梯高楼层; 写字楼电梯等待; 新餐厅备餐波动
ORD000853,R038,Rider017,2024-01-04 16:28:00,16,False,False,39.90669150320184,116.4339615955966,39.93564059231985,116.38854290757573,39.9178982767203,116.48386118426038,13.42,5.04,8.38,中餐,14.2,20.106504738548004,False,14,1,7.0,小雨,1.15,0.39,1.19,3,4.3,0,0.85,1469,86.0,24.8,天气影响(小雨); 无电梯高楼层; 写字楼电梯等待
ORD000854,R045,Rider022,2024-01-04 14:07:00,14,False,False,39.88101221154985,116.39501280774219,39.93831052255901,116.42080670434322,39.88685398692913,116.39370765445501,12.9,6.73,6.17,日料,22.2,28.58273931216663,True,3,0,0.6,雾,1.25,0.37,1.18,34,4.0,0,0.8,384,66.4,16.4,天气影响(雾)
ORD000855,R035,Rider006,2024-01-04 15:15:00,15,False,False,39.92858743938666,116.32980725119002,39.868196047868096,116.44344141332652,39.8754622311499,116.39886211393153,15.71,11.81,3.9,快餐,40.4,31.910066591721183,False,2,0,1.0,晴天,1.0,0.34,1.17,27,3.9,1,0.83,67,80.4,9.5,新餐厅备餐波动
ORD000856,R040,Rider021,2024-01-03 19:05:00,19,False,True,39.942276831964655,116.45808585853192,39.91551888796381,116.45694052959438,39.920748511998084,116.46108354017223,3.65,2.97,0.68,西餐,32.3,32.66125110148972,True,8,0,1.1,晴天,1.0,0.73,1.37,23,4.6,0,0.85,1199,59.4,19.3,交通拥堵; 用餐高峰期
ORD000857,R040,Rider024,2024-01-03 22:37:00,22,False,False,39.91260257235091,116.39321682056601,39.91551888796381,116.45694052959438,39.836064702425794,116.40517809204412,15.33,5.46,9.87,西餐,28.5,22.443895649499517,True,26,0,3.6,多云,1.0,0.48,1.24,5,5.0,0,0.85,1199,79.0,5.9,无
ORD000858,R040,Rider019,2024-01-03 19:50:00,19,False,True,39.822061681889096,116.38635100514026,39.91551888796381,116.45694052959438,39.93266459512356,116.36241431632648,20.31,12.01,8.3,西餐,35.6,21.721923526716274,True,29,0,3.4,晴天,1.0,0.73,1.37,28,3.9,0,0.85,1199,130.9,35.8,交通拥堵; 用餐高峰期
ORD000859,R003,Rider012,2024-01-06 12:39:00,12,True,True,39.82076870401127,116.4297788595959,39.90486665479836,116.3945662125919,39.87227059127874,116.35388620704767,14.83,9.81,5.02,烧烤,29.4,23.92080416907574,True,13,0,1.3,小雨,1.15,0.74,1.37,27,4.5,0,0.76,799,112.9,44.9,天气影响(小雨); 交通拥堵; 用餐高峰期
ORD000860,R006,Rider006,2024-01-07 17:56:00,17,True,True,39.957772231355776,116.39590641641125,39.897316486385044,116.41908046739768,39.8754622311499,116.39886211393153,9.98,7.0,2.98,中餐,44.1,25.86172886451076,True,27,0,3.4,小雨,1.15,0.69,1.34,27,3.9,0,0.82,1513,104.2,33.5,天气影响(小雨); 交通拥堵; 用餐高峰期
ORD000861,R018,Rider014,2024-01-04 06:39:00,6,False,False,39.85219069407549,116.42787857785682,39.93680181069118,116.43754960642107,39.93387852066118,116.46646634501718,11.92,9.43,2.49,日料,14.9,17.757879510932394,True,3,0,0.5,晴天,1.0,0.48,1.24,10,4.9,1,0.74,11,71.3,15.6,新餐厅备餐波动
ORD000862,R028,Rider026,2024-01-04 09:32:00,9,False,False,39.83515013545423,116.39128972312777,39.92038827604751,116.36245113087884,39.86014992380612,116.42690693099692,18.45,9.78,8.67,火锅,13.9,26.212919444130847,True,24,0,4.1,晴天,1.0,0.96,1.48,25,4.8,0,0.86,1899,89.2,29.0,交通拥堵
ORD000863,R003,Rider001,2024-01-01 13:15:00,13,False,True,39.86176723421857,116.43033336298984,39.90486665479836,116.3945662125919,39.91716665409954,116.40219427782529,7.19,5.68,1.51,烧烤,34.3,22.74378178320555,True,21,1,3.2,晴天,1.0,0.99,1.49,19,4.2,0,0.76,799,80.2,23.7,交通拥堵; 写字楼电梯等待; 用餐高峰期
ORD000864,R003,Rider029,2024-01-07 13:27:00,13,True,True,39.94340284806499,116.34033639126575,39.90486665479836,116.3945662125919,39.9827701186798,116.39951113316586,14.97,6.31,8.66,烧烤,30.1,28.156327180058085,False,10,0,5.0,多云,1.0,0.75,1.38,30,3.7,0,0.76,799,88.7,21.7,交通拥堵; 无电梯高楼层; 用餐高峰期
ORD000865,R031,Rider023,2024-01-06 18:46:00,18,True,True,39.86932984808968,116.41382286435072,39.875714428644635,116.38949308005311,39.93964254240985,116.40191688715832,9.38,2.2,7.18,中餐,45.7,25.20022591337063,True,24,0,4.1,多云,1.0,0.6,1.3,33,4.7,0,0.86,117,91.8,19.6,用餐高峰期
ORD000866,R039,Rider010,2024-01-01 17:18:00,17,False,True,39.922685614427756,116.3391387709095,39.95763873231079,116.38707752996855,39.876127462298896,116.36871555781596,14.83,5.64,9.19,火锅,45.5,18.319377429053205,False,20,0,10.0,多云,1.0,0.8,1.4,3,4.9,1,0.77,57,148.0,43.9,交通拥堵; 无电梯高楼层; 用餐高峰期; 新餐厅备餐波动
ORD000867,R048,Rider012,2024-01-05 17:12:00,17,False,True,39.89509572972351,116.44070332418556,39.87933014967234,116.39059456879409,39.87227059127874,116.35388620704767,7.87,4.63,3.24,日料,20.8,22.43282582874995,True,27,0,3.4,小雨,1.15,0.68,1.34,27,4.5,0,0.94,1812,73.2,27.9,天气影响(小雨); 交通拥堵; 用餐高峰期
ORD000868,R028,Rider018,2024-01-07 15:14:00,15,True,False,39.861588608219684,116.40151801417456,39.92038827604751,116.36245113087884,39.88619738114083,116.43231399729389,14.41,7.33,7.08,火锅,11.9,27.388884768820592,True,25,0,3.3,小雨,1.15,0.26,1.13,9,3.7,0,0.86,1899,63.1,16.3,天气影响(小雨)
ORD000869,R033,Rider024,2024-01-05 17:02:00,17,False,True,39.973750866180715,116.42875029383941,39.91675918407518,116.3855546225191,39.836064702425794,116.40517809204412,16.44,7.33,9.12,中餐,7.0,27.627540589375222,False,26,0,13.0,小雨,1.15,0.68,1.34,5,5.0,0,0.82,637,92.7,36.9,天气影响(小雨); 交通拥堵; 无电梯高楼层; 用餐高峰期
ORD000870,R026,Rider023,2024-01-07 07:21:00,7,True,False,39.864452144127036,116.46734526508195,39.960173235334345,116.42161498762735,39.93964254240985,116.40191688715832,14.16,11.32,2.83,快餐,12.4,20.15205639125433,True,16,0,1.9,晴天,1.0,0.43,1.22,33,4.7,0,0.8,260,65.1,8.6,无
ORD000871,R013,Rider010,2024-01-05 22:26:00,22,False,False,39.91128131291042,116.42107823848289,39.98320584661837,116.37664727333566,39.876127462298896,116.36871555781596,20.75,8.84,11.91,西餐,20.1,20.892112801825867,True,18,0,2.3,雪,1.4,0.38,1.19,3,4.9,0,0.78,330,134.3,52.3,天气影响(雪)
ORD000872,R004,Rider027,2024-01-06 22:11:00,22,True,False,39.8867437629887,116.37684339924205,39.90622584614064,116.3646575544136,39.886332661172375,116.38837314608125,5.4,2.4,3.0,火锅,18.8,19.712120878814705,True,25,0,2.9,晴天,1.0,0.58,1.29,21,3.8,0,0.76,1942,62.5,24.3,无
ORD000873,R013,Rider013,2024-01-03 14:35:00,14,False,False,39.925430321095206,116.35799995901309,39.98320584661837,116.37664727333566,39.92705390041307,116.44622095280053,15.22,6.61,8.61,西餐,23.7,26.367571174818213,True,26,0,3.5,晴天,1.0,0.38,1.19,13,4.9,0,0.78,330,68.2,6.3,无
ORD000874,R006,Rider013,2024-01-02 09:33:00,9,False,False,39.87489336990264,116.3823836150785,39.897316486385044,116.41908046739768,39.92705390041307,116.44622095280053,8.04,4.01,4.04,中餐,31.3,29.250898333981464,False,29,0,14.5,晴天,1.0,0.94,1.47,13,4.9,0,0.82,1513,92.2,29.9,交通拥堵; 无电梯高楼层
ORD000875,R035,Rider015,2024-01-04 12:49:00,12,False,True,39.88694010479014,116.41934329072275,39.868196047868096,116.44344141332652,39.90125555536833,116.39611115244051,8.39,2.93,5.46,快餐,40.4,17.698349401163696,True,28,0,5.0,晴天,1.0,0.81,1.4,18,5.0,1,0.83,67,104.6,30.8,交通拥堵; 用餐高峰期; 新餐厅备餐波动
ORD000876,R036,Rider021,2024-01-03 23:14:00,23,False,False,39.92628735314666,116.46476864459183,39.91483258755359,116.35099062234642,39.920748511998084,116.46108354017223,19.25,9.81,9.44,日料,24.2,34.61198426934572,True,7,0,1.2,晴天,1.0,0.3,1.15,23,4.6,0,0.94,1695,66.3,7.5,无
ORD000877,R037,Rider014,2024-01-07 11:52:00,11,True,True,39.94310474025778,116.50770398542306,39.892457945637545,116.42054067792265,39.93387852066118,116.46646634501718,15.38,9.34,6.05,火锅,33.4,20.122860470996883,False,6,0,3.0,晴天,1.0,0.67,1.34,10,4.9,0,0.91,1035,110.2,28.0,交通拥堵; 无电梯高楼层; 用餐高峰期
ORD000878,R006,Rider018,2024-01-03 21:39:00,21,False,False,39.94770376311792,116.4725870679517,39.897316486385044,116.41908046739768,39.88619738114083,116.43231399729389,8.9,7.23,1.67,中餐,32.9,27.997227868499273,True,28,0,4.9,多云,1.0,0.59,1.29,9,3.7,0,0.82,1513,77.0,20.1,无
ORD000879,R045,Rider030,2024-01-05 19:56:00,19,False,True,39.89950880086578,116.40585608058869,39.93831052255901,116.42080670434322,39.911325137030445,116.40882541839402,7.66,4.49,3.17,日料,36.9,30.929400343859044,True,4,0,1.4,多云,1.0,0.91,1.46,22,3.9,0,0.8,384,75.5,22.3,交通拥堵; 用餐高峰期
ORD000880,R034,Rider004,2024-01-07 18:50:00,18,True,True,39.86906029577607,116.40803005346905,39.86870203135637,116.42224986962574,39.8938632905673,116.45473929280564,5.16,1.22,3.94,日料,33.0,23.614851234802146,True,28,0,3.7,晴天,1.0,0.57,1.28,9,4.7,1,0.71,96,67.5,17.7,用餐高峰期; 新餐厅备餐波动
ORD000881,R016,Rider003,2024-01-07 05:04:00,5,True,False,39.92359497384882,116.41455197687718,39.91308360831194,116.4152316581654,39.97674666303516,116.42358331580469,8.27,1.17,7.1,西餐,13.4,36.46093539859582,True,1,1,1.0,小雨,1.15,0.42,1.21,12,4.5,1,0.76,46,38.4,10.4,天气影响(小雨); 新餐厅备餐波动
ORD000882,R041,Rider024,2024-01-07 13:43:00,13,True,True,39.961136923113976,116.37732092836382,39.883799869976464,116.39949782465398,39.836064702425794,116.40517809204412,14.12,8.79,5.32,中餐,27.1,21.803647800601347,True,29,0,3.8,多云,1.0,0.75,1.38,5,5.0,1,0.85,78,90.5,20.7,交通拥堵; 用餐高峰期; 新餐厅备餐波动
ORD000883,R019,Rider021,2024-01-06 15:59:00,15,True,False,39.89688956322326,116.38048493533837,39.94131048218809,116.36460563345823,39.920748511998084,116.46108354017223,13.67,5.12,8.56,日料,17.4,34.43021707423227,False,4,0,2.0,晴天,1.0,0.33,1.16,23,4.6,0,0.87,829,43.5,0.3,无
ORD000884,R035,Rider014,2024-01-06 11:37:00,11,True,True,39.87547136675127,116.43106642864436,39.868196047868096,116.44344141332652,39.93387852066118,116.46646634501718,8.89,1.33,7.55,快餐,40.4,19.535499438583226,True,23,1,3.8,雪,1.4,0.94,1.47,10,4.9,1,0.83,67,149.1,77.7,天气影响(雪); 交通拥堵; 写字楼电梯等待; 用餐高峰期; 新餐厅备餐波动
ORD000885,R046,Rider028,2024-01-05 23:39:00,23,False,False,39.77617720293745,116.48217015324272,39.90750898735901,116.3944992384245,39.8468364452307,116.39973868704347,23.15,16.4,6.75,中餐,21.7,21.61294909913368,False,28,1,14.0,多云,1.0,0.15,1.08,14,4.0,0,0.9,704,105.8,5.8,无电梯高楼层; 写字楼电梯等待
ORD000886,R021,Rider003,2024-01-07 23:55:00,23,True,False,39.90906682690339,116.4198779606879,39.90504298390045,116.37148738809985,39.97674666303516,116.42358331580469,13.28,4.16,9.12,西餐,16.5,29.156706840379897,True,7,0,1.3,雾,1.25,0.34,1.17,12,4.5,0,0.95,863,65.4,20.2,天气影响(雾)
ORD000887,R038,Rider015,2024-01-07 11:33:00,11,True,True,39.887108047848926,116.40183933537942,39.93564059231985,116.38854290757573,39.90125555536833,116.39611115244051,9.38,5.51,3.87,中餐,16.5,16.922388984731953,True,16,0,1.7,晴天,1.0,0.67,1.34,18,5.0,0,0.85,1469,75.1,23.7,交通拥堵; 用餐高峰期
ORD000888,R012,Rider022,2024-01-06 03:27:00,3,True,False,39.924781865991534,116.46427849266863,39.9031252188267,116.45433930967441,39.88685398692913,116.39370765445501,8.04,2.55,5.49,西餐,21.4,25.289998067648785,True,12,0,1.4,小雨,1.15,0.25,1.13,34,4.0,0,0.85,1677,55.7,13.8,天气影响(小雨)
ORD000889,R011,Rider010,2024-01-06 15:08:00,15,True,False,39.90458300208865,116.46132897227683,39.85697534139168,116.42653858829674,39.876127462298896,116.36871555781596,11.45,6.07,5.38,快餐,7.7,21.602348608508535,True,17,0,2.6,晴天,1.0,0.33,1.16,3,4.9,0,0.84,1585,42.7,0.6,无
ORD000890,R035,Rider023,2024-01-04 23:01:00,23,False,False,39.87834201363734,116.37615641029302,39.868196047868096,116.44344141332652,39.93964254240985,116.40191688715832,14.56,5.87,8.69,快餐,40.4,22.135255390603845,True,22,0,2.8,小雨,1.15,0.23,1.12,33,4.7,1,0.83,67,100.2,17.6,天气影响(小雨); 新餐厅备餐波动
ORD000891,R006,Rider030,2024-01-05 18:22:00,18,False,True,39.88377021155584,116.50463074176506,39.897316486385044,116.41908046739768,39.911325137030445,116.40882541839402,9.26,7.47,1.79,中餐,42.8,27.21547668537788,True,17,1,2.6,小雨,1.15,0.89,1.44,22,3.9,0,0.82,1513,109.7,43.9,天气影响(小雨); 交通拥堵; 写字楼电梯等待; 用餐高峰期
ORD000892,R014,Rider010,2024-01-04 09:10:00,9,False,False,39.92957487183775,116.4324977685023,39.89783515734865,116.39459393617881,39.876127462298896,116.36871555781596,8.06,4.79,3.27,烧烤,39.2,17.261932925716003,True,28,0,5.0,晴天,1.0,0.96,1.48,3,4.9,1,0.82,66,106.4,34.1,交通拥堵; 新餐厅备餐波动
ORD000893,R048,Rider010,2024-01-04 21:15:00,21,False,False,39.83331394511255,116.44505275275208,39.87933014967234,116.39059456879409,39.876127462298896,116.36871555781596,8.82,6.92,1.91,日料,15.5,17.745750708439797,True,4,0,0.9,雾,1.25,0.52,1.26,3,4.9,0,0.94,1812,69.7,23.4,天气影响(雾)
ORD000894,R022,Rider021,2024-01-01 10:10:00,10,False,False,39.901317573109665,116.38372852437233,39.92367260197888,116.37071379389974,39.920748511998084,116.46108354017223,10.45,2.72,7.73,快餐,22.8,37.126647435716606,True,11,0,3.1,晴天,1.0,0.46,1.23,23,4.6,1,0.76,91,50.9,8.1,新餐厅备餐波动
ORD000895,R003,Rider004,2024-01-07 20:39:00,20,True,False,39.893279134741825,116.40582788936892,39.90486665479836,116.3945662125919,39.8938632905673,116.45473929280564,6.9,1.61,5.29,烧烤,23.1,29.049788330382007,False,29,1,14.5,多云,1.0,0.27,1.13,9,4.7,0,0.76,799,62.6,10.8,无电梯高楼层; 写字楼电梯等待
ORD000896,R024,Rider003,2024-01-02 19:26:00,19,False,True,39.88457455786677,116.43154064440522,39.91199648382746,116.43085468615331,39.97674666303516,116.42358331580469,10.26,3.05,7.22,西餐,32.7,29.320444838899217,False,12,1,6.0,小雨,1.15,0.98,1.49,12,4.5,0,0.83,915,101.1,41.5,天气影响(小雨); 交通拥堵; 无电梯高楼层; 写字楼电梯等待; 用餐高峰期
ORD000897,R018,Rider026,2024-01-03 22:22:00,22,False,False,39.9379257340925,116.43797639678387,39.93680181069118,116.43754960642107,39.86014992380612,116.42690693099692,8.69,0.13,8.56,日料,14.9,29.289013627801907,True,8,0,0.8,多云,1.0,0.48,1.24,25,4.8,1,0.74,11,35.7,2.2,新餐厅备餐波动
ORD000898,R040,Rider023,2024-01-02 16:34:00,16,False,False,39.88106962588978,116.42244594819691,39.91551888796381,116.45694052959438,39.93964254240985,116.40191688715832,10.24,4.83,5.41,西餐,21.8,21.561980380501222,False,18,0,9.0,小雨,1.15,0.36,1.18,33,4.7,0,0.85,1199,82.9,23.6,天气影响(小雨); 无电梯高楼层
ORD000899,R043,Rider005,2024-01-01 15:57:00,15,False,False,39.940346328918835,116.46754614414678,39.94743819867199,116.36432413546461,39.846276626340114,116.35110144902494,20.15,8.86,11.29,日料,19.5,19.58153826126524,False,19,0,9.5,多云,1.0,0.08,1.04,17,4.9,0,0.95,1448,92.0,1.2,无电梯高楼层
ORD000900,R011,Rider004,2024-01-07 15:25:00,15,True,False,39.93150078517798,116.43732925877121,39.85697534139168,116.42653858829674,39.8938632905673,116.45473929280564,13.08,8.33,4.75,快餐,10.2,25.22781274260666,True,28,0,3.8,小雨,1.15,0.26,1.13,9,4.7,0,0.84,1585,54.5,9.5,天气影响(小雨)
ORD000901,R043,Rider022,2024-01-05 12:06:00,12,False,True,39.905661191134335,116.3969900300519,39.94743819867199,116.36432413546461,39.88685398692913,116.39370765445501,12.59,5.41,7.18,日料,22.6,27.32576167959483,True,1,0,0.2,多云,1.0,0.8,1.4,34,4.0,0,0.95,1448,72.1,21.6,交通拥堵; 用餐高峰期
ORD000902,R018,Rider010,2024-01-01 03:22:00,3,False,False,39.93352730048903,116.46494176336795,39.93680181069118,116.43754960642107,39.876127462298896,116.36871555781596,11.32,2.37,8.95,日料,14.9,19.009717295595816,True,6,1,1.5,晴天,1.0,0.2,1.1,3,4.9,1,0.74,11,55.4,3.3,新餐厅备餐波动
ORD000903,R005,Rider009,2024-01-04 10:39:00,10,False,False,39.863436471797264,116.43192126694039,39.88619238449682,116.4358231946314,39.91316369927242,116.40790369603127,6.38,2.55,3.83,火锅,28.1,22.964400431956566,True,20,0,2.5,大雨,1.35,0.44,1.22,35,4.5,1,0.77,80,82.0,34.7,天气影响(大雨); 新餐厅备餐波动
ORD000904,R040,Rider025,2024-01-05 20:32:00,20,False,False,39.945918644743834,116.41085942350489,39.91551888796381,116.45694052959438,39.85202121997981,116.4341869019532,12.5,5.19,7.31,西餐,22.1,20.23374585988582,False,5,1,2.5,多云,1.0,0.25,1.13,23,3.7,0,0.85,1199,67.4,5.7,无
ORD000905,R012,Rider029,2024-01-04 10:49:00,10,False,False,39.890878472845394,116.38546228199371,39.9031252188267,116.45433930967441,39.9827701186798,116.39951113316586,16.05,6.05,10.01,西餐,25.1,28.534398931500796,False,16,0,8.0,大雨,1.35,0.44,1.22,30,3.7,0,0.85,1677,110.3,43.5,天气影响(大雨); 无电梯高楼层
ORD000906,R034,Rider007,2024-01-04 11:58:00,11,False,True,39.952741913832305,116.35886829288044,39.86870203135637,116.42224986962574,39.8812319420477,116.34772102698165,17.32,10.79,6.53,日料,33.0,34.59671755607333,True,24,0,2.6,晴天,1.0,0.89,1.45,20,3.7,1,0.71,96,93.2,27.6,交通拥堵; 用餐高峰期; 新餐厅备餐波动
ORD000907,R048,Rider013,2024-01-02 09:42:00,9,False,False,39.90487442561607,116.40714684405047,39.87933014967234,116.39059456879409,39.92705390041307,116.44622095280053,10.29,3.17,7.12,日料,10.1,28.476663798398516,False,29,1,14.5,晴天,1.0,0.94,1.47,13,4.9,0,0.94,1812,73.5,27.1,交通拥堵; 无电梯高楼层; 写字楼电梯等待
ORD000908,R029,Rider025,2024-01-05 19:13:00,19,False,True,39.91224715255323,116.40588467887464,39.929703617463716,116.41923019854394,39.85202121997981,116.4341869019532,10.97,2.25,8.72,快餐,10.4,19.886354598218567,True,14,0,3.7,多云,1.0,0.91,1.46,23,3.7,0,0.86,1639,64.9,17.6,交通拥堵; 用餐高峰期
ORD000909,R040,Rider001,2024-01-03 10:32:00,10,False,False,39.88105117230733,116.40403269592517,39.91551888796381,116.45694052959438,39.91716665409954,116.40219427782529,10.61,5.93,4.68,西餐,27.8,21.57681422423481,True,6,0,0.8,雾,1.25,0.25,1.13,19,4.2,0,0.85,1199,80.2,22.1,天气影响(雾)
ORD000910,R033,Rider029,2024-01-04 06:54:00,6,False,False,39.93575137336418,116.47599509173757,39.91675918407518,116.3855546225191,39.9827701186798,116.39951113316586,15.44,8.01,7.43,中餐,8.5,29.027161536506046,True,15,1,3.8,晴天,1.0,0.48,1.24,30,3.7,0,0.82,637,55.7,11.5,写字楼电梯等待
ORD000911,R009,Rider014,2024-01-07 10:41:00,10,True,False,39.83058097817411,116.33257435395505,39.84792969683381,116.3663965358334,39.93387852066118,116.46646634501718,16.3,3.48,12.82,西餐,29.2,21.389879922497133,True,16,0,2.7,多云,1.0,0.31,1.15,10,4.9,0,0.75,1622,79.0,1.4,无
ORD000912,R028,Rider025,2024-01-03 09:26:00,9,False,False,39.87472846884324,116.4316529633792,39.92038827604751,116.36245113087884,39.85202121997981,116.4341869019532,17.55,7.79,9.76,火锅,15.0,20.526903168475066,True,20,0,2.0,晴天,1.0,0.71,1.36,23,3.7,0,0.86,1899,88.2,19.8,交通拥堵
ORD000913,R019,Rider029,2024-01-05 23:43:00,23,False,False,39.92670995396621,116.33336720673337,39.94131048218809,116.36460563345823,39.9827701186798,116.39951113316586,8.61,3.12,5.49,日料,14.0,27.3476935573213,False,17,0,8.5,多云,1.0,0.15,1.08,30,3.7,0,0.87,829,42.1,0.7,无电梯高楼层
ORD000914,R047,Rider004,2024-01-02 15:46:00,15,False,False,39.88374836893004,116.4219191683606,39.88553288505282,116.39673534077251,39.8938632905673,116.45473929280564,7.21,2.16,5.05,日料,32.1,23.322368455651276,False,24,1,12.0,小雨,1.15,0.35,1.17,9,4.7,0,0.89,512,76.8,14.2,天气影响(小雨); 无电梯高楼层; 写字楼电梯等待
ORD000915,R018,Rider019,2024-01-02 09:30:00,9,False,False,39.88902075500223,116.36808755545229,39.93680181069118,116.43754960642107,39.93266459512356,116.36241431632648,14.4,7.96,6.44,日料,14.9,19.265806906775612,True,6,0,1.2,晴天,1.0,0.94,1.47,28,3.9,1,0.74,11,94.7,33.7,交通拥堵; 新餐厅备餐波动
ORD000916,R032,Rider013,2024-01-01 17:50:00,17,False,True,39.871168121240196,116.39964005624982,39.923253376527065,116.37499397389878,39.92705390041307,116.44622095280053,12.26,6.16,6.1,中餐,15.7,30.90446552186707,False,22,0,11.0,多云,1.0,0.8,1.4,13,4.9,0,0.81,589,70.0,19.5,交通拥堵; 无电梯高楼层; 用餐高峰期
ORD000917,R049,Rider019,2024-01-01 09:08:00,9,False,False,39.93500162368168,116.35981101638495,39.93551026936107,116.41426935614565,39.93266459512356,116.36241431632648,9.1,4.66,4.44,快餐,17.5,17.228454522688203,True,5,0,2.8,晴天,1.0,0.94,1.47,28,3.9,0,0.8,1818,66.1,14.2,交通拥堵
ORD000918,R018,Rider015,2024-01-01 20:14:00,20,False,False,39.85431009204794,116.44621692239761,39.93680181069118,116.43754960642107,39.90125555536833,116.39611115244051,14.49,9.19,5.3,日料,14.9,20.39688052757295,True,15,0,2.0,晴天,1.0,0.32,1.16,18,5.0,1,0.74,11,75.8,16.3,新餐厅备餐波动
ORD000919,R022,Rider012,2024-01-07 17:40:00,17,True,True,39.940410797390996,116.40288344744447,39.92367260197888,116.37071379389974,39.87227059127874,116.35388620704767,9.2,3.32,5.89,快餐,22.8,24.814768768499142,True,2,0,3.3,小雨,1.15,0.69,1.34,27,4.5,1,0.76,91,72.5,24.0,天气影响(小雨); 交通拥堵; 用餐高峰期; 新餐厅备餐波动
ORD000920,R012,Rider005,2024-01-04 15:04:00,15,False,False,39.93624386865786,116.39089017591192,39.9031252188267,116.45433930967441,39.846276626340114,116.35110144902494,17.41,6.55,10.86,西餐,21.1,19.561080916431525,True,12,0,1.4,晴天,1.0,0.34,1.17,17,4.9,0,0.85,1677,92.2,16.2,无
ORD000921,R024,Rider005,2024-01-04 15:57:00,15,False,False,39.998056916214736,116.44396585654826,39.91199648382746,116.43085468615331,39.846276626340114,116.35110144902494,19.61,9.62,9.99,西餐,25.6,19.07172675097708,False,12,0,6.0,晴天,1.0,0.34,1.17,17,4.9,0,0.83,915,117.6,24.3,无电梯高楼层
ORD000922,R043,Rider011,2024-01-02 23:37:00,23,False,False,39.89048418764229,116.37399255703758,39.94743819867199,116.36432413546461,39.99179211732871,116.37506806858579,11.39,6.38,5.01,日料,23.2,27.2339734567592,False,8,0,4.0,晴天,1.0,0.44,1.22,28,4.5,0,0.95,1448,63.9,11.6,无电梯高楼层
ORD000923,R049,Rider025,2024-01-06 23:24:00,23,True,False,39.925840991250396,116.44717535573044,39.93551026936107,116.41426935614565,39.85202121997981,116.4341869019532,12.44,3.01,9.43,快餐,27.4,23.53708951278329,False,15,0,7.5,雾,1.25,0.02,1.01,23,3.7,0,0.8,1818,83.0,16.3,天气影响(雾); 无电梯高楼层
ORD000924,R046,Rider010,2024-01-07 15:15:00,15,True,False,39.9257746177331,116.40877785032548,39.90750898735901,116.3944992384245,39.876127462298896,116.36871555781596,6.49,2.37,4.12,中餐,19.9,19.769477101787633,True,19,1,5.5,小雨,1.15,0.26,1.13,3,4.9,0,0.9,704,50.5,5.4,天气影响(小雨); 写字楼电梯等待
ORD000925,R033,Rider025,2024-01-02 23:24:00,23,False,False,39.82749696966918,116.36688703853115,39.91675918407518,116.3855546225191,39.85202121997981,116.4341869019532,18.34,10.04,8.3,中餐,10.8,17.70833547497725,False,9,0,4.5,晴天,1.0,0.44,1.22,23,3.7,0,0.82,637,91.7,14.3,无电梯高楼层
ORD000926,R019,Rider029,2024-01-03 19:58:00,19,False,True,39.878386772719914,116.37035755775312,39.94131048218809,116.36460563345823,39.9827701186798,116.39951113316586,12.49,7.0,5.49,日料,20.6,23.022363500186067,True,7,0,0.8,晴天,1.0,0.73,1.37,30,3.7,0,0.87,829,79.6,25.7,交通拥堵; 用餐高峰期
ORD000927,R028,Rider007,2024-01-04 09:36:00,9,False,False,39.84256651393006,116.42524448609885,39.92038827604751,116.36245113087884,39.8812319420477,116.34772102698165,14.7,10.17,4.53,火锅,9.6,33.1890934113355,True,26,1,5.6,晴天,1.0,0.96,1.48,20,3.7,0,0.86,1899,71.3,29.5,交通拥堵; 写字楼电梯等待
ORD000928,R006,Rider016,2024-01-05 20:11:00,20,False,False,39.862734456437174,116.44233260397168,39.897316486385044,116.41908046739768,39.917836887942364,116.40394345972673,6.94,4.32,2.62,中餐,34.3,26.3971138950377,True,11,1,3.1,多云,1.0,0.25,1.13,13,3.6,0,0.82,1513,52.6,0.0,写字楼电梯等待
ORD000929,R027,Rider017,2024-01-01 10:25:00,10,False,False,39.965802689589715,116.33515343166484,39.94449504636891,116.38536357050157,39.9178982767203,116.48386118426038,13.82,4.9,8.92,西餐,15.7,20.954031938172378,False,30,0,15.0,晴天,1.0,0.46,1.23,3,4.3,0,0.82,787,90.0,19.7,无电梯高楼层
ORD000930,R003,Rider002,2024-01-05 16:07:00,16,False,False,39.892620104075775,116.47169404534566,39.90486665479836,116.3945662125919,39.94914167126766,116.49312820752455,16.49,6.73,9.75,烧烤,24.0,24.58782478586748,True,25,0,3.6,多云,1.0,0.27,1.14,23,4.7,0,0.76,799,79.4,11.6,无
ORD000931,R016,Rider027,2024-01-04 09:27:00,9,False,False,39.89935680249376,116.4376486341594,39.91308360831194,116.4152316581654,39.886332661172375,116.38837314608125,6.2,2.45,3.75,西餐,13.4,19.475046686705507,True,2,0,3.4,晴天,1.0,0.96,1.48,21,3.8,1,0.76,46,49.0,13.1,交通拥堵; 新餐厅备餐波动
ORD000932,R024,Rider008,2024-01-04 20:12:00,20,False,False,39.91389036438645,116.37324282431828,39.91199648382746,116.43085468615331,39.92497386056965,116.4687095565201,8.47,4.93,3.54,西餐,27.6,35.54086803561863,True,27,0,3.4,晴天,1.0,0.43,1.22,25,4.8,0,0.83,915,54.9,9.6,无
ORD000933,R040,Rider030,2024-01-04 16:27:00,16,False,False,39.857363799809725,116.33326862072856,39.91551888796381,116.45694052959438,39.911325137030445,116.40882541839402,16.53,12.39,4.14,西餐,26.1,35.27090384010859,False,11,1,5.5,小雨,1.15,0.39,1.19,22,3.9,0,0.85,1199,74.0,14.3,天气影响(小雨); 无电梯高楼层; 写字楼电梯等待
ORD000934,R027,Rider004,2024-01-05 16:19:00,16,False,False,39.95523628481658,116.35853083852876,39.94449504636891,116.38536357050157,39.8938632905673,116.45473929280564,10.76,2.58,8.17,西餐,25.0,28.583914193684063,True,30,0,3.0,多云,1.0,0.27,1.14,9,4.7,0,0.82,787,60.8,10.2,无
ORD000935,R004,Rider015,2024-01-05 09:52:00,9,False,False,39.8504835451739,116.41461234282934,39.90622584614064,116.3646575544136,39.90125555536833,116.39611115244051,10.27,7.52,2.75,火锅,17.7,20.473673237873026,True,16,0,2.0,晴天,1.0,1.0,1.5,18,5.0,0,0.76,1942,73.0,23.3,交通拥堵
ORD000936,R013,Rider007,2024-01-06 16:08:00,16,True,False,39.92292728743758,116.43857617129459,39.98320584661837,116.37664727333566,39.8812319420477,116.34772102698165,20.12,8.53,11.59,西餐,13.2,35.18266813713955,True,5,0,1.3,多云,1.0,0.24,1.12,20,3.7,0,0.78,330,47.9,0.0,无
ORD000937,R019,Rider016,2024-01-01 09:28:00,9,False,False,39.919478895983,116.32512784700847,39.94131048218809,116.36460563345823,39.917836887942364,116.40394345972673,8.41,4.15,4.25,日料,21.8,25.297700344176548,True,8,0,1.7,晴天,1.0,0.94,1.47,13,3.6,0,0.87,829,66.2,22.7,交通拥堵
ORD000938,R033,Rider023,2024-01-03 15:31:00,15,False,False,39.87379097769718,116.3747249564915,39.91675918407518,116.3855546225191,39.93964254240985,116.40191688715832,7.76,4.86,2.9,中餐,12.6,24.33849958843723,True,15,0,1.9,多云,1.0,0.34,1.17,33,4.7,0,0.82,637,37.3,3.6,无
ORD000939,R041,Rider016,2024-01-06 10:57:00,10,True,False,39.90869525596011,116.41675414289759,39.883799869976464,116.39949782465398,39.917836887942364,116.40394345972673,6.93,3.13,3.8,中餐,27.1,24.78857254325709,False,6,0,3.0,多云,1.0,0.45,1.22,13,3.6,1,0.85,78,47.1,0.2,无电梯高楼层; 新餐厅备餐波动
ORD000940,R006,Rider008,2024-01-03 07:22:00,7,False,False,39.94060055883489,116.3727569098135,39.897316486385044,116.41908046739768,39.92497386056965,116.4687095565201,11.47,6.23,5.24,中餐,37.1,34.51318924505852,True,15,1,2.3,晴天,1.0,0.83,1.42,25,4.8,0,0.82,1513,83.9,24.6,交通拥堵; 写字楼电梯等待
ORD000941,R043,Rider020,2024-01-06 14:33:00,14,True,False,39.89898149549755,116.34915981884956,39.94743819867199,116.36432413546461,39.95521852994615,116.403737357574,9.01,5.53,3.48,日料,29.6,17.277187565750843,True,4,1,1.9,晴天,1.0,0.35,1.17,12,4.7,0,0.95,1448,75.9,13.1,无
ORD000942,R045,Rider019,2024-01-01 15:37:00,15,False,False,39.98715919994967,116.4473773357242,39.93831052255901,116.42080670434322,39.93266459512356,116.36241431632648,10.91,5.88,5.03,日料,25.3,18.04299310677902,False,28,1,14.0,多云,1.0,0.08,1.04,28,3.9,0,0.8,384,74.9,0.0,无电梯高楼层; 写字楼电梯等待
ORD000943,R044,Rider027,2024-01-02 11:12:00,11,False,True,39.879927399028226,116.4697839847785,39.93937307347177,116.4233420003288,39.886332661172375,116.38837314608125,14.31,7.7,6.6,火锅,13.4,22.918301476375373,True,8,1,4.5,多云,1.0,0.94,1.47,21,3.8,0,0.88,1668,81.9,26.6,交通拥堵; 用餐高峰期
ORD000944,R028,Rider007,2024-01-05 10:37:00,10,False,False,39.93703591971333,116.39537909056754,39.92038827604751,116.36245113087884,39.8812319420477,116.34772102698165,7.89,3.37,4.53,火锅,11.0,34.06620807805453,True,30,0,3.4,小雨,1.15,0.47,1.24,20,3.7,0,0.86,1899,36.4,8.1,天气影响(小雨)
ORD000945,R042,Rider025,2024-01-02 20:11:00,20,False,False,39.92315784707569,116.44857928966822,39.865351725765606,116.4042464448576,39.85202121997981,116.4341869019532,10.41,7.45,2.96,火锅,28.4,18.495457049586705,False,21,0,10.5,晴天,1.0,0.32,1.16,23,3.7,0,0.84,621,90.6,17.9,无电梯高楼层
ORD000946,R040,Rider022,2024-01-02 22:07:00,22,False,False,39.904182183071505,116.36315907197277,39.91551888796381,116.45694052959438,39.88685398692913,116.39370765445501,14.39,8.12,6.27,西餐,22.0,27.873906016681214,True,13,0,3.1,多云,1.0,0.49,1.25,34,4.0,0,0.85,1199,68.6,12.5,无
ORD000947,R042,Rider020,2024-01-02 10:37:00,10,False,False,39.88602453042837,116.52461704275606,39.865351725765606,116.4042464448576,39.95521852994615,116.403737357574,20.53,10.55,9.98,火锅,40.0,20.701159445197383,True,30,0,3.9,大雨,1.35,0.17,1.09,12,4.7,0,0.84,621,151.4,48.0,天气影响(大雨)
ORD000948,R050,Rider010,2024-01-01 17:43:00,17,False,True,39.86556350508436,116.4261095499191,39.9045643952722,116.43532802251922,39.876127462298896,116.36871555781596,10.92,4.4,6.51,快餐,37.1,20.156511772065848,True,17,0,2.4,多云,1.0,0.8,1.4,3,4.9,0,0.82,798,95.8,23.7,交通拥堵; 用餐高峰期
ORD000949,R029,Rider001,2024-01-01 23:33:00,23,False,False,39.878793497572914,116.41891394390404,39.929703617463716,116.41923019854394,39.91716665409954,116.40219427782529,7.67,5.65,2.01,快餐,10.0,20.357796675722827,True,23,0,4.1,多云,1.0,0.39,1.19,19,4.2,0,0.86,1639,34.5,0.0,无
ORD000950,R005,Rider022,2024-01-04 09:10:00,9,False,False,39.92031066253001,116.35937098798446,39.88619238449682,116.4358231946314,39.88685398692913,116.39370765445501,11.16,7.56,3.6,火锅,28.1,31.53621011149098,True,12,0,1.2,晴天,1.0,0.96,1.48,34,4.0,1,0.77,80,72.8,22.2,交通拥堵; 新餐厅备餐波动
ORD000951,R012,Rider025,2024-01-01 23:07:00,23,False,False,39.98710403828229,116.46013278852875,39.9031252188267,116.45433930967441,39.85202121997981,116.4341869019532,15.27,9.34,5.93,西餐,22.4,23.12592334944109,False,7,0,3.5,多云,1.0,0.39,1.19,23,3.7,0,0.85,1677,70.3,4.8,无电梯高楼层
ORD000952,R014,Rider008,2024-01-05 10:27:00,10,False,False,39.90546171468642,116.39683780287147,39.89783515734865,116.39459393617881,39.92497386056965,116.4687095565201,7.89,0.87,7.02,烧烤,39.2,31.282215369899223,True,19,0,2.9,小雨,1.15,0.47,1.24,25,4.8,1,0.82,66,75.5,18.2,天气影响(小雨); 新餐厅备餐波动
ORD000953,R039,Rider027,2024-01-03 10:34:00,10,False,False,39.88053909262881,116.39767827025027,39.95763873231079,116.38707752996855,39.886332661172375,116.38837314608125,16.53,8.61,7.92,火锅,45.5,20.640674885314,True,16,1,4.4,雾,1.25,0.25,1.13,21,3.8,1,0.77,57,129.3,31.3,天气影响(雾); 写字楼电梯等待; 新餐厅备餐波动
ORD000954,R004,Rider021,2024-01-07 16:06:00,16,True,False,39.894405918491486,116.41928488218076,39.90622584614064,116.3646575544136,39.920748511998084,116.46108354017223,13.25,4.85,8.4,火锅,19.3,27.358458392499493,True,17,0,1.7,小雨,1.15,0.45,1.23,23,4.6,0,0.76,1942,81.1,31.1,天气影响(小雨)
ORD000955,R028,Rider014,2024-01-06 10:34:00,10,True,False,39.881932314423615,116.30589922562525,39.92038827604751,116.36245113087884,39.93387852066118,116.46646634501718,15.47,6.45,9.02,火锅,13.0,22.952383120517716,True,29,0,3.4,多云,1.0,0.45,1.22,10,4.9,0,0.86,1899,63.3,6.5,无
ORD000956,R026,Rider002,2024-01-03 09:42:00,9,False,False,39.98204952512066,116.4236673523317,39.960173235334345,116.42161498762735,39.94914167126766,116.49312820752455,8.67,2.44,6.23,快餐,10.6,19.53278057975204,True,2,1,1.2,晴天,1.0,0.71,1.36,23,4.7,0,0.8,260,56.1,17.7,交通拥堵
ORD000957,R021,Rider010,2024-01-03 20:05:00,20,False,False,39.87664079452775,116.41347320440106,39.90504298390045,116.37148738809985,39.876127462298896,116.36871555781596,8.0,4.78,3.22,西餐,8.8,20.39098418012408,True,18,1,3.1,晴天,1.0,0.45,1.23,3,4.9,0,0.95,863,37.7,2.2,写字楼电梯等待
ORD000958,R039,Rider023,2024-01-04 23:15:00,23,False,False,39.93160909207772,116.44648877672671,39.95763873231079,116.38707752996855,39.93964254240985,116.40191688715832,8.21,5.84,2.37,火锅,45.5,22.122893515728798,True,19,0,5.0,小雨,1.15,0.23,1.12,33,4.7,1,0.77,57,86.0,13.3,天气影响(小雨); 新餐厅备餐波动
ORD000959,R036,Rider021,2024-01-02 16:07:00,16,False,False,39.94526799204818,116.3323495252226,39.91483258755359,116.35099062234642,39.920748511998084,116.46108354017223,13.17,3.74,9.44,日料,21.3,30.426516301015607,False,19,0,9.5,小雨,1.15,0.36,1.18,23,4.6,0,0.94,1695,73.4,16.6,天气影响(小雨); 无电梯高楼层
ORD000960,R022,Rider021,2024-01-07 07:12:00,7,True,False,39.900275059408266,116.33570959386228,39.92367260197888,116.37071379389974,39.920748511998084,116.46108354017223,11.7,3.96,7.73,快餐,22.8,30.274420074622913,True,6,0,0.9,晴天,1.0,0.43,1.22,23,4.6,1,0.76,91,52.3,5.4,新餐厅备餐波动
ORD000961,R009,Rider029,2024-01-06 01:49:00,1,True,False,39.8655350407758,116.40924343111116,39.84792969683381,116.3663965358334,39.9827701186798,116.39951113316586,19.39,4.16,15.24,西餐,32.5,26.4888752760838,True,26,0,5.0,多云,1.0,0.4,1.2,30,3.7,0,0.75,1622,93.3,11.9,无
ORD000962,R046,Rider006,2024-01-01 18:44:00,18,False,True,39.93451533594789,116.39036576155073,39.90750898735901,116.3944992384245,39.8754622311499,116.39886211393153,6.6,3.02,3.58,中餐,28.3,30.658194312859766,True,10,1,2.5,多云,1.0,0.75,1.37,27,3.9,0,0.9,704,61.8,18.0,交通拥堵; 用餐高峰期
ORD000963,R015,Rider010,2024-01-03 16:50:00,16,False,False,39.93704877340063,116.46017100864434,39.945355864006494,116.41266659881865,39.876127462298896,116.36871555781596,12.72,4.16,8.56,快餐,6.9,20.500421367658383,True,17,0,3.1,雪,1.4,0.2,1.1,3,4.9,0,0.82,1348,76.0,28.7,天气影响(雪)
ORD000964,R029,Rider026,2024-01-05 06:08:00,6,False,False,39.84893020901194,116.40169768882491,39.929703617463716,116.41923019854394,39.86014992380612,116.42690693099692,16.84,9.09,7.75,快餐,11.0,26.98315312680007,True,12,0,1.7,多云,1.0,0.35,1.18,25,4.8,0,0.86,1639,61.8,11.7,无
ORD000965,R007,Rider004,2024-01-01 20:54:00,20,False,False,39.9014948595727,116.42352952885997,39.926353997399865,116.4125410484357,39.8938632905673,116.45473929280564,8.02,2.92,5.1,火锅,41.2,22.624989988534292,True,30,0,5.0,晴天,1.0,0.32,1.16,9,4.7,1,0.71,49,74.1,6.6,新餐厅备餐波动
ORD000966,R038,Rider007,2024-01-03 19:10:00,19,False,True,39.92813982942915,116.42901065033114,39.93564059231985,116.38854290757573,39.8812319420477,116.34772102698165,10.54,3.56,6.98,中餐,14.7,34.59128697474575,True,16,0,2.5,晴天,1.0,0.73,1.37,20,3.7,0,0.85,1469,51.5,16.0,交通拥堵; 用餐高峰期
ORD000967,R034,Rider015,2024-01-07 06:04:00,6,True,False,39.97649515610585,116.43063031935903,39.86870203135637,116.42224986962574,39.90125555536833,116.39611115244051,16.24,11.99,4.25,日料,33.0,17.145130434398506,True,14,1,2.7,多云,1.0,0.25,1.13,18,5.0,1,0.71,96,102.1,9.6,写字楼电梯等待; 新餐厅备餐波动
ORD000968,R021,Rider014,2024-01-07 05:15:00,5,True,False,39.88426495527662,116.38789094827432,39.90504298390045,116.37148738809985,39.93387852066118,116.46646634501718,11.43,2.7,8.73,西餐,10.3,20.409041476604006,True,3,0,1.2,小雨,1.15,0.42,1.21,10,4.9,0,0.95,863,59.0,13.9,天气影响(小雨)
ORD000969,R024,Rider019,2024-01-06 14:09:00,14,True,False,39.95026609584782,116.41427105782633,39.91199648382746,116.43085468615331,39.93266459512356,116.36241431632648,10.76,4.48,6.28,西餐,28.0,22.82885979317357,True,4,0,1.5,晴天,1.0,0.35,1.17,28,3.9,0,0.83,915,65.7,7.9,无
ORD000970,R021,Rider025,2024-01-01 04:16:00,4,False,False,39.88516395814014,116.35581871698089,39.90504298390045,116.37148738809985,39.85202121997981,116.4341869019532,10.55,2.58,7.96,西餐,12.4,19.202560006565257,True,11,0,1.1,多云,1.0,0.31,1.16,23,3.7,0,0.95,863,56.0,9.5,无
ORD000971,R049,Rider005,2024-01-07 09:30:00,9,True,False,39.883760259330536,116.42456447076138,39.93551026936107,116.41426935614565,39.846276626340114,116.35110144902494,17.1,5.81,11.29,快餐,23.0,23.11089958718873,True,7,1,1.2,晴天,1.0,0.45,1.22,17,4.9,0,0.8,1818,76.9,8.3,无
ORD000972,R027,Rider029,2024-01-06 17:48:00,17,True,True,39.92047946182183,116.53277272226728,39.94449504636891,116.38536357050157,39.9827701186798,116.39951113316586,17.3,12.88,4.42,西餐,30.6,22.844697570454827,True,10,0,2.4,雾,1.25,0.53,1.27,30,3.7,0,0.82,787,123.4,45.0,天气影响(雾); 用餐高峰期
ORD000973,R029,Rider019,2024-01-01 19:49:00,19,False,True,39.918979001542084,116.35426812119826,39.929703617463716,116.41923019854394,39.93266459512356,116.36241431632648,10.55,5.68,4.87,快餐,10.3,17.781908070591218,True,22,0,3.0,多云,1.0,0.92,1.46,28,3.9,0,0.86,1639,75.0,26.0,交通拥堵; 用餐高峰期
ORD000974,R027,Rider007,2024-01-01 16:48:00,16,False,False,39.84470580062141,116.45036445222772,39.94449504636891,116.38536357050157,39.8812319420477,116.34772102698165,20.12,12.4,7.73,西餐,24.9,29.417362563352913,False,11,0,5.5,晴天,1.0,0.34,1.17,20,3.7,0,0.82,787,85.6,14.1,无电梯高楼层
ORD000975,R029,Rider025,2024-01-06 21:24:00,21,True,False,39.908877642286136,116.47011467393227,39.929703617463716,116.41923019854394,39.85202121997981,116.4341869019532,13.65,4.93,8.72,快餐,12.1,20.492345217215796,True,15,0,4.6,晴天,1.0,0.46,1.23,23,3.7,0,0.86,1639,72.7,16.0,无
ORD000976,R007,Rider004,2024-01-07 15:56:00,15,True,False,39.927986597061754,116.46114222423454,39.926353997399865,116.4125410484357,39.8938632905673,116.45473929280564,9.26,4.16,5.1,火锅,41.2,29.120032346248152,True,10,0,1.3,小雨,1.15,0.26,1.13,9,4.7,1,0.71,49,79.6,18.0,天气影响(小雨); 新餐厅备餐波动
ORD000977,R040,Rider016,2024-01-04 10:58:00,10,False,False,39.85183253752817,116.45023746568842,39.91551888796381,116.45694052959438,39.917836887942364,116.40394345972673,11.63,7.09,4.54,西餐,24.4,31.10563222929075,True,16,0,1.9,大雨,1.35,0.44,1.22,13,3.6,0,0.85,1199,74.2,25.3,天气影响(大雨)
ORD000978,R006,Rider030,2024-01-01 15:18:00,15,False,False,39.93751183807081,116.44292234603161,39.897316486385044,116.41908046739768,39.911325137030445,116.40882541839402,6.69,4.91,1.79,中餐,31.9,31.1582182466716,False,4,1,2.0,多云,1.0,0.08,1.04,22,3.9,0,0.82,1513,52.1,5.2,无
ORD000979,R041,Rider024,2024-01-07 20:37:00,20,True,False,39.89108409958786,116.39290111435382,39.883799869976464,116.39949782465398,39.836064702425794,116.40517809204412,6.31,0.99,5.32,中餐,27.1,24.824047631837455,True,4,0,0.7,多云,1.0,0.27,1.13,5,5.0,1,0.85,78,49.1,6.0,新餐厅备餐波动
ORD000980,R011,Rider008,2024-01-02 14:48:00,14,False,False,39.96347334313957,116.38763086382623,39.85697534139168,116.42653858829674,39.92497386056965,116.4687095565201,20.65,12.28,8.37,快餐,9.4,27.294646438943165,True,6,0,1.9,多云,1.0,0.33,1.17,25,4.8,0,0.84,1585,67.3,10.6,无
ORD000981,R050,Rider026,2024-01-07 15:30:00,15,True,False,39.89732360859452,116.37564287651556,39.9045643952722,116.43532802251922,39.86014992380612,116.42690693099692,10.15,5.17,4.98,快餐,25.8,26.595793296993858,False,17,1,8.5,小雨,1.15,0.26,1.13,25,4.8,0,0.82,798,57.6,0.4,天气影响(小雨); 无电梯高楼层; 写字楼电梯等待
ORD000982,R034,Rider005,2024-01-03 09:16:00,9,False,False,39.969212634472576,116.45727849327258,39.86870203135637,116.42224986962574,39.846276626340114,116.35110144902494,18.13,11.55,6.58,日料,33.0,19.335228234421304,True,3,0,1.0,晴天,1.0,0.71,1.36,17,4.9,1,0.71,96,123.3,33.0,交通拥堵; 新餐厅备餐波动
ORD000983,R017,Rider029,2024-01-01 18:53:00,18,False,True,39.88204425226782,116.41850210149235,39.899361428650025,116.41952152570443,39.9827701186798,116.39951113316586,11.34,1.92,9.42,中餐,34.8,24.09080371523847,True,27,0,4.1,多云,1.0,0.75,1.37,30,3.7,0,0.91,1236,94.0,26.8,交通拥堵; 用餐高峰期
ORD000984,R043,Rider014,2024-01-02 14:16:00,14,False,False,39.950933599845655,116.398134708759,39.94743819867199,116.36432413546461,39.93387852066118,116.46646634501718,11.77,2.92,8.86,日料,22.7,17.449598350744445,True,12,0,2.7,多云,1.0,0.33,1.17,10,4.9,0,0.95,1448,74.5,8.6,无
ORD000985,R025,Rider022,2024-01-07 15:26:00,15,True,False,39.87805374902778,116.41481095947186,39.92272922536534,116.4439121239094,39.88685398692913,116.39370765445501,11.41,5.55,5.86,烧烤,15.6,25.80854711082227,True,6,0,2.5,小雨,1.15,0.26,1.13,34,4.0,1,0.83,93,62.4,17.8,天气影响(小雨); 新餐厅备餐波动
ORD000986,R049,Rider026,2024-01-01 14:27:00,14,False,False,39.97155475028014,116.54622551055428,39.93551026936107,116.41426935614565,39.86014992380612,116.42690693099692,20.4,11.97,8.44,快餐,26.4,27.80940864206919,True,18,0,3.6,多云,1.0,0.16,1.08,25,4.8,0,0.8,1818,86.3,12.2,无
ORD000987,R012,Rider022,2024-01-01 14:35:00,14,False,False,39.97242751243467,116.45227632394918,39.9031252188267,116.45433930967441,39.88685398692913,116.39370765445501,13.19,7.7,5.49,西餐,23.1,31.88808264115515,True,19,0,2.5,多云,1.0,0.16,1.08,34,4.0,0,0.85,1677,49.0,0.0,无
ORD000988,R017,Rider003,2024-01-04 06:44:00,6,False,False,39.87141680265702,116.40741794462335,39.899361428650025,116.41952152570443,39.97674666303516,116.42358331580469,11.87,3.27,8.6,中餐,27.7,36.16245413731899,False,13,0,6.5,晴天,1.0,0.48,1.24,12,4.5,0,0.91,1236,56.6,2.7,无电梯高楼层
ORD000989,R028,Rider003,2024-01-03 11:26:00,11,False,True,39.882356620201335,116.36629674983007,39.92038827604751,116.36245113087884,39.97674666303516,116.42358331580469,12.39,4.24,8.15,火锅,12.4,30.807371504465486,True,27,0,4.8,晴天,1.0,0.56,1.28,12,4.5,0,0.86,1899,52.2,10.8,用餐高峰期
ORD000990,R034,Rider008,2024-01-01 09:02:00,9,False,False,39.83956165564534,116.42674463613542,39.86870203135637,116.42224986962574,39.92497386056965,116.4687095565201,10.66,3.26,7.4,日料,33.0,30.98110377972912,False,16,0,8.0,晴天,1.0,0.94,1.47,25,4.8,1,0.71,96,96.9,35.3,交通拥堵; 无电梯高楼层; 新餐厅备餐波动
ORD000991,R001,Rider022,2024-01-01 11:07:00,11,False,True,39.907997869447016,116.47779138889811,39.91910142459034,116.40325207096485,39.88685398692913,116.39370765445501,10.16,6.49,3.67,西餐,35.5,28.703345261661056,True,28,0,3.8,大雨,1.35,0.79,1.4,34,4.0,0,0.89,1738,111.3,50.7,天气影响(大雨); 交通拥堵; 用餐高峰期
ORD000992,R021,Rider030,2024-01-05 09:03:00,9,False,False,39.86291805907016,116.40438267690418,39.90504298390045,116.37148738809985,39.911325137030445,116.40882541839402,8.73,5.46,3.27,西餐,12.4,36.768127720599935,True,2,1,0.5,晴天,1.0,1.0,1.5,22,3.9,0,0.95,863,47.4,20.3,交通拥堵
ORD000993,R048,Rider003,2024-01-04 20:23:00,20,False,False,39.85944821709554,116.38678119850601,39.87933014967234,116.39059456879409,39.97674666303516,116.42358331580469,13.41,2.23,11.18,日料,14.9,34.4966950422595,False,17,0,8.5,晴天,1.0,0.43,1.22,12,4.5,0,0.94,1812,59.3,12.5,无电梯高楼层
ORD000994,R033,Rider025,2024-01-02 15:56:00,15,False,False,39.92142020338936,116.44027586309245,39.91675918407518,116.3855546225191,39.85202121997981,116.4341869019532,13.01,4.71,8.3,中餐,6.1,18.63011550998076,True,4,0,1.9,小雨,1.15,0.35,1.17,23,3.7,0,0.82,637,65.7,15.8,天气影响(小雨)
ORD000995,R004,Rider028,2024-01-03 05:21:00,5,False,False,39.91443123091082,116.33492867660506,39.90622584614064,116.3646575544136,39.8468364452307,116.39973868704347,9.95,2.7,7.24,火锅,17.6,19.36315638088688,False,23,0,11.5,多云,1.0,0.23,1.12,14,4.0,0,0.76,1942,66.8,6.9,无电梯高楼层
ORD000996,R010,Rider026,2024-01-04 03:42:00,3,False,False,39.89205552888327,116.4173091877572,39.89798502329687,116.38869567815044,39.86014992380612,116.42690693099692,7.86,2.53,5.32,烧烤,13.3,27.693212501828537,False,22,0,11.0,多云,1.0,0.23,1.12,25,4.8,1,0.79,43,33.6,0.0,无电梯高楼层; 新餐厅备餐波动
ORD000997,R035,Rider025,2024-01-07 17:49:00,17,True,True,39.88626779015502,116.32470620039214,39.868196047868096,116.44344141332652,39.85202121997981,116.4341869019532,12.32,10.35,1.96,快餐,40.4,24.006882717298566,True,3,0,0.6,小雨,1.15,0.69,1.34,23,3.7,1,0.83,67,115.1,43.3,天气影响(小雨); 交通拥堵; 用餐高峰期; 新餐厅备餐波动
ORD000998,R045,Rider024,2024-01-05 22:18:00,22,False,False,39.91138093378531,116.44962600967736,39.93831052255901,116.42080670434322,39.836064702425794,116.40517809204412,15.31,3.87,11.43,日料,23.7,28.62020035109261,True,15,0,2.4,雪,1.4,0.38,1.19,5,5.0,0,0.8,384,97.8,39.6,天气影响(雪)
ORD000999,R008,Rider029,2024-01-05 09:58:00,9,False,False,39.87131291851433,116.41720592788178,39.91802448900446,116.40997770414891,39.9827701186798,116.39951113316586,12.47,5.22,7.24,火锅,27.0,25.98515548331594,True,9,1,2.9,晴天,1.0,1.0,1.5,30,3.7,0,0.81,1280,80.2,21.5,交通拥堵
ORD001000,R015,Rider015,2024-01-02 19:37:00,19,False,True,39.86270022372074,116.3913237361518,39.945355864006494,116.41266659881865,39.90125555536833,116.39611115244051,14.45,9.36,5.1,快餐,13.9,20.627325208522453,False,21,0,10.5,小雨,1.15,0.98,1.49,18,5.0,0,0.82,1348,116.3,49.9,天气影响(小雨); 交通拥堵; 无电梯高楼层; 用餐高峰期
ORD001001,R026,Rider008,2024-01-05 14:50:00,14,False,False,39.938526392486054,116.34874550204327,39.960173235334345,116.42161498762735,39.92497386056965,116.4687095565201,12.29,6.67,5.61,快餐,13.9,27.357853095142403,False,9,0,4.5,多云,1.0,0.36,1.18,25,4.8,0,0.8,260,61.4,16.0,无电梯高楼层
ORD001002,R036,Rider014,2024-01-03 10:00:00,10,False,False,39.984166618531624,116.48438549874095,39.91483258755359,116.35099062234642,39.93387852066118,116.46646634501718,23.85,13.76,10.1,日料,27.2,19.40152230199047,True,22,0,3.2,雾,1.25,0.25,1.13,10,4.9,0,0.94,1695,149.2,45.0,天气影响(雾)
ORD001003,R019,Rider029,2024-01-04 10:18:00,10,False,False,39.96889371761913,116.4158734720693,39.94131048218809,116.36460563345823,39.9827701186798,116.39951113316586,10.83,5.35,5.49,日料,9.7,26.022663871206888,False,2,0,1.0,大雨,1.35,0.44,1.22,30,3.7,0,0.87,829,55.9,20.2,天气影响(大雨)
ORD001004,R020,Rider002,2024-01-05 18:43:00,18,False,True,39.88976247166893,116.37320900821982,39.927930958411295,116.38011837635615,39.94914167126766,116.49312820752455,14.22,4.28,9.94,西餐,43.3,25.602811810522077,True,7,0,3.2,小雨,1.15,0.89,1.44,23,4.7,0,0.9,297,130.6,50.7,天气影响(小雨); 交通拥堵; 用餐高峰期
ORD001005,R020,Rider017,2024-01-07 12:17:00,12,True,True,39.97367079738826,116.38582474379129,39.927930958411295,116.38011837635615,39.9178982767203,116.48386118426038,14.04,5.1,8.94,西餐,43.5,25.48235318605803,True,13,1,3.0,大雨,1.35,0.9,1.45,3,4.3,0,0.9,297,152.6,73.0,天气影响(大雨); 交通拥堵; 写字楼电梯等待; 用餐高峰期
ORD001006,R036,Rider024,2024-01-03 09:57:00,9,False,False,39.901480778990674,116.36857956591447,39.91483258755359,116.35099062234642,39.836064702425794,116.40517809204412,12.01,2.11,9.9,日料,18.6,22.30455444222726,False,26,0,13.0,晴天,1.0,0.71,1.36,5,5.0,0,0.94,1695,80.2,16.2,交通拥堵; 无电梯高楼层
ORD001007,R034,Rider020,2024-01-06 08:52:00,8,True,False,39.97724766354025,116.37544032453398,39.86870203135637,116.42224986962574,39.95521852994615,116.403737357574,22.43,12.7,9.74,日料,33.0,19.77231289926184,False,4,0,2.0,小雨,1.15,0.47,1.23,12,4.7,1,0.71,96,150.1,47.0,天气影响(小雨); 新餐厅备餐波动
ORD001008,R009,Rider008,2024-01-04 14:40:00,14,False,False,39.83089393055655,116.31154972332355,39.84792969683381,116.3663965358334,39.92497386056965,116.4687095565201,17.3,5.06,12.24,西餐,30.4,32.333527385555385,True,6,0,0.6,雾,1.25,0.37,1.18,25,4.8,0,0.75,1622,88.4,25.4,天气影响(雾)
ORD001009,R049,Rider028,2024-01-01 10:17:00,10,False,False,39.92835648240374,116.39668997858905,39.93551026936107,116.41426935614565,39.8468364452307,116.39973868704347,11.62,1.7,9.92,快餐,22.7,18.077925649879404,False,8,0,4.0,晴天,1.0,0.46,1.23,14,4.0,0,0.8,1818,68.4,3.2,无电梯高楼层
ORD001010,R019,Rider012,2024-01-06 12:47:00,12,True,True,39.93505896761288,116.37876720225712,39.94131048218809,116.36460563345823,39.87227059127874,116.35388620704767,9.12,1.4,7.72,日料,15.8,24.065012415023325,True,28,0,3.4,小雨,1.15,0.74,1.37,27,4.5,0,0.87,829,63.6,21.7,天气影响(小雨); 交通拥堵; 用餐高峰期
ORD001011,R036,Rider028,2024-01-05 15:02:00,15,False,False,39.89998356170737,116.40757130200407,39.91483258755359,116.35099062234642,39.8468364452307,116.39973868704347,13.74,5.11,8.62,日料,20.7,20.062257749423072,False,7,0,3.5,晴天,1.0,0.2,1.1,14,4.0,0,0.94,1695,73.6,8.3,无电梯高楼层
ORD001012,R040,Rider015,2024-01-04 17:57:00,17,False,True,39.874056510213364,116.34234191239871,39.91551888796381,116.45694052959438,39.90125555536833,116.39611115244051,16.27,10.83,5.44,西餐,25.4,19.202810387270908,True,24,0,3.3,晴天,1.0,0.91,1.46,18,5.0,0,0.85,1199,116.1,36.6,交通拥堵; 用餐高峰期
ORD001013,R027,Rider009,2024-01-06 14:21:00,14,True,False,39.88098489900081,116.38746380202295,39.94449504636891,116.38536357050157,39.91316369927242,116.40790369603127,11.03,7.05,3.98,西餐,19.2,19.32936417515992,True,25,0,2.6,晴天,1.0,0.35,1.17,35,4.5,0,0.82,787,68.2,12.1,无
ORD001014,R040,Rider004,2024-01-05 10:09:00,10,False,False,39.878196749468614,116.45979501934198,39.91551888796381,116.45694052959438,39.8938632905673,116.45473929280564,6.56,4.15,2.41,西餐,22.8,26.796882574115692,False,16,0,8.0,小雨,1.15,0.47,1.24,9,4.7,0,0.85,1199,66.0,20.5,天气影响(小雨); 无电梯高楼层
ORD001015,R049,Rider012,2024-01-07 12:16:00,12,True,True,39.922280892681385,116.39043416892052,39.93551026936107,116.41426935614565,39.87227059127874,116.35388620704767,11.23,2.51,8.72,快餐,25.6,22.432272331010964,False,15,0,7.5,大雨,1.35,0.9,1.45,27,4.5,0,0.8,1818,119.0,55.9,天气影响(大雨); 交通拥堵; 无电梯高楼层; 用餐高峰期
ORD001016,R002,Rider030,2024-01-07 06:23:00,6,True,False,39.89386346144397,116.34448355684694,39.95157638446523,116.43042304187458,39.911325137030445,116.40882541839402,14.58,9.75,4.84,日料,14.4,36.4140303575406,True,13,0,1.8,多云,1.0,0.25,1.13,22,3.9,1,0.82,47,50.9,10.7,新餐厅备餐波动
ORD001017,R013,Rider015,2024-01-03 15:20:00,15,False,False,39.903295733114156,116.42654965091072,39.98320584661837,116.37664727333566,39.90125555536833,116.39611115244051,19.09,9.84,9.25,西餐,19.3,19.83684513673762,False,10,1,5.0,多云,1.0,0.34,1.17,18,5.0,0,0.78,330,100.5,18.5,无电梯高楼层
ORD001018,R029,Rider019,2024-01-04 18:59:00,18,False,True,39.99115589118513,116.38534963034499,39.929703617463716,116.41923019854394,39.93266459512356,116.36241431632648,12.28,7.41,4.87,快餐,9.9,22.692319823793888,True,13,0,1.8,晴天,1.0,0.95,1.48,28,3.9,0,0.86,1639,64.4,20.2,交通拥堵; 用餐高峰期
ORD001019,R040,Rider026,2024-01-06 07:35:00,7,True,False,39.88990395895037,116.40533570696508,39.91551888796381,116.45694052959438,39.86014992380612,116.42690693099692,11.91,5.25,6.66,西餐,26.2,25.41773244919844,False,16,0,8.0,晴天,1.0,0.49,1.24,25,4.8,0,0.85,1199,69.5,7.2,无电梯高楼层
ORD001020,R030,Rider008,2024-01-04 14:12:00,14,False,False,39.92002339621762,116.46290130182766,39.89749611644023,116.42882001482276,39.92497386056965,116.4687095565201,8.42,3.84,4.58,日料,16.1,29.5316256201659,True,28,1,8.0,雾,1.25,0.37,1.18,25,4.8,1,0.76,62,58.0,16.8,天气影响(雾); 写字楼电梯等待; 新餐厅备餐波动
ORD001021,R022,Rider019,2024-01-01 16:34:00,16,False,False,39.82899162572724,116.42600413674178,39.92367260197888,116.37071379389974,39.93266459512356,116.36241431632648,12.75,11.53,1.22,快餐,22.8,17.830618692736287,True,2,0,0.7,晴天,1.0,0.34,1.17,28,3.9,1,0.76,91,69.9,3.4,新餐厅备餐波动
ORD001022,R023,Rider028,2024-01-05 19:08:00,19,False,True,39.8802232507485,116.40127772085623,39.89349764922696,116.42408365395602,39.8468364452307,116.39973868704347,8.03,2.44,5.58,日料,35.2,20.623881301109595,False,4,0,2.0,多云,1.0,0.91,1.46,14,4.0,0,0.94,1116,92.9,32.4,交通拥堵; 用餐高峰期
ORD001023,R012,Rider025,2024-01-04 09:18:00,9,False,False,39.888496619729615,116.4118674483262,39.9031252188267,116.45433930967441,39.85202121997981,116.4341869019532,9.91,3.98,5.93,西餐,23.7,21.125515405563974,True,6,0,1.2,晴天,1.0,0.96,1.48,23,3.7,0,0.85,1677,79.9,26.9,交通拥堵
ORD001024,R050,Rider022,2024-01-05 09:08:00,9,False,False,39.93989035571664,116.40669481252553,39.9045643952722,116.43532802251922,39.88685398692913,116.39370765445501,8.69,4.62,4.07,快餐,26.0,31.524389736352095,False,30,0,15.0,晴天,1.0,1.0,1.5,34,4.0,0,0.82,798,82.3,24.7,交通拥堵; 无电梯高楼层
ORD001025,R031,Rider029,2024-01-06 14:14:00,14,True,False,39.950830522441876,116.48108158240414,39.875714428644635,116.38949308005311,39.9827701186798,116.39951113316586,23.36,11.44,11.92,中餐,38.9,28.352188483989675,False,18,0,9.0,晴天,1.0,0.35,1.17,30,3.7,0,0.86,117,110.3,12.9,无电梯高楼层
ORD001026,R019,Rider007,2024-01-06 14:01:00,14,True,False,39.987515885525475,116.43077625961287,39.94131048218809,116.36460563345823,39.8812319420477,116.34772102698165,14.46,7.63,6.83,日料,18.0,32.71443060286387,True,16,1,3.3,晴天,1.0,0.35,1.17,20,3.7,0,0.87,829,63.8,16.0,写字楼电梯等待
ORD001027,R017,Rider017,2024-01-07 11:48:00,11,True,True,39.81706618738899,116.35351063273066,39.899361428650025,116.41952152570443,39.9178982767203,116.48386118426038,16.62,10.74,5.87,中餐,32.9,21.77172024211934,True,27,0,5.0,晴天,1.0,0.67,1.34,3,4.3,0,0.91,1236,116.9,33.2,交通拥堵; 用餐高峰期
ORD001028,R035,Rider017,2024-01-02 03:45:00,3,False,False,39.89080297717837,116.4188201356489,39.868196047868096,116.44344141332652,39.9178982767203,116.48386118426038,9.79,3.28,6.51,快餐,40.4,21.876076292837215,False,24,0,12.0,小雨,1.15,0.19,1.1,3,4.3,1,0.83,67,91.0,11.8,天气影响(小雨); 无电梯高楼层; 新餐厅备餐波动
ORD001029,R024,Rider021,2024-01-02 17:39:00,17,False,True,39.91744188431913,116.39273935662493,39.91199648382746,116.43085468615331,39.920748511998084,116.46108354017223,6.08,3.31,2.76,西餐,33.7,30.540808934637028,True,1,1,1.2,多云,1.0,0.89,1.45,23,4.6,0,0.83,915,54.2,7.4,交通拥堵; 用餐高峰期
ORD001030,R025,Rider012,2024-01-02 22:04:00,22,False,False,39.955267040543326,116.44392536197789,39.92272922536534,116.4439121239094,39.87227059127874,116.35388620704767,13.13,3.61,9.52,烧烤,15.6,23.89849189996119,False,29,0,14.5,多云,1.0,0.49,1.25,27,4.5,1,0.83,93,85.7,22.6,无电梯高楼层; 新餐厅备餐波动
ORD001031,R046,Rider011,2024-01-06 11:03:00,11,True,True,39.91138760419841,116.36005707478441,39.90750898735901,116.3944992384245,39.99179211732871,116.37506806858579,12.48,2.98,9.5,中餐,22.7,23.38717948607106,True,18,0,2.0,雪,1.4,0.94,1.47,28,4.5,0,0.9,704,113.6,56.9,天气影响(雪); 交通拥堵; 用餐高峰期
ORD001032,R007,Rider003,2024-01-07 21:43:00,21,True,False,39.914749780518086,116.44872297110923,39.926353997399865,116.4125410484357,39.97674666303516,116.42358331580469,9.03,3.35,5.67,火锅,41.2,27.546914334400157,True,14,0,1.9,晴天,1.0,0.71,1.35,12,4.5,1,0.71,49,96.9,34.2,交通拥堵; 新餐厅备餐波动
ORD001033,R026,Rider025,2024-01-01 22:56:00,22,False,False,39.94061924218271,116.45655509977802,39.960173235334345,116.42161498762735,39.85202121997981,116.4341869019532,15.75,3.69,12.06,快餐,11.5,20.149857897806665,True,22,0,2.5,多云,1.0,0.37,1.19,23,3.7,0,0.8,260,72.5,11.6,无
ORD001034,R003,Rider002,2024-01-04 06:15:00,6,False,False,39.88689745608322,116.48919285037834,39.90486665479836,116.3945662125919,39.94914167126766,116.49312820752455,18.09,8.34,9.75,烧烤,27.7,23.741642138339184,True,12,0,2.9,晴天,1.0,0.48,1.24,23,4.7,0,0.76,799,98.8,22.5,无
ORD001035,R046,Rider008,2024-01-06 15:32:00,15,True,False,39.88643376512303,116.4053570107885,39.90750898735901,116.3944992384245,39.92497386056965,116.4687095565201,9.15,2.52,6.63,中餐,20.4,32.03604249759991,False,10,0,5.0,晴天,1.0,0.33,1.16,25,4.8,0,0.9,704,50.4,7.9,无电梯高楼层
ORD001036,R028,Rider025,2024-01-07 18:33:00,18,True,True,39.96019435772813,116.3888275538982,39.92038827604751,116.36245113087884,39.85202121997981,116.4341869019532,14.72,4.96,9.76,火锅,19.0,22.619317104001304,False,20,0,10.0,晴天,1.0,0.57,1.28,23,3.7,0,0.86,1899,80.6,12.6,无电梯高楼层; 用餐高峰期
ORD001037,R010,Rider025,2024-01-01 16:01:00,16,False,False,39.920622545388,116.49805314166073,39.89798502329687,116.38869567815044,39.85202121997981,116.4341869019532,16.1,9.68,6.42,烧烤,13.3,23.820138522600285,True,27,0,3.4,晴天,1.0,0.34,1.17,23,3.7,1,0.79,43,66.0,8.9,新餐厅备餐波动
ORD001038,R009,Rider016,2024-01-07 21:13:00,21,True,False,39.944834217214904,116.37883536885931,39.84792969683381,116.3663965358334,39.917836887942364,116.40394345972673,19.21,10.81,8.4,西餐,26.3,30.713116947046295,False,27,0,13.5,晴天,1.0,0.71,1.35,13,3.6,0,0.75,1622,102.3,24.9,交通拥堵; 无电梯高楼层
ORD001039,R047,Rider008,2024-01-06 15:24:00,15,True,False,39.93329885527478,116.45949785023622,39.88553288505282,116.39673534077251,39.92497386056965,116.4687095565201,15.1,7.55,7.55,日料,41.0,28.524237613277432,True,22,0,3.0,晴天,1.0,0.33,1.16,25,4.8,0,0.89,512,86.3,10.5,无
ORD001040,R004,Rider007,2024-01-02 16:13:00,16,False,False,39.916120227212346,116.40117597483955,39.90622584614064,116.3646575544136,39.8812319420477,116.34772102698165,6.44,3.31,3.13,火锅,15.0,27.84707727806003,False,9,1,4.5,小雨,1.15,0.36,1.18,20,3.7,0,0.76,1942,46.8,13.4,天气影响(小雨); 无电梯高楼层
ORD001041,R030,Rider015,2024-01-02 10:37:00,10,False,False,39.871848229951276,116.40639418373306,39.89749611644023,116.42882001482276,39.90125555536833,116.39611115244051,6.26,3.43,2.83,日料,16.1,20.802847363379588,True,25,0,3.4,大雨,1.35,0.17,1.09,18,5.0,1,0.76,62,60.0,22.4,天气影响(大雨); 新餐厅备餐波动
ORD001042,R012,Rider008,2024-01-04 09:57:00,9,False,False,39.849866815997565,116.36623636236436,39.9031252188267,116.45433930967441,39.92497386056965,116.4687095565201,12.3,9.58,2.72,西餐,20.4,26.584447265494383,True,22,1,5.5,晴天,1.0,0.96,1.48,25,4.8,0,0.85,1677,74.9,21.2,交通拥堵; 写字楼电梯等待
ORD001043,R047,Rider030,2024-01-04 16:03:00,16,False,False,39.9091994372027,116.43849841789485,39.88553288505282,116.39673534077251,39.911325137030445,116.40882541839402,7.48,4.43,3.04,日料,30.1,28.428474392543293,False,13,0,6.5,小雨,1.15,0.39,1.19,22,3.9,0,0.89,512,76.8,24.4,天气影响(小雨); 无电梯高楼层
ORD001044,R029,Rider014,2024-01-02 05:19:00,5,False,False,39.85853897877763,116.354740118171,39.929703617463716,116.41923019854394,39.93387852066118,116.46646634501718,13.7,9.64,4.06,快餐,3.9,21.383342908229825,True,24,1,4.6,晴天,1.0,0.23,1.12,10,4.9,0,0.86,1639,48.7,1.7,写字楼电梯等待
ORD001045,R038,Rider009,2024-01-07 15:36:00,15,True,False,39.9175397672407,116.44175833628205,39.93564059231985,116.38854290757573,39.91316369927242,116.40790369603127,7.97,4.97,2.99,中餐,10.8,22.78333195017671,True,7,0,1.1,小雨,1.15,0.26,1.13,35,4.5,0,0.85,1469,43.8,10.9,天气影响(小雨)
ORD001046,R016,Rider023,2024-01-02 07:13:00,7,False,False,39.87651190936818,116.3580007874855,39.91308360831194,116.4152316581654,39.93964254240985,116.40191688715832,9.52,6.36,3.16,西餐,13.4,21.61285444407381,False,26,0,13.0,大雨,1.35,0.92,1.46,33,4.7,1,0.76,46,101.3,48.4,天气影响(大雨); 交通拥堵; 无电梯高楼层; 新餐厅备餐波动
ORD001047,R025,Rider021,2024-01-04 00:01:00,0,False,False,39.84541168184216,116.46593799107085,39.92272922536534,116.4439121239094,39.920748511998084,116.46108354017223,10.27,8.79,1.48,烧烤,15.6,36.08048803640029,True,26,0,2.8,多云,1.0,0.32,1.16,23,4.6,1,0.83,93,41.5,6.0,新餐厅备餐波动
ORD001048,R038,Rider008,2024-01-06 09:55:00,9,True,False,39.99335077399079,116.42371287839984,39.93564059231985,116.38854290757573,39.92497386056965,116.4687095565201,14.03,7.08,6.95,中餐,15.0,27.809447032899826,True,24,0,3.6,晴天,1.0,0.24,1.12,25,4.8,0,0.85,1469,54.1,5.2,无
ORD001049,R027,Rider003,2024-01-05 10:16:00,10,False,False,40.01786080090626,116.44900423117933,39.94449504636891,116.38536357050157,39.97674666303516,116.42358331580469,14.64,9.79,4.85,西餐,20.5,31.189586220254416,True,20,0,2.8,小雨,1.15,0.47,1.24,12,4.5,0,0.82,787,70.2,18.7,天气影响(小雨)
ORD001050,R010,Rider028,2024-01-07 18:55:00,18,True,True,39.935636837570925,116.41290703691342,39.89798502329687,116.38869567815044,39.8468364452307,116.39973868704347,10.42,4.67,5.76,烧烤,13.3,17.855746838308647,True,18,0,2.2,晴天,1.0,0.57,1.28,14,4.0,1,0.79,43,68.1,17.6,用餐高峰期; 新餐厅备餐波动
ORD001051,R041,Rider004,2024-01-02 16:53:00,16,False,False,39.932471833687636,116.4419420149453,39.883799869976464,116.39949782465398,39.8938632905673,116.45473929280564,11.37,6.51,4.86,中餐,27.1,26.752658549910443,True,27,0,3.5,小雨,1.15,0.36,1.18,9,4.7,1,0.85,78,85.3,29.2,天气影响(小雨); 新餐厅备餐波动
ORD001052,R040,Rider019,2024-01-06 09:50:00,9,True,False,39.89369326887992,116.45159576533817,39.91551888796381,116.45694052959438,39.93266459512356,116.36241431632648,10.77,2.47,8.3,西餐,29.0,21.19963645976513,True,15,0,2.7,晴天,1.0,0.24,1.12,28,3.9,0,0.85,1199,62.2,0.1,无
ORD001053,R007,Rider005,2024-01-04 09:59:00,9,False,False,39.88734884881182,116.36019163935016,39.926353997399865,116.4125410484357,39.846276626340114,116.35110144902494,16.56,6.23,10.33,火锅,41.2,25.032157769517937,True,21,0,4.5,晴天,1.0,0.96,1.48,17,4.9,1,0.71,49,129.0,43.6,交通拥堵; 新餐厅备餐波动
ORD001054,R010,Rider003,2024-01-02 22:06:00,22,False,False,39.95145037283881,116.42320911523076,39.89798502329687,116.38869567815044,39.97674666303516,116.42358331580469,15.87,6.63,9.24,烧烤,13.3,28.132798473767075,False,16,0,8.0,多云,1.0,0.49,1.25,12,4.5,1,0.79,43,68.4,13.3,无电梯高楼层; 新餐厅备餐波动
ORD001055,R018,Rider005,2024-01-04 00:31:00,0,False,False,39.91637634095291,116.42144912286622,39.93680181069118,116.43754960642107,39.846276626340114,116.35110144902494,15.13,2.65,12.48,日料,14.9,20.6511352268677,True,10,0,2.3,多云,1.0,0.32,1.16,17,4.9,1,0.74,11,63.9,2.8,新餐厅备餐波动
ORD001056,R049,Rider024,2024-01-01 17:55:00,17,False,True,39.895019344313226,116.4114339797726,39.93551026936107,116.41426935614565,39.836064702425794,116.40517809204412,15.57,4.5,11.07,快餐,28.7,23.366777852522723,True,8,0,1.3,多云,1.0,0.8,1.4,5,5.0,0,0.8,1818,99.7,29.7,交通拥堵; 用餐高峰期
ORD001057,R011,Rider011,2024-01-04 20:25:00,20,False,False,39.877483876624424,116.34312545079592,39.85697534139168,116.42653858829674,39.99179211732871,116.37506806858579,23.09,7.49,15.6,快餐,9.2,24.692454685169007,True,26,1,4.0,晴天,1.0,0.43,1.22,28,4.5,0,0.84,1585,79.7,10.4,写字楼电梯等待
ORD001058,R046,Rider021,2024-01-05 10:16:00,10,False,False,39.89613847486619,116.424195008586,39.90750898735901,116.3944992384245,39.920748511998084,116.46108354017223,8.72,2.84,5.88,中餐,18.6,36.08413043933448,True,1,0,0.3,小雨,1.15,0.47,1.24,23,4.6,0,0.9,704,40.9,7.5,天气影响(小雨)
ORD001059,R010,Rider013,2024-01-05 09:05:00,9,False,False,39.972771105894324,116.44918674337019,39.89798502329687,116.38869567815044,39.92705390041307,116.44622095280053,15.66,9.78,5.88,烧烤,13.3,33.34248125236732,False,18,1,9.0,晴天,1.0,1.0,1.5,13,4.9,1,0.79,43,80.0,29.6,交通拥堵; 无电梯高楼层; 写字楼电梯等待; 新餐厅备餐波动
ORD001060,R049,Rider026,2024-01-01 11:34:00,11,False,True,39.88920353799934,116.39685347024458,39.93551026936107,116.41426935614565,39.86014992380612,116.42690693099692,13.79,5.35,8.44,快餐,28.5,24.876533040435405,False,25,1,12.5,大雨,1.35,0.79,1.4,25,4.8,0,0.8,1818,139.4,65.1,天气影响(大雨); 交通拥堵; 无电梯高楼层; 写字楼电梯等待; 用餐高峰期
ORD001061,R024,Rider012,2024-01-04 18:49:00,18,False,True,39.911079982353215,116.33295828337297,39.91199648382746,116.43085468615331,39.87227059127874,116.35388620704767,16.3,8.37,7.92,西餐,27.0,21.968173141961362,True,24,0,2.9,晴天,1.0,0.95,1.48,27,4.5,0,0.83,915,107.5,33.1,交通拥堵; 用餐高峰期
ORD001062,R049,Rider011,2024-01-06 16:41:00,16,True,False,39.923082686052894,116.3545482198581,39.93551026936107,116.41426935614565,39.99179211732871,116.37506806858579,12.38,5.29,7.09,快餐,24.4,23.692906744019897,True,20,1,4.2,多云,1.0,0.24,1.12,28,4.5,0,0.8,1818,70.6,10.7,写字楼电梯等待
ORD001063,R030,Rider025,2024-01-05 20:23:00,20,False,False,39.927183552178654,116.39053980820648,39.89749611644023,116.42882001482276,39.85202121997981,116.4341869019532,9.72,4.65,5.07,日料,16.1,18.16335720301487,False,2,0,1.0,多云,1.0,0.25,1.13,23,3.7,1,0.76,62,60.2,11.0,新餐厅备餐波动
ORD001064,R039,Rider028,2024-01-01 19:12:00,19,False,True,39.849074618039964,116.38447380156902,39.95763873231079,116.38707752996855,39.8468364452307,116.39973868704347,24.41,12.06,12.35,火锅,45.5,19.284051556020327,True,1,0,0.5,多云,1.0,0.92,1.46,14,4.0,1,0.77,57,179.9,58.0,交通拥堵; 用餐高峰期; 新餐厅备餐波动
ORD001065,R015,Rider005,2024-01-06 09:09:00,9,True,False,39.85943970505391,116.46974548175636,39.945355864006494,116.41266659881865,39.846276626340114,116.35110144902494,22.91,10.72,12.2,快餐,11.1,23.87358849174484,False,11,0,5.5,晴天,1.0,0.24,1.12,17,4.9,0,0.82,1348,80.4,6.2,无电梯高楼层
ORD001066,R045,Rider018,2024-01-04 18:19:00,18,False,True,39.884438893094746,116.41166674435077,39.93831052255901,116.42080670434322,39.88619738114083,116.43231399729389,11.9,6.03,5.87,日料,27.3,27.336828013377318,False,9,0,4.5,晴天,1.0,0.95,1.48,9,3.7,0,0.8,384,84.0,26.1,交通拥堵; 无电梯高楼层; 用餐高峰期
ORD001067,R006,Rider026,2024-01-02 15:28:00,15,False,False,39.95470519884271,116.43879582996331,39.897316486385044,116.41908046739768,39.86014992380612,116.42690693099692,10.77,6.59,4.18,中餐,31.2,25.713689708639052,False,9,1,4.5,小雨,1.15,0.35,1.17,25,4.8,0,0.82,1513,84.2,23.4,天气影响(小雨); 无电梯高楼层
ORD001068,R016,Rider012,2024-01-02 03:56:00,3,False,False,39.91187969559109,116.37033360704721,39.91308360831194,116.4152316581654,39.87227059127874,116.35388620704767,10.77,3.84,6.93,西餐,13.4,24.183135762347142,True,3,0,0.5,小雨,1.15,0.19,1.1,27,4.5,1,0.76,46,48.7,8.0,天气影响(小雨); 新餐厅备餐波动
ORD001069,R032,Rider014,2024-01-03 15:28:00,15,False,False,39.95670586163682,116.48496629609315,39.923253376527065,116.37499397389878,39.93387852066118,116.46646634501718,18.01,10.11,7.91,中餐,8.7,19.51771550943219,False,14,0,7.0,多云,1.0,0.34,1.17,10,4.9,0,0.81,589,80.6,9.6,无电梯高楼层
ORD001070,R037,Rider024,2024-01-02 01:32:00,1,False,False,39.925798319382515,116.44306111903153,39.892457945637545,116.42054067792265,39.836064702425794,116.40517809204412,10.57,4.17,6.4,火锅,31.1,28.220400306567473,True,18,1,3.2,雾,1.25,0.29,1.15,5,5.0,0,0.91,1035,79.6,22.8,天气影响(雾); 写字楼电梯等待
ORD001071,R035,Rider006,2024-01-02 20:09:00,20,False,False,39.86511512991291,116.37794341038526,39.868196047868096,116.44344141332652,39.8754622311499,116.39886211393153,9.51,5.61,3.9,快餐,40.4,33.28282869408773,False,7,0,3.5,晴天,1.0,0.32,1.16,27,3.9,1,0.83,67,75.6,14.6,无电梯高楼层; 新餐厅备餐波动
ORD001072,R023,Rider007,2024-01-03 04:00:00,4,False,False,39.881854108604315,116.40968796746102,39.89349764922696,116.42408365395602,39.8812319420477,116.34772102698165,8.46,1.79,6.67,日料,36.5,27.24999513025859,False,21,0,10.5,晴天,1.0,0.31,1.16,20,3.7,0,0.94,1116,83.8,18.2,无电梯高楼层
ORD001073,R007,Rider025,2024-01-05 22:10:00,22,False,False,39.816528822628975,116.40729141936504,39.926353997399865,116.4125410484357,39.85202121997981,116.4341869019532,20.66,12.2,8.46,火锅,41.2,18.886928764738162,True,12,0,3.3,雪,1.4,0.38,1.19,23,3.7,1,0.71,49,179.9,69.8,天气影响(雪); 新餐厅备餐波动
ORD001074,R028,Rider003,2024-01-04 07:31:00,7,False,False,39.86345822678138,116.40913997686808,39.92038827604751,116.36245113087884,39.97674666303516,116.42358331580469,15.63,7.48,8.15,火锅,13.9,32.75516225038254,True,7,0,0.9,晴天,1.0,0.96,1.48,12,4.5,0,0.86,1899,66.9,23.6,交通拥堵
ORD001075,R002,Rider008,2024-01-03 22:38:00,22,False,False,39.818054531752594,116.42858270484955,39.95157638446523,116.43042304187458,39.92497386056965,116.4687095565201,19.23,14.83,4.41,日料,14.4,33.347369929818754,True,14,0,1.6,多云,1.0,0.48,1.24,25,4.8,1,0.82,47,66.4,15.8,新餐厅备餐波动
ORD001076,R008,Rider014,2024-01-01 18:21:00,18,False,True,39.860579335240246,116.48924557564582,39.91802448900446,116.40997770414891,39.93387852066118,116.46646634501718,14.45,9.31,5.14,火锅,32.4,19.454116685824033,False,1,0,0.5,多云,1.0,0.75,1.37,10,4.9,0,0.81,1280,104.0,26.5,交通拥堵; 用餐高峰期
ORD001077,R039,Rider014,2024-01-06 16:45:00,16,True,False,39.92098642419704,116.43325684699043,39.95763873231079,116.38707752996855,39.93387852066118,116.46646634501718,12.95,5.67,7.28,火锅,45.5,18.669104220783467,True,3,1,1.5,多云,1.0,0.24,1.12,10,4.9,1,0.77,57,102.9,14.3,新餐厅备餐波动
ORD001078,R046,Rider023,2024-01-03 17:54:00,17,False,True,39.83361912931197,116.38278052681697,39.90750898735901,116.3944992384245,39.93964254240985,116.40191688715832,11.89,8.27,3.62,中餐,20.3,21.19807761387584,False,25,0,12.5,多云,1.0,0.85,1.42,33,4.7,0,0.9,704,99.6,33.2,交通拥堵; 无电梯高楼层; 用餐高峰期
ORD001079,R027,Rider014,2024-01-07 16:24:00,16,True,False,39.8900840165133,116.45915853773668,39.94449504636891,116.38536357050157,39.93387852066118,116.46646634501718,15.77,8.74,7.03,西餐,20.6,20.750827783439522,False,25,0,12.5,小雨,1.15,0.45,1.23,10,4.9,0,0.82,787,110.5,31.8,天气影响(小雨); 无电梯高楼层
ORD001080,R006,Rider019,2024-01-02 17:50:00,17,False,True,39.92983599876634,116.32264733659487,39.897316486385044,116.41908046739768,39.93266459512356,116.36241431632648,15.24,9.0,6.24,中餐,42.7,18.825969764969724,False,30,1,15.0,多云,1.0,0.89,1.45,28,3.9,0,0.82,1513,158.2,52.0,交通拥堵; 无电梯高楼层; 写字楼电梯等待; 用餐高峰期
ORD001081,R043,Rider002,2024-01-07 14:55:00,14,True,False,39.89670989689999,116.42412947461952,39.94743819867199,116.36432413546461,39.94914167126766,116.49312820752455,18.62,7.61,11.01,日料,24.2,21.021864305684346,True,27,0,3.7,多云,1.0,0.14,1.07,23,4.7,0,0.95,1448,89.1,8.1,无
ORD001082,R043,Rider004,2024-01-03 19:59:00,19,False,True,39.89537693123933,116.41283486476736,39.94743819867199,116.36432413546461,39.8938632905673,116.45473929280564,16.87,7.11,9.75,日料,34.4,28.581319576965875,False,9,0,4.5,晴天,1.0,0.73,1.37,9,4.7,0,0.95,1448,111.2,36.9,交通拥堵; 无电梯高楼层; 用餐高峰期
ORD001083,R029,Rider022,2024-01-04 22:16:00,22,False,False,39.90803249716924,116.38594819175786,39.929703617463716,116.41923019854394,39.88685398692913,116.39370765445501,8.96,3.73,5.23,快餐,9.3,28.22824597397885,False,1,1,0.5,多云,1.0,0.71,1.35,34,4.0,0,0.86,1639,33.8,4.9,交通拥堵
ORD001084,R047,Rider017,2024-01-01 14:05:00,14,False,False,39.89074294275597,116.3283487333672,39.88553288505282,116.39673534077251,39.9178982767203,116.48386118426038,14.15,5.88,8.27,日料,27.7,21.525370926846353,True,5,0,1.8,多云,1.0,0.16,1.08,3,4.3,0,0.89,512,84.4,15.5,无
ORD001085,R003,Rider030,2024-01-03 06:35:00,6,False,False,39.904699222853615,116.41716393882706,39.90486665479836,116.3945662125919,39.911325137030445,116.40882541839402,3.35,1.93,1.41,烧烤,20.0,28.289639598433833,True,5,0,4.0,雾,1.25,0.38,1.19,22,3.9,0,0.76,799,45.4,14.3,天气影响(雾)
ORD001086,R010,Rider015,2024-01-06 17:41:00,17,True,True,39.87833191491129,116.43074998901216,39.89798502329687,116.38869567815044,39.90125555536833,116.39611115244051,4.94,4.21,0.73,烧烤,13.3,18.810744656089987,True,16,0,2.0,雾,1.25,0.53,1.27,18,5.0,1,0.79,43,49.7,18.8,天气影响(雾); 用餐高峰期; 新餐厅备餐波动
ORD001087,R022,Rider002,2024-01-01 15:09:00,15,False,False,39.89325204338948,116.3690888551178,39.92367260197888,116.37071379389974,39.94914167126766,116.49312820752455,14.22,3.38,10.84,快餐,22.8,20.26041170848656,True,6,0,0.9,多云,1.0,0.08,1.04,23,4.7,1,0.76,91,68.3,2.4,新餐厅备餐波动
ORD001088,R035,Rider002,2024-01-02 09:52:00,9,False,False,39.90846211029183,116.43406571927251,39.868196047868096,116.44344141332652,39.94914167126766,116.49312820752455,14.48,4.54,9.94,快餐,40.4,25.709647974180722,True,27,0,3.0,晴天,1.0,0.94,1.47,23,4.7,1,0.83,67,115.9,38.8,交通拥堵; 新餐厅备餐波动
ORD001089,R006,Rider007,2024-01-06 09:01:00,9,True,False,39.9376723514001,116.36873358646471,39.897316486385044,116.41908046739768,39.8812319420477,116.34772102698165,12.57,6.21,6.36,中餐,25.6,29.569948374283342,False,25,1,12.5,晴天,1.0,0.24,1.12,20,3.7,0,0.82,1513,71.8,8.2,无电梯高楼层; 写字楼电梯等待
ORD001090,R046,Rider015,2024-01-05 15:52:00,15,False,False,39.98059378252919,116.39469746701519,39.90750898735901,116.3944992384245,39.90125555536833,116.39611115244051,8.82,8.11,0.71,中餐,13.6,16.135170963775238,True,24,0,3.0,晴天,1.0,0.2,1.1,18,5.0,0,0.9,704,49.2,0.0,无
ORD001091,R019,Rider017,2024-01-06 04:39:00,4,True,False,39.848737881860494,116.41944942886809,39.94131048218809,116.36460563345823,39.9178982767203,116.48386118426038,21.82,11.3,10.52,日料,15.7,23.34669600488581,True,10,0,3.2,小雨,1.15,0.41,1.2,3,4.3,0,0.87,829,100.2,25.2,天气影响(小雨)
ORD001092,R032,Rider020,2024-01-03 16:03:00,16,False,False,39.90565545444883,116.47162742509323,39.923253376527065,116.37499397389878,39.95521852994615,116.403737357574,12.81,8.49,4.32,中餐,10.8,18.02548526790371,True,6,1,1.3,雪,1.4,0.2,1.1,12,4.7,0,0.81,589,89.0,34.3,天气影响(雪)
ORD001093,R046,Rider023,2024-01-05 10:16:00,10,False,False,39.94756034384436,116.31635510378453,39.90750898735901,116.3944992384245,39.93964254240985,116.40191688715832,11.65,8.02,3.62,中餐,17.6,19.985068579895852,True,4,0,1.1,小雨,1.15,0.47,1.24,33,4.7,0,0.9,704,75.1,21.4,天气影响(小雨)
ORD001094,R005,Rider016,2024-01-02 22:54:00,22,False,False,39.96827894152038,116.36382654895266,39.88619238449682,116.4358231946314,39.917836887942364,116.40394345972673,15.44,11.0,4.45,火锅,28.1,24.31841556273352,False,6,0,3.0,多云,1.0,0.49,1.25,13,3.6,1,0.77,80,86.6,17.4,无电梯高楼层; 新餐厅备餐波动
ORD001095,R030,Rider002,2024-01-01 10:18:00,10,False,False,39.878441941239736,116.38290186372528,39.89749611644023,116.42882001482276,39.94914167126766,116.49312820752455,12.41,4.46,7.94,日料,16.1,20.29948181565684,True,12,0,1.4,晴天,1.0,0.46,1.23,23,4.7,1,0.76,62,65.2,11.0,新餐厅备餐波动
ORD001096,R027,Rider017,2024-01-01 07:28:00,7,False,False,39.94966146081601,116.42172872060786,39.94449504636891,116.38536357050157,39.9178982767203,116.48386118426038,12.08,3.16,8.92,西餐,23.6,24.04435603433769,False,29,1,14.5,晴天,1.0,0.75,1.37,3,4.3,0,0.82,787,95.1,26.9,交通拥堵; 无电梯高楼层; 写字楼电梯等待
ORD001097,R002,Rider002,2024-01-04 08:36:00,8,False,False,39.862833303769136,116.41656870753158,39.95157638446523,116.43042304187458,39.94914167126766,116.49312820752455,15.29,9.92,5.37,日料,14.4,22.970570097734353,True,26,0,2.6,晴天,1.0,0.84,1.42,23,4.7,1,0.82,47,84.4,27.5,交通拥堵; 新餐厅备餐波动
ORD001098,R044,Rider012,2024-01-01 15:47:00,15,False,False,39.95759067082929,116.41906233514825,39.93937307347177,116.4233420003288,39.87227059127874,116.35388620704767,11.58,2.06,9.53,火锅,13.7,18.85523906556026,True,27,1,4.3,多云,1.0,0.08,1.04,27,4.5,0,0.88,1668,53.2,0.0,写字楼电梯等待
ORD001099,R020,Rider024,2024-01-01 23:06:00,23,False,False,39.892331186072944,116.43005915702781,39.927930958411295,116.38011837635615,39.836064702425794,116.40517809204412,16.24,5.82,10.42,西餐,34.2,29.283315114166903,True,5,1,1.4,多云,1.0,0.39,1.19,5,5.0,0,0.9,297,74.6,5.8,无
ORD001100,R007,Rider005,2024-01-05 13:31:00,13,False,True,39.88346393839986,116.39161026903984,39.926353997399865,116.4125410484357,39.846276626340114,116.35110144902494,15.42,5.09,10.33,火锅,41.2,21.42532754205733,False,9,0,4.5,小雨,1.15,0.81,1.41,17,4.9,1,0.71,49,140.8,52.0,天气影响(小雨); 交通拥堵; 无电梯高楼层; 用餐高峰期; 新餐厅备餐波动
ORD001101,R038,Rider025,2024-01-02 18:40:00,18,False,True,39.883266563103916,116.41743470959945,39.93564059231985,116.38854290757573,39.85202121997981,116.4341869019532,16.39,6.32,10.07,中餐,13.7,23.583279596954412,True,27,0,3.3,小雨,1.15,0.91,1.46,23,3.7,0,0.85,1469,101.4,42.7,天气影响(小雨); 交通拥堵; 用餐高峰期
ORD001102,R040,Rider006,2024-01-02 10:09:00,10,False,False,39.90583334949143,116.42877243403882,39.91551888796381,116.45694052959438,39.8754622311499,116.39886211393153,9.31,2.64,6.67,西餐,20.4,29.150293884166622,True,8,0,2.1,大雨,1.35,0.17,1.09,27,3.9,0,0.85,1199,62.1,20.4,天气影响(大雨)
ORD001103,R049,Rider021,2024-01-01 15:55:00,15,False,False,39.896645376340494,116.43271095690936,39.93551026936107,116.41426935614565,39.920748511998084,116.46108354017223,8.92,4.59,4.32,快餐,24.0,29.785300404495633,True,27,1,5.1,多云,1.0,0.08,1.04,23,4.6,0,0.8,1818,45.6,0.0,写字楼电梯等待
ORD001104,R042,Rider005,2024-01-07 14:25:00,14,True,False,39.925266902064365,116.51574772717156,39.865351725765606,116.4042464448576,39.846276626340114,116.35110144902494,16.64,11.63,5.02,火锅,28.3,25.25175809633545,True,13,1,6.0,多云,1.0,0.14,1.07,17,4.9,0,0.84,621,72.8,0.0,写字楼电梯等待
ORD001105,R013,Rider001,2024-01-04 00:45:00,0,False,False,39.91214159907699,116.40460945570064,39.98320584661837,116.37664727333566,39.91716665409954,116.40219427782529,15.9,8.24,7.65,西餐,19.5,23.93560749478568,True,11,0,1.1,多云,1.0,0.32,1.16,19,4.2,0,0.78,330,61.3,0.9,无
ORD001106,R047,Rider006,2024-01-05 19:40:00,19,False,True,39.8919590386391,116.4140427466873,39.88553288505282,116.39673534077251,39.8754622311499,116.39886211393153,2.78,1.64,1.13,日料,40.7,30.99235568535912,False,6,0,3.0,多云,1.0,0.91,1.46,27,3.9,0,0.89,512,67.6,18.5,交通拥堵; 无电梯高楼层; 用餐高峰期
ORD001107,R039,Rider006,2024-01-01 09:06:00,9,False,False,39.89863671533397,116.4256053672867,39.95763873231079,116.38707752996855,39.8754622311499,116.39886211393153,16.51,7.33,9.18,火锅,45.5,32.27390090024467,True,9,1,2.3,晴天,1.0,0.94,1.47,27,3.9,1,0.77,57,112.2,33.7,交通拥堵; 新餐厅备餐波动
ORD001108,R050,Rider024,2024-01-04 21:42:00,21,False,False,39.89093979588686,116.39310068114534,39.9045643952722,116.43532802251922,39.836064702425794,116.40517809204412,11.95,3.92,8.03,快餐,25.7,23.321847715722146,True,8,0,1.3,雾,1.25,0.52,1.26,5,5.0,0,0.82,798,90.7,33.0,天气影响(雾)
ORD001109,R035,Rider016,2024-01-05 16:54:00,16,False,False,39.855313549737716,116.35942024915573,39.868196047868096,116.44344141332652,39.917836887942364,116.40394345972673,13.79,7.33,6.46,快餐,40.4,27.770557715595807,True,5,0,1.3,多云,1.0,0.27,1.14,13,3.6,1,0.83,67,79.0,7.6,新餐厅备餐波动
ORD001110,R044,Rider021,2024-01-02 09:16:00,9,False,False,39.890605088546835,116.34638937564651,39.93937307347177,116.4233420003288,39.920748511998084,116.46108354017223,12.35,8.52,3.83,火锅,9.4,31.30166688372906,True,28,0,4.2,晴天,1.0,0.94,1.47,23,4.6,0,0.88,1668,60.5,23.3,交通拥堵
ORD001111,R016,Rider022,2024-01-02 09:22:00,9,False,False,39.89023047950556,116.37554982036771,39.91308360831194,116.4152316581654,39.88685398692913,116.39370765445501,7.68,4.24,3.45,西餐,13.4,25.808170759143724,True,2,0,1.0,晴天,1.0,0.94,1.47,34,4.0,1,0.76,46,47.1,14.8,交通拥堵; 新餐厅备餐波动
ORD001112,R007,Rider013,2024-01-05 17:42:00,17,False,True,39.87225915420739,116.41631767982193,39.926353997399865,116.4125410484357,39.92705390041307,116.44622095280053,8.9,6.01,2.88,火锅,41.2,26.64845596710894,False,14,0,7.0,小雨,1.15,0.68,1.34,13,4.9,1,0.71,49,91.0,22.7,天气影响(小雨); 交通拥堵; 无电梯高楼层; 用餐高峰期; 新餐厅备餐波动
ORD001113,R006,Rider020,2024-01-01 09:31:00,9,False,False,39.92188686968524,116.45716823302456,39.897316486385044,116.41908046739768,39.95521852994615,116.403737357574,10.81,4.25,6.56,中餐,29.5,22.749105602374787,True,20,0,3.5,晴天,1.0,0.94,1.47,12,4.7,0,0.82,1513,82.8,21.3,交通拥堵
ORD001114,R041,Rider010,2024-01-02 13:06:00,13,False,True,39.88127990494138,116.4274777011622,39.883799869976464,116.39949782465398,39.876127462298896,116.36871555781596,5.18,2.41,2.77,中餐,27.1,18.065399847301965,False,16,0,8.0,晴天,1.0,0.91,1.46,3,4.9,1,0.85,78,86.5,34.2,交通拥堵; 无电梯高楼层; 用餐高峰期; 新餐厅备餐波动
ORD001115,R004,Rider017,2024-01-06 09:25:00,9,True,False,39.92449460331521,116.38752993336388,39.90622584614064,116.3646575544136,39.9178982767203,116.48386118426038,13.09,2.82,10.27,火锅,13.8,25.16184137773119,True,18,1,3.2,晴天,1.0,0.24,1.12,3,4.3,0,0.76,1942,56.5,8.4,写字楼电梯等待
ORD001116,R050,Rider010,2024-01-04 09:12:00,9,False,False,39.90321388928363,116.3720470806252,39.9045643952722,116.43532802251922,39.876127462298896,116.36871555781596,11.93,5.41,6.51,快餐,24.5,21.560025080962006,False,17,0,8.5,晴天,1.0,0.96,1.48,3,4.9,0,0.82,798,98.5,32.3,交通拥堵; 无电梯高楼层
ORD001117,R010,Rider023,2024-01-02 06:33:00,6,False,False,39.89517440747389,116.34219485210622,39.89798502329687,116.38869567815044,39.93964254240985,116.40191688715832,8.75,3.99,4.76,烧烤,13.3,21.006983962088498,False,7,0,3.5,多云,1.0,0.3,1.15,33,4.7,1,0.79,43,38.1,0.0,无电梯高楼层; 新餐厅备餐波动
ORD001118,R023,Rider002,2024-01-05 19:37:00,19,False,True,39.96182472271119,116.36465588138839,39.89349764922696,116.42408365395602,39.94914167126766,116.49312820752455,17.68,9.13,8.54,日料,39.0,24.162047729111134,True,29,1,4.9,多云,1.0,0.91,1.46,23,4.7,0,0.94,1116,130.7,42.9,交通拥堵; 写字楼电梯等待; 用餐高峰期
ORD001119,R005,Rider022,2024-01-02 06:41:00,6,False,False,39.959598609254904,116.4524197430968,39.88619238449682,116.4358231946314,39.88685398692913,116.39370765445501,11.88,8.27,3.6,火锅,28.1,30.228947377291775,True,23,1,3.5,多云,1.0,0.3,1.15,34,4.0,1,0.77,80,69.5,14.3,写字楼电梯等待; 新餐厅备餐波动
ORD001120,R031,Rider017,2024-01-06 16:46:00,16,True,False,39.86907077281354,116.42477802073968,39.875714428644635,116.38949308005311,39.9178982767203,116.48386118426038,12.44,3.11,9.33,中餐,31.2,21.810677988883974,True,11,1,3.3,多云,1.0,0.24,1.12,3,4.3,0,0.86,117,74.8,6.1,写字楼电梯等待
ORD001121,R036,Rider005,2024-01-06 14:30:00,14,True,False,39.938791979612596,116.40541481708178,39.91483258755359,116.35099062234642,39.846276626340114,116.35110144902494,12.97,5.36,7.61,日料,23.9,20.277960880182082,False,10,0,5.0,晴天,1.0,0.35,1.17,17,4.9,0,0.94,1695,76.1,8.8,无电梯高楼层
ORD001122,R036,Rider028,2024-01-01 16:58:00,16,False,False,39.87219622940136,116.37163922896872,39.91483258755359,116.35099062234642,39.8468364452307,116.39973868704347,13.68,5.05,8.62,日料,17.0,19.16946547128852,True,19,0,2.4,晴天,1.0,0.34,1.17,14,4.0,0,0.94,1695,72.0,9.8,无
ORD001123,R039,Rider004,2024-01-04 10:01:00,10,False,False,39.85358288770332,116.41320973453857,39.95763873231079,116.38707752996855,39.8938632905673,116.45473929280564,20.91,11.77,9.14,火锅,45.5,24.90059892051318,True,4,0,0.8,大雨,1.35,0.44,1.22,9,4.7,1,0.77,57,161.1,64.4,天气影响(大雨); 新餐厅备餐波动
ORD001124,R023,Rider015,2024-01-07 10:10:00,10,True,False,39.94373809398203,116.39823346916995,39.89349764922696,116.42408365395602,39.90125555536833,116.39611115244051,8.54,6.0,2.54,日料,29.5,18.40038746932523,False,2,0,1.0,多云,1.0,0.31,1.15,18,5.0,0,0.94,1116,62.2,3.9,无
ORD001125,R012,Rider025,2024-01-06 20:09:00,20,True,False,39.93094024899236,116.45488659509874,39.9031252188267,116.45433930967441,39.85202121997981,116.4341869019532,9.02,3.09,5.93,西餐,17.8,19.994058542292436,True,6,0,2.4,多云,1.0,0.35,1.18,23,3.7,0,0.85,1677,56.3,8.9,无
ORD001126,R022,Rider007,2024-01-03 11:25:00,11,False,True,39.91520809935479,116.36931777450658,39.92367260197888,116.37071379389974,39.8812319420477,116.34772102698165,6.05,0.95,5.11,快餐,22.8,27.305968356850126,True,20,0,2.5,晴天,1.0,0.56,1.28,20,3.7,1,0.76,91,53.9,15.3,用餐高峰期; 新餐厅备餐波动
ORD001127,R041,Rider028,2024-01-04 12:01:00,12,False,True,39.85589846560013,116.36240966939944,39.883799869976464,116.39949782465398,39.8468364452307,116.39973868704347,8.54,4.43,4.1,中餐,27.1,20.08057426365876,True,19,1,3.2,晴天,1.0,0.81,1.4,14,4.0,1,0.85,78,73.9,18.1,交通拥堵; 写字楼电梯等待; 用餐高峰期; 新餐厅备餐波动
ORD001128,R018,Rider015,2024-01-03 19:28:00,19,False,True,39.872713289941295,116.39590926430583,39.93680181069118,116.43754960642107,39.90125555536833,116.39611115244051,13.26,7.96,5.3,日料,14.9,19.176479135846705,True,14,0,1.6,晴天,1.0,0.73,1.37,18,5.0,1,0.74,11,80.6,22.6,交通拥堵; 用餐高峰期; 新餐厅备餐波动
ORD001129,R032,Rider011,2024-01-07 09:11:00,9,True,False,39.90238574319456,116.37443684414362,39.923253376527065,116.37499397389878,39.99179211732871,116.37506806858579,9.93,2.32,7.61,中餐,13.9,29.214921272372596,True,16,1,3.1,晴天,1.0,0.45,1.22,28,4.5,0,0.81,589,44.6,7.2,写字楼电梯等待
ORD001130,R020,Rider002,2024-01-06 18:27:00,18,True,True,39.92713132018352,116.31259313986766,39.927930958411295,116.38011837635615,39.94914167126766,116.49312820752455,15.71,5.77,9.94,西餐,42.9,23.34445138662382,True,28,0,3.0,多云,1.0,0.6,1.3,23,4.7,0,0.9,297,119.9,33.6,用餐高峰期
ORD001131,R028,Rider028,2024-01-03 21:45:00,21,False,False,39.88673885633153,116.36556659970152,39.92038827604751,116.36245113087884,39.8468364452307,116.39973868704347,12.51,3.75,8.77,火锅,16.0,17.730221849832077,True,18,0,3.0,多云,1.0,0.59,1.29,14,4.0,0,0.86,1899,76.1,14.8,无
ORD001132,R028,Rider007,2024-01-02 17:29:00,17,False,True,39.896589120614,116.51148529585629,39.92038827604751,116.36245113087884,39.8812319420477,116.34772102698165,17.54,13.01,4.53,火锅,15.6,26.43676340840743,True,2,0,1.6,多云,1.0,0.89,1.45,20,3.7,0,0.86,1899,88.4,31.3,交通拥堵; 用餐高峰期
ORD001133,R019,Rider024,2024-01-04 21:16:00,21,False,False,39.90573164778422,116.4416186977321,39.94131048218809,116.36460563345823,39.836064702425794,116.40517809204412,19.87,7.68,12.19,日料,16.7,26.250145200662786,True,12,0,2.2,雾,1.25,0.52,1.26,5,5.0,0,0.87,829,104.5,40.2,天气影响(雾)
ORD001134,R016,Rider010,2024-01-07 12:10:00,12,True,True,39.902728079507014,116.40430058729245,39.91308360831194,116.4152316581654,39.876127462298896,116.36871555781596,7.2,1.48,5.72,西餐,13.4,19.19163169518498,False,19,0,9.5,大雨,1.35,0.9,1.45,3,4.9,1,0.76,46,95.6,50.1,天气影响(大雨); 交通拥堵; 无电梯高楼层; 用餐高峰期; 新餐厅备餐波动
ORD001135,R036,Rider004,2024-01-02 16:31:00,16,False,False,39.820068611722284,116.33513017958988,39.91483258755359,116.35099062234642,39.8938632905673,116.45473929280564,19.78,10.61,9.17,日料,19.8,28.083975431394734,True,17,0,2.5,小雨,1.15,0.36,1.18,9,4.7,0,0.94,1695,77.7,13.1,天气影响(小雨)
ORD001136,R040,Rider001,2024-01-06 06:10:00,6,True,False,39.934032735745966,116.39880556807908,39.91551888796381,116.45694052959438,39.91716665409954,116.40219427782529,10.06,5.38,4.68,西餐,31.6,19.386746961456257,True,17,0,3.4,晴天,1.0,0.28,1.14,19,4.2,0,0.85,1199,71.6,5.5,无
ORD001137,R050,Rider025,2024-01-01 17:50:00,17,False,True,39.957566971571566,116.39079982427343,39.9045643952722,116.43532802251922,39.85202121997981,116.4341869019532,12.84,7.01,5.83,快餐,37.1,22.06360074476629,False,20,0,10.0,多云,1.0,0.8,1.4,23,3.7,0,0.82,798,116.5,34.5,交通拥堵; 无电梯高楼层; 用餐高峰期
ORD001138,R018,Rider001,2024-01-02 09:22:00,9,False,False,39.916750961937105,116.356578189222,39.93680181069118,116.43754960642107,39.91716665409954,116.40219427782529,11.0,7.27,3.73,日料,14.9,19.938654424714894,True,8,0,1.9,晴天,1.0,0.94,1.47,19,4.2,1,0.74,11,77.0,27.1,交通拥堵; 新餐厅备餐波动
ORD001139,R042,Rider004,2024-01-03 19:11:00,19,False,True,39.96169049216082,116.36862132024355,39.865351725765606,116.4042464448576,39.8938632905673,116.45473929280564,16.48,11.12,5.36,火锅,45.6,28.477036561300586,True,8,0,3.5,晴天,1.0,0.73,1.37,9,4.7,0,0.84,621,114.6,30.7,交通拥堵; 用餐高峰期
ORD001140,R031,Rider019,2024-01-02 18:44:00,18,False,True,39.86371782653863,116.38219711788138,39.875714428644635,116.38949308005311,39.93266459512356,116.36241431632648,8.2,1.47,6.73,中餐,42.6,17.951538224951424,False,7,1,3.5,小雨,1.15,0.91,1.46,28,3.9,0,0.86,117,117.7,44.2,天气影响(小雨); 交通拥堵; 无电梯高楼层; 用餐高峰期
ORD001141,R010,Rider020,2024-01-04 13:40:00,13,False,True,39.892824220597944,116.46813386332818,39.89798502329687,116.38869567815044,39.95521852994615,116.403737357574,13.3,6.82,6.48,烧烤,13.3,19.912881135626453,True,8,0,1.6,多云,1.0,0.74,1.37,12,4.7,1,0.79,43,76.7,21.7,交通拥堵; 用餐高峰期; 新餐厅备餐波动
ORD001142,R023,Rider019,2024-01-01 09:24:00,9,False,False,39.84626566492895,116.41367961624253,39.89349764922696,116.42408365395602,39.93266459512356,116.36241431632648,12.15,5.32,6.83,日料,30.1,18.870414788889743,True,21,0,2.2,晴天,1.0,0.94,1.47,28,3.9,0,0.94,1116,104.7,33.8,交通拥堵
ORD001143,R048,Rider014,2024-01-01 04:00:00,4,False,False,39.89783087796189,116.4339488309552,39.87933014967234,116.39059456879409,39.93387852066118,116.46646634501718,13.11,4.24,8.88,日料,9.0,20.101196784185873,True,18,0,5.0,多云,1.0,0.31,1.16,10,4.9,0,0.94,1812,64.3,11.1,无
ORD001144,R034,Rider029,2024-01-05 09:39:00,9,False,False,39.89715537625193,116.37557909486772,39.86870203135637,116.42224986962574,39.9827701186798,116.39951113316586,17.9,5.09,12.81,日料,33.0,27.095915893155674,False,10,0,5.0,晴天,1.0,1.0,1.5,30,3.7,1,0.71,96,114.7,37.1,交通拥堵; 无电梯高楼层; 新餐厅备餐波动
ORD001145,R038,Rider013,2024-01-03 16:48:00,16,False,False,39.908828413245885,116.41814152205771,39.93564059231985,116.38854290757573,39.92705390041307,116.44622095280053,8.93,3.91,5.02,中餐,12.5,33.685773918679004,True,21,1,3.5,雪,1.4,0.2,1.1,13,4.9,0,0.85,1469,57.5,25.7,天气影响(雪); 写字楼电梯等待
ORD001146,R036,Rider013,2024-01-01 02:47:00,2,False,False,39.920538824974834,116.3663321454693,39.91483258755359,116.35099062234642,39.92705390041307,116.44622095280053,9.71,1.46,8.25,日料,19.0,30.513222455796466,True,20,0,2.7,晴天,1.0,0.41,1.2,13,4.9,0,0.94,1695,38.3,0.0,无
ORD001147,R041,Rider023,2024-01-07 09:38:00,9,True,False,39.92136958686403,116.37522485140256,39.883799869976464,116.39949782465398,39.93964254240985,116.40191688715832,10.86,4.66,6.2,中餐,27.1,24.00823397809217,True,14,0,2.7,晴天,1.0,0.45,1.22,33,4.7,1,0.85,78,71.6,14.7,新餐厅备餐波动
ORD001148,R020,Rider024,2024-01-07 18:03:00,18,True,True,39.99060698976714,116.37485071643349,39.927930958411295,116.38011837635615,39.836064702425794,116.40517809204412,17.4,6.97,10.42,西餐,36.6,27.769235322626063,True,7,0,1.8,晴天,1.0,0.57,1.28,5,5.0,0,0.9,297,106.6,30.6,用餐高峰期
ORD001149,R019,Rider017,2024-01-04 02:35:00,2,False,False,39.970754902151626,116.3996709270998,39.94131048218809,116.36460563345823,39.9178982767203,116.48386118426038,14.96,4.43,10.52,日料,15.1,24.251457708815092,False,7,0,3.5,晴天,1.0,0.28,1.14,3,4.3,0,0.87,829,66.4,10.8,无电梯高楼层
ORD001150,R011,Rider001,2024-01-05 15:37:00,15,False,False,39.942590123061315,116.38938986778493,39.85697534139168,116.42653858829674,39.91716665409954,116.40219427782529,17.02,10.02,7.0,快餐,18.2,20.86044799487994,False,16,1,8.0,晴天,1.0,0.2,1.1,19,4.2,0,0.84,1585,84.3,9.1,无电梯高楼层; 写字楼电梯等待
ORD001151,R026,Rider012,2024-01-05 14:49:00,14,False,False,39.8745823241498,116.37047913355329,39.960173235334345,116.42161498762735,39.87227059127874,116.35388620704767,21.81,10.46,11.35,快餐,8.0,20.153631058542622,True,9,1,2.1,多云,1.0,0.36,1.18,27,4.5,0,0.8,260,85.6,10.6,无
ORD001152,R027,Rider012,2024-01-02 01:03:00,1,False,False,39.884154549351926,116.387327947859,39.94449504636891,116.38536357050157,39.87227059127874,116.35388620704767,15.16,6.7,8.46,西餐,18.7,20.36612924654242,True,21,1,3.2,雾,1.25,0.29,1.15,27,4.5,0,0.82,787,95.2,28.6,天气影响(雾); 写字楼电梯等待
ORD001153,R029,Rider005,2024-01-06 12:30:00,12,True,True,39.923382140570354,116.45160189783073,39.929703617463716,116.41923019854394,39.846276626340114,116.35110144902494,13.8,2.85,10.94,快餐,12.1,24.00521535832179,True,14,1,3.5,小雨,1.15,0.74,1.37,17,4.9,0,0.86,1639,76.9,26.8,天气影响(小雨); 交通拥堵; 写字楼电梯等待; 用餐高峰期
ORD001154,R012,Rider015,2024-01-06 10:53:00,10,True,False,39.9364980435045,116.33938600714582,39.9031252188267,116.45433930967441,39.90125555536833,116.39611115244051,15.49,10.5,4.98,西餐,21.7,20.372253842472844,True,8,1,2.2,多云,1.0,0.45,1.22,18,5.0,0,0.85,1677,88.1,18.5,无
ORD001155,R007,Rider003,2024-01-02 01:23:00,1,False,False,39.91325418064942,116.37204752330146,39.926353997399865,116.4125410484357,39.97674666303516,116.42358331580469,9.43,3.76,5.67,火锅,41.2,33.039132525812974,False,7,0,3.5,雾,1.25,0.29,1.15,12,4.5,1,0.71,49,88.3,26.4,天气影响(雾); 无电梯高楼层; 新餐厅备餐波动
ORD001156,R023,Rider007,2024-01-03 15:36:00,15,False,False,39.93000952469617,116.36229240466928,39.89349764922696,116.42408365395602,39.8812319420477,116.34772102698165,13.33,6.66,6.67,日料,25.9,30.741632183939963,True,7,0,2.8,多云,1.0,0.34,1.17,20,3.7,0,0.94,1116,58.1,3.3,无
ORD001157,R033,Rider015,2024-01-03 15:17:00,15,False,False,39.85926995696919,116.40551402364626,39.91675918407518,116.3855546225191,39.90125555536833,116.39611115244051,8.55,6.61,1.94,中餐,19.5,20.460888591405883,True,3,0,0.7,多云,1.0,0.34,1.17,18,5.0,0,0.82,637,53.6,8.3,无
ORD001158,R035,Rider005,2024-01-01 09:52:00,9,False,False,39.91453173592778,116.35952474257601,39.868196047868096,116.44344141332652,39.846276626340114,116.35110144902494,17.1,8.83,8.27,快餐,40.4,24.587384442793716,True,13,1,3.5,晴天,1.0,0.94,1.47,17,4.9,1,0.83,67,133.7,48.1,交通拥堵; 写字楼电梯等待; 新餐厅备餐波动
ORD001159,R039,Rider022,2024-01-04 03:04:00,3,False,False,39.89752722066071,116.48588045033082,39.95763873231079,116.38707752996855,39.88685398692913,116.39370765445501,18.64,10.76,7.88,火锅,45.5,31.955062963224805,True,15,0,3.2,多云,1.0,0.23,1.12,34,4.0,1,0.77,57,90.0,6.3,新餐厅备餐波动
ORD001160,R005,Rider023,2024-01-02 15:09:00,15,False,False,39.90536261436867,116.35948423518708,39.88619238449682,116.4358231946314,39.93964254240985,116.40191688715832,13.47,6.87,6.6,火锅,28.1,19.77647509605373,False,2,0,1.0,小雨,1.15,0.35,1.17,33,4.7,1,0.77,80,97.5,27.5,天气影响(小雨); 新餐厅备餐波动
ORD001161,R027,Rider002,2024-01-07 09:42:00,9,True,False,39.885645738542784,116.37453800639746,39.94449504636891,116.38536357050157,39.94914167126766,116.49312820752455,15.82,6.6,9.22,西餐,21.0,22.107468261763795,True,13,0,2.4,晴天,1.0,0.45,1.22,23,4.7,0,0.82,787,74.0,7.6,无
ORD001162,R018,Rider023,2024-01-07 07:29:00,7,True,False,39.92515686280953,116.39867783975151,39.93680181069118,116.43754960642107,39.93964254240985,116.40191688715832,6.63,3.57,3.06,日料,14.9,22.33800553994228,False,15,0,7.5,晴天,1.0,0.43,1.22,33,4.7,1,0.74,11,48.8,8.5,无电梯高楼层; 新餐厅备餐波动
ORD001163,R038,Rider015,2024-01-04 17:23:00,17,False,True,39.925499801830966,116.43367075092019,39.93564059231985,116.38854290757573,39.90125555536833,116.39611115244051,7.89,4.02,3.87,中餐,17.7,21.70759817847296,True,26,1,5.5,晴天,1.0,0.91,1.46,18,5.0,0,0.85,1469,68.7,23.7,交通拥堵; 写字楼电梯等待; 用餐高峰期
ORD001164,R032,Rider009,2024-01-07 10:35:00,10,True,False,39.860543698238196,116.38235532242133,39.923253376527065,116.37499397389878,39.91316369927242,116.40790369603127,10.02,6.99,3.03,中餐,11.2,21.823777880490688,True,22,1,8.0,多云,1.0,0.31,1.15,35,4.5,0,0.81,589,51.7,5.0,写字楼电梯等待
ORD001165,R011,Rider010,2024-01-03 15:46:00,15,False,False,39.906836925951914,116.41003290905857,39.85697534139168,116.42653858829674,39.876127462298896,116.36871555781596,11.1,5.71,5.38,快餐,13.8,18.319019935534527,True,14,0,1.9,多云,1.0,0.34,1.17,3,4.9,0,0.84,1585,55.0,3.0,无
ORD001166,R016,Rider003,2024-01-06 09:59:00,9,True,False,39.8836820396463,116.34688428401672,39.91308360831194,116.4152316581654,39.97674666303516,116.42358331580469,13.8,6.69,7.1,西餐,13.4,32.96114470298561,True,15,1,2.4,晴天,1.0,0.24,1.12,12,4.5,1,0.76,46,45.9,4.9,写字楼电梯等待; 新餐厅备餐波动
ORD001167,R014,Rider016,2024-01-02 15:05:00,15,False,False,39.84802614701313,116.36065527621808,39.89783515734865,116.39459393617881,39.917836887942364,116.40394345972673,8.61,6.25,2.36,烧烤,39.2,28.10533446085057,True,21,0,2.8,小雨,1.15,0.35,1.17,13,3.6,1,0.82,66,94.1,33.7,天气影响(小雨); 新餐厅备餐波动
ORD001168,R045,Rider027,2024-01-02 13:45:00,13,False,True,39.94887973779378,116.48812889846766,39.93831052255901,116.42080670434322,39.886332661172375,116.38837314608125,12.28,5.87,6.4,日料,30.6,23.267728854120616,False,22,0,11.0,晴天,1.0,0.91,1.46,21,3.8,0,0.8,384,112.5,39.3,交通拥堵; 无电梯高楼层; 用餐高峰期
ORD001169,R036,Rider029,2024-01-02 19:58:00,19,False,True,39.93314931802692,116.38511444086824,39.91483258755359,116.35099062234642,39.9827701186798,116.39951113316586,12.16,3.56,8.61,日料,28.5,29.10660529073175,True,9,0,1.0,小雨,1.15,0.98,1.49,30,3.7,0,0.94,1695,96.1,41.5,天气影响(小雨); 交通拥堵; 用餐高峰期
ORD001170,R040,Rider007,2024-01-06 00:56:00,0,True,False,39.85079395091115,116.43377701820508,39.91551888796381,116.45694052959438,39.8812319420477,116.34772102698165,17.54,7.45,10.09,西餐,24.9,29.616363643804718,True,9,0,1.3,小雨,1.15,0.32,1.16,20,3.7,0,0.85,1199,83.5,21.8,天气影响(小雨)
ORD001171,R040,Rider009,2024-01-02 12:38:00,12,False,True,39.82228771770839,116.454861364836,39.91551888796381,116.45694052959438,39.91316369927242,116.40790369603127,14.55,10.35,4.2,西餐,37.1,22.89762248281207,True,4,0,0.5,雾,1.25,0.79,1.4,35,4.5,0,0.85,1199,130.6,54.9,天气影响(雾); 交通拥堵; 用餐高峰期
ORD001172,R008,Rider028,2024-01-03 01:27:00,1,False,False,39.88319918092379,116.36079023450323,39.91802448900446,116.40997770414891,39.8468364452307,116.39973868704347,13.67,5.71,7.95,火锅,19.9,19.706691616480136,False,8,0,4.0,多云,1.0,0.48,1.24,14,4.0,0,0.81,1280,84.1,18.5,无电梯高楼层
ORD001173,R009,Rider022,2024-01-07 15:08:00,15,True,False,39.99584900340164,116.48946945448121,39.84792969683381,116.3663965358334,39.88685398692913,116.39370765445501,24.42,19.51,4.91,西餐,27.2,33.364524758548995,False,19,0,9.5,小雨,1.15,0.26,1.13,34,4.0,0,0.75,1622,100.7,20.1,天气影响(小雨); 无电梯高楼层
ORD001174,R020,Rider018,2024-01-02 16:10:00,16,False,False,39.87178363126411,116.37170677569951,39.927930958411295,116.38011837635615,39.88619738114083,116.43231399729389,12.71,6.28,6.43,西餐,29.3,34.92739691647414,False,7,0,3.5,小雨,1.15,0.36,1.18,9,3.7,0,0.9,297,73.3,18.7,天气影响(小雨); 无电梯高楼层
ORD001175,R030,Rider016,2024-01-06 20:35:00,20,True,False,39.92091287444654,116.41718579413539,39.89749611644023,116.42882001482276,39.917836887942364,116.40394345972673,5.89,2.78,3.1,日料,16.1,27.38742282907475,True,12,0,1.4,多云,1.0,0.35,1.18,13,3.6,1,0.76,62,29.0,0.0,新餐厅备餐波动
ORD001176,R047,Rider004,2024-01-06 08:15:00,8,True,False,39.94046867091306,116.37750353097424,39.88553288505282,116.39673534077251,39.8938632905673,116.45473929280564,11.36,6.32,5.05,日料,30.2,25.12642488518931,True,4,0,0.7,小雨,1.15,0.47,1.23,9,4.7,0,0.89,512,87.2,29.1,天气影响(小雨)
ORD001177,R046,Rider010,2024-01-07 20:35:00,20,True,False,39.93180320657026,116.40458295836959,39.90750898735901,116.3944992384245,39.876127462298896,116.36871555781596,6.96,2.83,4.12,中餐,17.3,18.46855882970906,True,18,0,2.1,多云,1.0,0.27,1.13,3,4.9,0,0.9,704,43.2,1.2,无
ORD001178,R019,Rider020,2024-01-03 22:02:00,22,False,False,39.89489035454209,116.41741282534907,39.94131048218809,116.36460563345823,39.95521852994615,116.403737357574,10.54,6.85,3.68,日料,12.4,19.847813595827862,False,1,0,0.5,多云,1.0,0.48,1.24,12,4.7,0,0.87,829,55.1,10.4,无
ORD001179,R033,Rider026,2024-01-02 09:28:00,9,False,False,39.903949902352274,116.35508712787257,39.91675918407518,116.3855546225191,39.86014992380612,116.42690693099692,10.18,2.97,7.21,中餐,10.3,21.899742737011284,True,11,0,1.3,晴天,1.0,0.94,1.47,25,4.8,0,0.82,637,59.5,20.0,交通拥堵
ORD001180,R043,Rider018,2024-01-01 14:01:00,14,False,False,39.91202383880538,116.4441420894473,39.94743819867199,116.36432413546461,39.88619738114083,116.43231399729389,16.82,7.87,8.95,日料,17.4,31.11648283287634,True,13,0,2.4,多云,1.0,0.16,1.08,9,3.7,0,0.95,1448,53.3,1.0,无
ORD001181,R007,Rider007,2024-01-06 06:21:00,6,True,False,39.84844354138,116.36138292944277,39.926353997399865,116.4125410484357,39.8812319420477,116.34772102698165,17.17,9.69,7.47,火锅,41.2,26.721589553942152,True,15,0,1.9,晴天,1.0,0.28,1.14,20,3.7,1,0.71,49,95.6,13.9,新餐厅备餐波动
ORD001182,R039,Rider005,2024-01-06 12:34:00,12,True,True,39.9691935214687,116.45718361300464,39.95763873231079,116.38707752996855,39.846276626340114,116.35110144902494,18.87,6.13,12.74,火锅,45.5,24.33622908361267,True,20,1,3.8,小雨,1.15,0.74,1.37,17,4.9,1,0.77,57,148.4,52.5,天气影响(小雨); 交通拥堵; 写字楼电梯等待; 用餐高峰期; 新餐厅备餐波动
ORD001183,R008,Rider021,2024-01-04 12:16:00,12,False,True,39.95571038189547,116.38813073758041,39.91802448900446,116.40997770414891,39.920748511998084,116.46108354017223,8.96,4.58,4.38,火锅,32.2,29.231405854685715,True,26,1,3.9,晴天,1.0,0.81,1.4,23,4.6,0,0.81,1280,69.9,15.4,交通拥堵; 写字楼电梯等待; 用餐高峰期
ORD001184,R014,Rider003,2024-01-05 16:07:00,16,False,False,39.94756022403016,116.38850685086378,39.89783515734865,116.39459393617881,39.97674666303516,116.42358331580469,14.65,5.55,9.11,烧烤,39.2,37.084591956471684,False,3,0,1.5,多云,1.0,0.27,1.14,12,4.5,1,0.82,66,76.7,12.2,新餐厅备餐波动
ORD001185,R043,Rider001,2024-01-06 13:12:00,13,True,True,39.903028448698365,116.428304985423,39.94743819867199,116.36432413546461,39.91716665409954,116.40219427782529,12.03,7.36,4.67,日料,26.2,23.291308908522847,True,11,0,1.6,晴天,1.0,0.84,1.42,19,4.2,0,0.95,1448,89.4,30.7,交通拥堵; 用餐高峰期
ORD001186,R037,Rider016,2024-01-05 15:11:00,15,False,False,39.95152009705863,116.41401872590451,39.892457945637545,116.42054067792265,39.917836887942364,116.40394345972673,9.74,6.58,3.16,火锅,26.6,29.951005791399652,True,9,0,1.1,晴天,1.0,0.2,1.1,13,3.6,0,0.91,1035,60.9,13.6,无
ORD001187,R029,Rider025,2024-01-06 21:39:00,21,True,False,39.93432953099267,116.46916310368279,39.929703617463716,116.41923019854394,39.85202121997981,116.4341869019532,13.02,4.3,8.72,快餐,11.1,19.468903811052638,True,15,0,1.5,晴天,1.0,0.46,1.23,23,3.7,0,0.86,1639,67.7,15.0,无
ORD001188,R026,Rider025,2024-01-03 16:07:00,16,False,False,39.90102730960957,116.43010565345833,39.960173235334345,116.42161498762735,39.85202121997981,116.4341869019532,18.66,6.61,12.06,快餐,13.2,19.012073509582876,True,29,0,4.3,雪,1.4,0.2,1.1,23,3.7,0,0.8,260,122.6,46.2,天气影响(雪)
ORD001189,R050,Rider006,2024-01-03 16:57:00,16,False,False,39.82364726112292,116.41723107346283,39.9045643952722,116.43532802251922,39.8754622311499,116.39886211393153,13.61,9.12,4.49,快餐,24.7,30.430764020641824,True,3,1,0.6,雪,1.4,0.2,1.1,27,3.9,0,0.82,798,78.1,26.0,天气影响(雪)
ORD001190,R050,Rider013,2024-01-05 18:35:00,18,False,True,39.89253934923046,116.42011844523567,39.9045643952722,116.43532802251922,39.92705390041307,116.44622095280053,4.53,1.86,2.67,快餐,39.4,30.259821435545845,False,21,0,10.5,小雨,1.15,0.89,1.44,13,4.9,0,0.82,798,99.2,40.4,天气影响(小雨); 交通拥堵; 无电梯高楼层; 用餐高峰期
ORD001191,R044,Rider020,2024-01-04 15:44:00,15,False,False,39.88995887295004,116.37066970599855,39.93937307347177,116.4233420003288,39.95521852994615,116.403737357574,9.53,7.1,2.43,火锅,10.7,23.088186566328925,False,4,1,2.0,晴天,1.0,0.34,1.17,12,4.7,0,0.88,1668,38.0,0.5,无
ORD001192,R004,Rider021,2024-01-06 11:36:00,11,True,True,39.92076314939895,116.34898487584651,39.90622584614064,116.3646575544136,39.920748511998084,116.46108354017223,10.5,2.1,8.4,火锅,20.9,31.142358223800322,False,18,1,9.0,雪,1.4,0.94,1.47,23,4.6,0,0.76,1942,104.0,54.0,天气影响(雪); 交通拥堵; 无电梯高楼层; 写字楼电梯等待; 用餐高峰期
ORD001193,R047,Rider018,2024-01-05 15:42:00,15,False,False,39.966159268160965,116.36158024355132,39.88553288505282,116.39673534077251,39.88619738114083,116.43231399729389,12.49,9.44,3.04,日料,34.4,28.949787714924476,False,6,0,3.0,晴天,1.0,0.2,1.1,9,3.7,0,0.89,512,76.9,13.7,无电梯高楼层
ORD001194,R030,Rider025,2024-01-01 17:23:00,17,False,True,39.92821657240899,116.37225437135585,39.89749611644023,116.42882001482276,39.85202121997981,116.4341869019532,10.99,5.92,5.07,日料,16.1,20.726037646739382,True,21,0,2.7,多云,1.0,0.8,1.4,23,3.7,1,0.76,62,68.7,18.0,交通拥堵; 用餐高峰期; 新餐厅备餐波动
ORD001195,R047,Rider018,2024-01-01 15:51:00,15,False,False,39.953423842801435,116.37360003522096,39.88553288505282,116.39673534077251,39.88619738114083,116.43231399729389,10.84,7.79,3.04,日料,31.9,31.424257942897203,True,2,0,2.5,多云,1.0,0.08,1.04,9,3.7,0,0.89,512,61.5,6.4,无
ORD001196,R021,Rider026,2024-01-06 18:09:00,18,True,True,39.88558964482743,116.40069977089819,39.90504298390045,116.37148738809985,39.86014992380612,116.42690693099692,10.18,3.3,6.88,西餐,17.5,22.44204667952482,False,8,0,4.0,多云,1.0,0.6,1.3,25,4.8,0,0.95,863,60.9,12.2,无电梯高楼层; 用餐高峰期
ORD001197,R045,Rider026,2024-01-05 05:14:00,5,False,False,39.945948635522406,116.46308106772058,39.93831052255901,116.42080670434322,39.86014992380612,116.42690693099692,12.41,3.71,8.69,日料,23.3,27.743191981520596,True,3,1,1.5,晴天,1.0,0.34,1.17,25,4.8,0,0.8,384,64.8,13.2,无
ORD001198,R009,Rider014,2024-01-03 10:18:00,10,False,False,39.8556029069125,116.39321876571125,39.84792969683381,116.3663965358334,39.93387852066118,116.46646634501718,15.27,2.45,12.82,西餐,29.2,20.078241452320984,True,19,1,5.9,雾,1.25,0.25,1.13,10,4.9,0,0.75,1622,121.6,40.9,天气影响(雾); 写字楼电梯等待
ORD001199,R049,Rider004,2024-01-03 15:54:00,15,False,False,39.89910907055441,116.4334875753214,39.93551026936107,116.41426935614565,39.8938632905673,116.45473929280564,10.14,4.36,5.78,快餐,16.4,26.982309367399417,True,20,1,4.7,多云,1.0,0.34,1.17,9,4.7,0,0.8,1818,46.0,2.4,写字楼电梯等待
ORD001200,R034,Rider012,2024-01-01 23:22:00,23,False,False,39.93674611486094,116.43454703799347,39.86870203135637,116.42224986962574,39.87227059127874,116.35388620704767,13.49,7.63,5.86,日料,33.0,21.37574132047038,False,1,1,0.5,多云,1.0,0.39,1.19,27,4.5,1,0.71,96,81.8,10.5,新餐厅备餐波动
ORD001201,R038,Rider011,2024-01-03 03:46:00,3,False,False,39.884590528423715,116.43810674675716,39.93564059231985,116.38854290757573,39.99179211732871,116.37506806858579,13.42,7.08,6.34,中餐,16.2,25.338281180275523,True,11,0,2.0,多云,1.0,0.16,1.08,28,4.5,0,0.85,1469,53.0,3.1,无
ORD001202,R013,Rider010,2024-01-06 10:49:00,10,True,False,39.86350817657479,116.42501478147467,39.98320584661837,116.37664727333566,39.876127462298896,116.36871555781596,25.83,13.92,11.91,西餐,20.2,17.191817187488866,True,2,0,0.6,多云,1.0,0.45,1.22,3,4.9,0,0.78,330,133.8,22.9,无
ORD001203,R003,Rider021,2024-01-07 19:24:00,19,True,True,39.997815038738494,116.38719325346976,39.90486665479836,116.3945662125919,39.920748511998084,116.46108354017223,16.29,10.34,5.95,烧烤,37.0,30.064143050408735,True,5,0,1.1,雪,1.4,0.57,1.28,23,4.6,0,0.76,799,129.4,58.8,天气影响(雪); 用餐高峰期
ORD001204,R001,Rider025,2024-01-01 16:37:00,16,False,False,39.8288080474882,116.36773452886382,39.91910142459034,116.40325207096485,39.85202121997981,116.4341869019532,18.38,10.48,7.9,西餐,29.5,23.53550000775592,True,16,0,5.0,晴天,1.0,0.34,1.17,23,3.7,0,0.89,1738,89.4,8.0,无
ORD001205,R034,Rider022,2024-01-07 12:28:00,12,True,True,39.93094391984176,116.44647394803806,39.86870203135637,116.42224986962574,39.88685398692913,116.39370765445501,10.38,7.21,3.17,日料,33.0,28.162961606744716,True,25,1,3.9,大雨,1.35,0.9,1.45,34,4.0,1,0.71,96,126.7,67.7,天气影响(大雨); 交通拥堵; 写字楼电梯等待; 用餐高峰期; 新餐厅备餐波动
ORD001206,R020,Rider023,2024-01-04 17:15:00,17,False,True,39.88934524595671,116.38228912725916,39.927930958411295,116.38011837635615,39.93964254240985,116.40191688715832,6.56,4.29,2.27,西餐,39.2,19.435089171173548,True,30,0,4.0,晴天,1.0,0.91,1.46,33,4.7,0,0.9,297,88.7,25.3,交通拥堵; 用餐高峰期
ORD001207,R046,Rider016,2024-01-04 23:23:00,23,False,False,39.936465087168656,116.41724400388796,39.90750898735901,116.3944992384245,39.917836887942364,116.40394345972673,5.16,3.76,1.4,中餐,20.4,29.903525425887924,False,14,0,7.0,小雨,1.15,0.23,1.12,13,3.6,0,0.9,704,49.1,11.4,天气影响(小雨); 无电梯高楼层
ORD001208,R006,Rider023,2024-01-04 11:58:00,11,False,True,39.91213369103871,116.32564899682235,39.897316486385044,116.41908046739768,39.93964254240985,116.40191688715832,13.08,8.16,4.92,中餐,38.7,19.785965374684586,True,3,0,1.0,晴天,1.0,0.89,1.45,33,4.7,0,0.82,1513,116.8,37.5,交通拥堵; 用餐高峰期
ORD001209,R048,Rider009,2024-01-02 16:30:00,16,False,False,39.91202754785383,116.37898634060848,39.87933014967234,116.39059456879409,39.91316369927242,116.40790369603127,7.8,3.76,4.04,日料,11.9,21.94902019358637,True,1,0,1.0,小雨,1.15,0.36,1.18,35,4.5,0,0.94,1812,55.8,21.6,天气影响(小雨)
ORD001210,R037,Rider007,2024-01-02 20:50:00,20,False,False,39.920599547915124,116.34440769578673,39.892457945637545,116.42054067792265,39.8812319420477,116.34772102698165,13.57,7.22,6.35,火锅,28.2,29.7221423975499,False,3,1,1.5,晴天,1.0,0.32,1.16,20,3.7,0,0.91,1035,58.6,1.5,无
ORD001211,R031,Rider019,2024-01-06 19:02:00,19,True,True,39.89754426725039,116.39735801501573,39.875714428644635,116.38949308005311,39.93266459512356,116.36241431632648,9.25,2.52,6.73,中餐,38.7,17.341986424547358,False,19,0,9.5,晴天,1.0,0.72,1.36,28,3.9,0,0.86,117,110.7,30.5,交通拥堵; 无电梯高楼层; 用餐高峰期
ORD001212,R025,Rider002,2024-01-04 19:42:00,19,False,True,39.93564187820442,116.43779838866006,39.92272922536534,116.4439121239094,39.94914167126766,116.49312820752455,6.65,1.53,5.13,烧烤,15.6,23.469148791593433,True,4,0,4.5,小雨,1.15,0.8,1.4,23,4.7,1,0.83,93,54.2,17.1,天气影响(小雨); 交通拥堵; 用餐高峰期; 新餐厅备餐波动
ORD001213,R036,Rider029,2024-01-07 20:23:00,20,True,False,39.88451536558179,116.41538604412665,39.91483258755359,116.35099062234642,39.9827701186798,116.39951113316586,15.06,6.45,8.61,日料,24.8,26.368102728000483,True,10,1,1.6,多云,1.0,0.27,1.13,30,3.7,0,0.94,1695,80.9,20.2,无
ORD001214,R004,Rider014,2024-01-07 19:07:00,19,True,True,39.94202282414656,116.46259820077381,39.90622584614064,116.3646575544136,39.93387852066118,116.46646634501718,18.5,9.27,9.23,火锅,19.4,18.479820802778733,True,24,0,2.8,雪,1.4,0.57,1.28,10,4.9,0,0.76,1942,144.0,61.8,天气影响(雪); 用餐高峰期
ORD001215,R013,Rider030,2024-01-02 10:30:00,10,False,False,39.89925952424519,116.41078533393511,39.98320584661837,116.37664727333566,39.911325137030445,116.40882541839402,18.21,9.77,8.44,西餐,24.1,31.66873736769143,True,21,0,2.9,大雨,1.35,0.17,1.09,22,3.9,0,0.78,330,93.9,32.4,天气影响(大雨)
ORD001216,R019,Rider003,2024-01-05 12:14:00,12,False,True,39.896027474781754,116.45234786179809,39.94131048218809,116.36460563345823,39.97674666303516,116.42358331580469,15.42,9.03,6.39,日料,20.9,35.17578679200699,True,10,0,5.0,多云,1.0,0.8,1.4,12,4.5,0,0.87,829,67.1,14.9,交通拥堵; 用餐高峰期
ORD001217,R015,Rider008,2024-01-07 18:04:00,18,True,True,39.913430482236414,116.36440037591083,39.945355864006494,116.41266659881865,39.92497386056965,116.4687095565201,10.74,5.44,5.3,快餐,9.7,27.051677609934732,True,9,0,1.2,晴天,1.0,0.57,1.28,25,4.8,0,0.82,1348,40.0,5.3,用餐高峰期
ORD001218,R029,Rider030,2024-01-02 23:05:00,23,False,False,39.87817019262949,116.38713808519601,39.929703617463716,116.41923019854394,39.911325137030445,116.40882541839402,8.57,6.35,2.23,快餐,13.5,33.375524962248015,True,16,1,3.3,晴天,1.0,0.44,1.22,22,3.9,0,0.86,1639,43.2,11.0,写字楼电梯等待
ORD001219,R015,Rider012,2024-01-07 14:04:00,14,True,False,39.8695081819407,116.43396507589627,39.945355864006494,116.41266659881865,39.87227059127874,116.35388620704767,18.16,8.62,9.55,快餐,6.4,22.23471504078358,False,19,0,9.5,多云,1.0,0.14,1.07,27,4.5,0,0.82,1348,70.3,5.4,无电梯高楼层
ORD001220,R007,Rider015,2024-01-03 21:10:00,21,False,False,39.87374953046488,116.389631775163,39.926353997399865,116.4125410484357,39.90125555536833,116.39611115244051,9.28,6.16,3.12,火锅,41.2,19.47078605631352,True,28,0,3.6,多云,1.0,0.59,1.29,18,5.0,1,0.71,49,94.6,21.1,新餐厅备餐波动
ORD001221,R039,Rider021,2024-01-06 11:23:00,11,True,True,39.89215652041027,116.37146739028135,39.95763873231079,116.38707752996855,39.920748511998084,116.46108354017223,14.93,7.39,7.54,火锅,45.5,34.06823119902818,True,22,1,5.8,雪,1.4,0.94,1.47,23,4.6,1,0.77,57,161.8,84.2,天气影响(雪); 交通拥堵; 写字楼电梯等待; 用餐高峰期; 新餐厅备餐波动
ORD001222,R044,Rider018,2024-01-03 16:52:00,16,False,False,39.90648776957598,116.33585507366743,39.93937307347177,116.4233420003288,39.88619738114083,116.43231399729389,14.28,8.32,5.95,火锅,5.7,29.17266238234065,False,18,1,9.0,雪,1.4,0.2,1.1,9,3.7,0,0.88,1668,71.4,27.4,天气影响(雪); 无电梯高楼层; 写字楼电梯等待
ORD001223,R012,Rider021,2024-01-04 19:03:00,19,False,True,39.88956251533465,116.35195075594378,39.9031252188267,116.45433930967441,39.920748511998084,116.46108354017223,10.93,8.89,2.04,西餐,31.3,27.603576208941742,True,7,0,1.5,小雨,1.15,0.8,1.4,23,4.6,0,0.85,1677,91.8,35.2,天气影响(小雨); 交通拥堵; 用餐高峰期
ORD001224,R043,Rider030,2024-01-05 01:27:00,1,False,False,39.96555195247802,116.4123584827031,39.94743819867199,116.36432413546461,39.911325137030445,116.40882541839402,10.1,4.57,5.53,日料,22.6,33.792424735080594,True,20,0,3.2,雾,1.25,0.32,1.16,22,3.9,0,0.95,1448,56.5,12.8,天气影响(雾)
ORD001225,R025,Rider011,2024-01-03 18:42:00,18,False,True,39.940884692538674,116.38018144199745,39.92272922536534,116.4439121239094,39.99179211732871,116.37506806858579,15.47,5.81,9.66,烧烤,15.6,26.35546575682123,True,25,0,3.3,大雨,1.35,0.85,1.42,28,4.5,1,0.83,93,94.1,39.9,天气影响(大雨); 交通拥堵; 用餐高峰期; 新餐厅备餐波动
ORD001226,R019,Rider004,2024-01-06 22:52:00,22,True,False,39.94945938953075,116.48899425793321,39.94131048218809,116.36460563345823,39.8938632905673,116.45473929280564,20.0,10.67,9.33,日料,11.9,23.305551429754175,False,1,1,0.5,晴天,1.0,0.58,1.29,9,4.7,0,0.87,829,86.6,22.7,无
ORD001227,R009,Rider001,2024-01-03 16:17:00,16,False,False,39.94419054212131,116.37457617330382,39.84792969683381,116.3663965358334,39.91716665409954,116.40219427782529,18.99,10.71,8.27,西餐,22.0,23.217457556942065,True,10,0,1.7,雪,1.4,0.2,1.1,19,4.2,0,0.75,1622,107.1,34.4,天气影响(雪)
ORD001228,R022,Rider001,2024-01-02 11:13:00,11,False,True,39.8897344706304,116.38792898182705,39.92367260197888,116.37071379389974,39.91716665409954,116.40219427782529,6.83,4.05,2.79,快餐,22.8,20.893188968157137,True,15,0,2.4,多云,1.0,0.94,1.47,19,4.2,1,0.76,91,68.4,23.5,交通拥堵; 用餐高峰期; 新餐厅备餐波动
ORD001229,R008,Rider015,2024-01-03 16:45:00,16,False,False,39.89114156038986,116.42629612425756,39.91802448900446,116.40997770414891,39.90125555536833,116.39611115244051,5.5,3.29,2.21,火锅,23.1,19.861589270738705,False,29,0,14.5,雪,1.4,0.2,1.1,18,5.0,0,0.81,1280,76.0,21.9,天气影响(雪); 无电梯高楼层
ORD001230,R008,Rider009,2024-01-03 09:24:00,9,False,False,39.889937954150476,116.43421814245447,39.91802448900446,116.40997770414891,39.91316369927242,116.40790369603127,4.31,3.74,0.57,火锅,24.3,24.926104870999087,False,21,0,10.5,晴天,1.0,0.71,1.36,35,4.5,0,0.81,1280,52.6,7.4,交通拥堵; 无电梯高楼层
ORD001231,R011,Rider023,2024-01-04 17:12:00,17,False,True,39.88774715060959,116.40423281664691,39.85697534139168,116.42653858829674,39.93964254240985,116.40191688715832,13.33,3.91,9.42,快餐,13.1,24.982392889456634,False,28,0,14.0,晴天,1.0,0.91,1.46,33,4.7,0,0.84,1585,84.8,25.6,交通拥堵; 无电梯高楼层; 用餐高峰期
ORD001232,R011,Rider020,2024-01-03 22:22:00,22,False,False,39.90375761814667,116.3424523313748,39.85697534139168,116.42653858829674,39.95521852994615,116.403737357574,19.95,8.87,11.08,快餐,13.4,18.91934418778921,True,14,0,1.5,多云,1.0,0.48,1.24,12,4.7,0,0.84,1585,86.2,8.1,无
ORD001233,R042,Rider019,2024-01-06 09:35:00,9,True,False,39.96812156910049,116.37503601200696,39.865351725765606,116.4042464448576,39.93266459512356,116.36241431632648,19.97,11.68,8.29,火锅,30.5,17.06961164716871,True,11,0,1.3,晴天,1.0,0.24,1.12,28,3.9,0,0.84,621,108.4,6.4,无
ORD001234,R012,Rider001,2024-01-06 08:11:00,8,True,False,39.901884955482245,116.51884549878547,39.9031252188267,116.45433930967441,39.91716665409954,116.40219427782529,10.24,5.52,4.72,西餐,22.4,20.851179615151473,False,4,0,2.0,小雨,1.15,0.47,1.23,19,4.2,0,0.85,1677,75.7,21.9,天气影响(小雨)
ORD001235,R029,Rider005,2024-01-01 10:41:00,10,False,False,39.92007264973397,116.43542774871192,39.929703617463716,116.41923019854394,39.846276626340114,116.35110144902494,12.69,1.75,10.94,快餐,11.8,21.107995781769784,True,29,0,4.5,晴天,1.0,0.46,1.23,17,4.9,0,0.86,1639,72.7,20.3,无
ORD001236,R028,Rider016,2024-01-06 16:38:00,16,True,False,39.94160958464433,116.30557689083643,39.92038827604751,116.36245113087884,39.917836887942364,116.40394345972673,8.96,5.4,3.56,火锅,15.7,29.046326951859427,False,2,0,1.0,多云,1.0,0.24,1.12,13,3.6,0,0.86,1899,44.1,8.9,无
ORD001237,R033,Rider024,2024-01-03 22:28:00,22,False,False,39.902793457166574,116.36003647838334,39.91675918407518,116.3855546225191,39.836064702425794,116.40517809204412,11.79,2.68,9.12,中餐,13.8,22.265817251542796,True,26,0,3.5,多云,1.0,0.48,1.24,5,5.0,0,0.82,637,70.2,21.1,无
ORD001238,R020,Rider002,2024-01-04 21:33:00,21,False,False,39.903787572371975,116.38915324410624,39.927930958411295,116.38011837635615,39.94914167126766,116.49312820752455,12.73,2.79,9.94,西餐,28.9,19.705325589936038,True,26,0,3.1,雾,1.25,0.52,1.26,23,4.7,0,0.9,297,110.0,39.2,天气影响(雾)
ORD001239,R034,Rider013,2024-01-04 06:21:00,6,False,False,39.95205835442314,116.35638740951441,39.86870203135637,116.42224986962574,39.92705390041307,116.44622095280053,17.63,10.83,6.8,日料,33.0,26.44033407413151,False,26,0,13.0,晴天,1.0,0.48,1.24,13,4.9,1,0.71,96,105.6,19.6,无电梯高楼层; 新餐厅备餐波动
ORD001240,R012,Rider003,2024-01-04 15:47:00,15,False,False,39.92314342717689,116.3484533126234,39.9031252188267,116.45433930967441,39.97674666303516,116.42358331580469,17.91,9.32,8.59,西餐,24.3,30.931428045716117,True,11,1,2.4,晴天,1.0,0.34,1.17,12,4.5,0,0.85,1677,79.7,18.3,写字楼电梯等待
ORD001241,R047,Rider005,2024-01-02 14:08:00,14,False,False,39.91997299552538,116.40113523600633,39.88553288505282,116.39673534077251,39.846276626340114,116.35110144902494,9.69,3.84,5.85,日料,39.7,19.642622134224126,True,29,1,6.0,多云,1.0,0.33,1.17,17,4.9,0,0.89,512,93.5,18.2,写字楼电梯等待
ORD001242,R017,Rider021,2024-01-05 20:07:00,20,False,False,39.810367109223236,116.40801676712898,39.899361428650025,116.41952152570443,39.920748511998084,116.46108354017223,14.2,9.93,4.27,中餐,25.9,30.261232853194084,False,15,0,7.5,多云,1.0,0.25,1.13,23,4.6,0,0.91,1236,72.7,11.1,无电梯高楼层
ORD001243,R002,Rider009,2024-01-03 15:04:00,15,False,False,39.95967383792647,116.38908108838801,39.95157638446523,116.43042304187458,39.91316369927242,116.40790369603127,8.32,3.65,4.68,日料,14.4,23.255808059510777,True,18,1,8.0,多云,1.0,0.34,1.17,35,4.5,1,0.82,47,51.4,7.5,写字楼电梯等待; 新餐厅备餐波动
ORD001244,R006,Rider027,2024-01-02 16:36:00,16,False,False,39.93779045623867,116.3893081778844,39.897316486385044,116.41908046739768,39.886332661172375,116.38837314608125,8.06,5.16,2.9,中餐,33.0,20.631492956596617,True,26,1,4.6,小雨,1.15,0.36,1.18,21,3.8,0,0.82,1513,78.5,17.5,天气影响(小雨); 写字楼电梯等待
ORD001245,R018,Rider011,2024-01-02 02:39:00,2,False,False,39.88906432915642,116.46506085381239,39.93680181069118,116.43754960642107,39.99179211732871,116.37506806858579,13.91,5.8,8.11,日料,14.9,24.477994179663867,True,26,0,2.9,晴天,1.0,0.48,1.24,28,4.5,1,0.74,11,67.2,15.2,新餐厅备餐波动
ORD001246,R043,Rider011,2024-01-05 21:57:00,21,False,False,39.84295790201639,116.40467688292834,39.94743819867199,116.36432413546461,39.99179211732871,116.37506806858579,17.11,12.1,5.01,日料,18.2,24.287360367537534,False,9,1,4.5,晴天,1.0,0.66,1.33,28,4.5,0,0.95,1448,80.6,15.7,交通拥堵; 无电梯高楼层
ORD001247,R040,Rider021,2024-01-02 15:01:00,15,False,False,39.95549403044705,116.32214217178453,39.91551888796381,116.45694052959438,39.920748511998084,116.46108354017223,13.03,12.35,0.68,西餐,25.1,27.973730507516944,False,19,0,9.5,小雨,1.15,0.35,1.17,23,4.6,0,0.85,1199,80.9,18.3,天气影响(小雨); 无电梯高楼层
ORD001248,R040,Rider007,2024-01-06 22:58:00,22,True,False,39.905919678235826,116.41608179158278,39.91551888796381,116.45694052959438,39.8812319420477,116.34772102698165,13.74,3.65,10.09,西餐,20.1,30.124450534023,True,11,0,2.1,晴天,1.0,0.58,1.29,20,3.7,0,0.85,1199,66.0,16.4,无
ORD001249,R041,Rider012,2024-01-06 05:39:00,5,True,False,39.923009945648836,116.35617304480891,39.883799869976464,116.39949782465398,39.87227059127874,116.35388620704767,9.82,5.72,4.11,中餐,27.1,20.951709134605213,True,7,0,1.5,多云,1.0,0.3,1.15,27,4.5,1,0.85,78,65.2,8.4,新餐厅备餐波动
ORD001250,R034,Rider011,2024-01-06 20:38:00,20,True,False,39.91383890544324,116.37610503391687,39.86870203135637,116.42224986962574,39.99179211732871,116.37506806858579,20.63,6.38,14.25,日料,33.0,26.44543483339189,True,14,1,6.6,多云,1.0,0.35,1.18,28,4.5,1,0.71,96,97.7,11.3,写字楼电梯等待; 新餐厅备餐波动
ORD001251,R033,Rider007,2024-01-05 16:06:00,16,False,False,39.92083846992081,116.36459778644709,39.91675918407518,116.3855546225191,39.8812319420477,116.34772102698165,6.95,1.85,5.1,中餐,9.4,31.858102708129508,True,4,0,3.3,多云,1.0,0.27,1.14,20,3.7,0,0.82,637,30.4,4.6,无
ORD001252,R037,Rider030,2024-01-06 16:07:00,16,True,False,39.884505401470115,116.35559576685898,39.892457945637545,116.42054067792265,39.911325137030445,116.40882541839402,7.95,5.62,2.32,火锅,30.3,29.712188162268948,True,2,0,0.6,多云,1.0,0.24,1.12,22,3.9,0,0.91,1035,60.3,13.4,无
ORD001253,R018,Rider012,2024-01-06 19:50:00,19,True,True,39.89165804882168,116.38523795794717,39.93680181069118,116.43754960642107,39.87227059127874,116.35388620704767,16.84,6.72,10.13,日料,14.9,18.987559098470072,False,17,0,8.5,晴天,1.0,0.72,1.36,27,4.5,1,0.74,11,98.8,22.2,交通拥堵; 无电梯高楼层; 用餐高峰期; 新餐厅备餐波动
ORD001254,R008,Rider013,2024-01-04 18:36:00,18,False,True,39.84950607559319,116.44987817600502,39.91802448900446,116.40997770414891,39.92705390041307,116.44622095280053,11.59,8.34,3.26,火锅,27.1,29.104959116591342,True,19,0,2.7,晴天,1.0,0.95,1.48,13,4.9,0,0.81,1280,78.1,24.4,交通拥堵; 用餐高峰期
ORD001255,R037,Rider017,2024-01-01 13:51:00,13,False,True,39.882145539518596,116.39162664994903,39.892457945637545,116.42054067792265,39.9178982767203,116.48386118426038,8.83,2.73,6.11,火锅,41.4,22.818192406734166,True,15,1,5.5,晴天,1.0,0.99,1.49,3,4.3,0,0.91,1035,106.8,36.7,交通拥堵; 写字楼电梯等待; 用餐高峰期
ORD001256,R033,Rider014,2024-01-05 05:32:00,5,False,False,39.89132558333762,116.4289623577481,39.91675918407518,116.3855546225191,39.93387852066118,116.46646634501718,11.84,4.66,7.17,中餐,12.2,21.503674780955205,True,7,0,0.8,晴天,1.0,0.34,1.17,10,4.9,0,0.82,637,51.3,5.3,无
ORD001257,R024,Rider026,2024-01-01 19:29:00,19,False,True,39.922693537385555,116.38564699734604,39.91199648382746,116.43085468615331,39.86014992380612,116.42690693099692,9.81,4.04,5.77,西餐,30.5,26.553154873434533,True,4,0,0.5,多云,1.0,0.92,1.46,25,4.8,0,0.83,915,78.5,25.3,交通拥堵; 用餐高峰期
ORD001258,R050,Rider008,2024-01-03 10:19:00,10,False,False,39.90143755661225,116.44746165385115,39.9045643952722,116.43532802251922,39.92497386056965,116.4687095565201,4.74,1.09,3.64,快餐,24.7,32.2839646636422,True,23,0,3.0,雾,1.25,0.25,1.13,25,4.8,0,0.82,798,56.2,19.7,天气影响(雾)
ORD001259,R007,Rider026,2024-01-06 16:50:00,16,True,False,39.928911294905994,116.50493934131381,39.926353997399865,116.4125410484357,39.86014992380612,116.42690693099692,15.36,7.9,7.45,火锅,41.2,29.053062638082398,True,8,0,1.1,多云,1.0,0.24,1.12,25,4.8,1,0.71,49,82.2,8.2,新餐厅备餐波动
ORD001260,R040,Rider020,2024-01-07 10:51:00,10,True,False,39.806855044043715,116.44451905386406,39.91551888796381,116.45694052959438,39.95521852994615,116.403737357574,18.45,12.11,6.33,西餐,29.8,19.75755976989243,False,16,1,8.0,多云,1.0,0.31,1.15,12,4.7,0,0.85,1199,108.8,15.0,无电梯高楼层; 写字楼电梯等待
ORD001261,R035,Rider016,2024-01-03 15:36:00,15,False,False,39.916930139191166,116.44423205460424,39.868196047868096,116.44344141332652,39.917836887942364,116.40394345972673,11.88,5.41,6.46,快餐,40.4,28.059669390938073,True,19,0,2.4,多云,1.0,0.34,1.17,13,3.6,1,0.83,67,81.1,12.9,新餐厅备餐波动
ORD001262,R048,Rider027,2024-01-04 07:30:00,7,False,False,39.987621588014555,116.42033062770608,39.87933014967234,116.39059456879409,39.886332661172375,116.38837314608125,13.09,12.29,0.8,日料,12.4,22.988220573719175,False,17,0,8.5,晴天,1.0,0.96,1.48,21,3.8,0,0.94,1812,76.7,21.6,交通拥堵; 无电梯高楼层
ORD001263,R014,Rider008,2024-01-03 16:35:00,16,False,False,39.88054520610448,116.40903677112169,39.89783515734865,116.39459393617881,39.92497386056965,116.4687095565201,9.3,2.28,7.02,烧烤,39.2,35.658482940913416,True,2,0,0.7,雪,1.4,0.2,1.1,25,4.8,1,0.82,66,90.0,34.3,天气影响(雪); 新餐厅备餐波动
ORD001264,R035,Rider018,2024-01-05 01:46:00,1,False,False,39.943614759953384,116.32626561120412,39.868196047868096,116.44344141332652,39.88619738114083,116.43231399729389,15.27,13.06,2.21,快餐,40.4,35.009246173611,False,22,0,11.0,雾,1.25,0.32,1.16,9,3.7,1,0.83,67,98.5,21.0,天气影响(雾); 无电梯高楼层; 新餐厅备餐波动
ORD001265,R043,Rider003,2024-01-03 17:32:00,17,False,True,39.95808499197878,116.37379118143895,39.94743819867199,116.36432413546461,39.97674666303516,116.42358331580469,7.45,1.43,6.02,日料,22.8,31.782090755674258,True,2,0,0.7,多云,1.0,0.85,1.42,12,4.5,0,0.95,1448,46.6,9.0,交通拥堵; 用餐高峰期
ORD001266,R014,Rider002,2024-01-06 06:17:00,6,True,False,39.95263719172663,116.33701070823729,39.89783515734865,116.39459393617881,39.94914167126766,116.49312820752455,18.0,7.83,10.17,烧烤,39.2,23.93807001266267,False,2,0,1.0,晴天,1.0,0.28,1.14,23,4.7,1,0.82,66,95.6,10.3,新餐厅备餐波动
ORD001267,R037,Rider011,2024-01-02 17:04:00,17,False,True,39.92303129927044,116.34175245323702,39.892457945637545,116.42054067792265,39.99179211732871,116.37506806858579,19.24,7.54,11.69,火锅,37.1,22.90418332820187,False,28,1,14.0,多云,1.0,0.89,1.45,28,4.5,0,0.91,1035,139.3,37.8,交通拥堵; 无电梯高楼层; 写字楼电梯等待; 用餐高峰期
ORD001268,R043,Rider003,2024-01-06 10:02:00,10,True,False,39.875768943003585,116.42439525932015,39.94743819867199,116.36432413546461,39.97674666303516,116.42358331580469,15.49,9.47,6.02,日料,15.9,30.34447416192227,True,26,0,4.5,多云,1.0,0.45,1.22,12,4.5,0,0.95,1448,61.5,10.5,无
ORD001269,R002,Rider007,2024-01-05 16:10:00,16,False,False,39.96750722097372,116.37370466263386,39.95157638446523,116.43042304187458,39.8812319420477,116.34772102698165,15.69,5.16,10.54,日料,14.4,28.722278077681196,True,9,0,1.9,多云,1.0,0.27,1.14,20,3.7,1,0.82,47,53.5,4.4,新餐厅备餐波动
ORD001270,R035,Rider022,2024-01-02 14:24:00,14,False,False,39.87661206639825,116.41494660845305,39.868196047868096,116.44344141332652,39.88685398692913,116.39370765445501,7.34,2.61,4.73,快餐,40.4,30.559591264204098,True,21,0,3.2,多云,1.0,0.33,1.17,34,4.0,1,0.83,67,69.6,11.6,新餐厅备餐波动
ORD001271,R032,Rider013,2024-01-04 17:21:00,17,False,True,39.874647545823926,116.38382029839825,39.923253376527065,116.37499397389878,39.92705390041307,116.44622095280053,11.55,5.45,6.1,中餐,17.6,28.384634190503505,True,19,0,4.3,晴天,1.0,0.91,1.46,13,4.9,0,0.81,589,64.3,18.0,交通拥堵; 用餐高峰期
ORD001272,R016,Rider027,2024-01-01 10:47:00,10,False,False,39.80345967703333,116.42856376650874,39.91308360831194,116.4152316581654,39.886332661172375,116.38837314608125,15.98,12.23,3.75,西餐,13.4,18.847549442759448,True,20,0,2.7,晴天,1.0,0.46,1.23,21,3.8,1,0.76,46,82.8,15.8,新餐厅备餐波动
ORD001273,R001,Rider015,2024-01-05 16:22:00,16,False,False,39.89556872452641,116.45651849947748,39.91910142459034,116.40325207096485,39.90125555536833,116.39611115244051,7.32,5.25,2.07,西餐,25.6,16.157934473698145,True,13,0,1.7,多云,1.0,0.27,1.14,18,5.0,0,0.89,1738,63.2,8.7,无
ORD001274,R002,Rider002,2024-01-06 16:50:00,16,True,False,39.91919370355106,116.38507475041189,39.95157638446523,116.43042304187458,39.94914167126766,116.49312820752455,10.65,5.29,5.37,日料,14.4,24.963122334193343,True,13,0,3.2,多云,1.0,0.24,1.12,23,4.7,1,0.82,47,35.3,0.0,新餐厅备餐波动
ORD001275,R043,Rider007,2024-01-04 20:14:00,20,False,False,39.91511820706463,116.43524724247685,39.94743819867199,116.36432413546461,39.8812319420477,116.34772102698165,14.53,7.04,7.49,日料,20.7,28.566723643194376,True,30,0,3.1,晴天,1.0,0.43,1.22,20,3.7,0,0.95,1448,75.3,20.9,无
ORD001276,R011,Rider028,2024-01-06 02:04:00,2,True,False,39.83730304454109,116.41811104698982,39.85697534139168,116.42653858829674,39.8468364452307,116.39973868704347,4.86,2.3,2.55,快餐,13.9,21.946195232134894,True,20,0,2.1,多云,1.0,0.47,1.23,14,4.0,0,0.84,1585,28.2,0.0,无
ORD001277,R050,Rider026,2024-01-05 21:29:00,21,False,False,39.9151545904753,116.31642507966056,39.9045643952722,116.43532802251922,39.86014992380612,116.42690693099692,15.22,10.23,4.98,快餐,26.7,23.983429332215504,True,18,0,2.1,晴天,1.0,0.66,1.33,25,4.8,0,0.82,798,82.7,15.8,交通拥堵
ORD001278,R043,Rider002,2024-01-03 12:16:00,12,False,True,39.934398154581466,116.3992394945112,39.94743819867199,116.36432413546461,39.94914167126766,116.49312820752455,14.33,3.32,11.01,日料,24.5,19.89385035545898,True,8,1,3.4,多云,1.0,0.64,1.32,23,4.7,0,0.95,1448,99.4,28.3,交通拥堵; 用餐高峰期
ORD001279,R039,Rider011,2024-01-05 13:34:00,13,False,True,39.900990649330495,116.38651834734709,39.95763873231079,116.38707752996855,39.99179211732871,116.37506806858579,10.22,6.29,3.93,火锅,45.5,28.518820878571503,False,21,0,10.5,小雨,1.15,0.81,1.41,28,4.5,1,0.77,57,129.0,51.5,天气影响(小雨); 交通拥堵; 无电梯高楼层; 用餐高峰期; 新餐厅备餐波动
ORD001280,R005,Rider021,2024-01-02 16:04:00,16,False,False,39.94379299613321,116.41611205292645,39.88619238449682,116.4358231946314,39.920748511998084,116.46108354017223,11.02,6.61,4.4,火锅,28.1,37.24325518464769,False,24,1,12.0,小雨,1.15,0.36,1.18,23,4.6,1,0.77,80,72.5,14.6,天气影响(小雨); 无电梯高楼层; 写字楼电梯等待; 新餐厅备餐波动
ORD001281,R049,Rider003,2024-01-07 21:40:00,21,True,False,39.866337953452195,116.45934732270521,39.93551026936107,116.41426935614565,39.97674666303516,116.42358331580469,13.24,8.59,4.65,快餐,23.7,31.08468233455229,False,6,0,3.0,晴天,1.0,0.71,1.35,12,4.5,0,0.8,1818,77.1,24.8,交通拥堵; 无电梯高楼层
ORD001282,R029,Rider022,2024-01-04 11:54:00,11,False,True,39.96606721835183,116.42738847001384,39.929703617463716,116.41923019854394,39.88685398692913,116.39370765445501,9.33,4.1,5.23,快餐,17.7,28.468964542503922,True,5,1,2.7,晴天,1.0,0.89,1.45,34,4.0,0,0.86,1639,49.5,9.4,交通拥堵; 用餐高峰期
ORD001283,R006,Rider013,2024-01-07 15:51:00,15,True,False,39.91986056410621,116.3817565572771,39.897316486385044,116.41908046739768,39.92705390041307,116.44622095280053,8.09,4.06,4.04,中餐,27.8,34.19832261254629,True,6,1,1.3,小雨,1.15,0.26,1.13,13,4.9,0,0.82,1513,51.5,8.2,天气影响(小雨)
ORD001284,R039,Rider013,2024-01-02 16:03:00,16,False,False,39.90733319667679,116.46057553175311,39.95763873231079,116.38707752996855,39.92705390041307,116.44622095280053,14.5,8.41,6.09,火锅,45.5,26.865045850345723,True,2,1,2.2,小雨,1.15,0.36,1.18,13,4.9,1,0.77,57,112.6,32.6,天气影响(小雨); 新餐厅备餐波动
ORD001285,R026,Rider001,2024-01-05 10:32:00,10,False,False,39.91889883977621,116.46991184607862,39.960173235334345,116.42161498762735,39.91716665409954,116.40219427782529,11.22,6.17,5.06,快餐,13.2,21.56917528140144,True,27,1,5.1,小雨,1.15,0.47,1.24,19,4.2,0,0.8,260,63.1,13.6,天气影响(小雨); 写字楼电梯等待
ORD001286,R035,Rider012,2024-01-03 15:20:00,15,False,False,39.911844390316396,116.36289894170388,39.868196047868096,116.44344141332652,39.87227059127874,116.35388620704767,16.1,8.42,7.68,快餐,40.4,18.960193803130252,True,14,0,4.1,多云,1.0,0.34,1.17,27,4.5,1,0.83,67,109.3,13.9,新餐厅备餐波动
ORD001287,R021,Rider022,2024-01-01 10:20:00,10,False,False,39.7719510970522,116.41618551896642,39.90504298390045,116.37148738809985,39.88685398692913,116.39370765445501,18.04,15.26,2.77,西餐,14.7,33.76393652669703,False,18,0,9.0,晴天,1.0,0.46,1.23,34,4.0,0,0.95,863,69.0,13.2,无电梯高楼层
ORD001288,R014,Rider011,2024-01-03 14:35:00,14,False,False,39.92870144635296,116.42808646023987,39.89783515734865,116.39459393617881,39.99179211732871,116.37506806858579,15.03,4.47,10.56,烧烤,39.2,24.257139398397555,True,5,1,3.4,晴天,1.0,0.38,1.19,28,4.5,1,0.82,66,95.8,16.0,新餐厅备餐波动
ORD001289,R041,Rider017,2024-01-06 19:41:00,19,True,True,39.89238752345497,116.43157907493992,39.883799869976464,116.39949782465398,39.9178982767203,116.48386118426038,11.05,2.9,8.15,中餐,27.1,23.503188350207378,True,18,0,3.5,晴天,1.0,0.72,1.36,3,4.3,1,0.85,78,82.3,23.5,交通拥堵; 用餐高峰期; 新餐厅备餐波动
ORD001290,R031,Rider012,2024-01-07 20:02:00,20,True,False,39.90119509136352,116.37002273939821,39.875714428644635,116.38949308005311,39.87227059127874,116.35388620704767,6.35,3.28,3.07,中餐,36.5,23.39544898607371,False,10,0,5.0,多云,1.0,0.27,1.13,27,4.5,0,0.86,117,60.1,2.3,无电梯高楼层
ORD001291,R044,Rider017,2024-01-03 10:50:00,10,False,False,39.91847115489952,116.37300885314056,39.93937307347177,116.4233420003288,39.9178982767203,116.48386118426038,10.59,4.89,5.7,火锅,12.9,23.329628437137032,False,15,0,7.5,雾,1.25,0.25,1.13,3,4.3,0,0.88,1668,65.6,17.9,天气影响(雾); 无电梯高楼层
ORD001292,R008,Rider018,2024-01-04 21:34:00,21,False,False,39.9058571112114,116.38593195319994,39.91802448900446,116.40997770414891,39.88619738114083,116.43231399729389,6.48,2.46,4.02,火锅,23.4,26.64738571667945,True,16,1,2.6,雾,1.25,0.52,1.26,9,3.7,0,0.81,1280,63.6,23.0,天气影响(雾); 写字楼电梯等待
ORD001293,R002,Rider024,2024-01-07 02:33:00,2,True,False,39.94163279909342,116.4068462830365,39.95157638446523,116.43042304187458,39.836064702425794,116.40517809204412,15.3,2.3,13.01,日料,14.4,23.1696724782116,True,20,0,3.2,多云,1.0,0.26,1.13,5,5.0,1,0.82,47,54.1,0.0,新餐厅备餐波动
ORD001294,R027,Rider021,2024-01-01 23:38:00,23,False,False,39.851001785941854,116.37945536493139,39.94449504636891,116.38536357050157,39.920748511998084,116.46108354017223,17.38,10.39,6.99,西餐,19.1,34.13060841525501,True,26,1,4.4,多云,1.0,0.39,1.19,23,4.6,0,0.82,787,58.0,4.1,写字楼电梯等待
ORD001295,R034,Rider022,2024-01-04 21:54:00,21,False,False,39.8502243650181,116.42449566128204,39.86870203135637,116.42224986962574,39.88685398692913,116.39370765445501,5.23,2.06,3.17,日料,33.0,32.69358932590008,True,2,1,1.5,雾,1.25,0.52,1.26,34,4.0,1,0.71,96,74.8,30.7,天气影响(雾); 新餐厅备餐波动
ORD001296,R035,Rider025,2024-01-03 17:42:00,17,False,True,39.81729266995831,116.357486755328,39.868196047868096,116.44344141332652,39.85202121997981,116.4341869019532,11.24,9.28,1.96,快餐,40.4,18.39956421765562,True,21,1,5.5,多云,1.0,0.85,1.42,23,3.7,1,0.83,67,114.6,32.1,交通拥堵; 写字楼电梯等待; 用餐高峰期; 新餐厅备餐波动
ORD001297,R048,Rider013,2024-01-02 22:48:00,22,False,False,39.94605418166886,116.44399501017135,39.87933014967234,116.39059456879409,39.92705390041307,116.44622095280053,15.82,8.7,7.12,日料,9.7,31.50771393260787,True,13,0,4.1,多云,1.0,0.49,1.25,13,4.9,0,0.94,1812,53.4,9.4,无
ORD001298,R022,Rider023,2024-01-04 09:51:00,9,False,False,39.91157706779032,116.49548280108537,39.92367260197888,116.37071379389974,39.93964254240985,116.40191688715832,13.95,10.75,3.2,快餐,22.8,23.91905579203402,True,6,0,1.1,晴天,1.0,0.96,1.48,33,4.7,1,0.76,91,79.5,20.5,交通拥堵; 新餐厅备餐波动
ORD001299,R006,Rider014,2024-01-06 19:04:00,19,True,True,39.91239524751944,116.38553994546757,39.897316486385044,116.41908046739768,39.93387852066118,116.46646634501718,9.06,3.32,5.74,中餐,36.9,21.263482901876063,True,8,0,1.3,晴天,1.0,0.72,1.36,10,4.9,0,0.82,1513,92.8,29.0,交通拥堵; 用餐高峰期
ORD001300,R019,Rider028,2024-01-01 15:16:00,15,False,False,39.86290175845607,116.44576950085145,39.94131048218809,116.36460563345823,39.8468364452307,116.39973868704347,22.05,11.13,10.91,日料,10.6,17.652168989123343,False,9,0,4.5,多云,1.0,0.08,1.04,14,4.0,0,0.87,829,91.3,1.3,无电梯高楼层
ORD001301,R022,Rider023,2024-01-06 20:42:00,20,True,False,39.93914013568842,116.42759551607172,39.92367260197888,116.37071379389974,39.93964254240985,116.40191688715832,8.36,5.16,3.2,快餐,22.8,21.029621267221476,False,22,1,11.0,多云,1.0,0.35,1.18,33,4.7,1,0.76,91,70.3,12.6,无电梯高楼层; 写字楼电梯等待; 新餐厅备餐波动
ORD001302,R008,Rider001,2024-01-05 23:30:00,23,False,False,39.88964650990308,116.4142345007855,39.91802448900446,116.40997770414891,39.91716665409954,116.40219427782529,3.84,3.17,0.67,火锅,23.1,19.704983684623492,True,7,0,3.2,多云,1.0,0.15,1.08,19,4.2,0,0.81,1280,37.9,0.0,无
ORD001303,R008,Rider012,2024-01-06 17:14:00,17,True,True,39.882145468140145,116.47062634597029,39.91802448900446,116.40997770414891,39.87227059127874,116.35388620704767,13.53,6.54,6.99,火锅,29.9,18.687215714465797,True,3,0,2.2,雾,1.25,0.53,1.27,27,4.5,0,0.81,1280,121.9,46.3,天气影响(雾); 用餐高峰期
ORD001304,R010,Rider006,2024-01-05 16:54:00,16,False,False,39.844634590625574,116.40556731447326,39.89798502329687,116.38869567815044,39.8754622311499,116.39886211393153,8.74,6.1,2.65,烧烤,13.3,29.420957577440195,True,23,0,5.0,多云,1.0,0.27,1.14,27,3.9,1,0.79,43,43.6,7.5,新餐厅备餐波动
ORD001305,R011,Rider022,2024-01-05 22:39:00,22,False,False,39.94903232501078,116.40575620988031,39.85697534139168,116.42653858829674,39.88685398692913,116.39370765445501,14.72,10.37,4.35,快餐,10.1,33.81837546322709,True,1,0,1.5,雪,1.4,0.38,1.19,34,4.0,0,0.84,1585,69.9,32.2,天气影响(雪)
ORD001306,R035,Rider030,2024-01-03 22:32:00,22,False,False,39.93603062752407,116.37799722462918,39.868196047868096,116.44344141332652,39.911325137030445,116.40882541839402,15.01,9.38,5.63,快餐,40.4,36.60799585436287,False,19,0,9.5,多云,1.0,0.48,1.24,22,3.9,1,0.83,67,95.7,21.3,无电梯高楼层; 新餐厅备餐波动
ORD001307,R039,Rider008,2024-01-04 16:19:00,16,False,False,39.939343657539574,116.35107822570632,39.95763873231079,116.38707752996855,39.92497386056965,116.4687095565201,11.55,3.69,7.86,火锅,45.5,30.574145608259347,True,19,0,2.1,小雨,1.15,0.39,1.19,25,4.8,1,0.77,57,99.2,28.9,天气影响(小雨); 新餐厅备餐波动
ORD001308,R013,Rider026,2024-01-01 13:35:00,13,False,True,39.94031171303299,116.4371819049261,39.98320584661837,116.37664727333566,39.86014992380612,116.42690693099692,21.35,7.03,14.32,西餐,26.5,25.062995414449375,True,20,1,5.2,晴天,1.0,0.99,1.49,25,4.8,0,0.78,330,119.3,36.5,交通拥堵; 写字楼电梯等待; 用餐高峰期
ORD001309,R036,Rider024,2024-01-01 09:52:00,9,False,False,39.9508677415616,116.47335327362477,39.91483258755359,116.35099062234642,39.836064702425794,116.40517809204412,21.1,11.2,9.9,日料,17.8,23.360510867029006,False,30,0,15.0,晴天,1.0,0.94,1.47,5,5.0,0,0.94,1695,132.0,44.9,交通拥堵; 无电梯高楼层
ORD001310,R019,Rider017,2024-01-06 21:40:00,21,True,False,39.94664236422745,116.47070953776836,39.94131048218809,116.36460563345823,39.9178982767203,116.48386118426038,19.61,9.09,10.52,日料,14.7,24.50621234440076,True,8,0,1.3,晴天,1.0,0.46,1.23,3,4.3,0,0.87,829,74.6,10.6,无
ORD001311,R006,Rider023,2024-01-05 09:56:00,9,False,False,39.903683429477255,116.34982897153847,39.897316486385044,116.41908046739768,39.93964254240985,116.40191688715832,10.89,5.96,4.92,中餐,30.5,19.612139770484884,True,5,0,2.4,晴天,1.0,1.0,1.5,33,4.7,0,0.82,1513,101.9,35.7,交通拥堵
ORD001312,R020,Rider014,2024-01-05 19:24:00,19,False,True,39.92849213337299,116.3784486784859,39.927930958411295,116.38011837635615,39.93387852066118,116.46646634501718,7.57,0.16,7.41,西餐,38.0,21.742592832959666,True,11,0,1.5,多云,1.0,0.91,1.46,10,4.9,0,0.9,297,85.3,24.8,交通拥堵; 用餐高峰期
ORD001313,R050,Rider030,2024-01-05 16:37:00,16,False,False,39.88164384710532,116.37109334322304,39.9045643952722,116.43532802251922,39.911325137030445,116.40882541839402,8.44,6.05,2.39,快餐,27.1,27.59837351695349,False,16,0,8.0,多云,1.0,0.27,1.14,22,3.9,0,0.82,798,50.6,0.0,无电梯高楼层
ORD001314,R037,Rider017,2024-01-05 15:23:00,15,False,False,39.89076957047748,116.35919002222708,39.892457945637545,116.42054067792265,39.9178982767203,116.48386118426038,11.36,5.25,6.11,火锅,29.2,23.309807430361353,True,6,0,1.3,晴天,1.0,0.2,1.1,3,4.3,0,0.91,1035,71.5,11.7,无
ORD001315,R007,Rider014,2024-01-05 12:16:00,12,False,True,39.865522562562184,116.42825422974697,39.926353997399865,116.4125410484357,39.93387852066118,116.46646634501718,11.57,6.89,4.68,火锅,41.2,17.9083567762582,True,27,0,5.0,多云,1.0,0.8,1.4,10,4.9,1,0.71,49,115.5,30.5,交通拥堵; 用餐高峰期; 新餐厅备餐波动
ORD001316,R009,Rider029,2024-01-02 23:04:00,23,False,False,39.91101078538967,116.3808307484747,39.84792969683381,116.3663965358334,39.9827701186798,116.39951113316586,22.35,7.11,15.24,西餐,23.7,23.063596241030492,False,25,1,12.5,晴天,1.0,0.44,1.22,30,3.7,0,0.75,1622,125.6,31.2,无电梯高楼层; 写字楼电梯等待
ORD001317,R035,Rider019,2024-01-04 10:59:00,10,False,False,39.922388284983036,116.37020471125393,39.868196047868096,116.44344141332652,39.93266459512356,116.36241431632648,18.65,8.69,9.96,快餐,40.4,20.63911513096846,True,25,1,5.8,大雨,1.35,0.44,1.22,28,3.9,1,0.83,67,171.2,70.8,天气影响(大雨); 写字楼电梯等待; 新餐厅备餐波动
ORD001318,R019,Rider030,2024-01-07 20:54:00,20,True,False,39.83206652125223,116.42363768837981,39.94131048218809,116.36460563345823,39.911325137030445,116.40882541839402,18.18,13.14,5.04,日料,17.0,33.1165036620083,True,21,0,2.9,多云,1.0,0.27,1.13,22,3.9,0,0.87,829,61.6,8.7,无
ORD001319,R036,Rider006,2024-01-03 17:46:00,17,False,True,39.8824806731033,116.42542115984912,39.91483258755359,116.35099062234642,39.8754622311499,116.39886211393153,13.3,7.31,5.99,日料,26.7,30.55167766860155,True,24,1,4.3,多云,1.0,0.85,1.42,27,3.9,0,0.94,1695,72.5,15.3,交通拥堵; 写字楼电梯等待; 用餐高峰期
ORD001320,R027,Rider015,2024-01-05 21:09:00,21,False,False,39.918210644392474,116.41486907158067,39.94449504636891,116.38536357050157,39.90125555536833,116.39611115244051,8.75,3.86,4.89,西餐,23.6,17.1768812832047,False,20,1,10.0,晴天,1.0,0.66,1.33,18,5.0,0,0.82,787,83.8,19.6,交通拥堵; 无电梯高楼层; 写字楼电梯等待
ORD001321,R047,Rider003,2024-01-05 19:19:00,19,False,True,39.93854322835324,116.40521969454663,39.88553288505282,116.39673534077251,39.97674666303516,116.42358331580469,16.31,5.93,10.38,日料,42.6,37.237400346027094,False,30,0,15.0,多云,1.0,0.91,1.46,12,4.5,0,0.89,512,116.3,32.4,交通拥堵; 无电梯高楼层; 用餐高峰期
ORD001322,R016,Rider021,2024-01-01 20:11:00,20,False,False,39.899661317644124,116.35250479793973,39.91308360831194,116.4152316581654,39.920748511998084,116.46108354017223,9.58,5.57,4.01,西餐,13.4,27.6409213790018,True,16,0,2.3,晴天,1.0,0.32,1.16,23,4.6,1,0.76,46,37.4,0.9,新餐厅备餐波动
ORD001323,R044,Rider012,2024-01-04 12:42:00,12,False,True,39.95261245205409,116.41470346346604,39.93937307347177,116.4233420003288,39.87227059127874,116.35388620704767,11.17,1.64,9.53,火锅,11.4,23.699088650641468,True,1,0,2.4,晴天,1.0,0.81,1.4,27,4.5,0,0.88,1668,64.7,22.6,交通拥堵; 用餐高峰期
ORD001324,R045,Rider005,2024-01-03 12:20:00,12,False,True,39.94729850512531,116.38518466156766,39.93831052255901,116.42080670434322,39.846276626340114,116.35110144902494,15.03,3.2,11.83,日料,30.6,18.77126948612109,True,11,0,1.4,多云,1.0,0.64,1.32,17,4.9,0,0.8,384,92.5,12.5,交通拥堵; 用餐高峰期
ORD001325,R027,Rider015,2024-01-03 23:54:00,23,False,False,39.88248327010083,116.4079021036762,39.94449504636891,116.38536357050157,39.90125555536833,116.39611115244051,12.04,7.15,4.89,西餐,24.0,17.472875179175105,True,28,0,5.0,晴天,1.0,0.3,1.15,18,5.0,0,0.82,787,75.7,5.4,无
ORD001326,R005,Rider022,2024-01-06 10:45:00,10,True,False,39.88918399146231,116.42507302445534,39.88619238449682,116.4358231946314,39.88685398692913,116.39370765445501,4.58,0.98,3.6,火锅,28.1,31.905403410312573,True,27,0,3.3,多云,1.0,0.45,1.22,34,4.0,1,0.77,80,50.6,10.7,新餐厅备餐波动
ORD001327,R029,Rider016,2024-01-06 13:54:00,13,True,True,39.92411994753861,116.42256427563895,39.929703617463716,116.41923019854394,39.917836887942364,116.40394345972673,2.54,0.68,1.86,快餐,15.8,25.333029902686743,True,29,0,4.8,晴天,1.0,0.84,1.42,13,3.6,0,0.86,1639,41.1,14.5,交通拥堵; 用餐高峰期
ORD001328,R029,Rider009,2024-01-05 19:47:00,19,False,True,39.87312924657933,116.43591767746916,39.929703617463716,116.41923019854394,39.91316369927242,116.40790369603127,8.52,6.44,2.08,快餐,21.2,23.538315058496373,False,30,1,15.0,多云,1.0,0.91,1.46,35,4.5,0,0.86,1639,89.5,31.6,交通拥堵; 无电梯高楼层; 写字楼电梯等待; 用餐高峰期
ORD001329,R016,Rider016,2024-01-01 08:48:00,8,False,False,39.89458828637732,116.40059724172775,39.91308360831194,116.4152316581654,39.917836887942364,116.40394345972673,3.5,2.4,1.1,西餐,13.4,30.83954656328232,True,21,0,2.5,雪,1.4,0.84,1.42,13,3.6,1,0.76,46,44.9,22.2,天气影响(雪); 交通拥堵; 新餐厅备餐波动
ORD001330,R020,Rider015,2024-01-06 09:00:00,9,True,False,39.94824832154221,116.41507047930807,39.927930958411295,116.38011837635615,39.90125555536833,116.39611115244051,7.01,3.74,3.26,西餐,27.2,16.505227709885062,True,2,1,2.6,晴天,1.0,0.24,1.12,18,5.0,0,0.9,297,69.8,14.5,无
ORD001331,R042,Rider019,2024-01-02 07:31:00,7,False,False,39.87764252310275,116.3928583106939,39.865351725765606,116.4042464448576,39.93266459512356,116.36241431632648,9.96,1.68,8.29,火锅,29.2,22.780822852818265,True,9,0,1.9,大雨,1.35,0.92,1.46,28,3.9,0,0.84,621,109.1,51.7,天气影响(大雨); 交通拥堵
ORD001332,R035,Rider007,2024-01-02 15:04:00,15,False,False,39.874684909960415,116.37992091202712,39.868196047868096,116.44344141332652,39.8812319420477,116.34772102698165,13.8,5.48,8.32,快餐,40.4,28.227869106440654,False,30,0,15.0,小雨,1.15,0.35,1.17,20,3.7,1,0.83,67,115.5,30.8,天气影响(小雨); 无电梯高楼层; 新餐厅备餐波动
ORD001333,R037,Rider029,2024-01-07 13:33:00,13,True,True,39.942711803853975,116.4108288078471,39.892457945637545,116.42054067792265,39.9827701186798,116.39951113316586,15.83,5.64,10.19,火锅,38.5,21.915971032508704,False,23,0,11.5,多云,1.0,0.75,1.38,30,3.7,0,0.91,1035,137.9,44.6,交通拥堵; 无电梯高楼层; 用餐高峰期
ORD001334,R006,Rider027,2024-01-04 17:38:00,17,False,True,39.91419429714148,116.4279925489729,39.897316486385044,116.41908046739768,39.886332661172375,116.38837314608125,4.92,2.02,2.9,中餐,38.8,19.62370937289801,True,10,1,1.8,晴天,1.0,0.91,1.46,21,3.8,0,0.82,1513,94.8,39.2,交通拥堵; 用餐高峰期
ORD001335,R004,Rider005,2024-01-01 15:47:00,15,False,False,39.961804138793,116.3945409003574,39.90622584614064,116.3646575544136,39.846276626340114,116.35110144902494,13.44,6.68,6.76,火锅,17.9,18.488088190465675,True,13,1,7.2,多云,1.0,0.08,1.04,17,4.9,0,0.76,1942,60.6,0.0,写字楼电梯等待
ORD001336,R050,Rider008,2024-01-01 13:52:00,13,False,True,39.915488620288535,116.43514001938686,39.9045643952722,116.43532802251922,39.92497386056965,116.4687095565201,4.86,1.21,3.64,快餐,40.7,32.77979809140819,True,19,0,2.6,晴天,1.0,0.99,1.49,25,4.8,0,0.82,798,76.3,24.1,交通拥堵; 用餐高峰期
ORD001337,R001,Rider011,2024-01-06 16:29:00,16,True,False,39.89103316157929,116.43118632291514,39.91910142459034,116.40325207096485,39.99179211732871,116.37506806858579,12.35,3.93,8.42,西餐,32.9,23.789004292169476,True,9,0,2.0,多云,1.0,0.24,1.12,28,4.5,0,0.89,1738,70.8,4.7,无
ORD001338,R015,Rider007,2024-01-07 16:27:00,16,True,False,39.961168990726954,116.39416771848045,39.945355864006494,116.41266659881865,39.8812319420477,116.34772102698165,11.39,2.36,9.03,快餐,8.9,30.320897608518624,True,30,0,3.4,小雨,1.15,0.45,1.23,20,3.7,0,0.82,1348,46.2,11.3,天气影响(小雨)
ORD001339,R016,Rider002,2024-01-04 23:47:00,23,False,False,39.92227535307164,116.43256239714309,39.91308360831194,116.4152316581654,39.94914167126766,116.49312820752455,9.57,1.8,7.77,西餐,13.4,20.43886388497813,True,7,0,2.0,小雨,1.15,0.23,1.12,23,4.7,1,0.76,46,64.3,20.8,天气影响(小雨); 新餐厅备餐波动
ORD001340,R038,Rider029,2024-01-06 10:34:00,10,True,False,39.92680313391667,116.44406474220372,39.93564059231985,116.38854290757573,39.9827701186798,116.39951113316586,10.16,4.85,5.32,中餐,13.3,23.856690656231212,False,16,1,8.0,多云,1.0,0.45,1.22,30,3.7,0,0.85,1469,62.3,15.5,无电梯高楼层; 写字楼电梯等待
ORD001341,R033,Rider012,2024-01-04 04:47:00,4,False,False,39.919301042910256,116.41838201558105,39.91675918407518,116.3855546225191,39.87227059127874,116.35388620704767,8.45,2.82,5.63,中餐,12.1,21.856190241126388,True,24,1,3.7,晴天,1.0,0.2,1.1,27,4.5,0,0.82,637,41.0,2.0,写字楼电梯等待
ORD001342,R007,Rider015,2024-01-07 12:24:00,12,True,True,39.85716005481074,116.41080828074229,39.926353997399865,116.4125410484357,39.90125555536833,116.39611115244051,10.81,7.68,3.12,火锅,41.2,19.660443757401783,True,22,1,3.3,大雨,1.35,0.9,1.45,18,5.0,1,0.71,49,157.7,80.2,天气影响(大雨); 交通拥堵; 写字楼电梯等待; 用餐高峰期; 新餐厅备餐波动
ORD001343,R043,Rider020,2024-01-02 06:59:00,6,False,False,39.92284265447094,116.51325570870645,39.94743819867199,116.36432413546461,39.95521852994615,116.403737357574,16.5,13.02,3.48,日料,27.6,21.524142529864893,True,3,0,0.5,多云,1.0,0.3,1.15,12,4.7,0,0.95,1448,91.4,17.4,无
ORD001344,R037,Rider028,2024-01-03 09:37:00,9,False,False,39.881981427561925,116.38450808844172,39.892457945637545,116.42054067792265,39.8468364452307,116.39973868704347,8.66,3.29,5.37,火锅,30.1,19.9368715899087,True,15,1,5.7,晴天,1.0,0.71,1.36,14,4.0,0,0.91,1035,76.7,14.9,交通拥堵; 写字楼电梯等待
ORD001345,R006,Rider006,2024-01-02 21:53:00,21,False,False,39.905179092548174,116.39199024088691,39.897316486385044,116.41908046739768,39.8754622311499,116.39886211393153,5.46,2.48,2.98,中餐,38.4,30.95661454323098,False,4,1,2.0,小雨,1.15,0.57,1.29,27,3.9,0,0.82,1513,71.5,20.5,天气影响(小雨)
ORD001346,R050,Rider008,2024-01-06 20:08:00,20,True,False,39.85161948598055,116.39767724275731,39.9045643952722,116.43532802251922,39.92497386056965,116.4687095565201,10.35,6.7,3.64,快餐,21.7,30.475042378814564,False,7,1,3.5,多云,1.0,0.35,1.18,25,4.8,0,0.82,798,51.4,5.8,无电梯高楼层
ORD001347,R006,Rider011,2024-01-07 10:15:00,10,True,False,39.92823214405925,116.38871518296574,39.897316486385044,116.41908046739768,39.99179211732871,116.37506806858579,15.45,4.3,11.14,中餐,30.7,22.63343933795021,True,4,0,0.8,多云,1.0,0.31,1.15,28,4.5,0,0.82,1513,81.1,8.7,无
ORD001348,R041,Rider010,2024-01-01 13:00:00,13,False,True,39.87896378634035,116.4933432290425,39.883799869976464,116.39949782465398,39.876127462298896,116.36871555781596,10.81,8.05,2.77,中餐,27.1,19.591033955817622,True,19,0,3.8,晴天,1.0,0.99,1.49,3,4.9,1,0.85,78,86.7,22.8,交通拥堵; 用餐高峰期; 新餐厅备餐波动
ORD001349,R001,Rider023,2024-01-05 09:36:00,9,False,False,40.023572201142294,116.3775710144827,39.91910142459034,116.40325207096485,39.93964254240985,116.40191688715832,14.09,11.81,2.28,西餐,30.5,23.875869279107185,True,3,0,1.2,晴天,1.0,1.0,1.5,33,4.7,0,0.89,1738,97.7,30.6,交通拥堵
ORD001350,R006,Rider016,2024-01-03 15:11:00,15,False,False,39.89827716939416,116.37787418963576,39.897316486385044,116.41908046739768,39.917836887942364,116.40394345972673,6.15,3.53,2.62,中餐,26.5,30.993959453720908,False,24,0,12.0,多云,1.0,0.34,1.17,13,3.6,0,0.82,1513,60.3,9.9,无电梯高楼层
ORD001351,R028,Rider016,2024-01-02 10:32:00,10,False,False,39.87207247499763,116.36256640978728,39.92038827604751,116.36245113087884,39.917836887942364,116.40394345972673,8.92,5.36,3.56,火锅,11.0,24.82899861579312,True,26,0,4.0,大雨,1.35,0.17,1.09,13,3.6,0,0.86,1899,50.3,13.7,天气影响(大雨)
ORD001352,R002,Rider027,2024-01-07 15:33:00,15,True,False,39.90374887858183,116.37239107378265,39.95157638446523,116.43042304187458,39.886332661172375,116.38837314608125,15.35,7.27,8.09,日料,14.4,21.76584727597042,True,5,1,1.3,小雨,1.15,0.26,1.13,21,3.8,1,0.82,47,79.6,21.6,天气影响(小雨); 新餐厅备餐波动
ORD001353,R048,Rider027,2024-01-05 19:45:00,19,False,True,39.94070847231725,116.4012197274367,39.87933014967234,116.39059456879409,39.886332661172375,116.38837314608125,7.68,6.88,0.8,日料,16.8,20.714691503923397,False,26,0,13.0,多云,1.0,0.91,1.46,21,3.8,0,0.94,1812,75.7,23.6,交通拥堵; 无电梯高楼层; 用餐高峰期
ORD001354,R039,Rider025,2024-01-06 18:54:00,18,True,True,39.88902001178976,116.39214743250793,39.95763873231079,116.38707752996855,39.85202121997981,116.4341869019532,20.03,7.63,12.4,火锅,45.5,22.310967371282285,True,1,1,1.4,多云,1.0,0.6,1.3,23,3.7,1,0.77,57,135.6,34.9,用餐高峰期; 新餐厅备餐波动
ORD001355,R037,Rider006,2024-01-02 18:28:00,18,False,True,39.853787290658275,116.433781657275,39.892457945637545,116.42054067792265,39.8754622311499,116.39886211393153,7.09,4.44,2.65,火锅,42.0,26.969782770471138,False,17,0,8.5,小雨,1.15,0.91,1.46,27,3.9,0,0.91,1035,114.0,47.8,天气影响(小雨); 交通拥堵; 无电梯高楼层; 用餐高峰期
ORD001356,R047,Rider008,2024-01-05 11:07:00,11,False,True,39.855756454333566,116.44283280322131,39.88553288505282,116.39673534077251,39.92497386056965,116.4687095565201,12.7,5.15,7.55,日料,43.9,32.0540939016865,False,21,0,10.5,晴天,1.0,0.84,1.42,25,4.8,0,0.89,512,101.5,23.3,交通拥堵; 无电梯高楼层; 用餐高峰期
ORD001357,R018,Rider025,2024-01-04 23:31:00,23,False,False,39.956659671518025,116.43048623577027,39.93680181069118,116.43754960642107,39.85202121997981,116.4341869019532,11.7,2.29,9.42,日料,14.9,21.544166669138647,True,8,1,8.0,小雨,1.15,0.23,1.12,23,3.7,1,0.74,11,76.0,20.5,天气影响(小雨); 新餐厅备餐波动
ORD001358,R001,Rider023,2024-01-05 20:17:00,20,False,False,39.88134447340397,116.41705545767198,39.91910142459034,116.40325207096485,39.93964254240985,116.40191688715832,6.64,4.36,2.28,西餐,26.6,19.635811856551214,False,28,0,14.0,多云,1.0,0.25,1.13,33,4.7,0,0.89,1738,72.9,12.0,无电梯高楼层
ORD001359,R037,Rider023,2024-01-03 22:36:00,22,False,False,39.87313948352115,116.43285146959926,39.892457945637545,116.42054067792265,39.93964254240985,116.40191688715832,7.87,2.39,5.48,火锅,28.0,24.44771400191555,True,5,0,2.5,多云,1.0,0.48,1.24,33,4.7,0,0.91,1035,63.8,14.0,无
ORD001360,R035,Rider006,2024-01-05 12:08:00,12,False,True,39.87934920801492,116.41619829986685,39.868196047868096,116.44344141332652,39.8754622311499,116.39886211393153,6.54,2.64,3.9,快餐,40.4,28.23355610001979,True,28,1,5.3,多云,1.0,0.8,1.4,27,3.9,1,0.83,67,83.9,24.4,交通拥堵; 写字楼电梯等待; 用餐高峰期; 新餐厅备餐波动
ORD001361,R026,Rider020,2024-01-06 09:28:00,9,True,False,39.99594306993287,116.37058007979029,39.960173235334345,116.42161498762735,39.95521852994615,116.403737357574,7.52,5.9,1.62,快餐,16.8,18.739317583517845,True,27,0,3.3,晴天,1.0,0.24,1.12,12,4.7,0,0.8,260,58.0,13.8,无
ORD001362,R030,Rider025,2024-01-06 03:12:00,3,True,False,39.87768667565502,116.38258734269833,39.89749611644023,116.42882001482276,39.85202121997981,116.4341869019532,9.59,4.52,5.07,日料,16.1,18.270861473704098,True,16,1,3.9,小雨,1.15,0.25,1.13,23,3.7,1,0.76,62,66.6,15.0,天气影响(小雨); 写字楼电梯等待; 新餐厅备餐波动
ORD001363,R036,Rider010,2024-01-04 10:57:00,10,False,False,39.91204413322092,116.47274530063439,39.91483258755359,116.35099062234642,39.876127462298896,116.36871555781596,14.97,10.41,4.56,日料,28.5,16.26804721755057,True,12,0,2.4,大雨,1.35,0.44,1.22,3,4.9,0,0.94,1695,141.6,55.5,天气影响(大雨)
ORD001364,R038,Rider015,2024-01-07 16:24:00,16,True,False,39.890783170857915,116.37704251610822,39.93564059231985,116.38854290757573,39.90125555536833,116.39611115244051,8.95,5.08,3.87,中餐,14.7,17.05700216523666,True,4,0,1.3,小雨,1.15,0.45,1.23,18,5.0,0,0.85,1469,72.3,24.8,天气影响(小雨)
ORD001365,R018,Rider009,2024-01-05 15:23:00,15,False,False,39.85516766425444,116.32233790343638,39.93680181069118,116.43754960642107,39.91316369927242,116.40790369603127,17.04,13.39,3.65,日料,14.9,19.530016881686684,True,25,1,3.8,晴天,1.0,0.2,1.1,35,4.5,1,0.74,11,76.2,5.1,写字楼电梯等待; 新餐厅备餐波动
ORD001366,R034,Rider017,2024-01-03 13:39:00,13,False,True,39.87783933550182,116.42787592485469,39.86870203135637,116.42224986962574,39.9178982767203,116.48386118426038,8.71,1.12,7.59,日料,33.0,20.42460919707647,False,28,0,14.0,晴天,1.0,0.88,1.44,3,4.3,1,0.71,96,106.6,34.0,交通拥堵; 无电梯高楼层; 用餐高峰期; 新餐厅备餐波动
ORD001367,R014,Rider007,2024-01-03 17:52:00,17,False,True,39.87737378342723,116.41556232713583,39.89783515734865,116.39459393617881,39.8812319420477,116.34772102698165,7.31,2.89,4.41,烧烤,39.2,30.948138802172487,True,29,1,4.9,多云,1.0,0.85,1.42,20,3.7,1,0.82,66,83.5,25.3,交通拥堵; 写字楼电梯等待; 用餐高峰期; 新餐厅备餐波动
ORD001368,R050,Rider002,2024-01-02 22:08:00,22,False,False,39.84478714042241,116.4116360676872,39.9045643952722,116.43532802251922,39.94914167126766,116.49312820752455,13.93,6.94,6.99,快餐,26.4,21.48446316449106,True,24,0,3.1,多云,1.0,0.49,1.25,23,4.7,0,0.82,798,88.3,19.9,无
ORD001369,R017,Rider013,2024-01-02 17:11:00,17,False,True,39.88587632619978,116.41490670646715,39.899361428650025,116.41952152570443,39.92705390041307,116.44622095280053,5.38,1.55,3.83,中餐,30.3,30.799432513750695,True,26,0,5.0,多云,1.0,0.89,1.45,13,4.9,0,0.91,1236,66.3,20.6,交通拥堵; 用餐高峰期
ORD001370,R047,Rider020,2024-01-01 19:50:00,19,False,True,39.88824927146106,116.37884983978259,39.88553288505282,116.39673534077251,39.95521852994615,116.403737357574,9.32,1.56,7.76,日料,41.3,16.803419024165553,True,23,0,3.3,多云,1.0,0.92,1.46,12,4.7,0,0.89,512,111.6,33.8,交通拥堵; 用餐高峰期
ORD001371,R017,Rider018,2024-01-04 00:58:00,0,False,False,39.87057537886245,116.38475567761206,39.899361428650025,116.41952152570443,39.88619738114083,116.43231399729389,6.19,4.37,1.83,中餐,24.4,30.25859170966996,False,17,0,8.5,多云,1.0,0.32,1.16,9,3.7,0,0.91,1236,52.1,6.9,无电梯高楼层
ORD001372,R029,Rider014,2024-01-01 16:12:00,16,False,False,39.94747226374045,116.37103385172945,39.929703617463716,116.41923019854394,39.93387852066118,116.46646634501718,8.63,4.57,4.06,快餐,15.0,22.07685443321885,True,3,1,3.7,晴天,1.0,0.34,1.17,10,4.9,0,0.86,1639,43.2,0.9,无
ORD001373,R016,Rider029,2024-01-05 12:11:00,12,False,True,39.89337156519499,116.44700973135197,39.91308360831194,116.4152316581654,39.9827701186798,116.39951113316586,11.34,3.49,7.85,西餐,13.4,28.488998891123224,True,2,0,0.3,多云,1.0,0.8,1.4,30,3.7,1,0.76,46,63.9,26.2,交通拥堵; 用餐高峰期; 新餐厅备餐波动
ORD001374,R020,Rider030,2024-01-03 13:45:00,13,False,True,39.89336715000022,116.43713498738902,39.927930958411295,116.38011837635615,39.911325137030445,116.40882541839402,9.27,6.2,3.07,西餐,42.5,27.20894523865551,True,30,0,4.3,晴天,1.0,0.88,1.44,22,3.9,0,0.9,297,96.9,29.6,交通拥堵; 用餐高峰期
ORD001375,R019,Rider005,2024-01-04 17:12:00,17,False,True,39.94946983699968,116.43086790926739,39.94131048218809,116.36460563345823,39.846276626340114,116.35110144902494,16.35,5.73,10.61,日料,16.1,20.04274769161565,True,23,0,3.2,晴天,1.0,0.91,1.46,17,4.9,0,0.87,829,97.9,29.6,交通拥堵; 用餐高峰期
ORD001376,R024,Rider014,2024-01-01 14:50:00,14,False,False,39.90000912097007,116.3701392478276,39.91199648382746,116.43085468615331,39.93387852066118,116.46646634501718,9.25,5.36,3.9,西餐,17.9,22.60315772743651,False,13,0,6.5,多云,1.0,0.16,1.08,10,4.9,0,0.83,915,47.9,0.0,无电梯高楼层
ORD001377,R016,Rider024,2024-01-03 23:02:00,23,False,False,39.89197724484646,116.4343712531992,39.91308360831194,116.4152316581654,39.836064702425794,116.40517809204412,11.45,2.86,8.59,西餐,13.4,23.3214531418636,True,21,1,5.4,晴天,1.0,0.3,1.15,5,5.0,1,0.76,46,52.6,4.4,写字楼电梯等待; 新餐厅备餐波动
ORD001378,R012,Rider006,2024-01-05 10:38:00,10,False,False,39.9463202963195,116.46549790978489,39.9031252188267,116.45433930967441,39.8754622311499,116.39886211393153,10.54,4.89,5.65,西餐,22.5,33.33831699129917,True,4,1,0.9,小雨,1.15,0.47,1.24,27,3.9,0,0.85,1677,68.0,25.6,天气影响(小雨)
ORD001379,R012,Rider001,2024-01-06 15:41:00,15,True,False,39.91489955722206,116.39966212134426,39.9031252188267,116.45433930967441,39.91716665409954,116.40219427782529,9.58,4.85,4.72,西餐,20.9,23.54088620004889,False,1,0,0.5,晴天,1.0,0.33,1.16,19,4.2,0,0.85,1677,51.4,5.5,无
ORD001380,R040,Rider014,2024-01-04 00:41:00,0,False,False,39.86422565870776,116.3977308437681,39.91551888796381,116.45694052959438,39.93387852066118,116.46646634501718,9.82,7.62,2.2,西餐,29.8,19.74200700258251,False,2,1,1.0,多云,1.0,0.32,1.16,10,4.9,0,0.85,1199,69.2,8.5,无
ORD001381,R024,Rider017,2024-01-05 21:54:00,21,False,False,39.9062747167349,116.33840565661949,39.91199648382746,116.43085468615331,39.9178982767203,116.48386118426038,12.51,7.93,4.58,西餐,23.1,22.789342960830197,True,6,1,2.4,晴天,1.0,0.66,1.33,3,4.3,0,0.83,915,74.1,15.7,交通拥堵
ORD001382,R006,Rider023,2024-01-03 06:26:00,6,False,False,39.93425435245216,116.36346748575231,39.897316486385044,116.41908046739768,39.93964254240985,116.40191688715832,11.2,6.28,4.92,中餐,30.5,24.54703846260796,True,12,0,3.3,雾,1.25,0.38,1.19,33,4.7,0,0.82,1513,94.5,33.3,天气影响(雾)
ORD001383,R031,Rider025,2024-01-05 00:37:00,0,False,False,39.91507289082621,116.42894925279309,39.875714428644635,116.38949308005311,39.85202121997981,116.4341869019532,10.16,5.52,4.64,中餐,36.9,21.953426831837206,True,26,0,5.0,多云,1.0,0.47,1.24,23,3.7,0,0.86,117,84.8,15.1,无
ORD001384,R014,Rider011,2024-01-04 21:04:00,21,False,False,39.87469945151717,116.4483060862445,39.89783515734865,116.39459393617881,39.99179211732871,116.37506806858579,15.83,5.26,10.56,烧烤,39.2,21.831759905610365,False,16,0,8.0,雾,1.25,0.52,1.26,28,4.5,1,0.82,66,146.2,55.4,天气影响(雾); 无电梯高楼层; 新餐厅备餐波动
ORD001385,R049,Rider027,2024-01-07 15:02:00,15,True,False,39.87043758654609,116.3845781061926,39.93551026936107,116.41426935614565,39.886332661172375,116.38837314608125,13.55,7.66,5.89,快餐,21.5,21.054103479691264,False,21,0,10.5,小雨,1.15,0.26,1.13,21,3.8,0,0.8,1818,93.3,22.7,天气影响(小雨); 无电梯高楼层
ORD001386,R011,Rider019,2024-01-03 20:11:00,20,False,False,39.84887732592074,116.42435533298874,39.85697534139168,116.42653858829674,39.93266459512356,116.36241431632648,10.95,0.92,10.04,快餐,15.9,18.034239821243467,False,23,0,11.5,晴天,1.0,0.45,1.23,28,3.9,0,0.84,1585,81.9,18.1,无电梯高楼层
ORD001387,R038,Rider008,2024-01-07 15:13:00,15,True,False,39.89711173514497,116.42721722421523,39.93564059231985,116.38854290757573,39.92497386056965,116.4687095565201,12.36,5.41,6.95,中餐,17.9,31.92565867784465,True,26,1,5.2,小雨,1.15,0.26,1.13,25,4.8,0,0.85,1469,57.4,11.0,天气影响(小雨); 写字楼电梯等待
ORD001388,R007,Rider003,2024-01-04 17:55:00,17,False,True,39.9245430956102,116.36859513861569,39.926353997399865,116.4125410484357,39.97674666303516,116.42358331580469,9.44,3.76,5.67,火锅,41.2,37.152391659315946,False,16,0,8.0,晴天,1.0,0.91,1.46,12,4.5,1,0.71,49,98.9,34.4,交通拥堵; 无电梯高楼层; 用餐高峰期; 新餐厅备餐波动
ORD001389,R008,Rider025,2024-01-03 11:10:00,11,False,True,39.91728660775278,116.38884350142986,39.91802448900446,116.40997770414891,39.85202121997981,116.4341869019532,9.42,1.81,7.62,火锅,28.5,20.298435792014082,True,7,0,2.4,晴天,1.0,0.56,1.28,23,3.7,0,0.81,1280,70.1,11.3,用餐高峰期
ORD001390,R039,Rider011,2024-01-04 09:17:00,9,False,False,39.966192548838556,116.38543707224332,39.95763873231079,116.38707752996855,39.99179211732871,116.37506806858579,4.89,0.96,3.93,火锅,45.5,24.387091025575067,True,28,0,3.0,晴天,1.0,0.96,1.48,28,4.5,1,0.77,57,86.4,25.9,交通拥堵; 新餐厅备餐波动
ORD001391,R038,Rider012,2024-01-05 08:14:00,8,False,False,39.87468488698398,116.40083990570122,39.93564059231985,116.38854290757573,39.87227059127874,116.35388620704767,14.48,6.85,7.63,中餐,15.9,19.9370362130863,True,27,0,2.8,晴天,1.0,0.9,1.45,27,4.5,0,0.85,1469,86.9,24.6,交通拥堵
ORD001392,R006,Rider019,2024-01-04 14:29:00,14,False,False,39.887192144501995,116.38815833395321,39.897316486385044,116.41908046739768,39.93266459512356,116.36241431632648,9.11,2.87,6.24,中餐,31.5,20.72125021087574,False,3,0,1.5,雾,1.25,0.37,1.18,28,3.9,0,0.82,1513,84.8,25.4,天气影响(雾)
ORD001393,R010,Rider003,2024-01-04 15:48:00,15,False,False,39.908628597240664,116.3252221181817,39.89798502329687,116.38869567815044,39.97674666303516,116.42358331580469,14.79,5.56,9.24,烧烤,13.3,27.73574457982677,True,18,1,3.9,晴天,1.0,0.34,1.17,12,4.5,1,0.79,43,53.6,4.4,写字楼电梯等待; 新餐厅备餐波动
ORD001394,R002,Rider015,2024-01-05 15:07:00,15,False,False,39.824874640335686,116.40235767356671,39.95157638446523,116.43042304187458,39.90125555536833,116.39611115244051,20.58,14.27,6.31,日料,14.4,17.012857961234943,True,29,0,3.1,晴天,1.0,0.2,1.1,18,5.0,1,0.82,47,101.1,11.0,新餐厅备餐波动
ORD001395,R049,Rider023,2024-01-04 16:24:00,16,False,False,39.904045474606285,116.41098125632102,39.93551026936107,116.41426935614565,39.93964254240985,116.40191688715832,4.66,3.5,1.15,快餐,19.6,21.119310246690276,True,29,0,3.2,小雨,1.15,0.39,1.19,33,4.7,0,0.8,1818,50.4,14.4,天气影响(小雨)
ORD001396,R004,Rider007,2024-01-05 20:25:00,20,False,False,39.966301297527565,116.38658223635463,39.90622584614064,116.3646575544136,39.8812319420477,116.34772102698165,10.06,6.93,3.13,火锅,13.9,29.338324114830115,False,20,0,10.0,多云,1.0,0.25,1.13,20,3.7,0,0.76,1942,46.7,2.2,无电梯高楼层
ORD001397,R032,Rider007,2024-01-07 17:14:00,17,True,True,39.892313323471825,116.46393317461515,39.923253376527065,116.37499397389878,39.8812319420477,116.34772102698165,13.56,8.34,5.22,中餐,13.8,34.06217793444606,False,3,0,1.5,小雨,1.15,0.69,1.34,20,3.7,0,0.81,589,55.7,16.5,天气影响(小雨); 交通拥堵; 用餐高峰期
ORD001398,R010,Rider006,2024-01-01 17:57:00,17,False,True,39.846253598287106,116.45192226090857,39.89798502329687,116.38869567815044,39.8754622311499,116.39886211393153,10.54,7.89,2.65,烧烤,13.3,26.067266456644237,True,25,0,3.0,多云,1.0,0.8,1.4,27,3.9,1,0.79,43,60.1,19.6,交通拥堵; 用餐高峰期; 新餐厅备餐波动
ORD001399,R039,Rider018,2024-01-07 16:54:00,16,True,False,39.86575513773081,116.45849381978914,39.95763873231079,116.38707752996855,39.88619738114083,116.43231399729389,20.71,11.89,8.82,火锅,45.5,31.025648281192588,True,2,0,0.4,小雨,1.15,0.45,1.23,9,3.7,1,0.77,57,118.1,32.1,天气影响(小雨); 新餐厅备餐波动
ORD001400,R010,Rider005,2024-01-07 14:31:00,14,True,False,39.92534047504794,116.384074036872,39.89798502329687,116.38869567815044,39.846276626340114,116.35110144902494,9.64,3.06,6.58,烧烤,13.3,23.53198445854823,True,25,0,3.2,多云,1.0,0.14,1.07,17,4.9,1,0.79,43,44.5,3.5,新餐厅备餐波动
ORD001401,R043,Rider024,2024-01-05 16:42:00,16,False,False,39.89191090881408,116.38007668221391,39.94743819867199,116.36432413546461,39.836064702425794,116.40517809204412,19.16,6.31,12.85,日料,19.9,24.336315212016064,True,15,0,3.2,多云,1.0,0.27,1.14,5,5.0,0,0.95,1448,71.2,0.9,无
ORD001402,R036,Rider002,2024-01-01 23:11:00,23,False,False,39.97245437350764,116.26694371160369,39.91483258755359,116.35099062234642,39.94914167126766,116.49312820752455,22.35,9.62,12.73,日料,28.4,22.892983608118797,False,13,0,6.5,多云,1.0,0.39,1.19,23,4.7,0,0.94,1695,115.7,22.2,无电梯高楼层
ORD001403,R042,Rider015,2024-01-02 14:48:00,14,False,False,39.86766363340002,116.41814831743643,39.865351725765606,116.4042464448576,39.90125555536833,116.39611115244051,5.26,1.22,4.05,火锅,34.2,21.695658390824732,False,2,0,1.0,多云,1.0,0.33,1.17,18,5.0,0,0.84,621,53.5,3.7,无
ORD001404,R007,Rider018,2024-01-06 16:30:00,16,True,False,39.8747017097701,116.46726837979686,39.926353997399865,116.4125410484357,39.88619738114083,116.43231399729389,12.17,7.4,4.77,火锅,41.2,32.81075801601897,True,24,1,4.5,多云,1.0,0.24,1.12,9,3.7,1,0.71,49,82.6,14.7,写字楼电梯等待; 新餐厅备餐波动
ORD001405,R020,Rider009,2024-01-01 20:39:00,20,False,False,39.898208312903755,116.41671376227774,39.927930958411295,116.38011837635615,39.91316369927242,116.40790369603127,7.43,4.55,2.89,西餐,30.0,22.687173188712215,True,21,0,3.5,晴天,1.0,0.32,1.16,35,4.5,0,0.9,297,59.0,5.8,无
ORD001406,R041,Rider024,2024-01-02 15:31:00,15,False,False,39.92994643848986,116.45730975852443,39.883799869976464,116.39949782465398,39.836064702425794,116.40517809204412,12.44,7.12,5.32,中餐,27.1,25.35695886851326,True,6,0,0.9,小雨,1.15,0.35,1.17,5,5.0,1,0.85,78,77.8,20.3,天气影响(小雨); 新餐厅备餐波动
ORD001407,R029,Rider019,2024-01-03 15:11:00,15,False,False,39.87866540091446,116.4427732111624,39.929703617463716,116.41923019854394,39.93266459512356,116.36241431632648,10.88,6.01,4.87,快餐,13.1,21.731919666389622,True,24,1,3.7,多云,1.0,0.34,1.17,28,3.9,0,0.86,1639,54.2,7.4,写字楼电梯等待
ORD001408,R029,Rider023,2024-01-05 08:20:00,8,False,False,39.91354356511116,116.38818736772296,39.929703617463716,116.41923019854394,39.93964254240985,116.40191688715832,5.05,3.2,1.85,快餐,16.6,23.75908358390566,True,12,0,2.4,晴天,1.0,0.9,1.45,33,4.7,0,0.86,1639,43.9,12.2,交通拥堵
ORD001409,R012,Rider017,2024-01-07 10:09:00,10,True,False,39.85056728313035,116.41485469072762,39.9031252188267,116.45433930967441,39.9178982767203,116.48386118426038,9.75,6.74,3.01,西餐,25.2,23.92552151830929,False,20,0,10.0,多云,1.0,0.31,1.15,3,4.3,0,0.85,1677,70.6,10.9,无电梯高楼层
ORD001410,R049,Rider001,2024-01-06 09:25:00,9,True,False,39.93013810768284,116.40302566332795,39.93551026936107,116.41426935614565,39.91716665409954,116.40219427782529,3.41,1.13,2.28,快餐,26.2,18.955839320776562,False,7,1,3.5,晴天,1.0,0.24,1.12,19,4.2,0,0.8,1818,47.5,7.0,无电梯高楼层
ORD001411,R028,Rider010,2024-01-07 06:53:00,6,True,False,39.903446469953785,116.38212916149985,39.92038827604751,116.36245113087884,39.876127462298896,116.36871555781596,7.47,2.52,4.94,火锅,15.0,20.486881677425153,True,18,1,4.0,多云,1.0,0.25,1.13,3,4.9,0,0.86,1899,51.4,10.6,写字楼电梯等待
ORD001412,R018,Rider015,2024-01-03 22:05:00,22,False,False,39.82238348128308,116.43911835615249,39.93680181069118,116.43754960642107,39.90125555536833,116.39611115244051,18.01,12.7,5.3,日料,14.9,16.641376858166012,True,29,1,5.5,多云,1.0,0.48,1.24,18,5.0,1,0.74,11,111.8,26.5,写字楼电梯等待; 新餐厅备餐波动
ORD001413,R032,Rider030,2024-01-03 07:56:00,7,False,False,39.908847828086415,116.42663981160577,39.923253376527065,116.37499397389878,39.911325137030445,116.40882541839402,7.88,4.7,3.18,中餐,14.5,35.66249450108973,False,5,1,2.5,晴天,1.0,0.83,1.42,22,3.9,0,0.81,589,53.0,22.8,交通拥堵
ORD001414,R036,Rider017,2024-01-04 12:21:00,12,False,True,39.881081295866764,116.40607734567446,39.91483258755359,116.35099062234642,39.9178982767203,116.48386118426038,17.39,6.02,11.37,日料,22.7,19.795322652155853,False,3,1,1.5,晴天,1.0,0.81,1.4,3,4.3,0,0.94,1695,106.8,29.8,交通拥堵; 用餐高峰期
ORD001415,R042,Rider020,2024-01-05 07:14:00,7,False,False,39.85441066883074,116.39538609800266,39.865351725765606,116.4042464448576,39.95521852994615,116.403737357574,11.41,1.43,9.98,火锅,37.1,21.653180147809696,True,17,0,2.5,雾,1.25,0.84,1.42,12,4.7,0,0.84,621,124.8,53.5,天气影响(雾); 交通拥堵
ORD001416,R045,Rider006,2024-01-06 09:18:00,9,True,False,39.87009966303464,116.43549821198016,39.93831052255901,116.42080670434322,39.8754622311499,116.39886211393153,14.9,7.68,7.23,日料,22.7,32.698385903344274,True,26,0,3.3,晴天,1.0,0.24,1.12,27,3.9,0,0.8,384,59.1,5.6,无
ORD001417,R012,Rider006,2024-01-02 21:17:00,21,False,False,39.91305157572171,116.43239065895891,39.9031252188267,116.45433930967441,39.8754622311499,116.39886211393153,7.83,2.18,5.65,西餐,20.8,30.35176912440201,True,24,0,5.0,小雨,1.15,0.57,1.29,27,3.9,0,0.85,1677,58.0,16.6,天气影响(小雨)
ORD001418,R013,Rider029,2024-01-07 10:03:00,10,True,False,39.87341013944261,116.39946838050342,39.98320584661837,116.37664727333566,39.9827701186798,116.39951113316586,14.3,12.35,1.95,西餐,22.6,22.39220723332264,True,10,0,1.5,多云,1.0,0.31,1.15,30,3.7,0,0.78,330,82.1,19.7,无
ORD001419,R038,Rider005,2024-01-06 15:51:00,15,True,False,39.94785884551829,116.45472160798191,39.93564059231985,116.38854290757573,39.846276626340114,116.35110144902494,16.24,5.82,10.43,中餐,15.7,18.7824955583891,True,24,1,5.2,晴天,1.0,0.33,1.16,17,4.9,0,0.85,1469,85.6,12.8,写字楼电梯等待
ORD001420,R012,Rider030,2024-01-01 23:11:00,23,False,False,39.97117285923891,116.36121975621379,39.9031252188267,116.45433930967441,39.911325137030445,116.40882541839402,14.97,10.97,4.0,西餐,25.3,35.63990134512592,True,26,1,5.7,多云,1.0,0.39,1.19,22,3.9,0,0.85,1677,65.0,8.8,写字楼电梯等待
ORD001421,R008,Rider020,2024-01-06 17:29:00,17,True,True,39.92323797371071,116.38345430169264,39.91802448900446,116.40997770414891,39.95521852994615,116.403737357574,6.5,2.34,4.16,火锅,31.8,19.91910234905663,False,19,0,9.5,雾,1.25,0.53,1.27,12,4.7,0,0.81,1280,102.6,41.7,天气影响(雾); 无电梯高楼层; 用餐高峰期
ORD001422,R019,Rider025,2024-01-05 22:51:00,22,False,False,39.8630885296069,116.43223458507052,39.94131048218809,116.36460563345823,39.85202121997981,116.4341869019532,22.0,10.43,11.56,日料,14.7,21.571880881669994,True,23,0,2.5,雪,1.4,0.38,1.19,23,3.7,0,0.87,829,136.2,57.8,天气影响(雪)
ORD001423,R023,Rider018,2024-01-06 13:52:00,13,True,True,39.943832079258335,116.50266070684988,39.89349764922696,116.42408365395602,39.88619738114083,116.43231399729389,9.81,8.74,1.07,日料,39.7,33.59066918493354,True,20,1,4.2,晴天,1.0,0.84,1.42,9,3.7,0,0.94,1116,87.7,26.3,交通拥堵; 写字楼电梯等待; 用餐高峰期
ORD001424,R040,Rider023,2024-01-02 18:43:00,18,False,True,39.90342105902394,116.38926501165258,39.91551888796381,116.45694052959438,39.93964254240985,116.40191688715832,11.35,5.94,5.41,西餐,35.7,24.95517042768046,True,11,1,4.9,小雨,1.15,0.91,1.46,33,4.7,0,0.85,1199,109.9,42.0,天气影响(小雨); 交通拥堵; 写字楼电梯等待; 用餐高峰期
ORD001425,R001,Rider006,2024-01-05 18:59:00,18,False,True,39.80747675202559,116.43729336973033,39.91910142459034,116.40325207096485,39.8754622311499,116.39886211393153,17.59,12.73,4.86,西餐,35.2,33.0950254388284,True,10,1,2.5,小雨,1.15,0.89,1.44,27,3.9,0,0.89,1738,117.5,47.8,天气影响(小雨); 交通拥堵; 用餐高峰期
ORD001426,R043,Rider005,2024-01-05 09:14:00,9,False,False,39.932173281563266,116.37246985313304,39.94743819867199,116.36432413546461,39.846276626340114,116.35110144902494,13.12,1.83,11.29,日料,18.3,19.96308287981764,True,8,0,1.0,晴天,1.0,1.0,1.5,17,4.9,0,0.95,1448,87.8,29.0,交通拥堵
ORD001427,R026,Rider004,2024-01-04 13:03:00,13,False,True,39.92320182926438,116.37869019695329,39.960173235334345,116.42161498762735,39.8938632905673,116.45473929280564,13.39,5.51,7.89,快餐,10.8,24.227124420228762,True,23,0,2.9,多云,1.0,0.74,1.37,9,4.7,0,0.8,260,60.0,13.1,交通拥堵; 用餐高峰期
ORD001428,R048,Rider012,2024-01-05 09:26:00,9,False,False,39.87645707848897,116.37549872833853,39.87933014967234,116.39059456879409,39.87227059127874,116.35388620704767,4.57,1.33,3.24,日料,10.2,19.231780217857022,False,21,1,10.5,晴天,1.0,1.0,1.5,27,4.5,0,0.94,1812,50.1,15.2,交通拥堵; 无电梯高楼层; 写字楼电梯等待
ORD001429,R014,Rider007,2024-01-05 20:39:00,20,False,False,39.91238752170165,116.41741971560937,39.89783515734865,116.39459393617881,39.8812319420477,116.34772102698165,6.95,2.53,4.41,烧烤,39.2,29.55174528385915,True,10,0,1.8,多云,1.0,0.25,1.13,20,3.7,1,0.82,66,58.6,3.4,新餐厅备餐波动
ORD001430,R038,Rider009,2024-01-07 22:50:00,22,True,False,39.92277683622237,116.44792167583627,39.93564059231985,116.38854290757573,39.91316369927242,116.40790369603127,8.27,5.27,2.99,中餐,12.5,25.02417090061863,True,30,0,4.0,晴天,1.0,0.54,1.27,35,4.5,0,0.85,1469,46.3,10.0,无
ORD001431,R037,Rider020,2024-01-05 15:50:00,15,False,False,39.860102725007096,116.411560875312,39.892457945637545,116.42054067792265,39.95521852994615,116.403737357574,10.79,3.67,7.12,火锅,32.3,17.725959622159998,True,2,1,0.7,晴天,1.0,0.2,1.1,12,4.7,0,0.91,1035,71.4,1.9,无
ORD001432,R015,Rider010,2024-01-07 20:23:00,20,True,False,39.98555066400925,116.37492500124318,39.945355864006494,116.41266659881865,39.876127462298896,116.36871555781596,14.06,5.51,8.56,快餐,12.1,16.839725089550498,True,1,1,2.7,多云,1.0,0.27,1.13,3,4.9,0,0.82,1348,85.2,20.3,无
ORD001433,R007,Rider023,2024-01-02 10:38:00,10,False,False,39.86367587291603,116.32753086012524,39.926353997399865,116.4125410484357,39.93964254240985,116.40191688715832,11.8,10.06,1.73,火锅,41.2,22.644339187774097,True,25,1,4.4,大雨,1.35,0.17,1.09,33,4.7,1,0.71,49,110.9,34.0,天气影响(大雨); 写字楼电梯等待; 新餐厅备餐波动
ORD001434,R048,Rider020,2024-01-05 18:33:00,18,False,True,39.93294777546731,116.38675699333933,39.87933014967234,116.39059456879409,39.95521852994615,116.403737357574,14.46,5.96,8.5,日料,17.7,18.142054318083247,True,3,0,0.9,小雨,1.15,0.89,1.44,12,4.7,0,0.94,1812,105.4,38.9,天气影响(小雨); 交通拥堵; 用餐高峰期
ORD001435,R024,Rider025,2024-01-01 13:31:00,13,False,True,39.89462391069348,116.46065438937242,39.91199648382746,116.43085468615331,39.85202121997981,116.4341869019532,9.86,3.2,6.67,西餐,38.0,21.547503271017145,True,17,1,6.5,晴天,1.0,0.99,1.49,23,3.7,0,0.83,915,115.8,43.8,交通拥堵; 写字楼电梯等待; 用餐高峰期
ORD001436,R033,Rider007,2024-01-06 19:17:00,19,True,True,39.901632479589765,116.44312524070372,39.91675918407518,116.3855546225191,39.8812319420477,116.34772102698165,10.3,5.2,5.1,中餐,10.2,35.88604310828543,True,29,1,4.5,晴天,1.0,0.72,1.36,20,3.7,0,0.82,637,51.0,19.1,交通拥堵; 写字楼电梯等待; 用餐高峰期
ORD001437,R001,Rider010,2024-01-06 16:34:00,16,True,False,39.93601629605928,116.45467584019133,39.91910142459034,116.40325207096485,39.876127462298896,116.36871555781596,10.39,4.78,5.61,西餐,30.2,18.772508669957304,False,27,0,13.5,多云,1.0,0.24,1.12,3,4.9,0,0.89,1738,90.3,13.4,无电梯高楼层
ORD001438,R008,Rider026,2024-01-05 11:49:00,11,False,True,39.874284645901554,116.42533770201138,39.91802448900446,116.40997770414891,39.86014992380612,116.42690693099692,11.62,5.03,6.59,火锅,33.7,21.982154452249166,True,9,1,3.1,晴天,1.0,0.84,1.42,25,4.8,0,0.81,1280,102.0,33.4,交通拥堵; 用餐高峰期
ORD001439,R039,Rider003,2024-01-02 10:08:00,10,False,False,39.85396252071996,116.40357431836505,39.95763873231079,116.38707752996855,39.97674666303516,116.42358331580469,15.37,11.6,3.77,火锅,45.5,29.855553954077823,True,13,0,1.6,大雨,1.35,0.17,1.09,12,4.5,1,0.77,57,122.0,44.0,天气影响(大雨); 新餐厅备餐波动
ORD001440,R017,Rider025,2024-01-03 16:21:00,16,False,False,39.87396018971938,116.46836771282598,39.899361428650025,116.41952152570443,39.85202121997981,116.4341869019532,10.44,5.04,5.4,中餐,24.1,21.928551068240246,False,8,0,4.0,雪,1.4,0.2,1.1,23,3.7,0,0.91,1236,90.3,33.6,天气影响(雪); 无电梯高楼层
ORD001441,R004,Rider019,2024-01-07 09:23:00,9,True,False,39.953075820822214,116.4301476388722,39.90622584614064,116.3646575544136,39.93266459512356,116.36241431632648,10.58,7.64,2.94,火锅,18.2,20.655418958065823,False,27,0,13.5,晴天,1.0,0.45,1.22,28,3.9,0,0.76,1942,73.6,11.1,无电梯高楼层
ORD001442,R004,Rider025,2024-01-05 19:25:00,19,False,True,39.84593705862275,116.47805316453095,39.90622584614064,116.3646575544136,39.85202121997981,116.4341869019532,20.25,11.79,8.46,火锅,18.7,19.06381102256113,False,22,0,11.0,多云,1.0,0.91,1.46,23,3.7,0,0.76,1942,138.5,45.1,交通拥堵; 无电梯高楼层; 用餐高峰期
ORD001443,R034,Rider002,2024-01-07 21:46:00,21,True,False,39.92331044982401,116.42248080328123,39.86870203135637,116.42224986962574,39.94914167126766,116.49312820752455,16.86,6.06,10.79,日料,33.0,21.272885353739024,True,3,1,0.6,晴天,1.0,0.71,1.35,23,4.7,1,0.71,96,110.8,29.6,交通拥堵; 新餐厅备餐波动
ORD001444,R038,Rider030,2024-01-01 21:21:00,21,False,False,39.951365527816485,116.38096903299324,39.93564059231985,116.38854290757573,39.911325137030445,116.40882541839402,5.07,1.86,3.21,中餐,13.1,32.65529786279004,False,17,0,8.5,晴天,1.0,0.44,1.22,22,3.9,0,0.85,1469,38.4,7.5,无电梯高楼层
ORD001445,R045,Rider026,2024-01-01 09:24:00,9,False,False,39.89099967371577,116.37160291159338,39.93831052255901,116.42080670434322,39.86014992380612,116.42690693099692,15.42,6.73,8.69,日料,23.0,24.17894918259436,False,21,0,10.5,晴天,1.0,0.94,1.47,25,4.8,0,0.8,384,101.7,30.0,交通拥堵; 无电梯高楼层
ORD001446,R036,Rider028,2024-01-04 17:09:00,17,False,True,39.93381414687975,116.43127286735691,39.91483258755359,116.35099062234642,39.8468364452307,116.39973868704347,15.8,7.18,8.62,日料,26.4,18.508047801255216,False,29,1,14.5,晴天,1.0,0.91,1.46,14,4.0,0,0.94,1695,129.7,37.6,交通拥堵; 无电梯高楼层; 写字楼电梯等待; 用餐高峰期
ORD001447,R026,Rider010,2024-01-03 19:13:00,19,False,True,39.86337574311527,116.39166024064686,39.960173235334345,116.42161498762735,39.876127462298896,116.36871555781596,21.42,11.05,10.37,快餐,16.6,17.427775737637184,True,22,1,7.7,晴天,1.0,0.73,1.37,3,4.9,0,0.8,260,133.8,35.8,交通拥堵; 写字楼电梯等待; 用餐高峰期
ORD001448,R014,Rider019,2024-01-05 16:25:00,16,False,False,39.88386306649262,116.39690873279382,39.89783515734865,116.39459393617881,39.93266459512356,116.36241431632648,6.31,1.56,4.75,烧烤,39.2,21.734884051580995,True,29,1,5.2,多云,1.0,0.27,1.14,28,3.9,1,0.82,66,74.4,12.5,写字楼电梯等待; 新餐厅备餐波动
ORD001449,R043,Rider027,2024-01-04 13:47:00,13,False,True,39.92432050265944,116.4270155570261,39.94743819867199,116.36432413546461,39.886332661172375,116.38837314608125,13.03,5.94,7.09,日料,31.9,21.90131886568943,False,1,0,0.5,多云,1.0,0.74,1.37,21,3.8,0,0.95,1448,92.6,24.5,交通拥堵; 用餐高峰期
ORD001450,R044,Rider009,2024-01-06 21:31:00,21,True,False,39.91720806466,116.39918144135486,39.93937307347177,116.4233420003288,39.91316369927242,116.40790369603127,6.41,3.21,3.2,火锅,9.1,24.436527006153938,False,9,1,4.5,晴天,1.0,0.46,1.23,35,4.5,0,0.88,1668,34.3,5.0,无电梯高楼层
ORD001451,R039,Rider028,2024-01-02 09:15:00,9,False,False,39.95321085075391,116.41170675423264,39.95763873231079,116.38707752996855,39.8468364452307,116.39973868704347,14.51,2.16,12.35,火锅,45.5,16.911156427035824,True,17,0,3.0,晴天,1.0,0.94,1.47,14,4.0,1,0.77,57,151.5,51.6,交通拥堵; 新餐厅备餐波动
ORD001452,R002,Rider027,2024-01-01 08:53:00,8,False,False,39.86569290647821,116.3877912151021,39.95157638446523,116.43042304187458,39.886332661172375,116.38837314608125,18.3,10.21,8.09,日料,14.4,18.506194454884934,False,17,0,8.5,雪,1.4,0.84,1.42,21,3.8,1,0.82,47,168.5,86.3,天气影响(雪); 交通拥堵; 无电梯高楼层; 新餐厅备餐波动
ORD001453,R031,Rider020,2024-01-04 09:50:00,9,False,False,39.90658341502544,116.40810006495805,39.875714428644635,116.38949308005311,39.95521852994615,116.403737357574,12.69,3.78,8.91,中餐,25.9,20.32623140044151,True,18,0,2.5,晴天,1.0,0.96,1.48,12,4.7,0,0.86,117,92.2,26.4,交通拥堵
ORD001454,R048,Rider027,2024-01-04 14:47:00,14,False,False,39.9491656895521,116.41288234974671,39.87933014967234,116.39059456879409,39.886332661172375,116.38837314608125,8.79,7.98,0.8,日料,16.0,23.7501646347619,True,23,1,5.2,雾,1.25,0.37,1.18,21,3.8,0,0.94,1812,61.2,17.8,天气影响(雾); 写字楼电梯等待
ORD001455,R013,Rider021,2024-01-06 07:52:00,7,True,False,39.836913170615254,116.53617601491455,39.98320584661837,116.37664727333566,39.920748511998084,116.46108354017223,31.22,21.21,10.01,西餐,25.7,31.447941912241955,True,13,1,2.4,晴天,1.0,0.49,1.24,23,4.6,0,0.78,330,114.2,26.6,写字楼电梯等待
ORD001456,R046,Rider022,2024-01-02 16:48:00,16,False,False,39.931684411022644,116.45872755967841,39.90750898735901,116.3944992384245,39.88685398692913,116.39370765445501,8.41,6.11,2.29,中餐,25.6,25.27020983855322,True,29,1,5.5,小雨,1.15,0.36,1.18,34,4.0,0,0.9,704,60.3,9.3,天气影响(小雨); 写字楼电梯等待
ORD001457,R023,Rider014,2024-01-06 10:00:00,10,True,False,39.886963128373,116.38799279594026,39.89349764922696,116.42408365395602,39.93387852066118,116.46646634501718,8.94,3.17,5.76,日料,34.0,23.002645275397313,False,5,1,2.5,多云,1.0,0.45,1.22,10,4.9,0,0.94,1116,70.6,10.8,无
ORD001458,R027,Rider012,2024-01-06 19:50:00,19,True,True,39.877839415709246,116.4960791195979,39.94449504636891,116.38536357050157,39.87227059127874,116.35388620704767,20.48,12.02,8.46,西餐,29.5,19.476832376956427,True,17,0,3.5,晴天,1.0,0.72,1.36,27,4.5,0,0.82,787,130.9,34.8,交通拥堵; 用餐高峰期
ORD001459,R021,Rider021,2024-01-03 06:48:00,6,False,False,40.0001991684114,116.39374977163199,39.90504298390045,116.37148738809985,39.920748511998084,116.46108354017223,18.59,10.74,7.86,西餐,5.9,28.57457364087828,True,14,0,2.4,雾,1.25,0.38,1.19,23,4.6,0,0.95,863,73.4,26.1,天气影响(雾)
ORD001460,R035,Rider028,2024-01-04 15:16:00,15,False,False,39.91955159719325,116.43764596179051,39.868196047868096,116.44344141332652,39.8468364452307,116.39973868704347,10.15,5.72,4.43,快餐,40.4,22.5081999824861,True,25,0,3.2,晴天,1.0,0.34,1.17,14,4.0,1,0.83,67,79.0,8.4,新餐厅备餐波动
ORD001461,R024,Rider020,2024-01-05 15:41:00,15,False,False,39.90395919133016,116.38582242044221,39.91199648382746,116.43085468615331,39.95521852994615,116.403737357574,9.28,3.95,5.33,西餐,23.3,19.42643643928356,True,11,0,3.9,晴天,1.0,0.2,1.1,12,4.7,0,0.83,915,58.3,2.4,无
ORD001462,R037,Rider004,2024-01-05 09:53:00,9,False,False,39.87001682577924,116.42405720349979,39.892457945637545,116.42054067792265,39.8938632905673,116.45473929280564,5.44,2.51,2.93,火锅,30.0,22.149149559207878,True,8,0,2.1,晴天,1.0,1.0,1.5,9,4.7,0,0.91,1035,70.8,24.0,交通拥堵
ORD001463,R008,Rider022,2024-01-05 19:06:00,19,False,True,39.86392433692927,116.39849544159803,39.91802448900446,116.40997770414891,39.88685398692913,116.39370765445501,9.82,6.09,3.73,火锅,33.2,27.713060449694428,False,11,1,5.5,多云,1.0,0.91,1.46,34,4.0,0,0.81,1280,89.8,29.8,交通拥堵; 无电梯高楼层; 写字楼电梯等待; 用餐高峰期
ORD001464,R039,Rider013,2024-01-01 19:13:00,19,False,True,39.94808578295718,116.4495388239274,39.95763873231079,116.38707752996855,39.92705390041307,116.44622095280053,11.53,5.44,6.09,火锅,45.5,32.70743346109818,True,13,0,1.9,多云,1.0,0.92,1.46,13,4.9,1,0.77,57,102.0,33.4,交通拥堵; 用餐高峰期; 新餐厅备餐波动
ORD001465,R026,Rider017,2024-01-01 21:48:00,21,False,False,39.82730520311887,116.43430253394308,39.960173235334345,116.42161498762735,39.9178982767203,116.48386118426038,21.89,14.79,7.09,快餐,13.3,25.496503827691765,True,23,0,2.8,晴天,1.0,0.44,1.22,3,4.3,0,0.8,260,74.2,6.6,无
ORD001466,R030,Rider012,2024-01-02 19:43:00,19,False,True,39.914403677028105,116.45273357885853,39.89749611644023,116.42882001482276,39.87227059127874,116.35388620704767,9.77,2.78,6.99,日料,16.1,20.929285177373455,False,1,0,0.5,小雨,1.15,0.98,1.49,27,4.5,1,0.76,62,81.8,37.2,天气影响(小雨); 交通拥堵; 用餐高峰期; 新餐厅备餐波动
ORD001467,R043,Rider026,2024-01-06 20:21:00,20,True,False,39.91574433797367,116.4570675248978,39.94743819867199,116.36432413546461,39.86014992380612,116.42690693099692,19.74,8.67,11.07,日料,24.3,27.30743148047975,True,4,1,1.8,多云,1.0,0.35,1.18,25,4.8,0,0.95,1448,82.3,12.7,无
ORD001468,R004,Rider018,2024-01-04 17:17:00,17,False,True,39.90283019271754,116.43958888997588,39.90622584614064,116.3646575544136,39.88619738114083,116.43231399729389,12.62,6.42,6.2,火锅,24.3,31.916039840504485,True,26,1,4.6,晴天,1.0,0.91,1.46,9,3.7,0,0.76,1942,76.8,24.2,交通拥堵; 写字楼电梯等待; 用餐高峰期
ORD001469,R029,Rider029,2024-01-02 23:32:00,23,False,False,39.91812700363602,116.43817435493101,39.929703617463716,116.41923019854394,39.9827701186798,116.39951113316586,8.2,2.07,6.13,快餐,12.3,26.406277878797887,True,8,0,3.3,晴天,1.0,0.44,1.22,30,3.7,0,0.86,1639,45.9,11.6,无
ORD001470,R007,Rider023,2024-01-06 11:46:00,11,True,True,39.857273079200766,116.44495181067447,39.926353997399865,116.4125410484357,39.93964254240985,116.40191688715832,9.89,8.16,1.73,火锅,41.2,21.876287226223248,True,24,0,3.9,雪,1.4,0.94,1.47,33,4.7,1,0.71,49,148.6,76.4,天气影响(雪); 交通拥堵; 用餐高峰期; 新餐厅备餐波动
ORD001471,R039,Rider007,2024-01-03 11:25:00,11,False,True,39.93157209891629,116.43633284643877,39.95763873231079,116.38707752996855,39.8812319420477,116.34772102698165,14.24,5.11,9.13,火锅,45.5,31.80642388521877,False,4,1,2.0,晴天,1.0,0.56,1.28,20,3.7,1,0.77,57,92.8,18.4,用餐高峰期; 新餐厅备餐波动
ORD001472,R042,Rider011,2024-01-05 20:51:00,20,False,False,39.91819155346832,116.32557411314014,39.865351725765606,116.4042464448576,39.99179211732871,116.37506806858579,23.19,8.93,14.26,火锅,30.4,25.65680644555109,True,26,1,4.7,多云,1.0,0.25,1.13,28,4.5,0,0.84,621,101.0,11.7,写字楼电梯等待
ORD001473,R039,Rider010,2024-01-04 16:47:00,16,False,False,39.914088810346826,116.36471664475752,39.95763873231079,116.38707752996855,39.876127462298896,116.36871555781596,14.39,5.2,9.19,火锅,45.5,19.81070923246515,True,2,0,4.6,小雨,1.15,0.39,1.19,3,4.9,1,0.77,57,128.5,34.9,天气影响(小雨); 新餐厅备餐波动
ORD001474,R007,Rider001,2024-01-01 15:30:00,15,False,False,39.85298540791528,116.32578507825069,39.926353997399865,116.4125410484357,39.91716665409954,116.40219427782529,12.37,11.02,1.35,火锅,41.2,19.386291539769964,True,14,0,4.3,多云,1.0,0.08,1.04,19,4.2,1,0.71,49,79.2,0.0,新餐厅备餐波动
ORD001475,R005,Rider024,2024-01-03 10:35:00,10,False,False,39.886707841614545,116.413180496849,39.88619238449682,116.4358231946314,39.836064702425794,116.40517809204412,8.09,1.94,6.15,火锅,28.1,24.110963865107387,True,20,0,2.2,雾,1.25,0.25,1.13,5,5.0,1,0.77,80,78.1,27.8,天气影响(雾); 新餐厅备餐波动
ORD001476,R046,Rider028,2024-01-02 09:12:00,9,False,False,39.8717545693269,116.37286170962108,39.90750898735901,116.3944992384245,39.8468364452307,116.39973868704347,11.13,4.38,6.75,中餐,18.8,20.62026233523457,True,21,1,5.8,晴天,1.0,0.94,1.47,14,4.0,0,0.9,704,84.7,27.6,交通拥堵; 写字楼电梯等待
ORD001477,R022,Rider025,2024-01-04 11:47:00,11,False,True,39.892729639989774,116.38587563633922,39.92367260197888,116.37071379389974,39.85202121997981,116.4341869019532,13.3,3.67,9.63,快餐,22.8,23.063821399227027,False,4,0,2.0,晴天,1.0,0.89,1.45,23,3.7,1,0.76,91,93.1,33.7,交通拥堵; 用餐高峰期; 新餐厅备餐波动
ORD001478,R020,Rider020,2024-01-01 09:30:00,9,False,False,39.948152988087976,116.44892200339612,39.927930958411295,116.38011837635615,39.95521852994615,116.403737357574,9.94,6.29,3.64,西餐,34.0,18.935817846304573,False,26,0,13.0,晴天,1.0,0.94,1.47,12,4.7,0,0.9,297,121.8,43.3,交通拥堵; 无电梯高楼层
ORD001479,R006,Rider003,2024-01-02 13:58:00,13,False,True,39.890221399879515,116.41360841815059,39.897316486385044,116.41908046739768,39.97674666303516,116.42358331580469,9.74,0.92,8.83,中餐,42.4,35.33010801730232,True,24,0,3.0,晴天,1.0,0.91,1.46,12,4.5,0,0.82,1513,97.3,35.3,交通拥堵; 用餐高峰期
ORD001480,R026,Rider020,2024-01-03 18:09:00,18,False,True,39.96877322571826,116.45138958858806,39.960173235334345,116.42161498762735,39.95521852994615,116.403737357574,4.34,2.72,1.62,快餐,22.6,18.386855043175476,True,7,1,3.6,大雨,1.35,0.85,1.42,12,4.7,0,0.8,260,75.0,34.6,天气影响(大雨); 交通拥堵; 用餐高峰期
ORD001481,R014,Rider007,2024-01-01 23:47:00,23,False,False,39.87381192470566,116.37761336120444,39.89783515734865,116.39459393617881,39.8812319420477,116.34772102698165,7.45,3.04,4.41,烧烤,39.2,26.942697605759662,True,19,0,2.0,多云,1.0,0.39,1.19,20,3.7,1,0.82,66,66.7,8.9,新餐厅备餐波动
ORD001482,R045,Rider014,2024-01-07 08:34:00,8,True,False,39.91069647689895,116.42728579261092,39.93831052255901,116.42080670434322,39.93387852066118,116.46646634501718,7.05,3.12,3.93,日料,22.3,18.805507889362694,True,13,0,4.4,晴天,1.0,0.4,1.2,10,4.9,0,0.8,384,54.6,5.4,无
ORD001483,R022,Rider006,2024-01-06 15:48:00,15,True,False,39.924929636935076,116.34272790168234,39.92367260197888,116.37071379389974,39.8754622311499,116.39886211393153,8.27,2.4,5.87,快餐,22.8,35.12726315766095,True,26,0,2.9,晴天,1.0,0.33,1.16,27,3.9,1,0.76,91,38.4,0.0,新餐厅备餐波动
ORD001484,R034,Rider006,2024-01-04 15:18:00,15,False,False,39.92819853892143,116.42887916857326,39.86870203135637,116.42224986962574,39.8754622311499,116.39886211393153,8.77,6.63,2.14,日料,33.0,34.6178973848451,True,9,1,1.7,晴天,1.0,0.34,1.17,27,3.9,1,0.71,96,64.9,15.0,新餐厅备餐波动
ORD001485,R022,Rider008,2024-01-07 16:06:00,16,True,False,39.84774167996348,116.32801004643277,39.92367260197888,116.37071379389974,39.92497386056965,116.4687095565201,17.57,9.19,8.38,快餐,22.8,29.806880648904745,False,10,0,5.0,小雨,1.15,0.45,1.23,25,4.8,1,0.76,91,85.5,22.3,天气影响(小雨); 无电梯高楼层; 新餐厅备餐波动
ORD001486,R048,Rider030,2024-01-03 10:12:00,10,False,False,39.919478904731534,116.44274797750803,39.87933014967234,116.39059456879409,39.911325137030445,116.40882541839402,10.19,6.31,3.88,日料,10.8,36.15578824125014,False,12,0,6.0,雾,1.25,0.25,1.13,22,3.9,0,0.94,1812,44.4,10.7,天气影响(雾); 无电梯高楼层
ORD001487,R026,Rider004,2024-01-07 11:30:00,11,True,True,39.93400696977115,116.38377843792442,39.960173235334345,116.42161498762735,39.8938632905673,116.45473929280564,12.24,4.35,7.89,快餐,17.8,25.95639632079045,True,11,1,2.7,晴天,1.0,0.67,1.34,9,4.7,0,0.8,260,59.1,10.3,交通拥堵; 写字楼电梯等待; 用餐高峰期
ORD001488,R010,Rider018,2024-01-01 23:50:00,23,False,False,39.868167913255576,116.36474791036969,39.89798502329687,116.38869567815044,39.88619738114083,116.43231399729389,7.85,3.89,3.95,烧烤,13.3,32.40206970521613,False,1,0,0.5,多云,1.0,0.39,1.19,9,3.7,1,0.79,43,22.5,0.0,新餐厅备餐波动
ORD001489,R002,Rider018,2024-01-05 15:16:00,15,False,False,39.94844951330788,116.38740340070922,39.95157638446523,116.43042304187458,39.88619738114083,116.43231399729389,10.95,3.69,7.26,日料,14.4,35.86932831150138,True,6,0,0.9,晴天,1.0,0.2,1.1,9,3.7,1,0.82,47,45.4,11.8,新餐厅备餐波动
ORD001490,R029,Rider004,2024-01-01 10:53:00,10,False,False,39.91922518476801,116.37947480385817,39.929703617463716,116.41923019854394,39.8938632905673,116.45473929280564,8.6,3.59,5.01,快餐,16.0,23.058398204622062,False,11,0,5.5,晴天,1.0,0.46,1.23,9,4.7,0,0.86,1639,44.0,0.1,无电梯高楼层
ORD001491,R032,Rider023,2024-01-02 09:07:00,9,False,False,39.97723433099582,116.41250251373476,39.923253376527065,116.37499397389878,39.93964254240985,116.40191688715832,9.73,6.8,2.93,中餐,8.4,20.538828704666575,True,30,1,5.4,晴天,1.0,0.94,1.47,33,4.7,0,0.81,589,62.1,19.8,交通拥堵; 写字楼电梯等待
ORD001492,R041,Rider004,2024-01-03 20:29:00,20,False,False,39.841515353375925,116.30488358319094,39.883799869976464,116.39949782465398,39.8938632905673,116.45473929280564,14.21,9.36,4.86,中餐,27.1,28.25264836574026,True,21,0,4.4,晴天,1.0,0.45,1.23,9,4.7,1,0.85,78,69.7,8.0,新餐厅备餐波动
ORD001493,R027,Rider008,2024-01-03 00:33:00,0,False,False,39.89220859886854,116.35408254163544,39.94449504636891,116.38536357050157,39.92497386056965,116.4687095565201,13.84,6.39,7.45,西餐,21.1,29.881195550276225,True,10,0,1.7,雾,1.25,0.23,1.12,25,4.8,0,0.82,787,62.2,11.6,天气影响(雾)
ORD001494,R034,Rider016,2024-01-04 15:58:00,15,False,False,39.93567105669076,116.45339647854418,39.86870203135637,116.42224986962574,39.917836887942364,116.40394345972673,13.57,7.9,5.68,日料,33.0,29.404443207716252,False,6,0,3.0,晴天,1.0,0.34,1.17,13,3.6,1,0.71,96,71.9,8.3,无电梯高楼层; 新餐厅备餐波动
ORD001495,R026,Rider020,2024-01-06 10:33:00,10,True,False,39.926605427742984,116.43353027541615,39.960173235334345,116.42161498762735,39.95521852994615,116.403737357574,5.49,3.86,1.62,快餐,9.4,17.627387857911845,False,14,1,7.0,多云,1.0,0.45,1.22,12,4.7,0,0.8,260,39.1,4.0,无电梯高楼层; 写字楼电梯等待
ORD001496,R027,Rider013,2024-01-04 20:25:00,20,False,False,39.90054182999021,116.40407803916068,39.94449504636891,116.38536357050157,39.92705390041307,116.44622095280053,10.69,5.14,5.55,西餐,22.2,30.43618410141079,False,20,0,10.0,晴天,1.0,0.43,1.22,13,4.9,0,0.82,787,72.2,19.0,无电梯高楼层
ORD001497,R027,Rider005,2024-01-02 17:23:00,17,False,True,39.84868400455673,116.36421173809862,39.94449504636891,116.38536357050157,39.846276626340114,116.35110144902494,22.08,10.79,11.29,西餐,24.0,21.734840020036916,False,2,0,1.0,多云,1.0,0.89,1.45,17,4.9,0,0.82,787,127.0,41.0,交通拥堵; 用餐高峰期
ORD001498,R045,Rider005,2024-01-04 09:53:00,9,False,False,39.93078801482596,116.43704414835442,39.93831052255901,116.42080670434322,39.846276626340114,116.35110144902494,13.45,1.62,11.83,日料,24.5,24.198593080868285,False,19,0,9.5,晴天,1.0,0.96,1.48,17,4.9,0,0.8,384,97.8,30.5,交通拥堵; 无电梯高楼层
ORD001499,R049,Rider015,2024-01-05 15:30:00,15,False,False,39.90821537605377,116.34554361424752,39.93551026936107,116.41426935614565,39.90125555536833,116.39611115244051,10.72,6.61,4.11,快餐,26.6,18.34489821633913,True,16,1,2.7,晴天,1.0,0.2,1.1,18,5.0,0,0.8,1818,68.8,4.4,写字楼电梯等待
ORD001500,R044,Rider018,2024-01-07 09:56:00,9,True,False,39.91196052930953,116.4149527735904,39.93937307347177,116.4233420003288,39.88619738114083,116.43231399729389,9.08,3.13,5.95,火锅,3.4,32.60046419389487,True,5,0,0.9,晴天,1.0,0.45,1.22,9,3.7,0,0.88,1668,23.6,2.6,无
ORD001501,R031,Rider021,2024-01-04 16:26:00,16,False,False,39.88339820926676,116.35294615195332,39.875714428644635,116.38949308005311,39.920748511998084,116.46108354017223,11.15,3.24,7.9,中餐,31.7,27.57098059053794,False,8,0,4.0,小雨,1.15,0.39,1.19,23,4.6,0,0.86,117,85.9,25.9,天气影响(小雨); 无电梯高楼层
ORD001502,R024,Rider005,2024-01-03 11:44:00,11,False,True,39.908884648638406,116.40448025590658,39.91199648382746,116.43085468615331,39.846276626340114,116.35110144902494,12.27,2.28,9.99,西餐,35.9,22.958794841896307,True,9,1,3.3,晴天,1.0,0.56,1.28,17,4.9,0,0.83,915,89.9,18.6,用餐高峰期
ORD001503,R007,Rider023,2024-01-07 17:16:00,17,True,True,39.839761330719426,116.35006967210356,39.926353997399865,116.4125410484357,39.93964254240985,116.40191688715832,12.73,11.0,1.73,火锅,41.2,23.098343435857018,True,5,0,0.8,小雨,1.15,0.69,1.34,33,4.7,1,0.71,49,115.9,40.8,天气影响(小雨); 交通拥堵; 用餐高峰期; 新餐厅备餐波动
ORD001504,R028,Rider021,2024-01-03 15:58:00,15,False,False,39.837911289616784,116.39626954532037,39.92038827604751,116.36245113087884,39.920748511998084,116.46108354017223,18.04,9.6,8.43,火锅,13.1,27.936010593392712,True,14,0,4.7,多云,1.0,0.34,1.17,23,4.6,0,0.86,1899,64.1,7.5,无
ORD001505,R037,Rider016,2024-01-04 19:39:00,19,False,True,39.86381678077048,116.40384129092244,39.892457945637545,116.42054067792265,39.917836887942364,116.40394345972673,6.64,3.49,3.16,火锅,35.6,24.893531659909062,True,6,0,1.8,小雨,1.15,0.8,1.4,13,3.6,0,0.91,1035,86.8,33.4,天气影响(小雨); 交通拥堵; 用餐高峰期
ORD001506,R036,Rider020,2024-01-02 20:48:00,20,False,False,40.031089872526636,116.45115727735808,39.91483258755359,116.35099062234642,39.95521852994615,116.403737357574,21.85,15.49,6.36,日料,17.7,19.474727404482305,False,22,1,11.0,晴天,1.0,0.32,1.16,12,4.7,0,0.94,1695,112.3,16.2,无电梯高楼层; 写字楼电梯等待
ORD001507,R031,Rider009,2024-01-07 15:04:00,15,True,False,39.853045513657214,116.39927365911936,39.875714428644635,116.38949308005311,39.91316369927242,116.40790369603127,7.1,2.65,4.45,中餐,37.7,22.78799928584919,False,5,0,2.5,小雨,1.15,0.26,1.13,35,4.5,0,0.86,117,73.3,14.4,天气影响(小雨)
ORD001508,R018,Rider030,2024-01-05 09:43:00,9,False,False,39.9391469423416,116.41257180876963,39.93680181069118,116.43754960642107,39.911325137030445,116.40882541839402,5.9,2.15,3.75,日料,14.9,27.22624441016874,True,22,0,2.6,晴天,1.0,1.0,1.5,22,3.9,1,0.74,11,39.1,8.5,交通拥堵; 新餐厅备餐波动
ORD001509,R032,Rider021,2024-01-06 23:35:00,23,True,False,39.865360889088805,116.363855601681,39.923253376527065,116.37499397389878,39.920748511998084,116.46108354017223,13.86,6.5,7.37,中餐,6.2,29.148946231996902,True,24,0,4.1,雾,1.25,0.02,1.01,23,4.6,0,0.81,589,45.6,6.7,天气影响(雾)
ORD001510,R006,Rider017,2024-01-01 17:58:00,17,False,True,39.970163394545494,116.44913303369526,39.897316486385044,116.41908046739768,39.9178982767203,116.48386118426038,14.48,8.49,5.99,中餐,41.6,24.856363396637583,False,21,0,10.5,多云,1.0,0.8,1.4,3,4.3,0,0.82,1513,127.4,40.4,交通拥堵; 无电梯高楼层; 用餐高峰期
ORD001511,R014,Rider018,2024-01-01 15:46:00,15,False,False,39.868051713489244,116.36421867509509,39.89783515734865,116.39459393617881,39.88619738114083,116.43231399729389,7.68,4.21,3.48,烧烤,39.2,35.69796510839806,False,16,1,8.0,多云,1.0,0.08,1.04,9,3.7,1,0.82,66,56.5,0.0,无电梯高楼层; 写字楼电梯等待; 新餐厅备餐波动
ORD001512,R046,Rider020,2024-01-04 03:34:00,3,False,False,39.862723418507436,116.4679233899398,39.90750898735901,116.3944992384245,39.95521852994615,116.403737357574,13.37,8.01,5.36,中餐,19.5,18.153452422162363,True,30,1,6.6,多云,1.0,0.23,1.12,12,4.7,0,0.9,704,72.5,2.2,写字楼电梯等待
ORD001513,R021,Rider024,2024-01-01 18:28:00,18,False,True,39.87571213895679,116.41143377333894,39.90504298390045,116.37148738809985,39.836064702425794,116.40517809204412,12.9,4.72,8.18,西餐,15.4,22.7795336218136,True,10,0,1.0,多云,1.0,0.75,1.37,5,5.0,0,0.95,863,68.3,17.9,交通拥堵; 用餐高峰期
ORD001514,R039,Rider022,2024-01-05 03:08:00,3,False,False,39.852903386342476,116.44755859355246,39.95763873231079,116.38707752996855,39.88685398692913,116.39370765445501,20.61,12.73,7.88,火锅,45.5,28.175056701271387,True,6,1,4.6,小雨,1.15,0.25,1.13,34,4.0,1,0.77,57,119.3,25.3,天气影响(小雨); 新餐厅备餐波动
ORD001515,R037,Rider014,2024-01-01 05:16:00,5,False,False,39.89968594693638,116.35132499051447,39.892457945637545,116.42054067792265,39.93387852066118,116.46646634501718,12.02,5.97,6.05,火锅,31.1,17.353696791497978,True,23,1,3.8,多云,1.0,0.23,1.11,10,4.9,0,0.91,1035,86.3,9.8,写字楼电梯等待
ORD001516,R010,Rider015,2024-01-03 15:34:00,15,False,False,39.911861350512076,116.32989755315835,39.89798502329687,116.38869567815044,39.90125555536833,116.39611115244051,5.99,5.26,0.73,烧烤,13.3,21.647156426134124,True,22,0,2.2,多云,1.0,0.34,1.17,18,5.0,1,0.79,43,43.6,11.5,新餐厅备餐波动
ORD001517,R008,Rider028,2024-01-04 15:44:00,15,False,False,39.907248929923725,116.39767605698468,39.91802448900446,116.40997770414891,39.8468364452307,116.39973868704347,9.55,1.59,7.95,火锅,26.4,22.779702723656598,True,4,0,3.3,晴天,1.0,0.34,1.17,14,4.0,0,0.81,1280,60.8,6.0,无
ORD001518,R027,Rider015,2024-01-05 17:22:00,17,False,True,39.897848478411056,116.38437297686197,39.94449504636891,116.38536357050157,39.90125555536833,116.39611115244051,10.07,5.18,4.89,西餐,27.4,20.723581585762165,True,27,1,4.6,小雨,1.15,0.68,1.34,18,5.0,0,0.82,787,86.1,25.0,天气影响(小雨); 交通拥堵; 写字楼电梯等待; 用餐高峰期
ORD001519,R038,Rider018,2024-01-03 16:50:00,16,False,False,39.86711730489584,116.39863816901556,39.93564059231985,116.38854290757573,39.88619738114083,116.43231399729389,14.3,7.66,6.64,中餐,11.0,35.39571133251685,True,11,0,1.1,雪,1.4,0.2,1.1,9,3.7,0,0.85,1469,54.5,18.1,天气影响(雪)
ORD001520,R043,Rider022,2024-01-06 10:44:00,10,True,False,39.94740420163778,116.38003071782906,39.94743819867199,116.36432413546461,39.88685398692913,116.39370765445501,8.52,1.34,7.18,日料,23.9,29.770267955972496,True,2,1,2.5,多云,1.0,0.45,1.22,34,4.0,0,0.95,1448,56.5,12.8,无
ORD001521,R043,Rider028,2024-01-04 06:00:00,6,False,False,39.933635259220615,116.45643959499695,39.94743819867199,116.36432413546461,39.8468364452307,116.39973868704347,19.59,8.02,11.57,日料,15.7,21.567362161191415,False,11,0,5.5,晴天,1.0,0.48,1.24,14,4.0,0,0.95,1448,107.3,31.6,无电梯高楼层
ORD001522,R040,Rider019,2024-01-01 20:48:00,20,False,False,39.88027254414324,116.3358641204547,39.91551888796381,116.45694052959438,39.93266459512356,116.36241431632648,19.37,11.07,8.3,西餐,23.2,19.25858842970117,True,30,1,5.5,晴天,1.0,0.32,1.16,28,3.9,0,0.85,1199,107.3,18.2,写字楼电梯等待
ORD001523,R042,Rider004,2024-01-04 22:36:00,22,False,False,39.95020031626947,116.44141260810197,39.865351725765606,116.4042464448576,39.8938632905673,116.45473929280564,15.3,9.94,5.36,火锅,35.7,27.20785386057117,True,27,0,3.7,多云,1.0,0.71,1.35,9,4.7,0,0.84,621,98.2,25.2,交通拥堵
ORD001524,R034,Rider021,2024-01-04 01:07:00,1,False,False,39.924179562117224,116.41730062410112,39.86870203135637,116.42224986962574,39.920748511998084,116.46108354017223,12.84,6.17,6.67,日料,33.0,33.5416042841067,True,12,1,1.9,晴天,1.0,0.1,1.05,23,4.6,1,0.71,96,61.1,3.3,写字楼电梯等待; 新餐厅备餐波动
ORD001525,R031,Rider009,2024-01-02 17:16:00,17,False,True,39.914254269257405,116.41857725132634,39.875714428644635,116.38949308005311,39.91316369927242,116.40790369603127,9.4,4.95,4.45,中餐,45.7,24.372603133847385,True,26,1,5.3,多云,1.0,0.89,1.45,35,4.5,0,0.86,117,103.4,29.3,交通拥堵; 写字楼电梯等待; 用餐高峰期
ORD001526,R003,Rider015,2024-01-02 21:19:00,21,False,False,39.95032099157187,116.42508549198608,39.90486665479836,116.3945662125919,39.90125555536833,116.39611115244051,6.1,5.68,0.42,烧烤,27.6,19.890760887461756,True,28,0,2.8,小雨,1.15,0.57,1.29,18,5.0,0,0.76,799,73.9,25.1,天气影响(小雨)
ORD001527,R011,Rider004,2024-01-03 16:32:00,16,False,False,39.84642469408206,116.43117883702693,39.85697534139168,116.42653858829674,39.8938632905673,116.45473929280564,5.99,1.24,4.75,快餐,13.0,24.61347466914858,True,30,0,4.4,雪,1.4,0.2,1.1,9,4.7,0,0.84,1585,43.9,11.9,天气影响(雪)
ORD001528,R041,Rider011,2024-01-06 11:02:00,11,True,True,39.96984868334405,116.39510290302175,39.883799869976464,116.39949782465398,39.99179211732871,116.37506806858579,21.73,9.56,12.17,中餐,27.1,28.520888035616924,False,10,0,5.0,雪,1.4,0.94,1.47,28,4.5,1,0.85,78,169.3,91.5,天气影响(雪); 交通拥堵; 无电梯高楼层; 用餐高峰期; 新餐厅备餐波动
ORD001529,R036,Rider004,2024-01-04 15:41:00,15,False,False,39.906860208102124,116.4854012531303,39.91483258755359,116.35099062234642,39.8938632905673,116.45473929280564,20.7,11.53,9.17,日料,20.8,27.943510646556494,False,28,0,14.0,晴天,1.0,0.34,1.17,9,4.7,0,0.94,1695,94.0,14.7,无电梯高楼层
ORD001530,R027,Rider008,2024-01-02 19:39:00,19,False,True,40.01088476375105,116.33974419628323,39.94449504636891,116.38536357050157,39.92497386056965,116.4687095565201,15.78,8.34,7.45,西餐,25.6,34.55513430317071,False,25,0,12.5,小雨,1.15,0.98,1.49,25,4.8,0,0.82,787,104.1,38.7,天气影响(小雨); 交通拥堵; 无电梯高楼层; 用餐高峰期
ORD001531,R018,Rider010,2024-01-02 23:30:00,23,False,False,39.940937140280255,116.36754448753577,39.93680181069118,116.43754960642107,39.876127462298896,116.36871555781596,14.95,6.0,8.95,日料,14.9,16.48051548412757,True,18,0,2.0,晴天,1.0,0.44,1.22,3,4.9,1,0.74,11,88.8,17.4,新餐厅备餐波动
ORD001532,R035,Rider028,2024-01-01 07:27:00,7,False,False,39.93067702829599,116.4573917353126,39.868196047868096,116.44344141332652,39.8468364452307,116.39973868704347,11.47,7.04,4.43,快餐,40.4,20.683373833261836,True,20,0,2.9,晴天,1.0,0.75,1.37,14,4.0,1,0.83,67,108.4,31.9,交通拥堵; 新餐厅备餐波动
ORD001533,R009,Rider008,2024-01-02 19:42:00,19,False,True,39.836845901314334,116.43184256642459,39.84792969683381,116.3663965358334,39.92497386056965,116.4687095565201,17.97,5.74,12.24,西餐,30.9,31.119142780999454,True,21,0,2.9,小雨,1.15,0.98,1.49,25,4.8,0,0.75,1622,119.6,51.2,天气影响(小雨); 交通拥堵; 用餐高峰期
ORD001534,R020,Rider016,2024-01-01 20:32:00,20,False,False,39.84612707923043,116.38851430020581,39.927930958411295,116.38011837635615,39.917836887942364,116.40394345972673,11.44,9.11,2.32,西餐,31.4,28.48111042109323,True,17,0,4.4,晴天,1.0,0.32,1.16,13,3.6,0,0.9,297,74.0,14.1,无
ORD001535,R024,Rider007,2024-01-07 17:11:00,17,True,True,39.87788803660686,116.48480842545752,39.91199648382746,116.43085468615331,39.8812319420477,116.34772102698165,13.86,5.97,7.89,西餐,32.4,31.469177538532517,True,25,0,2.6,小雨,1.15,0.69,1.34,20,3.7,0,0.83,915,98.8,37.5,天气影响(小雨); 交通拥堵; 用餐高峰期
ORD001536,R001,Rider001,2024-01-01 09:55:00,9,False,False,39.893098732260384,116.42531174756002,39.91910142459034,116.40325207096485,39.91716665409954,116.40219427782529,3.68,3.45,0.23,西餐,27.6,22.426099395329565,False,25,0,12.5,晴天,1.0,0.94,1.47,19,4.2,0,0.89,1738,73.4,23.4,交通拥堵; 无电梯高楼层
ORD001537,R028,Rider008,2024-01-03 16:21:00,16,False,False,39.913657730976546,116.43556057219851,39.92038827604751,116.36245113087884,39.92497386056965,116.4687095565201,15.39,6.3,9.1,火锅,13.6,34.93494792031607,True,3,1,1.3,雪,1.4,0.2,1.1,25,4.8,0,0.86,1899,58.9,17.5,天气影响(雪)
ORD001538,R018,Rider001,2024-01-06 19:17:00,19,True,True,39.87171776468164,116.45527846964612,39.93680181069118,116.43754960642107,39.91716665409954,116.40219427782529,11.11,7.38,3.73,日料,14.9,25.00780887190025,False,11,1,5.5,晴天,1.0,0.72,1.36,19,4.2,1,0.74,11,56.5,9.4,交通拥堵; 无电梯高楼层; 写字楼电梯等待; 用餐高峰期; 新餐厅备餐波动
ORD001539,R031,Rider002,2024-01-03 12:37:00,12,False,True,39.85014835854244,116.38288630061862,39.875714428644635,116.38949308005311,39.94914167126766,116.49312820752455,14.94,2.89,12.04,中餐,47.3,22.43685595624352,True,22,0,2.4,多云,1.0,0.64,1.32,23,4.7,0,0.86,117,113.6,24.1,交通拥堵; 用餐高峰期
ORD001540,R048,Rider009,2024-01-06 20:12:00,20,True,False,39.94167334511903,116.37283118902837,39.87933014967234,116.39059456879409,39.91316369927242,116.40790369603127,11.12,7.09,4.04,日料,10.9,19.690354364793976,False,29,0,14.5,多云,1.0,0.35,1.18,35,4.5,0,0.94,1812,77.2,18.0,无电梯高楼层
ORD001541,R029,Rider020,2024-01-07 18:42:00,18,True,True,39.871990621285576,116.4231158114458,39.929703617463716,116.41923019854394,39.95521852994615,116.403737357574,9.54,6.42,3.13,快餐,18.9,22.922825823096765,True,18,0,2.5,晴天,1.0,0.57,1.28,12,4.7,0,0.86,1639,62.1,15.6,用餐高峰期
ORD001542,R044,Rider015,2024-01-07 12:15:00,12,True,True,39.81159767966617,116.4684254518735,39.93937307347177,116.4233420003288,39.90125555536833,116.39611115244051,19.53,14.7,4.83,火锅,14.6,16.254514296238348,True,19,1,4.1,大雨,1.35,0.9,1.45,18,5.0,0,0.88,1668,175.5,84.7,天气影响(大雨); 交通拥堵; 写字楼电梯等待; 用餐高峰期
ORD001543,R022,Rider015,2024-01-06 15:56:00,15,True,False,39.94459041398085,116.49379058426135,39.92367260197888,116.37071379389974,39.90125555536833,116.39611115244051,14.08,10.77,3.3,快餐,22.8,20.827959046514103,False,3,0,1.5,晴天,1.0,0.33,1.16,18,5.0,1,0.76,91,71.3,6.4,新餐厅备餐波动
ORD001544,R005,Rider010,2024-01-03 12:34:00,12,False,True,39.96121114031958,116.45644346100629,39.88619238449682,116.4358231946314,39.876127462298896,116.36871555781596,14.36,8.51,5.85,火锅,28.1,19.720471614639283,False,2,0,1.0,多云,1.0,0.64,1.32,3,4.9,1,0.77,80,97.3,24.5,交通拥堵; 用餐高峰期; 新餐厅备餐波动
ORD001545,R038,Rider014,2024-01-05 22:49:00,22,False,False,39.923331026653834,116.46826946583741,39.93564059231985,116.38854290757573,39.93387852066118,116.46646634501718,13.61,6.95,6.66,中餐,14.3,20.974807465021033,True,10,0,1.3,雪,1.4,0.38,1.19,10,4.9,0,0.85,1469,97.5,42.9,天气影响(雪)
ORD001546,R046,Rider021,2024-01-03 17:28:00,17,False,True,39.86580424119418,116.40006052553001,39.90750898735901,116.3944992384245,39.920748511998084,116.46108354017223,10.53,4.65,5.88,中餐,24.0,30.680393272364373,False,5,1,2.5,多云,1.0,0.85,1.42,23,4.6,0,0.9,704,66.5,19.5,交通拥堵; 用餐高峰期
ORD001547,R005,Rider003,2024-01-02 09:09:00,9,False,False,39.89861594338334,116.38431770353618,39.88619238449682,116.4358231946314,39.97674666303516,116.42358331580469,14.72,4.62,10.11,火锅,28.1,35.01163750464437,False,10,1,5.0,晴天,1.0,0.94,1.47,12,4.5,1,0.77,80,92.8,34.5,交通拥堵; 无电梯高楼层; 新餐厅备餐波动
ORD001548,R014,Rider010,2024-01-05 21:44:00,21,False,False,39.85220112614586,116.39890838849452,39.89783515734865,116.39459393617881,39.876127462298896,116.36871555781596,8.35,5.08,3.27,烧烤,39.2,21.171514958010242,True,20,1,3.0,晴天,1.0,0.66,1.33,3,4.9,1,0.82,66,88.6,22.6,交通拥堵; 写字楼电梯等待; 新餐厅备餐波动
ORD001549,R026,Rider011,2024-01-07 23:27:00,23,True,False,39.984402761877966,116.42312804191008,39.960173235334345,116.42161498762735,39.99179211732871,116.37506806858579,8.0,2.69,5.3,快餐,15.1,22.27657016688618,True,23,0,3.2,雾,1.25,0.34,1.17,28,4.5,0,0.8,260,63.5,23.7,天气影响(雾)
ORD001550,R045,Rider021,2024-01-04 19:16:00,19,False,True,39.887689095771144,116.39297233385761,39.93831052255901,116.42080670434322,39.920748511998084,116.46108354017223,10.06,6.1,3.96,日料,28.5,33.91326983119483,False,24,0,12.0,小雨,1.15,0.8,1.4,23,4.6,0,0.8,384,92.7,34.5,天气影响(小雨); 交通拥堵; 无电梯高楼层; 用餐高峰期
ORD001551,R001,Rider030,2024-01-04 11:32:00,11,False,True,39.895380461784704,116.34871660821159,39.91910142459034,116.40325207096485,39.911325137030445,116.40882541839402,6.34,5.36,0.99,西餐,30.3,30.468625488788987,True,7,0,0.8,晴天,1.0,0.89,1.45,22,3.9,0,0.89,1738,70.1,26.5,交通拥堵; 用餐高峰期
ORD001552,R004,Rider023,2024-01-01 09:13:00,9,False,False,39.978590924387085,116.3653471727584,39.90622584614064,116.3646575544136,39.93964254240985,116.40191688715832,12.93,8.04,4.89,火锅,15.4,20.937789293070438,True,15,1,3.1,晴天,1.0,0.94,1.47,33,4.7,0,0.76,1942,80.5,24.9,交通拥堵; 写字楼电梯等待
ORD001553,R008,Rider002,2024-01-06 10:08:00,10,True,False,39.886720794640375,116.44379463490039,39.91802448900446,116.40997770414891,39.94914167126766,116.49312820752455,12.42,4.52,7.9,火锅,21.5,22.65745965977085,True,28,0,5.0,多云,1.0,0.45,1.22,23,4.7,0,0.81,1280,72.8,13.4,无
ORD001554,R039,Rider010,2024-01-04 18:50:00,18,False,True,39.81382033822642,116.41819680378893,39.95763873231079,116.38707752996855,39.876127462298896,116.36871555781596,25.37,16.19,9.19,火锅,45.5,21.82382494497631,False,17,0,8.5,晴天,1.0,0.95,1.48,3,4.9,1,0.77,57,185.8,62.1,交通拥堵; 无电梯高楼层; 用餐高峰期; 新餐厅备餐波动
ORD001555,R023,Rider026,2024-01-04 12:17:00,12,False,True,39.89344820712409,116.42769481302392,39.89349764922696,116.42408365395602,39.86014992380612,116.42690693099692,4.02,0.31,3.71,日料,33.1,28.95344151277623,True,28,0,2.9,晴天,1.0,0.81,1.4,25,4.8,0,0.94,1116,52.9,8.6,交通拥堵; 用餐高峰期
ORD001556,R048,Rider022,2024-01-06 07:07:00,7,True,False,39.867887290459315,116.45715001299868,39.87933014967234,116.39059456879409,39.88685398692913,116.39370765445501,6.71,5.83,0.88,日料,7.3,31.915245562595917,True,15,0,1.7,晴天,1.0,0.49,1.24,34,4.0,0,0.94,1812,28.6,7.0,无
ORD001557,R025,Rider025,2024-01-06 16:44:00,16,True,False,39.91379868581228,116.3748958843959,39.92272922536534,116.4439121239094,39.85202121997981,116.4341869019532,13.88,5.98,7.89,烧烤,15.6,18.818631617808176,False,18,0,9.0,多云,1.0,0.24,1.12,23,3.7,1,0.83,93,82.6,13.7,无电梯高楼层; 新餐厅备餐波动
ORD001558,R025,Rider030,2024-01-06 09:37:00,9,True,False,39.86516187573147,116.48649922582436,39.92272922536534,116.4439121239094,39.911325137030445,116.40882541839402,10.61,7.36,3.26,烧烤,15.6,29.95454275897277,True,29,0,3.2,晴天,1.0,0.24,1.12,22,3.9,1,0.83,93,30.8,0.0,新餐厅备餐波动
ORD001559,R025,Rider028,2024-01-02 07:38:00,7,False,False,39.82064954584443,116.34273370010074,39.92272922536534,116.4439121239094,39.8468364452307,116.39973868704347,23.5,14.26,9.23,烧烤,15.6,18.133492261319066,True,24,0,3.7,大雨,1.35,0.92,1.46,14,4.0,1,0.83,93,200.8,103.8,天气影响(大雨); 交通拥堵; 新餐厅备餐波动
ORD001560,R039,Rider013,2024-01-07 07:19:00,7,True,False,39.891684170301275,116.35783549960878,39.95763873231079,116.38707752996855,39.92705390041307,116.44622095280053,13.83,7.74,6.09,火锅,45.5,27.515961748246987,True,16,0,1.9,晴天,1.0,0.43,1.22,13,4.9,1,0.77,57,91.1,13.6,新餐厅备餐波动
ORD001561,R003,Rider029,2024-01-05 15:00:00,15,False,False,39.9655199048245,116.47258071537172,39.90486665479836,116.3945662125919,39.9827701186798,116.39951113316586,18.14,9.48,8.66,烧烤,24.0,27.812999970050306,False,19,0,9.5,晴天,1.0,0.2,1.1,30,3.7,0,0.76,799,76.9,4.2,无电梯高楼层
ORD001562,R044,Rider028,2024-01-02 15:47:00,15,False,False,39.89082043894291,116.38005939803674,39.93937307347177,116.4233420003288,39.8468364452307,116.39973868704347,17.01,6.54,10.47,火锅,10.8,19.466499694316408,True,27,1,5.8,小雨,1.15,0.35,1.17,14,4.0,0,0.88,1668,89.7,20.7,天气影响(小雨); 写字楼电梯等待
ORD001563,R011,Rider020,2024-01-02 09:18:00,9,False,False,39.874040812356675,116.50327107548621,39.85697534139168,116.42653858829674,39.95521852994615,116.403737357574,17.91,6.83,11.08,快餐,12.1,16.995466987177505,True,20,1,5.6,晴天,1.0,0.94,1.47,12,4.7,0,0.84,1585,114.0,33.1,交通拥堵; 写字楼电梯等待
ORD001564,R041,Rider008,2024-01-06 18:44:00,18,True,True,39.86223448523861,116.375873812103,39.883799869976464,116.39949782465398,39.92497386056965,116.4687095565201,10.61,3.13,7.48,中餐,27.1,31.242220790031702,False,17,1,8.5,多云,1.0,0.6,1.3,25,4.8,1,0.85,78,67.5,11.6,无电梯高楼层; 写字楼电梯等待; 用餐高峰期; 新餐厅备餐波动
ORD001565,R050,Rider015,2024-01-06 13:55:00,13,True,True,39.90283862439576,116.4297012864901,39.9045643952722,116.43532802251922,39.90125555536833,116.39611115244051,3.89,0.52,3.37,快餐,37.2,20.12735022210034,True,4,0,1.0,晴天,1.0,0.84,1.42,18,5.0,0,0.82,798,75.8,26.0,交通拥堵; 用餐高峰期
ORD001566,R034,Rider001,2024-01-06 23:45:00,23,True,False,39.91741744109887,116.40573409158758,39.86870203135637,116.42224986962574,39.91716665409954,116.40219427782529,11.24,5.59,5.65,日料,33.0,19.80136701879785,True,25,0,4.7,雾,1.25,0.02,1.01,19,4.2,1,0.71,96,92.1,20.3,天气影响(雾); 新餐厅备餐波动
ORD001567,R037,Rider015,2024-01-05 18:48:00,18,False,True,39.90129274330859,116.37011175885245,39.892457945637545,116.42054067792265,39.90125555536833,116.39611115244051,6.73,4.42,2.31,火锅,36.5,16.476224902532415,False,23,0,11.5,小雨,1.15,0.89,1.44,18,5.0,0,0.91,1035,122.2,49.6,天气影响(小雨); 交通拥堵; 无电梯高楼层; 用餐高峰期
ORD001568,R023,Rider020,2024-01-07 10:15:00,10,True,False,39.87668492759232,116.37884284519423,39.89349764922696,116.42408365395602,39.95521852994615,116.403737357574,11.37,4.3,7.07,日料,33.4,22.183303597059233,False,16,1,8.0,多云,1.0,0.31,1.15,12,4.7,0,0.94,1116,81.2,9.1,无电梯高楼层; 写字楼电梯等待
ORD001569,R047,Rider016,2024-01-03 16:56:00,16,False,False,39.88990144781596,116.40594473219302,39.88553288505282,116.39673534077251,39.917836887942364,116.40394345972673,4.56,0.93,3.64,日料,33.0,26.26896329104561,False,16,0,8.0,雪,1.4,0.2,1.1,13,3.6,0,0.89,512,73.0,21.6,天气影响(雪); 无电梯高楼层
ORD001570,R048,Rider015,2024-01-03 10:26:00,10,False,False,40.04404765474793,116.48611209915524,39.87933014967234,116.39059456879409,39.90125555536833,116.39611115244051,22.51,20.03,2.48,日料,14.0,17.30087915182532,True,5,0,3.4,雾,1.25,0.25,1.13,18,5.0,0,0.94,1812,128.5,33.0,天气影响(雾)
ORD001571,R046,Rider028,2024-01-04 06:41:00,6,False,False,39.9143035339069,116.45050834989168,39.90750898735901,116.3944992384245,39.8468364452307,116.39973868704347,11.6,4.85,6.75,中餐,15.9,22.039193113935596,False,9,0,4.5,晴天,1.0,0.48,1.24,14,4.0,0,0.9,704,68.7,16.7,无电梯高楼层
ORD001572,R045,Rider021,2024-01-07 10:49:00,10,True,False,39.910029119243276,116.3977021811178,39.93831052255901,116.42080670434322,39.920748511998084,116.46108354017223,7.67,3.71,3.96,日料,21.4,34.16059094450647,True,15,0,2.0,多云,1.0,0.31,1.15,23,4.6,0,0.8,384,42.8,5.9,无
ORD001573,R008,Rider020,2024-01-02 15:26:00,15,False,False,39.88410703993212,116.3966347201385,39.91802448900446,116.40997770414891,39.95521852994615,116.403737357574,8.1,3.94,4.16,火锅,25.8,20.8245825546351,True,9,0,1.2,小雨,1.15,0.35,1.17,12,4.7,0,0.81,1280,67.6,17.3,天气影响(小雨)
ORD001574,R021,Rider023,2024-01-03 16:35:00,16,False,False,39.89890533951841,116.40556886567107,39.90504298390045,116.37148738809985,39.93964254240985,116.40191688715832,7.63,2.99,4.64,西餐,13.2,23.259141013432064,True,2,0,0.8,雪,1.4,0.2,1.1,33,4.7,0,0.95,863,44.9,11.2,天气影响(雪)
ORD001575,R041,Rider006,2024-01-06 14:56:00,14,True,False,39.915731259542426,116.46401512142137,39.883799869976464,116.39949782465398,39.8754622311499,116.39886211393153,7.49,6.56,0.93,中餐,27.1,27.56140606734043,False,24,1,12.0,晴天,1.0,0.35,1.17,27,3.9,1,0.85,78,71.6,16.2,无电梯高楼层; 写字楼电梯等待; 新餐厅备餐波动
ORD001576,R006,Rider013,2024-01-01 09:15:00,9,False,False,39.92342157333873,116.35601441748425,39.897316486385044,116.41908046739768,39.92705390041307,116.44622095280053,10.16,6.12,4.04,中餐,32.8,32.57211396867243,True,12,0,2.5,晴天,1.0,0.94,1.47,13,4.9,0,0.82,1513,78.7,24.6,交通拥堵
ORD001577,R033,Rider004,2024-01-04 18:16:00,18,False,True,39.882270723471606,116.38253779475933,39.91675918407518,116.3855546225191,39.8938632905673,116.45473929280564,10.28,3.84,6.44,中餐,15.1,25.683615284696934,False,6,0,3.0,晴天,1.0,0.95,1.48,9,4.7,0,0.82,637,50.6,8.5,交通拥堵; 无电梯高楼层; 用餐高峰期
ORD001578,R022,Rider004,2024-01-03 20:14:00,20,False,False,39.80004483684396,116.36496437304064,39.92367260197888,116.37071379389974,39.8938632905673,116.45473929280564,21.65,13.74,7.91,快餐,22.8,24.559764675688932,True,3,0,1.2,晴天,1.0,0.45,1.23,9,4.7,1,0.76,91,95.1,18.2,新餐厅备餐波动
ORD001579,R035,Rider011,2024-01-02 14:06:00,14,False,False,39.93695019039838,116.41255229639638,39.868196047868096,116.44344141332652,39.99179211732871,116.37506806858579,22.99,8.08,14.92,快餐,40.4,23.365165381759653,True,15,0,2.6,多云,1.0,0.33,1.17,28,4.5,1,0.83,67,121.4,19.4,新餐厅备餐波动
ORD001580,R049,Rider027,2024-01-03 22:11:00,22,False,False,39.89895987545449,116.43558125801572,39.93551026936107,116.41426935614565,39.886332661172375,116.38837314608125,10.34,4.45,5.89,快餐,21.0,17.903052425708957,True,24,0,3.9,多云,1.0,0.48,1.24,21,3.8,0,0.8,1818,79.0,19.4,无
ORD001581,R026,Rider019,2024-01-05 23:02:00,23,False,False,39.92122551016149,116.40846834798539,39.960173235334345,116.42161498762735,39.93266459512356,116.36241431632648,10.38,4.47,5.91,快餐,10.4,19.377583422113865,True,26,0,3.2,多云,1.0,0.15,1.08,28,3.9,0,0.8,260,51.1,5.4,无
ORD001582,R027,Rider021,2024-01-06 04:36:00,4,True,False,39.886534873782495,116.41570103536186,39.94449504636891,116.38536357050157,39.920748511998084,116.46108354017223,13.93,6.94,6.99,西餐,23.6,33.04277510589593,True,11,1,4.3,小雨,1.15,0.41,1.2,23,4.6,0,0.82,787,80.4,27.2,天气影响(小雨); 写字楼电梯等待
ORD001583,R005,Rider027,2024-01-07 19:02:00,19,True,True,39.85102353845719,116.44981859080923,39.88619238449682,116.4358231946314,39.886332661172375,116.38837314608125,8.14,4.08,4.06,火锅,28.1,23.351037634376624,True,17,0,1.9,雪,1.4,0.57,1.28,21,3.8,1,0.77,80,85.1,34.2,天气影响(雪); 用餐高峰期; 新餐厅备餐波动
ORD001584,R001,Rider001,2024-01-06 08:49:00,8,True,False,39.96720552577091,116.40574318930447,39.91910142459034,116.40325207096485,39.91716665409954,116.40219427782529,5.58,5.35,0.23,西餐,26.9,18.658782904556357,False,22,1,11.0,小雨,1.15,0.47,1.23,19,4.2,0,0.89,1738,75.1,19.2,天气影响(小雨); 无电梯高楼层; 写字楼电梯等待
ORD001585,R016,Rider009,2024-01-05 10:51:00,10,False,False,39.89150935578627,116.41730182676145,39.91308360831194,116.4152316581654,39.91316369927242,116.40790369603127,3.03,2.4,0.63,西餐,13.4,20.550830665291507,True,8,0,2.3,小雨,1.15,0.47,1.24,35,4.5,1,0.76,46,40.2,15.6,天气影响(小雨); 新餐厅备餐波动
ORD001586,R012,Rider009,2024-01-03 14:04:00,14,False,False,39.93044660026529,116.38772295888332,39.9031252188267,116.45433930967441,39.91316369927242,116.40790369603127,10.58,6.45,4.12,西餐,25.1,20.870711980382882,True,23,0,3.4,晴天,1.0,0.38,1.19,35,4.5,0,0.85,1677,71.1,12.2,无
ORD001587,R013,Rider025,2024-01-03 06:21:00,6,False,False,39.909064432812315,116.40717925688453,39.98320584661837,116.37664727333566,39.85202121997981,116.4341869019532,24.01,8.64,15.37,西餐,21.5,23.831143952273532,True,17,0,2.5,雾,1.25,0.38,1.19,23,3.7,0,0.78,330,121.7,37.2,天气影响(雾)
ORD001588,R009,Rider010,2024-01-05 18:36:00,18,False,True,39.86625961701855,116.3739820311035,39.84792969683381,116.3663965358334,39.876127462298896,116.36871555781596,5.27,2.14,3.14,西餐,37.3,18.318360230428816,True,8,0,1.6,小雨,1.15,0.89,1.44,3,4.9,0,0.75,1622,94.1,37.9,天气影响(小雨); 交通拥堵; 用餐高峰期
ORD001589,R008,Rider011,2024-01-07 15:36:00,15,True,False,40.03010402381656,116.39324937173109,39.91802448900446,116.40997770414891,39.99179211732871,116.37506806858579,21.24,12.53,8.72,火锅,19.3,26.498845141853064,False,14,1,7.0,小雨,1.15,0.26,1.13,28,4.5,0,0.81,1280,87.3,12.9,天气影响(小雨); 无电梯高楼层; 写字楼电梯等待
ORD001590,R023,Rider020,2024-01-03 19:02:00,19,False,True,39.943785269249844,116.4884812230088,39.89349764922696,116.42408365395602,39.95521852994615,116.403737357574,14.91,7.84,7.07,日料,38.0,22.91859792249567,True,19,0,2.1,晴天,1.0,0.73,1.37,12,4.7,0,0.94,1116,102.7,23.5,交通拥堵; 用餐高峰期
ORD001591,R003,Rider019,2024-01-04 18:09:00,18,False,True,39.883858464254246,116.39833990194742,39.90486665479836,116.3945662125919,39.93266459512356,116.36241431632648,6.49,2.35,4.13,烧烤,37.1,20.551252250741644,True,26,0,2.8,晴天,1.0,0.95,1.48,28,3.9,0,0.76,799,88.5,29.7,交通拥堵; 用餐高峰期
ORD001592,R031,Rider024,2024-01-05 16:31:00,16,False,False,39.90810893334305,116.41266568106269,39.875714428644635,116.38949308005311,39.836064702425794,116.40517809204412,8.71,4.11,4.6,中餐,32.9,23.96085994224393,True,17,0,3.1,多云,1.0,0.27,1.14,5,5.0,0,0.86,117,72.6,14.8,无
ORD001593,R012,Rider029,2024-01-02 08:27:00,8,False,False,39.83947978283131,116.4204796957584,39.9031252188267,116.45433930967441,39.9827701186798,116.39951113316586,17.65,7.64,10.01,西餐,19.5,24.524856451972536,True,5,0,0.9,晴天,1.0,0.88,1.44,30,3.7,0,0.85,1677,87.8,24.2,交通拥堵
ORD001594,R050,Rider030,2024-01-02 18:45:00,18,False,True,39.9292258678737,116.42417977422993,39.9045643952722,116.43532802251922,39.911325137030445,116.40882541839402,5.29,2.9,2.39,快餐,41.2,32.92323890934868,True,1,1,0.6,小雨,1.15,0.91,1.46,22,3.9,0,0.82,798,90.4,38.9,天气影响(小雨); 交通拥堵; 用餐高峰期
ORD001595,R050,Rider022,2024-01-07 09:02:00,9,True,False,39.93367284556768,116.4650483376553,39.9045643952722,116.43532802251922,39.88685398692913,116.39370765445501,8.18,4.11,4.07,快餐,26.4,24.882525968427583,False,11,0,5.5,晴天,1.0,0.45,1.22,34,4.0,0,0.82,798,68.6,16.9,无电梯高楼层
ORD001596,R028,Rider004,2024-01-04 16:46:00,16,False,False,39.87450105884702,116.45109700699084,39.92038827604751,116.36245113087884,39.8938632905673,116.45473929280564,17.56,9.13,8.42,火锅,7.3,26.772559625919488,True,17,1,4.6,小雨,1.15,0.39,1.19,9,4.7,0,0.86,1899,74.0,22.8,天气影响(小雨); 写字楼电梯等待
ORD001597,R003,Rider007,2024-01-05 16:36:00,16,False,False,39.88657749381199,116.4583914401837,39.90486665479836,116.3945662125919,39.8812319420477,116.34772102698165,10.61,5.82,4.79,烧烤,24.8,29.156682498527296,True,1,0,0.1,多云,1.0,0.27,1.14,20,3.7,0,0.76,799,68.4,21.7,无
ORD001598,R027,Rider015,2024-01-02 15:03:00,15,False,False,39.88630868118249,116.45977279905901,39.94449504636891,116.38536357050157,39.90125555536833,116.39611115244051,13.96,9.07,4.89,西餐,32.0,18.92537585694796,True,2,0,1.5,小雨,1.15,0.35,1.17,18,5.0,0,0.82,787,103.1,25.4,天气影响(小雨)
ORD001599,R002,Rider003,2024-01-02 09:35:00,9,False,False,39.91734845134939,116.4124996612248,39.95157638446523,116.43042304187458,39.97674666303516,116.42358331580469,6.95,4.1,2.86,日料,14.4,34.355669798111634,True,3,0,2.2,晴天,1.0,0.94,1.47,12,4.5,1,0.82,47,29.7,1.0,交通拥堵; 新餐厅备餐波动
ORD001600,R013,Rider025,2024-01-03 09:38:00,9,False,False,39.888830168420704,116.41922032141693,39.98320584661837,116.37664727333566,39.85202121997981,116.4341869019532,26.47,11.09,15.37,西餐,19.5,20.60247636314481,True,14,0,2.5,晴天,1.0,0.71,1.36,23,3.7,0,0.78,330,132.9,33.8,交通拥堵
ORD001601,R026,Rider027,2024-01-03 09:42:00,9,False,False,39.910318282555735,116.42099366855929,39.960173235334345,116.42161498762735,39.886332661172375,116.38837314608125,14.21,5.54,8.68,快餐,9.8,21.973388726831875,True,21,1,4.4,晴天,1.0,0.71,1.36,21,3.8,0,0.8,260,72.8,19.7,交通拥堵; 写字楼电梯等待
ORD001602,R037,Rider029,2024-01-06 20:09:00,20,True,False,39.93582371170812,116.37404771260009,39.892457945637545,116.42054067792265,39.9827701186798,116.39951113316586,16.43,6.24,10.19,火锅,30.5,23.425442813211603,True,13,0,2.5,多云,1.0,0.35,1.18,30,3.7,0,0.91,1035,84.8,9.7,无
ORD001603,R042,Rider006,2024-01-04 15:53:00,15,False,False,39.88167049368144,116.42112269141563,39.865351725765606,116.4042464448576,39.8754622311499,116.39886211393153,3.53,2.32,1.21,火锅,36.7,29.883092224332355,True,1,0,1.6,晴天,1.0,0.34,1.17,27,3.9,0,0.84,621,46.3,1.0,无
ORD001604,R017,Rider024,2024-01-01 19:29:00,19,False,True,39.93339062492773,116.39016061417831,39.899361428650025,116.41952152570443,39.836064702425794,116.40517809204412,11.67,4.54,7.13,中餐,29.9,22.604669662853087,True,10,0,1.7,多云,1.0,0.92,1.46,5,5.0,0,0.91,1236,89.0,26.4,交通拥堵; 用餐高峰期
ORD001605,R035,Rider005,2024-01-01 17:34:00,17,False,True,39.87351949361745,116.42170047632843,39.868196047868096,116.44344141332652,39.846276626340114,116.35110144902494,10.22,1.95,8.27,快餐,40.4,18.432543111887018,True,12,1,1.8,多云,1.0,0.8,1.4,17,4.9,1,0.83,67,101.1,25.6,交通拥堵; 写字楼电梯等待; 用餐高峰期; 新餐厅备餐波动
ORD001606,R050,Rider006,2024-01-06 06:44:00,6,True,False,39.971507645891904,116.42260067151757,39.9045643952722,116.43532802251922,39.8754622311499,116.39886211393153,12.0,7.51,4.49,快餐,26.7,32.22413133457838,True,10,0,1.4,晴天,1.0,0.28,1.14,27,3.9,0,0.82,798,54.5,4.0,无
ORD001607,R002,Rider027,2024-01-02 01:18:00,1,False,False,39.8234527907137,116.39682194490454,39.95157638446523,116.43042304187458,39.886332661172375,116.38837314608125,22.6,14.51,8.09,日料,14.4,20.601734072092913,False,8,0,4.0,雾,1.25,0.29,1.15,21,3.8,1,0.82,47,119.1,34.9,天气影响(雾); 无电梯高楼层; 新餐厅备餐波动
ORD001608,R046,Rider016,2024-01-03 01:22:00,1,False,False,39.85673442135429,116.42032040868737,39.90750898735901,116.3944992384245,39.917836887942364,116.40394345972673,7.46,6.05,1.4,中餐,21.0,25.09273817425075,False,20,1,10.0,多云,1.0,0.48,1.24,13,3.6,0,0.9,704,57.1,8.2,无电梯高楼层; 写字楼电梯等待
ORD001609,R014,Rider011,2024-01-02 23:56:00,23,False,False,39.94650968285935,116.38314372753311,39.89783515734865,116.39459393617881,39.99179211732871,116.37506806858579,16.06,5.49,10.56,烧烤,39.2,28.448585451451272,False,29,1,14.5,晴天,1.0,0.44,1.22,28,4.5,1,0.82,66,97.8,10.2,无电梯高楼层; 写字楼电梯等待; 新餐厅备餐波动
ORD001610,R011,Rider016,2024-01-05 18:49:00,18,False,True,39.98860247922606,116.34412779845786,39.85697534139168,116.42653858829674,39.917836887942364,116.40394345972673,23.25,16.22,7.03,快餐,18.1,25.594065039402338,False,20,0,10.0,小雨,1.15,0.89,1.44,13,3.6,0,0.84,1585,128.1,45.5,天气影响(小雨); 交通拥堵; 无电梯高楼层; 用餐高峰期
ORD001611,R021,Rider023,2024-01-02 05:40:00,5,False,False,39.95042901208523,116.378918918136,39.90504298390045,116.37148738809985,39.93964254240985,116.40191688715832,9.72,5.08,4.64,西餐,12.6,21.540029194617038,False,3,1,1.5,晴天,1.0,0.23,1.12,33,4.7,0,0.95,863,40.1,0.0,无
ORD001612,R036,Rider018,2024-01-02 18:17:00,18,False,True,39.886650614760214,116.4150561746078,39.91483258755359,116.35099062234642,39.88619738114083,116.43231399729389,13.96,6.31,7.65,日料,20.5,33.6365811813492,False,12,1,6.0,小雨,1.15,0.91,1.46,9,3.7,0,0.94,1695,73.8,22.4,天气影响(小雨); 交通拥堵; 无电梯高楼层; 写字楼电梯等待; 用餐高峰期
ORD001613,R047,Rider019,2024-01-07 18:27:00,18,True,True,39.92038508560238,116.45712834157077,39.88553288505282,116.39673534077251,39.93266459512356,116.36241431632648,12.45,6.45,6.0,日料,41.0,18.37824199481684,True,14,0,2.6,晴天,1.0,0.57,1.28,28,3.9,0,0.89,512,102.2,18.0,用餐高峰期
ORD001614,R045,Rider016,2024-01-01 14:28:00,14,False,False,39.90190059396796,116.38519916129027,39.93831052255901,116.42080670434322,39.917836887942364,116.40394345972673,7.75,5.06,2.69,日料,18.6,29.575760103439997,False,3,1,1.5,多云,1.0,0.16,1.08,13,3.6,0,0.8,384,38.8,3.0,无
ORD001615,R041,Rider007,2024-01-03 18:37:00,18,False,True,39.82737298338431,116.40462646491531,39.883799869976464,116.39949782465398,39.8812319420477,116.34772102698165,10.72,6.28,4.44,中餐,27.1,28.969184853980195,True,9,0,1.5,大雨,1.35,0.85,1.42,20,3.7,1,0.85,78,105.3,54.5,天气影响(大雨); 交通拥堵; 用餐高峰期; 新餐厅备餐波动
ORD001616,R032,Rider007,2024-01-05 16:39:00,16,False,False,39.84564852193646,116.40349642586024,39.923253376527065,116.37499397389878,39.8812319420477,116.34772102698165,14.17,8.95,5.22,中餐,10.5,31.00163021217595,True,7,1,1.1,多云,1.0,0.27,1.14,20,3.7,0,0.81,589,41.2,2.2,无
ORD001617,R013,Rider007,2024-01-05 16:01:00,16,False,False,39.96795765319809,116.46531292157123,39.98320584661837,116.37664727333566,39.8812319420477,116.34772102698165,19.35,7.76,11.59,西餐,19.6,32.554497702078315,True,18,0,2.2,多云,1.0,0.27,1.14,20,3.7,0,0.78,330,58.2,0.7,无
ORD001618,R045,Rider027,2024-01-04 16:59:00,16,False,False,39.961408806724194,116.3908233855271,39.93831052255901,116.42080670434322,39.886332661172375,116.38837314608125,10.03,3.63,6.4,日料,26.0,23.058916238775705,False,28,0,14.0,小雨,1.15,0.39,1.19,21,3.8,0,0.8,384,93.4,27.3,天气影响(小雨); 无电梯高楼层
ORD001619,R012,Rider019,2024-01-03 11:18:00,11,False,True,39.89743851916304,116.40088984921455,39.9031252188267,116.45433930967441,39.93266459512356,116.36241431632648,13.13,4.61,8.52,西餐,30.7,17.324441675293524,True,23,0,2.8,晴天,1.0,0.56,1.28,28,3.9,0,0.85,1677,96.9,17.9,用餐高峰期
ORD001620,R021,Rider004,2024-01-05 10:54:00,10,False,False,39.924235581003146,116.38271286140935,39.90504298390045,116.37148738809985,39.8938632905673,116.45473929280564,9.56,2.34,7.23,西餐,18.1,27.509324653020798,True,7,0,0.9,小雨,1.15,0.47,1.24,9,4.7,0,0.95,863,41.9,2.0,天气影响(小雨)
ORD001621,R026,Rider012,2024-01-07 20:05:00,20,True,False,39.84562620805744,116.33500108402966,39.960173235334345,116.42161498762735,39.87227059127874,116.35388620704767,26.07,14.72,11.35,快餐,11.0,19.632759415261845,True,17,0,2.0,多云,1.0,0.27,1.13,27,4.5,0,0.8,260,102.2,9.6,无
ORD001622,R001,Rider013,2024-01-07 10:05:00,10,True,False,39.841963910661754,116.41857416007902,39.91910142459034,116.40325207096485,39.92705390041307,116.44622095280053,12.44,8.66,3.78,西餐,29.4,32.10789296445987,True,6,0,1.1,多云,1.0,0.31,1.15,13,4.9,0,0.89,1738,55.0,1.3,无
ORD001623,R023,Rider018,2024-01-06 10:48:00,10,True,False,39.89769328483953,116.44410377469197,39.89349764922696,116.42408365395602,39.88619738114083,116.43231399729389,2.85,1.77,1.07,日料,28.4,36.06041657723923,True,30,1,4.6,多云,1.0,0.45,1.22,9,3.7,0,0.94,1116,39.8,2.1,写字楼电梯等待
ORD001624,R009,Rider007,2024-01-07 13:05:00,13,True,True,39.93073190353805,116.42891130015072,39.84792969683381,116.3663965358334,39.8812319420477,116.34772102698165,14.66,10.64,4.03,西餐,27.6,26.679726134298686,True,27,0,3.4,多云,1.0,0.75,1.38,20,3.7,0,0.75,1622,84.9,20.9,交通拥堵; 用餐高峰期
ORD001625,R050,Rider021,2024-01-04 21:44:00,21,False,False,39.94194387072162,116.44011302119854,39.9045643952722,116.43532802251922,39.920748511998084,116.46108354017223,7.01,4.17,2.84,快餐,24.4,31.295866161455784,True,2,0,0.4,雾,1.25,0.52,1.26,23,4.6,0,0.82,798,67.5,29.2,天气影响(雾)
ORD001626,R039,Rider030,2024-01-03 15:42:00,15,False,False,39.85507716364021,116.38336288456206,39.95763873231079,116.38707752996855,39.911325137030445,116.40882541839402,16.86,11.39,5.47,火锅,45.5,30.977118363165086,False,27,0,13.5,多云,1.0,0.34,1.17,22,3.9,1,0.77,57,109.8,18.2,无电梯高楼层; 新餐厅备餐波动
ORD001627,R016,Rider011,2024-01-03 14:57:00,14,False,False,39.93587911472392,116.41884331013465,39.91308360831194,116.4152316581654,39.99179211732871,116.37506806858579,11.94,2.55,9.39,西餐,13.4,26.92106451587312,True,6,0,4.9,晴天,1.0,0.38,1.19,28,4.5,1,0.76,46,52.7,7.8,新餐厅备餐波动
ORD001628,R030,Rider004,2024-01-05 16:53:00,16,False,False,39.88929546774264,116.40589281441031,39.89749611644023,116.42882001482276,39.8938632905673,116.45473929280564,4.42,2.16,2.25,日料,16.1,22.115173421794914,True,2,0,4.4,多云,1.0,0.27,1.14,9,4.7,1,0.76,62,40.2,7.8,新餐厅备餐波动
ORD001629,R010,Rider017,2024-01-07 10:44:00,10,True,False,39.840567575593845,116.43380829989611,39.89798502329687,116.38869567815044,39.9178982767203,116.48386118426038,15.89,7.45,8.43,烧烤,13.3,25.811193065027297,False,5,1,2.5,多云,1.0,0.31,1.15,3,4.3,1,0.79,43,60.9,8.2,新餐厅备餐波动
ORD001630,R019,Rider025,2024-01-06 15:47:00,15,True,False,39.85661471609803,116.34263269706427,39.94131048218809,116.36460563345823,39.85202121997981,116.4341869019532,21.15,9.59,11.56,日料,10.4,23.776922796175143,False,23,0,11.5,晴天,1.0,0.33,1.16,23,3.7,0,0.87,829,85.9,10.5,无电梯高楼层
ORD001631,R003,Rider024,2024-01-03 20:41:00,20,False,False,39.90259758686338,116.48794348570524,39.90486665479836,116.3945662125919,39.836064702425794,116.40517809204412,15.68,7.99,7.69,烧烤,24.6,27.37393291563628,True,7,0,1.0,晴天,1.0,0.45,1.23,5,5.0,0,0.76,799,75.0,15.0,无
ORD001632,R033,Rider022,2024-01-06 13:20:00,13,True,True,39.956496802625786,116.39813635820076,39.91675918407518,116.3855546225191,39.88685398692913,116.39370765445501,7.93,4.54,3.39,中餐,15.4,30.412614738439014,True,22,0,3.4,晴天,1.0,0.84,1.42,34,4.0,0,0.82,637,43.0,8.5,交通拥堵; 用餐高峰期
ORD001633,R009,Rider005,2024-01-05 23:52:00,23,False,False,39.999715100473225,116.41785344820487,39.84792969683381,116.3663965358334,39.846276626340114,116.35110144902494,18.74,17.42,1.32,西餐,26.8,19.180291655912228,False,12,0,6.0,多云,1.0,0.15,1.08,17,4.9,0,0.75,1622,90.6,0.0,无电梯高楼层
ORD001634,R001,Rider021,2024-01-03 15:54:00,15,False,False,39.94869411139642,116.45508416913613,39.91910142459034,116.40325207096485,39.920748511998084,116.46108354017223,10.46,5.52,4.95,西餐,25.5,34.65345532384489,False,22,0,11.0,多云,1.0,0.34,1.17,23,4.6,0,0.89,1738,79.4,24.8,无电梯高楼层
ORD001635,R027,Rider028,2024-01-04 19:52:00,19,False,True,39.875978706839184,116.37332854175577,39.94449504636891,116.38536357050157,39.8468364452307,116.39973868704347,18.59,7.68,10.91,西餐,24.5,20.7915067718242,True,5,1,1.4,小雨,1.15,0.8,1.4,14,4.0,0,0.82,787,117.9,38.4,天气影响(小雨); 交通拥堵; 用餐高峰期
ORD001636,R029,Rider019,2024-01-03 16:08:00,16,False,False,39.95661620665984,116.34287789463065,39.929703617463716,116.41923019854394,39.93266459512356,116.36241431632648,12.04,7.18,4.87,快餐,8.0,18.02040069577583,True,8,1,8.0,雪,1.4,0.2,1.1,28,3.9,0,0.86,1639,88.2,32.1,天气影响(雪)
ORD001637,R019,Rider013,2024-01-01 20:27:00,20,False,False,39.86990282069233,116.3991821093112,39.94131048218809,116.36460563345823,39.92705390041307,116.44622095280053,15.62,8.46,7.15,日料,11.2,33.91610812126481,True,21,1,3.4,晴天,1.0,0.32,1.16,13,4.9,0,0.87,829,49.9,7.7,写字楼电梯等待
ORD001638,R026,Rider008,2024-01-06 21:03:00,21,True,False,39.94815893385623,116.45842284040326,39.960173235334345,116.42161498762735,39.92497386056965,116.4687095565201,9.03,3.42,5.61,快餐,12.0,30.54149027673961,True,19,0,2.2,晴天,1.0,0.46,1.23,25,4.8,0,0.8,260,44.2,12.2,无
ORD001639,R017,Rider007,2024-01-04 11:14:00,11,False,True,39.880424254041294,116.4444801120158,39.899361428650025,116.41952152570443,39.8812319420477,116.34772102698165,9.46,3.0,6.46,中餐,29.4,32.39286913236369,True,7,0,0.9,晴天,1.0,0.89,1.45,20,3.7,0,0.91,1236,62.9,15.1,交通拥堵; 用餐高峰期
ORD001640,R010,Rider007,2024-01-01 16:14:00,16,False,False,39.96324181564984,116.38435709454286,39.89798502329687,116.38869567815044,39.8812319420477,116.34772102698165,11.22,7.26,3.97,烧烤,13.3,30.26111802373008,False,24,0,12.0,晴天,1.0,0.34,1.17,20,3.7,1,0.79,43,58.3,10.8,无电梯高楼层; 新餐厅备餐波动
ORD001641,R008,Rider027,2024-01-04 16:43:00,16,False,False,39.92081707554198,116.38718978388253,39.91802448900446,116.40997770414891,39.886332661172375,116.38837314608125,5.95,1.97,3.97,火锅,23.8,22.105352263597506,True,27,1,5.5,小雨,1.15,0.39,1.19,21,3.8,0,0.81,1280,72.0,26.5,天气影响(小雨); 写字楼电梯等待
ORD001642,R020,Rider028,2024-01-01 19:37:00,19,False,True,39.92973615212743,116.4118182685158,39.927930958411295,116.38011837635615,39.8468364452307,116.39973868704347,11.88,2.72,9.16,西餐,46.3,20.81343734233813,False,19,0,9.5,多云,1.0,0.92,1.46,14,4.0,0,0.9,297,129.5,39.5,交通拥堵; 无电梯高楼层; 用餐高峰期
ORD001643,R046,Rider016,2024-01-05 15:03:00,15,False,False,39.902381993394734,116.46855936441005,39.90750898735901,116.3944992384245,39.917836887942364,116.40394345972673,7.76,6.36,1.4,中餐,18.8,26.9020169551927,True,1,1,1.3,晴天,1.0,0.2,1.1,13,3.6,0,0.9,704,46.0,8.6,无
ORD001644,R048,Rider020,2024-01-04 08:53:00,8,False,False,39.948578790440585,116.42946246290516,39.87933014967234,116.39059456879409,39.95521852994615,116.403737357574,16.88,8.38,8.5,日料,14.2,18.31892542125828,False,13,0,6.5,晴天,1.0,0.84,1.42,12,4.7,0,0.94,1812,99.1,23.2,交通拥堵; 无电梯高楼层
ORD001645,R012,Rider018,2024-01-01 06:12:00,6,False,False,39.81207507784227,116.38794885009324,39.9031252188267,116.45433930967441,39.88619738114083,116.43231399729389,14.26,11.6,2.66,西餐,23.4,27.479386340730485,True,18,0,2.3,晴天,1.0,0.42,1.21,9,3.7,0,0.85,1677,69.6,12.8,无
ORD001646,R007,Rider010,2024-01-03 10:47:00,10,False,False,39.925187092660614,116.35577716653712,39.926353997399865,116.4125410484357,39.876127462298896,116.36871555781596,11.57,4.85,6.72,火锅,41.2,20.276714252955593,True,3,0,0.9,雾,1.25,0.25,1.13,3,4.9,1,0.71,49,101.8,25.5,天气影响(雾); 新餐厅备餐波动
ORD001647,R031,Rider011,2024-01-05 16:21:00,16,False,False,39.84300521342753,116.49250525967888,39.875714428644635,116.38949308005311,39.99179211732871,116.37506806858579,22.48,9.53,12.95,中餐,36.2,24.794780238345524,True,23,0,4.0,多云,1.0,0.27,1.14,28,4.5,0,0.86,117,98.7,4.1,无
ORD001648,R047,Rider005,2024-01-06 17:47:00,17,True,True,39.86422615492683,116.36781841423773,39.88553288505282,116.39673534077251,39.846276626340114,116.35110144902494,9.27,3.42,5.85,日料,42.6,22.35254343213094,True,6,0,3.2,雾,1.25,0.53,1.27,17,4.9,0,0.89,512,106.9,36.2,天气影响(雾); 用餐高峰期
ORD001649,R016,Rider028,2024-01-03 17:06:00,17,False,True,39.8778652725524,116.36938427804182,39.91308360831194,116.4152316581654,39.8468364452307,116.39973868704347,13.01,5.54,7.47,西餐,13.4,19.91118682036278,True,22,1,7.8,多云,1.0,0.85,1.42,14,4.0,1,0.76,46,84.7,24.2,交通拥堵; 写字楼电梯等待; 用餐高峰期; 新餐厅备餐波动
ORD001650,R035,Rider029,2024-01-02 11:07:00,11,False,True,39.930447643825644,116.39646363339087,39.868196047868096,116.44344141332652,39.9827701186798,116.39951113316586,21.26,7.99,13.26,快餐,40.4,25.096451316126355,True,10,1,1.7,多云,1.0,0.94,1.47,30,3.7,1,0.83,67,138.3,45.4,交通拥堵; 用餐高峰期; 新餐厅备餐波动
ORD001651,R001,Rider010,2024-01-03 15:01:00,15,False,False,39.87937689761987,116.40354719810688,39.91910142459034,116.40325207096485,39.876127462298896,116.36871555781596,10.02,4.41,5.61,西餐,24.7,17.314656983544808,True,17,0,2.2,多云,1.0,0.34,1.17,3,4.9,0,0.89,1738,70.3,8.7,无
ORD001652,R020,Rider014,2024-01-07 14:06:00,14,True,False,39.83475242960576,116.32342395574167,39.927930958411295,116.38011837635615,39.93387852066118,116.46646634501718,18.84,11.43,7.41,西餐,29.3,18.188912015413088,True,3,0,1.7,多云,1.0,0.14,1.07,10,4.9,0,0.9,297,101.1,7.9,无
ORD001653,R050,Rider009,2024-01-02 18:29:00,18,False,True,39.88382931496235,116.40412094442883,39.9045643952722,116.43532802251922,39.91316369927242,116.40790369603127,6.06,3.52,2.53,快餐,37.0,24.81096145128378,False,24,0,12.0,小雨,1.15,0.91,1.46,35,4.5,0,0.82,798,102.8,39.1,天气影响(小雨); 交通拥堵; 无电梯高楼层; 用餐高峰期
ORD001654,R039,Rider009,2024-01-04 17:48:00,17,False,True,39.86051845384189,116.4914525228755,39.95763873231079,116.38707752996855,39.91316369927242,116.40790369603127,19.25,14.0,5.25,火锅,45.5,19.741799573330574,True,4,0,1.3,晴天,1.0,0.91,1.46,35,4.5,1,0.77,57,147.3,42.0,交通拥堵; 用餐高峰期; 新餐厅备餐波动
ORD001655,R034,Rider007,2024-01-05 10:14:00,10,False,False,39.95537467026022,116.43974269000222,39.86870203135637,116.42224986962574,39.8812319420477,116.34772102698165,16.26,9.74,6.53,日料,33.0,32.92481284444365,True,9,1,2.1,小雨,1.15,0.47,1.24,20,3.7,1,0.71,96,89.5,24.7,天气影响(小雨); 新餐厅备餐波动
ORD001656,R033,Rider003,2024-01-01 16:35:00,16,False,False,39.96058073296635,116.33692677764091,39.91675918407518,116.3855546225191,39.97674666303516,116.42358331580469,13.81,6.4,7.41,中餐,11.9,28.94256225796974,False,13,0,6.5,晴天,1.0,0.34,1.17,12,4.5,0,0.82,637,47.7,0.7,无电梯高楼层
ORD001657,R049,Rider002,2024-01-03 20:51:00,20,False,False,39.91737943853255,116.38166287593842,39.93551026936107,116.41426935614565,39.94914167126766,116.49312820752455,10.35,3.44,6.91,快餐,18.4,25.85423781407338,True,18,0,1.8,晴天,1.0,0.45,1.23,23,4.7,0,0.8,1818,49.3,5.1,无
ORD001658,R043,Rider024,2024-01-04 18:43:00,18,False,True,39.91502519974012,116.43164702936046,39.94743819867199,116.36432413546461,39.836064702425794,116.40517809204412,19.64,6.79,12.85,日料,32.1,25.778959149957608,True,14,1,3.7,晴天,1.0,0.95,1.48,5,5.0,0,0.95,1448,120.4,38.8,交通拥堵; 写字楼电梯等待; 用餐高峰期
ORD001659,R007,Rider017,2024-01-02 09:32:00,9,False,False,39.813071373316056,116.36634869373157,39.926353997399865,116.4125410484357,39.9178982767203,116.48386118426038,19.35,13.18,6.17,火锅,41.2,25.087109155486672,True,5,0,1.1,晴天,1.0,0.94,1.47,3,4.3,1,0.71,49,126.6,37.9,交通拥堵; 新餐厅备餐波动
ORD001660,R037,Rider007,2024-01-04 15:56:00,15,False,False,39.934514831568976,116.47434519951085,39.892457945637545,116.42054067792265,39.8812319420477,116.34772102698165,12.91,6.56,6.35,火锅,32.3,30.76943845801028,True,24,0,4.2,晴天,1.0,0.34,1.17,20,3.7,0,0.91,1035,70.5,8.9,无
ORD001661,R032,Rider024,2024-01-05 16:26:00,16,False,False,39.87715894194595,116.34793799313614,39.923253376527065,116.37499397389878,39.836064702425794,116.40517809204412,15.64,5.62,10.02,中餐,13.4,26.304491732260477,False,20,1,10.0,多云,1.0,0.27,1.14,5,5.0,0,0.81,589,61.5,2.5,无电梯高楼层; 写字楼电梯等待
ORD001662,R015,Rider015,2024-01-01 21:17:00,21,False,False,39.89477108095997,116.38960740153,39.945355864006494,116.41266659881865,39.90125555536833,116.39611115244051,11.05,5.95,5.1,快餐,12.6,16.558190695561027,True,24,0,4.0,晴天,1.0,0.44,1.22,18,5.0,0,0.82,1348,58.7,2.1,无
ORD001663,R031,Rider001,2024-01-01 10:42:00,10,False,False,39.94581438930182,116.48804309716061,39.875714428644635,116.38949308005311,39.91716665409954,116.40219427782529,16.2,11.47,4.73,中餐,33.3,23.02400417906353,True,22,0,2.6,晴天,1.0,0.46,1.23,19,4.2,0,0.86,117,96.1,18.0,无
ORD001664,R021,Rider020,2024-01-06 13:57:00,13,True,True,39.87412671293411,116.44329058817348,39.90504298390045,116.37148738809985,39.95521852994615,116.403737357574,13.25,7.04,6.22,西餐,13.9,22.376192229107637,False,11,0,5.5,晴天,1.0,0.84,1.42,12,4.7,0,0.95,863,84.9,30.0,交通拥堵; 无电梯高楼层; 用餐高峰期
ORD001665,R033,Rider007,2024-01-01 07:21:00,7,False,False,39.879147327669216,116.35331607890254,39.91675918407518,116.3855546225191,39.8812319420477,116.34772102698165,10.11,5.0,5.1,中餐,15.0,28.24264229693597,True,13,0,1.9,晴天,1.0,0.75,1.37,20,3.7,0,0.82,637,48.1,9.8,交通拥堵
ORD001666,R032,Rider017,2024-01-04 13:52:00,13,False,True,39.95415572381585,116.46443894607184,39.923253376527065,116.37499397389878,39.9178982767203,116.48386118426038,17.71,8.38,9.33,中餐,18.5,22.21281800902188,True,13,0,3.2,多云,1.0,0.74,1.37,3,4.3,0,0.81,589,102.9,33.4,交通拥堵; 用餐高峰期
ORD001667,R040,Rider018,2024-01-07 17:49:00,17,True,True,39.933428632693726,116.36631548617244,39.91551888796381,116.45694052959438,39.88619738114083,116.43231399729389,11.88,8.0,3.88,西餐,32.1,30.96265683336298,True,3,0,1.1,小雨,1.15,0.69,1.34,9,3.7,0,0.85,1199,80.5,24.3,天气影响(小雨); 交通拥堵; 用餐高峰期
ORD001668,R014,Rider010,2024-01-03 04:30:00,4,False,False,39.907046130517074,116.423146701135,39.89783515734865,116.39459393617881,39.876127462298896,116.36871555781596,5.92,2.65,3.27,烧烤,39.2,16.028502505782342,True,29,0,3.4,晴天,1.0,0.31,1.16,3,4.9,1,0.82,66,75.2,10.4,新餐厅备餐波动
ORD001669,R022,Rider024,2024-01-03 15:01:00,15,False,False,39.893001535720295,116.40961520847893,39.92367260197888,116.37071379389974,39.836064702425794,116.40517809204412,14.92,4.76,10.16,快餐,22.8,27.38477661658446,False,6,1,3.0,多云,1.0,0.34,1.17,5,5.0,1,0.76,91,61.2,2.7,无电梯高楼层; 新餐厅备餐波动
ORD001670,R042,Rider008,2024-01-04 19:12:00,19,False,True,39.93639960082045,116.46289036682009,39.865351725765606,116.4042464448576,39.92497386056965,116.4687095565201,17.96,9.35,8.62,火锅,44.3,26.73094777956455,True,20,0,3.0,小雨,1.15,0.8,1.4,25,4.8,0,0.84,621,147.4,59.8,天气影响(小雨); 交通拥堵; 用餐高峰期
ORD001671,R024,Rider021,2024-01-07 19:44:00,19,True,True,39.90269224274093,116.46424810829214,39.91199648382746,116.43085468615331,39.920748511998084,116.46108354017223,5.8,3.04,2.76,西餐,26.9,36.21189364303376,True,2,1,0.8,雪,1.4,0.57,1.28,23,4.6,0,0.83,915,70.6,33.2,天气影响(雪); 用餐高峰期
ORD001672,R001,Rider019,2024-01-02 18:06:00,18,False,True,39.86051094290106,116.36197869247685,39.91910142459034,116.40325207096485,39.93266459512356,116.36241431632648,11.2,7.4,3.8,西餐,31.4,17.01322786312098,True,28,0,4.6,小雨,1.15,0.91,1.46,28,3.9,0,0.89,1738,131.3,55.8,天气影响(小雨); 交通拥堵; 用餐高峰期
ORD001673,R001,Rider011,2024-01-01 23:49:00,23,False,False,39.91209414352472,116.38462655604914,39.91910142459034,116.40325207096485,39.99179211732871,116.37506806858579,10.2,1.77,8.42,西餐,25.4,28.253584260716952,False,6,0,3.0,多云,1.0,0.39,1.19,28,4.5,0,0.89,1738,63.4,13.3,无电梯高楼层
ORD001674,R015,Rider010,2024-01-01 03:04:00,3,False,False,39.896294271695034,116.37750842398967,39.945355864006494,116.41266659881865,39.876127462298896,116.36871555781596,14.78,6.22,8.56,快餐,9.3,19.196796497670388,False,25,0,12.5,晴天,1.0,0.2,1.1,3,4.9,0,0.82,1348,72.5,4.6,无电梯高楼层
ORD001675,R015,Rider010,2024-01-02 14:15:00,14,False,False,39.849668900110245,116.41954785244073,39.945355864006494,116.41266659881865,39.876127462298896,116.36871555781596,19.2,10.64,8.56,快餐,10.7,16.877913273182937,True,11,0,2.6,多云,1.0,0.33,1.17,3,4.9,0,0.82,1348,97.4,15.9,无
ORD001676,R043,Rider023,2024-01-03 09:22:00,9,False,False,39.95330222834784,116.37995662234285,39.94743819867199,116.36432413546461,39.93964254240985,116.40191688715832,4.81,1.49,3.33,日料,25.2,21.661686047219703,False,18,0,9.0,晴天,1.0,0.71,1.36,33,4.7,0,0.95,1448,65.1,17.6,交通拥堵; 无电梯高楼层
ORD001677,R035,Rider025,2024-01-05 12:16:00,12,False,True,39.88828167311979,116.35333578210683,39.868196047868096,116.44344141332652,39.85202121997981,116.4341869019532,9.99,8.02,1.96,快餐,40.4,21.78737589495666,True,5,0,1.5,多云,1.0,0.8,1.4,23,3.7,1,0.83,67,108.8,39.5,交通拥堵; 用餐高峰期; 新餐厅备餐波动
ORD001678,R009,Rider008,2024-01-06 10:16:00,10,True,False,39.94344020902732,116.46040165154481,39.84792969683381,116.3663965358334,39.92497386056965,116.4687095565201,25.55,13.31,12.24,西餐,26.7,31.114450845831858,False,28,1,14.0,多云,1.0,0.45,1.22,25,4.8,0,0.75,1622,107.3,17.4,无电梯高楼层; 写字楼电梯等待
ORD001679,R020,Rider013,2024-01-05 23:03:00,23,False,False,39.92575383834197,116.43699205939483,39.927930958411295,116.38011837635615,39.92705390041307,116.44622095280053,10.52,4.87,5.65,西餐,29.5,26.90817027983715,True,9,1,8.0,多云,1.0,0.15,1.08,13,4.9,0,0.9,297,60.5,0.0,无
ORD001680,R042,Rider008,2024-01-01 20:34:00,20,False,False,39.90088791299262,116.36627605749682,39.865351725765606,116.4042464448576,39.92497386056965,116.4687095565201,13.73,5.11,8.62,火锅,26.7,35.7287399164116,True,30,1,4.7,晴天,1.0,0.32,1.16,25,4.8,0,0.84,621,65.3,10.9,写字楼电梯等待
ORD001681,R013,Rider028,2024-01-05 12:23:00,12,False,True,39.90051961297547,116.36357256066727,39.98320584661837,116.37664727333566,39.8468364452307,116.39973868704347,24.52,9.25,15.27,西餐,24.1,20.47650482073859,False,2,0,1.0,多云,1.0,0.8,1.4,14,4.0,0,0.78,330,124.9,27.9,交通拥堵; 用餐高峰期
ORD001682,R004,Rider010,2024-01-07 05:09:00,5,True,False,39.88559317994506,116.46585930385206,39.90622584614064,116.3646575544136,39.876127462298896,116.36871555781596,12.31,8.95,3.36,火锅,15.2,21.272936142798677,True,26,1,4.4,小雨,1.15,0.42,1.21,3,4.9,0,0.76,1942,80.3,25.9,天气影响(小雨); 写字楼电梯等待
ORD001683,R048,Rider010,2024-01-01 09:42:00,9,False,False,39.878859991427454,116.44174048819302,39.87933014967234,116.39059456879409,39.876127462298896,116.36871555781596,6.28,4.38,1.91,日料,16.4,17.429561145704277,False,6,1,3.0,晴天,1.0,0.94,1.47,3,4.9,0,0.94,1812,58.2,17.1,交通拥堵; 无电梯高楼层
ORD001684,R017,Rider005,2024-01-03 09:41:00,9,False,False,39.87323802844189,116.4648488621751,39.899361428650025,116.41952152570443,39.846276626340114,116.35110144902494,13.15,4.84,8.31,中餐,23.8,19.771743904493857,False,1,0,0.5,晴天,1.0,0.71,1.36,17,4.9,0,0.91,1236,92.3,28.1,交通拥堵
ORD001685,R025,Rider008,2024-01-06 09:12:00,9,True,False,39.885023502407854,116.43687407797779,39.92272922536534,116.4439121239094,39.92497386056965,116.4687095565201,6.36,4.23,2.13,烧烤,15.6,33.05089293349928,True,21,1,3.8,晴天,1.0,0.24,1.12,25,4.8,1,0.83,93,29.3,0.0,写字楼电梯等待; 新餐厅备餐波动
ORD001686,R025,Rider014,2024-01-06 19:57:00,19,True,True,39.85215295487471,116.43456976775096,39.92272922536534,116.4439121239094,39.93387852066118,116.46646634501718,10.17,7.88,2.29,烧烤,15.6,18.464767901747052,True,21,0,2.3,晴天,1.0,0.72,1.36,10,4.9,1,0.83,93,66.1,15.1,交通拥堵; 用餐高峰期; 新餐厅备餐波动
ORD001687,R015,Rider025,2024-01-03 15:18:00,15,False,False,39.913405100291484,116.44875237643187,39.945355864006494,116.41266659881865,39.85202121997981,116.4341869019532,15.23,4.7,10.53,快餐,9.6,22.404740581703365,True,18,0,1.9,多云,1.0,0.34,1.17,23,3.7,0,0.82,1348,66.3,14.1,无
ORD001688,R025,Rider025,2024-01-01 20:14:00,20,False,False,39.91351808607441,116.40785659709253,39.92272922536534,116.4439121239094,39.85202121997981,116.4341869019532,11.14,3.25,7.89,烧烤,15.6,20.32330948028769,False,17,1,8.5,晴天,1.0,0.32,1.16,23,3.7,1,0.83,93,68.3,11.2,无电梯高楼层; 写字楼电梯等待; 新餐厅备餐波动
ORD001689,R036,Rider018,2024-01-05 17:23:00,17,False,True,39.882337454626985,116.41895350022205,39.91483258755359,116.35099062234642,39.88619738114083,116.43231399729389,14.49,6.84,7.65,日料,30.7,31.726718434341258,True,10,1,1.8,小雨,1.15,0.68,1.34,9,3.7,0,0.94,1695,95.1,35.2,天气影响(小雨); 交通拥堵; 用餐高峰期
ORD001690,R018,Rider003,2024-01-03 10:10:00,10,False,False,39.935448276425745,116.3589955054927,39.93680181069118,116.43754960642107,39.97674666303516,116.42358331580469,11.31,6.72,4.59,日料,14.9,30.864237179868994,True,27,1,4.3,雾,1.25,0.25,1.13,12,4.5,1,0.74,11,63.8,22.6,天气影响(雾); 写字楼电梯等待; 新餐厅备餐波动
ORD001691,R042,Rider013,2024-01-04 17:41:00,17,False,True,39.90212079997913,116.39555053829548,39.865351725765606,116.4042464448576,39.92705390041307,116.44622095280053,11.88,4.15,7.73,火锅,44.8,26.753186157300462,True,15,0,3.1,晴天,1.0,0.91,1.46,13,4.9,0,0.84,621,112.0,37.5,交通拥堵; 用餐高峰期
ORD001692,R050,Rider012,2024-01-06 19:56:00,19,True,True,39.94176181481614,116.3901782329511,39.9045643952722,116.43532802251922,39.87227059127874,116.35388620704767,13.49,5.65,7.83,快餐,37.3,22.340381223156964,True,1,1,0.7,晴天,1.0,0.72,1.36,27,4.5,0,0.82,798,102.8,28.6,交通拥堵; 用餐高峰期
ORD001693,R040,Rider006,2024-01-07 17:52:00,17,True,True,39.93324302409386,116.38938064430238,39.91551888796381,116.45694052959438,39.8754622311499,116.39886211393153,12.77,6.1,6.67,西餐,35.2,30.820036286316846,True,27,1,4.7,小雨,1.15,0.69,1.34,27,3.9,0,0.85,1199,96.5,31.8,天气影响(小雨); 交通拥堵; 写字楼电梯等待; 用餐高峰期
ORD001694,R019,Rider015,2024-01-07 18:23:00,18,True,True,39.92278006741063,116.377479521257,39.94131048218809,116.36460563345823,39.90125555536833,116.39611115244051,7.53,2.33,5.2,日料,21.8,18.433628345042894,False,7,1,3.5,晴天,1.0,0.57,1.28,18,5.0,0,0.87,829,66.3,16.5,无电梯高楼层; 用餐高峰期
ORD001695,R007,Rider027,2024-01-06 17:01:00,17,True,True,39.86213851785676,116.44375479045065,39.926353997399865,116.4125410484357,39.886332661172375,116.38837314608125,12.51,7.61,4.9,火锅,41.2,21.419570460420427,True,20,1,5.0,雾,1.25,0.53,1.27,21,3.8,1,0.71,49,134.1,52.8,天气影响(雾); 写字楼电梯等待; 用餐高峰期; 新餐厅备餐波动
ORD001696,R038,Rider025,2024-01-03 22:44:00,22,False,False,39.829074754554014,116.43053606872212,39.93564059231985,116.38854290757573,39.85202121997981,116.4341869019532,22.44,12.37,10.07,中餐,12.8,18.94679151657331,True,14,0,2.6,多云,1.0,0.48,1.24,23,3.7,0,0.85,1469,107.0,20.6,无
ORD001697,R016,Rider023,2024-01-06 04:05:00,4,True,False,39.92359359115835,116.4399095254894,39.91308360831194,116.4152316581654,39.93964254240985,116.40191688715832,5.57,2.41,3.16,西餐,13.4,21.76852290190324,True,13,0,1.8,小雨,1.15,0.41,1.2,33,4.7,1,0.76,46,46.1,15.5,天气影响(小雨); 新餐厅备餐波动
ORD001698,R042,Rider028,2024-01-03 15:17:00,15,False,False,39.95204020765145,116.36031657206682,39.865351725765606,116.4042464448576,39.8468364452307,116.39973868704347,12.42,10.33,2.09,火锅,30.5,22.274124412915228,False,10,0,5.0,多云,1.0,0.34,1.17,14,4.0,0,0.84,621,81.6,12.7,无电梯高楼层
ORD001699,R047,Rider030,2024-01-06 12:54:00,12,True,True,39.95841450129374,116.36998225092127,39.88553288505282,116.39673534077251,39.911325137030445,116.40882541839402,11.45,8.41,3.04,日料,45.3,31.291286767016683,True,7,0,1.1,小雨,1.15,0.74,1.37,22,3.9,0,0.89,512,105.1,36.7,天气影响(小雨); 交通拥堵; 用餐高峰期
ORD001700,R012,Rider005,2024-01-03 09:55:00,9,False,False,39.909064802924405,116.37808929343137,39.9031252188267,116.45433930967441,39.846276626340114,116.35110144902494,17.41,6.55,10.86,西餐,22.0,21.134357743799256,True,3,1,1.5,晴天,1.0,0.71,1.36,17,4.9,0,0.85,1677,99.6,26.7,交通拥堵
ORD001701,R009,Rider024,2024-01-03 09:43:00,9,False,False,39.9455443130572,116.40046068362935,39.84792969683381,116.3663965358334,39.836064702425794,116.40517809204412,14.79,11.22,3.57,西餐,27.1,22.01450410762216,True,24,1,4.4,晴天,1.0,0.71,1.36,5,5.0,0,0.75,1622,100.4,28.5,交通拥堵; 写字楼电梯等待
ORD001702,R012,Rider002,2024-01-06 07:01:00,7,True,False,39.887039279230436,116.40141452674652,39.9031252188267,116.45433930967441,39.94914167126766,116.49312820752455,10.96,4.87,6.09,西餐,22.4,26.033910372759905,False,24,0,12.0,晴天,1.0,0.49,1.24,23,4.7,0,0.85,1677,73.5,13.9,无电梯高楼层
ORD001703,R004,Rider024,2024-01-01 18:20:00,18,False,True,39.92085750399956,116.32879091459054,39.90622584614064,116.3646575544136,39.836064702425794,116.40517809204412,12.0,3.47,8.53,火锅,22.7,22.80383414034348,False,19,0,9.5,多云,1.0,0.75,1.37,5,5.0,0,0.76,1942,89.7,26.0,交通拥堵; 无电梯高楼层; 用餐高峰期
ORD001704,R024,Rider002,2024-01-07 19:45:00,19,True,True,39.922918620604754,116.43946902528798,39.91199648382746,116.43085468615331,39.94914167126766,116.49312820752455,8.15,1.42,6.73,西餐,32.6,25.682144427171217,True,4,1,2.0,雪,1.4,0.57,1.28,23,4.7,0,0.83,915,98.7,45.1,天气影响(雪); 用餐高峰期
ORD001705,R015,Rider002,2024-01-04 23:29:00,23,False,False,39.86191548048467,116.43790373758468,39.945355864006494,116.41266659881865,39.94914167126766,116.49312820752455,16.4,9.51,6.89,快餐,7.3,19.504978393703407,True,20,0,2.2,小雨,1.15,0.23,1.12,23,4.7,0,0.82,1348,82.9,23.0,天气影响(小雨)
ORD001706,R011,Rider013,2024-01-03 15:28:00,15,False,False,39.85614764029891,116.40406140436495,39.85697534139168,116.42653858829674,39.92705390041307,116.44622095280053,9.89,1.93,7.96,快餐,17.4,34.19342214383032,True,21,1,4.4,多云,1.0,0.34,1.17,13,4.9,0,0.84,1585,43.1,3.9,写字楼电梯等待
ORD001707,R024,Rider029,2024-01-02 18:00:00,18,False,True,39.902452803995864,116.36325854362558,39.91199648382746,116.43085468615331,39.9827701186798,116.39951113316586,14.18,5.88,8.3,西餐,28.1,27.875864986807684,True,3,0,0.3,小雨,1.15,0.91,1.46,30,3.7,0,0.83,915,99.3,40.4,天气影响(小雨); 交通拥堵; 用餐高峰期
ORD001708,R036,Rider027,2024-01-04 10:09:00,10,False,False,39.96059635086868,116.29839300300765,39.91483258755359,116.35099062234642,39.886332661172375,116.38837314608125,11.28,6.78,4.5,日料,17.8,23.820106200776323,True,16,0,2.7,大雨,1.35,0.44,1.22,21,3.8,0,0.94,1695,73.3,24.4,天气影响(大雨)
ORD001709,R010,Rider019,2024-01-07 21:35:00,21,True,False,39.825608851047946,116.40129983186353,39.89798502329687,116.38869567815044,39.93266459512356,116.36241431632648,12.57,8.11,4.46,烧烤,13.3,22.52926087151606,True,24,1,8.0,晴天,1.0,0.71,1.35,28,3.9,1,0.79,43,70.6,15.9,交通拥堵; 写字楼电梯等待; 新餐厅备餐波动
ORD001710,R044,Rider026,2024-01-02 11:04:00,11,False,True,39.85258996845188,116.43190529180444,39.93937307347177,116.4233420003288,39.86014992380612,116.42690693099692,18.47,9.66,8.8,火锅,10.4,28.796823707597497,True,1,0,1.4,多云,1.0,0.94,1.47,25,4.8,0,0.88,1668,66.1,15.8,交通拥堵; 用餐高峰期
ORD001711,R010,Rider024,2024-01-01 18:40:00,18,False,True,39.94078886639913,116.44537696125583,39.89798502329687,116.38869567815044,39.836064702425794,116.40517809204412,13.81,6.79,7.02,烧烤,13.3,25.28062036031643,False,15,0,7.5,多云,1.0,0.75,1.37,5,5.0,1,0.79,43,87.0,33.5,交通拥堵; 无电梯高楼层; 用餐高峰期; 新餐厅备餐波动
ORD001712,R038,Rider023,2024-01-07 16:26:00,16,True,False,39.914208808480495,116.29493931377532,39.93564059231985,116.38854290757573,39.93964254240985,116.40191688715832,9.57,8.35,1.23,中餐,9.5,25.11098939227268,True,12,0,1.4,小雨,1.15,0.45,1.23,33,4.7,0,0.85,1469,57.7,24.0,天气影响(小雨)
ORD001713,R026,Rider020,2024-01-07 15:32:00,15,True,False,39.842152801311435,116.40405107068156,39.960173235334345,116.42161498762735,39.95521852994615,116.403737357574,14.81,13.19,1.62,快餐,10.7,18.17436519787254,True,6,1,5.3,小雨,1.15,0.26,1.13,12,4.7,0,0.8,260,83.0,18.1,天气影响(小雨)
ORD001714,R027,Rider015,2024-01-04 11:46:00,11,False,True,39.858399488840405,116.37847139793563,39.94449504636891,116.38536357050157,39.90125555536833,116.39611115244051,14.47,9.58,4.89,西餐,24.9,21.287724289473623,True,17,0,3.3,晴天,1.0,0.89,1.45,18,5.0,0,0.82,787,103.3,34.3,交通拥堵; 用餐高峰期
ORD001715,R043,Rider020,2024-01-06 09:44:00,9,True,False,39.84254796653191,116.3803352401192,39.94743819867199,116.36432413546461,39.95521852994615,116.403737357574,15.2,11.73,3.48,日料,19.0,19.77839859186332,True,30,0,4.5,晴天,1.0,0.24,1.12,12,4.7,0,0.95,1448,83.3,13.6,无
ORD001716,R036,Rider009,2024-01-07 15:38:00,15,True,False,39.96114530028138,116.43596927341898,39.91483258755359,116.35099062234642,39.91316369927242,116.40790369603127,13.77,8.9,4.87,日料,23.7,21.955725416615838,True,18,1,7.2,小雨,1.15,0.26,1.13,35,4.5,0,0.94,1695,90.3,21.7,天气影响(小雨); 写字楼电梯等待
ORD001717,R014,Rider014,2024-01-01 18:50:00,18,False,True,39.851050617637995,116.34154592477479,39.89783515734865,116.39459393617881,39.93387852066118,116.46646634501718,14.23,6.9,7.33,烧烤,39.2,17.989768431110495,False,25,0,12.5,多云,1.0,0.75,1.37,10,4.9,1,0.82,66,127.8,28.6,交通拥堵; 无电梯高楼层; 用餐高峰期; 新餐厅备餐波动
ORD001718,R019,Rider027,2024-01-02 18:14:00,18,False,True,39.845932490279836,116.39234592695202,39.94131048218809,116.36460563345823,39.886332661172375,116.38837314608125,17.29,10.85,6.43,日料,26.0,23.31556011622905,False,13,0,6.5,小雨,1.15,0.91,1.46,21,3.8,0,0.87,829,128.1,51.1,天气影响(小雨); 交通拥堵; 无电梯高楼层; 用餐高峰期
ORD001719,R010,Rider014,2024-01-07 18:18:00,18,True,True,39.885326815035405,116.44962344682865,39.89798502329687,116.38869567815044,39.93387852066118,116.46646634501718,13.15,5.4,7.75,烧烤,13.3,21.100602620992547,False,23,0,11.5,晴天,1.0,0.57,1.28,10,4.9,1,0.79,43,70.2,8.0,无电梯高楼层; 用餐高峰期; 新餐厅备餐波动
ORD001720,R038,Rider004,2024-01-02 10:54:00,10,False,False,39.90637298445158,116.39559977017471,39.93564059231985,116.38854290757573,39.8938632905673,116.45473929280564,10.62,3.31,7.32,中餐,7.0,26.06247511591566,False,8,0,4.0,大雨,1.35,0.17,1.09,9,4.7,0,0.85,1469,48.6,13.2,天气影响(大雨); 无电梯高楼层
ORD001721,R017,Rider020,2024-01-06 10:26:00,10,True,False,39.87699076520094,116.43064023575633,39.899361428650025,116.41952152570443,39.95521852994615,116.403737357574,9.01,2.66,6.35,中餐,25.9,22.632575870318608,True,15,0,1.6,多云,1.0,0.45,1.22,12,4.7,0,0.91,1236,60.6,9.3,无
ORD001722,R032,Rider001,2024-01-02 23:09:00,23,False,False,39.823499441783014,116.38319858305387,39.923253376527065,116.37499397389878,39.91716665409954,116.40219427782529,13.52,11.1,2.42,中餐,10.2,25.24542034106709,True,6,0,3.6,晴天,1.0,0.44,1.22,19,4.2,0,0.81,589,60.9,15.0,无
ORD001723,R006,Rider003,2024-01-01 17:37:00,17,False,True,39.92652087453191,116.37426237515974,39.897316486385044,116.41908046739768,39.97674666303516,116.42358331580469,13.85,5.02,8.83,中餐,37.7,34.64119239203538,True,17,1,2.7,多云,1.0,0.8,1.4,12,4.5,0,0.82,1513,89.5,25.0,交通拥堵; 写字楼电梯等待; 用餐高峰期
ORD001724,R020,Rider006,2024-01-04 16:09:00,16,False,False,39.94187041940258,116.45899552174596,39.927930958411295,116.38011837635615,39.8754622311499,116.39886211393153,12.96,6.92,6.04,西餐,32.9,30.411498529919946,False,25,0,12.5,小雨,1.15,0.39,1.19,27,3.9,0,0.9,297,98.8,27.9,天气影响(小雨); 无电梯高楼层
ORD001725,R037,Rider022,2024-01-04 16:51:00,16,False,False,39.807027611766415,116.43198950223706,39.892457945637545,116.42054067792265,39.88685398692913,116.39370765445501,11.91,9.54,2.38,火锅,28.6,27.070187510182247,True,3,0,0.6,小雨,1.15,0.39,1.19,34,4.0,0,0.91,1035,78.5,22.9,天气影响(小雨)
ORD001726,R001,Rider019,2024-01-06 09:43:00,9,True,False,39.89012324313393,116.40283929334707,39.91910142459034,116.40325207096485,39.93266459512356,116.36241431632648,7.02,3.22,3.8,西餐,28.4,19.918715185383185,True,26,1,4.7,晴天,1.0,0.24,1.12,28,3.9,0,0.89,1738,65.0,10.7,写字楼电梯等待
ORD001727,R049,Rider010,2024-01-03 15:28:00,15,False,False,39.89241881422286,116.3899554946363,39.93551026936107,116.41426935614565,39.876127462298896,116.36871555781596,12.87,5.22,7.66,快餐,22.5,21.872089905387515,False,24,0,12.0,多云,1.0,0.34,1.17,3,4.9,0,0.8,1818,91.4,21.6,无电梯高楼层
ORD001728,R043,Rider007,2024-01-06 14:31:00,14,True,False,39.85058628403121,116.40271432972325,39.94743819867199,116.36432413546461,39.8812319420477,116.34772102698165,18.73,11.24,7.49,日料,22.6,34.752673299151354,True,25,0,3.5,晴天,1.0,0.35,1.17,20,3.7,0,0.95,1448,66.6,8.3,无
ORD001729,R022,Rider027,2024-01-02 20:03:00,20,False,False,39.948168362135135,116.44866986478847,39.92367260197888,116.37071379389974,39.886332661172375,116.38837314608125,11.61,7.2,4.41,快餐,22.8,20.055862638616905,True,27,0,3.4,晴天,1.0,0.32,1.16,21,3.8,1,0.76,91,78.1,17.2,新餐厅备餐波动
ORD001730,R004,Rider022,2024-01-07 18:24:00,18,True,True,39.99355853555966,116.44201029725551,39.90622584614064,116.3646575544136,39.88685398692913,116.39370765445501,15.02,11.74,3.29,火锅,23.3,28.534053263235077,True,7,0,1.3,晴天,1.0,0.57,1.28,34,4.0,0,0.76,1942,75.9,19.7,用餐高峰期
ORD001731,R009,Rider001,2024-01-03 22:29:00,22,False,False,39.895719176994305,116.42736329791532,39.84792969683381,116.3663965358334,39.91716665409954,116.40219427782529,15.72,7.44,8.27,西餐,24.6,23.719248784790338,True,26,0,2.8,多云,1.0,0.48,1.24,19,4.2,0,0.75,1622,92.6,25.4,无
ORD001732,R030,Rider026,2024-01-06 11:05:00,11,True,True,39.975610965342675,116.45921188040299,39.89749611644023,116.42882001482276,39.86014992380612,116.42690693099692,13.2,9.05,4.15,日料,16.1,25.381379363161663,True,15,0,3.4,雪,1.4,0.94,1.47,25,4.8,1,0.76,62,102.6,51.8,天气影响(雪); 交通拥堵; 用餐高峰期; 新餐厅备餐波动
ORD001733,R038,Rider016,2024-01-03 06:09:00,6,False,False,39.924934189075344,116.51501949019148,39.93564059231985,116.38854290757573,39.917836887942364,116.40394345972673,13.25,10.88,2.38,中餐,16.1,29.390815745089586,True,17,1,3.4,雾,1.25,0.38,1.19,13,3.6,0,0.85,1469,68.1,21.5,天气影响(雾); 写字楼电梯等待
ORD001734,R017,Rider013,2024-01-06 20:35:00,20,True,False,39.95096998561336,116.45850048007104,39.899361428650025,116.41952152570443,39.92705390041307,116.44622095280053,10.46,6.63,3.83,中餐,27.0,29.56757012158386,False,27,0,13.5,多云,1.0,0.35,1.18,13,4.9,0,0.91,1236,67.0,5.2,无电梯高楼层
ORD001735,R012,Rider001,2024-01-01 02:36:00,2,False,False,39.86967860422667,116.29118314360957,39.9031252188267,116.45433930967441,39.91716665409954,116.40219427782529,19.16,14.44,4.72,西餐,23.2,23.152103062727903,True,2,0,1.0,晴天,1.0,0.41,1.2,19,4.2,0,0.85,1677,80.6,6.8,无
ORD001736,R013,Rider018,2024-01-06 09:02:00,9,True,False,39.88429176419581,116.4219304143423,39.98320584661837,116.37664727333566,39.88619738114083,116.43231399729389,23.42,11.64,11.78,西餐,19.3,36.07352428905812,True,25,1,5.2,晴天,1.0,0.24,1.12,9,3.7,0,0.78,330,67.0,3.5,写字楼电梯等待
ORD001737,R032,Rider030,2024-01-07 12:26:00,12,True,True,39.950345760584,116.37316599984636,39.923253376527065,116.37499397389878,39.911325137030445,116.40882541839402,6.19,3.01,3.18,中餐,14.5,35.76462915335067,True,15,0,3.1,大雨,1.35,0.9,1.45,22,3.9,0,0.81,589,59.3,31.4,天气影响(大雨); 交通拥堵; 用餐高峰期
ORD001738,R026,Rider013,2024-01-07 15:54:00,15,True,False,39.913209844320214,116.41688804365862,39.960173235334345,116.42161498762735,39.92705390041307,116.44622095280053,9.47,5.23,4.24,快餐,11.6,30.708104899422352,True,8,0,1.2,小雨,1.15,0.26,1.13,13,4.9,0,0.8,260,42.3,10.9,天气影响(小雨)
ORD001739,R028,Rider028,2024-01-06 08:09:00,8,True,False,39.94393014128701,116.4292040897741,39.92038827604751,116.36245113087884,39.8468364452307,116.39973868704347,15.04,6.28,8.77,火锅,12.5,22.6836180083877,True,16,0,1.7,小雨,1.15,0.47,1.23,14,4.0,0,0.86,1899,79.0,25.0,天气影响(小雨)
ORD001740,R025,Rider004,2024-01-07 06:22:00,6,True,False,39.90323550452105,116.33688162547233,39.92272922536534,116.4439121239094,39.8938632905673,116.45473929280564,12.74,9.4,3.34,烧烤,15.6,24.01449655883321,True,1,0,2.5,多云,1.0,0.25,1.13,9,4.7,1,0.83,93,48.1,0.0,新餐厅备餐波动
ORD001741,R010,Rider001,2024-01-06 09:38:00,9,True,False,39.847298891083675,116.361502554015,39.89798502329687,116.38869567815044,39.91716665409954,116.40219427782529,8.51,6.09,2.42,烧烤,13.3,18.80992799322472,True,5,1,5.8,晴天,1.0,0.24,1.12,19,4.2,1,0.79,43,52.5,6.3,新餐厅备餐波动
ORD001742,R041,Rider004,2024-01-04 14:26:00,14,False,False,39.883529893714346,116.38119419417679,39.883799869976464,116.39949782465398,39.8938632905673,116.45473929280564,6.42,1.57,4.86,中餐,27.1,25.69596481411688,True,2,0,2.3,雾,1.25,0.37,1.18,9,4.7,1,0.85,78,74.3,30.0,天气影响(雾); 新餐厅备餐波动
ORD001743,R026,Rider016,2024-01-01 15:33:00,15,False,False,39.89602185833104,116.41795098467409,39.960173235334345,116.42161498762735,39.917836887942364,116.40394345972673,12.07,7.13,4.94,快餐,19.5,25.174496389488493,True,20,0,2.5,多云,1.0,0.08,1.04,13,3.6,0,0.8,260,55.1,4.3,无
ORD001744,R047,Rider015,2024-01-05 16:48:00,16,False,False,39.9068114493315,116.40049983604627,39.88553288505282,116.39673534077251,39.90125555536833,116.39611115244051,4.13,2.38,1.75,日料,32.9,18.585423893500685,True,27,0,3.7,多云,1.0,0.27,1.14,18,5.0,0,0.89,512,59.1,9.1,无
ORD001745,R038,Rider023,2024-01-03 08:44:00,8,False,False,40.04250147865699,116.39655534722512,39.93564059231985,116.38854290757573,39.93964254240985,116.40191688715832,13.11,11.88,1.23,中餐,10.2,23.99119607787675,True,26,0,3.1,晴天,1.0,0.86,1.43,33,4.7,0,0.85,1469,71.1,25.0,交通拥堵
ORD001746,R020,Rider002,2024-01-02 17:53:00,17,False,True,39.89039181802975,116.41828547112199,39.927930958411295,116.38011837635615,39.94914167126766,116.49312820752455,15.24,5.29,9.94,西餐,36.8,22.857106383687768,True,7,0,1.3,多云,1.0,0.89,1.45,23,4.7,0,0.9,297,109.9,31.8,交通拥堵; 用餐高峰期
ORD001747,R025,Rider010,2024-01-01 15:12:00,15,False,False,39.94314425569614,116.36732298385681,39.92272922536534,116.4439121239094,39.876127462298896,116.36871555781596,15.18,6.93,8.25,烧烤,15.6,17.18321479292792,True,21,0,2.7,多云,1.0,0.08,1.04,3,4.9,1,0.83,93,77.3,6.0,新餐厅备餐波动
ORD001748,R044,Rider029,2024-01-05 23:04:00,23,False,False,39.838691739633255,116.3269560730019,39.93937307347177,116.4233420003288,39.9827701186798,116.39951113316586,19.12,13.89,5.23,火锅,9.3,27.21983531608516,False,13,0,6.5,多云,1.0,0.15,1.08,30,3.7,0,0.88,1668,52.3,0.0,无电梯高楼层
ORD001749,R037,Rider025,2024-01-03 13:01:00,13,False,True,39.883185105582925,116.44119622039327,39.892457945637545,116.42054067792265,39.85202121997981,116.4341869019532,6.68,2.04,4.64,火锅,34.3,21.98801505272869,True,11,0,1.6,晴天,1.0,0.88,1.44,23,3.7,0,0.91,1035,79.5,25.4,交通拥堵; 用餐高峰期
ORD001750,R042,Rider010,2024-01-01 16:59:00,16,False,False,39.88015638300476,116.4324978868396,39.865351725765606,116.4042464448576,39.876127462298896,116.36871555781596,6.19,2.92,3.27,火锅,34.0,18.698671733851814,True,28,0,4.0,晴天,1.0,0.34,1.17,3,4.9,0,0.84,621,65.4,7.6,无
ORD001751,R009,Rider024,2024-01-03 18:38:00,18,False,True,39.863034811253364,116.39945069510799,39.84792969683381,116.3663965358334,39.836064702425794,116.40517809204412,6.86,3.29,3.57,西餐,34.3,22.51781414580674,True,18,0,4.7,大雨,1.35,0.85,1.42,5,5.0,0,0.75,1622,116.2,59.0,天气影响(大雨); 交通拥堵; 用餐高峰期
ORD001752,R017,Rider005,2024-01-06 10:37:00,10,True,False,39.89655127236055,116.4687250105559,39.899361428650025,116.41952152570443,39.846276626340114,116.35110144902494,12.53,4.22,8.31,中餐,31.5,23.15498624363949,False,18,1,9.0,多云,1.0,0.45,1.22,17,4.9,0,0.91,1236,86.8,13.8,无电梯高楼层; 写字楼电梯等待
ORD001753,R027,Rider021,2024-01-05 09:08:00,9,False,False,39.91123127629839,116.43567559835041,39.94449504636891,116.38536357050157,39.920748511998084,116.46108354017223,12.66,5.67,6.99,西餐,20.5,36.33719380378056,False,27,0,13.5,晴天,1.0,1.0,1.5,23,4.6,0,0.82,787,85.4,30.5,交通拥堵; 无电梯高楼层
ORD001754,R042,Rider008,2024-01-03 18:21:00,18,False,True,39.91368109611369,116.44519674022295,39.865351725765606,116.4042464448576,39.92497386056965,116.4687095565201,15.02,6.41,8.62,火锅,38.0,27.24737786507574,False,18,1,9.0,大雨,1.35,0.85,1.42,25,4.8,0,0.84,621,148.7,68.6,天气影响(大雨); 交通拥堵; 无电梯高楼层; 写字楼电梯等待; 用餐高峰期
ORD001755,R036,Rider014,2024-01-05 22:50:00,22,False,False,39.80883026783171,116.41941944802643,39.91483258755359,116.35099062234642,39.93387852066118,116.46646634501718,23.24,13.15,10.1,日料,20.0,20.24175884916013,False,1,1,0.5,雪,1.4,0.38,1.19,10,4.9,0,0.94,1695,146.1,56.7,天气影响(雪)
ORD001756,R026,Rider021,2024-01-01 09:45:00,9,False,False,39.87328803051718,116.40961654592107,39.960173235334345,116.42161498762735,39.920748511998084,116.46108354017223,15.23,9.7,5.53,快餐,19.4,28.976794993333684,False,20,0,10.0,晴天,1.0,0.94,1.47,23,4.6,0,0.8,260,87.0,26.1,交通拥堵; 无电梯高楼层
ORD001757,R033,Rider014,2024-01-07 13:16:00,13,True,True,39.86122064302408,116.43158003800184,39.91675918407518,116.3855546225191,39.93387852066118,116.46646634501718,14.49,7.32,7.17,中餐,17.4,17.778712963252037,False,28,0,14.0,多云,1.0,0.75,1.38,10,4.9,0,0.82,637,110.9,30.6,交通拥堵; 无电梯高楼层; 用餐高峰期
ORD001758,R023,Rider002,2024-01-03 12:34:00,12,False,True,39.88095516116138,116.43133558727646,39.89349764922696,116.42408365395602,39.94914167126766,116.49312820752455,10.07,1.52,8.54,日料,43.6,20.286405600540235,False,7,0,3.5,多云,1.0,0.64,1.32,23,4.7,0,0.94,1116,106.7,29.8,交通拥堵; 无电梯高楼层; 用餐高峰期
ORD001759,R043,Rider008,2024-01-03 20:06:00,20,False,False,39.85932043459938,116.45844430390125,39.94743819867199,116.36432413546461,39.92497386056965,116.4687095565201,21.93,12.67,9.26,日料,24.1,35.31293710379415,True,3,0,0.5,晴天,1.0,0.45,1.23,25,4.8,0,0.95,1448,78.8,16.9,无
ORD001760,R047,Rider026,2024-01-04 14:56:00,14,False,False,39.83111614504398,116.39611468327982,39.88553288505282,116.39673534077251,39.86014992380612,116.42690693099692,9.86,6.04,3.82,日料,29.1,24.801055100589632,False,9,1,4.5,雾,1.25,0.37,1.18,25,4.8,0,0.89,512,94.2,36.7,天气影响(雾); 无电梯高楼层
ORD001761,R026,Rider018,2024-01-02 09:02:00,9,False,False,39.942172498991404,116.45128204119065,39.960173235334345,116.42161498762735,39.88619738114083,116.43231399729389,11.49,3.23,8.26,快餐,12.5,34.112936695769726,True,25,0,3.0,晴天,1.0,0.94,1.47,9,3.7,0,0.8,260,56.2,20.5,交通拥堵
ORD001762,R024,Rider001,2024-01-03 15:52:00,15,False,False,39.87410039005995,116.33880312165691,39.91199648382746,116.43085468615331,39.91716665409954,116.40219427782529,11.44,8.93,2.52,西餐,22.2,23.914988369137916,False,14,0,7.0,多云,1.0,0.34,1.17,19,4.2,0,0.83,915,74.3,16.4,无电梯高楼层
ORD001763,R049,Rider020,2024-01-03 09:44:00,9,False,False,39.91105157421097,116.38380332038066,39.93551026936107,116.41426935614565,39.95521852994615,116.403737357574,6.13,3.76,2.37,快餐,24.4,17.504430107428384,True,8,0,1.1,晴天,1.0,0.71,1.36,12,4.7,0,0.8,1818,61.5,14.9,交通拥堵
ORD001764,R032,Rider027,2024-01-05 16:23:00,16,False,False,39.91919296205836,116.43532185743592,39.923253376527065,116.37499397389878,39.886332661172375,116.38837314608125,9.43,5.18,4.26,中餐,10.8,24.025244245211198,False,27,0,13.5,多云,1.0,0.27,1.14,21,3.8,0,0.81,589,53.5,5.7,无电梯高楼层
ORD001765,R011,Rider022,2024-01-02 09:50:00,9,False,False,39.83713520458858,116.40340370953793,39.85697534139168,116.42653858829674,39.88685398692913,116.39370765445501,7.31,2.96,4.35,快餐,8.1,25.571171902735067,True,12,1,8.0,晴天,1.0,0.94,1.47,34,4.0,0,0.84,1585,49.8,16.6,交通拥堵; 写字楼电梯等待
ORD001766,R006,Rider022,2024-01-05 14:43:00,14,False,False,39.980432096511755,116.43630881294239,39.897316486385044,116.41908046739768,39.88685398692913,116.39370765445501,11.81,9.35,2.46,中餐,27.2,27.91517811943693,True,22,1,3.6,多云,1.0,0.36,1.18,34,4.0,0,0.82,1513,73.1,16.8,写字楼电梯等待
ORD001767,R034,Rider022,2024-01-06 15:20:00,15,True,False,39.89359782639578,116.42991087883748,39.86870203135637,116.42224986962574,39.88685398692913,116.39370765445501,6.01,2.84,3.17,日料,33.0,33.51834967555802,False,9,0,4.5,晴天,1.0,0.33,1.16,34,4.0,1,0.71,96,58.5,10.3,无电梯高楼层; 新餐厅备餐波动
ORD001768,R022,Rider007,2024-01-06 20:36:00,20,True,False,39.90170534089442,116.39025117856607,39.92367260197888,116.37071379389974,39.8812319420477,116.34772102698165,8.06,2.96,5.11,快餐,22.8,35.26115634579203,True,19,0,3.6,多云,1.0,0.35,1.18,20,3.7,1,0.76,91,54.2,14.1,新餐厅备餐波动
ORD001769,R044,Rider019,2024-01-02 19:26:00,19,False,True,39.94479286211584,116.42193170902426,39.93937307347177,116.4233420003288,39.93266459512356,116.36241431632648,5.87,0.61,5.26,火锅,15.0,22.057001094274955,True,30,0,4.1,小雨,1.15,0.98,1.49,28,3.9,0,0.88,1668,55.2,20.1,天气影响(小雨); 交通拥堵; 用餐高峰期
ORD001770,R012,Rider006,2024-01-01 09:40:00,9,False,False,39.94106846511524,116.39567322628152,39.9031252188267,116.45433930967441,39.8754622311499,116.39886211393153,12.2,6.55,5.65,西餐,26.0,33.887946966107265,True,25,1,6.4,晴天,1.0,0.94,1.47,27,3.9,0,0.85,1677,73.6,19.5,交通拥堵; 写字楼电梯等待
ORD001771,R040,Rider017,2024-01-03 09:23:00,9,False,False,39.86149421190258,116.38792654445471,39.91551888796381,116.45694052959438,39.9178982767203,116.48386118426038,10.73,8.42,2.32,西餐,24.8,25.065746280570824,True,26,0,2.8,晴天,1.0,0.71,1.36,3,4.3,0,0.85,1199,69.2,15.9,交通拥堵
ORD001772,R038,Rider003,2024-01-01 15:44:00,15,False,False,39.877110233384684,116.35685217633092,39.93564059231985,116.38854290757573,39.97674666303516,116.42358331580469,12.5,7.04,5.46,中餐,17.3,31.852540651193344,True,2,0,0.7,多云,1.0,0.08,1.04,12,4.5,0,0.85,1469,42.5,1.0,无
ORD001773,R010,Rider017,2024-01-06 10:15:00,10,True,False,39.984546540443624,116.43886538538109,39.89798502329687,116.38869567815044,39.9178982767203,116.48386118426038,18.96,10.52,8.43,烧烤,13.3,23.64291902451032,True,10,1,1.7,多云,1.0,0.45,1.22,3,4.3,1,0.79,43,69.6,6.5,新餐厅备餐波动
ORD001774,R004,Rider014,2024-01-07 09:04:00,9,True,False,39.894449171184455,116.48153381174181,39.90622584614064,116.3646575544136,39.93387852066118,116.46646634501718,19.31,10.08,9.23,火锅,14.1,20.36876529325702,True,18,0,3.5,晴天,1.0,0.45,1.22,10,4.9,0,0.76,1942,93.5,19.0,无
ORD001775,R039,Rider023,2024-01-05 22:21:00,22,False,False,39.92172617707308,116.44434822193088,39.95763873231079,116.38707752996855,39.93964254240985,116.40191688715832,8.68,6.31,2.37,火锅,45.5,19.687427139738183,True,30,0,3.1,雪,1.4,0.38,1.19,33,4.7,1,0.77,57,125.9,50.9,天气影响(雪); 新餐厅备餐波动
ORD001776,R026,Rider016,2024-01-03 18:37:00,18,False,True,39.86916060325953,116.43928352061522,39.960173235334345,116.42161498762735,39.917836887942364,116.40394345972673,15.16,10.22,4.94,快餐,17.8,31.594817570358742,True,27,1,7.0,大雨,1.35,0.85,1.42,13,3.6,0,0.8,260,102.7,49.2,天气影响(大雨); 交通拥堵; 写字楼电梯等待; 用餐高峰期
ORD001777,R049,Rider019,2024-01-07 18:01:00,18,True,True,39.97888660360859,116.44341742513532,39.93551026936107,116.41426935614565,39.93266459512356,116.36241431632648,9.87,5.42,4.44,快餐,31.4,16.848190069690368,True,5,1,1.7,晴天,1.0,0.57,1.28,28,3.9,0,0.8,1818,82.6,14.4,用餐高峰期
ORD001778,R019,Rider024,2024-01-01 16:52:00,16,False,False,39.87953861651683,116.4235499110294,39.94131048218809,116.36460563345823,39.836064702425794,116.40517809204412,20.7,8.51,12.19,日料,11.4,22.99815970369799,True,24,0,2.6,晴天,1.0,0.34,1.17,5,5.0,0,0.87,829,79.1,11.2,无
ORD001779,R022,Rider005,2024-01-01 23:20:00,23,False,False,39.89687305977609,116.28967869081792,39.92367260197888,116.37071379389974,39.846276626340114,116.35110144902494,16.3,7.54,8.76,快餐,22.8,19.408671208172493,True,30,0,3.1,多云,1.0,0.39,1.19,17,4.9,1,0.76,91,98.5,22.2,新餐厅备餐波动
ORD001780,R014,Rider002,2024-01-06 15:32:00,15,True,False,39.958982442724086,116.43884229702199,39.89783515734865,116.39459393617881,39.94914167126766,116.49312820752455,17.94,7.77,10.17,烧烤,39.2,25.559798331937227,False,11,1,5.5,晴天,1.0,0.33,1.16,23,4.7,1,0.82,66,102.9,16.1,无电梯高楼层; 写字楼电梯等待; 新餐厅备餐波动
ORD001781,R020,Rider020,2024-01-01 11:07:00,11,False,True,39.94344775452397,116.4028411423739,39.927930958411295,116.38011837635615,39.95521852994615,116.403737357574,6.24,2.6,3.64,西餐,45.1,21.72744039986087,True,25,1,5.1,大雨,1.35,0.79,1.4,12,4.7,0,0.9,297,120.4,52.9,天气影响(大雨); 交通拥堵; 写字楼电梯等待; 用餐高峰期
ORD001782,R003,Rider024,2024-01-02 19:03:00,19,False,True,39.90902268823225,116.39323980199546,39.90486665479836,116.3945662125919,39.836064702425794,116.40517809204412,8.17,0.48,7.69,烧烤,29.3,23.839758958711368,True,4,0,0.5,小雨,1.15,0.98,1.49,5,5.0,0,0.76,799,84.3,33.9,天气影响(小雨); 交通拥堵; 用餐高峰期
ORD001783,R003,Rider017,2024-01-06 09:45:00,9,True,False,39.9229000990775,116.41841141367135,39.90486665479836,116.3945662125919,39.9178982767203,116.48386118426038,10.63,2.86,7.77,烧烤,31.7,20.716332476091594,True,27,0,3.4,晴天,1.0,0.24,1.12,3,4.3,0,0.76,799,74.9,9.1,无
ORD001784,R040,Rider022,2024-01-06 20:41:00,20,True,False,39.88934928701738,116.34726781266866,39.91551888796381,116.45694052959438,39.88685398692913,116.39370765445501,16.09,9.82,6.27,西餐,24.9,25.095615355815422,True,2,0,1.6,多云,1.0,0.35,1.18,34,4.0,0,0.85,1199,83.0,18.1,无
ORD001785,R006,Rider025,2024-01-07 16:09:00,16,True,False,39.920447242723995,116.42869444173657,39.897316486385044,116.41908046739768,39.85202121997981,116.4341869019532,7.89,2.7,5.19,中餐,32.5,23.656383985503584,True,10,0,1.4,小雨,1.15,0.45,1.23,23,3.7,0,0.82,1513,83.2,29.3,天气影响(小雨)
ORD001786,R026,Rider016,2024-01-03 22:28:00,22,False,False,39.901544255582614,116.40428226372877,39.960173235334345,116.42161498762735,39.917836887942364,116.40394345972673,11.61,6.68,4.94,快餐,11.0,28.568929589876486,True,2,1,0.7,多云,1.0,0.48,1.24,13,3.6,0,0.8,260,42.2,6.1,无
ORD001787,R029,Rider022,2024-01-02 14:37:00,14,False,False,39.889402247327844,116.42809194167006,39.929703617463716,116.41923019854394,39.88685398692913,116.39370765445501,9.77,4.54,5.23,快餐,11.1,26.871994249625402,True,17,0,3.5,多云,1.0,0.33,1.17,34,4.0,0,0.86,1639,43.3,6.9,无
ORD001788,R003,Rider011,2024-01-05 16:08:00,16,False,False,39.82946903867342,116.41672143832298,39.90486665479836,116.3945662125919,39.99179211732871,116.37506806858579,18.38,8.58,9.79,烧烤,20.6,23.278175049383183,True,1,0,0.9,多云,1.0,0.27,1.14,28,4.5,0,0.76,799,71.2,2.3,无
ORD001789,R003,Rider013,2024-01-05 18:38:00,18,False,True,39.894425778051705,116.37237972293678,39.90486665479836,116.3945662125919,39.92705390041307,116.44622095280053,7.28,2.22,5.06,烧烤,33.0,26.35021295436574,False,18,1,9.0,小雨,1.15,0.89,1.44,13,4.9,0,0.76,799,106.7,48.1,天气影响(小雨); 交通拥堵; 无电梯高楼层; 写字楼电梯等待; 用餐高峰期
ORD001790,R015,Rider030,2024-01-04 16:05:00,16,False,False,39.93771211851152,116.39254461374938,39.945355864006494,116.41266659881865,39.911325137030445,116.40882541839402,5.71,1.92,3.79,快餐,8.7,31.400780109270755,True,14,0,2.0,小雨,1.15,0.39,1.19,22,3.9,0,0.82,1348,32.2,10.6,天气影响(小雨)
ORD001791,R042,Rider022,2024-01-07 18:09:00,18,True,True,39.91644258135531,116.3697823273073,39.865351725765606,116.4042464448576,39.88685398692913,116.39370765445501,8.94,6.39,2.55,火锅,40.1,32.17981248339458,True,28,0,3.0,晴天,1.0,0.57,1.28,34,4.0,0,0.84,621,80.0,20.2,用餐高峰期
ORD001792,R013,Rider007,2024-01-01 05:11:00,5,False,False,39.92565311385883,116.42599654757232,39.98320584661837,116.37664727333566,39.8812319420477,116.34772102698165,19.25,7.66,11.59,西餐,27.5,31.631811098736822,False,5,0,2.5,多云,1.0,0.23,1.11,20,3.7,0,0.78,330,70.4,4.0,无
ORD001793,R010,Rider012,2024-01-02 16:14:00,16,False,False,39.85324538650693,116.41719385973236,39.89798502329687,116.38869567815044,39.87227059127874,116.35388620704767,9.66,5.53,4.13,烧烤,13.3,24.948955578733468,True,14,1,3.9,小雨,1.15,0.36,1.18,27,4.5,1,0.79,43,59.9,19.5,天气影响(小雨); 写字楼电梯等待; 新餐厅备餐波动
ORD001794,R035,Rider008,2024-01-02 10:46:00,10,False,False,39.89467392964547,116.42692293111324,39.868196047868096,116.44344141332652,39.92497386056965,116.4687095565201,9.93,3.26,6.66,快餐,40.4,30.521849990494665,True,16,0,2.6,大雨,1.35,0.17,1.09,25,4.8,1,0.83,67,87.2,24.7,天气影响(大雨); 新餐厅备餐波动
ORD001795,R021,Rider012,2024-01-07 20:53:00,20,True,False,39.889380553077125,116.34995079012559,39.90504298390045,116.37148738809985,39.87227059127874,116.35388620704767,6.47,2.53,3.94,西餐,10.9,19.902709928818403,False,26,1,13.0,多云,1.0,0.27,1.13,27,4.5,0,0.95,863,60.6,17.2,无电梯高楼层; 写字楼电梯等待
ORD001796,R027,Rider003,2024-01-05 16:50:00,16,False,False,39.93277548088387,116.35641125819046,39.94449504636891,116.38536357050157,39.97674666303516,116.42358331580469,7.64,2.8,4.85,西餐,23.7,35.7929846362145,True,19,0,2.3,多云,1.0,0.27,1.14,12,4.5,0,0.82,787,45.8,7.0,无
ORD001797,R012,Rider026,2024-01-06 09:08:00,9,True,False,39.88412183784765,116.46810006814941,39.9031252188267,116.45433930967441,39.86014992380612,116.42690693099692,7.73,2.42,5.32,西餐,25.6,27.923062541196185,True,2,0,3.1,晴天,1.0,0.24,1.12,25,4.8,0,0.85,1677,55.7,10.4,无
ORD001798,R019,Rider017,2024-01-07 19:51:00,19,True,True,39.96036930494551,116.42332927354975,39.94131048218809,116.36460563345823,39.9178982767203,116.48386118426038,15.97,5.45,10.52,日料,28.2,20.360336507958074,False,11,0,5.5,雪,1.4,0.57,1.28,3,4.3,0,0.87,829,146.9,66.1,天气影响(雪); 无电梯高楼层; 用餐高峰期
ORD001799,R050,Rider004,2024-01-04 18:48:00,18,False,True,39.90597876459917,116.39677788741298,39.9045643952722,116.43532802251922,39.8938632905673,116.45473929280564,5.34,3.3,2.04,快餐,35.1,24.049816601570733,True,17,1,3.2,晴天,1.0,0.95,1.48,9,4.7,0,0.82,798,74.1,22.5,交通拥堵; 写字楼电梯等待; 用餐高峰期
ORD001800,R016,Rider022,2024-01-07 17:24:00,17,True,True,39.88238965855669,116.34883957039554,39.91308360831194,116.4152316581654,39.88685398692913,116.39370765445501,10.07,6.62,3.45,西餐,13.4,24.852977248397018,False,22,0,11.0,小雨,1.15,0.69,1.34,34,4.0,1,0.76,46,82.1,33.4,天气影响(小雨); 交通拥堵; 无电梯高楼层; 用餐高峰期; 新餐厅备餐波动
ORD001801,R026,Rider030,2024-01-07 14:17:00,14,True,False,39.91092481066861,116.48009516658603,39.960173235334345,116.42161498762735,39.911325137030445,116.40882541839402,12.94,7.41,5.53,快餐,11.9,34.203854090284054,True,16,1,8.0,多云,1.0,0.14,1.07,22,3.9,0,0.8,260,48.1,5.5,写字楼电梯等待
ORD001802,R019,Rider028,2024-01-02 12:52:00,12,False,True,39.93176157829228,116.37665178243766,39.94131048218809,116.36460563345823,39.8468364452307,116.39973868704347,12.39,1.48,10.91,日料,23.6,17.296030315636255,False,8,0,4.0,雾,1.25,0.79,1.4,14,4.0,0,0.87,829,123.4,52.9,天气影响(雾); 交通拥堵; 无电梯高楼层; 用餐高峰期
ORD001803,R022,Rider012,2024-01-05 09:46:00,9,False,False,39.91036857614153,116.35097241152903,39.92367260197888,116.37071379389974,39.87227059127874,116.35388620704767,8.13,2.24,5.89,快餐,22.8,25.234711250782304,True,7,0,0.7,晴天,1.0,1.0,1.5,27,4.5,1,0.76,91,68.0,25.1,交通拥堵; 新餐厅备餐波动
ORD001804,R045,Rider023,2024-01-06 10:35:00,10,True,False,39.85511685353024,116.48870640864256,39.93831052255901,116.42080670434322,39.93964254240985,116.40191688715832,12.53,10.91,1.62,日料,23.2,19.44522083206835,False,5,0,2.5,多云,1.0,0.45,1.22,33,4.7,0,0.8,384,83.5,19.1,无
ORD001805,R043,Rider023,2024-01-06 09:47:00,9,True,False,39.93660734535315,116.46385152796918,39.94743819867199,116.36432413546461,39.93964254240985,116.40191688715832,11.92,8.59,3.33,日料,24.7,21.07100291136633,False,6,0,3.0,晴天,1.0,0.24,1.12,33,4.7,0,0.95,1448,72.8,11.2,无电梯高楼层
ORD001806,R016,Rider018,2024-01-03 18:23:00,18,False,True,39.88728683379692,116.4480763045788,39.91308360831194,116.4152316581654,39.88619738114083,116.43231399729389,7.34,4.01,3.32,西餐,13.4,28.158279324816384,True,15,1,2.4,大雨,1.35,0.85,1.42,9,3.7,1,0.76,46,57.3,25.9,天气影响(大雨); 交通拥堵; 写字楼电梯等待; 用餐高峰期; 新餐厅备餐波动
ORD001807,R032,Rider006,2024-01-03 16:55:00,16,False,False,39.90265738724068,116.40732281390305,39.923253376527065,116.37499397389878,39.8754622311499,116.39886211393153,9.27,3.59,5.69,中餐,14.6,26.392229687768573,True,25,0,2.8,雪,1.4,0.2,1.1,27,3.9,0,0.81,589,60.8,22.3,天气影响(雪)
ORD001808,R020,Rider015,2024-01-03 12:20:00,12,False,True,39.902810590762066,116.31938552430842,39.927930958411295,116.38011837635615,39.90125555536833,116.39611115244051,9.16,5.89,3.26,西餐,37.2,19.63083466553476,True,6,0,2.6,多云,1.0,0.64,1.32,18,5.0,0,0.9,297,92.7,25.0,交通拥堵; 用餐高峰期
ORD001809,R050,Rider002,2024-01-03 23:17:00,23,False,False,39.92740399707407,116.493973354907,39.9045643952722,116.43532802251922,39.94914167126766,116.49312820752455,12.61,5.62,6.99,快餐,24.4,21.039137070402507,True,17,0,2.2,晴天,1.0,0.3,1.15,23,4.7,0,0.82,798,70.7,8.1,无
ORD001810,R044,Rider010,2024-01-02 10:13:00,10,False,False,39.88573828572659,116.40024483368322,39.93937307347177,116.4233420003288,39.876127462298896,116.36871555781596,14.71,6.27,8.43,火锅,10.6,21.000084062397633,True,22,0,3.6,大雨,1.35,0.17,1.09,3,4.9,0,0.88,1668,84.1,27.9,天气影响(大雨)
ORD001811,R003,Rider014,2024-01-03 08:21:00,8,False,False,39.92600966637192,116.41686967058307,39.90486665479836,116.3945662125919,39.93387852066118,116.46646634501718,9.96,3.02,6.94,烧烤,21.8,19.726600025890114,True,27,1,5.7,晴天,1.0,0.86,1.43,10,4.9,0,0.76,799,85.1,27.4,交通拥堵; 写字楼电梯等待
ORD001812,R038,Rider015,2024-01-04 06:37:00,6,False,False,39.832322894384724,116.42798334274059,39.93564059231985,116.38854290757573,39.90125555536833,116.39611115244051,15.83,11.96,3.87,中餐,14.5,16.907846208902303,False,12,0,6.0,晴天,1.0,0.48,1.24,18,5.0,0,0.85,1469,97.8,21.1,无电梯高楼层
ORD001813,R010,Rider022,2024-01-02 10:54:00,10,False,False,39.90639641395786,116.40637816112056,39.89798502329687,116.38869567815044,39.88685398692913,116.39370765445501,3.09,1.78,1.31,烧烤,13.3,27.2010845429329,True,8,0,1.1,大雨,1.35,0.17,1.09,34,4.0,1,0.79,43,33.4,12.2,天气影响(大雨); 新餐厅备餐波动
ORD001814,R045,Rider021,2024-01-04 10:30:00,10,False,False,39.92085335508392,116.40259032878319,39.93831052255901,116.42080670434322,39.920748511998084,116.46108354017223,6.44,2.49,3.96,日料,22.7,33.837181264303055,False,26,0,13.0,大雨,1.35,0.44,1.22,23,4.6,0,0.8,384,79.1,32.0,天气影响(大雨); 无电梯高楼层
ORD001815,R031,Rider018,2024-01-02 21:05:00,21,False,False,39.94706638454996,116.35549189626428,39.875714428644635,116.38949308005311,39.88619738114083,116.43231399729389,12.28,8.44,3.84,中餐,35.2,34.40289997984116,False,1,0,0.5,小雨,1.15,0.57,1.29,9,3.7,0,0.86,117,87.1,29.9,天气影响(小雨)
ORD001816,R013,Rider022,2024-01-02 11:58:00,11,False,True,39.85782609464225,116.44606964764475,39.98320584661837,116.37664727333566,39.88685398692913,116.39370765445501,25.93,15.13,10.8,西餐,27.5,27.323101993542714,True,6,1,1.1,多云,1.0,0.94,1.47,34,4.0,0,0.78,330,127.1,41.6,交通拥堵; 用餐高峰期
ORD001817,R004,Rider027,2024-01-04 18:42:00,18,False,True,39.97948313915443,116.46651440795297,39.90622584614064,116.3646575544136,39.886332661172375,116.38837314608125,14.91,11.91,3.0,火锅,18.8,20.67310756621043,False,20,1,10.0,晴天,1.0,0.95,1.48,21,3.8,0,0.76,1942,98.8,26.8,交通拥堵; 无电梯高楼层; 写字楼电梯等待; 用餐高峰期
ORD001818,R048,Rider006,2024-01-02 21:59:00,21,False,False,39.76977902547226,116.49471688161874,39.87933014967234,116.39059456879409,39.8754622311499,116.39886211393153,15.91,15.08,0.83,日料,12.5,34.43315815391395,True,18,1,5.5,小雨,1.15,0.57,1.29,27,3.9,0,0.94,1812,76.5,30.8,天气影响(小雨); 写字楼电梯等待
ORD001819,R028,Rider013,2024-01-05 15:55:00,15,False,False,39.93668277473865,116.39266229031212,39.92038827604751,116.36245113087884,39.92705390041307,116.44622095280053,10.35,3.15,7.2,火锅,10.4,34.15801506853381,True,1,0,1.5,晴天,1.0,0.2,1.1,13,4.9,0,0.86,1899,26.9,0.0,无
ORD001820,R031,Rider014,2024-01-06 22:08:00,22,True,False,39.90803474876716,116.40423444065586,39.875714428644635,116.38949308005311,39.93387852066118,116.46646634501718,13.02,3.8,9.22,中餐,39.9,18.475975752377167,False,20,0,10.0,晴天,1.0,0.58,1.29,10,4.9,0,0.86,117,120.9,28.7,无电梯高楼层
ORD001821,R047,Rider030,2024-01-01 03:41:00,3,False,False,39.870443225915714,116.36204671663891,39.88553288505282,116.39673534077251,39.911325137030445,116.40882541839402,6.45,3.41,3.04,日料,36.4,27.61079895596432,False,29,1,14.5,晴天,1.0,0.2,1.1,22,3.9,0,0.89,512,68.0,3.0,无电梯高楼层; 写字楼电梯等待
ORD001822,R045,Rider022,2024-01-06 18:47:00,18,True,True,39.924018045139974,116.45492408976814,39.93831052255901,116.42080670434322,39.88685398692913,116.39370765445501,9.49,3.32,6.17,日料,31.5,27.247266715843256,True,7,0,0.9,多云,1.0,0.6,1.3,34,4.0,0,0.8,384,70.6,17.4,用餐高峰期
ORD001823,R004,Rider023,2024-01-02 23:51:00,23,False,False,39.93421092829083,116.41204500480208,39.90622584614064,116.3646575544136,39.93964254240985,116.40191688715832,10.0,5.11,4.89,火锅,19.8,20.304213344286282,False,8,0,4.0,晴天,1.0,0.44,1.22,33,4.7,0,0.76,1942,61.5,8.2,无电梯高楼层
ORD001824,R036,Rider002,2024-01-06 10:19:00,10,True,False,39.830384351685865,116.42774045558645,39.91483258755359,116.35099062234642,39.94914167126766,116.49312820752455,24.18,11.45,12.73,日料,20.2,24.15661277087692,True,6,0,1.7,多云,1.0,0.45,1.22,23,4.7,0,0.94,1695,104.9,23.0,无
ORD001825,R047,Rider016,2024-01-01 18:57:00,18,False,True,39.85975844855866,116.38162102547531,39.88553288505282,116.39673534077251,39.917836887942364,116.40394345972673,6.78,3.14,3.64,日料,40.7,29.17679502050831,True,9,0,2.1,多云,1.0,0.75,1.37,13,3.6,0,0.89,512,82.6,25.9,交通拥堵; 用餐高峰期
ORD001826,R020,Rider020,2024-01-04 23:27:00,23,False,False,39.90641694405634,116.39297192138581,39.927930958411295,116.38011837635615,39.95521852994615,116.403737357574,6.27,2.63,3.64,西餐,29.7,17.58732130534502,True,30,0,3.2,小雨,1.15,0.23,1.12,12,4.7,0,0.9,297,66.5,12.3,天气影响(小雨)
ORD001827,R028,Rider012,2024-01-02 07:00:00,7,False,False,39.82609284551392,116.50822602651387,39.92038827604751,116.36245113087884,39.87227059127874,116.35388620704767,21.68,16.28,5.39,火锅,12.3,24.75478369741782,True,11,0,2.2,大雨,1.35,0.92,1.46,27,4.5,0,0.86,1899,138.3,71.3,天气影响(大雨); 交通拥堵
ORD001828,R037,Rider023,2024-01-03 09:42:00,9,False,False,39.87893885858942,116.39425931299043,39.892457945637545,116.42054067792265,39.93964254240985,116.40191688715832,8.18,2.7,5.48,火锅,29.2,19.310079121066625,True,8,0,1.1,晴天,1.0,0.71,1.36,33,4.7,0,0.91,1035,73.3,17.6,交通拥堵
ORD001829,R046,Rider003,2024-01-07 05:30:00,5,True,False,39.95668253804546,116.34028696938886,39.90750898735901,116.3944992384245,39.97674666303516,116.42358331580469,15.24,7.16,8.08,中餐,24.9,36.9651845550608,False,24,0,12.0,小雨,1.15,0.42,1.21,12,4.5,0,0.9,704,84.5,22.9,天气影响(小雨); 无电梯高楼层
ORD001830,R047,Rider001,2024-01-07 16:56:00,16,True,False,39.902838623152014,116.39269108508371,39.88553288505282,116.39673534077251,39.91716665409954,116.40219427782529,5.5,1.95,3.54,日料,33.1,19.717366643427344,False,1,1,0.5,小雨,1.15,0.45,1.23,19,4.2,0,0.89,512,65.6,15.3,天气影响(小雨)
ORD001831,R039,Rider020,2024-01-05 16:58:00,16,False,False,39.855741306540715,116.38866707382114,39.95763873231079,116.38707752996855,39.95521852994615,116.403737357574,12.76,11.31,1.45,火锅,45.5,16.960248114575005,True,11,0,3.2,多云,1.0,0.27,1.14,12,4.7,1,0.77,57,107.4,13.6,新餐厅备餐波动
ORD001832,R008,Rider027,2024-01-02 16:58:00,16,False,False,39.90756535254533,116.41117599213325,39.91802448900446,116.40997770414891,39.886332661172375,116.38837314608125,5.14,1.17,3.97,火锅,21.6,18.875919283170493,True,29,0,3.4,小雨,1.15,0.36,1.18,21,3.8,0,0.81,1280,60.3,19.0,天气影响(小雨)
ORD001833,R044,Rider005,2024-01-05 23:48:00,23,False,False,39.90265801396053,116.40957358183131,39.93937307347177,116.4233420003288,39.846276626340114,116.35110144902494,16.29,4.24,12.04,火锅,14.3,20.86123995603521,True,23,0,2.6,多云,1.0,0.15,1.08,17,4.9,0,0.88,1668,69.6,5.8,无
ORD001834,R050,Rider006,2024-01-01 11:12:00,11,False,True,39.93390262639914,116.38755311679533,39.9045643952722,116.43532802251922,39.8754622311499,116.39886211393153,9.72,5.22,4.49,快餐,38.2,26.301238285574904,True,25,0,3.0,大雨,1.35,0.79,1.4,27,3.9,0,0.82,798,110.2,46.9,天气影响(大雨); 交通拥堵; 用餐高峰期
ORD001835,R006,Rider027,2024-01-05 03:32:00,3,False,False,39.930027770095094,116.43541457641332,39.897316486385044,116.41908046739768,39.886332661172375,116.38837314608125,6.79,3.89,2.9,中餐,33.1,20.89597897921731,True,15,0,1.6,小雨,1.15,0.25,1.13,21,3.8,0,0.82,1513,71.7,17.5,天气影响(小雨)
ORD001836,R014,Rider018,2024-01-06 11:02:00,11,True,True,39.927660079421145,116.35316403204436,39.89783515734865,116.39459393617881,39.88619738114083,116.43231399729389,8.32,4.85,3.48,烧烤,39.2,26.704838578081702,True,1,1,0.9,雪,1.4,0.94,1.47,9,3.7,1,0.82,66,115.5,56.7,天气影响(雪); 交通拥堵; 用餐高峰期; 新餐厅备餐波动
ORD001837,R005,Rider005,2024-01-05 18:04:00,18,False,True,39.904919810389686,116.50808291976752,39.88619238449682,116.4358231946314,39.846276626340114,116.35110144902494,15.02,6.52,8.5,火锅,28.1,19.095454241920006,True,3,1,1.9,小雨,1.15,0.89,1.44,17,4.9,1,0.77,80,132.0,54.8,天气影响(小雨); 交通拥堵; 用餐高峰期; 新餐厅备餐波动
ORD001838,R025,Rider021,2024-01-07 18:12:00,18,True,True,39.849521488193076,116.39569884557262,39.92272922536534,116.4439121239094,39.920748511998084,116.46108354017223,10.6,9.11,1.48,烧烤,15.6,34.948133383903695,True,14,1,2.4,晴天,1.0,0.57,1.28,23,4.6,1,0.83,93,45.9,9.7,写字楼电梯等待; 用餐高峰期; 新餐厅备餐波动
ORD001839,R015,Rider023,2024-01-03 14:59:00,14,False,False,39.83103328974599,116.40082119253987,39.945355864006494,116.41266659881865,39.93964254240985,116.40191688715832,13.85,12.73,1.12,快餐,14.3,20.631040561286365,True,8,0,1.6,晴天,1.0,0.38,1.19,33,4.7,0,0.82,1348,62.0,5.8,无
ORD001840,R023,Rider014,2024-01-06 09:21:00,9,True,False,39.89170996028437,116.39993856393204,39.89349764922696,116.42408365395602,39.93387852066118,116.46646634501718,7.84,2.07,5.76,日料,25.4,16.966628581341734,True,13,1,2.5,晴天,1.0,0.24,1.12,10,4.9,0,0.94,1116,65.7,10.1,写字楼电梯等待
ORD001841,R011,Rider023,2024-01-03 22:20:00,22,False,False,39.87364756002093,116.41778391480099,39.85697534139168,116.42653858829674,39.93964254240985,116.40191688715832,11.41,2.0,9.42,快餐,21.3,20.068773962282354,True,19,0,2.7,多云,1.0,0.48,1.24,33,4.7,0,0.84,1585,75.5,17.3,无
ORD001842,R044,Rider006,2024-01-05 10:36:00,10,False,False,39.87461714836099,116.37620297674108,39.93937307347177,116.4233420003288,39.8754622311499,116.39886211393153,15.64,8.24,7.4,火锅,13.3,31.249454549339994,True,15,0,2.5,小雨,1.15,0.47,1.24,27,3.9,0,0.88,1668,72.5,26.7,天气影响(小雨)
ORD001843,R047,Rider015,2024-01-04 09:27:00,9,False,False,39.94795210052335,116.38969464702336,39.88553288505282,116.39673534077251,39.90125555536833,116.39611115244051,8.7,6.96,1.75,日料,32.1,17.543195225694692,True,7,0,0.8,晴天,1.0,0.96,1.48,18,5.0,0,0.89,512,89.4,26.8,交通拥堵
ORD001844,R035,Rider014,2024-01-03 17:11:00,17,False,True,39.91542629779985,116.43981808921889,39.868196047868096,116.44344141332652,39.93387852066118,116.46646634501718,12.81,5.25,7.55,快餐,40.4,18.68912416087083,True,18,0,4.4,多云,1.0,0.85,1.42,10,4.9,1,0.83,67,119.9,34.0,交通拥堵; 用餐高峰期; 新餐厅备餐波动
ORD001845,R017,Rider026,2024-01-07 10:10:00,10,True,False,39.91511770074284,116.42504629204362,39.899361428650025,116.41952152570443,39.86014992380612,116.42690693099692,6.21,1.81,4.4,中餐,31.1,28.86338158826402,False,8,0,4.0,多云,1.0,0.31,1.15,25,4.8,0,0.91,1236,57.4,9.4,无电梯高楼层
ORD001846,R041,Rider010,2024-01-01 10:08:00,10,False,False,39.88328974697237,116.38963943537782,39.883799869976464,116.39949782465398,39.876127462298896,116.36871555781596,3.61,0.85,2.77,中餐,27.1,21.202766408856675,False,23,0,11.5,晴天,1.0,0.46,1.23,3,4.9,1,0.85,78,62.9,14.1,无电梯高楼层; 新餐厅备餐波动
ORD001847,R028,Rider011,2024-01-06 16:24:00,16,True,False,39.92741972685282,116.39127923068052,39.92038827604751,116.36245113087884,39.99179211732871,116.37506806858579,10.59,2.59,8.0,火锅,10.8,22.03399123772457,False,3,0,1.5,多云,1.0,0.24,1.12,28,4.5,0,0.86,1899,43.1,1.9,无
ORD001848,R001,Rider021,2024-01-01 16:36:00,16,False,False,39.965391533520474,116.42287919447062,39.91910142459034,116.40325207096485,39.920748511998084,116.46108354017223,10.35,5.41,4.95,西餐,28.7,29.265524749101957,True,6,0,1.2,晴天,1.0,0.34,1.17,23,4.6,0,0.89,1738,58.7,7.5,无
ORD001849,R004,Rider026,2024-01-03 17:39:00,17,False,True,39.89999897187621,116.3885625421912,39.90622584614064,116.3646575544136,39.86014992380612,116.42690693099692,9.54,2.16,7.38,火锅,20.2,27.92700363898388,False,1,0,0.5,多云,1.0,0.85,1.42,25,4.8,0,0.76,1942,59.2,18.0,交通拥堵; 用餐高峰期
ORD001850,R042,Rider016,2024-01-06 17:11:00,17,True,True,39.87837604951142,116.4319809003759,39.865351725765606,116.4042464448576,39.917836887942364,116.40394345972673,8.61,2.78,5.83,火锅,42.6,31.77972252032702,False,7,1,3.5,雾,1.25,0.53,1.27,13,3.6,0,0.84,621,100.8,38.5,天气影响(雾); 无电梯高楼层; 用餐高峰期
ORD001851,R049,Rider024,2024-01-04 23:20:00,23,False,False,39.902873316825975,116.39900246776843,39.93551026936107,116.41426935614565,39.836064702425794,116.40517809204412,14.92,3.85,11.07,快餐,18.5,28.274134552123698,True,23,0,3.2,小雨,1.15,0.23,1.12,5,5.0,0,0.8,1818,73.5,20.1,天气影响(小雨)
ORD001852,R014,Rider011,2024-01-07 20:09:00,20,True,False,39.84859181043865,116.38249330812381,39.89783515734865,116.39459393617881,39.99179211732871,116.37506806858579,16.13,5.56,10.56,烧烤,39.2,28.547392835432763,True,3,0,1.4,多云,1.0,0.27,1.13,28,4.5,1,0.82,66,81.9,7.4,新餐厅备餐波动
ORD001853,R031,Rider002,2024-01-07 19:17:00,19,True,True,39.899849392116195,116.40935771315982,39.875714428644635,116.38949308005311,39.94914167126766,116.49312820752455,15.21,3.17,12.04,中餐,44.2,24.23404112272112,True,27,0,3.2,雪,1.4,0.57,1.28,23,4.7,0,0.86,117,163.1,78.0,天气影响(雪); 用餐高峰期
ORD001854,R034,Rider022,2024-01-06 22:08:00,22,True,False,39.97900310390023,116.33068300723589,39.86870203135637,116.42224986962574,39.88685398692913,116.39370765445501,17.7,14.54,3.17,日料,33.0,33.295202207312435,True,8,0,2.2,晴天,1.0,0.58,1.29,34,4.0,1,0.71,96,89.9,22.8,新餐厅备餐波动
ORD001855,R018,Rider005,2024-01-06 18:02:00,18,True,True,39.856788793473164,116.45299568545992,39.93680181069118,116.43754960642107,39.846276626340114,116.35110144902494,21.46,8.98,12.48,日料,14.9,18.588247710026067,True,19,1,3.5,多云,1.0,0.6,1.3,17,4.9,1,0.74,11,108.7,21.0,写字楼电梯等待; 用餐高峰期; 新餐厅备餐波动
ORD001856,R008,Rider016,2024-01-05 22:36:00,22,False,False,39.87947691661052,116.35431986894568,39.91802448900446,116.40997770414891,39.917836887942364,116.40394345972673,6.92,6.4,0.52,火锅,21.2,25.906267408551503,False,4,0,2.0,雪,1.4,0.38,1.19,13,3.6,0,0.81,1280,63.9,24.7,天气影响(雪)
ORD001857,R030,Rider025,2024-01-04 16:03:00,16,False,False,39.898051201297335,116.36285926867991,39.89749611644023,116.42882001482276,39.85202121997981,116.4341869019532,10.71,5.64,5.07,日料,16.1,20.80967257600536,False,25,0,12.5,小雨,1.15,0.39,1.19,23,3.7,1,0.76,62,73.2,13.6,天气影响(小雨); 无电梯高楼层; 新餐厅备餐波动
ORD001858,R020,Rider006,2024-01-02 13:27:00,13,False,True,39.921917751900544,116.47591191399275,39.927930958411295,116.38011837635615,39.8754622311499,116.39886211393153,14.26,8.22,6.04,西餐,39.9,27.921501104238445,True,20,0,2.6,晴天,1.0,0.91,1.46,27,3.9,0,0.9,297,102.0,28.8,交通拥堵; 用餐高峰期
ORD001859,R034,Rider026,2024-01-03 18:30:00,18,False,True,39.87360523077584,116.42713495242499,39.86870203135637,116.42224986962574,39.86014992380612,116.42690693099692,1.72,0.69,1.03,日料,33.0,26.559776626474246,False,24,0,12.0,大雨,1.35,0.85,1.42,25,4.8,1,0.71,96,88.1,39.3,天气影响(大雨); 交通拥堵; 无电梯高楼层; 用餐高峰期; 新餐厅备餐波动
ORD001860,R046,Rider022,2024-01-07 20:09:00,20,True,False,39.79642399346508,116.41978839490586,39.90750898735901,116.3944992384245,39.88685398692913,116.39370765445501,14.82,12.52,2.29,中餐,24.1,32.265236924088846,False,14,1,7.0,多云,1.0,0.27,1.13,34,4.0,0,0.9,704,58.8,0.2,无电梯高楼层; 写字楼电梯等待
ORD001861,R020,Rider014,2024-01-02 16:45:00,16,False,False,40.01688904736204,116.45924358022818,39.927930958411295,116.38011837635615,39.93387852066118,116.46646634501718,19.38,11.97,7.41,西餐,30.1,20.159108194897907,True,6,0,1.5,小雨,1.15,0.36,1.18,10,4.9,0,0.9,297,110.0,20.6,天气影响(小雨)
ORD001862,R030,Rider028,2024-01-01 18:07:00,18,False,True,39.9357881906786,116.43364820645034,39.89749611644023,116.42882001482276,39.8468364452307,116.39973868704347,10.42,4.27,6.15,日料,16.1,21.76252251248086,True,23,0,2.4,多云,1.0,0.75,1.37,14,4.0,1,0.76,62,57.5,10.3,交通拥堵; 用餐高峰期; 新餐厅备餐波动
ORD001863,R041,Rider018,2024-01-04 22:12:00,22,False,False,39.884780521820076,116.46334930127243,39.883799869976464,116.39949782465398,39.88619738114083,116.43231399729389,8.28,5.46,2.82,中餐,27.1,33.6141274499479,False,13,0,6.5,多云,1.0,0.71,1.35,9,3.7,1,0.85,78,62.3,14.0,交通拥堵; 无电梯高楼层; 新餐厅备餐波动
ORD001864,R044,Rider010,2024-01-04 16:16:00,16,False,False,39.88688415146863,116.3602254540294,39.93937307347177,116.4233420003288,39.876127462298896,116.36871555781596,16.38,7.94,8.43,火锅,9.9,20.553274809104582,True,29,1,4.9,小雨,1.15,0.39,1.19,3,4.9,0,0.88,1668,93.8,31.2,天气影响(小雨); 写字楼电梯等待
ORD001865,R018,Rider014,2024-01-04 16:24:00,16,False,False,39.87215190192818,116.44843410638697,39.93680181069118,116.43754960642107,39.93387852066118,116.46646634501718,9.73,7.24,2.49,日料,14.9,19.99160530000167,True,2,1,0.8,小雨,1.15,0.39,1.19,10,4.9,1,0.74,11,54.9,9.9,天气影响(小雨); 新餐厅备餐波动
ORD001866,R014,Rider017,2024-01-05 12:17:00,12,False,True,39.94644655685784,116.39627806937028,39.89783515734865,116.39459393617881,39.9178982767203,116.48386118426038,13.35,5.4,7.95,烧烤,39.2,21.591649309677166,False,12,0,6.0,多云,1.0,0.8,1.4,3,4.3,1,0.82,66,116.2,33.8,交通拥堵; 无电梯高楼层; 用餐高峰期; 新餐厅备餐波动
ORD001867,R005,Rider017,2024-01-07 15:43:00,15,True,False,39.89061822727784,116.47760044078676,39.88619238449682,116.4358231946314,39.9178982767203,116.48386118426038,9.02,3.61,5.41,火锅,28.1,21.777607022996083,True,30,1,5.4,小雨,1.15,0.26,1.13,3,4.3,1,0.77,80,71.2,12.8,天气影响(小雨); 写字楼电梯等待; 新餐厅备餐波动
ORD001868,R038,Rider008,2024-01-05 14:01:00,14,False,False,39.884028979744656,116.43164814307627,39.93564059231985,116.38854290757573,39.92497386056965,116.4687095565201,13.77,6.81,6.95,中餐,11.4,33.95018786080236,True,14,0,1.7,多云,1.0,0.36,1.18,25,4.8,0,0.85,1469,40.8,3.4,无
ORD001869,R013,Rider007,2024-01-07 11:05:00,11,True,True,39.918422824039276,116.39056669316437,39.98320584661837,116.37664727333566,39.8812319420477,116.34772102698165,18.88,7.29,11.59,西餐,28.9,35.38307273389644,True,3,1,1.8,晴天,1.0,0.67,1.34,20,3.7,0,0.78,330,73.1,10.4,交通拥堵; 用餐高峰期
ORD001870,R007,Rider011,2024-01-03 22:58:00,22,False,False,39.875939263838845,116.40574103452076,39.926353997399865,116.4125410484357,39.99179211732871,116.37506806858579,13.57,5.63,7.94,火锅,41.2,25.126150601954915,False,9,0,4.5,多云,1.0,0.48,1.24,28,4.5,1,0.71,49,95.6,17.5,无电梯高楼层; 新餐厅备餐波动
ORD001871,R045,Rider003,2024-01-06 15:07:00,15,True,False,39.901245533087256,116.43258744140417,39.93831052255901,116.42080670434322,39.97674666303516,116.42358331580469,8.51,4.24,4.27,日料,24.8,30.62250836057314,False,13,0,6.5,晴天,1.0,0.33,1.16,12,4.5,0,0.8,384,51.4,3.4,无电梯高楼层
ORD001872,R039,Rider026,2024-01-07 12:12:00,12,True,True,39.91413107920441,116.46276317081575,39.95763873231079,116.38707752996855,39.86014992380612,116.42690693099692,19.42,8.07,11.35,火锅,45.5,22.906632033023868,True,29,0,5.0,大雨,1.35,0.9,1.45,25,4.8,1,0.77,57,202.8,101.5,天气影响(大雨); 交通拥堵; 用餐高峰期; 新餐厅备餐波动
ORD001873,R045,Rider030,2024-01-03 20:53:00,20,False,False,39.918720099303385,116.44995800990847,39.93831052255901,116.42080670434322,39.911325137030445,116.40882541839402,6.47,3.31,3.17,日料,22.4,31.930469629380028,False,12,1,6.0,晴天,1.0,0.45,1.23,22,3.9,0,0.8,384,51.6,11.0,无电梯高楼层; 写字楼电梯等待
ORD001874,R022,Rider019,2024-01-03 06:08:00,6,False,False,39.846932688817674,116.4025180321418,39.92367260197888,116.37071379389974,39.93266459512356,116.36241431632648,10.17,8.94,1.22,快餐,22.8,16.857689916087104,True,19,0,2.7,雾,1.25,0.38,1.19,28,3.9,1,0.76,91,86.3,24.6,天气影响(雾); 新餐厅备餐波动
ORD001875,R002,Rider028,2024-01-05 13:49:00,13,False,True,39.93961421418017,116.47218184917664,39.95157638446523,116.43042304187458,39.8468364452307,116.39973868704347,15.73,3.81,11.92,日料,14.4,22.434365182201745,True,16,1,6.2,小雨,1.15,0.81,1.41,14,4.0,1,0.82,47,89.6,27.0,天气影响(小雨); 交通拥堵; 写字楼电梯等待; 用餐高峰期; 新餐厅备餐波动
ORD001876,R018,Rider020,2024-01-07 09:24:00,9,True,False,39.93416835826398,116.45194205230983,39.93680181069118,116.43754960642107,39.95521852994615,116.403737357574,4.8,1.26,3.54,日料,14.9,23.08281059327545,True,8,1,1.3,晴天,1.0,0.45,1.22,12,4.7,1,0.74,11,35.2,6.5,新餐厅备餐波动
ORD001877,R039,Rider015,2024-01-05 10:52:00,10,False,False,39.8039318309817,116.35505091842037,39.95763873231079,116.38707752996855,39.90125555536833,116.39611115244051,23.59,17.28,6.31,火锅,45.5,21.68313715173957,True,24,0,3.3,小雨,1.15,0.47,1.24,18,5.0,1,0.77,57,168.0,53.9,天气影响(小雨); 新餐厅备餐波动
ORD001878,R031,Rider025,2024-01-06 09:11:00,9,True,False,39.9431828663291,116.42663679504767,39.875714428644635,116.38949308005311,39.85202121997981,116.4341869019532,12.78,8.14,4.64,中餐,34.7,21.316770550022618,False,20,0,10.0,晴天,1.0,0.24,1.12,23,3.7,0,0.86,117,78.0,0.0,无电梯高楼层
ORD001879,R039,Rider003,2024-01-03 19:42:00,19,False,True,39.886564888945514,116.36438994816179,39.95763873231079,116.38707752996855,39.97674666303516,116.42358331580469,11.9,8.13,3.77,火锅,45.5,30.566345474722308,True,15,1,2.3,晴天,1.0,0.73,1.37,12,4.5,1,0.77,57,100.2,29.1,交通拥堵; 写字楼电梯等待; 用餐高峰期; 新餐厅备餐波动
ORD001880,R036,Rider014,2024-01-05 09:12:00,9,False,False,39.93440769576683,116.36024951251196,39.91483258755359,116.35099062234642,39.93387852066118,116.46646634501718,12.41,2.31,10.1,日料,20.5,19.7613520899972,True,8,0,1.2,晴天,1.0,1.0,1.5,10,4.9,0,0.94,1695,84.7,25.4,交通拥堵
ORD001881,R018,Rider025,2024-01-05 09:45:00,9,False,False,39.98636911612166,116.41235041258912,39.93680181069118,116.43754960642107,39.85202121997981,116.4341869019532,15.33,5.91,9.42,日料,14.9,18.006539057679696,True,4,0,1.0,晴天,1.0,1.0,1.5,23,3.7,1,0.74,11,94.2,27.3,交通拥堵; 新餐厅备餐波动
ORD001882,R033,Rider003,2024-01-05 16:59:00,16,False,False,39.867608361243526,116.44245733062901,39.91675918407518,116.3855546225191,39.97674666303516,116.42358331580469,14.72,7.31,7.41,中餐,11.2,29.511454764238238,True,15,0,2.7,多云,1.0,0.27,1.14,12,4.5,0,0.82,637,50.5,6.7,无
ORD001883,R009,Rider015,2024-01-05 16:12:00,16,False,False,39.90429521741915,116.40289306567026,39.84792969683381,116.3663965358334,39.90125555536833,116.39611115244051,13.44,6.99,6.44,西餐,25.4,16.983140513416352,True,2,0,0.7,多云,1.0,0.27,1.14,18,5.0,0,0.75,1622,81.5,7.9,无
ORD001884,R049,Rider029,2024-01-02 12:49:00,12,False,True,39.910700906359615,116.3741940851452,39.93551026936107,116.41426935614565,39.9827701186798,116.39951113316586,9.79,4.4,5.4,快餐,24.4,23.909385520106703,True,1,0,1.8,雾,1.25,0.79,1.4,30,3.7,0,0.8,1818,88.9,38.1,天气影响(雾); 交通拥堵; 用餐高峰期
ORD001885,R006,Rider021,2024-01-02 05:53:00,5,False,False,39.844870163531255,116.44558047592858,39.897316486385044,116.41908046739768,39.920748511998084,116.46108354017223,10.68,6.25,4.43,中餐,30.0,30.760678353953423,True,5,0,2.4,晴天,1.0,0.23,1.12,23,4.6,0,0.82,1513,59.1,5.8,无
ORD001886,R011,Rider004,2024-01-07 15:52:00,15,True,False,39.89481918421813,116.43792714291166,39.85697534139168,116.42653858829674,39.8938632905673,116.45473929280564,9.07,4.31,4.75,快餐,8.7,24.770684452486137,True,23,1,3.9,小雨,1.15,0.26,1.13,9,4.7,0,0.84,1585,46.7,12.2,天气影响(小雨); 写字楼电梯等待
ORD001887,R019,Rider015,2024-01-07 20:13:00,20,True,False,39.87761472697073,116.39641111874553,39.94131048218809,116.36460563345823,39.90125555536833,116.39611115244051,12.78,7.58,5.2,日料,16.1,19.74653482528049,True,7,1,1.1,多云,1.0,0.27,1.13,18,5.0,0,0.87,829,65.8,9.7,无
ORD001888,R045,Rider030,2024-01-02 09:40:00,9,False,False,39.889830454982885,116.47939554548044,39.93831052255901,116.42080670434322,39.911325137030445,116.40882541839402,10.52,7.35,3.17,日料,19.6,33.40624359260087,True,10,0,1.8,晴天,1.0,0.94,1.47,22,3.9,0,0.8,384,64.8,24.5,交通拥堵
ORD001889,R037,Rider015,2024-01-07 15:00:00,15,True,False,39.87655658239433,116.41585794963741,39.892457945637545,116.42054067792265,39.90125555536833,116.39611115244051,4.12,1.81,2.31,火锅,26.2,20.727333840288434,True,23,0,3.0,小雨,1.15,0.26,1.13,18,5.0,0,0.91,1035,53.4,12.2,天气影响(小雨)
ORD001890,R050,Rider002,2024-01-01 13:02:00,13,False,True,39.9388271139299,116.45091225213486,39.9045643952722,116.43532802251922,39.94914167126766,116.49312820752455,11.02,4.03,6.99,快餐,40.7,25.81114110765733,False,19,1,9.5,晴天,1.0,0.99,1.49,23,4.7,0,0.82,798,117.1,41.3,交通拥堵; 无电梯高楼层; 写字楼电梯等待; 用餐高峰期
ORD001891,R014,Rider014,2024-01-02 15:14:00,15,False,False,39.91210531162029,116.41661743603288,39.89783515734865,116.39459393617881,39.93387852066118,116.46646634501718,9.79,2.46,7.33,烧烤,39.2,20.717437937524252,True,10,0,1.6,小雨,1.15,0.35,1.17,10,4.9,1,0.82,66,92.9,23.7,天气影响(小雨); 新餐厅备餐波动
ORD001892,R042,Rider023,2024-01-01 19:24:00,19,False,True,39.916716671314546,116.34963371043445,39.865351725765606,116.4042464448576,39.93964254240985,116.40191688715832,15.62,7.37,8.25,火锅,45.3,23.00219416224089,True,6,1,1.8,多云,1.0,0.92,1.46,33,4.7,0,0.84,621,135.0,47.2,交通拥堵; 用餐高峰期
ORD001893,R038,Rider017,2024-01-06 10:11:00,10,True,False,39.8888259305587,116.44353541552601,39.93564059231985,116.38854290757573,39.9178982767203,116.48386118426038,15.39,7.01,8.38,中餐,17.4,24.222410225713794,False,20,0,10.0,多云,1.0,0.45,1.22,3,4.3,0,0.85,1469,77.8,12.3,无电梯高楼层
ORD001894,R033,Rider017,2024-01-04 10:28:00,10,False,False,39.87130048389373,116.4554975017375,39.91675918407518,116.3855546225191,39.9178982767203,116.48386118426038,16.23,7.83,8.41,中餐,14.2,20.503752324047028,True,2,1,3.1,大雨,1.35,0.44,1.22,3,4.3,0,0.82,637,95.7,30.9,天气影响(大雨)
ORD001895,R004,Rider011,2024-01-07 15:34:00,15,True,False,39.90368370911738,116.45998188610615,39.90622584614064,116.3646575544136,39.99179211732871,116.37506806858579,17.7,8.16,9.54,火锅,11.6,26.389892739922153,True,6,0,0.8,小雨,1.15,0.26,1.13,28,4.5,0,0.76,1942,62.4,9.7,天气影响(小雨)
ORD001896,R011,Rider027,2024-01-02 09:43:00,9,False,False,39.894171445195056,116.42495801953112,39.85697534139168,116.42653858829674,39.886332661172375,116.38837314608125,8.75,4.13,4.61,快餐,11.6,21.15934321459701,True,19,0,2.9,晴天,1.0,0.94,1.47,21,3.8,0,0.84,1585,68.8,29.5,交通拥堵
ORD001897,R029,Rider030,2024-01-01 04:34:00,4,False,False,39.94703122233633,116.38514008761736,39.929703617463716,116.41923019854394,39.911325137030445,116.40882541839402,5.72,3.49,2.23,快餐,12.1,31.85708903531334,True,17,1,4.5,多云,1.0,0.31,1.16,22,3.9,0,0.86,1639,37.2,9.8,写字楼电梯等待
ORD001898,R043,Rider010,2024-01-02 19:54:00,19,False,True,39.904647690269584,116.39161137143616,39.94743819867199,116.36432413546461,39.876127462298896,116.36871555781596,13.22,5.29,7.93,日料,29.4,18.704040033916232,True,27,0,3.0,小雨,1.15,0.98,1.49,3,4.9,0,0.95,1448,121.9,47.1,天气影响(小雨); 交通拥堵; 用餐高峰期
ORD001899,R043,Rider019,2024-01-07 12:58:00,12,True,True,39.975873089320714,116.42321919399765,39.94743819867199,116.36432413546461,39.93266459512356,116.36241431632648,7.59,5.94,1.65,日料,29.4,21.949235263568443,True,21,0,3.8,大雨,1.35,0.9,1.45,28,3.9,0,0.95,1448,106.3,52.4,天气影响(大雨); 交通拥堵; 用餐高峰期
ORD001900,R031,Rider016,2024-01-06 15:15:00,15,True,False,39.855086004817736,116.32341492509772,39.875714428644635,116.38949308005311,39.917836887942364,116.40394345972673,10.94,6.1,4.84,中餐,30.2,26.858284170391062,True,29,1,6.9,晴天,1.0,0.33,1.16,13,3.6,0,0.86,117,71.2,9.8,写字楼电梯等待
ORD001901,R022,Rider016,2024-01-03 09:05:00,9,False,False,39.84872335215679,116.43964709327393,39.92367260197888,116.37071379389974,39.917836887942364,116.40394345972673,13.11,10.2,2.91,快餐,22.8,29.83024948000293,True,24,1,6.4,晴天,1.0,0.71,1.36,13,3.6,1,0.76,91,83.1,27.5,交通拥堵; 写字楼电梯等待; 新餐厅备餐波动
ORD001902,R045,Rider002,2024-01-03 09:17:00,9,False,False,39.82474822278213,116.33292345353658,39.93831052255901,116.42080670434322,39.94914167126766,116.49312820752455,20.98,14.68,6.3,日料,21.7,25.189511353674305,True,24,1,4.9,晴天,1.0,0.71,1.36,23,4.7,0,0.8,384,106.6,30.0,交通拥堵; 写字楼电梯等待
ORD001903,R017,Rider014,2024-01-02 02:52:00,2,False,False,39.879305162938465,116.44697526098464,39.899361428650025,116.41952152570443,39.93387852066118,116.46646634501718,8.79,3.24,5.55,中餐,32.0,21.18749159909195,True,7,0,1.6,晴天,1.0,0.48,1.24,10,4.9,0,0.91,1236,75.1,16.7,无
ORD001904,R028,Rider001,2024-01-03 08:29:00,8,False,False,39.92491108583491,116.38590909450053,39.92038827604751,116.36245113087884,39.91716665409954,116.40219427782529,5.48,2.07,3.42,火锅,12.5,23.352659938121796,False,28,0,14.0,晴天,1.0,0.86,1.43,19,4.2,0,0.86,1899,63.4,22.8,交通拥堵; 无电梯高楼层
ORD001905,R029,Rider020,2024-01-03 17:58:00,17,False,True,39.9260403468123,116.38235003234409,39.929703617463716,116.41923019854394,39.95521852994615,116.403737357574,6.31,3.18,3.13,快餐,19.0,16.852507160964915,True,26,0,3.3,多云,1.0,0.85,1.42,12,4.7,0,0.86,1639,58.4,13.6,交通拥堵; 用餐高峰期
ORD001906,R050,Rider015,2024-01-04 16:08:00,16,False,False,39.864111874835345,116.51589895041187,39.9045643952722,116.43532802251922,39.90125555536833,116.39611115244051,11.6,8.23,3.37,快餐,26.2,20.934057779524878,True,30,1,5.0,小雨,1.15,0.39,1.19,18,5.0,0,0.82,798,92.5,28.0,天气影响(小雨); 写字楼电梯等待
ORD001907,R009,Rider020,2024-01-06 22:31:00,22,True,False,39.935521416867466,116.33165662691088,39.84792969683381,116.3663965358334,39.95521852994615,116.403737357574,22.5,10.17,12.33,西餐,29.5,21.11263314374437,False,11,1,5.5,晴天,1.0,0.58,1.29,12,4.7,0,0.75,1622,135.7,36.8,无电梯高楼层; 写字楼电梯等待
ORD001908,R047,Rider027,2024-01-02 22:57:00,22,False,False,39.90405398969651,116.40874921148867,39.88553288505282,116.39673534077251,39.886332661172375,116.38837314608125,3.02,2.3,0.72,日料,35.9,19.307843809978948,True,2,0,0.6,多云,1.0,0.49,1.25,21,3.8,0,0.89,512,54.3,8.5,无
ORD001909,R041,Rider017,2024-01-04 04:17:00,4,False,False,39.91333654969188,116.48427726862391,39.883799869976464,116.39949782465398,39.9178982767203,116.48386118426038,16.11,7.96,8.15,中餐,27.1,25.661843156967397,True,21,0,3.2,晴天,1.0,0.2,1.1,3,4.3,1,0.85,78,76.3,8.4,新餐厅备餐波动
ORD001910,R004,Rider018,2024-01-03 23:42:00,23,False,False,39.884404789745034,116.39025799983644,39.90622584614064,116.3646575544136,39.88619738114083,116.43231399729389,9.46,3.27,6.2,火锅,15.1,28.691438256314846,True,26,0,3.1,晴天,1.0,0.3,1.15,9,3.7,0,0.76,1942,40.1,2.1,无
ORD001911,R050,Rider013,2024-01-02 23:01:00,23,False,False,39.861482763474925,116.36599827494236,39.9045643952722,116.43532802251922,39.92705390041307,116.44622095280053,10.28,7.62,2.67,快餐,28.0,29.692834483561164,True,4,0,0.6,晴天,1.0,0.44,1.22,13,4.9,0,0.82,798,57.2,7.9,无
ORD001912,R035,Rider019,2024-01-03 00:25:00,0,False,False,39.84650537507419,116.362109737926,39.868196047868096,116.44344141332652,39.93266459512356,116.36241431632648,17.33,7.36,9.96,快餐,40.4,20.230284740303667,True,4,1,1.0,雾,1.25,0.23,1.12,28,3.9,1,0.83,67,127.3,34.6,天气影响(雾); 新餐厅备餐波动
ORD001913,R025,Rider019,2024-01-01 19:16:00,19,False,True,39.85684578775982,116.34209513015087,39.92272922536534,116.4439121239094,39.93266459512356,116.36241431632648,18.43,11.37,7.05,烧烤,15.6,18.342915189195846,True,21,0,2.3,多云,1.0,0.92,1.46,28,3.9,1,0.83,93,117.1,38.9,交通拥堵; 用餐高峰期; 新餐厅备餐波动
ORD001914,R023,Rider024,2024-01-03 07:04:00,7,False,False,39.95496849123827,116.40523672227049,39.89349764922696,116.42408365395602,39.836064702425794,116.40517809204412,13.59,7.01,6.58,日料,28.1,29.01324853248068,True,25,1,4.0,晴天,1.0,0.83,1.42,5,5.0,0,0.94,1116,83.3,23.1,交通拥堵; 写字楼电梯等待
ORD001915,R014,Rider025,2024-01-01 23:29:00,23,False,False,39.91426044810615,116.40427895323127,39.89783515734865,116.39459393617881,39.85202121997981,116.4341869019532,8.11,2.0,6.11,烧烤,39.2,18.82146290523503,True,7,0,1.7,多云,1.0,0.39,1.19,23,3.7,1,0.82,66,90.1,23.3,新餐厅备餐波动
ORD001916,R035,Rider021,2024-01-05 16:51:00,16,False,False,39.86886921858583,116.41731439436612,39.868196047868096,116.44344141332652,39.920748511998084,116.46108354017223,8.26,2.24,6.03,快餐,40.4,27.839024251113198,False,16,0,8.0,多云,1.0,0.27,1.14,23,4.6,1,0.83,67,74.3,8.1,无电梯高楼层; 新餐厅备餐波动
ORD001917,R032,Rider004,2024-01-01 01:14:00,1,False,False,39.83419762215294,116.48400096969903,39.923253376527065,116.37499397389878,39.8938632905673,116.45473929280564,21.15,13.59,7.56,中餐,11.6,21.81170804506959,False,24,1,12.0,晴天,1.0,0.32,1.16,9,4.7,0,0.81,589,91.8,10.1,无电梯高楼层; 写字楼电梯等待
ORD001918,R045,Rider008,2024-01-06 15:03:00,15,True,False,39.93760832115799,116.40559597167527,39.93831052255901,116.42080670434322,39.92497386056965,116.4687095565201,5.66,1.3,4.35,日料,25.0,28.108699399055766,True,6,1,0.9,晴天,1.0,0.33,1.16,25,4.8,0,0.8,384,42.2,4.2,无
ORD001919,R033,Rider010,2024-01-03 16:09:00,16,False,False,39.86202847277308,116.43541193810813,39.91675918407518,116.3855546225191,39.876127462298896,116.36871555781596,12.16,7.42,4.74,中餐,6.5,17.23255905208601,False,29,0,14.5,雪,1.4,0.2,1.1,3,4.9,0,0.82,637,109.3,46.0,天气影响(雪); 无电梯高楼层
ORD001920,R045,Rider003,2024-01-01 20:56:00,20,False,False,39.90670828114775,116.45789532811379,39.93831052255901,116.42080670434322,39.97674666303516,116.42358331580469,9.0,4.73,4.27,日料,21.7,37.27684927890492,True,3,0,1.6,晴天,1.0,0.32,1.16,12,4.5,0,0.8,384,46.7,8.9,无
ORD001921,R027,Rider008,2024-01-06 04:09:00,4,True,False,39.8150438747264,116.42658695604885,39.94449504636891,116.38536357050157,39.92497386056965,116.4687095565201,22.25,14.8,7.45,西餐,21.7,29.22604388977658,False,3,1,1.5,小雨,1.15,0.41,1.2,25,4.8,0,0.82,787,94.2,25.4,天气影响(小雨)
ORD001922,R041,Rider021,2024-01-01 01:25:00,1,False,False,39.90283943816369,116.43120824130926,39.883799869976464,116.39949782465398,39.920748511998084,116.46108354017223,10.11,3.44,6.68,中餐,27.1,29.08676580992772,False,30,0,15.0,晴天,1.0,0.32,1.16,23,4.6,1,0.85,78,73.0,10.0,无电梯高楼层; 新餐厅备餐波动
ORD001923,R023,Rider024,2024-01-03 10:13:00,10,False,False,39.87121380348653,116.40494899414858,39.89349764922696,116.42408365395602,39.836064702425794,116.40517809204412,9.55,2.97,6.58,日料,26.4,28.77848390262003,True,20,1,4.0,雾,1.25,0.25,1.13,5,5.0,0,0.94,1116,67.2,16.9,天气影响(雾); 写字楼电梯等待
ORD001924,R036,Rider010,2024-01-05 20:03:00,20,False,False,39.87217235052831,116.41355668269696,39.91483258755359,116.35099062234642,39.876127462298896,116.36871555781596,11.7,7.15,4.56,日料,20.4,20.29788132791439,True,15,1,4.2,多云,1.0,0.25,1.13,3,4.9,0,0.94,1695,74.2,15.0,写字楼电梯等待
ORD001925,R008,Rider012,2024-01-03 06:35:00,6,False,False,39.9315769108784,116.42214166747846,39.91802448900446,116.40997770414891,39.87227059127874,116.35388620704767,8.82,1.83,6.99,火锅,22.2,19.085280916787013,True,24,0,4.8,雾,1.25,0.38,1.19,27,4.5,0,0.81,1280,83.6,28.9,天气影响(雾)
ORD001926,R004,Rider030,2024-01-02 13:42:00,13,False,True,39.8597540537851,116.37575235894612,39.90622584614064,116.3646575544136,39.911325137030445,116.40882541839402,9.07,5.25,3.82,火锅,26.7,32.57924340139297,True,3,0,4.1,晴天,1.0,0.91,1.46,22,3.9,0,0.76,1942,68.7,21.2,交通拥堵; 用餐高峰期
ORD001927,R002,Rider008,2024-01-02 20:58:00,20,False,False,39.91227494943528,116.4436788356146,39.95157638446523,116.43042304187458,39.92497386056965,116.4687095565201,8.92,4.51,4.41,日料,14.4,33.31470330655636,True,24,1,6.5,晴天,1.0,0.32,1.16,25,4.8,1,0.82,47,46.0,9.0,写字楼电梯等待; 新餐厅备餐波动
ORD001928,R021,Rider021,2024-01-04 08:29:00,8,False,False,39.90637872646116,116.32632057021009,39.90504298390045,116.37148738809985,39.920748511998084,116.46108354017223,11.72,3.87,7.86,西餐,17.0,35.38904762247021,True,26,0,3.4,晴天,1.0,0.84,1.42,23,4.6,0,0.95,863,59.4,19.1,交通拥堵
ORD001929,R014,Rider010,2024-01-04 17:40:00,17,False,True,39.94385867541113,116.38329456951458,39.89783515734865,116.39459393617881,39.876127462298896,116.36871555781596,8.47,5.2,3.27,烧烤,39.2,21.122471782636207,True,16,0,2.7,晴天,1.0,0.91,1.46,3,4.9,1,0.82,66,98.0,31.9,交通拥堵; 用餐高峰期; 新餐厅备餐波动
ORD001930,R019,Rider024,2024-01-06 10:30:00,10,True,False,39.89386908016517,116.36459449664626,39.94131048218809,116.36460563345823,39.836064702425794,116.40517809204412,17.46,5.27,12.19,日料,22.4,23.046660672114378,True,11,0,2.5,多云,1.0,0.45,1.22,5,5.0,0,0.87,829,89.0,18.7,无
ORD001931,R017,Rider015,2024-01-02 21:12:00,21,False,False,39.94174157326535,116.40105604629885,39.899361428650025,116.41952152570443,39.90125555536833,116.39611115244051,6.98,4.96,2.01,中餐,21.8,20.234340345856225,True,30,0,3.1,小雨,1.15,0.57,1.29,18,5.0,0,0.91,1236,64.9,19.3,天气影响(小雨)
ORD001932,R023,Rider007,2024-01-04 09:06:00,9,False,False,39.89761721151923,116.41524448362466,39.89349764922696,116.42408365395602,39.8812319420477,116.34772102698165,7.56,0.88,6.67,日料,28.1,35.11364548456086,False,30,0,15.0,晴天,1.0,0.96,1.48,20,3.7,0,0.94,1116,85.4,29.4,交通拥堵; 无电梯高楼层
ORD001933,R027,Rider016,2024-01-03 09:01:00,9,False,False,39.8777046409508,116.43141884302445,39.94449504636891,116.38536357050157,39.917836887942364,116.40394345972673,11.76,8.4,3.36,西餐,19.8,29.98581615248709,True,28,0,3.1,晴天,1.0,0.71,1.36,13,3.6,0,0.82,787,64.3,17.9,交通拥堵
ORD001934,R040,Rider028,2024-01-01 12:40:00,12,False,True,39.899346202638526,116.39002812150406,39.91551888796381,116.45694052959438,39.8468364452307,116.39973868704347,15.06,6.0,9.06,西餐,34.1,20.340697885489945,True,2,1,2.1,雪,1.4,0.74,1.37,14,4.0,0,0.85,1199,155.1,74.6,天气影响(雪); 交通拥堵; 用餐高峰期
ORD001935,R009,Rider007,2024-01-01 20:36:00,20,False,False,39.88681461520865,116.35116134965574,39.84792969683381,116.3663965358334,39.8812319420477,116.34772102698165,8.54,4.51,4.03,西餐,21.5,29.71592198402746,True,22,0,3.6,晴天,1.0,0.32,1.16,20,3.7,0,0.75,1622,54.3,11.9,无
ORD001936,R030,Rider024,2024-01-04 10:41:00,10,False,False,39.90426244080125,116.46237874480389,39.89749611644023,116.42882001482276,39.836064702425794,116.40517809204412,10.08,2.97,7.11,日料,16.1,28.92075430898361,True,10,1,6.1,大雨,1.35,0.44,1.22,5,5.0,1,0.76,62,70.5,27.3,天气影响(大雨); 新餐厅备餐波动
ORD001937,R010,Rider007,2024-01-02 15:20:00,15,False,False,39.87067831166538,116.39954142777265,39.89798502329687,116.38869567815044,39.8812319420477,116.34772102698165,7.14,3.17,3.97,烧烤,13.3,36.27743480430405,True,14,1,2.2,小雨,1.15,0.35,1.17,20,3.7,1,0.79,43,34.6,7.4,天气影响(小雨); 写字楼电梯等待; 新餐厅备餐波动
ORD001938,R026,Rider026,2024-01-05 12:33:00,12,False,True,39.83571574008371,116.43174081746977,39.960173235334345,116.42161498762735,39.86014992380612,116.42690693099692,24.96,13.85,11.12,快餐,20.1,24.026677892845306,True,22,0,5.0,多云,1.0,0.8,1.4,25,4.8,0,0.8,260,115.2,27.7,交通拥堵; 用餐高峰期
ORD001939,R016,Rider010,2024-01-03 04:05:00,4,False,False,39.95021564184665,116.44106819640385,39.91308360831194,116.4152316581654,39.876127462298896,116.36871555781596,10.39,4.68,5.72,西餐,13.4,18.205537584153085,True,1,1,3.0,晴天,1.0,0.31,1.16,3,4.9,1,0.76,46,63.4,12.7,新餐厅备餐波动
ORD001940,R047,Rider029,2024-01-07 15:50:00,15,True,False,39.939155091756945,116.45278175820002,39.88553288505282,116.39673534077251,39.9827701186798,116.39951113316586,18.44,7.64,10.8,日料,32.4,26.9861040635663,True,2,0,0.8,小雨,1.15,0.26,1.13,30,3.7,0,0.89,512,98.1,23.9,天气影响(小雨)
ORD001941,R003,Rider020,2024-01-05 09:02:00,9,False,False,39.850109252246966,116.42230863562993,39.90486665479836,116.3945662125919,39.95521852994615,116.403737357574,12.17,6.53,5.65,烧烤,22.6,20.73904141927635,False,24,1,12.0,晴天,1.0,1.0,1.5,12,4.7,0,0.76,799,103.9,34.1,交通拥堵; 无电梯高楼层; 写字楼电梯等待
ORD001942,R035,Rider028,2024-01-02 22:11:00,22,False,False,39.85680437082607,116.38614217665594,39.868196047868096,116.44344141332652,39.8468364452307,116.39973868704347,9.49,5.06,4.43,快餐,40.4,21.10578015599945,True,8,0,1.5,多云,1.0,0.49,1.25,14,4.0,1,0.83,67,89.2,20.3,新餐厅备餐波动
ORD001943,R026,Rider010,2024-01-07 08:56:00,8,True,False,39.88981210869324,116.36531060737967,39.960173235334345,116.42161498762735,39.876127462298896,116.36871555781596,19.55,9.18,10.37,快餐,19.3,17.304160775788073,True,17,0,2.7,晴天,1.0,0.4,1.2,3,4.9,0,0.8,260,107.9,18.1,无
ORD001944,R013,Rider005,2024-01-01 17:16:00,17,False,True,39.88911449896482,116.41031624524824,39.98320584661837,116.37664727333566,39.846276626340114,116.35110144902494,26.2,10.84,15.36,西餐,33.4,24.811165039664317,False,16,0,8.0,多云,1.0,0.8,1.4,17,4.9,0,0.78,330,153.6,48.9,交通拥堵; 无电梯高楼层; 用餐高峰期
ORD001945,R035,Rider012,2024-01-07 12:00:00,12,True,True,39.90423859485485,116.46526213991719,39.868196047868096,116.44344141332652,39.87227059127874,116.35388620704767,12.09,4.42,7.68,快餐,40.4,23.683687629429812,True,28,1,4.4,大雨,1.35,0.9,1.45,27,4.5,1,0.83,67,138.6,63.3,天气影响(大雨); 交通拥堵; 写字楼电梯等待; 用餐高峰期; 新餐厅备餐波动
ORD001946,R029,Rider017,2024-01-02 20:10:00,20,False,False,39.922109825155566,116.45071062532732,39.929703617463716,116.41923019854394,39.9178982767203,116.48386118426038,8.5,2.82,5.68,快餐,17.0,19.984689433550024,False,5,0,2.5,晴天,1.0,0.32,1.16,3,4.3,0,0.86,1639,55.0,10.0,无
ORD001947,R049,Rider030,2024-01-03 06:05:00,6,False,False,39.886437529439384,116.46473831712427,39.93551026936107,116.41426935614565,39.911325137030445,116.40882541839402,9.68,6.95,2.73,快餐,26.2,30.6519025451556,False,6,1,3.0,雾,1.25,0.38,1.19,22,3.9,0,0.8,1818,69.8,21.7,天气影响(雾); 无电梯高楼层
ORD001948,R036,Rider025,2024-01-04 09:48:00,9,False,False,39.94731964099969,116.52265046188175,39.91483258755359,116.35099062234642,39.85202121997981,116.4341869019532,25.07,15.11,9.96,日料,19.4,23.899198061250786,True,23,0,4.0,晴天,1.0,0.96,1.48,23,3.7,0,0.94,1695,135.7,49.4,交通拥堵
ORD001949,R024,Rider027,2024-01-07 09:14:00,9,True,False,39.888779036091314,116.42252231317246,39.91199648382746,116.43085468615331,39.886332661172375,116.38837314608125,7.29,2.67,4.62,西餐,19.9,23.523056223833645,True,9,0,4.5,晴天,1.0,0.45,1.22,21,3.8,0,0.83,915,39.1,0.0,无
ORD001950,R036,Rider009,2024-01-05 22:00:00,22,False,False,39.86622036330095,116.42539424466865,39.91483258755359,116.35099062234642,39.91316369927242,116.40790369603127,13.21,8.34,4.87,日料,14.1,19.56761668500368,False,23,0,11.5,雪,1.4,0.38,1.19,35,4.5,0,0.94,1695,115.3,49.1,天气影响(雪); 无电梯高楼层
ORD001951,R038,Rider021,2024-01-01 09:28:00,9,False,False,39.88710383135608,116.43261859160641,39.93564059231985,116.38854290757573,39.920748511998084,116.46108354017223,12.99,6.58,6.42,中餐,12.9,33.00043241745469,False,9,1,4.5,晴天,1.0,0.94,1.47,23,4.6,0,0.85,1469,58.8,17.8,交通拥堵; 无电梯高楼层
ORD001952,R021,Rider023,2024-01-06 17:36:00,17,True,True,39.902307984045244,116.38395463215218,39.90504298390045,116.37148738809985,39.93964254240985,116.40191688715832,5.75,1.11,4.64,西餐,16.2,23.13106248932822,True,8,1,1.7,雾,1.25,0.53,1.27,33,4.7,0,0.95,863,55.9,23.1,天气影响(雾); 用餐高峰期
ORD001953,R025,Rider023,2024-01-05 23:00:00,23,False,False,39.89271617444466,116.4210507152652,39.92272922536534,116.4439121239094,39.93964254240985,116.40191688715832,7.91,3.86,4.05,烧烤,15.6,22.741365643222416,False,9,0,4.5,多云,1.0,0.15,1.08,33,4.7,1,0.83,93,46.4,5.4,无电梯高楼层; 新餐厅备餐波动
ORD001954,R029,Rider020,2024-01-04 15:46:00,15,False,False,39.89830271617276,116.34531267937189,39.929703617463716,116.41923019854394,39.95521852994615,116.403737357574,10.35,7.22,3.13,快餐,11.3,18.153272924348435,False,7,0,3.5,晴天,1.0,0.34,1.17,12,4.7,0,0.86,1639,48.7,0.0,无电梯高楼层
ORD001955,R003,Rider008,2024-01-05 06:56:00,6,False,False,39.92103046842098,116.41750680475023,39.90486665479836,116.3945662125919,39.92497386056965,116.4687095565201,9.38,2.66,6.72,烧烤,19.8,28.283640475388754,False,18,0,9.0,多云,1.0,0.35,1.18,25,4.8,0,0.76,799,57.0,8.3,无电梯高楼层
ORD001956,R018,Rider024,2024-01-01 15:04:00,15,False,False,39.87337337049103,116.4040260281819,39.93680181069118,116.43754960642107,39.836064702425794,116.40517809204412,19.13,7.6,11.52,日料,14.9,29.254988309623936,False,15,0,7.5,多云,1.0,0.08,1.04,5,5.0,1,0.74,11,60.0,0.0,无电梯高楼层; 新餐厅备餐波动
ORD001957,R001,Rider004,2024-01-01 19:14:00,19,False,True,39.922753420281616,116.38084822419448,39.91910142459034,116.40325207096485,39.8938632905673,116.45473929280564,7.18,1.96,5.22,西餐,36.9,24.09679332955922,True,5,1,2.1,多云,1.0,0.92,1.46,9,4.7,0,0.89,1738,94.0,37.0,交通拥堵; 用餐高峰期
ORD001958,R011,Rider018,2024-01-01 16:01:00,16,False,False,39.888947660596834,116.43299430936364,39.85697534139168,116.42653858829674,39.88619738114083,116.43231399729389,6.87,3.59,3.28,快餐,11.4,34.15700710928234,True,22,1,3.7,晴天,1.0,0.34,1.17,9,3.7,0,0.84,1585,26.1,0.0,写字楼电梯等待
ORD001959,R033,Rider005,2024-01-04 18:26:00,18,False,True,39.89303276717076,116.3504740689212,39.91675918407518,116.3855546225191,39.846276626340114,116.35110144902494,12.35,3.99,8.36,中餐,19.8,19.419516505094094,False,25,0,12.5,晴天,1.0,0.95,1.48,17,4.9,0,0.82,637,101.5,31.1,交通拥堵; 无电梯高楼层; 用餐高峰期
ORD001960,R042,Rider023,2024-01-01 11:56:00,11,False,True,39.886173338978544,116.38648350546413,39.865351725765606,116.4042464448576,39.93964254240985,116.40191688715832,11.02,2.77,8.25,火锅,40.7,23.1156281005353,False,16,0,8.0,大雨,1.35,0.79,1.4,33,4.7,0,0.84,621,152.0,74.7,天气影响(大雨); 交通拥堵; 无电梯高楼层; 用餐高峰期
ORD001961,R032,Rider014,2024-01-05 15:39:00,15,False,False,39.90294826090745,116.46778968484594,39.923253376527065,116.37499397389878,39.93387852066118,116.46646634501718,16.16,8.25,7.91,中餐,7.3,22.671727845982492,True,17,0,2.9,晴天,1.0,0.2,1.1,10,4.9,0,0.81,589,53.3,0.3,无
ORD001962,R049,Rider012,2024-01-03 22:49:00,22,False,False,39.92255725369348,116.38612538403848,39.93551026936107,116.41426935614565,39.87227059127874,116.35388620704767,11.52,2.8,8.72,快餐,21.4,24.251861184520155,False,18,0,9.0,多云,1.0,0.48,1.24,27,4.5,0,0.8,1818,81.8,22.9,无电梯高楼层
ORD001963,R005,Rider001,2024-01-05 09:37:00,9,False,False,39.921806368695165,116.44516323561963,39.88619238449682,116.4358231946314,39.91716665409954,116.40219427782529,8.52,4.03,4.48,火锅,28.1,24.42142431937343,True,26,0,2.6,晴天,1.0,1.0,1.5,19,4.2,1,0.77,80,81.7,30.1,交通拥堵; 新餐厅备餐波动
ORD001964,R020,Rider023,2024-01-07 19:55:00,19,True,True,39.89822323654761,116.50350430376496,39.927930958411295,116.38011837635615,39.93964254240985,116.40191688715832,13.33,11.05,2.27,西餐,36.8,19.683354498634372,True,11,0,1.5,雪,1.4,0.57,1.28,33,4.7,0,0.9,297,141.7,62.8,天气影响(雪); 用餐高峰期
ORD001965,R046,Rider016,2024-01-01 16:37:00,16,False,False,39.8968051298836,116.41044049631954,39.90750898735901,116.3944992384245,39.917836887942364,116.40394345972673,3.21,1.81,1.4,中餐,17.4,25.632055485105983,True,11,1,3.4,晴天,1.0,0.34,1.17,13,3.6,0,0.9,704,41.4,13.1,写字楼电梯等待
ORD001966,R038,Rider009,2024-01-06 17:23:00,17,True,True,39.96680400533203,116.36957440888246,39.93564059231985,116.38854290757573,39.91316369927242,116.40790369603127,6.82,3.82,2.99,中餐,14.8,21.325964841453402,True,22,0,2.4,雾,1.25,0.53,1.27,35,4.5,0,0.85,1469,68.5,32.1,天气影响(雾); 用餐高峰期
ORD001967,R050,Rider014,2024-01-03 10:37:00,10,False,False,39.863883667727904,116.45868253513792,39.9045643952722,116.43532802251922,39.93387852066118,116.46646634501718,9.14,4.94,4.2,快餐,25.4,20.004319742963006,False,28,0,14.0,雾,1.25,0.25,1.13,10,4.9,0,0.82,798,84.5,17.7,天气影响(雾); 无电梯高楼层
ORD001968,R003,Rider027,2024-01-06 17:46:00,17,True,True,39.87308593693301,116.33896908861632,39.90486665479836,116.3945662125919,39.886332661172375,116.38837314608125,8.05,5.92,2.12,烧烤,30.0,22.28326298488274,True,17,0,1.9,雾,1.25,0.53,1.27,21,3.8,0,0.76,799,86.6,33.0,天气影响(雾); 用餐高峰期
ORD001969,R016,Rider028,2024-01-02 09:48:00,9,False,False,39.92991386880736,116.3430670572177,39.91308360831194,116.4152316581654,39.8468364452307,116.39973868704347,13.92,6.45,7.47,西餐,13.4,19.377532065280754,True,25,0,5.0,晴天,1.0,0.94,1.47,14,4.0,1,0.76,46,91.9,30.4,交通拥堵; 新餐厅备餐波动
ORD001970,R004,Rider009,2024-01-05 15:09:00,15,False,False,39.90419783830163,116.47332725347233,39.90622584614064,116.3646575544136,39.91316369927242,116.40790369603127,13.07,9.3,3.78,火锅,15.3,23.265304182705012,True,11,1,2.8,晴天,1.0,0.2,1.1,35,4.5,0,0.76,1942,52.0,0.2,写字楼电梯等待
ORD001971,R017,Rider007,2024-01-06 17:25:00,17,True,True,39.86808757827611,116.41540264005857,39.899361428650025,116.41952152570443,39.8812319420477,116.34772102698165,9.95,3.49,6.46,中餐,33.2,33.2534576756148,True,10,1,2.0,雾,1.25,0.53,1.27,20,3.7,0,0.91,1236,88.2,35.0,天气影响(雾); 用餐高峰期
ORD001972,R012,Rider021,2024-01-05 23:58:00,23,False,False,39.90502542657095,116.43098189974782,39.9031252188267,116.45433930967441,39.920748511998084,116.46108354017223,4.05,2.01,2.04,西餐,23.1,37.364755143379305,True,3,1,1.6,多云,1.0,0.15,1.08,23,4.6,0,0.85,1677,24.2,0.0,无
ORD001973,R028,Rider019,2024-01-03 06:08:00,6,False,False,39.9296308188516,116.43473913984398,39.92038827604751,116.36245113087884,39.93266459512356,116.36241431632648,7.63,6.26,1.36,火锅,7.1,21.679038116044545,True,25,1,4.9,雾,1.25,0.38,1.19,28,3.9,0,0.86,1899,42.1,8.9,天气影响(雾); 写字楼电梯等待
ORD001974,R035,Rider013,2024-01-06 15:22:00,15,True,False,39.895609687033485,116.39010611292501,39.868196047868096,116.44344141332652,39.92705390041307,116.44622095280053,12.02,5.48,6.54,快餐,40.4,31.81599260461945,True,25,0,3.0,晴天,1.0,0.33,1.16,13,4.9,1,0.83,67,77.1,11.1,新餐厅备餐波动
ORD001975,R032,Rider025,2024-01-02 15:21:00,15,False,False,39.84918516283822,116.34819919210709,39.923253376527065,116.37499397389878,39.85202121997981,116.4341869019532,17.93,8.54,9.39,中餐,9.1,21.925735695931035,True,1,0,0.4,小雨,1.15,0.35,1.17,23,3.7,0,0.81,589,79.8,21.3,天气影响(小雨)
ORD001976,R045,Rider017,2024-01-04 16:19:00,16,False,False,39.88731918789033,116.37586246101473,39.93831052255901,116.42080670434322,39.9178982767203,116.48386118426038,12.69,6.84,5.85,日料,16.3,21.833907415866946,True,25,0,3.2,小雨,1.15,0.39,1.19,3,4.3,0,0.8,384,73.6,19.2,天气影响(小雨)
ORD001977,R017,Rider017,2024-01-06 14:44:00,14,True,False,39.93709950663642,116.45800311399015,39.899361428650025,116.41952152570443,39.9178982767203,116.48386118426038,11.2,5.33,5.87,中餐,22.9,24.44313053983088,False,21,1,10.5,晴天,1.0,0.35,1.17,3,4.3,0,0.91,1236,69.5,8.5,无电梯高楼层; 写字楼电梯等待
ORD001978,R007,Rider025,2024-01-06 21:23:00,21,True,False,39.925173018919814,116.43863897364977,39.926353997399865,116.4125410484357,39.85202121997981,116.4341869019532,10.69,2.23,8.46,火锅,41.2,17.90297583902943,True,6,1,2.9,晴天,1.0,0.46,1.23,23,3.7,1,0.71,49,99.8,19.8,新餐厅备餐波动
ORD001979,R028,Rider006,2024-01-01 20:42:00,20,False,False,39.90025982017061,116.42831379297382,39.92038827604751,116.36245113087884,39.8754622311499,116.39886211393153,11.94,6.06,5.88,火锅,9.1,30.953221574540525,True,27,1,4.3,晴天,1.0,0.32,1.16,27,3.9,0,0.86,1899,45.0,8.5,写字楼电梯等待
ORD001980,R047,Rider019,2024-01-03 16:34:00,16,False,False,39.88496327938097,116.4080845173295,39.88553288505282,116.39673534077251,39.93266459512356,116.36241431632648,6.97,0.97,6.0,日料,31.3,20.407778011862835,True,2,0,0.6,雪,1.4,0.2,1.1,28,3.9,0,0.89,512,75.2,22.8,天气影响(雪)
ORD001981,R033,Rider003,2024-01-03 05:53:00,5,False,False,39.968416504350046,116.2558519682135,39.91675918407518,116.3855546225191,39.97674666303516,116.42358331580469,19.89,12.48,7.41,中餐,12.3,31.343645308650338,True,13,0,2.0,多云,1.0,0.23,1.12,12,4.5,0,0.82,637,60.8,8.4,无
ORD001982,R030,Rider026,2024-01-03 18:09:00,18,False,True,39.92120965465015,116.40644613679888,39.89749611644023,116.42882001482276,39.86014992380612,116.42690693099692,7.4,3.25,4.15,日料,16.1,23.605620292687195,True,30,0,5.0,大雨,1.35,0.85,1.42,25,4.8,1,0.76,62,75.7,35.7,天气影响(大雨); 交通拥堵; 用餐高峰期; 新餐厅备餐波动
ORD001983,R011,Rider016,2024-01-01 15:45:00,15,False,False,39.8952293705662,116.39351558230597,39.85697534139168,116.42653858829674,39.917836887942364,116.40394345972673,12.13,5.1,7.03,快餐,12.0,29.3877553553081,False,26,0,13.0,多云,1.0,0.08,1.04,13,3.6,0,0.84,1585,58.4,8.6,无电梯高楼层
ORD001984,R013,Rider003,2024-01-05 15:12:00,15,False,False,39.91561104788309,116.42894940838015,39.98320584661837,116.37664727333566,39.97674666303516,116.42358331580469,12.81,8.74,4.07,西餐,22.5,31.84716009009907,True,30,1,4.6,晴天,1.0,0.2,1.1,12,4.5,0,0.78,330,56.2,5.0,写字楼电梯等待
ORD001985,R045,Rider020,2024-01-04 10:11:00,10,False,False,39.87502009613639,116.38738964627393,39.93831052255901,116.42080670434322,39.95521852994615,116.403737357574,9.96,7.59,2.38,日料,20.0,19.608928615265757,True,24,0,3.2,大雨,1.35,0.44,1.22,12,4.7,0,0.8,384,78.1,24.4,天气影响(大雨)
ORD001986,R050,Rider006,2024-01-03 03:22:00,3,False,False,39.88580178608517,116.45435612974237,39.9045643952722,116.43532802251922,39.8754622311499,116.39886211393153,7.13,2.64,4.49,快餐,27.6,30.55930073167483,False,29,0,14.5,多云,1.0,0.16,1.08,27,3.9,0,0.82,798,57.1,0.9,无电梯高楼层
ORD001987,R026,Rider005,2024-01-02 15:37:00,15,False,False,39.90462890083013,116.37029687956127,39.960173235334345,116.42161498762735,39.846276626340114,116.35110144902494,21.58,7.57,14.01,快餐,8.9,18.655604582650298,True,13,0,1.9,小雨,1.15,0.35,1.17,17,4.9,0,0.8,260,112.4,32.2,天气影响(小雨)
ORD001988,R015,Rider007,2024-01-05 10:43:00,10,False,False,39.876876960171856,116.37576776659365,39.945355864006494,116.41266659881865,39.8812319420477,116.34772102698165,17.26,8.23,9.03,快餐,14.8,31.236394890738797,False,8,0,4.0,小雨,1.15,0.47,1.24,20,3.7,0,0.82,1348,75.6,23.6,天气影响(小雨); 无电梯高楼层
ORD001989,R023,Rider017,2024-01-05 15:56:00,15,False,False,39.995938056800796,116.43804451353748,39.89349764922696,116.42408365395602,39.9178982767203,116.48386118426038,17.22,11.44,5.79,日料,26.4,22.413450702004404,True,18,0,3.2,晴天,1.0,0.2,1.1,3,4.3,0,0.94,1116,75.3,0.0,无
ORD001990,R043,Rider011,2024-01-04 09:38:00,9,False,False,39.86027015031219,116.4154701857804,39.94743819867199,116.36432413546461,39.99179211732871,116.37506806858579,15.63,10.62,5.01,日料,17.9,27.39872332223857,False,22,0,11.0,晴天,1.0,0.96,1.48,28,4.5,0,0.95,1448,93.9,30.8,交通拥堵; 无电梯高楼层
ORD001991,R017,Rider007,2024-01-06 12:29:00,12,True,True,39.92930393769288,116.45217288031435,39.899361428650025,116.41952152570443,39.8812319420477,116.34772102698165,10.8,4.34,6.46,中餐,32.2,34.9577514248256,False,11,0,5.5,小雨,1.15,0.74,1.37,20,3.7,0,0.91,1236,86.4,30.1,天气影响(小雨); 交通拥堵; 无电梯高楼层; 用餐高峰期
ORD001992,R019,Rider024,2024-01-03 17:16:00,17,False,True,39.855682442676745,116.37424123801608,39.94131048218809,116.36460563345823,39.836064702425794,116.40517809204412,21.73,9.54,12.19,日料,19.6,22.932023499547487,False,23,0,11.5,多云,1.0,0.85,1.42,5,5.0,0,0.87,829,124.9,36.9,交通拥堵; 无电梯高楼层; 用餐高峰期
ORD001993,R020,Rider021,2024-01-05 09:50:00,9,False,False,39.91480011010902,116.39331151310566,39.927930958411295,116.38011837635615,39.920748511998084,116.46108354017223,8.81,1.84,6.97,西餐,28.7,28.20874110486221,True,30,1,6.2,晴天,1.0,1.0,1.5,23,4.6,0,0.9,297,77.7,24.1,交通拥堵; 写字楼电梯等待
ORD001994,R050,Rider027,2024-01-01 14:09:00,14,False,False,39.86536293893769,116.40631073391516,39.9045643952722,116.43532802251922,39.886332661172375,116.38837314608125,9.51,5.01,4.5,快餐,37.3,22.289837665088207,True,7,0,1.1,多云,1.0,0.16,1.08,21,3.8,0,0.82,798,63.4,0.0,无
ORD001995,R012,Rider014,2024-01-02 15:35:00,15,False,False,39.85590198936445,116.39913346088044,39.9031252188267,116.45433930967441,39.93387852066118,116.46646634501718,10.63,7.06,3.57,西餐,20.7,18.14709046384219,False,26,1,13.0,小雨,1.15,0.35,1.17,10,4.9,0,0.85,1677,87.9,19.1,天气影响(小雨); 无电梯高楼层; 写字楼电梯等待
ORD001996,R018,Rider007,2024-01-03 21:11:00,21,False,False,39.83046037405254,116.37977191193882,39.93680181069118,116.43754960642107,39.8812319420477,116.34772102698165,22.65,12.8,9.85,日料,14.9,30.093613101495038,False,16,1,8.0,多云,1.0,0.59,1.29,20,3.7,1,0.74,11,89.9,21.8,无电梯高楼层; 写字楼电梯等待; 新餐厅备餐波动
ORD001997,R003,Rider020,2024-01-02 01:13:00,1,False,False,39.93495261898701,116.50168067348106,39.90486665479836,116.3945662125919,39.95521852994615,116.403737357574,15.39,9.75,5.65,烧烤,21.3,21.926793641957026,True,1,0,1.1,雾,1.25,0.29,1.15,12,4.7,0,0.76,799,90.4,25.9,天气影响(雾)
ORD001998,R018,Rider003,2024-01-06 18:25:00,18,True,True,39.916908388181156,116.38722019864424,39.93680181069118,116.43754960642107,39.97674666303516,116.42358331580469,9.43,4.84,4.59,日料,14.9,28.956164641680935,True,19,0,3.5,多云,1.0,0.6,1.3,12,4.5,1,0.74,11,51.0,13.1,用餐高峰期; 新餐厅备餐波动
ORD001999,R036,Rider016,2024-01-04 21:38:00,21,False,False,39.90183824973744,116.50465000180971,39.91483258755359,116.35099062234642,39.917836887942364,116.40394345972673,17.76,13.22,4.54,日料,16.0,25.93891693561577,True,2,0,0.5,雾,1.25,0.52,1.26,13,3.6,0,0.94,1695,85.5,28.0,天气影响(雾)
ORD002000,R003,Rider006,2024-01-02 01:12:00,1,False,False,39.85645143516723,116.32483489309458,39.90486665479836,116.3945662125919,39.8754622311499,116.39886211393153,11.32,8.03,3.29,烧烤,24.4,29.917600446296383,True,24,0,3.1,雾,1.25,0.29,1.15,27,3.9,0,0.76,799,69.1,18.9,天气影响(雾)
ORD002001,R005,Rider013,2024-01-02 20:27:00,20,False,False,39.88335231842577,116.4232847746875,39.88619238449682,116.4358231946314,39.92705390041307,116.44622095280053,5.74,1.12,4.62,火锅,28.1,26.75667278709224,True,15,1,3.5,晴天,1.0,0.32,1.16,13,4.9,1,0.77,80,60.3,15.9,写字楼电梯等待; 新餐厅备餐波动
ORD002002,R033,Rider008,2024-01-07 10:17:00,10,True,False,39.96396736694405,116.39291211892416,39.91675918407518,116.3855546225191,39.92497386056965,116.4687095565201,12.45,5.28,7.17,中餐,14.4,33.30840308084984,True,30,0,5.0,多云,1.0,0.31,1.15,25,4.8,0,0.82,637,40.2,0.0,无
ORD002003,R046,Rider013,2024-01-04 09:13:00,9,False,False,39.89378995826425,116.40214137599602,39.90750898735901,116.3944992384245,39.92705390041307,116.44622095280053,6.58,1.66,4.93,中餐,20.9,28.546061008934558,False,9,0,4.5,晴天,1.0,0.96,1.48,13,4.9,0,0.9,704,57.4,18.1,交通拥堵; 无电梯高楼层
ORD002004,R015,Rider029,2024-01-06 23:18:00,23,True,False,39.9008141030422,116.38841422547475,39.945355864006494,116.41266659881865,39.9827701186798,116.39951113316586,9.67,5.36,4.3,快餐,15.7,21.766686421479427,False,5,1,2.5,雾,1.25,0.02,1.01,30,3.7,0,0.82,1348,57.0,12.1,天气影响(雾)
ORD002005,R007,Rider002,2024-01-05 10:21:00,10,False,False,39.901476650351285,116.47436227604376,39.926353997399865,116.4125410484357,39.94914167126766,116.49312820752455,13.3,5.96,7.34,火锅,41.2,20.349216444935593,False,11,0,5.5,小雨,1.15,0.47,1.24,23,4.7,1,0.71,49,117.1,31.1,天气影响(小雨); 无电梯高楼层; 新餐厅备餐波动
ORD002006,R038,Rider009,2024-01-04 18:24:00,18,False,True,39.846398816171,116.4103873868685,39.93564059231985,116.38854290757573,39.91316369927242,116.40790369603127,13.08,10.08,2.99,中餐,18.4,21.201119110035524,True,1,1,0.5,晴天,1.0,0.95,1.48,35,4.5,0,0.85,1469,78.1,22.1,交通拥堵; 用餐高峰期
ORD002007,R031,Rider001,2024-01-02 12:02:00,12,False,True,39.94794221276657,116.34011228108385,39.875714428644635,116.38949308005311,39.91716665409954,116.40219427782529,13.79,9.06,4.73,中餐,41.0,19.21969088938131,True,21,0,3.4,雾,1.25,0.79,1.4,19,4.2,0,0.86,117,155.4,67.9,天气影响(雾); 交通拥堵; 用餐高峰期
ORD002008,R036,Rider005,2024-01-04 21:04:00,21,False,False,39.83572818738768,116.38408248959645,39.91483258755359,116.35099062234642,39.846276626340114,116.35110144902494,16.84,9.23,7.61,日料,21.6,24.037627505528896,True,18,1,3.5,雾,1.25,0.52,1.26,17,4.9,0,0.94,1695,99.4,32.4,天气影响(雾); 写字楼电梯等待
ORD002009,R005,Rider007,2024-01-02 17:54:00,17,False,True,39.88724215709309,116.45231693959816,39.88619238449682,116.4358231946314,39.8812319420477,116.34772102698165,8.97,1.42,7.56,火锅,28.1,35.30889014411272,True,6,1,1.5,多云,1.0,0.89,1.45,20,3.7,1,0.77,80,63.7,18.9,交通拥堵; 用餐高峰期; 新餐厅备餐波动
ORD002010,R004,Rider022,2024-01-03 19:04:00,19,False,True,39.863856457253505,116.40620930585723,39.90622584614064,116.3646575544136,39.88685398692913,116.39370765445501,9.18,5.9,3.29,火锅,22.6,32.68541925496136,True,24,0,2.9,晴天,1.0,0.73,1.37,34,4.0,0,0.76,1942,57.5,15.1,交通拥堵; 用餐高峰期
ORD002011,R001,Rider017,2024-01-03 12:41:00,12,False,True,39.91643508293239,116.37469153601532,39.91910142459034,116.40325207096485,39.9178982767203,116.48386118426038,9.35,2.46,6.89,西餐,36.8,25.15469887713001,False,7,0,3.5,多云,1.0,0.64,1.32,3,4.3,0,0.89,1738,82.4,19.8,交通拥堵; 无电梯高楼层; 用餐高峰期
ORD002012,R014,Rider002,2024-01-06 14:26:00,14,True,False,39.87641912461605,116.41963583144248,39.89783515734865,116.39459393617881,39.94914167126766,116.49312820752455,13.37,3.2,10.17,烧烤,39.2,25.23120066608304,False,15,0,7.5,晴天,1.0,0.35,1.17,23,4.7,1,0.82,66,97.3,18.7,无电梯高楼层; 新餐厅备餐波动
ORD002013,R022,Rider028,2024-01-01 23:06:00,23,False,False,39.86170455675901,116.40142369767429,39.92367260197888,116.37071379389974,39.8468364452307,116.39973868704347,16.25,7.36,8.89,快餐,22.8,17.528753374024536,True,15,0,5.0,多云,1.0,0.39,1.19,14,4.0,1,0.76,91,100.5,17.1,新餐厅备餐波动
ORD002014,R004,Rider029,2024-01-04 12:47:00,12,False,True,39.87987472964315,116.40280117746745,39.90622584614064,116.3646575544136,39.9827701186798,116.39951113316586,13.39,4.38,9.01,火锅,21.6,26.7755280632388,True,11,0,2.4,晴天,1.0,0.81,1.4,30,3.7,0,0.76,1942,72.1,18.1,交通拥堵; 用餐高峰期
ORD002015,R015,Rider003,2024-01-01 23:46:00,23,False,False,39.861464721707954,116.39976005622145,39.945355864006494,116.41266659881865,39.97674666303516,116.42358331580469,12.99,9.38,3.61,快餐,6.5,30.75368011620418,True,3,0,0.5,多云,1.0,0.39,1.19,12,4.5,0,0.82,1348,35.4,3.0,无
ORD002016,R005,Rider011,2024-01-06 19:41:00,19,True,True,39.826530617295575,116.41101081384797,39.88619238449682,116.4358231946314,39.99179211732871,116.37506806858579,19.78,6.96,12.82,火锅,28.1,22.586071446844315,True,23,1,3.5,晴天,1.0,0.72,1.36,28,4.5,1,0.77,80,122.9,38.7,交通拥堵; 写字楼电梯等待; 用餐高峰期; 新餐厅备餐波动
ORD002017,R043,Rider030,2024-01-06 06:50:00,6,True,False,39.91688597649057,116.43350263397063,39.94743819867199,116.36432413546461,39.911325137030445,116.40882541839402,12.34,6.82,5.53,日料,23.5,35.40436513438581,True,6,0,1.3,晴天,1.0,0.28,1.14,22,3.9,0,0.95,1448,43.2,0.0,无
ORD002018,R026,Rider010,2024-01-03 18:02:00,18,False,True,39.876115984250795,116.41032913586554,39.960173235334345,116.42161498762735,39.876127462298896,116.36871555781596,19.75,9.38,10.37,快餐,14.7,21.914591682868803,True,28,1,4.3,大雨,1.35,0.85,1.42,3,4.9,0,0.8,260,138.9,65.7,天气影响(大雨); 交通拥堵; 写字楼电梯等待; 用餐高峰期
ORD002019,R026,Rider024,2024-01-05 23:02:00,23,False,False,39.93924156678101,116.41852977042625,39.960173235334345,116.42161498762735,39.836064702425794,116.40517809204412,16.19,2.34,13.85,快餐,11.8,24.868540041764174,True,19,0,2.6,多云,1.0,0.15,1.08,5,5.0,0,0.8,260,51.9,0.0,无
ORD002020,R049,Rider008,2024-01-05 22:59:00,22,False,False,39.879353139352474,116.3444370157483,39.93551026936107,116.41426935614565,39.92497386056965,116.4687095565201,13.43,8.63,4.8,快餐,18.9,31.33798215436467,True,6,1,3.9,雪,1.4,0.38,1.19,25,4.8,0,0.8,1818,81.9,33.4,天气影响(雪)
ORD002021,R007,Rider007,2024-01-06 00:40:00,0,True,False,39.83093462301889,116.44876443793919,39.926353997399865,116.4125410484357,39.8812319420477,116.34772102698165,18.51,11.04,7.47,火锅,41.2,29.47810319869727,False,22,1,11.0,小雨,1.15,0.32,1.16,20,3.7,1,0.71,49,115.3,25.4,天气影响(小雨); 无电梯高楼层; 写字楼电梯等待; 新餐厅备餐波动
ORD002022,R025,Rider010,2024-01-04 03:49:00,3,False,False,39.91181706759219,116.35979563987254,39.92272922536534,116.4439121239094,39.876127462298896,116.36871555781596,15.55,7.29,8.25,烧烤,15.6,20.951874490299858,True,25,1,3.9,多云,1.0,0.23,1.12,3,4.9,1,0.83,93,68.8,4.7,写字楼电梯等待; 新餐厅备餐波动
ORD002023,R007,Rider009,2024-01-03 03:06:00,3,False,False,39.93459921527301,116.46284441918289,39.926353997399865,116.4125410484357,39.91316369927242,116.40790369603127,5.91,4.4,1.52,火锅,41.2,20.07108459576216,True,16,0,1.8,多云,1.0,0.16,1.08,35,4.5,1,0.71,49,60.6,0.0,新餐厅备餐波动
ORD002024,R018,Rider021,2024-01-01 16:01:00,16,False,False,39.973228251861926,116.3707270792648,39.93680181069118,116.43754960642107,39.920748511998084,116.46108354017223,9.69,7.0,2.69,日料,14.9,36.757717882167626,True,12,0,1.2,晴天,1.0,0.34,1.17,23,4.6,1,0.74,11,34.6,2.6,新餐厅备餐波动
ORD002025,R047,Rider022,2024-01-05 04:33:00,4,False,False,39.943303360346036,116.47053715009737,39.88553288505282,116.39673534077251,39.88685398692913,116.39370765445501,9.3,9.0,0.3,日料,32.2,29.87303786206284,True,9,0,3.8,晴天,1.0,0.27,1.13,34,4.0,0,0.89,512,64.6,9.8,无
ORD002026,R004,Rider005,2024-01-04 01:39:00,1,False,False,39.82434086254203,116.41384452340465,39.90622584614064,116.3646575544136,39.846276626340114,116.35110144902494,16.78,10.02,6.76,火锅,16.5,18.4123657845162,True,3,0,2.1,晴天,1.0,0.1,1.05,17,4.9,0,0.76,1942,78.3,5.1,无
ORD002027,R014,Rider010,2024-01-07 20:51:00,20,True,False,39.93291186665166,116.34715644378852,39.89783515734865,116.39459393617881,39.876127462298896,116.36871555781596,8.9,5.62,3.27,烧烤,39.2,21.958249737550403,True,8,0,1.1,多云,1.0,0.27,1.13,3,4.9,1,0.82,66,62.6,0.0,新餐厅备餐波动
ORD002028,R047,Rider021,2024-01-03 15:27:00,15,False,False,39.8711984570677,116.42060285857431,39.88553288505282,116.39673534077251,39.920748511998084,116.46108354017223,9.34,2.59,6.75,日料,33.4,35.75553890440997,True,19,1,4.0,多云,1.0,0.34,1.17,23,4.6,0,0.89,512,60.5,7.3,写字楼电梯等待
ORD002029,R040,Rider010,2024-01-03 18:13:00,18,False,True,39.928211680304344,116.40431292419721,39.91551888796381,116.45694052959438,39.876127462298896,116.36871555781596,13.44,4.71,8.72,西餐,31.2,21.282770133351473,True,25,0,3.7,大雨,1.35,0.85,1.42,3,4.9,0,0.85,1199,135.1,62.3,天气影响(大雨); 交通拥堵; 用餐高峰期
ORD002030,R015,Rider009,2024-01-05 16:38:00,16,False,False,39.943995465416435,116.42351308766378,39.945355864006494,116.41266659881865,39.91316369927242,116.40790369603127,4.54,0.94,3.6,快餐,10.0,20.447417075220738,False,29,1,14.5,多云,1.0,0.27,1.14,35,4.5,0,0.82,1348,42.7,4.9,无电梯高楼层; 写字楼电梯等待
ORD002031,R027,Rider017,2024-01-03 16:54:00,16,False,False,39.88975307321185,116.43026606797082,39.94449504636891,116.38536357050157,39.9178982767203,116.48386118426038,16.11,7.19,8.92,西餐,20.0,20.343886188560987,True,18,0,2.4,雪,1.4,0.2,1.1,3,4.3,0,0.82,787,109.8,39.9,天气影响(雪)
ORD002032,R023,Rider024,2024-01-02 11:25:00,11,False,True,39.90311787680438,116.3987362410589,39.89349764922696,116.42408365395602,39.836064702425794,116.40517809204412,9.0,2.42,6.58,日料,35.7,24.189169972857634,False,29,0,14.5,多云,1.0,0.94,1.47,5,5.0,0,0.94,1116,103.0,30.5,交通拥堵; 无电梯高楼层; 用餐高峰期
ORD002033,R028,Rider020,2024-01-06 21:28:00,21,True,False,39.91188484149284,116.47975417898182,39.92038827604751,116.36245113087884,39.95521852994615,116.403737357574,15.31,10.07,5.24,火锅,8.6,18.269214068831324,True,23,0,2.4,晴天,1.0,0.46,1.23,12,4.7,0,0.86,1899,74.5,13.3,无
ORD002034,R001,Rider021,2024-01-07 00:30:00,0,True,False,39.85062888028114,116.3666667030697,39.91910142459034,116.40325207096485,39.920748511998084,116.46108354017223,13.17,8.22,4.95,西餐,26.7,36.90737489115393,True,25,0,3.3,晴天,1.0,0.41,1.21,23,4.6,0,0.89,1738,67.7,16.3,无
ORD002035,R045,Rider012,2024-01-06 11:37:00,11,True,True,39.918454219306554,116.44378648070675,39.93831052255901,116.42080670434322,39.87227059127874,116.35388620704767,12.25,2.95,9.3,日料,23.9,22.82691186600469,False,17,1,8.5,雪,1.4,0.94,1.47,27,4.5,0,0.8,384,130.3,65.7,天气影响(雪); 交通拥堵; 无电梯高楼层; 写字楼电梯等待; 用餐高峰期
ORD002036,R020,Rider012,2024-01-02 07:41:00,7,False,False,39.8981110494076,116.39430287718534,39.927930958411295,116.38011837635615,39.87227059127874,116.35388620704767,10.1,3.53,6.57,西餐,34.0,22.721785360589198,True,2,1,0.8,大雨,1.35,0.92,1.46,27,4.5,0,0.9,297,128.6,67.1,天气影响(大雨); 交通拥堵
ORD002037,R001,Rider022,2024-01-06 16:00:00,16,True,False,39.86002342757221,116.3534306364652,39.91910142459034,116.40325207096485,39.88685398692913,116.39370765445501,11.49,7.82,3.67,西餐,29.8,32.508559905783336,True,13,0,1.6,多云,1.0,0.24,1.12,34,4.0,0,0.89,1738,63.1,10.4,无
ORD002038,R046,Rider022,2024-01-04 13:45:00,13,False,True,39.89306961415197,116.42039159283999,39.90750898735901,116.3944992384245,39.88685398692913,116.39370765445501,5.03,2.73,2.29,中餐,30.4,26.749270340798844,True,16,0,1.8,多云,1.0,0.74,1.37,34,4.0,0,0.9,704,59.6,16.1,交通拥堵; 用餐高峰期
ORD002039,R028,Rider018,2024-01-02 19:37:00,19,False,True,39.81216590177169,116.37033503900629,39.92038827604751,116.36245113087884,39.88619738114083,116.43231399729389,19.11,12.04,7.08,火锅,12.9,29.58116379586249,True,21,0,2.5,小雨,1.15,0.98,1.49,9,3.7,0,0.86,1899,95.0,40.9,天气影响(小雨); 交通拥堵; 用餐高峰期
ORD002040,R040,Rider022,2024-01-02 16:09:00,16,False,False,39.84618644586509,116.42775210600027,39.91551888796381,116.45694052959438,39.88685398692913,116.39370765445501,14.37,8.09,6.27,西餐,25.9,31.51964485315149,True,19,0,2.6,小雨,1.15,0.36,1.18,34,4.0,0,0.85,1199,75.8,19.9,天气影响(小雨)
ORD002041,R028,Rider010,2024-01-01 11:49:00,11,False,True,39.850697701711105,116.43716555041271,39.92038827604751,116.36245113087884,39.876127462298896,116.36871555781596,14.98,10.04,4.94,火锅,6.3,21.47130780867318,True,13,0,3.4,大雨,1.35,0.79,1.4,3,4.9,0,0.86,1899,88.9,37.2,天气影响(大雨); 交通拥堵; 用餐高峰期
ORD002042,R003,Rider021,2024-01-01 08:14:00,8,False,False,39.838339807584354,116.43014454422713,39.90486665479836,116.3945662125919,39.920748511998084,116.46108354017223,13.94,7.99,5.95,烧烤,23.8,32.71851674516755,True,17,0,2.0,雪,1.4,0.84,1.42,23,4.6,0,0.76,799,92.2,40.8,天气影响(雪); 交通拥堵
ORD002043,R010,Rider025,2024-01-01 06:33:00,6,False,False,39.89984666548069,116.41981118864366,39.89798502329687,116.38869567815044,39.85202121997981,116.4341869019532,9.09,2.67,6.42,烧烤,13.3,22.951760881453733,True,5,0,3.2,晴天,1.0,0.42,1.21,23,3.7,1,0.79,43,47.6,7.4,新餐厅备餐波动
ORD002044,R022,Rider027,2024-01-03 15:41:00,15,False,False,39.932230430980745,116.40935207175681,39.92367260197888,116.37071379389974,39.886332661172375,116.38837314608125,7.85,3.44,4.41,快餐,22.8,18.02466039563546,False,14,0,7.0,多云,1.0,0.34,1.17,21,3.8,1,0.76,91,59.1,3.1,无电梯高楼层; 新餐厅备餐波动
ORD002045,R005,Rider009,2024-01-05 08:03:00,8,False,False,39.923014324083795,116.41040550689773,39.88619238449682,116.4358231946314,39.91316369927242,116.40790369603127,8.46,4.63,3.83,火锅,28.1,22.056943955697463,False,30,0,15.0,晴天,1.0,0.9,1.45,35,4.5,1,0.77,80,94.0,27.9,交通拥堵; 无电梯高楼层; 新餐厅备餐波动
ORD002046,R006,Rider022,2024-01-06 16:43:00,16,True,False,39.945095139607126,116.41842838484449,39.897316486385044,116.41908046739768,39.88685398692913,116.39370765445501,7.77,5.31,2.46,中餐,35.9,33.91512147553863,True,30,0,3.3,多云,1.0,0.24,1.12,34,4.0,0,0.82,1513,62.1,9.2,无
ORD002047,R039,Rider012,2024-01-07 17:20:00,17,True,True,39.92640640573245,116.43048690530314,39.95763873231079,116.38707752996855,39.87227059127874,116.35388620704767,14.97,5.08,9.89,火锅,45.5,21.530020778574304,False,20,0,10.0,小雨,1.15,0.69,1.34,27,4.5,1,0.77,57,145.0,47.8,天气影响(小雨); 交通拥堵; 无电梯高楼层; 用餐高峰期; 新餐厅备餐波动
ORD002048,R012,Rider026,2024-01-04 13:31:00,13,False,True,39.85426188811937,116.41660755044875,39.9031252188267,116.45433930967441,39.86014992380612,116.42690693099692,11.63,6.31,5.32,西餐,31.1,25.49774388974826,True,10,0,3.2,多云,1.0,0.74,1.37,25,4.8,0,0.85,1677,90.1,28.4,交通拥堵; 用餐高峰期
ORD002049,R020,Rider020,2024-01-03 20:20:00,20,False,False,39.9471609437455,116.38448330705093,39.927930958411295,116.38011837635615,39.95521852994615,116.403737357574,5.81,2.17,3.64,西餐,32.4,21.96795665239019,True,1,0,0.4,晴天,1.0,0.45,1.23,12,4.7,0,0.9,297,63.0,14.3,无
ORD002050,R046,Rider004,2024-01-03 06:49:00,6,False,False,39.9476239406194,116.34852260317511,39.90750898735901,116.3944992384245,39.8938632905673,116.45473929280564,11.31,5.94,5.37,中餐,14.6,23.92581206934677,False,17,0,8.5,雾,1.25,0.38,1.19,9,4.7,0,0.9,704,80.5,29.0,天气影响(雾); 无电梯高楼层
ORD002051,R009,Rider009,2024-01-06 16:32:00,16,True,False,39.85438525573447,116.44443368082169,39.84792969683381,116.3663965358334,39.91316369927242,116.40790369603127,14.78,6.72,8.07,西餐,23.1,24.81389409450339,True,28,0,3.1,多云,1.0,0.24,1.12,35,4.5,0,0.75,1622,77.4,15.5,无
ORD002052,R024,Rider021,2024-01-02 20:25:00,20,False,False,39.93634331025945,116.42247081743696,39.91199648382746,116.43085468615331,39.920748511998084,116.46108354017223,5.56,2.8,2.76,西餐,24.8,33.80600264098464,False,22,0,11.0,晴天,1.0,0.32,1.16,23,4.6,0,0.83,915,58.0,12.4,无电梯高楼层
ORD002053,R016,Rider027,2024-01-03 15:30:00,15,False,False,39.92439580984081,116.39988718516649,39.91308360831194,116.4152316581654,39.886332661172375,116.38837314608125,5.57,1.82,3.75,西餐,13.4,20.9276909830285,True,8,0,0.9,多云,1.0,0.34,1.17,21,3.8,1,0.76,46,24.7,0.0,新餐厅备餐波动
ORD002054,R021,Rider028,2024-01-07 18:52:00,18,True,True,39.90903296079444,116.41133245287459,39.90504298390045,116.37148738809985,39.8468364452307,116.39973868704347,10.34,3.44,6.9,西餐,10.0,19.55720810900777,True,29,0,3.1,晴天,1.0,0.57,1.28,14,4.0,0,0.95,863,48.9,4.2,用餐高峰期
ORD002055,R029,Rider013,2024-01-03 20:37:00,20,False,False,39.89427335189559,116.35768927626656,39.929703617463716,116.41923019854394,39.92705390041307,116.44622095280053,8.9,6.57,2.33,快餐,9.8,27.25966304119613,False,1,0,0.5,晴天,1.0,0.45,1.23,13,4.9,0,0.86,1639,37.3,7.5,无
ORD002056,R031,Rider029,2024-01-05 00:16:00,0,False,False,39.83957570218027,116.33272868038436,39.875714428644635,116.38949308005311,39.9827701186798,116.39951113316586,18.22,6.3,11.92,中餐,33.8,27.229737035520728,False,8,0,4.0,多云,1.0,0.47,1.24,30,3.7,0,0.86,117,86.9,8.9,无电梯高楼层
ORD002057,R019,Rider002,2024-01-01 09:14:00,9,False,False,39.89868029988992,116.47506977863881,39.94131048218809,116.36460563345823,39.94914167126766,116.49312820752455,21.58,10.56,11.02,日料,16.0,24.481137259445433,True,8,1,1.2,晴天,1.0,0.94,1.47,23,4.7,0,0.87,829,100.5,30.4,交通拥堵
ORD002058,R048,Rider012,2024-01-07 15:00:00,15,True,False,39.93574421002069,116.39517831470893,39.87933014967234,116.39059456879409,39.87227059127874,116.35388620704767,9.51,6.28,3.24,日料,10.9,24.32717696624146,False,3,0,1.5,小雨,1.15,0.26,1.13,27,4.5,0,0.94,1812,39.3,3.4,天气影响(小雨)
ORD002059,R008,Rider010,2024-01-01 01:43:00,1,False,False,39.81454718445378,116.41200541503294,39.91802448900446,116.40997770414891,39.876127462298896,116.36871555781596,17.33,11.49,5.84,火锅,27.6,18.817863134820985,False,27,0,13.5,晴天,1.0,0.32,1.16,3,4.9,0,0.81,1280,105.7,9.4,无电梯高楼层
ORD002060,R027,Rider027,2024-01-04 09:13:00,9,False,False,39.91319341227811,116.39948487901984,39.94449504636891,116.38536357050157,39.886332661172375,116.38837314608125,10.14,3.68,6.46,西餐,24.0,20.48714631138786,True,17,0,2.6,晴天,1.0,0.96,1.48,21,3.8,0,0.82,787,85.9,29.7,交通拥堵
ORD002061,R036,Rider014,2024-01-07 21:38:00,21,True,False,39.89812006107248,116.39180364044564,39.91483258755359,116.35099062234642,39.93387852066118,116.46646634501718,14.05,3.95,10.1,日料,19.4,22.502050143120634,True,27,1,4.2,晴天,1.0,0.71,1.35,10,4.9,0,0.94,1695,84.8,23.8,交通拥堵; 写字楼电梯等待
ORD002062,R032,Rider018,2024-01-05 12:49:00,12,False,True,39.86129532127095,116.42321817308739,39.923253376527065,116.37499397389878,39.88619738114083,116.43231399729389,14.42,8.02,6.4,中餐,14.5,31.70992868194609,True,8,0,2.5,多云,1.0,0.8,1.4,9,3.7,0,0.81,589,62.0,17.7,交通拥堵; 用餐高峰期
ORD002063,R032,Rider020,2024-01-06 18:20:00,18,True,True,39.87068973721267,116.34884944470913,39.923253376527065,116.37499397389878,39.95521852994615,116.403737357574,10.57,6.25,4.32,中餐,12.8,18.067677316270366,True,13,0,2.2,多云,1.0,0.6,1.3,12,4.7,0,0.81,589,58.4,8.4,用餐高峰期
ORD002064,R006,Rider010,2024-01-07 22:45:00,22,True,False,39.94173882398773,116.41240379509703,39.897316486385044,116.41908046739768,39.876127462298896,116.36871555781596,9.87,4.97,4.91,中餐,34.3,17.19456067435391,False,17,0,8.5,晴天,1.0,0.54,1.27,3,4.9,0,0.82,1513,101.9,24.6,无电梯高楼层
ORD002065,R002,Rider029,2024-01-01 13:25:00,13,False,True,39.909335233065114,116.33988845210678,39.95157638446523,116.43042304187458,39.9827701186798,116.39951113316586,13.4,9.05,4.36,日料,14.4,28.461553055617383,True,10,0,2.4,晴天,1.0,0.99,1.49,30,3.7,1,0.82,47,60.6,15.5,交通拥堵; 用餐高峰期; 新餐厅备餐波动
ORD002066,R010,Rider021,2024-01-06 22:17:00,22,True,False,39.87874539974061,116.4333064428668,39.89798502329687,116.38869567815044,39.920748511998084,116.46108354017223,11.06,4.37,6.69,烧烤,13.3,28.819580270531848,True,24,0,2.5,晴天,1.0,0.58,1.29,23,4.6,1,0.79,43,48.3,9.6,新餐厅备餐波动
ORD002067,R045,Rider004,2024-01-01 22:21:00,22,False,False,39.90288782346009,116.4246624027333,39.93831052255901,116.42080670434322,39.8938632905673,116.45473929280564,9.67,3.95,5.72,日料,18.2,23.907990035481905,True,21,0,3.8,多云,1.0,0.37,1.19,9,4.7,0,0.8,384,57.3,11.0,无
ORD002068,R010,Rider014,2024-01-05 09:31:00,9,False,False,39.91717664125437,116.46112187621038,39.89798502329687,116.38869567815044,39.93387852066118,116.46646634501718,14.3,6.55,7.75,烧烤,13.3,21.336484685104026,True,11,1,1.8,晴天,1.0,1.0,1.5,10,4.9,1,0.79,43,79.1,23.9,交通拥堵; 写字楼电梯等待; 新餐厅备餐波动
ORD002069,R024,Rider025,2024-01-02 19:36:00,19,False,True,39.86547012479409,116.50719985155436,39.91199648382746,116.43085468615331,39.85202121997981,116.4341869019532,14.99,8.33,6.67,西餐,30.1,18.758427986341975,False,18,0,9.0,小雨,1.15,0.98,1.49,23,3.7,0,0.83,915,153.8,66.7,天气影响(小雨); 交通拥堵; 无电梯高楼层; 用餐高峰期
ORD002070,R004,Rider015,2024-01-02 17:14:00,17,False,True,39.841648842704515,116.37939296370682,39.90622584614064,116.3646575544136,39.90125555536833,116.39611115244051,10.03,7.28,2.75,火锅,21.8,19.588226850843768,True,24,0,4.4,多云,1.0,0.89,1.45,18,5.0,0,0.76,1942,78.4,21.4,交通拥堵; 用餐高峰期
ORD002071,R022,Rider026,2024-01-06 04:20:00,4,True,False,39.898388801485446,116.40098196052317,39.92367260197888,116.37071379389974,39.86014992380612,116.42690693099692,12.35,3.82,8.53,快餐,22.8,29.083755416447257,True,5,0,1.4,小雨,1.15,0.41,1.2,25,4.8,1,0.76,91,66.2,16.4,天气影响(小雨); 新餐厅备餐波动
ORD002072,R022,Rider006,2024-01-01 20:26:00,20,False,False,39.87778717252156,116.37289330932855,39.92367260197888,116.37071379389974,39.8754622311499,116.39886211393153,10.97,5.1,5.87,快餐,22.8,26.33103509076138,True,28,1,8.0,晴天,1.0,0.32,1.16,27,3.9,1,0.76,91,53.8,0.0,写字楼电梯等待; 新餐厅备餐波动
ORD002073,R025,Rider018,2024-01-06 20:01:00,20,True,False,39.847709136013364,116.44795565433064,39.92272922536534,116.4439121239094,39.88619738114083,116.43231399729389,12.51,8.34,4.18,烧烤,15.6,33.19097067808985,False,20,1,10.0,多云,1.0,0.35,1.18,9,3.7,1,0.83,93,56.4,8.1,无电梯高楼层; 写字楼电梯等待; 新餐厅备餐波动
ORD002074,R033,Rider024,2024-01-04 17:46:00,17,False,True,39.951999101955536,116.3974724291414,39.91675918407518,116.3855546225191,39.836064702425794,116.40517809204412,13.16,4.04,9.12,中餐,13.9,29.22157459880142,True,24,1,5.7,晴天,1.0,0.91,1.46,5,5.0,0,0.82,637,80.3,33.7,交通拥堵; 写字楼电梯等待; 用餐高峰期
ORD002075,R033,Rider030,2024-01-04 13:18:00,13,False,True,39.912917042486185,116.43023363934365,39.91675918407518,116.3855546225191,39.911325137030445,116.40882541839402,5.92,3.84,2.08,中餐,16.9,31.82479156145739,True,21,1,5.1,多云,1.0,0.74,1.37,22,3.9,0,0.82,637,42.1,8.9,交通拥堵; 写字楼电梯等待; 用餐高峰期
ORD002076,R034,Rider010,2024-01-03 12:57:00,12,False,True,39.91949090381718,116.35631023015543,39.86870203135637,116.42224986962574,39.876127462298896,116.36871555781596,12.63,7.98,4.65,日料,33.0,21.637955650286486,False,13,0,6.5,多云,1.0,0.64,1.32,3,4.9,1,0.71,96,103.6,29.1,交通拥堵; 无电梯高楼层; 用餐高峰期; 新餐厅备餐波动
ORD002077,R025,Rider019,2024-01-06 16:33:00,16,True,False,39.91270095100148,116.45228292765802,39.92272922536534,116.4439121239094,39.93266459512356,116.36241431632648,8.38,1.32,7.05,烧烤,15.6,21.055526959005313,False,27,0,13.5,多云,1.0,0.24,1.12,28,3.9,1,0.83,93,45.0,0.0,无电梯高楼层; 新餐厅备餐波动
ORD002078,R047,Rider007,2024-01-03 16:26:00,16,False,False,39.969216308252896,116.42297273634816,39.88553288505282,116.39673534077251,39.8812319420477,116.34772102698165,13.78,9.56,4.22,日料,36.4,30.972172936226276,True,2,0,0.5,雪,1.4,0.2,1.1,20,3.7,0,0.89,512,98.6,35.0,天气影响(雪)
ORD002079,R032,Rider017,2024-01-02 11:21:00,11,False,True,39.924708338227695,116.37489342294461,39.923253376527065,116.37499397389878,39.9178982767203,116.48386118426038,9.49,0.16,9.33,中餐,17.3,25.530194792618843,True,4,0,2.1,多云,1.0,0.94,1.47,3,4.3,0,0.81,589,65.9,24.2,交通拥堵; 用餐高峰期
ORD002080,R030,Rider015,2024-01-02 00:20:00,0,False,False,39.902303467016154,116.4157044097048,39.89749611644023,116.42882001482276,39.90125555536833,116.39611115244051,4.07,1.24,2.83,日料,16.1,16.438777986435625,True,6,0,1.1,雾,1.25,0.37,1.18,18,5.0,1,0.76,62,41.7,9.6,天气影响(雾); 新餐厅备餐波动
ORD002081,R038,Rider013,2024-01-07 12:05:00,12,True,True,39.89693942168343,116.42782914626981,39.93564059231985,116.38854290757573,39.92705390041307,116.44622095280053,10.48,5.45,5.02,中餐,21.0,26.033856583927502,False,25,0,12.5,大雨,1.35,0.9,1.45,13,4.9,0,0.85,1469,112.3,54.6,天气影响(大雨); 交通拥堵; 无电梯高楼层; 用餐高峰期
ORD002082,R004,Rider023,2024-01-07 23:37:00,23,True,False,39.91831034866652,116.43574526568248,39.90622584614064,116.3646575544136,39.93964254240985,116.40191688715832,11.11,6.22,4.89,火锅,14.8,20.443745522343438,False,9,0,4.5,雾,1.25,0.34,1.17,33,4.7,0,0.76,1942,74.6,22.7,天气影响(雾); 无电梯高楼层
ORD002083,R038,Rider027,2024-01-03 17:31:00,17,False,True,39.93963286663521,116.3992707740886,39.93564059231985,116.38854290757573,39.886332661172375,116.38837314608125,6.49,1.02,5.47,中餐,26.2,19.931149813537623,True,12,0,2.0,多云,1.0,0.85,1.42,21,3.8,0,0.85,1469,65.1,17.3,交通拥堵; 用餐高峰期
ORD002084,R007,Rider022,2024-01-02 12:11:00,12,False,True,39.888989920335995,116.39467524100853,39.926353997399865,116.4125410484357,39.88685398692913,116.39370765445501,9.09,4.42,4.67,火锅,41.2,26.07468300849885,True,24,1,4.7,雾,1.25,0.79,1.4,34,4.0,1,0.71,49,117.1,50.2,天气影响(雾); 交通拥堵; 写字楼电梯等待; 用餐高峰期; 新餐厅备餐波动
ORD002085,R045,Rider010,2024-01-03 07:32:00,7,False,False,39.90510215465811,116.4570170784441,39.93831052255901,116.42080670434322,39.876127462298896,116.36871555781596,13.03,4.81,8.22,日料,21.0,19.3880318719307,True,28,0,3.6,晴天,1.0,0.83,1.42,3,4.9,0,0.8,384,90.4,25.5,交通拥堵
ORD002086,R004,Rider027,2024-01-05 22:37:00,22,False,False,39.854717785509486,116.36411175961128,39.90622584614064,116.3646575544136,39.886332661172375,116.38837314608125,8.72,5.72,3.0,火锅,15.5,20.274805137008716,True,16,1,2.8,雪,1.4,0.38,1.19,21,3.8,0,0.76,1942,68.0,24.0,天气影响(雪); 写字楼电梯等待
ORD002087,R023,Rider002,2024-01-02 09:28:00,9,False,False,39.78438119918686,116.39820607058552,39.89349764922696,116.42408365395602,39.94914167126766,116.49312820752455,20.86,12.32,8.54,日料,27.5,22.02907010326294,True,9,1,2.0,晴天,1.0,0.94,1.47,23,4.7,0,0.94,1116,122.4,36.1,交通拥堵
ORD002088,R001,Rider017,2024-01-01 20:14:00,20,False,False,39.832883294042766,116.40438866358205,39.91910142459034,116.40325207096485,39.9178982767203,116.48386118426038,16.47,9.57,6.89,西餐,23.5,24.675760525486034,True,12,0,4.0,晴天,1.0,0.32,1.16,3,4.3,0,0.89,1738,75.1,7.5,无
ORD002089,R050,Rider026,2024-01-06 19:14:00,19,True,True,39.905889191248995,116.35037197960305,39.9045643952722,116.43532802251922,39.86014992380612,116.42690693099692,12.25,7.27,4.98,快餐,37.6,29.415595336799733,False,4,0,2.0,晴天,1.0,0.72,1.36,25,4.8,0,0.82,798,89.4,24.9,交通拥堵; 用餐高峰期
ORD002090,R024,Rider024,2024-01-01 12:01:00,12,False,True,39.94108873103713,116.40637105953735,39.91199648382746,116.43085468615331,39.836064702425794,116.40517809204412,12.56,3.85,8.71,西餐,29.7,26.504854913024914,False,16,0,8.0,雪,1.4,0.74,1.37,5,5.0,0,0.83,915,127.0,60.8,天气影响(雪); 交通拥堵; 无电梯高楼层; 用餐高峰期
ORD002091,R049,Rider007,2024-01-02 09:58:00,9,False,False,39.925495110395495,116.35988454127754,39.93551026936107,116.41426935614565,39.8812319420477,116.34772102698165,13.07,4.78,8.29,快餐,16.9,29.093528296425717,True,22,1,8.0,晴天,1.0,0.94,1.47,20,3.7,0,0.8,1818,79.5,27.6,交通拥堵; 写字楼电梯等待
ORD002092,R025,Rider022,2024-01-03 14:57:00,14,False,False,39.921188702735975,116.38654534252123,39.92272922536534,116.4439121239094,39.88685398692913,116.39370765445501,10.76,4.91,5.86,烧烤,15.6,29.99758494286669,True,8,1,2.0,晴天,1.0,0.38,1.19,34,4.0,1,0.83,93,50.1,11.0,新餐厅备餐波动
ORD002093,R048,Rider006,2024-01-06 19:08:00,19,True,True,39.82885517349981,116.38870950511514,39.87933014967234,116.39059456879409,39.8754622311499,116.39886211393153,6.43,5.61,0.83,日料,8.1,32.56802565355048,False,30,0,15.0,晴天,1.0,0.72,1.36,27,3.9,0,0.94,1812,44.0,9.0,交通拥堵; 无电梯高楼层; 用餐高峰期
ORD002094,R013,Rider027,2024-01-02 13:13:00,13,False,True,39.892875128382094,116.35625139929607,39.98320584661837,116.37664727333566,39.886332661172375,116.38837314608125,20.98,10.18,10.8,西餐,28.5,23.079568246143875,False,26,0,13.0,晴天,1.0,0.91,1.46,21,3.8,0,0.78,330,145.6,49.5,交通拥堵; 无电梯高楼层; 用餐高峰期
ORD002095,R004,Rider019,2024-01-06 08:38:00,8,True,False,40.00475140749164,116.41942245448459,39.90622584614064,116.3646575544136,39.93266459512356,116.36241431632648,14.84,11.9,2.94,火锅,13.9,20.903141598586508,True,5,0,5.0,小雨,1.15,0.47,1.23,28,3.9,0,0.76,1942,84.7,23.2,天气影响(小雨)
ORD002096,R001,Rider013,2024-01-05 17:44:00,17,False,True,39.92606674083139,116.42422821083578,39.91910142459034,116.40325207096485,39.92705390041307,116.44622095280053,5.73,1.95,3.78,西餐,34.7,30.982677479155413,False,24,0,12.0,小雨,1.15,0.68,1.34,13,4.9,0,0.89,1738,86.3,28.5,天气影响(小雨); 交通拥堵; 无电梯高楼层; 用餐高峰期
ORD002097,R048,Rider013,2024-01-01 21:23:00,21,False,False,39.968122312241206,116.4259295739252,39.87933014967234,116.39059456879409,39.92705390041307,116.44622095280053,17.43,10.31,7.12,日料,7.1,26.724477375101824,False,13,0,6.5,晴天,1.0,0.44,1.22,13,4.9,0,0.94,1812,57.4,4.7,无电梯高楼层
ORD002098,R019,Rider010,2024-01-02 18:26:00,18,False,True,39.910989707994354,116.44497778588773,39.94131048218809,116.36460563345823,39.876127462298896,116.36871555781596,14.9,7.65,7.25,日料,15.7,19.621314921148233,True,26,1,8.0,小雨,1.15,0.91,1.46,3,4.9,0,0.87,829,120.2,51.0,天气影响(小雨); 交通拥堵; 写字楼电梯等待; 用餐高峰期
ORD002099,R015,Rider027,2024-01-03 23:44:00,23,False,False,39.86839914529651,116.43544259826356,39.945355864006494,116.41266659881865,39.886332661172375,116.38837314608125,15.64,8.76,6.87,快餐,11.4,21.31424618325565,True,22,1,5.0,晴天,1.0,0.3,1.15,21,3.8,0,0.82,1348,71.5,11.0,写字楼电梯等待
ORD002100,R006,Rider018,2024-01-01 23:35:00,23,False,False,39.8933001396057,116.41427628720139,39.897316486385044,116.41908046739768,39.88619738114083,116.43231399729389,2.28,0.61,1.67,中餐,32.5,27.065032100880583,False,25,1,12.5,多云,1.0,0.39,1.19,9,3.7,0,0.82,1513,57.6,7.6,无电梯高楼层; 写字楼电梯等待
ORD002101,R017,Rider001,2024-01-05 18:27:00,18,False,True,39.890784354717844,116.40815047757823,39.899361428650025,116.41952152570443,39.91716665409954,116.40219427782529,3.83,1.36,2.47,中餐,34.9,23.449010037008637,True,5,0,2.2,小雨,1.15,0.89,1.44,19,4.2,0,0.91,1236,80.5,33.6,天气影响(小雨); 交通拥堵; 用餐高峰期
ORD002102,R024,Rider018,2024-01-07 19:42:00,19,True,True,39.918090427200156,116.45613913531581,39.91199648382746,116.43085468615331,39.88619738114083,116.43231399729389,5.13,2.27,2.87,西餐,38.2,30.037490167525526,True,30,0,3.3,雪,1.4,0.57,1.28,9,3.7,0,0.83,915,91.8,40.1,天气影响(雪); 用餐高峰期
ORD002103,R005,Rider018,2024-01-06 15:54:00,15,True,False,39.96175173664167,116.42395306409816,39.88619238449682,116.4358231946314,39.88619738114083,116.43231399729389,8.75,8.45,0.3,火锅,28.1,32.92833800041666,True,30,0,3.4,晴天,1.0,0.33,1.16,9,3.7,1,0.77,80,52.8,5.4,新餐厅备餐波动
ORD002104,R013,Rider024,2024-01-07 22:51:00,22,True,False,39.875275527895326,116.34624067367066,39.98320584661837,116.37664727333566,39.836064702425794,116.40517809204412,28.78,12.26,16.52,西餐,22.4,27.7010437322311,True,7,1,3.6,晴天,1.0,0.54,1.27,5,5.0,0,0.78,330,110.5,22.1,无
ORD002105,R033,Rider008,2024-01-04 19:56:00,19,False,True,39.89167734546552,116.43594739642643,39.91675918407518,116.3855546225191,39.92497386056965,116.4687095565201,12.3,5.13,7.17,中餐,13.6,35.96040286878029,True,19,0,2.3,小雨,1.15,0.8,1.4,25,4.8,0,0.82,637,62.9,26.5,天气影响(小雨); 交通拥堵; 用餐高峰期
ORD002106,R001,Rider016,2024-01-06 18:59:00,18,True,True,39.94583268383805,116.37424544669626,39.91910142459034,116.40325207096485,39.917836887942364,116.40394345972673,4.02,3.87,0.15,西餐,39.6,26.725020592935945,True,1,1,0.8,多云,1.0,0.6,1.3,13,3.6,0,0.89,1738,76.3,26.8,用餐高峰期
ORD002107,R015,Rider029,2024-01-07 10:44:00,10,True,False,39.89325809611925,116.4268728975094,39.945355864006494,116.41266659881865,39.9827701186798,116.39951113316586,10.21,5.91,4.3,快餐,10.6,25.196306689244103,True,10,0,1.8,多云,1.0,0.31,1.15,30,3.7,0,0.82,1348,41.2,4.5,无
ORD002108,R032,Rider005,2024-01-06 17:12:00,17,True,True,39.92094210022972,116.44801733844137,39.923253376527065,116.37499397389878,39.846276626340114,116.35110144902494,15.04,6.25,8.79,中餐,11.8,24.688403209826966,False,6,1,3.0,雾,1.25,0.53,1.27,17,4.9,0,0.81,589,78.1,26.8,天气影响(雾); 无电梯高楼层; 用餐高峰期
ORD002109,R032,Rider016,2024-01-07 15:55:00,15,True,False,39.95623468987797,116.41975751107375,39.923253376527065,116.37499397389878,39.917836887942364,116.40394345972673,7.84,5.3,2.55,中餐,12.5,24.816128709957876,True,8,0,1.3,小雨,1.15,0.26,1.13,13,3.6,0,0.81,589,48.1,15.3,天气影响(小雨)
ORD002110,R018,Rider029,2024-01-02 21:56:00,21,False,False,39.91200343530642,116.42718123866246,39.93680181069118,116.43754960642107,39.9827701186798,116.39951113316586,8.94,2.89,6.05,日料,14.9,26.741144545707655,True,20,1,5.8,小雨,1.15,0.57,1.29,30,3.7,1,0.74,11,63.5,22.7,天气影响(小雨); 写字楼电梯等待; 新餐厅备餐波动
ORD002111,R018,Rider002,2024-01-02 17:14:00,17,False,True,39.84480881338888,116.45557477459589,39.93680181069118,116.43754960642107,39.94914167126766,116.49312820752455,15.27,10.33,4.94,日料,14.9,20.05104151327437,False,4,1,2.0,多云,1.0,0.89,1.45,23,4.7,1,0.74,11,91.0,28.4,交通拥堵; 用餐高峰期; 新餐厅备餐波动
ORD002112,R004,Rider030,2024-01-07 10:40:00,10,True,False,39.850644903525854,116.42271704892161,39.90622584614064,116.3646575544136,39.911325137030445,116.40882541839402,11.74,7.92,3.82,火锅,12.3,33.010673773744436,False,6,1,3.0,多云,1.0,0.31,1.15,22,3.9,0,0.76,1942,45.3,8.6,无电梯高楼层
ORD002113,R047,Rider012,2024-01-01 16:58:00,16,False,False,39.90174045740452,116.44149179612192,39.88553288505282,116.39673534077251,39.87227059127874,116.35388620704767,8.18,4.23,3.95,日料,27.4,19.49345154353052,True,6,1,1.0,晴天,1.0,0.34,1.17,27,4.5,0,0.89,512,64.7,11.1,无
ORD002114,R024,Rider017,2024-01-01 16:43:00,16,False,False,39.961213741373044,116.36967762501685,39.91199648382746,116.43085468615331,39.9178982767203,116.48386118426038,12.14,7.56,4.58,西餐,22.8,19.666799373989488,False,18,1,9.0,晴天,1.0,0.34,1.17,3,4.3,0,0.83,915,68.6,0.0,无电梯高楼层; 写字楼电梯等待
ORD002115,R043,Rider008,2024-01-01 11:18:00,11,False,True,39.89090484892091,116.4496813362768,39.94743819867199,116.36432413546461,39.92497386056965,116.4687095565201,18.89,9.63,9.26,日料,28.5,28.793115287575187,False,2,0,1.0,大雨,1.35,0.79,1.4,25,4.8,0,0.95,1448,123.6,54.7,天气影响(大雨); 交通拥堵; 用餐高峰期
ORD002116,R010,Rider007,2024-01-06 20:19:00,20,True,False,39.94005496545022,116.38114230546451,39.89798502329687,116.38869567815044,39.8812319420477,116.34772102698165,8.68,4.72,3.97,烧烤,13.3,34.801391962857515,True,13,0,2.2,多云,1.0,0.35,1.18,20,3.7,1,0.79,43,35.2,4.7,新餐厅备餐波动
ORD002117,R015,Rider011,2024-01-05 10:03:00,10,False,False,39.8738649125112,116.3708692657762,39.945355864006494,116.41266659881865,39.99179211732871,116.37506806858579,14.78,8.71,6.07,快餐,6.1,26.495435031941177,True,19,0,3.0,小雨,1.15,0.47,1.24,28,4.5,0,0.82,1348,60.6,18.1,天气影响(小雨)
ORD002118,R047,Rider024,2024-01-06 19:50:00,19,True,True,39.91131944270328,116.37311937165195,39.88553288505282,116.39673534077251,39.836064702425794,116.40517809204412,9.04,3.5,5.54,日料,42.7,24.35971201827698,True,7,1,2.3,晴天,1.0,0.72,1.36,5,5.0,0,0.89,512,89.6,22.3,交通拥堵; 用餐高峰期
ORD002119,R018,Rider007,2024-01-01 14:25:00,14,False,False,39.924095385505616,116.41726314366544,39.93680181069118,116.43754960642107,39.8812319420477,116.34772102698165,12.09,2.24,9.85,日料,14.9,28.849906754203236,True,19,0,4.6,多云,1.0,0.16,1.08,20,3.7,1,0.74,11,48.5,3.8,新餐厅备餐波动
ORD002120,R023,Rider005,2024-01-04 13:47:00,13,False,True,39.940232914793434,116.47321459869708,39.89349764922696,116.42408365395602,39.846276626340114,116.35110144902494,14.83,6.68,8.15,日料,39.5,23.72875794083727,True,7,0,1.0,多云,1.0,0.74,1.37,17,4.9,0,0.94,1116,114.7,36.7,交通拥堵; 用餐高峰期
ORD002121,R003,Rider009,2024-01-06 21:56:00,21,True,False,39.918082419023044,116.4397646132832,39.90486665479836,116.3945662125919,39.91316369927242,116.40790369603127,5.6,4.13,1.47,烧烤,24.3,19.39698671582437,True,17,0,3.1,晴天,1.0,0.46,1.23,35,4.5,0,0.76,799,60.9,16.2,无
ORD002122,R004,Rider004,2024-01-02 09:50:00,9,False,False,39.926683059333904,116.35033572572817,39.90622584614064,116.3646575544136,39.8938632905673,116.45473929280564,10.41,2.58,7.82,火锅,7.6,24.479088667455173,True,17,1,4.6,晴天,1.0,0.94,1.47,9,4.7,0,0.76,1942,59.7,22.0,交通拥堵; 写字楼电梯等待
ORD002123,R002,Rider005,2024-01-01 13:30:00,13,False,True,39.90660986489804,116.44135285310978,39.95157638446523,116.43042304187458,39.846276626340114,116.35110144902494,18.6,5.08,13.52,日料,14.4,21.568694645395098,True,2,0,0.7,晴天,1.0,0.99,1.49,17,4.9,1,0.82,47,99.1,32.2,交通拥堵; 用餐高峰期; 新餐厅备餐波动
ORD002124,R001,Rider021,2024-01-04 10:16:00,10,False,False,39.9069923719026,116.41901415404213,39.91910142459034,116.40325207096485,39.920748511998084,116.46108354017223,6.85,1.9,4.95,西餐,22.8,29.71650101452865,True,3,0,1.0,大雨,1.35,0.44,1.22,23,4.6,0,0.89,1738,52.3,14.7,天气影响(大雨)
ORD002125,R029,Rider025,2024-01-04 20:47:00,20,False,False,39.87279898382674,116.41509351873721,39.929703617463716,116.41923019854394,39.85202121997981,116.4341869019532,15.05,6.33,8.72,快餐,13.7,20.196677198894214,True,11,1,2.8,晴天,1.0,0.43,1.22,23,3.7,0,0.86,1639,76.1,14.8,写字楼电梯等待
ORD002126,R040,Rider011,2024-01-02 23:49:00,23,False,False,39.918058187975625,116.45945228069445,39.91551888796381,116.45694052959438,39.99179211732871,116.37506806858579,11.34,0.35,10.98,西餐,21.3,23.246609387596315,True,9,0,2.7,晴天,1.0,0.44,1.22,28,4.5,0,0.85,1199,68.4,15.2,无
ORD002127,R019,Rider028,2024-01-04 02:35:00,2,False,False,39.912197713531526,116.34824852007819,39.94131048218809,116.36460563345823,39.8468364452307,116.39973868704347,14.43,3.52,10.91,日料,18.3,19.799014508925186,True,18,0,2.1,晴天,1.0,0.28,1.14,14,4.0,0,0.87,829,69.9,5.8,无
ORD002128,R047,Rider015,2024-01-05 04:49:00,4,False,False,39.89414945606158,116.3920249662121,39.88553288505282,116.39673534077251,39.90125555536833,116.39611115244051,2.78,1.04,1.75,日料,29.6,20.43895575811748,True,11,0,2.2,晴天,1.0,0.27,1.13,18,5.0,0,0.89,512,48.0,8.1,无
ORD002129,R026,Rider010,2024-01-03 19:21:00,19,False,True,39.8755846365623,116.40270424015289,39.960173235334345,116.42161498762735,39.876127462298896,116.36871555781596,19.9,9.53,10.37,快餐,15.8,18.854866326355154,True,25,0,4.0,晴天,1.0,0.73,1.37,3,4.9,0,0.8,260,120.2,37.1,交通拥堵; 用餐高峰期
ORD002130,R013,Rider014,2024-01-05 19:13:00,19,False,True,39.94877501376175,116.40646937483817,39.98320584661837,116.37664727333566,39.93387852066118,116.46646634501718,14.02,4.59,9.43,西餐,30.2,18.806525500100182,True,11,0,1.6,多云,1.0,0.91,1.46,10,4.9,0,0.78,330,105.9,29.3,交通拥堵; 用餐高峰期
ORD002131,R050,Rider002,2024-01-07 21:50:00,21,True,False,39.94964032272909,116.45279562888915,39.9045643952722,116.43532802251922,39.94914167126766,116.49312820752455,12.22,5.22,6.99,快餐,24.1,23.517387020947552,True,8,0,1.1,晴天,1.0,0.71,1.35,23,4.7,0,0.82,798,77.6,21.2,交通拥堵
ORD002132,R043,Rider010,2024-01-07 10:58:00,10,True,False,39.91467025098992,116.38805170278884,39.94743819867199,116.36432413546461,39.876127462298896,116.36871555781596,12.09,4.17,7.93,日料,23.9,19.619535937000634,True,14,1,2.5,多云,1.0,0.31,1.15,3,4.9,0,0.95,1448,80.9,17.5,写字楼电梯等待
ORD002133,R041,Rider009,2024-01-03 18:44:00,18,False,True,39.88319349306985,116.42922870836986,39.883799869976464,116.39949782465398,39.91316369927242,116.40790369603127,5.88,2.54,3.34,中餐,27.1,19.939617896493786,True,17,0,2.0,大雨,1.35,0.85,1.42,35,4.5,1,0.85,78,91.6,44.8,天气影响(大雨); 交通拥堵; 用餐高峰期; 新餐厅备餐波动
ORD002134,R013,Rider023,2024-01-06 06:03:00,6,True,False,39.89868264828457,116.46506927985872,39.98320584661837,116.37664727333566,39.93964254240985,116.40191688715832,17.35,12.05,5.3,西餐,25.1,23.520825059488818,True,24,1,3.7,晴天,1.0,0.28,1.14,33,4.7,0,0.78,330,81.8,8.8,写字楼电梯等待
ORD002135,R005,Rider017,2024-01-05 16:36:00,16,False,False,39.87239996390093,116.41634320072751,39.88619238449682,116.4358231946314,39.9178982767203,116.48386118426038,7.67,2.26,5.41,火锅,28.1,26.020360700365686,True,25,1,5.2,多云,1.0,0.27,1.14,3,4.3,1,0.77,80,62.0,11.0,写字楼电梯等待; 新餐厅备餐波动
ORD002136,R027,Rider030,2024-01-02 09:52:00,9,False,False,39.921539159615385,116.44006793378135,39.94449504636891,116.38536357050157,39.911325137030445,116.40882541839402,9.52,5.33,4.19,西餐,17.6,28.252071648034995,True,20,1,4.1,晴天,1.0,0.94,1.47,22,3.9,0,0.82,787,56.2,14.3,交通拥堵; 写字楼电梯等待
ORD002137,R025,Rider011,2024-01-01 17:12:00,17,False,True,39.90458896705845,116.44543605081522,39.92272922536534,116.4439121239094,39.99179211732871,116.37506806858579,11.68,2.02,9.66,烧烤,15.6,28.827088861542276,False,5,0,2.5,多云,1.0,0.8,1.4,28,4.5,1,0.83,93,58.3,15.9,交通拥堵; 用餐高峰期; 新餐厅备餐波动
ORD002138,R005,Rider003,2024-01-01 19:20:00,19,False,True,39.8967958131912,116.4380211672954,39.88619238449682,116.4358231946314,39.97674666303516,116.42358331580469,11.3,1.19,10.11,火锅,28.1,27.95488111332254,True,20,1,8.0,多云,1.0,0.92,1.46,12,4.5,1,0.77,80,87.5,27.2,交通拥堵; 写字楼电梯等待; 用餐高峰期; 新餐厅备餐波动
ORD002139,R001,Rider003,2024-01-05 23:15:00,23,False,False,39.91980744167139,116.49876896515933,39.91910142459034,116.40325207096485,39.97674666303516,116.42358331580469,14.8,8.17,6.63,西餐,29.0,30.996157160296256,False,29,1,14.5,多云,1.0,0.15,1.08,12,4.5,0,0.89,1738,80.8,8.6,无电梯高楼层; 写字楼电梯等待
ORD002140,R019,Rider007,2024-01-06 10:18:00,10,True,False,39.854022784859666,116.40887091294559,39.94131048218809,116.36460563345823,39.8812319420477,116.34772102698165,17.23,10.4,6.83,日料,11.1,31.614978653063595,False,22,1,11.0,多云,1.0,0.45,1.22,20,3.7,0,0.87,829,70.3,15.5,无电梯高楼层; 写字楼电梯等待
ORD002141,R007,Rider013,2024-01-07 18:20:00,18,True,True,39.95074611310859,116.39997357974619,39.926353997399865,116.4125410484357,39.92705390041307,116.44622095280053,5.79,2.91,2.88,火锅,41.2,26.062456551202374,True,3,0,0.4,晴天,1.0,0.57,1.28,13,4.9,1,0.71,49,71.8,16.8,用餐高峰期; 新餐厅备餐波动
ORD002142,R030,Rider027,2024-01-07 12:56:00,12,True,True,39.93642330244565,116.45279649733722,39.89749611644023,116.42882001482276,39.886332661172375,116.38837314608125,8.46,4.78,3.67,日料,16.1,22.026761433152636,False,15,0,7.5,大雨,1.35,0.9,1.45,21,3.8,1,0.76,62,92.5,45.8,天气影响(大雨); 交通拥堵; 无电梯高楼层; 用餐高峰期; 新餐厅备餐波动
ORD002143,R037,Rider020,2024-01-07 15:37:00,15,True,False,39.968283225299174,116.40248321682074,39.892457945637545,116.42054067792265,39.95521852994615,116.403737357574,15.67,8.56,7.12,火锅,28.7,22.247863758882673,True,30,0,4.5,小雨,1.15,0.26,1.13,12,4.7,0,0.91,1035,100.8,25.4,天气影响(小雨)
ORD002144,R039,Rider016,2024-01-07 15:37:00,15,True,False,39.9131845892154,116.39479259911108,39.95763873231079,116.38707752996855,39.917836887942364,116.40394345972673,9.63,4.98,4.65,火锅,45.5,26.574275903935792,True,20,0,2.0,小雨,1.15,0.26,1.13,13,3.6,1,0.77,57,99.7,30.4,天气影响(小雨); 新餐厅备餐波动
ORD002145,R020,Rider014,2024-01-06 15:12:00,15,True,False,39.956656332546075,116.42276567178021,39.927930958411295,116.38011837635615,39.93387852066118,116.46646634501718,12.25,4.84,7.41,西餐,29.6,21.92949138485864,False,4,0,2.0,晴天,1.0,0.33,1.16,10,4.9,0,0.9,297,78.3,13.3,无
ORD002146,R046,Rider017,2024-01-07 10:49:00,10,True,False,39.92007696655312,116.4017327064777,39.90750898735901,116.3944992384245,39.9178982767203,116.48386118426038,9.25,1.53,7.73,中餐,22.4,23.065924011324398,True,29,0,3.9,多云,1.0,0.31,1.15,3,4.3,0,0.9,704,63.2,12.8,无
ORD002147,R018,Rider027,2024-01-06 20:26:00,20,True,False,39.89978951875523,116.41640696648446,39.93680181069118,116.43754960642107,39.886332661172375,116.38837314608125,11.5,4.49,7.01,日料,14.9,22.857131430066033,False,8,1,4.0,多云,1.0,0.35,1.18,21,3.8,1,0.74,11,57.9,8.8,无电梯高楼层; 新餐厅备餐波动
ORD002148,R029,Rider008,2024-01-02 13:12:00,13,False,True,39.90418026339136,116.40771043158647,39.929703617463716,116.41923019854394,39.92497386056965,116.4687095565201,7.26,3.0,4.26,快餐,17.4,30.630371820318807,False,30,0,15.0,晴天,1.0,0.91,1.46,25,4.8,0,0.86,1639,63.1,16.5,交通拥堵; 无电梯高楼层; 用餐高峰期
ORD002149,R040,Rider024,2024-01-04 22:08:00,22,False,False,39.92870143432184,116.44179944742159,39.91551888796381,116.45694052959438,39.836064702425794,116.40517809204412,11.82,1.95,9.87,西餐,26.0,28.93553411870235,True,14,0,1.5,多云,1.0,0.71,1.35,5,5.0,0,0.85,1199,67.7,15.7,交通拥堵
ORD002150,R046,Rider030,2024-01-07 22:48:00,22,True,False,39.86054801849796,116.40880966543867,39.90750898735901,116.3944992384245,39.911325137030445,116.40882541839402,6.65,5.36,1.3,中餐,17.8,31.113139749456856,True,28,1,4.3,晴天,1.0,0.54,1.27,22,3.9,0,0.9,704,47.8,12.9,写字楼电梯等待
ORD002151,R035,Rider013,2024-01-03 14:18:00,14,False,False,39.824335216510654,116.42182153438112,39.868196047868096,116.44344141332652,39.92705390041307,116.44622095280053,11.75,5.21,6.54,快餐,40.4,27.093751606879646,False,6,0,3.0,晴天,1.0,0.38,1.19,13,4.9,1,0.83,67,83.0,13.6,无电梯高楼层; 新餐厅备餐波动
ORD002152,R047,Rider030,2024-01-04 09:31:00,9,False,False,39.89342114904122,116.36486343167051,39.88553288505282,116.39673534077251,39.911325137030445,116.40882541839402,5.91,2.86,3.04,日料,35.2,35.611990715283866,True,11,1,2.0,晴天,1.0,0.96,1.48,22,3.9,0,0.89,512,61.0,13.9,交通拥堵; 写字楼电梯等待
ORD002153,R007,Rider018,2024-01-05 09:50:00,9,False,False,39.90190757913583,116.43207980271359,39.926353997399865,116.4125410484357,39.88619738114083,116.43231399729389,7.96,3.19,4.77,火锅,41.2,35.16185713138625,False,5,0,2.5,晴天,1.0,1.0,1.5,9,3.7,1,0.71,49,77.4,20.2,交通拥堵; 新餐厅备餐波动
ORD002154,R037,Rider011,2024-01-04 11:40:00,11,False,True,39.88834738169015,116.41357097367131,39.892457945637545,116.42054067792265,39.99179211732871,116.37506806858579,12.44,0.75,11.69,火锅,40.4,22.793577442523144,True,17,1,2.9,晴天,1.0,0.89,1.45,28,4.5,0,0.91,1035,121.0,44.9,交通拥堵; 写字楼电梯等待; 用餐高峰期
ORD002155,R022,Rider003,2024-01-02 09:34:00,9,False,False,39.834417968881446,116.37645607451942,39.92367260197888,116.37071379389974,39.97674666303516,116.42358331580469,17.35,9.92,7.43,快餐,22.8,31.251949077676493,True,22,0,2.7,晴天,1.0,0.94,1.47,12,4.5,1,0.76,91,88.9,30.1,交通拥堵; 新餐厅备餐波动
ORD002156,R003,Rider028,2024-01-04 20:22:00,20,False,False,39.92745007958069,116.46216293330268,39.90486665479836,116.3945662125919,39.8468364452307,116.39973868704347,12.76,6.3,6.46,烧烤,28.2,22.72900910050606,False,24,0,12.0,晴天,1.0,0.43,1.22,14,4.0,0,0.76,799,92.7,18.8,无电梯高楼层
ORD002157,R020,Rider014,2024-01-01 06:35:00,6,False,False,39.814356777532254,116.45033821152431,39.927930958411295,116.38011837635615,39.93387852066118,116.46646634501718,21.38,13.97,7.41,西餐,32.2,17.977962850258542,False,21,0,10.5,晴天,1.0,0.42,1.21,10,4.9,0,0.9,297,130.6,16.6,无电梯高楼层
ORD002158,R006,Rider023,2024-01-06 21:08:00,21,True,False,39.86458194192075,116.42535499054158,39.897316486385044,116.41908046739768,39.93964254240985,116.40191688715832,8.6,3.67,4.92,中餐,25.6,19.1682034341365,True,17,1,3.3,晴天,1.0,0.46,1.23,33,4.7,0,0.82,1513,63.3,7.5,写字楼电梯等待
ORD002159,R021,Rider006,2024-01-07 18:24:00,18,True,True,39.91311962101824,116.42742469330594,39.90504298390045,116.37148738809985,39.8754622311499,116.39886211393153,8.9,4.87,4.03,西餐,7.8,26.390718841494373,True,3,1,0.8,晴天,1.0,0.57,1.28,27,3.9,0,0.95,863,41.9,13.0,用餐高峰期
ORD002160,R032,Rider019,2024-01-03 11:54:00,11,False,True,39.87502037586746,116.48465382843267,39.923253376527065,116.37499397389878,39.93266459512356,116.36241431632648,12.3,10.8,1.5,中餐,13.2,19.614596941908328,False,1,0,0.5,晴天,1.0,0.56,1.28,28,3.9,0,0.81,589,72.8,21.5,用餐高峰期
ORD002161,R033,Rider003,2024-01-01 08:31:00,8,False,False,39.91375006482975,116.46265990268718,39.91675918407518,116.3855546225191,39.97674666303516,116.42358331580469,14.01,6.6,7.41,中餐,16.1,34.40416862048301,True,10,1,3.4,雪,1.4,0.84,1.42,12,4.5,0,0.82,637,88.4,44.5,天气影响(雪); 交通拥堵
ORD002162,R050,Rider019,2024-01-03 18:17:00,18,False,True,39.90334553879855,116.37424413496137,39.9045643952722,116.43532802251922,39.93266459512356,116.36241431632648,12.2,5.23,6.97,快餐,33.9,17.392447818711734,True,10,0,1.4,大雨,1.35,0.85,1.42,28,3.9,0,0.82,798,155.0,77.6,天气影响(大雨); 交通拥堵; 用餐高峰期
ORD002163,R012,Rider007,2024-01-05 16:38:00,16,False,False,39.859780903993354,116.36663466817232,39.9031252188267,116.45433930967441,39.8812319420477,116.34772102698165,18.35,8.91,9.44,西餐,24.9,26.846871408011225,True,29,0,3.5,多云,1.0,0.27,1.14,20,3.7,0,0.85,1677,67.5,0.0,无
ORD002164,R008,Rider008,2024-01-01 23:22:00,23,False,False,39.91086895104774,116.39764835487223,39.91802448900446,116.40997770414891,39.92497386056965,116.4687095565201,6.4,1.32,5.08,火锅,25.0,34.394083779094125,False,13,0,6.5,多云,1.0,0.39,1.19,25,4.8,0,0.81,1280,48.6,6.0,无电梯高楼层
ORD002165,R050,Rider029,2024-01-04 23:46:00,23,False,False,39.93137585797647,116.3693797944399,39.9045643952722,116.43532802251922,39.9827701186798,116.39951113316586,15.58,6.38,9.21,快餐,27.5,28.21659926714619,False,3,0,1.5,小雨,1.15,0.23,1.12,30,3.7,0,0.82,798,79.1,17.0,天气影响(小雨)
ORD002166,R040,Rider020,2024-01-04 07:14:00,7,False,False,39.924667837877664,116.41667530237555,39.91551888796381,116.45694052959438,39.95521852994615,116.403737357574,9.92,3.59,6.33,西餐,24.5,18.142748899034025,True,3,0,2.1,晴天,1.0,0.96,1.48,12,4.7,0,0.85,1199,85.8,26.4,交通拥堵
ORD002167,R020,Rider022,2024-01-06 22:18:00,22,True,False,39.859424084460485,116.38642542384872,39.927930958411295,116.38011837635615,39.88685398692913,116.39370765445501,12.33,7.63,4.71,西餐,29.2,29.439081184858857,False,15,0,7.5,晴天,1.0,0.58,1.29,34,4.0,0,0.9,297,77.4,15.6,无电梯高楼层
ORD002168,R033,Rider013,2024-01-07 22:21:00,22,True,False,39.88075155712577,116.42181627213259,39.91675918407518,116.3855546225191,39.92705390041307,116.44622095280053,10.37,5.06,5.31,中餐,13.6,28.200406284738246,True,28,0,5.0,晴天,1.0,0.54,1.27,13,4.9,0,0.82,637,44.1,3.4,无
ORD002169,R038,Rider029,2024-01-07 14:43:00,14,True,False,39.82549540838145,116.39132278083522,39.93564059231985,116.38854290757573,39.9827701186798,116.39951113316586,17.55,12.23,5.32,中餐,14.1,28.549905407799635,False,10,1,5.0,多云,1.0,0.14,1.07,30,3.7,0,0.85,1469,53.6,0.0,无电梯高楼层
ORD002170,R039,Rider009,2024-01-02 21:32:00,21,False,False,39.90347179642124,116.4213671361467,39.95763873231079,116.38707752996855,39.91316369927242,116.40790369603127,11.94,6.69,5.25,火锅,45.5,22.019842944309154,False,20,0,10.0,小雨,1.15,0.57,1.29,35,4.5,1,0.77,57,137.7,49.7,天气影响(小雨); 无电梯高楼层; 新餐厅备餐波动
ORD002171,R042,Rider017,2024-01-04 10:54:00,10,False,False,39.855789619899,116.36012328877617,39.865351725765606,116.4042464448576,39.9178982767203,116.48386118426038,12.89,3.92,8.97,火锅,31.5,19.710190808202626,False,21,0,10.5,大雨,1.35,0.44,1.22,3,4.3,0,0.84,621,135.1,53.9,天气影响(大雨); 无电梯高楼层
ORD002172,R046,Rider003,2024-01-02 16:37:00,16,False,False,39.82320274279507,116.30957852390439,39.90750898735901,116.3944992384245,39.97674666303516,116.42358331580469,19.93,11.85,8.08,中餐,17.7,29.68518606751131,True,17,0,1.9,小雨,1.15,0.36,1.18,12,4.5,0,0.9,704,81.5,21.6,天气影响(小雨)
ORD002173,R012,Rider023,2024-01-04 18:15:00,18,False,True,39.88468976683058,116.46577903060405,39.9031252188267,116.45433930967441,39.93964254240985,116.40191688715832,8.31,2.27,6.04,西餐,23.2,18.91177439766946,True,16,1,2.4,晴天,1.0,0.95,1.48,33,4.7,0,0.85,1677,85.4,33.4,交通拥堵; 写字楼电梯等待; 用餐高峰期
ORD002174,R046,Rider024,2024-01-03 12:57:00,12,False,True,39.959745208645856,116.44766025670138,39.90750898735901,116.3944992384245,39.836064702425794,116.40517809204412,15.35,7.37,7.99,中餐,28.7,25.978014749291283,True,29,1,5.6,多云,1.0,0.64,1.32,5,5.0,0,0.9,704,95.2,25.4,交通拥堵; 写字楼电梯等待; 用餐高峰期
ORD002175,R009,Rider006,2024-01-01 14:48:00,14,False,False,39.89743690683488,116.36781879711789,39.84792969683381,116.3663965358334,39.8754622311499,116.39886211393153,9.63,5.5,4.13,西餐,30.0,32.79178190918041,False,17,0,8.5,多云,1.0,0.16,1.08,27,3.9,0,0.75,1622,59.1,3.0,无电梯高楼层
ORD002176,R019,Rider010,2024-01-04 15:12:00,15,False,False,39.927057701963825,116.46465131257419,39.94131048218809,116.36460563345823,39.876127462298896,116.36871555781596,15.94,8.7,7.25,日料,7.9,19.664117355291516,True,5,0,0.5,晴天,1.0,0.34,1.17,3,4.9,0,0.87,829,68.0,10.9,无
ORD002177,R023,Rider021,2024-01-06 22:27:00,22,True,False,39.90841902442235,116.39698659245381,39.89349764922696,116.42408365395602,39.920748511998084,116.46108354017223,7.23,2.85,4.38,日料,27.4,32.480921862472684,True,26,1,4.5,晴天,1.0,0.58,1.29,23,4.6,0,0.94,1116,52.5,7.2,写字楼电梯等待
ORD002178,R033,Rider026,2024-01-01 03:38:00,3,False,False,39.97712978816738,116.38763564676518,39.91675918407518,116.3855546225191,39.86014992380612,116.42690693099692,13.92,6.71,7.21,中餐,9.3,27.344540894629482,False,8,1,4.0,晴天,1.0,0.2,1.1,25,4.8,0,0.82,637,47.9,4.1,无电梯高楼层
ORD002179,R034,Rider004,2024-01-04 23:56:00,23,False,False,39.8999660508942,116.45459522741126,39.86870203135637,116.42224986962574,39.8938632905673,116.45473929280564,8.38,4.44,3.94,日料,33.0,23.94195314048015,True,13,0,4.5,小雨,1.15,0.23,1.12,9,4.7,1,0.71,96,79.3,20.9,天气影响(小雨); 新餐厅备餐波动
ORD002180,R024,Rider025,2024-01-01 20:01:00,20,False,False,39.883625187677595,116.40562694090022,39.91199648382746,116.43085468615331,39.85202121997981,116.4341869019532,10.48,3.82,6.67,西餐,25.3,19.193805401499425,True,8,0,1.9,晴天,1.0,0.32,1.16,23,3.7,0,0.83,915,73.7,13.8,无
ORD002181,R002,Rider027,2024-01-06 16:21:00,16,True,False,39.95453522564858,116.37486074419245,39.95157638446523,116.43042304187458,39.886332661172375,116.38837314608125,12.85,4.76,8.09,日料,14.4,24.11101652771008,True,7,1,1.1,多云,1.0,0.24,1.12,21,3.8,1,0.82,47,52.0,4.6,新餐厅备餐波动
ORD002182,R017,Rider015,2024-01-07 17:38:00,17,True,True,39.88109965795675,116.38493521317677,39.899361428650025,116.41952152570443,39.90125555536833,116.39611115244051,5.6,3.59,2.01,中餐,34.1,19.79751926794595,True,24,1,6.4,小雨,1.15,0.69,1.34,18,5.0,0,0.91,1236,93.9,36.5,天气影响(小雨); 交通拥堵; 写字楼电梯等待; 用餐高峰期
ORD002183,R038,Rider018,2024-01-03 14:11:00,14,False,False,39.851878464372255,116.39961654566463,39.93564059231985,116.38854290757573,39.88619738114083,116.43231399729389,15.99,9.35,6.64,中餐,15.4,31.064950920310864,True,6,0,1.3,晴天,1.0,0.38,1.19,9,3.7,0,0.85,1469,57.0,9.4,无
ORD002184,R008,Rider003,2024-01-05 10:13:00,10,False,False,39.938107192680555,116.41540834594386,39.91802448900446,116.40997770414891,39.97674666303516,116.42358331580469,8.9,2.28,6.62,火锅,28.0,36.184038507460556,False,3,0,1.5,小雨,1.15,0.47,1.24,12,4.5,0,0.81,1280,60.9,16.6,天气影响(小雨)
ORD002185,R046,Rider022,2024-01-06 18:32:00,18,True,True,39.90582496577288,116.41110636916856,39.90750898735901,116.3944992384245,39.88685398692913,116.39370765445501,3.73,1.43,2.29,中餐,23.2,26.45274293524919,True,19,0,2.3,多云,1.0,0.6,1.3,34,4.0,0,0.9,704,48.5,14.5,用餐高峰期
ORD002186,R034,Rider019,2024-01-06 09:04:00,9,True,False,39.860234119987325,116.44318922624343,39.86870203135637,116.42224986962574,39.93266459512356,116.36241431632648,10.78,2.02,8.75,日料,33.0,22.6113256122774,False,9,0,4.5,晴天,1.0,0.24,1.12,28,3.9,1,0.71,96,73.2,7.2,无电梯高楼层; 新餐厅备餐波动
ORD002187,R038,Rider016,2024-01-05 15:36:00,15,False,False,39.92174539523676,116.43745257040553,39.93564059231985,116.38854290757573,39.917836887942364,116.40394345972673,6.83,4.46,2.38,中餐,18.0,24.943150507699134,False,14,1,7.0,晴天,1.0,0.2,1.1,13,3.6,0,0.85,1469,51.1,9.7,无电梯高楼层; 写字楼电梯等待
ORD002188,R032,Rider002,2024-01-06 08:49:00,8,True,False,39.91285496507019,116.45302523018262,39.923253376527065,116.37499397389878,39.94914167126766,116.49312820752455,17.27,6.77,10.5,中餐,14.1,25.530997399757094,True,29,1,4.9,小雨,1.15,0.47,1.23,23,4.7,0,0.81,589,83.0,23.4,天气影响(小雨); 写字楼电梯等待
ORD002189,R005,Rider011,2024-01-07 20:32:00,20,True,False,39.87731962326502,116.39770001341012,39.88619238449682,116.4358231946314,39.99179211732871,116.37506806858579,16.23,3.41,12.82,火锅,28.1,24.9693175937061,True,1,0,0.3,多云,1.0,0.27,1.13,28,4.5,1,0.77,80,78.2,10.8,新餐厅备餐波动
ORD002190,R020,Rider022,2024-01-05 13:12:00,13,False,True,39.93607327170865,116.46253651634868,39.927930958411295,116.38011837635615,39.88685398692913,116.39370765445501,11.81,7.1,4.71,西餐,41.2,33.195004539815876,True,2,0,2.3,小雨,1.15,0.81,1.41,34,4.0,0,0.9,297,108.2,43.3,天气影响(小雨); 交通拥堵; 用餐高峰期
ORD002191,R005,Rider001,2024-01-02 19:17:00,19,False,True,39.950635607440994,116.3534437710303,39.88619238449682,116.4358231946314,39.91716665409954,116.40219427782529,14.52,10.04,4.48,火锅,28.1,24.771685015460577,False,24,0,12.0,小雨,1.15,0.98,1.49,19,4.2,1,0.77,80,123.4,48.2,天气影响(小雨); 交通拥堵; 无电梯高楼层; 用餐高峰期; 新餐厅备餐波动
ORD002192,R003,Rider017,2024-01-02 16:17:00,16,False,False,39.920859678301824,116.41315667709276,39.90486665479836,116.3945662125919,39.9178982767203,116.48386118426038,10.15,2.38,7.77,烧烤,22.1,19.756019566062808,True,2,0,1.1,小雨,1.15,0.36,1.18,3,4.3,0,0.76,799,74.1,20.0,天气影响(小雨)
ORD002193,R004,Rider010,2024-01-02 07:04:00,7,False,False,39.92965858716654,116.3983255864805,39.90622584614064,116.3646575544136,39.876127462298896,116.36871555781596,7.24,3.88,3.36,火锅,15.2,20.44819541458978,True,26,0,2.9,大雨,1.35,0.92,1.46,3,4.9,0,0.76,1942,73.8,34.5,天气影响(大雨); 交通拥堵
ORD002194,R011,Rider020,2024-01-07 13:46:00,13,True,True,39.87952305919383,116.45649104248848,39.85697534139168,116.42653858829674,39.95521852994615,116.403737357574,14.66,3.58,11.08,快餐,19.1,22.248016070689555,False,18,0,9.0,多云,1.0,0.75,1.38,12,4.7,0,0.84,1585,84.8,17.2,交通拥堵; 无电梯高楼层; 用餐高峰期
ORD002195,R002,Rider011,2024-01-04 03:16:00,3,False,False,39.87377643879986,116.42212188263994,39.95157638446523,116.43042304187458,39.99179211732871,116.37506806858579,15.17,8.67,6.5,日料,14.4,28.20615714622678,True,23,0,2.8,多云,1.0,0.23,1.12,28,4.5,1,0.82,47,63.2,13.8,新餐厅备餐波动
ORD002196,R005,Rider018,2024-01-04 16:48:00,16,False,False,39.917942143088695,116.39706118014556,39.88619238449682,116.4358231946314,39.88619738114083,116.43231399729389,5.14,4.84,0.3,火锅,28.1,28.932238138067763,False,30,0,15.0,小雨,1.15,0.39,1.19,9,3.7,1,0.77,80,71.2,17.4,天气影响(小雨); 无电梯高楼层; 新餐厅备餐波动
ORD002197,R050,Rider020,2024-01-06 16:24:00,16,True,False,39.90551721024881,116.37665855077145,39.9045643952722,116.43532802251922,39.95521852994615,116.403737357574,11.26,5.02,6.24,快餐,24.2,21.75523422737764,False,19,0,9.5,多云,1.0,0.24,1.12,12,4.7,0,0.82,798,71.4,6.6,无电梯高楼层
ORD002198,R037,Rider006,2024-01-07 19:46:00,19,True,True,39.85028297439286,116.4135639109104,39.892457945637545,116.42054067792265,39.8754622311499,116.39886211393153,7.37,4.72,2.65,火锅,41.7,32.70573393338661,True,18,0,4.7,雪,1.4,0.57,1.28,27,3.9,0,0.91,1035,109.8,49.9,天气影响(雪); 用餐高峰期
ORD002199,R018,Rider026,2024-01-02 21:51:00,21,False,False,39.92350771376698,116.41182895176708,39.93680181069118,116.43754960642107,39.86014992380612,116.42690693099692,11.21,2.65,8.56,日料,14.9,28.917978987496223,True,28,1,4.5,小雨,1.15,0.57,1.29,25,4.8,1,0.74,11,66.5,23.8,天气影响(小雨); 写字楼电梯等待; 新餐厅备餐波动
ORD002200,R007,Rider030,2024-01-02 17:28:00,17,False,True,39.91816732820624,116.35657914253834,39.926353997399865,116.4125410484357,39.911325137030445,116.40882541839402,6.57,4.87,1.7,火锅,41.2,35.13229969522125,False,9,0,4.5,多云,1.0,0.89,1.45,22,3.9,1,0.71,49,77.6,20.7,交通拥堵; 无电梯高楼层; 用餐高峰期; 新餐厅备餐波动
ORD002201,R017,Rider018,2024-01-03 10:23:00,10,False,False,39.94779414142728,116.42322368086681,39.899361428650025,116.41952152570443,39.88619738114083,116.43231399729389,7.21,5.39,1.83,中餐,29.4,26.931047275784064,False,9,0,4.5,雾,1.25,0.25,1.13,9,3.7,0,0.91,1236,63.0,13.1,天气影响(雾); 无电梯高楼层
ORD002202,R046,Rider029,2024-01-02 17:10:00,17,False,True,39.926450793666625,116.38287170689733,39.90750898735901,116.3944992384245,39.9827701186798,116.39951113316586,10.69,2.33,8.37,中餐,18.4,28.972807683954997,True,15,0,3.0,多云,1.0,0.89,1.45,30,3.7,0,0.9,704,61.9,18.3,交通拥堵; 用餐高峰期
ORD002203,R020,Rider028,2024-01-02 10:22:00,10,False,False,39.88455905846252,116.41474387922652,39.927930958411295,116.38011837635615,39.8468364452307,116.39973868704347,14.81,5.65,9.16,西餐,27.9,19.263484771446993,True,21,1,6.2,大雨,1.35,0.17,1.09,14,4.0,0,0.9,297,125.2,45.0,天气影响(大雨); 写字楼电梯等待
ORD002204,R040,Rider024,2024-01-03 19:02:00,19,False,True,39.88826165896941,116.47277463675353,39.91551888796381,116.45694052959438,39.836064702425794,116.40517809204412,13.19,3.32,9.87,西餐,26.8,24.69327567381207,True,14,0,1.6,晴天,1.0,0.73,1.37,5,5.0,0,0.85,1199,89.2,28.8,交通拥堵; 用餐高峰期
ORD002205,R002,Rider018,2024-01-02 14:01:00,14,False,False,39.78836347222946,116.44660082536072,39.95157638446523,116.43042304187458,39.88619738114083,116.43231399729389,25.44,18.17,7.26,日料,14.4,35.80300847351505,True,7,0,2.7,多云,1.0,0.33,1.17,9,3.7,1,0.82,47,75.3,15.6,新餐厅备餐波动
ORD002206,R005,Rider025,2024-01-05 15:50:00,15,False,False,39.88437585030761,116.38045980654046,39.88619238449682,116.4358231946314,39.85202121997981,116.4341869019532,8.54,4.74,3.8,火锅,28.1,19.3061727821613,False,11,0,5.5,晴天,1.0,0.2,1.1,23,3.7,1,0.77,80,70.8,10.7,无电梯高楼层; 新餐厅备餐波动
ORD002207,R013,Rider007,2024-01-06 18:20:00,18,True,True,39.88276691257777,116.39034398574401,39.98320584661837,116.37664727333566,39.8812319420477,116.34772102698165,22.8,11.21,11.59,西餐,29.6,27.2407057159054,True,23,1,3.5,多云,1.0,0.6,1.3,20,3.7,0,0.78,330,109.7,26.4,写字楼电梯等待; 用餐高峰期
ORD002208,R007,Rider002,2024-01-07 23:27:00,23,True,False,39.92232195525697,116.46127248768114,39.926353997399865,116.4125410484357,39.94914167126766,116.49312820752455,11.53,4.19,7.34,火锅,41.2,22.671987754213838,True,2,0,0.2,雾,1.25,0.34,1.17,23,4.7,1,0.71,49,104.6,32.6,天气影响(雾); 新餐厅备餐波动
ORD002209,R013,Rider018,2024-01-06 15:44:00,15,True,False,39.88345524872283,116.42145313338251,39.98320584661837,116.37664727333566,39.88619738114083,116.43231399729389,23.49,11.72,11.78,西餐,29.0,29.944977043127203,True,11,0,1.7,晴天,1.0,0.33,1.16,9,3.7,0,0.78,330,91.0,13.2,无
ORD002210,R034,Rider025,2024-01-03 09:44:00,9,False,False,39.9795742395124,116.41394721840147,39.86870203135637,116.42224986962574,39.85202121997981,116.4341869019532,14.45,12.33,2.12,日料,33.0,22.985872368146516,True,19,1,4.4,晴天,1.0,0.71,1.36,23,3.7,1,0.71,96,112.8,37.7,交通拥堵; 写字楼电梯等待; 新餐厅备餐波动
ORD002211,R039,Rider008,2024-01-06 19:49:00,19,True,True,39.87427502880122,116.32748495354545,39.95763873231079,116.38707752996855,39.92497386056965,116.4687095565201,18.43,10.57,7.86,火锅,45.5,35.41474188612014,True,21,0,2.3,晴天,1.0,0.72,1.36,25,4.8,1,0.77,57,110.0,31.0,交通拥堵; 用餐高峰期; 新餐厅备餐波动
ORD002212,R010,Rider007,2024-01-01 07:20:00,7,False,False,39.95896938447934,116.43080988431346,39.89798502329687,116.38869567815044,39.8812319420477,116.34772102698165,11.64,7.67,3.97,烧烤,13.3,27.675793311542936,True,2,0,1.6,晴天,1.0,0.75,1.37,20,3.7,1,0.79,43,53.2,13.2,交通拥堵; 新餐厅备餐波动
ORD002213,R011,Rider011,2024-01-07 13:54:00,13,True,True,39.82666396876412,116.43636101903658,39.85697534139168,116.42653858829674,39.99179211732871,116.37506806858579,19.07,3.47,15.6,快餐,12.5,27.61217944387177,True,3,1,1.9,多云,1.0,0.75,1.38,28,4.5,0,0.84,1585,73.2,17.4,交通拥堵; 用餐高峰期
ORD002214,R043,Rider012,2024-01-05 17:21:00,17,False,True,39.82425843648766,116.38999243665785,39.94743819867199,116.36432413546461,39.87227059127874,116.35388620704767,22.25,13.85,8.39,日料,26.8,24.347937154499746,False,4,1,2.0,小雨,1.15,0.68,1.34,27,4.5,0,0.95,1448,133.7,50.1,天气影响(小雨); 交通拥堵; 用餐高峰期
ORD002215,R027,Rider017,2024-01-07 12:45:00,12,True,True,39.941020760835464,116.45252540305539,39.94449504636891,116.38536357050157,39.9178982767203,116.48386118426038,14.68,5.75,8.92,西餐,30.0,25.68221462792612,True,3,1,0.5,大雨,1.35,0.9,1.45,3,4.3,0,0.82,787,126.6,61.8,天气影响(大雨); 交通拥堵; 用餐高峰期
ORD002216,R050,Rider010,2024-01-01 10:34:00,10,False,False,39.80202777413769,116.4303310836444,39.9045643952722,116.43532802251922,39.876127462298896,116.36871555781596,17.91,11.39,6.51,快餐,28.9,19.21971916682878,True,15,0,2.7,晴天,1.0,0.46,1.23,3,4.9,0,0.82,798,100.0,12.5,无
ORD002217,R049,Rider016,2024-01-05 09:20:00,9,False,False,39.9339269127347,116.36352852116842,39.93551026936107,116.41426935614565,39.917836887942364,116.40394345972673,6.49,4.34,2.15,快餐,20.2,31.170235347224153,True,15,0,2.1,晴天,1.0,1.0,1.5,13,3.6,0,0.8,1818,55.9,21.1,交通拥堵
ORD002218,R033,Rider006,2024-01-02 09:20:00,9,False,False,39.94422327177516,116.4183246422135,39.91675918407518,116.3855546225191,39.8754622311499,116.39886211393153,8.87,4.14,4.72,中餐,9.9,31.91991052333813,True,22,0,4.4,晴天,1.0,0.94,1.47,27,3.9,0,0.82,637,43.9,13.0,交通拥堵
ORD002219,R026,Rider027,2024-01-05 16:38:00,16,False,False,39.90153733665253,116.44587962664941,39.960173235334345,116.42161498762735,39.886332661172375,116.38837314608125,15.51,6.83,8.68,快餐,21.0,20.21726110826483,False,25,0,12.5,多云,1.0,0.27,1.14,21,3.8,0,0.8,260,97.9,18.4,无电梯高楼层
ORD002220,R004,Rider004,2024-01-07 15:26:00,15,True,False,39.927465609209655,116.40478665093272,39.90622584614064,116.3646575544136,39.8938632905673,116.45473929280564,11.99,4.16,7.82,火锅,13.9,26.76261899640276,True,7,0,1.4,小雨,1.15,0.26,1.13,9,4.7,0,0.76,1942,51.1,8.9,天气影响(小雨)
ORD002221,R020,Rider009,2024-01-03 19:51:00,19,False,True,39.94048434212835,116.38024907380169,39.927930958411295,116.38011837635615,39.91316369927242,116.40790369603127,4.28,1.39,2.89,西餐,41.0,23.116447674918145,True,11,1,1.7,晴天,1.0,0.73,1.37,35,4.5,0,0.9,297,73.3,19.5,交通拥堵; 写字楼电梯等待; 用餐高峰期
ORD002222,R042,Rider024,2024-01-04 04:58:00,4,False,False,39.93101396008518,116.44770950115304,39.865351725765606,116.4042464448576,39.836064702425794,116.40517809204412,11.44,8.18,3.25,火锅,27.0,22.484254470419227,True,11,0,1.3,晴天,1.0,0.2,1.1,5,5.0,0,0.84,621,56.7,0.0,无
ORD002223,R007,Rider006,2024-01-06 12:46:00,12,True,True,39.91157479752506,116.48595379135882,39.926353997399865,116.4125410484357,39.8754622311499,116.39886211393153,12.26,6.49,5.77,火锅,41.2,31.089873106621646,False,17,0,8.5,小雨,1.15,0.74,1.37,27,3.9,1,0.71,49,110.2,36.9,天气影响(小雨); 交通拥堵; 无电梯高楼层; 用餐高峰期; 新餐厅备餐波动
ORD002224,R022,Rider007,2024-01-04 09:06:00,9,False,False,39.858540403081726,116.3668787192493,39.92367260197888,116.37071379389974,39.8812319420477,116.34772102698165,12.35,7.24,5.11,快餐,22.8,31.78122247551436,True,6,0,2.3,晴天,1.0,0.96,1.48,20,3.7,1,0.76,91,66.7,18.2,交通拥堵; 新餐厅备餐波动
ORD002225,R007,Rider017,2024-01-05 23:48:00,23,False,False,39.890161849359345,116.44217440511619,39.926353997399865,116.4125410484357,39.9178982767203,116.48386118426038,10.92,4.75,6.17,火锅,41.2,21.721439976717075,False,17,1,8.5,多云,1.0,0.15,1.08,3,4.3,1,0.71,49,80.9,1.0,无电梯高楼层; 写字楼电梯等待; 新餐厅备餐波动
ORD002226,R006,Rider027,2024-01-03 19:33:00,19,False,True,39.927806223546135,116.42515115411527,39.897316486385044,116.41908046739768,39.886332661172375,116.38837314608125,6.32,3.42,2.9,中餐,40.2,19.530155438746878,False,30,1,15.0,晴天,1.0,0.73,1.37,21,3.8,0,0.82,1513,103.7,29.0,交通拥堵; 无电梯高楼层; 写字楼电梯等待; 用餐高峰期
ORD002227,R037,Rider003,2024-01-02 11:39:00,11,False,True,39.83368766267727,116.4680833700508,39.892457945637545,116.42054067792265,39.97674666303516,116.42358331580469,17.05,7.69,9.36,火锅,36.3,32.79103610301756,True,7,0,2.6,多云,1.0,0.94,1.47,12,4.5,0,0.91,1035,106.9,36.8,交通拥堵; 用餐高峰期
ORD002228,R050,Rider017,2024-01-04 11:38:00,11,False,True,39.88635361705526,116.46703923281518,39.9045643952722,116.43532802251922,39.9178982767203,116.48386118426038,7.79,3.38,4.41,快餐,40.1,24.309018184989156,True,12,1,2.2,晴天,1.0,0.89,1.45,3,4.3,0,0.82,798,89.4,27.8,交通拥堵; 写字楼电梯等待; 用餐高峰期
ORD002229,R047,Rider001,2024-01-07 10:34:00,10,True,False,39.85918311514362,116.41070087683137,39.88553288505282,116.39673534077251,39.91716665409954,116.40219427782529,6.7,3.16,3.54,日料,33.6,23.340630286077293,False,6,0,3.0,多云,1.0,0.31,1.15,19,4.2,0,0.89,512,65.6,11.7,无电梯高楼层
ORD002230,R022,Rider014,2024-01-05 22:11:00,22,False,False,39.92719091766776,116.46416677807754,39.92367260197888,116.37071379389974,39.93387852066118,116.46646634501718,16.26,8.0,8.26,快餐,22.8,19.417303865532034,True,17,1,2.6,雪,1.4,0.38,1.19,10,4.9,1,0.76,91,137.5,61.7,天气影响(雪); 写字楼电梯等待; 新餐厅备餐波动
ORD002231,R017,Rider028,2024-01-05 15:07:00,15,False,False,39.929960089564446,116.49031451342964,39.899361428650025,116.41952152570443,39.8468364452307,116.39973868704347,13.01,6.94,6.07,中餐,26.7,17.74317845222843,True,4,1,0.9,晴天,1.0,0.2,1.1,14,4.0,0,0.91,1236,82.9,11.3,无
ORD002232,R002,Rider006,2024-01-01 15:39:00,15,False,False,39.92261459693749,116.47776818611543,39.95157638446523,116.43042304187458,39.8754622311499,116.39886211393153,14.04,5.17,8.87,日料,14.4,27.819338263160986,False,27,0,13.5,多云,1.0,0.08,1.04,27,3.9,1,0.82,47,63.4,5.2,无电梯高楼层; 新餐厅备餐波动
ORD002233,R021,Rider027,2024-01-05 19:03:00,19,False,True,39.912642487643645,116.4554966662403,39.90504298390045,116.37148738809985,39.886332661172375,116.38837314608125,9.76,7.23,2.53,西餐,18.2,20.96995733605917,True,12,0,2.6,多云,1.0,0.91,1.46,21,3.8,0,0.95,863,74.2,25.4,交通拥堵; 用餐高峰期
ORD002234,R024,Rider001,2024-01-03 23:38:00,23,False,False,39.90417338019478,116.3712035838195,39.91199648382746,116.43085468615331,39.91716665409954,116.40219427782529,7.69,5.17,2.52,西餐,20.2,22.890133155310362,True,1,1,5.8,晴天,1.0,0.3,1.15,19,4.2,0,0.83,915,50.3,4.2,无
ORD002235,R002,Rider016,2024-01-02 18:39:00,18,False,True,39.903073682345884,116.41656443552851,39.95157638446523,116.43042304187458,39.917836887942364,116.40394345972673,9.89,5.51,4.38,日料,14.4,32.8067846152824,False,9,0,4.5,小雨,1.15,0.91,1.46,13,3.6,1,0.82,47,64.7,27.7,天气影响(小雨); 交通拥堵; 无电梯高楼层; 用餐高峰期; 新餐厅备餐波动
ORD002236,R021,Rider006,2024-01-03 14:22:00,14,False,False,39.918536340133876,116.39728657885557,39.90504298390045,116.37148738809985,39.8754622311499,116.39886211393153,6.7,2.67,4.03,西餐,15.8,31.274489014862542,True,11,0,3.1,晴天,1.0,0.38,1.19,27,3.9,0,0.95,863,33.6,1.8,无
ORD002237,R025,Rider014,2024-01-03 21:27:00,21,False,False,39.95717508987804,116.45412430261213,39.92272922536534,116.4439121239094,39.93387852066118,116.46646634501718,6.21,3.92,2.29,烧烤,15.6,18.141084910402572,False,30,0,15.0,多云,1.0,0.59,1.29,10,4.9,1,0.83,93,67.8,16.6,无电梯高楼层; 新餐厅备餐波动
ORD002238,R019,Rider017,2024-01-01 16:56:00,16,False,False,39.92589192350659,116.47210462699023,39.94131048218809,116.36460563345823,39.9178982767203,116.48386118426038,19.87,9.35,10.52,日料,18.7,22.708735246784766,False,3,1,1.5,晴天,1.0,0.34,1.17,3,4.3,0,0.87,829,84.5,11.8,无
ORD002239,R019,Rider012,2024-01-07 21:34:00,21,True,False,39.965955787705745,116.35710866486518,39.94131048218809,116.36460563345823,39.87227059127874,116.35388620704767,10.53,2.81,7.72,日料,14.9,19.199075669635448,False,26,0,13.0,晴天,1.0,0.71,1.35,27,4.5,0,0.87,829,77.2,16.4,交通拥堵; 无电梯高楼层
ORD002240,R018,Rider023,2024-01-02 23:17:00,23,False,False,39.86702468154662,116.44832941649317,39.93680181069118,116.43754960642107,39.93964254240985,116.40191688715832,10.86,7.8,3.06,日料,14.9,20.11357160277265,True,6,0,3.0,晴天,1.0,0.44,1.22,33,4.7,1,0.74,11,66.7,16.4,新餐厅备餐波动
ORD002241,R003,Rider010,2024-01-07 22:44:00,22,True,False,39.95543480295963,116.43831392568084,39.90486665479836,116.3945662125919,39.876127462298896,116.36871555781596,10.63,6.75,3.88,烧烤,24.8,21.363950826641698,False,26,0,13.0,晴天,1.0,0.54,1.27,3,4.9,0,0.76,799,85.2,17.6,无电梯高楼层
ORD002242,R031,Rider004,2024-01-04 19:01:00,19,False,True,39.90421531848639,116.39438239145103,39.875714428644635,116.38949308005311,39.8938632905673,116.45473929280564,9.13,3.19,5.93,中餐,46.1,28.918249695550493,True,29,0,3.6,小雨,1.15,0.8,1.4,9,4.7,0,0.86,117,116.2,47.6,天气影响(小雨); 交通拥堵; 用餐高峰期
ORD002243,R006,Rider017,2024-01-01 15:02:00,15,False,False,39.89548965025442,116.35288853584794,39.897316486385044,116.41908046739768,39.9178982767203,116.48386118426038,11.66,5.66,5.99,中餐,32.1,23.440980055888758,True,1,1,3.3,多云,1.0,0.08,1.04,3,4.3,0,0.82,1513,62.7,0.0,无
ORD002244,R009,Rider030,2024-01-01 11:59:00,11,False,True,39.882353131335535,116.33678569083786,39.84792969683381,116.3663965358334,39.911325137030445,116.40882541839402,12.51,4.59,7.92,西餐,33.7,37.165263849457794,False,3,0,1.5,大雨,1.35,0.79,1.4,22,3.9,0,0.75,1622,104.4,49.1,天气影响(大雨); 交通拥堵; 用餐高峰期
ORD002245,R029,Rider011,2024-01-07 17:43:00,17,True,True,39.96243673898961,116.40961709711517,39.929703617463716,116.41923019854394,39.99179211732871,116.37506806858579,11.59,3.73,7.86,快餐,16.1,25.371473398919935,True,14,0,2.8,小雨,1.15,0.69,1.34,28,4.5,0,0.86,1639,66.3,20.1,天气影响(小雨); 交通拥堵; 用餐高峰期
ORD002246,R004,Rider005,2024-01-02 13:49:00,13,False,True,39.85714480439779,116.40339920996337,39.90622584614064,116.3646575544136,39.846276626340114,116.35110144902494,13.13,6.38,6.76,火锅,19.0,22.62339733081326,True,20,0,3.5,晴天,1.0,0.91,1.46,17,4.9,0,0.76,1942,80.7,23.4,交通拥堵; 用餐高峰期
ORD002247,R026,Rider029,2024-01-06 10:42:00,10,True,False,39.91953286833559,116.4143657137209,39.960173235334345,116.42161498762735,39.9827701186798,116.39951113316586,7.69,4.55,3.14,快餐,15.2,22.523423892897945,True,4,0,0.5,多云,1.0,0.45,1.22,30,3.7,0,0.8,260,46.7,10.5,无
ORD002248,R012,Rider012,2024-01-06 10:13:00,10,True,False,39.87336321620014,116.42909843185681,39.9031252188267,116.45433930967441,39.87227059127874,116.35388620704767,13.2,3.95,9.25,西餐,22.1,23.564339271970454,False,3,1,1.5,多云,1.0,0.45,1.22,27,4.5,0,0.85,1677,68.2,11.0,无
ORD002249,R018,Rider026,2024-01-07 16:23:00,16,True,False,39.861286415743606,116.37250736549089,39.93680181069118,116.43754960642107,39.86014992380612,116.42690693099692,18.62,10.06,8.56,日料,14.9,28.54262357667817,True,2,1,1.3,小雨,1.15,0.45,1.23,25,4.8,1,0.74,11,81.3,25.9,天气影响(小雨); 新餐厅备餐波动
ORD002250,R038,Rider010,2024-01-05 17:40:00,17,False,True,39.882515905824924,116.31047560887964,39.93564059231985,116.38854290757573,39.876127462298896,116.36871555781596,15.73,8.91,6.82,中餐,14.1,20.343209048969456,True,6,0,1.6,小雨,1.15,0.68,1.34,3,4.9,0,0.85,1469,100.1,38.1,天气影响(小雨); 交通拥堵; 用餐高峰期
ORD002251,R004,Rider007,2024-01-01 19:39:00,19,False,True,39.86217110446732,116.39683654928065,39.90622584614064,116.3646575544136,39.8812319420477,116.34772102698165,8.74,5.61,3.13,火锅,18.1,29.009972757406516,True,9,1,1.5,多云,1.0,0.92,1.46,20,3.7,0,0.76,1942,55.5,17.8,交通拥堵; 用餐高峰期
ORD002252,R027,Rider009,2024-01-05 09:59:00,9,False,False,39.890033254226374,116.40171077391871,39.94449504636891,116.38536357050157,39.91316369927242,116.40790369603127,10.18,6.21,3.98,西餐,22.1,20.119541222603736,True,4,0,0.4,晴天,1.0,1.0,1.5,35,4.5,0,0.82,787,83.2,30.3,交通拥堵
ORD002253,R023,Rider019,2024-01-03 18:18:00,18,False,True,39.87180362559019,116.42490811959922,39.89349764922696,116.42408365395602,39.93266459512356,116.36241431632648,9.24,2.41,6.83,日料,32.6,20.30115112353127,False,21,0,10.5,大雨,1.35,0.85,1.42,28,3.9,0,0.94,1116,131.6,61.1,天气影响(大雨); 交通拥堵; 无电梯高楼层; 用餐高峰期
ORD002254,R025,Rider020,2024-01-02 19:57:00,19,False,True,39.83630312034525,116.35548167888139,39.92272922536534,116.4439121239094,39.95521852994615,116.403737357574,17.2,12.22,4.98,烧烤,15.6,22.87574414357489,False,4,0,2.0,小雨,1.15,0.98,1.49,12,4.7,1,0.83,93,102.9,40.2,天气影响(小雨); 交通拥堵; 用餐高峰期; 新餐厅备餐波动
ORD002255,R036,Rider016,2024-01-02 12:55:00,12,False,True,39.915875971694724,116.41264934721964,39.91483258755359,116.35099062234642,39.917836887942364,116.40394345972673,9.81,5.27,4.54,日料,26.8,31.96670802512665,False,28,0,14.0,雾,1.25,0.79,1.4,13,3.6,0,0.94,1695,106.1,46.9,天气影响(雾); 交通拥堵; 无电梯高楼层; 用餐高峰期
ORD002256,R003,Rider011,2024-01-03 18:39:00,18,False,True,39.95339424763056,116.42462956695465,39.90486665479836,116.3945662125919,39.99179211732871,116.37506806858579,15.76,5.97,9.79,烧烤,29.4,22.00015755464145,False,28,0,14.0,大雨,1.35,0.85,1.42,28,4.5,0,0.76,799,164.1,77.7,天气影响(大雨); 交通拥堵; 无电梯高楼层; 用餐高峰期
ORD002257,R040,Rider029,2024-01-05 21:28:00,21,False,False,39.83062023229818,116.38374626379048,39.91551888796381,116.45694052959438,39.9827701186798,116.39951113316586,20.25,11.32,8.94,西餐,17.9,25.51810470006162,True,26,0,3.3,晴天,1.0,0.66,1.33,30,3.7,0,0.85,1199,90.6,21.8,交通拥堵
ORD002258,R006,Rider007,2024-01-02 20:19:00,20,False,False,39.892795594154485,116.41276827020579,39.897316486385044,116.41908046739768,39.8812319420477,116.34772102698165,7.1,0.74,6.36,中餐,29.0,35.8610912297042,True,20,0,4.0,晴天,1.0,0.32,1.16,20,3.7,0,0.82,1513,44.8,0.0,无
ORD002259,R003,Rider018,2024-01-05 22:49:00,22,False,False,39.839242585186554,116.35145306420044,39.90486665479836,116.3945662125919,39.88619738114083,116.43231399729389,12.0,8.17,3.84,烧烤,27.3,30.598108476524704,False,28,0,14.0,雪,1.4,0.38,1.19,9,3.7,0,0.76,799,105.7,40.9,天气影响(雪); 无电梯高楼层
ORD002260,R029,Rider011,2024-01-03 16:03:00,16,False,False,39.91493347162475,116.37485508230164,39.929703617463716,116.41923019854394,39.99179211732871,116.37506806858579,11.99,4.13,7.86,快餐,7.9,28.125527076405874,True,28,0,3.4,雪,1.4,0.2,1.1,28,4.5,0,0.86,1639,60.0,23.2,天气影响(雪)
ORD002261,R016,Rider021,2024-01-01 18:24:00,18,False,True,39.91413348203174,116.44528118003463,39.91308360831194,116.4152316581654,39.920748511998084,116.46108354017223,6.58,2.57,4.01,西餐,13.4,30.153092633575252,False,21,0,10.5,多云,1.0,0.75,1.37,23,4.6,1,0.76,46,37.8,0.8,交通拥堵; 无电梯高楼层; 用餐高峰期; 新餐厅备餐波动
ORD002262,R034,Rider018,2024-01-06 08:29:00,8,True,False,40.03584782748223,116.35333273445626,39.86870203135637,116.42224986962574,39.88619738114083,116.43231399729389,21.6,19.47,2.12,日料,33.0,33.61850072867753,True,8,0,1.0,小雨,1.15,0.47,1.23,9,3.7,1,0.71,96,94.9,22.4,天气影响(小雨); 新餐厅备餐波动
ORD002263,R029,Rider026,2024-01-07 18:01:00,18,True,True,39.926023504094594,116.39224365108264,39.929703617463716,116.41923019854394,39.86014992380612,116.42690693099692,10.09,2.34,7.75,快餐,18.3,22.937916651378867,True,18,1,3.1,晴天,1.0,0.57,1.28,25,4.8,0,0.86,1639,70.8,23.0,写字楼电梯等待; 用餐高峰期
ORD002264,R033,Rider013,2024-01-06 16:19:00,16,True,False,39.888214432863904,116.34690627054574,39.91675918407518,116.3855546225191,39.92705390041307,116.44622095280053,9.89,4.58,5.31,中餐,13.6,28.490260082425987,True,17,0,2.7,多云,1.0,0.24,1.12,13,4.9,0,0.82,637,44.0,6.9,无
ORD002265,R007,Rider020,2024-01-05 21:18:00,21,False,False,39.86491838595842,116.467380816044,39.926353997399865,116.4125410484357,39.95521852994615,116.403737357574,11.57,8.28,3.29,火锅,41.2,17.53293190543637,False,1,0,0.5,晴天,1.0,0.66,1.33,12,4.7,1,0.71,49,107.2,25.9,交通拥堵; 新餐厅备餐波动
ORD002266,R029,Rider001,2024-01-07 13:10:00,13,True,True,39.95871157812698,116.46121364072306,39.929703617463716,116.41923019854394,39.91716665409954,116.40219427782529,6.84,4.82,2.01,快餐,17.1,21.046928516439046,False,2,1,1.0,多云,1.0,0.75,1.38,19,4.2,0,0.86,1639,45.0,7.4,交通拥堵; 用餐高峰期
ORD002267,R028,Rider002,2024-01-01 07:01:00,7,False,False,39.801905126126094,116.41246997509641,39.92038827604751,116.36245113087884,39.94914167126766,116.49312820752455,25.45,13.83,11.62,火锅,12.3,25.47934383113295,True,1,0,0.8,晴天,1.0,0.75,1.37,23,4.7,0,0.86,1899,104.7,31.6,交通拥堵
ORD002268,R046,Rider017,2024-01-06 21:19:00,21,True,False,39.955099708136466,116.40749674936096,39.90750898735901,116.3944992384245,39.9178982767203,116.48386118426038,13.13,5.4,7.73,中餐,23.6,22.50567372123514,True,18,0,2.4,晴天,1.0,0.46,1.23,3,4.3,0,0.9,704,71.0,9.9,无
ORD002269,R016,Rider009,2024-01-04 10:10:00,10,False,False,39.88390861475289,116.45276065442339,39.91308360831194,116.4152316581654,39.91316369927242,116.40790369603127,5.19,4.56,0.63,西餐,13.4,23.05729886427579,False,29,0,14.5,大雨,1.35,0.44,1.22,35,4.5,1,0.76,46,70.8,29.4,天气影响(大雨); 无电梯高楼层; 新餐厅备餐波动
ORD002270,R003,Rider008,2024-01-02 08:35:00,8,False,False,39.925414103655314,116.42263788682203,39.90486665479836,116.3945662125919,39.92497386056965,116.4687095565201,10.03,3.31,6.72,烧烤,25.6,36.19007422547865,True,11,0,1.2,晴天,1.0,0.88,1.44,25,4.8,0,0.76,799,62.4,18.9,交通拥堵
ORD002271,R007,Rider026,2024-01-05 05:56:00,5,False,False,39.891625428885504,116.385754953281,39.926353997399865,116.4125410484357,39.86014992380612,116.42690693099692,11.94,4.48,7.45,火锅,41.2,26.301948176918838,True,23,1,3.5,晴天,1.0,0.34,1.17,25,4.8,1,0.71,49,86.6,14.7,写字楼电梯等待; 新餐厅备餐波动
ORD002272,R005,Rider005,2024-01-02 19:40:00,19,False,True,40.01730884471596,116.37159328789272,39.88619238449682,116.4358231946314,39.846276626340114,116.35110144902494,24.05,15.56,8.5,火锅,28.1,19.681456457561335,True,24,0,2.4,小雨,1.15,0.98,1.49,17,4.9,1,0.77,80,174.6,70.7,天气影响(小雨); 交通拥堵; 用餐高峰期; 新餐厅备餐波动
ORD002273,R031,Rider013,2024-01-04 10:45:00,10,False,False,39.86808321251783,116.38950640054065,39.875714428644635,116.38949308005311,39.92705390041307,116.44622095280053,8.33,0.85,7.49,中餐,32.4,30.079222670812776,True,22,1,5.1,大雨,1.35,0.44,1.22,13,4.9,0,0.86,117,90.0,35.9,天气影响(大雨); 写字楼电梯等待
ORD002274,R009,Rider024,2024-01-01 17:04:00,17,False,True,39.92752667277669,116.43375386996459,39.84792969683381,116.3663965358334,39.836064702425794,116.40517809204412,14.12,10.55,3.57,西餐,30.4,24.04349974880844,True,29,0,4.5,多云,1.0,0.8,1.4,5,5.0,0,0.75,1622,94.0,23.9,交通拥堵; 用餐高峰期
ORD002275,R017,Rider030,2024-01-01 12:35:00,12,False,True,39.9137310355589,116.43164558768227,39.899361428650025,116.41952152570443,39.911325137030445,116.40882541839402,3.52,1.9,1.61,中餐,36.0,35.15411973123851,False,11,0,5.5,雪,1.4,0.74,1.37,22,3.9,0,0.91,1236,91.5,44.0,天气影响(雪); 交通拥堵; 无电梯高楼层; 用餐高峰期
ORD002276,R045,Rider020,2024-01-02 17:48:00,17,False,True,39.891806198629745,116.35899803949125,39.93831052255901,116.42080670434322,39.95521852994615,116.403737357574,9.77,7.39,2.38,日料,22.2,20.88570022025116,False,19,0,9.5,多云,1.0,0.89,1.45,12,4.7,0,0.8,384,87.7,27.9,交通拥堵; 无电梯高楼层; 用餐高峰期
ORD002277,R032,Rider026,2024-01-03 15:32:00,15,False,False,39.87220926320683,116.40998291738794,39.923253376527065,116.37499397389878,39.86014992380612,116.42690693099692,14.7,6.41,8.29,中餐,14.5,26.456481146826068,True,17,0,1.8,多云,1.0,0.34,1.17,25,4.8,0,0.81,589,56.4,6.8,无
ORD002278,R036,Rider001,2024-01-05 16:40:00,16,False,False,39.89699583191593,116.44638748106874,39.91483258755359,116.35099062234642,39.91716665409954,116.40219427782529,12.78,8.39,4.39,日料,14.5,23.365983391855476,True,18,0,2.2,多云,1.0,0.27,1.14,19,4.2,0,0.94,1695,48.1,0.0,无
ORD002279,R014,Rider015,2024-01-05 22:53:00,22,False,False,39.8740467595277,116.47629689511774,39.89783515734865,116.39459393617881,39.90125555536833,116.39611115244051,7.87,7.47,0.4,烧烤,39.2,21.911093656533538,True,14,0,1.8,雪,1.4,0.38,1.19,18,5.0,1,0.82,66,110.9,48.3,天气影响(雪); 新餐厅备餐波动
ORD002280,R036,Rider004,2024-01-02 16:22:00,16,False,False,39.872772527572245,116.38113730342627,39.91483258755359,116.35099062234642,39.8938632905673,116.45473929280564,14.51,5.33,9.17,日料,18.0,28.32731676869,True,23,0,4.1,小雨,1.15,0.36,1.18,9,4.7,0,0.94,1695,82.7,29.9,天气影响(小雨)
ORD002281,R013,Rider030,2024-01-02 15:43:00,15,False,False,39.908238952153894,116.41554682387665,39.98320584661837,116.37664727333566,39.911325137030445,116.40882541839402,17.4,8.96,8.44,西餐,23.0,27.302663092909366,False,20,0,10.0,小雨,1.15,0.35,1.17,22,3.9,0,0.78,330,97.2,25.9,天气影响(小雨); 无电梯高楼层
ORD002282,R011,Rider009,2024-01-01 16:22:00,16,False,False,39.98572242683326,116.39704600524959,39.85697534139168,116.42653858829674,39.91316369927242,116.40790369603127,20.95,14.52,6.44,快餐,12.1,25.001113408720514,True,20,1,5.8,晴天,1.0,0.34,1.17,35,4.5,0,0.84,1585,82.2,14.0,写字楼电梯等待
ORD002283,R048,Rider017,2024-01-01 08:31:00,8,False,False,39.947209289127926,116.43513517479822,39.87933014967234,116.39059456879409,39.9178982767203,116.48386118426038,17.5,8.44,9.05,日料,10.7,23.478411748574352,True,2,1,0.6,雪,1.4,0.84,1.42,3,4.3,0,0.94,1812,109.0,53.0,天气影响(雪); 交通拥堵
ORD002284,R044,Rider024,2024-01-07 15:32:00,15,True,False,39.91967175147995,116.43097066532474,39.93937307347177,116.4233420003288,39.836064702425794,116.40517809204412,13.86,2.28,11.58,火锅,12.4,24.176251800401708,True,17,0,2.7,小雨,1.15,0.26,1.13,5,5.0,0,0.88,1668,66.9,17.5,天气影响(小雨)
ORD002285,R018,Rider010,2024-01-05 13:23:00,13,False,True,39.882423655081936,116.37884205357224,39.93680181069118,116.43754960642107,39.876127462298896,116.36871555781596,16.8,7.85,8.95,日料,14.9,21.433758204985544,False,8,0,4.0,小雨,1.15,0.81,1.41,3,4.9,1,0.74,11,109.1,43.2,天气影响(小雨); 交通拥堵; 无电梯高楼层; 用餐高峰期; 新餐厅备餐波动
ORD002286,R004,Rider015,2024-01-06 16:29:00,16,True,False,39.88104205936084,116.47770131137973,39.90622584614064,116.3646575544136,39.90125555536833,116.39611115244051,12.81,10.06,2.75,火锅,17.3,21.82467335441361,True,22,0,3.4,多云,1.0,0.24,1.12,18,5.0,0,0.76,1942,56.9,1.0,无
ORD002287,R022,Rider001,2024-01-01 09:01:00,9,False,False,39.923819864180466,116.44748286540322,39.92367260197888,116.37071379389974,39.91716665409954,116.40219427782529,9.35,6.56,2.79,快餐,22.8,21.31574492194489,True,16,0,3.6,晴天,1.0,0.94,1.47,19,4.2,1,0.76,91,79.5,26.7,交通拥堵; 新餐厅备餐波动
ORD002288,R044,Rider019,2024-01-07 16:59:00,16,True,False,39.91127737301403,116.37202944896735,39.93937307347177,116.4233420003288,39.93266459512356,116.36241431632648,10.64,5.38,5.26,火锅,9.6,19.198499381288833,True,30,0,3.9,小雨,1.15,0.45,1.23,28,3.9,0,0.88,1668,67.1,20.4,天气影响(小雨)
ORD002289,R038,Rider010,2024-01-03 09:52:00,9,False,False,39.94676174557775,116.41318814074297,39.93564059231985,116.38854290757573,39.876127462298896,116.36871555781596,9.26,2.44,6.82,中餐,14.1,21.43587669611154,True,10,1,3.2,晴天,1.0,0.71,1.36,3,4.9,0,0.85,1469,56.0,12.8,交通拥堵
ORD002290,R049,Rider013,2024-01-03 19:04:00,19,False,True,39.99184197495077,116.46092522458991,39.93551026936107,116.41426935614565,39.92705390041307,116.44622095280053,10.31,7.42,2.89,快餐,31.4,28.945553196342367,False,20,0,10.0,晴天,1.0,0.73,1.37,13,4.9,0,0.8,1818,75.7,12.9,交通拥堵; 无电梯高楼层; 用餐高峰期
ORD002291,R007,Rider027,2024-01-07 23:41:00,23,True,False,39.91068119615049,116.44418974132859,39.926353997399865,116.4125410484357,39.886332661172375,116.38837314608125,8.12,3.22,4.9,火锅,41.2,18.698028405849104,True,30,1,8.0,雾,1.25,0.34,1.17,21,3.8,1,0.71,49,102.7,27.4,天气影响(雾); 写字楼电梯等待; 新餐厅备餐波动
ORD002292,R045,Rider001,2024-01-05 02:29:00,2,False,False,39.87288209260577,116.40397027796236,39.93831052255901,116.42080670434322,39.91716665409954,116.40219427782529,10.24,7.41,2.84,日料,22.3,20.567789146770487,True,23,0,2.7,晴天,1.0,0.23,1.12,19,4.2,0,0.8,384,57.7,2.8,无
ORD002293,R045,Rider027,2024-01-03 09:54:00,9,False,False,39.940750489377045,116.37122018159269,39.93831052255901,116.42080670434322,39.886332661172375,116.38837314608125,10.65,4.25,6.4,日料,19.5,18.482451675254648,False,7,0,3.5,晴天,1.0,0.71,1.36,21,3.8,0,0.8,384,79.1,21.6,交通拥堵; 无电梯高楼层
ORD002294,R002,Rider023,2024-01-07 21:08:00,21,True,False,39.893078992872155,116.437881131214,39.95157638446523,116.43042304187458,39.93964254240985,116.40191688715832,9.3,6.53,2.77,日料,14.4,19.006720664913523,True,13,0,1.8,晴天,1.0,0.71,1.35,33,4.7,1,0.82,47,59.8,14.2,交通拥堵; 新餐厅备餐波动
ORD002295,R017,Rider008,2024-01-06 15:17:00,15,True,False,39.93541194246115,116.42984902612598,39.899361428650025,116.41952152570443,39.92497386056965,116.4687095565201,9.18,4.1,5.08,中餐,21.2,30.27426310897996,False,3,0,1.5,晴天,1.0,0.33,1.16,25,4.8,0,0.91,1236,45.2,4.4,无
ORD002296,R035,Rider006,2024-01-06 18:34:00,18,True,True,39.862187207381275,116.35659710018913,39.868196047868096,116.44344141332652,39.8754622311499,116.39886211393153,11.36,7.46,3.9,快餐,40.4,32.54996967887847,True,1,1,0.7,多云,1.0,0.6,1.3,27,3.9,1,0.83,67,80.6,18.6,用餐高峰期; 新餐厅备餐波动
ORD002297,R030,Rider007,2024-01-04 10:53:00,10,False,False,39.91678949938312,116.40980336545444,39.89749611644023,116.42882001482276,39.8812319420477,116.34772102698165,9.86,2.69,7.17,日料,16.1,26.92053852741877,True,9,1,1.9,大雨,1.35,0.44,1.22,20,3.7,1,0.76,62,64.9,24.9,天气影响(大雨); 新餐厅备餐波动
ORD002298,R025,Rider015,2024-01-06 19:40:00,19,True,True,39.88597687189874,116.37143265979797,39.92272922536534,116.4439121239094,39.90125555536833,116.39611115244051,12.15,7.42,4.73,烧烤,15.6,20.66870803406179,True,24,0,3.6,晴天,1.0,0.72,1.36,18,5.0,1,0.83,93,81.5,27.0,交通拥堵; 用餐高峰期; 新餐厅备餐波动
ORD002299,R011,Rider004,2024-01-01 15:45:00,15,False,False,39.86612633616343,116.40866079721563,39.85697534139168,116.42653858829674,39.8938632905673,116.45473929280564,6.59,1.84,4.75,快餐,15.8,28.07129129581922,False,23,1,11.5,多云,1.0,0.08,1.04,9,4.7,0,0.84,1585,40.9,0.0,无电梯高楼层; 写字楼电梯等待
ORD002300,R016,Rider027,2024-01-02 18:01:00,18,False,True,39.84966609268533,116.40065909988589,39.91308360831194,116.4152316581654,39.886332661172375,116.38837314608125,10.91,7.15,3.75,西餐,13.4,20.908438498815663,False,19,0,9.5,小雨,1.15,0.91,1.46,21,3.8,1,0.76,46,94.3,40.1,天气影响(小雨); 交通拥堵; 无电梯高楼层; 用餐高峰期; 新餐厅备餐波动
ORD002301,R047,Rider027,2024-01-06 23:03:00,23,True,False,39.92257801121957,116.38368130742656,39.88553288505282,116.39673534077251,39.886332661172375,116.38837314608125,4.98,4.26,0.72,日料,30.6,18.858411901193488,True,15,1,3.1,雾,1.25,0.02,1.01,21,3.8,0,0.89,512,58.6,9.0,天气影响(雾); 写字楼电梯等待
ORD002302,R040,Rider001,2024-01-07 22:32:00,22,True,False,39.921165321819046,116.36185250627646,39.91551888796381,116.45694052959438,39.91716665409954,116.40219427782529,12.84,8.15,4.68,西餐,21.7,24.733367757687823,True,17,0,4.4,晴天,1.0,0.54,1.27,19,4.2,0,0.85,1199,61.1,3.9,无
ORD002303,R024,Rider006,2024-01-02 09:06:00,9,False,False,39.92003291761768,116.39919294818517,39.91199648382746,116.43085468615331,39.8754622311499,116.39886211393153,7.74,2.85,4.89,西餐,26.5,28.312852951839815,True,29,1,6.7,晴天,1.0,0.94,1.47,27,3.9,0,0.83,915,71.0,21.4,交通拥堵; 写字楼电梯等待
ORD002304,R028,Rider021,2024-01-05 19:35:00,19,False,True,39.92256473586965,116.38810608615334,39.92038827604751,116.36245113087884,39.920748511998084,116.46108354017223,10.64,2.21,8.43,火锅,13.2,34.672393217585324,True,2,0,0.2,多云,1.0,0.91,1.46,23,4.6,0,0.86,1899,48.4,16.5,交通拥堵; 用餐高峰期
ORD002305,R013,Rider017,2024-01-01 22:44:00,22,False,False,39.87859327051714,116.44957098917568,39.98320584661837,116.37664727333566,39.9178982767203,116.48386118426038,24.87,13.18,11.68,西餐,22.0,25.887005821104438,False,12,0,6.0,多云,1.0,0.37,1.19,3,4.3,0,0.78,330,86.3,0.7,无电梯高楼层
ORD002306,R047,Rider004,2024-01-05 14:27:00,14,False,False,39.98024394022608,116.378202651089,39.88553288505282,116.39673534077251,39.8938632905673,116.45473929280564,15.68,10.63,5.05,日料,30.0,27.784152831576815,True,12,0,1.9,多云,1.0,0.36,1.18,9,4.7,0,0.89,512,66.3,0.6,无
ORD002307,R004,Rider022,2024-01-01 18:46:00,18,False,True,39.91880597493805,116.43550307357374,39.90622584614064,116.3646575544136,39.88685398692913,116.39370765445501,9.5,6.22,3.29,火锅,24.2,31.426687801970346,True,2,1,8.0,多云,1.0,0.75,1.37,34,4.0,0,0.76,1942,69.5,19.1,交通拥堵; 用餐高峰期
ORD002308,R014,Rider002,2024-01-02 07:18:00,7,False,False,39.86234511362577,116.37695812987216,39.89783515734865,116.39459393617881,39.94914167126766,116.49312820752455,14.39,4.22,10.17,烧烤,39.2,22.83550718281073,True,8,0,1.4,大雨,1.35,0.92,1.46,23,4.7,1,0.82,66,149.4,70.9,天气影响(大雨); 交通拥堵; 新餐厅备餐波动
ORD002309,R048,Rider006,2024-01-02 13:32:00,13,False,True,39.913938422480996,116.40807633510234,39.87933014967234,116.39059456879409,39.8754622311499,116.39886211393153,4.95,4.12,0.83,日料,15.8,30.463953580719433,True,8,1,1.5,晴天,1.0,0.91,1.46,27,3.9,0,0.94,1812,42.0,15.0,交通拥堵; 用餐高峰期
ORD002310,R042,Rider022,2024-01-04 19:15:00,19,False,True,39.90413476491672,116.4117833118321,39.865351725765606,116.4042464448576,39.88685398692913,116.39370765445501,6.91,4.35,2.55,火锅,41.6,28.245023363264238,False,21,1,10.5,小雨,1.15,0.8,1.4,34,4.0,0,0.84,621,106.0,39.2,天气影响(小雨); 交通拥堵; 无电梯高楼层; 写字楼电梯等待; 用餐高峰期
ORD002311,R006,Rider022,2024-01-06 17:42:00,17,True,True,39.8693265575746,116.42410371260411,39.897316486385044,116.41908046739768,39.88685398692913,116.39370765445501,5.6,3.14,2.46,中餐,37.6,30.580762408969253,True,10,1,1.8,雾,1.25,0.53,1.27,34,4.0,0,0.82,1513,84.5,34.1,天气影响(雾); 用餐高峰期
ORD002312,R044,Rider006,2024-01-06 09:44:00,9,True,False,39.942152298852314,116.44474701159427,39.93937307347177,116.4233420003288,39.8754622311499,116.39886211393153,9.25,1.86,7.4,火锅,9.6,26.393514362356086,True,27,1,4.7,晴天,1.0,0.24,1.12,27,3.9,0,0.88,1668,44.2,8.8,写字楼电梯等待
ORD002313,R050,Rider020,2024-01-05 13:57:00,13,False,True,39.86327081228494,116.41202531033629,39.9045643952722,116.43532802251922,39.95521852994615,116.403737357574,11.24,5.0,6.24,快餐,37.5,18.023981777545053,True,28,0,4.3,小雨,1.15,0.81,1.41,12,4.7,0,0.82,798,130.7,51.5,天气影响(小雨); 交通拥堵; 用餐高峰期
ORD002314,R004,Rider020,2024-01-02 14:38:00,14,False,False,39.87284526007473,116.34105450622052,39.90622584614064,116.3646575544136,39.95521852994615,116.403737357574,10.6,4.22,6.38,火锅,14.0,19.63339042310896,True,9,0,1.9,多云,1.0,0.33,1.17,12,4.7,0,0.76,1942,43.0,0.0,无
ORD002315,R021,Rider011,2024-01-03 17:16:00,17,False,True,39.865054550950646,116.47778244310673,39.90504298390045,116.37148738809985,39.99179211732871,116.37506806858579,19.76,10.12,9.64,西餐,17.0,22.11720392691365,True,30,0,4.1,多云,1.0,0.85,1.42,28,4.5,0,0.95,863,105.0,30.4,交通拥堵; 用餐高峰期
ORD002316,R048,Rider020,2024-01-03 19:08:00,19,False,True,39.882511731973025,116.42434643473658,39.87933014967234,116.39059456879409,39.95521852994615,116.403737357574,11.41,2.91,8.5,日料,14.9,20.7826572341471,True,3,1,0.5,晴天,1.0,0.73,1.37,12,4.7,0,0.94,1812,64.8,16.5,交通拥堵; 用餐高峰期
ORD002317,R005,Rider013,2024-01-06 10:03:00,10,True,False,39.91421583240632,116.45586919575497,39.88619238449682,116.4358231946314,39.92705390041307,116.44622095280053,8.18,3.55,4.62,火锅,28.1,30.708531224795966,True,8,0,1.4,多云,1.0,0.45,1.22,13,4.9,1,0.77,80,61.4,15.9,新餐厅备餐波动
ORD002318,R004,Rider013,2024-01-07 17:01:00,17,True,True,39.87526783934401,116.35321537284624,39.90622584614064,116.3646575544136,39.92705390041307,116.44622095280053,10.92,3.57,7.35,火锅,22.9,28.151010962564566,False,7,1,3.5,小雨,1.15,0.69,1.34,13,4.9,0,0.76,1942,78.0,28.3,天气影响(小雨); 交通拥堵; 无电梯高楼层; 用餐高峰期
ORD002319,R025,Rider022,2024-01-04 10:14:00,10,False,False,39.859409031881334,116.43905683388222,39.92272922536534,116.4439121239094,39.88685398692913,116.39370765445501,12.9,7.04,5.86,烧烤,15.6,26.456786420954252,True,18,0,1.8,大雨,1.35,0.44,1.22,34,4.0,1,0.83,93,88.8,42.1,天气影响(大雨); 新餐厅备餐波动
ORD002320,R044,Rider011,2024-01-04 07:36:00,7,False,False,39.91957254456401,116.42263974213203,39.93937307347177,116.4233420003288,39.99179211732871,116.37506806858579,9.33,2.2,7.13,火锅,9.6,22.62287547412284,False,26,1,13.0,晴天,1.0,0.96,1.48,28,4.5,0,0.88,1668,63.9,16.5,交通拥堵; 无电梯高楼层; 写字楼电梯等待
ORD002321,R008,Rider008,2024-01-05 15:20:00,15,False,False,39.95292988524713,116.4487354237651,39.91802448900446,116.40997770414891,39.92497386056965,116.4687095565201,10.18,5.1,5.08,火锅,23.2,30.586230625957143,True,11,0,1.2,晴天,1.0,0.2,1.1,25,4.8,0,0.81,1280,51.0,6.6,无
ORD002322,R023,Rider019,2024-01-07 19:54:00,19,True,True,39.88899733899952,116.41332682875601,39.89349764922696,116.42408365395602,39.93266459512356,116.36241431632648,7.88,1.05,6.83,日料,39.4,22.971567984166015,True,15,1,4.9,雪,1.4,0.57,1.28,28,3.9,0,0.94,1116,119.9,55.0,天气影响(雪); 写字楼电梯等待; 用餐高峰期
ORD002323,R043,Rider014,2024-01-03 09:32:00,9,False,False,39.93308635637887,116.44317534351478,39.94743819867199,116.36432413546461,39.93387852066118,116.46646634501718,15.78,6.93,8.86,日料,19.7,19.239639608939328,True,1,0,0.1,晴天,1.0,0.71,1.36,10,4.9,0,0.95,1448,89.4,20.3,交通拥堵
ORD002324,R020,Rider024,2024-01-01 11:04:00,11,False,True,39.84712302841038,116.45879625226011,39.927930958411295,116.38011837635615,39.836064702425794,116.40517809204412,21.64,11.22,10.42,西餐,39.4,22.782388520161664,False,13,0,6.5,大雨,1.35,0.79,1.4,5,5.0,0,0.9,297,191.4,88.5,天气影响(大雨); 交通拥堵; 无电梯高楼层; 用餐高峰期
ORD002325,R028,Rider018,2024-01-05 16:49:00,16,False,False,39.93496636703826,116.45917899101525,39.92038827604751,116.36245113087884,39.88619738114083,116.43231399729389,15.5,8.43,7.08,火锅,9.0,35.00940568678963,False,23,0,11.5,多云,1.0,0.27,1.14,9,3.7,0,0.86,1899,54.3,7.2,无电梯高楼层
ORD002326,R034,Rider026,2024-01-05 23:45:00,23,False,False,39.91167215636591,116.357565633214,39.86870203135637,116.42224986962574,39.86014992380612,116.42690693099692,8.34,7.31,1.03,日料,33.0,22.013736886456233,True,30,0,3.2,多云,1.0,0.15,1.08,25,4.8,1,0.71,96,52.2,0.0,新餐厅备餐波动
ORD002327,R001,Rider006,2024-01-07 10:29:00,10,True,False,39.92922868893706,116.38469684462116,39.91910142459034,116.40325207096485,39.8754622311499,116.39886211393153,6.8,1.94,4.86,西餐,27.6,34.240885343249886,False,21,0,10.5,多云,1.0,0.31,1.15,27,3.9,0,0.89,1738,60.6,10.6,无电梯高楼层
ORD002328,R012,Rider005,2024-01-01 13:51:00,13,False,True,39.91338508038,116.34966111930363,39.9031252188267,116.45433930967441,39.846276626340114,116.35110144902494,19.88,9.02,10.86,西餐,33.7,19.620554772016543,True,24,0,3.3,晴天,1.0,0.99,1.49,17,4.9,0,0.85,1677,144.2,46.4,交通拥堵; 用餐高峰期
ORD002329,R024,Rider023,2024-01-01 18:12:00,18,False,True,39.91844282229799,116.426017384255,39.91199648382746,116.43085468615331,39.93964254240985,116.40191688715832,4.77,0.83,3.94,西餐,30.0,20.156039324670726,True,27,0,3.0,多云,1.0,0.75,1.37,33,4.7,0,0.83,915,65.4,18.2,交通拥堵; 用餐高峰期
ORD002330,R005,Rider022,2024-01-05 10:50:00,10,False,False,39.903954253349205,116.42477898916054,39.88619238449682,116.4358231946314,39.88685398692913,116.39370765445501,5.79,2.19,3.6,火锅,28.1,30.585736595860435,True,29,0,5.0,小雨,1.15,0.47,1.24,34,4.0,1,0.77,80,61.5,17.0,天气影响(小雨); 新餐厅备餐波动
ORD002331,R003,Rider026,2024-01-02 15:05:00,15,False,False,39.934402975162804,116.33685336397521,39.90486665479836,116.3945662125919,39.86014992380612,116.42690693099692,11.61,5.92,5.68,烧烤,22.5,28.218858101340214,True,6,0,2.2,小雨,1.15,0.35,1.17,25,4.8,0,0.76,799,73.6,24.2,天气影响(小雨)
ORD002332,R006,Rider001,2024-01-02 12:42:00,12,False,True,39.88764589051778,116.47175923882973,39.897316486385044,116.41908046739768,39.91716665409954,116.40219427782529,7.27,4.63,2.63,中餐,45.3,25.1974239893611,True,3,1,2.1,雾,1.25,0.79,1.4,19,4.2,0,0.82,1513,119.2,54.5,天气影响(雾); 交通拥堵; 用餐高峰期
ORD002333,R013,Rider017,2024-01-06 11:50:00,11,True,True,39.82001738060311,116.47729514056518,39.98320584661837,116.37664727333566,39.9178982767203,116.48386118426038,31.74,20.06,11.68,西餐,28.7,19.647375986933604,True,5,0,2.8,雪,1.4,0.94,1.47,3,4.3,0,0.78,330,265.5,137.0,天气影响(雪); 交通拥堵; 用餐高峰期
ORD002334,R009,Rider026,2024-01-01 09:30:00,9,False,False,39.91488784625447,116.44390562850393,39.84792969683381,116.3663965358334,39.86014992380612,116.42690693099692,15.31,9.96,5.35,西餐,32.5,28.797796075826724,True,28,1,5.1,晴天,1.0,0.94,1.47,25,4.8,0,0.75,1622,102.5,33.0,交通拥堵; 写字楼电梯等待
ORD002335,R014,Rider005,2024-01-07 21:27:00,21,True,False,39.93335842593198,116.47266310602762,39.89783515734865,116.39459393617881,39.846276626340114,116.35110144902494,14.58,7.75,6.83,烧烤,39.2,20.081272808928908,True,3,1,5.5,晴天,1.0,0.71,1.35,17,4.9,1,0.82,66,122.5,34.1,交通拥堵; 新餐厅备餐波动
ORD002336,R047,Rider025,2024-01-01 10:35:00,10,False,False,39.929313679760085,116.42833652202897,39.88553288505282,116.39673534077251,39.85202121997981,116.4341869019532,10.47,5.56,4.91,日料,33.4,18.474856275817505,True,2,1,0.9,晴天,1.0,0.46,1.23,23,3.7,0,0.89,512,82.0,13.7,无
ORD002337,R003,Rider006,2024-01-04 14:21:00,14,False,False,39.97109522430185,116.39499892958464,39.90486665479836,116.3945662125919,39.8754622311499,116.39886211393153,10.64,7.35,3.29,烧烤,25.3,32.9873155450613,True,20,1,3.7,雾,1.25,0.37,1.18,27,3.9,0,0.76,799,72.7,24.3,天气影响(雾); 写字楼电梯等待
ORD002338,R001,Rider006,2024-01-04 20:35:00,20,False,False,39.91441502131558,116.38609968828749,39.91910142459034,116.40325207096485,39.8754622311499,116.39886211393153,6.42,1.56,4.86,西餐,25.7,29.728308736327836,True,6,0,1.2,晴天,1.0,0.43,1.22,27,3.9,0,0.89,1738,44.8,5.0,无
ORD002339,R008,Rider028,2024-01-01 09:31:00,9,False,False,39.959989789305006,116.40624335347614,39.91802448900446,116.40997770414891,39.8468364452307,116.39973868704347,12.62,4.67,7.95,火锅,24.9,21.879824883076104,False,15,1,7.5,晴天,1.0,0.94,1.47,14,4.0,0,0.81,1280,96.7,29.7,交通拥堵; 无电梯高楼层; 写字楼电梯等待
ORD002340,R022,Rider004,2024-01-06 12:55:00,12,True,True,39.862697485663254,116.40575154004459,39.92367260197888,116.37071379389974,39.8938632905673,116.45473929280564,15.31,7.4,7.91,快餐,22.8,22.95657040320183,True,14,0,1.5,小雨,1.15,0.74,1.37,9,4.7,1,0.76,91,104.8,40.4,天气影响(小雨); 交通拥堵; 用餐高峰期; 新餐厅备餐波动
ORD002341,R045,Rider021,2024-01-01 21:20:00,21,False,False,39.95066242981023,116.39831487667081,39.93831052255901,116.42080670434322,39.920748511998084,116.46108354017223,6.32,2.36,3.96,日料,16.2,35.909129313656074,True,9,0,3.0,晴天,1.0,0.44,1.22,23,4.6,0,0.8,384,37.0,7.3,无
ORD002342,R008,Rider008,2024-01-06 08:02:00,8,True,False,39.895414683347305,116.34940185211725,39.91802448900446,116.40997770414891,39.92497386056965,116.4687095565201,10.84,5.76,5.08,火锅,29.8,31.77139424304744,True,7,0,1.9,小雨,1.15,0.47,1.23,25,4.8,0,0.81,1280,73.9,21.7,天气影响(小雨)
ORD002343,R004,Rider029,2024-01-06 17:55:00,17,True,True,39.90909877386593,116.38709906239251,39.90622584614064,116.3646575544136,39.9827701186798,116.39951113316586,10.95,1.95,9.01,火锅,19.5,21.952491328099345,True,12,1,4.4,雾,1.25,0.53,1.27,30,3.7,0,0.76,1942,85.9,32.0,天气影响(雾); 写字楼电梯等待; 用餐高峰期
ORD002344,R043,Rider013,2024-01-07 20:18:00,20,True,False,39.93342348980922,116.37276616418639,39.94743819867199,116.36432413546461,39.92705390041307,116.44622095280053,9.07,1.72,7.36,日料,27.2,26.070076001596362,True,29,1,5.2,多云,1.0,0.27,1.13,13,4.9,0,0.95,1448,62.7,9.5,写字楼电梯等待
ORD002345,R048,Rider015,2024-01-02 12:53:00,12,False,True,39.883217175072986,116.39310062422186,39.87933014967234,116.39059456879409,39.90125555536833,116.39611115244051,2.96,0.48,2.48,日料,17.6,20.84243664103024,True,3,1,8.0,雾,1.25,0.79,1.4,18,5.0,0,0.94,1812,74.7,40.6,天气影响(雾); 交通拥堵; 用餐高峰期
ORD002346,R001,Rider009,2024-01-03 22:34:00,22,False,False,39.89659115859794,116.32823128101965,39.91910142459034,116.40325207096485,39.91316369927242,116.40790369603127,7.65,6.88,0.77,西餐,35.0,21.41624111746237,True,20,1,3.7,多云,1.0,0.48,1.24,35,4.5,0,0.89,1738,73.4,13.2,写字楼电梯等待
ORD002347,R036,Rider013,2024-01-07 23:17:00,23,True,False,39.88089253157029,116.42168109429296,39.91483258755359,116.35099062234642,39.92705390041307,116.44622095280053,15.38,7.12,8.25,日料,25.8,28.160015487113558,True,19,0,3.0,雾,1.25,0.34,1.17,13,4.9,0,0.94,1695,83.8,22.3,天气影响(雾)
ORD002348,R034,Rider022,2024-01-01 21:35:00,21,False,False,39.90844993448484,116.29492372726317,39.86870203135637,116.42224986962574,39.88685398692913,116.39370765445501,14.92,11.75,3.17,日料,33.0,25.595891221897322,True,13,1,3.2,晴天,1.0,0.44,1.22,34,4.0,1,0.71,96,90.0,18.8,写字楼电梯等待; 新餐厅备餐波动
ORD002349,R024,Rider019,2024-01-01 15:36:00,15,False,False,39.84661079098281,116.44955556663498,39.91199648382746,116.43085468615331,39.93266459512356,116.36241431632648,13.72,7.43,6.28,西餐,20.9,22.309145434408784,True,27,0,2.9,多云,1.0,0.08,1.04,28,3.9,0,0.83,915,59.5,0.0,无
ORD002350,R002,Rider023,2024-01-06 16:15:00,16,True,False,39.93502790532281,116.46955724521618,39.95157638446523,116.43042304187458,39.93964254240985,116.40191688715832,6.59,3.82,2.77,日料,14.4,20.84117995788917,True,13,0,1.5,多云,1.0,0.24,1.12,33,4.7,1,0.82,47,38.9,4.0,新餐厅备餐波动
ORD002351,R020,Rider026,2024-01-02 06:06:00,6,False,False,39.89059491933763,116.4328623579453,39.927930958411295,116.38011837635615,39.86014992380612,116.42690693099692,14.65,6.13,8.52,西餐,22.8,24.710563292194273,True,23,1,5.6,多云,1.0,0.3,1.15,25,4.8,0,0.9,297,72.5,8.5,写字楼电梯等待
ORD002352,R024,Rider006,2024-01-07 14:58:00,14,True,False,39.80988898205971,116.42815452907506,39.91199648382746,116.43085468615331,39.8754622311499,116.39886211393153,16.23,11.34,4.89,西餐,26.9,31.58683821751265,True,7,1,1.4,多云,1.0,0.14,1.07,27,3.9,0,0.83,915,55.7,0.0,无
ORD002353,R036,Rider007,2024-01-02 15:58:00,15,False,False,39.891570705425146,116.33416866670042,39.91483258755359,116.35099062234642,39.8812319420477,116.34772102698165,6.7,2.96,3.74,日料,20.0,33.62076248721448,False,28,1,14.0,小雨,1.15,0.35,1.17,20,3.7,0,0.94,1695,65.1,19.2,天气影响(小雨); 无电梯高楼层; 写字楼电梯等待
ORD002354,R010,Rider023,2024-01-07 19:01:00,19,True,True,39.90505377216896,116.45651993600326,39.89798502329687,116.38869567815044,39.93964254240985,116.40191688715832,10.61,5.85,4.76,烧烤,13.3,20.823745858922717,False,22,1,11.0,雪,1.4,0.57,1.28,33,4.7,1,0.79,43,107.2,52.3,天气影响(雪); 无电梯高楼层; 写字楼电梯等待; 用餐高峰期; 新餐厅备餐波动
ORD002355,R002,Rider013,2024-01-02 07:11:00,7,False,False,39.91287103519901,116.34298360418357,39.95157638446523,116.43042304187458,39.92705390041307,116.44622095280053,11.66,8.62,3.04,日料,14.4,34.633695440586834,True,29,1,6.2,大雨,1.35,0.92,1.46,13,4.9,1,0.82,47,81.9,41.1,天气影响(大雨); 交通拥堵; 写字楼电梯等待; 新餐厅备餐波动
ORD002356,R032,Rider018,2024-01-07 18:19:00,18,True,True,39.88107330368105,116.39236498164978,39.923253376527065,116.37499397389878,39.88619738114083,116.43231399729389,11.31,4.91,6.4,中餐,13.8,35.7020840597126,True,26,0,3.9,晴天,1.0,0.57,1.28,9,3.7,0,0.81,589,36.5,0.0,用餐高峰期
ORD002357,R009,Rider019,2024-01-02 02:20:00,2,False,False,39.89486728286691,116.42274827581633,39.84792969683381,116.3663965358334,39.93266459512356,116.36241431632648,16.51,7.1,9.41,西餐,27.6,17.7546828137391,True,29,0,3.0,晴天,1.0,0.48,1.24,28,3.9,0,0.75,1622,106.2,19.7,无
ORD002358,R009,Rider024,2024-01-06 19:37:00,19,True,True,39.97844764670877,116.47515556688938,39.84792969683381,116.3663965358334,39.836064702425794,116.40517809204412,20.79,17.22,3.57,西餐,32.2,28.85682741394507,True,2,1,8.0,晴天,1.0,0.72,1.36,5,5.0,0,0.75,1622,116.5,33.1,交通拥堵; 用餐高峰期
ORD002359,R016,Rider019,2024-01-02 18:10:00,18,False,True,39.81879197796657,116.34456247222828,39.91308360831194,116.4152316581654,39.93266459512356,116.36241431632648,17.1,12.09,5.01,西餐,13.4,19.41138851183836,True,21,0,2.5,小雨,1.15,0.91,1.46,28,3.9,1,0.76,46,106.2,37.4,天气影响(小雨); 交通拥堵; 用餐高峰期; 新餐厅备餐波动
ORD002360,R010,Rider003,2024-01-06 11:36:00,11,True,True,39.83236531875592,116.47718642101812,39.89798502329687,116.38869567815044,39.97674666303516,116.42358331580469,19.75,10.51,9.24,烧烤,13.3,34.78902614079159,True,22,1,7.9,雪,1.4,0.94,1.47,12,4.5,1,0.79,43,118.5,63.2,天气影响(雪); 交通拥堵; 写字楼电梯等待; 用餐高峰期; 新餐厅备餐波动
ORD002361,R042,Rider026,2024-01-07 23:40:00,23,True,False,39.90691229638602,116.36008108951027,39.865351725765606,116.4042464448576,39.86014992380612,116.42690693099692,7.99,5.96,2.02,火锅,34.5,24.8090299733198,True,22,1,4.0,雾,1.25,0.34,1.17,25,4.8,0,0.84,621,81.3,23.5,天气影响(雾); 写字楼电梯等待
ORD002362,R038,Rider027,2024-01-04 20:21:00,20,False,False,39.90149722549409,116.41366390156945,39.93564059231985,116.38854290757573,39.886332661172375,116.38837314608125,9.83,4.36,5.47,中餐,16.8,18.958640457243927,True,8,0,1.2,晴天,1.0,0.43,1.22,21,3.8,0,0.85,1469,52.7,3.7,无
ORD002363,R010,Rider022,2024-01-07 17:03:00,17,True,True,39.92944878866515,116.44709637874475,39.89798502329687,116.38869567815044,39.88685398692913,116.39370765445501,7.4,6.09,1.31,烧烤,13.3,31.009955388246766,False,28,1,14.0,小雨,1.15,0.69,1.34,34,4.0,1,0.79,43,58.8,17.2,天气影响(小雨); 交通拥堵; 无电梯高楼层; 写字楼电梯等待; 用餐高峰期; 新餐厅备餐波动
ORD002364,R036,Rider005,2024-01-05 19:13:00,19,False,True,39.970068872224154,116.43556570658308,39.91483258755359,116.35099062234642,39.846276626340114,116.35110144902494,17.09,9.48,7.61,日料,24.1,23.23425555270982,True,6,0,1.5,多云,1.0,0.91,1.46,17,4.9,0,0.94,1695,111.3,41.5,交通拥堵; 用餐高峰期
ORD002365,R007,Rider030,2024-01-07 06:32:00,6,True,False,39.916904978622135,116.38763823822723,39.926353997399865,116.4125410484357,39.911325137030445,116.40882541839402,4.07,2.37,1.7,火锅,41.2,28.169024003593993,True,16,0,1.7,多云,1.0,0.25,1.13,22,3.9,1,0.71,49,63.0,11.4,新餐厅备餐波动
ORD002366,R045,Rider020,2024-01-01 06:39:00,6,False,False,39.82620164108641,116.395037258049,39.93831052255901,116.42080670434322,39.95521852994615,116.403737357574,15.02,12.64,2.38,日料,20.6,20.819937884726233,True,23,0,3.5,晴天,1.0,0.42,1.21,12,4.7,0,0.8,384,83.6,16.2,无
ORD002367,R028,Rider025,2024-01-05 16:13:00,16,False,False,39.88860882488773,116.41075012591786,39.92038827604751,116.36245113087884,39.85202121997981,116.4341869019532,15.19,5.43,9.76,火锅,5.4,17.723747980387163,True,15,0,3.8,多云,1.0,0.27,1.14,23,3.7,0,0.86,1899,67.1,6.5,无
ORD002368,R009,Rider030,2024-01-05 18:08:00,18,False,True,39.94529472004311,116.39787675022339,39.84792969683381,116.3663965358334,39.911325137030445,116.40882541839402,19.06,11.14,7.92,西餐,32.3,34.26513896149747,True,4,0,0.4,小雨,1.15,0.89,1.44,22,3.9,0,0.75,1622,112.4,46.3,天气影响(小雨); 交通拥堵; 用餐高峰期
ORD002369,R033,Rider012,2024-01-02 16:58:00,16,False,False,39.98900273068446,116.39666406081321,39.91675918407518,116.3855546225191,39.87227059127874,116.35388620704767,13.71,8.08,5.63,中餐,9.0,21.10554811832831,True,24,1,6.8,小雨,1.15,0.36,1.18,27,4.5,0,0.82,637,69.1,14.4,天气影响(小雨); 写字楼电梯等待
ORD002370,R028,Rider001,2024-01-03 15:51:00,15,False,False,39.8690338122006,116.3958561467586,39.92038827604751,116.36245113087884,39.91716665409954,116.40219427782529,9.79,6.38,3.42,火锅,8.9,18.503355805013154,False,13,0,6.5,多云,1.0,0.34,1.17,19,4.2,0,0.86,1899,57.3,10.2,无电梯高楼层
ORD002371,R033,Rider018,2024-01-04 19:30:00,19,False,True,39.89418573415256,116.42071682321463,39.91675918407518,116.3855546225191,39.88619738114083,116.43231399729389,9.16,3.91,5.24,中餐,18.5,34.28354561040752,True,26,0,2.6,小雨,1.15,0.8,1.4,9,3.7,0,0.82,637,61.9,24.8,天气影响(小雨); 交通拥堵; 用餐高峰期
ORD002372,R004,Rider004,2024-01-04 21:30:00,21,False,False,39.91772773771127,116.42628092469491,39.90622584614064,116.3646575544136,39.8938632905673,116.45473929280564,13.25,5.42,7.82,火锅,15.5,27.303249848598977,False,21,1,10.5,雾,1.25,0.52,1.26,9,4.7,0,0.76,1942,84.6,29.5,天气影响(雾); 无电梯高楼层; 写字楼电梯等待
ORD002373,R009,Rider002,2024-01-03 14:47:00,14,False,False,39.864336602772106,116.36088172722805,39.84792969683381,116.3663965358334,39.94914167126766,116.49312820752455,17.49,1.88,15.61,西餐,29.0,23.29873151869472,True,23,0,2.4,晴天,1.0,0.38,1.19,23,4.7,0,0.75,1622,98.0,21.6,无
ORD002374,R042,Rider008,2024-01-04 10:33:00,10,False,False,39.93048311603215,116.42942652036729,39.865351725765606,116.4042464448576,39.92497386056965,116.4687095565201,16.16,7.55,8.62,火锅,29.5,27.380303068521002,True,11,0,1.1,大雨,1.35,0.44,1.22,25,4.8,0,0.84,621,110.0,43.9,天气影响(大雨)
ORD002375,R003,Rider003,2024-01-04 22:38:00,22,False,False,39.92442491814285,116.4060899943037,39.90486665479836,116.3945662125919,39.97674666303516,116.42358331580469,10.74,2.38,8.36,烧烤,24.3,27.67237997280613,True,27,1,4.4,多云,1.0,0.71,1.35,12,4.5,0,0.76,799,73.7,21.7,交通拥堵; 写字楼电梯等待
ORD002376,R043,Rider015,2024-01-02 16:25:00,16,False,False,39.921719713080556,116.40757332357923,39.94743819867199,116.36432413546461,39.90125555536833,116.39611115244051,10.47,4.67,5.8,日料,22.0,16.009622528377047,True,13,0,2.2,小雨,1.15,0.36,1.18,18,5.0,0,0.95,1448,79.0,15.5,天气影响(小雨)
ORD002377,R041,Rider029,2024-01-03 23:40:00,23,False,False,39.91919165591109,116.50185190910697,39.883799869976464,116.39949782465398,39.9827701186798,116.39951113316586,20.58,9.59,10.99,中餐,27.1,29.68471483707433,False,9,0,4.5,晴天,1.0,0.3,1.15,30,3.7,1,0.85,78,82.2,9.0,无电梯高楼层; 新餐厅备餐波动
ORD002378,R011,Rider028,2024-01-06 23:50:00,23,True,False,39.81529278473376,116.39479906704699,39.85697534139168,116.42653858829674,39.8468364452307,116.39973868704347,7.92,5.37,2.55,快餐,11.7,21.27782654764499,True,12,1,2.6,雾,1.25,0.02,1.01,14,4.0,0,0.84,1585,53.6,17.0,天气影响(雾); 写字楼电梯等待
ORD002379,R025,Rider012,2024-01-03 22:09:00,22,False,False,39.97097526732851,116.40480005566106,39.92272922536534,116.4439121239094,39.87227059127874,116.35388620704767,15.84,6.31,9.52,烧烤,15.6,22.300159175464966,True,1,0,0.5,多云,1.0,0.48,1.24,27,4.5,1,0.83,93,70.9,12.2,新餐厅备餐波动
ORD002380,R015,Rider009,2024-01-07 11:45:00,11,True,True,39.86462321457165,116.48973780462906,39.945355864006494,116.41266659881865,39.91316369927242,116.40790369603127,14.72,11.13,3.6,快餐,11.9,24.02770698680785,True,11,0,1.1,晴天,1.0,0.67,1.34,35,4.5,0,0.82,1348,68.6,18.8,交通拥堵; 用餐高峰期
ORD002381,R024,Rider012,2024-01-01 09:01:00,9,False,False,39.89959383729567,116.35278723114287,39.91199648382746,116.43085468615331,39.87227059127874,116.35388620704767,14.74,6.82,7.92,西餐,23.9,24.666901537665947,True,7,0,2.6,晴天,1.0,0.94,1.47,27,4.5,0,0.83,915,87.6,25.1,交通拥堵
ORD002382,R044,Rider003,2024-01-02 23:08:00,23,False,False,39.91216199602164,116.43912616748187,39.93937307347177,116.4233420003288,39.97674666303516,116.42358331580469,7.46,3.31,4.15,火锅,15.8,32.16690708067933,True,22,0,2.2,晴天,1.0,0.44,1.22,12,4.5,0,0.88,1668,37.7,5.8,无
ORD002383,R016,Rider004,2024-01-05 23:19:00,23,False,False,39.92288285927126,116.42718757052175,39.91308360831194,116.4152316581654,39.8938632905673,116.45473929280564,5.49,1.49,4.0,西餐,13.4,27.241898337813474,False,14,0,7.0,多云,1.0,0.15,1.08,9,4.7,1,0.76,46,30.9,0.0,无电梯高楼层; 新餐厅备餐波动
ORD002384,R012,Rider006,2024-01-04 19:23:00,19,False,True,39.896380231722745,116.44993363787624,39.9031252188267,116.45433930967441,39.8754622311499,116.39886211393153,6.49,0.84,5.65,西餐,28.2,27.286440560849663,True,29,1,4.9,小雨,1.15,0.8,1.4,27,3.9,0,0.85,1677,68.1,20.7,天气影响(小雨); 交通拥堵; 写字楼电梯等待; 用餐高峰期
ORD002385,R044,Rider021,2024-01-01 16:35:00,16,False,False,39.97668399462755,116.420404922123,39.93937307347177,116.4233420003288,39.920748511998084,116.46108354017223,7.98,4.15,3.83,火锅,8.5,27.843800750370683,False,25,0,12.5,晴天,1.0,0.34,1.17,23,4.6,0,0.88,1668,40.3,2.1,无电梯高楼层
ORD002386,R038,Rider015,2024-01-06 19:08:00,19,True,True,39.936061529854776,116.4098101450281,39.93564059231985,116.38854290757573,39.90125555536833,116.39611115244051,5.69,1.82,3.87,中餐,13.8,17.204414658672096,False,22,1,11.0,晴天,1.0,0.72,1.36,18,5.0,0,0.85,1469,62.4,17.8,交通拥堵; 无电梯高楼层; 写字楼电梯等待; 用餐高峰期
ORD002387,R020,Rider016,2024-01-05 08:01:00,8,False,False,39.969356394956,116.38964259374674,39.927930958411295,116.38011837635615,39.917836887942364,116.40394345972673,7.0,4.67,2.32,西餐,32.3,25.321470391951117,False,6,0,3.0,晴天,1.0,0.9,1.45,13,3.6,0,0.9,297,71.9,20.1,交通拥堵; 无电梯高楼层
ORD002388,R021,Rider030,2024-01-01 19:58:00,19,False,True,39.92075896274983,116.36303159638113,39.90504298390045,116.37148738809985,39.911325137030445,116.40882541839402,5.16,1.89,3.27,西餐,18.1,37.22310851453413,True,28,0,3.0,多云,1.0,0.92,1.46,22,3.9,0,0.95,863,43.8,14.3,交通拥堵; 用餐高峰期
ORD002389,R029,Rider006,2024-01-06 00:30:00,0,True,False,39.91670509478007,116.4205925691592,39.929703617463716,116.41923019854394,39.8754622311499,116.39886211393153,7.72,1.45,6.27,快餐,10.2,33.05468712328082,True,12,1,3.5,小雨,1.15,0.32,1.16,27,3.9,0,0.86,1639,37.6,9.9,天气影响(小雨); 写字楼电梯等待
ORD002390,R041,Rider019,2024-01-06 13:57:00,13,True,True,39.91343970700005,116.36967997670102,39.883799869976464,116.39949782465398,39.93266459512356,116.36241431632648,10.45,4.16,6.28,中餐,27.1,17.150826134979976,False,7,1,3.5,晴天,1.0,0.84,1.42,28,3.9,1,0.85,78,97.1,29.9,交通拥堵; 无电梯高楼层; 用餐高峰期; 新餐厅备餐波动
ORD002391,R021,Rider026,2024-01-03 16:40:00,16,False,False,39.919602000432164,116.42270190315715,39.90504298390045,116.37148738809985,39.86014992380612,116.42690693099692,11.55,4.67,6.88,西餐,15.3,26.999281566034494,True,16,0,2.5,雪,1.4,0.2,1.1,25,4.8,0,0.95,863,59.2,15.7,天气影响(雪)
ORD002392,R044,Rider004,2024-01-03 18:01:00,18,False,True,39.973415552105386,116.43667638092656,39.93937307347177,116.4233420003288,39.8938632905673,116.45473929280564,9.67,3.95,5.72,火锅,14.4,22.646330177652416,False,18,0,9.0,大雨,1.35,0.85,1.42,9,4.7,0,0.88,1668,95.6,46.5,天气影响(大雨); 交通拥堵; 无电梯高楼层; 用餐高峰期
ORD002393,R017,Rider022,2024-01-02 16:51:00,16,False,False,39.91593618326056,116.42623141920345,39.899361428650025,116.41952152570443,39.88685398692913,116.39370765445501,4.54,1.93,2.61,中餐,26.6,26.558604151368737,True,29,1,5.5,小雨,1.15,0.36,1.18,34,4.0,0,0.91,1236,56.1,13.7,天气影响(小雨); 写字楼电梯等待
ORD002394,R017,Rider022,2024-01-04 18:06:00,18,False,True,39.92826077770795,116.40318908222987,39.899361428650025,116.41952152570443,39.88685398692913,116.39370765445501,6.11,3.5,2.61,中餐,28.5,29.66672046377353,True,14,1,6.0,晴天,1.0,0.95,1.48,34,4.0,0,0.91,1236,66.5,19.6,交通拥堵; 写字楼电梯等待; 用餐高峰期
ORD002395,R005,Rider003,2024-01-02 02:44:00,2,False,False,39.872658547136986,116.38522374504716,39.88619238449682,116.4358231946314,39.97674666303516,116.42358331580469,14.69,4.58,10.11,火锅,28.1,34.42581326928247,False,18,1,9.0,晴天,1.0,0.48,1.24,12,4.5,1,0.77,80,82.6,19.9,无电梯高楼层; 写字楼电梯等待; 新餐厅备餐波动
ORD002396,R008,Rider028,2024-01-02 05:00:00,5,False,False,39.84701574104581,116.44590477046678,39.91802448900446,116.40997770414891,39.8468364452307,116.39973868704347,16.41,8.46,7.95,火锅,22.9,19.364262852600106,True,27,0,4.6,晴天,1.0,0.23,1.12,14,4.0,0,0.81,1280,88.5,10.1,无
ORD002397,R047,Rider014,2024-01-02 20:44:00,20,False,False,39.925777956818784,116.3553974575971,39.88553288505282,116.39673534077251,39.93387852066118,116.46646634501718,13.72,5.7,8.02,日料,37.1,17.472661414016788,True,16,0,2.4,晴天,1.0,0.32,1.16,10,4.9,0,0.89,512,106.6,19.9,无
ORD002398,R048,Rider009,2024-01-05 12:58:00,12,False,True,39.8952346887236,116.42487855408584,39.87933014967234,116.39059456879409,39.91316369927242,116.40790369603127,7.46,3.42,4.04,日料,15.0,19.923265476927856,True,13,1,2.2,多云,1.0,0.8,1.4,35,4.5,0,0.94,1812,54.8,15.1,交通拥堵; 写字楼电梯等待; 用餐高峰期
ORD002399,R029,Rider008,2024-01-04 01:48:00,1,False,False,39.875016157407615,116.36608847115367,39.929703617463716,116.41923019854394,39.92497386056965,116.4687095565201,11.85,7.58,4.26,快餐,7.9,34.41598297384,True,14,0,2.7,晴天,1.0,0.1,1.05,25,4.8,0,0.86,1639,33.7,2.5,无
ORD002400,R028,Rider010,2024-01-03 17:47:00,17,False,True,39.88153512298911,116.37533179167484,39.92038827604751,116.36245113087884,39.876127462298896,116.36871555781596,9.4,4.45,4.94,火锅,16.3,21.764452707885404,True,7,0,1.2,多云,1.0,0.85,1.42,3,4.9,0,0.86,1899,60.9,17.5,交通拥堵; 用餐高峰期
ORD002401,R034,Rider024,2024-01-01 15:01:00,15,False,False,39.953852338690965,116.40162806618325,39.86870203135637,116.42224986962574,39.836064702425794,116.40517809204412,13.52,9.62,3.91,日料,33.0,23.858844205799798,True,22,0,2.5,多云,1.0,0.08,1.04,5,5.0,1,0.71,96,72.0,2.6,新餐厅备餐波动
ORD002402,R017,Rider009,2024-01-01 10:22:00,10,False,False,39.958934001719875,116.44087618580245,39.899361428650025,116.41952152570443,39.91316369927242,116.40790369603127,8.69,6.86,1.83,中餐,23.6,24.415668566941942,True,29,1,4.4,晴天,1.0,0.46,1.23,35,4.5,0,0.91,1236,61.1,11.8,写字楼电梯等待
ORD002403,R045,Rider018,2024-01-02 10:53:00,10,False,False,39.906740260082685,116.40974955665246,39.93831052255901,116.42080670434322,39.88619738114083,116.43231399729389,9.5,3.63,5.87,日料,19.6,31.137362308405887,True,25,0,2.7,大雨,1.35,0.17,1.09,9,3.7,0,0.8,384,53.5,12.8,天气影响(大雨)
ORD002404,R042,Rider007,2024-01-01 18:31:00,18,False,True,39.87053862277956,116.46897818179038,39.865351725765606,116.4042464448576,39.8812319420477,116.34772102698165,10.72,5.57,5.15,火锅,39.2,33.72276932215836,True,28,0,2.8,多云,1.0,0.75,1.37,20,3.7,0,0.84,621,69.6,8.5,交通拥堵; 用餐高峰期
ORD002405,R041,Rider019,2024-01-01 23:09:00,23,False,False,39.9272644999341,116.49289989033876,39.883799869976464,116.39949782465398,39.93266459512356,116.36241431632648,15.62,9.33,6.28,中餐,27.1,21.721362122651925,False,13,0,6.5,多云,1.0,0.39,1.19,28,3.9,1,0.85,78,93.1,16.4,无电梯高楼层; 新餐厅备餐波动
ORD002406,R028,Rider001,2024-01-05 16:38:00,16,False,False,39.81996977969151,116.41577316389663,39.92038827604751,116.36245113087884,39.91716665409954,116.40219427782529,15.46,12.05,3.42,火锅,12.0,20.165281984486366,True,28,0,4.4,多云,1.0,0.27,1.14,19,4.2,0,0.86,1899,80.6,18.3,无
ORD002407,R045,Rider011,2024-01-02 18:24:00,18,False,True,39.91856483830132,116.43841386498458,39.93831052255901,116.42080670434322,39.99179211732871,116.37506806858579,9.77,2.66,7.11,日料,29.9,29.117629788245107,False,24,0,12.0,小雨,1.15,0.91,1.46,28,4.5,0,0.8,384,104.9,42.8,天气影响(小雨); 交通拥堵; 无电梯高楼层; 用餐高峰期
ORD002408,R043,Rider025,2024-01-05 18:37:00,18,False,True,39.88335707941038,116.39210644287631,39.94743819867199,116.36432413546461,39.85202121997981,116.4341869019532,19.66,7.5,12.16,日料,30.2,22.81441749713258,True,6,0,0.7,小雨,1.15,0.89,1.44,23,3.7,0,0.95,1448,131.0,48.4,天气影响(小雨); 交通拥堵; 用餐高峰期
ORD002409,R033,Rider012,2024-01-03 16:33:00,16,False,False,39.92833235325554,116.37303729271319,39.91675918407518,116.3855546225191,39.87227059127874,116.35388620704767,7.31,1.67,5.63,中餐,9.1,24.08270640977898,True,4,1,2.8,雪,1.4,0.2,1.1,27,4.5,0,0.82,637,41.3,11.3,天气影响(雪)
ORD002410,R027,Rider015,2024-01-05 14:19:00,14,False,False,39.9041859009862,116.34267548819024,39.94449504636891,116.38536357050157,39.90125555536833,116.39611115244051,10.66,5.77,4.89,西餐,16.8,20.309761272513008,True,13,0,3.7,多云,1.0,0.36,1.18,18,5.0,0,0.82,787,59.7,7.6,无
ORD002411,R007,Rider027,2024-01-02 16:50:00,16,False,False,39.80999505681245,116.44314524822175,39.926353997399865,116.4125410484357,39.886332661172375,116.38837314608125,18.08,13.18,4.9,火锅,41.2,20.18852128621837,True,26,0,5.0,小雨,1.15,0.36,1.18,21,3.8,1,0.71,49,139.4,39.4,天气影响(小雨); 新餐厅备餐波动
ORD002412,R037,Rider017,2024-01-06 19:23:00,19,True,True,39.90869057122124,116.39395164212674,39.892457945637545,116.42054067792265,39.9178982767203,116.48386118426038,9.01,2.9,6.11,火锅,37.8,20.70793042207486,True,28,1,5.2,晴天,1.0,0.72,1.36,3,4.3,0,0.91,1035,95.4,26.3,交通拥堵; 写字楼电梯等待; 用餐高峰期
ORD002413,R042,Rider021,2024-01-07 13:53:00,13,True,True,39.88308425853149,116.37534614058058,39.865351725765606,116.4042464448576,39.920748511998084,116.46108354017223,11.0,3.16,7.84,火锅,42.6,35.83584525682232,True,5,1,2.0,多云,1.0,0.75,1.38,23,4.6,0,0.84,621,84.6,21.6,交通拥堵; 用餐高峰期
ORD002414,R019,Rider018,2024-01-02 01:39:00,1,False,False,39.876785937346256,116.45206270449111,39.94131048218809,116.36460563345823,39.88619738114083,116.43231399729389,18.78,10.36,8.42,日料,16.5,27.366743997530364,True,8,1,2.0,雾,1.25,0.29,1.15,9,3.7,0,0.87,829,79.2,19.5,天气影响(雾)
ORD002415,R005,Rider013,2024-01-03 23:34:00,23,False,False,39.952540030200076,116.37314315078578,39.88619238449682,116.4358231946314,39.92705390041307,116.44622095280053,13.73,9.11,4.62,火锅,28.1,33.66920851448287,True,5,0,0.6,晴天,1.0,0.3,1.15,13,4.9,1,0.77,80,61.5,8.4,新餐厅备餐波动
ORD002416,R013,Rider015,2024-01-06 23:05:00,23,True,False,39.841940254488996,116.35876224401504,39.98320584661837,116.37664727333566,39.90125555536833,116.39611115244051,25.01,15.76,9.25,西餐,18.6,16.964827189183854,True,3,0,1.0,雾,1.25,0.02,1.01,18,5.0,0,0.78,330,137.1,29.0,天气影响(雾)
ORD002417,R046,Rider010,2024-01-07 19:02:00,19,True,True,39.842870397786605,116.41930410153462,39.90750898735901,116.3944992384245,39.876127462298896,116.36871555781596,11.61,7.48,4.12,中餐,23.5,19.662703566669975,True,21,1,8.0,雪,1.4,0.57,1.28,3,4.9,0,0.9,704,117.9,50.9,天气影响(雪); 写字楼电梯等待; 用餐高峰期
ORD002418,R027,Rider022,2024-01-01 18:22:00,18,False,True,39.91738001794172,116.32874699808634,39.94449504636891,116.38536357050157,39.88685398692913,116.39370765445501,12.14,5.7,6.44,西餐,26.2,32.549389735646024,False,18,0,9.0,多云,1.0,0.75,1.37,34,4.0,0,0.82,787,72.4,14.8,交通拥堵; 无电梯高楼层; 用餐高峰期
ORD002419,R041,Rider023,2024-01-03 18:57:00,18,False,True,39.90869378095752,116.40941164261949,39.883799869976464,116.39949782465398,39.93964254240985,116.40191688715832,9.09,2.89,6.2,中餐,27.1,22.59676225496532,False,30,0,15.0,大雨,1.35,0.85,1.42,33,4.7,1,0.85,78,134.1,67.8,天气影响(大雨); 交通拥堵; 无电梯高楼层; 用餐高峰期; 新餐厅备餐波动
ORD002420,R038,Rider029,2024-01-01 15:29:00,15,False,False,39.94355703721973,116.41877007606162,39.93564059231985,116.38854290757573,39.9827701186798,116.39951113316586,8.05,2.73,5.32,中餐,11.4,27.08629633575566,True,27,0,3.2,多云,1.0,0.08,1.04,30,3.7,0,0.85,1469,35.0,2.6,无
ORD002421,R039,Rider014,2024-01-03 09:09:00,9,False,False,39.84145863190488,116.36897326144913,39.95763873231079,116.38707752996855,39.93387852066118,116.46646634501718,20.27,12.99,7.28,火锅,45.5,19.512471286360174,True,11,1,2.1,晴天,1.0,0.71,1.36,10,4.9,1,0.77,57,145.1,35.1,交通拥堵; 写字楼电梯等待; 新餐厅备餐波动
ORD002422,R019,Rider017,2024-01-01 09:05:00,9,False,False,39.95317249291174,116.4600167741736,39.94131048218809,116.36460563345823,39.9178982767203,116.48386118426038,18.78,8.26,10.52,日料,12.3,22.255159422036915,True,1,0,0.9,晴天,1.0,0.94,1.47,3,4.3,0,0.87,829,90.0,26.2,交通拥堵
ORD002423,R003,Rider001,2024-01-07 18:30:00,18,True,True,39.93120762154683,116.40212867871166,39.90486665479836,116.3945662125919,39.91716665409954,116.40219427782529,4.51,3.0,1.51,烧烤,33.1,23.966636059814476,False,14,0,7.0,晴天,1.0,0.57,1.28,19,4.2,0,0.76,799,67.5,16.2,无电梯高楼层; 用餐高峰期
ORD002424,R013,Rider028,2024-01-04 13:39:00,13,False,True,39.90792396473247,116.4330972197151,39.98320584661837,116.37664727333566,39.8468364452307,116.39973868704347,24.92,9.65,15.27,西餐,28.8,21.53217090479304,False,24,0,12.0,多云,1.0,0.74,1.37,14,4.0,0,0.78,330,149.7,39.5,交通拥堵; 无电梯高楼层; 用餐高峰期
ORD002425,R016,Rider026,2024-01-03 09:39:00,9,False,False,39.84109949473898,116.48100538822376,39.91308360831194,116.4152316581654,39.86014992380612,116.42690693099692,15.74,9.77,5.96,西餐,13.4,21.745054100203106,True,19,0,2.5,晴天,1.0,0.71,1.36,25,4.8,1,0.76,46,83.2,23.9,交通拥堵; 新餐厅备餐波动
ORD002426,R026,Rider007,2024-01-03 09:46:00,9,False,False,39.92725609162711,116.38657666819037,39.960173235334345,116.42161498762735,39.8812319420477,116.34772102698165,15.53,4.72,10.8,快餐,16.4,30.020770166479476,True,12,0,2.5,晴天,1.0,0.71,1.36,20,3.7,0,0.8,260,66.3,16.3,交通拥堵
ORD002427,R007,Rider011,2024-01-05 09:16:00,9,False,False,39.955923310287105,116.51046230663319,39.926353997399865,116.4125410484357,39.99179211732871,116.37506806858579,16.93,8.99,7.94,火锅,41.2,27.57368143110221,True,11,1,2.1,晴天,1.0,1.0,1.5,28,4.5,1,0.71,49,123.4,43.2,交通拥堵; 写字楼电梯等待; 新餐厅备餐波动
ORD002428,R044,Rider007,2024-01-03 13:44:00,13,False,True,39.94080949024968,116.35156029255025,39.93937307347177,116.4233420003288,39.8812319420477,116.34772102698165,15.27,6.14,9.14,火锅,13.0,28.39963835879955,False,3,0,1.5,晴天,1.0,0.88,1.44,20,3.7,0,0.88,1668,70.0,23.3,交通拥堵; 用餐高峰期
ORD002429,R026,Rider026,2024-01-07 05:02:00,5,True,False,39.903522128697716,116.43533275059727,39.960173235334345,116.42161498762735,39.86014992380612,116.42690693099692,17.51,6.4,11.12,快餐,13.4,23.30693860846738,False,2,1,1.0,小雨,1.15,0.42,1.21,25,4.8,0,0.8,260,88.8,29.3,天气影响(小雨)
ORD002430,R032,Rider023,2024-01-01 00:18:00,0,False,False,39.84563956456171,116.4079571700272,39.923253376527065,116.37499397389878,39.93964254240985,116.40191688715832,12.0,9.07,2.93,中餐,12.4,24.885147161373105,False,16,0,8.0,多云,1.0,0.26,1.13,33,4.7,0,0.81,589,53.1,3.7,无电梯高楼层
ORD002431,R009,Rider003,2024-01-05 15:27:00,15,False,False,39.94627491232967,116.37198667067527,39.84792969683381,116.3663965358334,39.97674666303516,116.42358331580469,26.05,10.93,15.12,西餐,26.8,37.29662666185984,False,19,1,9.5,晴天,1.0,0.2,1.1,12,4.5,0,0.75,1622,88.8,10.6,无电梯高楼层; 写字楼电梯等待
ORD002432,R039,Rider020,2024-01-04 19:22:00,19,False,True,39.903125639653865,116.38878266632138,39.95763873231079,116.38707752996855,39.95521852994615,116.403737357574,7.5,6.05,1.45,火锅,45.5,19.7504259744882,True,24,1,4.7,小雨,1.15,0.8,1.4,12,4.7,1,0.77,57,113.5,40.5,天气影响(小雨); 交通拥堵; 写字楼电梯等待; 用餐高峰期; 新餐厅备餐波动
ORD002433,R044,Rider028,2024-01-02 18:42:00,18,False,True,39.92493983080403,116.4191344052558,39.93937307347177,116.4233420003288,39.8468364452307,116.39973868704347,12.11,1.64,10.47,火锅,12.0,22.691634069860235,True,18,0,3.2,小雨,1.15,0.91,1.46,14,4.0,0,0.88,1668,85.0,37.8,天气影响(小雨); 交通拥堵; 用餐高峰期
ORD002434,R012,Rider030,2024-01-06 10:47:00,10,True,False,39.867687483289444,116.4526550006764,39.9031252188267,116.45433930967441,39.911325137030445,116.40882541839402,7.93,3.94,4.0,西餐,21.5,28.045058100141574,False,10,0,5.0,多云,1.0,0.45,1.22,22,3.9,0,0.85,1677,50.2,6.7,无电梯高楼层
ORD002435,R005,Rider001,2024-01-06 01:44:00,1,True,False,39.88105154154304,116.47844500534751,39.88619238449682,116.4358231946314,39.91716665409954,116.40219427782529,8.17,3.69,4.48,火锅,28.1,20.975406920946092,False,30,0,15.0,多云,1.0,0.4,1.2,19,4.2,1,0.77,80,70.5,4.0,无电梯高楼层; 新餐厅备餐波动
ORD002436,R035,Rider015,2024-01-07 17:06:00,17,True,True,39.92367069928261,116.45414924180919,39.868196047868096,116.44344141332652,39.90125555536833,116.39611115244051,11.69,6.23,5.46,快餐,40.4,20.308328763890074,True,20,0,2.4,小雨,1.15,0.69,1.34,18,5.0,1,0.83,67,118.8,41.5,天气影响(小雨); 交通拥堵; 用餐高峰期; 新餐厅备餐波动
ORD002437,R002,Rider004,2024-01-06 07:11:00,7,True,False,39.85857143015746,116.39764297509178,39.95157638446523,116.43042304187458,39.8938632905673,116.45473929280564,17.44,10.7,6.74,日料,14.4,24.723793129387236,True,24,1,4.1,晴天,1.0,0.49,1.24,9,4.7,1,0.82,47,65.9,5.1,写字楼电梯等待; 新餐厅备餐波动
ORD002438,R044,Rider010,2024-01-06 15:39:00,15,True,False,39.95706807099956,116.36935320390802,39.93937307347177,116.4233420003288,39.876127462298896,116.36871555781596,13.45,5.01,8.43,火锅,5.3,16.98261547959608,True,25,0,3.0,晴天,1.0,0.33,1.16,3,4.9,0,0.88,1668,65.8,10.0,无
ORD002439,R013,Rider007,2024-01-04 18:23:00,18,False,True,39.98054200102953,116.43094914711526,39.98320584661837,116.37664727333566,39.8812319420477,116.34772102698165,16.24,4.65,11.59,西餐,27.6,28.765360002714647,True,13,1,2.6,晴天,1.0,0.95,1.48,20,3.7,0,0.78,330,98.9,34.9,交通拥堵; 写字楼电梯等待; 用餐高峰期
ORD002440,R016,Rider024,2024-01-04 15:22:00,15,False,False,39.94750381417611,116.37793686036012,39.91308360831194,116.4152316581654,39.836064702425794,116.40517809204412,13.57,4.98,8.59,西餐,13.4,26.880877305366315,True,9,1,2.5,晴天,1.0,0.34,1.17,5,5.0,1,0.76,46,49.8,3.6,新餐厅备餐波动
ORD002441,R012,Rider025,2024-01-07 09:59:00,9,True,False,39.926774517845544,116.40789672408118,39.9031252188267,116.45433930967441,39.85202121997981,116.4341869019532,10.69,4.76,5.93,西餐,26.5,20.118928768022858,False,1,1,0.5,晴天,1.0,0.45,1.22,23,3.7,0,0.85,1677,71.1,12.3,无
ORD002442,R003,Rider002,2024-01-02 14:28:00,14,False,False,39.90662952935806,116.38633072084532,39.90486665479836,116.3945662125919,39.94914167126766,116.49312820752455,10.49,0.73,9.75,烧烤,23.2,26.39912041487176,True,12,0,2.0,多云,1.0,0.33,1.17,23,4.7,0,0.76,799,56.4,7.4,无
ORD002443,R022,Rider013,2024-01-02 11:54:00,11,False,True,39.8738943725758,116.34681337791127,39.92367260197888,116.37071379389974,39.92705390041307,116.44622095280053,12.36,5.89,6.47,快餐,22.8,27.942626466387352,True,20,0,2.6,多云,1.0,0.94,1.47,13,4.9,1,0.76,91,71.1,19.1,交通拥堵; 用餐高峰期; 新餐厅备餐波动
ORD002444,R015,Rider007,2024-01-04 23:29:00,23,False,False,39.829849402963866,116.37403049327455,39.945355864006494,116.41266659881865,39.8812319420477,116.34772102698165,22.27,13.24,9.03,快餐,8.5,33.0669633046457,True,15,0,2.6,小雨,1.15,0.23,1.12,20,3.7,0,0.82,1348,64.1,12.6,天气影响(小雨)
ORD002445,R041,Rider023,2024-01-01 15:16:00,15,False,False,39.90306975708532,116.43263845750592,39.883799869976464,116.39949782465398,39.93964254240985,116.40191688715832,9.76,3.55,6.2,中餐,27.1,20.37786519289552,True,3,0,2.1,多云,1.0,0.08,1.04,33,4.7,1,0.85,78,56.7,0.0,新餐厅备餐波动
ORD002446,R029,Rider011,2024-01-04 15:11:00,15,False,False,39.98273493467252,116.38001736585692,39.929703617463716,116.41923019854394,39.99179211732871,116.37506806858579,14.63,6.77,7.86,快餐,13.8,23.99505016702078,True,6,0,1.3,晴天,1.0,0.34,1.17,28,4.5,0,0.86,1639,67.6,15.8,无
ORD002447,R049,Rider012,2024-01-01 09:50:00,9,False,False,39.91114482431247,116.43978346718258,39.93551026936107,116.41426935614565,39.87227059127874,116.35388620704767,12.19,3.48,8.72,快餐,18.9,19.412039083383622,True,6,0,1.2,晴天,1.0,0.94,1.47,27,4.5,0,0.8,1818,94.2,36.5,交通拥堵
ORD002448,R039,Rider006,2024-01-04 15:58:00,15,False,False,39.91865950037922,116.45825986525904,39.95763873231079,116.38707752996855,39.8754622311499,116.39886211393153,16.65,7.47,9.18,火锅,45.5,26.91039131898282,True,12,0,1.2,晴天,1.0,0.34,1.17,27,3.9,1,0.77,57,82.8,0.0,新餐厅备餐波动
ORD002449,R022,Rider009,2024-01-02 09:06:00,9,False,False,39.82834062246139,116.38252850616085,39.92367260197888,116.37071379389974,39.91316369927242,116.40790369603127,14.02,10.63,3.39,快餐,22.8,20.350301396842397,True,29,1,6.0,晴天,1.0,0.94,1.47,35,4.5,1,0.76,91,96.7,26.5,交通拥堵; 写字楼电梯等待; 新餐厅备餐波动
ORD002450,R050,Rider017,2024-01-05 06:27:00,6,False,False,39.89621296783295,116.48785170336313,39.9045643952722,116.43532802251922,39.9178982767203,116.48386118426038,8.99,4.59,4.41,快餐,26.8,22.39928344769977,True,24,1,3.7,多云,1.0,0.35,1.18,3,4.3,0,0.82,798,61.8,7.2,写字楼电梯等待
ORD002451,R024,Rider002,2024-01-02 09:34:00,9,False,False,39.932533815224645,116.37745326712775,39.91199648382746,116.43085468615331,39.94914167126766,116.49312820752455,11.84,5.1,6.73,西餐,19.8,23.408906161643717,True,16,0,2.8,晴天,1.0,0.94,1.47,23,4.7,0,0.83,915,80.0,27.0,交通拥堵
ORD002452,R050,Rider019,2024-01-06 11:15:00,11,True,True,39.89546205750555,116.41122281642267,39.9045643952722,116.43532802251922,39.93266459512356,116.36241431632648,9.27,2.3,6.97,快餐,39.7,21.772674517972348,True,1,1,1.0,雪,1.4,0.94,1.47,28,3.9,0,0.82,798,141.2,74.9,天气影响(雪); 交通拥堵; 用餐高峰期
ORD002453,R043,Rider025,2024-01-07 17:08:00,17,True,True,39.9057972166168,116.47694624220185,39.94743819867199,116.36432413546461,39.85202121997981,116.4341869019532,22.84,10.68,12.16,日料,31.7,23.945565711910305,False,21,0,10.5,小雨,1.15,0.69,1.34,23,3.7,0,0.95,1448,154.3,54.9,天气影响(小雨); 交通拥堵; 无电梯高楼层; 用餐高峰期
ORD002454,R043,Rider001,2024-01-03 18:55:00,18,False,True,39.89265762445304,116.44167921231761,39.94743819867199,116.36432413546461,39.91716665409954,116.40219427782529,13.65,8.99,4.67,日料,29.0,20.999683570442542,True,18,0,2.6,大雨,1.35,0.85,1.42,19,4.2,0,0.95,1448,128.8,58.3,天气影响(大雨); 交通拥堵; 用餐高峰期
ORD002455,R011,Rider019,2024-01-03 11:32:00,11,False,True,39.791506827729215,116.40059313991368,39.85697534139168,116.42653858829674,39.93266459512356,116.36241431632648,17.64,7.6,10.04,快餐,19.7,17.3930398028429,True,15,1,2.6,晴天,1.0,0.56,1.28,28,3.9,0,0.84,1585,105.7,22.5,写字楼电梯等待; 用餐高峰期
ORD002456,R019,Rider011,2024-01-03 09:41:00,9,False,False,39.93319933453974,116.39181977175562,39.94131048218809,116.36460563345823,39.99179211732871,116.37506806858579,8.17,2.49,5.68,日料,17.2,29.50803316725435,False,30,0,15.0,晴天,1.0,0.71,1.36,28,4.5,0,0.87,829,57.9,9.1,交通拥堵; 无电梯高楼层
ORD002457,R048,Rider006,2024-01-04 20:36:00,20,False,False,39.878969858645014,116.3289783756237,39.87933014967234,116.39059456879409,39.8754622311499,116.39886211393153,6.1,5.27,0.83,日料,13.3,30.163264912112492,True,15,0,2.4,晴天,1.0,0.43,1.22,27,3.9,0,0.94,1812,35.1,7.3,无
ORD002458,R008,Rider021,2024-01-06 19:48:00,19,True,True,39.95280940219354,116.3660749665836,39.91802448900446,116.40997770414891,39.920748511998084,116.46108354017223,9.76,5.39,4.38,火锅,31.9,29.76826907365956,False,17,0,8.5,晴天,1.0,0.72,1.36,23,4.6,0,0.81,1280,81.7,21.6,交通拥堵; 无电梯高楼层; 用餐高峰期
ORD002459,R004,Rider003,2024-01-04 17:25:00,17,False,True,39.87757356524048,116.44185544045273,39.90622584614064,116.3646575544136,39.97674666303516,116.42358331580469,16.64,7.33,9.31,火锅,21.1,36.453422390954195,True,3,1,1.2,晴天,1.0,0.91,1.46,12,4.5,0,0.76,1942,69.8,20.1,交通拥堵; 用餐高峰期
ORD002460,R013,Rider005,2024-01-05 15:03:00,15,False,False,39.93519792307477,116.50575885693598,39.98320584661837,116.37664727333566,39.846276626340114,116.35110144902494,27.61,12.25,15.36,西餐,22.6,18.55209297258889,False,26,1,13.0,晴天,1.0,0.2,1.1,17,4.9,0,0.78,330,134.4,9.6,无电梯高楼层; 写字楼电梯等待
ORD002461,R025,Rider008,2024-01-06 22:44:00,22,True,False,39.880920563119574,116.41446174446529,39.92272922536534,116.4439121239094,39.92497386056965,116.4687095565201,7.42,5.28,2.13,烧烤,15.6,26.793610101641896,True,28,1,5.3,晴天,1.0,0.58,1.29,25,4.8,1,0.83,93,49.0,11.5,写字楼电梯等待; 新餐厅备餐波动
ORD002462,R035,Rider013,2024-01-04 17:08:00,17,False,True,39.936442543896085,116.46881564591412,39.868196047868096,116.44344141332652,39.92705390041307,116.44622095280053,14.42,7.88,6.54,快餐,40.4,33.50276487779986,True,8,0,2.5,晴天,1.0,0.91,1.46,13,4.9,1,0.83,67,100.0,31.4,交通拥堵; 用餐高峰期; 新餐厅备餐波动
ORD002463,R037,Rider007,2024-01-04 21:38:00,21,False,False,39.962922330124265,116.3831594026826,39.892457945637545,116.42054067792265,39.8812319420477,116.34772102698165,14.8,8.45,6.35,火锅,29.6,31.953170625351273,True,7,0,1.0,雾,1.25,0.52,1.26,20,3.7,0,0.91,1035,91.5,33.0,天气影响(雾)
ORD002464,R021,Rider027,2024-01-03 23:34:00,23,False,False,39.87789328390098,116.4261636725376,39.90504298390045,116.37148738809985,39.886332661172375,116.38837314608125,8.09,5.56,2.53,西餐,11.0,23.65110343423445,False,20,0,10.0,晴天,1.0,0.3,1.15,21,3.8,0,0.95,863,49.5,8.0,无电梯高楼层
ORD002465,R017,Rider016,2024-01-01 15:24:00,15,False,False,39.8873253577621,116.42067493424216,39.899361428650025,116.41952152570443,39.917836887942364,116.40394345972673,3.79,1.34,2.45,中餐,25.1,32.53804764993167,True,24,0,2.9,多云,1.0,0.08,1.04,13,3.6,0,0.91,1236,38.0,3.1,无
ORD002466,R010,Rider027,2024-01-07 20:59:00,20,True,False,39.946418920060175,116.38676120608262,39.89798502329687,116.38869567815044,39.886332661172375,116.38837314608125,6.67,5.38,1.29,烧烤,13.3,20.208393981676906,True,18,0,2.4,多云,1.0,0.27,1.13,21,3.8,1,0.79,43,41.4,6.0,新餐厅备餐波动
ORD002467,R018,Rider012,2024-01-04 08:16:00,8,False,False,39.89600393575856,116.37835341190306,39.93680181069118,116.43754960642107,39.87227059127874,116.35388620704767,16.92,6.79,10.13,日料,14.9,24.10252831980662,False,27,0,13.5,晴天,1.0,0.84,1.42,27,4.5,1,0.74,11,107.9,37.4,交通拥堵; 无电梯高楼层; 新餐厅备餐波动
ORD002468,R037,Rider012,2024-01-03 22:00:00,22,False,False,39.86761943346811,116.41319701201239,39.892457945637545,116.42054067792265,39.87227059127874,116.35388620704767,8.95,2.83,6.13,火锅,33.3,22.104240699649164,True,22,1,4.4,多云,1.0,0.48,1.24,27,4.5,0,0.91,1035,71.7,9.7,写字楼电梯等待
ORD002469,R008,Rider017,2024-01-03 20:08:00,20,False,False,40.02385632990335,116.41790821591466,39.91802448900446,116.40997770414891,39.9178982767203,116.48386118426038,18.09,11.77,6.32,火锅,20.0,23.35146659268717,True,16,1,3.6,晴天,1.0,0.45,1.23,3,4.3,0,0.81,1280,84.6,14.6,写字楼电梯等待
ORD002470,R016,Rider023,2024-01-03 16:15:00,16,False,False,39.870627517411656,116.47146593823797,39.91308360831194,116.4152316581654,39.93964254240985,116.40191688715832,9.9,6.73,3.16,西餐,13.4,21.368193460909012,True,6,1,5.6,雪,1.4,0.2,1.1,33,4.7,1,0.76,46,59.0,12.1,天气影响(雪); 新餐厅备餐波动
ORD002471,R005,Rider025,2024-01-01 22:38:00,22,False,False,39.82578334998942,116.38684244350459,39.88619238449682,116.4358231946314,39.85202121997981,116.4341869019532,11.71,7.91,3.8,火锅,28.1,17.73486636078113,False,12,0,6.0,多云,1.0,0.37,1.19,23,3.7,1,0.77,80,86.4,12.7,无电梯高楼层; 新餐厅备餐波动
ORD002472,R030,Rider022,2024-01-02 15:38:00,15,False,False,39.920603032396485,116.38128945706036,39.89749611644023,116.42882001482276,39.88685398692913,116.39370765445501,8.03,4.81,3.23,日料,16.1,27.751441790957184,True,3,1,5.3,小雨,1.15,0.35,1.17,34,4.0,1,0.76,62,48.1,9.3,天气影响(小雨); 新餐厅备餐波动
ORD002473,R034,Rider010,2024-01-05 10:45:00,10,False,False,39.95081149683219,116.4465228568086,39.86870203135637,116.42224986962574,39.876127462298896,116.36871555781596,14.0,9.35,4.65,日料,33.0,18.732966646642303,False,9,0,4.5,小雨,1.15,0.47,1.24,3,4.9,1,0.71,96,116.0,33.7,天气影响(小雨); 无电梯高楼层; 新餐厅备餐波动
ORD002474,R006,Rider018,2024-01-05 20:34:00,20,False,False,39.919688246294534,116.39007686624724,39.897316486385044,116.41908046739768,39.88619738114083,116.43231399729389,5.18,3.51,1.67,中餐,26.2,33.738093124488756,True,12,0,1.5,多云,1.0,0.25,1.13,9,3.7,0,0.82,1513,40.3,3.4,无
ORD002475,R018,Rider001,2024-01-06 21:12:00,21,True,False,39.972311057153966,116.39984359345219,39.93680181069118,116.43754960642107,39.91716665409954,116.40219427782529,8.82,5.09,3.73,日料,14.9,18.609905875053595,True,21,0,2.5,晴天,1.0,0.46,1.23,19,4.2,1,0.74,11,56.0,10.1,新餐厅备餐波动
ORD002476,R016,Rider016,2024-01-03 17:54:00,17,False,True,39.91737894206763,116.39808597574309,39.91308360831194,116.4152316581654,39.917836887942364,116.40394345972673,2.64,1.54,1.1,西餐,13.4,24.93140687369216,True,22,0,2.7,多云,1.0,0.85,1.42,13,3.6,1,0.76,46,41.3,18.7,交通拥堵; 用餐高峰期; 新餐厅备餐波动
ORD002477,R035,Rider013,2024-01-06 16:15:00,16,True,False,39.87458258312077,116.34318918018143,39.868196047868096,116.44344141332652,39.92705390041307,116.44622095280053,15.15,8.61,6.54,快餐,40.4,27.77201565534662,True,20,1,3.8,多云,1.0,0.24,1.12,13,4.9,1,0.83,67,79.9,3.0,写字楼电梯等待; 新餐厅备餐波动
ORD002478,R049,Rider004,2024-01-02 11:08:00,11,False,True,39.92685138307122,116.40210305182455,39.93551026936107,116.41426935614565,39.8938632905673,116.45473929280564,7.19,1.42,5.78,快餐,32.0,24.19538484716311,False,8,1,4.0,多云,1.0,0.94,1.47,9,4.7,0,0.8,1818,81.0,27.2,交通拥堵; 无电梯高楼层; 用餐高峰期
ORD002479,R002,Rider011,2024-01-07 13:22:00,13,True,True,39.921923859918,116.45502915158471,39.95157638446523,116.43042304187458,39.99179211732871,116.37506806858579,10.41,3.91,6.5,日料,14.4,26.810869973670528,True,17,1,2.6,多云,1.0,0.75,1.38,28,4.5,1,0.82,47,50.6,10.3,交通拥堵; 写字楼电梯等待; 用餐高峰期; 新餐厅备餐波动
ORD002480,R002,Rider019,2024-01-01 21:28:00,21,False,False,39.94691517774961,116.46995390307836,39.95157638446523,116.43042304187458,39.93266459512356,116.36241431632648,9.6,3.42,6.18,日料,14.4,20.71094075684319,True,9,0,2.4,晴天,1.0,0.44,1.22,28,3.9,1,0.82,47,57.0,12.4,新餐厅备餐波动
ORD002481,R024,Rider004,2024-01-05 18:24:00,18,False,True,39.84991052726555,116.44962489345706,39.91199648382746,116.43085468615331,39.8938632905673,116.45473929280564,9.95,7.08,2.87,西餐,33.4,25.44203169486358,False,18,0,9.0,小雨,1.15,0.89,1.44,9,4.7,0,0.83,915,118.0,52.1,天气影响(小雨); 交通拥堵; 无电梯高楼层; 用餐高峰期
ORD002482,R043,Rider010,2024-01-04 10:10:00,10,False,False,39.902877002235336,116.37116597696303,39.94743819867199,116.36432413546461,39.876127462298896,116.36871555781596,12.91,4.98,7.93,日料,18.9,16.313821565288322,True,4,1,1.6,大雨,1.35,0.44,1.22,3,4.9,0,0.95,1448,112.4,44.4,天气影响(大雨)
ORD002483,R005,Rider005,2024-01-01 22:16:00,22,False,False,39.91968940610816,116.42406765391925,39.88619238449682,116.4358231946314,39.846276626340114,116.35110144902494,12.35,3.85,8.5,火锅,28.1,23.02371194678657,True,14,0,2.6,多云,1.0,0.37,1.19,17,4.9,1,0.77,80,74.6,11.7,新餐厅备餐波动
ORD002484,R007,Rider012,2024-01-05 10:09:00,10,False,False,39.94968911364714,116.34245652667451,39.926353997399865,116.4125410484357,39.87227059127874,116.35388620704767,14.35,6.53,7.82,火锅,41.2,22.911469999516353,True,22,1,5.3,小雨,1.15,0.47,1.24,27,4.5,1,0.71,49,114.2,30.1,天气影响(小雨); 写字楼电梯等待; 新餐厅备餐波动
ORD002485,R034,Rider022,2024-01-06 17:48:00,17,True,True,39.942159552781106,116.39858445023269,39.86870203135637,116.42224986962574,39.88685398692913,116.39370765445501,11.57,8.4,3.17,日料,33.0,32.64359904387705,False,16,0,8.0,雾,1.25,0.53,1.27,34,4.0,1,0.71,96,105.9,43.6,天气影响(雾); 无电梯高楼层; 用餐高峰期; 新餐厅备餐波动
ORD002486,R038,Rider019,2024-01-07 16:00:00,16,True,False,39.92640824097531,116.35956023085734,39.93564059231985,116.38854290757573,39.93266459512356,116.36241431632648,4.94,2.68,2.26,中餐,15.6,22.131404701914427,True,18,0,4.3,小雨,1.15,0.45,1.23,28,3.9,0,0.85,1469,41.0,7.7,天气影响(小雨)
ORD002487,R037,Rider020,2024-01-05 17:02:00,17,False,True,39.92868571381187,116.38396227410718,39.892457945637545,116.42054067792265,39.95521852994615,116.403737357574,12.21,5.1,7.12,火锅,39.0,17.082570520216393,False,5,0,2.5,小雨,1.15,0.68,1.34,12,4.7,0,0.91,1035,130.0,45.6,天气影响(小雨); 交通拥堵; 用餐高峰期
ORD002488,R028,Rider018,2024-01-02 21:40:00,21,False,False,39.90021258247559,116.38578639453314,39.92038827604751,116.36245113087884,39.88619738114083,116.43231399729389,10.08,3.0,7.08,火锅,10.8,35.30779984734963,True,22,0,2.9,小雨,1.15,0.57,1.29,9,3.7,0,0.86,1899,41.1,10.3,天气影响(小雨)
ORD002489,R045,Rider009,2024-01-04 17:57:00,17,False,True,39.89541884997376,116.42033225738746,39.93831052255901,116.42080670434322,39.91316369927242,116.40790369603127,7.76,4.76,3.0,日料,32.9,20.33433643986346,True,12,0,1.5,晴天,1.0,0.91,1.46,35,4.5,0,0.8,384,89.7,32.3,交通拥堵; 用餐高峰期
ORD002490,R033,Rider012,2024-01-02 18:55:00,18,False,True,39.99322010249357,116.40226919281542,39.91675918407518,116.3855546225191,39.87227059127874,116.35388620704767,14.24,8.61,5.63,中餐,13.7,21.085575970001344,True,5,0,1.6,小雨,1.15,0.91,1.46,27,4.5,0,0.82,637,101.0,45.2,天气影响(小雨); 交通拥堵; 用餐高峰期
ORD002491,R025,Rider026,2024-01-05 06:55:00,6,False,False,39.82056887072289,116.42256833354737,39.92272922536534,116.4439121239094,39.86014992380612,116.42690693099692,18.59,11.49,7.1,烧烤,15.6,23.368612297041572,False,20,0,10.0,多云,1.0,0.35,1.18,25,4.8,1,0.83,93,84.4,11.1,无电梯高楼层; 新餐厅备餐波动
ORD002492,R036,Rider016,2024-01-01 09:07:00,9,False,False,39.93730663150743,116.44838523179469,39.91483258755359,116.35099062234642,39.917836887942364,116.40394345972673,13.23,8.69,4.54,日料,25.5,26.625407374758133,False,20,0,10.0,晴天,1.0,0.94,1.47,13,3.6,0,0.94,1695,95.1,29.7,交通拥堵; 无电梯高楼层
ORD002493,R005,Rider028,2024-01-05 07:46:00,7,False,False,39.889604371916114,116.3990343497763,39.88619238449682,116.4358231946314,39.8468364452307,116.39973868704347,8.52,3.17,5.35,火锅,28.1,19.514082596991486,True,25,1,4.5,雾,1.25,0.84,1.42,14,4.0,1,0.77,80,99.2,40.4,天气影响(雾); 交通拥堵; 写字楼电梯等待; 新餐厅备餐波动
ORD002494,R019,Rider022,2024-01-03 01:28:00,1,False,False,39.86253719655144,116.50650471224354,39.94131048218809,116.36460563345823,39.88685398692913,116.39370765445501,21.5,14.96,6.54,日料,14.6,32.51727809315853,False,12,0,6.0,多云,1.0,0.48,1.24,34,4.0,0,0.87,829,71.6,11.2,无电梯高楼层
ORD002495,R030,Rider017,2024-01-01 20:47:00,20,False,False,39.94979904062989,116.40621896111446,39.89749611644023,116.42882001482276,39.9178982767203,116.48386118426038,11.34,6.12,5.22,日料,16.1,20.36803383447531,True,14,0,3.3,晴天,1.0,0.32,1.16,3,4.3,1,0.76,62,66.2,13.3,新餐厅备餐波动
ORD002496,R040,Rider027,2024-01-04 22:04:00,22,False,False,39.91739399677772,116.45338819103343,39.91551888796381,116.45694052959438,39.886332661172375,116.38837314608125,7.07,0.37,6.7,西餐,22.6,22.105265328467603,False,10,0,5.0,多云,1.0,0.71,1.35,21,3.8,0,0.85,1199,64.2,17.4,交通拥堵; 无电梯高楼层
ORD002497,R042,Rider010,2024-01-01 16:09:00,16,False,False,39.88598774689337,116.37837769171047,39.865351725765606,116.4042464448576,39.876127462298896,116.36871555781596,6.45,3.19,3.27,火锅,28.0,18.169919077368696,True,11,1,3.2,晴天,1.0,0.34,1.17,3,4.9,0,0.84,621,56.7,4.2,写字楼电梯等待
ORD002498,R030,Rider030,2024-01-05 08:43:00,8,False,False,39.94226770426784,116.39895592940739,39.89749611644023,116.42882001482276,39.911325137030445,116.40882541839402,7.89,5.59,2.3,日料,16.1,30.975976378802695,True,30,0,3.5,晴天,1.0,0.9,1.45,22,3.9,1,0.76,62,49.3,14.4,交通拥堵; 新餐厅备餐波动
ORD002499,R020,Rider006,2024-01-03 23:25:00,23,False,False,39.91050941600517,116.43312230671859,39.927930958411295,116.38011837635615,39.8754622311499,116.39886211393153,10.97,4.93,6.04,西餐,31.7,26.650010097774953,True,15,1,2.4,晴天,1.0,0.3,1.15,27,3.9,0,0.9,297,61.7,2.9,写字楼电梯等待
ORD002500,R010,Rider005,2024-01-06 01:09:00,1,True,False,40.006779368835595,116.42907542872311,39.89798502329687,116.38869567815044,39.846276626340114,116.35110144902494,19.14,12.56,6.58,烧烤,13.3,24.997273457873703,False,13,0,6.5,多云,1.0,0.4,1.2,17,4.9,1,0.79,43,80.4,14.7,无电梯高楼层; 新餐厅备餐波动
ORD002501,R023,Rider012,2024-01-06 10:40:00,10,True,False,39.890522219903154,116.35043937912357,39.89349764922696,116.42408365395602,39.87227059127874,116.35388620704767,12.76,6.31,6.45,日料,28.2,24.717297587597532,True,12,0,2.3,多云,1.0,0.45,1.22,27,4.5,0,0.94,1116,73.4,11.9,无
ORD002502,R024,Rider012,2024-01-07 16:46:00,16,True,False,39.94211305573964,116.42953415522597,39.91199648382746,116.43085468615331,39.87227059127874,116.35388620704767,11.27,3.35,7.92,西餐,22.4,22.573981249679907,True,6,0,1.0,小雨,1.15,0.45,1.23,27,4.5,0,0.83,915,76.1,22.8,天气影响(小雨)
ORD002503,R038,Rider023,2024-01-07 08:52:00,8,True,False,39.95443926246518,116.4363199116184,39.93564059231985,116.38854290757573,39.93964254240985,116.40191688715832,5.81,4.59,1.23,中餐,14.1,22.19805852705754,True,23,1,5.3,晴天,1.0,0.4,1.2,33,4.7,0,0.85,1469,38.3,3.3,写字楼电梯等待
ORD002504,R022,Rider030,2024-01-07 19:15:00,19,True,True,39.85301826162944,116.35497442855124,39.92367260197888,116.37071379389974,39.911325137030445,116.40882541839402,11.49,7.96,3.54,快餐,22.8,35.43394313342632,True,1,0,0.9,雪,1.4,0.57,1.28,22,3.9,1,0.76,91,82.2,39.1,天气影响(雪); 用餐高峰期; 新餐厅备餐波动
ORD002505,R022,Rider014,2024-01-06 17:36:00,17,True,True,39.913808608516916,116.39622278393628,39.92367260197888,116.37071379389974,39.93387852066118,116.46646634501718,10.7,2.44,8.26,快餐,22.8,21.714211935746334,False,19,0,9.5,雾,1.25,0.53,1.27,10,4.9,1,0.76,91,91.5,29.6,天气影响(雾); 无电梯高楼层; 用餐高峰期; 新餐厅备餐波动
ORD002506,R011,Rider003,2024-01-02 19:31:00,19,False,True,39.97901938216111,116.37665897123418,39.85697534139168,116.42653858829674,39.97674666303516,116.42358331580469,27.51,14.21,13.3,快餐,17.0,36.08731383802647,False,28,0,14.0,小雨,1.15,0.98,1.49,12,4.5,0,0.84,1585,136.4,59.8,天气影响(小雨); 交通拥堵; 无电梯高楼层; 用餐高峰期
ORD002507,R012,Rider017,2024-01-04 20:31:00,20,False,False,39.90698982807042,116.33861484744534,39.9031252188267,116.45433930967441,39.9178982767203,116.48386118426038,12.92,9.91,3.01,西餐,19.7,22.668853791628187,True,24,1,6.2,晴天,1.0,0.43,1.22,3,4.3,0,0.85,1677,73.4,13.3,写字楼电梯等待
ORD002508,R045,Rider014,2024-01-02 22:17:00,22,False,False,39.88006950592422,116.41553244937275,39.93831052255901,116.42080670434322,39.93387852066118,116.46646634501718,10.42,6.48,3.93,日料,21.0,20.137515793148193,True,23,1,5.9,多云,1.0,0.49,1.25,10,4.9,0,0.8,384,73.4,15.5,写字楼电梯等待
ORD002509,R007,Rider004,2024-01-01 17:35:00,17,False,True,39.882600576709834,116.39369534249539,39.926353997399865,116.4125410484357,39.8938632905673,116.45473929280564,10.22,5.12,5.1,火锅,41.2,27.84020736713202,True,21,0,2.2,多云,1.0,0.8,1.4,9,4.7,1,0.71,49,95.3,29.9,交通拥堵; 用餐高峰期; 新餐厅备餐波动
ORD002510,R035,Rider021,2024-01-06 21:44:00,21,True,False,39.909556975179875,116.38644341953173,39.868196047868096,116.44344141332652,39.920748511998084,116.46108354017223,12.72,6.7,6.03,快餐,40.4,34.80988604422062,True,9,0,2.4,晴天,1.0,0.46,1.23,23,4.6,1,0.83,67,84.0,19.3,新餐厅备餐波动
ORD002511,R011,Rider019,2024-01-03 08:14:00,8,False,False,39.953013660617735,116.36429649305352,39.85697534139168,116.42653858829674,39.93266459512356,116.36241431632648,21.95,11.92,10.04,快餐,14.2,19.50402373663684,True,30,1,5.3,晴天,1.0,0.86,1.43,28,3.9,0,0.84,1585,129.5,42.5,交通拥堵; 写字楼电梯等待
ORD002512,R003,Rider020,2024-01-04 15:55:00,15,False,False,39.89136005815265,116.4268704278626,39.90486665479836,116.3945662125919,39.95521852994615,116.403737357574,8.79,3.14,5.65,烧烤,24.6,17.0397929964195,True,23,0,5.0,晴天,1.0,0.34,1.17,12,4.7,0,0.76,799,65.7,5.2,无
ORD002513,R018,Rider015,2024-01-07 18:00:00,18,True,True,39.87245386383455,116.3827689568545,39.93680181069118,116.43754960642107,39.90125555536833,116.39611115244051,13.85,8.54,5.3,日料,14.9,21.70215324472703,True,6,0,1.1,晴天,1.0,0.57,1.28,18,5.0,1,0.74,11,67.5,13.3,用餐高峰期; 新餐厅备餐波动
ORD002514,R009,Rider012,2024-01-03 09:54:00,9,False,False,39.96407134114905,116.40751346007283,39.84792969683381,116.3663965358334,39.87227059127874,116.35388620704767,16.27,13.37,2.91,西餐,27.3,21.027334534837372,True,3,0,0.6,晴天,1.0,0.71,1.36,27,4.5,0,0.75,1622,97.9,23.5,交通拥堵
ORD002515,R017,Rider023,2024-01-03 16:47:00,16,False,False,39.854904440839256,116.39492224769162,39.899361428650025,116.41952152570443,39.93964254240985,116.40191688715832,10.09,5.37,4.72,中餐,25.3,23.131109064692545,True,25,0,2.5,雪,1.4,0.2,1.1,33,4.7,0,0.91,1236,85.7,31.8,天气影响(雪)
ORD002516,R025,Rider016,2024-01-02 14:43:00,14,False,False,39.836880821726425,116.4119404687076,39.92272922536534,116.4439121239094,39.917836887942364,116.40394345972673,13.38,9.92,3.46,烧烤,15.6,26.694718990515835,True,14,0,1.7,多云,1.0,0.33,1.17,13,3.6,1,0.83,93,55.0,7.6,新餐厅备餐波动
ORD002517,R024,Rider002,2024-01-06 00:07:00,0,True,False,39.83874239058735,116.4357537761586,39.91199648382746,116.43085468615331,39.94914167126766,116.49312820752455,14.88,8.14,6.73,西餐,27.7,23.778162342561618,False,9,0,4.5,小雨,1.15,0.32,1.16,23,4.7,0,0.83,915,92.9,23.2,天气影响(小雨); 无电梯高楼层
ORD002518,R038,Rider015,2024-01-04 20:34:00,20,False,False,39.88507486098236,116.41164018932501,39.93564059231985,116.38854290757573,39.90125555536833,116.39611115244051,9.82,5.95,3.87,中餐,13.8,16.313265168175615,True,30,1,8.0,晴天,1.0,0.43,1.22,18,5.0,0,0.85,1469,71.1,13.1,写字楼电梯等待
ORD002519,R012,Rider029,2024-01-07 16:03:00,16,True,False,39.88471909160265,116.41682476237237,39.9031252188267,116.45433930967441,39.9827701186798,116.39951113316586,13.81,3.8,10.01,西餐,26.0,25.089498771672798,True,10,0,1.1,小雨,1.15,0.45,1.23,30,3.7,0,0.85,1677,80.8,20.7,天气影响(小雨)
ORD002520,R020,Rider014,2024-01-01 18:47:00,18,False,True,39.860894493396685,116.3545231688681,39.927930958411295,116.38011837635615,39.93387852066118,116.46646634501718,15.17,7.76,7.41,西餐,41.4,18.75614975152695,True,13,1,2.5,多云,1.0,0.75,1.37,10,4.9,0,0.9,297,133.5,41.1,交通拥堵; 写字楼电梯等待; 用餐高峰期
ORD002521,R009,Rider005,2024-01-03 20:01:00,20,False,False,39.92159300167161,116.39186755545015,39.84792969683381,116.3663965358334,39.846276626340114,116.35110144902494,9.79,8.46,1.32,西餐,33.2,22.150360568852648,True,15,0,2.1,晴天,1.0,0.45,1.23,17,4.9,0,0.75,1622,80.1,18.3,无
ORD002522,R037,Rider001,2024-01-04 06:05:00,6,False,False,39.90315617036895,116.33871390406344,39.892457945637545,116.42054067792265,39.91716665409954,116.40219427782529,10.26,7.1,3.16,火锅,32.2,21.769587217087974,True,30,0,4.7,晴天,1.0,0.48,1.24,19,4.2,0,0.91,1035,74.1,9.0,无
ORD002523,R050,Rider021,2024-01-07 13:41:00,13,True,True,39.84176157638249,116.38811096695999,39.9045643952722,116.43532802251922,39.920748511998084,116.46108354017223,10.9,8.06,2.84,快餐,41.3,30.720093567464,False,29,0,14.5,多云,1.0,0.75,1.38,23,4.6,0,0.82,798,98.9,21.9,交通拥堵; 无电梯高楼层; 用餐高峰期
ORD002524,R013,Rider025,2024-01-01 08:36:00,8,False,False,39.92204352357333,116.36810140542723,39.98320584661837,116.37664727333566,39.85202121997981,116.4341869019532,22.2,6.83,15.37,西餐,22.7,20.89737224613303,True,27,0,2.8,雪,1.4,0.84,1.42,23,3.7,0,0.78,330,190.6,101.3,天气影响(雪); 交通拥堵
ORD002525,R038,Rider026,2024-01-03 12:38:00,12,False,True,39.843885714172444,116.46030665321734,39.93564059231985,116.38854290757573,39.86014992380612,116.42690693099692,20.9,11.89,9.0,中餐,16.6,28.528071521985858,True,4,0,2.4,多云,1.0,0.64,1.32,25,4.8,0,0.85,1469,77.8,14.9,交通拥堵; 用餐高峰期
ORD002526,R036,Rider011,2024-01-07 10:05:00,10,True,False,39.8923334563122,116.40807052501779,39.91483258755359,116.35099062234642,39.99179211732871,116.37506806858579,14.27,5.48,8.79,日料,20.0,28.953244396901013,True,19,0,2.0,多云,1.0,0.31,1.15,28,4.5,0,0.94,1695,66.3,14.8,无
ORD002527,R013,Rider029,2024-01-06 16:14:00,16,True,False,39.874055212576444,116.40411729588153,39.98320584661837,116.37664727333566,39.9827701186798,116.39951113316586,14.3,12.34,1.95,西餐,20.7,25.54922035277815,True,29,0,3.8,多云,1.0,0.24,1.12,30,3.7,0,0.78,330,68.0,10.0,无
ORD002528,R022,Rider014,2024-01-02 15:39:00,15,False,False,39.97629733690688,116.37013810829923,39.92367260197888,116.37071379389974,39.93387852066118,116.46646634501718,14.11,5.84,8.26,快餐,22.8,22.27495304394256,False,20,0,10.0,小雨,1.15,0.35,1.17,10,4.9,1,0.76,91,98.5,27.7,天气影响(小雨); 无电梯高楼层; 新餐厅备餐波动
ORD002529,R044,Rider025,2024-01-04 11:37:00,11,False,True,39.85824682495705,116.36539714843495,39.93937307347177,116.4233420003288,39.85202121997981,116.4341869019532,20.02,10.28,9.74,火锅,10.5,18.407969559063893,False,11,1,5.5,晴天,1.0,0.89,1.45,23,3.7,0,0.88,1668,115.4,34.2,交通拥堵; 无电梯高楼层; 写字楼电梯等待; 用餐高峰期
ORD002530,R006,Rider029,2024-01-02 15:26:00,15,False,False,39.85008309607291,116.39903585620871,39.897316486385044,116.41908046739768,39.9827701186798,116.39951113316586,15.15,5.52,9.63,中餐,32.6,24.755364373345763,True,12,1,1.9,小雨,1.15,0.35,1.17,30,3.7,0,0.82,1513,100.6,29.3,天气影响(小雨); 写字楼电梯等待
ORD002531,R014,Rider005,2024-01-06 22:18:00,22,True,False,39.97882597083302,116.35254595457977,39.89783515734865,116.39459393617881,39.846276626340114,116.35110144902494,16.51,9.68,6.83,烧烤,39.2,22.605273903051817,True,11,0,3.1,晴天,1.0,0.58,1.29,17,4.9,1,0.82,66,112.9,26.8,新餐厅备餐波动
ORD002532,R042,Rider021,2024-01-05 16:58:00,16,False,False,39.956896812936904,116.48856816489459,39.865351725765606,116.4042464448576,39.920748511998084,116.46108354017223,20.3,12.46,7.84,火锅,33.5,30.617528857290903,False,26,0,13.0,多云,1.0,0.27,1.14,23,4.6,0,0.84,621,98.7,12.4,无电梯高楼层
ORD002533,R046,Rider016,2024-01-05 19:25:00,19,False,True,39.9021358429113,116.37608345816187,39.90750898735901,116.3944992384245,39.917836887942364,116.40394345972673,3.09,1.68,1.4,中餐,21.5,28.733395341250006,True,3,1,3.9,多云,1.0,0.91,1.46,13,3.6,0,0.9,704,44.0,12.2,交通拥堵; 用餐高峰期
ORD002534,R014,Rider021,2024-01-04 19:50:00,19,False,True,39.94629879766428,116.42616965808281,39.89783515734865,116.39459393617881,39.920748511998084,116.46108354017223,12.25,6.02,6.23,烧烤,39.2,27.3910081475269,False,9,0,4.5,小雨,1.15,0.8,1.4,23,4.6,1,0.82,66,114.3,43.8,天气影响(小雨); 交通拥堵; 无电梯高楼层; 用餐高峰期; 新餐厅备餐波动
ORD002535,R036,Rider017,2024-01-03 12:40:00,12,False,True,39.90761867058157,116.44295280674635,39.91483258755359,116.35099062234642,39.9178982767203,116.48386118426038,19.27,7.9,11.37,日料,27.8,24.960058293968423,True,12,0,1.6,多云,1.0,0.64,1.32,3,4.3,0,0.94,1695,105.0,29.3,交通拥堵; 用餐高峰期
ORD002536,R049,Rider021,2024-01-03 23:18:00,23,False,False,39.89993246711478,116.45526147580688,39.93551026936107,116.41426935614565,39.920748511998084,116.46108354017223,9.61,5.28,4.32,快餐,21.5,33.04163381212793,True,30,0,3.0,晴天,1.0,0.3,1.15,23,4.6,0,0.8,1818,47.2,5.2,无
ORD002537,R041,Rider018,2024-01-02 16:08:00,16,False,False,39.880043511118195,116.37204334976289,39.883799869976464,116.39949782465398,39.88619738114083,116.43231399729389,5.2,2.39,2.82,中餐,27.1,36.09931469762432,True,14,0,5.0,小雨,1.15,0.36,1.18,9,3.7,1,0.85,78,56.9,16.1,天气影响(小雨); 新餐厅备餐波动
ORD002538,R035,Rider028,2024-01-01 10:48:00,10,False,False,40.03253731890639,116.383157917048,39.868196047868096,116.44344141332652,39.8468364452307,116.39973868704347,23.39,18.96,4.43,快餐,40.4,19.640319975985026,True,25,0,3.2,晴天,1.0,0.46,1.23,14,4.0,1,0.83,67,147.3,32.3,新餐厅备餐波动
ORD002539,R032,Rider015,2024-01-06 10:04:00,10,True,False,39.93610790241961,116.35859085737282,39.923253376527065,116.37499397389878,39.90125555536833,116.39611115244051,5.04,2.0,3.04,中餐,10.0,17.858359719747526,False,23,0,11.5,多云,1.0,0.45,1.22,18,5.0,0,0.81,589,36.2,0.0,无电梯高楼层
ORD002540,R009,Rider017,2024-01-04 16:39:00,16,False,False,39.930087119084114,116.42480219585082,39.84792969683381,116.3663965358334,39.9178982767203,116.48386118426038,23.1,10.4,12.7,西餐,18.8,24.34496259372049,True,11,0,2.0,小雨,1.15,0.39,1.19,3,4.3,0,0.75,1622,95.0,17.2,天气影响(小雨)
ORD002541,R044,Rider013,2024-01-01 10:08:00,10,False,False,39.931961782417815,116.4292077722861,39.93937307347177,116.4233420003288,39.92705390041307,116.44622095280053,3.35,0.96,2.39,火锅,13.0,28.914127198525435,True,2,0,2.3,晴天,1.0,0.46,1.23,13,4.9,0,0.88,1668,31.6,9.4,无
ORD002542,R012,Rider028,2024-01-01 18:29:00,18,False,True,39.9696958486805,116.43299458336709,39.9031252188267,116.45433930967441,39.8468364452307,116.39973868704347,15.42,7.61,7.8,西餐,25.7,20.93270365528486,False,23,0,11.5,多云,1.0,0.75,1.37,14,4.0,0,0.85,1677,101.9,20.5,交通拥堵; 无电梯高楼层; 用餐高峰期
ORD002543,R045,Rider010,2024-01-02 11:26:00,11,False,True,39.952251304706834,116.36905797570542,39.93831052255901,116.42080670434322,39.876127462298896,116.36871555781596,12.9,4.69,8.22,日料,28.2,17.071074785502702,False,17,0,8.5,多云,1.0,0.94,1.47,3,4.9,0,0.8,384,122.5,40.5,交通拥堵; 无电梯高楼层; 用餐高峰期
ORD002544,R002,Rider006,2024-01-05 01:37:00,1,False,False,39.898754823769416,116.36156046969688,39.95157638446523,116.43042304187458,39.8754622311499,116.39886211393153,17.18,8.31,8.87,日料,14.4,26.22350755337916,True,13,1,2.7,雾,1.25,0.32,1.16,27,3.9,1,0.82,47,77.4,21.0,天气影响(雾); 写字楼电梯等待; 新餐厅备餐波动
ORD002545,R041,Rider022,2024-01-01 10:30:00,10,False,False,39.932663219372294,116.44320780667827,39.883799869976464,116.39949782465398,39.88685398692913,116.39370765445501,7.19,6.59,0.6,中餐,27.1,29.487715281039154,True,2,0,1.6,晴天,1.0,0.46,1.23,34,4.0,1,0.85,78,48.2,4.9,新餐厅备餐波动
ORD002546,R006,Rider004,2024-01-07 20:32:00,20,True,False,39.86823233428392,116.36725776861789,39.897316486385044,116.41908046739768,39.8938632905673,116.45473929280564,8.56,5.48,3.07,中餐,28.8,24.478726869871064,False,5,0,2.5,多云,1.0,0.27,1.13,9,4.7,0,0.82,1513,61.3,9.0,无
ORD002547,R023,Rider028,2024-01-03 15:07:00,15,False,False,39.955169655720816,116.43438590044536,39.89349764922696,116.42408365395602,39.8468364452307,116.39973868704347,12.49,6.9,5.58,日料,26.4,21.260036111436914,True,1,0,0.5,多云,1.0,0.34,1.17,14,4.0,0,0.94,1116,77.2,15.1,无
ORD002548,R007,Rider014,2024-01-01 18:46:00,18,False,True,39.942108602181946,116.38229149677302,39.926353997399865,116.4125410484357,39.93387852066118,116.46646634501718,7.81,3.12,4.68,火锅,41.2,18.141484953798113,False,26,0,13.0,多云,1.0,0.75,1.37,10,4.9,1,0.71,49,109.2,29.2,交通拥堵; 无电梯高楼层; 用餐高峰期; 新餐厅备餐波动
ORD002549,R024,Rider009,2024-01-02 16:04:00,16,False,False,39.8926494627101,116.36839864239133,39.91199648382746,116.43085468615331,39.91316369927242,116.40790369603127,7.72,5.76,1.97,西餐,22.0,21.266319458711823,True,24,0,2.7,小雨,1.15,0.36,1.18,35,4.5,0,0.83,915,53.8,7.3,天气影响(小雨)
ORD002550,R017,Rider027,2024-01-05 21:26:00,21,False,False,39.93550050354429,116.35057435208398,39.899361428650025,116.41952152570443,39.886332661172375,116.38837314608125,10.16,7.13,3.03,中餐,21.3,21.960725506062925,True,18,1,4.8,晴天,1.0,0.66,1.33,21,3.8,0,0.91,1236,77.7,23.8,交通拥堵; 写字楼电梯等待
ORD002551,R045,Rider030,2024-01-02 20:07:00,20,False,False,39.93219312831731,116.36312183886419,39.93831052255901,116.42080670434322,39.911325137030445,116.40882541839402,8.14,4.98,3.17,日料,19.5,36.681088078783624,True,3,1,0.5,晴天,1.0,0.32,1.16,22,3.9,0,0.8,384,40.6,7.2,无
ORD002552,R004,Rider011,2024-01-01 11:35:00,11,False,True,39.87689885282743,116.42440440771551,39.90622584614064,116.3646575544136,39.99179211732871,116.37506806858579,15.6,6.06,9.54,火锅,18.0,24.116246515534,False,12,1,6.0,大雨,1.35,0.79,1.4,28,4.5,0,0.76,1942,113.9,51.1,天气影响(大雨); 交通拥堵; 无电梯高楼层; 写字楼电梯等待; 用餐高峰期
ORD002553,R041,Rider020,2024-01-04 23:50:00,23,False,False,39.98065090192309,116.48633047649747,39.883799869976464,116.39949782465398,39.95521852994615,116.403737357574,21.0,13.07,7.94,中餐,27.1,22.74926601018368,True,16,0,2.1,小雨,1.15,0.23,1.12,12,4.7,1,0.85,78,106.8,22.2,天气影响(小雨); 新餐厅备餐波动
ORD002554,R035,Rider004,2024-01-01 11:00:00,11,False,True,39.965273749219044,116.45727642396234,39.868196047868096,116.44344141332652,39.8938632905673,116.45473929280564,13.85,10.84,3.01,快餐,40.4,22.162064788734327,True,15,0,5.0,大雨,1.35,0.79,1.4,9,4.7,1,0.83,67,159.5,76.7,天气影响(大雨); 交通拥堵; 用餐高峰期; 新餐厅备餐波动
ORD002555,R034,Rider005,2024-01-03 17:34:00,17,False,True,39.86541166639808,116.40092320338282,39.86870203135637,116.42224986962574,39.846276626340114,116.35110144902494,8.44,1.86,6.58,日料,33.0,23.283332128237426,True,22,0,3.3,多云,1.0,0.85,1.42,17,4.9,1,0.71,96,78.7,20.7,交通拥堵; 用餐高峰期; 新餐厅备餐波动
ORD002556,R039,Rider026,2024-01-03 15:48:00,15,False,False,39.91578578830741,116.42893034278262,39.95763873231079,116.38707752996855,39.86014992380612,116.42690693099692,17.21,5.86,11.35,火锅,45.5,22.96326967396997,True,8,0,0.9,多云,1.0,0.34,1.17,25,4.8,1,0.77,57,106.9,15.5,新餐厅备餐波动
ORD002557,R028,Rider023,2024-01-02 06:31:00,6,False,False,39.94152297483768,116.36821209220759,39.92038827604751,116.36245113087884,39.93964254240985,116.40191688715832,6.39,2.4,3.99,火锅,13.6,20.609322654736438,False,10,0,5.0,多云,1.0,0.3,1.15,33,4.7,0,0.86,1899,43.2,5.9,无电梯高楼层
ORD002558,R025,Rider007,2024-01-01 17:34:00,17,False,True,39.916806396207974,116.44385452043804,39.92272922536534,116.4439121239094,39.8812319420477,116.34772102698165,10.09,0.66,9.43,烧烤,15.6,30.336097701921705,True,7,1,2.6,多云,1.0,0.8,1.4,20,3.7,1,0.83,93,47.3,9.1,交通拥堵; 用餐高峰期; 新餐厅备餐波动
ORD002559,R020,Rider022,2024-01-05 12:35:00,12,False,True,39.91414784186043,116.45492261299523,39.927930958411295,116.38011837635615,39.88685398692913,116.39370765445501,11.28,6.58,4.71,西餐,39.7,27.04832525660115,True,19,0,2.6,多云,1.0,0.8,1.4,34,4.0,0,0.9,297,82.0,14.7,交通拥堵; 用餐高峰期
ORD002560,R020,Rider030,2024-01-01 22:45:00,22,False,False,39.93356203664613,116.5019699644075,39.927930958411295,116.38011837635615,39.911325137030445,116.40882541839402,13.5,10.43,3.07,西餐,30.6,37.179220296460564,True,20,0,2.1,多云,1.0,0.37,1.19,22,3.9,0,0.9,297,62.8,8.2,无
ORD002561,R022,Rider023,2024-01-02 15:02:00,15,False,False,39.866857632847605,116.43672432201097,39.92367260197888,116.37071379389974,39.93964254240985,116.40191688715832,11.67,8.47,3.2,快餐,22.8,22.127702486142095,False,1,0,0.5,小雨,1.15,0.35,1.17,33,4.7,1,0.76,91,68.1,13.1,天气影响(小雨); 新餐厅备餐波动
ORD002562,R014,Rider005,2024-01-06 20:59:00,20,True,False,39.88527252862162,116.35896966064013,39.89783515734865,116.39459393617881,39.846276626340114,116.35110144902494,10.18,3.35,6.83,烧烤,39.2,23.478738189872832,True,26,0,3.5,多云,1.0,0.35,1.18,17,4.9,1,0.82,66,76.3,7.5,新餐厅备餐波动
ORD002563,R050,Rider005,2024-01-01 22:44:00,22,False,False,40.027578597020266,116.4309211370042,39.9045643952722,116.43532802251922,39.846276626340114,116.35110144902494,23.35,13.66,9.69,快餐,29.8,19.19676159385085,True,18,0,2.5,多云,1.0,0.37,1.19,17,4.9,0,0.82,798,129.3,24.0,无
ORD002564,R010,Rider003,2024-01-01 18:45:00,18,False,True,39.86594741514224,116.52144312938243,39.89798502329687,116.38869567815044,39.97674666303516,116.42358331580469,21.14,11.9,9.24,烧烤,13.3,29.202858128944577,True,4,1,0.9,多云,1.0,0.75,1.37,12,4.5,1,0.79,43,67.3,9.7,交通拥堵; 用餐高峰期; 新餐厅备餐波动
ORD002565,R007,Rider019,2024-01-02 21:48:00,21,False,False,39.88240761546864,116.34481651745357,39.926353997399865,116.4125410484357,39.93266459512356,116.36241431632648,11.91,7.57,4.34,火锅,41.2,18.718164759431566,True,9,0,1.1,小雨,1.15,0.57,1.29,28,3.9,1,0.71,49,123.9,43.4,天气影响(小雨); 新餐厅备餐波动
ORD002566,R049,Rider021,2024-01-06 09:40:00,9,True,False,39.911211909399405,116.38475421052775,39.93551026936107,116.41426935614565,39.920748511998084,116.46108354017223,8.02,3.69,4.32,快餐,20.8,33.61881869088625,True,22,0,2.6,晴天,1.0,0.24,1.12,23,4.6,0,0.8,1818,33.8,0.0,无
ORD002567,R049,Rider002,2024-01-05 17:41:00,17,False,True,39.90559794515626,116.38854210125768,39.93551026936107,116.41426935614565,39.94914167126766,116.49312820752455,10.89,3.98,6.91,快餐,30.8,19.976299548383047,False,4,0,2.0,小雨,1.15,0.68,1.34,23,4.7,0,0.8,1818,90.2,24.6,天气影响(小雨); 交通拥堵; 用餐高峰期
ORD002568,R045,Rider027,2024-01-05 18:13:00,18,False,True,39.890219178069096,116.48886612793628,39.93831052255901,116.42080670434322,39.886332661172375,116.38837314608125,14.3,7.9,6.4,日料,34.9,21.528217632406875,False,1,0,0.5,小雨,1.15,0.89,1.44,21,3.8,0,0.8,384,127.4,52.1,天气影响(小雨); 交通拥堵; 用餐高峰期
ORD002569,R010,Rider013,2024-01-01 12:06:00,12,False,True,39.875484803288494,116.36645086975331,39.89798502329687,116.38869567815044,39.92705390041307,116.44622095280053,9.02,3.14,5.88,烧烤,13.3,35.19930796403154,True,6,1,0.9,雪,1.4,0.74,1.37,13,4.9,1,0.79,43,47.7,18.2,天气影响(雪); 交通拥堵; 用餐高峰期; 新餐厅备餐波动
ORD002570,R008,Rider029,2024-01-02 07:38:00,7,False,False,39.93323323618622,116.44096339831958,39.91802448900446,116.40997770414891,39.9827701186798,116.39951113316586,10.39,3.14,7.24,火锅,23.6,25.988938620681136,True,25,1,3.8,大雨,1.35,0.92,1.46,30,3.7,0,0.81,1280,104.2,52.8,天气影响(大雨); 交通拥堵; 写字楼电梯等待
ORD002571,R028,Rider025,2024-01-06 16:14:00,16,True,False,39.90007845850213,116.42853848437457,39.92038827604751,116.36245113087884,39.85202121997981,116.4341869019532,15.84,6.08,9.76,火锅,11.5,20.23167518274446,False,10,0,5.0,多云,1.0,0.24,1.12,23,3.7,0,0.86,1899,77.6,14.1,无电梯高楼层
ORD002572,R007,Rider010,2024-01-01 17:16:00,17,False,True,39.94686127265892,116.38181948193359,39.926353997399865,116.4125410484357,39.876127462298896,116.36871555781596,10.19,3.48,6.72,火锅,41.2,18.860409917949003,True,23,0,4.6,多云,1.0,0.8,1.4,3,4.9,1,0.71,49,105.4,27.1,交通拥堵; 用餐高峰期; 新餐厅备餐波动
ORD002573,R027,Rider029,2024-01-01 09:57:00,9,False,False,39.88481843326447,116.30300262709095,39.94449504636891,116.38536357050157,39.9827701186798,116.39951113316586,14.09,9.67,4.42,西餐,22.9,21.894859023842105,False,10,0,5.0,晴天,1.0,0.94,1.47,30,3.7,0,0.82,787,99.4,33.0,交通拥堵; 无电梯高楼层
ORD002574,R022,Rider002,2024-01-01 22:22:00,22,False,False,39.939969421360814,116.454949048884,39.92367260197888,116.37071379389974,39.94914167126766,116.49312820752455,18.26,7.42,10.84,快餐,22.8,22.119556852633877,True,17,0,2.3,多云,1.0,0.37,1.19,23,4.7,1,0.76,91,79.3,4.5,新餐厅备餐波动
ORD002575,R004,Rider026,2024-01-03 12:12:00,12,False,True,39.897740250970784,116.3988100945282,39.90622584614064,116.3646575544136,39.86014992380612,116.42690693099692,10.45,3.07,7.38,火锅,22.1,28.20233532336969,True,25,0,2.7,多云,1.0,0.64,1.32,25,4.8,0,0.76,1942,59.3,12.3,交通拥堵; 用餐高峰期
ORD002576,R048,Rider001,2024-01-03 10:57:00,10,False,False,39.88331232700556,116.43378997614607,39.87933014967234,116.39059456879409,39.91716665409954,116.40219427782529,8.04,3.72,4.32,日料,10.9,21.50304192354599,True,28,0,3.2,雾,1.25,0.25,1.13,19,4.2,0,0.94,1812,45.9,9.3,天气影响(雾)
ORD002577,R028,Rider013,2024-01-05 18:42:00,18,False,True,39.83958809814169,116.42854266965357,39.92038827604751,116.36245113087884,39.92705390041307,116.44622095280053,17.8,10.6,7.2,火锅,18.8,30.644634696041575,True,17,0,1.9,小雨,1.15,0.89,1.44,13,4.9,0,0.86,1899,96.1,40.5,天气影响(小雨); 交通拥堵; 用餐高峰期
ORD002578,R012,Rider002,2024-01-02 10:56:00,10,False,False,39.808102959230446,116.38377570348052,39.9031252188267,116.45433930967441,39.94914167126766,116.49312820752455,18.25,12.16,6.09,西餐,13.2,23.357998433166415,True,14,0,1.9,大雨,1.35,0.17,1.09,23,4.7,0,0.85,1677,86.4,24.4,天气影响(大雨)
ORD002579,R001,Rider019,2024-01-02 09:04:00,9,False,False,39.94328830923819,116.42116505273461,39.91910142459034,116.40325207096485,39.93266459512356,116.36241431632648,6.89,3.09,3.8,西餐,32.1,16.9588016702165,True,26,0,2.8,晴天,1.0,0.94,1.47,28,3.9,0,0.89,1738,87.6,28.4,交通拥堵
ORD002580,R002,Rider002,2024-01-03 18:25:00,18,False,True,39.89975014947307,116.34544927093602,39.95157638446523,116.43042304187458,39.94914167126766,116.49312820752455,14.63,9.27,5.37,日料,14.4,22.583375417278827,True,14,0,2.0,大雨,1.35,0.85,1.42,23,4.7,1,0.82,47,101.4,46.2,天气影响(大雨); 交通拥堵; 用餐高峰期; 新餐厅备餐波动
ORD002581,R042,Rider027,2024-01-05 17:22:00,17,False,True,39.93011186978535,116.4583242511219,39.865351725765606,116.4042464448576,39.886332661172375,116.38837314608125,11.25,8.55,2.7,火锅,31.9,21.75441257694651,True,1,0,0.2,小雨,1.15,0.68,1.34,21,3.8,0,0.84,621,99.3,36.2,天气影响(小雨); 交通拥堵; 用餐高峰期
ORD002582,R038,Rider014,2024-01-07 18:41:00,18,True,True,39.929609682418054,116.42176438396864,39.93564059231985,116.38854290757573,39.93387852066118,116.46646634501718,9.58,2.92,6.66,中餐,11.3,21.595273143379735,False,24,0,12.0,晴天,1.0,0.57,1.28,10,4.9,0,0.85,1469,66.0,16.1,无电梯高楼层; 用餐高峰期
ORD002583,R048,Rider005,2024-01-01 15:38:00,15,False,False,39.955297047501325,116.40196253613088,39.87933014967234,116.39059456879409,39.846276626340114,116.35110144902494,13.48,8.49,4.99,日料,11.0,20.099164255181943,True,8,0,0.9,多云,1.0,0.08,1.04,17,4.9,0,0.94,1812,56.5,4.4,无
ORD002584,R028,Rider027,2024-01-02 09:13:00,9,False,False,39.884604970077255,116.37923235615857,39.92038827604751,116.36245113087884,39.886332661172375,116.38837314608125,8.61,4.22,4.38,火锅,12.3,19.147860139305685,True,22,1,5.7,晴天,1.0,0.94,1.47,21,3.8,0,0.86,1899,67.0,22.0,交通拥堵; 写字楼电梯等待
ORD002585,R036,Rider017,2024-01-01 14:25:00,14,False,False,39.9067925439576,116.39604061554414,39.91483258755359,116.35099062234642,39.9178982767203,116.48386118426038,15.32,3.95,11.37,日料,25.6,25.1258273813161,False,4,1,2.0,多云,1.0,0.16,1.08,3,4.3,0,0.94,1695,67.3,3.2,无
ORD002586,R049,Rider030,2024-01-05 09:42:00,9,False,False,39.87223068977329,116.33006201460776,39.93551026936107,116.41426935614565,39.911325137030445,116.40882541839402,12.79,10.06,2.73,快餐,23.7,30.403371534283853,False,1,0,0.5,晴天,1.0,1.0,1.5,22,3.9,0,0.8,1818,75.5,26.1,交通拥堵
ORD002587,R024,Rider029,2024-01-05 20:08:00,20,False,False,39.85543131472263,116.37346535469112,39.91199648382746,116.43085468615331,39.9827701186798,116.39951113316586,16.27,7.97,8.3,西餐,24.7,25.73631777076466,True,24,0,5.0,多云,1.0,0.25,1.13,30,3.7,0,0.83,915,83.2,15.7,无
ORD002588,R043,Rider018,2024-01-03 17:53:00,17,False,True,39.92419171497953,116.34977182913818,39.94743819867199,116.36432413546461,39.88619738114083,116.43231399729389,11.81,2.87,8.95,日料,28.4,34.545265967910986,False,15,0,7.5,多云,1.0,0.85,1.42,9,3.7,0,0.95,1448,86.6,30.2,交通拥堵; 无电梯高楼层; 用餐高峰期
ORD002589,R001,Rider028,2024-01-07 15:19:00,15,True,False,39.97067343375428,116.38181419195317,39.91910142459034,116.40325207096485,39.8468364452307,116.39973868704347,14.04,6.01,8.03,西餐,28.9,19.984096728401603,False,29,1,14.5,小雨,1.15,0.26,1.13,14,4.0,0,0.89,1738,110.0,24.4,天气影响(小雨); 无电梯高楼层; 写字楼电梯等待
ORD002590,R007,Rider013,2024-01-02 23:48:00,23,False,False,39.875741420507154,116.46856835729997,39.926353997399865,116.4125410484357,39.92705390041307,116.44622095280053,10.27,7.38,2.88,火锅,41.2,27.883602554485737,True,18,1,3.6,晴天,1.0,0.44,1.22,13,4.9,1,0.71,49,76.5,9.6,写字楼电梯等待; 新餐厅备餐波动
ORD002591,R040,Rider015,2024-01-01 10:34:00,10,False,False,39.9332982323426,116.40815297036109,39.91551888796381,116.45694052959438,39.90125555536833,116.39611115244051,10.05,4.61,5.44,西餐,25.5,20.33891972826015,True,16,1,2.4,晴天,1.0,0.46,1.23,18,5.0,0,0.85,1199,75.2,17.6,写字楼电梯等待
ORD002592,R045,Rider003,2024-01-06 11:22:00,11,True,True,39.8886434563064,116.42468681235202,39.93831052255901,116.42080670434322,39.97674666303516,116.42358331580469,9.8,5.52,4.27,日料,30.2,36.89435174729604,False,7,0,3.5,雪,1.4,0.94,1.47,12,4.5,0,0.8,384,110.7,61.1,天气影响(雪); 交通拥堵; 无电梯高楼层; 用餐高峰期
ORD002593,R002,Rider019,2024-01-06 03:52:00,3,True,False,39.84408864937961,116.42548327620473,39.95157638446523,116.43042304187458,39.93266459512356,116.36241431632648,18.12,11.94,6.18,日料,14.4,17.680438296560606,True,12,0,1.6,小雨,1.15,0.25,1.13,28,3.9,1,0.82,47,100.3,22.7,天气影响(小雨); 新餐厅备餐波动
ORD002594,R021,Rider022,2024-01-05 12:50:00,12,False,True,39.97184618273335,116.4046062800281,39.90504298390045,116.37148738809985,39.88685398692913,116.39370765445501,10.71,7.94,2.77,西餐,16.0,30.174455509509105,False,30,0,15.0,多云,1.0,0.8,1.4,34,4.0,0,0.95,863,72.5,20.2,交通拥堵; 无电梯高楼层; 用餐高峰期
ORD002595,R046,Rider007,2024-01-07 09:04:00,9,True,False,39.97526471251677,116.4200830853538,39.90750898735901,116.3944992384245,39.8812319420477,116.34772102698165,12.79,7.83,4.95,中餐,20.2,34.99938816879834,True,8,0,3.2,晴天,1.0,0.45,1.22,20,3.7,0,0.9,704,50.9,5.6,无
ORD002596,R031,Rider015,2024-01-06 21:14:00,21,True,False,39.96890162331986,116.3245073745653,39.875714428644635,116.38949308005311,39.90125555536833,116.39611115244051,14.64,11.74,2.89,中餐,33.3,18.801764655338204,True,16,0,2.2,晴天,1.0,0.46,1.23,18,5.0,0,0.86,117,104.9,22.6,无
ORD002597,R019,Rider019,2024-01-02 14:32:00,14,False,False,39.85658931603605,116.34851650155655,39.94131048218809,116.36460563345823,39.93266459512356,116.36241431632648,10.48,9.51,0.98,日料,12.0,21.072365183975215,True,1,0,0.8,多云,1.0,0.33,1.17,28,3.9,0,0.87,829,54.6,11.9,无
ORD002598,R042,Rider029,2024-01-01 09:54:00,9,False,False,39.96457756238056,116.4964541736955,39.865351725765606,116.4042464448576,39.9827701186798,116.39951113316586,26.59,13.55,13.04,火锅,32.9,29.219625512910746,True,6,1,1.0,晴天,1.0,0.94,1.47,30,3.7,0,0.84,621,123.8,35.3,交通拥堵
ORD002599,R029,Rider006,2024-01-01 16:48:00,16,False,False,39.88437553458691,116.40440473896352,39.929703617463716,116.41923019854394,39.8754622311499,116.39886211393153,11.46,5.19,6.27,快餐,9.2,30.8610567151829,True,3,1,2.5,晴天,1.0,0.34,1.17,27,3.9,0,0.86,1639,40.4,6.5,无
ORD002600,R035,Rider029,2024-01-04 09:55:00,9,False,False,39.93155708487753,116.38633200487044,39.868196047868096,116.44344141332652,39.9827701186798,116.39951113316586,21.83,8.56,13.26,快餐,40.4,23.618062020619984,True,2,1,5.7,晴天,1.0,0.96,1.48,30,3.7,1,0.83,67,153.3,51.8,交通拥堵; 新餐厅备餐波动
ORD002601,R005,Rider015,2024-01-03 15:06:00,15,False,False,39.93423861007135,116.43099475661681,39.88619238449682,116.4358231946314,39.90125555536833,116.39611115244051,9.14,5.35,3.79,火锅,28.1,21.46757809874935,True,24,0,3.4,多云,1.0,0.34,1.17,18,5.0,1,0.77,80,70.5,13.4,新餐厅备餐波动
ORD002602,R039,Rider025,2024-01-05 15:51:00,15,False,False,39.94639321600306,116.35355945453634,39.95763873231079,116.38707752996855,39.85202121997981,116.4341869019532,15.52,3.12,12.4,火锅,45.5,17.6090110483891,True,13,0,3.7,晴天,1.0,0.2,1.1,23,3.7,1,0.77,57,109.7,7.6,新餐厅备餐波动
ORD002603,R029,Rider013,2024-01-02 15:52:00,15,False,False,39.85172811526484,116.39208017245662,39.929703617463716,116.41923019854394,39.92705390041307,116.44622095280053,11.29,8.96,2.33,快餐,17.4,32.428549410627355,True,9,1,1.4,小雨,1.15,0.35,1.17,13,4.9,0,0.86,1639,46.8,7.1,天气影响(小雨)
ORD002604,R007,Rider013,2024-01-06 16:38:00,16,True,False,39.930174834766014,116.36456302054752,39.926353997399865,116.4125410484357,39.92705390041307,116.44622095280053,7.0,4.12,2.88,火锅,41.2,30.12917819404213,True,2,0,2.2,多云,1.0,0.24,1.12,13,4.9,1,0.71,49,60.2,2.8,新餐厅备餐波动
ORD002605,R050,Rider012,2024-01-05 17:38:00,17,False,True,39.85968619410945,116.46333500016044,39.9045643952722,116.43532802251922,39.87227059127874,116.35388620704767,13.36,5.53,7.83,快餐,36.0,19.739134198330355,False,29,0,14.5,小雨,1.15,0.68,1.34,27,4.5,0,0.82,798,143.2,52.1,天气影响(小雨); 交通拥堵; 无电梯高楼层; 用餐高峰期
ORD002606,R002,Rider004,2024-01-07 20:30:00,20,True,False,39.915896849749515,116.41952546994133,39.95157638446523,116.43042304187458,39.8938632905673,116.45473929280564,10.81,4.07,6.74,日料,14.4,25.26144612037642,False,11,1,5.5,多云,1.0,0.27,1.13,9,4.7,1,0.82,47,57.8,12.2,无电梯高楼层; 写字楼电梯等待; 新餐厅备餐波动
ORD002607,R001,Rider016,2024-01-07 10:06:00,10,True,False,39.96394695352775,116.38484716307352,39.91910142459034,116.40325207096485,39.917836887942364,116.40394345972673,5.37,5.22,0.15,西餐,22.4,26.230617892153187,True,29,0,3.7,多云,1.0,0.31,1.15,13,3.6,0,0.89,1738,48.7,10.3,无
ORD002608,R009,Rider025,2024-01-01 19:49:00,19,False,True,39.903821284517264,116.39840608558727,39.84792969683381,116.3663965358334,39.85202121997981,116.4341869019532,12.6,6.78,5.82,西餐,34.3,18.97287861597746,True,14,1,2.8,多云,1.0,0.92,1.46,23,3.7,0,0.75,1622,106.6,29.7,交通拥堵; 写字楼电梯等待; 用餐高峰期
ORD002609,R043,Rider005,2024-01-06 21:09:00,21,True,False,39.96841862998944,116.3816318993713,39.94743819867199,116.36432413546461,39.846276626340114,116.35110144902494,14.05,2.76,11.29,日料,23.9,24.89069355192144,True,11,0,1.7,晴天,1.0,0.46,1.23,17,4.9,0,0.95,1448,73.2,13.7,无
ORD002610,R007,Rider022,2024-01-02 17:38:00,17,False,True,39.92661102884299,116.46794396717625,39.926353997399865,116.4125410484357,39.88685398692913,116.39370765445501,9.41,4.74,4.67,火锅,41.2,26.460990096183483,True,12,1,2.3,多云,1.0,0.89,1.45,34,4.0,1,0.71,49,97.7,32.8,交通拥堵; 写字楼电梯等待; 用餐高峰期; 新餐厅备餐波动
ORD002611,R023,Rider029,2024-01-02 14:08:00,14,False,False,39.85408380744705,116.3995978686179,39.89349764922696,116.42408365395602,39.9827701186798,116.39951113316586,14.98,4.85,10.13,日料,32.0,27.0687393900827,False,16,0,8.0,多云,1.0,0.33,1.17,30,3.7,0,0.94,1116,89.2,16.0,无电梯高楼层
ORD002612,R047,Rider021,2024-01-01 15:02:00,15,False,False,39.89598422665877,116.39471116039267,39.88553288505282,116.39673534077251,39.920748511998084,116.46108354017223,7.92,1.17,6.75,日料,34.3,30.53217298676365,True,29,0,2.9,多云,1.0,0.08,1.04,23,4.6,0,0.89,512,46.4,0.0,无
ORD002613,R013,Rider006,2024-01-02 15:10:00,15,False,False,39.93567294786487,116.37357854572413,39.98320584661837,116.37664727333566,39.8754622311499,116.39886211393153,17.4,5.28,12.11,西餐,21.7,33.60526736689805,True,16,1,5.9,小雨,1.15,0.35,1.17,27,3.9,0,0.78,330,81.2,22.5,天气影响(小雨); 写字楼电梯等待
ORD002614,R027,Rider013,2024-01-04 07:26:00,7,False,False,39.90982450870623,116.38649648779692,39.94449504636891,116.38536357050157,39.92705390041307,116.44622095280053,9.4,3.85,5.55,西餐,21.7,33.76149399846407,True,15,0,3.4,晴天,1.0,0.96,1.48,13,4.9,0,0.82,787,55.6,13.8,交通拥堵
ORD002615,R018,Rider007,2024-01-04 17:55:00,17,False,True,39.918689916666516,116.40786426261603,39.93680181069118,116.43754960642107,39.8812319420477,116.34772102698165,13.09,3.24,9.85,日料,14.9,35.903012854781004,True,10,0,2.1,晴天,1.0,0.91,1.46,20,3.7,1,0.74,11,57.3,18.4,交通拥堵; 用餐高峰期; 新餐厅备餐波动
ORD002616,R009,Rider010,2024-01-01 12:45:00,12,False,True,39.91762161171895,116.4170910896202,39.84792969683381,116.3663965358334,39.876127462298896,116.36871555781596,12.01,8.87,3.14,西餐,32.5,21.96602540649068,True,21,0,2.3,雪,1.4,0.74,1.37,3,4.9,0,0.75,1622,125.6,58.0,天气影响(雪); 交通拥堵; 用餐高峰期
ORD002617,R026,Rider008,2024-01-07 12:16:00,12,True,True,39.90785881926227,116.40653423545962,39.960173235334345,116.42161498762735,39.92497386056965,116.4687095565201,11.56,5.95,5.61,快餐,16.5,29.41353915402435,True,3,0,0.7,大雨,1.35,0.9,1.45,25,4.8,0,0.8,260,92.6,51.8,天气影响(大雨); 交通拥堵; 用餐高峰期
ORD002618,R014,Rider004,2024-01-04 16:46:00,16,False,False,39.948312125179726,116.45035095698816,39.89783515734865,116.39459393617881,39.8938632905673,116.45473929280564,12.52,7.36,5.16,烧烤,39.2,22.165903493777957,True,8,1,3.8,小雨,1.15,0.39,1.19,9,4.7,1,0.82,66,102.6,25.6,天气影响(小雨); 新餐厅备餐波动
ORD002619,R015,Rider030,2024-01-06 10:27:00,10,True,False,40.01697486801911,116.35943394269638,39.945355864006494,116.41266659881865,39.911325137030445,116.40882541839402,12.95,9.16,3.79,快餐,12.9,32.677720779226384,False,20,1,10.0,多云,1.0,0.45,1.22,22,3.9,0,0.82,1348,53.3,6.6,无电梯高楼层; 写字楼电梯等待
ORD002620,R026,Rider018,2024-01-02 06:23:00,6,False,False,39.92901596505454,116.37122543405312,39.960173235334345,116.42161498762735,39.88619738114083,116.43231399729389,13.79,5.52,8.26,快餐,15.5,31.525632116554384,True,11,0,1.6,多云,1.0,0.3,1.15,9,3.7,0,0.8,260,53.7,10.4,无
ORD002621,R018,Rider015,2024-01-07 19:45:00,19,True,True,39.82279356614579,116.37090999910885,39.93680181069118,116.43754960642107,39.90125555536833,116.39611115244051,19.19,13.88,5.3,日料,14.9,19.619969846124324,True,7,0,2.0,雪,1.4,0.57,1.28,18,5.0,1,0.74,11,130.7,55.2,天气影响(雪); 用餐高峰期; 新餐厅备餐波动
ORD002622,R038,Rider016,2024-01-04 17:47:00,17,False,True,39.81904291876214,116.40357867359613,39.93564059231985,116.38854290757573,39.917836887942364,116.40394345972673,15.38,13.01,2.38,中餐,18.9,28.61998449552881,True,25,1,4.4,晴天,1.0,0.91,1.46,13,3.6,0,0.85,1469,85.0,29.5,交通拥堵; 写字楼电梯等待; 用餐高峰期
ORD002623,R026,Rider018,2024-01-07 18:25:00,18,True,True,39.95016748522902,116.38947632632238,39.960173235334345,116.42161498762735,39.88619738114083,116.43231399729389,11.23,2.96,8.26,快餐,18.9,34.60835358015947,True,24,1,3.7,晴天,1.0,0.57,1.28,9,3.7,0,0.8,260,58.9,16.8,写字楼电梯等待; 用餐高峰期
ORD002624,R049,Rider001,2024-01-02 20:02:00,20,False,False,39.846857291432144,116.32062859517899,39.93551026936107,116.41426935614565,39.91716665409954,116.40219427782529,14.97,12.69,2.28,快餐,18.2,22.403338904105805,False,2,0,1.0,晴天,1.0,0.32,1.16,19,4.2,0,0.8,1818,63.3,4.0,无
ORD002625,R015,Rider011,2024-01-07 16:27:00,16,True,False,39.90541173013026,116.43216075441559,39.945355864006494,116.41266659881865,39.99179211732871,116.37506806858579,10.81,4.74,6.07,快餐,9.2,28.41262127534143,True,10,0,4.0,小雨,1.15,0.45,1.23,28,4.5,0,0.82,1348,58.0,22.0,天气影响(小雨)
ORD002626,R026,Rider001,2024-01-04 20:02:00,20,False,False,39.899271643010835,116.46268282058375,39.960173235334345,116.42161498762735,39.91716665409954,116.40219427782529,12.67,7.62,5.06,快餐,7.0,19.33079627777497,False,10,1,5.0,晴天,1.0,0.43,1.22,19,4.2,0,0.8,260,51.6,0.3,无电梯高楼层
ORD002627,R004,Rider009,2024-01-02 01:31:00,1,False,False,39.86837751817038,116.38851101783645,39.90622584614064,116.3646575544136,39.91316369927242,116.40790369603127,8.45,4.67,3.78,火锅,14.2,25.29091960905153,False,17,0,8.5,雾,1.25,0.29,1.15,35,4.5,0,0.76,1942,57.3,14.6,天气影响(雾); 无电梯高楼层
ORD002628,R039,Rider027,2024-01-07 08:43:00,8,True,False,39.86026124834445,116.41947561091095,39.95763873231079,116.38707752996855,39.886332661172375,116.38837314608125,19.08,11.16,7.92,火锅,45.5,18.616428478718756,False,23,0,11.5,晴天,1.0,0.4,1.2,21,3.8,1,0.77,57,134.9,16.5,无电梯高楼层; 新餐厅备餐波动
ORD002629,R035,Rider001,2024-01-06 17:14:00,17,True,True,39.89943911761938,116.39443120219826,39.868196047868096,116.44344141332652,39.91716665409954,116.40219427782529,11.92,5.44,6.48,快餐,40.4,23.759692980298198,True,13,0,2.4,雾,1.25,0.53,1.27,19,4.2,1,0.83,67,108.5,35.6,天气影响(雾); 用餐高峰期; 新餐厅备餐波动
ORD002630,R035,Rider025,2024-01-02 20:47:00,20,False,False,39.86711025699245,116.3248738168252,39.868196047868096,116.44344141332652,39.85202121997981,116.4341869019532,12.11,10.15,1.96,快餐,40.4,22.49232228486706,True,5,0,0.5,晴天,1.0,0.32,1.16,23,3.7,1,0.83,67,89.7,16.5,新餐厅备餐波动
ORD002631,R002,Rider015,2024-01-06 16:04:00,16,True,False,39.861461287793595,116.41741717705122,39.95157638446523,116.43042304187458,39.90125555536833,116.39611115244051,16.38,10.07,6.31,日料,14.4,20.029207714092756,False,28,0,14.0,多云,1.0,0.24,1.12,18,5.0,1,0.82,47,91.9,14.4,无电梯高楼层; 新餐厅备餐波动
ORD002632,R035,Rider014,2024-01-02 08:39:00,8,False,False,39.96798787453852,116.36583429200053,39.868196047868096,116.44344141332652,39.93387852066118,116.46646634501718,20.47,12.91,7.55,快餐,40.4,21.76996769953507,True,4,1,3.0,晴天,1.0,0.88,1.44,10,4.9,1,0.83,67,150.1,50.4,交通拥堵; 新餐厅备餐波动
ORD002633,R011,Rider017,2024-01-06 09:19:00,9,True,False,39.84706518777943,116.38225345704745,39.85697534139168,116.42653858829674,39.9178982767203,116.48386118426038,12.3,3.95,8.35,快餐,10.5,25.376798436146792,False,8,0,4.0,晴天,1.0,0.24,1.12,3,4.3,0,0.84,1585,53.5,10.0,无电梯高楼层
ORD002634,R033,Rider008,2024-01-03 11:15:00,11,False,True,39.88606739639023,116.39370313126331,39.91675918407518,116.3855546225191,39.92497386056965,116.4687095565201,10.65,3.48,7.17,中餐,15.1,35.24725195906983,False,27,0,13.5,晴天,1.0,0.56,1.28,25,4.8,0,0.82,637,55.5,8.8,无电梯高楼层; 用餐高峰期
ORD002635,R034,Rider003,2024-01-06 15:18:00,15,True,False,39.88388696296708,116.39700341746305,39.86870203135637,116.42224986962574,39.97674666303516,116.42358331580469,14.74,2.74,12.0,日料,33.0,34.57670757210327,True,1,0,1.0,晴天,1.0,0.33,1.16,12,4.5,1,0.71,96,67.5,7.9,新餐厅备餐波动
ORD002636,R030,Rider017,2024-01-04 13:48:00,13,False,True,39.9889166226086,116.44382781315387,39.89749611644023,116.42882001482276,39.9178982767203,116.48386118426038,15.45,10.23,5.22,日料,16.1,22.350645884750413,False,20,0,10.0,多云,1.0,0.74,1.37,3,4.3,1,0.76,62,97.1,29.5,交通拥堵; 无电梯高楼层; 用餐高峰期; 新餐厅备餐波动
ORD002637,R033,Rider014,2024-01-05 20:06:00,20,False,False,39.887966220897205,116.40291887601012,39.91675918407518,116.3855546225191,39.93387852066118,116.46646634501718,10.7,3.52,7.17,中餐,9.9,22.041861675256104,True,4,0,3.7,多云,1.0,0.25,1.13,10,4.9,0,0.82,637,40.1,0.0,无
ORD002638,R033,Rider004,2024-01-03 15:27:00,15,False,False,39.91225046445546,116.4594395983939,39.91675918407518,116.3855546225191,39.8938632905673,116.45473929280564,12.78,6.34,6.44,中餐,13.7,29.22248907557609,True,15,1,7.6,多云,1.0,0.34,1.17,9,4.7,0,0.82,637,60.2,12.7,写字楼电梯等待
ORD002639,R007,Rider008,2024-01-03 17:21:00,17,False,True,39.93186033122595,116.33253538583436,39.926353997399865,116.4125410484357,39.92497386056965,116.4687095565201,11.67,6.87,4.8,火锅,41.2,33.52243469395106,False,1,0,0.5,多云,1.0,0.85,1.42,25,4.8,1,0.71,49,87.4,24.8,交通拥堵; 用餐高峰期; 新餐厅备餐波动
ORD002640,R029,Rider022,2024-01-06 13:55:00,13,True,True,39.93828189680572,116.43710297228189,39.929703617463716,116.41923019854394,39.88685398692913,116.39370765445501,7.03,1.8,5.23,快餐,18.8,30.851209908475763,False,22,1,11.0,晴天,1.0,0.84,1.42,34,4.0,0,0.86,1639,59.6,16.1,交通拥堵; 无电梯高楼层; 写字楼电梯等待; 用餐高峰期
ORD002641,R040,Rider013,2024-01-03 10:43:00,10,False,False,39.9231389816466,116.44174935511512,39.91551888796381,116.45694052959438,39.92705390041307,116.44622095280053,3.12,1.55,1.57,西餐,27.9,31.14363649410067,False,5,0,2.5,雾,1.25,0.25,1.13,13,4.9,0,0.85,1199,52.8,16.4,天气影响(雾)
ORD002642,R011,Rider005,2024-01-07 06:50:00,6,True,False,39.90486477362151,116.30029737071196,39.85697534139168,116.42653858829674,39.846276626340114,116.35110144902494,18.6,12.04,6.56,快餐,8.2,24.72471960382341,True,14,0,2.1,多云,1.0,0.25,1.13,17,4.9,0,0.84,1585,57.6,2.1,无
ORD002643,R048,Rider028,2024-01-06 15:23:00,15,True,False,39.90555871958236,116.41521564971596,39.87933014967234,116.39059456879409,39.8468364452307,116.39973868704347,7.29,3.59,3.69,日料,7.3,21.171717182631365,True,17,0,2.1,晴天,1.0,0.33,1.16,14,4.0,0,0.94,1812,32.9,2.9,无
ORD002644,R016,Rider017,2024-01-07 19:17:00,19,True,True,39.88459888267021,116.36168606993904,39.91308360831194,116.4152316581654,39.9178982767203,116.48386118426038,11.46,5.57,5.89,西餐,13.4,26.092402165430023,True,19,0,2.8,雪,1.4,0.57,1.28,3,4.3,1,0.76,46,80.7,38.0,天气影响(雪); 用餐高峰期; 新餐厅备餐波动
ORD002645,R001,Rider003,2024-01-07 16:12:00,16,True,False,39.87189059104039,116.40988369849019,39.91910142459034,116.40325207096485,39.97674666303516,116.42358331580469,11.9,5.27,6.63,西餐,31.7,27.410043458725212,True,3,0,0.4,小雨,1.15,0.45,1.23,12,4.5,0,0.89,1738,81.9,23.8,天气影响(小雨)
ORD002646,R014,Rider023,2024-01-05 17:08:00,17,False,True,39.85375056742276,116.39714671365456,39.89783515734865,116.39459393617881,39.93964254240985,116.40191688715832,9.58,4.9,4.68,烧烤,39.2,24.32132967867878,True,25,0,2.7,小雨,1.15,0.68,1.34,33,4.7,1,0.82,66,100.4,34.8,天气影响(小雨); 交通拥堵; 用餐高峰期; 新餐厅备餐波动
ORD002647,R017,Rider008,2024-01-04 22:16:00,22,False,False,39.9068488780925,116.40790088839233,39.899361428650025,116.41952152570443,39.92497386056965,116.4687095565201,6.37,1.3,5.08,中餐,22.5,29.849794397837567,True,14,0,3.5,多云,1.0,0.71,1.35,25,4.8,0,0.91,1236,49.5,10.7,交通拥堵
ORD002648,R011,Rider007,2024-01-02 18:57:00,18,False,True,39.86115628430091,116.4439530517921,39.85697534139168,116.42653858829674,39.8812319420477,116.34772102698165,8.82,1.56,7.26,快餐,22.4,36.06457899657658,True,4,0,0.5,小雨,1.15,0.91,1.46,20,3.7,0,0.84,1585,60.0,22.4,天气影响(小雨); 交通拥堵; 用餐高峰期
ORD002649,R017,Rider019,2024-01-04 15:01:00,15,False,False,39.86601473303401,116.40546695328956,39.899361428650025,116.41952152570443,39.93266459512356,116.36241431632648,10.02,3.89,6.12,中餐,23.1,20.957260635426774,False,23,1,11.5,晴天,1.0,0.34,1.17,28,3.9,0,0.91,1236,79.5,16.2,无电梯高楼层; 写字楼电梯等待
ORD002650,R010,Rider009,2024-01-07 11:42:00,11,True,True,39.877127306259716,116.3337891735103,39.89798502329687,116.38869567815044,39.91316369927242,116.40790369603127,7.59,5.24,2.35,烧烤,13.3,23.70045772976522,False,30,0,15.0,晴天,1.0,0.67,1.34,35,4.5,1,0.79,43,61.2,13.8,交通拥堵; 无电梯高楼层; 用餐高峰期; 新餐厅备餐波动
ORD002651,R020,Rider022,2024-01-02 23:12:00,23,False,False,39.8855810838936,116.3982058677182,39.927930958411295,116.38011837635615,39.88685398692913,116.39370765445501,9.66,4.95,4.71,西餐,29.4,32.56082330522035,False,17,0,8.5,晴天,1.0,0.44,1.22,34,4.0,0,0.9,297,62.4,6.6,无电梯高楼层
ORD002652,R010,Rider021,2024-01-04 23:12:00,23,False,False,39.90943815188701,116.40448102909957,39.89798502329687,116.38869567815044,39.920748511998084,116.46108354017223,8.54,1.85,6.69,烧烤,13.3,35.19518814815946,True,24,1,3.9,小雨,1.15,0.23,1.12,23,4.6,1,0.79,43,34.8,3.1,天气影响(小雨); 写字楼电梯等待; 新餐厅备餐波动
ORD002653,R012,Rider008,2024-01-01 23:29:00,23,False,False,39.88042814781326,116.44158296230754,39.9031252188267,116.45433930967441,39.92497386056965,116.4687095565201,5.47,2.75,2.72,西餐,18.1,33.48958594825296,True,28,0,5.0,多云,1.0,0.39,1.19,25,4.8,0,0.85,1677,37.4,4.5,无
ORD002654,R025,Rider004,2024-01-04 19:33:00,19,False,True,39.95113058741676,116.3243315406554,39.92272922536534,116.4439121239094,39.8938632905673,116.45473929280564,14.03,10.7,3.34,烧烤,15.6,25.974030361634917,False,21,0,10.5,小雨,1.15,0.8,1.4,9,4.7,1,0.83,93,96.8,38.2,天气影响(小雨); 交通拥堵; 无电梯高楼层; 用餐高峰期; 新餐厅备餐波动
ORD002655,R030,Rider030,2024-01-02 18:04:00,18,False,True,39.91023110603142,116.4371687897198,39.89749611644023,116.42882001482276,39.911325137030445,116.40882541839402,3.88,1.58,2.3,日料,16.1,31.92304826534346,True,23,1,4.1,小雨,1.15,0.91,1.46,22,3.9,1,0.76,62,47.7,20.1,天气影响(小雨); 交通拥堵; 写字楼电梯等待; 用餐高峰期; 新餐厅备餐波动
ORD002656,R016,Rider021,2024-01-02 16:39:00,16,False,False,39.8693424498675,116.37656202524806,39.91308360831194,116.4152316581654,39.920748511998084,116.46108354017223,9.89,5.88,4.01,西餐,13.4,30.575543342952493,True,16,0,3.8,小雨,1.15,0.36,1.18,23,4.6,1,0.76,46,52.6,15.9,天气影响(小雨); 新餐厅备餐波动
ORD002657,R002,Rider023,2024-01-05 19:50:00,19,False,True,39.957963851858224,116.42529627975227,39.95157638446523,116.43042304187458,39.93964254240985,116.40191688715832,3.61,0.83,2.77,日料,14.4,21.153848886234297,True,8,0,1.3,多云,1.0,0.91,1.46,33,4.7,1,0.82,47,45.7,19.8,交通拥堵; 用餐高峰期; 新餐厅备餐波动
ORD002658,R009,Rider020,2024-01-05 00:00:00,0,False,False,39.89015924833312,116.40227022777157,39.84792969683381,116.3663965358334,39.95521852994615,116.403737357574,17.94,5.6,12.33,西餐,23.2,17.80984897348151,True,5,0,1.1,多云,1.0,0.47,1.24,12,4.7,0,0.75,1622,105.0,20.2,无
ORD002659,R030,Rider024,2024-01-03 22:27:00,22,False,False,39.89877481852098,116.3995500063352,39.89749611644023,116.42882001482276,39.836064702425794,116.40517809204412,9.62,2.51,7.11,日料,16.1,29.260168022007473,True,20,0,2.9,多云,1.0,0.48,1.24,5,5.0,1,0.76,62,48.2,9.4,新餐厅备餐波动
ORD002660,R044,Rider025,2024-01-03 15:45:00,15,False,False,39.85162062295966,116.40047283136569,39.93937307347177,116.4233420003288,39.85202121997981,116.4341869019532,19.68,9.94,9.74,火锅,11.0,21.992128434282503,True,4,1,3.8,多云,1.0,0.34,1.17,23,3.7,0,0.88,1668,75.1,6.6,无
ORD002661,R002,Rider004,2024-01-07 16:03:00,16,True,False,39.9409009702498,116.3360117846726,39.95157638446523,116.43042304187458,39.8938632905673,116.45473929280564,14.89,8.16,6.74,日料,14.4,27.70977437750488,True,29,1,4.6,小雨,1.15,0.45,1.23,9,4.7,1,0.82,47,82.0,30.7,天气影响(小雨); 写字楼电梯等待; 新餐厅备餐波动
ORD002662,R033,Rider012,2024-01-05 07:49:00,7,False,False,39.875426376809756,116.40413996414564,39.91675918407518,116.3855546225191,39.87227059127874,116.35388620704767,10.49,4.86,5.63,中餐,10.2,22.06018923591114,False,13,0,6.5,雾,1.25,0.84,1.42,27,4.5,0,0.82,637,76.5,31.3,天气影响(雾); 交通拥堵; 无电梯高楼层
ORD002663,R025,Rider027,2024-01-07 23:30:00,23,True,False,39.90593299349638,116.41464194851322,39.92272922536534,116.4439121239094,39.886332661172375,116.38837314608125,9.36,3.12,6.24,烧烤,15.6,17.98943118927225,True,13,1,2.1,雾,1.25,0.34,1.17,21,3.8,1,0.83,93,68.0,19.1,天气影响(雾); 写字楼电梯等待; 新餐厅备餐波动
ORD002664,R044,Rider004,2024-01-07 11:18:00,11,True,True,39.90677328452966,116.40832961123078,39.93937307347177,116.4233420003288,39.8938632905673,116.45473929280564,9.56,3.84,5.72,火锅,13.7,29.273298487240524,False,27,1,13.5,晴天,1.0,0.67,1.34,9,4.7,0,0.88,1668,63.1,16.2,交通拥堵; 无电梯高楼层; 写字楼电梯等待; 用餐高峰期
ORD002665,R017,Rider015,2024-01-02 16:06:00,16,False,False,39.931745357906465,116.43931822940009,39.899361428650025,116.41952152570443,39.90125555536833,116.39611115244051,5.99,3.97,2.01,中餐,27.3,17.464925406180075,True,6,0,0.6,小雨,1.15,0.36,1.18,18,5.0,0,0.91,1236,67.2,18.7,天气影响(小雨)
ORD002666,R023,Rider019,2024-01-07 10:20:00,10,True,False,39.98711620637929,116.4175786669902,39.89349764922696,116.42408365395602,39.93266459512356,116.36241431632648,17.24,10.41,6.83,日料,33.0,18.89964328047939,True,26,0,4.1,多云,1.0,0.31,1.15,28,3.9,0,0.94,1116,107.1,15.2,无
ORD002667,R003,Rider002,2024-01-01 22:00:00,22,False,False,39.97147565801213,116.42565255108144,39.90486665479836,116.3945662125919,39.94914167126766,116.49312820752455,17.61,7.86,9.75,烧烤,23.7,20.39753943788127,True,10,0,1.4,多云,1.0,0.37,1.19,23,4.7,0,0.76,799,81.6,4.7,无
ORD002668,R030,Rider025,2024-01-05 04:11:00,4,False,False,39.89769701242848,116.42462449923333,39.89749611644023,116.42882001482276,39.85202121997981,116.4341869019532,5.43,0.36,5.07,日料,16.1,19.628519613123455,True,2,0,1.1,晴天,1.0,0.27,1.13,23,3.7,1,0.76,62,42.2,8.3,新餐厅备餐波动
ORD002669,R032,Rider024,2024-01-02 23:22:00,23,False,False,39.90917816391759,116.43133288423384,39.923253376527065,116.37499397389878,39.836064702425794,116.40517809204412,15.08,5.06,10.02,中餐,11.5,28.479645544250793,False,12,0,6.0,晴天,1.0,0.44,1.22,5,5.0,0,0.81,589,59.3,10.0,无电梯高楼层
ORD002670,R046,Rider024,2024-01-04 18:34:00,18,False,True,39.92552219211107,116.43109084492865,39.90750898735901,116.3944992384245,39.836064702425794,116.40517809204412,11.7,3.71,7.99,中餐,28.3,25.592767632768446,True,7,1,3.3,晴天,1.0,0.95,1.48,5,5.0,0,0.9,704,80.2,21.2,交通拥堵; 用餐高峰期
ORD002671,R023,Rider021,2024-01-01 20:43:00,20,False,False,39.95665168818224,116.49163322999033,39.89349764922696,116.42408365395602,39.920748511998084,116.46108354017223,13.46,9.08,4.38,日料,28.0,34.96138793974368,True,2,0,0.7,晴天,1.0,0.32,1.16,23,4.6,0,0.94,1116,60.6,8.8,无
ORD002672,R017,Rider017,2024-01-04 20:56:00,20,False,False,39.93196738053733,116.43234619515627,39.899361428650025,116.41952152570443,39.9178982767203,116.48386118426038,9.66,3.78,5.87,中餐,26.0,20.92189779672856,True,18,1,5.5,晴天,1.0,0.43,1.22,3,4.3,0,0.91,1236,75.2,16.0,写字楼电梯等待
ORD002673,R005,Rider024,2024-01-07 10:44:00,10,True,False,39.93777926247467,116.36117407222672,39.88619238449682,116.4358231946314,39.836064702425794,116.40517809204412,14.73,8.58,6.15,火锅,28.1,22.663834839299756,True,6,1,3.4,多云,1.0,0.31,1.15,5,5.0,1,0.77,80,82.4,11.9,新餐厅备餐波动
ORD002674,R030,Rider002,2024-01-02 10:44:00,10,False,False,39.95738102382536,116.39899190633794,39.89749611644023,116.42882001482276,39.94914167126766,116.49312820752455,15.07,7.12,7.94,日料,16.1,25.77726621960736,True,25,1,4.1,大雨,1.35,0.17,1.09,23,4.7,1,0.76,62,82.3,27.0,天气影响(大雨); 写字楼电梯等待; 新餐厅备餐波动
ORD002675,R021,Rider002,2024-01-03 17:58:00,17,False,True,39.95284059816886,116.42396498111356,39.90504298390045,116.37148738809985,39.94914167126766,116.49312820752455,18.44,6.95,11.49,西餐,19.7,24.62814762626693,True,9,0,1.0,多云,1.0,0.85,1.42,23,4.7,0,0.95,863,91.2,25.6,交通拥堵; 用餐高峰期
ORD002676,R011,Rider011,2024-01-03 20:40:00,20,False,False,39.93700692904008,116.40039947016446,39.85697534139168,116.42653858829674,39.99179211732871,116.37506806858579,24.77,9.16,15.6,快餐,19.8,24.745388864676748,True,20,1,3.2,晴天,1.0,0.45,1.23,28,4.5,0,0.84,1585,112.3,29.2,写字楼电梯等待
ORD002677,R031,Rider009,2024-01-02 10:15:00,10,False,False,39.856824970643395,116.38257957751532,39.875714428644635,116.38949308005311,39.91316369927242,116.40790369603127,6.63,2.18,4.45,中餐,30.3,25.49048645464945,True,26,0,2.7,大雨,1.35,0.17,1.09,35,4.5,0,0.86,117,76.9,28.3,天气影响(大雨)
ORD002678,R042,Rider027,2024-01-02 13:18:00,13,False,True,39.79289272230073,116.42463537050989,39.865351725765606,116.4042464448576,39.886332661172375,116.38837314608125,10.93,8.23,2.7,火锅,39.3,18.626763030441552,True,15,0,1.9,晴天,1.0,0.91,1.46,21,3.8,0,0.84,621,109.3,32.9,交通拥堵; 用餐高峰期
ORD002679,R013,Rider005,2024-01-02 19:02:00,19,False,True,39.92320864977988,116.4652561991168,39.98320584661837,116.37664727333566,39.846276626340114,116.35110144902494,25.44,10.09,15.36,西餐,28.1,20.840059624329736,True,10,0,2.0,小雨,1.15,0.98,1.49,17,4.9,0,0.78,330,183.4,80.0,天气影响(小雨); 交通拥堵; 用餐高峰期
ORD002680,R012,Rider016,2024-01-03 19:01:00,19,False,True,39.949971100823454,116.42616738389422,39.9031252188267,116.45433930967441,39.917836887942364,116.40394345972673,10.34,5.73,4.61,西餐,31.7,28.76656734980221,True,1,0,0.2,晴天,1.0,0.73,1.37,13,3.6,0,0.85,1677,73.6,20.1,交通拥堵; 用餐高峰期
ORD002681,R008,Rider008,2024-01-04 10:30:00,10,False,False,39.85015396838378,116.43857694075393,39.91802448900446,116.40997770414891,39.92497386056965,116.4687095565201,13.0,7.92,5.08,火锅,17.9,29.73691913510335,True,17,0,3.6,大雨,1.35,0.44,1.22,25,4.8,0,0.81,1280,83.1,35.4,天气影响(大雨)
ORD002682,R006,Rider023,2024-01-05 11:35:00,11,False,True,39.96965949015267,116.39681085890312,39.897316486385044,116.41908046739768,39.93964254240985,116.40191688715832,13.18,8.25,4.92,中餐,39.7,24.59006901446096,True,13,1,4.6,晴天,1.0,0.84,1.42,33,4.7,0,0.82,1513,107.3,30.8,交通拥堵; 写字楼电梯等待; 用餐高峰期
ORD002683,R045,Rider021,2024-01-04 19:12:00,19,False,True,39.91657631329524,116.40034886185603,39.93831052255901,116.42080670434322,39.920748511998084,116.46108354017223,6.94,2.98,3.96,日料,30.3,33.74543688989617,True,8,0,1.4,小雨,1.15,0.8,1.4,23,4.6,0,0.8,384,72.4,28.5,天气影响(小雨); 交通拥堵; 用餐高峰期
ORD002684,R001,Rider018,2024-01-07 10:50:00,10,True,False,39.908694110518674,116.3848005107719,39.91910142459034,116.40325207096485,39.88619738114083,116.43231399729389,6.37,1.96,4.42,西餐,31.0,29.887830362661564,True,13,0,4.3,多云,1.0,0.31,1.15,9,3.7,0,0.89,1738,52.9,4.8,无
ORD002685,R032,Rider009,2024-01-03 06:54:00,6,False,False,39.86979225839028,116.42196526725424,39.923253376527065,116.37499397389878,39.91316369927242,116.40790369603127,10.2,7.17,3.03,中餐,11.4,23.000493778771144,True,13,0,1.9,雾,1.25,0.38,1.19,35,4.5,0,0.81,589,60.8,20.9,天气影响(雾)
ORD002686,R028,Rider019,2024-01-06 22:57:00,22,True,False,39.94190792032597,116.35745125930357,39.92038827604751,116.36245113087884,39.93266459512356,116.36241431632648,3.79,2.43,1.36,火锅,18.2,18.820157477678123,True,12,0,3.5,晴天,1.0,0.58,1.29,28,3.9,0,0.86,1899,45.3,11.6,无
ORD002687,R046,Rider016,2024-01-02 12:33:00,12,False,True,39.92257398446144,116.47878817579299,39.90750898735901,116.3944992384245,39.917836887942364,116.40394345972673,8.8,7.4,1.4,中餐,26.0,31.416298465123088,False,30,0,15.0,雾,1.25,0.79,1.4,13,3.6,0,0.9,704,95.3,37.5,天气影响(雾); 交通拥堵; 无电梯高楼层; 用餐高峰期
ORD002688,R046,Rider009,2024-01-07 10:35:00,10,True,False,39.97833658987969,116.38204242930938,39.90750898735901,116.3944992384245,39.91316369927242,116.40790369603127,9.24,7.94,1.31,中餐,20.1,22.055191075363695,True,9,0,1.3,多云,1.0,0.31,1.15,35,4.5,0,0.9,704,62.3,15.8,无
ORD002689,R040,Rider015,2024-01-03 12:42:00,12,False,True,39.92240045511212,116.33659412100376,39.91551888796381,116.45694052959438,39.90125555536833,116.39611115244051,15.75,10.32,5.44,西餐,23.0,16.470040703559913,True,10,0,1.8,多云,1.0,0.64,1.32,18,5.0,0,0.85,1199,102.8,20.6,交通拥堵; 用餐高峰期
ORD002690,R033,Rider019,2024-01-04 16:13:00,16,False,False,40.012097850700634,116.3499490996546,39.91675918407518,116.3855546225191,39.93266459512356,116.36241431632648,13.67,11.01,2.65,中餐,17.5,19.932720556869434,False,22,0,11.0,小雨,1.15,0.39,1.19,28,3.9,0,0.82,637,96.5,26.8,天气影响(小雨); 无电梯高楼层
ORD002691,R018,Rider013,2024-01-01 09:39:00,9,False,False,39.88895895745167,116.46079609126748,39.93680181069118,116.43754960642107,39.92705390041307,116.44622095280053,6.98,5.67,1.31,日料,14.9,31.64318590446207,True,10,0,1.4,晴天,1.0,0.94,1.47,13,4.9,1,0.74,11,45.6,16.1,交通拥堵; 新餐厅备餐波动
ORD002692,R040,Rider014,2024-01-04 05:27:00,5,False,False,39.93428671434272,116.39919717766944,39.91551888796381,116.45694052959438,39.93387852066118,116.46646634501718,7.55,5.36,2.2,西餐,28.4,22.39577097606878,True,20,0,4.2,晴天,1.0,0.27,1.14,10,4.9,0,0.85,1199,59.0,6.3,无
ORD002693,R046,Rider014,2024-01-03 20:39:00,20,False,False,39.90286591569514,116.40959668448433,39.90750898735901,116.3944992384245,39.93387852066118,116.46646634501718,8.2,1.39,6.81,中餐,18.7,16.976689919490756,True,2,0,1.3,晴天,1.0,0.45,1.23,10,4.9,0,0.9,704,63.9,14.8,无
ORD002694,R032,Rider023,2024-01-07 16:24:00,16,True,False,39.87830805335226,116.36288490947543,39.923253376527065,116.37499397389878,39.93964254240985,116.40191688715832,8.03,5.1,2.93,中餐,10.2,20.60328327240488,True,12,0,1.9,小雨,1.15,0.45,1.23,33,4.7,0,0.81,589,53.6,18.1,天气影响(小雨)
ORD002695,R021,Rider007,2024-01-03 15:09:00,15,False,False,39.88981791570987,116.4417156511888,39.90504298390045,116.37148738809985,39.8812319420477,116.34772102698165,9.57,6.24,3.33,西餐,17.6,33.06553392805574,False,25,0,12.5,多云,1.0,0.34,1.17,20,3.7,0,0.95,863,57.3,9.8,无电梯高楼层
ORD002696,R025,Rider008,2024-01-07 16:00:00,16,True,False,39.91715781153253,116.4466478048145,39.92272922536534,116.4439121239094,39.92497386056965,116.4687095565201,2.8,0.66,2.13,烧烤,15.6,33.30704226185923,True,4,1,1.8,小雨,1.15,0.45,1.23,25,4.8,1,0.83,93,24.3,1.8,天气影响(小雨); 新餐厅备餐波动
ORD002697,R034,Rider021,2024-01-06 18:43:00,18,True,True,39.92668449651819,116.38591118667013,39.86870203135637,116.42224986962574,39.920748511998084,116.46108354017223,13.81,7.15,6.67,日料,33.0,29.6884260493631,True,13,0,2.2,多云,1.0,0.6,1.3,23,4.6,1,0.71,96,93.3,30.2,用餐高峰期; 新餐厅备餐波动
ORD002698,R050,Rider027,2024-01-05 18:53:00,18,False,True,39.925957406164635,116.34886970212563,39.9045643952722,116.43532802251922,39.886332661172375,116.38837314608125,12.26,7.76,4.5,快餐,36.9,19.132045728361003,True,14,0,2.2,小雨,1.15,0.89,1.44,21,3.8,0,0.82,798,126.8,49.3,天气影响(小雨); 交通拥堵; 用餐高峰期
ORD002699,R045,Rider013,2024-01-04 14:52:00,14,False,False,39.89570458388253,116.41109257682604,39.93831052255901,116.42080670434322,39.92705390041307,116.44622095280053,7.31,4.8,2.51,日料,19.6,31.04686219844408,True,2,0,0.4,雾,1.25,0.37,1.18,13,4.9,0,0.8,384,46.9,12.8,天气影响(雾)
ORD002700,R040,Rider018,2024-01-03 20:45:00,20,False,False,39.98309933862142,116.4172248191981,39.91551888796381,116.45694052959438,39.88619738114083,116.43231399729389,12.11,8.24,3.88,西餐,30.9,30.685101265310752,False,25,0,12.5,晴天,1.0,0.45,1.23,9,3.7,0,0.85,1199,88.0,21.0,无电梯高楼层
ORD002701,R046,Rider004,2024-01-07 19:54:00,19,True,True,39.94172142090619,116.41878700615925,39.90750898735901,116.3944992384245,39.8938632905673,116.45473929280564,9.7,4.33,5.37,中餐,28.6,26.101046499918763,True,15,0,2.8,雪,1.4,0.57,1.28,9,4.7,0,0.9,704,96.6,42.8,天气影响(雪); 用餐高峰期
ORD002702,R026,Rider007,2024-01-03 10:52:00,10,False,False,39.95835653176485,116.44027995181153,39.960173235334345,116.42161498762735,39.8812319420477,116.34772102698165,12.41,1.61,10.8,快餐,10.5,28.09442124272958,False,5,0,2.5,雾,1.25,0.25,1.13,20,3.7,0,0.8,260,51.3,11.8,天气影响(雾)
ORD002703,R040,Rider003,2024-01-02 16:16:00,16,False,False,39.86404933365507,116.40010549133363,39.91551888796381,116.45694052959438,39.97674666303516,116.42358331580469,14.87,7.5,7.37,西餐,22.7,27.596427061033573,False,15,0,7.5,小雨,1.15,0.36,1.18,12,4.5,0,0.85,1199,83.4,21.0,天气影响(小雨); 无电梯高楼层
ORD002704,R049,Rider009,2024-01-04 20:41:00,20,False,False,39.916505702746655,116.42625172664685,39.93551026936107,116.41426935614565,39.91316369927242,116.40790369603127,4.89,2.35,2.54,快餐,16.6,20.28344295587544,True,6,0,3.2,晴天,1.0,0.43,1.22,35,4.5,0,0.8,1818,39.2,5.0,无
ORD002705,R030,Rider009,2024-01-05 17:55:00,17,False,True,39.96246562531662,116.40002267531042,39.89749611644023,116.42882001482276,39.91316369927242,116.40790369603127,10.12,7.62,2.5,日料,16.1,20.351883657760368,True,1,0,2.2,小雨,1.15,0.68,1.34,35,4.5,1,0.76,62,76.1,28.0,天气影响(小雨); 交通拥堵; 用餐高峰期; 新餐厅备餐波动
ORD002706,R024,Rider017,2024-01-01 15:42:00,15,False,False,39.91493741896227,116.39085696835478,39.91199648382746,116.43085468615331,39.9178982767203,116.48386118426038,8.01,3.44,4.58,西餐,19.6,22.063532432720034,True,5,0,1.6,多云,1.0,0.08,1.04,3,4.3,0,0.83,915,45.9,2.9,无
ORD002707,R043,Rider015,2024-01-06 22:42:00,22,True,False,39.93885383725865,116.46442138869787,39.94743819867199,116.36432413546461,39.90125555536833,116.39611115244051,14.41,8.61,5.8,日料,23.1,17.85105295538542,True,1,1,3.0,晴天,1.0,0.58,1.29,18,5.0,0,0.95,1448,96.7,22.2,无
ORD002708,R028,Rider018,2024-01-04 19:41:00,19,False,True,39.86362236828329,116.44226369782183,39.92038827604751,116.36245113087884,39.88619738114083,116.43231399729389,16.37,9.29,7.08,火锅,16.3,30.3576107588263,True,7,0,1.3,小雨,1.15,0.8,1.4,9,3.7,0,0.86,1899,85.1,35.2,天气影响(小雨); 交通拥堵; 用餐高峰期
ORD002709,R020,Rider024,2024-01-05 23:12:00,23,False,False,39.93058306290613,116.48123712834038,39.927930958411295,116.38011837635615,39.836064702425794,116.40517809204412,19.07,8.65,10.42,西餐,29.9,25.365774487247542,False,7,1,3.5,多云,1.0,0.15,1.08,5,5.0,0,0.9,297,82.5,4.0,无电梯高楼层
ORD002710,R020,Rider018,2024-01-07 22:45:00,22,True,False,39.939169157589205,116.43780125134558,39.927930958411295,116.38011837635615,39.88619738114083,116.43231399729389,11.52,5.09,6.43,西餐,36.3,36.000726452962354,True,8,0,1.4,晴天,1.0,0.54,1.27,9,3.7,0,0.9,297,72.4,15.4,无
ORD002711,R022,Rider023,2024-01-02 15:02:00,15,False,False,39.93363412406907,116.36842042805091,39.92367260197888,116.37071379389974,39.93964254240985,116.40191688715832,4.33,1.12,3.2,快餐,22.8,21.34471917623967,True,27,0,3.1,小雨,1.15,0.35,1.17,33,4.7,1,0.76,91,54.8,16.7,天气影响(小雨); 新餐厅备餐波动
ORD002712,R021,Rider009,2024-01-02 23:42:00,23,False,False,39.89392653645462,116.34334796577957,39.90504298390045,116.37148738809985,39.91316369927242,116.40790369603127,5.95,2.7,3.24,西餐,12.1,23.025747312339863,False,30,0,15.0,晴天,1.0,0.44,1.22,35,4.5,0,0.95,863,54.6,11.9,无电梯高楼层
ORD002713,R050,Rider021,2024-01-04 16:49:00,16,False,False,39.85270843706589,116.42078347943415,39.9045643952722,116.43532802251922,39.920748511998084,116.46108354017223,8.73,5.89,2.84,快餐,29.9,27.909105538970138,False,6,1,3.0,小雨,1.15,0.39,1.19,23,4.6,0,0.82,798,60.5,8.8,天气影响(小雨); 无电梯高楼层
ORD002714,R001,Rider017,2024-01-07 16:24:00,16,True,False,39.956351469442225,116.38741601596051,39.91910142459034,116.40325207096485,39.9178982767203,116.48386118426038,11.24,4.35,6.89,西餐,30.9,19.32401195318161,False,5,0,2.5,小雨,1.15,0.45,1.23,3,4.3,0,0.89,1738,95.7,27.4,天气影响(小雨)
ORD002715,R026,Rider012,2024-01-07 09:39:00,9,True,False,39.88076922905033,116.36882593644519,39.960173235334345,116.42161498762735,39.87227059127874,116.35388620704767,21.25,9.9,11.35,快餐,11.7,19.329280336753833,False,24,0,12.0,晴天,1.0,0.45,1.22,27,4.5,0,0.8,260,106.0,16.4,无电梯高楼层
ORD002716,R026,Rider018,2024-01-02 08:20:00,8,False,False,39.887477748990534,116.40183214501661,39.960173235334345,116.42161498762735,39.88619738114083,116.43231399729389,16.51,8.25,8.26,快餐,12.7,28.0119201586963,True,26,0,3.1,晴天,1.0,0.88,1.44,9,3.7,0,0.8,260,72.7,21.5,交通拥堵
ORD002717,R033,Rider022,2024-01-05 01:17:00,1,False,False,39.93862869143073,116.4329370711123,39.91675918407518,116.3855546225191,39.88685398692913,116.39370765445501,8.12,4.72,3.39,中餐,12.4,33.44530440441552,True,5,0,0.9,雾,1.25,0.32,1.16,34,4.0,0,0.82,637,39.6,11.7,天气影响(雾)
ORD002718,R033,Rider021,2024-01-02 02:31:00,2,False,False,39.905047231717106,116.37404103312552,39.91675918407518,116.3855546225191,39.920748511998084,116.46108354017223,8.1,1.63,6.47,中餐,9.0,31.288526121811504,True,14,0,2.7,晴天,1.0,0.48,1.24,23,4.6,0,0.82,637,23.6,0.0,无
ORD002719,R012,Rider028,2024-01-02 17:43:00,17,False,True,39.899962729700704,116.35363136162997,39.9031252188267,116.45433930967441,39.8468364452307,116.39973868704347,16.42,8.62,7.8,西餐,29.2,22.77769327168278,True,27,0,5.0,多云,1.0,0.89,1.45,14,4.0,0,0.85,1677,114.8,37.4,交通拥堵; 用餐高峰期
ORD002720,R042,Rider009,2024-01-04 10:37:00,10,False,False,39.95747020053753,116.43250228786586,39.865351725765606,116.4042464448576,39.91316369927242,116.40790369603127,15.83,10.51,5.32,火锅,35.7,19.886652914568558,True,20,0,4.3,大雨,1.35,0.44,1.22,35,4.5,0,0.84,621,149.7,62.0,天气影响(大雨)
ORD002721,R027,Rider001,2024-01-01 15:11:00,15,False,False,39.86665099665547,116.36549423830576,39.94449504636891,116.38536357050157,39.91716665409954,116.40219427782529,12.17,8.81,3.36,西餐,19.3,20.062316446763933,True,10,0,1.2,多云,1.0,0.08,1.04,19,4.2,0,0.82,787,62.9,6.0,无
ORD002722,R007,Rider028,2024-01-02 23:39:00,23,False,False,39.83721501446139,116.40754690706189,39.926353997399865,116.4125410484357,39.8468364452307,116.39973868704347,18.8,9.91,8.9,火锅,41.2,22.33896483716755,True,26,0,3.8,晴天,1.0,0.44,1.22,14,4.0,1,0.71,49,112.1,16.6,新餐厅备餐波动
ORD002723,R026,Rider017,2024-01-04 09:50:00,9,False,False,39.96136663047696,116.41757717604537,39.960173235334345,116.42161498762735,39.9178982767203,116.48386118426038,7.46,0.37,7.09,快餐,10.1,21.44694766972815,False,7,0,3.5,晴天,1.0,0.96,1.48,3,4.3,0,0.8,260,57.0,22.5,交通拥堵; 无电梯高楼层
ORD002724,R020,Rider027,2024-01-01 15:07:00,15,False,False,39.88564890131203,116.35404989607228,39.927930958411295,116.38011837635615,39.886332661172375,116.38837314608125,9.87,5.2,4.67,西餐,28.8,21.402081465175286,True,13,0,1.6,多云,1.0,0.08,1.04,21,3.8,0,0.9,297,57.9,0.0,无
ORD002725,R044,Rider010,2024-01-03 06:01:00,6,False,False,39.86934846305062,116.4334220504322,39.93937307347177,116.4233420003288,39.876127462298896,116.36871555781596,16.26,7.82,8.43,火锅,11.6,19.37463538580417,False,17,0,8.5,雾,1.25,0.38,1.19,3,4.9,0,0.88,1668,102.3,31.9,天气影响(雾); 无电梯高楼层
ORD002726,R019,Rider023,2024-01-03 05:07:00,5,False,False,39.90024953666152,116.40295739767426,39.94131048218809,116.36460563345823,39.93964254240985,116.40191688715832,8.81,5.62,3.19,日料,16.5,21.109466591798533,False,26,0,13.0,多云,1.0,0.23,1.12,33,4.7,0,0.87,829,60.2,5.7,无电梯高楼层
ORD002727,R038,Rider022,2024-01-03 16:07:00,16,False,False,39.902453419968964,116.43662459882779,39.93564059231985,116.38854290757573,39.88685398692913,116.39370765445501,10.96,5.52,5.43,中餐,14.8,26.372405022186083,False,21,1,10.5,雪,1.4,0.2,1.1,34,4.0,0,0.85,1469,74.9,24.6,天气影响(雪); 无电梯高楼层; 写字楼电梯等待
ORD002728,R038,Rider010,2024-01-04 20:06:00,20,False,False,39.904326612006365,116.39667860900653,39.93564059231985,116.38854290757573,39.876127462298896,116.36871555781596,10.37,3.55,6.82,中餐,15.7,21.209325925186903,False,15,1,7.5,晴天,1.0,0.43,1.22,3,4.9,0,0.85,1469,61.7,9.2,无电梯高楼层; 写字楼电梯等待
ORD002729,R031,Rider025,2024-01-02 17:56:00,17,False,True,39.83181030673406,116.45288198002552,39.875714428644635,116.38949308005311,39.85202121997981,116.4341869019532,11.93,7.29,4.64,中餐,46.9,17.710022591586508,False,15,1,7.5,多云,1.0,0.89,1.45,23,3.7,0,0.86,117,137.7,42.9,交通拥堵; 无电梯高楼层; 写字楼电梯等待; 用餐高峰期
ORD002730,R009,Rider024,2024-01-05 13:34:00,13,False,True,39.912738032577906,116.45266402741635,39.84792969683381,116.3663965358334,39.836064702425794,116.40517809204412,13.88,10.31,3.57,西餐,33.8,24.98418741576169,False,19,1,9.5,小雨,1.15,0.81,1.41,5,5.0,0,0.75,1622,126.2,49.5,天气影响(小雨); 交通拥堵; 无电梯高楼层; 写字楼电梯等待; 用餐高峰期
ORD002731,R032,Rider015,2024-01-02 16:06:00,16,False,False,39.93061583323275,116.39900585012795,39.923253376527065,116.37499397389878,39.90125555536833,116.39611115244051,5.25,2.21,3.04,中餐,15.8,17.646822717800585,False,15,1,7.5,小雨,1.15,0.36,1.18,18,5.0,0,0.81,589,56.2,15.1,天气影响(小雨); 无电梯高楼层; 写字楼电梯等待
ORD002732,R002,Rider008,2024-01-03 16:31:00,16,False,False,39.92548938425715,116.40625583685701,39.95157638446523,116.43042304187458,39.92497386056965,116.4687095565201,7.97,3.56,4.41,日料,14.4,32.61968873327638,True,11,1,3.4,雪,1.4,0.2,1.1,25,4.8,1,0.82,47,60.6,28.2,天气影响(雪); 写字楼电梯等待; 新餐厅备餐波动
ORD002733,R013,Rider002,2024-01-06 18:49:00,18,True,True,39.94035810583464,116.46520232420897,39.98320584661837,116.37664727333566,39.94914167126766,116.49312820752455,19.58,8.94,10.65,西餐,28.1,25.126009496018625,True,16,0,2.1,多云,1.0,0.6,1.3,23,4.7,0,0.78,330,97.1,20.1,用餐高峰期
ORD002734,R029,Rider029,2024-01-06 19:42:00,19,True,True,39.95305892967656,116.39135571442965,39.929703617463716,116.41923019854394,39.9827701186798,116.39951113316586,9.65,3.52,6.13,快餐,11.7,23.29755122992009,False,26,0,13.0,晴天,1.0,0.72,1.36,30,3.7,0,0.86,1639,64.8,15.3,交通拥堵; 无电梯高楼层; 用餐高峰期
ORD002735,R021,Rider029,2024-01-04 09:02:00,9,False,False,39.904958309177914,116.44482880674371,39.90504298390045,116.37148738809985,39.9827701186798,116.39951113316586,15.23,6.27,8.96,西餐,16.8,23.489248511588947,True,13,0,4.1,晴天,1.0,0.96,1.48,30,3.7,0,0.95,863,84.9,25.2,交通拥堵
ORD002736,R023,Rider020,2024-01-04 23:38:00,23,False,False,39.92650223610846,116.39467934809903,39.89349764922696,116.42408365395602,39.95521852994615,116.403737357574,11.51,4.44,7.07,日料,31.9,17.6618580025425,False,2,0,1.0,小雨,1.15,0.23,1.12,12,4.7,0,0.94,1116,91.4,19.4,天气影响(小雨)
ORD002737,R009,Rider001,2024-01-03 09:02:00,9,False,False,39.86199398897596,116.34145840757373,39.84792969683381,116.3663965358334,39.91716665409954,116.40219427782529,10.92,2.64,8.27,西餐,26.3,20.65418042135252,True,7,0,1.0,晴天,1.0,0.71,1.36,19,4.2,0,0.75,1622,77.0,17.9,交通拥堵
ORD002738,R036,Rider021,2024-01-07 21:39:00,21,True,False,39.85539889852702,116.42862119033208,39.91483258755359,116.35099062234642,39.920748511998084,116.46108354017223,18.8,9.36,9.44,日料,18.8,30.758947053508177,True,30,0,3.7,晴天,1.0,0.71,1.35,23,4.6,0,0.94,1695,88.2,29.0,交通拥堵
ORD002739,R013,Rider004,2024-01-03 21:39:00,21,False,False,39.86383499484248,116.467872114925,39.98320584661837,116.37664727333566,39.8938632905673,116.45473929280564,27.33,15.38,11.96,西餐,21.6,24.266386311007828,True,16,0,2.1,多云,1.0,0.59,1.29,9,4.7,0,0.78,330,116.0,24.7,无
ORD002740,R034,Rider027,2024-01-03 17:49:00,17,False,True,39.93113770703538,116.3266684963525,39.86870203135637,116.42224986962574,39.886332661172375,116.38837314608125,14.22,10.72,3.5,日料,33.0,23.43156413379281,True,6,0,0.6,多云,1.0,0.85,1.42,21,3.8,1,0.71,96,104.0,33.9,交通拥堵; 用餐高峰期; 新餐厅备餐波动
ORD002741,R045,Rider024,2024-01-03 09:57:00,9,False,False,39.92737205453391,116.43678449261508,39.93831052255901,116.42080670434322,39.836064702425794,116.40517809204412,13.26,1.83,11.43,日料,15.3,27.65391845085523,True,10,0,1.8,晴天,1.0,0.71,1.36,5,5.0,0,0.8,384,64.2,18.3,交通拥堵
ORD002742,R031,Rider026,2024-01-04 22:34:00,22,False,False,39.88154477681505,116.42384712543229,39.875714428644635,116.38949308005311,39.86014992380612,116.42690693099692,6.65,3.01,3.64,中餐,35.0,26.50207667444125,True,14,1,4.5,多云,1.0,0.71,1.35,25,4.8,0,0.86,117,68.2,13.7,交通拥堵; 写字楼电梯等待
ORD002743,R027,Rider016,2024-01-02 16:29:00,16,False,False,39.93650037966335,116.37839410224055,39.94449504636891,116.38536357050157,39.917836887942364,116.40394345972673,4.43,1.07,3.36,西餐,24.2,24.794170925579692,True,14,0,1.7,小雨,1.15,0.36,1.18,13,3.6,0,0.82,787,48.9,12.2,天气影响(小雨)
ORD002744,R032,Rider030,2024-01-01 10:19:00,10,False,False,39.881054302927204,116.37631560902105,39.923253376527065,116.37499397389878,39.911325137030445,116.40882541839402,7.87,4.69,3.18,中餐,10.7,34.01299963692572,True,1,0,1.3,晴天,1.0,0.46,1.23,22,3.9,0,0.81,589,32.9,7.1,无
ORD002745,R004,Rider010,2024-01-04 13:41:00,13,False,True,39.882130238692696,116.39022216651414,39.90622584614064,116.3646575544136,39.876127462298896,116.36871555781596,6.82,3.46,3.36,火锅,22.9,16.445830656412493,True,12,0,1.2,多云,1.0,0.74,1.37,3,4.9,0,0.76,1942,67.9,18.9,交通拥堵; 用餐高峰期
ORD002746,R030,Rider027,2024-01-06 09:45:00,9,True,False,39.95280797761959,116.38082278084403,39.89749611644023,116.42882001482276,39.886332661172375,116.38837314608125,11.06,7.39,3.67,日料,16.1,23.33098892026812,False,17,0,8.5,晴天,1.0,0.24,1.12,21,3.8,1,0.76,62,53.9,0.8,无电梯高楼层; 新餐厅备餐波动
ORD002747,R035,Rider011,2024-01-02 15:07:00,15,False,False,39.950972669329474,116.46284751262682,39.868196047868096,116.44344141332652,39.99179211732871,116.37506806858579,24.26,9.34,14.92,快餐,40.4,25.786283986073855,True,16,0,3.0,小雨,1.15,0.35,1.17,28,4.5,1,0.83,67,137.9,38.1,天气影响(小雨); 新餐厅备餐波动
ORD002748,R030,Rider008,2024-01-07 11:33:00,11,True,True,39.92649081147672,116.40716613089437,39.89749611644023,116.42882001482276,39.92497386056965,116.4687095565201,8.29,3.71,4.58,日料,16.1,27.30058633653055,True,12,0,1.4,晴天,1.0,0.67,1.34,25,4.8,1,0.76,62,49.8,14.0,交通拥堵; 用餐高峰期; 新餐厅备餐波动
ORD002749,R034,Rider009,2024-01-07 18:13:00,18,True,True,39.87121927195022,116.45292522204284,39.86870203135637,116.42224986962574,39.91316369927242,116.40790369603127,7.73,2.64,5.09,日料,33.0,20.58826865243029,True,26,0,5.0,晴天,1.0,0.57,1.28,35,4.5,1,0.71,96,72.9,12.4,用餐高峰期; 新餐厅备餐波动
ORD002750,R046,Rider013,2024-01-04 07:13:00,7,False,False,39.90771242286661,116.41643783308447,39.90750898735901,116.3944992384245,39.92705390041307,116.44622095280053,6.8,1.88,4.93,中餐,15.4,33.73771680392082,True,19,1,5.7,晴天,1.0,0.96,1.48,13,4.9,0,0.9,704,40.7,7.5,交通拥堵; 写字楼电梯等待
ORD002751,R015,Rider020,2024-01-01 10:26:00,10,False,False,39.9211649901928,116.43617856649648,39.945355864006494,116.41266659881865,39.95521852994615,116.403737357574,4.69,3.35,1.33,快餐,6.6,21.47983287564938,True,22,1,3.7,晴天,1.0,0.46,1.23,12,4.7,0,0.82,1348,25.9,2.5,写字楼电梯等待
ORD002752,R004,Rider023,2024-01-01 17:03:00,17,False,True,39.91661130543718,116.4213566942188,39.90622584614064,116.3646575544136,39.93964254240985,116.40191688715832,9.87,4.98,4.89,火锅,22.0,23.099509308852127,True,20,1,5.0,多云,1.0,0.8,1.4,33,4.7,0,0.76,1942,64.3,11.6,交通拥堵; 写字楼电梯等待; 用餐高峰期
ORD002753,R003,Rider004,2024-01-01 18:44:00,18,False,True,39.89266234001523,116.44047780122058,39.90486665479836,116.3945662125919,39.8938632905673,116.45473929280564,9.44,4.15,5.29,烧烤,31.7,26.217015212098907,False,14,0,7.0,多云,1.0,0.75,1.37,9,4.7,0,0.76,799,87.5,27.2,交通拥堵; 无电梯高楼层; 用餐高峰期
ORD002754,R030,Rider012,2024-01-06 17:29:00,17,True,True,39.9203894047592,116.32756850288963,39.89749611644023,116.42882001482276,39.87227059127874,116.35388620704767,16.02,9.02,6.99,日料,16.1,19.2837960173646,True,28,1,6.6,雾,1.25,0.53,1.27,27,4.5,1,0.76,62,111.8,39.3,天气影响(雾); 写字楼电梯等待; 用餐高峰期; 新餐厅备餐波动
ORD002755,R017,Rider027,2024-01-01 07:08:00,7,False,False,39.90836724229868,116.34011584253605,39.899361428650025,116.41952152570443,39.886332661172375,116.38837314608125,9.89,6.86,3.03,中餐,25.1,17.609777052876986,False,22,0,11.0,晴天,1.0,0.75,1.37,21,3.8,0,0.91,1236,97.8,28.0,交通拥堵; 无电梯高楼层
ORD002756,R019,Rider011,2024-01-03 23:30:00,23,False,False,39.854386035858354,116.29276186858199,39.94131048218809,116.36460563345823,39.99179211732871,116.37506806858579,17.12,11.44,5.68,日料,14.9,27.76146143339668,True,26,1,4.0,晴天,1.0,0.3,1.15,28,4.5,0,0.87,829,73.5,17.6,写字楼电梯等待
ORD002757,R002,Rider024,2024-01-01 13:18:00,13,False,True,39.897029396213966,116.36775723804361,39.95157638446523,116.43042304187458,39.836064702425794,116.40517809204412,21.09,8.09,13.01,日料,14.4,23.531917608813476,False,1,0,0.5,晴天,1.0,0.99,1.49,5,5.0,1,0.82,47,98.6,29.9,交通拥堵; 用餐高峰期; 新餐厅备餐波动
ORD002758,R041,Rider026,2024-01-05 15:34:00,15,False,False,39.985653133315104,116.37723592069105,39.883799869976464,116.39949782465398,39.86014992380612,116.42690693099692,14.99,11.47,3.52,中餐,27.1,28.393797695501302,True,25,0,3.7,晴天,1.0,0.2,1.1,25,4.8,1,0.85,78,68.8,6.3,新餐厅备餐波动
ORD002759,R024,Rider009,2024-01-07 17:11:00,17,True,True,39.88398881116404,116.4039697034641,39.91199648382746,116.43085468615331,39.91316369927242,116.40790369603127,5.83,3.87,1.97,西餐,33.4,24.20594690149986,True,29,0,3.0,小雨,1.15,0.69,1.34,35,4.5,0,0.83,915,73.8,22.9,天气影响(小雨); 交通拥堵; 用餐高峰期
ORD002760,R029,Rider001,2024-01-05 16:59:00,16,False,False,39.883202384425644,116.41857777575514,39.929703617463716,116.41923019854394,39.91716665409954,116.40219427782529,7.18,5.16,2.01,快餐,17.5,21.69437858073857,False,15,0,7.5,多云,1.0,0.27,1.14,19,4.2,0,0.86,1639,55.4,10.6,无电梯高楼层
ORD002761,R035,Rider002,2024-01-05 18:04:00,18,False,True,39.8596291064731,116.47228209784032,39.868196047868096,116.44344141332652,39.94914167126766,116.49312820752455,12.59,2.64,9.94,快餐,40.4,21.035056784739943,True,14,0,3.4,小雨,1.15,0.89,1.44,23,4.7,1,0.83,67,132.6,53.0,天气影响(小雨); 交通拥堵; 用餐高峰期; 新餐厅备餐波动
ORD002762,R013,Rider030,2024-01-07 10:37:00,10,True,False,39.89264439219028,116.41000893824649,39.98320584661837,116.37664727333566,39.911325137030445,116.40882541839402,18.89,10.45,8.44,西餐,24.2,33.596680840022195,True,15,0,5.0,多云,1.0,0.31,1.15,22,3.9,0,0.78,330,71.6,8.6,无
ORD002763,R037,Rider010,2024-01-04 15:19:00,15,False,False,39.900195400315326,116.37939496133448,39.892457945637545,116.42054067792265,39.876127462298896,116.36871555781596,8.41,3.62,4.79,火锅,34.4,20.591751773177904,True,8,0,0.9,晴天,1.0,0.34,1.17,3,4.9,0,0.91,1035,64.8,5.1,无
ORD002764,R027,Rider010,2024-01-03 18:50:00,18,False,True,39.94338191874162,116.42605962816069,39.94449504636891,116.38536357050157,39.876127462298896,116.36871555781596,11.2,3.48,7.72,西餐,28.7,19.38108476672612,True,30,0,4.2,大雨,1.35,0.85,1.42,3,4.9,0,0.82,787,125.5,57.9,天气影响(大雨); 交通拥堵; 用餐高峰期
ORD002765,R014,Rider019,2024-01-04 06:40:00,6,False,False,39.9470396527081,116.40712516980028,39.89783515734865,116.39459393617881,39.93266459512356,116.36241431632648,10.31,5.57,4.75,烧烤,39.2,18.830300260805075,True,30,1,6.1,晴天,1.0,0.48,1.24,28,3.9,1,0.82,66,94.6,16.4,写字楼电梯等待; 新餐厅备餐波动
ORD002766,R001,Rider029,2024-01-01 15:03:00,15,False,False,39.91587751674372,116.32144814722248,39.91910142459034,116.40325207096485,39.9827701186798,116.39951113316586,14.08,7.0,7.08,西餐,26.1,24.58655883736431,True,22,0,3.0,多云,1.0,0.08,1.04,30,3.7,0,0.89,1738,65.7,2.2,无
ORD002767,R035,Rider009,2024-01-06 18:48:00,18,True,True,39.887927817247785,116.46968543277484,39.868196047868096,116.44344141332652,39.91316369927242,116.40790369603127,8.98,3.14,5.85,快餐,40.4,23.507082744143005,False,12,0,6.0,多云,1.0,0.6,1.3,35,4.5,1,0.83,67,90.1,20.9,无电梯高楼层; 用餐高峰期; 新餐厅备餐波动
ORD002768,R031,Rider014,2024-01-05 14:09:00,14,False,False,39.80416471009028,116.51497618980125,39.875714428644635,116.38949308005311,39.93387852066118,116.46646634501718,22.58,13.36,9.22,中餐,33.4,19.294619794629877,True,26,0,4.4,多云,1.0,0.36,1.18,10,4.9,0,0.86,117,124.4,16.4,无
ORD002769,R016,Rider012,2024-01-01 18:16:00,18,False,True,39.83446603214159,116.4297988885661,39.91308360831194,116.4152316581654,39.87227059127874,116.35388620704767,15.75,8.82,6.93,西餐,13.4,19.014099650641228,False,14,0,7.0,多云,1.0,0.75,1.37,27,4.5,1,0.76,46,96.4,26.3,交通拥堵; 无电梯高楼层; 用餐高峰期; 新餐厅备餐波动
ORD002770,R036,Rider030,2024-01-01 10:05:00,10,False,False,39.94941873312242,116.39136626668213,39.91483258755359,116.35099062234642,39.911325137030445,116.40882541839402,10.12,5.16,4.96,日料,18.8,32.12261723224414,False,7,1,3.5,晴天,1.0,0.46,1.23,22,3.9,0,0.94,1695,52.9,11.7,无电梯高楼层
ORD002771,R003,Rider006,2024-01-06 21:49:00,21,True,False,39.96794821736178,116.41876984643666,39.90486665479836,116.3945662125919,39.8754622311499,116.39886211393153,10.59,7.3,3.29,烧烤,27.6,26.230988842958546,True,4,1,1.7,晴天,1.0,0.46,1.23,27,3.9,0,0.76,799,58.3,4.8,无
ORD002772,R034,Rider023,2024-01-06 11:59:00,11,True,True,39.90491598117454,116.3921018694764,39.86870203135637,116.42224986962574,39.93964254240985,116.40191688715832,12.84,4.78,8.07,日料,33.0,19.92048312873283,True,16,0,1.7,雪,1.4,0.94,1.47,33,4.7,1,0.71,96,140.4,67.0,天气影响(雪); 交通拥堵; 用餐高峰期; 新餐厅备餐波动
ORD002773,R046,Rider008,2024-01-07 10:12:00,10,True,False,39.87577201475973,116.41582078985002,39.90750898735901,116.3944992384245,39.92497386056965,116.4687095565201,10.6,3.97,6.63,中餐,21.6,32.8408434990943,True,1,0,0.4,多云,1.0,0.31,1.15,25,4.8,0,0.9,704,49.9,8.6,无
ORD002774,R012,Rider005,2024-01-04 14:11:00,14,False,False,39.963176868648645,116.38078759815546,39.9031252188267,116.45433930967441,39.846276626340114,116.35110144902494,20.02,9.16,10.86,西餐,25.1,18.65398443339912,True,15,0,2.1,雾,1.25,0.37,1.18,17,4.9,0,0.85,1677,129.8,38.2,天气影响(雾)
ORD002775,R010,Rider015,2024-01-05 06:19:00,6,False,False,39.89054438107392,116.40138646484695,39.89798502329687,116.38869567815044,39.90125555536833,116.39611115244051,2.09,1.36,0.73,烧烤,13.3,19.8448305664727,False,19,1,9.5,多云,1.0,0.35,1.18,18,5.0,1,0.79,43,34.1,5.0,无电梯高楼层; 写字楼电梯等待; 新餐厅备餐波动
ORD002776,R006,Rider012,2024-01-05 15:13:00,15,False,False,39.856533298141215,116.4134843429639,39.897316486385044,116.41908046739768,39.87227059127874,116.35388620704767,10.78,4.55,6.23,中餐,36.2,23.000388636820013,True,1,1,1.1,晴天,1.0,0.2,1.1,27,4.5,0,0.82,1513,68.1,2.7,无
ORD002777,R024,Rider030,2024-01-05 23:18:00,23,False,False,39.93393398437837,116.40849250399731,39.91199648382746,116.43085468615331,39.911325137030445,116.40882541839402,4.98,3.1,1.89,西餐,24.4,31.919994346265742,False,3,1,1.5,多云,1.0,0.15,1.08,22,3.9,0,0.83,915,29.3,0.0,无
ORD002778,R026,Rider027,2024-01-07 11:55:00,11,True,True,39.88413817175628,116.39277468774364,39.960173235334345,116.42161498762735,39.886332661172375,116.38837314608125,17.47,8.8,8.68,快餐,9.4,21.532531154339768,True,9,0,2.6,晴天,1.0,0.67,1.34,21,3.8,0,0.8,260,84.2,23.6,交通拥堵; 用餐高峰期
ORD002779,R002,Rider010,2024-01-06 19:32:00,19,True,True,39.88746507636184,116.45475827956673,39.95157638446523,116.43042304187458,39.876127462298896,116.36871555781596,17.32,7.42,9.9,日料,14.4,21.28045128786988,False,30,1,15.0,晴天,1.0,0.72,1.36,3,4.9,1,0.82,47,110.8,32.6,交通拥堵; 无电梯高楼层; 写字楼电梯等待; 用餐高峰期; 新餐厅备餐波动
ORD002780,R042,Rider001,2024-01-01 19:40:00,19,False,True,39.80081516868893,116.40967920172943,39.865351725765606,116.4042464448576,39.91716665409954,116.40219427782529,12.94,7.18,5.76,火锅,42.4,19.632216244660356,True,1,0,0.7,多云,1.0,0.92,1.46,19,4.2,0,0.84,621,114.5,31.9,交通拥堵; 用餐高峰期
ORD002781,R039,Rider029,2024-01-07 18:15:00,18,True,True,39.907928424339595,116.42988734095196,39.95763873231079,116.38707752996855,39.9827701186798,116.39951113316586,9.61,6.62,2.99,火锅,45.5,26.773833941107764,True,7,1,1.3,晴天,1.0,0.57,1.28,30,3.7,1,0.77,57,77.1,8.8,用餐高峰期; 新餐厅备餐波动
ORD002782,R035,Rider015,2024-01-07 10:10:00,10,True,False,39.902520041922486,116.43568591471957,39.868196047868096,116.44344141332652,39.90125555536833,116.39611115244051,9.33,3.87,5.46,快餐,40.4,21.12249311391732,True,29,1,6.3,多云,1.0,0.31,1.15,18,5.0,1,0.83,67,79.4,6.2,写字楼电梯等待; 新餐厅备餐波动
ORD002783,R034,Rider030,2024-01-07 23:36:00,23,True,False,39.945000398465076,116.39842287048594,39.86870203135637,116.42224986962574,39.911325137030445,116.40882541839402,13.58,8.71,4.87,日料,33.0,29.369748650317476,True,30,0,3.2,雾,1.25,0.34,1.17,22,3.9,1,0.71,96,91.4,27.4,天气影响(雾); 新餐厅备餐波动
ORD002784,R040,Rider024,2024-01-05 19:39:00,19,False,True,39.82652016640048,116.44292588487106,39.91551888796381,116.45694052959438,39.836064702425794,116.40517809204412,19.83,9.95,9.87,西餐,32.1,29.487716223128718,True,24,0,2.9,多云,1.0,0.91,1.46,5,5.0,0,0.85,1199,118.1,42.8,交通拥堵; 用餐高峰期
ORD002785,R016,Rider002,2024-01-02 13:01:00,13,False,True,39.86830095076389,116.40723237872793,39.91308360831194,116.4152316581654,39.94914167126766,116.49312820752455,12.79,5.02,7.77,西餐,13.4,22.661522370289113,True,7,0,1.4,晴天,1.0,0.91,1.46,23,4.7,1,0.76,46,83.9,35.2,交通拥堵; 用餐高峰期; 新餐厅备餐波动
ORD002786,R011,Rider002,2024-01-05 22:40:00,22,False,False,39.93091864323863,116.40585257775021,39.85697534139168,116.42653858829674,39.94914167126766,116.49312820752455,20.11,8.4,11.71,快餐,17.0,23.850743177447953,False,25,0,12.5,雪,1.4,0.38,1.19,23,4.7,0,0.84,1585,144.5,64.3,天气影响(雪); 无电梯高楼层
ORD002787,R013,Rider023,2024-01-04 17:47:00,17,False,True,39.904540752330675,116.31800350330319,39.98320584661837,116.37664727333566,39.93964254240985,116.40191688715832,15.37,10.07,5.3,西餐,29.6,22.629214478131406,True,21,0,3.6,晴天,1.0,0.91,1.46,33,4.7,0,0.78,330,112.3,38.3,交通拥堵; 用餐高峰期
ORD002788,R042,Rider022,2024-01-03 20:06:00,20,False,False,39.92356133076082,116.42801627053166,39.865351725765606,116.4042464448576,39.88685398692913,116.39370765445501,9.33,6.78,2.55,火锅,30.7,33.408443229469455,True,21,0,2.1,晴天,1.0,0.45,1.23,34,4.0,0,0.84,621,57.9,8.3,无
ORD002789,R002,Rider013,2024-01-05 09:49:00,9,False,False,39.88583115339064,116.45553574154664,39.95157638446523,116.43042304187458,39.92705390041307,116.44622095280053,10.65,7.61,3.04,日料,14.4,26.29303285287659,True,5,0,0.6,晴天,1.0,1.0,1.5,13,4.9,1,0.82,47,65.0,25.7,交通拥堵; 新餐厅备餐波动
ORD002790,R007,Rider007,2024-01-04 20:19:00,20,False,False,39.97097528280952,116.4384083686798,39.926353997399865,116.4125410484357,39.8812319420477,116.34772102698165,12.9,5.43,7.47,火锅,41.2,36.25114774789618,True,4,0,1.3,晴天,1.0,0.43,1.22,20,3.7,1,0.71,49,84.2,20.3,新餐厅备餐波动
ORD002791,R035,Rider010,2024-01-06 16:02:00,16,True,False,39.88097163189819,116.3675267002968,39.868196047868096,116.44344141332652,39.876127462298896,116.36871555781596,13.1,6.65,6.45,快餐,40.4,19.798435732499403,False,14,0,7.0,多云,1.0,0.24,1.12,3,4.9,1,0.83,67,100.5,13.5,无电梯高楼层; 新餐厅备餐波动
ORD002792,R030,Rider001,2024-01-04 10:35:00,10,False,False,39.91783046406496,116.42369240080319,39.89749611644023,116.42882001482276,39.91716665409954,116.40219427782529,5.45,2.3,3.15,日料,16.1,21.688455815086932,False,13,1,6.5,大雨,1.35,0.44,1.22,19,4.2,1,0.76,62,59.1,21.4,天气影响(大雨); 无电梯高楼层; 写字楼电梯等待; 新餐厅备餐波动
ORD002793,R001,Rider010,2024-01-04 12:26:00,12,False,True,39.86849824262982,116.39498853688563,39.91910142459034,116.40325207096485,39.876127462298896,116.36871555781596,11.27,5.66,5.61,西餐,36.2,20.265896295928805,True,4,0,0.9,晴天,1.0,0.81,1.4,3,4.9,0,0.89,1738,101.5,31.0,交通拥堵; 用餐高峰期
ORD002794,R006,Rider010,2024-01-06 20:07:00,20,True,False,39.909480136694526,116.36552422205429,39.897316486385044,116.41908046739768,39.876127462298896,116.36871555781596,9.68,4.77,4.91,中餐,35.1,20.792481429605104,False,4,0,2.0,多云,1.0,0.35,1.18,3,4.9,0,0.82,1513,68.5,3.5,无
ORD002795,R022,Rider004,2024-01-03 23:13:00,23,False,False,39.8680236177075,116.42833975931278,39.92367260197888,116.37071379389974,39.8938632905673,116.45473929280564,15.81,7.9,7.91,快餐,22.8,22.784362798325,False,18,1,9.0,晴天,1.0,0.3,1.15,9,4.7,1,0.76,91,84.4,10.9,无电梯高楼层; 写字楼电梯等待; 新餐厅备餐波动
ORD002796,R010,Rider030,2024-01-02 12:12:00,12,False,True,39.895161015670396,116.4455331716156,39.89798502329687,116.38869567815044,39.911325137030445,116.40882541839402,7.14,4.87,2.27,烧烤,13.3,35.920487311213684,False,9,0,4.5,雾,1.25,0.79,1.4,22,3.9,1,0.79,43,59.4,29.7,天气影响(雾); 交通拥堵; 无电梯高楼层; 用餐高峰期; 新餐厅备餐波动
ORD002797,R019,Rider026,2024-01-01 00:10:00,0,False,False,39.841726652972426,116.40819274115465,39.94131048218809,116.36460563345823,39.86014992380612,116.42690693099692,22.14,11.67,10.47,日料,17.5,26.98538153442861,False,18,1,9.0,多云,1.0,0.26,1.13,25,4.8,0,0.87,829,75.6,0.0,无电梯高楼层; 写字楼电梯等待
ORD002798,R050,Rider010,2024-01-05 17:31:00,17,False,True,39.92528516442055,116.4471095302507,39.9045643952722,116.43532802251922,39.876127462298896,116.36871555781596,9.03,2.51,6.51,快餐,35.4,20.98694934633459,False,13,0,6.5,小雨,1.15,0.68,1.34,3,4.9,0,0.82,798,103.3,35.6,天气影响(小雨); 交通拥堵; 无电梯高楼层; 用餐高峰期
ORD002799,R025,Rider011,2024-01-03 11:37:00,11,False,True,39.88122560529763,116.30921291839307,39.92272922536534,116.4439121239094,39.99179211732871,116.37506806858579,22.07,12.41,9.66,烧烤,15.6,22.9550663735445,False,16,0,8.0,晴天,1.0,0.56,1.28,28,4.5,1,0.83,93,106.9,25.6,无电梯高楼层; 用餐高峰期; 新餐厅备餐波动
ORD002800,R050,Rider013,2024-01-02 16:51:00,16,False,False,39.82616330595541,116.35505174549034,39.9045643952722,116.43532802251922,39.92705390041307,116.44622095280053,13.75,11.09,2.67,快餐,30.0,26.85286678464306,True,9,1,2.4,小雨,1.15,0.36,1.18,13,4.9,0,0.82,798,80.0,16.9,天气影响(小雨)
ORD002801,R007,Rider009,2024-01-03 16:08:00,16,False,False,39.80759367720833,116.50080359841459,39.926353997399865,116.4125410484357,39.91316369927242,116.40790369603127,16.71,15.2,1.52,火锅,41.2,21.864673810576853,False,12,0,6.0,雪,1.4,0.2,1.1,35,4.5,1,0.71,49,149.9,56.8,天气影响(雪); 无电梯高楼层; 新餐厅备餐波动
ORD002802,R006,Rider028,2024-01-05 10:41:00,10,False,False,39.93021658701605,116.42863940075277,39.897316486385044,116.41908046739768,39.8468364452307,116.39973868704347,9.59,3.74,5.84,中餐,29.0,17.105081924853135,True,7,0,1.5,小雨,1.15,0.47,1.24,14,4.0,0,0.82,1513,94.1,29.9,天气影响(小雨)
ORD002803,R010,Rider022,2024-01-06 23:26:00,23,True,False,39.945462266928196,116.3831079551136,39.89798502329687,116.38869567815044,39.88685398692913,116.39370765445501,6.6,5.29,1.31,烧烤,13.3,33.08032691642349,False,16,0,8.0,雾,1.25,0.02,1.01,34,4.0,1,0.79,43,35.6,2.4,天气影响(雾); 无电梯高楼层; 新餐厅备餐波动
ORD002804,R004,Rider026,2024-01-06 13:50:00,13,True,True,39.945886845927376,116.40751090745212,39.90622584614064,116.3646575544136,39.86014992380612,116.42690693099692,13.11,5.73,7.38,火锅,18.2,26.251991548825494,True,11,1,2.2,晴天,1.0,0.84,1.42,25,4.8,0,0.76,1942,68.3,17.9,交通拥堵; 写字楼电梯等待; 用餐高峰期
ORD002805,R036,Rider026,2024-01-01 09:54:00,9,False,False,39.923026824074064,116.36977374231245,39.91483258755359,116.35099062234642,39.86014992380612,116.42690693099692,10.74,1.85,8.89,日料,29.8,29.14965266642926,False,1,1,0.5,晴天,1.0,0.94,1.47,25,4.8,0,0.94,1695,68.7,16.3,交通拥堵
ORD002806,R034,Rider013,2024-01-05 12:50:00,12,False,True,39.88090180591759,116.4107475267292,39.86870203135637,116.42224986962574,39.92705390041307,116.44622095280053,8.47,1.67,6.8,日料,33.0,33.77604627475815,False,20,0,10.0,多云,1.0,0.8,1.4,13,4.9,1,0.71,96,87.4,29.4,交通拥堵; 无电梯高楼层; 用餐高峰期; 新餐厅备餐波动
ORD002807,R002,Rider001,2024-01-06 00:57:00,0,True,False,39.89282956282445,116.4127718039938,39.95157638446523,116.43042304187458,39.91716665409954,116.40219427782529,11.21,6.7,4.52,日料,14.4,19.844361389342843,True,15,0,1.7,小雨,1.15,0.32,1.16,19,4.2,1,0.82,47,58.5,8.5,天气影响(小雨); 新餐厅备餐波动
ORD002808,R011,Rider029,2024-01-06 20:27:00,20,True,False,39.896883447773675,116.44950212977874,39.85697534139168,116.42653858829674,39.9827701186798,116.39951113316586,19.0,4.85,14.16,快餐,14.4,26.8656935004608,True,20,1,3.2,多云,1.0,0.35,1.18,30,3.7,0,0.84,1585,61.9,1.8,写字楼电梯等待
ORD002809,R022,Rider003,2024-01-04 10:01:00,10,False,False,39.90012437103498,116.37799900573529,39.92367260197888,116.37071379389974,39.97674666303516,116.42358331580469,10.11,2.69,7.43,快餐,22.8,35.02148707437234,True,30,0,5.0,大雨,1.35,0.44,1.22,12,4.5,1,0.76,91,79.8,34.7,天气影响(大雨); 新餐厅备餐波动
ORD002810,R039,Rider004,2024-01-06 08:09:00,8,True,False,39.89345765879755,116.39993464756336,39.95763873231079,116.38707752996855,39.8938632905673,116.45473929280564,16.35,7.21,9.14,火锅,45.5,26.841994888370856,True,12,1,2.3,小雨,1.15,0.47,1.23,9,4.7,1,0.77,57,123.4,39.1,天气影响(小雨); 写字楼电梯等待; 新餐厅备餐波动
ORD002811,R028,Rider012,2024-01-04 23:39:00,23,False,False,39.94432372191531,116.46683970016316,39.92038827604751,116.36245113087884,39.87227059127874,116.35388620704767,14.7,9.31,5.39,火锅,7.8,25.287996993879787,True,3,0,1.9,小雨,1.15,0.23,1.12,27,4.5,0,0.86,1899,69.5,24.9,天气影响(小雨)
ORD002812,R050,Rider001,2024-01-03 10:25:00,10,False,False,39.91805791757932,116.42201388202199,39.9045643952722,116.43532802251922,39.91716665409954,116.40219427782529,5.04,1.88,3.16,快餐,28.9,22.192538727811957,True,1,0,0.6,雾,1.25,0.25,1.13,19,4.2,0,0.82,798,62.0,18.8,天气影响(雾)
ORD002813,R046,Rider005,2024-01-05 20:50:00,20,False,False,39.97237346612109,116.33990183902822,39.90750898735901,116.3944992384245,39.846276626340114,116.35110144902494,16.33,8.58,7.75,中餐,20.4,23.189062345502553,True,28,0,3.7,多云,1.0,0.25,1.13,17,4.9,0,0.9,704,76.2,9.9,无
ORD002814,R047,Rider024,2024-01-03 18:42:00,18,False,True,39.89557473668078,116.39315785369101,39.88553288505282,116.39673534077251,39.836064702425794,116.40517809204412,6.7,1.16,5.54,日料,42.1,23.618627345657018,True,10,0,1.6,大雨,1.35,0.85,1.42,5,5.0,0,0.89,512,125.4,64.7,天气影响(大雨); 交通拥堵; 用餐高峰期
ORD002815,R024,Rider002,2024-01-03 08:12:00,8,False,False,39.964333059110686,116.47810094438636,39.91199648382746,116.43085468615331,39.94914167126766,116.49312820752455,13.81,7.08,6.73,西餐,27.5,26.052802315341037,False,6,0,3.0,晴天,1.0,0.86,1.43,23,4.7,0,0.83,915,85.4,23.1,交通拥堵; 无电梯高楼层
ORD002816,R022,Rider002,2024-01-06 09:04:00,9,True,False,39.928577492169964,116.42800465953512,39.92367260197888,116.37071379389974,39.94914167126766,116.49312820752455,15.77,4.93,10.84,快餐,22.8,25.658268060020603,True,8,0,1.8,晴天,1.0,0.24,1.12,23,4.7,1,0.76,91,70.4,9.0,新餐厅备餐波动
ORD002817,R024,Rider013,2024-01-03 16:55:00,16,False,False,39.93693159451052,116.35059298234549,39.91199648382746,116.43085468615331,39.92705390041307,116.44622095280053,9.53,7.4,2.13,西餐,24.4,30.938937944356255,False,8,1,4.0,雪,1.4,0.2,1.1,13,4.9,0,0.83,915,70.4,23.5,天气影响(雪); 无电梯高楼层
ORD002818,R018,Rider018,2024-01-02 19:17:00,19,False,True,39.9511803112283,116.46839042792374,39.93680181069118,116.43754960642107,39.88619738114083,116.43231399729389,8.72,3.08,5.64,日料,14.9,34.754012538582195,True,10,0,1.2,小雨,1.15,0.98,1.49,9,3.7,1,0.74,11,50.0,18.9,天气影响(小雨); 交通拥堵; 用餐高峰期; 新餐厅备餐波动
ORD002819,R030,Rider009,2024-01-02 08:45:00,8,False,False,39.95159594628462,116.43579039292757,39.89749611644023,116.42882001482276,39.91316369927242,116.40790369603127,8.53,6.04,2.5,日料,16.1,20.266017864328774,True,11,0,3.4,晴天,1.0,0.88,1.44,35,4.5,1,0.76,62,61.9,17.1,交通拥堵; 新餐厅备餐波动
ORD002820,R021,Rider018,2024-01-03 09:31:00,9,False,False,39.95322124481073,116.35313532791865,39.90504298390045,116.37148738809985,39.88619738114083,116.43231399729389,11.18,5.57,5.61,西餐,11.5,30.476224090353682,False,24,0,12.0,晴天,1.0,0.71,1.36,9,3.7,0,0.95,863,56.6,11.0,交通拥堵; 无电梯高楼层
ORD002821,R037,Rider016,2024-01-07 21:23:00,21,True,False,39.962670460407736,116.36476367145166,39.892457945637545,116.42054067792265,39.917836887942364,116.40394345972673,12.29,9.14,3.16,火锅,28.4,27.638375368417638,True,22,0,2.3,晴天,1.0,0.71,1.35,13,3.6,0,0.91,1035,78.5,21.2,交通拥堵
ORD002822,R030,Rider027,2024-01-02 14:59:00,14,False,False,39.861830675470955,116.43209532042746,39.89749611644023,116.42882001482276,39.886332661172375,116.38837314608125,7.64,3.97,3.67,日料,16.1,18.5587568563841,True,14,0,2.0,多云,1.0,0.33,1.17,21,3.8,1,0.76,62,49.7,6.8,新餐厅备餐波动
ORD002823,R026,Rider028,2024-01-01 22:13:00,22,False,False,39.89689683677038,116.37272985216343,39.960173235334345,116.42161498762735,39.8468364452307,116.39973868704347,20.9,8.17,12.72,快餐,13.8,20.107552806392086,True,13,0,1.7,多云,1.0,0.37,1.19,14,4.0,0,0.8,260,83.1,5.2,无
ORD002824,R046,Rider008,2024-01-02 15:05:00,15,False,False,39.88080314129053,116.43974976823476,39.90750898735901,116.3944992384245,39.92497386056965,116.4687095565201,11.51,4.88,6.63,中餐,18.1,28.62105136084974,True,19,0,2.8,小雨,1.15,0.35,1.17,25,4.8,0,0.9,704,57.9,12.9,天气影响(小雨)
ORD002825,R020,Rider028,2024-01-06 20:35:00,20,True,False,39.93420775158638,116.36052353344888,39.927930958411295,116.38011837635615,39.8468364452307,116.39973868704347,10.97,1.81,9.16,西餐,33.8,20.10129737449124,False,2,0,1.0,多云,1.0,0.35,1.18,14,4.0,0,0.9,297,72.3,4.8,无
ORD002826,R029,Rider020,2024-01-07 06:06:00,6,True,False,39.902042712068834,116.39129916102834,39.929703617463716,116.41923019854394,39.95521852994615,116.403737357574,7.02,3.89,3.13,快餐,13.5,23.092684900158414,False,19,1,9.5,多云,1.0,0.25,1.13,12,4.7,0,0.86,1639,39.4,0.0,无电梯高楼层; 写字楼电梯等待
ORD002827,R004,Rider012,2024-01-07 16:46:00,16,True,False,39.86708840916197,116.4267613014047,39.90622584614064,116.3646575544136,39.87227059127874,116.35388620704767,10.74,6.86,3.88,火锅,16.9,20.976833036030236,True,18,0,2.8,小雨,1.15,0.45,1.23,27,4.5,0,0.76,1942,66.2,15.8,天气影响(小雨)
ORD002828,R007,Rider017,2024-01-04 17:42:00,17,False,True,39.92502789876432,116.42523073672595,39.926353997399865,116.4125410484357,39.9178982767203,116.48386118426038,7.26,1.09,6.17,火锅,41.2,25.91504069415701,False,19,0,9.5,晴天,1.0,0.91,1.46,3,4.3,1,0.71,49,94.2,26.7,交通拥堵; 无电梯高楼层; 用餐高峰期; 新餐厅备餐波动
ORD002829,R016,Rider008,2024-01-02 18:11:00,18,False,True,39.89222847038571,116.41674681076042,39.91308360831194,116.4152316581654,39.92497386056965,116.4687095565201,7.08,2.32,4.76,西餐,13.4,29.873114582326288,True,21,0,4.3,小雨,1.15,0.91,1.46,25,4.8,1,0.76,46,55.1,23.2,天气影响(小雨); 交通拥堵; 用餐高峰期; 新餐厅备餐波动
ORD002830,R049,Rider013,2024-01-07 10:28:00,10,True,False,39.92406595513202,116.3960255397986,39.93551026936107,116.41426935614565,39.92705390041307,116.44622095280053,4.9,2.01,2.89,快餐,19.2,28.173987263269616,False,3,0,1.5,多云,1.0,0.31,1.15,13,4.9,0,0.8,1818,30.2,0.0,无
ORD002831,R018,Rider028,2024-01-07 10:08:00,10,True,False,39.8825473534589,116.46618589011962,39.93680181069118,116.43754960642107,39.8468364452307,116.39973868704347,17.0,6.5,10.5,日料,14.9,17.32139897679935,True,8,0,1.3,多云,1.0,0.31,1.15,14,4.0,1,0.74,11,88.2,13.1,新餐厅备餐波动
ORD002832,R045,Rider015,2024-01-04 06:52:00,6,False,False,39.93951669176412,116.44734385202347,39.93831052255901,116.42080670434322,39.90125555536833,116.39611115244051,6.9,2.27,4.62,日料,21.7,16.273224167373385,True,27,0,2.9,晴天,1.0,0.48,1.24,18,5.0,0,0.8,384,59.5,9.3,无
ORD002833,R022,Rider003,2024-01-03 18:45:00,18,False,True,39.91102606786753,116.37051157914696,39.92367260197888,116.37071379389974,39.97674666303516,116.42358331580469,8.83,1.4,7.43,快餐,22.8,32.261520722968285,True,3,0,0.7,大雨,1.35,0.85,1.42,12,4.5,1,0.76,91,80.1,40.1,天气影响(大雨); 交通拥堵; 用餐高峰期; 新餐厅备餐波动
ORD002834,R042,Rider018,2024-01-03 16:33:00,16,False,False,39.92470004118331,116.37274778523135,39.865351725765606,116.4042464448576,39.88619738114083,116.43231399729389,10.45,7.12,3.34,火锅,32.3,29.87861227220764,True,6,0,0.9,雪,1.4,0.2,1.1,9,3.7,0,0.84,621,84.3,30.1,天气影响(雪)
ORD002835,R018,Rider023,2024-01-01 20:42:00,20,False,False,39.846562705077346,116.46940505825148,39.93680181069118,116.43754960642107,39.93964254240985,116.40191688715832,13.45,10.38,3.06,日料,14.9,20.110418534490325,True,4,0,0.5,晴天,1.0,0.32,1.16,33,4.7,1,0.74,11,61.6,6.0,新餐厅备餐波动
ORD002836,R048,Rider013,2024-01-05 13:17:00,13,False,True,39.922265006483656,116.38529208300992,39.87933014967234,116.39059456879409,39.92705390041307,116.44622095280053,11.91,4.79,7.12,日料,17.9,34.28440506653546,True,3,0,1.0,小雨,1.15,0.81,1.41,13,4.9,0,0.94,1812,68.4,28.6,天气影响(小雨); 交通拥堵; 用餐高峰期
ORD002837,R012,Rider010,2024-01-05 15:14:00,15,False,False,39.92364368149136,116.38085165296064,39.9031252188267,116.45433930967441,39.876127462298896,116.36871555781596,14.6,6.68,7.91,西餐,18.1,20.1047949771189,True,18,0,3.0,晴天,1.0,0.2,1.1,3,4.9,0,0.85,1677,74.5,9.8,无
ORD002838,R012,Rider028,2024-01-07 16:22:00,16,True,False,39.930343368597285,116.38993819892619,39.9031252188267,116.45433930967441,39.8468364452307,116.39973868704347,14.08,6.28,7.8,西餐,24.0,19.119778996044545,True,23,1,4.5,小雨,1.15,0.45,1.23,14,4.0,0,0.85,1677,109.5,36.8,天气影响(小雨); 写字楼电梯等待
ORD002839,R044,Rider024,2024-01-06 09:20:00,9,True,False,39.94865100792363,116.40673384422067,39.93937307347177,116.4233420003288,39.836064702425794,116.40517809204412,13.33,1.75,11.58,火锅,10.6,26.628695466929752,True,10,0,1.6,晴天,1.0,0.24,1.12,5,5.0,0,0.88,1668,45.7,3.5,无
ORD002840,R047,Rider024,2024-01-06 15:17:00,15,True,False,40.00073186051211,116.39726630324661,39.88553288505282,116.39673534077251,39.836064702425794,116.40517809204412,18.33,12.79,5.54,日料,29.7,28.796814817976582,True,15,0,2.6,晴天,1.0,0.33,1.16,5,5.0,0,0.89,512,79.7,9.2,无
ORD002841,R032,Rider006,2024-01-02 07:05:00,7,False,False,39.92636217871807,116.3759549751281,39.923253376527065,116.37499397389878,39.8754622311499,116.39886211393153,6.04,0.35,5.69,中餐,6.5,27.699271599226858,True,5,1,1.0,大雨,1.35,0.92,1.46,27,3.9,0,0.81,589,36.0,15.4,天气影响(大雨); 交通拥堵
ORD002842,R003,Rider004,2024-01-03 20:23:00,20,False,False,39.90341194912481,116.41156965021732,39.90486665479836,116.3945662125919,39.8938632905673,116.45473929280564,6.75,1.46,5.29,烧烤,31.0,29.220349028287096,True,11,0,1.3,晴天,1.0,0.45,1.23,9,4.7,0,0.76,799,50.0,3.9,无
ORD002843,R023,Rider030,2024-01-05 11:44:00,11,False,True,39.95118319920585,116.42612250699534,39.89349764922696,116.42408365395602,39.911325137030445,116.40882541839402,8.78,6.41,2.37,日料,38.6,35.33704734680261,True,18,0,2.7,晴天,1.0,0.84,1.42,22,3.9,0,0.94,1116,81.5,25.3,交通拥堵; 用餐高峰期
ORD002844,R043,Rider016,2024-01-07 17:51:00,17,True,True,39.92610874023213,116.38272561153042,39.94743819867199,116.36432413546461,39.917836887942364,116.40394345972673,7.56,2.84,4.72,日料,30.5,26.052301853742385,False,8,1,4.0,小雨,1.15,0.69,1.34,13,3.6,0,0.95,1448,80.4,28.5,天气影响(小雨); 交通拥堵; 无电梯高楼层; 用餐高峰期
ORD002845,R045,Rider018,2024-01-05 20:27:00,20,False,False,39.95194364627328,116.41451833505943,39.93831052255901,116.42080670434322,39.88619738114083,116.43231399729389,7.48,1.61,5.87,日料,25.6,32.370242945230224,False,12,0,6.0,多云,1.0,0.25,1.13,9,3.7,0,0.8,384,60.6,15.1,无电梯高楼层
ORD002846,R028,Rider009,2024-01-06 20:06:00,20,True,False,39.94776436153564,116.39645765159277,39.92038827604751,116.36245113087884,39.91316369927242,116.40790369603127,8.17,4.21,3.97,火锅,4.9,25.86631935338133,False,9,1,4.5,多云,1.0,0.35,1.18,35,4.5,0,0.86,1899,34.5,6.2,无电梯高楼层
ORD002847,R041,Rider015,2024-01-04 05:15:00,5,False,False,39.899067366535675,116.42394548595418,39.883799869976464,116.39949782465398,39.90125555536833,116.39611115244051,4.65,2.69,1.96,中餐,27.1,19.097843774350398,True,9,0,1.6,晴天,1.0,0.27,1.14,18,5.0,1,0.85,78,45.1,1.8,新餐厅备餐波动
ORD002848,R013,Rider003,2024-01-01 12:42:00,12,False,True,39.857513940758174,116.32173944678689,39.98320584661837,116.37664727333566,39.97674666303516,116.42358331580469,18.8,14.72,4.07,西餐,25.5,29.979794649468545,True,26,0,3.5,雪,1.4,0.74,1.37,12,4.5,0,0.78,330,121.8,55.1,天气影响(雪); 交通拥堵; 用餐高峰期
ORD002849,R034,Rider003,2024-01-03 21:04:00,21,False,False,39.89979877954524,116.42646893270779,39.86870203135637,116.42224986962574,39.97674666303516,116.42358331580469,15.47,3.47,12.0,日料,33.0,34.375999238924834,True,18,0,3.9,多云,1.0,0.59,1.29,12,4.5,1,0.71,96,85.4,21.5,新餐厅备餐波动
ORD002850,R034,Rider010,2024-01-02 19:23:00,19,False,True,39.8686035901369,116.42094060131163,39.86870203135637,116.42224986962574,39.876127462298896,116.36871555781596,4.77,0.11,4.65,日料,33.0,19.177751569372656,True,5,0,3.8,小雨,1.15,0.98,1.49,3,4.9,1,0.71,96,77.5,25.8,天气影响(小雨); 交通拥堵; 用餐高峰期; 新餐厅备餐波动
ORD002851,R040,Rider003,2024-01-07 17:58:00,17,True,True,39.89401241203653,116.3942433005764,39.91551888796381,116.45694052959438,39.97674666303516,116.42358331580469,13.24,5.87,7.37,西餐,33.6,33.69917699031388,True,13,0,1.6,小雨,1.15,0.69,1.34,12,4.5,0,0.85,1199,88.4,29.6,天气影响(小雨); 交通拥堵; 用餐高峰期
ORD002852,R018,Rider027,2024-01-07 23:37:00,23,True,False,39.882883331697926,116.42081570892083,39.93680181069118,116.43754960642107,39.886332661172375,116.38837314608125,13.16,6.16,7.01,日料,14.9,22.886804078467463,False,17,1,8.5,雾,1.25,0.34,1.17,21,3.8,1,0.74,11,87.2,29.3,天气影响(雾); 无电梯高楼层; 写字楼电梯等待; 新餐厅备餐波动
ORD002853,R030,Rider023,2024-01-01 19:32:00,19,False,True,39.931583337641726,116.47493701523662,39.89749611644023,116.42882001482276,39.93964254240985,116.40191688715832,10.68,5.47,5.21,日料,16.1,20.718299733121274,True,23,0,2.4,多云,1.0,0.92,1.46,33,4.7,1,0.76,62,72.2,22.7,交通拥堵; 用餐高峰期; 新餐厅备餐波动
ORD002854,R049,Rider002,2024-01-04 09:39:00,9,False,False,39.86324760235813,116.38114400974587,39.93551026936107,116.41426935614565,39.94914167126766,116.49312820752455,15.42,8.51,6.91,快餐,26.0,23.089391959204228,True,7,1,1.5,晴天,1.0,0.96,1.48,23,4.7,0,0.8,1818,109.0,41.5,交通拥堵
ORD002855,R017,Rider030,2024-01-07 16:04:00,16,True,False,39.87933695958556,116.38768716463852,39.899361428650025,116.41952152570443,39.911325137030445,116.40882541839402,5.13,3.52,1.61,中餐,24.4,33.551734012903744,True,22,0,2.4,小雨,1.15,0.45,1.23,22,3.9,0,0.91,1236,53.7,17.7,天气影响(小雨)
ORD002856,R017,Rider007,2024-01-06 19:11:00,19,True,True,39.8973061868496,116.38291232247576,39.899361428650025,116.41952152570443,39.8812319420477,116.34772102698165,9.6,3.14,6.46,中餐,33.2,34.65248451416464,True,11,1,2.2,晴天,1.0,0.72,1.36,20,3.7,0,0.91,1236,63.9,11.8,交通拥堵; 写字楼电梯等待; 用餐高峰期
ORD002857,R030,Rider029,2024-01-05 11:34:00,11,False,True,39.978604051679426,116.46392972037931,39.89749611644023,116.42882001482276,39.9827701186798,116.39951113316586,19.29,9.49,9.79,日料,16.1,26.958823642333897,True,6,1,1.3,晴天,1.0,0.84,1.42,30,3.7,1,0.76,62,88.2,27.8,交通拥堵; 用餐高峰期; 新餐厅备餐波动
ORD002858,R024,Rider009,2024-01-05 17:51:00,17,False,True,39.861093351583705,116.45103610661248,39.91199648382746,116.43085468615331,39.91316369927242,116.40790369603127,7.88,5.91,1.97,西餐,32.0,19.672960671607683,False,10,0,5.0,小雨,1.15,0.68,1.34,35,4.5,0,0.83,915,88.6,27.6,天气影响(小雨); 交通拥堵; 无电梯高楼层; 用餐高峰期
ORD002859,R017,Rider022,2024-01-01 09:16:00,9,False,False,39.89649926236915,116.43179668537556,39.899361428650025,116.41952152570443,39.88685398692913,116.39370765445501,3.71,1.1,2.61,中餐,32.1,29.004664500061423,False,29,0,14.5,晴天,1.0,0.94,1.47,34,4.0,0,0.91,1236,79.1,24.9,交通拥堵; 无电梯高楼层
ORD002860,R007,Rider028,2024-01-06 15:10:00,15,True,False,39.88222932237654,116.45890559942089,39.926353997399865,116.4125410484357,39.8468364452307,116.39973868704347,15.2,6.3,8.9,火锅,41.2,19.31456752516415,False,24,0,12.0,晴天,1.0,0.33,1.16,14,4.0,1,0.71,49,119.7,19.3,无电梯高楼层; 新餐厅备餐波动
ORD002861,R028,Rider005,2024-01-06 23:12:00,23,True,False,39.96311454562109,116.47854785819862,39.92038827604751,116.36245113087884,39.846276626340114,116.35110144902494,19.28,11.0,8.29,火锅,8.0,24.060408830027395,False,3,0,1.5,雾,1.25,0.02,1.01,17,4.9,0,0.86,1899,69.3,11.7,天气影响(雾)
ORD002862,R043,Rider024,2024-01-05 10:24:00,10,False,False,39.95826436656732,116.43928502769955,39.94743819867199,116.36432413546461,39.836064702425794,116.40517809204412,19.37,6.52,12.85,日料,20.6,22.580167583797294,True,25,0,5.0,小雨,1.15,0.47,1.24,5,5.0,0,0.95,1448,116.7,39.7,天气影响(小雨)
ORD002863,R028,Rider019,2024-01-03 09:09:00,9,False,False,39.993271310639514,116.39263949995095,39.92038827604751,116.36245113087884,39.93266459512356,116.36241431632648,9.86,8.49,1.36,火锅,10.2,21.4941475166804,False,20,1,10.0,晴天,1.0,0.71,1.36,28,3.9,0,0.86,1899,66.6,18.8,交通拥堵; 无电梯高楼层; 写字楼电梯等待
ORD002864,R031,Rider008,2024-01-06 05:42:00,5,True,False,39.93354022071298,116.3644602719391,39.875714428644635,116.38949308005311,39.92497386056965,116.4687095565201,15.47,6.77,8.71,中餐,31.4,32.18741560377731,True,21,1,3.2,多云,1.0,0.3,1.15,25,4.8,0,0.86,117,72.2,8.7,写字楼电梯等待
ORD002865,R046,Rider020,2024-01-07 09:12:00,9,True,False,39.898921564324645,116.36518621358543,39.90750898735901,116.3944992384245,39.95521852994615,116.403737357574,8.04,2.68,5.36,中餐,19.6,19.39218078251477,True,9,0,1.3,晴天,1.0,0.45,1.22,12,4.7,0,0.9,704,52.6,6.8,无
ORD002866,R016,Rider026,2024-01-06 15:29:00,15,True,False,39.937411472572265,116.36741939110959,39.91308360831194,116.4152316581654,39.86014992380612,116.42690693099692,10.86,4.9,5.96,西餐,13.4,25.76246441039948,True,30,0,4.1,晴天,1.0,0.33,1.16,25,4.8,1,0.76,46,44.0,1.2,新餐厅备餐波动
ORD002867,R008,Rider010,2024-01-04 17:40:00,17,False,True,39.87886940341238,116.38219043415572,39.91802448900446,116.40997770414891,39.876127462298896,116.36871555781596,10.79,4.95,5.84,火锅,32.7,17.9885475497208,False,9,0,4.5,晴天,1.0,0.91,1.46,3,4.9,0,0.81,1280,109.8,36.6,交通拥堵; 无电梯高楼层; 用餐高峰期
ORD002868,R036,Rider014,2024-01-05 17:18:00,17,False,True,39.830955336576224,116.40548545553035,39.91483258755359,116.35099062234642,39.93387852066118,116.46646634501718,20.51,10.41,10.1,日料,25.3,22.223558063003043,True,16,0,4.4,小雨,1.15,0.68,1.34,10,4.9,0,0.94,1695,125.5,40.4,天气影响(小雨); 交通拥堵; 用餐高峰期
ORD002869,R003,Rider021,2024-01-02 13:42:00,13,False,True,39.917241942425655,116.40404619967705,39.90486665479836,116.3945662125919,39.920748511998084,116.46108354017223,7.55,1.6,5.95,烧烤,32.8,30.13904778433175,True,21,0,2.7,晴天,1.0,0.91,1.46,23,4.6,0,0.76,799,70.9,20.4,交通拥堵; 用餐高峰期
ORD002870,R031,Rider011,2024-01-07 15:56:00,15,True,False,39.86282143171906,116.43654415320232,39.875714428644635,116.38949308005311,39.99179211732871,116.37506806858579,17.22,4.27,12.95,中餐,37.5,29.680244453010637,True,26,0,3.5,小雨,1.15,0.26,1.13,28,4.5,0,0.86,117,97.5,21.6,天气影响(小雨)
ORD002871,R038,Rider027,2024-01-07 20:10:00,20,True,False,39.905145831888234,116.41973560431363,39.93564059231985,116.38854290757573,39.886332661172375,116.38837314608125,9.78,4.31,5.47,中餐,13.4,21.366506729295335,False,24,1,12.0,多云,1.0,0.27,1.13,21,3.8,0,0.85,1469,68.2,15.3,无电梯高楼层; 写字楼电梯等待
ORD002872,R015,Rider016,2024-01-04 19:48:00,19,False,True,39.92742167233002,116.43711448467083,39.945355864006494,116.41266659881865,39.917836887942364,116.40394345972673,6.03,2.89,3.15,快餐,13.4,28.82720358497002,False,8,0,4.0,小雨,1.15,0.8,1.4,13,3.6,0,0.82,1348,55.2,25.3,天气影响(小雨); 交通拥堵; 无电梯高楼层; 用餐高峰期
ORD002873,R046,Rider025,2024-01-01 14:39:00,14,False,False,39.8955408833029,116.42923264968272,39.90750898735901,116.3944992384245,39.85202121997981,116.4341869019532,10.29,3.25,7.03,中餐,16.8,18.842734460586616,True,23,0,2.5,多云,1.0,0.16,1.08,23,3.7,0,0.9,704,49.7,0.0,无
ORD002874,R016,Rider007,2024-01-03 15:58:00,15,False,False,39.88031604231244,116.48070700038689,39.91308360831194,116.4152316581654,39.8812319420477,116.34772102698165,13.45,6.68,6.77,西餐,13.4,35.27655000965985,False,12,0,6.0,多云,1.0,0.34,1.17,20,3.7,1,0.76,46,51.6,9.3,无电梯高楼层; 新餐厅备餐波动
ORD002875,R001,Rider007,2024-01-05 15:40:00,15,False,False,40.00223850752565,116.36497548386836,39.91910142459034,116.40325207096485,39.8812319420477,116.34772102698165,16.14,9.79,6.34,西餐,29.0,36.0414526717371,True,6,0,1.6,晴天,1.0,0.2,1.1,20,3.7,0,0.89,1738,67.2,9.8,无
ORD002876,R005,Rider008,2024-01-07 20:22:00,20,True,False,39.884642735697874,116.39032361133431,39.88619238449682,116.4358231946314,39.92497386056965,116.4687095565201,9.04,3.9,5.14,火锅,28.1,36.193787398752455,True,29,1,5.5,多云,1.0,0.27,1.13,25,4.8,1,0.77,80,54.4,5.7,写字楼电梯等待; 新餐厅备餐波动
ORD002877,R032,Rider030,2024-01-07 16:25:00,16,True,False,39.89427930438161,116.40406614571798,39.923253376527065,116.37499397389878,39.911325137030445,116.40882541839402,7.25,4.07,3.18,中餐,8.1,28.977043288293075,True,5,0,1.9,小雨,1.15,0.45,1.23,22,3.9,0,0.81,589,36.4,11.4,天气影响(小雨)
ORD002878,R024,Rider001,2024-01-05 15:36:00,15,False,False,39.92009938417842,116.42314238396173,39.91199648382746,116.43085468615331,39.91716665409954,116.40219427782529,3.63,1.12,2.52,西餐,24.7,19.838861708216744,True,8,0,1.2,晴天,1.0,0.2,1.1,19,4.2,0,0.83,915,42.2,5.3,无
ORD002879,R004,Rider010,2024-01-03 22:31:00,22,False,False,39.844300843210526,116.39334105852349,39.90622584614064,116.3646575544136,39.876127462298896,116.36871555781596,10.66,7.3,3.36,火锅,16.4,19.868758688096584,False,26,1,13.0,多云,1.0,0.48,1.24,3,4.9,0,0.76,1942,86.7,25.2,无电梯高楼层; 写字楼电梯等待
ORD002880,R016,Rider014,2024-01-05 22:27:00,22,False,False,39.89367991644324,116.42700062223133,39.91308360831194,116.4152316581654,39.93387852066118,116.46646634501718,7.33,2.38,4.95,西餐,13.4,22.19460073814299,True,23,1,4.1,雪,1.4,0.38,1.19,10,4.9,1,0.76,46,68.5,31.1,天气影响(雪); 写字楼电梯等待; 新餐厅备餐波动
ORD002881,R024,Rider028,2024-01-07 10:32:00,10,True,False,39.901449229313215,116.38075872636873,39.91199648382746,116.43085468615331,39.8468364452307,116.39973868704347,12.15,4.44,7.71,西餐,25.6,19.672526446067764,False,15,1,7.5,多云,1.0,0.31,1.15,14,4.0,0,0.83,915,76.6,6.4,无电梯高楼层; 写字楼电梯等待
ORD002882,R007,Rider030,2024-01-02 23:43:00,23,False,False,39.91561866312885,116.34335282802657,39.926353997399865,116.4125410484357,39.911325137030445,116.40882541839402,7.73,6.03,1.7,火锅,41.2,32.36825906837733,True,24,0,2.7,晴天,1.0,0.44,1.22,22,3.9,1,0.71,49,76.8,18.6,新餐厅备餐波动
ORD002883,R020,Rider026,2024-01-01 03:39:00,3,False,False,39.94676261703612,116.41527941354731,39.927930958411295,116.38011837635615,39.86014992380612,116.42690693099692,12.18,3.66,8.52,西餐,30.6,27.45369511047585,True,19,0,2.9,晴天,1.0,0.2,1.1,25,4.8,0,0.9,297,71.0,10.8,无
ORD002884,R032,Rider029,2024-01-03 01:53:00,1,False,False,39.86693929258432,116.38656928286969,39.923253376527065,116.37499397389878,39.9827701186798,116.39951113316586,13.26,6.33,6.93,中餐,9.1,21.638645297133532,True,20,0,2.9,多云,1.0,0.48,1.24,30,3.7,0,0.81,589,57.8,9.0,无
ORD002885,R035,Rider029,2024-01-04 11:15:00,11,False,True,39.76692504591565,116.44869775657547,39.868196047868096,116.44344141332652,39.9827701186798,116.39951113316586,24.52,11.25,13.26,快餐,40.4,24.82972823877537,False,23,0,11.5,晴天,1.0,0.89,1.45,30,3.7,1,0.83,67,168.0,56.9,交通拥堵; 无电梯高楼层; 用餐高峰期; 新餐厅备餐波动
ORD002886,R002,Rider016,2024-01-06 16:47:00,16,True,False,39.90576853011051,116.36683019783106,39.95157638446523,116.43042304187458,39.917836887942364,116.40394345972673,11.82,7.44,4.38,日料,14.4,30.606428017680074,True,23,0,5.0,多云,1.0,0.24,1.12,13,3.6,1,0.82,47,42.7,0.2,新餐厅备餐波动
ORD002887,R044,Rider024,2024-01-01 23:15:00,23,False,False,39.918352178108755,116.34624688354175,39.93937307347177,116.4233420003288,39.836064702425794,116.40517809204412,18.57,6.99,11.58,火锅,8.5,29.033189073267675,True,9,0,1.2,多云,1.0,0.39,1.19,5,5.0,0,0.88,1668,50.3,2.2,无
ORD002888,R048,Rider028,2024-01-05 17:03:00,17,False,True,39.91449210431017,116.4428045266717,39.87933014967234,116.39059456879409,39.8468364452307,116.39973868704347,9.62,5.93,3.69,日料,18.0,18.908833608567086,False,7,0,3.5,小雨,1.15,0.68,1.34,14,4.0,0,0.94,1812,80.0,28.0,天气影响(小雨); 交通拥堵; 无电梯高楼层; 用餐高峰期
ORD002889,R029,Rider007,2024-01-05 23:26:00,23,False,False,39.92481225895409,116.4278557468564,39.929703617463716,116.41923019854394,39.8812319420477,116.34772102698165,9.06,0.92,8.15,快餐,11.8,29.518180617201466,False,9,0,4.5,多云,1.0,0.15,1.08,20,3.7,0,0.86,1639,30.6,0.0,无电梯高楼层
ORD002890,R007,Rider014,2024-01-07 07:30:00,7,True,False,39.97594147245124,116.40842137696184,39.926353997399865,116.4125410484357,39.93387852066118,116.46646634501718,10.2,5.52,4.68,火锅,41.2,21.17144845194975,True,14,1,2.5,晴天,1.0,0.43,1.22,10,4.9,1,0.71,49,87.9,15.2,写字楼电梯等待; 新餐厅备餐波动
ORD002891,R026,Rider007,2024-01-05 10:20:00,10,False,False,39.908184906369485,116.42953548639593,39.960173235334345,116.42161498762735,39.8812319420477,116.34772102698165,16.62,5.81,10.8,快餐,13.9,27.888872412141847,True,18,1,4.1,小雨,1.15,0.47,1.24,20,3.7,0,0.8,260,79.7,26.0,天气影响(小雨); 写字楼电梯等待
ORD002892,R044,Rider006,2024-01-03 14:54:00,14,False,False,39.916669347638596,116.4597118327034,39.93937307347177,116.4233420003288,39.8754622311499,116.39886211393153,11.4,4.0,7.4,火锅,6.4,34.89389065854931,True,25,0,3.2,晴天,1.0,0.38,1.19,27,3.9,0,0.88,1668,38.6,9.5,无
ORD002893,R011,Rider023,2024-01-03 18:03:00,18,False,True,39.94039162529445,116.31934265578761,39.85697534139168,116.42653858829674,39.93964254240985,116.40191688715832,22.45,13.03,9.42,快餐,17.1,18.46738959539929,True,8,1,4.2,大雨,1.35,0.85,1.42,33,4.7,0,0.84,1585,186.7,92.5,天气影响(大雨); 交通拥堵; 用餐高峰期
ORD002894,R004,Rider022,2024-01-07 13:07:00,13,True,True,39.92809807507739,116.44084577887054,39.90622584614064,116.3646575544136,39.88685398692913,116.39370765445501,10.24,6.95,3.29,火锅,22.5,27.723454028196116,False,30,0,15.0,多云,1.0,0.75,1.38,34,4.0,0,0.76,1942,86.2,26.5,交通拥堵; 无电梯高楼层; 用餐高峰期
ORD002895,R040,Rider005,2024-01-01 21:38:00,21,False,False,39.89722789346049,116.3861207545125,39.91551888796381,116.45694052959438,39.846276626340114,116.35110144902494,18.26,6.39,11.88,西餐,24.4,21.011768537693236,False,23,1,11.5,晴天,1.0,0.44,1.22,17,4.9,0,0.85,1199,103.3,15.2,无电梯高楼层; 写字楼电梯等待
ORD002896,R012,Rider009,2024-01-07 07:12:00,7,True,False,39.91200943318399,116.35405871001315,39.9031252188267,116.45433930967441,39.91316369927242,116.40790369603127,12.76,8.63,4.12,西餐,23.4,23.602733213339988,True,15,0,3.2,晴天,1.0,0.43,1.22,35,4.5,0,0.85,1677,73.1,14.1,无
ORD002897,R046,Rider012,2024-01-07 18:38:00,18,True,True,39.87401196541721,116.40972475278528,39.90750898735901,116.3944992384245,39.87227059127874,116.35388620704767,9.17,3.94,5.23,中餐,22.4,22.59830473044001,True,20,0,2.1,晴天,1.0,0.57,1.28,27,4.5,0,0.9,704,68.5,19.7,用餐高峰期
ORD002898,R045,Rider019,2024-01-07 15:54:00,15,True,False,39.88042926556176,116.46825554510256,39.93831052255901,116.42080670434322,39.93266459512356,116.36241431632648,12.63,7.6,5.03,日料,20.4,20.68928863600166,True,8,0,1.1,小雨,1.15,0.26,1.13,28,3.9,0,0.8,384,70.5,12.4,天气影响(小雨)
ORD002899,R002,Rider018,2024-01-04 09:53:00,9,False,False,39.82410505193121,116.38135559646538,39.95157638446523,116.43042304187458,39.88619738114083,116.43231399729389,22.02,14.76,7.26,日料,14.4,31.76062803639156,True,26,0,2.8,晴天,1.0,0.96,1.48,9,3.7,1,0.82,47,84.9,26.2,交通拥堵; 新餐厅备餐波动
ORD002900,R004,Rider024,2024-01-05 15:00:00,15,False,False,39.88482324971166,116.42490571891814,39.90622584614064,116.3646575544136,39.836064702425794,116.40517809204412,14.2,5.67,8.53,火锅,17.3,25.964388994800093,True,6,0,1.7,晴天,1.0,0.2,1.1,5,5.0,0,0.76,1942,60.6,8.8,无
ORD002901,R046,Rider003,2024-01-07 17:17:00,17,True,True,39.854789941972165,116.40691564771197,39.90750898735901,116.3944992384245,39.97674666303516,116.42358331580469,14.03,5.95,8.08,中餐,22.6,31.578346936858857,True,21,0,2.5,小雨,1.15,0.69,1.34,12,4.5,0,0.9,704,77.8,26.1,天气影响(小雨); 交通拥堵; 用餐高峰期
ORD002902,R043,Rider005,2024-01-05 10:43:00,10,False,False,39.921246869853505,116.43938153904445,39.94743819867199,116.36432413546461,39.846276626340114,116.35110144902494,18.33,7.04,11.29,日料,23.4,21.4553778397295,True,10,0,1.1,小雨,1.15,0.47,1.24,17,4.9,0,0.95,1448,113.9,38.1,天气影响(小雨)
ORD002903,R001,Rider021,2024-01-04 14:07:00,14,False,False,39.90541739782946,116.47077313975052,39.91910142459034,116.40325207096485,39.920748511998084,116.46108354017223,10.92,5.97,4.95,西餐,27.6,35.614349039314526,True,4,1,0.7,雾,1.25,0.37,1.18,23,4.6,0,0.89,1738,62.8,16.1,天气影响(雾)
ORD002904,R044,Rider016,2024-01-02 04:27:00,4,False,False,39.92717578489839,116.36363887141724,39.93937307347177,116.4233420003288,39.917836887942364,116.40394345972673,8.19,5.28,2.91,火锅,7.8,30.00276953075653,True,2,0,0.5,小雨,1.15,0.15,1.07,13,3.6,0,0.88,1668,32.4,7.8,天气影响(小雨)
ORD002905,R026,Rider020,2024-01-01 06:27:00,6,False,False,39.85370604020802,116.40658523069222,39.960173235334345,116.42161498762735,39.95521852994615,116.403737357574,13.51,11.89,1.62,快餐,15.0,19.675996043386444,True,20,0,3.9,晴天,1.0,0.42,1.21,12,4.7,0,0.8,260,79.8,19.7,无
ORD002906,R002,Rider025,2024-01-02 22:45:00,22,False,False,39.94246081977608,116.39770364793084,39.95157638446523,116.43042304187458,39.85202121997981,116.4341869019532,14.03,2.97,11.06,日料,14.4,19.95935743517863,False,16,0,8.0,多云,1.0,0.49,1.25,23,3.7,1,0.82,47,82.7,18.1,无电梯高楼层; 新餐厅备餐波动
ORD002907,R012,Rider021,2024-01-01 20:10:00,20,False,False,39.962919177429775,116.38376838694955,39.9031252188267,116.45433930967441,39.920748511998084,116.46108354017223,11.01,8.97,2.04,西餐,22.9,35.49462292996685,False,3,1,1.5,晴天,1.0,0.32,1.16,23,4.6,0,0.85,1677,49.8,6.8,无
ORD002908,R006,Rider030,2024-01-03 20:00:00,20,False,False,39.89143234082609,116.41637045267687,39.897316486385044,116.41908046739768,39.911325137030445,116.40882541839402,2.48,0.69,1.79,中餐,34.3,31.568233180368154,True,4,1,1.2,晴天,1.0,0.45,1.23,22,3.9,0,0.82,1513,46.9,6.7,无
ORD002909,R028,Rider027,2024-01-06 05:05:00,5,True,False,39.94426922065639,116.44247040079094,39.92038827604751,116.36245113087884,39.886332661172375,116.38837314608125,11.72,7.34,4.38,火锅,13.4,19.5033196933913,True,23,0,3.1,多云,1.0,0.3,1.15,21,3.8,0,0.86,1899,69.3,16.7,无
ORD002910,R008,Rider025,2024-01-01 16:31:00,16,False,False,39.9332322771884,116.42944695625125,39.91802448900446,116.40997770414891,39.85202121997981,116.4341869019532,9.99,2.37,7.62,火锅,27.4,23.334249451389628,False,12,1,6.0,晴天,1.0,0.34,1.17,23,3.7,0,0.81,1280,71.8,12.7,无电梯高楼层; 写字楼电梯等待
ORD002911,R006,Rider027,2024-01-05 16:16:00,16,False,False,39.814084641246566,116.38840035366155,39.897316486385044,116.41908046739768,39.886332661172375,116.38837314608125,12.5,9.61,2.9,中餐,29.4,18.390975091365846,True,9,0,2.6,多云,1.0,0.27,1.14,21,3.8,0,0.82,1513,81.9,9.1,无
ORD002912,R002,Rider010,2024-01-02 10:42:00,10,False,False,39.89752586568469,116.37731229798457,39.95157638446523,116.43042304187458,39.876127462298896,116.36871555781596,17.43,7.53,9.9,日料,14.4,18.024649749964322,False,30,1,15.0,大雨,1.35,0.17,1.09,3,4.9,1,0.82,47,132.0,44.7,天气影响(大雨); 无电梯高楼层; 写字楼电梯等待; 新餐厅备餐波动
ORD002913,R044,Rider009,2024-01-07 09:53:00,9,True,False,39.84919941160195,116.35561845893656,39.93937307347177,116.4233420003288,39.91316369927242,116.40790369603127,14.76,11.57,3.2,火锅,7.4,23.30270404125094,True,13,1,4.7,晴天,1.0,0.45,1.22,35,4.5,0,0.88,1668,64.4,14.3,写字楼电梯等待
ORD002914,R020,Rider023,2024-01-07 03:21:00,3,True,False,39.900065873839836,116.36462901120666,39.927930958411295,116.38011837635615,39.93964254240985,116.40191688715832,5.64,3.37,2.27,西餐,30.5,25.11744353183638,True,13,1,5.4,大雨,1.35,0.19,1.09,33,4.7,0,0.9,297,69.1,19.8,天气影响(大雨); 写字楼电梯等待
ORD002915,R006,Rider003,2024-01-07 18:28:00,18,True,True,39.87065245628728,116.4253752532873,39.897316486385044,116.41908046739768,39.97674666303516,116.42358331580469,11.84,3.01,8.83,中餐,37.6,32.07137486099507,True,23,1,3.7,晴天,1.0,0.57,1.28,12,4.5,0,0.82,1513,84.7,21.3,写字楼电梯等待; 用餐高峰期
ORD002916,R047,Rider014,2024-01-06 10:39:00,10,True,False,39.891456640054315,116.4010500078688,39.88553288505282,116.39673534077251,39.93387852066118,116.46646634501718,8.78,0.75,8.02,日料,32.3,17.870319586234423,True,27,1,5.9,多云,1.0,0.45,1.22,10,4.9,0,0.89,512,83.6,16.0,写字楼电梯等待
ORD002917,R047,Rider024,2024-01-03 10:21:00,10,False,False,39.91900955373988,116.31263745047687,39.88553288505282,116.39673534077251,39.836064702425794,116.40517809204412,13.64,8.1,5.54,日料,34.0,25.386838629552983,True,29,1,5.0,雾,1.25,0.25,1.13,5,5.0,0,0.89,512,102.0,30.8,天气影响(雾); 写字楼电梯等待
ORD002918,R025,Rider003,2024-01-04 09:22:00,9,False,False,39.861840624982136,116.36087246942692,39.92272922536534,116.4439121239094,39.97674666303516,116.42358331580469,16.05,9.81,6.24,烧烤,15.6,29.362186783094675,True,21,1,6.7,晴天,1.0,0.96,1.48,12,4.5,1,0.83,93,83.4,28.3,交通拥堵; 写字楼电梯等待; 新餐厅备餐波动
ORD002919,R011,Rider009,2024-01-04 10:09:00,10,False,False,39.91611978007117,116.48971581032546,39.85697534139168,116.42653858829674,39.91316369927242,116.40790369603127,14.94,8.5,6.44,快餐,16.9,22.38273407611465,True,3,1,2.5,大雨,1.35,0.44,1.22,35,4.5,0,0.84,1585,93.1,33.6,天气影响(大雨)
ORD002920,R039,Rider009,2024-01-04 00:22:00,0,False,False,39.890050357448146,116.42534945817178,39.95763873231079,116.38707752996855,39.91316369927242,116.40790369603127,13.44,8.19,5.25,火锅,45.5,24.613031798201405,True,12,1,2.6,多云,1.0,0.32,1.16,35,4.5,1,0.77,57,92.4,11.5,写字楼电梯等待; 新餐厅备餐波动
ORD002921,R045,Rider028,2024-01-05 23:38:00,23,False,False,39.931933314748036,116.4683191310384,39.93831052255901,116.42080670434322,39.8468364452307,116.39973868704347,14.44,4.12,10.32,日料,18.6,21.310839479391138,True,5,0,1.7,多云,1.0,0.15,1.08,14,4.0,0,0.8,384,75.6,14.7,无
ORD002922,R037,Rider014,2024-01-01 14:10:00,14,False,False,39.96867745533335,116.39245842037215,39.892457945637545,116.42054067792265,39.93387852066118,116.46646634501718,14.84,8.8,6.05,火锅,33.4,17.213913781901205,True,19,1,4.8,多云,1.0,0.16,1.08,10,4.9,0,0.91,1035,103.3,13.4,写字楼电梯等待
ORD002923,R016,Rider024,2024-01-04 17:50:00,17,False,True,39.95165741836104,116.40787124376507,39.91308360831194,116.4152316581654,39.836064702425794,116.40517809204412,12.92,4.33,8.59,西餐,13.4,24.105558238181143,True,6,0,1.3,晴天,1.0,0.91,1.46,5,5.0,1,0.76,46,67.5,20.6,交通拥堵; 用餐高峰期; 新餐厅备餐波动
ORD002924,R040,Rider001,2024-01-01 21:05:00,21,False,False,39.874103766088545,116.35225661218645,39.91551888796381,116.45694052959438,39.91716665409954,116.40219427782529,14.75,10.06,4.68,西餐,22.7,23.394297087018003,False,1,0,0.5,晴天,1.0,0.44,1.22,19,4.2,0,0.85,1199,79.2,18.2,无
ORD002925,R031,Rider022,2024-01-07 01:00:00,1,True,False,39.84330515381689,116.37332581327252,39.875714428644635,116.38949308005311,39.88685398692913,116.39370765445501,5.14,3.86,1.29,中餐,35.8,32.66609680345636,True,10,1,2.1,晴天,1.0,0.13,1.06,34,4.0,0,0.86,117,55.7,8.3,无
ORD002926,R042,Rider003,2024-01-04 19:49:00,19,False,True,39.937890367661005,116.36087829384255,39.865351725765606,116.4042464448576,39.97674666303516,116.42358331580469,21.35,8.87,12.48,火锅,38.3,27.50310428261281,True,8,1,2.6,小雨,1.15,0.8,1.4,12,4.5,0,0.84,621,143.8,56.4,天气影响(小雨); 交通拥堵; 用餐高峰期
ORD002927,R044,Rider016,2024-01-05 18:24:00,18,False,True,39.88973224664217,116.39183792436981,39.93937307347177,116.4233420003288,39.917836887942364,116.40394345972673,9.04,6.13,2.91,火锅,9.2,29.6610079243337,False,18,0,9.0,小雨,1.15,0.89,1.44,13,3.6,0,0.88,1668,60.0,23.5,天气影响(小雨); 交通拥堵; 无电梯高楼层; 用餐高峰期
ORD002928,R035,Rider026,2024-01-01 16:42:00,16,False,False,39.8753805612289,116.40382589681225,39.868196047868096,116.44344141332652,39.86014992380612,116.42690693099692,5.16,3.48,1.67,快餐,40.4,28.512118226299982,False,7,0,3.5,晴天,1.0,0.34,1.17,25,4.8,1,0.83,67,61.9,7.2,无电梯高楼层; 新餐厅备餐波动
ORD002929,R013,Rider029,2024-01-04 10:43:00,10,False,False,39.89906321768909,116.4563068738983,39.98320584661837,116.37664727333566,39.9827701186798,116.39951113316586,13.51,11.56,1.95,西餐,24.0,29.355813932011927,False,11,0,5.5,大雨,1.35,0.44,1.22,30,3.7,0,0.78,330,92.9,35.8,天气影响(大雨); 无电梯高楼层
ORD002930,R030,Rider019,2024-01-05 19:52:00,19,False,True,39.87257614925889,116.40510675543722,39.89749611644023,116.42882001482276,39.93266459512356,116.36241431632648,10.32,3.43,6.89,日料,16.1,18.265941676345683,True,19,0,3.4,多云,1.0,0.91,1.46,28,3.9,1,0.76,62,78.2,24.8,交通拥堵; 用餐高峰期; 新餐厅备餐波动
ORD002931,R020,Rider030,2024-01-05 19:55:00,19,False,True,39.86220025913115,116.44292432193235,39.927930958411295,116.38011837635615,39.911325137030445,116.40882541839402,12.13,9.06,3.07,西餐,41.9,35.66959439222686,True,4,0,0.4,多云,1.0,0.91,1.46,22,3.9,0,0.9,297,95.3,32.6,交通拥堵; 用餐高峰期
ORD002932,R032,Rider028,2024-01-05 10:42:00,10,False,False,39.950342773236464,116.42309475050331,39.923253376527065,116.37499397389878,39.8468364452307,116.39973868704347,13.84,5.09,8.74,中餐,9.3,21.904543834409886,True,7,0,1.4,小雨,1.15,0.47,1.24,14,4.0,0,0.81,589,64.9,16.3,天气影响(小雨)
ORD002933,R001,Rider023,2024-01-02 00:55:00,0,False,False,39.847742612104014,116.331606709781,39.91910142459034,116.40325207096485,39.93964254240985,116.40191688715832,12.3,10.02,2.28,西餐,32.6,23.044749334937542,True,9,0,2.2,雾,1.25,0.37,1.18,33,4.7,0,0.89,1738,100.2,33.3,天气影响(雾)
ORD002934,R019,Rider022,2024-01-01 18:35:00,18,False,True,39.85092508906822,116.43411177517558,39.94131048218809,116.36460563345823,39.88685398692913,116.39370765445501,18.2,11.66,6.54,日料,22.1,28.35694474276928,True,29,0,3.2,多云,1.0,0.75,1.37,34,4.0,0,0.87,829,88.3,24.4,交通拥堵; 用餐高峰期
ORD002935,R038,Rider014,2024-01-03 21:23:00,21,False,False,39.85387945423661,116.38864188721163,39.93564059231985,116.38854290757573,39.93387852066118,116.46646634501718,15.74,9.08,6.66,中餐,13.9,20.312390446665155,True,24,0,3.0,多云,1.0,0.59,1.29,10,4.9,0,0.85,1469,81.2,17.8,无
ORD002936,R050,Rider023,2024-01-07 10:39:00,10,True,False,39.938683799683496,116.34251354257647,39.9045643952722,116.43532802251922,39.93964254240985,116.40191688715832,13.62,8.79,4.83,快餐,25.0,24.50010852662247,True,14,0,1.7,多云,1.0,0.31,1.15,33,4.7,0,0.82,798,61.6,1.6,无
ORD002937,R005,Rider004,2024-01-07 09:33:00,9,True,False,39.83204562855598,116.3941965716094,39.88619238449682,116.4358231946314,39.8938632905673,116.45473929280564,8.82,6.99,1.83,火锅,28.1,29.40635797949412,True,26,0,3.4,晴天,1.0,0.45,1.22,9,4.7,1,0.77,80,65.3,15.8,新餐厅备餐波动
ORD002938,R038,Rider023,2024-01-05 21:41:00,21,False,False,39.94621880308568,116.48167464015035,39.93564059231985,116.38854290757573,39.93964254240985,116.40191688715832,9.27,8.05,1.23,中餐,16.0,22.81269460476476,False,11,0,5.5,晴天,1.0,0.66,1.33,33,4.7,0,0.85,1469,58.3,12.5,交通拥堵; 无电梯高楼层
ORD002939,R040,Rider030,2024-01-05 10:52:00,10,False,False,39.90829910770638,116.40431298524061,39.91551888796381,116.45694052959438,39.911325137030445,116.40882541839402,8.71,4.57,4.14,西餐,26.9,37.03790820858104,True,7,0,0.7,小雨,1.15,0.47,1.24,22,3.9,0,0.85,1199,55.1,13.3,天气影响(小雨)
ORD002940,R008,Rider021,2024-01-07 16:33:00,16,True,False,39.946771897763405,116.33607211256212,39.91802448900446,116.40997770414891,39.920748511998084,116.46108354017223,11.46,7.08,4.38,火锅,21.6,28.40719046823107,True,22,1,4.4,小雨,1.15,0.45,1.23,23,4.6,0,0.81,1280,61.7,11.5,天气影响(小雨); 写字楼电梯等待
ORD002941,R033,Rider024,2024-01-04 06:58:00,6,False,False,39.87703580559523,116.43420556914425,39.91675918407518,116.3855546225191,39.836064702425794,116.40517809204412,15.18,6.06,9.12,中餐,9.3,24.91544594209846,False,16,1,8.0,晴天,1.0,0.48,1.24,5,5.0,0,0.82,637,78.1,24.2,无电梯高楼层; 写字楼电梯等待
ORD002942,R047,Rider011,2024-01-04 13:01:00,13,False,True,39.9059573887675,116.41514375646966,39.88553288505282,116.39673534077251,39.99179211732871,116.37506806858579,14.7,2.76,11.94,日料,40.0,24.496306458304126,True,29,0,3.5,多云,1.0,0.74,1.37,28,4.5,0,0.89,512,113.0,33.5,交通拥堵; 用餐高峰期
ORD002943,R028,Rider004,2024-01-03 08:07:00,8,False,False,39.88362190739519,116.37803224168276,39.92038827604751,116.36245113087884,39.8938632905673,116.45473929280564,12.72,4.29,8.42,火锅,11.3,22.482448017523605,True,12,0,2.1,晴天,1.0,0.86,1.43,9,4.7,0,0.86,1899,62.7,15.4,交通拥堵
ORD002944,R001,Rider001,2024-01-07 20:37:00,20,True,False,39.85403956635316,116.38195248118235,39.91910142459034,116.40325207096485,39.91716665409954,116.40219427782529,7.68,7.45,0.23,西餐,26.5,22.32133083791235,False,2,0,1.0,多云,1.0,0.27,1.13,19,4.2,0,0.89,1738,47.4,0.0,无
ORD002945,R042,Rider027,2024-01-07 19:33:00,19,True,True,39.91367776017751,116.4058826350827,39.865351725765606,116.4042464448576,39.886332661172375,116.38837314608125,8.06,5.37,2.7,火锅,43.9,18.11244986816677,False,19,1,9.5,雪,1.4,0.57,1.28,21,3.8,0,0.84,621,139.9,59.8,天气影响(雪); 无电梯高楼层; 写字楼电梯等待; 用餐高峰期
ORD002946,R026,Rider028,2024-01-06 09:58:00,9,True,False,39.837742867361634,116.45462899550503,39.960173235334345,116.42161498762735,39.8468364452307,116.39973868704347,26.61,13.88,12.72,快餐,8.1,17.18078062815192,False,15,0,7.5,晴天,1.0,0.24,1.12,14,4.0,0,0.8,260,122.9,14.4,无电梯高楼层
ORD002947,R024,Rider002,2024-01-01 13:48:00,13,False,True,39.848291417727374,116.41136721228493,39.91199648382746,116.43085468615331,39.94914167126766,116.49312820752455,14.0,7.27,6.73,西餐,28.3,21.6182281165686,False,28,0,14.0,晴天,1.0,0.99,1.49,23,4.7,0,0.83,915,129.4,48.3,交通拥堵; 无电梯高楼层; 用餐高峰期
ORD002948,R050,Rider009,2024-01-05 18:20:00,18,False,True,39.884502574743394,116.45715479425687,39.9045643952722,116.43532802251922,39.91316369927242,116.40790369603127,5.44,2.91,2.53,快餐,41.0,22.576764476403262,True,27,0,3.3,小雨,1.15,0.89,1.44,35,4.5,0,0.82,798,101.3,42.5,天气影响(小雨); 交通拥堵; 用餐高峰期
ORD002949,R003,Rider006,2024-01-05 17:48:00,17,False,True,39.92844768111869,116.3983298120242,39.90486665479836,116.3945662125919,39.8754622311499,116.39886211393153,5.92,2.64,3.29,烧烤,33.5,31.376539392986068,True,2,0,1.2,小雨,1.15,0.68,1.34,27,3.9,0,0.76,799,75.9,29.9,天气影响(小雨); 交通拥堵; 用餐高峰期
ORD002950,R002,Rider007,2024-01-05 11:34:00,11,False,True,39.89945820272327,116.4223456595282,39.95157638446523,116.43042304187458,39.8812319420477,116.34772102698165,16.36,5.83,10.54,日料,14.4,28.688947203771924,True,20,1,4.0,晴天,1.0,0.84,1.42,20,3.7,1,0.82,47,74.5,21.8,交通拥堵; 写字楼电梯等待; 用餐高峰期; 新餐厅备餐波动
ORD002951,R012,Rider025,2024-01-05 09:49:00,9,False,False,39.92234570204537,116.45316453979115,39.9031252188267,116.45433930967441,39.85202121997981,116.4341869019532,8.07,2.14,5.93,西餐,22.6,21.84364453961146,True,15,0,2.9,晴天,1.0,1.0,1.5,23,3.7,0,0.85,1677,67.7,20.1,交通拥堵
ORD002952,R002,Rider029,2024-01-07 03:18:00,3,True,False,39.98073880936381,116.44603868666971,39.95157638446523,116.43042304187458,39.9827701186798,116.39951113316586,7.86,3.5,4.36,日料,14.4,29.26078667885969,False,28,0,14.0,大雨,1.35,0.19,1.09,30,3.7,1,0.82,47,62.7,18.2,天气影响(大雨); 无电梯高楼层; 新餐厅备餐波动
ORD002953,R016,Rider022,2024-01-06 12:26:00,12,True,True,39.90304107661116,116.34661402508551,39.91308360831194,116.4152316581654,39.88685398692913,116.39370765445501,9.42,5.97,3.45,西餐,13.4,29.084497290562826,True,4,0,0.8,小雨,1.15,0.74,1.37,34,4.0,1,0.76,46,54.8,21.2,天气影响(小雨); 交通拥堵; 用餐高峰期; 新餐厅备餐波动
ORD002954,R010,Rider004,2024-01-05 16:24:00,16,False,False,39.912683739014454,116.4231625744883,39.89798502329687,116.38869567815044,39.8938632905673,116.45473929280564,9.04,3.37,5.67,烧烤,13.3,27.301161450577602,True,25,0,2.6,多云,1.0,0.27,1.14,9,4.7,1,0.79,43,33.8,0.0,新餐厅备餐波动
ORD002955,R026,Rider015,2024-01-01 09:41:00,9,False,False,39.85018250666736,116.4268667217829,39.960173235334345,116.42161498762735,39.90125555536833,116.39611115244051,19.12,12.22,6.9,快餐,10.8,16.085408511146664,True,19,1,3.4,晴天,1.0,0.94,1.47,18,5.0,0,0.8,260,133.8,48.2,交通拥堵; 写字楼电梯等待
ORD002956,R035,Rider002,2024-01-04 09:37:00,9,False,False,39.90744084527995,116.38766337019737,39.868196047868096,116.44344141332652,39.94914167126766,116.49312820752455,16.4,6.46,9.94,快餐,40.4,23.26566280819771,False,28,0,14.0,晴天,1.0,0.96,1.48,23,4.7,1,0.83,67,139.5,42.9,交通拥堵; 无电梯高楼层; 新餐厅备餐波动
ORD002957,R024,Rider006,2024-01-04 10:18:00,10,False,False,39.831074368879726,116.33531650858488,39.91199648382746,116.43085468615331,39.8754622311499,116.39886211393153,17.04,12.15,4.89,西餐,27.1,33.36230153790938,False,4,0,2.0,大雨,1.35,0.44,1.22,27,3.9,0,0.83,915,101.3,41.5,天气影响(大雨)
ORD002958,R006,Rider013,2024-01-03 17:50:00,17,False,True,39.90674921462516,116.43035034028797,39.897316486385044,116.41908046739768,39.92705390041307,116.44622095280053,5.46,1.42,4.04,中餐,38.7,29.98359130695418,True,17,0,2.6,多云,1.0,0.85,1.42,13,4.9,0,0.82,1513,80.9,28.7,交通拥堵; 用餐高峰期
ORD002959,R030,Rider004,2024-01-07 20:08:00,20,True,False,39.90094213572602,116.41580195266671,39.89749611644023,116.42882001482276,39.8938632905673,116.45473929280564,3.43,1.18,2.25,日料,16.1,25.687916440644116,True,8,0,1.2,多云,1.0,0.27,1.13,9,4.7,1,0.76,62,27.8,2.5,新餐厅备餐波动
ORD002960,R034,Rider015,2024-01-01 17:17:00,17,False,True,39.84825599409014,116.45096259363164,39.86870203135637,116.42224986962574,39.90125555536833,116.39611115244051,7.6,3.35,4.25,日料,33.0,18.645326044812684,True,2,0,0.3,多云,1.0,0.8,1.4,18,5.0,1,0.71,96,78.9,21.2,交通拥堵; 用餐高峰期; 新餐厅备餐波动
ORD002961,R009,Rider009,2024-01-02 12:11:00,12,False,True,39.91271875126052,116.44209569744953,39.84792969683381,116.3663965358334,39.91316369927242,116.40790369603127,17.75,9.68,8.07,西餐,31.8,21.344675484597207,True,20,0,2.7,雾,1.25,0.79,1.4,35,4.5,0,0.75,1622,148.6,64.3,天气影响(雾); 交通拥堵; 用餐高峰期
ORD002962,R041,Rider006,2024-01-01 22:05:00,22,False,False,39.98175996580604,116.40949244177648,39.883799869976464,116.39949782465398,39.8754622311499,116.39886211393153,11.84,10.91,0.93,中餐,27.1,32.95556486769501,True,9,0,1.1,多云,1.0,0.37,1.19,27,3.9,1,0.85,78,56.7,7.0,新餐厅备餐波动
ORD002963,R048,Rider017,2024-01-07 18:06:00,18,True,True,39.872865305202,116.43195309283315,39.87933014967234,116.39059456879409,39.9178982767203,116.48386118426038,12.66,3.61,9.05,日料,12.7,20.515476674974447,False,9,0,4.5,晴天,1.0,0.57,1.28,3,4.3,0,0.94,1812,71.4,17.2,无电梯高楼层; 用餐高峰期
ORD002964,R035,Rider025,2024-01-03 18:59:00,18,False,True,39.89558791708414,116.36610317500826,39.868196047868096,116.44344141332652,39.85202121997981,116.4341869019532,9.24,7.28,1.96,快餐,40.4,21.53548437631639,False,15,0,7.5,大雨,1.35,0.85,1.42,23,3.7,1,0.83,67,144.6,71.0,天气影响(大雨); 交通拥堵; 无电梯高楼层; 用餐高峰期; 新餐厅备餐波动
ORD002965,R047,Rider012,2024-01-03 20:05:00,20,False,False,39.91601925337519,116.37087059129088,39.88553288505282,116.39673534077251,39.87227059127874,116.35388620704767,7.99,4.04,3.95,日料,30.8,18.43715540916878,True,10,0,1.6,晴天,1.0,0.45,1.23,27,4.5,0,0.89,512,67.3,8.9,无
ORD002966,R008,Rider015,2024-01-03 15:41:00,15,False,False,39.93926089436118,116.36436614703236,39.91802448900446,116.40997770414891,39.90125555536833,116.39611115244051,6.76,4.56,2.21,火锅,23.1,20.9356673692252,True,13,0,2.1,多云,1.0,0.34,1.17,18,5.0,0,0.81,1280,53.6,9.0,无
ORD002967,R019,Rider020,2024-01-05 22:25:00,22,False,False,39.91755060453883,116.38107973931697,39.94131048218809,116.36460563345823,39.95521852994615,116.403737357574,6.67,2.99,3.68,日料,16.4,20.876980548473924,True,24,0,3.6,雪,1.4,0.38,1.19,12,4.7,0,0.87,829,73.2,34.1,天气影响(雪)
ORD002968,R045,Rider007,2024-01-01 14:48:00,14,False,False,39.89779771194189,116.37602808678749,39.93831052255901,116.42080670434322,39.8812319420477,116.34772102698165,14.81,5.91,8.9,日料,25.0,30.6818570071081,True,19,0,3.0,多云,1.0,0.16,1.08,20,3.7,0,0.8,384,55.0,0.0,无
ORD002969,R042,Rider013,2024-01-04 17:28:00,17,False,True,39.84674506881321,116.38901155321727,39.865351725765606,116.4042464448576,39.92705390041307,116.44622095280053,10.18,2.44,7.73,火锅,35.5,28.092797431908163,False,5,0,2.5,晴天,1.0,0.91,1.46,13,4.9,0,0.84,621,77.7,18.0,交通拥堵; 用餐高峰期
ORD002970,R014,Rider002,2024-01-01 19:57:00,19,False,True,39.923851178356436,116.40257319566761,39.89783515734865,116.39459393617881,39.94914167126766,116.49312820752455,13.14,2.97,10.17,烧烤,39.2,21.136556380903386,True,7,0,0.8,多云,1.0,0.92,1.46,23,4.7,1,0.82,66,108.2,30.9,交通拥堵; 用餐高峰期; 新餐厅备餐波动
ORD002971,R046,Rider013,2024-01-01 04:15:00,4,False,False,39.85055245572135,116.48795597555468,39.90750898735901,116.3944992384245,39.92705390041307,116.44622095280053,15.12,10.19,4.93,中餐,20.4,30.845221979925537,True,9,0,1.3,多云,1.0,0.31,1.16,13,4.9,0,0.9,704,58.0,6.9,无
ORD002972,R013,Rider002,2024-01-03 09:06:00,9,False,False,39.92141103914188,116.41029223991296,39.98320584661837,116.37664727333566,39.94914167126766,116.49312820752455,18.09,7.44,10.65,西餐,18.2,19.812347988546364,False,29,0,14.5,晴天,1.0,0.71,1.36,23,4.7,0,0.78,330,112.5,25.0,交通拥堵; 无电梯高楼层
ORD002973,R047,Rider002,2024-01-03 15:01:00,15,False,False,39.86428154109581,116.42170650705083,39.88553288505282,116.39673534077251,39.94914167126766,116.49312820752455,14.04,3.18,10.85,日料,31.2,19.889591757308764,False,28,0,14.0,多云,1.0,0.34,1.17,23,4.7,0,0.89,512,108.7,21.2,无电梯高楼层
ORD002974,R023,Rider029,2024-01-04 15:18:00,15,False,False,39.943147277072185,116.34147906893513,39.89349764922696,116.42408365395602,39.9827701186798,116.39951113316586,19.09,8.96,10.13,日料,27.0,25.27273757501458,True,4,1,4.0,晴天,1.0,0.34,1.17,30,3.7,0,0.94,1116,86.8,10.4,无
ORD002975,R016,Rider012,2024-01-07 09:49:00,9,True,False,39.91002023700674,116.43330780517205,39.91308360831194,116.4152316581654,39.87227059127874,116.35388620704767,8.52,1.58,6.93,西餐,13.4,19.79159988424463,True,18,0,4.1,晴天,1.0,0.45,1.22,27,4.5,1,0.76,46,56.8,13.4,新餐厅备餐波动
ORD002976,R034,Rider019,2024-01-05 20:42:00,20,False,False,39.860001764606594,116.4182767339934,39.86870203135637,116.42224986962574,39.93266459512356,116.36241431632648,9.78,1.02,8.75,日料,33.0,17.971028064830126,True,2,0,1.6,多云,1.0,0.25,1.13,28,3.9,1,0.71,96,79.5,12.3,新餐厅备餐波动
ORD002977,R045,Rider009,2024-01-06 16:15:00,16,True,False,39.918950090456896,116.48718877629098,39.93831052255901,116.42080670434322,39.91316369927242,116.40790369603127,9.07,6.07,3.0,日料,20.4,21.8336758142278,True,29,0,3.9,多云,1.0,0.24,1.12,35,4.5,0,0.8,384,57.8,8.6,无
ORD002978,R020,Rider015,2024-01-01 05:23:00,5,False,False,39.8519469988289,116.37793087323075,39.927930958411295,116.38011837635615,39.90125555536833,116.39611115244051,11.7,8.44,3.26,西餐,34.2,20.43362344426319,True,14,0,2.9,多云,1.0,0.23,1.11,18,5.0,0,0.9,297,81.3,9.9,无
ORD002979,R014,Rider026,2024-01-04 14:38:00,14,False,False,39.93065890202498,116.32964905378829,39.89783515734865,116.39459393617881,39.86014992380612,116.42690693099692,11.66,6.64,5.01,烧烤,39.2,21.608895929918322,True,4,1,6.2,雾,1.25,0.37,1.18,25,4.8,1,0.82,66,121.7,43.9,天气影响(雾); 新餐厅备餐波动
ORD002980,R006,Rider014,2024-01-04 20:22:00,20,False,False,39.84846699656526,116.39774359467587,39.897316486385044,116.41908046739768,39.93387852066118,116.46646634501718,11.46,5.72,5.74,中餐,30.3,21.64056751993414,False,23,1,11.5,晴天,1.0,0.43,1.22,10,4.9,0,0.82,1513,88.0,14.4,无电梯高楼层; 写字楼电梯等待
ORD002981,R035,Rider019,2024-01-03 23:19:00,23,False,False,39.94499921462283,116.40937773713857,39.868196047868096,116.44344141332652,39.93266459512356,116.36241431632648,18.97,9.01,9.96,快餐,40.4,22.28111674028879,True,15,0,4.4,晴天,1.0,0.3,1.15,28,3.9,1,0.83,67,116.9,21.1,新餐厅备餐波动
ORD002982,R005,Rider003,2024-01-04 13:56:00,13,False,True,39.88653919819238,116.44815014233389,39.88619238449682,116.4358231946314,39.97674666303516,116.42358331580469,11.16,1.06,10.11,火锅,28.1,30.555168546267453,True,1,0,2.1,多云,1.0,0.74,1.37,12,4.5,1,0.77,80,71.7,19.6,交通拥堵; 用餐高峰期; 新餐厅备餐波动
ORD002983,R011,Rider004,2024-01-02 15:51:00,15,False,False,39.910413872235694,116.44528123963197,39.85697534139168,116.42653858829674,39.8938632905673,116.45473929280564,10.9,6.15,4.75,快餐,12.9,22.377352168262938,True,1,0,1.2,小雨,1.15,0.35,1.17,9,4.7,0,0.84,1585,64.4,21.0,天气影响(小雨)
ORD002984,R016,Rider030,2024-01-03 04:07:00,4,False,False,39.91661953859475,116.40918177735944,39.91308360831194,116.4152316581654,39.911325137030445,116.40882541839402,1.23,0.65,0.58,西餐,13.4,35.436826163999996,False,30,0,15.0,晴天,1.0,0.31,1.16,22,3.9,1,0.76,46,35.2,4.7,无电梯高楼层; 新餐厅备餐波动
ORD002985,R016,Rider026,2024-01-03 17:58:00,17,False,True,39.929464226048125,116.43446965530664,39.91308360831194,116.4152316581654,39.86014992380612,116.42690693099692,8.41,2.45,5.96,西餐,13.4,21.758546911760064,True,10,0,2.7,多云,1.0,0.85,1.42,25,4.8,1,0.76,46,56.4,17.1,交通拥堵; 用餐高峰期; 新餐厅备餐波动
ORD002986,R038,Rider022,2024-01-05 19:56:00,19,False,True,39.90595194991869,116.4583602158777,39.93564059231985,116.38854290757573,39.88685398692913,116.39370765445501,12.25,6.82,5.43,中餐,17.4,32.27842295269501,False,27,1,13.5,多云,1.0,0.91,1.46,34,4.0,0,0.85,1469,87.2,33.6,交通拥堵; 无电梯高楼层; 写字楼电梯等待; 用餐高峰期
ORD002987,R005,Rider028,2024-01-03 21:14:00,21,False,False,39.94157180270897,116.48494919846033,39.88619238449682,116.4358231946314,39.8468364452307,116.39973868704347,12.8,7.45,5.35,火锅,28.1,21.9857997099208,True,19,1,4.1,多云,1.0,0.59,1.29,14,4.0,1,0.77,80,79.6,12.5,写字楼电梯等待; 新餐厅备餐波动
ORD002988,R041,Rider026,2024-01-06 09:51:00,9,True,False,39.87419652879445,116.34276978237747,39.883799869976464,116.39949782465398,39.86014992380612,116.42690693099692,8.49,4.97,3.52,中餐,27.1,23.723936642903855,True,30,1,5.7,晴天,1.0,0.24,1.12,25,4.8,1,0.85,78,60.5,6.3,写字楼电梯等待; 新餐厅备餐波动
ORD002989,R028,Rider027,2024-01-07 10:38:00,10,True,False,39.939188901915664,116.47955344234057,39.92038827604751,116.36245113087884,39.886332661172375,116.38837314608125,14.61,10.23,4.38,火锅,8.1,23.97290581135303,True,24,0,2.6,多云,1.0,0.31,1.15,21,3.8,0,0.86,1899,53.7,6.4,无
ORD002990,R009,Rider011,2024-01-01 20:11:00,20,False,False,39.87820823642441,116.38110419484944,39.84792969683381,116.3663965358334,39.99179211732871,116.37506806858579,19.58,3.59,15.99,西餐,27.3,25.527014080395897,False,22,0,11.0,晴天,1.0,0.32,1.16,28,4.5,0,0.75,1622,96.7,12.4,无电梯高楼层
ORD002991,R022,Rider013,2024-01-04 10:18:00,10,False,False,39.96850597888855,116.42127646622521,39.92367260197888,116.37071379389974,39.92705390041307,116.44622095280053,13.06,6.59,6.47,快餐,22.8,27.069181792778437,True,8,1,1.5,大雨,1.35,0.44,1.22,13,4.9,1,0.76,91,82.8,29.5,天气影响(大雨); 新餐厅备餐波动
ORD002992,R036,Rider024,2024-01-07 16:55:00,16,True,False,39.91012063947083,116.40411373619472,39.91483258755359,116.35099062234642,39.836064702425794,116.40517809204412,14.47,4.57,9.9,日料,25.4,23.790300702423437,False,23,0,11.5,小雨,1.15,0.45,1.23,5,5.0,0,0.94,1695,105.3,31.9,天气影响(小雨); 无电梯高楼层
ORD002993,R008,Rider003,2024-01-07 19:52:00,19,True,True,39.884211655411974,116.39236070067842,39.91802448900446,116.40997770414891,39.97674666303516,116.42358331580469,10.67,4.05,6.62,火锅,30.0,31.365122039513277,True,8,1,1.3,雪,1.4,0.57,1.28,12,4.5,0,0.81,1280,92.7,41.0,天气影响(雪); 用餐高峰期
ORD002994,R034,Rider026,2024-01-01 14:56:00,14,False,False,39.941568578836865,116.39134017331612,39.86870203135637,116.42224986962574,39.86014992380612,116.42690693099692,9.54,8.51,1.03,日料,33.0,24.506091905040837,True,2,1,4.9,多云,1.0,0.16,1.08,25,4.8,1,0.71,96,77.7,16.5,新餐厅备餐波动
ORD002995,R006,Rider013,2024-01-02 06:25:00,6,False,False,39.91929179571603,116.40226145528366,39.897316486385044,116.41908046739768,39.92705390041307,116.44622095280053,6.87,2.83,4.04,中餐,32.3,32.18805385575155,False,1,0,0.5,多云,1.0,0.3,1.15,13,4.9,0,0.82,1513,49.8,4.2,无
ORD002996,R010,Rider017,2024-01-03 09:17:00,9,False,False,39.934496026069255,116.41468819458481,39.89798502329687,116.38869567815044,39.9178982767203,116.48386118426038,13.06,4.62,8.43,烧烤,13.3,24.314676950392126,False,23,0,11.5,晴天,1.0,0.71,1.36,3,4.3,1,0.79,43,71.9,14.9,交通拥堵; 无电梯高楼层; 新餐厅备餐波动
ORD002997,R025,Rider021,2024-01-02 17:54:00,17,False,True,39.838588616010135,116.43191649084355,39.92272922536534,116.4439121239094,39.920748511998084,116.46108354017223,10.88,9.4,1.48,烧烤,15.6,29.07410317305338,True,6,0,0.6,多云,1.0,0.89,1.45,23,4.6,1,0.83,93,53.6,14.9,交通拥堵; 用餐高峰期; 新餐厅备餐波动
ORD002998,R005,Rider027,2024-01-04 11:26:00,11,False,True,39.931223373241394,116.44221621870722,39.88619238449682,116.4358231946314,39.886332661172375,116.38837314608125,9.09,5.03,4.06,火锅,28.1,18.106318230442547,True,16,1,3.1,晴天,1.0,0.89,1.45,21,3.8,1,0.77,80,85.5,24.2,交通拥堵; 写字楼电梯等待; 用餐高峰期; 新餐厅备餐波动
ORD002999,R030,Rider006,2024-01-05 00:54:00,0,False,False,39.88829514715019,116.37095256297546,39.89749611644023,116.42882001482276,39.8754622311499,116.39886211393153,8.6,5.05,3.54,日料,16.1,34.21028097670376,True,15,0,2.1,多云,1.0,0.47,1.24,27,3.9,1,0.76,62,38.7,5.4,新餐厅备餐波动
ORD003000,R026,Rider005,2024-01-04 17:43:00,17,False,True,39.85374904982186,116.42028417709274,39.960173235334345,116.42161498762735,39.846276626340114,116.35110144902494,25.83,11.82,14.01,快餐,14.3,20.582386983506662,False,4,1,2.0,晴天,1.0,0.91,1.46,17,4.9,0,0.8,260,137.2,45.7,交通拥堵; 用餐高峰期
