customer_id,interaction_date,interaction_type,duration_seconds
CUST_000000,2024-01-21,Click-Through,37
CUST_000000,2023-07-20,App Visit,189
CUST_000000,2023-06-21,Support Call,0
CUST_000000,2025-07-25,Email Open,0
CUST_000000,2023-09-22,Email Open,0
CUST_000000,2025-07-25,Social Media,0
CUST_000001,2025-03-12,Email Open,0
CUST_000001,2023-10-03,Email Open,0
CUST_000001,2023-04-23,Email Open,0
CUST_000001,2023-12-21,Click-Through,568
CUST_000001,2024-04-12,Email Open,0
CUST_000001,2024-09-19,Email Open,0
CUST_000001,2024-01-01,App Visit,256
CUST_000001,2024-07-28,Support Call,0
CUST_000001,2024-07-31,Support Call,0
CUST_000002,2024-11-25,Email Open,0
CUST_000002,2023-08-05,App Visit,43
CUST_000002,2025-01-17,Click-Through,67
CUST_000002,2025-09-14,Social Media,0
CUST_000002,2023-03-12,Email Open,0
CUST_000002,2024-07-01,Click-Through,512
CUST_000002,2023-03-11,Email Open,0
CUST_000003,2023-04-19,Click-Through,502
CUST_000003,2023-04-24,Social Media,0
CUST_000003,2025-08-06,Click-Through,296
CUST_000003,2025-05-24,App Visit,597
CUST_000004,2025-03-05,Email Open,0
CUST_000004,2023-06-15,Support Call,0
CUST_000004,2023-08-20,Email Open,0
CUST_000004,2023-09-03,Email Open,0
CUST_000004,2025-01-13,Email Open,0
CUST_000004,2025-07-30,Email Open,0
CUST_000004,2024-09-01,Support Call,0
CUST_000005,2025-10-08,Social Media,0
CUST_000005,2024-11-20,Support Call,0
CUST_000005,2023-02-07,Social Media,0
CUST_000005,2024-03-27,Support Call,0
CUST_000005,2024-08-05,Click-Through,594
CUST_000005,2023-10-12,Social Media,0
CUST_000005,2023-10-05,Social Media,0
CUST_000005,2024-03-12,Social Media,0
CUST_000005,2024-06-25,App Visit,508
CUST_000006,2024-07-22,Support Call,0
CUST_000006,2023-05-20,App Visit,581
CUST_000006,2023-12-20,Click-Through,190
CUST_000006,2024-07-15,Social Media,0
CUST_000006,2025-08-15,Click-Through,329
CUST_000006,2023-03-04,Email Open,0
CUST_000006,2024-06-02,Click-Through,258
CUST_000007,2023-09-04,Social Media,0
CUST_000007,2025-02-03,Email Open,0
CUST_000007,2024-09-08,Email Open,0
CUST_000007,2025-08-30,Email Open,0
CUST_000007,2024-07-01,Support Call,0
CUST_000007,2024-08-13,Click-Through,225
CUST_000008,2024-06-01,Email Open,0
CUST_000008,2023-03-22,Click-Through,116
CUST_000008,2023-12-14,Click-Through,374
CUST_000009,2024-04-12,Click-Through,599
CUST_000009,2023-06-11,App Visit,43
CUST_000009,2023-01-16,Social Media,0
CUST_000009,2025-01-16,Click-Through,39
CUST_000009,2025-01-09,Click-Through,57
CUST_000009,2025-02-05,Social Media,0
CUST_000009,2024-05-04,Email Open,0
CUST_000010,2024-08-09,Click-Through,593
CUST_000010,2025-10-06,Click-Through,594
CUST_000010,2024-09-03,Email Open,0
CUST_000010,2025-12-02,Email Open,0
CUST_000010,2025-05-23,Social Media,0
CUST_000011,2024-05-09,Email Open,0
CUST_000011,2023-05-21,Click-Through,457
CUST_000011,2025-01-30,Click-Through,339
CUST_000011,2023-10-04,Social Media,0
CUST_000011,2023-03-04,Social Media,0
CUST_000011,2023-01-31,Support Call,0
CUST_000011,2024-10-25,App Visit,37
CUST_000011,2024-06-28,Social Media,0
CUST_000011,2025-11-29,Email Open,0
CUST_000012,2023-01-26,Email Open,0
CUST_000012,2024-04-25,Email Open,0
CUST_000012,2025-06-12,Email Open,0
CUST_000012,2025-11-12,Support Call,0
CUST_000012,2023-11-22,Support Call,0
CUST_000013,2024-11-03,Email Open,0
CUST_000013,2023-06-24,Social Media,0
CUST_000013,2025-12-21,Email Open,0
CUST_000013,2025-10-30,Email Open,0
CUST_000014,2025-01-14,Email Open,0
CUST_000014,2025-03-28,Click-Through,151
CUST_000014,2025-06-17,Email Open,0
CUST_000015,2025-10-05,Email Open,0
CUST_000015,2024-01-21,Support Call,0
CUST_000015,2024-02-25,Email Open,0
CUST_000015,2023-10-04,Email Open,0
CUST_000015,2025-06-13,App Visit,135
CUST_000015,2025-10-12,Click-Through,81
CUST_000015,2023-03-12,Email Open,0
CUST_000015,2024-05-16,Social Media,0
CUST_000015,2023-10-14,Click-Through,382
CUST_000015,2023-01-25,Social Media,0
CUST_000015,2024-04-17,Email Open,0
CUST_000016,2023-08-19,App Visit,343
CUST_000016,2025-11-06,Social Media,0
CUST_000016,2024-01-21,Social Media,0
CUST_000016,2024-09-06,Social Media,0
CUST_000016,2024-05-26,Social Media,0
CUST_000016,2024-01-20,Email Open,0
CUST_000016,2024-03-29,Email Open,0
CUST_000016,2025-04-27,Email Open,0
CUST_000016,2023-01-10,Email Open,0
CUST_000016,2023-08-10,Email Open,0
CUST_000017,2024-12-27,Email Open,0
CUST_000017,2025-07-12,Email Open,0
CUST_000017,2025-08-30,Email Open,0
CUST_000017,2025-10-20,App Visit,237
CUST_000017,2024-01-28,Email Open,0
CUST_000017,2023-12-11,Email Open,0
CUST_000017,2025-05-01,Click-Through,546
CUST_000018,2025-09-03,Support Call,0
CUST_000018,2025-12-16,Social Media,0
CUST_000018,2023-02-13,Email Open,0
CUST_000018,2023-09-07,Click-Through,571
CUST_000019,2025-06-07,Email Open,0
CUST_000019,2024-05-21,Email Open,0
CUST_000019,2025-05-06,Email Open,0
CUST_000019,2025-09-13,Email Open,0
CUST_000019,2023-04-14,Email Open,0
CUST_000019,2024-07-22,Email Open,0
CUST_000019,2024-09-22,Click-Through,461
CUST_000019,2023-03-23,Support Call,0
CUST_000019,2023-04-17,Email Open,0
CUST_000019,2024-09-13,Click-Through,582
CUST_000020,2024-06-09,Email Open,0
CUST_000020,2025-01-16,Click-Through,511
CUST_000020,2023-09-20,App Visit,433
CUST_000020,2025-11-30,Email Open,0
CUST_000020,2024-07-21,App Visit,381
CUST_000021,2024-09-09,Email Open,0
CUST_000021,2023-02-27,Support Call,0
CUST_000021,2023-10-01,Social Media,0
CUST_000022,2024-07-20,Email Open,0
CUST_000022,2023-11-01,Click-Through,58
CUST_000022,2023-05-16,Email Open,0
CUST_000022,2024-09-22,Click-Through,183
CUST_000023,2023-10-11,Support Call,0
CUST_000023,2025-09-24,Email Open,0
CUST_000023,2023-08-23,Social Media,0
CUST_000023,2024-08-31,Social Media,0
CUST_000023,2023-01-07,Email Open,0
CUST_000023,2023-05-28,Click-Through,364
CUST_000023,2023-09-01,Click-Through,28
CUST_000023,2025-08-22,Social Media,0
CUST_000024,2025-07-12,Social Media,0
CUST_000024,2024-10-24,Click-Through,488
CUST_000024,2023-10-29,Email Open,0
CUST_000024,2023-04-02,Email Open,0
CUST_000024,2024-06-13,Email Open,0
CUST_000024,2025-03-04,Email Open,0
CUST_000024,2024-04-09,Support Call,0
CUST_000024,2023-04-28,Social Media,0
CUST_000024,2023-09-20,Email Open,0
CUST_000025,2023-08-27,Click-Through,530
CUST_000025,2024-11-23,Email Open,0
CUST_000025,2025-01-06,Support Call,0
CUST_000025,2023-03-31,Click-Through,30
CUST_000025,2025-01-24,Click-Through,120
CUST_000025,2025-01-16,App Visit,181
CUST_000025,2024-10-29,Social Media,0
CUST_000025,2025-09-07,Click-Through,78
CUST_000025,2023-11-19,Click-Through,562
CUST_000025,2025-11-09,Social Media,0
CUST_000025,2025-03-14,Click-Through,152
CUST_000025,2025-08-17,Support Call,0
CUST_000025,2025-07-14,Email Open,0
CUST_000026,2024-01-11,Email Open,0
CUST_000026,2023-02-21,Click-Through,568
CUST_000026,2025-05-20,Social Media,0
CUST_000026,2025-06-09,Click-Through,175
CUST_000026,2025-10-01,Email Open,0
CUST_000026,2023-05-22,Social Media,0
CUST_000026,2024-11-02,Support Call,0
CUST_000026,2023-06-08,Support Call,0
CUST_000026,2024-02-15,Social Media,0
CUST_000026,2025-06-07,Email Open,0
CUST_000027,2024-04-05,Support Call,0
CUST_000027,2023-01-14,Click-Through,322
CUST_000027,2024-06-24,Email Open,0
CUST_000027,2025-06-29,Email Open,0
CUST_000027,2025-05-21,Email Open,0
CUST_000027,2023-10-09,Social Media,0
CUST_000027,2023-03-03,Social Media,0
CUST_000028,2023-01-13,Email Open,0
CUST_000028,2025-07-29,Email Open,0
CUST_000028,2025-05-07,Social Media,0
CUST_000028,2023-10-12,Click-Through,282
CUST_000028,2025-12-19,Click-Through,352
CUST_000028,2023-09-26,App Visit,271
CUST_000028,2023-07-10,Email Open,0
CUST_000028,2025-09-22,Email Open,0
CUST_000028,2025-08-04,Click-Through,24
CUST_000028,2024-03-22,Email Open,0
CUST_000028,2024-06-05,Email Open,0
CUST_000029,2025-03-03,Support Call,0
CUST_000030,2024-12-26,Email Open,0
CUST_000030,2025-01-10,Email Open,0
CUST_000030,2023-11-01,Social Media,0
CUST_000030,2025-12-22,Email Open,0
CUST_000030,2025-01-26,App Visit,441
CUST_000030,2023-03-14,Click-Through,180
CUST_000030,2025-01-24,Email Open,0
CUST_000030,2024-07-29,Social Media,0
CUST_000031,2024-07-09,Social Media,0
CUST_000031,2025-03-18,App Visit,224
CUST_000031,2023-11-03,Email Open,0
CUST_000031,2024-12-05,Email Open,0
CUST_000031,2024-06-19,Click-Through,62
CUST_000032,2024-10-25,Email Open,0
CUST_000032,2025-07-09,Click-Through,306
CUST_000032,2024-06-02,Click-Through,499
CUST_000032,2025-01-08,App Visit,128
CUST_000032,2025-03-18,Email Open,0
CUST_000032,2024-05-17,Email Open,0
CUST_000033,2024-04-18,Click-Through,307
CUST_000033,2023-03-22,Click-Through,535
CUST_000033,2024-05-02,Email Open,0
CUST_000033,2025-02-10,Email Open,0
CUST_000033,2024-01-30,Click-Through,42
CUST_000033,2023-12-28,Click-Through,444
CUST_000033,2024-12-25,Email Open,0
CUST_000033,2025-02-18,Email Open,0
CUST_000033,2023-10-05,Click-Through,151
CUST_000033,2023-08-22,Social Media,0
CUST_000033,2025-05-09,Click-Through,344
CUST_000034,2024-12-13,Support Call,0
CUST_000034,2025-02-26,Click-Through,491
CUST_000034,2024-04-08,Social Media,0
CUST_000034,2024-01-23,App Visit,244
CUST_000034,2024-07-25,Email Open,0
CUST_000034,2024-09-14,Click-Through,203
CUST_000034,2023-06-06,Social Media,0
CUST_000035,2023-05-30,Click-Through,313
CUST_000035,2023-05-12,Social Media,0
CUST_000035,2025-12-09,Email Open,0
CUST_000035,2025-02-14,Email Open,0
CUST_000035,2023-08-27,Email Open,0
CUST_000035,2023-10-10,Email Open,0
CUST_000035,2025-01-29,Click-Through,230
CUST_000035,2023-06-01,App Visit,433
CUST_000035,2023-09-16,Email Open,0
CUST_000035,2023-12-10,Email Open,0
CUST_000035,2024-04-13,Social Media,0
CUST_000035,2024-01-17,Click-Through,226
CUST_000035,2025-01-30,Email Open,0
CUST_000035,2023-01-30,Email Open,0
CUST_000035,2024-09-08,Email Open,0
CUST_000036,2023-03-25,Social Media,0
CUST_000036,2025-05-10,Email Open,0
CUST_000036,2025-12-07,Social Media,0
CUST_000036,2023-08-27,Social Media,0
CUST_000036,2024-03-27,Email Open,0
CUST_000036,2023-07-13,Email Open,0
CUST_000036,2024-09-16,Email Open,0
CUST_000036,2025-04-24,Social Media,0
CUST_000036,2025-06-19,Social Media,0
CUST_000036,2023-02-11,Social Media,0
CUST_000036,2023-11-25,Email Open,0
CUST_000036,2023-12-04,Social Media,0
CUST_000036,2023-09-12,Click-Through,43
CUST_000037,2024-05-01,Click-Through,339
CUST_000037,2023-05-25,Social Media,0
CUST_000037,2025-07-30,Click-Through,167
CUST_000037,2024-05-16,Social Media,0
CUST_000037,2025-04-04,Click-Through,35
CUST_000037,2023-05-29,Click-Through,572
CUST_000037,2023-02-12,Email Open,0
CUST_000037,2024-07-27,Email Open,0
CUST_000037,2024-12-25,Click-Through,260
CUST_000037,2023-03-17,Click-Through,177
CUST_000037,2024-02-02,Support Call,0
CUST_000037,2025-03-07,Email Open,0
CUST_000037,2023-04-25,Social Media,0
CUST_000038,2024-09-13,Social Media,0
CUST_000038,2025-12-09,Social Media,0
CUST_000038,2025-09-14,Social Media,0
CUST_000038,2025-01-12,App Visit,46
CUST_000038,2025-02-07,Email Open,0
CUST_000039,2024-05-02,Social Media,0
CUST_000039,2025-03-04,Click-Through,475
CUST_000039,2025-02-16,Email Open,0
CUST_000039,2025-11-15,App Visit,201
CUST_000039,2023-05-02,Click-Through,386
CUST_000039,2024-07-08,Click-Through,436
CUST_000039,2024-05-11,Click-Through,506
CUST_000039,2024-07-30,Email Open,0
CUST_000039,2025-09-01,Email Open,0
CUST_000039,2025-02-21,Email Open,0
CUST_000039,2025-04-28,Social Media,0
CUST_000039,2024-08-29,Social Media,0
CUST_000039,2025-04-12,Social Media,0
CUST_000039,2024-03-29,Click-Through,89
CUST_000039,2025-06-20,App Visit,117
CUST_000040,2025-10-31,Click-Through,215
CUST_000040,2024-01-29,Email Open,0
CUST_000040,2023-05-22,Support Call,0
CUST_000040,2025-03-03,Social Media,0
CUST_000040,2024-01-02,Email Open,0
CUST_000040,2025-01-29,Click-Through,591
CUST_000040,2023-07-21,Email Open,0
CUST_000041,2025-07-08,Email Open,0
CUST_000041,2024-01-06,Email Open,0
CUST_000041,2023-12-11,Email Open,0
CUST_000041,2025-06-21,Email Open,0
CUST_000041,2025-01-27,App Visit,261
CUST_000041,2023-10-05,Social Media,0
CUST_000041,2023-06-27,Social Media,0
CUST_000041,2025-04-12,Click-Through,349
CUST_000041,2025-03-05,Click-Through,54
CUST_000042,2025-03-06,Email Open,0
CUST_000042,2024-11-12,Click-Through,300
CUST_000042,2024-05-25,Social Media,0
CUST_000042,2025-08-28,Social Media,0
CUST_000042,2024-06-10,Click-Through,355
CUST_000043,2025-09-24,Social Media,0
CUST_000043,2025-01-23,Email Open,0
CUST_000043,2023-07-25,Email Open,0
CUST_000043,2024-06-29,Email Open,0
CUST_000043,2025-07-26,Click-Through,449
CUST_000043,2024-10-08,Click-Through,490
CUST_000043,2025-04-06,Social Media,0
CUST_000043,2023-03-01,Click-Through,167
CUST_000043,2023-07-16,Social Media,0
CUST_000043,2025-07-09,Click-Through,317
CUST_000043,2024-02-05,Support Call,0
CUST_000044,2024-11-03,Email Open,0
CUST_000044,2025-01-17,Email Open,0
CUST_000044,2024-11-24,App Visit,185
CUST_000044,2025-06-26,Click-Through,562
CUST_000044,2023-11-08,App Visit,287
CUST_000044,2024-03-02,Social Media,0
CUST_000045,2025-05-01,Support Call,0
CUST_000045,2023-12-04,Click-Through,375
CUST_000045,2025-12-02,Email Open,0
CUST_000045,2024-01-01,App Visit,265
CUST_000045,2024-04-30,Social Media,0
CUST_000045,2025-03-08,Click-Through,283
CUST_000045,2024-12-21,Support Call,0
CUST_000045,2024-07-20,Social Media,0
CUST_000046,2024-02-04,Support Call,0
CUST_000046,2025-10-02,Email Open,0
CUST_000046,2024-08-07,Click-Through,385
CUST_000046,2025-02-20,Click-Through,173
CUST_000046,2024-10-28,Email Open,0
CUST_000046,2023-01-21,App Visit,77
CUST_000046,2025-12-22,Email Open,0
CUST_000046,2023-11-13,Click-Through,180
CUST_000047,2023-02-08,Social Media,0
CUST_000047,2023-06-10,Social Media,0
CUST_000047,2023-05-25,Email Open,0
CUST_000048,2023-10-27,Support Call,0
CUST_000048,2023-06-22,Social Media,0
CUST_000048,2023-12-17,Social Media,0
CUST_000048,2025-10-15,Email Open,0
CUST_000048,2025-02-02,Click-Through,14
CUST_000048,2023-06-18,Click-Through,479
CUST_000048,2024-10-20,App Visit,270
CUST_000048,2023-05-05,App Visit,452
CUST_000048,2024-04-23,Click-Through,229
CUST_000048,2023-10-25,Email Open,0
CUST_000049,2025-09-12,App Visit,355
CUST_000049,2023-08-29,Email Open,0
CUST_000049,2024-06-23,App Visit,451
CUST_000049,2024-12-27,Email Open,0
CUST_000049,2024-02-24,Email Open,0
CUST_000049,2024-03-22,Click-Through,100
CUST_000050,2025-10-06,Email Open,0
CUST_000050,2023-02-15,Email Open,0
CUST_000050,2024-02-27,Email Open,0
CUST_000050,2023-03-09,Click-Through,203
CUST_000050,2025-06-21,Social Media,0
CUST_000050,2023-04-19,Email Open,0
CUST_000050,2025-01-08,Support Call,0
CUST_000051,2025-07-26,App Visit,474
CUST_000051,2023-09-17,Click-Through,158
CUST_000051,2025-01-10,Email Open,0
CUST_000051,2023-02-24,Email Open,0
CUST_000051,2024-01-18,Email Open,0
CUST_000051,2023-11-30,Social Media,0
CUST_000051,2023-05-03,Support Call,0
CUST_000051,2023-05-08,Support Call,0
CUST_000052,2023-02-27,Click-Through,248
CUST_000052,2023-01-27,Email Open,0
CUST_000052,2024-03-14,Email Open,0
CUST_000052,2024-01-15,Social Media,0
CUST_000052,2023-07-07,Click-Through,325
CUST_000052,2024-08-30,Email Open,0
CUST_000052,2025-02-17,Click-Through,264
CUST_000052,2024-05-26,Click-Through,428
CUST_000052,2024-10-29,Click-Through,540
CUST_000053,2024-05-07,Click-Through,258
CUST_000053,2023-07-20,Social Media,0
CUST_000053,2024-03-15,Support Call,0
CUST_000053,2023-11-10,Email Open,0
CUST_000053,2023-10-13,Email Open,0
CUST_000053,2023-05-19,Email Open,0
CUST_000054,2023-04-25,Email Open,0
CUST_000054,2024-07-20,Email Open,0
CUST_000054,2024-05-20,Click-Through,415
CUST_000054,2025-11-04,Email Open,0
CUST_000054,2024-06-16,Email Open,0
CUST_000054,2024-11-27,Support Call,0
CUST_000054,2023-04-29,Social Media,0
CUST_000054,2025-07-08,Email Open,0
CUST_000054,2025-06-25,Support Call,0
CUST_000054,2023-08-03,Email Open,0
CUST_000054,2024-07-16,Social Media,0
CUST_000055,2023-11-23,Support Call,0
CUST_000055,2025-07-24,Social Media,0
CUST_000055,2024-04-29,Social Media,0
CUST_000055,2025-08-09,Social Media,0
CUST_000055,2024-08-11,App Visit,588
CUST_000055,2024-01-22,Email Open,0
CUST_000055,2025-12-25,Social Media,0
CUST_000055,2025-08-20,Click-Through,337
CUST_000055,2024-06-25,Social Media,0
CUST_000055,2024-02-05,App Visit,295
CUST_000055,2025-11-05,Social Media,0
CUST_000055,2023-02-14,App Visit,510
CUST_000055,2024-03-22,App Visit,156
CUST_000055,2025-10-06,Email Open,0
CUST_000055,2023-01-06,Support Call,0
CUST_000056,2025-09-25,Email Open,0
CUST_000056,2023-10-08,App Visit,310
CUST_000056,2024-08-24,Email Open,0
CUST_000056,2024-06-28,Email Open,0
CUST_000056,2023-04-16,Email Open,0
CUST_000056,2024-08-08,Support Call,0
CUST_000057,2023-10-13,Click-Through,112
CUST_000057,2024-05-13,Social Media,0
CUST_000057,2025-07-06,Email Open,0
CUST_000058,2024-07-03,Email Open,0
CUST_000058,2025-04-11,Email Open,0
CUST_000058,2025-02-11,App Visit,66
CUST_000058,2024-04-03,Support Call,0
CUST_000058,2023-05-27,Support Call,0
CUST_000058,2023-08-07,Email Open,0
CUST_000058,2023-02-10,Support Call,0
CUST_000058,2025-05-08,Support Call,0
CUST_000058,2024-10-12,App Visit,311
CUST_000058,2025-12-09,Social Media,0
CUST_000058,2024-01-06,Email Open,0
CUST_000059,2023-09-09,App Visit,265
CUST_000059,2025-12-30,App Visit,505
CUST_000059,2025-01-22,Social Media,0
CUST_000059,2023-06-11,Click-Through,513
CUST_000059,2025-10-13,Email Open,0
CUST_000059,2023-11-29,Email Open,0
CUST_000060,2025-10-30,Social Media,0
CUST_000060,2025-07-10,Social Media,0
CUST_000060,2024-09-12,Support Call,0
CUST_000060,2025-12-16,Social Media,0
CUST_000060,2023-11-23,Click-Through,98
CUST_000060,2025-10-15,Click-Through,80
CUST_000060,2023-05-30,Email Open,0
CUST_000060,2023-04-20,Email Open,0
CUST_000060,2023-07-27,Email Open,0
CUST_000060,2025-04-15,Email Open,0
CUST_000061,2024-11-02,Email Open,0
CUST_000061,2023-10-19,Email Open,0
CUST_000061,2025-02-19,Email Open,0
CUST_000061,2024-05-13,Click-Through,194
CUST_000061,2024-11-12,Support Call,0
CUST_000061,2024-01-04,Email Open,0
CUST_000061,2024-01-14,App Visit,96
CUST_000061,2023-04-13,Email Open,0
CUST_000062,2023-01-06,Email Open,0
CUST_000062,2025-11-26,Click-Through,226
CUST_000062,2024-06-14,Email Open,0
CUST_000062,2023-08-09,Social Media,0
CUST_000062,2025-01-11,Email Open,0
CUST_000063,2023-03-30,Email Open,0
CUST_000063,2024-11-23,Email Open,0
CUST_000063,2025-02-24,Social Media,0
CUST_000063,2023-10-06,Email Open,0
CUST_000063,2023-08-19,Email Open,0
CUST_000063,2025-01-03,Email Open,0
CUST_000063,2024-08-06,Click-Through,227
CUST_000064,2023-09-20,Social Media,0
CUST_000064,2024-04-09,Email Open,0
CUST_000064,2025-08-11,Click-Through,539
CUST_000064,2025-03-09,Support Call,0
CUST_000064,2024-10-27,Email Open,0
CUST_000064,2025-12-08,Email Open,0
CUST_000064,2025-06-02,Email Open,0
CUST_000064,2023-04-22,Click-Through,407
CUST_000064,2024-02-15,App Visit,126
CUST_000064,2025-07-09,Click-Through,110
CUST_000064,2024-04-12,App Visit,91
CUST_000065,2025-09-26,Click-Through,132
CUST_000065,2025-03-16,Email Open,0
CUST_000065,2023-07-05,Click-Through,381
CUST_000065,2025-01-02,Support Call,0
CUST_000065,2024-12-20,Click-Through,239
CUST_000065,2024-07-09,Click-Through,590
CUST_000066,2024-07-13,Social Media,0
CUST_000066,2025-11-17,Social Media,0
CUST_000066,2024-12-25,App Visit,329
CUST_000066,2024-03-27,Support Call,0
CUST_000066,2025-10-30,Click-Through,598
CUST_000066,2024-11-23,Email Open,0
CUST_000067,2023-09-08,Email Open,0
CUST_000067,2025-07-10,Email Open,0
CUST_000067,2025-07-27,App Visit,23
CUST_000067,2025-07-21,Click-Through,388
CUST_000067,2025-06-25,Email Open,0
CUST_000067,2024-02-20,Email Open,0
CUST_000067,2025-04-13,Support Call,0
CUST_000067,2025-01-13,Click-Through,44
CUST_000068,2024-09-30,Email Open,0
CUST_000068,2023-03-12,Social Media,0
CUST_000068,2025-06-30,Click-Through,201
CUST_000068,2023-07-07,Click-Through,535
CUST_000068,2024-03-05,Social Media,0
CUST_000068,2024-04-30,Support Call,0
CUST_000068,2023-09-24,App Visit,216
CUST_000068,2024-09-26,Email Open,0
CUST_000068,2025-11-19,Support Call,0
CUST_000068,2023-03-31,Email Open,0
CUST_000069,2025-09-03,Email Open,0
CUST_000069,2023-02-05,Email Open,0
CUST_000069,2024-04-25,Email Open,0
CUST_000069,2024-08-17,App Visit,334
CUST_000069,2025-06-04,Email Open,0
CUST_000070,2023-04-25,Email Open,0
CUST_000070,2023-08-01,Click-Through,549
CUST_000070,2023-11-23,Social Media,0
CUST_000070,2024-09-11,Click-Through,197
CUST_000070,2023-03-21,Email Open,0
CUST_000070,2023-05-23,Support Call,0
CUST_000071,2023-02-06,Click-Through,510
CUST_000071,2025-12-23,Click-Through,537
CUST_000071,2024-01-22,Email Open,0
CUST_000071,2023-03-23,Email Open,0
CUST_000071,2025-06-29,Click-Through,21
CUST_000071,2024-05-15,App Visit,326
CUST_000072,2023-08-21,Click-Through,349
CUST_000072,2024-08-18,Support Call,0
CUST_000072,2024-09-23,Click-Through,334
CUST_000072,2025-03-19,Support Call,0
CUST_000073,2024-07-12,Click-Through,430
CUST_000073,2025-03-01,Email Open,0
CUST_000073,2024-05-26,Email Open,0
CUST_000073,2025-06-16,Support Call,0
CUST_000073,2025-02-10,Click-Through,159
CUST_000073,2024-11-27,Social Media,0
CUST_000073,2025-04-01,Support Call,0
CUST_000074,2023-03-18,Email Open,0
CUST_000074,2023-08-30,Support Call,0
CUST_000074,2025-11-08,Email Open,0
CUST_000074,2025-01-05,Social Media,0
CUST_000074,2025-12-20,Email Open,0
CUST_000074,2023-03-13,Support Call,0
CUST_000074,2025-12-16,Click-Through,545
CUST_000074,2023-09-12,Email Open,0
CUST_000074,2024-07-10,Social Media,0
CUST_000074,2024-09-17,Email Open,0
CUST_000075,2024-08-06,Social Media,0
CUST_000075,2024-08-09,App Visit,87
CUST_000075,2024-05-26,Email Open,0
CUST_000075,2025-03-03,Social Media,0
CUST_000075,2025-03-23,Email Open,0
CUST_000075,2024-06-12,Email Open,0
CUST_000076,2024-06-24,Support Call,0
CUST_000076,2023-05-27,App Visit,215
CUST_000076,2025-12-06,Email Open,0
CUST_000076,2024-05-06,Social Media,0
CUST_000076,2024-05-16,Email Open,0
CUST_000076,2023-12-01,Click-Through,436
CUST_000076,2023-02-24,Email Open,0
CUST_000076,2025-11-17,App Visit,354
CUST_000076,2024-04-12,Click-Through,183
CUST_000076,2023-01-24,Support Call,0
CUST_000076,2024-02-07,Social Media,0
CUST_000077,2025-10-14,Email Open,0
CUST_000077,2025-08-23,App Visit,30
CUST_000077,2023-03-16,Click-Through,216
CUST_000077,2025-02-18,Click-Through,519
CUST_000077,2023-05-07,Social Media,0
CUST_000077,2025-11-09,Click-Through,111
CUST_000077,2025-05-29,App Visit,308
CUST_000078,2023-07-13,App Visit,479
CUST_000079,2024-12-13,Click-Through,196
CUST_000079,2023-07-20,Support Call,0
CUST_000079,2023-07-23,Social Media,0
CUST_000080,2024-04-28,Click-Through,557
CUST_000080,2023-12-12,Click-Through,446
CUST_000080,2025-11-26,Click-Through,84
CUST_000080,2024-08-04,Support Call,0
CUST_000080,2023-12-03,Click-Through,491
CUST_000080,2024-02-26,App Visit,200
CUST_000081,2023-03-21,Click-Through,537
CUST_000081,2025-08-13,Email Open,0
CUST_000081,2025-12-02,Click-Through,66
CUST_000081,2024-08-19,Email Open,0
CUST_000081,2024-12-13,Email Open,0
CUST_000081,2024-06-24,Email Open,0
CUST_000081,2024-12-02,Click-Through,199
CUST_000081,2025-03-02,Support Call,0
CUST_000081,2023-06-10,Email Open,0
CUST_000081,2023-05-07,Email Open,0
CUST_000081,2023-10-13,Email Open,0
CUST_000081,2024-11-22,Click-Through,73
CUST_000082,2025-08-11,App Visit,477
CUST_000082,2023-04-04,Social Media,0
CUST_000082,2025-05-03,App Visit,135
CUST_000082,2023-04-23,Social Media,0
CUST_000082,2023-07-20,Click-Through,559
CUST_000082,2025-01-22,Email Open,0
CUST_000082,2023-02-19,Social Media,0
CUST_000082,2024-01-17,Support Call,0
CUST_000082,2023-11-11,Click-Through,430
CUST_000082,2024-10-25,Social Media,0
CUST_000082,2024-04-22,Click-Through,67
CUST_000082,2024-04-18,Email Open,0
CUST_000082,2023-05-27,App Visit,381
CUST_000083,2025-05-19,Click-Through,346
CUST_000083,2024-10-23,Click-Through,412
CUST_000083,2024-06-22,App Visit,154
CUST_000083,2025-09-20,Email Open,0
CUST_000083,2023-04-04,Social Media,0
CUST_000084,2024-10-03,Social Media,0
CUST_000084,2023-12-22,Email Open,0
CUST_000084,2024-02-06,Click-Through,69
CUST_000084,2023-06-17,Email Open,0
CUST_000084,2025-11-26,Email Open,0
CUST_000084,2025-10-13,App Visit,368
CUST_000084,2025-08-06,Click-Through,293
CUST_000084,2024-04-11,Email Open,0
CUST_000084,2023-01-11,Email Open,0
CUST_000085,2025-01-29,Social Media,0
CUST_000085,2024-09-05,Click-Through,386
CUST_000085,2023-11-20,Social Media,0
CUST_000085,2024-01-27,Email Open,0
CUST_000086,2025-10-05,Click-Through,400
CUST_000086,2023-05-01,Email Open,0
CUST_000086,2024-04-08,Click-Through,202
CUST_000086,2023-03-04,Email Open,0
CUST_000086,2023-01-27,Support Call,0
CUST_000086,2025-12-06,Click-Through,542
CUST_000086,2024-08-13,Click-Through,405
CUST_000086,2023-12-31,Email Open,0
CUST_000087,2025-01-21,Email Open,0
CUST_000087,2023-01-20,Email Open,0
CUST_000087,2025-01-22,Click-Through,470
CUST_000087,2024-04-14,Click-Through,82
CUST_000087,2023-12-14,Email Open,0
CUST_000087,2023-12-03,Click-Through,71
CUST_000088,2025-08-03,Email Open,0
CUST_000088,2023-11-22,Email Open,0
CUST_000088,2025-11-12,Click-Through,298
CUST_000088,2024-08-10,Email Open,0
CUST_000088,2024-07-24,Email Open,0
CUST_000089,2025-07-26,Email Open,0
CUST_000089,2023-08-27,Click-Through,306
CUST_000089,2024-11-11,Email Open,0
CUST_000089,2025-06-19,Email Open,0
CUST_000089,2025-10-19,Click-Through,454
CUST_000089,2025-02-03,Social Media,0
CUST_000089,2024-05-31,Social Media,0
CUST_000089,2024-07-26,Click-Through,281
CUST_000089,2025-01-29,Click-Through,54
CUST_000089,2023-05-11,Social Media,0
CUST_000090,2023-03-26,Social Media,0
CUST_000090,2023-01-28,Click-Through,192
CUST_000090,2023-11-14,Click-Through,358
CUST_000090,2025-05-12,App Visit,593
CUST_000090,2025-12-02,App Visit,128
CUST_000091,2023-12-20,Click-Through,339
CUST_000091,2024-12-09,Support Call,0
CUST_000091,2023-04-25,Email Open,0
CUST_000091,2024-08-18,Click-Through,174
CUST_000091,2024-09-12,Click-Through,580
CUST_000092,2024-08-31,Email Open,0
CUST_000092,2024-09-29,Social Media,0
CUST_000092,2025-01-01,App Visit,276
CUST_000092,2025-04-20,Social Media,0
CUST_000092,2025-04-18,Support Call,0
CUST_000092,2025-06-19,Email Open,0
CUST_000092,2024-06-07,Social Media,0
CUST_000092,2023-03-06,Click-Through,362
CUST_000092,2025-07-06,App Visit,17
CUST_000092,2025-12-10,Social Media,0
CUST_000092,2023-10-03,Click-Through,164
CUST_000092,2025-06-06,Social Media,0
CUST_000092,2024-08-18,Support Call,0
CUST_000093,2025-09-01,Email Open,0
CUST_000093,2024-02-07,Email Open,0
CUST_000093,2023-08-26,Email Open,0
CUST_000093,2025-06-17,Social Media,0
CUST_000093,2025-09-11,Click-Through,443
CUST_000093,2024-06-15,App Visit,319
CUST_000093,2025-04-04,Support Call,0
CUST_000093,2023-07-01,Social Media,0
CUST_000094,2024-07-25,Email Open,0
CUST_000094,2024-06-09,Social Media,0
CUST_000094,2023-03-18,Click-Through,599
CUST_000094,2024-04-11,Social Media,0
CUST_000094,2023-05-20,Click-Through,423
CUST_000094,2024-05-30,Click-Through,431
CUST_000094,2024-12-15,Email Open,0
CUST_000094,2025-09-02,Social Media,0
CUST_000094,2024-05-17,Email Open,0
CUST_000094,2023-07-11,Click-Through,386
CUST_000094,2024-08-30,App Visit,274
CUST_000094,2025-09-18,Email Open,0
CUST_000094,2024-12-08,Social Media,0
CUST_000094,2024-01-19,Support Call,0
CUST_000095,2025-05-08,Social Media,0
CUST_000095,2024-09-15,Support Call,0
CUST_000095,2025-07-18,Click-Through,393
CUST_000095,2024-12-12,Click-Through,326
CUST_000095,2023-12-06,Click-Through,144
CUST_000095,2024-12-13,Email Open,0
CUST_000096,2023-01-02,App Visit,276
CUST_000096,2023-06-11,Social Media,0
CUST_000096,2024-10-30,Social Media,0
CUST_000096,2024-10-16,Support Call,0
CUST_000097,2024-08-12,Social Media,0
CUST_000097,2025-02-06,Click-Through,488
CUST_000097,2023-01-24,Social Media,0
CUST_000097,2025-08-21,Click-Through,27
CUST_000097,2024-03-22,Email Open,0
CUST_000097,2023-08-19,Email Open,0
CUST_000097,2024-04-04,Social Media,0
CUST_000098,2024-05-29,App Visit,32
CUST_000098,2025-08-02,Click-Through,483
CUST_000098,2025-02-27,Social Media,0
CUST_000098,2023-01-07,Email Open,0
CUST_000098,2024-11-25,Email Open,0
CUST_000098,2023-11-19,Support Call,0
CUST_000098,2024-06-05,App Visit,32
CUST_000098,2023-01-18,Click-Through,142
CUST_000099,2023-07-27,Social Media,0
CUST_000099,2023-03-21,Click-Through,557
CUST_000099,2024-10-03,Email Open,0
CUST_000099,2024-10-26,Social Media,0
CUST_000099,2024-05-06,Email Open,0
CUST_000099,2024-02-17,Email Open,0
CUST_000099,2025-09-15,Click-Through,48
CUST_000100,2025-06-16,Social Media,0
CUST_000100,2025-06-28,Email Open,0
CUST_000100,2025-05-01,Click-Through,594
CUST_000100,2024-06-29,Email Open,0
CUST_000100,2024-09-16,Social Media,0
CUST_000101,2023-04-12,Support Call,0
CUST_000101,2024-10-14,Social Media,0
CUST_000101,2024-06-12,Social Media,0
CUST_000101,2024-11-02,App Visit,543
CUST_000101,2025-02-22,Email Open,0
CUST_000101,2025-07-13,Click-Through,368
CUST_000101,2025-04-28,Email Open,0
CUST_000101,2023-08-03,App Visit,96
CUST_000101,2024-06-17,App Visit,407
CUST_000101,2023-04-02,App Visit,300
CUST_000101,2024-02-04,Support Call,0
CUST_000101,2025-10-05,Email Open,0
CUST_000101,2025-08-14,Social Media,0
CUST_000101,2024-05-16,Email Open,0
CUST_000102,2024-05-06,App Visit,310
CUST_000102,2025-07-04,Support Call,0
CUST_000102,2023-05-19,Support Call,0
CUST_000102,2024-04-02,Email Open,0
CUST_000102,2025-02-23,Support Call,0
CUST_000102,2024-11-26,Social Media,0
CUST_000102,2024-07-16,Click-Through,294
CUST_000103,2025-10-25,Click-Through,27
CUST_000103,2024-12-07,Email Open,0
CUST_000103,2023-06-26,App Visit,348
CUST_000103,2023-10-07,App Visit,484
CUST_000103,2024-06-03,Email Open,0
CUST_000103,2023-12-12,Click-Through,253
CUST_000103,2023-01-29,Click-Through,36
CUST_000103,2023-09-20,Email Open,0
CUST_000104,2025-04-03,Click-Through,562
CUST_000104,2024-04-16,Email Open,0
CUST_000104,2023-07-21,App Visit,160
CUST_000104,2024-10-12,Click-Through,584
CUST_000104,2023-05-14,Email Open,0
CUST_000104,2025-06-09,Email Open,0
CUST_000104,2024-12-15,Click-Through,79
CUST_000104,2025-05-09,Click-Through,428
CUST_000104,2025-07-04,Email Open,0
CUST_000104,2024-05-30,Social Media,0
CUST_000104,2025-05-24,Social Media,0
CUST_000105,2025-01-28,Email Open,0
CUST_000105,2023-03-10,Support Call,0
CUST_000105,2024-11-26,Click-Through,582
CUST_000105,2025-01-08,Email Open,0
CUST_000105,2023-05-01,Social Media,0
CUST_000105,2025-09-24,Social Media,0
CUST_000105,2023-09-25,Email Open,0
CUST_000105,2023-09-30,Support Call,0
CUST_000105,2024-09-30,Social Media,0
CUST_000105,2025-11-21,Email Open,0
CUST_000105,2025-07-02,Support Call,0
CUST_000105,2024-03-15,Click-Through,149
CUST_000105,2023-11-19,Email Open,0
CUST_000106,2025-04-12,Support Call,0
CUST_000106,2024-12-09,Click-Through,217
CUST_000106,2023-07-27,Email Open,0
CUST_000106,2023-09-24,Social Media,0
CUST_000106,2024-05-11,Email Open,0
CUST_000106,2025-11-16,App Visit,70
CUST_000106,2024-12-14,Social Media,0
CUST_000106,2023-11-05,Email Open,0
CUST_000107,2023-04-04,Click-Through,383
CUST_000107,2023-02-24,Support Call,0
CUST_000107,2023-12-09,Email Open,0
CUST_000107,2024-03-24,Social Media,0
CUST_000107,2025-08-14,Email Open,0
CUST_000107,2025-08-06,Social Media,0
CUST_000107,2025-06-26,App Visit,344
CUST_000107,2025-02-09,Social Media,0
CUST_000107,2023-08-25,Click-Through,439
CUST_000108,2024-08-29,Support Call,0
CUST_000108,2024-01-01,Email Open,0
CUST_000108,2025-12-14,Click-Through,432
CUST_000108,2025-11-08,App Visit,556
CUST_000109,2023-06-24,Click-Through,422
CUST_000109,2024-11-15,Email Open,0
CUST_000109,2024-12-22,Social Media,0
CUST_000109,2025-12-14,Email Open,0
CUST_000109,2024-06-19,App Visit,295
CUST_000109,2023-07-30,App Visit,324
CUST_000109,2023-08-28,Email Open,0
CUST_000109,2023-10-06,Email Open,0
CUST_000109,2023-07-20,Social Media,0
CUST_000109,2024-06-01,Social Media,0
CUST_000109,2024-11-25,Social Media,0
CUST_000109,2023-10-01,Click-Through,335
CUST_000109,2025-01-20,Support Call,0
CUST_000109,2024-10-18,Social Media,0
CUST_000109,2025-09-30,App Visit,267
CUST_000110,2023-04-13,Click-Through,492
CUST_000110,2024-06-06,Social Media,0
CUST_000110,2025-12-30,Email Open,0
CUST_000110,2025-09-19,Email Open,0
CUST_000110,2025-04-07,Social Media,0
CUST_000110,2023-08-07,App Visit,355
CUST_000110,2025-11-25,Click-Through,59
CUST_000110,2025-05-28,Click-Through,255
CUST_000110,2023-06-19,Social Media,0
CUST_000110,2025-02-03,Click-Through,51
CUST_000111,2023-07-26,Click-Through,113
CUST_000111,2025-01-09,Email Open,0
CUST_000111,2024-03-23,Support Call,0
CUST_000111,2024-10-23,App Visit,42
CUST_000111,2024-07-25,Email Open,0
CUST_000111,2025-07-03,Email Open,0
CUST_000111,2025-02-08,Click-Through,397
CUST_000111,2025-12-06,Social Media,0
CUST_000111,2023-06-19,Email Open,0
CUST_000112,2024-01-07,App Visit,385
CUST_000112,2024-11-19,Click-Through,206
CUST_000112,2025-11-01,Email Open,0
CUST_000112,2024-02-18,Social Media,0
CUST_000112,2024-12-01,App Visit,157
CUST_000112,2023-01-27,Support Call,0
CUST_000112,2024-02-22,App Visit,25
CUST_000112,2024-06-19,Click-Through,228
CUST_000112,2025-03-15,Social Media,0
CUST_000113,2025-08-28,Click-Through,231
CUST_000113,2025-07-06,Email Open,0
CUST_000113,2023-05-27,Email Open,0
CUST_000113,2024-12-07,Email Open,0
CUST_000113,2024-10-16,App Visit,276
CUST_000113,2023-07-08,App Visit,516
CUST_000113,2025-05-10,Support Call,0
CUST_000113,2023-04-04,App Visit,41
CUST_000113,2025-09-29,App Visit,247
CUST_000113,2024-04-07,Click-Through,375
CUST_000113,2025-01-23,Social Media,0
CUST_000113,2023-10-03,Click-Through,585
CUST_000113,2023-05-23,App Visit,235
CUST_000113,2025-11-20,Email Open,0
CUST_000113,2024-05-18,Email Open,0
CUST_000113,2024-07-06,Click-Through,190
CUST_000113,2023-08-11,Click-Through,127
CUST_000113,2024-01-20,Social Media,0
CUST_000113,2024-02-09,Email Open,0
CUST_000114,2023-06-17,Social Media,0
CUST_000114,2023-09-08,Email Open,0
CUST_000114,2025-10-17,Click-Through,598
CUST_000114,2024-12-12,Email Open,0
CUST_000114,2024-08-16,Email Open,0
CUST_000114,2024-04-09,App Visit,78
CUST_000114,2025-05-24,Social Media,0
CUST_000114,2024-03-14,Email Open,0
CUST_000115,2025-08-14,Click-Through,306
CUST_000115,2023-05-11,Email Open,0
CUST_000115,2024-08-13,Click-Through,301
CUST_000115,2025-01-11,Email Open,0
CUST_000115,2025-07-20,Email Open,0
CUST_000115,2025-06-12,Social Media,0
CUST_000116,2023-02-03,Email Open,0
CUST_000116,2023-01-29,Click-Through,562
CUST_000116,2025-04-23,Click-Through,477
CUST_000116,2024-04-07,Email Open,0
CUST_000116,2025-06-23,App Visit,480
CUST_000116,2023-10-14,Email Open,0
CUST_000117,2024-04-13,App Visit,46
CUST_000117,2023-07-29,App Visit,399
CUST_000117,2024-04-29,App Visit,270
CUST_000117,2023-04-23,Social Media,0
CUST_000118,2024-07-30,App Visit,409
CUST_000118,2024-05-22,Email Open,0
CUST_000118,2025-10-29,Support Call,0
CUST_000118,2024-04-25,App Visit,574
CUST_000118,2025-08-03,Email Open,0
CUST_000118,2025-01-01,Social Media,0
CUST_000118,2024-10-20,Email Open,0
CUST_000118,2023-12-12,Social Media,0
CUST_000118,2023-07-07,Click-Through,357
CUST_000119,2025-04-30,Email Open,0
CUST_000119,2023-11-18,Social Media,0
CUST_000119,2025-10-31,Social Media,0
CUST_000119,2024-08-20,Email Open,0
CUST_000119,2024-04-09,Click-Through,365
CUST_000120,2023-08-28,Email Open,0
CUST_000120,2025-12-23,Support Call,0
CUST_000120,2024-01-04,Email Open,0
CUST_000120,2024-06-11,Email Open,0
CUST_000120,2024-06-28,Click-Through,334
CUST_000120,2025-06-18,Email Open,0
CUST_000120,2024-03-31,Support Call,0
CUST_000121,2025-04-28,Click-Through,407
CUST_000121,2024-11-15,Email Open,0
CUST_000121,2023-04-22,Click-Through,307
CUST_000121,2023-12-18,Email Open,0
CUST_000121,2025-01-03,Email Open,0
CUST_000121,2024-08-19,App Visit,460
CUST_000121,2023-10-03,Support Call,0
CUST_000121,2024-07-19,Social Media,0
CUST_000121,2025-06-20,Email Open,0
CUST_000121,2024-05-04,Social Media,0
CUST_000121,2025-05-08,Click-Through,65
CUST_000122,2024-01-01,Click-Through,281
CUST_000122,2025-12-07,Email Open,0
CUST_000122,2025-02-12,Click-Through,439
CUST_000123,2025-05-01,Social Media,0
CUST_000123,2024-05-27,Email Open,0
CUST_000123,2024-07-24,Click-Through,150
CUST_000123,2024-09-13,Click-Through,88
CUST_000123,2025-12-09,Email Open,0
CUST_000123,2023-12-17,Social Media,0
CUST_000123,2025-11-17,App Visit,277
CUST_000123,2024-12-29,Click-Through,366
CUST_000123,2025-02-11,Click-Through,305
CUST_000123,2023-11-05,Email Open,0
CUST_000123,2023-04-25,Social Media,0
CUST_000123,2023-04-28,Social Media,0
CUST_000123,2024-04-09,Social Media,0
CUST_000123,2023-12-28,Click-Through,442
CUST_000124,2025-08-25,Email Open,0
CUST_000124,2023-11-16,Social Media,0
CUST_000124,2024-11-22,Click-Through,401
CUST_000125,2025-09-17,Email Open,0
CUST_000125,2024-04-28,Email Open,0
CUST_000125,2024-02-11,Social Media,0
CUST_000126,2024-10-07,Email Open,0
CUST_000126,2025-08-28,Email Open,0
CUST_000126,2025-10-01,Social Media,0
CUST_000126,2024-11-15,Click-Through,207
CUST_000126,2025-09-15,Email Open,0
CUST_000126,2024-01-01,Email Open,0
CUST_000127,2023-06-01,Social Media,0
CUST_000127,2025-12-01,Email Open,0
CUST_000127,2023-10-16,Email Open,0
CUST_000127,2023-08-25,Social Media,0
CUST_000127,2024-11-08,Support Call,0
CUST_000128,2024-08-08,Support Call,0
CUST_000128,2023-01-01,Support Call,0
CUST_000128,2024-05-29,Support Call,0
CUST_000128,2025-11-15,Click-Through,412
CUST_000128,2024-05-18,Email Open,0
CUST_000128,2024-10-23,Click-Through,293
CUST_000129,2025-07-27,Support Call,0
CUST_000129,2025-05-25,Support Call,0
CUST_000129,2023-12-05,Email Open,0
CUST_000129,2025-08-25,Email Open,0
CUST_000129,2025-08-26,Email Open,0
CUST_000129,2023-02-06,Social Media,0
CUST_000130,2024-04-26,Social Media,0
CUST_000130,2024-06-16,Email Open,0
CUST_000130,2023-08-17,Email Open,0
CUST_000130,2023-08-20,Social Media,0
CUST_000130,2025-02-07,Click-Through,73
CUST_000130,2024-07-01,Email Open,0
CUST_000131,2024-01-13,Email Open,0
CUST_000131,2024-02-01,Support Call,0
CUST_000131,2024-09-30,Click-Through,323
CUST_000131,2024-11-10,Email Open,0
CUST_000131,2025-05-17,Click-Through,161
CUST_000131,2024-12-22,Email Open,0
CUST_000131,2023-06-30,Email Open,0
CUST_000131,2023-08-20,App Visit,504
CUST_000132,2024-10-10,Social Media,0
CUST_000132,2025-01-28,Click-Through,340
CUST_000132,2023-03-03,Click-Through,45
CUST_000132,2024-08-08,App Visit,152
CUST_000132,2023-09-14,Social Media,0
CUST_000132,2025-05-11,Email Open,0
CUST_000132,2023-11-12,Social Media,0
CUST_000133,2023-03-14,Email Open,0
CUST_000133,2024-10-19,Email Open,0
CUST_000133,2024-04-10,Email Open,0
CUST_000133,2023-06-07,Social Media,0
CUST_000133,2024-08-27,Click-Through,271
CUST_000133,2025-06-14,Social Media,0
CUST_000133,2023-11-18,Social Media,0
CUST_000134,2025-08-25,App Visit,543
CUST_000134,2023-03-17,Social Media,0
CUST_000134,2023-09-06,Email Open,0
CUST_000134,2024-02-15,Click-Through,577
CUST_000135,2025-03-05,Support Call,0
CUST_000135,2023-05-14,App Visit,350
CUST_000135,2024-04-01,Support Call,0
CUST_000135,2023-02-04,Click-Through,152
CUST_000135,2024-11-03,Click-Through,22
CUST_000136,2025-03-18,Email Open,0
CUST_000136,2025-12-27,Email Open,0
CUST_000136,2023-07-14,Support Call,0
CUST_000136,2025-05-30,Click-Through,220
CUST_000136,2025-10-08,Email Open,0
CUST_000136,2024-04-02,Click-Through,301
CUST_000136,2023-08-15,Email Open,0
CUST_000136,2025-08-04,Email Open,0
CUST_000136,2025-01-04,Email Open,0
CUST_000137,2024-01-28,Email Open,0
CUST_000137,2025-08-30,Social Media,0
CUST_000137,2025-09-10,Email Open,0
CUST_000137,2023-09-24,Email Open,0
CUST_000137,2025-04-07,Email Open,0
CUST_000137,2025-10-04,Click-Through,407
CUST_000137,2024-11-02,Click-Through,70
CUST_000137,2025-10-11,Support Call,0
CUST_000137,2025-03-07,Click-Through,287
CUST_000138,2023-07-10,Email Open,0
CUST_000138,2024-01-20,Email Open,0
CUST_000138,2024-02-06,App Visit,496
CUST_000138,2024-12-05,Social Media,0
CUST_000138,2024-05-25,Social Media,0
CUST_000138,2024-01-30,App Visit,484
CUST_000139,2024-01-09,Click-Through,50
CUST_000139,2025-08-24,Social Media,0
CUST_000140,2025-10-07,Email Open,0
CUST_000140,2024-07-13,Social Media,0
CUST_000140,2023-03-27,Email Open,0
CUST_000140,2025-02-10,App Visit,315
CUST_000141,2025-08-20,Click-Through,429
CUST_000141,2023-12-08,Social Media,0
CUST_000142,2023-11-11,Email Open,0
CUST_000142,2023-08-27,Email Open,0
CUST_000142,2024-08-23,Email Open,0
CUST_000142,2024-01-05,Social Media,0
CUST_000142,2023-09-07,App Visit,123
CUST_000142,2025-12-11,App Visit,205
CUST_000142,2023-03-16,Support Call,0
CUST_000142,2023-02-13,Click-Through,509
CUST_000142,2025-11-26,Support Call,0
CUST_000142,2025-10-30,Social Media,0
CUST_000142,2025-07-14,Click-Through,553
CUST_000142,2025-11-29,Email Open,0
CUST_000142,2025-03-22,Email Open,0
CUST_000142,2024-11-18,Click-Through,548
CUST_000143,2023-11-21,Social Media,0
CUST_000143,2025-12-23,App Visit,79
CUST_000143,2025-02-02,Social Media,0
CUST_000143,2024-06-01,Social Media,0
CUST_000143,2023-04-15,Email Open,0
CUST_000143,2023-12-30,App Visit,402
CUST_000143,2024-03-01,Social Media,0
CUST_000143,2024-12-12,Email Open,0
CUST_000143,2024-09-26,Email Open,0
CUST_000144,2025-11-16,Click-Through,358
CUST_000144,2023-09-25,Email Open,0
CUST_000144,2023-10-21,Support Call,0
CUST_000144,2025-12-18,Email Open,0
CUST_000144,2023-12-31,Social Media,0
CUST_000144,2023-02-11,App Visit,50
CUST_000144,2025-07-28,Email Open,0
CUST_000144,2025-04-18,Email Open,0
CUST_000144,2025-11-29,Email Open,0
CUST_000144,2024-08-28,Click-Through,75
CUST_000144,2024-02-01,App Visit,499
CUST_000144,2023-09-27,Email Open,0
CUST_000144,2023-12-28,Click-Through,83
CUST_000144,2025-06-30,App Visit,427
CUST_000144,2025-08-25,Social Media,0
CUST_000144,2025-06-24,Email Open,0
CUST_000144,2024-04-09,App Visit,524
CUST_000144,2023-04-21,Email Open,0
CUST_000145,2025-08-26,Click-Through,406
CUST_000145,2023-07-14,Click-Through,427
CUST_000145,2025-04-22,Email Open,0
CUST_000145,2025-12-30,Social Media,0
CUST_000145,2023-03-21,Social Media,0
CUST_000145,2025-12-14,Email Open,0
CUST_000145,2023-06-18,Social Media,0
CUST_000146,2023-10-11,App Visit,33
CUST_000146,2025-04-24,Click-Through,158
CUST_000146,2024-10-26,Email Open,0
CUST_000146,2023-09-16,Click-Through,30
CUST_000146,2025-10-17,Click-Through,424
CUST_000147,2024-07-14,Click-Through,498
CUST_000147,2024-06-27,Email Open,0
CUST_000147,2025-10-19,Social Media,0
CUST_000147,2025-03-19,Email Open,0
CUST_000147,2023-10-30,App Visit,232
CUST_000147,2025-11-03,Email Open,0
CUST_000147,2023-08-11,Click-Through,145
CUST_000148,2024-11-10,Social Media,0
CUST_000148,2023-07-12,Email Open,0
CUST_000148,2025-07-12,Email Open,0
CUST_000148,2023-06-28,App Visit,100
CUST_000148,2025-02-25,Click-Through,201
CUST_000148,2023-03-06,Email Open,0
CUST_000148,2025-10-08,Email Open,0
CUST_000148,2023-11-15,Click-Through,262
CUST_000148,2025-04-18,Email Open,0
CUST_000148,2025-10-22,Click-Through,312
CUST_000149,2024-11-05,Click-Through,72
CUST_000149,2024-11-14,App Visit,186
CUST_000149,2023-08-20,Support Call,0
CUST_000149,2024-05-19,Email Open,0
CUST_000149,2025-04-26,Email Open,0
CUST_000149,2025-10-26,Email Open,0
CUST_000149,2024-06-29,Click-Through,369
CUST_000150,2023-01-07,Click-Through,38
CUST_000150,2023-06-28,Email Open,0
CUST_000150,2023-01-18,App Visit,456
CUST_000150,2024-12-26,App Visit,31
CUST_000150,2024-03-13,Email Open,0
CUST_000150,2025-04-26,Social Media,0
CUST_000150,2024-04-18,Email Open,0
CUST_000150,2023-12-14,Email Open,0
CUST_000150,2025-06-07,Click-Through,375
CUST_000150,2025-02-22,App Visit,68
CUST_000150,2024-12-27,Email Open,0
CUST_000150,2023-09-09,Email Open,0
CUST_000150,2023-12-10,Social Media,0
CUST_000150,2023-01-13,Email Open,0
CUST_000151,2025-04-18,Social Media,0
CUST_000151,2025-09-27,Click-Through,348
CUST_000151,2024-12-03,Support Call,0
CUST_000151,2023-07-21,Support Call,0
CUST_000151,2023-06-23,Email Open,0
CUST_000151,2023-03-26,Social Media,0
CUST_000151,2024-07-03,Click-Through,253
CUST_000151,2023-02-06,App Visit,197
CUST_000152,2023-10-12,Click-Through,147
CUST_000152,2023-08-19,Social Media,0
CUST_000152,2025-09-28,Social Media,0
CUST_000152,2024-08-01,Click-Through,164
CUST_000152,2023-11-15,Support Call,0
CUST_000152,2025-11-22,Email Open,0
CUST_000152,2023-02-20,Support Call,0
CUST_000152,2024-10-30,Click-Through,299
CUST_000152,2024-01-30,Email Open,0
CUST_000152,2025-06-01,Click-Through,231
CUST_000152,2025-06-03,Support Call,0
CUST_000153,2025-09-05,Click-Through,100
CUST_000153,2024-06-03,Click-Through,162
CUST_000153,2025-12-10,Social Media,0
CUST_000153,2023-06-26,Social Media,0
CUST_000153,2024-10-14,App Visit,329
CUST_000153,2024-06-03,Email Open,0
CUST_000153,2025-12-21,Social Media,0
CUST_000153,2024-09-16,Email Open,0
CUST_000154,2024-11-13,Email Open,0
CUST_000154,2023-10-07,Click-Through,257
CUST_000154,2025-03-11,Email Open,0
CUST_000154,2025-08-27,Email Open,0
CUST_000154,2024-04-03,Email Open,0
CUST_000155,2023-03-16,Support Call,0
CUST_000155,2023-08-28,Email Open,0
CUST_000155,2024-01-21,App Visit,306
CUST_000155,2024-04-23,Social Media,0
CUST_000155,2024-11-29,Click-Through,365
CUST_000155,2024-10-13,Social Media,0
CUST_000155,2024-01-24,Support Call,0
CUST_000155,2024-04-06,Email Open,0
CUST_000155,2023-06-16,Social Media,0
CUST_000155,2025-03-13,Email Open,0
CUST_000156,2024-01-06,Email Open,0
CUST_000156,2024-09-28,App Visit,368
CUST_000156,2023-12-28,Email Open,0
CUST_000156,2025-05-29,Support Call,0
CUST_000156,2025-02-28,Support Call,0
CUST_000156,2023-11-07,Social Media,0
CUST_000157,2025-12-10,Click-Through,295
CUST_000157,2023-11-16,Click-Through,141
CUST_000157,2024-08-22,Email Open,0
CUST_000157,2023-07-19,Support Call,0
CUST_000157,2024-11-04,Click-Through,82
CUST_000157,2025-05-01,Email Open,0
CUST_000157,2025-10-22,Email Open,0
CUST_000157,2023-01-21,Social Media,0
CUST_000157,2025-03-24,Email Open,0
CUST_000157,2023-01-17,Click-Through,513
CUST_000157,2023-02-11,Email Open,0
CUST_000157,2025-02-14,Click-Through,148
CUST_000157,2023-05-29,Social Media,0
CUST_000157,2023-09-12,App Visit,113
CUST_000158,2023-11-08,Email Open,0
CUST_000158,2025-08-21,Click-Through,560
CUST_000158,2024-11-15,Click-Through,544
CUST_000158,2024-01-01,Email Open,0
CUST_000158,2025-10-23,Email Open,0
CUST_000158,2024-05-01,Click-Through,557
CUST_000158,2025-01-21,Email Open,0
CUST_000158,2025-03-31,App Visit,403
CUST_000158,2025-08-06,Support Call,0
CUST_000158,2025-07-14,Click-Through,113
CUST_000158,2024-10-15,Support Call,0
CUST_000158,2025-06-21,Email Open,0
CUST_000158,2024-10-27,Click-Through,349
CUST_000159,2023-02-19,Email Open,0
CUST_000159,2024-06-04,App Visit,220
CUST_000159,2024-06-24,Click-Through,318
CUST_000160,2024-09-14,Click-Through,556
CUST_000160,2025-05-29,Click-Through,347
CUST_000160,2024-11-18,Email Open,0
CUST_000160,2023-02-11,Email Open,0
CUST_000160,2024-06-15,Social Media,0
CUST_000160,2023-07-04,Click-Through,37
CUST_000160,2024-12-11,Social Media,0
CUST_000160,2023-10-21,Email Open,0
CUST_000161,2023-07-29,App Visit,147
CUST_000161,2025-07-27,Email Open,0
CUST_000161,2024-07-30,Support Call,0
CUST_000161,2023-07-06,Email Open,0
CUST_000161,2024-01-27,Support Call,0
CUST_000162,2024-04-27,Email Open,0
CUST_000162,2024-08-20,Click-Through,483
CUST_000162,2023-05-06,Email Open,0
CUST_000162,2023-09-06,Email Open,0
CUST_000162,2024-01-17,Social Media,0
CUST_000162,2023-01-24,App Visit,500
CUST_000162,2024-03-21,Email Open,0
CUST_000162,2025-07-04,Email Open,0
CUST_000162,2025-11-14,Click-Through,67
CUST_000163,2024-05-07,App Visit,500
CUST_000163,2023-08-18,Support Call,0
CUST_000163,2025-08-19,Email Open,0
CUST_000163,2023-12-29,Social Media,0
CUST_000163,2023-03-05,Social Media,0
CUST_000163,2025-07-26,Email Open,0
CUST_000163,2025-10-19,Email Open,0
CUST_000163,2024-03-04,App Visit,520
CUST_000163,2023-11-18,Social Media,0
CUST_000164,2025-05-16,Email Open,0
CUST_000164,2025-03-04,Email Open,0
CUST_000164,2024-03-01,Email Open,0
CUST_000164,2024-01-07,Social Media,0
CUST_000164,2024-02-25,Social Media,0
CUST_000164,2025-03-24,Email Open,0
CUST_000164,2025-02-18,Email Open,0
CUST_000164,2025-04-11,App Visit,311
CUST_000164,2024-02-10,Click-Through,121
CUST_000164,2025-11-17,Social Media,0
CUST_000165,2023-07-15,Social Media,0
CUST_000165,2023-06-07,Social Media,0
CUST_000165,2023-05-30,Click-Through,287
CUST_000165,2023-03-04,Click-Through,187
CUST_000165,2023-08-13,Email Open,0
CUST_000165,2024-01-26,Email Open,0
CUST_000165,2023-07-28,App Visit,46
CUST_000165,2023-06-13,Email Open,0
CUST_000165,2024-04-15,Email Open,0
CUST_000165,2023-01-20,App Visit,277
CUST_000165,2023-04-16,Social Media,0
CUST_000165,2024-10-09,Social Media,0
CUST_000165,2024-04-17,Email Open,0
CUST_000165,2025-10-28,Click-Through,302
CUST_000165,2025-09-25,Email Open,0
CUST_000166,2023-11-18,App Visit,250
CUST_000166,2025-01-20,Email Open,0
CUST_000166,2023-04-05,Support Call,0
CUST_000166,2025-04-29,Support Call,0
CUST_000166,2023-04-04,App Visit,83
CUST_000166,2023-12-31,Click-Through,566
CUST_000166,2024-03-04,Click-Through,520
CUST_000167,2025-10-30,Email Open,0
CUST_000167,2023-11-29,Email Open,0
CUST_000167,2023-10-22,Email Open,0
CUST_000167,2023-01-09,Social Media,0
CUST_000167,2024-04-12,Click-Through,437
CUST_000167,2025-08-09,Email Open,0
CUST_000167,2023-07-20,Support Call,0
CUST_000168,2024-09-22,Click-Through,30
CUST_000168,2024-07-18,App Visit,554
CUST_000168,2023-04-14,Click-Through,64
CUST_000168,2023-02-12,Email Open,0
CUST_000168,2023-09-06,App Visit,376
CUST_000168,2024-02-23,Email Open,0
CUST_000169,2025-05-16,Email Open,0
CUST_000169,2023-04-06,Click-Through,90
CUST_000169,2023-03-10,Email Open,0
CUST_000169,2023-10-30,App Visit,431
CUST_000169,2025-07-29,Social Media,0
CUST_000169,2024-05-11,Click-Through,556
CUST_000169,2025-04-24,Support Call,0
CUST_000169,2025-02-19,Support Call,0
CUST_000169,2025-10-19,Email Open,0
CUST_000169,2024-08-30,App Visit,349
CUST_000169,2024-01-04,Click-Through,103
CUST_000169,2023-09-17,Click-Through,95
CUST_000169,2025-05-25,Social Media,0
CUST_000169,2025-05-14,Click-Through,395
CUST_000169,2024-09-27,Support Call,0
CUST_000169,2024-12-11,Click-Through,125
CUST_000170,2023-05-20,Social Media,0
CUST_000170,2025-11-19,Email Open,0
CUST_000170,2023-11-10,Email Open,0
CUST_000170,2025-06-01,Social Media,0
CUST_000170,2023-08-02,Support Call,0
CUST_000170,2024-11-23,Email Open,0
CUST_000171,2024-04-27,Email Open,0
CUST_000171,2023-07-22,Social Media,0
CUST_000171,2025-06-07,Social Media,0
CUST_000171,2025-11-13,Support Call,0
CUST_000172,2023-02-18,Email Open,0
CUST_000172,2023-12-28,Email Open,0
CUST_000172,2024-11-17,Social Media,0
CUST_000172,2024-12-20,Click-Through,461
CUST_000172,2023-12-11,Click-Through,418
CUST_000172,2023-10-11,Click-Through,270
CUST_000172,2025-08-27,Email Open,0
CUST_000173,2024-08-25,Social Media,0
CUST_000173,2023-09-21,Email Open,0
CUST_000173,2025-10-24,Click-Through,470
CUST_000173,2023-05-12,Click-Through,436
CUST_000173,2023-02-20,Support Call,0
CUST_000173,2025-02-23,Email Open,0
CUST_000173,2025-11-18,Support Call,0
CUST_000173,2024-12-14,Social Media,0
CUST_000173,2023-10-29,Email Open,0
CUST_000173,2024-04-12,Email Open,0
CUST_000173,2025-10-24,Email Open,0
CUST_000173,2024-09-30,Email Open,0
CUST_000173,2025-03-21,Email Open,0
CUST_000173,2025-07-12,Email Open,0
CUST_000173,2023-05-13,Email Open,0
CUST_000174,2023-11-20,Email Open,0
CUST_000174,2023-03-21,Social Media,0
CUST_000174,2023-12-17,Click-Through,346
CUST_000175,2025-05-28,Click-Through,479
CUST_000175,2023-05-10,Email Open,0
CUST_000175,2025-08-31,Social Media,0
CUST_000175,2025-07-22,Click-Through,513
CUST_000175,2024-07-04,Email Open,0
CUST_000175,2023-10-04,Email Open,0
CUST_000175,2025-06-12,Click-Through,384
CUST_000175,2023-01-15,Email Open,0
CUST_000175,2023-11-20,Email Open,0
CUST_000176,2025-04-05,App Visit,375
CUST_000176,2025-11-07,Social Media,0
CUST_000176,2025-10-21,Support Call,0
CUST_000176,2023-02-27,Email Open,0
CUST_000176,2023-10-27,Support Call,0
CUST_000176,2023-10-10,App Visit,167
CUST_000176,2023-03-29,Email Open,0
CUST_000176,2025-09-18,Click-Through,20
CUST_000176,2025-09-24,Email Open,0
CUST_000176,2024-09-14,Email Open,0
CUST_000176,2025-03-01,Click-Through,74
CUST_000176,2024-07-17,Support Call,0
CUST_000176,2023-12-03,Social Media,0
CUST_000176,2023-11-03,Support Call,0
CUST_000176,2023-11-28,Social Media,0
CUST_000176,2023-07-18,Click-Through,430
CUST_000177,2025-09-02,Social Media,0
CUST_000177,2025-08-16,Support Call,0
CUST_000177,2023-11-09,Email Open,0
CUST_000177,2025-12-09,Social Media,0
CUST_000177,2024-08-09,Email Open,0
CUST_000177,2024-04-04,Email Open,0
CUST_000177,2024-01-12,Email Open,0
CUST_000177,2025-09-13,Email Open,0
CUST_000177,2025-12-06,App Visit,139
CUST_000178,2025-07-25,Social Media,0
CUST_000178,2025-06-04,Email Open,0
CUST_000179,2024-01-18,Click-Through,377
CUST_000179,2024-11-03,Social Media,0
CUST_000179,2025-08-18,Click-Through,585
CUST_000179,2025-12-19,Email Open,0
CUST_000179,2023-01-15,App Visit,217
CUST_000179,2024-10-31,Email Open,0
CUST_000179,2025-12-25,Email Open,0
CUST_000179,2024-02-07,Email Open,0
CUST_000179,2023-06-24,Email Open,0
CUST_000179,2023-01-14,Social Media,0
CUST_000179,2023-09-19,Email Open,0
CUST_000179,2025-03-13,Email Open,0
CUST_000179,2023-09-04,Click-Through,91
CUST_000179,2023-03-01,Support Call,0
CUST_000179,2025-09-06,App Visit,582
CUST_000180,2024-08-01,App Visit,34
CUST_000180,2025-03-16,Email Open,0
CUST_000180,2024-11-19,App Visit,204
CUST_000181,2023-05-06,App Visit,453
CUST_000181,2023-05-16,Click-Through,248
CUST_000181,2024-01-12,Click-Through,548
CUST_000181,2023-07-21,Support Call,0
CUST_000181,2025-08-30,Social Media,0
CUST_000182,2025-06-19,Click-Through,421
CUST_000182,2024-08-06,Support Call,0
CUST_000182,2024-08-05,Click-Through,574
CUST_000182,2025-10-22,Click-Through,495
CUST_000182,2025-09-14,Email Open,0
CUST_000182,2024-10-02,Social Media,0
CUST_000182,2025-03-23,Click-Through,333
CUST_000182,2024-11-06,Social Media,0
CUST_000182,2023-04-24,Email Open,0
CUST_000182,2023-01-18,App Visit,345
CUST_000182,2024-04-19,Email Open,0
CUST_000182,2025-04-15,Social Media,0
CUST_000182,2023-07-04,Click-Through,371
CUST_000183,2023-02-20,Email Open,0
CUST_000183,2025-10-14,Email Open,0
CUST_000183,2023-03-16,Click-Through,522
CUST_000183,2025-05-11,Click-Through,309
CUST_000183,2025-11-10,Social Media,0
CUST_000183,2024-08-01,Support Call,0
CUST_000183,2023-10-25,Social Media,0
CUST_000183,2023-08-03,Click-Through,200
CUST_000183,2025-10-20,Support Call,0
CUST_000184,2024-07-20,App Visit,553
CUST_000184,2023-05-03,Click-Through,326
CUST_000184,2024-10-04,Social Media,0
CUST_000184,2023-01-08,Email Open,0
CUST_000184,2023-03-07,Social Media,0
CUST_000184,2024-02-05,Email Open,0
CUST_000184,2023-01-11,Email Open,0
CUST_000184,2024-05-23,Email Open,0
CUST_000184,2024-11-16,Email Open,0
CUST_000184,2025-10-31,Click-Through,177
CUST_000185,2025-07-13,Support Call,0
CUST_000185,2023-09-02,Click-Through,451
CUST_000185,2024-07-07,Email Open,0
CUST_000185,2023-04-14,App Visit,108
CUST_000185,2025-09-11,Support Call,0
CUST_000185,2025-05-18,Click-Through,154
CUST_000185,2023-03-27,Social Media,0
CUST_000185,2025-08-14,App Visit,212
CUST_000185,2024-09-26,Social Media,0
CUST_000185,2025-07-24,Social Media,0
CUST_000186,2024-07-02,Email Open,0
CUST_000186,2023-06-22,Social Media,0
CUST_000186,2025-02-03,Click-Through,559
CUST_000186,2025-05-01,Social Media,0
CUST_000186,2024-04-22,Click-Through,315
CUST_000186,2023-07-08,Email Open,0
CUST_000186,2025-01-25,Email Open,0
CUST_000187,2023-02-12,Click-Through,482
CUST_000187,2024-05-26,Click-Through,353
CUST_000187,2023-09-09,Email Open,0
CUST_000187,2024-05-27,Support Call,0
CUST_000187,2025-12-14,Click-Through,200
CUST_000187,2025-05-27,Email Open,0
CUST_000187,2025-02-20,Social Media,0
CUST_000188,2023-07-16,Click-Through,435
CUST_000188,2023-07-03,Click-Through,376
CUST_000188,2024-12-27,Email Open,0
CUST_000188,2024-02-02,Email Open,0
CUST_000188,2023-12-27,Click-Through,232
CUST_000188,2024-07-14,Email Open,0
CUST_000188,2024-10-24,Social Media,0
CUST_000188,2024-11-27,Click-Through,516
CUST_000188,2024-06-02,Click-Through,119
CUST_000188,2024-07-30,Click-Through,43
CUST_000188,2023-12-12,Click-Through,452
CUST_000189,2025-11-16,Click-Through,373
CUST_000189,2024-03-02,Social Media,0
CUST_000189,2023-06-27,Email Open,0
CUST_000189,2024-08-29,Support Call,0
CUST_000189,2024-04-26,Email Open,0
CUST_000189,2025-05-05,Social Media,0
CUST_000189,2025-04-23,Click-Through,334
CUST_000189,2025-04-21,Email Open,0
CUST_000189,2023-08-25,Social Media,0
CUST_000190,2024-05-02,Email Open,0
CUST_000190,2024-09-27,Click-Through,548
CUST_000190,2023-04-22,Email Open,0
CUST_000190,2024-11-24,Social Media,0
CUST_000190,2025-07-17,App Visit,395
CUST_000191,2023-07-06,Social Media,0
CUST_000191,2024-12-07,Click-Through,569
CUST_000191,2023-09-02,Email Open,0
CUST_000191,2024-12-02,Support Call,0
CUST_000192,2024-07-27,Support Call,0
CUST_000192,2023-07-28,Support Call,0
CUST_000192,2025-12-02,Email Open,0
CUST_000192,2025-09-22,Email Open,0
CUST_000192,2023-12-23,Click-Through,409
CUST_000193,2025-09-27,Social Media,0
CUST_000193,2025-11-14,Click-Through,178
CUST_000193,2024-05-14,Email Open,0
CUST_000193,2023-06-16,Click-Through,337
CUST_000193,2024-06-22,Click-Through,417
CUST_000193,2023-06-17,Click-Through,593
CUST_000194,2023-02-01,Social Media,0
CUST_000194,2025-04-02,Click-Through,518
CUST_000194,2023-04-03,Social Media,0
CUST_000194,2025-03-23,Email Open,0
CUST_000194,2024-07-03,Support Call,0
CUST_000194,2025-03-18,Email Open,0
CUST_000194,2024-12-02,Click-Through,24
CUST_000194,2023-07-11,Click-Through,212
CUST_000194,2023-09-22,Click-Through,221
CUST_000194,2024-09-05,Email Open,0
CUST_000194,2023-10-26,Email Open,0
CUST_000194,2024-10-08,Social Media,0
CUST_000194,2025-03-25,Email Open,0
CUST_000195,2024-09-05,Click-Through,73
CUST_000195,2024-08-18,Click-Through,362
CUST_000195,2024-05-14,App Visit,523
CUST_000195,2025-08-27,Email Open,0
CUST_000195,2023-09-22,Click-Through,63
CUST_000195,2023-02-11,App Visit,273
CUST_000195,2024-07-04,Social Media,0
CUST_000196,2025-08-26,Email Open,0
CUST_000196,2025-02-11,Social Media,0
CUST_000196,2025-06-30,Email Open,0
CUST_000196,2024-02-20,Email Open,0
CUST_000196,2025-03-29,Support Call,0
CUST_000196,2025-02-03,Email Open,0
CUST_000197,2024-04-18,Email Open,0
CUST_000197,2024-10-12,Click-Through,35
CUST_000197,2024-08-14,Social Media,0
CUST_000197,2023-03-01,App Visit,146
CUST_000197,2025-02-03,Click-Through,479
CUST_000197,2024-11-12,Email Open,0
CUST_000197,2023-03-18,Click-Through,541
CUST_000197,2025-03-28,Click-Through,224
CUST_000198,2025-05-09,Support Call,0
CUST_000198,2024-06-05,Click-Through,324
CUST_000198,2025-04-29,Support Call,0
CUST_000198,2025-03-01,Email Open,0
CUST_000198,2025-05-11,Email Open,0
CUST_000198,2025-08-30,Email Open,0
CUST_000198,2023-10-22,Click-Through,167
CUST_000198,2024-06-08,Social Media,0
CUST_000198,2024-11-24,Support Call,0
CUST_000198,2023-06-27,Click-Through,456
CUST_000199,2023-01-19,Social Media,0
CUST_000199,2023-10-10,Email Open,0
CUST_000199,2024-08-31,Support Call,0
CUST_000199,2023-01-24,Social Media,0
CUST_000199,2024-04-26,Email Open,0
CUST_000199,2025-05-03,Click-Through,354
CUST_000199,2024-10-17,Email Open,0
CUST_000199,2024-02-02,Email Open,0
CUST_000199,2024-11-12,Social Media,0
CUST_000200,2025-04-04,Email Open,0
CUST_000200,2025-04-06,Email Open,0
CUST_000200,2023-04-21,Social Media,0
CUST_000200,2024-09-22,Support Call,0
CUST_000200,2025-12-10,Support Call,0
CUST_000200,2023-07-31,Social Media,0
CUST_000200,2023-02-28,Click-Through,367
CUST_000200,2024-06-05,App Visit,386
CUST_000200,2023-06-08,Click-Through,557
CUST_000200,2023-02-14,Social Media,0
CUST_000200,2023-08-07,Social Media,0
CUST_000200,2024-02-17,Click-Through,308
CUST_000200,2025-10-11,Click-Through,151
CUST_000200,2023-09-09,Email Open,0
CUST_000201,2024-11-29,Email Open,0
CUST_000201,2025-04-05,Social Media,0
CUST_000201,2023-12-28,Social Media,0
CUST_000201,2024-12-20,Click-Through,297
CUST_000201,2023-04-26,Email Open,0
CUST_000201,2024-11-17,Email Open,0
CUST_000201,2023-10-25,Email Open,0
CUST_000201,2024-11-16,Email Open,0
CUST_000202,2025-06-25,Click-Through,517
CUST_000202,2023-07-22,Support Call,0
CUST_000202,2023-07-14,Email Open,0
CUST_000203,2023-03-31,Social Media,0
CUST_000203,2024-02-09,Email Open,0
CUST_000203,2025-08-30,Email Open,0
CUST_000203,2025-12-17,Click-Through,329
CUST_000203,2025-04-22,Click-Through,586
CUST_000203,2023-08-12,Click-Through,441
CUST_000204,2023-08-26,Click-Through,80
CUST_000204,2024-11-05,Social Media,0
CUST_000204,2024-11-28,Click-Through,48
CUST_000204,2023-02-28,Click-Through,42
CUST_000204,2025-03-12,Email Open,0
CUST_000204,2025-01-27,Social Media,0
CUST_000204,2024-03-23,Social Media,0
CUST_000205,2025-12-28,Email Open,0
CUST_000205,2024-10-25,Click-Through,17
CUST_000205,2025-05-23,App Visit,299
CUST_000205,2024-11-22,Social Media,0
CUST_000205,2023-07-26,Social Media,0
CUST_000205,2025-07-09,Support Call,0
CUST_000206,2024-01-02,Email Open,0
CUST_000206,2023-05-05,Social Media,0
CUST_000206,2025-06-30,Email Open,0
CUST_000206,2025-10-25,Email Open,0
CUST_000206,2023-11-16,App Visit,198
CUST_000207,2025-10-19,App Visit,204
CUST_000207,2023-08-04,Social Media,0
CUST_000207,2024-04-12,Click-Through,517
CUST_000207,2025-08-11,Click-Through,191
CUST_000207,2025-04-22,Click-Through,216
CUST_000207,2024-11-30,Email Open,0
CUST_000207,2025-12-12,Email Open,0
CUST_000207,2023-10-21,Social Media,0
CUST_000208,2025-12-23,Support Call,0
CUST_000208,2025-12-24,Click-Through,251
CUST_000208,2025-05-31,Click-Through,34
CUST_000208,2025-10-02,Click-Through,237
CUST_000208,2024-06-15,Social Media,0
CUST_000208,2024-02-16,Social Media,0
CUST_000208,2023-12-24,Click-Through,264
CUST_000208,2025-05-04,Support Call,0
CUST_000208,2025-09-21,Email Open,0
CUST_000208,2023-12-04,Social Media,0
CUST_000208,2025-10-19,Click-Through,416
CUST_000208,2023-09-25,Email Open,0
CUST_000209,2025-07-13,Click-Through,593
CUST_000209,2024-01-11,Click-Through,166
CUST_000209,2023-11-29,Click-Through,72
CUST_000209,2024-05-03,Click-Through,89
CUST_000209,2023-01-24,Social Media,0
CUST_000209,2024-05-25,Social Media,0
CUST_000209,2025-01-08,Email Open,0
CUST_000210,2023-12-04,Email Open,0
CUST_000210,2023-03-29,Email Open,0
CUST_000210,2023-03-13,Email Open,0
CUST_000211,2025-11-13,Email Open,0
CUST_000211,2025-07-06,Click-Through,460
CUST_000211,2023-01-14,Click-Through,348
CUST_000211,2025-06-10,Click-Through,203
CUST_000211,2023-12-31,Social Media,0
CUST_000211,2024-06-21,Email Open,0
CUST_000211,2025-09-11,Social Media,0
CUST_000211,2024-11-12,Click-Through,13
CUST_000212,2025-12-26,Support Call,0
CUST_000212,2025-08-13,Social Media,0
CUST_000212,2024-07-09,Click-Through,136
CUST_000212,2025-09-13,Social Media,0
CUST_000213,2024-06-13,Click-Through,144
CUST_000213,2025-06-07,Click-Through,59
CUST_000213,2025-06-12,Email Open,0
CUST_000213,2023-11-23,Click-Through,346
CUST_000213,2025-10-25,Email Open,0
CUST_000213,2023-05-05,Click-Through,390
CUST_000213,2023-10-20,Social Media,0
CUST_000213,2024-05-11,Email Open,0
CUST_000213,2024-01-18,Email Open,0
CUST_000213,2023-08-01,Click-Through,35
CUST_000214,2025-12-15,Email Open,0
CUST_000214,2025-06-05,Email Open,0
CUST_000214,2024-01-28,Email Open,0
CUST_000214,2024-10-28,Email Open,0
CUST_000214,2025-02-20,Click-Through,408
CUST_000214,2025-11-03,Email Open,0
CUST_000214,2025-10-23,Email Open,0
CUST_000214,2025-02-20,Click-Through,231
CUST_000215,2025-12-16,Click-Through,170
CUST_000215,2025-10-13,Social Media,0
CUST_000215,2023-05-15,Click-Through,57
CUST_000215,2024-04-05,Social Media,0
CUST_000215,2024-03-21,App Visit,245
CUST_000216,2025-09-28,Social Media,0
CUST_000216,2024-04-06,Email Open,0
CUST_000216,2023-03-03,Email Open,0
CUST_000216,2024-05-06,Click-Through,34
CUST_000217,2023-08-09,Email Open,0
CUST_000217,2025-12-12,Support Call,0
CUST_000217,2023-09-15,Click-Through,458
CUST_000217,2025-02-22,Social Media,0
CUST_000217,2025-12-14,Support Call,0
CUST_000217,2023-09-09,App Visit,252
CUST_000217,2023-08-20,Social Media,0
CUST_000217,2023-01-21,Email Open,0
CUST_000218,2023-10-25,Email Open,0
CUST_000218,2023-09-01,Click-Through,195
CUST_000218,2024-11-25,Social Media,0
CUST_000218,2023-06-20,Email Open,0
CUST_000218,2024-03-08,Social Media,0
CUST_000218,2023-04-12,App Visit,399
CUST_000218,2023-03-20,Email Open,0
CUST_000218,2023-08-23,Social Media,0
CUST_000218,2023-08-09,Click-Through,439
CUST_000218,2023-04-14,Email Open,0
CUST_000218,2024-03-08,Social Media,0
CUST_000219,2024-04-14,Social Media,0
CUST_000219,2023-10-09,Social Media,0
CUST_000219,2023-11-23,Click-Through,373
CUST_000219,2024-03-21,Support Call,0
CUST_000219,2025-06-13,Social Media,0
CUST_000219,2025-08-28,Email Open,0
CUST_000219,2024-02-24,Email Open,0
CUST_000219,2023-12-23,Email Open,0
CUST_000219,2023-06-18,Support Call,0
CUST_000220,2024-07-23,Email Open,0
CUST_000220,2024-12-05,Email Open,0
CUST_000220,2025-05-15,Email Open,0
CUST_000220,2025-01-27,Click-Through,287
CUST_000221,2025-09-16,Social Media,0
CUST_000221,2025-06-28,Social Media,0
CUST_000221,2025-02-08,Click-Through,564
CUST_000221,2024-08-07,Email Open,0
CUST_000221,2025-12-06,Click-Through,484
CUST_000222,2023-05-30,Support Call,0
CUST_000222,2025-06-25,Social Media,0
CUST_000222,2025-09-09,Click-Through,29
CUST_000222,2024-01-07,Support Call,0
CUST_000222,2023-02-15,Email Open,0
CUST_000222,2023-10-09,Email Open,0
CUST_000222,2023-01-16,Click-Through,122
CUST_000222,2023-09-08,App Visit,190
CUST_000222,2023-08-31,Email Open,0
CUST_000222,2025-12-01,Social Media,0
CUST_000223,2023-03-16,Click-Through,379
CUST_000223,2025-08-25,Email Open,0
CUST_000223,2025-08-16,App Visit,49
CUST_000223,2023-05-29,Support Call,0
CUST_000223,2023-09-06,Social Media,0
CUST_000223,2025-08-29,Social Media,0
CUST_000223,2025-03-09,Social Media,0
CUST_000224,2025-08-23,App Visit,595
CUST_000224,2023-03-07,Email Open,0
CUST_000224,2023-06-07,Social Media,0
CUST_000224,2024-04-05,Social Media,0
CUST_000224,2024-04-12,Social Media,0
CUST_000225,2025-12-07,App Visit,312
CUST_000225,2023-05-18,Email Open,0
CUST_000225,2023-11-26,Email Open,0
CUST_000225,2024-11-20,Click-Through,250
CUST_000225,2024-01-30,Email Open,0
CUST_000225,2023-06-07,Email Open,0
CUST_000225,2024-11-22,Support Call,0
CUST_000226,2023-09-08,Click-Through,445
CUST_000226,2023-02-15,Email Open,0
CUST_000227,2025-10-16,Email Open,0
CUST_000227,2025-07-17,Social Media,0
CUST_000227,2025-04-05,Email Open,0
CUST_000227,2023-07-22,Click-Through,385
CUST_000227,2024-09-17,Email Open,0
CUST_000227,2024-08-07,Social Media,0
CUST_000227,2025-04-14,Social Media,0
CUST_000227,2025-03-31,Click-Through,257
CUST_000227,2025-01-23,Click-Through,96
CUST_000227,2025-08-18,Email Open,0
CUST_000227,2025-02-13,App Visit,94
CUST_000227,2025-12-07,Click-Through,406
CUST_000227,2023-07-26,Support Call,0
CUST_000227,2023-03-11,Support Call,0
CUST_000228,2025-01-23,App Visit,99
CUST_000228,2023-05-18,Email Open,0
CUST_000228,2024-06-13,Email Open,0
CUST_000228,2025-12-29,Social Media,0
CUST_000229,2025-05-06,Email Open,0
CUST_000229,2024-07-25,Email Open,0
CUST_000229,2024-09-03,Email Open,0
CUST_000229,2024-01-31,Email Open,0
CUST_000229,2025-07-29,Support Call,0
CUST_000229,2023-09-03,Click-Through,293
CUST_000229,2024-01-27,Email Open,0
CUST_000229,2025-02-20,Social Media,0
CUST_000229,2025-05-22,Click-Through,240
CUST_000229,2023-08-20,Email Open,0
CUST_000229,2024-01-10,Support Call,0
CUST_000229,2024-01-06,Social Media,0
CUST_000229,2024-04-09,Social Media,0
CUST_000229,2023-12-20,Support Call,0
CUST_000229,2025-08-01,Social Media,0
CUST_000229,2023-08-16,Click-Through,254
CUST_000230,2024-09-26,Click-Through,237
CUST_000230,2025-02-03,Click-Through,460
CUST_000230,2023-01-08,Email Open,0
CUST_000230,2023-12-05,Email Open,0
CUST_000230,2025-02-14,Social Media,0
CUST_000230,2024-03-18,Click-Through,528
CUST_000230,2023-09-19,Email Open,0
CUST_000230,2023-11-13,App Visit,535
CUST_000231,2024-04-08,Social Media,0
CUST_000231,2024-08-13,Click-Through,519
CUST_000232,2023-09-01,Click-Through,182
CUST_000232,2025-08-06,Social Media,0
CUST_000232,2024-10-08,Click-Through,229
CUST_000232,2025-11-21,Click-Through,226
CUST_000232,2025-05-03,Click-Through,563
CUST_000232,2025-04-01,Click-Through,545
CUST_000232,2025-09-08,Social Media,0
CUST_000233,2023-12-12,Social Media,0
CUST_000233,2023-04-26,Support Call,0
CUST_000233,2025-10-31,Social Media,0
CUST_000233,2024-02-21,Click-Through,538
CUST_000233,2025-07-10,Social Media,0
CUST_000233,2025-07-29,Click-Through,250
CUST_000233,2024-11-26,Email Open,0
CUST_000233,2024-09-18,App Visit,373
CUST_000233,2023-05-10,Click-Through,182
CUST_000233,2025-04-13,Click-Through,288
CUST_000233,2024-04-06,Social Media,0
CUST_000233,2023-09-28,Support Call,0
CUST_000233,2025-04-14,Social Media,0
CUST_000234,2024-12-16,Support Call,0
CUST_000234,2023-05-31,Email Open,0
CUST_000234,2023-08-04,Email Open,0
CUST_000234,2024-10-05,Email Open,0
CUST_000234,2024-10-31,App Visit,381
CUST_000234,2025-04-28,Support Call,0
CUST_000234,2023-10-07,Email Open,0
CUST_000234,2024-07-17,Click-Through,127
CUST_000234,2024-11-29,Social Media,0
CUST_000234,2023-11-21,Click-Through,112
CUST_000235,2024-11-03,Click-Through,562
CUST_000235,2025-04-06,Support Call,0
CUST_000235,2024-08-19,Email Open,0
CUST_000235,2023-02-25,App Visit,478
CUST_000235,2024-05-15,Email Open,0
CUST_000235,2025-03-04,App Visit,240
CUST_000235,2024-06-08,Email Open,0
CUST_000235,2025-07-09,Social Media,0
CUST_000235,2023-08-08,Email Open,0
CUST_000235,2023-03-23,Email Open,0
CUST_000236,2023-02-21,Email Open,0
CUST_000236,2025-03-19,Social Media,0
CUST_000236,2023-02-26,Email Open,0
CUST_000236,2023-09-19,Email Open,0
CUST_000236,2024-12-10,Social Media,0
CUST_000236,2024-07-10,Email Open,0
CUST_000237,2025-09-01,Social Media,0
CUST_000238,2025-02-10,Support Call,0
CUST_000238,2023-03-06,Email Open,0
CUST_000238,2023-08-03,App Visit,486
CUST_000238,2023-02-13,Click-Through,32
CUST_000238,2024-10-22,Click-Through,406
CUST_000239,2025-04-20,Social Media,0
CUST_000239,2024-06-02,Social Media,0
CUST_000239,2025-10-29,Social Media,0
CUST_000239,2025-04-02,Click-Through,325
CUST_000239,2023-05-02,Social Media,0
CUST_000239,2023-11-01,Social Media,0
CUST_000239,2023-09-17,Social Media,0
CUST_000240,2025-08-01,Email Open,0
CUST_000240,2023-06-11,Email Open,0
CUST_000240,2024-05-09,Click-Through,96
CUST_000240,2025-04-30,Click-Through,436
CUST_000240,2024-03-18,Social Media,0
CUST_000240,2025-11-02,Social Media,0
CUST_000240,2023-03-15,Click-Through,439
CUST_000240,2023-04-11,Support Call,0
CUST_000240,2023-09-07,Social Media,0
CUST_000240,2025-05-09,Click-Through,473
CUST_000241,2024-07-23,Click-Through,117
CUST_000241,2025-07-19,Social Media,0
CUST_000241,2025-12-02,Email Open,0
CUST_000241,2025-10-14,Social Media,0
CUST_000241,2024-11-27,Support Call,0
CUST_000241,2023-07-06,Social Media,0
CUST_000241,2025-06-03,App Visit,564
CUST_000241,2024-09-25,App Visit,467
CUST_000241,2025-06-29,Click-Through,19
CUST_000241,2024-03-21,Click-Through,233
CUST_000241,2023-07-18,Email Open,0
CUST_000241,2023-11-21,Social Media,0
CUST_000241,2024-04-02,Click-Through,530
CUST_000241,2023-01-04,Click-Through,233
CUST_000241,2025-06-17,Social Media,0
CUST_000241,2023-06-27,Email Open,0
CUST_000241,2023-10-30,Email Open,0
CUST_000242,2025-05-23,App Visit,60
CUST_000242,2025-05-13,Click-Through,279
CUST_000242,2025-02-06,Email Open,0
CUST_000242,2024-12-13,Social Media,0
CUST_000242,2024-02-23,Click-Through,559
CUST_000242,2023-10-16,Click-Through,399
CUST_000242,2023-06-08,Email Open,0
CUST_000242,2025-01-16,Click-Through,305
CUST_000242,2024-03-06,Social Media,0
CUST_000242,2024-07-08,Social Media,0
CUST_000243,2023-02-14,Social Media,0
CUST_000243,2023-02-20,Social Media,0
CUST_000243,2023-10-12,App Visit,132
CUST_000243,2025-11-03,Click-Through,42
CUST_000244,2025-07-02,Click-Through,320
CUST_000244,2025-05-31,Email Open,0
CUST_000245,2024-01-15,Social Media,0
CUST_000245,2023-03-04,Email Open,0
CUST_000245,2023-08-29,Social Media,0
CUST_000245,2024-01-13,Email Open,0
CUST_000245,2023-12-06,Click-Through,190
CUST_000245,2025-10-03,Click-Through,393
CUST_000245,2024-11-01,Email Open,0
CUST_000245,2023-05-03,Email Open,0
CUST_000246,2023-07-04,Click-Through,55
CUST_000246,2025-05-22,Email Open,0
CUST_000246,2025-08-06,Email Open,0
CUST_000246,2025-08-18,Email Open,0
CUST_000246,2023-04-21,App Visit,46
CUST_000246,2025-03-16,Email Open,0
CUST_000247,2025-02-22,App Visit,67
CUST_000247,2024-04-21,Email Open,0
CUST_000247,2024-01-22,Email Open,0
CUST_000247,2025-11-11,Social Media,0
CUST_000247,2025-02-11,Email Open,0
CUST_000247,2024-02-08,Email Open,0
CUST_000247,2023-12-09,Click-Through,461
CUST_000247,2025-03-08,App Visit,400
CUST_000247,2025-09-27,Support Call,0
CUST_000248,2024-05-10,App Visit,294
CUST_000248,2024-03-17,Click-Through,136
CUST_000248,2024-10-23,Click-Through,523
CUST_000248,2024-08-26,Social Media,0
CUST_000248,2024-06-16,Email Open,0
CUST_000248,2024-03-19,Social Media,0
CUST_000249,2023-07-28,Email Open,0
CUST_000249,2025-06-01,App Visit,399
CUST_000249,2024-12-02,Email Open,0
CUST_000249,2025-08-12,Click-Through,198
CUST_000250,2023-08-05,App Visit,203
CUST_000250,2024-08-25,Click-Through,381
CUST_000250,2025-09-11,Social Media,0
CUST_000250,2024-07-23,Click-Through,318
CUST_000250,2023-05-18,App Visit,271
CUST_000250,2024-06-12,Email Open,0
CUST_000251,2024-06-17,Click-Through,360
CUST_000251,2023-02-23,Social Media,0
CUST_000251,2024-12-27,Email Open,0
CUST_000251,2025-05-09,Social Media,0
CUST_000251,2023-11-16,Click-Through,132
CUST_000252,2024-07-07,Email Open,0
CUST_000252,2023-10-03,Email Open,0
CUST_000252,2025-04-12,Email Open,0
CUST_000252,2025-01-14,Click-Through,315
CUST_000252,2024-09-02,Support Call,0
CUST_000252,2023-09-16,App Visit,46
CUST_000252,2024-06-18,Click-Through,523
CUST_000252,2023-09-23,Support Call,0
CUST_000252,2023-12-12,Click-Through,510
CUST_000252,2023-10-20,Social Media,0
CUST_000252,2023-07-24,Social Media,0
CUST_000252,2023-11-12,Click-Through,458
CUST_000253,2024-03-24,Email Open,0
CUST_000253,2024-08-26,Support Call,0
CUST_000253,2025-10-13,Social Media,0
CUST_000253,2024-02-10,Click-Through,242
CUST_000253,2024-09-08,Click-Through,319
CUST_000253,2025-07-31,Email Open,0
CUST_000253,2025-05-18,Social Media,0
CUST_000254,2023-03-28,Social Media,0
CUST_000254,2025-09-02,Click-Through,204
CUST_000254,2024-10-03,Social Media,0
CUST_000254,2024-01-19,Email Open,0
CUST_000255,2025-12-07,Email Open,0
CUST_000255,2025-06-28,Click-Through,469
CUST_000255,2023-03-27,Email Open,0
CUST_000255,2024-05-07,Click-Through,289
CUST_000255,2025-05-17,Social Media,0
CUST_000255,2023-10-29,Email Open,0
CUST_000255,2024-04-27,Social Media,0
CUST_000255,2024-01-24,Support Call,0
CUST_000255,2024-12-29,Click-Through,436
CUST_000255,2023-08-28,Click-Through,189
CUST_000255,2025-06-09,Email Open,0
CUST_000255,2023-01-23,Click-Through,67
CUST_000255,2023-06-17,Social Media,0
CUST_000256,2024-05-26,Support Call,0
CUST_000256,2024-03-18,Click-Through,44
CUST_000257,2023-11-20,Support Call,0
CUST_000257,2024-06-19,Email Open,0
CUST_000257,2025-02-14,Click-Through,329
CUST_000257,2025-08-05,Social Media,0
CUST_000258,2023-03-19,Click-Through,363
CUST_000258,2023-12-31,App Visit,554
CUST_000258,2023-04-16,App Visit,397
CUST_000258,2025-11-05,Social Media,0
CUST_000258,2025-04-15,Social Media,0
CUST_000258,2023-09-28,Social Media,0
CUST_000259,2025-03-19,Click-Through,53
CUST_000259,2023-01-15,Email Open,0
CUST_000259,2024-05-22,Social Media,0
CUST_000259,2024-09-05,Email Open,0
CUST_000259,2023-12-21,Click-Through,211
CUST_000259,2023-01-30,Email Open,0
CUST_000259,2024-09-29,Social Media,0
CUST_000259,2025-10-19,Social Media,0
CUST_000259,2025-01-14,Email Open,0
CUST_000259,2023-09-16,Click-Through,97
CUST_000260,2024-08-13,Social Media,0
CUST_000260,2025-01-08,Email Open,0
CUST_000260,2025-04-03,App Visit,204
CUST_000260,2023-09-28,Email Open,0
CUST_000260,2024-12-10,Click-Through,420
CUST_000260,2023-03-18,Support Call,0
CUST_000260,2023-11-18,Email Open,0
CUST_000260,2023-09-01,Email Open,0
CUST_000260,2023-09-14,Social Media,0
CUST_000260,2025-12-26,Email Open,0
CUST_000260,2025-10-30,Support Call,0
CUST_000260,2025-10-21,Email Open,0
CUST_000261,2023-03-08,App Visit,310
CUST_000261,2023-05-17,Social Media,0
CUST_000261,2024-07-10,App Visit,500
CUST_000262,2025-07-04,Social Media,0
CUST_000262,2024-01-16,Social Media,0
CUST_000262,2025-02-06,Email Open,0
CUST_000262,2024-06-01,Support Call,0
CUST_000262,2025-09-14,Social Media,0
CUST_000262,2023-08-24,Support Call,0
CUST_000262,2025-08-20,Email Open,0
CUST_000262,2024-06-18,Email Open,0
CUST_000262,2024-04-05,Click-Through,363
CUST_000262,2024-09-25,Click-Through,44
CUST_000262,2024-02-08,Social Media,0
CUST_000262,2024-04-22,Click-Through,349
CUST_000262,2025-08-20,Social Media,0
CUST_000262,2025-03-18,Click-Through,121
CUST_000262,2024-06-24,Click-Through,384
CUST_000262,2025-08-27,Social Media,0
CUST_000263,2024-05-12,Email Open,0
CUST_000263,2023-01-18,App Visit,163
CUST_000263,2025-03-02,Email Open,0
CUST_000263,2025-08-29,Social Media,0
CUST_000263,2024-06-20,Click-Through,171
CUST_000263,2025-03-05,Support Call,0
CUST_000263,2024-06-15,Support Call,0
CUST_000263,2023-11-15,Click-Through,232
CUST_000263,2024-02-20,Email Open,0
CUST_000263,2023-12-07,Email Open,0
CUST_000264,2025-03-22,Email Open,0
CUST_000264,2024-06-14,Click-Through,191
CUST_000264,2024-08-10,Social Media,0
CUST_000264,2025-06-29,Email Open,0
CUST_000264,2024-01-28,Social Media,0
CUST_000264,2025-01-21,Support Call,0
CUST_000264,2024-01-10,Email Open,0
CUST_000264,2025-01-23,Email Open,0
CUST_000264,2024-10-11,Click-Through,478
CUST_000264,2025-12-23,Email Open,0
CUST_000264,2023-04-04,Social Media,0
CUST_000265,2024-03-27,Support Call,0
CUST_000265,2025-04-06,Email Open,0
CUST_000265,2023-10-16,Support Call,0
CUST_000265,2024-06-17,Email Open,0
CUST_000265,2023-09-17,Email Open,0
CUST_000265,2024-10-24,Email Open,0
CUST_000265,2025-10-02,Email Open,0
CUST_000266,2024-03-25,Click-Through,405
CUST_000266,2023-02-18,Email Open,0
CUST_000266,2025-01-19,Email Open,0
CUST_000266,2024-10-14,Click-Through,86
CUST_000267,2025-02-27,Social Media,0
CUST_000267,2024-10-25,Email Open,0
CUST_000267,2023-06-05,Click-Through,322
CUST_000267,2024-11-30,App Visit,511
CUST_000267,2025-06-13,Email Open,0
CUST_000267,2024-02-18,Click-Through,57
CUST_000267,2024-02-24,App Visit,400
CUST_000267,2024-12-20,Email Open,0
CUST_000268,2024-05-16,Email Open,0
CUST_000268,2024-02-25,Email Open,0
CUST_000268,2025-11-30,Email Open,0
CUST_000268,2025-02-03,Social Media,0
CUST_000268,2023-05-14,Social Media,0
CUST_000268,2025-08-14,Social Media,0
CUST_000268,2023-08-06,Email Open,0
CUST_000268,2025-12-19,Social Media,0
CUST_000269,2023-03-07,Email Open,0
CUST_000269,2025-02-08,Social Media,0
CUST_000269,2025-10-18,Social Media,0
CUST_000269,2024-10-14,Click-Through,310
CUST_000269,2023-07-11,Click-Through,97
CUST_000269,2025-02-05,Social Media,0
CUST_000270,2025-11-09,Support Call,0
CUST_000270,2024-08-06,Support Call,0
CUST_000270,2024-09-04,Support Call,0
CUST_000270,2024-01-07,Click-Through,51
CUST_000270,2025-01-13,Social Media,0
CUST_000270,2024-01-22,Social Media,0
CUST_000270,2025-12-24,Click-Through,507
CUST_000270,2025-06-05,App Visit,157
CUST_000271,2023-09-27,Email Open,0
CUST_000271,2025-06-06,Click-Through,234
CUST_000271,2024-11-22,Email Open,0
CUST_000271,2023-11-17,Support Call,0
CUST_000271,2025-11-02,Social Media,0
CUST_000271,2025-04-29,Email Open,0
CUST_000271,2023-04-24,Social Media,0
CUST_000272,2024-09-11,Social Media,0
CUST_000272,2025-05-23,Email Open,0
CUST_000272,2025-04-14,Click-Through,392
CUST_000273,2023-09-12,Click-Through,515
CUST_000273,2023-06-11,App Visit,334
CUST_000273,2024-02-08,Click-Through,596
CUST_000273,2024-08-29,Click-Through,397
CUST_000273,2024-08-19,Email Open,0
CUST_000273,2025-07-26,Click-Through,302
CUST_000273,2024-03-02,App Visit,455
CUST_000273,2023-11-03,Social Media,0
CUST_000273,2024-03-23,Social Media,0
CUST_000274,2025-09-01,Email Open,0
CUST_000274,2025-05-04,Email Open,0
CUST_000274,2024-05-08,App Visit,111
CUST_000274,2023-10-09,App Visit,503
CUST_000274,2024-08-01,Email Open,0
CUST_000275,2024-04-04,Email Open,0
CUST_000275,2023-07-26,Social Media,0
CUST_000275,2025-11-24,Social Media,0
CUST_000275,2025-05-08,Email Open,0
CUST_000275,2024-02-10,App Visit,266
CUST_000276,2023-11-10,Social Media,0
CUST_000277,2023-09-14,Click-Through,142
CUST_000277,2024-08-07,App Visit,384
CUST_000277,2023-03-13,Support Call,0
CUST_000277,2025-10-23,Email Open,0
CUST_000277,2025-12-24,Email Open,0
CUST_000277,2023-10-04,Email Open,0
CUST_000278,2025-04-17,Social Media,0
CUST_000278,2025-07-02,Email Open,0
CUST_000278,2023-07-29,Email Open,0
CUST_000278,2024-12-15,Social Media,0
CUST_000278,2023-09-16,Email Open,0
CUST_000279,2024-06-16,Email Open,0
CUST_000279,2023-04-27,Click-Through,507
CUST_000279,2023-07-08,Social Media,0
CUST_000279,2024-02-29,Support Call,0
CUST_000279,2025-01-29,Support Call,0
CUST_000279,2024-02-27,Click-Through,207
CUST_000280,2024-10-22,Email Open,0
CUST_000280,2024-10-02,App Visit,346
CUST_000280,2023-11-23,Click-Through,565
CUST_000280,2023-10-06,Social Media,0
CUST_000281,2024-01-07,Click-Through,532
CUST_000281,2023-10-21,Social Media,0
CUST_000281,2025-03-24,Click-Through,344
CUST_000281,2024-11-27,Click-Through,264
CUST_000281,2025-04-01,Support Call,0
CUST_000281,2024-08-25,Social Media,0
CUST_000281,2023-07-29,Click-Through,239
CUST_000282,2025-03-18,App Visit,323
CUST_000282,2025-11-28,Email Open,0
CUST_000282,2025-02-13,Email Open,0
CUST_000282,2024-05-31,Email Open,0
CUST_000282,2023-02-05,Email Open,0
CUST_000282,2024-09-24,Email Open,0
CUST_000282,2024-01-22,App Visit,431
CUST_000282,2024-11-23,Click-Through,216
CUST_000282,2025-01-18,Click-Through,221
CUST_000282,2025-01-30,Click-Through,438
CUST_000282,2023-11-13,App Visit,205
CUST_000283,2025-01-22,Support Call,0
CUST_000283,2024-03-25,Social Media,0
CUST_000283,2024-08-27,App Visit,49
CUST_000283,2025-06-19,Social Media,0
CUST_000283,2023-05-31,Email Open,0
CUST_000284,2025-12-06,Email Open,0
CUST_000284,2023-03-13,App Visit,334
CUST_000284,2024-04-02,Email Open,0
CUST_000284,2025-01-04,Email Open,0
CUST_000284,2023-02-07,App Visit,593
CUST_000284,2025-09-25,Support Call,0
CUST_000284,2025-09-01,Email Open,0
CUST_000284,2023-07-16,Support Call,0
CUST_000284,2023-05-15,App Visit,12
CUST_000284,2023-07-29,Click-Through,330
CUST_000284,2025-07-13,Email Open,0
CUST_000284,2023-10-16,Email Open,0
CUST_000285,2024-06-18,Support Call,0
CUST_000285,2024-02-05,Social Media,0
CUST_000285,2024-06-17,App Visit,347
CUST_000285,2025-02-02,Social Media,0
CUST_000285,2023-09-26,App Visit,265
CUST_000285,2024-09-29,Email Open,0
CUST_000285,2025-02-25,App Visit,593
CUST_000285,2023-05-08,Email Open,0
CUST_000285,2023-03-07,Social Media,0
CUST_000286,2024-10-05,App Visit,195
CUST_000286,2024-02-21,Email Open,0
CUST_000286,2024-09-10,Email Open,0
CUST_000286,2024-04-17,Social Media,0
CUST_000286,2023-07-27,Social Media,0
CUST_000286,2023-06-04,Click-Through,61
CUST_000286,2025-08-16,Email Open,0
CUST_000286,2023-08-10,Click-Through,176
CUST_000286,2024-07-20,Click-Through,496
CUST_000286,2024-04-08,Social Media,0
CUST_000287,2025-12-30,Support Call,0
CUST_000287,2023-06-20,Social Media,0
CUST_000287,2024-09-20,Email Open,0
CUST_000287,2025-05-20,Support Call,0
CUST_000287,2025-03-12,Click-Through,425
CUST_000287,2024-03-24,Email Open,0
CUST_000287,2025-02-16,Social Media,0
CUST_000288,2023-03-04,Support Call,0
CUST_000288,2024-10-09,Social Media,0
CUST_000288,2023-11-24,Social Media,0
CUST_000288,2023-05-11,Click-Through,429
CUST_000288,2025-02-05,Email Open,0
CUST_000288,2023-04-03,Social Media,0
CUST_000288,2023-09-10,Click-Through,237
CUST_000288,2025-11-19,Click-Through,126
CUST_000288,2023-04-08,Click-Through,590
CUST_000288,2023-06-30,Email Open,0
CUST_000288,2023-05-18,Social Media,0
CUST_000289,2025-04-18,Email Open,0
CUST_000289,2025-05-01,Click-Through,482
CUST_000289,2024-08-13,Support Call,0
CUST_000289,2023-05-24,Email Open,0
CUST_000289,2023-07-02,Click-Through,123
CUST_000289,2025-11-03,Email Open,0
CUST_000289,2023-02-17,App Visit,178
CUST_000289,2024-12-13,Email Open,0
CUST_000289,2023-09-12,Social Media,0
CUST_000290,2025-06-22,Social Media,0
CUST_000290,2023-12-20,Social Media,0
CUST_000290,2023-02-17,Click-Through,55
CUST_000290,2025-12-09,App Visit,38
CUST_000290,2025-11-09,Click-Through,345
CUST_000290,2023-08-25,Email Open,0
CUST_000291,2023-10-14,Support Call,0
CUST_000291,2023-01-13,Click-Through,88
CUST_000291,2023-09-27,Click-Through,211
CUST_000291,2023-11-19,Social Media,0
CUST_000291,2023-12-24,Email Open,0
CUST_000292,2025-03-17,Email Open,0
CUST_000292,2025-12-01,Click-Through,518
CUST_000292,2023-10-12,Social Media,0
CUST_000292,2024-07-02,Email Open,0
CUST_000292,2024-08-08,Email Open,0
CUST_000292,2025-04-23,Email Open,0
CUST_000293,2023-11-07,Social Media,0
CUST_000293,2024-08-06,Email Open,0
CUST_000293,2024-04-09,Email Open,0
CUST_000293,2025-06-07,Social Media,0
CUST_000293,2025-09-01,Click-Through,118
CUST_000293,2023-11-22,Email Open,0
CUST_000293,2024-11-29,Click-Through,82
CUST_000293,2025-02-24,Email Open,0
CUST_000293,2023-05-05,Click-Through,158
CUST_000293,2025-08-09,Email Open,0
CUST_000293,2025-03-27,Click-Through,576
CUST_000294,2024-11-16,Email Open,0
CUST_000294,2025-05-08,Support Call,0
CUST_000294,2024-03-16,Email Open,0
CUST_000294,2024-12-19,Support Call,0
CUST_000294,2025-09-29,Click-Through,462
CUST_000294,2023-08-17,Click-Through,139
CUST_000294,2023-12-25,Email Open,0
CUST_000294,2025-11-17,Click-Through,577
CUST_000294,2025-12-08,Email Open,0
CUST_000295,2025-04-04,Email Open,0
CUST_000295,2023-10-07,App Visit,41
CUST_000295,2024-01-07,Click-Through,64
CUST_000295,2023-12-30,Support Call,0
CUST_000296,2023-02-16,Support Call,0
CUST_000296,2024-12-01,App Visit,94
CUST_000296,2025-04-06,Click-Through,173
CUST_000296,2023-01-19,Click-Through,46
CUST_000296,2024-08-29,Email Open,0
CUST_000296,2025-12-16,Email Open,0
CUST_000297,2024-12-09,Email Open,0
CUST_000297,2023-10-05,App Visit,384
CUST_000297,2023-12-14,Click-Through,470
CUST_000297,2025-08-15,Email Open,0
CUST_000297,2025-08-27,Email Open,0
CUST_000297,2023-03-29,Social Media,0
CUST_000298,2024-05-07,Support Call,0
CUST_000298,2025-05-28,Click-Through,134
CUST_000298,2024-02-28,Email Open,0
CUST_000298,2023-06-16,Click-Through,470
CUST_000298,2023-09-23,Support Call,0
CUST_000298,2024-02-22,Email Open,0
CUST_000298,2024-05-12,Email Open,0
CUST_000299,2025-11-18,Support Call,0
CUST_000299,2024-03-19,Email Open,0
CUST_000299,2023-06-21,Social Media,0
CUST_000299,2024-01-31,Email Open,0
CUST_000299,2025-05-07,Support Call,0
CUST_000299,2025-08-12,Email Open,0
CUST_000299,2023-06-25,Social Media,0
CUST_000300,2025-01-17,Email Open,0
CUST_000300,2023-05-09,Email Open,0
CUST_000300,2023-11-01,Email Open,0
CUST_000301,2023-03-22,Social Media,0
CUST_000301,2025-09-15,Email Open,0
CUST_000301,2025-12-13,Email Open,0
CUST_000302,2025-07-23,App Visit,572
CUST_000302,2023-04-17,Email Open,0
CUST_000302,2024-12-03,Email Open,0
CUST_000302,2023-06-07,Social Media,0
CUST_000302,2024-11-24,Email Open,0
CUST_000302,2023-11-11,Email Open,0
CUST_000302,2023-03-07,Click-Through,580
CUST_000302,2023-06-11,Email Open,0
CUST_000302,2023-06-17,Email Open,0
CUST_000302,2024-10-30,Email Open,0
CUST_000303,2023-01-22,Click-Through,307
CUST_000303,2024-06-27,Click-Through,465
CUST_000303,2024-01-30,Email Open,0
CUST_000303,2023-12-13,App Visit,174
CUST_000303,2025-01-15,Click-Through,434
CUST_000303,2024-09-07,Email Open,0
CUST_000303,2023-03-01,Click-Through,22
CUST_000304,2025-08-07,Click-Through,408
CUST_000304,2024-02-03,Email Open,0
CUST_000304,2023-03-17,Email Open,0
CUST_000304,2025-06-23,Click-Through,592
CUST_000304,2025-06-03,Click-Through,510
CUST_000304,2023-04-09,Social Media,0
CUST_000305,2025-09-17,Social Media,0
CUST_000305,2024-10-08,Support Call,0
CUST_000305,2024-11-26,Email Open,0
CUST_000305,2025-06-14,Email Open,0
CUST_000305,2023-01-28,Support Call,0
CUST_000305,2024-05-26,Social Media,0
CUST_000305,2023-08-15,Click-Through,51
CUST_000305,2023-08-17,Email Open,0
CUST_000305,2023-05-25,App Visit,209
CUST_000305,2025-06-21,Email Open,0
CUST_000305,2023-08-20,Click-Through,251
CUST_000305,2023-09-01,Click-Through,193
CUST_000305,2025-03-05,Email Open,0
CUST_000305,2023-03-21,Email Open,0
CUST_000306,2024-06-22,Click-Through,92
CUST_000306,2025-11-22,App Visit,162
CUST_000306,2023-01-06,Email Open,0
CUST_000306,2023-09-09,Email Open,0
CUST_000306,2024-04-04,Email Open,0
CUST_000306,2024-12-05,Email Open,0
CUST_000306,2025-04-22,Email Open,0
CUST_000306,2024-10-17,Email Open,0
CUST_000306,2024-11-25,Click-Through,571
CUST_000306,2025-03-10,Email Open,0
CUST_000307,2024-05-23,Email Open,0
CUST_000307,2025-08-18,Email Open,0
CUST_000307,2025-01-29,Social Media,0
CUST_000307,2024-02-07,Email Open,0
CUST_000307,2025-03-11,Social Media,0
CUST_000307,2025-05-11,Email Open,0
CUST_000307,2024-02-18,Email Open,0
CUST_000307,2023-11-10,Email Open,0
CUST_000307,2023-04-13,Click-Through,185
CUST_000308,2023-05-07,Support Call,0
CUST_000308,2024-07-22,Click-Through,38
CUST_000308,2023-03-27,Social Media,0
CUST_000308,2024-11-25,Support Call,0
CUST_000308,2024-12-31,Email Open,0
CUST_000308,2023-03-25,Email Open,0
CUST_000308,2023-03-22,Click-Through,470
CUST_000308,2025-06-15,Email Open,0
CUST_000308,2023-03-08,Email Open,0
CUST_000308,2025-12-18,Email Open,0
CUST_000308,2025-10-17,Email Open,0
CUST_000309,2024-12-04,Email Open,0
CUST_000309,2023-09-18,App Visit,112
CUST_000309,2024-11-03,App Visit,241
CUST_000309,2023-04-30,Support Call,0
CUST_000309,2025-11-07,Email Open,0
CUST_000309,2025-01-12,Click-Through,495
CUST_000309,2023-06-17,Click-Through,450
CUST_000309,2023-01-28,Email Open,0
CUST_000309,2024-06-10,Support Call,0
CUST_000309,2023-07-12,Click-Through,597
CUST_000309,2023-12-17,Click-Through,180
CUST_000309,2025-12-22,Email Open,0
CUST_000309,2023-06-11,Social Media,0
CUST_000309,2024-04-26,Click-Through,195
CUST_000309,2025-06-24,Social Media,0
CUST_000309,2025-03-28,Email Open,0
CUST_000309,2025-06-11,Email Open,0
CUST_000310,2023-06-10,Email Open,0
CUST_000310,2023-02-23,Email Open,0
CUST_000310,2023-09-02,Click-Through,515
CUST_000310,2025-09-09,Click-Through,316
CUST_000310,2023-01-13,Email Open,0
CUST_000310,2024-03-20,Click-Through,392
CUST_000310,2025-12-20,Email Open,0
CUST_000310,2025-11-24,Social Media,0
CUST_000310,2025-12-14,Click-Through,137
CUST_000310,2023-06-01,Email Open,0
CUST_000311,2024-10-04,Click-Through,336
CUST_000311,2025-03-02,Email Open,0
CUST_000311,2024-02-22,App Visit,125
CUST_000311,2025-07-22,Email Open,0
CUST_000311,2025-04-08,Support Call,0
CUST_000311,2024-12-22,Click-Through,366
CUST_000311,2023-10-22,Click-Through,215
CUST_000312,2023-11-17,Email Open,0
CUST_000312,2025-08-23,Social Media,0
CUST_000312,2024-04-17,App Visit,366
CUST_000312,2023-06-12,Email Open,0
CUST_000312,2023-09-24,Social Media,0
CUST_000312,2023-05-27,Click-Through,129
CUST_000312,2023-10-01,Email Open,0
CUST_000312,2023-03-13,Email Open,0
CUST_000313,2025-10-02,Click-Through,378
CUST_000313,2023-03-23,Email Open,0
CUST_000313,2025-03-16,Support Call,0
CUST_000313,2024-02-23,Social Media,0
CUST_000313,2025-10-29,Social Media,0
CUST_000313,2023-01-25,Email Open,0
CUST_000314,2024-03-20,App Visit,483
CUST_000314,2023-10-25,Click-Through,360
CUST_000314,2023-06-05,Email Open,0
CUST_000314,2024-07-31,Social Media,0
CUST_000314,2025-08-03,Email Open,0
CUST_000314,2024-06-06,Social Media,0
CUST_000314,2025-11-26,Email Open,0
CUST_000314,2023-09-22,Click-Through,570
CUST_000314,2025-01-28,Social Media,0
CUST_000315,2024-02-01,App Visit,533
CUST_000315,2025-10-03,App Visit,280
CUST_000315,2024-07-12,Support Call,0
CUST_000315,2023-02-10,Click-Through,230
CUST_000315,2024-08-16,Click-Through,440
CUST_000315,2023-08-19,Email Open,0
CUST_000315,2023-06-07,Social Media,0
CUST_000315,2023-01-18,Email Open,0
CUST_000315,2025-01-02,Support Call,0
CUST_000315,2023-04-03,Email Open,0
CUST_000315,2024-11-30,Click-Through,353
CUST_000315,2024-05-31,Email Open,0
CUST_000315,2025-10-20,Social Media,0
CUST_000316,2023-02-06,Email Open,0
CUST_000316,2023-02-10,Click-Through,215
CUST_000316,2025-06-05,Click-Through,572
CUST_000316,2025-01-24,Social Media,0
CUST_000317,2025-06-25,Click-Through,11
CUST_000317,2023-12-21,App Visit,297
CUST_000317,2025-09-01,Email Open,0
CUST_000317,2025-11-02,Click-Through,223
CUST_000317,2025-08-24,Social Media,0
CUST_000317,2024-04-25,Click-Through,114
CUST_000317,2023-10-15,Email Open,0
CUST_000317,2023-01-30,Email Open,0
CUST_000318,2024-02-03,Social Media,0
CUST_000318,2023-09-05,Social Media,0
CUST_000318,2023-02-22,Email Open,0
CUST_000318,2023-10-22,Social Media,0
CUST_000318,2023-08-22,Social Media,0
CUST_000318,2024-01-06,Click-Through,41
CUST_000318,2024-01-29,Support Call,0
CUST_000318,2024-02-06,Email Open,0
CUST_000318,2025-11-17,Click-Through,473
CUST_000318,2024-06-17,Email Open,0
CUST_000319,2023-02-05,Email Open,0
CUST_000319,2023-03-19,Social Media,0
CUST_000319,2023-11-23,Email Open,0
CUST_000319,2024-07-22,Social Media,0
CUST_000319,2023-11-28,Social Media,0
CUST_000319,2024-01-16,Social Media,0
CUST_000319,2025-01-25,App Visit,129
CUST_000319,2023-06-21,Email Open,0
CUST_000319,2023-09-20,Click-Through,490
CUST_000319,2024-09-22,Click-Through,494
CUST_000320,2024-03-22,Social Media,0
CUST_000320,2024-03-29,Click-Through,324
CUST_000320,2025-01-26,Email Open,0
CUST_000321,2023-05-17,Social Media,0
CUST_000321,2023-04-02,Email Open,0
CUST_000321,2023-08-25,Email Open,0
CUST_000321,2023-10-02,Email Open,0
CUST_000321,2025-11-07,Social Media,0
CUST_000321,2024-02-14,Email Open,0
CUST_000322,2023-07-17,Click-Through,371
CUST_000322,2025-02-27,Email Open,0
CUST_000322,2025-10-27,Social Media,0
CUST_000322,2024-02-28,Click-Through,150
CUST_000322,2024-01-23,Click-Through,291
CUST_000322,2023-03-28,Click-Through,194
CUST_000322,2025-07-11,Click-Through,217
CUST_000322,2023-07-20,Email Open,0
CUST_000322,2023-10-03,Support Call,0
CUST_000322,2025-08-14,Support Call,0
CUST_000322,2023-10-23,Social Media,0
CUST_000322,2025-04-01,Email Open,0
CUST_000322,2024-03-24,Social Media,0
CUST_000323,2025-10-16,Email Open,0
CUST_000323,2024-07-09,Email Open,0
CUST_000323,2024-08-16,Social Media,0
CUST_000323,2025-10-06,App Visit,305
CUST_000323,2025-05-27,Click-Through,179
CUST_000323,2025-06-06,Social Media,0
CUST_000323,2024-08-24,Email Open,0
CUST_000324,2023-08-05,Email Open,0
CUST_000324,2024-06-10,Email Open,0
CUST_000324,2025-11-03,Social Media,0
CUST_000324,2025-06-19,Support Call,0
CUST_000324,2023-02-15,Email Open,0
CUST_000324,2025-11-11,Click-Through,469
CUST_000324,2023-06-18,Click-Through,98
CUST_000324,2025-01-26,Social Media,0
CUST_000324,2023-02-14,Email Open,0
CUST_000325,2024-06-09,Email Open,0
CUST_000325,2024-11-20,App Visit,435
CUST_000325,2025-11-29,Email Open,0
CUST_000325,2025-01-06,Social Media,0
CUST_000326,2023-11-23,Click-Through,62
CUST_000326,2024-03-13,Social Media,0
CUST_000326,2025-07-13,Email Open,0
CUST_000326,2023-08-23,Social Media,0
CUST_000326,2024-08-24,Email Open,0
CUST_000326,2024-08-28,Social Media,0
CUST_000326,2024-05-05,Social Media,0
CUST_000326,2025-09-09,Click-Through,117
CUST_000326,2025-12-11,App Visit,529
CUST_000326,2024-02-01,Social Media,0
CUST_000326,2025-02-26,Email Open,0
CUST_000327,2025-03-27,Email Open,0
CUST_000327,2024-04-17,App Visit,351
CUST_000327,2024-07-19,Click-Through,35
CUST_000327,2025-04-25,Email Open,0
CUST_000327,2025-02-28,Email Open,0
CUST_000327,2024-03-05,Email Open,0
CUST_000327,2025-05-25,Support Call,0
CUST_000327,2024-04-13,Click-Through,70
CUST_000327,2023-02-17,App Visit,399
CUST_000327,2024-02-17,Click-Through,567
CUST_000327,2024-02-22,Support Call,0
CUST_000327,2023-11-26,Social Media,0
CUST_000328,2025-01-06,Social Media,0
CUST_000328,2025-02-09,Social Media,0
CUST_000328,2023-09-14,Support Call,0
CUST_000328,2024-05-04,App Visit,236
CUST_000328,2024-12-16,Support Call,0
CUST_000328,2025-02-12,Support Call,0
CUST_000328,2025-05-24,Social Media,0
CUST_000328,2025-05-06,Email Open,0
CUST_000328,2023-04-29,Email Open,0
CUST_000328,2023-03-26,Click-Through,276
CUST_000328,2024-08-11,Social Media,0
CUST_000328,2024-12-28,Social Media,0
CUST_000329,2024-09-15,Click-Through,43
CUST_000329,2025-12-06,Email Open,0
CUST_000329,2025-06-17,Email Open,0
CUST_000329,2025-01-10,Email Open,0
CUST_000329,2023-01-25,Social Media,0
CUST_000329,2023-08-02,Email Open,0
CUST_000329,2025-12-13,App Visit,564
CUST_000329,2024-11-14,Social Media,0
CUST_000329,2024-06-02,App Visit,144
CUST_000329,2023-03-02,Email Open,0
CUST_000329,2023-09-26,Email Open,0
CUST_000329,2025-11-06,Click-Through,537
CUST_000329,2025-01-30,App Visit,206
CUST_000330,2025-09-16,Click-Through,32
CUST_000330,2023-05-02,Email Open,0
CUST_000330,2025-06-15,Support Call,0
CUST_000330,2023-10-31,Social Media,0
CUST_000330,2025-07-27,App Visit,377
CUST_000331,2024-02-18,Click-Through,159
CUST_000331,2025-12-14,Social Media,0
CUST_000331,2025-04-11,Email Open,0
CUST_000331,2024-08-07,Click-Through,95
CUST_000331,2025-12-03,Click-Through,416
CUST_000331,2023-02-06,Email Open,0
CUST_000331,2025-03-01,Support Call,0
CUST_000332,2025-10-31,Social Media,0
CUST_000332,2024-01-16,Email Open,0
CUST_000332,2025-06-23,Social Media,0
CUST_000332,2025-02-21,Social Media,0
CUST_000332,2025-01-31,Email Open,0
CUST_000332,2024-06-04,App Visit,575
CUST_000332,2024-01-22,Social Media,0
CUST_000332,2023-08-13,Click-Through,217
CUST_000332,2025-11-05,Email Open,0
CUST_000332,2025-05-22,Social Media,0
CUST_000332,2024-03-07,Support Call,0
CUST_000332,2024-02-23,Email Open,0
CUST_000332,2024-10-18,Email Open,0
CUST_000332,2025-10-03,Social Media,0
CUST_000333,2023-07-14,Email Open,0
CUST_000333,2025-10-12,App Visit,112
CUST_000333,2025-05-16,Click-Through,342
CUST_000333,2023-08-12,Social Media,0
CUST_000333,2023-08-24,Click-Through,375
CUST_000333,2023-12-02,Email Open,0
CUST_000333,2023-08-31,Social Media,0
CUST_000333,2024-07-14,Social Media,0
CUST_000333,2025-09-16,Social Media,0
CUST_000333,2024-11-18,Email Open,0
CUST_000333,2025-06-04,Click-Through,152
CUST_000333,2024-08-13,Email Open,0
CUST_000333,2023-10-02,Click-Through,119
CUST_000333,2025-04-30,Social Media,0
CUST_000333,2025-09-20,Click-Through,363
CUST_000334,2024-06-25,Email Open,0
CUST_000334,2025-04-08,Email Open,0
CUST_000334,2025-03-14,Email Open,0
CUST_000334,2024-08-24,Support Call,0
CUST_000334,2023-10-19,Social Media,0
CUST_000334,2024-08-14,Email Open,0
CUST_000335,2024-05-29,Email Open,0
CUST_000335,2024-06-07,Email Open,0
CUST_000335,2023-01-08,Click-Through,309
CUST_000335,2024-12-05,Social Media,0
CUST_000335,2023-10-23,Social Media,0
CUST_000335,2025-03-28,Click-Through,331
CUST_000335,2024-09-29,Click-Through,591
CUST_000336,2023-01-16,Email Open,0
CUST_000336,2024-02-04,Email Open,0
CUST_000336,2023-06-10,Support Call,0
CUST_000336,2023-06-10,App Visit,152
CUST_000336,2023-11-17,App Visit,553
CUST_000336,2023-04-10,Support Call,0
CUST_000337,2024-06-27,Email Open,0
CUST_000337,2024-05-09,Email Open,0
CUST_000337,2025-10-07,Click-Through,329
CUST_000337,2023-05-05,Email Open,0
CUST_000337,2024-04-27,Click-Through,439
CUST_000338,2024-05-06,Email Open,0
CUST_000338,2024-11-16,Click-Through,39
CUST_000338,2023-04-13,Click-Through,67
CUST_000338,2024-05-30,App Visit,23
CUST_000338,2025-06-15,Email Open,0
CUST_000338,2023-07-30,Support Call,0
CUST_000338,2024-08-08,Social Media,0
CUST_000338,2024-01-27,Click-Through,73
CUST_000338,2025-01-15,Email Open,0
CUST_000339,2024-08-07,Email Open,0
CUST_000339,2023-10-31,Email Open,0
CUST_000339,2025-03-02,Social Media,0
CUST_000339,2025-06-26,Email Open,0
CUST_000340,2024-11-06,Click-Through,183
CUST_000340,2025-11-18,Email Open,0
CUST_000340,2023-07-07,Click-Through,12
CUST_000340,2025-05-31,Social Media,0
CUST_000340,2025-11-29,Email Open,0
CUST_000340,2024-01-09,Email Open,0
CUST_000340,2025-01-27,Social Media,0
CUST_000340,2025-06-13,Social Media,0
CUST_000340,2025-08-29,Support Call,0
CUST_000340,2024-12-08,Email Open,0
CUST_000340,2025-10-09,Social Media,0
CUST_000340,2024-11-15,Click-Through,419
CUST_000340,2023-02-25,Email Open,0
CUST_000340,2024-08-31,App Visit,499
CUST_000340,2023-08-24,Email Open,0
CUST_000340,2025-03-30,Click-Through,440
CUST_000341,2025-01-04,App Visit,235
CUST_000341,2024-10-07,App Visit,433
CUST_000341,2025-04-25,Social Media,0
CUST_000341,2025-10-20,Email Open,0
CUST_000341,2024-02-15,App Visit,365
CUST_000341,2024-10-22,Support Call,0
CUST_000341,2023-04-06,Email Open,0
CUST_000341,2023-11-10,Email Open,0
CUST_000341,2025-05-18,Click-Through,372
CUST_000341,2025-06-03,Support Call,0
CUST_000341,2025-01-12,Click-Through,203
CUST_000341,2023-06-18,Support Call,0
CUST_000341,2024-08-18,Support Call,0
CUST_000341,2024-01-31,Click-Through,346
CUST_000341,2025-12-14,Email Open,0
CUST_000341,2024-07-08,Email Open,0
CUST_000342,2024-10-16,Click-Through,531
CUST_000342,2023-04-25,Email Open,0
CUST_000342,2024-05-20,Click-Through,346
CUST_000342,2023-07-15,Email Open,0
CUST_000342,2023-10-22,Email Open,0
CUST_000342,2025-11-29,Social Media,0
CUST_000342,2023-05-27,Click-Through,336
CUST_000342,2023-06-18,Email Open,0
CUST_000342,2024-03-24,App Visit,256
CUST_000342,2024-01-09,Email Open,0
CUST_000342,2025-07-29,Social Media,0
CUST_000342,2024-06-25,Click-Through,513
CUST_000342,2024-10-04,App Visit,38
CUST_000342,2024-03-14,Support Call,0
CUST_000343,2025-08-01,Support Call,0
CUST_000343,2024-08-16,Email Open,0
CUST_000343,2024-06-26,Social Media,0
CUST_000343,2024-08-12,Email Open,0
CUST_000343,2023-11-01,Email Open,0
CUST_000343,2025-07-18,Email Open,0
CUST_000344,2025-05-24,App Visit,457
CUST_000344,2023-04-06,Click-Through,190
CUST_000344,2025-08-22,Email Open,0
CUST_000344,2023-04-04,Email Open,0
CUST_000344,2024-07-06,Email Open,0
CUST_000344,2023-10-30,Social Media,0
CUST_000344,2024-05-12,Click-Through,373
CUST_000344,2025-06-13,Social Media,0
CUST_000345,2024-02-01,App Visit,375
CUST_000345,2023-08-24,Email Open,0
CUST_000345,2024-12-17,Email Open,0
CUST_000346,2024-11-14,Support Call,0
CUST_000346,2025-04-22,Support Call,0
CUST_000346,2025-04-18,Social Media,0
CUST_000346,2024-01-12,Email Open,0
CUST_000346,2023-03-19,Support Call,0
CUST_000346,2025-05-07,Email Open,0
CUST_000346,2025-12-03,Click-Through,324
CUST_000346,2024-11-22,Social Media,0
CUST_000347,2025-01-15,Click-Through,20
CUST_000347,2025-01-18,Support Call,0
CUST_000347,2025-01-23,Social Media,0
CUST_000347,2025-05-04,Click-Through,137
CUST_000347,2023-02-10,Social Media,0
CUST_000347,2024-01-25,Support Call,0
CUST_000347,2025-03-05,Email Open,0
CUST_000347,2025-03-24,Support Call,0
CUST_000347,2025-12-02,App Visit,240
CUST_000347,2023-08-08,Email Open,0
CUST_000348,2025-02-25,Support Call,0
CUST_000348,2023-11-26,Social Media,0
CUST_000348,2025-05-18,Social Media,0
CUST_000348,2025-02-19,Click-Through,441
CUST_000348,2024-11-21,Click-Through,403
CUST_000348,2025-03-01,App Visit,135
CUST_000348,2023-01-25,Email Open,0
CUST_000348,2025-12-28,Social Media,0
CUST_000349,2025-05-13,Social Media,0
CUST_000349,2023-09-12,App Visit,580
CUST_000349,2023-09-22,Email Open,0
CUST_000349,2024-12-09,Click-Through,94
CUST_000349,2025-02-26,Email Open,0
CUST_000349,2023-02-26,Email Open,0
CUST_000349,2023-07-24,Social Media,0
CUST_000349,2024-03-12,Social Media,0
CUST_000350,2025-01-16,Click-Through,257
CUST_000350,2025-10-15,Support Call,0
CUST_000350,2024-09-12,Email Open,0
CUST_000350,2025-09-29,Click-Through,261
CUST_000350,2024-10-07,Email Open,0
CUST_000350,2023-04-17,Email Open,0
CUST_000350,2023-01-05,Click-Through,207
CUST_000350,2024-10-31,Social Media,0
CUST_000351,2025-12-23,Click-Through,207
CUST_000351,2024-04-20,Click-Through,99
CUST_000351,2024-09-12,Email Open,0
CUST_000351,2024-03-06,Click-Through,577
CUST_000351,2023-11-14,Email Open,0
CUST_000352,2023-01-14,Social Media,0
CUST_000352,2025-10-26,Email Open,0
CUST_000352,2024-11-08,App Visit,552
CUST_000352,2024-11-28,Click-Through,278
CUST_000352,2025-09-07,Email Open,0
CUST_000352,2024-06-01,Click-Through,561
CUST_000352,2024-06-09,Social Media,0
CUST_000353,2023-10-24,Email Open,0
CUST_000353,2023-12-09,Support Call,0
CUST_000353,2024-07-16,Support Call,0
CUST_000353,2025-10-16,Email Open,0
CUST_000353,2025-06-04,Click-Through,214
CUST_000353,2025-03-06,Email Open,0
CUST_000353,2025-01-30,Click-Through,19
CUST_000353,2024-07-24,Email Open,0
CUST_000353,2023-05-14,Social Media,0
CUST_000353,2025-05-22,Email Open,0
CUST_000353,2024-02-27,Social Media,0
CUST_000353,2023-11-24,Support Call,0
CUST_000353,2023-02-18,App Visit,581
CUST_000354,2024-09-29,Email Open,0
CUST_000354,2024-12-11,App Visit,151
CUST_000354,2025-10-10,App Visit,16
CUST_000354,2025-04-28,App Visit,279
CUST_000354,2025-08-07,Support Call,0
CUST_000355,2024-03-10,Social Media,0
CUST_000355,2025-03-01,Email Open,0
CUST_000355,2023-10-24,Click-Through,204
CUST_000355,2023-05-20,Email Open,0
CUST_000356,2023-05-30,Email Open,0
CUST_000356,2023-02-10,Email Open,0
CUST_000356,2024-04-07,Email Open,0
CUST_000356,2023-12-18,Click-Through,132
CUST_000356,2023-12-06,Email Open,0
CUST_000356,2024-07-04,Click-Through,198
CUST_000356,2025-09-01,Click-Through,564
CUST_000356,2024-03-22,Email Open,0
CUST_000356,2025-06-24,Support Call,0
CUST_000356,2025-06-09,Click-Through,112
CUST_000356,2024-10-08,Support Call,0
CUST_000356,2025-04-07,Support Call,0
CUST_000356,2025-05-23,App Visit,524
CUST_000356,2023-04-02,Click-Through,455
CUST_000356,2025-10-14,Email Open,0
CUST_000356,2024-11-11,Social Media,0
CUST_000357,2025-07-06,Click-Through,150
CUST_000357,2025-01-01,Email Open,0
CUST_000357,2023-06-28,Email Open,0
CUST_000357,2025-07-23,Social Media,0
CUST_000357,2024-12-29,Click-Through,74
CUST_000357,2025-12-09,App Visit,340
CUST_000357,2025-05-15,Click-Through,69
CUST_000357,2025-02-22,Social Media,0
CUST_000357,2025-10-17,Click-Through,37
CUST_000357,2023-10-04,App Visit,62
CUST_000357,2024-08-07,Click-Through,23
CUST_000358,2024-12-17,Support Call,0
CUST_000358,2025-03-10,Email Open,0
CUST_000358,2023-03-11,Social Media,0
CUST_000358,2023-12-15,Social Media,0
CUST_000358,2024-02-01,Social Media,0
CUST_000358,2023-05-16,Email Open,0
CUST_000358,2023-10-16,Email Open,0
CUST_000358,2025-08-29,Social Media,0
CUST_000359,2025-01-10,Click-Through,53
CUST_000359,2024-10-09,Click-Through,79
CUST_000359,2024-01-19,Email Open,0
CUST_000359,2023-08-03,Email Open,0
CUST_000359,2023-07-24,Click-Through,570
CUST_000359,2025-10-07,Click-Through,318
CUST_000359,2024-02-29,Social Media,0
CUST_000359,2023-08-26,Support Call,0
CUST_000359,2023-11-20,Click-Through,587
CUST_000359,2024-02-04,Email Open,0
CUST_000359,2024-12-27,Email Open,0
CUST_000359,2024-11-21,Email Open,0
CUST_000359,2025-06-03,Email Open,0
CUST_000359,2024-09-16,Social Media,0
CUST_000359,2024-07-23,Click-Through,322
CUST_000359,2023-03-20,Click-Through,110
CUST_000360,2023-08-29,Email Open,0
CUST_000360,2024-02-03,Support Call,0
CUST_000360,2024-05-03,Click-Through,497
CUST_000360,2024-04-29,Support Call,0
CUST_000360,2024-06-05,Click-Through,576
CUST_000360,2024-05-21,Email Open,0
CUST_000360,2023-12-12,Email Open,0
CUST_000360,2023-02-01,App Visit,117
CUST_000360,2023-06-27,Click-Through,304
CUST_000360,2025-10-07,Email Open,0
CUST_000360,2023-10-31,Social Media,0
CUST_000360,2024-10-01,Social Media,0
CUST_000360,2025-01-27,Click-Through,127
CUST_000361,2023-07-10,Email Open,0
CUST_000361,2025-06-15,Social Media,0
CUST_000361,2025-09-12,Social Media,0
CUST_000361,2023-06-04,Email Open,0
CUST_000361,2024-08-21,Email Open,0
CUST_000361,2025-03-27,Email Open,0
CUST_000361,2024-02-20,Social Media,0
CUST_000361,2024-10-29,Click-Through,85
CUST_000361,2023-08-06,Email Open,0
CUST_000361,2023-07-09,Email Open,0
CUST_000361,2023-12-02,Social Media,0
CUST_000361,2024-09-27,Click-Through,290
CUST_000361,2024-12-05,Email Open,0
CUST_000362,2025-09-24,App Visit,362
CUST_000362,2023-07-17,Click-Through,285
CUST_000362,2024-10-03,Social Media,0
CUST_000362,2023-05-10,Click-Through,83
CUST_000362,2025-07-12,Email Open,0
CUST_000362,2024-05-01,Click-Through,432
CUST_000362,2024-04-04,Click-Through,82
CUST_000363,2024-06-28,Click-Through,474
CUST_000363,2024-04-26,Click-Through,314
CUST_000363,2025-07-31,Click-Through,292
CUST_000363,2023-03-16,Click-Through,245
CUST_000363,2024-04-06,Click-Through,144
CUST_000363,2023-07-26,Social Media,0
CUST_000363,2024-07-04,Email Open,0
CUST_000363,2024-05-26,Click-Through,463
CUST_000363,2023-05-23,Social Media,0
CUST_000364,2025-04-07,Social Media,0
CUST_000364,2025-03-12,Click-Through,428
CUST_000364,2025-11-05,Social Media,0
CUST_000364,2024-09-02,Social Media,0
CUST_000364,2024-11-14,Click-Through,183
CUST_000364,2023-07-24,Email Open,0
CUST_000364,2025-10-22,Support Call,0
CUST_000364,2024-11-06,Support Call,0
CUST_000364,2024-02-06,Social Media,0
CUST_000364,2025-06-18,Email Open,0
CUST_000364,2025-08-17,Social Media,0
CUST_000365,2024-09-14,Click-Through,278
CUST_000365,2025-07-05,Support Call,0
CUST_000365,2024-04-23,Support Call,0
CUST_000365,2023-07-02,Click-Through,547
CUST_000365,2024-08-10,Click-Through,83
CUST_000365,2023-12-12,Click-Through,498
CUST_000365,2025-11-29,Email Open,0
CUST_000365,2025-08-13,Click-Through,190
CUST_000365,2024-11-02,Email Open,0
CUST_000366,2023-03-03,Email Open,0
CUST_000366,2023-03-24,Click-Through,398
CUST_000366,2024-05-07,Email Open,0
CUST_000366,2025-12-22,Click-Through,228
CUST_000366,2024-06-13,Email Open,0
CUST_000366,2025-07-25,App Visit,596
CUST_000366,2024-08-04,Social Media,0
CUST_000366,2024-09-14,Email Open,0
CUST_000367,2025-01-22,Click-Through,259
CUST_000367,2023-11-10,Email Open,0
CUST_000367,2025-03-23,Email Open,0
CUST_000367,2024-02-10,Click-Through,216
CUST_000367,2025-07-25,Social Media,0
CUST_000367,2025-07-25,Support Call,0
CUST_000367,2023-05-08,Email Open,0
CUST_000368,2025-05-08,Click-Through,24
CUST_000368,2024-05-26,Click-Through,295
CUST_000368,2025-02-16,Email Open,0
CUST_000368,2025-02-02,App Visit,219
CUST_000368,2025-06-18,Social Media,0
CUST_000368,2023-03-06,Click-Through,488
CUST_000368,2025-11-03,Social Media,0
CUST_000368,2025-04-06,Email Open,0
CUST_000368,2024-09-25,Email Open,0
CUST_000368,2024-09-01,Social Media,0
CUST_000368,2023-08-08,Click-Through,190
CUST_000368,2025-03-14,Social Media,0
CUST_000368,2023-08-15,Email Open,0
CUST_000369,2025-03-03,Click-Through,172
CUST_000369,2025-01-29,Click-Through,557
CUST_000369,2025-09-15,Email Open,0
CUST_000369,2025-06-23,Support Call,0
CUST_000369,2024-09-23,Support Call,0
CUST_000369,2023-08-29,App Visit,248
CUST_000369,2025-07-30,Email Open,0
CUST_000370,2024-12-04,Social Media,0
CUST_000370,2025-08-31,Email Open,0
CUST_000370,2023-10-27,Social Media,0
CUST_000370,2024-05-19,App Visit,252
CUST_000370,2025-05-07,Email Open,0
CUST_000370,2023-03-25,App Visit,52
CUST_000370,2023-03-05,Social Media,0
CUST_000371,2024-06-18,Social Media,0
CUST_000371,2024-05-13,Support Call,0
CUST_000371,2024-03-12,Email Open,0
CUST_000371,2024-07-18,Click-Through,405
CUST_000371,2024-06-15,Click-Through,37
CUST_000371,2024-06-11,Click-Through,177
CUST_000371,2025-02-27,Email Open,0
CUST_000372,2024-10-07,Social Media,0
CUST_000372,2024-09-05,Click-Through,383
CUST_000372,2024-03-05,App Visit,410
CUST_000372,2023-08-09,Click-Through,500
CUST_000372,2024-09-08,Email Open,0
CUST_000372,2023-06-27,Click-Through,451
CUST_000372,2025-08-29,Social Media,0
CUST_000373,2025-10-16,Email Open,0
CUST_000373,2023-07-10,Click-Through,402
CUST_000373,2023-01-27,Click-Through,372
CUST_000373,2025-12-05,Social Media,0
CUST_000373,2023-08-25,Support Call,0
CUST_000373,2025-02-10,Click-Through,398
CUST_000373,2025-10-15,Click-Through,587
CUST_000373,2023-10-18,App Visit,585
CUST_000373,2023-08-06,Support Call,0
CUST_000374,2025-12-07,Email Open,0
CUST_000374,2024-05-15,Social Media,0
CUST_000374,2025-01-05,App Visit,524
CUST_000374,2023-06-26,Click-Through,32
CUST_000374,2025-01-20,Support Call,0
CUST_000374,2023-04-25,Click-Through,418
CUST_000374,2024-12-15,Email Open,0
CUST_000374,2024-01-06,Email Open,0
CUST_000374,2024-01-24,Support Call,0
CUST_000374,2025-07-03,Email Open,0
CUST_000374,2024-04-15,Email Open,0
CUST_000374,2023-11-19,Email Open,0
CUST_000374,2024-07-26,Click-Through,563
CUST_000375,2025-01-19,Support Call,0
CUST_000375,2023-03-17,Click-Through,289
CUST_000375,2024-09-25,Social Media,0
CUST_000375,2023-12-05,Support Call,0
CUST_000375,2024-04-10,Social Media,0
CUST_000375,2025-12-18,Email Open,0
CUST_000375,2023-01-21,Click-Through,529
CUST_000375,2024-08-19,Social Media,0
CUST_000375,2025-07-20,Email Open,0
CUST_000375,2025-11-02,Support Call,0
CUST_000375,2025-06-25,Email Open,0
CUST_000375,2023-01-17,Click-Through,30
CUST_000376,2025-07-03,Social Media,0
CUST_000376,2024-11-15,Click-Through,376
CUST_000376,2025-05-06,Email Open,0
CUST_000376,2023-03-28,Social Media,0
CUST_000376,2025-04-12,Social Media,0
CUST_000376,2023-06-18,Email Open,0
CUST_000377,2025-09-25,Support Call,0
CUST_000377,2023-05-31,Support Call,0
CUST_000377,2024-09-06,Email Open,0
CUST_000377,2024-01-09,Email Open,0
CUST_000377,2023-06-05,Click-Through,547
CUST_000377,2025-09-23,Support Call,0
CUST_000377,2025-09-03,Support Call,0
CUST_000377,2024-10-22,Email Open,0
CUST_000377,2025-07-22,Social Media,0
CUST_000377,2024-11-10,Email Open,0
CUST_000377,2023-06-08,Email Open,0
CUST_000377,2025-10-13,Social Media,0
CUST_000377,2025-11-01,Support Call,0
CUST_000378,2025-04-29,Support Call,0
CUST_000378,2025-11-06,Click-Through,387
CUST_000378,2024-08-14,Click-Through,83
CUST_000378,2024-12-30,Support Call,0
CUST_000378,2024-05-08,Email Open,0
CUST_000378,2023-03-22,Social Media,0
CUST_000378,2023-01-28,Click-Through,362
CUST_000379,2024-11-20,Email Open,0
CUST_000379,2025-06-20,Social Media,0
CUST_000379,2025-02-22,Support Call,0
CUST_000379,2024-03-01,App Visit,430
CUST_000379,2024-08-20,Click-Through,358
CUST_000379,2024-02-07,Click-Through,292
CUST_000379,2025-05-10,Social Media,0
CUST_000379,2025-02-13,App Visit,77
CUST_000380,2023-02-03,Email Open,0
CUST_000380,2023-03-26,Email Open,0
CUST_000380,2023-07-13,Email Open,0
CUST_000380,2025-08-18,Email Open,0
CUST_000380,2025-04-27,Email Open,0
CUST_000380,2025-02-08,Email Open,0
CUST_000380,2023-02-03,Click-Through,483
CUST_000380,2025-02-17,Click-Through,416
CUST_000380,2024-02-20,App Visit,86
CUST_000380,2025-08-20,Support Call,0
CUST_000380,2025-04-15,App Visit,85
CUST_000380,2025-09-14,Email Open,0
CUST_000380,2025-01-30,Email Open,0
CUST_000380,2023-06-21,Email Open,0
CUST_000380,2024-06-23,Click-Through,234
CUST_000380,2023-01-19,Click-Through,111
CUST_000380,2024-04-21,Social Media,0
CUST_000380,2025-11-23,Click-Through,426
CUST_000381,2023-04-21,Email Open,0
CUST_000381,2024-06-08,Email Open,0
CUST_000381,2023-07-12,Social Media,0
CUST_000381,2024-10-18,Social Media,0
CUST_000381,2025-07-30,Email Open,0
CUST_000381,2025-09-28,App Visit,85
CUST_000381,2023-01-23,Social Media,0
CUST_000381,2025-01-16,Support Call,0
CUST_000382,2024-11-19,Email Open,0
CUST_000382,2024-09-15,Support Call,0
CUST_000382,2024-01-17,Click-Through,286
CUST_000382,2025-11-08,App Visit,270
CUST_000382,2024-06-07,Click-Through,260
CUST_000382,2025-04-28,Social Media,0
CUST_000383,2024-07-10,Social Media,0
CUST_000383,2024-08-04,Support Call,0
CUST_000383,2025-01-06,Social Media,0
CUST_000383,2023-07-16,Social Media,0
CUST_000383,2024-02-13,Social Media,0
CUST_000384,2023-03-26,Email Open,0
CUST_000384,2025-03-05,Email Open,0
CUST_000384,2023-10-24,Click-Through,180
CUST_000384,2024-05-04,Click-Through,186
CUST_000384,2025-07-28,Email Open,0
CUST_000384,2024-08-05,App Visit,187
CUST_000384,2023-08-02,Email Open,0
CUST_000384,2023-12-08,Click-Through,587
CUST_000384,2025-01-02,Email Open,0
CUST_000384,2023-04-19,Click-Through,516
CUST_000384,2024-12-26,Click-Through,86
CUST_000384,2023-03-12,Email Open,0
CUST_000385,2025-05-02,Email Open,0
CUST_000385,2025-06-05,Click-Through,518
CUST_000385,2023-06-05,Click-Through,310
CUST_000385,2024-10-14,Email Open,0
CUST_000385,2023-08-16,Social Media,0
CUST_000385,2025-08-19,Email Open,0
CUST_000385,2023-12-03,Social Media,0
CUST_000385,2024-11-04,Social Media,0
CUST_000385,2023-12-11,Email Open,0
CUST_000385,2023-12-03,Social Media,0
CUST_000385,2025-06-30,Email Open,0
CUST_000385,2024-08-16,App Visit,12
CUST_000386,2024-11-06,Email Open,0
CUST_000386,2023-10-07,Email Open,0
CUST_000386,2023-11-23,Social Media,0
CUST_000386,2024-01-20,Social Media,0
CUST_000386,2024-01-13,Email Open,0
CUST_000387,2024-12-26,Click-Through,236
CUST_000387,2024-12-30,Social Media,0
CUST_000387,2023-08-24,Support Call,0
CUST_000387,2025-10-29,Click-Through,225
CUST_000387,2025-08-26,Email Open,0
CUST_000387,2023-07-16,Support Call,0
CUST_000387,2024-03-04,Email Open,0
CUST_000387,2023-10-03,Email Open,0
CUST_000388,2025-09-18,Click-Through,141
CUST_000388,2023-10-15,App Visit,363
CUST_000388,2024-08-28,Email Open,0
CUST_000388,2025-01-19,Social Media,0
CUST_000388,2023-02-08,App Visit,187
CUST_000388,2023-11-01,Social Media,0
CUST_000388,2024-05-10,Email Open,0
CUST_000388,2024-04-02,Support Call,0
CUST_000388,2025-10-13,Social Media,0
CUST_000388,2025-12-03,Social Media,0
CUST_000389,2025-06-08,Click-Through,240
CUST_000389,2024-05-13,Social Media,0
CUST_000389,2024-03-13,Support Call,0
CUST_000389,2024-04-14,Social Media,0
CUST_000389,2023-12-21,Click-Through,205
CUST_000389,2023-12-15,Email Open,0
CUST_000389,2023-05-22,Social Media,0
CUST_000389,2023-03-30,Email Open,0
CUST_000390,2024-10-04,Email Open,0
CUST_000390,2025-02-02,Email Open,0
CUST_000390,2023-10-14,Email Open,0
CUST_000390,2023-03-06,Social Media,0
CUST_000390,2025-10-14,Social Media,0
CUST_000390,2025-04-06,Click-Through,72
CUST_000390,2024-10-19,Support Call,0
CUST_000390,2023-05-03,Email Open,0
CUST_000390,2025-10-26,Social Media,0
CUST_000391,2023-06-22,Email Open,0
CUST_000391,2025-08-03,Click-Through,42
CUST_000391,2024-08-05,Email Open,0
CUST_000391,2025-03-15,Email Open,0
CUST_000391,2024-06-02,Social Media,0
CUST_000391,2024-12-26,Social Media,0
CUST_000391,2023-07-22,Click-Through,152
CUST_000391,2024-01-04,Social Media,0
CUST_000391,2024-04-16,Support Call,0
CUST_000391,2025-10-12,Click-Through,261
CUST_000391,2025-11-04,Email Open,0
CUST_000391,2024-09-25,Email Open,0
CUST_000391,2024-04-12,Email Open,0
CUST_000391,2025-07-24,Social Media,0
CUST_000391,2024-02-21,Support Call,0
CUST_000392,2025-03-14,Email Open,0
CUST_000392,2025-09-26,Social Media,0
CUST_000392,2025-10-23,Email Open,0
CUST_000392,2023-05-20,Email Open,0
CUST_000392,2025-04-24,Email Open,0
CUST_000392,2025-06-06,Social Media,0
CUST_000392,2025-11-16,Email Open,0
CUST_000392,2023-02-06,Email Open,0
CUST_000392,2023-01-27,Social Media,0
CUST_000392,2023-04-16,Social Media,0
CUST_000392,2023-06-04,App Visit,132
CUST_000392,2025-02-12,Email Open,0
CUST_000392,2023-03-24,Support Call,0
CUST_000392,2023-06-22,Click-Through,262
CUST_000393,2025-02-12,Click-Through,11
CUST_000393,2025-08-26,Social Media,0
CUST_000393,2024-04-26,App Visit,75
CUST_000393,2024-09-30,App Visit,338
CUST_000393,2025-02-14,Social Media,0
CUST_000393,2024-10-12,Click-Through,179
CUST_000393,2024-04-05,Social Media,0
CUST_000393,2025-09-09,Email Open,0
CUST_000394,2025-05-21,Email Open,0
CUST_000394,2023-04-07,App Visit,300
CUST_000394,2025-06-28,Social Media,0
CUST_000394,2025-10-13,Click-Through,305
CUST_000394,2024-08-13,Social Media,0
CUST_000394,2024-08-29,Social Media,0
CUST_000394,2023-11-11,App Visit,79
CUST_000394,2025-01-23,Email Open,0
CUST_000394,2025-03-31,Email Open,0
CUST_000394,2023-01-22,App Visit,42
CUST_000394,2025-06-30,Social Media,0
CUST_000394,2025-11-19,Email Open,0
CUST_000395,2024-05-08,Email Open,0
CUST_000395,2023-03-22,Email Open,0
CUST_000395,2023-08-13,Social Media,0
CUST_000395,2025-04-16,Social Media,0
CUST_000395,2025-06-28,Email Open,0
CUST_000396,2024-02-27,Email Open,0
CUST_000396,2025-01-29,Email Open,0
CUST_000396,2025-02-19,Click-Through,351
CUST_000396,2025-10-23,Support Call,0
CUST_000396,2024-10-02,Support Call,0
CUST_000396,2023-06-15,Email Open,0
CUST_000396,2023-03-29,Social Media,0
CUST_000396,2023-11-04,Email Open,0
CUST_000396,2024-11-19,Click-Through,425
CUST_000396,2025-09-30,Email Open,0
CUST_000396,2025-01-11,Email Open,0
CUST_000396,2025-07-24,Email Open,0
CUST_000397,2025-06-17,Email Open,0
CUST_000397,2024-05-21,Click-Through,329
CUST_000397,2024-01-14,Support Call,0
CUST_000397,2023-06-24,Email Open,0
CUST_000397,2024-06-22,Social Media,0
CUST_000397,2025-11-09,Click-Through,549
CUST_000397,2023-06-29,Email Open,0
CUST_000397,2024-10-02,Email Open,0
CUST_000397,2024-12-04,Click-Through,127
CUST_000398,2025-12-02,Email Open,0
CUST_000398,2023-09-15,Click-Through,42
CUST_000398,2025-07-02,Support Call,0
CUST_000399,2024-11-23,Email Open,0
CUST_000399,2023-03-18,Email Open,0
CUST_000399,2025-07-27,Email Open,0
CUST_000399,2024-02-02,Social Media,0
CUST_000399,2023-12-03,Support Call,0
CUST_000399,2025-11-01,Click-Through,135
CUST_000399,2024-10-05,Email Open,0
CUST_000399,2024-07-12,Email Open,0
CUST_000399,2025-05-20,Email Open,0
CUST_000399,2024-12-04,Email Open,0
CUST_000400,2023-12-17,Email Open,0
CUST_000400,2023-09-30,Click-Through,317
CUST_000400,2023-12-14,Support Call,0
CUST_000400,2024-08-26,Support Call,0
CUST_000400,2023-06-12,Social Media,0
CUST_000400,2024-07-27,Click-Through,274
CUST_000400,2023-01-13,Social Media,0
CUST_000400,2025-05-28,Email Open,0
CUST_000400,2024-04-24,Click-Through,566
CUST_000400,2025-03-26,Email Open,0
CUST_000400,2025-12-20,Email Open,0
CUST_000400,2024-04-03,Social Media,0
CUST_000400,2023-02-10,App Visit,67
CUST_000400,2025-03-30,Click-Through,199
CUST_000400,2025-08-05,Click-Through,499
CUST_000401,2024-04-24,Social Media,0
CUST_000401,2024-02-04,Support Call,0
CUST_000401,2023-05-01,Email Open,0
CUST_000401,2025-07-27,Social Media,0
CUST_000401,2023-06-23,Social Media,0
CUST_000401,2025-04-25,Click-Through,422
CUST_000401,2024-01-11,App Visit,334
CUST_000402,2025-09-10,Click-Through,325
CUST_000402,2023-12-29,Click-Through,376
CUST_000402,2023-11-20,Email Open,0
CUST_000402,2023-04-18,App Visit,519
CUST_000402,2025-10-05,Social Media,0
CUST_000402,2024-10-17,Click-Through,61
CUST_000402,2025-04-24,Click-Through,103
CUST_000402,2025-08-22,Social Media,0
CUST_000403,2023-04-22,Click-Through,263
CUST_000403,2025-05-08,Social Media,0
CUST_000403,2023-04-14,App Visit,504
CUST_000403,2023-01-25,Email Open,0
CUST_000403,2023-04-21,Email Open,0
CUST_000403,2023-06-22,Social Media,0
CUST_000404,2024-05-09,Social Media,0
CUST_000405,2024-01-13,App Visit,204
CUST_000405,2023-07-13,Click-Through,419
CUST_000405,2023-01-19,App Visit,42
CUST_000405,2023-04-21,Social Media,0
CUST_000405,2023-10-31,Click-Through,521
CUST_000405,2024-03-08,Email Open,0
CUST_000405,2023-06-06,Click-Through,388
CUST_000405,2025-07-17,Click-Through,594
CUST_000405,2024-04-19,Email Open,0
CUST_000405,2025-07-05,Click-Through,433
CUST_000406,2024-07-17,App Visit,47
CUST_000406,2024-01-02,Email Open,0
CUST_000406,2023-07-04,Click-Through,315
CUST_000406,2023-10-23,Email Open,0
CUST_000406,2025-03-29,Click-Through,29
CUST_000407,2024-08-05,Support Call,0
CUST_000407,2023-02-27,Email Open,0
CUST_000407,2023-10-25,Email Open,0
CUST_000407,2023-04-06,Click-Through,179
CUST_000407,2024-01-18,Click-Through,570
CUST_000407,2023-02-09,Click-Through,517
CUST_000408,2023-05-12,Click-Through,230
CUST_000408,2025-05-30,Social Media,0
CUST_000408,2023-03-30,App Visit,230
CUST_000408,2023-03-12,Email Open,0
CUST_000408,2024-08-24,Email Open,0
CUST_000408,2024-03-20,Email Open,0
CUST_000408,2024-06-01,Click-Through,155
CUST_000408,2025-08-04,Click-Through,465
CUST_000408,2024-04-26,Social Media,0
CUST_000408,2025-12-07,Email Open,0
CUST_000408,2025-08-14,Click-Through,301
CUST_000408,2024-01-01,Social Media,0
CUST_000408,2023-12-09,Click-Through,294
CUST_000408,2025-11-10,Click-Through,430
CUST_000408,2023-10-31,App Visit,89
CUST_000409,2025-05-13,Email Open,0
CUST_000409,2025-09-06,Email Open,0
CUST_000409,2023-07-14,Email Open,0
CUST_000409,2025-11-18,App Visit,177
CUST_000409,2023-12-17,Email Open,0
CUST_000409,2025-05-07,Email Open,0
CUST_000409,2023-03-01,Click-Through,431
CUST_000409,2025-08-19,Support Call,0
CUST_000409,2024-10-30,Click-Through,414
CUST_000409,2023-10-21,Support Call,0
CUST_000409,2023-02-13,Email Open,0
CUST_000409,2024-09-02,Email Open,0
CUST_000410,2023-02-14,Support Call,0
CUST_000410,2025-03-02,Email Open,0
CUST_000410,2023-12-17,Click-Through,256
CUST_000410,2024-03-09,Email Open,0
CUST_000410,2023-09-22,App Visit,54
CUST_000410,2023-10-01,Email Open,0
CUST_000410,2024-12-07,Email Open,0
CUST_000410,2024-06-10,Email Open,0
CUST_000411,2024-07-22,Email Open,0
CUST_000411,2023-10-25,Email Open,0
CUST_000411,2024-02-13,App Visit,503
CUST_000411,2023-03-10,Social Media,0
CUST_000411,2024-07-09,App Visit,501
CUST_000411,2025-04-21,Email Open,0
CUST_000412,2025-05-29,Email Open,0
CUST_000412,2025-03-24,Email Open,0
CUST_000412,2025-05-10,Email Open,0
CUST_000412,2025-10-31,App Visit,242
CUST_000412,2024-07-24,Support Call,0
CUST_000412,2023-03-24,Email Open,0
CUST_000412,2023-10-15,Social Media,0
CUST_000412,2024-01-30,Email Open,0
CUST_000412,2023-02-19,Support Call,0
CUST_000412,2023-06-13,Email Open,0
CUST_000412,2024-02-29,Click-Through,401
CUST_000413,2024-04-12,Social Media,0
CUST_000413,2023-02-20,Click-Through,25
CUST_000413,2023-03-09,Click-Through,190
CUST_000413,2025-07-12,Email Open,0
CUST_000413,2023-10-31,Email Open,0
CUST_000413,2023-10-20,Click-Through,237
CUST_000413,2023-06-06,Click-Through,375
CUST_000413,2023-04-24,Click-Through,149
CUST_000414,2024-12-25,Click-Through,425
CUST_000414,2024-10-04,Email Open,0
CUST_000414,2024-06-01,Email Open,0
CUST_000414,2024-03-18,Email Open,0
CUST_000414,2025-02-20,Social Media,0
CUST_000414,2025-11-30,Social Media,0
CUST_000414,2025-12-15,Email Open,0
CUST_000414,2023-03-19,Email Open,0
CUST_000415,2023-08-18,App Visit,463
CUST_000415,2023-05-11,Click-Through,555
CUST_000415,2025-12-24,Email Open,0
CUST_000415,2023-02-12,Social Media,0
CUST_000415,2023-03-03,Email Open,0
CUST_000416,2024-12-22,Social Media,0
CUST_000416,2025-11-04,Email Open,0
CUST_000416,2025-05-04,Email Open,0
CUST_000416,2023-11-02,Social Media,0
CUST_000416,2023-10-13,App Visit,295
CUST_000416,2025-02-07,Email Open,0
CUST_000416,2023-03-15,Click-Through,371
CUST_000416,2024-10-29,Email Open,0
CUST_000416,2023-03-18,Email Open,0
CUST_000416,2024-01-07,App Visit,215
CUST_000416,2025-11-03,App Visit,385
CUST_000417,2023-10-03,Email Open,0
CUST_000417,2024-04-28,Click-Through,63
CUST_000417,2025-06-06,Support Call,0
CUST_000417,2023-10-08,Email Open,0
CUST_000417,2025-07-05,Social Media,0
CUST_000417,2025-01-08,Social Media,0
CUST_000417,2024-02-04,Email Open,0
CUST_000417,2023-07-16,Social Media,0
CUST_000417,2025-10-10,Email Open,0
CUST_000418,2024-08-05,Email Open,0
CUST_000418,2024-11-02,Social Media,0
CUST_000418,2024-12-30,Click-Through,191
CUST_000418,2023-12-07,Click-Through,341
CUST_000418,2025-07-31,Email Open,0
CUST_000418,2025-02-05,App Visit,239
CUST_000419,2024-05-16,Email Open,0
CUST_000419,2023-06-28,Email Open,0
CUST_000419,2024-07-02,Email Open,0
CUST_000419,2025-03-13,Email Open,0
CUST_000419,2025-01-14,Support Call,0
CUST_000419,2024-08-02,Social Media,0
CUST_000419,2024-10-11,Click-Through,378
CUST_000419,2024-12-27,Email Open,0
CUST_000419,2024-04-03,App Visit,434
CUST_000419,2024-01-30,App Visit,57
CUST_000419,2025-08-25,Click-Through,322
CUST_000419,2025-01-07,Click-Through,61
CUST_000419,2023-08-31,Email Open,0
CUST_000419,2023-10-25,Social Media,0
CUST_000419,2023-12-20,App Visit,322
CUST_000419,2023-02-05,Email Open,0
CUST_000419,2024-08-08,Social Media,0
CUST_000419,2023-03-22,Click-Through,417
CUST_000420,2024-02-27,Email Open,0
CUST_000420,2023-06-26,Email Open,0
CUST_000420,2025-09-26,Email Open,0
CUST_000420,2024-01-25,Email Open,0
CUST_000420,2025-09-28,Support Call,0
CUST_000420,2025-05-12,Email Open,0
CUST_000420,2025-06-09,Click-Through,310
CUST_000420,2023-06-16,Support Call,0
CUST_000420,2024-01-15,Social Media,0
CUST_000420,2024-11-07,Support Call,0
CUST_000420,2024-08-05,Email Open,0
CUST_000421,2023-11-27,Email Open,0
CUST_000421,2024-01-26,Social Media,0
CUST_000421,2024-09-01,Email Open,0
CUST_000421,2024-01-20,Click-Through,170
CUST_000421,2025-04-07,Email Open,0
CUST_000422,2025-02-04,Click-Through,26
CUST_000422,2025-06-15,App Visit,423
CUST_000422,2025-04-24,Email Open,0
CUST_000422,2024-10-10,Social Media,0
CUST_000422,2024-03-07,Email Open,0
CUST_000423,2023-09-19,Social Media,0
CUST_000423,2025-01-05,Social Media,0
CUST_000423,2024-09-28,Social Media,0
CUST_000423,2024-11-12,Email Open,0
CUST_000423,2023-10-07,App Visit,34
CUST_000423,2023-09-28,Email Open,0
CUST_000423,2025-02-22,Email Open,0
CUST_000423,2024-03-15,Email Open,0
CUST_000423,2023-07-12,Email Open,0
CUST_000424,2024-10-01,Email Open,0
CUST_000424,2023-06-23,Support Call,0
CUST_000424,2023-09-21,Click-Through,197
CUST_000424,2024-11-16,App Visit,595
CUST_000424,2024-04-23,Email Open,0
CUST_000424,2024-02-07,App Visit,112
CUST_000424,2025-05-07,Click-Through,328
CUST_000424,2025-04-24,App Visit,78
CUST_000424,2024-07-24,Email Open,0
CUST_000424,2023-06-26,Social Media,0
CUST_000425,2025-07-04,App Visit,433
CUST_000425,2025-07-07,Email Open,0
CUST_000425,2024-10-15,Email Open,0
CUST_000426,2024-07-08,Social Media,0
CUST_000426,2024-05-31,Email Open,0
CUST_000426,2025-03-10,Click-Through,78
CUST_000426,2025-06-18,Social Media,0
CUST_000426,2025-09-17,Email Open,0
CUST_000426,2024-02-02,Support Call,0
CUST_000426,2023-07-07,Click-Through,60
CUST_000426,2024-02-01,Support Call,0
CUST_000426,2023-04-14,Support Call,0
CUST_000427,2025-05-06,Email Open,0
CUST_000427,2024-11-26,Email Open,0
CUST_000427,2025-06-21,Click-Through,492
CUST_000427,2024-03-28,Social Media,0
CUST_000427,2023-01-19,Email Open,0
CUST_000427,2023-03-07,Email Open,0
CUST_000427,2024-03-17,Email Open,0
CUST_000427,2025-06-30,Email Open,0
CUST_000427,2025-06-19,Email Open,0
CUST_000427,2024-01-02,Email Open,0
CUST_000427,2024-07-02,Click-Through,312
CUST_000427,2023-01-23,Social Media,0
CUST_000427,2024-07-27,Click-Through,367
CUST_000428,2023-01-10,Email Open,0
CUST_000428,2024-09-25,Email Open,0
CUST_000428,2025-02-02,Email Open,0
CUST_000428,2025-03-22,Email Open,0
CUST_000428,2024-05-06,Email Open,0
CUST_000428,2024-08-10,App Visit,452
CUST_000428,2024-04-27,Click-Through,211
CUST_000428,2024-10-21,Email Open,0
CUST_000428,2023-01-18,Click-Through,344
CUST_000428,2023-09-28,Email Open,0
CUST_000428,2024-11-08,App Visit,582
CUST_000429,2024-11-30,Email Open,0
CUST_000429,2024-09-18,Email Open,0
CUST_000429,2023-10-27,Click-Through,357
CUST_000429,2025-11-24,App Visit,554
CUST_000429,2025-01-04,Click-Through,517
CUST_000429,2025-06-13,Email Open,0
CUST_000429,2025-02-06,Email Open,0
CUST_000429,2025-10-13,Click-Through,517
CUST_000429,2023-06-02,Email Open,0
CUST_000429,2023-01-25,App Visit,430
CUST_000429,2023-06-09,App Visit,313
CUST_000429,2024-12-18,Social Media,0
CUST_000430,2023-12-05,Social Media,0
CUST_000430,2025-12-21,App Visit,167
CUST_000430,2025-10-06,Social Media,0
CUST_000430,2025-06-24,Click-Through,267
CUST_000431,2023-10-16,Click-Through,453
CUST_000431,2023-05-10,Click-Through,77
CUST_000431,2024-06-24,Email Open,0
CUST_000431,2023-05-26,Click-Through,168
CUST_000431,2024-01-31,Click-Through,416
CUST_000431,2023-05-02,Social Media,0
CUST_000431,2023-01-22,Email Open,0
CUST_000431,2025-04-13,Social Media,0
CUST_000431,2024-11-18,Email Open,0
CUST_000431,2024-05-24,Email Open,0
CUST_000431,2025-07-05,Click-Through,372
CUST_000432,2024-06-19,Email Open,0
CUST_000432,2024-01-17,Click-Through,82
CUST_000432,2023-12-13,App Visit,184
CUST_000432,2023-06-12,Click-Through,490
CUST_000432,2025-09-16,Email Open,0
CUST_000432,2025-07-15,Click-Through,336
CUST_000432,2024-07-26,Email Open,0
CUST_000432,2024-08-24,Click-Through,552
CUST_000432,2023-04-16,Email Open,0
CUST_000432,2025-03-05,Click-Through,237
CUST_000433,2024-08-22,Support Call,0
CUST_000433,2023-06-02,Click-Through,549
CUST_000433,2024-03-08,Email Open,0
CUST_000433,2025-12-24,Social Media,0
CUST_000433,2023-04-07,Click-Through,299
CUST_000433,2025-07-07,App Visit,151
CUST_000433,2023-08-02,Support Call,0
CUST_000433,2023-02-14,Click-Through,468
CUST_000433,2024-10-03,App Visit,438
CUST_000433,2024-06-30,App Visit,583
CUST_000433,2025-09-05,Email Open,0
CUST_000433,2025-08-22,App Visit,84
CUST_000433,2023-11-02,Email Open,0
CUST_000433,2025-03-14,Support Call,0
CUST_000434,2023-06-25,Social Media,0
CUST_000434,2023-07-05,Support Call,0
CUST_000434,2023-11-29,Email Open,0
CUST_000434,2025-07-21,Support Call,0
CUST_000435,2023-09-05,Click-Through,248
CUST_000435,2025-05-10,Click-Through,255
CUST_000435,2024-05-22,Social Media,0
CUST_000435,2025-08-16,Email Open,0
CUST_000435,2024-06-18,Social Media,0
CUST_000435,2023-11-21,App Visit,326
CUST_000435,2023-08-19,Email Open,0
CUST_000435,2023-04-04,Email Open,0
CUST_000436,2025-12-11,Email Open,0
CUST_000436,2025-09-02,App Visit,442
CUST_000436,2025-01-13,Social Media,0
CUST_000436,2024-07-07,Email Open,0
CUST_000436,2023-08-01,Click-Through,550
CUST_000436,2024-10-18,Click-Through,165
CUST_000436,2025-09-17,Social Media,0
CUST_000436,2024-06-06,Social Media,0
CUST_000436,2024-07-08,Email Open,0
CUST_000436,2023-09-14,Support Call,0
CUST_000436,2023-03-15,App Visit,239
CUST_000437,2024-11-19,Social Media,0
CUST_000437,2025-08-31,Click-Through,165
CUST_000437,2025-02-19,Click-Through,142
CUST_000437,2025-12-30,Email Open,0
CUST_000437,2023-09-13,Email Open,0
CUST_000437,2024-04-26,Social Media,0
CUST_000437,2024-01-11,Email Open,0
CUST_000437,2025-08-01,Email Open,0
CUST_000437,2024-12-11,Email Open,0
CUST_000437,2025-09-04,Email Open,0
CUST_000438,2024-07-04,Email Open,0
CUST_000438,2023-11-25,Email Open,0
CUST_000438,2023-10-03,Support Call,0
CUST_000438,2024-08-25,Support Call,0
CUST_000438,2024-03-27,Click-Through,217
CUST_000438,2025-03-12,Email Open,0
CUST_000438,2024-07-31,Email Open,0
CUST_000439,2025-12-21,Social Media,0
CUST_000439,2025-02-17,Support Call,0
CUST_000439,2025-06-30,Social Media,0
CUST_000439,2024-12-25,Email Open,0
CUST_000439,2024-01-25,Click-Through,373
CUST_000439,2024-03-10,Email Open,0
CUST_000439,2024-09-12,Click-Through,466
CUST_000439,2023-07-26,Email Open,0
CUST_000439,2025-11-13,Email Open,0
CUST_000440,2024-10-08,Email Open,0
CUST_000440,2023-09-30,Click-Through,280
CUST_000440,2024-04-30,Email Open,0
CUST_000440,2024-04-03,Click-Through,308
CUST_000440,2024-09-16,Email Open,0
CUST_000440,2024-08-12,Email Open,0
CUST_000441,2024-02-27,Social Media,0
CUST_000441,2024-08-28,Email Open,0
CUST_000441,2024-02-17,Support Call,0
CUST_000441,2025-09-13,App Visit,120
CUST_000441,2024-03-03,Email Open,0
CUST_000441,2023-04-23,Social Media,0
CUST_000441,2023-01-05,Click-Through,410
CUST_000441,2024-11-12,Support Call,0
CUST_000441,2023-06-06,Email Open,0
CUST_000441,2025-10-24,Social Media,0
CUST_000441,2024-01-26,App Visit,158
CUST_000441,2023-09-29,Email Open,0
CUST_000441,2024-10-09,Support Call,0
CUST_000441,2025-06-17,Click-Through,455
CUST_000441,2023-01-23,Social Media,0
CUST_000442,2025-05-15,Click-Through,118
CUST_000442,2024-03-31,Click-Through,501
CUST_000442,2024-12-23,Social Media,0
CUST_000442,2025-01-01,Email Open,0
CUST_000442,2023-08-21,App Visit,379
CUST_000443,2025-09-17,Click-Through,444
CUST_000443,2023-03-25,Click-Through,242
CUST_000443,2024-04-19,App Visit,29
CUST_000443,2024-04-01,Email Open,0
CUST_000443,2025-06-26,Click-Through,362
CUST_000443,2023-10-16,Social Media,0
CUST_000443,2023-07-04,Click-Through,403
CUST_000443,2024-08-15,Email Open,0
CUST_000445,2025-05-21,App Visit,28
CUST_000445,2025-03-07,Click-Through,220
CUST_000445,2025-08-20,Social Media,0
CUST_000445,2024-08-31,Click-Through,428
CUST_000445,2024-07-04,Social Media,0
CUST_000445,2023-12-13,Email Open,0
CUST_000446,2023-08-11,Email Open,0
CUST_000446,2023-05-12,Click-Through,412
CUST_000446,2024-04-25,Social Media,0
CUST_000446,2024-01-05,Click-Through,323
CUST_000446,2024-10-17,Click-Through,581
CUST_000446,2025-07-01,Social Media,0
CUST_000447,2023-06-08,Social Media,0
CUST_000447,2023-03-04,Click-Through,471
CUST_000447,2023-07-26,Email Open,0
CUST_000447,2023-12-20,Support Call,0
CUST_000447,2025-07-08,Email Open,0
CUST_000448,2024-06-22,App Visit,478
CUST_000448,2024-11-03,Email Open,0
CUST_000448,2025-08-11,Email Open,0
CUST_000448,2025-12-05,Email Open,0
CUST_000448,2025-09-24,App Visit,193
CUST_000448,2025-09-11,Email Open,0
CUST_000448,2025-08-03,Click-Through,412
CUST_000448,2023-11-27,Email Open,0
CUST_000448,2023-04-06,App Visit,80
CUST_000448,2023-11-06,Email Open,0
CUST_000448,2024-02-15,Click-Through,409
CUST_000449,2024-12-05,Email Open,0
CUST_000449,2023-04-19,Click-Through,372
CUST_000449,2024-05-15,Support Call,0
CUST_000449,2024-12-18,Support Call,0
CUST_000449,2023-03-22,App Visit,194
CUST_000449,2024-11-19,App Visit,39
CUST_000449,2023-12-02,Email Open,0
CUST_000449,2025-04-26,Email Open,0
CUST_000449,2023-07-06,Social Media,0
CUST_000449,2023-09-18,Social Media,0
CUST_000449,2024-09-14,Social Media,0
CUST_000449,2024-12-28,Email Open,0
CUST_000450,2025-04-13,Support Call,0
CUST_000450,2024-11-21,App Visit,496
CUST_000450,2025-08-14,Email Open,0
CUST_000450,2024-11-16,Click-Through,331
CUST_000450,2023-11-14,Email Open,0
CUST_000451,2024-07-10,Social Media,0
CUST_000451,2025-09-09,Support Call,0
CUST_000451,2025-02-23,Click-Through,187
CUST_000451,2023-01-11,Email Open,0
CUST_000451,2023-07-15,Support Call,0
CUST_000452,2024-08-13,Email Open,0
CUST_000452,2024-04-23,App Visit,434
CUST_000452,2023-03-30,Email Open,0
CUST_000452,2025-12-03,Email Open,0
CUST_000452,2024-12-24,Email Open,0
CUST_000452,2023-07-02,Click-Through,240
CUST_000452,2025-07-30,Click-Through,29
CUST_000452,2024-03-01,Social Media,0
CUST_000452,2025-01-16,Social Media,0
CUST_000452,2024-07-16,Click-Through,528
CUST_000452,2025-11-09,Click-Through,195
CUST_000452,2024-06-22,Email Open,0
CUST_000453,2023-05-06,Support Call,0
CUST_000453,2025-12-25,Email Open,0
CUST_000453,2025-06-23,Click-Through,117
CUST_000454,2023-01-10,App Visit,506
CUST_000454,2023-12-25,Email Open,0
CUST_000454,2024-01-17,Click-Through,241
CUST_000454,2024-11-20,Social Media,0
CUST_000454,2023-05-27,Email Open,0
CUST_000455,2024-07-25,Social Media,0
CUST_000455,2025-05-08,Email Open,0
CUST_000455,2025-06-30,Social Media,0
CUST_000455,2025-05-05,Social Media,0
CUST_000455,2024-09-14,App Visit,478
CUST_000455,2024-11-08,Social Media,0
CUST_000455,2023-04-07,Social Media,0
CUST_000455,2024-12-27,Email Open,0
CUST_000455,2025-06-05,Social Media,0
CUST_000455,2024-05-28,Email Open,0
CUST_000455,2025-02-18,Social Media,0
CUST_000455,2024-11-21,Social Media,0
CUST_000455,2024-09-29,Email Open,0
CUST_000455,2024-03-28,Social Media,0
CUST_000455,2023-11-26,Email Open,0
CUST_000455,2024-09-09,Support Call,0
CUST_000455,2025-11-10,Email Open,0
CUST_000455,2024-04-01,Social Media,0
CUST_000455,2025-03-27,Email Open,0
CUST_000456,2025-03-06,App Visit,435
CUST_000456,2024-04-13,Email Open,0
CUST_000456,2025-05-27,Support Call,0
CUST_000456,2023-05-04,Email Open,0
CUST_000456,2023-05-15,Social Media,0
CUST_000456,2024-11-23,Click-Through,558
CUST_000456,2023-12-04,Email Open,0
CUST_000456,2024-09-01,Email Open,0
CUST_000456,2025-05-20,Support Call,0
CUST_000456,2023-10-09,App Visit,568
CUST_000456,2023-02-17,Social Media,0
CUST_000457,2023-09-12,Email Open,0
CUST_000457,2023-02-10,Click-Through,134
CUST_000457,2024-06-19,App Visit,309
CUST_000457,2023-11-05,Social Media,0
CUST_000457,2024-08-13,Social Media,0
CUST_000457,2025-04-25,Email Open,0
CUST_000457,2023-10-28,Social Media,0
CUST_000457,2023-10-13,Email Open,0
CUST_000458,2025-03-31,Social Media,0
CUST_000458,2025-10-11,App Visit,98
CUST_000458,2023-03-26,App Visit,299
CUST_000458,2025-10-12,Support Call,0
CUST_000458,2024-01-29,App Visit,84
CUST_000458,2023-04-14,Support Call,0
CUST_000458,2025-03-26,Social Media,0
CUST_000459,2025-10-04,Social Media,0
CUST_000459,2025-07-08,Click-Through,99
CUST_000459,2024-10-21,Email Open,0
CUST_000459,2023-08-26,App Visit,573
CUST_000459,2023-08-01,App Visit,288
CUST_000459,2023-08-11,Email Open,0
CUST_000459,2024-07-13,Email Open,0
CUST_000459,2024-12-07,Click-Through,501
CUST_000459,2025-09-04,App Visit,211
CUST_000460,2024-09-12,Social Media,0
CUST_000460,2025-04-01,Email Open,0
CUST_000460,2024-03-14,Support Call,0
CUST_000460,2023-05-17,Email Open,0
CUST_000460,2023-10-29,Social Media,0
CUST_000460,2024-05-08,Social Media,0
CUST_000460,2024-06-17,Social Media,0
CUST_000460,2024-01-28,Social Media,0
CUST_000460,2025-12-05,App Visit,450
CUST_000461,2023-11-17,Social Media,0
CUST_000461,2024-11-26,Email Open,0
CUST_000461,2024-10-19,Social Media,0
CUST_000461,2025-08-17,Email Open,0
CUST_000461,2024-12-06,Click-Through,529
CUST_000461,2024-04-23,Support Call,0
CUST_000462,2024-10-31,Support Call,0
CUST_000462,2024-08-14,Email Open,0
CUST_000462,2024-12-05,Click-Through,86
CUST_000462,2025-05-09,Social Media,0
CUST_000462,2024-03-28,Social Media,0
CUST_000462,2024-10-24,App Visit,359
CUST_000462,2024-02-12,Email Open,0
CUST_000462,2025-05-15,Click-Through,94
CUST_000462,2024-01-12,App Visit,311
CUST_000462,2025-09-27,Social Media,0
CUST_000462,2023-04-08,Email Open,0
CUST_000463,2025-12-03,Email Open,0
CUST_000463,2024-01-09,Email Open,0
CUST_000463,2024-12-01,App Visit,163
CUST_000463,2023-10-24,App Visit,179
CUST_000463,2024-11-21,Social Media,0
CUST_000463,2023-09-20,App Visit,451
CUST_000463,2023-01-24,Email Open,0
CUST_000464,2023-07-05,Click-Through,532
CUST_000464,2025-03-10,Email Open,0
CUST_000464,2024-03-13,Social Media,0
CUST_000464,2025-11-19,Email Open,0
CUST_000464,2023-05-17,Email Open,0
CUST_000464,2023-11-21,Click-Through,106
CUST_000464,2025-01-31,Social Media,0
CUST_000464,2023-07-03,Click-Through,224
CUST_000465,2025-09-19,Email Open,0
CUST_000465,2024-07-05,Email Open,0
CUST_000465,2025-04-04,Social Media,0
CUST_000465,2025-01-29,Email Open,0
CUST_000465,2024-05-28,Email Open,0
CUST_000466,2024-01-21,Social Media,0
CUST_000466,2024-12-12,App Visit,184
CUST_000466,2024-06-24,App Visit,375
CUST_000466,2025-09-11,Click-Through,42
CUST_000466,2025-07-23,Click-Through,168
CUST_000466,2024-03-07,Email Open,0
CUST_000466,2025-01-02,Click-Through,41
CUST_000467,2024-04-16,Email Open,0
CUST_000467,2023-08-06,Support Call,0
CUST_000467,2024-04-26,Support Call,0
CUST_000467,2025-01-02,Email Open,0
CUST_000467,2024-11-11,Email Open,0
CUST_000467,2023-05-30,Email Open,0
CUST_000467,2025-02-19,Social Media,0
CUST_000467,2025-05-08,Email Open,0
CUST_000467,2023-04-21,Support Call,0
CUST_000467,2025-05-16,App Visit,169
CUST_000468,2023-01-12,App Visit,458
CUST_000468,2023-12-03,Social Media,0
CUST_000468,2025-11-29,Social Media,0
CUST_000468,2023-09-29,Support Call,0
CUST_000468,2023-02-27,Email Open,0
CUST_000469,2024-03-06,Email Open,0
CUST_000469,2023-07-24,Social Media,0
CUST_000469,2024-10-05,Email Open,0
CUST_000469,2024-11-18,Email Open,0
CUST_000469,2023-07-20,Email Open,0
CUST_000469,2024-11-26,App Visit,106
CUST_000469,2025-09-24,Email Open,0
CUST_000469,2024-08-12,Email Open,0
CUST_000469,2024-07-16,Support Call,0
CUST_000469,2023-09-05,Click-Through,450
CUST_000469,2024-02-14,Email Open,0
CUST_000470,2023-05-21,Support Call,0
CUST_000470,2025-03-19,Email Open,0
CUST_000470,2023-01-07,Click-Through,28
CUST_000470,2023-02-16,Email Open,0
CUST_000470,2024-09-15,Email Open,0
CUST_000470,2024-06-12,Click-Through,478
CUST_000471,2025-08-31,Email Open,0
CUST_000471,2024-06-03,Email Open,0
CUST_000471,2023-07-15,Support Call,0
CUST_000471,2025-08-15,Click-Through,169
CUST_000471,2025-02-10,Email Open,0
CUST_000471,2025-08-09,Support Call,0
CUST_000471,2023-04-28,Support Call,0
CUST_000472,2024-03-13,Support Call,0
CUST_000472,2024-03-20,Email Open,0
CUST_000472,2024-07-06,Email Open,0
CUST_000472,2025-09-09,Click-Through,589
CUST_000472,2024-06-03,App Visit,276
CUST_000472,2024-04-15,Social Media,0
CUST_000473,2024-10-03,Social Media,0
CUST_000473,2023-06-01,App Visit,520
CUST_000473,2023-06-06,Email Open,0
CUST_000473,2023-05-08,App Visit,333
CUST_000473,2023-12-01,Click-Through,497
CUST_000474,2025-10-18,Email Open,0
CUST_000474,2025-12-07,Social Media,0
CUST_000474,2024-05-20,App Visit,68
CUST_000474,2023-08-21,Click-Through,419
CUST_000474,2025-07-23,Social Media,0
CUST_000474,2025-10-08,Email Open,0
CUST_000474,2025-07-27,Email Open,0
CUST_000474,2025-01-18,Support Call,0
CUST_000474,2023-09-08,Email Open,0
CUST_000474,2024-03-16,Email Open,0
CUST_000475,2023-11-22,Support Call,0
CUST_000475,2025-11-21,Support Call,0
CUST_000475,2025-06-17,Social Media,0
CUST_000475,2025-01-31,Social Media,0
CUST_000476,2025-07-14,App Visit,219
CUST_000476,2024-08-14,Social Media,0
CUST_000476,2023-10-24,App Visit,310
CUST_000476,2023-01-28,Email Open,0
CUST_000476,2023-12-16,Email Open,0
CUST_000476,2023-02-01,Email Open,0
CUST_000476,2025-12-14,App Visit,276
CUST_000476,2024-06-06,Click-Through,118
CUST_000476,2023-02-05,Click-Through,34
CUST_000476,2024-10-03,Email Open,0
CUST_000476,2025-08-03,Click-Through,426
CUST_000476,2025-06-18,App Visit,498
CUST_000476,2025-12-25,Click-Through,255
CUST_000477,2024-06-01,Social Media,0
CUST_000477,2023-02-13,Email Open,0
CUST_000477,2023-01-20,Email Open,0
CUST_000477,2025-05-20,Social Media,0
CUST_000477,2024-08-28,Email Open,0
CUST_000477,2024-08-27,Email Open,0
CUST_000477,2025-05-13,Email Open,0
CUST_000477,2024-12-20,Click-Through,123
CUST_000478,2025-03-14,Email Open,0
CUST_000478,2023-11-15,Email Open,0
CUST_000478,2025-09-07,Support Call,0
CUST_000478,2024-07-19,Email Open,0
CUST_000478,2025-08-15,Click-Through,221
CUST_000478,2023-05-03,Email Open,0
CUST_000479,2023-10-20,Email Open,0
CUST_000479,2023-08-14,Social Media,0
CUST_000479,2024-02-20,Social Media,0
CUST_000479,2025-02-14,Click-Through,128
CUST_000479,2024-06-14,Click-Through,33
CUST_000479,2025-12-26,Click-Through,207
CUST_000479,2024-03-06,Click-Through,592
CUST_000479,2024-08-11,Click-Through,178
CUST_000479,2024-09-23,App Visit,315
CUST_000479,2023-06-08,Social Media,0
CUST_000480,2023-08-18,App Visit,82
CUST_000480,2024-12-06,Support Call,0
CUST_000480,2023-06-10,Click-Through,313
CUST_000480,2023-05-23,Email Open,0
CUST_000481,2025-08-08,Email Open,0
CUST_000481,2023-07-11,Click-Through,563
CUST_000481,2023-01-03,App Visit,307
CUST_000481,2024-03-19,Social Media,0
CUST_000481,2025-08-06,Email Open,0
CUST_000481,2024-02-17,Email Open,0
CUST_000481,2025-08-31,Click-Through,80
CUST_000481,2024-10-23,Click-Through,387
CUST_000481,2025-11-03,Click-Through,443
CUST_000481,2025-08-26,Social Media,0
CUST_000481,2025-09-19,Click-Through,330
CUST_000481,2024-04-03,Social Media,0
CUST_000481,2023-06-11,Click-Through,102
CUST_000482,2024-05-26,Support Call,0
CUST_000482,2025-05-01,Click-Through,410
CUST_000482,2023-11-04,Email Open,0
CUST_000482,2024-01-26,Click-Through,597
CUST_000482,2024-01-17,Email Open,0
CUST_000483,2025-08-14,Social Media,0
CUST_000483,2024-08-11,Email Open,0
CUST_000483,2025-07-09,Support Call,0
CUST_000483,2025-01-02,Email Open,0
CUST_000483,2024-11-20,Social Media,0
CUST_000483,2025-10-07,Social Media,0
CUST_000483,2024-02-21,Email Open,0
CUST_000483,2023-02-21,Email Open,0
CUST_000483,2023-12-28,Email Open,0
CUST_000483,2024-04-25,Email Open,0
CUST_000483,2023-07-30,App Visit,410
CUST_000484,2023-11-14,Social Media,0
CUST_000484,2025-07-05,Click-Through,574
CUST_000484,2023-07-17,Email Open,0
CUST_000484,2025-04-15,App Visit,264
CUST_000485,2023-07-11,Email Open,0
CUST_000485,2023-11-15,Social Media,0
CUST_000485,2023-01-11,Email Open,0
CUST_000485,2024-01-18,Email Open,0
CUST_000485,2023-03-06,Email Open,0
CUST_000485,2025-10-04,App Visit,370
CUST_000485,2024-01-18,Click-Through,77
CUST_000485,2023-11-21,Social Media,0
CUST_000485,2025-11-19,Social Media,0
CUST_000486,2023-08-18,Email Open,0
CUST_000486,2025-05-09,Click-Through,260
CUST_000486,2024-02-12,Social Media,0
CUST_000486,2023-04-23,Click-Through,555
CUST_000486,2023-11-24,Email Open,0
CUST_000486,2025-05-28,Social Media,0
CUST_000486,2024-05-10,Email Open,0
CUST_000487,2023-04-30,Email Open,0
CUST_000487,2024-01-04,Email Open,0
CUST_000487,2024-12-30,Email Open,0
CUST_000488,2024-05-15,Email Open,0
CUST_000488,2024-08-24,Email Open,0
CUST_000488,2023-04-18,Email Open,0
CUST_000488,2024-01-20,Click-Through,28
CUST_000488,2024-12-02,Email Open,0
CUST_000488,2025-10-28,Email Open,0
CUST_000488,2025-12-19,Social Media,0
CUST_000489,2024-12-18,Support Call,0
CUST_000489,2023-06-28,Email Open,0
CUST_000489,2024-11-21,App Visit,282
CUST_000489,2025-08-26,Click-Through,104
CUST_000490,2024-09-01,Support Call,0
CUST_000490,2023-04-01,Support Call,0
CUST_000490,2023-05-13,Support Call,0
CUST_000490,2023-07-14,Email Open,0
CUST_000490,2025-01-29,Click-Through,454
CUST_000490,2023-09-22,Click-Through,529
CUST_000490,2025-06-27,App Visit,398
CUST_000490,2023-04-18,Click-Through,29
CUST_000490,2024-05-31,Email Open,0
CUST_000491,2025-05-22,Support Call,0
CUST_000491,2024-01-10,Click-Through,505
CUST_000491,2024-10-29,Email Open,0
CUST_000492,2025-07-15,Email Open,0
CUST_000492,2025-08-02,Email Open,0
CUST_000492,2025-05-20,App Visit,287
CUST_000492,2024-06-03,Click-Through,404
CUST_000492,2024-09-25,Click-Through,344
CUST_000492,2024-01-08,Email Open,0
CUST_000492,2024-10-18,Support Call,0
CUST_000492,2023-07-01,Click-Through,92
CUST_000492,2023-09-10,Email Open,0
CUST_000493,2025-01-14,Email Open,0
CUST_000493,2023-11-11,Social Media,0
CUST_000493,2025-04-30,Click-Through,191
CUST_000493,2025-01-29,Email Open,0
CUST_000493,2024-10-12,Email Open,0
CUST_000493,2025-06-27,Email Open,0
CUST_000493,2024-09-09,Click-Through,430
CUST_000493,2025-02-01,Email Open,0
CUST_000493,2025-04-03,Email Open,0
CUST_000493,2023-09-20,Support Call,0
CUST_000494,2024-08-11,Social Media,0
CUST_000494,2024-08-30,Support Call,0
CUST_000494,2025-09-23,Click-Through,108
CUST_000494,2025-07-03,Support Call,0
CUST_000494,2025-10-21,Email Open,0
CUST_000494,2025-12-06,Email Open,0
CUST_000494,2024-10-03,Email Open,0
CUST_000494,2023-10-15,Email Open,0
CUST_000494,2023-10-24,Social Media,0
CUST_000495,2024-03-31,Email Open,0
CUST_000495,2024-08-29,Social Media,0
CUST_000495,2025-10-02,Click-Through,53
CUST_000495,2024-07-01,Email Open,0
CUST_000495,2025-08-08,Social Media,0
CUST_000496,2025-11-10,Click-Through,260
CUST_000496,2023-05-25,Email Open,0
CUST_000496,2024-07-02,Email Open,0
CUST_000496,2025-07-05,Social Media,0
CUST_000496,2023-08-23,Email Open,0
CUST_000497,2023-08-11,App Visit,106
CUST_000497,2025-10-14,Email Open,0
CUST_000497,2024-11-25,Email Open,0
CUST_000497,2023-08-27,Social Media,0
CUST_000497,2023-07-15,Social Media,0
CUST_000497,2024-11-10,App Visit,407
CUST_000498,2024-07-31,Click-Through,256
CUST_000498,2023-04-12,App Visit,137
CUST_000498,2023-08-04,Email Open,0
CUST_000498,2025-12-21,Support Call,0
CUST_000498,2025-12-18,Email Open,0
CUST_000498,2024-06-19,Social Media,0
CUST_000498,2024-04-09,Email Open,0
CUST_000498,2024-04-12,Email Open,0
CUST_000498,2025-12-03,Support Call,0
CUST_000499,2023-08-18,Social Media,0
CUST_000499,2023-10-02,Email Open,0
CUST_000499,2024-10-19,App Visit,18
CUST_000499,2023-10-22,Click-Through,395
CUST_000499,2025-05-12,Email Open,0
CUST_000499,2025-01-16,Social Media,0
CUST_000499,2025-09-05,Email Open,0
CUST_000499,2025-12-27,Email Open,0
CUST_000499,2023-08-13,Social Media,0
CUST_000499,2025-11-16,Email Open,0
CUST_000499,2023-07-12,Support Call,0
CUST_000499,2025-09-05,Click-Through,109
CUST_000499,2025-02-21,Click-Through,65
CUST_000499,2025-10-22,Click-Through,584
