customer_id,period,period_end_date,loyalty_score,purchase_count_quarter,spend_quarter,nps_quarter,trend_direction
CUST_000000,Q1_2023,2023-03-31,54.0,0,0.0,0.0,up
CUST_000000,Q2_2023,2023-06-30,57.3,2,216.29000000000002,0.5,up
CUST_000000,Q3_2023,2023-09-30,59.1,1,88.94,0.0,up
CUST_000000,Q4_2023,2023-12-31,68.9,2,170.34,0.5,up
CUST_000000,Q1_2024,2024-03-31,67.1,4,242.45999999999998,0.5,up
CUST_000000,Q2_2024,2024-06-30,65.1,2,751.56,0.0,up
CUST_000000,Q3_2024,2024-09-30,69.6,5,344.24,0.4,up
CUST_000000,Q4_2024,2024-12-31,70.8,1,301.5,0.0,up
CUST_000000,Q1_2025,2025-03-31,67.7,0,0.0,0.0,up
CUST_000000,Q2_2025,2025-06-30,73.4,2,239.26999999999998,0.5,up
CUST_000000,Q3_2025,2025-09-30,68.3,3,598.21,0.3333333333333333,up
CUST_000000,Q4_2025,2025-12-31,77.3,1,18.87,1.0,up
CUST_000001,Q1_2023,2023-03-31,67.6,3,224.52,0.0,up
CUST_000001,Q2_2023,2023-06-30,73.2,4,392.72,0.25,up
CUST_000001,Q3_2023,2023-09-30,72.5,1,28.06,0.0,up
CUST_000001,Q4_2023,2023-12-31,76.4,4,478.77,0.5,up
CUST_000001,Q1_2024,2024-03-31,67.1,3,196.92,0.6666666666666666,up
CUST_000001,Q2_2024,2024-06-30,80.0,3,291.90999999999997,0.3333333333333333,up
CUST_000001,Q3_2024,2024-09-30,77.4,4,400.59,0.25,up
CUST_000001,Q4_2024,2024-12-31,86.8,3,330.81,0.6666666666666666,up
CUST_000001,Q1_2025,2025-03-31,91.7,1,153.88,1.0,up
CUST_000001,Q2_2025,2025-06-30,83.3,3,860.3199999999999,0.0,up
CUST_000001,Q3_2025,2025-09-30,85.7,4,1265.79,0.0,up
CUST_000001,Q4_2025,2025-12-31,84.7,2,247.13000000000002,1.0,up
CUST_000002,Q1_2023,2023-03-31,52.7,2,49.62,0.5,stable
CUST_000002,Q2_2023,2023-06-30,66.1,4,144.91,0.25,stable
CUST_000002,Q3_2023,2023-09-30,69.4,2,63.03,0.5,stable
CUST_000002,Q4_2023,2023-12-31,64.3,2,323.69,0.0,stable
CUST_000002,Q1_2024,2024-03-31,55.7,2,139.69,0.0,stable
CUST_000002,Q2_2024,2024-06-30,50.5,0,0.0,0.0,stable
CUST_000002,Q3_2024,2024-09-30,58.5,0,0.0,0.0,stable
CUST_000002,Q4_2024,2024-12-31,59.2,1,145.19,0.0,stable
CUST_000002,Q1_2025,2025-03-31,66.7,4,554.4,0.25,stable
CUST_000002,Q2_2025,2025-06-30,67.8,3,369.61,0.0,stable
CUST_000002,Q3_2025,2025-09-30,62.7,2,433.13,0.0,stable
CUST_000002,Q4_2025,2025-12-31,56.1,2,92.18,0.0,stable
CUST_000003,Q1_2023,2023-03-31,47.7,1,97.03,0.0,stable
CUST_000003,Q2_2023,2023-06-30,54.8,4,511.68999999999994,0.5,stable
CUST_000003,Q3_2023,2023-09-30,46.7,1,9.7,1.0,stable
CUST_000003,Q4_2023,2023-12-31,53.9,1,28.46,0.0,stable
CUST_000003,Q1_2024,2024-03-31,45.9,2,159.53,0.0,stable
CUST_000003,Q2_2024,2024-06-30,49.4,0,0.0,0.0,stable
CUST_000003,Q3_2024,2024-09-30,40.3,1,128.8,1.0,stable
CUST_000003,Q4_2024,2024-12-31,50.4,3,281.03,0.6666666666666666,stable
CUST_000003,Q1_2025,2025-03-31,48.1,3,160.59,1.0,stable
CUST_000003,Q2_2025,2025-06-30,45.3,1,195.07,0.0,stable
CUST_000003,Q3_2025,2025-09-30,53.4,1,203.97,0.0,stable
CUST_000003,Q4_2025,2025-12-31,50.9,3,802.8100000000001,0.3333333333333333,stable
CUST_000004,Q1_2023,2023-03-31,50.1,1,31.79,1.0,stable
CUST_000004,Q2_2023,2023-06-30,46.0,0,0.0,0.0,stable
CUST_000004,Q3_2023,2023-09-30,50.0,0,0.0,0.0,stable
CUST_000004,Q4_2023,2023-12-31,52.6,0,0.0,0.0,stable
CUST_000004,Q1_2024,2024-03-31,65.8,1,388.2,0.0,stable
CUST_000004,Q2_2024,2024-06-30,48.5,1,77.91,0.0,stable
CUST_000004,Q3_2024,2024-09-30,51.3,1,182.6,0.0,stable
CUST_000004,Q4_2024,2024-12-31,58.9,2,535.15,0.0,stable
CUST_000004,Q1_2025,2025-03-31,60.3,3,239.25000000000003,0.0,stable
CUST_000004,Q2_2025,2025-06-30,46.8,1,80.63,0.0,stable
CUST_000004,Q3_2025,2025-09-30,52.5,0,0.0,0.0,stable
CUST_000004,Q4_2025,2025-12-31,50.7,1,230.86,0.0,stable
CUST_000005,Q1_2023,2023-03-31,53.3,1,121.99,0.0,up
CUST_000005,Q2_2023,2023-06-30,60.8,1,189.52,0.0,up
CUST_000005,Q3_2023,2023-09-30,70.5,2,462.33000000000004,0.5,up
CUST_000005,Q4_2023,2023-12-31,69.9,4,471.16,0.5,up
CUST_000005,Q1_2024,2024-03-31,69.4,4,338.25,0.75,up
CUST_000005,Q2_2024,2024-06-30,67.8,4,371.92999999999995,0.75,up
CUST_000005,Q3_2024,2024-09-30,70.0,1,21.23,1.0,up
CUST_000005,Q4_2024,2024-12-31,76.6,2,91.68,0.5,up
CUST_000005,Q1_2025,2025-03-31,61.9,1,18.18,1.0,up
CUST_000005,Q2_2025,2025-06-30,67.5,3,680.81,0.3333333333333333,up
CUST_000005,Q3_2025,2025-09-30,80.9,3,165.67,0.3333333333333333,up
CUST_000005,Q4_2025,2025-12-31,64.7,1,44.32,1.0,up
CUST_000006,Q1_2023,2023-03-31,56.1,3,289.33000000000004,0.3333333333333333,up
CUST_000006,Q2_2023,2023-06-30,59.8,1,30.9,1.0,up
CUST_000006,Q3_2023,2023-09-30,70.0,0,0.0,0.0,up
CUST_000006,Q4_2023,2023-12-31,61.6,1,201.75,0.0,up
CUST_000006,Q1_2024,2024-03-31,84.9,0,0.0,0.0,up
CUST_000006,Q2_2024,2024-06-30,78.5,2,100.18,0.0,up
CUST_000006,Q3_2024,2024-09-30,77.1,1,59.4,0.0,up
CUST_000006,Q4_2024,2024-12-31,87.4,3,746.22,0.3333333333333333,up
CUST_000006,Q1_2025,2025-03-31,88.9,3,333.01,0.3333333333333333,up
CUST_000006,Q2_2025,2025-06-30,91.2,1,36.3,0.0,up
CUST_000006,Q3_2025,2025-09-30,88.9,4,438.3,0.75,up
CUST_000006,Q4_2025,2025-12-31,85.0,4,472.31,0.5,up
CUST_000007,Q1_2023,2023-03-31,62.1,2,215.37,0.5,up
CUST_000007,Q2_2023,2023-06-30,55.4,2,164.46,0.0,up
CUST_000007,Q3_2023,2023-09-30,66.3,2,264.73,0.5,up
CUST_000007,Q4_2023,2023-12-31,62.6,4,937.8199999999999,0.0,up
CUST_000007,Q1_2024,2024-03-31,72.1,1,121.25,1.0,up
CUST_000007,Q2_2024,2024-06-30,66.9,0,0.0,0.0,up
CUST_000007,Q3_2024,2024-09-30,65.6,4,579.6700000000001,0.0,up
CUST_000007,Q4_2024,2024-12-31,67.9,1,37.05,1.0,up
CUST_000007,Q1_2025,2025-03-31,73.0,3,171.82000000000002,0.0,up
CUST_000007,Q2_2025,2025-06-30,84.4,2,77.74000000000001,0.5,up
CUST_000007,Q3_2025,2025-09-30,79.5,1,17.62,1.0,up
CUST_000007,Q4_2025,2025-12-31,80.6,2,444.17999999999995,0.0,up
CUST_000008,Q1_2023,2023-03-31,74.8,2,205.51,0.5,up
CUST_000008,Q2_2023,2023-06-30,62.2,1,43.63,0.0,up
CUST_000008,Q3_2023,2023-09-30,60.6,1,66.4,0.0,up
CUST_000008,Q4_2023,2023-12-31,79.7,1,20.34,0.0,up
CUST_000008,Q1_2024,2024-03-31,68.5,4,144.11,0.5,up
CUST_000008,Q2_2024,2024-06-30,67.3,1,24.49,1.0,up
CUST_000008,Q3_2024,2024-09-30,82.4,3,242.0,0.0,up
CUST_000008,Q4_2024,2024-12-31,73.8,1,25.37,0.0,up
CUST_000008,Q1_2025,2025-03-31,79.9,3,116.49000000000001,0.6666666666666666,up
CUST_000008,Q2_2025,2025-06-30,84.1,2,84.78,0.5,up
CUST_000008,Q3_2025,2025-09-30,83.0,0,0.0,0.0,up
CUST_000008,Q4_2025,2025-12-31,87.3,3,570.65,0.3333333333333333,up
CUST_000009,Q1_2023,2023-03-31,56.5,1,63.83,0.0,up
CUST_000009,Q2_2023,2023-06-30,52.9,0,0.0,0.0,up
CUST_000009,Q3_2023,2023-09-30,51.8,4,755.87,0.5,up
CUST_000009,Q4_2023,2023-12-31,54.8,2,58.68,1.0,up
CUST_000009,Q1_2024,2024-03-31,62.1,2,297.35,1.0,up
CUST_000009,Q2_2024,2024-06-30,53.5,0,0.0,0.0,up
CUST_000009,Q3_2024,2024-09-30,62.2,2,216.17,0.0,up
CUST_000009,Q4_2024,2024-12-31,59.5,3,430.19,0.3333333333333333,up
CUST_000009,Q1_2025,2025-03-31,56.3,2,478.43,0.0,up
CUST_000009,Q2_2025,2025-06-30,55.2,1,92.25,0.0,up
CUST_000009,Q3_2025,2025-09-30,59.3,1,339.28,1.0,up
CUST_000009,Q4_2025,2025-12-31,68.0,3,173.54999999999998,0.3333333333333333,up
CUST_000010,Q1_2023,2023-03-31,50.2,1,105.61,0.0,stable
CUST_000010,Q2_2023,2023-06-30,55.2,1,142.03,0.0,stable
CUST_000010,Q3_2023,2023-09-30,47.9,1,26.77,0.0,stable
CUST_000010,Q4_2023,2023-12-31,59.1,2,44.08,0.5,stable
CUST_000010,Q1_2024,2024-03-31,56.1,0,0.0,0.0,stable
CUST_000010,Q2_2024,2024-06-30,47.2,1,51.23,1.0,stable
CUST_000010,Q3_2024,2024-09-30,51.8,3,490.84000000000003,0.3333333333333333,stable
CUST_000010,Q4_2024,2024-12-31,56.7,0,0.0,0.0,stable
CUST_000010,Q1_2025,2025-03-31,48.8,0,0.0,0.0,stable
CUST_000010,Q2_2025,2025-06-30,51.9,2,107.71000000000001,0.5,stable
CUST_000010,Q3_2025,2025-09-30,56.0,1,112.05,0.0,stable
CUST_000010,Q4_2025,2025-12-31,59.8,3,287.24,0.3333333333333333,stable
CUST_000011,Q1_2023,2023-03-31,67.3,2,300.85,0.0,up
CUST_000011,Q2_2023,2023-06-30,65.0,1,180.99,0.0,up
CUST_000011,Q3_2023,2023-09-30,63.6,2,191.44,0.0,up
CUST_000011,Q4_2023,2023-12-31,60.4,3,842.13,0.0,up
CUST_000011,Q1_2024,2024-03-31,65.9,3,232.14999999999998,0.3333333333333333,up
CUST_000011,Q2_2024,2024-06-30,65.7,1,103.64,0.0,up
CUST_000011,Q3_2024,2024-09-30,71.4,1,173.07,0.0,up
CUST_000011,Q4_2024,2024-12-31,69.3,4,348.12,0.5,up
CUST_000011,Q1_2025,2025-03-31,70.5,3,332.29,0.6666666666666666,up
CUST_000011,Q2_2025,2025-06-30,78.0,3,206.18,0.3333333333333333,up
CUST_000011,Q3_2025,2025-09-30,71.1,1,30.85,1.0,up
CUST_000011,Q4_2025,2025-12-31,70.3,4,323.46,0.25,up
CUST_000012,Q1_2023,2023-03-31,34.8,0,0.0,0.0,down
CUST_000012,Q2_2023,2023-06-30,37.9,3,200.32999999999998,0.3333333333333333,down
CUST_000012,Q3_2023,2023-09-30,53.1,2,537.94,0.0,down
CUST_000012,Q4_2023,2023-12-31,35.3,0,0.0,0.0,down
CUST_000012,Q1_2024,2024-03-31,37.0,0,0.0,0.0,down
CUST_000012,Q2_2024,2024-06-30,43.8,0,0.0,0.0,down
CUST_000012,Q3_2024,2024-09-30,27.6,0,0.0,0.0,down
CUST_000012,Q4_2024,2024-12-31,33.7,1,49.48,0.0,down
CUST_000012,Q1_2025,2025-03-31,36.5,2,434.53000000000003,0.0,down
CUST_000012,Q2_2025,2025-06-30,31.3,2,156.72,0.0,down
CUST_000012,Q3_2025,2025-09-30,25.0,0,0.0,0.0,down
CUST_000012,Q4_2025,2025-12-31,30.6,4,815.62,0.25,down
CUST_000013,Q1_2023,2023-03-31,50.8,1,139.54,0.0,down
CUST_000013,Q2_2023,2023-06-30,56.5,1,60.94,1.0,down
CUST_000013,Q3_2023,2023-09-30,58.6,2,409.40999999999997,0.0,down
CUST_000013,Q4_2023,2023-12-31,54.2,1,138.26,1.0,down
CUST_000013,Q1_2024,2024-03-31,52.7,3,188.52,0.6666666666666666,down
CUST_000013,Q2_2024,2024-06-30,46.3,0,0.0,0.0,down
CUST_000013,Q3_2024,2024-09-30,43.0,2,181.39,0.0,down
CUST_000013,Q4_2024,2024-12-31,36.1,0,0.0,0.0,down
CUST_000013,Q1_2025,2025-03-31,38.0,2,515.62,0.0,down
CUST_000013,Q2_2025,2025-06-30,37.5,3,611.11,0.0,down
CUST_000013,Q3_2025,2025-09-30,41.1,2,134.78,0.5,down
CUST_000013,Q4_2025,2025-12-31,42.7,1,66.39,1.0,down
CUST_000014,Q1_2023,2023-03-31,63.2,1,19.27,1.0,up
CUST_000014,Q2_2023,2023-06-30,67.0,2,199.7,0.0,up
CUST_000014,Q3_2023,2023-09-30,58.6,1,34.46,0.0,up
CUST_000014,Q4_2023,2023-12-31,67.4,2,49.36,0.5,up
CUST_000014,Q1_2024,2024-03-31,67.8,3,406.55,0.6666666666666666,up
CUST_000014,Q2_2024,2024-06-30,64.5,6,381.38000000000005,0.5,up
CUST_000014,Q3_2024,2024-09-30,79.6,4,269.7,0.5,up
CUST_000014,Q4_2024,2024-12-31,75.6,2,565.9300000000001,0.0,up
CUST_000014,Q1_2025,2025-03-31,85.4,2,164.21,0.0,up
CUST_000014,Q2_2025,2025-06-30,83.8,2,232.11,0.0,up
CUST_000014,Q3_2025,2025-09-30,76.9,2,370.93,0.0,up
CUST_000014,Q4_2025,2025-12-31,83.0,0,0.0,0.0,up
CUST_000015,Q1_2023,2023-03-31,77.4,3,145.81,0.6666666666666666,stable
CUST_000015,Q2_2023,2023-06-30,79.3,3,196.60999999999999,0.3333333333333333,stable
CUST_000015,Q3_2023,2023-09-30,67.5,5,582.35,0.4,stable
CUST_000015,Q4_2023,2023-12-31,68.3,3,127.69,0.6666666666666666,stable
CUST_000015,Q1_2024,2024-03-31,75.7,1,152.67,1.0,stable
CUST_000015,Q2_2024,2024-06-30,70.5,4,300.1,0.5,stable
CUST_000015,Q3_2024,2024-09-30,72.4,5,772.7,0.4,stable
CUST_000015,Q4_2024,2024-12-31,76.4,4,491.99,0.25,stable
CUST_000015,Q1_2025,2025-03-31,79.9,5,542.69,0.4,stable
CUST_000015,Q2_2025,2025-06-30,75.6,7,483.81,0.2857142857142857,stable
CUST_000015,Q3_2025,2025-09-30,82.8,2,514.85,0.0,stable
CUST_000015,Q4_2025,2025-12-31,70.6,4,296.75,0.0,stable
CUST_000016,Q1_2023,2023-03-31,65.5,2,226.93,0.5,up
CUST_000016,Q2_2023,2023-06-30,68.2,2,90.8,0.5,up
CUST_000016,Q3_2023,2023-09-30,65.3,4,273.61,0.25,up
CUST_000016,Q4_2023,2023-12-31,67.9,1,27.31,0.0,up
CUST_000016,Q1_2024,2024-03-31,69.7,0,0.0,0.0,up
CUST_000016,Q2_2024,2024-06-30,65.8,2,113.43,0.5,up
CUST_000016,Q3_2024,2024-09-30,69.0,1,28.76,0.0,up
CUST_000016,Q4_2024,2024-12-31,63.0,1,377.68,1.0,up
CUST_000016,Q1_2025,2025-03-31,65.1,1,62.82,0.0,up
CUST_000016,Q2_2025,2025-06-30,78.8,1,38.77,0.0,up
CUST_000016,Q3_2025,2025-09-30,75.7,3,388.89,0.3333333333333333,up
CUST_000016,Q4_2025,2025-12-31,82.2,2,402.91,0.5,up
CUST_000017,Q1_2023,2023-03-31,80.5,6,884.8,0.16666666666666666,down
CUST_000017,Q2_2023,2023-06-30,77.5,6,341.86,0.6666666666666666,down
CUST_000017,Q3_2023,2023-09-30,81.8,4,222.59,0.5,down
CUST_000017,Q4_2023,2023-12-31,79.7,3,208.70000000000002,0.3333333333333333,down
CUST_000017,Q1_2024,2024-03-31,70.9,6,621.5,0.5,down
CUST_000017,Q2_2024,2024-06-30,66.1,4,313.65999999999997,0.0,down
CUST_000017,Q3_2024,2024-09-30,67.4,4,262.14,0.5,down
CUST_000017,Q4_2024,2024-12-31,77.2,2,149.89,0.0,down
CUST_000017,Q1_2025,2025-03-31,77.7,9,811.46,0.3333333333333333,down
CUST_000017,Q2_2025,2025-06-30,61.8,2,406.91999999999996,0.0,down
CUST_000017,Q3_2025,2025-09-30,68.1,2,468.25,0.0,down
CUST_000017,Q4_2025,2025-12-31,74.7,4,170.45,0.5,down
CUST_000018,Q1_2023,2023-03-31,48.0,1,131.6,1.0,up
CUST_000018,Q2_2023,2023-06-30,57.3,0,0.0,0.0,up
CUST_000018,Q3_2023,2023-09-30,50.7,3,429.34,0.3333333333333333,up
CUST_000018,Q4_2023,2023-12-31,62.0,3,153.0,0.6666666666666666,up
CUST_000018,Q1_2024,2024-03-31,60.4,1,71.49,0.0,up
CUST_000018,Q2_2024,2024-06-30,65.2,1,135.02,0.0,up
CUST_000018,Q3_2024,2024-09-30,60.8,3,756.47,0.3333333333333333,up
CUST_000018,Q4_2024,2024-12-31,69.1,1,163.05,0.0,up
CUST_000018,Q1_2025,2025-03-31,68.1,0,0.0,0.0,up
CUST_000018,Q2_2025,2025-06-30,76.2,2,481.53,0.0,up
CUST_000018,Q3_2025,2025-09-30,69.1,1,206.69,0.0,up
CUST_000018,Q4_2025,2025-12-31,67.4,0,0.0,0.0,up
CUST_000019,Q1_2023,2023-03-31,62.1,2,88.22,0.5,stable
CUST_000019,Q2_2023,2023-06-30,59.8,1,159.62,0.0,stable
CUST_000019,Q3_2023,2023-09-30,68.1,1,23.37,1.0,stable
CUST_000019,Q4_2023,2023-12-31,65.9,3,98.83,0.3333333333333333,stable
CUST_000019,Q1_2024,2024-03-31,61.8,3,593.3499999999999,0.3333333333333333,stable
CUST_000019,Q2_2024,2024-06-30,72.2,4,853.65,0.5,stable
CUST_000019,Q3_2024,2024-09-30,70.4,0,0.0,0.0,stable
CUST_000019,Q4_2024,2024-12-31,69.4,2,193.25,0.5,stable
CUST_000019,Q1_2025,2025-03-31,74.8,5,401.4,0.4,stable
CUST_000019,Q2_2025,2025-06-30,70.2,3,357.05,0.0,stable
CUST_000019,Q3_2025,2025-09-30,58.8,4,483.20000000000005,0.0,stable
CUST_000019,Q4_2025,2025-12-31,66.6,2,105.89,0.0,stable
CUST_000020,Q1_2023,2023-03-31,60.4,1,133.51,0.0,up
CUST_000020,Q2_2023,2023-06-30,64.4,0,0.0,0.0,up
CUST_000020,Q3_2023,2023-09-30,62.0,1,134.32,0.0,up
CUST_000020,Q4_2023,2023-12-31,67.5,1,297.14,0.0,up
CUST_000020,Q1_2024,2024-03-31,73.1,1,129.94,0.0,up
CUST_000020,Q2_2024,2024-06-30,84.8,2,217.35,0.0,up
CUST_000020,Q3_2024,2024-09-30,71.0,1,64.81,0.0,up
CUST_000020,Q4_2024,2024-12-31,82.1,2,82.15,1.0,up
CUST_000020,Q1_2025,2025-03-31,77.0,4,298.13,0.25,up
CUST_000020,Q2_2025,2025-06-30,80.5,0,0.0,0.0,up
CUST_000020,Q3_2025,2025-09-30,92.7,3,256.02,0.3333333333333333,up
CUST_000020,Q4_2025,2025-12-31,91.5,2,350.77,0.0,up
CUST_000021,Q1_2023,2023-03-31,48.5,0,0.0,0.0,stable
CUST_000021,Q2_2023,2023-06-30,51.7,0,0.0,0.0,stable
CUST_000021,Q3_2023,2023-09-30,53.1,0,0.0,0.0,stable
CUST_000021,Q4_2023,2023-12-31,41.8,1,377.78,0.0,stable
CUST_000021,Q1_2024,2024-03-31,48.5,0,0.0,0.0,stable
CUST_000021,Q2_2024,2024-06-30,44.5,2,129.16,0.5,stable
CUST_000021,Q3_2024,2024-09-30,38.4,1,175.04,0.0,stable
CUST_000021,Q4_2024,2024-12-31,51.4,0,0.0,0.0,stable
CUST_000021,Q1_2025,2025-03-31,52.5,1,115.76,0.0,stable
CUST_000021,Q2_2025,2025-06-30,47.0,1,77.17,0.0,stable
CUST_000021,Q3_2025,2025-09-30,45.5,2,276.53999999999996,0.5,stable
CUST_000021,Q4_2025,2025-12-31,57.7,1,53.05,1.0,stable
CUST_000022,Q1_2023,2023-03-31,63.3,1,419.52,0.0,stable
CUST_000022,Q2_2023,2023-06-30,50.4,1,162.25,0.0,stable
CUST_000022,Q3_2023,2023-09-30,54.4,0,0.0,0.0,stable
CUST_000022,Q4_2023,2023-12-31,53.2,1,82.13,0.0,stable
CUST_000022,Q1_2024,2024-03-31,59.0,5,488.08000000000004,0.2,stable
CUST_000022,Q2_2024,2024-06-30,60.2,2,372.81,0.0,stable
CUST_000022,Q3_2024,2024-09-30,54.5,0,0.0,0.0,stable
CUST_000022,Q4_2024,2024-12-31,54.3,2,69.03999999999999,0.5,stable
CUST_000022,Q1_2025,2025-03-31,46.5,2,40.79,0.0,stable
CUST_000022,Q2_2025,2025-06-30,57.6,5,564.05,0.2,stable
CUST_000022,Q3_2025,2025-09-30,58.2,4,583.15,0.25,stable
CUST_000022,Q4_2025,2025-12-31,59.2,2,143.7,0.5,stable
CUST_000023,Q1_2023,2023-03-31,61.3,5,683.39,0.4,down
CUST_000023,Q2_2023,2023-06-30,71.3,5,882.6600000000001,0.2,down
CUST_000023,Q3_2023,2023-09-30,63.5,1,23.15,1.0,down
CUST_000023,Q4_2023,2023-12-31,70.5,2,162.15,0.5,down
CUST_000023,Q1_2024,2024-03-31,66.7,1,47.33,1.0,down
CUST_000023,Q2_2024,2024-06-30,62.4,2,974.74,0.0,down
CUST_000023,Q3_2024,2024-09-30,74.9,5,820.4200000000001,0.2,down
CUST_000023,Q4_2024,2024-12-31,62.4,2,79.75999999999999,1.0,down
CUST_000023,Q1_2025,2025-03-31,60.6,2,115.9,0.5,down
CUST_000023,Q2_2025,2025-06-30,62.0,4,288.62,0.0,down
CUST_000023,Q3_2025,2025-09-30,53.6,3,512.95,0.3333333333333333,down
CUST_000023,Q4_2025,2025-12-31,54.4,3,477.23,0.3333333333333333,down
CUST_000024,Q1_2023,2023-03-31,72.9,0,0.0,0.0,up
CUST_000024,Q2_2023,2023-06-30,72.9,6,448.9,0.3333333333333333,up
CUST_000024,Q3_2023,2023-09-30,73.1,2,231.36,0.0,up
CUST_000024,Q4_2023,2023-12-31,73.8,3,813.4,0.3333333333333333,up
CUST_000024,Q1_2024,2024-03-31,71.7,1,54.1,1.0,up
CUST_000024,Q2_2024,2024-06-30,81.2,4,472.86,0.5,up
CUST_000024,Q3_2024,2024-09-30,80.0,2,179.61,0.5,up
CUST_000024,Q4_2024,2024-12-31,75.3,2,86.03,0.0,up
CUST_000024,Q1_2025,2025-03-31,85.8,2,129.07999999999998,0.0,up
CUST_000024,Q2_2025,2025-06-30,92.9,3,400.18999999999994,0.0,up
CUST_000024,Q3_2025,2025-09-30,89.2,4,811.29,0.0,up
CUST_000024,Q4_2025,2025-12-31,86.2,4,297.25,0.25,up
CUST_000025,Q1_2023,2023-03-31,72.0,5,294.67,0.4,down
CUST_000025,Q2_2023,2023-06-30,64.1,1,35.35,1.0,down
CUST_000025,Q3_2023,2023-09-30,65.0,2,75.89,0.0,down
CUST_000025,Q4_2023,2023-12-31,62.5,5,538.5500000000001,0.2,down
CUST_000025,Q1_2024,2024-03-31,60.8,1,57.25,0.0,down
CUST_000025,Q2_2024,2024-06-30,64.7,1,76.02,0.0,down
CUST_000025,Q3_2024,2024-09-30,48.6,2,86.02,0.0,down
CUST_000025,Q4_2024,2024-12-31,48.4,5,500.76,0.4,down
CUST_000025,Q1_2025,2025-03-31,49.5,2,382.42,0.0,down
CUST_000025,Q2_2025,2025-06-30,50.5,2,84.48,0.5,down
CUST_000025,Q3_2025,2025-09-30,41.7,4,464.15999999999997,0.5,down
CUST_000025,Q4_2025,2025-12-31,54.4,3,479.87,0.0,down
CUST_000026,Q1_2023,2023-03-31,63.3,1,42.58,1.0,down
CUST_000026,Q2_2023,2023-06-30,52.0,3,97.26,0.3333333333333333,down
CUST_000026,Q3_2023,2023-09-30,57.5,3,543.13,0.3333333333333333,down
CUST_000026,Q4_2023,2023-12-31,57.0,1,86.29,0.0,down
CUST_000026,Q1_2024,2024-03-31,49.9,2,314.9,0.5,down
CUST_000026,Q2_2024,2024-06-30,44.0,1,272.37,0.0,down
CUST_000026,Q3_2024,2024-09-30,47.7,2,742.1600000000001,0.0,down
CUST_000026,Q4_2024,2024-12-31,54.3,0,0.0,0.0,down
CUST_000026,Q1_2025,2025-03-31,42.8,2,152.23000000000002,0.5,down
CUST_000026,Q2_2025,2025-06-30,53.5,0,0.0,0.0,down
CUST_000026,Q3_2025,2025-09-30,41.3,1,40.77,0.0,down
CUST_000026,Q4_2025,2025-12-31,32.4,2,81.99000000000001,0.0,down
CUST_000027,Q1_2023,2023-03-31,61.9,2,237.91000000000003,0.0,stable
CUST_000027,Q2_2023,2023-06-30,56.4,0,0.0,0.0,stable
CUST_000027,Q3_2023,2023-09-30,48.8,1,32.09,1.0,stable
CUST_000027,Q4_2023,2023-12-31,50.0,1,264.04,1.0,stable
CUST_000027,Q1_2024,2024-03-31,55.0,4,301.27,0.25,stable
CUST_000027,Q2_2024,2024-06-30,60.1,0,0.0,0.0,stable
CUST_000027,Q3_2024,2024-09-30,57.4,2,91.94,1.0,stable
CUST_000027,Q4_2024,2024-12-31,58.8,5,440.89,0.4,stable
CUST_000027,Q1_2025,2025-03-31,61.4,3,468.91,0.6666666666666666,stable
CUST_000027,Q2_2025,2025-06-30,60.0,2,318.38,1.0,stable
CUST_000027,Q3_2025,2025-09-30,51.8,2,221.85,0.0,stable
CUST_000027,Q4_2025,2025-12-31,52.1,2,153.24,1.0,stable
CUST_000028,Q1_2023,2023-03-31,69.7,6,1130.57,0.16666666666666666,down
CUST_000028,Q2_2023,2023-06-30,53.7,1,55.13,0.0,down
CUST_000028,Q3_2023,2023-09-30,62.5,0,0.0,0.0,down
CUST_000028,Q4_2023,2023-12-31,65.7,0,0.0,0.0,down
CUST_000028,Q1_2024,2024-03-31,59.7,1,19.56,0.0,down
CUST_000028,Q2_2024,2024-06-30,60.7,3,231.10999999999999,0.0,down
CUST_000028,Q3_2024,2024-09-30,68.7,3,103.34,0.6666666666666666,down
CUST_000028,Q4_2024,2024-12-31,58.4,6,443.15,0.5,down
CUST_000028,Q1_2025,2025-03-31,68.9,4,491.54,0.5,down
CUST_000028,Q2_2025,2025-06-30,52.2,6,733.22,0.6666666666666666,down
CUST_000028,Q3_2025,2025-09-30,59.7,2,84.65,0.5,down
CUST_000028,Q4_2025,2025-12-31,49.1,4,551.15,0.25,down
CUST_000029,Q1_2023,2023-03-31,49.6,2,522.52,0.0,stable
CUST_000029,Q2_2023,2023-06-30,43.0,1,356.18,0.0,stable
CUST_000029,Q3_2023,2023-09-30,42.8,1,326.26,0.0,stable
CUST_000029,Q4_2023,2023-12-31,45.7,1,105.26,0.0,stable
CUST_000029,Q1_2024,2024-03-31,49.8,1,111.17,0.0,stable
CUST_000029,Q2_2024,2024-06-30,52.7,2,116.57,0.5,stable
CUST_000029,Q3_2024,2024-09-30,55.8,1,314.97,1.0,stable
CUST_000029,Q4_2024,2024-12-31,45.2,1,190.7,0.0,stable
CUST_000029,Q1_2025,2025-03-31,44.9,1,189.93,0.0,stable
CUST_000029,Q2_2025,2025-06-30,47.4,2,206.73000000000002,0.0,stable
CUST_000029,Q3_2025,2025-09-30,43.2,0,0.0,0.0,stable
CUST_000029,Q4_2025,2025-12-31,34.3,0,0.0,0.0,stable
CUST_000030,Q1_2023,2023-03-31,61.2,3,336.57,0.3333333333333333,stable
CUST_000030,Q2_2023,2023-06-30,57.0,2,478.16,0.0,stable
CUST_000030,Q3_2023,2023-09-30,53.2,1,68.39,0.0,stable
CUST_000030,Q4_2023,2023-12-31,56.0,2,97.06,0.0,stable
CUST_000030,Q1_2024,2024-03-31,54.2,2,533.97,0.0,stable
CUST_000030,Q2_2024,2024-06-30,60.9,4,626.54,0.0,stable
CUST_000030,Q3_2024,2024-09-30,56.6,1,358.74,0.0,stable
CUST_000030,Q4_2024,2024-12-31,61.7,5,816.62,0.2,stable
CUST_000030,Q1_2025,2025-03-31,52.5,1,132.17,0.0,stable
CUST_000030,Q2_2025,2025-06-30,61.3,2,240.42,0.0,stable
CUST_000030,Q3_2025,2025-09-30,66.9,1,54.21,0.0,stable
CUST_000030,Q4_2025,2025-12-31,60.2,1,118.99,0.0,stable
CUST_000031,Q1_2023,2023-03-31,63.8,1,49.81,0.0,down
CUST_000031,Q2_2023,2023-06-30,60.9,1,93.89,0.0,down
CUST_000031,Q3_2023,2023-09-30,56.5,3,274.69,0.3333333333333333,down
CUST_000031,Q4_2023,2023-12-31,61.0,1,280.24,0.0,down
CUST_000031,Q1_2024,2024-03-31,54.1,1,144.25,0.0,down
CUST_000031,Q2_2024,2024-06-30,54.3,0,0.0,0.0,down
CUST_000031,Q3_2024,2024-09-30,50.8,2,61.73,0.0,down
CUST_000031,Q4_2024,2024-12-31,45.8,2,389.44,0.0,down
CUST_000031,Q1_2025,2025-03-31,51.2,3,583.08,0.3333333333333333,down
CUST_000031,Q2_2025,2025-06-30,49.2,2,421.87,0.0,down
CUST_000031,Q3_2025,2025-09-30,47.2,3,357.59000000000003,0.3333333333333333,down
CUST_000031,Q4_2025,2025-12-31,51.8,4,319.93,0.75,down
CUST_000032,Q1_2023,2023-03-31,65.5,2,106.47,0.5,stable
CUST_000032,Q2_2023,2023-06-30,56.7,1,27.37,0.0,stable
CUST_000032,Q3_2023,2023-09-30,56.4,3,958.39,0.0,stable
CUST_000032,Q4_2023,2023-12-31,70.3,1,97.69,1.0,stable
CUST_000032,Q1_2024,2024-03-31,65.5,0,0.0,0.0,stable
CUST_000032,Q2_2024,2024-06-30,59.3,0,0.0,0.0,stable
CUST_000032,Q3_2024,2024-09-30,49.5,1,110.34,0.0,stable
CUST_000032,Q4_2024,2024-12-31,59.9,3,364.36,0.0,stable
CUST_000032,Q1_2025,2025-03-31,64.0,1,161.31,0.0,stable
CUST_000032,Q2_2025,2025-06-30,56.5,2,176.51,0.5,stable
CUST_000032,Q3_2025,2025-09-30,54.9,3,346.94000000000005,0.6666666666666666,stable
CUST_000032,Q4_2025,2025-12-31,62.4,0,0.0,0.0,stable
CUST_000033,Q1_2023,2023-03-31,66.0,3,433.27,0.3333333333333333,up
CUST_000033,Q2_2023,2023-06-30,61.7,2,159.01999999999998,0.5,up
CUST_000033,Q3_2023,2023-09-30,67.1,1,103.14,0.0,up
CUST_000033,Q4_2023,2023-12-31,73.3,1,80.0,0.0,up
CUST_000033,Q1_2024,2024-03-31,70.4,2,193.36,0.5,up
CUST_000033,Q2_2024,2024-06-30,76.6,5,1115.9,0.4,up
CUST_000033,Q3_2024,2024-09-30,90.6,3,365.28,1.0,up
CUST_000033,Q4_2024,2024-12-31,86.7,2,195.63,0.0,up
CUST_000033,Q1_2025,2025-03-31,89.0,1,37.22,1.0,up
CUST_000033,Q2_2025,2025-06-30,94.3,1,9.9,1.0,up
CUST_000033,Q3_2025,2025-09-30,97.1,2,361.77,0.0,up
CUST_000033,Q4_2025,2025-12-31,97.2,1,139.86,0.0,up
CUST_000034,Q1_2023,2023-03-31,47.1,2,328.36,0.5,down
CUST_000034,Q2_2023,2023-06-30,45.2,2,141.25,0.5,down
CUST_000034,Q3_2023,2023-09-30,51.9,3,204.41,0.3333333333333333,down
CUST_000034,Q4_2023,2023-12-31,56.6,2,88.81,0.5,down
CUST_000034,Q1_2024,2024-03-31,36.1,1,113.47,0.0,down
CUST_000034,Q2_2024,2024-06-30,51.5,1,142.18,0.0,down
CUST_000034,Q3_2024,2024-09-30,41.1,2,100.88,1.0,down
CUST_000034,Q4_2024,2024-12-31,49.8,4,254.95,0.25,down
CUST_000034,Q1_2025,2025-03-31,45.0,2,314.26,0.0,down
CUST_000034,Q2_2025,2025-06-30,44.0,3,514.59,0.0,down
CUST_000034,Q3_2025,2025-09-30,45.0,1,77.69,0.0,down
CUST_000034,Q4_2025,2025-12-31,46.2,0,0.0,0.0,down
CUST_000035,Q1_2023,2023-03-31,83.0,5,342.45,0.2,up
CUST_000035,Q2_2023,2023-06-30,77.2,0,0.0,0.0,up
CUST_000035,Q3_2023,2023-09-30,79.6,2,373.66999999999996,0.0,up
CUST_000035,Q4_2023,2023-12-31,78.0,2,128.8,0.5,up
CUST_000035,Q1_2024,2024-03-31,84.5,7,854.8499999999999,0.2857142857142857,up
CUST_000035,Q2_2024,2024-06-30,89.8,2,134.19,0.0,up
CUST_000035,Q3_2024,2024-09-30,82.6,3,273.75,0.0,up
CUST_000035,Q4_2024,2024-12-31,83.3,6,689.2,0.3333333333333333,up
CUST_000035,Q1_2025,2025-03-31,82.9,4,638.21,0.0,up
CUST_000035,Q2_2025,2025-06-30,85.5,3,364.54,0.0,up
CUST_000035,Q3_2025,2025-09-30,84.8,3,455.02,0.0,up
CUST_000035,Q4_2025,2025-12-31,95.5,5,1220.9,0.4,up
CUST_000036,Q1_2023,2023-03-31,66.3,5,314.72,0.8,stable
CUST_000036,Q2_2023,2023-06-30,71.2,4,202.38,0.5,stable
CUST_000036,Q3_2023,2023-09-30,73.2,1,17.73,0.0,stable
CUST_000036,Q4_2023,2023-12-31,67.9,2,214.47,0.0,stable
CUST_000036,Q1_2024,2024-03-31,67.5,2,59.019999999999996,0.5,stable
CUST_000036,Q2_2024,2024-06-30,66.8,3,96.98,0.3333333333333333,stable
CUST_000036,Q3_2024,2024-09-30,67.0,2,291.03000000000003,0.5,stable
CUST_000036,Q4_2024,2024-12-31,72.0,3,92.71000000000001,0.6666666666666666,stable
CUST_000036,Q1_2025,2025-03-31,81.1,3,146.76999999999998,0.3333333333333333,stable
CUST_000036,Q2_2025,2025-06-30,74.5,4,263.12,0.0,stable
CUST_000036,Q3_2025,2025-09-30,74.2,1,511.25,0.0,stable
CUST_000036,Q4_2025,2025-12-31,64.5,1,71.44,0.0,stable
CUST_000037,Q1_2023,2023-03-31,59.1,2,405.42,0.5,stable
CUST_000037,Q2_2023,2023-06-30,65.2,4,758.52,0.5,stable
CUST_000037,Q3_2023,2023-09-30,69.7,1,28.96,0.0,stable
CUST_000037,Q4_2023,2023-12-31,62.5,0,0.0,0.0,stable
CUST_000037,Q1_2024,2024-03-31,63.0,1,66.21,0.0,stable
CUST_000037,Q2_2024,2024-06-30,68.3,2,357.72,0.0,stable
CUST_000037,Q3_2024,2024-09-30,63.1,1,164.05,0.0,stable
CUST_000037,Q4_2024,2024-12-31,69.5,2,154.62,1.0,stable
CUST_000037,Q1_2025,2025-03-31,60.4,0,0.0,0.0,stable
CUST_000037,Q2_2025,2025-06-30,69.5,0,0.0,0.0,stable
CUST_000037,Q3_2025,2025-09-30,65.9,5,1039.4199999999998,0.2,stable
CUST_000037,Q4_2025,2025-12-31,57.3,1,281.89,1.0,stable
CUST_000038,Q1_2023,2023-03-31,47.8,1,241.71,0.0,up
CUST_000038,Q2_2023,2023-06-30,39.9,1,171.49,0.0,up
CUST_000038,Q3_2023,2023-09-30,47.1,0,0.0,0.0,up
CUST_000038,Q4_2023,2023-12-31,42.6,0,0.0,0.0,up
CUST_000038,Q1_2024,2024-03-31,39.8,1,134.33,0.0,up
CUST_000038,Q2_2024,2024-06-30,39.6,2,464.40999999999997,0.0,up
CUST_000038,Q3_2024,2024-09-30,54.1,2,351.21999999999997,0.5,up
CUST_000038,Q4_2024,2024-12-31,45.0,2,351.84,0.5,up
CUST_000038,Q1_2025,2025-03-31,52.6,0,0.0,0.0,up
CUST_000038,Q2_2025,2025-06-30,53.9,2,383.1,0.5,up
CUST_000038,Q3_2025,2025-09-30,58.2,1,29.83,1.0,up
CUST_000038,Q4_2025,2025-12-31,54.4,1,34.19,0.0,up
CUST_000039,Q1_2023,2023-03-31,62.5,6,312.14,0.5,stable
CUST_000039,Q2_2023,2023-06-30,78.9,3,501.10999999999996,0.6666666666666666,stable
CUST_000039,Q3_2023,2023-09-30,73.8,5,293.38,0.6,stable
CUST_000039,Q4_2023,2023-12-31,75.5,4,358.47,0.25,stable
CUST_000039,Q1_2024,2024-03-31,74.3,0,0.0,0.0,stable
CUST_000039,Q2_2024,2024-06-30,68.2,4,203.32999999999998,0.25,stable
CUST_000039,Q3_2024,2024-09-30,76.3,5,887.6400000000001,0.2,stable
CUST_000039,Q4_2024,2024-12-31,72.6,1,432.41,0.0,stable
CUST_000039,Q1_2025,2025-03-31,74.7,2,94.35,0.5,stable
CUST_000039,Q2_2025,2025-06-30,71.5,1,73.42,0.0,stable
CUST_000039,Q3_2025,2025-09-30,68.8,2,314.48,0.5,stable
CUST_000039,Q4_2025,2025-12-31,65.9,3,281.58,0.6666666666666666,stable
CUST_000040,Q1_2023,2023-03-31,54.7,3,221.20999999999998,0.0,stable
CUST_000040,Q2_2023,2023-06-30,56.3,1,104.35,0.0,stable
CUST_000040,Q3_2023,2023-09-30,39.6,1,23.58,1.0,stable
CUST_000040,Q4_2023,2023-12-31,59.8,2,48.88,0.5,stable
CUST_000040,Q1_2024,2024-03-31,58.3,2,66.66,0.0,stable
CUST_000040,Q2_2024,2024-06-30,56.2,2,256.02,0.5,stable
CUST_000040,Q3_2024,2024-09-30,60.4,2,79.37,0.0,stable
CUST_000040,Q4_2024,2024-12-31,55.2,2,57.65,1.0,stable
CUST_000040,Q1_2025,2025-03-31,59.5,2,567.43,0.0,stable
CUST_000040,Q2_2025,2025-06-30,53.3,0,0.0,0.0,stable
CUST_000040,Q3_2025,2025-09-30,51.4,0,0.0,0.0,stable
CUST_000040,Q4_2025,2025-12-31,57.3,5,519.8299999999999,0.4,stable
CUST_000041,Q1_2023,2023-03-31,73.2,4,210.23,0.5,up
CUST_000041,Q2_2023,2023-06-30,90.4,4,461.95000000000005,0.5,up
CUST_000041,Q3_2023,2023-09-30,81.6,1,10.0,0.0,up
CUST_000041,Q4_2023,2023-12-31,86.5,4,505.23,0.25,up
CUST_000041,Q1_2024,2024-03-31,89.2,5,733.21,0.6,up
CUST_000041,Q2_2024,2024-06-30,87.2,2,461.56000000000006,0.0,up
CUST_000041,Q3_2024,2024-09-30,92.5,2,224.25,0.5,up
CUST_000041,Q4_2024,2024-12-31,96.6,5,646.9300000000001,0.4,up
CUST_000041,Q1_2025,2025-03-31,85.1,6,738.39,0.5,up
CUST_000041,Q2_2025,2025-06-30,95.5,7,611.6800000000001,0.2857142857142857,up
CUST_000041,Q3_2025,2025-09-30,100.0,4,1136.57,0.25,up
CUST_000041,Q4_2025,2025-12-31,100.0,7,545.16,0.8571428571428571,up
CUST_000042,Q1_2023,2023-03-31,45.5,2,66.66,0.5,stable
CUST_000042,Q2_2023,2023-06-30,49.9,1,254.19,1.0,stable
CUST_000042,Q3_2023,2023-09-30,57.5,2,179.65,0.5,stable
CUST_000042,Q4_2023,2023-12-31,57.3,3,518.09,0.3333333333333333,stable
CUST_000042,Q1_2024,2024-03-31,56.9,1,257.21,0.0,stable
CUST_000042,Q2_2024,2024-06-30,54.5,1,79.19,0.0,stable
CUST_000042,Q3_2024,2024-09-30,53.4,0,0.0,0.0,stable
CUST_000042,Q4_2024,2024-12-31,62.8,1,89.14,0.0,stable
CUST_000042,Q1_2025,2025-03-31,49.7,1,204.62,0.0,stable
CUST_000042,Q2_2025,2025-06-30,40.9,3,288.90999999999997,0.0,stable
CUST_000042,Q3_2025,2025-09-30,45.5,1,154.93,0.0,stable
CUST_000042,Q4_2025,2025-12-31,49.9,1,10.8,1.0,stable
CUST_000043,Q1_2023,2023-03-31,63.1,2,204.55,0.5,down
CUST_000043,Q2_2023,2023-06-30,56.9,5,862.25,0.2,down
CUST_000043,Q3_2023,2023-09-30,41.9,1,159.01,0.0,down
CUST_000043,Q4_2023,2023-12-31,41.3,2,325.53,0.5,down
CUST_000043,Q1_2024,2024-03-31,45.9,3,330.59000000000003,0.6666666666666666,down
CUST_000043,Q2_2024,2024-06-30,39.9,2,348.59,0.0,down
CUST_000043,Q3_2024,2024-09-30,32.8,3,160.55,1.0,down
CUST_000043,Q4_2024,2024-12-31,28.6,0,0.0,0.0,down
CUST_000043,Q1_2025,2025-03-31,28.5,1,145.33,1.0,down
CUST_000043,Q2_2025,2025-06-30,25.5,2,103.5,0.0,down
CUST_000043,Q3_2025,2025-09-30,23.7,1,25.33,0.0,down
CUST_000043,Q4_2025,2025-12-31,26.6,2,432.89,0.0,down
CUST_000044,Q1_2023,2023-03-31,60.9,1,126.31,0.0,stable
CUST_000044,Q2_2023,2023-06-30,56.1,0,0.0,0.0,stable
CUST_000044,Q3_2023,2023-09-30,61.6,1,62.78,1.0,stable
CUST_000044,Q4_2023,2023-12-31,64.6,1,375.94,0.0,stable
CUST_000044,Q1_2024,2024-03-31,64.3,4,504.76,0.25,stable
CUST_000044,Q2_2024,2024-06-30,53.7,1,489.53,0.0,stable
CUST_000044,Q3_2024,2024-09-30,61.2,2,254.13,0.5,stable
CUST_000044,Q4_2024,2024-12-31,65.6,2,501.05,0.5,stable
CUST_000044,Q1_2025,2025-03-31,58.4,3,205.33,0.6666666666666666,stable
CUST_000044,Q2_2025,2025-06-30,45.8,2,87.31,0.5,stable
CUST_000044,Q3_2025,2025-09-30,63.8,1,13.52,0.0,stable
CUST_000044,Q4_2025,2025-12-31,53.3,0,0.0,0.0,stable
CUST_000045,Q1_2023,2023-03-31,57.9,1,68.75,0.0,down
CUST_000045,Q2_2023,2023-06-30,48.5,5,828.98,0.2,down
CUST_000045,Q3_2023,2023-09-30,51.1,2,173.34,0.5,down
CUST_000045,Q4_2023,2023-12-31,38.1,2,152.1,0.0,down
CUST_000045,Q1_2024,2024-03-31,37.5,0,0.0,0.0,down
CUST_000045,Q2_2024,2024-06-30,38.8,0,0.0,0.0,down
CUST_000045,Q3_2024,2024-09-30,39.6,0,0.0,0.0,down
CUST_000045,Q4_2024,2024-12-31,33.3,1,54.91,1.0,down
CUST_000045,Q1_2025,2025-03-31,29.9,1,30.48,1.0,down
CUST_000045,Q2_2025,2025-06-30,27.2,1,18.86,1.0,down
CUST_000045,Q3_2025,2025-09-30,16.7,1,18.86,1.0,down
CUST_000045,Q4_2025,2025-12-31,24.3,1,83.49,0.0,down
CUST_000046,Q1_2023,2023-03-31,51.8,3,349.28000000000003,0.3333333333333333,down
CUST_000046,Q2_2023,2023-06-30,63.8,1,185.33,1.0,down
CUST_000046,Q3_2023,2023-09-30,51.4,2,756.96,0.0,down
CUST_000046,Q4_2023,2023-12-31,59.0,0,0.0,0.0,down
CUST_000046,Q1_2024,2024-03-31,56.4,1,345.29,0.0,down
CUST_000046,Q2_2024,2024-06-30,55.6,2,201.04,0.5,down
CUST_000046,Q3_2024,2024-09-30,58.9,3,580.89,0.3333333333333333,down
CUST_000046,Q4_2024,2024-12-31,55.1,2,276.18,0.0,down
CUST_000046,Q1_2025,2025-03-31,56.5,1,139.22,0.0,down
CUST_000046,Q2_2025,2025-06-30,57.3,3,552.69,0.0,down
CUST_000046,Q3_2025,2025-09-30,38.9,3,709.55,0.6666666666666666,down
CUST_000046,Q4_2025,2025-12-31,60.0,3,497.36,0.6666666666666666,down
CUST_000047,Q1_2023,2023-03-31,54.5,2,390.54,0.0,down
CUST_000047,Q2_2023,2023-06-30,59.6,3,765.69,0.3333333333333333,down
CUST_000047,Q3_2023,2023-09-30,58.6,1,10.0,0.0,down
CUST_000047,Q4_2023,2023-12-31,54.2,0,0.0,0.0,down
CUST_000047,Q1_2024,2024-03-31,54.2,3,300.4,0.3333333333333333,down
CUST_000047,Q2_2024,2024-06-30,40.1,2,235.21999999999997,1.0,down
CUST_000047,Q3_2024,2024-09-30,42.4,1,67.68,1.0,down
CUST_000047,Q4_2024,2024-12-31,44.3,2,408.15,0.0,down
CUST_000047,Q1_2025,2025-03-31,36.5,3,508.36,0.0,down
CUST_000047,Q2_2025,2025-06-30,39.7,3,199.13,0.3333333333333333,down
CUST_000047,Q3_2025,2025-09-30,34.6,3,764.26,0.0,down
CUST_000047,Q4_2025,2025-12-31,30.2,3,435.8,0.3333333333333333,down
CUST_000048,Q1_2023,2023-03-31,67.0,2,214.9,0.0,stable
CUST_000048,Q2_2023,2023-06-30,66.0,4,329.64,0.5,stable
CUST_000048,Q3_2023,2023-09-30,60.3,0,0.0,0.0,stable
CUST_000048,Q4_2023,2023-12-31,61.4,3,154.3,1.0,stable
CUST_000048,Q1_2024,2024-03-31,60.9,2,385.65000000000003,0.0,stable
CUST_000048,Q2_2024,2024-06-30,67.0,0,0.0,0.0,stable
CUST_000048,Q3_2024,2024-09-30,59.9,3,352.76,0.3333333333333333,stable
CUST_000048,Q4_2024,2024-12-31,64.1,4,592.36,0.0,stable
CUST_000048,Q1_2025,2025-03-31,63.2,2,467.42,0.0,stable
CUST_000048,Q2_2025,2025-06-30,67.2,2,123.78999999999999,0.0,stable
CUST_000048,Q3_2025,2025-09-30,63.5,3,145.22,0.3333333333333333,stable
CUST_000048,Q4_2025,2025-12-31,63.8,2,89.49000000000001,0.0,stable
CUST_000049,Q1_2023,2023-03-31,52.8,0,0.0,0.0,stable
CUST_000049,Q2_2023,2023-06-30,57.8,0,0.0,0.0,stable
CUST_000049,Q3_2023,2023-09-30,56.2,2,160.22,0.0,stable
CUST_000049,Q4_2023,2023-12-31,58.6,0,0.0,0.0,stable
CUST_000049,Q1_2024,2024-03-31,58.1,1,179.31,0.0,stable
CUST_000049,Q2_2024,2024-06-30,48.6,1,87.65,0.0,stable
CUST_000049,Q3_2024,2024-09-30,57.6,1,54.69,0.0,stable
CUST_000049,Q4_2024,2024-12-31,56.8,3,439.1,0.3333333333333333,stable
CUST_000049,Q1_2025,2025-03-31,65.2,3,583.5699999999999,0.0,stable
CUST_000049,Q2_2025,2025-06-30,62.4,2,221.95,0.0,stable
CUST_000049,Q3_2025,2025-09-30,65.6,2,136.94,0.0,stable
CUST_000049,Q4_2025,2025-12-31,65.0,0,0.0,0.0,stable
CUST_000050,Q1_2023,2023-03-31,79.1,4,211.2,0.25,up
CUST_000050,Q2_2023,2023-06-30,65.3,2,87.34,0.0,up
CUST_000050,Q3_2023,2023-09-30,66.2,1,209.87,0.0,up
CUST_000050,Q4_2023,2023-12-31,63.0,2,305.08000000000004,0.5,up
CUST_000050,Q1_2024,2024-03-31,66.8,4,417.07,0.25,up
CUST_000050,Q2_2024,2024-06-30,79.9,2,172.81,0.0,up
CUST_000050,Q3_2024,2024-09-30,71.7,3,317.62,0.3333333333333333,up
CUST_000050,Q4_2024,2024-12-31,65.7,3,69.56,0.3333333333333333,up
CUST_000050,Q1_2025,2025-03-31,72.0,5,364.84,0.4,up
CUST_000050,Q2_2025,2025-06-30,74.0,2,120.36,0.5,up
CUST_000050,Q3_2025,2025-09-30,71.5,4,711.4,0.25,up
CUST_000050,Q4_2025,2025-12-31,81.0,3,230.24,0.6666666666666666,up
CUST_000051,Q1_2023,2023-03-31,57.6,1,172.61,0.0,down
CUST_000051,Q2_2023,2023-06-30,61.7,5,584.35,0.0,down
CUST_000051,Q3_2023,2023-09-30,48.5,1,41.48,1.0,down
CUST_000051,Q4_2023,2023-12-31,50.9,2,70.72,0.5,down
CUST_000051,Q1_2024,2024-03-31,50.2,1,28.92,1.0,down
CUST_000051,Q2_2024,2024-06-30,60.5,2,123.99,0.5,down
CUST_000051,Q3_2024,2024-09-30,54.0,3,217.42000000000002,0.0,down
CUST_000051,Q4_2024,2024-12-31,54.9,0,0.0,0.0,down
CUST_000051,Q1_2025,2025-03-31,63.8,2,270.0,0.5,down
CUST_000051,Q2_2025,2025-06-30,49.7,3,359.78999999999996,0.3333333333333333,down
CUST_000051,Q3_2025,2025-09-30,52.7,5,335.54,0.4,down
CUST_000051,Q4_2025,2025-12-31,50.7,3,178.34,0.6666666666666666,down
CUST_000052,Q1_2023,2023-03-31,66.1,1,222.85,0.0,down
CUST_000052,Q2_2023,2023-06-30,64.1,3,392.87,0.0,down
CUST_000052,Q3_2023,2023-09-30,49.5,2,136.52,0.0,down
CUST_000052,Q4_2023,2023-12-31,68.2,4,202.81,1.0,down
CUST_000052,Q1_2024,2024-03-31,67.9,7,560.41,0.14285714285714285,down
CUST_000052,Q2_2024,2024-06-30,65.8,1,73.15,0.0,down
CUST_000052,Q3_2024,2024-09-30,68.6,3,405.55,0.3333333333333333,down
CUST_000052,Q4_2024,2024-12-31,60.2,6,438.26,0.16666666666666666,down
CUST_000052,Q1_2025,2025-03-31,56.8,3,191.29,0.3333333333333333,down
CUST_000052,Q2_2025,2025-06-30,45.0,1,27.74,0.0,down
CUST_000052,Q3_2025,2025-09-30,63.4,4,300.34,0.0,down
CUST_000052,Q4_2025,2025-12-31,36.8,6,287.38,0.3333333333333333,down
CUST_000053,Q1_2023,2023-03-31,56.0,1,256.15,0.0,stable
CUST_000053,Q2_2023,2023-06-30,50.6,2,79.22999999999999,0.0,stable
CUST_000053,Q3_2023,2023-09-30,59.5,0,0.0,0.0,stable
CUST_000053,Q4_2023,2023-12-31,66.3,1,95.42,0.0,stable
CUST_000053,Q1_2024,2024-03-31,69.5,2,153.14,0.5,stable
CUST_000053,Q2_2024,2024-06-30,52.4,2,459.59000000000003,0.0,stable
CUST_000053,Q3_2024,2024-09-30,59.5,1,36.5,0.0,stable
CUST_000053,Q4_2024,2024-12-31,64.6,4,363.57,0.25,stable
CUST_000053,Q1_2025,2025-03-31,60.1,1,191.13,0.0,stable
CUST_000053,Q2_2025,2025-06-30,60.0,2,119.17,0.5,stable
CUST_000053,Q3_2025,2025-09-30,55.8,4,311.73,0.75,stable
CUST_000053,Q4_2025,2025-12-31,54.8,0,0.0,0.0,stable
CUST_000054,Q1_2023,2023-03-31,68.8,4,595.41,0.25,stable
CUST_000054,Q2_2023,2023-06-30,68.1,6,312.3,0.8333333333333334,stable
CUST_000054,Q3_2023,2023-09-30,75.2,2,119.6,0.5,stable
CUST_000054,Q4_2023,2023-12-31,74.6,4,358.26,0.5,stable
CUST_000054,Q1_2024,2024-03-31,68.8,1,45.27,1.0,stable
CUST_000054,Q2_2024,2024-06-30,67.1,1,45.27,1.0,stable
CUST_000054,Q3_2024,2024-09-30,60.5,5,527.35,0.4,stable
CUST_000054,Q4_2024,2024-12-31,68.3,1,25.89,1.0,stable
CUST_000054,Q1_2025,2025-03-31,71.0,1,252.65,0.0,stable
CUST_000054,Q2_2025,2025-06-30,82.8,5,687.5,0.4,stable
CUST_000054,Q3_2025,2025-09-30,76.2,3,285.28000000000003,1.0,stable
CUST_000054,Q4_2025,2025-12-31,71.8,4,273.15999999999997,0.25,stable
CUST_000055,Q1_2023,2023-03-31,75.7,5,972.36,0.2,stable
CUST_000055,Q2_2023,2023-06-30,77.1,5,716.81,0.6,stable
CUST_000055,Q3_2023,2023-09-30,75.7,2,374.35,0.0,stable
CUST_000055,Q4_2023,2023-12-31,70.7,4,519.57,0.25,stable
CUST_000055,Q1_2024,2024-03-31,83.9,4,140.3,0.5,stable
CUST_000055,Q2_2024,2024-06-30,84.4,3,149.6,0.0,stable
CUST_000055,Q3_2024,2024-09-30,74.6,3,101.93,0.3333333333333333,stable
CUST_000055,Q4_2024,2024-12-31,79.8,5,903.3900000000001,0.2,stable
CUST_000055,Q1_2025,2025-03-31,66.3,2,404.48,0.0,stable
CUST_000055,Q2_2025,2025-06-30,68.4,3,130.45,0.6666666666666666,stable
CUST_000055,Q3_2025,2025-09-30,77.7,3,376.57,0.3333333333333333,stable
CUST_000055,Q4_2025,2025-12-31,78.6,5,463.16,0.6,stable
CUST_000056,Q1_2023,2023-03-31,56.0,1,97.18,1.0,up
CUST_000056,Q2_2023,2023-06-30,53.5,0,0.0,0.0,up
CUST_000056,Q3_2023,2023-09-30,58.6,1,202.64,0.0,up
CUST_000056,Q4_2023,2023-12-31,50.7,2,137.93,0.0,up
CUST_000056,Q1_2024,2024-03-31,55.1,2,323.14,0.0,up
CUST_000056,Q2_2024,2024-06-30,66.8,1,211.37,0.0,up
CUST_000056,Q3_2024,2024-09-30,57.1,2,153.91,0.0,up
CUST_000056,Q4_2024,2024-12-31,64.1,2,259.81,0.0,up
CUST_000056,Q1_2025,2025-03-31,57.6,1,119.13,0.0,up
CUST_000056,Q2_2025,2025-06-30,60.5,0,0.0,0.0,up
CUST_000056,Q3_2025,2025-09-30,65.8,1,60.0,0.0,up
CUST_000056,Q4_2025,2025-12-31,57.0,5,498.71,0.2,up
CUST_000057,Q1_2023,2023-03-31,54.1,1,42.83,1.0,up
CUST_000057,Q2_2023,2023-06-30,46.1,0,0.0,0.0,up
CUST_000057,Q3_2023,2023-09-30,51.3,1,82.07,0.0,up
CUST_000057,Q4_2023,2023-12-31,46.7,3,263.35,0.6666666666666666,up
CUST_000057,Q1_2024,2024-03-31,47.5,2,167.81,1.0,up
CUST_000057,Q2_2024,2024-06-30,43.5,1,122.19,0.0,up
CUST_000057,Q3_2024,2024-09-30,47.8,3,468.49,0.3333333333333333,up
CUST_000057,Q4_2024,2024-12-31,52.2,1,118.55,0.0,up
CUST_000057,Q1_2025,2025-03-31,53.1,1,40.52,0.0,up
CUST_000057,Q2_2025,2025-06-30,56.6,0,0.0,0.0,up
CUST_000057,Q3_2025,2025-09-30,52.3,0,0.0,0.0,up
CUST_000057,Q4_2025,2025-12-31,60.9,3,393.34000000000003,0.3333333333333333,up
CUST_000058,Q1_2023,2023-03-31,81.1,5,591.06,0.2,stable
CUST_000058,Q2_2023,2023-06-30,77.1,4,368.74,0.25,stable
CUST_000058,Q3_2023,2023-09-30,75.1,4,465.01,0.25,stable
CUST_000058,Q4_2023,2023-12-31,68.9,3,401.97,0.3333333333333333,stable
CUST_000058,Q1_2024,2024-03-31,82.5,3,348.56000000000006,0.6666666666666666,stable
CUST_000058,Q2_2024,2024-06-30,74.1,6,876.91,0.3333333333333333,stable
CUST_000058,Q3_2024,2024-09-30,72.1,8,1478.03,0.375,stable
CUST_000058,Q4_2024,2024-12-31,85.7,2,640.7,0.5,stable
CUST_000058,Q1_2025,2025-03-31,72.6,2,155.03,0.0,stable
CUST_000058,Q2_2025,2025-06-30,76.3,6,253.65,0.5,stable
CUST_000058,Q3_2025,2025-09-30,76.2,2,410.59000000000003,0.0,stable
CUST_000058,Q4_2025,2025-12-31,70.2,7,1432.62,0.42857142857142855,stable
CUST_000059,Q1_2023,2023-03-31,54.1,1,63.43,1.0,up
CUST_000059,Q2_2023,2023-06-30,55.2,2,285.62,0.0,up
CUST_000059,Q3_2023,2023-09-30,66.5,2,579.61,0.0,up
CUST_000059,Q4_2023,2023-12-31,64.5,0,0.0,0.0,up
CUST_000059,Q1_2024,2024-03-31,63.8,1,59.07,0.0,up
CUST_000059,Q2_2024,2024-06-30,61.9,0,0.0,0.0,up
CUST_000059,Q3_2024,2024-09-30,61.8,0,0.0,0.0,up
CUST_000059,Q4_2024,2024-12-31,85.5,1,106.79,1.0,up
CUST_000059,Q1_2025,2025-03-31,76.6,1,156.58,0.0,up
CUST_000059,Q2_2025,2025-06-30,71.3,1,10.0,0.0,up
CUST_000059,Q3_2025,2025-09-30,74.2,2,146.92,0.0,up
CUST_000059,Q4_2025,2025-12-31,73.5,2,373.68,0.5,up
CUST_000060,Q1_2023,2023-03-31,53.7,0,0.0,0.0,down
CUST_000060,Q2_2023,2023-06-30,67.5,0,0.0,0.0,down
CUST_000060,Q3_2023,2023-09-30,60.5,2,230.78,1.0,down
CUST_000060,Q4_2023,2023-12-31,56.8,3,362.42,0.6666666666666666,down
CUST_000060,Q1_2024,2024-03-31,66.6,1,432.13,0.0,down
CUST_000060,Q2_2024,2024-06-30,53.1,0,0.0,0.0,down
CUST_000060,Q3_2024,2024-09-30,54.3,0,0.0,0.0,down
CUST_000060,Q4_2024,2024-12-31,63.2,4,304.74,0.25,down
CUST_000060,Q1_2025,2025-03-31,49.3,1,269.37,0.0,down
CUST_000060,Q2_2025,2025-06-30,51.5,4,424.78,0.5,down
CUST_000060,Q3_2025,2025-09-30,50.4,2,194.93,0.5,down
CUST_000060,Q4_2025,2025-12-31,54.7,3,511.68,0.3333333333333333,down
CUST_000061,Q1_2023,2023-03-31,44.9,1,105.81,0.0,up
CUST_000061,Q2_2023,2023-06-30,53.4,2,107.21000000000001,0.5,up
CUST_000061,Q3_2023,2023-09-30,48.8,0,0.0,0.0,up
CUST_000061,Q4_2023,2023-12-31,54.8,2,579.53,0.5,up
CUST_000061,Q1_2024,2024-03-31,59.5,2,202.51000000000002,0.5,up
CUST_000061,Q2_2024,2024-06-30,51.6,1,430.05,1.0,up
CUST_000061,Q3_2024,2024-09-30,51.3,0,0.0,0.0,up
CUST_000061,Q4_2024,2024-12-31,55.9,0,0.0,0.0,up
CUST_000061,Q1_2025,2025-03-31,57.5,2,78.13999999999999,0.0,up
CUST_000061,Q2_2025,2025-06-30,65.7,4,204.26,0.0,up
CUST_000061,Q3_2025,2025-09-30,52.4,2,277.86,1.0,up
CUST_000061,Q4_2025,2025-12-31,61.9,2,379.65,0.0,up
CUST_000062,Q1_2023,2023-03-31,51.0,3,655.71,0.3333333333333333,stable
CUST_000062,Q2_2023,2023-06-30,50.0,0,0.0,0.0,stable
CUST_000062,Q3_2023,2023-09-30,48.1,0,0.0,0.0,stable
CUST_000062,Q4_2023,2023-12-31,49.5,0,0.0,0.0,stable
CUST_000062,Q1_2024,2024-03-31,52.9,0,0.0,0.0,stable
CUST_000062,Q2_2024,2024-06-30,49.8,2,400.90999999999997,0.5,stable
CUST_000062,Q3_2024,2024-09-30,54.0,0,0.0,0.0,stable
CUST_000062,Q4_2024,2024-12-31,57.0,1,182.79,0.0,stable
CUST_000062,Q1_2025,2025-03-31,55.8,1,27.44,0.0,stable
CUST_000062,Q2_2025,2025-06-30,53.1,2,121.55,0.0,stable
CUST_000062,Q3_2025,2025-09-30,54.9,0,0.0,0.0,stable
CUST_000062,Q4_2025,2025-12-31,46.9,1,79.44,0.0,stable
CUST_000063,Q1_2023,2023-03-31,69.9,5,1202.9299999999998,0.0,down
CUST_000063,Q2_2023,2023-06-30,72.9,5,816.83,0.0,down
CUST_000063,Q3_2023,2023-09-30,69.4,5,604.63,0.0,down
CUST_000063,Q4_2023,2023-12-31,72.6,3,535.36,0.6666666666666666,down
CUST_000063,Q1_2024,2024-03-31,74.7,5,704.05,0.2,down
CUST_000063,Q2_2024,2024-06-30,60.9,3,303.91999999999996,0.6666666666666666,down
CUST_000063,Q3_2024,2024-09-30,62.5,5,373.39,0.8,down
CUST_000063,Q4_2024,2024-12-31,62.6,3,621.66,0.3333333333333333,down
CUST_000063,Q1_2025,2025-03-31,60.6,5,308.87,0.4,down
CUST_000063,Q2_2025,2025-06-30,49.0,1,77.82,0.0,down
CUST_000063,Q3_2025,2025-09-30,44.4,6,736.3399999999999,0.16666666666666666,down
CUST_000063,Q4_2025,2025-12-31,59.9,5,775.1700000000001,0.4,down
CUST_000064,Q1_2023,2023-03-31,65.9,0,0.0,0.0,stable
CUST_000064,Q2_2023,2023-06-30,76.6,4,1030.25,0.0,stable
CUST_000064,Q3_2023,2023-09-30,76.3,1,198.99,0.0,stable
CUST_000064,Q4_2023,2023-12-31,72.9,5,667.6800000000001,0.0,stable
CUST_000064,Q1_2024,2024-03-31,74.2,4,352.2,0.0,stable
CUST_000064,Q2_2024,2024-06-30,67.7,1,138.76,0.0,stable
CUST_000064,Q3_2024,2024-09-30,81.5,7,751.11,0.0,stable
CUST_000064,Q4_2024,2024-12-31,84.7,3,366.4,0.0,stable
CUST_000064,Q1_2025,2025-03-31,79.5,3,324.7,0.3333333333333333,stable
CUST_000064,Q2_2025,2025-06-30,72.0,4,221.25,0.25,stable
CUST_000064,Q3_2025,2025-09-30,68.1,4,676.48,0.5,stable
CUST_000064,Q4_2025,2025-12-31,82.3,2,563.43,0.0,stable
CUST_000065,Q1_2023,2023-03-31,56.7,2,188.04,0.0,up
CUST_000065,Q2_2023,2023-06-30,72.5,6,902.5,0.16666666666666666,up
CUST_000065,Q3_2023,2023-09-30,72.2,0,0.0,0.0,up
CUST_000065,Q4_2023,2023-12-31,66.8,0,0.0,0.0,up
CUST_000065,Q1_2024,2024-03-31,67.5,0,0.0,0.0,up
CUST_000065,Q2_2024,2024-06-30,66.6,1,369.67,0.0,up
CUST_000065,Q3_2024,2024-09-30,63.5,0,0.0,0.0,up
CUST_000065,Q4_2024,2024-12-31,76.6,0,0.0,0.0,up
CUST_000065,Q1_2025,2025-03-31,85.3,2,103.56,0.5,up
CUST_000065,Q2_2025,2025-06-30,77.8,2,119.17999999999999,0.5,up
CUST_000065,Q3_2025,2025-09-30,85.5,3,260.82,0.6666666666666666,up
CUST_000065,Q4_2025,2025-12-31,88.8,4,810.5699999999999,0.25,up
CUST_000066,Q1_2023,2023-03-31,56.1,1,8.59,1.0,stable
CUST_000066,Q2_2023,2023-06-30,58.5,2,87.77,0.5,stable
CUST_000066,Q3_2023,2023-09-30,60.0,1,128.58,0.0,stable
CUST_000066,Q4_2023,2023-12-31,59.4,2,51.97,1.0,stable
CUST_000066,Q1_2024,2024-03-31,50.2,3,522.6600000000001,0.3333333333333333,stable
CUST_000066,Q2_2024,2024-06-30,47.7,1,393.84,0.0,stable
CUST_000066,Q3_2024,2024-09-30,59.2,1,422.05,0.0,stable
CUST_000066,Q4_2024,2024-12-31,58.6,2,85.89,0.0,stable
CUST_000066,Q1_2025,2025-03-31,57.3,6,529.59,0.3333333333333333,stable
CUST_000066,Q2_2025,2025-06-30,59.4,2,34.96,0.5,stable
CUST_000066,Q3_2025,2025-09-30,65.1,7,562.85,0.0,stable
CUST_000066,Q4_2025,2025-12-31,51.6,0,0.0,0.0,stable
CUST_000067,Q1_2023,2023-03-31,64.0,3,316.14,0.3333333333333333,stable
CUST_000067,Q2_2023,2023-06-30,72.8,3,329.1,0.3333333333333333,stable
CUST_000067,Q3_2023,2023-09-30,68.9,3,546.26,0.0,stable
CUST_000067,Q4_2023,2023-12-31,59.0,2,100.8,1.0,stable
CUST_000067,Q1_2024,2024-03-31,72.0,2,163.14,0.5,stable
CUST_000067,Q2_2024,2024-06-30,69.4,2,237.49,0.0,stable
CUST_000067,Q3_2024,2024-09-30,63.1,1,97.55,0.0,stable
CUST_000067,Q4_2024,2024-12-31,72.0,4,486.18,0.5,stable
CUST_000067,Q1_2025,2025-03-31,68.9,1,96.35,0.0,stable
CUST_000067,Q2_2025,2025-06-30,62.8,2,169.91,0.5,stable
CUST_000067,Q3_2025,2025-09-30,60.7,2,343.33000000000004,0.0,stable
CUST_000067,Q4_2025,2025-12-31,64.2,3,645.49,0.0,stable
CUST_000068,Q1_2023,2023-03-31,54.9,0,0.0,0.0,stable
CUST_000068,Q2_2023,2023-06-30,52.8,2,162.62,0.0,stable
CUST_000068,Q3_2023,2023-09-30,50.0,0,0.0,0.0,stable
CUST_000068,Q4_2023,2023-12-31,59.4,0,0.0,0.0,stable
CUST_000068,Q1_2024,2024-03-31,60.1,3,441.69,0.3333333333333333,stable
CUST_000068,Q2_2024,2024-06-30,55.0,5,931.89,0.4,stable
CUST_000068,Q3_2024,2024-09-30,48.0,0,0.0,0.0,stable
CUST_000068,Q4_2024,2024-12-31,56.6,3,270.54999999999995,0.3333333333333333,stable
CUST_000068,Q1_2025,2025-03-31,47.0,1,307.02,0.0,stable
CUST_000068,Q2_2025,2025-06-30,48.2,0,0.0,0.0,stable
CUST_000068,Q3_2025,2025-09-30,59.9,2,159.10999999999999,0.5,stable
CUST_000068,Q4_2025,2025-12-31,65.5,1,8.4,1.0,stable
CUST_000069,Q1_2023,2023-03-31,53.6,3,810.44,0.3333333333333333,stable
CUST_000069,Q2_2023,2023-06-30,62.1,0,0.0,0.0,stable
CUST_000069,Q3_2023,2023-09-30,61.6,4,376.19,0.0,stable
CUST_000069,Q4_2023,2023-12-31,65.3,0,0.0,0.0,stable
CUST_000069,Q1_2024,2024-03-31,65.9,2,499.47,0.5,stable
CUST_000069,Q2_2024,2024-06-30,68.1,2,329.97,0.0,stable
CUST_000069,Q3_2024,2024-09-30,56.3,0,0.0,0.0,stable
CUST_000069,Q4_2024,2024-12-31,67.1,4,393.54,0.5,stable
CUST_000069,Q1_2025,2025-03-31,65.6,3,264.68,0.0,stable
CUST_000069,Q2_2025,2025-06-30,64.2,4,948.9399999999999,0.25,stable
CUST_000069,Q3_2025,2025-09-30,69.8,4,864.93,0.5,stable
CUST_000069,Q4_2025,2025-12-31,72.0,4,592.4499999999999,0.25,stable
CUST_000070,Q1_2023,2023-03-31,54.0,4,618.8100000000001,0.0,stable
CUST_000070,Q2_2023,2023-06-30,51.5,3,317.13,0.0,stable
CUST_000070,Q3_2023,2023-09-30,53.7,0,0.0,0.0,stable
CUST_000070,Q4_2023,2023-12-31,51.3,1,13.11,0.0,stable
CUST_000070,Q1_2024,2024-03-31,43.4,1,101.97,0.0,stable
CUST_000070,Q2_2024,2024-06-30,48.0,1,28.86,1.0,stable
CUST_000070,Q3_2024,2024-09-30,55.4,0,0.0,0.0,stable
CUST_000070,Q4_2024,2024-12-31,46.0,1,115.44,0.0,stable
CUST_000070,Q1_2025,2025-03-31,51.0,3,246.54,0.3333333333333333,stable
CUST_000070,Q2_2025,2025-06-30,56.3,0,0.0,0.0,stable
CUST_000070,Q3_2025,2025-09-30,56.5,2,260.51,0.5,stable
CUST_000070,Q4_2025,2025-12-31,59.6,0,0.0,0.0,stable
CUST_000071,Q1_2023,2023-03-31,50.1,1,37.44,0.0,up
CUST_000071,Q2_2023,2023-06-30,43.6,0,0.0,0.0,up
CUST_000071,Q3_2023,2023-09-30,63.3,5,811.63,0.8,up
CUST_000071,Q4_2023,2023-12-31,58.9,2,228.66000000000003,0.0,up
CUST_000071,Q1_2024,2024-03-31,61.2,0,0.0,0.0,up
CUST_000071,Q2_2024,2024-06-30,67.0,1,114.27,0.0,up
CUST_000071,Q3_2024,2024-09-30,66.6,0,0.0,0.0,up
CUST_000071,Q4_2024,2024-12-31,62.3,1,10.0,0.0,up
CUST_000071,Q1_2025,2025-03-31,66.1,3,337.29999999999995,0.3333333333333333,up
CUST_000071,Q2_2025,2025-06-30,75.3,2,293.64,0.5,up
CUST_000071,Q3_2025,2025-09-30,76.3,2,347.46999999999997,0.0,up
CUST_000071,Q4_2025,2025-12-31,79.8,1,52.0,0.0,up
CUST_000072,Q1_2023,2023-03-31,58.7,2,127.63,0.5,down
CUST_000072,Q2_2023,2023-06-30,58.2,2,97.75,1.0,down
CUST_000072,Q3_2023,2023-09-30,56.1,2,137.62,0.0,down
CUST_000072,Q4_2023,2023-12-31,55.1,0,0.0,0.0,down
CUST_000072,Q1_2024,2024-03-31,57.6,5,690.45,0.4,down
CUST_000072,Q2_2024,2024-06-30,60.8,3,583.84,0.0,down
CUST_000072,Q3_2024,2024-09-30,60.2,3,177.22,0.3333333333333333,down
CUST_000072,Q4_2024,2024-12-31,58.9,1,162.71,0.0,down
CUST_000072,Q1_2025,2025-03-31,50.3,2,233.25,0.5,down
CUST_000072,Q2_2025,2025-06-30,48.0,5,458.44,0.4,down
CUST_000072,Q3_2025,2025-09-30,41.0,2,229.74,0.0,down
CUST_000072,Q4_2025,2025-12-31,47.4,1,194.34,0.0,down
CUST_000073,Q1_2023,2023-03-31,61.3,1,29.82,0.0,down
CUST_000073,Q2_2023,2023-06-30,61.6,1,47.85,0.0,down
CUST_000073,Q3_2023,2023-09-30,61.6,1,109.88,0.0,down
CUST_000073,Q4_2023,2023-12-31,64.9,0,0.0,0.0,down
CUST_000073,Q1_2024,2024-03-31,62.0,2,74.67,0.0,down
CUST_000073,Q2_2024,2024-06-30,60.5,2,175.22,0.0,down
CUST_000073,Q3_2024,2024-09-30,54.4,3,480.99,0.0,down
CUST_000073,Q4_2024,2024-12-31,64.2,0,0.0,0.0,down
CUST_000073,Q1_2025,2025-03-31,55.6,0,0.0,0.0,down
CUST_000073,Q2_2025,2025-06-30,54.5,0,0.0,0.0,down
CUST_000073,Q3_2025,2025-09-30,57.2,1,70.98,0.0,down
CUST_000073,Q4_2025,2025-12-31,50.5,1,89.9,0.0,down
CUST_000074,Q1_2023,2023-03-31,64.2,1,52.6,1.0,stable
CUST_000074,Q2_2023,2023-06-30,61.1,1,41.46,1.0,stable
CUST_000074,Q3_2023,2023-09-30,58.4,1,33.89,0.0,stable
CUST_000074,Q4_2023,2023-12-31,62.0,0,0.0,0.0,stable
CUST_000074,Q1_2024,2024-03-31,64.2,2,269.0,0.5,stable
CUST_000074,Q2_2024,2024-06-30,63.0,1,56.08,0.0,stable
CUST_000074,Q3_2024,2024-09-30,66.8,5,654.0899999999999,0.0,stable
CUST_000074,Q4_2024,2024-12-31,55.4,4,550.35,0.25,stable
CUST_000074,Q1_2025,2025-03-31,64.0,1,197.76,0.0,stable
CUST_000074,Q2_2025,2025-06-30,61.1,0,0.0,0.0,stable
CUST_000074,Q3_2025,2025-09-30,70.4,0,0.0,0.0,stable
CUST_000074,Q4_2025,2025-12-31,60.2,2,266.69,0.5,stable
CUST_000075,Q1_2023,2023-03-31,65.4,2,104.89,0.5,down
CUST_000075,Q2_2023,2023-06-30,58.4,0,0.0,0.0,down
CUST_000075,Q3_2023,2023-09-30,55.2,1,392.58,0.0,down
CUST_000075,Q4_2023,2023-12-31,48.4,2,202.16,0.5,down
CUST_000075,Q1_2024,2024-03-31,52.6,1,98.8,0.0,down
CUST_000075,Q2_2024,2024-06-30,37.3,1,123.82,1.0,down
CUST_000075,Q3_2024,2024-09-30,43.6,3,465.03,0.3333333333333333,down
CUST_000075,Q4_2024,2024-12-31,47.5,4,273.92,0.25,down
CUST_000075,Q1_2025,2025-03-31,32.1,1,85.01,0.0,down
CUST_000075,Q2_2025,2025-06-30,34.0,2,336.44,1.0,down
CUST_000075,Q3_2025,2025-09-30,23.8,2,369.0,0.5,down
CUST_000075,Q4_2025,2025-12-31,35.0,1,60.41,0.0,down
CUST_000076,Q1_2023,2023-03-31,64.5,2,319.65999999999997,0.5,down
CUST_000076,Q2_2023,2023-06-30,62.5,2,311.4,0.5,down
CUST_000076,Q3_2023,2023-09-30,60.6,0,0.0,0.0,down
CUST_000076,Q4_2023,2023-12-31,62.5,0,0.0,0.0,down
CUST_000076,Q1_2024,2024-03-31,58.2,1,286.63,0.0,down
CUST_000076,Q2_2024,2024-06-30,46.5,1,196.47,1.0,down
CUST_000076,Q3_2024,2024-09-30,59.2,2,281.05,0.0,down
CUST_000076,Q4_2024,2024-12-31,64.0,2,85.46,0.0,down
CUST_000076,Q1_2025,2025-03-31,45.6,1,33.02,0.0,down
CUST_000076,Q2_2025,2025-06-30,53.4,1,223.27,0.0,down
CUST_000076,Q3_2025,2025-09-30,64.2,1,37.21,1.0,down
CUST_000076,Q4_2025,2025-12-31,47.0,2,394.59,0.5,down
CUST_000077,Q1_2023,2023-03-31,57.2,3,355.5,0.0,up
CUST_000077,Q2_2023,2023-06-30,62.1,1,44.4,0.0,up
CUST_000077,Q3_2023,2023-09-30,55.3,2,164.03,0.0,up
CUST_000077,Q4_2023,2023-12-31,62.2,2,198.63,0.0,up
CUST_000077,Q1_2024,2024-03-31,58.2,1,134.67,0.0,up
CUST_000077,Q2_2024,2024-06-30,60.7,3,213.37,0.3333333333333333,up
CUST_000077,Q3_2024,2024-09-30,60.3,0,0.0,0.0,up
CUST_000077,Q4_2024,2024-12-31,64.6,3,176.22,0.3333333333333333,up
CUST_000077,Q1_2025,2025-03-31,63.5,0,0.0,0.0,up
CUST_000077,Q2_2025,2025-06-30,69.1,1,318.85,0.0,up
CUST_000077,Q3_2025,2025-09-30,77.6,0,0.0,0.0,up
CUST_000077,Q4_2025,2025-12-31,67.9,1,37.87,0.0,up
CUST_000078,Q1_2023,2023-03-31,40.2,0,0.0,0.0,stable
CUST_000078,Q2_2023,2023-06-30,47.4,2,118.08,0.0,stable
CUST_000078,Q3_2023,2023-09-30,42.1,1,106.19,0.0,stable
CUST_000078,Q4_2023,2023-12-31,40.9,2,297.82,0.5,stable
CUST_000078,Q1_2024,2024-03-31,45.7,1,9.08,1.0,stable
CUST_000078,Q2_2024,2024-06-30,44.3,1,116.95,1.0,stable
CUST_000078,Q3_2024,2024-09-30,43.1,2,556.19,0.0,stable
CUST_000078,Q4_2024,2024-12-31,48.6,0,0.0,0.0,stable
CUST_000078,Q1_2025,2025-03-31,42.7,1,321.66,0.0,stable
CUST_000078,Q2_2025,2025-06-30,49.7,0,0.0,0.0,stable
CUST_000078,Q3_2025,2025-09-30,46.2,1,116.87,0.0,stable
CUST_000078,Q4_2025,2025-12-31,37.2,1,23.05,0.0,stable
CUST_000079,Q1_2023,2023-03-31,60.6,1,19.5,0.0,down
CUST_000079,Q2_2023,2023-06-30,56.7,0,0.0,0.0,down
CUST_000079,Q3_2023,2023-09-30,53.8,2,213.19,0.0,down
CUST_000079,Q4_2023,2023-12-31,65.3,1,96.84,1.0,down
CUST_000079,Q1_2024,2024-03-31,50.3,0,0.0,0.0,down
CUST_000079,Q2_2024,2024-06-30,52.9,2,302.98,0.0,down
CUST_000079,Q3_2024,2024-09-30,46.1,2,146.39,0.5,down
CUST_000079,Q4_2024,2024-12-31,48.0,2,58.23,1.0,down
CUST_000079,Q1_2025,2025-03-31,50.6,3,333.7,0.6666666666666666,down
CUST_000079,Q2_2025,2025-06-30,60.4,6,1112.67,0.16666666666666666,down
CUST_000079,Q3_2025,2025-09-30,46.1,3,163.72,0.3333333333333333,down
CUST_000079,Q4_2025,2025-12-31,35.7,3,401.5,0.3333333333333333,down
CUST_000080,Q1_2023,2023-03-31,59.3,1,26.49,1.0,stable
CUST_000080,Q2_2023,2023-06-30,44.0,1,41.99,0.0,stable
CUST_000080,Q3_2023,2023-09-30,48.9,0,0.0,0.0,stable
CUST_000080,Q4_2023,2023-12-31,47.5,2,504.11,0.0,stable
CUST_000080,Q1_2024,2024-03-31,52.2,3,426.83,0.3333333333333333,stable
CUST_000080,Q2_2024,2024-06-30,50.4,4,415.66,0.0,stable
CUST_000080,Q3_2024,2024-09-30,57.9,4,507.96000000000004,0.25,stable
CUST_000080,Q4_2024,2024-12-31,57.5,2,439.33000000000004,0.5,stable
CUST_000080,Q1_2025,2025-03-31,46.1,2,464.41,0.5,stable
CUST_000080,Q2_2025,2025-06-30,62.3,2,209.66,0.5,stable
CUST_000080,Q3_2025,2025-09-30,59.4,2,242.14,0.0,stable
CUST_000080,Q4_2025,2025-12-31,36.8,0,0.0,0.0,stable
CUST_000081,Q1_2023,2023-03-31,63.5,2,114.1,1.0,stable
CUST_000081,Q2_2023,2023-06-30,55.5,2,142.76999999999998,0.0,stable
CUST_000081,Q3_2023,2023-09-30,68.9,2,187.37,0.5,stable
CUST_000081,Q4_2023,2023-12-31,64.1,2,167.01999999999998,0.5,stable
CUST_000081,Q1_2024,2024-03-31,71.3,3,97.09,0.0,stable
CUST_000081,Q2_2024,2024-06-30,80.4,3,518.85,0.3333333333333333,stable
CUST_000081,Q3_2024,2024-09-30,75.9,1,29.12,1.0,stable
CUST_000081,Q4_2024,2024-12-31,65.9,4,601.6300000000001,0.25,stable
CUST_000081,Q1_2025,2025-03-31,67.3,1,40.97,0.0,stable
CUST_000081,Q2_2025,2025-06-30,72.5,4,101.56,0.5,stable
CUST_000081,Q3_2025,2025-09-30,77.8,3,220.55,0.3333333333333333,stable
CUST_000081,Q4_2025,2025-12-31,68.9,3,213.48000000000002,0.0,stable
CUST_000082,Q1_2023,2023-03-31,68.1,1,42.15,1.0,down
CUST_000082,Q2_2023,2023-06-30,66.6,3,186.57,0.6666666666666666,down
CUST_000082,Q3_2023,2023-09-30,77.2,6,963.8199999999999,0.6666666666666666,down
CUST_000082,Q4_2023,2023-12-31,75.8,5,819.91,0.2,down
CUST_000082,Q1_2024,2024-03-31,75.2,4,325.82,0.25,down
CUST_000082,Q2_2024,2024-06-30,73.7,6,617.2,0.6666666666666666,down
CUST_000082,Q3_2024,2024-09-30,67.7,7,1197.67,0.5714285714285714,down
CUST_000082,Q4_2024,2024-12-31,56.2,0,0.0,0.0,down
CUST_000082,Q1_2025,2025-03-31,51.5,4,477.11,0.5,down
CUST_000082,Q2_2025,2025-06-30,55.9,4,730.97,0.0,down
CUST_000082,Q3_2025,2025-09-30,51.9,2,172.19,0.0,down
CUST_000082,Q4_2025,2025-12-31,52.8,7,813.51,0.2857142857142857,down
CUST_000083,Q1_2023,2023-03-31,78.9,7,937.4100000000001,0.42857142857142855,up
CUST_000083,Q2_2023,2023-06-30,74.4,6,465.94,0.3333333333333333,up
CUST_000083,Q3_2023,2023-09-30,81.2,3,79.88,0.0,up
CUST_000083,Q4_2023,2023-12-31,73.5,4,446.59000000000003,0.5,up
CUST_000083,Q1_2024,2024-03-31,83.2,5,798.73,0.4,up
CUST_000083,Q2_2024,2024-06-30,79.3,3,317.9,0.3333333333333333,up
CUST_000083,Q3_2024,2024-09-30,85.7,6,816.24,0.5,up
CUST_000083,Q4_2024,2024-12-31,90.7,3,147.97,0.6666666666666666,up
CUST_000083,Q1_2025,2025-03-31,73.1,3,215.46,0.3333333333333333,up
CUST_000083,Q2_2025,2025-06-30,84.6,6,807.27,0.3333333333333333,up
CUST_000083,Q3_2025,2025-09-30,87.0,3,669.8000000000001,0.0,up
CUST_000083,Q4_2025,2025-12-31,85.3,5,461.32,0.4,up
CUST_000084,Q1_2023,2023-03-31,61.3,2,135.74,0.0,up
CUST_000084,Q2_2023,2023-06-30,54.6,1,36.71,0.0,up
CUST_000084,Q3_2023,2023-09-30,55.6,2,71.25999999999999,0.5,up
CUST_000084,Q4_2023,2023-12-31,67.8,2,324.89,0.0,up
CUST_000084,Q1_2024,2024-03-31,74.3,1,142.71,1.0,up
CUST_000084,Q2_2024,2024-06-30,74.9,0,0.0,0.0,up
CUST_000084,Q3_2024,2024-09-30,68.8,1,22.97,0.0,up
CUST_000084,Q4_2024,2024-12-31,66.4,0,0.0,0.0,up
CUST_000084,Q1_2025,2025-03-31,78.0,3,497.8,0.3333333333333333,up
CUST_000084,Q2_2025,2025-06-30,81.1,4,474.19,0.25,up
CUST_000084,Q3_2025,2025-09-30,72.4,3,346.47,0.0,up
CUST_000084,Q4_2025,2025-12-31,77.7,3,284.54,0.0,up
CUST_000085,Q1_2023,2023-03-31,55.0,1,129.25,1.0,up
CUST_000085,Q2_2023,2023-06-30,56.5,1,68.29,0.0,up
CUST_000085,Q3_2023,2023-09-30,50.0,1,170.11,0.0,up
CUST_000085,Q4_2023,2023-12-31,60.2,1,155.5,0.0,up
CUST_000085,Q1_2024,2024-03-31,54.5,4,392.36,0.0,up
CUST_000085,Q2_2024,2024-06-30,63.8,0,0.0,0.0,up
CUST_000085,Q3_2024,2024-09-30,63.3,3,407.17,0.0,up
CUST_000085,Q4_2024,2024-12-31,76.9,1,161.48,0.0,up
CUST_000085,Q1_2025,2025-03-31,68.9,0,0.0,0.0,up
CUST_000085,Q2_2025,2025-06-30,75.2,1,76.05,0.0,up
CUST_000085,Q3_2025,2025-09-30,70.9,3,468.88,0.0,up
CUST_000085,Q4_2025,2025-12-31,69.6,0,0.0,0.0,up
CUST_000086,Q1_2023,2023-03-31,64.1,1,170.92,0.0,up
CUST_000086,Q2_2023,2023-06-30,58.0,1,269.32,0.0,up
CUST_000086,Q3_2023,2023-09-30,71.8,1,80.15,0.0,up
CUST_000086,Q4_2023,2023-12-31,63.3,0,0.0,0.0,up
CUST_000086,Q1_2024,2024-03-31,60.5,1,91.3,1.0,up
CUST_000086,Q2_2024,2024-06-30,63.1,2,500.59,0.0,up
CUST_000086,Q3_2024,2024-09-30,71.1,2,447.34,0.0,up
CUST_000086,Q4_2024,2024-12-31,68.9,4,645.25,0.5,up
CUST_000086,Q1_2025,2025-03-31,62.8,1,380.16,0.0,up
CUST_000086,Q2_2025,2025-06-30,73.6,0,0.0,0.0,up
CUST_000086,Q3_2025,2025-09-30,69.5,2,131.85999999999999,0.0,up
CUST_000086,Q4_2025,2025-12-31,71.2,2,455.57,0.5,up
CUST_000087,Q1_2023,2023-03-31,57.9,0,0.0,0.0,up
CUST_000087,Q2_2023,2023-06-30,64.2,2,164.82,0.5,up
CUST_000087,Q3_2023,2023-09-30,67.1,0,0.0,0.0,up
CUST_000087,Q4_2023,2023-12-31,66.9,2,202.48,0.0,up
CUST_000087,Q1_2024,2024-03-31,62.7,2,83.00999999999999,0.5,up
CUST_000087,Q2_2024,2024-06-30,85.7,4,364.69,0.75,up
CUST_000087,Q3_2024,2024-09-30,73.6,2,136.47,0.5,up
CUST_000087,Q4_2024,2024-12-31,79.7,2,419.17,0.0,up
CUST_000087,Q1_2025,2025-03-31,83.7,2,177.97,0.5,up
CUST_000087,Q2_2025,2025-06-30,98.7,3,238.53,0.0,up
CUST_000087,Q3_2025,2025-09-30,90.8,2,110.47,0.5,up
CUST_000087,Q4_2025,2025-12-31,96.6,1,155.31,0.0,up
CUST_000088,Q1_2023,2023-03-31,69.5,4,629.68,0.25,stable
CUST_000088,Q2_2023,2023-06-30,67.2,1,54.25,0.0,stable
CUST_000088,Q3_2023,2023-09-30,62.6,5,472.68,0.2,stable
CUST_000088,Q4_2023,2023-12-31,55.0,0,0.0,0.0,stable
CUST_000088,Q1_2024,2024-03-31,63.5,1,37.03,1.0,stable
CUST_000088,Q2_2024,2024-06-30,60.5,1,51.9,1.0,stable
CUST_000088,Q3_2024,2024-09-30,74.8,5,998.53,0.0,stable
CUST_000088,Q4_2024,2024-12-31,72.4,2,595.77,0.5,stable
CUST_000088,Q1_2025,2025-03-31,72.4,6,517.02,0.3333333333333333,stable
CUST_000088,Q2_2025,2025-06-30,65.4,2,347.75,0.0,stable
CUST_000088,Q3_2025,2025-09-30,64.6,2,71.58,0.5,stable
CUST_000088,Q4_2025,2025-12-31,65.4,0,0.0,0.0,stable
CUST_000089,Q1_2023,2023-03-31,70.8,3,229.43,0.3333333333333333,down
CUST_000089,Q2_2023,2023-06-30,72.4,0,0.0,0.0,down
CUST_000089,Q3_2023,2023-09-30,79.8,3,235.48000000000002,0.3333333333333333,down
CUST_000089,Q4_2023,2023-12-31,70.0,5,406.54,0.2,down
CUST_000089,Q1_2024,2024-03-31,67.4,3,176.99,0.3333333333333333,down
CUST_000089,Q2_2024,2024-06-30,63.1,3,367.13,0.0,down
CUST_000089,Q3_2024,2024-09-30,56.1,2,56.92,0.0,down
CUST_000089,Q4_2024,2024-12-31,68.8,5,627.01,0.2,down
CUST_000089,Q1_2025,2025-03-31,60.9,7,924.26,0.14285714285714285,down
CUST_000089,Q2_2025,2025-06-30,53.2,2,457.99,0.0,down
CUST_000089,Q3_2025,2025-09-30,69.6,3,169.23999999999998,0.0,down
CUST_000089,Q4_2025,2025-12-31,66.1,3,628.75,0.0,down
CUST_000090,Q1_2023,2023-03-31,47.0,0,0.0,0.0,stable
CUST_000090,Q2_2023,2023-06-30,48.8,2,102.14,0.0,stable
CUST_000090,Q3_2023,2023-09-30,47.1,2,140.57999999999998,0.0,stable
CUST_000090,Q4_2023,2023-12-31,54.7,3,568.13,0.3333333333333333,stable
CUST_000090,Q1_2024,2024-03-31,62.2,1,478.09,0.0,stable
CUST_000090,Q2_2024,2024-06-30,48.1,2,80.33,0.5,stable
CUST_000090,Q3_2024,2024-09-30,52.5,1,31.97,0.0,stable
CUST_000090,Q4_2024,2024-12-31,58.7,3,167.75,0.3333333333333333,stable
CUST_000090,Q1_2025,2025-03-31,54.2,3,296.86,0.0,stable
CUST_000090,Q2_2025,2025-06-30,57.0,3,181.39,0.3333333333333333,stable
CUST_000090,Q3_2025,2025-09-30,61.2,2,100.69,0.5,stable
CUST_000090,Q4_2025,2025-12-31,54.5,4,325.13,0.0,stable
CUST_000091,Q1_2023,2023-03-31,60.3,0,0.0,0.0,down
CUST_000091,Q2_2023,2023-06-30,65.6,2,280.95,0.5,down
CUST_000091,Q3_2023,2023-09-30,61.5,3,214.14000000000001,0.3333333333333333,down
CUST_000091,Q4_2023,2023-12-31,62.1,2,74.75,0.5,down
CUST_000091,Q1_2024,2024-03-31,61.8,5,632.88,0.4,down
CUST_000091,Q2_2024,2024-06-30,42.4,0,0.0,0.0,down
CUST_000091,Q3_2024,2024-09-30,46.6,2,413.94,0.5,down
CUST_000091,Q4_2024,2024-12-31,45.8,3,175.20000000000002,0.6666666666666666,down
CUST_000091,Q1_2025,2025-03-31,45.4,6,613.41,0.16666666666666666,down
CUST_000091,Q2_2025,2025-06-30,52.5,4,760.49,0.0,down
CUST_000091,Q3_2025,2025-09-30,27.4,4,489.85,0.0,down
CUST_000091,Q4_2025,2025-12-31,35.3,2,446.25,0.0,down
CUST_000092,Q1_2023,2023-03-31,46.7,1,194.69,0.0,stable
CUST_000092,Q2_2023,2023-06-30,59.6,1,14.54,1.0,stable
CUST_000092,Q3_2023,2023-09-30,51.7,1,37.81,0.0,stable
CUST_000092,Q4_2023,2023-12-31,50.1,0,0.0,0.0,stable
CUST_000092,Q1_2024,2024-03-31,49.9,3,165.87,0.3333333333333333,stable
CUST_000092,Q2_2024,2024-06-30,50.1,1,242.85,0.0,stable
CUST_000092,Q3_2024,2024-09-30,42.3,0,0.0,0.0,stable
CUST_000092,Q4_2024,2024-12-31,43.9,0,0.0,0.0,stable
CUST_000092,Q1_2025,2025-03-31,48.9,1,14.68,0.0,stable
CUST_000092,Q2_2025,2025-06-30,55.6,1,236.1,0.0,stable
CUST_000092,Q3_2025,2025-09-30,57.5,2,487.95,0.0,stable
CUST_000092,Q4_2025,2025-12-31,42.8,0,0.0,0.0,stable
CUST_000093,Q1_2023,2023-03-31,63.8,1,35.06,1.0,up
CUST_000093,Q2_2023,2023-06-30,61.6,3,458.05,0.0,up
CUST_000093,Q3_2023,2023-09-30,68.2,1,23.47,1.0,up
CUST_000093,Q4_2023,2023-12-31,61.7,1,46.46,0.0,up
CUST_000093,Q1_2024,2024-03-31,66.3,0,0.0,0.0,up
CUST_000093,Q2_2024,2024-06-30,65.2,3,330.03000000000003,0.3333333333333333,up
CUST_000093,Q3_2024,2024-09-30,64.5,2,223.12,0.5,up
CUST_000093,Q4_2024,2024-12-31,58.6,4,441.34000000000003,0.0,up
CUST_000093,Q1_2025,2025-03-31,72.1,1,21.93,1.0,up
CUST_000093,Q2_2025,2025-06-30,79.8,4,595.49,0.25,up
CUST_000093,Q3_2025,2025-09-30,84.5,1,67.68,0.0,up
CUST_000093,Q4_2025,2025-12-31,88.7,1,20.93,1.0,up
CUST_000094,Q1_2023,2023-03-31,92.8,6,338.39,0.5,down
CUST_000094,Q2_2023,2023-06-30,95.6,2,112.4,0.5,down
CUST_000094,Q3_2023,2023-09-30,79.0,6,449.83,0.3333333333333333,down
CUST_000094,Q4_2023,2023-12-31,70.3,2,222.54,0.0,down
CUST_000094,Q1_2024,2024-03-31,71.0,3,173.07,0.3333333333333333,down
CUST_000094,Q2_2024,2024-06-30,71.5,5,974.1,0.2,down
CUST_000094,Q3_2024,2024-09-30,76.6,4,291.42,0.25,down
CUST_000094,Q4_2024,2024-12-31,71.4,5,377.48,0.2,down
CUST_000094,Q1_2025,2025-03-31,70.4,6,798.79,0.16666666666666666,down
CUST_000094,Q2_2025,2025-06-30,76.3,7,1158.79,0.14285714285714285,down
CUST_000094,Q3_2025,2025-09-30,65.7,1,140.59,0.0,down
CUST_000094,Q4_2025,2025-12-31,67.5,7,771.9,0.0,down
CUST_000095,Q1_2023,2023-03-31,49.0,1,127.76,1.0,up
CUST_000095,Q2_2023,2023-06-30,57.1,1,43.41,1.0,up
CUST_000095,Q3_2023,2023-09-30,56.7,0,0.0,0.0,up
CUST_000095,Q4_2023,2023-12-31,66.6,2,133.45,1.0,up
CUST_000095,Q1_2024,2024-03-31,55.0,2,77.89,1.0,up
CUST_000095,Q2_2024,2024-06-30,71.9,3,246.99,0.3333333333333333,up
CUST_000095,Q3_2024,2024-09-30,70.4,3,482.36,0.6666666666666666,up
CUST_000095,Q4_2024,2024-12-31,63.3,0,0.0,0.0,up
CUST_000095,Q1_2025,2025-03-31,62.3,0,0.0,0.0,up
CUST_000095,Q2_2025,2025-06-30,71.2,2,145.42,0.5,up
CUST_000095,Q3_2025,2025-09-30,76.6,3,429.58,0.3333333333333333,up
CUST_000095,Q4_2025,2025-12-31,82.9,1,124.14,0.0,up
CUST_000096,Q1_2023,2023-03-31,71.1,0,0.0,0.0,up
CUST_000096,Q2_2023,2023-06-30,77.5,2,349.38,0.5,up
CUST_000096,Q3_2023,2023-09-30,82.9,2,195.67000000000002,0.5,up
CUST_000096,Q4_2023,2023-12-31,72.4,2,171.54,0.0,up
CUST_000096,Q1_2024,2024-03-31,77.1,2,314.78,1.0,up
CUST_000096,Q2_2024,2024-06-30,74.3,3,428.05,0.3333333333333333,up
CUST_000096,Q3_2024,2024-09-30,81.3,1,68.0,0.0,up
CUST_000096,Q4_2024,2024-12-31,80.1,2,178.17000000000002,0.0,up
CUST_000096,Q1_2025,2025-03-31,93.7,1,403.33,0.0,up
CUST_000096,Q2_2025,2025-06-30,89.2,3,457.42,0.0,up
CUST_000096,Q3_2025,2025-09-30,85.2,2,95.6,0.5,up
CUST_000096,Q4_2025,2025-12-31,90.2,2,142.48000000000002,1.0,up
CUST_000097,Q1_2023,2023-03-31,57.1,4,750.02,0.25,stable
CUST_000097,Q2_2023,2023-06-30,64.3,2,166.76000000000002,0.5,stable
CUST_000097,Q3_2023,2023-09-30,49.5,1,128.93,0.0,stable
CUST_000097,Q4_2023,2023-12-31,59.6,1,128.93,0.0,stable
CUST_000097,Q1_2024,2024-03-31,45.6,1,118.56,0.0,stable
CUST_000097,Q2_2024,2024-06-30,61.9,2,198.54,0.0,stable
CUST_000097,Q3_2024,2024-09-30,52.9,2,295.24,0.0,stable
CUST_000097,Q4_2024,2024-12-31,65.2,2,474.05,0.0,stable
CUST_000097,Q1_2025,2025-03-31,63.6,3,577.0300000000001,0.0,stable
CUST_000097,Q2_2025,2025-06-30,59.5,0,0.0,0.0,stable
CUST_000097,Q3_2025,2025-09-30,56.7,1,102.82,0.0,stable
CUST_000097,Q4_2025,2025-12-31,53.9,3,295.36,0.6666666666666666,stable
CUST_000098,Q1_2023,2023-03-31,70.2,2,95.14,0.5,up
CUST_000098,Q2_2023,2023-06-30,67.9,6,985.38,0.16666666666666666,up
CUST_000098,Q3_2023,2023-09-30,80.3,3,82.76,0.6666666666666666,up
CUST_000098,Q4_2023,2023-12-31,83.8,4,418.22,0.75,up
CUST_000098,Q1_2024,2024-03-31,73.3,0,0.0,0.0,up
CUST_000098,Q2_2024,2024-06-30,78.4,2,302.22,0.5,up
CUST_000098,Q3_2024,2024-09-30,84.1,9,655.12,0.4444444444444444,up
CUST_000098,Q4_2024,2024-12-31,84.4,5,305.21,0.4,up
CUST_000098,Q1_2025,2025-03-31,80.5,3,161.94,0.6666666666666666,up
CUST_000098,Q2_2025,2025-06-30,91.4,7,645.04,0.5714285714285714,up
CUST_000098,Q3_2025,2025-09-30,82.7,3,82.99,0.6666666666666666,up
CUST_000098,Q4_2025,2025-12-31,91.2,2,79.74,1.0,up
CUST_000099,Q1_2023,2023-03-31,60.0,4,338.03999999999996,0.5,up
CUST_000099,Q2_2023,2023-06-30,68.4,1,389.28,0.0,up
CUST_000099,Q3_2023,2023-09-30,76.7,1,70.28,1.0,up
CUST_000099,Q4_2023,2023-12-31,85.5,1,64.48,0.0,up
CUST_000099,Q1_2024,2024-03-31,88.4,1,69.16,0.0,up
CUST_000099,Q2_2024,2024-06-30,86.9,3,235.77,0.0,up
CUST_000099,Q3_2024,2024-09-30,87.8,0,0.0,0.0,up
CUST_000099,Q4_2024,2024-12-31,94.8,2,163.13,0.0,up
CUST_000099,Q1_2025,2025-03-31,96.9,3,344.66,0.3333333333333333,up
CUST_000099,Q2_2025,2025-06-30,89.7,2,143.34,0.0,up
CUST_000099,Q3_2025,2025-09-30,99.3,2,207.94,0.0,up
CUST_000099,Q4_2025,2025-12-31,97.8,1,60.83,1.0,up
CUST_000100,Q1_2023,2023-03-31,63.5,2,542.36,0.5,up
CUST_000100,Q2_2023,2023-06-30,59.2,1,70.53,0.0,up
CUST_000100,Q3_2023,2023-09-30,56.6,1,212.72,0.0,up
CUST_000100,Q4_2023,2023-12-31,59.1,1,119.87,1.0,up
CUST_000100,Q1_2024,2024-03-31,54.1,0,0.0,0.0,up
CUST_000100,Q2_2024,2024-06-30,65.5,1,72.32,1.0,up
CUST_000100,Q3_2024,2024-09-30,65.4,4,1025.37,0.25,up
CUST_000100,Q4_2024,2024-12-31,71.7,4,536.46,0.25,up
CUST_000100,Q1_2025,2025-03-31,86.0,1,38.83,1.0,up
CUST_000100,Q2_2025,2025-06-30,74.5,3,458.13,0.3333333333333333,up
CUST_000100,Q3_2025,2025-09-30,70.1,4,613.73,0.75,up
CUST_000100,Q4_2025,2025-12-31,77.2,3,229.39999999999998,0.3333333333333333,up
CUST_000101,Q1_2023,2023-03-31,65.8,2,332.97,0.0,down
CUST_000101,Q2_2023,2023-06-30,62.0,3,572.78,0.3333333333333333,down
CUST_000101,Q3_2023,2023-09-30,62.3,3,374.72,0.3333333333333333,down
CUST_000101,Q4_2023,2023-12-31,58.0,3,204.75,0.0,down
CUST_000101,Q1_2024,2024-03-31,58.3,4,235.19,0.5,down
CUST_000101,Q2_2024,2024-06-30,54.1,3,302.13,0.6666666666666666,down
CUST_000101,Q3_2024,2024-09-30,58.6,4,890.0,0.0,down
CUST_000101,Q4_2024,2024-12-31,50.3,2,256.98,0.0,down
CUST_000101,Q1_2025,2025-03-31,49.8,2,78.8,0.5,down
CUST_000101,Q2_2025,2025-06-30,37.5,2,66.96000000000001,0.5,down
CUST_000101,Q3_2025,2025-09-30,41.9,2,155.06,0.5,down
CUST_000101,Q4_2025,2025-12-31,38.8,1,85.1,0.0,down
CUST_000102,Q1_2023,2023-03-31,42.4,1,122.45,0.0,up
CUST_000102,Q2_2023,2023-06-30,50.1,2,176.02999999999997,0.0,up
CUST_000102,Q3_2023,2023-09-30,51.1,1,66.85,1.0,up
CUST_000102,Q4_2023,2023-12-31,49.1,0,0.0,0.0,up
CUST_000102,Q1_2024,2024-03-31,51.5,0,0.0,0.0,up
CUST_000102,Q2_2024,2024-06-30,50.1,1,48.98,1.0,up
CUST_000102,Q3_2024,2024-09-30,52.0,1,296.86,0.0,up
CUST_000102,Q4_2024,2024-12-31,56.6,0,0.0,0.0,up
CUST_000102,Q1_2025,2025-03-31,52.6,3,183.35000000000002,0.0,up
CUST_000102,Q2_2025,2025-06-30,58.6,1,91.92,0.0,up
CUST_000102,Q3_2025,2025-09-30,57.0,1,143.71,1.0,up
CUST_000102,Q4_2025,2025-12-31,63.0,1,34.45,1.0,up
CUST_000103,Q1_2023,2023-03-31,51.0,1,85.7,0.0,stable
CUST_000103,Q2_2023,2023-06-30,43.7,0,0.0,0.0,stable
CUST_000103,Q3_2023,2023-09-30,50.8,1,160.41,0.0,stable
CUST_000103,Q4_2023,2023-12-31,54.2,1,334.09,0.0,stable
CUST_000103,Q1_2024,2024-03-31,51.3,1,10.0,0.0,stable
CUST_000103,Q2_2024,2024-06-30,47.5,1,33.88,0.0,stable
CUST_000103,Q3_2024,2024-09-30,45.1,3,476.34,0.0,stable
CUST_000103,Q4_2024,2024-12-31,48.2,1,26.0,0.0,stable
CUST_000103,Q1_2025,2025-03-31,52.0,1,39.78,0.0,stable
CUST_000103,Q2_2025,2025-06-30,50.6,0,0.0,0.0,stable
CUST_000103,Q3_2025,2025-09-30,54.3,2,142.88,1.0,stable
CUST_000103,Q4_2025,2025-12-31,49.2,2,115.69,0.5,stable
CUST_000104,Q1_2023,2023-03-31,63.7,0,0.0,0.0,up
CUST_000104,Q2_2023,2023-06-30,56.5,1,43.36,0.0,up
CUST_000104,Q3_2023,2023-09-30,61.0,1,114.21,1.0,up
CUST_000104,Q4_2023,2023-12-31,71.1,0,0.0,0.0,up
CUST_000104,Q1_2024,2024-03-31,69.2,1,31.41,1.0,up
CUST_000104,Q2_2024,2024-06-30,71.9,2,251.92000000000002,0.0,up
CUST_000104,Q3_2024,2024-09-30,65.2,2,273.16,0.5,up
CUST_000104,Q4_2024,2024-12-31,77.0,4,371.35,0.5,up
CUST_000104,Q1_2025,2025-03-31,70.3,2,238.56,0.0,up
CUST_000104,Q2_2025,2025-06-30,65.3,1,34.33,1.0,up
CUST_000104,Q3_2025,2025-09-30,71.4,1,25.92,1.0,up
CUST_000104,Q4_2025,2025-12-31,74.2,2,428.21000000000004,0.0,up
CUST_000105,Q1_2023,2023-03-31,76.3,4,369.28000000000003,0.25,down
CUST_000105,Q2_2023,2023-06-30,68.2,2,369.62,0.5,down
CUST_000105,Q3_2023,2023-09-30,71.5,3,170.44,0.3333333333333333,down
CUST_000105,Q4_2023,2023-12-31,75.1,2,117.6,0.5,down
CUST_000105,Q1_2024,2024-03-31,65.9,0,0.0,0.0,down
CUST_000105,Q2_2024,2024-06-30,69.2,3,299.25,0.0,down
CUST_000105,Q3_2024,2024-09-30,63.1,4,532.89,0.25,down
CUST_000105,Q4_2024,2024-12-31,71.4,3,352.21,0.3333333333333333,down
CUST_000105,Q1_2025,2025-03-31,63.5,4,418.03,0.5,down
CUST_000105,Q2_2025,2025-06-30,74.3,4,525.16,0.5,down
CUST_000105,Q3_2025,2025-09-30,67.8,2,62.86,1.0,down
CUST_000105,Q4_2025,2025-12-31,62.7,3,167.16,0.0,down
CUST_000106,Q1_2023,2023-03-31,55.7,3,477.97,0.3333333333333333,stable
CUST_000106,Q2_2023,2023-06-30,62.0,1,29.74,0.0,stable
CUST_000106,Q3_2023,2023-09-30,74.9,3,529.15,0.0,stable
CUST_000106,Q4_2023,2023-12-31,63.6,1,32.16,1.0,stable
CUST_000106,Q1_2024,2024-03-31,61.9,2,189.25,0.0,stable
CUST_000106,Q2_2024,2024-06-30,63.5,3,828.05,0.0,stable
CUST_000106,Q3_2024,2024-09-30,67.5,3,689.9300000000001,0.0,stable
CUST_000106,Q4_2024,2024-12-31,65.5,2,291.97,0.0,stable
CUST_000106,Q1_2025,2025-03-31,75.5,2,94.2,0.5,stable
CUST_000106,Q2_2025,2025-06-30,67.3,2,148.57,0.5,stable
CUST_000106,Q3_2025,2025-09-30,66.5,3,258.04,0.3333333333333333,stable
CUST_000106,Q4_2025,2025-12-31,63.4,0,0.0,0.0,stable
CUST_000107,Q1_2023,2023-03-31,54.0,3,186.42000000000002,0.3333333333333333,stable
CUST_000107,Q2_2023,2023-06-30,47.2,1,174.62,0.0,stable
CUST_000107,Q3_2023,2023-09-30,57.9,2,312.53999999999996,0.0,stable
CUST_000107,Q4_2023,2023-12-31,58.7,1,326.62,0.0,stable
CUST_000107,Q1_2024,2024-03-31,65.4,4,728.78,0.0,stable
CUST_000107,Q2_2024,2024-06-30,56.0,5,787.14,0.0,stable
CUST_000107,Q3_2024,2024-09-30,52.9,2,205.56,0.5,stable
CUST_000107,Q4_2024,2024-12-31,61.4,5,465.77,0.2,stable
CUST_000107,Q1_2025,2025-03-31,53.8,3,429.09000000000003,0.0,stable
CUST_000107,Q2_2025,2025-06-30,58.2,4,755.52,0.0,stable
CUST_000107,Q3_2025,2025-09-30,64.3,2,264.23,0.0,stable
CUST_000107,Q4_2025,2025-12-31,55.1,1,49.43,0.0,stable
CUST_000108,Q1_2023,2023-03-31,47.6,1,37.03,0.0,stable
CUST_000108,Q2_2023,2023-06-30,49.5,2,254.33,0.0,stable
CUST_000108,Q3_2023,2023-09-30,46.7,1,151.79,0.0,stable
CUST_000108,Q4_2023,2023-12-31,48.9,1,53.14,0.0,stable
CUST_000108,Q1_2024,2024-03-31,38.8,0,0.0,0.0,stable
CUST_000108,Q2_2024,2024-06-30,39.3,0,0.0,0.0,stable
CUST_000108,Q3_2024,2024-09-30,46.2,1,62.97,0.0,stable
CUST_000108,Q4_2024,2024-12-31,44.5,2,49.56,0.0,stable
CUST_000108,Q1_2025,2025-03-31,39.5,4,310.4,0.0,stable
CUST_000108,Q2_2025,2025-06-30,38.8,1,11.79,1.0,stable
CUST_000108,Q3_2025,2025-09-30,42.8,1,189.31,0.0,stable
CUST_000108,Q4_2025,2025-12-31,42.0,2,98.6,1.0,stable
CUST_000109,Q1_2023,2023-03-31,61.4,4,409.61,0.0,stable
CUST_000109,Q2_2023,2023-06-30,66.6,2,286.95,0.0,stable
CUST_000109,Q3_2023,2023-09-30,61.6,4,1111.96,0.25,stable
CUST_000109,Q4_2023,2023-12-31,70.4,2,97.03999999999999,0.5,stable
CUST_000109,Q1_2024,2024-03-31,68.6,2,271.27,0.0,stable
CUST_000109,Q2_2024,2024-06-30,66.4,1,226.17,0.0,stable
CUST_000109,Q3_2024,2024-09-30,72.3,3,481.58,0.3333333333333333,stable
CUST_000109,Q4_2024,2024-12-31,69.3,2,295.44,0.0,stable
CUST_000109,Q1_2025,2025-03-31,57.9,2,295.44,0.0,stable
CUST_000109,Q2_2025,2025-06-30,59.9,4,509.75,0.5,stable
CUST_000109,Q3_2025,2025-09-30,72.4,6,1019.04,0.5,stable
CUST_000109,Q4_2025,2025-12-31,61.8,3,445.46,0.3333333333333333,stable
CUST_000110,Q1_2023,2023-03-31,63.4,4,504.12,0.25,stable
CUST_000110,Q2_2023,2023-06-30,54.4,3,449.65999999999997,0.3333333333333333,stable
CUST_000110,Q3_2023,2023-09-30,61.1,4,247.04000000000002,0.0,stable
CUST_000110,Q4_2023,2023-12-31,54.7,3,359.45,0.3333333333333333,stable
CUST_000110,Q1_2024,2024-03-31,63.4,2,99.50999999999999,0.5,stable
CUST_000110,Q2_2024,2024-06-30,67.2,2,382.63,0.5,stable
CUST_000110,Q3_2024,2024-09-30,59.7,5,550.45,0.4,stable
CUST_000110,Q4_2024,2024-12-31,60.5,1,67.49,0.0,stable
CUST_000110,Q1_2025,2025-03-31,64.4,0,0.0,0.0,stable
CUST_000110,Q2_2025,2025-06-30,58.4,2,324.2,1.0,stable
CUST_000110,Q3_2025,2025-09-30,57.7,4,541.3299999999999,0.25,stable
CUST_000110,Q4_2025,2025-12-31,63.9,4,167.07,0.5,stable
CUST_000111,Q1_2023,2023-03-31,53.0,0,0.0,0.0,stable
CUST_000111,Q2_2023,2023-06-30,59.7,1,101.19,0.0,stable
CUST_000111,Q3_2023,2023-09-30,61.7,2,222.89,0.0,stable
CUST_000111,Q4_2023,2023-12-31,57.7,1,7.55,1.0,stable
CUST_000111,Q1_2024,2024-03-31,56.7,4,432.47999999999996,0.5,stable
CUST_000111,Q2_2024,2024-06-30,61.8,0,0.0,0.0,stable
CUST_000111,Q3_2024,2024-09-30,56.2,0,0.0,0.0,stable
CUST_000111,Q4_2024,2024-12-31,63.5,1,27.32,1.0,stable
CUST_000111,Q1_2025,2025-03-31,67.8,2,730.8199999999999,0.5,stable
CUST_000111,Q2_2025,2025-06-30,68.2,3,468.06,0.3333333333333333,stable
CUST_000111,Q3_2025,2025-09-30,63.3,2,353.46000000000004,0.0,stable
CUST_000111,Q4_2025,2025-12-31,61.9,1,47.05,0.0,stable
CUST_000112,Q1_2023,2023-03-31,63.1,3,234.4,0.3333333333333333,up
CUST_000112,Q2_2023,2023-06-30,71.9,2,278.14,0.0,up
CUST_000112,Q3_2023,2023-09-30,75.1,1,8.9,1.0,up
CUST_000112,Q4_2023,2023-12-31,68.4,1,164.78,0.0,up
CUST_000112,Q1_2024,2024-03-31,78.8,2,260.74,0.0,up
CUST_000112,Q2_2024,2024-06-30,74.9,6,726.47,0.5,up
CUST_000112,Q3_2024,2024-09-30,82.5,6,700.66,0.16666666666666666,up
CUST_000112,Q4_2024,2024-12-31,78.3,1,28.37,0.0,up
CUST_000112,Q1_2025,2025-03-31,76.3,1,28.2,0.0,up
CUST_000112,Q2_2025,2025-06-30,91.6,1,358.54,0.0,up
CUST_000112,Q3_2025,2025-09-30,91.6,2,386.34000000000003,1.0,up
CUST_000112,Q4_2025,2025-12-31,79.7,0,0.0,0.0,up
CUST_000113,Q1_2023,2023-03-31,70.3,1,50.8,0.0,up
CUST_000113,Q2_2023,2023-06-30,73.1,2,132.87,0.5,up
CUST_000113,Q3_2023,2023-09-30,75.0,1,318.66,0.0,up
CUST_000113,Q4_2023,2023-12-31,66.9,1,205.64,0.0,up
CUST_000113,Q1_2024,2024-03-31,63.6,1,34.17,0.0,up
CUST_000113,Q2_2024,2024-06-30,77.9,1,230.16,0.0,up
CUST_000113,Q3_2024,2024-09-30,69.6,1,247.02,0.0,up
CUST_000113,Q4_2024,2024-12-31,74.7,2,270.28999999999996,0.0,up
CUST_000113,Q1_2025,2025-03-31,80.3,8,1030.5,0.0,up
CUST_000113,Q2_2025,2025-06-30,77.5,2,238.37,0.0,up
CUST_000113,Q3_2025,2025-09-30,85.4,6,859.88,0.0,up
CUST_000113,Q4_2025,2025-12-31,72.9,2,82.13,0.5,up
CUST_000114,Q1_2023,2023-03-31,55.3,3,305.55,0.3333333333333333,stable
CUST_000114,Q2_2023,2023-06-30,51.9,0,0.0,0.0,stable
CUST_000114,Q3_2023,2023-09-30,62.7,1,333.71,0.0,stable
CUST_000114,Q4_2023,2023-12-31,53.0,1,40.49,1.0,stable
CUST_000114,Q1_2024,2024-03-31,53.5,1,195.1,0.0,stable
CUST_000114,Q2_2024,2024-06-30,64.6,3,529.63,0.0,stable
CUST_000114,Q3_2024,2024-09-30,57.9,1,32.67,0.0,stable
CUST_000114,Q4_2024,2024-12-31,64.5,0,0.0,0.0,stable
CUST_000114,Q1_2025,2025-03-31,43.3,0,0.0,0.0,stable
CUST_000114,Q2_2025,2025-06-30,55.6,0,0.0,0.0,stable
CUST_000114,Q3_2025,2025-09-30,64.2,0,0.0,0.0,stable
CUST_000114,Q4_2025,2025-12-31,57.2,3,134.71,0.6666666666666666,stable
CUST_000115,Q1_2023,2023-03-31,78.0,2,155.89,0.0,up
CUST_000115,Q2_2023,2023-06-30,76.0,5,538.7,0.2,up
CUST_000115,Q3_2023,2023-09-30,88.1,5,811.46,0.4,up
CUST_000115,Q4_2023,2023-12-31,80.1,5,526.3,0.2,up
CUST_000115,Q1_2024,2024-03-31,75.9,3,227.37,0.0,up
CUST_000115,Q2_2024,2024-06-30,75.6,4,200.17000000000002,0.25,up
CUST_000115,Q3_2024,2024-09-30,83.6,2,86.49000000000001,1.0,up
CUST_000115,Q4_2024,2024-12-31,87.8,4,800.97,0.0,up
CUST_000115,Q1_2025,2025-03-31,78.7,4,134.44,0.75,up
CUST_000115,Q2_2025,2025-06-30,89.5,2,416.55,0.0,up
CUST_000115,Q3_2025,2025-09-30,89.5,6,731.53,0.6666666666666666,up
CUST_000115,Q4_2025,2025-12-31,87.0,6,613.41,0.16666666666666666,up
CUST_000116,Q1_2023,2023-03-31,53.4,0,0.0,0.0,stable
CUST_000116,Q2_2023,2023-06-30,54.7,0,0.0,0.0,stable
CUST_000116,Q3_2023,2023-09-30,51.9,3,581.3299999999999,0.0,stable
CUST_000116,Q4_2023,2023-12-31,54.5,2,508.58000000000004,0.0,stable
CUST_000116,Q1_2024,2024-03-31,65.6,4,436.21,0.25,stable
CUST_000116,Q2_2024,2024-06-30,54.3,2,165.4,0.5,stable
CUST_000116,Q3_2024,2024-09-30,63.5,4,873.74,0.25,stable
CUST_000116,Q4_2024,2024-12-31,43.1,1,89.66,0.0,stable
CUST_000116,Q1_2025,2025-03-31,52.7,3,540.53,0.0,stable
CUST_000116,Q2_2025,2025-06-30,58.7,2,154.43,0.0,stable
CUST_000116,Q3_2025,2025-09-30,56.9,0,0.0,0.0,stable
CUST_000116,Q4_2025,2025-12-31,49.9,2,92.43,0.5,stable
CUST_000117,Q1_2023,2023-03-31,54.4,1,27.41,0.0,stable
CUST_000117,Q2_2023,2023-06-30,53.9,2,262.61,0.0,stable
CUST_000117,Q3_2023,2023-09-30,42.5,3,723.46,0.0,stable
CUST_000117,Q4_2023,2023-12-31,49.5,0,0.0,0.0,stable
CUST_000117,Q1_2024,2024-03-31,46.9,0,0.0,0.0,stable
CUST_000117,Q2_2024,2024-06-30,49.7,0,0.0,0.0,stable
CUST_000117,Q3_2024,2024-09-30,40.5,1,255.3,0.0,stable
CUST_000117,Q4_2024,2024-12-31,49.3,1,108.89,1.0,stable
CUST_000117,Q1_2025,2025-03-31,44.8,1,292.29,0.0,stable
CUST_000117,Q2_2025,2025-06-30,46.0,3,210.08,0.6666666666666666,stable
CUST_000117,Q3_2025,2025-09-30,46.3,0,0.0,0.0,stable
CUST_000117,Q4_2025,2025-12-31,39.7,2,180.22,0.0,stable
CUST_000118,Q1_2023,2023-03-31,81.8,8,677.26,0.25,up
CUST_000118,Q2_2023,2023-06-30,78.7,2,73.53,0.0,up
CUST_000118,Q3_2023,2023-09-30,78.9,3,285.15,0.3333333333333333,up
CUST_000118,Q4_2023,2023-12-31,75.3,4,114.00999999999999,0.75,up
CUST_000118,Q1_2024,2024-03-31,79.3,5,746.39,0.4,up
CUST_000118,Q2_2024,2024-06-30,92.1,3,511.89000000000004,0.3333333333333333,up
CUST_000118,Q3_2024,2024-09-30,89.8,9,1247.75,0.1111111111111111,up
CUST_000118,Q4_2024,2024-12-31,88.3,3,413.71999999999997,0.0,up
CUST_000118,Q1_2025,2025-03-31,88.2,3,166.16000000000003,1.0,up
CUST_000118,Q2_2025,2025-06-30,99.1,4,244.31,0.0,up
CUST_000118,Q3_2025,2025-09-30,96.4,2,215.06,0.5,up
CUST_000118,Q4_2025,2025-12-31,100.0,2,104.38,0.5,up
CUST_000119,Q1_2023,2023-03-31,52.9,0,0.0,0.0,down
CUST_000119,Q2_2023,2023-06-30,47.3,0,0.0,0.0,down
CUST_000119,Q3_2023,2023-09-30,39.1,0,0.0,0.0,down
CUST_000119,Q4_2023,2023-12-31,44.1,1,533.88,0.0,down
CUST_000119,Q1_2024,2024-03-31,47.7,2,221.49,0.0,down
CUST_000119,Q2_2024,2024-06-30,48.2,3,129.14,0.3333333333333333,down
CUST_000119,Q3_2024,2024-09-30,53.5,1,16.45,1.0,down
CUST_000119,Q4_2024,2024-12-31,46.6,0,0.0,0.0,down
CUST_000119,Q1_2025,2025-03-31,44.1,1,82.39,0.0,down
CUST_000119,Q2_2025,2025-06-30,47.7,1,47.57,1.0,down
CUST_000119,Q3_2025,2025-09-30,45.1,0,0.0,0.0,down
CUST_000119,Q4_2025,2025-12-31,26.7,2,230.31,0.0,down
CUST_000120,Q1_2023,2023-03-31,57.8,2,122.19999999999999,0.5,down
CUST_000120,Q2_2023,2023-06-30,54.7,1,134.16,0.0,down
CUST_000120,Q3_2023,2023-09-30,61.8,1,12.46,1.0,down
CUST_000120,Q4_2023,2023-12-31,53.8,1,19.65,0.0,down
CUST_000120,Q1_2024,2024-03-31,58.6,5,910.5600000000001,0.0,down
CUST_000120,Q2_2024,2024-06-30,53.7,1,40.45,1.0,down
CUST_000120,Q3_2024,2024-09-30,56.6,2,99.85,1.0,down
CUST_000120,Q4_2024,2024-12-31,49.1,4,206.47,0.25,down
CUST_000120,Q1_2025,2025-03-31,54.2,3,173.12,0.3333333333333333,down
CUST_000120,Q2_2025,2025-06-30,52.1,2,377.59000000000003,0.0,down
CUST_000120,Q3_2025,2025-09-30,39.7,3,721.24,0.0,down
CUST_000120,Q4_2025,2025-12-31,45.5,3,902.0,0.0,down
CUST_000121,Q1_2023,2023-03-31,74.4,5,433.56,0.4,up
CUST_000121,Q2_2023,2023-06-30,77.7,5,957.1700000000001,0.4,up
CUST_000121,Q3_2023,2023-09-30,72.4,6,1350.55,0.0,up
CUST_000121,Q4_2023,2023-12-31,80.9,3,747.0799999999999,0.0,up
CUST_000121,Q1_2024,2024-03-31,81.8,5,269.72,0.2,up
CUST_000121,Q2_2024,2024-06-30,77.1,2,277.15000000000003,0.0,up
CUST_000121,Q3_2024,2024-09-30,87.8,3,118.38000000000001,0.3333333333333333,up
CUST_000121,Q4_2024,2024-12-31,86.7,1,52.9,0.0,up
CUST_000121,Q1_2025,2025-03-31,79.3,4,166.27,0.25,up
CUST_000121,Q2_2025,2025-06-30,90.0,3,252.0,0.3333333333333333,up
CUST_000121,Q3_2025,2025-09-30,88.8,8,1009.0,0.125,up
CUST_000121,Q4_2025,2025-12-31,91.1,1,32.92,0.0,up
CUST_000122,Q1_2023,2023-03-31,42.0,1,109.12,0.0,up
CUST_000122,Q2_2023,2023-06-30,50.9,1,10.33,0.0,up
CUST_000122,Q3_2023,2023-09-30,54.0,0,0.0,0.0,up
CUST_000122,Q4_2023,2023-12-31,51.1,0,0.0,0.0,up
CUST_000122,Q1_2024,2024-03-31,54.2,2,284.28999999999996,0.0,up
CUST_000122,Q2_2024,2024-06-30,57.9,0,0.0,0.0,up
CUST_000122,Q3_2024,2024-09-30,64.3,2,29.78,0.5,up
CUST_000122,Q4_2024,2024-12-31,62.9,2,168.53,0.0,up
CUST_000122,Q1_2025,2025-03-31,67.3,2,238.33999999999997,0.5,up
CUST_000122,Q2_2025,2025-06-30,64.0,4,396.87,0.25,up
CUST_000122,Q3_2025,2025-09-30,73.0,0,0.0,0.0,up
CUST_000122,Q4_2025,2025-12-31,73.1,3,334.66,0.0,up
CUST_000123,Q1_2023,2023-03-31,68.3,1,484.33,0.0,up
CUST_000123,Q2_2023,2023-06-30,69.0,2,90.63,0.5,up
CUST_000123,Q3_2023,2023-09-30,68.3,1,151.82,0.0,up
CUST_000123,Q4_2023,2023-12-31,81.5,2,374.35,0.0,up
CUST_000123,Q1_2024,2024-03-31,82.1,3,242.42999999999998,0.3333333333333333,up
CUST_000123,Q2_2024,2024-06-30,79.5,5,561.72,0.4,up
CUST_000123,Q3_2024,2024-09-30,86.0,2,418.6,0.0,up
CUST_000123,Q4_2024,2024-12-31,86.2,2,121.33,0.0,up
CUST_000123,Q1_2025,2025-03-31,94.2,3,135.97,0.6666666666666666,up
CUST_000123,Q2_2025,2025-06-30,92.5,5,772.29,0.4,up
CUST_000123,Q3_2025,2025-09-30,92.0,3,628.62,0.3333333333333333,up
CUST_000123,Q4_2025,2025-12-31,90.6,3,360.05,0.0,up
CUST_000124,Q1_2023,2023-03-31,47.9,1,45.01,1.0,up
CUST_000124,Q2_2023,2023-06-30,44.0,3,295.84000000000003,0.0,up
CUST_000124,Q3_2023,2023-09-30,52.0,0,0.0,0.0,up
CUST_000124,Q4_2023,2023-12-31,44.1,0,0.0,0.0,up
CUST_000124,Q1_2024,2024-03-31,52.0,1,46.09,0.0,up
CUST_000124,Q2_2024,2024-06-30,48.8,1,39.93,0.0,up
CUST_000124,Q3_2024,2024-09-30,54.3,2,161.95999999999998,0.0,up
CUST_000124,Q4_2024,2024-12-31,54.9,1,52.92,0.0,up
CUST_000124,Q1_2025,2025-03-31,54.2,1,56.24,1.0,up
CUST_000124,Q2_2025,2025-06-30,51.8,1,92.96,1.0,up
CUST_000124,Q3_2025,2025-09-30,55.7,1,112.62,0.0,up
CUST_000124,Q4_2025,2025-12-31,48.6,3,593.13,0.0,up
CUST_000125,Q1_2023,2023-03-31,69.0,1,27.82,0.0,stable
CUST_000125,Q2_2023,2023-06-30,69.6,2,507.38,0.0,stable
CUST_000125,Q3_2023,2023-09-30,52.9,2,332.41999999999996,0.5,stable
CUST_000125,Q4_2023,2023-12-31,65.1,1,79.54,0.0,stable
CUST_000125,Q1_2024,2024-03-31,57.4,1,38.56,0.0,stable
CUST_000125,Q2_2024,2024-06-30,62.6,2,131.35,0.0,stable
CUST_000125,Q3_2024,2024-09-30,64.3,1,104.75,0.0,stable
CUST_000125,Q4_2024,2024-12-31,69.2,4,544.12,0.0,stable
CUST_000125,Q1_2025,2025-03-31,63.2,3,265.53,0.0,stable
CUST_000125,Q2_2025,2025-06-30,60.7,2,409.24,0.0,stable
CUST_000125,Q3_2025,2025-09-30,57.0,2,265.71000000000004,0.5,stable
CUST_000125,Q4_2025,2025-12-31,64.3,4,294.8,0.0,stable
CUST_000126,Q1_2023,2023-03-31,35.2,1,61.82,0.0,up
CUST_000126,Q2_2023,2023-06-30,46.7,1,25.73,0.0,up
CUST_000126,Q3_2023,2023-09-30,52.4,1,251.69,0.0,up
CUST_000126,Q4_2023,2023-12-31,52.5,0,0.0,0.0,up
CUST_000126,Q1_2024,2024-03-31,59.7,2,85.78,0.0,up
CUST_000126,Q2_2024,2024-06-30,53.1,2,588.66,0.0,up
CUST_000126,Q3_2024,2024-09-30,59.3,2,438.19,0.0,up
CUST_000126,Q4_2024,2024-12-31,57.1,2,53.480000000000004,0.0,up
CUST_000126,Q1_2025,2025-03-31,56.8,0,0.0,0.0,up
CUST_000126,Q2_2025,2025-06-30,63.3,0,0.0,0.0,up
CUST_000126,Q3_2025,2025-09-30,69.2,1,7.28,1.0,up
CUST_000126,Q4_2025,2025-12-31,75.3,1,33.4,0.0,up
CUST_000127,Q1_2023,2023-03-31,51.2,4,609.0899999999999,0.0,up
CUST_000127,Q2_2023,2023-06-30,46.8,1,24.12,1.0,up
CUST_000127,Q3_2023,2023-09-30,56.6,1,403.47,0.0,up
CUST_000127,Q4_2023,2023-12-31,50.8,0,0.0,0.0,up
CUST_000127,Q1_2024,2024-03-31,62.2,1,39.01,0.0,up
CUST_000127,Q2_2024,2024-06-30,62.9,1,237.3,0.0,up
CUST_000127,Q3_2024,2024-09-30,53.4,1,368.76,0.0,up
CUST_000127,Q4_2024,2024-12-31,59.8,0,0.0,0.0,up
CUST_000127,Q1_2025,2025-03-31,78.0,3,501.72,0.0,up
CUST_000127,Q2_2025,2025-06-30,60.3,2,129.93,0.5,up
CUST_000127,Q3_2025,2025-09-30,62.1,1,32.78,1.0,up
CUST_000127,Q4_2025,2025-12-31,73.6,1,27.47,1.0,up
CUST_000128,Q1_2023,2023-03-31,53.0,1,23.22,0.0,up
CUST_000128,Q2_2023,2023-06-30,59.1,2,311.74,0.0,up
CUST_000128,Q3_2023,2023-09-30,48.2,3,368.69000000000005,1.0,up
CUST_000128,Q4_2023,2023-12-31,69.0,5,566.39,0.6,up
CUST_000128,Q1_2024,2024-03-31,62.7,1,57.51,1.0,up
CUST_000128,Q2_2024,2024-06-30,62.4,5,138.07,0.4,up
CUST_000128,Q3_2024,2024-09-30,56.1,2,210.54999999999998,0.0,up
CUST_000128,Q4_2024,2024-12-31,58.2,2,134.42,0.5,up
CUST_000128,Q1_2025,2025-03-31,56.3,0,0.0,0.0,up
CUST_000128,Q2_2025,2025-06-30,57.0,3,258.37,0.6666666666666666,up
CUST_000128,Q3_2025,2025-09-30,66.5,3,161.96,0.6666666666666666,up
CUST_000128,Q4_2025,2025-12-31,64.5,1,94.01,0.0,up
CUST_000129,Q1_2023,2023-03-31,50.2,1,37.38,1.0,down
CUST_000129,Q2_2023,2023-06-30,48.8,3,486.92999999999995,0.6666666666666666,down
CUST_000129,Q3_2023,2023-09-30,46.7,1,86.44,0.0,down
CUST_000129,Q4_2023,2023-12-31,44.0,1,42.46,0.0,down
CUST_000129,Q1_2024,2024-03-31,39.3,2,124.5,0.5,down
CUST_000129,Q2_2024,2024-06-30,45.3,0,0.0,0.0,down
CUST_000129,Q3_2024,2024-09-30,43.9,3,196.82,0.0,down
CUST_000129,Q4_2024,2024-12-31,39.8,0,0.0,0.0,down
CUST_000129,Q1_2025,2025-03-31,37.8,0,0.0,0.0,down
CUST_000129,Q2_2025,2025-06-30,38.3,0,0.0,0.0,down
CUST_000129,Q3_2025,2025-09-30,34.1,1,111.41,0.0,down
CUST_000129,Q4_2025,2025-12-31,44.8,1,92.74,1.0,down
CUST_000130,Q1_2023,2023-03-31,58.7,1,42.5,0.0,up
CUST_000130,Q2_2023,2023-06-30,72.3,1,28.99,0.0,up
CUST_000130,Q3_2023,2023-09-30,70.7,1,283.87,0.0,up
CUST_000130,Q4_2023,2023-12-31,78.6,4,527.6099999999999,0.5,up
CUST_000130,Q1_2024,2024-03-31,84.7,1,248.95,0.0,up
CUST_000130,Q2_2024,2024-06-30,78.8,1,366.72,1.0,up
CUST_000130,Q3_2024,2024-09-30,91.1,2,340.19,0.5,up
CUST_000130,Q4_2024,2024-12-31,87.1,1,242.93,1.0,up
CUST_000130,Q1_2025,2025-03-31,93.6,2,377.96999999999997,0.5,up
CUST_000130,Q2_2025,2025-06-30,89.0,5,795.6500000000001,0.2,up
CUST_000130,Q3_2025,2025-09-30,100.0,1,382.63,0.0,up
CUST_000130,Q4_2025,2025-12-31,100.0,1,79.24,0.0,up
CUST_000131,Q1_2023,2023-03-31,58.7,1,256.95,0.0,up
CUST_000131,Q2_2023,2023-06-30,60.3,2,201.37,0.5,up
CUST_000131,Q3_2023,2023-09-30,70.2,0,0.0,0.0,up
CUST_000131,Q4_2023,2023-12-31,62.6,1,48.48,0.0,up
CUST_000131,Q1_2024,2024-03-31,66.4,1,75.34,0.0,up
CUST_000131,Q2_2024,2024-06-30,74.9,2,357.86,0.0,up
CUST_000131,Q3_2024,2024-09-30,81.3,5,650.23,0.6,up
CUST_000131,Q4_2024,2024-12-31,80.2,4,346.98,0.5,up
CUST_000131,Q1_2025,2025-03-31,78.2,2,117.78,0.5,up
CUST_000131,Q2_2025,2025-06-30,75.5,5,536.64,0.6,up
CUST_000131,Q3_2025,2025-09-30,80.9,4,182.81,0.5,up
CUST_000131,Q4_2025,2025-12-31,79.7,1,75.71,0.0,up
CUST_000132,Q1_2023,2023-03-31,74.6,1,107.65,0.0,down
CUST_000132,Q2_2023,2023-06-30,74.1,2,274.4,1.0,down
CUST_000132,Q3_2023,2023-09-30,67.1,1,67.21,0.0,down
CUST_000132,Q4_2023,2023-12-31,65.1,5,1189.99,0.0,down
CUST_000132,Q1_2024,2024-03-31,66.2,4,610.1700000000001,0.5,down
CUST_000132,Q2_2024,2024-06-30,59.0,1,33.88,1.0,down
CUST_000132,Q3_2024,2024-09-30,57.8,2,142.46,0.5,down
CUST_000132,Q4_2024,2024-12-31,67.0,5,420.74,0.2,down
CUST_000132,Q1_2025,2025-03-31,51.2,1,64.85,0.0,down
CUST_000132,Q2_2025,2025-06-30,64.3,3,422.76,0.0,down
CUST_000132,Q3_2025,2025-09-30,61.2,4,1015.48,0.25,down
CUST_000132,Q4_2025,2025-12-31,46.4,3,373.39,0.0,down
CUST_000133,Q1_2023,2023-03-31,50.9,1,44.57,0.0,up
CUST_000133,Q2_2023,2023-06-30,53.1,3,113.73,0.6666666666666666,up
CUST_000133,Q3_2023,2023-09-30,53.6,1,44.2,1.0,up
CUST_000133,Q4_2023,2023-12-31,55.1,2,724.96,0.0,up
CUST_000133,Q1_2024,2024-03-31,59.5,2,750.94,0.0,up
CUST_000133,Q2_2024,2024-06-30,69.9,0,0.0,0.0,up
CUST_000133,Q3_2024,2024-09-30,74.5,0,0.0,0.0,up
CUST_000133,Q4_2024,2024-12-31,59.5,0,0.0,0.0,up
CUST_000133,Q1_2025,2025-03-31,73.5,2,273.0,0.0,up
CUST_000133,Q2_2025,2025-06-30,75.5,0,0.0,0.0,up
CUST_000133,Q3_2025,2025-09-30,80.9,3,378.69,0.3333333333333333,up
CUST_000133,Q4_2025,2025-12-31,80.7,3,351.85,0.3333333333333333,up
CUST_000134,Q1_2023,2023-03-31,61.9,2,357.95,0.0,up
CUST_000134,Q2_2023,2023-06-30,64.2,1,31.8,0.0,up
CUST_000134,Q3_2023,2023-09-30,63.6,2,352.21000000000004,0.0,up
CUST_000134,Q4_2023,2023-12-31,47.9,1,37.63,0.0,up
CUST_000134,Q1_2024,2024-03-31,59.4,0,0.0,0.0,up
CUST_000134,Q2_2024,2024-06-30,58.6,1,232.76,0.0,up
CUST_000134,Q3_2024,2024-09-30,58.8,0,0.0,0.0,up
CUST_000134,Q4_2024,2024-12-31,63.5,3,201.9,0.0,up
CUST_000134,Q1_2025,2025-03-31,54.9,1,84.68,0.0,up
CUST_000134,Q2_2025,2025-06-30,73.4,3,188.5,0.0,up
CUST_000134,Q3_2025,2025-09-30,75.4,2,580.02,0.0,up
CUST_000134,Q4_2025,2025-12-31,67.9,4,660.7,0.0,up
CUST_000135,Q1_2023,2023-03-31,45.5,1,325.22,0.0,down
CUST_000135,Q2_2023,2023-06-30,51.3,1,86.13,1.0,down
CUST_000135,Q3_2023,2023-09-30,42.4,1,49.97,1.0,down
CUST_000135,Q4_2023,2023-12-31,50.7,0,0.0,0.0,down
CUST_000135,Q1_2024,2024-03-31,53.8,1,74.74,0.0,down
CUST_000135,Q2_2024,2024-06-30,41.6,0,0.0,0.0,down
CUST_000135,Q3_2024,2024-09-30,45.8,2,194.88,0.5,down
CUST_000135,Q4_2024,2024-12-31,45.8,0,0.0,0.0,down
CUST_000135,Q1_2025,2025-03-31,36.9,0,0.0,0.0,down
CUST_000135,Q2_2025,2025-06-30,36.8,1,87.61,1.0,down
CUST_000135,Q3_2025,2025-09-30,36.2,2,287.78,0.5,down
CUST_000135,Q4_2025,2025-12-31,39.1,0,0.0,0.0,down
CUST_000136,Q1_2023,2023-03-31,53.9,1,458.54,0.0,down
CUST_000136,Q2_2023,2023-06-30,50.2,1,151.19,0.0,down
CUST_000136,Q3_2023,2023-09-30,59.6,2,198.94,0.5,down
CUST_000136,Q4_2023,2023-12-31,46.2,1,96.52,0.0,down
CUST_000136,Q1_2024,2024-03-31,42.4,3,443.78000000000003,0.3333333333333333,down
CUST_000136,Q2_2024,2024-06-30,47.6,2,93.61,0.5,down
CUST_000136,Q3_2024,2024-09-30,37.0,4,580.61,0.5,down
CUST_000136,Q4_2024,2024-12-31,37.2,2,116.10999999999999,0.0,down
CUST_000136,Q1_2025,2025-03-31,32.4,2,109.97999999999999,0.5,down
CUST_000136,Q2_2025,2025-06-30,30.0,2,192.49,0.5,down
CUST_000136,Q3_2025,2025-09-30,14.0,1,18.5,1.0,down
CUST_000136,Q4_2025,2025-12-31,25.2,1,164.52,0.0,down
CUST_000137,Q1_2023,2023-03-31,77.4,1,99.03,0.0,up
CUST_000137,Q2_2023,2023-06-30,82.9,6,710.65,0.16666666666666666,up
CUST_000137,Q3_2023,2023-09-30,89.1,1,194.91,0.0,up
CUST_000137,Q4_2023,2023-12-31,78.8,3,321.09000000000003,0.0,up
CUST_000137,Q1_2024,2024-03-31,80.8,2,157.17000000000002,0.5,up
CUST_000137,Q2_2024,2024-06-30,94.0,5,316.46999999999997,0.0,up
CUST_000137,Q3_2024,2024-09-30,89.5,5,563.4399999999999,0.8,up
CUST_000137,Q4_2024,2024-12-31,100.0,1,129.63,1.0,up
CUST_000137,Q1_2025,2025-03-31,100.0,4,558.21,0.25,up
CUST_000137,Q2_2025,2025-06-30,100.0,4,578.71,0.0,up
CUST_000137,Q3_2025,2025-09-30,100.0,5,646.55,0.4,up
CUST_000137,Q4_2025,2025-12-31,100.0,7,759.13,0.2857142857142857,up
CUST_000138,Q1_2023,2023-03-31,72.1,4,313.21000000000004,0.25,up
CUST_000138,Q2_2023,2023-06-30,71.0,5,401.39,0.6,up
CUST_000138,Q3_2023,2023-09-30,64.1,2,214.49,0.0,up
CUST_000138,Q4_2023,2023-12-31,73.8,3,713.3699999999999,0.3333333333333333,up
CUST_000138,Q1_2024,2024-03-31,77.1,3,731.6,0.3333333333333333,up
CUST_000138,Q2_2024,2024-06-30,83.0,1,421.76,0.0,up
CUST_000138,Q3_2024,2024-09-30,91.1,1,156.0,0.0,up
CUST_000138,Q4_2024,2024-12-31,78.8,2,114.84,1.0,up
CUST_000138,Q1_2025,2025-03-31,86.2,3,208.25,0.3333333333333333,up
CUST_000138,Q2_2025,2025-06-30,87.5,2,99.46000000000001,0.0,up
CUST_000138,Q3_2025,2025-09-30,89.4,3,338.2,0.3333333333333333,up
CUST_000138,Q4_2025,2025-12-31,98.2,2,156.70999999999998,0.5,up
CUST_000139,Q1_2023,2023-03-31,52.5,3,248.19,0.3333333333333333,up
CUST_000139,Q2_2023,2023-06-30,63.1,0,0.0,0.0,up
CUST_000139,Q3_2023,2023-09-30,55.6,3,725.9200000000001,0.0,up
CUST_000139,Q4_2023,2023-12-31,43.7,1,303.83,0.0,up
CUST_000139,Q1_2024,2024-03-31,57.7,2,252.51999999999998,0.0,up
CUST_000139,Q2_2024,2024-06-30,58.6,0,0.0,0.0,up
CUST_000139,Q3_2024,2024-09-30,53.7,0,0.0,0.0,up
CUST_000139,Q4_2024,2024-12-31,60.7,0,0.0,0.0,up
CUST_000139,Q1_2025,2025-03-31,65.2,2,235.88,0.5,up
CUST_000139,Q2_2025,2025-06-30,63.1,0,0.0,0.0,up
CUST_000139,Q3_2025,2025-09-30,71.3,1,207.43,0.0,up
CUST_000139,Q4_2025,2025-12-31,68.3,1,22.23,0.0,up
CUST_000140,Q1_2023,2023-03-31,42.6,0,0.0,0.0,up
CUST_000140,Q2_2023,2023-06-30,38.0,1,34.84,0.0,up
CUST_000140,Q3_2023,2023-09-30,40.0,1,346.23,0.0,up
CUST_000140,Q4_2023,2023-12-31,44.1,2,325.24,0.0,up
CUST_000140,Q1_2024,2024-03-31,54.7,1,239.11,0.0,up
CUST_000140,Q2_2024,2024-06-30,51.1,1,23.4,0.0,up
CUST_000140,Q3_2024,2024-09-30,49.5,0,0.0,0.0,up
CUST_000140,Q4_2024,2024-12-31,56.2,0,0.0,0.0,up
CUST_000140,Q1_2025,2025-03-31,59.4,2,342.14,0.0,up
CUST_000140,Q2_2025,2025-06-30,57.4,1,32.99,0.0,up
CUST_000140,Q3_2025,2025-09-30,64.2,0,0.0,0.0,up
CUST_000140,Q4_2025,2025-12-31,75.0,4,601.3199999999999,0.75,up
CUST_000141,Q1_2023,2023-03-31,38.4,2,480.41,1.0,down
CUST_000141,Q2_2023,2023-06-30,42.3,1,33.22,0.0,down
CUST_000141,Q3_2023,2023-09-30,32.5,3,648.9,0.3333333333333333,down
CUST_000141,Q4_2023,2023-12-31,41.2,0,0.0,0.0,down
CUST_000141,Q1_2024,2024-03-31,25.8,0,0.0,0.0,down
CUST_000141,Q2_2024,2024-06-30,20.1,1,61.6,1.0,down
CUST_000141,Q3_2024,2024-09-30,28.4,1,30.87,1.0,down
CUST_000141,Q4_2024,2024-12-31,19.6,2,252.61,0.5,down
CUST_000141,Q1_2025,2025-03-31,32.3,2,139.26,0.5,down
CUST_000141,Q2_2025,2025-06-30,11.8,0,0.0,0.0,down
CUST_000141,Q3_2025,2025-09-30,9.1,3,409.78,0.3333333333333333,down
CUST_000141,Q4_2025,2025-12-31,15.5,4,371.29999999999995,0.75,down
CUST_000142,Q1_2023,2023-03-31,56.9,0,0.0,0.0,stable
CUST_000142,Q2_2023,2023-06-30,63.2,1,43.84,1.0,stable
CUST_000142,Q3_2023,2023-09-30,66.2,3,198.85,0.6666666666666666,stable
CUST_000142,Q4_2023,2023-12-31,65.7,2,342.07,0.0,stable
CUST_000142,Q1_2024,2024-03-31,64.0,1,43.53,0.0,stable
CUST_000142,Q2_2024,2024-06-30,73.0,1,30.68,1.0,stable
CUST_000142,Q3_2024,2024-09-30,68.5,2,209.53,0.5,stable
CUST_000142,Q4_2024,2024-12-31,69.7,3,529.72,1.0,stable
CUST_000142,Q1_2025,2025-03-31,68.3,1,106.9,1.0,stable
CUST_000142,Q2_2025,2025-06-30,69.6,4,337.74,0.25,stable
CUST_000142,Q3_2025,2025-09-30,71.1,5,372.81,0.4,stable
CUST_000142,Q4_2025,2025-12-31,71.7,2,114.53,0.0,stable
CUST_000143,Q1_2023,2023-03-31,57.7,0,0.0,0.0,up
CUST_000143,Q2_2023,2023-06-30,58.9,2,119.69,0.5,up
CUST_000143,Q3_2023,2023-09-30,66.8,1,28.9,1.0,up
CUST_000143,Q4_2023,2023-12-31,51.2,2,280.88,0.5,up
CUST_000143,Q1_2024,2024-03-31,52.5,2,360.82,0.0,up
CUST_000143,Q2_2024,2024-06-30,60.0,1,167.64,0.0,up
CUST_000143,Q3_2024,2024-09-30,53.3,3,163.8,0.3333333333333333,up
CUST_000143,Q4_2024,2024-12-31,57.6,1,74.62,0.0,up
CUST_000143,Q1_2025,2025-03-31,69.6,1,78.01,0.0,up
CUST_000143,Q2_2025,2025-06-30,68.2,2,239.0,0.0,up
CUST_000143,Q3_2025,2025-09-30,54.5,0,0.0,0.0,up
CUST_000143,Q4_2025,2025-12-31,53.6,1,273.78,0.0,up
CUST_000144,Q1_2023,2023-03-31,69.4,4,307.58,0.25,down
CUST_000144,Q2_2023,2023-06-30,77.4,4,680.92,0.25,down
CUST_000144,Q3_2023,2023-09-30,77.0,9,325.91,0.7777777777777778,down
CUST_000144,Q4_2023,2023-12-31,71.4,2,338.48,0.5,down
CUST_000144,Q1_2024,2024-03-31,70.1,4,312.07,1.0,down
CUST_000144,Q2_2024,2024-06-30,69.8,2,294.54,0.5,down
CUST_000144,Q3_2024,2024-09-30,75.7,6,573.38,0.5,down
CUST_000144,Q4_2024,2024-12-31,54.9,4,687.28,0.0,down
CUST_000144,Q1_2025,2025-03-31,63.8,5,409.42,0.4,down
CUST_000144,Q2_2025,2025-06-30,57.9,4,192.21,0.25,down
CUST_000144,Q3_2025,2025-09-30,64.5,5,428.32,0.4,down
CUST_000144,Q4_2025,2025-12-31,56.9,3,272.2,0.3333333333333333,down
CUST_000145,Q1_2023,2023-03-31,72.4,4,303.39,0.25,down
CUST_000145,Q2_2023,2023-06-30,67.7,2,179.39999999999998,0.0,down
CUST_000145,Q3_2023,2023-09-30,56.0,3,534.21,0.0,down
CUST_000145,Q4_2023,2023-12-31,58.8,3,595.75,0.3333333333333333,down
CUST_000145,Q1_2024,2024-03-31,60.2,3,107.55000000000001,0.0,down
CUST_000145,Q2_2024,2024-06-30,49.0,1,22.07,1.0,down
CUST_000145,Q3_2024,2024-09-30,47.1,0,0.0,0.0,down
CUST_000145,Q4_2024,2024-12-31,41.6,1,19.48,1.0,down
CUST_000145,Q1_2025,2025-03-31,41.3,2,362.45,0.0,down
CUST_000145,Q2_2025,2025-06-30,41.6,3,260.51,0.0,down
CUST_000145,Q3_2025,2025-09-30,40.1,3,389.24,0.0,down
CUST_000145,Q4_2025,2025-12-31,38.6,4,377.95,0.25,down
CUST_000146,Q1_2023,2023-03-31,53.1,2,59.97,1.0,down
CUST_000146,Q2_2023,2023-06-30,45.5,0,0.0,0.0,down
CUST_000146,Q3_2023,2023-09-30,45.3,1,266.69,0.0,down
CUST_000146,Q4_2023,2023-12-31,50.8,2,297.77,0.0,down
CUST_000146,Q1_2024,2024-03-31,49.1,2,469.58,0.0,down
CUST_000146,Q2_2024,2024-06-30,37.9,1,230.59,1.0,down
CUST_000146,Q3_2024,2024-09-30,36.5,0,0.0,0.0,down
CUST_000146,Q4_2024,2024-12-31,33.8,2,96.45,0.0,down
CUST_000146,Q1_2025,2025-03-31,31.7,4,694.74,0.25,down
CUST_000146,Q2_2025,2025-06-30,15.6,1,383.45,0.0,down
CUST_000146,Q3_2025,2025-09-30,18.6,2,150.93,0.0,down
CUST_000146,Q4_2025,2025-12-31,24.8,1,31.1,1.0,down
CUST_000147,Q1_2023,2023-03-31,49.3,1,101.34,0.0,stable
CUST_000147,Q2_2023,2023-06-30,42.3,1,30.62,1.0,stable
CUST_000147,Q3_2023,2023-09-30,47.3,0,0.0,0.0,stable
CUST_000147,Q4_2023,2023-12-31,53.9,2,76.42999999999999,0.5,stable
CUST_000147,Q1_2024,2024-03-31,49.8,1,70.75,0.0,stable
CUST_000147,Q2_2024,2024-06-30,40.7,2,122.94,0.0,stable
CUST_000147,Q3_2024,2024-09-30,43.5,1,135.09,1.0,stable
CUST_000147,Q4_2024,2024-12-31,44.6,0,0.0,0.0,stable
CUST_000147,Q1_2025,2025-03-31,42.6,4,246.23000000000002,0.5,stable
CUST_000147,Q2_2025,2025-06-30,46.3,1,52.05,0.0,stable
CUST_000147,Q3_2025,2025-09-30,53.4,2,334.4,0.0,stable
CUST_000147,Q4_2025,2025-12-31,44.3,3,303.57,0.3333333333333333,stable
CUST_000148,Q1_2023,2023-03-31,74.0,2,91.25999999999999,0.0,down
CUST_000148,Q2_2023,2023-06-30,69.1,2,378.44,0.5,down
CUST_000148,Q3_2023,2023-09-30,64.1,5,867.52,0.6,down
CUST_000148,Q4_2023,2023-12-31,66.8,5,869.5500000000001,0.4,down
CUST_000148,Q1_2024,2024-03-31,72.3,5,409.46000000000004,0.4,down
CUST_000148,Q2_2024,2024-06-30,68.9,5,548.33,0.2,down
CUST_000148,Q3_2024,2024-09-30,44.7,4,376.39,0.75,down
CUST_000148,Q4_2024,2024-12-31,52.1,5,550.26,0.2,down
CUST_000148,Q1_2025,2025-03-31,47.2,2,69.63,0.0,down
CUST_000148,Q2_2025,2025-06-30,50.5,2,152.31,0.5,down
CUST_000148,Q3_2025,2025-09-30,49.8,2,392.56000000000006,0.0,down
CUST_000148,Q4_2025,2025-12-31,46.4,3,636.61,0.0,down
CUST_000149,Q1_2023,2023-03-31,56.0,1,59.07,0.0,up
CUST_000149,Q2_2023,2023-06-30,53.3,2,153.88,0.0,up
CUST_000149,Q3_2023,2023-09-30,48.9,0,0.0,0.0,up
CUST_000149,Q4_2023,2023-12-31,48.9,0,0.0,0.0,up
CUST_000149,Q1_2024,2024-03-31,57.5,0,0.0,0.0,up
CUST_000149,Q2_2024,2024-06-30,65.5,0,0.0,0.0,up
CUST_000149,Q3_2024,2024-09-30,57.6,2,211.71999999999997,0.5,up
CUST_000149,Q4_2024,2024-12-31,67.8,3,727.1899999999999,0.3333333333333333,up
CUST_000149,Q1_2025,2025-03-31,61.4,1,18.95,1.0,up
CUST_000149,Q2_2025,2025-06-30,63.9,2,424.24,0.0,up
CUST_000149,Q3_2025,2025-09-30,61.7,4,609.61,0.0,up
CUST_000149,Q4_2025,2025-12-31,74.1,3,145.93,0.0,up
CUST_000150,Q1_2023,2023-03-31,65.9,1,295.36,1.0,stable
CUST_000150,Q2_2023,2023-06-30,67.6,1,54.65,0.0,stable
CUST_000150,Q3_2023,2023-09-30,69.4,2,284.90999999999997,0.5,stable
CUST_000150,Q4_2023,2023-12-31,74.6,7,564.44,0.5714285714285714,stable
CUST_000150,Q1_2024,2024-03-31,73.0,0,0.0,0.0,stable
CUST_000150,Q2_2024,2024-06-30,65.9,4,960.0,0.0,stable
CUST_000150,Q3_2024,2024-09-30,65.1,3,152.98,0.3333333333333333,stable
CUST_000150,Q4_2024,2024-12-31,80.7,4,174.43,0.75,stable
CUST_000150,Q1_2025,2025-03-31,70.2,5,750.02,0.4,stable
CUST_000150,Q2_2025,2025-06-30,71.8,2,150.33,0.0,stable
CUST_000150,Q3_2025,2025-09-30,65.4,3,280.49,0.3333333333333333,stable
CUST_000150,Q4_2025,2025-12-31,64.3,3,422.45000000000005,0.3333333333333333,stable
CUST_000151,Q1_2023,2023-03-31,57.2,2,385.63,0.0,up
CUST_000151,Q2_2023,2023-06-30,74.3,6,1059.31,0.16666666666666666,up
CUST_000151,Q3_2023,2023-09-30,64.5,2,97.64,0.0,up
CUST_000151,Q4_2023,2023-12-31,57.5,1,298.24,0.0,up
CUST_000151,Q1_2024,2024-03-31,62.0,2,166.15,0.0,up
CUST_000151,Q2_2024,2024-06-30,58.9,0,0.0,0.0,up
CUST_000151,Q3_2024,2024-09-30,55.2,2,164.76,0.0,up
CUST_000151,Q4_2024,2024-12-31,64.1,0,0.0,0.0,up
CUST_000151,Q1_2025,2025-03-31,58.8,0,0.0,0.0,up
CUST_000151,Q2_2025,2025-06-30,69.7,1,327.99,0.0,up
CUST_000151,Q3_2025,2025-09-30,64.9,0,0.0,0.0,up
CUST_000151,Q4_2025,2025-12-31,69.9,4,125.16,1.0,up
CUST_000152,Q1_2023,2023-03-31,60.8,3,304.56,0.3333333333333333,up
CUST_000152,Q2_2023,2023-06-30,58.6,0,0.0,0.0,up
CUST_000152,Q3_2023,2023-09-30,67.0,2,289.83000000000004,0.5,up
CUST_000152,Q4_2023,2023-12-31,74.9,2,229.43,0.0,up
CUST_000152,Q1_2024,2024-03-31,80.3,1,46.63,1.0,up
CUST_000152,Q2_2024,2024-06-30,76.9,2,336.75,0.5,up
CUST_000152,Q3_2024,2024-09-30,75.0,1,115.92,0.0,up
CUST_000152,Q4_2024,2024-12-31,79.2,2,217.4,0.0,up
CUST_000152,Q1_2025,2025-03-31,74.3,1,114.3,0.0,up
CUST_000152,Q2_2025,2025-06-30,76.4,4,517.5,0.25,up
CUST_000152,Q3_2025,2025-09-30,81.8,1,121.89,1.0,up
CUST_000152,Q4_2025,2025-12-31,85.7,3,180.99,0.3333333333333333,up
CUST_000153,Q1_2023,2023-03-31,70.7,5,624.16,0.0,stable
CUST_000153,Q2_2023,2023-06-30,77.8,4,234.22,0.75,stable
CUST_000153,Q3_2023,2023-09-30,74.6,4,559.7900000000001,0.0,stable
CUST_000153,Q4_2023,2023-12-31,62.2,2,190.1,0.0,stable
CUST_000153,Q1_2024,2024-03-31,70.0,6,647.04,0.0,stable
CUST_000153,Q2_2024,2024-06-30,71.4,6,586.75,0.16666666666666666,stable
CUST_000153,Q3_2024,2024-09-30,79.2,4,205.26999999999998,0.25,stable
CUST_000153,Q4_2024,2024-12-31,68.0,2,128.87,0.5,stable
CUST_000153,Q1_2025,2025-03-31,75.8,5,676.22,0.0,stable
CUST_000153,Q2_2025,2025-06-30,64.8,6,566.85,0.5,stable
CUST_000153,Q3_2025,2025-09-30,69.2,4,768.6700000000001,0.0,stable
CUST_000153,Q4_2025,2025-12-31,75.5,5,495.14,0.2,stable
CUST_000154,Q1_2023,2023-03-31,53.4,4,754.8,0.0,stable
CUST_000154,Q2_2023,2023-06-30,52.3,1,24.75,1.0,stable
CUST_000154,Q3_2023,2023-09-30,46.9,2,381.9,1.0,stable
CUST_000154,Q4_2023,2023-12-31,48.6,0,0.0,0.0,stable
CUST_000154,Q1_2024,2024-03-31,51.9,3,314.93,0.0,stable
CUST_000154,Q2_2024,2024-06-30,52.7,0,0.0,0.0,stable
CUST_000154,Q3_2024,2024-09-30,47.5,4,435.45,0.25,stable
CUST_000154,Q4_2024,2024-12-31,47.7,0,0.0,0.0,stable
CUST_000154,Q1_2025,2025-03-31,50.1,2,127.91000000000001,0.5,stable
CUST_000154,Q2_2025,2025-06-30,52.1,0,0.0,0.0,stable
CUST_000154,Q3_2025,2025-09-30,50.6,2,502.53,0.0,stable
CUST_000154,Q4_2025,2025-12-31,42.8,1,316.1,0.0,stable
CUST_000155,Q1_2023,2023-03-31,70.3,1,96.17,0.0,stable
CUST_000155,Q2_2023,2023-06-30,78.7,4,361.43,0.25,stable
CUST_000155,Q3_2023,2023-09-30,67.9,6,829.23,0.16666666666666666,stable
CUST_000155,Q4_2023,2023-12-31,65.0,4,324.47,0.5,stable
CUST_000155,Q1_2024,2024-03-31,64.9,1,36.77,0.0,stable
CUST_000155,Q2_2024,2024-06-30,68.0,3,109.63,0.6666666666666666,stable
CUST_000155,Q3_2024,2024-09-30,67.7,2,345.35,0.0,stable
CUST_000155,Q4_2024,2024-12-31,67.9,1,276.76,0.0,stable
CUST_000155,Q1_2025,2025-03-31,60.0,4,502.13000000000005,0.0,stable
CUST_000155,Q2_2025,2025-06-30,71.1,3,369.21,0.0,stable
CUST_000155,Q3_2025,2025-09-30,75.5,2,70.15,0.5,stable
CUST_000155,Q4_2025,2025-12-31,59.8,2,65.85,0.5,stable
CUST_000156,Q1_2023,2023-03-31,59.1,0,0.0,0.0,down
CUST_000156,Q2_2023,2023-06-30,53.2,3,576.88,0.3333333333333333,down
CUST_000156,Q3_2023,2023-09-30,52.1,3,379.93999999999994,0.3333333333333333,down
CUST_000156,Q4_2023,2023-12-31,61.7,3,358.48,0.3333333333333333,down
CUST_000156,Q1_2024,2024-03-31,65.7,2,421.92999999999995,0.5,down
CUST_000156,Q2_2024,2024-06-30,53.8,0,0.0,0.0,down
CUST_000156,Q3_2024,2024-09-30,57.7,1,32.35,0.0,down
CUST_000156,Q4_2024,2024-12-31,42.6,5,706.8900000000001,0.0,down
CUST_000156,Q1_2025,2025-03-31,46.8,1,61.04,1.0,down
CUST_000156,Q2_2025,2025-06-30,44.0,0,0.0,0.0,down
CUST_000156,Q3_2025,2025-09-30,55.5,0,0.0,0.0,down
CUST_000156,Q4_2025,2025-12-31,55.2,0,0.0,0.0,down
CUST_000157,Q1_2023,2023-03-31,73.5,1,110.69,1.0,down
CUST_000157,Q2_2023,2023-06-30,62.0,2,147.01999999999998,0.0,down
CUST_000157,Q3_2023,2023-09-30,77.9,3,581.79,0.0,down
CUST_000157,Q4_2023,2023-12-31,56.4,2,329.43,0.0,down
CUST_000157,Q1_2024,2024-03-31,55.7,4,407.37,0.25,down
CUST_000157,Q2_2024,2024-06-30,57.7,1,216.51,0.0,down
CUST_000157,Q3_2024,2024-09-30,61.8,0,0.0,0.0,down
CUST_000157,Q4_2024,2024-12-31,64.1,4,720.91,0.25,down
CUST_000157,Q1_2025,2025-03-31,54.8,1,41.44,0.0,down
CUST_000157,Q2_2025,2025-06-30,54.0,5,488.53,0.2,down
CUST_000157,Q3_2025,2025-09-30,48.4,1,79.2,0.0,down
CUST_000157,Q4_2025,2025-12-31,46.0,3,502.81000000000006,0.0,down
CUST_000158,Q1_2023,2023-03-31,71.3,2,133.34,0.5,up
CUST_000158,Q2_2023,2023-06-30,66.0,6,1325.08,0.0,up
CUST_000158,Q3_2023,2023-09-30,66.1,2,266.91999999999996,0.5,up
CUST_000158,Q4_2023,2023-12-31,74.0,3,465.53,0.6666666666666666,up
CUST_000158,Q1_2024,2024-03-31,69.3,1,28.67,0.0,up
CUST_000158,Q2_2024,2024-06-30,84.2,2,163.87,0.5,up
CUST_000158,Q3_2024,2024-09-30,80.9,1,339.25,0.0,up
CUST_000158,Q4_2024,2024-12-31,85.8,2,119.79,0.5,up
CUST_000158,Q1_2025,2025-03-31,80.0,4,226.03,0.0,up
CUST_000158,Q2_2025,2025-06-30,77.2,4,417.82,0.75,up
CUST_000158,Q3_2025,2025-09-30,88.4,3,129.7,0.3333333333333333,up
CUST_000158,Q4_2025,2025-12-31,89.7,1,20.98,0.0,up
CUST_000159,Q1_2023,2023-03-31,57.8,1,102.66,0.0,up
CUST_000159,Q2_2023,2023-06-30,53.2,2,90.42,0.0,up
CUST_000159,Q3_2023,2023-09-30,56.8,3,472.87,0.3333333333333333,up
CUST_000159,Q4_2023,2023-12-31,61.1,3,296.73,0.0,up
CUST_000159,Q1_2024,2024-03-31,54.9,0,0.0,0.0,up
CUST_000159,Q2_2024,2024-06-30,57.6,3,314.03,0.3333333333333333,up
CUST_000159,Q3_2024,2024-09-30,52.9,2,354.02,0.0,up
CUST_000159,Q4_2024,2024-12-31,60.7,0,0.0,0.0,up
CUST_000159,Q1_2025,2025-03-31,56.2,1,86.07,1.0,up
CUST_000159,Q2_2025,2025-06-30,69.0,4,458.21,0.0,up
CUST_000159,Q3_2025,2025-09-30,67.8,5,531.01,0.2,up
CUST_000159,Q4_2025,2025-12-31,58.7,2,186.37,0.0,up
CUST_000160,Q1_2023,2023-03-31,61.5,1,30.27,1.0,down
CUST_000160,Q2_2023,2023-06-30,66.6,2,108.55,0.5,down
CUST_000160,Q3_2023,2023-09-30,59.1,0,0.0,0.0,down
CUST_000160,Q4_2023,2023-12-31,56.5,1,21.5,1.0,down
CUST_000160,Q1_2024,2024-03-31,67.5,0,0.0,0.0,down
CUST_000160,Q2_2024,2024-06-30,54.1,2,178.24,0.5,down
CUST_000160,Q3_2024,2024-09-30,63.6,6,589.63,0.3333333333333333,down
CUST_000160,Q4_2024,2024-12-31,59.8,3,403.24,0.6666666666666666,down
CUST_000160,Q1_2025,2025-03-31,57.3,1,495.95,0.0,down
CUST_000160,Q2_2025,2025-06-30,44.9,2,171.39,0.0,down
CUST_000160,Q3_2025,2025-09-30,46.3,3,202.28000000000003,0.6666666666666666,down
CUST_000160,Q4_2025,2025-12-31,49.6,0,0.0,0.0,down
CUST_000161,Q1_2023,2023-03-31,50.1,3,228.25,0.3333333333333333,up
CUST_000161,Q2_2023,2023-06-30,50.1,0,0.0,0.0,up
CUST_000161,Q3_2023,2023-09-30,57.8,0,0.0,0.0,up
CUST_000161,Q4_2023,2023-12-31,55.6,0,0.0,0.0,up
CUST_000161,Q1_2024,2024-03-31,53.8,0,0.0,0.0,up
CUST_000161,Q2_2024,2024-06-30,43.5,2,221.49,0.0,up
CUST_000161,Q3_2024,2024-09-30,57.3,1,23.35,0.0,up
CUST_000161,Q4_2024,2024-12-31,64.8,3,601.36,0.3333333333333333,up
CUST_000161,Q1_2025,2025-03-31,58.7,3,510.86,0.6666666666666666,up
CUST_000161,Q2_2025,2025-06-30,57.3,4,485.81,0.0,up
CUST_000161,Q3_2025,2025-09-30,65.6,1,172.54,1.0,up
CUST_000161,Q4_2025,2025-12-31,62.8,2,410.65,0.0,up
CUST_000162,Q1_2023,2023-03-31,50.9,1,18.27,1.0,stable
CUST_000162,Q2_2023,2023-06-30,61.9,2,157.26,0.5,stable
CUST_000162,Q3_2023,2023-09-30,54.4,2,162.04,0.0,stable
CUST_000162,Q4_2023,2023-12-31,58.1,3,400.92,0.0,stable
CUST_000162,Q1_2024,2024-03-31,62.3,2,367.39,0.0,stable
CUST_000162,Q2_2024,2024-06-30,57.2,3,300.53,0.3333333333333333,stable
CUST_000162,Q3_2024,2024-09-30,48.3,4,278.19,0.25,stable
CUST_000162,Q4_2024,2024-12-31,57.3,3,113.69999999999999,0.0,stable
CUST_000162,Q1_2025,2025-03-31,57.6,1,50.13,0.0,stable
CUST_000162,Q2_2025,2025-06-30,61.5,1,34.33,1.0,stable
CUST_000162,Q3_2025,2025-09-30,59.2,3,198.85,0.0,stable
CUST_000162,Q4_2025,2025-12-31,56.1,2,252.32,0.0,stable
CUST_000163,Q1_2023,2023-03-31,58.7,2,326.14,0.5,up
CUST_000163,Q2_2023,2023-06-30,56.1,0,0.0,0.0,up
CUST_000163,Q3_2023,2023-09-30,69.8,3,562.55,0.0,up
CUST_000163,Q4_2023,2023-12-31,62.4,3,231.8,0.6666666666666666,up
CUST_000163,Q1_2024,2024-03-31,75.3,1,76.46,0.0,up
CUST_000163,Q2_2024,2024-06-30,74.6,1,245.88,0.0,up
CUST_000163,Q3_2024,2024-09-30,82.4,5,542.66,0.2,up
CUST_000163,Q4_2024,2024-12-31,80.5,2,191.44,0.5,up
CUST_000163,Q1_2025,2025-03-31,71.1,1,94.0,1.0,up
CUST_000163,Q2_2025,2025-06-30,84.5,4,147.19,0.5,up
CUST_000163,Q3_2025,2025-09-30,90.5,2,537.88,0.0,up
CUST_000163,Q4_2025,2025-12-31,93.1,1,132.16,0.0,up
CUST_000164,Q1_2023,2023-03-31,60.3,1,34.21,0.0,up
CUST_000164,Q2_2023,2023-06-30,69.3,2,197.76,1.0,up
CUST_000164,Q3_2023,2023-09-30,74.3,2,88.64,0.0,up
CUST_000164,Q4_2023,2023-12-31,73.9,5,1328.93,0.2,up
CUST_000164,Q1_2024,2024-03-31,68.0,4,292.49,0.25,up
CUST_000164,Q2_2024,2024-06-30,76.3,1,140.26,0.0,up
CUST_000164,Q3_2024,2024-09-30,85.1,6,429.05,0.16666666666666666,up
CUST_000164,Q4_2024,2024-12-31,75.2,2,308.51000000000005,0.0,up
CUST_000164,Q1_2025,2025-03-31,79.5,3,217.76999999999998,0.0,up
CUST_000164,Q2_2025,2025-06-30,68.6,1,86.09,0.0,up
CUST_000164,Q3_2025,2025-09-30,79.9,5,315.23,0.4,up
CUST_000164,Q4_2025,2025-12-31,84.3,4,339.84000000000003,0.25,up
CUST_000165,Q1_2023,2023-03-31,67.1,2,94.08,0.5,down
CUST_000165,Q2_2023,2023-06-30,58.7,1,89.79,0.0,down
CUST_000165,Q3_2023,2023-09-30,74.8,0,0.0,0.0,down
CUST_000165,Q4_2023,2023-12-31,67.9,1,43.77,0.0,down
CUST_000165,Q1_2024,2024-03-31,64.8,1,19.71,0.0,down
CUST_000165,Q2_2024,2024-06-30,58.9,2,164.73999999999998,0.5,down
CUST_000165,Q3_2024,2024-09-30,56.7,3,128.67000000000002,0.3333333333333333,down
CUST_000165,Q4_2024,2024-12-31,61.3,7,795.13,0.14285714285714285,down
CUST_000165,Q1_2025,2025-03-31,53.1,7,593.0699999999999,0.42857142857142855,down
CUST_000165,Q2_2025,2025-06-30,56.9,2,257.16,0.0,down
CUST_000165,Q3_2025,2025-09-30,55.6,7,903.09,0.2857142857142857,down
CUST_000165,Q4_2025,2025-12-31,56.8,2,290.40999999999997,0.0,down
CUST_000166,Q1_2023,2023-03-31,43.1,5,792.47,0.2,down
CUST_000166,Q2_2023,2023-06-30,47.7,0,0.0,0.0,down
CUST_000166,Q3_2023,2023-09-30,38.9,0,0.0,0.0,down
CUST_000166,Q4_2023,2023-12-31,36.3,1,25.6,0.0,down
CUST_000166,Q1_2024,2024-03-31,30.7,1,28.9,0.0,down
CUST_000166,Q2_2024,2024-06-30,24.7,2,187.82999999999998,0.5,down
CUST_000166,Q3_2024,2024-09-30,39.8,1,48.2,0.0,down
CUST_000166,Q4_2024,2024-12-31,40.2,2,206.44,0.0,down
CUST_000166,Q1_2025,2025-03-31,28.3,1,123.39,0.0,down
CUST_000166,Q2_2025,2025-06-30,29.5,1,54.66,0.0,down
CUST_000166,Q3_2025,2025-09-30,17.6,2,106.50999999999999,0.5,down
CUST_000166,Q4_2025,2025-12-31,16.6,0,0.0,0.0,down
CUST_000167,Q1_2023,2023-03-31,66.1,2,423.28999999999996,0.5,up
CUST_000167,Q2_2023,2023-06-30,70.2,3,578.27,0.6666666666666666,up
CUST_000167,Q3_2023,2023-09-30,72.9,4,754.33,0.25,up
CUST_000167,Q4_2023,2023-12-31,77.7,0,0.0,0.0,up
CUST_000167,Q1_2024,2024-03-31,65.3,1,176.68,0.0,up
CUST_000167,Q2_2024,2024-06-30,65.6,0,0.0,0.0,up
CUST_000167,Q3_2024,2024-09-30,73.3,3,241.41,0.0,up
CUST_000167,Q4_2024,2024-12-31,75.1,1,64.61,1.0,up
CUST_000167,Q1_2025,2025-03-31,80.8,1,355.96,0.0,up
CUST_000167,Q2_2025,2025-06-30,79.3,4,554.06,0.25,up
CUST_000167,Q3_2025,2025-09-30,73.6,1,29.74,0.0,up
CUST_000167,Q4_2025,2025-12-31,70.6,3,325.15999999999997,0.3333333333333333,up
CUST_000168,Q1_2023,2023-03-31,59.2,2,398.08000000000004,0.0,down
CUST_000168,Q2_2023,2023-06-30,62.6,1,48.59,0.0,down
CUST_000168,Q3_2023,2023-09-30,54.7,3,465.59000000000003,0.3333333333333333,down
CUST_000168,Q4_2023,2023-12-31,59.4,1,65.54,0.0,down
CUST_000168,Q1_2024,2024-03-31,64.0,4,540.92,0.0,down
CUST_000168,Q2_2024,2024-06-30,46.1,1,502.6,0.0,down
CUST_000168,Q3_2024,2024-09-30,60.3,0,0.0,0.0,down
CUST_000168,Q4_2024,2024-12-31,60.8,1,10.0,0.0,down
CUST_000168,Q1_2025,2025-03-31,46.3,3,458.36999999999995,0.0,down
CUST_000168,Q2_2025,2025-06-30,58.4,2,105.59,0.0,down
CUST_000168,Q3_2025,2025-09-30,50.0,1,173.01,0.0,down
CUST_000168,Q4_2025,2025-12-31,51.1,2,234.85,0.0,down
CUST_000169,Q1_2023,2023-03-31,66.5,2,353.82,0.0,up
CUST_000169,Q2_2023,2023-06-30,76.3,5,746.46,0.0,up
CUST_000169,Q3_2023,2023-09-30,77.1,3,84.74,0.3333333333333333,up
CUST_000169,Q4_2023,2023-12-31,85.8,6,564.1899999999999,0.16666666666666666,up
CUST_000169,Q1_2024,2024-03-31,79.5,6,554.88,0.0,up
CUST_000169,Q2_2024,2024-06-30,76.4,2,85.64,0.0,up
CUST_000169,Q3_2024,2024-09-30,76.3,4,443.52,0.25,up
CUST_000169,Q4_2024,2024-12-31,81.9,3,474.65,0.6666666666666666,up
CUST_000169,Q1_2025,2025-03-31,82.6,2,154.99,0.5,up
CUST_000169,Q2_2025,2025-06-30,88.0,4,449.15999999999997,0.25,up
CUST_000169,Q3_2025,2025-09-30,81.0,6,808.38,0.0,up
CUST_000169,Q4_2025,2025-12-31,80.2,1,17.79,0.0,up
CUST_000170,Q1_2023,2023-03-31,60.3,0,0.0,0.0,down
CUST_000170,Q2_2023,2023-06-30,58.2,2,308.52,0.0,down
CUST_000170,Q3_2023,2023-09-30,55.8,0,0.0,0.0,down
CUST_000170,Q4_2023,2023-12-31,41.2,2,65.39,1.0,down
CUST_000170,Q1_2024,2024-03-31,43.5,1,128.97,1.0,down
CUST_000170,Q2_2024,2024-06-30,48.0,1,148.95,0.0,down
CUST_000170,Q3_2024,2024-09-30,46.0,1,57.69,1.0,down
CUST_000170,Q4_2024,2024-12-31,41.3,2,154.41,0.5,down
CUST_000170,Q1_2025,2025-03-31,46.5,2,104.56,0.0,down
CUST_000170,Q2_2025,2025-06-30,42.1,2,128.73,0.0,down
CUST_000170,Q3_2025,2025-09-30,41.3,0,0.0,0.0,down
CUST_000170,Q4_2025,2025-12-31,36.6,1,82.4,1.0,down
CUST_000171,Q1_2023,2023-03-31,52.2,1,84.32,1.0,up
CUST_000171,Q2_2023,2023-06-30,53.5,2,373.87,0.0,up
CUST_000171,Q3_2023,2023-09-30,62.8,3,245.24,0.3333333333333333,up
CUST_000171,Q4_2023,2023-12-31,62.2,1,395.94,0.0,up
CUST_000171,Q1_2024,2024-03-31,63.3,2,115.33,0.5,up
CUST_000171,Q2_2024,2024-06-30,68.9,1,44.37,1.0,up
CUST_000171,Q3_2024,2024-09-30,70.1,2,239.20999999999998,0.5,up
CUST_000171,Q4_2024,2024-12-31,73.6,1,62.52,0.0,up
CUST_000171,Q1_2025,2025-03-31,84.4,0,0.0,0.0,up
CUST_000171,Q2_2025,2025-06-30,82.5,1,47.97,0.0,up
CUST_000171,Q3_2025,2025-09-30,87.8,1,77.31,0.0,up
CUST_000171,Q4_2025,2025-12-31,83.0,2,118.49000000000001,0.0,up
CUST_000172,Q1_2023,2023-03-31,78.0,7,1116.82,0.2857142857142857,stable
CUST_000172,Q2_2023,2023-06-30,75.3,5,606.07,0.4,stable
CUST_000172,Q3_2023,2023-09-30,82.2,4,423.57,0.0,stable
CUST_000172,Q4_2023,2023-12-31,81.1,4,468.18,0.5,stable
CUST_000172,Q1_2024,2024-03-31,76.2,2,194.04,0.0,stable
CUST_000172,Q2_2024,2024-06-30,79.3,2,244.27,0.5,stable
CUST_000172,Q3_2024,2024-09-30,76.7,4,407.49,0.0,stable
CUST_000172,Q4_2024,2024-12-31,87.0,7,589.1899999999999,0.14285714285714285,stable
CUST_000172,Q1_2025,2025-03-31,84.4,3,543.52,0.3333333333333333,stable
CUST_000172,Q2_2025,2025-06-30,74.8,6,565.51,0.6666666666666666,stable
CUST_000172,Q3_2025,2025-09-30,74.0,4,249.2,0.5,stable
CUST_000172,Q4_2025,2025-12-31,88.8,4,201.54,0.25,stable
CUST_000173,Q1_2023,2023-03-31,69.8,2,180.42000000000002,0.5,stable
CUST_000173,Q2_2023,2023-06-30,67.8,0,0.0,0.0,stable
CUST_000173,Q3_2023,2023-09-30,69.1,1,324.51,0.0,stable
CUST_000173,Q4_2023,2023-12-31,73.3,1,33.46,1.0,stable
CUST_000173,Q1_2024,2024-03-31,75.0,7,499.24,0.8571428571428571,stable
CUST_000173,Q2_2024,2024-06-30,63.7,2,202.51999999999998,0.5,stable
CUST_000173,Q3_2024,2024-09-30,67.9,3,453.04,0.3333333333333333,stable
CUST_000173,Q4_2024,2024-12-31,67.7,1,29.01,1.0,stable
CUST_000173,Q1_2025,2025-03-31,73.0,6,433.91,0.5,stable
CUST_000173,Q2_2025,2025-06-30,73.8,2,280.65,0.0,stable
CUST_000173,Q3_2025,2025-09-30,71.4,3,363.65,0.3333333333333333,stable
CUST_000173,Q4_2025,2025-12-31,65.2,4,185.41,0.25,stable
CUST_000174,Q1_2023,2023-03-31,49.1,0,0.0,0.0,up
CUST_000174,Q2_2023,2023-06-30,48.5,1,29.48,1.0,up
CUST_000174,Q3_2023,2023-09-30,48.7,2,506.02,0.0,up
CUST_000174,Q4_2023,2023-12-31,49.1,0,0.0,0.0,up
CUST_000174,Q1_2024,2024-03-31,57.0,1,289.21,0.0,up
CUST_000174,Q2_2024,2024-06-30,49.9,2,201.51999999999998,0.0,up
CUST_000174,Q3_2024,2024-09-30,52.9,2,186.08999999999997,0.0,up
CUST_000174,Q4_2024,2024-12-31,56.8,1,249.55,1.0,up
CUST_000174,Q1_2025,2025-03-31,62.8,1,281.53,0.0,up
CUST_000174,Q2_2025,2025-06-30,61.5,1,281.53,0.0,up
CUST_000174,Q3_2025,2025-09-30,63.3,2,77.91,0.5,up
CUST_000174,Q4_2025,2025-12-31,67.2,1,55.57,0.0,up
CUST_000175,Q1_2023,2023-03-31,51.4,0,0.0,0.0,up
CUST_000175,Q2_2023,2023-06-30,67.1,2,262.35,0.5,up
CUST_000175,Q3_2023,2023-09-30,75.7,0,0.0,0.0,up
CUST_000175,Q4_2023,2023-12-31,67.6,3,321.63,0.3333333333333333,up
CUST_000175,Q1_2024,2024-03-31,71.4,2,124.28,1.0,up
CUST_000175,Q2_2024,2024-06-30,65.0,0,0.0,0.0,up
CUST_000175,Q3_2024,2024-09-30,74.0,1,30.48,0.0,up
CUST_000175,Q4_2024,2024-12-31,84.1,4,415.78999999999996,0.5,up
CUST_000175,Q1_2025,2025-03-31,69.4,3,411.45,0.0,up
CUST_000175,Q2_2025,2025-06-30,83.3,0,0.0,0.0,up
CUST_000175,Q3_2025,2025-09-30,83.1,1,134.54,1.0,up
CUST_000175,Q4_2025,2025-12-31,87.4,2,618.56,0.0,up
CUST_000176,Q1_2023,2023-03-31,67.3,0,0.0,0.0,stable
CUST_000176,Q2_2023,2023-06-30,66.7,3,681.04,0.0,stable
CUST_000176,Q3_2023,2023-09-30,58.0,0,0.0,0.0,stable
CUST_000176,Q4_2023,2023-12-31,74.8,3,444.47,0.0,stable
CUST_000176,Q1_2024,2024-03-31,60.3,1,84.2,0.0,stable
CUST_000176,Q2_2024,2024-06-30,71.6,3,119.32,0.6666666666666666,stable
CUST_000176,Q3_2024,2024-09-30,66.9,1,23.32,1.0,stable
CUST_000176,Q4_2024,2024-12-31,71.0,5,457.69,0.2,stable
CUST_000176,Q1_2025,2025-03-31,60.3,0,0.0,0.0,stable
CUST_000176,Q2_2025,2025-06-30,76.4,4,519.47,0.0,stable
CUST_000176,Q3_2025,2025-09-30,66.8,4,449.41,0.0,stable
CUST_000176,Q4_2025,2025-12-31,76.3,2,99.85,0.5,stable
CUST_000177,Q1_2023,2023-03-31,73.5,3,652.03,0.0,up
CUST_000177,Q2_2023,2023-06-30,76.9,4,311.95,0.5,up
CUST_000177,Q3_2023,2023-09-30,70.1,1,60.71,1.0,up
CUST_000177,Q4_2023,2023-12-31,75.4,1,119.51,0.0,up
CUST_000177,Q1_2024,2024-03-31,79.0,2,285.25,0.5,up
CUST_000177,Q2_2024,2024-06-30,70.5,2,360.25,0.5,up
CUST_000177,Q3_2024,2024-09-30,73.7,3,299.78999999999996,0.0,up
CUST_000177,Q4_2024,2024-12-31,72.7,4,751.19,0.0,up
CUST_000177,Q1_2025,2025-03-31,88.3,4,795.28,0.0,up
CUST_000177,Q2_2025,2025-06-30,78.8,5,446.92999999999995,0.2,up
CUST_000177,Q3_2025,2025-09-30,89.3,1,86.86,1.0,up
CUST_000177,Q4_2025,2025-12-31,82.4,4,389.82,0.25,up
CUST_000178,Q1_2023,2023-03-31,42.3,1,36.91,0.0,up
CUST_000178,Q2_2023,2023-06-30,53.9,0,0.0,0.0,up
CUST_000178,Q3_2023,2023-09-30,58.4,2,175.59,0.0,up
CUST_000178,Q4_2023,2023-12-31,67.1,0,0.0,0.0,up
CUST_000178,Q1_2024,2024-03-31,63.5,1,32.76,0.0,up
CUST_000178,Q2_2024,2024-06-30,64.5,1,49.38,0.0,up
CUST_000178,Q3_2024,2024-09-30,57.6,0,0.0,0.0,up
CUST_000178,Q4_2024,2024-12-31,76.0,2,245.14000000000001,1.0,up
CUST_000178,Q1_2025,2025-03-31,76.3,4,486.46,0.25,up
CUST_000178,Q2_2025,2025-06-30,77.1,0,0.0,0.0,up
CUST_000178,Q3_2025,2025-09-30,82.4,1,27.64,0.0,up
CUST_000178,Q4_2025,2025-12-31,84.0,1,107.47,0.0,up
CUST_000179,Q1_2023,2023-03-31,66.9,2,119.42,0.5,up
CUST_000179,Q2_2023,2023-06-30,76.4,6,957.0699999999999,0.0,up
CUST_000179,Q3_2023,2023-09-30,65.0,1,41.32,1.0,up
CUST_000179,Q4_2023,2023-12-31,73.6,5,1089.59,0.2,up
CUST_000179,Q1_2024,2024-03-31,84.7,7,973.02,0.2857142857142857,up
CUST_000179,Q2_2024,2024-06-30,60.1,3,329.39,0.0,up
CUST_000179,Q3_2024,2024-09-30,66.0,4,336.42,0.0,up
CUST_000179,Q4_2024,2024-12-31,78.4,4,320.06,0.5,up
CUST_000179,Q1_2025,2025-03-31,80.7,3,51.03,0.3333333333333333,up
CUST_000179,Q2_2025,2025-06-30,79.8,4,477.27,0.0,up
CUST_000179,Q3_2025,2025-09-30,87.8,8,1220.02,0.375,up
CUST_000179,Q4_2025,2025-12-31,93.4,4,654.1500000000001,0.25,up
CUST_000180,Q1_2023,2023-03-31,51.4,1,31.02,1.0,stable
CUST_000180,Q2_2023,2023-06-30,48.0,2,204.10000000000002,0.0,stable
CUST_000180,Q3_2023,2023-09-30,38.8,1,23.35,0.0,stable
CUST_000180,Q4_2023,2023-12-31,49.5,1,73.36,0.0,stable
CUST_000180,Q1_2024,2024-03-31,49.7,0,0.0,0.0,stable
CUST_000180,Q2_2024,2024-06-30,35.9,0,0.0,0.0,stable
CUST_000180,Q3_2024,2024-09-30,47.3,0,0.0,0.0,stable
CUST_000180,Q4_2024,2024-12-31,48.4,0,0.0,0.0,stable
CUST_000180,Q1_2025,2025-03-31,40.8,1,38.45,1.0,stable
CUST_000180,Q2_2025,2025-06-30,45.4,0,0.0,0.0,stable
CUST_000180,Q3_2025,2025-09-30,49.8,1,49.57,0.0,stable
CUST_000180,Q4_2025,2025-12-31,44.0,1,294.61,0.0,stable
CUST_000181,Q1_2023,2023-03-31,54.5,0,0.0,0.0,up
CUST_000181,Q2_2023,2023-06-30,46.6,4,357.26,0.25,up
CUST_000181,Q3_2023,2023-09-30,50.6,2,563.03,0.5,up
CUST_000181,Q4_2023,2023-12-31,50.4,0,0.0,0.0,up
CUST_000181,Q1_2024,2024-03-31,52.4,1,84.67,0.0,up
CUST_000181,Q2_2024,2024-06-30,55.9,1,219.0,0.0,up
CUST_000181,Q3_2024,2024-09-30,51.8,2,364.34000000000003,0.0,up
CUST_000181,Q4_2024,2024-12-31,52.6,0,0.0,0.0,up
CUST_000181,Q1_2025,2025-03-31,52.1,1,47.67,0.0,up
CUST_000181,Q2_2025,2025-06-30,58.7,0,0.0,0.0,up
CUST_000181,Q3_2025,2025-09-30,63.2,2,109.03,1.0,up
CUST_000181,Q4_2025,2025-12-31,59.6,2,403.51,0.5,up
CUST_000182,Q1_2023,2023-03-31,68.2,2,83.44999999999999,0.5,up
CUST_000182,Q2_2023,2023-06-30,71.5,2,136.17000000000002,0.5,up
CUST_000182,Q3_2023,2023-09-30,80.6,1,116.93,1.0,up
CUST_000182,Q4_2023,2023-12-31,72.0,5,500.42,0.4,up
CUST_000182,Q1_2024,2024-03-31,83.4,3,189.52,0.3333333333333333,up
CUST_000182,Q2_2024,2024-06-30,82.3,1,24.27,1.0,up
CUST_000182,Q3_2024,2024-09-30,85.2,1,90.65,0.0,up
CUST_000182,Q4_2024,2024-12-31,95.8,0,0.0,0.0,up
CUST_000182,Q1_2025,2025-03-31,95.3,2,168.88,1.0,up
CUST_000182,Q2_2025,2025-06-30,95.2,3,504.08,0.3333333333333333,up
CUST_000182,Q3_2025,2025-09-30,100.0,1,171.37,0.0,up
CUST_000182,Q4_2025,2025-12-31,100.0,2,95.75,1.0,up
CUST_000183,Q1_2023,2023-03-31,65.9,2,54.160000000000004,0.0,down
CUST_000183,Q2_2023,2023-06-30,57.7,1,170.87,0.0,down
CUST_000183,Q3_2023,2023-09-30,51.2,0,0.0,0.0,down
CUST_000183,Q4_2023,2023-12-31,59.6,1,130.28,0.0,down
CUST_000183,Q1_2024,2024-03-31,56.7,2,86.16999999999999,0.5,down
CUST_000183,Q2_2024,2024-06-30,59.1,3,153.31,0.6666666666666666,down
CUST_000183,Q3_2024,2024-09-30,50.4,4,266.28999999999996,0.0,down
CUST_000183,Q4_2024,2024-12-31,44.6,3,188.47,0.6666666666666666,down
CUST_000183,Q1_2025,2025-03-31,26.0,2,377.37,0.5,down
CUST_000183,Q2_2025,2025-06-30,43.3,2,377.37,0.5,down
CUST_000183,Q3_2025,2025-09-30,32.0,1,142.06,1.0,down
CUST_000183,Q4_2025,2025-12-31,29.2,3,246.65999999999997,0.0,down
CUST_000184,Q1_2023,2023-03-31,65.7,4,444.34000000000003,0.5,up
CUST_000184,Q2_2023,2023-06-30,54.9,0,0.0,0.0,up
CUST_000184,Q3_2023,2023-09-30,69.6,1,78.99,0.0,up
CUST_000184,Q4_2023,2023-12-31,69.2,2,65.3,1.0,up
CUST_000184,Q1_2024,2024-03-31,67.2,1,63.77,0.0,up
CUST_000184,Q2_2024,2024-06-30,76.0,3,507.09000000000003,0.0,up
CUST_000184,Q3_2024,2024-09-30,73.3,1,43.26,0.0,up
CUST_000184,Q4_2024,2024-12-31,88.2,3,514.11,0.6666666666666666,up
CUST_000184,Q1_2025,2025-03-31,69.3,1,17.12,1.0,up
CUST_000184,Q2_2025,2025-06-30,73.4,0,0.0,0.0,up
CUST_000184,Q3_2025,2025-09-30,76.4,2,133.8,0.5,up
CUST_000184,Q4_2025,2025-12-31,82.1,2,133.8,0.5,up
CUST_000185,Q1_2023,2023-03-31,72.8,4,388.09999999999997,0.5,stable
CUST_000185,Q2_2023,2023-06-30,68.7,5,433.15,0.0,stable
CUST_000185,Q3_2023,2023-09-30,73.7,2,210.3,0.5,stable
CUST_000185,Q4_2023,2023-12-31,74.7,6,626.41,0.16666666666666666,stable
CUST_000185,Q1_2024,2024-03-31,67.9,5,307.58,0.0,stable
CUST_000185,Q2_2024,2024-06-30,71.9,6,1257.55,0.0,stable
CUST_000185,Q3_2024,2024-09-30,66.2,5,659.86,0.4,stable
CUST_000185,Q4_2024,2024-12-31,67.1,0,0.0,0.0,stable
CUST_000185,Q1_2025,2025-03-31,76.1,2,230.5,0.0,stable
CUST_000185,Q2_2025,2025-06-30,67.5,3,347.02,0.0,stable
CUST_000185,Q3_2025,2025-09-30,77.6,3,508.0,0.0,stable
CUST_000185,Q4_2025,2025-12-31,62.0,2,113.3,0.5,stable
CUST_000186,Q1_2023,2023-03-31,49.9,1,282.39,0.0,stable
CUST_000186,Q2_2023,2023-06-30,53.5,2,109.81,0.0,stable
CUST_000186,Q3_2023,2023-09-30,57.7,3,129.0,0.3333333333333333,stable
CUST_000186,Q4_2023,2023-12-31,53.8,1,22.57,1.0,stable
CUST_000186,Q1_2024,2024-03-31,58.2,1,22.57,1.0,stable
CUST_000186,Q2_2024,2024-06-30,58.4,2,116.22999999999999,0.0,stable
CUST_000186,Q3_2024,2024-09-30,49.8,1,77.36,0.0,stable
CUST_000186,Q4_2024,2024-12-31,56.7,1,144.29,1.0,stable
CUST_000186,Q1_2025,2025-03-31,51.2,0,0.0,0.0,stable
CUST_000186,Q2_2025,2025-06-30,54.3,0,0.0,0.0,stable
CUST_000186,Q3_2025,2025-09-30,50.3,2,192.26,0.0,stable
CUST_000186,Q4_2025,2025-12-31,64.9,0,0.0,0.0,stable
CUST_000187,Q1_2023,2023-03-31,45.8,2,262.1,0.5,down
CUST_000187,Q2_2023,2023-06-30,39.5,1,126.36,0.0,down
CUST_000187,Q3_2023,2023-09-30,46.6,1,138.65,0.0,down
CUST_000187,Q4_2023,2023-12-31,38.1,1,21.35,0.0,down
CUST_000187,Q1_2024,2024-03-31,40.1,0,0.0,0.0,down
CUST_000187,Q2_2024,2024-06-30,30.9,0,0.0,0.0,down
CUST_000187,Q3_2024,2024-09-30,23.9,2,57.099999999999994,0.5,down
CUST_000187,Q4_2024,2024-12-31,32.8,1,86.15,0.0,down
CUST_000187,Q1_2025,2025-03-31,18.5,0,0.0,0.0,down
CUST_000187,Q2_2025,2025-06-30,15.7,0,0.0,0.0,down
CUST_000187,Q3_2025,2025-09-30,17.8,2,321.68,0.0,down
CUST_000187,Q4_2025,2025-12-31,12.5,2,414.26,0.0,down
CUST_000188,Q1_2023,2023-03-31,61.2,2,220.42000000000002,0.0,up
CUST_000188,Q2_2023,2023-06-30,73.3,0,0.0,0.0,up
CUST_000188,Q3_2023,2023-09-30,64.5,1,190.89,1.0,up
CUST_000188,Q4_2023,2023-12-31,75.5,1,74.49,1.0,up
CUST_000188,Q1_2024,2024-03-31,73.3,3,378.43999999999994,1.0,up
CUST_000188,Q2_2024,2024-06-30,75.5,2,376.38,0.0,up
CUST_000188,Q3_2024,2024-09-30,75.9,1,54.83,1.0,up
CUST_000188,Q4_2024,2024-12-31,72.3,3,344.83,0.6666666666666666,up
CUST_000188,Q1_2025,2025-03-31,71.6,1,172.39,0.0,up
CUST_000188,Q2_2025,2025-06-30,77.1,4,626.38,0.25,up
CUST_000188,Q3_2025,2025-09-30,77.0,1,35.01,1.0,up
CUST_000188,Q4_2025,2025-12-31,84.6,3,570.56,0.3333333333333333,up
CUST_000189,Q1_2023,2023-03-31,71.9,2,253.45,0.0,down
CUST_000189,Q2_2023,2023-06-30,67.9,2,109.89999999999999,0.5,down
CUST_000189,Q3_2023,2023-09-30,68.3,4,481.32,0.75,down
CUST_000189,Q4_2023,2023-12-31,56.7,2,162.85,0.0,down
CUST_000189,Q1_2024,2024-03-31,60.7,0,0.0,0.0,down
CUST_000189,Q2_2024,2024-06-30,59.3,6,458.24,0.3333333333333333,down
CUST_000189,Q3_2024,2024-09-30,71.8,2,195.38,0.0,down
CUST_000189,Q4_2024,2024-12-31,45.1,3,309.96999999999997,0.3333333333333333,down
CUST_000189,Q1_2025,2025-03-31,50.4,3,333.2,0.3333333333333333,down
CUST_000189,Q2_2025,2025-06-30,41.4,2,205.35999999999999,0.5,down
CUST_000189,Q3_2025,2025-09-30,44.3,5,186.79,0.8,down
CUST_000189,Q4_2025,2025-12-31,46.9,4,787.34,0.5,down
CUST_000190,Q1_2023,2023-03-31,69.6,0,0.0,0.0,stable
CUST_000190,Q2_2023,2023-06-30,50.1,1,65.29,0.0,stable
CUST_000190,Q3_2023,2023-09-30,69.1,1,22.64,0.0,stable
CUST_000190,Q4_2023,2023-12-31,57.2,1,120.71,0.0,stable
CUST_000190,Q1_2024,2024-03-31,52.7,3,300.81,0.0,stable
CUST_000190,Q2_2024,2024-06-30,62.5,3,598.0,0.0,stable
CUST_000190,Q3_2024,2024-09-30,55.9,3,367.95,0.3333333333333333,stable
CUST_000190,Q4_2024,2024-12-31,57.4,4,376.03,0.25,stable
CUST_000190,Q1_2025,2025-03-31,58.2,4,445.33,0.25,stable
CUST_000190,Q2_2025,2025-06-30,68.9,5,752.2,0.0,stable
CUST_000190,Q3_2025,2025-09-30,69.1,1,99.6,0.0,stable
CUST_000190,Q4_2025,2025-12-31,63.6,2,60.39,0.5,stable
CUST_000191,Q1_2023,2023-03-31,60.3,3,411.53999999999996,0.0,stable
CUST_000191,Q2_2023,2023-06-30,61.4,0,0.0,0.0,stable
CUST_000191,Q3_2023,2023-09-30,63.4,1,144.85,0.0,stable
CUST_000191,Q4_2023,2023-12-31,64.4,3,142.48,0.6666666666666666,stable
CUST_000191,Q1_2024,2024-03-31,63.0,2,307.02,0.0,stable
CUST_000191,Q2_2024,2024-06-30,63.0,2,433.71000000000004,0.0,stable
CUST_000191,Q3_2024,2024-09-30,63.2,3,116.16,0.3333333333333333,stable
CUST_000191,Q4_2024,2024-12-31,63.6,2,366.36,0.0,stable
CUST_000191,Q1_2025,2025-03-31,53.6,1,82.12,0.0,stable
CUST_000191,Q2_2025,2025-06-30,54.8,2,46.38,0.5,stable
CUST_000191,Q3_2025,2025-09-30,65.8,2,128.23000000000002,0.0,stable
CUST_000191,Q4_2025,2025-12-31,62.4,4,251.69,0.0,stable
CUST_000192,Q1_2023,2023-03-31,54.6,0,0.0,0.0,stable
CUST_000192,Q2_2023,2023-06-30,56.0,1,37.18,1.0,stable
CUST_000192,Q3_2023,2023-09-30,57.3,1,120.1,0.0,stable
CUST_000192,Q4_2023,2023-12-31,49.9,3,160.47,0.0,stable
CUST_000192,Q1_2024,2024-03-31,56.8,1,33.43,0.0,stable
CUST_000192,Q2_2024,2024-06-30,47.2,0,0.0,0.0,stable
CUST_000192,Q3_2024,2024-09-30,52.5,1,36.04,0.0,stable
CUST_000192,Q4_2024,2024-12-31,54.7,1,39.63,1.0,stable
CUST_000192,Q1_2025,2025-03-31,47.0,1,30.17,0.0,stable
CUST_000192,Q2_2025,2025-06-30,49.6,2,145.47,0.5,stable
CUST_000192,Q3_2025,2025-09-30,47.7,3,477.49,0.3333333333333333,stable
CUST_000192,Q4_2025,2025-12-31,48.7,1,69.64,0.0,stable
CUST_000193,Q1_2023,2023-03-31,63.5,1,209.76,0.0,up
CUST_000193,Q2_2023,2023-06-30,59.4,0,0.0,0.0,up
CUST_000193,Q3_2023,2023-09-30,53.9,2,88.83,1.0,up
CUST_000193,Q4_2023,2023-12-31,52.9,3,239.43,0.3333333333333333,up
CUST_000193,Q1_2024,2024-03-31,56.3,2,190.29000000000002,0.0,up
CUST_000193,Q2_2024,2024-06-30,57.9,4,330.02,0.0,up
CUST_000193,Q3_2024,2024-09-30,57.2,1,72.77,1.0,up
CUST_000193,Q4_2024,2024-12-31,64.9,1,204.83,0.0,up
CUST_000193,Q1_2025,2025-03-31,52.1,2,105.58,1.0,up
CUST_000193,Q2_2025,2025-06-30,70.6,3,467.65,0.0,up
CUST_000193,Q3_2025,2025-09-30,68.6,2,50.269999999999996,0.5,up
CUST_000193,Q4_2025,2025-12-31,54.0,5,605.89,0.4,up
CUST_000194,Q1_2023,2023-03-31,80.2,5,470.78999999999996,0.4,stable
CUST_000194,Q2_2023,2023-06-30,72.2,2,143.95999999999998,1.0,stable
CUST_000194,Q3_2023,2023-09-30,75.3,4,563.21,0.25,stable
CUST_000194,Q4_2023,2023-12-31,76.4,3,224.2,0.3333333333333333,stable
CUST_000194,Q1_2024,2024-03-31,80.3,5,519.34,0.6,stable
CUST_000194,Q2_2024,2024-06-30,77.0,2,68.41,0.0,stable
CUST_000194,Q3_2024,2024-09-30,77.6,2,183.73,0.0,stable
CUST_000194,Q4_2024,2024-12-31,86.8,9,785.42,0.4444444444444444,stable
CUST_000194,Q1_2025,2025-03-31,82.4,5,938.3100000000001,0.4,stable
CUST_000194,Q2_2025,2025-06-30,80.4,6,387.39,0.5,stable
CUST_000194,Q3_2025,2025-09-30,77.8,6,677.1400000000001,0.3333333333333333,stable
CUST_000194,Q4_2025,2025-12-31,86.9,4,972.28,0.0,stable
CUST_000195,Q1_2023,2023-03-31,60.1,0,0.0,0.0,up
CUST_000195,Q2_2023,2023-06-30,60.1,0,0.0,0.0,up
CUST_000195,Q3_2023,2023-09-30,61.7,1,37.68,0.0,up
CUST_000195,Q4_2023,2023-12-31,60.2,2,308.14,0.5,up
CUST_000195,Q1_2024,2024-03-31,71.8,2,492.89,0.0,up
CUST_000195,Q2_2024,2024-06-30,64.2,3,360.16,0.0,up
CUST_000195,Q3_2024,2024-09-30,52.9,3,816.62,0.0,up
CUST_000195,Q4_2024,2024-12-31,51.6,0,0.0,0.0,up
CUST_000195,Q1_2025,2025-03-31,56.1,0,0.0,0.0,up
CUST_000195,Q2_2025,2025-06-30,67.8,2,82.19,0.5,up
CUST_000195,Q3_2025,2025-09-30,70.7,1,55.8,1.0,up
CUST_000195,Q4_2025,2025-12-31,74.5,2,536.17,0.5,up
CUST_000196,Q1_2023,2023-03-31,57.3,1,57.87,0.0,up
CUST_000196,Q2_2023,2023-06-30,59.0,1,230.95,0.0,up
CUST_000196,Q3_2023,2023-09-30,63.6,1,219.09,0.0,up
CUST_000196,Q4_2023,2023-12-31,59.1,1,23.44,1.0,up
CUST_000196,Q1_2024,2024-03-31,65.3,1,23.44,1.0,up
CUST_000196,Q2_2024,2024-06-30,65.0,2,150.62,0.0,up
CUST_000196,Q3_2024,2024-09-30,75.2,2,92.58,0.5,up
CUST_000196,Q4_2024,2024-12-31,72.6,2,301.03,0.0,up
CUST_000196,Q1_2025,2025-03-31,79.6,0,0.0,0.0,up
CUST_000196,Q2_2025,2025-06-30,74.8,2,207.13,0.0,up
CUST_000196,Q3_2025,2025-09-30,71.2,2,160.59,0.0,up
CUST_000196,Q4_2025,2025-12-31,71.8,1,65.18,0.0,up
CUST_000197,Q1_2023,2023-03-31,58.0,2,390.67999999999995,0.0,up
CUST_000197,Q2_2023,2023-06-30,62.4,2,383.74,0.0,up
CUST_000197,Q3_2023,2023-09-30,70.9,1,38.01,1.0,up
CUST_000197,Q4_2023,2023-12-31,73.3,2,70.93,0.5,up
CUST_000197,Q1_2024,2024-03-31,74.5,3,272.4,0.0,up
CUST_000197,Q2_2024,2024-06-30,72.6,4,421.21,0.25,up
CUST_000197,Q3_2024,2024-09-30,70.5,3,199.62,0.3333333333333333,up
CUST_000197,Q4_2024,2024-12-31,83.6,0,0.0,0.0,up
CUST_000197,Q1_2025,2025-03-31,83.1,0,0.0,0.0,up
CUST_000197,Q2_2025,2025-06-30,90.3,2,114.92,0.0,up
CUST_000197,Q3_2025,2025-09-30,78.8,0,0.0,0.0,up
CUST_000197,Q4_2025,2025-12-31,91.5,1,28.5,1.0,up
CUST_000198,Q1_2023,2023-03-31,48.4,1,226.07,0.0,down
CUST_000198,Q2_2023,2023-06-30,56.5,3,472.32,0.6666666666666666,down
CUST_000198,Q3_2023,2023-09-30,53.3,1,91.03,0.0,down
CUST_000198,Q4_2023,2023-12-31,57.3,0,0.0,0.0,down
CUST_000198,Q1_2024,2024-03-31,58.0,3,304.2,0.6666666666666666,down
CUST_000198,Q2_2024,2024-06-30,51.1,2,136.44,1.0,down
CUST_000198,Q3_2024,2024-09-30,51.1,0,0.0,0.0,down
CUST_000198,Q4_2024,2024-12-31,49.5,2,47.36,0.5,down
CUST_000198,Q1_2025,2025-03-31,41.7,2,63.290000000000006,0.0,down
CUST_000198,Q2_2025,2025-06-30,50.4,1,421.89,0.0,down
CUST_000198,Q3_2025,2025-09-30,39.5,3,911.5799999999999,0.0,down
CUST_000198,Q4_2025,2025-12-31,44.6,1,66.84,0.0,down
CUST_000199,Q1_2023,2023-03-31,74.5,3,100.45,1.0,up
CUST_000199,Q2_2023,2023-06-30,75.6,5,491.38,0.2,up
CUST_000199,Q3_2023,2023-09-30,84.2,6,775.8100000000001,0.16666666666666666,up
CUST_000199,Q4_2023,2023-12-31,81.4,3,212.96,0.0,up
CUST_000199,Q1_2024,2024-03-31,81.2,1,235.66,0.0,up
CUST_000199,Q2_2024,2024-06-30,74.0,1,213.03,0.0,up
CUST_000199,Q3_2024,2024-09-30,93.0,3,270.02,0.3333333333333333,up
CUST_000199,Q4_2024,2024-12-31,79.9,2,45.53,0.5,up
CUST_000199,Q1_2025,2025-03-31,89.2,2,412.65999999999997,0.5,up
CUST_000199,Q2_2025,2025-06-30,100.0,5,373.44,0.2,up
CUST_000199,Q3_2025,2025-09-30,81.9,3,222.92000000000002,0.3333333333333333,up
CUST_000199,Q4_2025,2025-12-31,91.8,3,437.52,0.0,up
CUST_000200,Q1_2023,2023-03-31,56.2,1,75.4,0.0,down
CUST_000200,Q2_2023,2023-06-30,73.2,4,248.15,0.25,down
CUST_000200,Q3_2023,2023-09-30,67.4,2,251.36,0.5,down
CUST_000200,Q4_2023,2023-12-31,63.3,0,0.0,0.0,down
CUST_000200,Q1_2024,2024-03-31,62.8,3,248.9,0.3333333333333333,down
CUST_000200,Q2_2024,2024-06-30,64.0,2,441.79,0.5,down
CUST_000200,Q3_2024,2024-09-30,68.0,2,251.97,0.0,down
CUST_000200,Q4_2024,2024-12-31,60.7,3,112.35,0.6666666666666666,down
CUST_000200,Q1_2025,2025-03-31,62.0,1,93.05,0.0,down
CUST_000200,Q2_2025,2025-06-30,64.1,3,387.3,0.6666666666666666,down
CUST_000200,Q3_2025,2025-09-30,60.9,3,459.35,0.3333333333333333,down
CUST_000200,Q4_2025,2025-12-31,62.5,2,183.82,0.5,down
CUST_000201,Q1_2023,2023-03-31,49.5,1,58.0,1.0,stable
CUST_000201,Q2_2023,2023-06-30,47.0,0,0.0,0.0,stable
CUST_000201,Q3_2023,2023-09-30,53.1,1,151.2,0.0,stable
CUST_000201,Q4_2023,2023-12-31,54.1,3,365.69,0.3333333333333333,stable
CUST_000201,Q1_2024,2024-03-31,58.0,0,0.0,0.0,stable
CUST_000201,Q2_2024,2024-06-30,61.1,2,307.5,0.5,stable
CUST_000201,Q3_2024,2024-09-30,61.5,2,335.8,0.5,stable
CUST_000201,Q4_2024,2024-12-31,56.5,1,24.17,0.0,stable
CUST_000201,Q1_2025,2025-03-31,48.5,1,24.17,0.0,stable
CUST_000201,Q2_2025,2025-06-30,50.1,2,432.96,0.0,stable
CUST_000201,Q3_2025,2025-09-30,57.2,1,16.88,1.0,stable
CUST_000201,Q4_2025,2025-12-31,59.3,2,42.34,0.0,stable
CUST_000202,Q1_2023,2023-03-31,53.0,1,92.17,1.0,up
CUST_000202,Q2_2023,2023-06-30,68.3,0,0.0,0.0,up
CUST_000202,Q3_2023,2023-09-30,64.2,0,0.0,0.0,up
CUST_000202,Q4_2023,2023-12-31,59.8,1,300.97,0.0,up
CUST_000202,Q1_2024,2024-03-31,71.9,3,483.51,0.6666666666666666,up
CUST_000202,Q2_2024,2024-06-30,70.0,2,448.14,0.0,up
CUST_000202,Q3_2024,2024-09-30,72.1,1,44.91,0.0,up
CUST_000202,Q4_2024,2024-12-31,81.4,2,133.89999999999998,0.0,up
CUST_000202,Q1_2025,2025-03-31,73.3,0,0.0,0.0,up
CUST_000202,Q2_2025,2025-06-30,80.2,1,65.78,0.0,up
CUST_000202,Q3_2025,2025-09-30,79.4,2,217.1,0.0,up
CUST_000202,Q4_2025,2025-12-31,82.1,5,601.83,0.6,up
CUST_000203,Q1_2023,2023-03-31,55.9,2,272.11,0.0,down
CUST_000203,Q2_2023,2023-06-30,66.9,0,0.0,0.0,down
CUST_000203,Q3_2023,2023-09-30,55.6,0,0.0,0.0,down
CUST_000203,Q4_2023,2023-12-31,56.4,0,0.0,0.0,down
CUST_000203,Q1_2024,2024-03-31,51.3,3,242.65,0.0,down
CUST_000203,Q2_2024,2024-06-30,47.8,2,147.38,0.5,down
CUST_000203,Q3_2024,2024-09-30,47.6,2,120.39,0.5,down
CUST_000203,Q4_2024,2024-12-31,46.6,3,130.07,0.3333333333333333,down
CUST_000203,Q1_2025,2025-03-31,49.4,2,104.43,0.0,down
CUST_000203,Q2_2025,2025-06-30,48.0,5,663.76,0.4,down
CUST_000203,Q3_2025,2025-09-30,55.9,4,613.99,0.5,down
CUST_000203,Q4_2025,2025-12-31,39.8,0,0.0,0.0,down
CUST_000204,Q1_2023,2023-03-31,62.9,1,468.81,0.0,stable
CUST_000204,Q2_2023,2023-06-30,72.8,0,0.0,0.0,stable
CUST_000204,Q3_2023,2023-09-30,54.6,2,453.03,0.0,stable
CUST_000204,Q4_2023,2023-12-31,64.4,1,31.12,0.0,stable
CUST_000204,Q1_2024,2024-03-31,63.4,3,289.08000000000004,0.0,stable
CUST_000204,Q2_2024,2024-06-30,59.4,3,843.41,0.0,stable
CUST_000204,Q3_2024,2024-09-30,56.0,7,433.07,0.5714285714285714,stable
CUST_000204,Q4_2024,2024-12-31,59.3,2,253.01999999999998,0.5,stable
CUST_000204,Q1_2025,2025-03-31,56.6,1,333.2,0.0,stable
CUST_000204,Q2_2025,2025-06-30,55.4,1,21.62,0.0,stable
CUST_000204,Q3_2025,2025-09-30,51.6,4,173.35999999999999,0.5,stable
CUST_000204,Q4_2025,2025-12-31,60.2,2,76.24,0.5,stable
CUST_000205,Q1_2023,2023-03-31,52.6,2,342.95,0.0,stable
CUST_000205,Q2_2023,2023-06-30,52.9,3,512.68,0.3333333333333333,stable
CUST_000205,Q3_2023,2023-09-30,58.3,0,0.0,0.0,stable
CUST_000205,Q4_2023,2023-12-31,56.9,1,127.65,0.0,stable
CUST_000205,Q1_2024,2024-03-31,56.4,1,45.2,0.0,stable
CUST_000205,Q2_2024,2024-06-30,51.3,0,0.0,0.0,stable
CUST_000205,Q3_2024,2024-09-30,64.5,2,170.99,0.5,stable
CUST_000205,Q4_2024,2024-12-31,53.1,2,102.02,1.0,stable
CUST_000205,Q1_2025,2025-03-31,57.8,2,100.99,0.5,stable
CUST_000205,Q2_2025,2025-06-30,60.7,1,17.73,0.0,stable
CUST_000205,Q3_2025,2025-09-30,54.5,1,89.08,1.0,stable
CUST_000205,Q4_2025,2025-12-31,46.9,4,450.28999999999996,0.25,stable
CUST_000206,Q1_2023,2023-03-31,55.5,0,0.0,0.0,down
CUST_000206,Q2_2023,2023-06-30,54.5,3,195.38,0.3333333333333333,down
CUST_000206,Q3_2023,2023-09-30,49.5,1,171.23,0.0,down
CUST_000206,Q4_2023,2023-12-31,50.5,2,698.3,0.0,down
CUST_000206,Q1_2024,2024-03-31,39.4,1,92.79,0.0,down
CUST_000206,Q2_2024,2024-06-30,48.9,2,175.51,0.0,down
CUST_000206,Q3_2024,2024-09-30,39.2,0,0.0,0.0,down
CUST_000206,Q4_2024,2024-12-31,36.2,2,532.1700000000001,0.0,down
CUST_000206,Q1_2025,2025-03-31,44.3,4,578.3100000000001,0.5,down
CUST_000206,Q2_2025,2025-06-30,43.4,5,326.02000000000004,0.4,down
CUST_000206,Q3_2025,2025-09-30,36.4,2,110.85999999999999,0.5,down
CUST_000206,Q4_2025,2025-12-31,36.6,1,21.77,1.0,down
CUST_000207,Q1_2023,2023-03-31,69.5,3,370.48,0.0,up
CUST_000207,Q2_2023,2023-06-30,61.3,2,110.4,0.5,up
CUST_000207,Q3_2023,2023-09-30,65.6,5,891.03,0.2,up
CUST_000207,Q4_2023,2023-12-31,76.1,5,693.65,0.0,up
CUST_000207,Q1_2024,2024-03-31,75.2,3,534.29,0.3333333333333333,up
CUST_000207,Q2_2024,2024-06-30,85.4,3,706.96,0.0,up
CUST_000207,Q3_2024,2024-09-30,81.3,8,1832.52,0.125,up
CUST_000207,Q4_2024,2024-12-31,85.1,6,1316.15,0.3333333333333333,up
CUST_000207,Q1_2025,2025-03-31,87.7,2,194.89000000000001,0.5,up
CUST_000207,Q2_2025,2025-06-30,89.0,1,544.53,0.0,up
CUST_000207,Q3_2025,2025-09-30,80.2,1,83.64,1.0,up
CUST_000207,Q4_2025,2025-12-31,92.2,7,1035.15,0.42857142857142855,up
CUST_000208,Q1_2023,2023-03-31,67.5,4,681.1700000000001,0.25,stable
CUST_000208,Q2_2023,2023-06-30,78.5,3,994.95,0.0,stable
CUST_000208,Q3_2023,2023-09-30,74.1,3,594.8,0.0,stable
CUST_000208,Q4_2023,2023-12-31,73.5,2,497.66999999999996,0.0,stable
CUST_000208,Q1_2024,2024-03-31,76.5,1,139.84,0.0,stable
CUST_000208,Q2_2024,2024-06-30,77.6,4,261.13,0.25,stable
CUST_000208,Q3_2024,2024-09-30,71.6,1,174.63,0.0,stable
CUST_000208,Q4_2024,2024-12-31,68.8,3,399.79999999999995,0.0,stable
CUST_000208,Q1_2025,2025-03-31,73.1,3,442.37,0.0,stable
CUST_000208,Q2_2025,2025-06-30,76.4,2,430.52,0.0,stable
CUST_000208,Q3_2025,2025-09-30,83.4,6,742.28,0.3333333333333333,stable
CUST_000208,Q4_2025,2025-12-31,76.8,8,930.5,0.25,stable
CUST_000209,Q1_2023,2023-03-31,48.8,1,94.85,0.0,stable
CUST_000209,Q2_2023,2023-06-30,51.9,2,108.83000000000001,0.0,stable
CUST_000209,Q3_2023,2023-09-30,49.7,0,0.0,0.0,stable
CUST_000209,Q4_2023,2023-12-31,60.3,0,0.0,0.0,stable
CUST_000209,Q1_2024,2024-03-31,56.0,3,806.61,0.0,stable
CUST_000209,Q2_2024,2024-06-30,55.8,2,217.45,0.0,stable
CUST_000209,Q3_2024,2024-09-30,51.4,3,669.89,0.3333333333333333,stable
CUST_000209,Q4_2024,2024-12-31,52.7,1,244.52,0.0,stable
CUST_000209,Q1_2025,2025-03-31,53.7,1,71.18,0.0,stable
CUST_000209,Q2_2025,2025-06-30,50.9,2,485.36,0.0,stable
CUST_000209,Q3_2025,2025-09-30,57.5,2,356.77,1.0,stable
CUST_000209,Q4_2025,2025-12-31,50.1,1,320.11,0.0,stable
CUST_000210,Q1_2023,2023-03-31,63.7,1,27.19,0.0,up
CUST_000210,Q2_2023,2023-06-30,60.6,0,0.0,0.0,up
CUST_000210,Q3_2023,2023-09-30,63.8,3,312.13,0.0,up
CUST_000210,Q4_2023,2023-12-31,71.1,1,309.26,0.0,up
CUST_000210,Q1_2024,2024-03-31,66.7,1,143.07,0.0,up
CUST_000210,Q2_2024,2024-06-30,59.6,1,166.63,0.0,up
CUST_000210,Q3_2024,2024-09-30,72.3,1,459.46,1.0,up
CUST_000210,Q4_2024,2024-12-31,74.4,1,267.91,0.0,up
CUST_000210,Q1_2025,2025-03-31,76.1,2,156.49,1.0,up
CUST_000210,Q2_2025,2025-06-30,88.0,4,550.04,0.25,up
CUST_000210,Q3_2025,2025-09-30,77.4,2,175.43,0.0,up
CUST_000210,Q4_2025,2025-12-31,85.5,1,358.1,0.0,up
CUST_000211,Q1_2023,2023-03-31,65.6,1,95.54,0.0,up
CUST_000211,Q2_2023,2023-06-30,77.3,5,713.89,0.2,up
CUST_000211,Q3_2023,2023-09-30,70.1,3,296.08000000000004,0.0,up
CUST_000211,Q4_2023,2023-12-31,72.4,3,373.13,0.0,up
CUST_000211,Q1_2024,2024-03-31,74.9,2,141.73,0.5,up
CUST_000211,Q2_2024,2024-06-30,74.3,3,511.37,0.0,up
CUST_000211,Q3_2024,2024-09-30,83.0,2,99.7,0.5,up
CUST_000211,Q4_2024,2024-12-31,73.6,3,403.08,0.0,up
CUST_000211,Q1_2025,2025-03-31,77.5,0,0.0,0.0,up
CUST_000211,Q2_2025,2025-06-30,75.8,2,53.69,0.5,up
CUST_000211,Q3_2025,2025-09-30,86.2,4,283.3,0.0,up
CUST_000211,Q4_2025,2025-12-31,75.7,2,258.32,0.0,up
CUST_000212,Q1_2023,2023-03-31,42.6,1,337.96,0.0,up
CUST_000212,Q2_2023,2023-06-30,50.3,2,235.65,0.0,up
CUST_000212,Q3_2023,2023-09-30,59.7,1,22.32,1.0,up
CUST_000212,Q4_2023,2023-12-31,62.1,0,0.0,0.0,up
CUST_000212,Q1_2024,2024-03-31,48.7,0,0.0,0.0,up
CUST_000212,Q2_2024,2024-06-30,65.3,1,165.29,0.0,up
CUST_000212,Q3_2024,2024-09-30,63.0,0,0.0,0.0,up
CUST_000212,Q4_2024,2024-12-31,63.1,1,289.68,0.0,up
CUST_000212,Q1_2025,2025-03-31,75.4,1,289.68,0.0,up
CUST_000212,Q2_2025,2025-06-30,74.7,1,35.21,1.0,up
CUST_000212,Q3_2025,2025-09-30,77.1,1,41.06,0.0,up
CUST_000212,Q4_2025,2025-12-31,78.3,1,383.49,0.0,up
CUST_000213,Q1_2023,2023-03-31,69.5,2,52.959999999999994,0.5,up
CUST_000213,Q2_2023,2023-06-30,70.6,6,795.3299999999999,0.3333333333333333,up
CUST_000213,Q3_2023,2023-09-30,80.2,3,395.11,0.0,up
CUST_000213,Q4_2023,2023-12-31,85.5,2,144.16,0.0,up
CUST_000213,Q1_2024,2024-03-31,87.7,1,134.15,0.0,up
CUST_000213,Q2_2024,2024-06-30,79.1,2,468.20000000000005,0.0,up
CUST_000213,Q3_2024,2024-09-30,85.9,5,438.84000000000003,0.4,up
CUST_000213,Q4_2024,2024-12-31,92.7,3,257.01,0.0,up
CUST_000213,Q1_2025,2025-03-31,90.0,2,86.78,0.0,up
CUST_000213,Q2_2025,2025-06-30,89.4,1,75.91,0.0,up
CUST_000213,Q3_2025,2025-09-30,100.0,2,403.24,0.5,up
CUST_000213,Q4_2025,2025-12-31,98.8,6,281.62,0.6666666666666666,up
CUST_000214,Q1_2023,2023-03-31,45.6,0,0.0,0.0,up
CUST_000214,Q2_2023,2023-06-30,53.5,1,60.38,1.0,up
CUST_000214,Q3_2023,2023-09-30,61.0,1,78.25,1.0,up
CUST_000214,Q4_2023,2023-12-31,53.2,5,754.6,0.0,up
CUST_000214,Q1_2024,2024-03-31,61.7,1,107.89,0.0,up
CUST_000214,Q2_2024,2024-06-30,62.0,1,82.76,0.0,up
CUST_000214,Q3_2024,2024-09-30,75.5,5,566.52,0.2,up
CUST_000214,Q4_2024,2024-12-31,76.5,4,479.78999999999996,0.5,up
CUST_000214,Q1_2025,2025-03-31,69.8,2,46.42999999999999,0.5,up
CUST_000214,Q2_2025,2025-06-30,71.9,1,35.29,1.0,up
CUST_000214,Q3_2025,2025-09-30,84.9,3,662.27,0.0,up
CUST_000214,Q4_2025,2025-12-31,84.9,1,174.04,0.0,up
CUST_000215,Q1_2023,2023-03-31,61.2,2,38.26,0.5,up
CUST_000215,Q2_2023,2023-06-30,69.1,0,0.0,0.0,up
CUST_000215,Q3_2023,2023-09-30,73.7,1,11.87,1.0,up
CUST_000215,Q4_2023,2023-12-31,68.9,3,168.91,0.3333333333333333,up
CUST_000215,Q1_2024,2024-03-31,75.7,2,124.78,1.0,up
CUST_000215,Q2_2024,2024-06-30,75.9,4,556.71,0.5,up
CUST_000215,Q3_2024,2024-09-30,81.6,3,221.7,0.3333333333333333,up
CUST_000215,Q4_2024,2024-12-31,73.8,1,378.8,0.0,up
CUST_000215,Q1_2025,2025-03-31,74.4,1,187.69,0.0,up
CUST_000215,Q2_2025,2025-06-30,82.2,1,23.47,1.0,up
CUST_000215,Q3_2025,2025-09-30,83.8,2,178.20999999999998,0.0,up
CUST_000215,Q4_2025,2025-12-31,83.9,5,752.83,0.2,up
CUST_000216,Q1_2023,2023-03-31,45.5,1,31.05,0.0,up
CUST_000216,Q2_2023,2023-06-30,46.1,1,27.29,1.0,up
CUST_000216,Q3_2023,2023-09-30,48.5,0,0.0,0.0,up
CUST_000216,Q4_2023,2023-12-31,47.1,1,44.65,1.0,up
CUST_000216,Q1_2024,2024-03-31,55.8,1,101.31,1.0,up
CUST_000216,Q2_2024,2024-06-30,53.1,1,112.36,0.0,up
CUST_000216,Q3_2024,2024-09-30,65.3,1,173.52,1.0,up
CUST_000216,Q4_2024,2024-12-31,54.4,1,169.06,0.0,up
CUST_000216,Q1_2025,2025-03-31,58.6,0,0.0,0.0,up
CUST_000216,Q2_2025,2025-06-30,60.7,1,113.71,0.0,up
CUST_000216,Q3_2025,2025-09-30,61.3,1,18.83,0.0,up
CUST_000216,Q4_2025,2025-12-31,70.8,0,0.0,0.0,up
CUST_000217,Q1_2023,2023-03-31,56.0,2,318.98,0.5,stable
CUST_000217,Q2_2023,2023-06-30,68.1,2,184.32999999999998,0.5,stable
CUST_000217,Q3_2023,2023-09-30,66.2,7,604.91,0.42857142857142855,stable
CUST_000217,Q4_2023,2023-12-31,66.8,3,184.97,0.3333333333333333,stable
CUST_000217,Q1_2024,2024-03-31,65.9,1,242.08,0.0,stable
CUST_000217,Q2_2024,2024-06-30,63.3,3,522.83,0.3333333333333333,stable
CUST_000217,Q3_2024,2024-09-30,64.1,2,92.53999999999999,0.5,stable
CUST_000217,Q4_2024,2024-12-31,76.8,3,94.62,0.6666666666666666,stable
CUST_000217,Q1_2025,2025-03-31,65.3,1,47.93,0.0,stable
CUST_000217,Q2_2025,2025-06-30,66.4,3,312.62,0.0,stable
CUST_000217,Q3_2025,2025-09-30,72.4,2,81.73,0.0,stable
CUST_000217,Q4_2025,2025-12-31,68.9,1,126.72,0.0,stable
CUST_000218,Q1_2023,2023-03-31,65.7,1,443.67,0.0,down
CUST_000218,Q2_2023,2023-06-30,73.5,0,0.0,0.0,down
CUST_000218,Q3_2023,2023-09-30,58.3,1,105.22,0.0,down
CUST_000218,Q4_2023,2023-12-31,58.1,4,276.76,0.25,down
CUST_000218,Q1_2024,2024-03-31,59.3,5,222.94000000000003,0.4,down
CUST_000218,Q2_2024,2024-06-30,54.6,3,84.27,0.6666666666666666,down
CUST_000218,Q3_2024,2024-09-30,59.4,2,433.87,0.5,down
CUST_000218,Q4_2024,2024-12-31,61.1,2,751.4200000000001,0.0,down
CUST_000218,Q1_2025,2025-03-31,54.0,3,481.28999999999996,0.0,down
CUST_000218,Q2_2025,2025-06-30,51.8,4,811.41,0.0,down
CUST_000218,Q3_2025,2025-09-30,56.4,0,0.0,0.0,down
CUST_000218,Q4_2025,2025-12-31,53.4,3,203.84,0.0,down
CUST_000219,Q1_2023,2023-03-31,53.3,5,674.81,0.2,stable
CUST_000219,Q2_2023,2023-06-30,72.9,2,380.91999999999996,0.5,stable
CUST_000219,Q3_2023,2023-09-30,66.2,2,352.54,0.0,stable
CUST_000219,Q4_2023,2023-12-31,68.2,5,554.25,0.2,stable
CUST_000219,Q1_2024,2024-03-31,64.8,0,0.0,0.0,stable
CUST_000219,Q2_2024,2024-06-30,68.0,0,0.0,0.0,stable
CUST_000219,Q3_2024,2024-09-30,59.6,2,256.71000000000004,0.0,stable
CUST_000219,Q4_2024,2024-12-31,67.2,3,362.36,0.0,stable
CUST_000219,Q1_2025,2025-03-31,64.9,1,31.46,1.0,stable
CUST_000219,Q2_2025,2025-06-30,64.8,3,558.5300000000001,0.3333333333333333,stable
CUST_000219,Q3_2025,2025-09-30,62.4,2,210.43,0.5,stable
CUST_000219,Q4_2025,2025-12-31,65.5,1,136.94,0.0,stable
CUST_000220,Q1_2023,2023-03-31,46.6,0,0.0,0.0,up
CUST_000220,Q2_2023,2023-06-30,53.5,2,490.07,0.0,up
CUST_000220,Q3_2023,2023-09-30,46.2,1,64.51,0.0,up
CUST_000220,Q4_2023,2023-12-31,59.8,1,21.23,0.0,up
CUST_000220,Q1_2024,2024-03-31,52.7,0,0.0,0.0,up
CUST_000220,Q2_2024,2024-06-30,58.4,0,0.0,0.0,up
CUST_000220,Q3_2024,2024-09-30,56.1,0,0.0,0.0,up
CUST_000220,Q4_2024,2024-12-31,58.7,1,122.56,0.0,up
CUST_000220,Q1_2025,2025-03-31,67.3,4,583.59,0.25,up
CUST_000220,Q2_2025,2025-06-30,57.5,2,105.25,0.0,up
CUST_000220,Q3_2025,2025-09-30,62.1,0,0.0,0.0,up
CUST_000220,Q4_2025,2025-12-31,58.7,0,0.0,0.0,up
CUST_000221,Q1_2023,2023-03-31,56.1,0,0.0,0.0,stable
CUST_000221,Q2_2023,2023-06-30,63.7,2,92.55,0.5,stable
CUST_000221,Q3_2023,2023-09-30,46.1,1,222.44,0.0,stable
CUST_000221,Q4_2023,2023-12-31,53.6,2,602.3100000000001,0.0,stable
CUST_000221,Q1_2024,2024-03-31,52.1,0,0.0,0.0,stable
CUST_000221,Q2_2024,2024-06-30,57.5,3,517.59,0.3333333333333333,stable
CUST_000221,Q3_2024,2024-09-30,52.7,4,696.1,0.0,stable
CUST_000221,Q4_2024,2024-12-31,55.3,0,0.0,0.0,stable
CUST_000221,Q1_2025,2025-03-31,52.9,1,115.89,1.0,stable
CUST_000221,Q2_2025,2025-06-30,49.6,1,115.89,1.0,stable
CUST_000221,Q3_2025,2025-09-30,52.2,2,374.65,0.0,stable
CUST_000221,Q4_2025,2025-12-31,55.2,2,175.24,0.0,stable
CUST_000222,Q1_2023,2023-03-31,65.1,3,416.18,0.3333333333333333,stable
CUST_000222,Q2_2023,2023-06-30,63.5,0,0.0,0.0,stable
CUST_000222,Q3_2023,2023-09-30,58.8,3,634.55,0.6666666666666666,stable
CUST_000222,Q4_2023,2023-12-31,59.3,2,58.76,0.5,stable
CUST_000222,Q1_2024,2024-03-31,58.9,1,12.43,0.0,stable
CUST_000222,Q2_2024,2024-06-30,64.4,1,111.7,1.0,stable
CUST_000222,Q3_2024,2024-09-30,63.1,7,1013.66,0.42857142857142855,stable
CUST_000222,Q4_2024,2024-12-31,68.9,2,437.63,0.5,stable
CUST_000222,Q1_2025,2025-03-31,65.7,5,595.61,0.4,stable
CUST_000222,Q2_2025,2025-06-30,57.2,0,0.0,0.0,stable
CUST_000222,Q3_2025,2025-09-30,63.3,1,169.96,0.0,stable
CUST_000222,Q4_2025,2025-12-31,64.1,0,0.0,0.0,stable
CUST_000223,Q1_2023,2023-03-31,52.1,3,113.08,0.3333333333333333,down
CUST_000223,Q2_2023,2023-06-30,52.1,1,138.99,1.0,down
CUST_000223,Q3_2023,2023-09-30,55.1,0,0.0,0.0,down
CUST_000223,Q4_2023,2023-12-31,43.0,0,0.0,0.0,down
CUST_000223,Q1_2024,2024-03-31,43.6,0,0.0,0.0,down
CUST_000223,Q2_2024,2024-06-30,42.4,0,0.0,0.0,down
CUST_000223,Q3_2024,2024-09-30,44.0,1,44.89,0.0,down
CUST_000223,Q4_2024,2024-12-31,33.3,0,0.0,0.0,down
CUST_000223,Q1_2025,2025-03-31,37.7,1,537.01,0.0,down
CUST_000223,Q2_2025,2025-06-30,40.7,2,611.7,0.5,down
CUST_000223,Q3_2025,2025-09-30,31.2,1,130.64,0.0,down
CUST_000223,Q4_2025,2025-12-31,18.7,0,0.0,0.0,down
CUST_000224,Q1_2023,2023-03-31,58.3,0,0.0,0.0,up
CUST_000224,Q2_2023,2023-06-30,54.6,0,0.0,0.0,up
CUST_000224,Q3_2023,2023-09-30,69.0,3,279.78,0.3333333333333333,up
CUST_000224,Q4_2023,2023-12-31,61.0,2,235.8,1.0,up
CUST_000224,Q1_2024,2024-03-31,69.7,1,180.27,0.0,up
CUST_000224,Q2_2024,2024-06-30,77.0,0,0.0,0.0,up
CUST_000224,Q3_2024,2024-09-30,60.6,0,0.0,0.0,up
CUST_000224,Q4_2024,2024-12-31,70.4,1,133.92,1.0,up
CUST_000224,Q1_2025,2025-03-31,75.3,2,293.47,0.0,up
CUST_000224,Q2_2025,2025-06-30,87.0,3,567.56,0.0,up
CUST_000224,Q3_2025,2025-09-30,78.1,1,346.93,0.0,up
CUST_000224,Q4_2025,2025-12-31,90.7,1,253.91,0.0,up
CUST_000225,Q1_2023,2023-03-31,71.9,2,113.94999999999999,0.5,down
CUST_000225,Q2_2023,2023-06-30,78.0,5,747.1500000000001,0.0,down
CUST_000225,Q3_2023,2023-09-30,73.9,5,696.41,0.2,down
CUST_000225,Q4_2023,2023-12-31,66.3,2,126.44,0.5,down
CUST_000225,Q1_2024,2024-03-31,78.5,5,1060.8400000000001,0.2,down
CUST_000225,Q2_2024,2024-06-30,67.5,0,0.0,0.0,down
CUST_000225,Q3_2024,2024-09-30,69.0,1,110.97,0.0,down
CUST_000225,Q4_2024,2024-12-31,76.4,1,75.4,0.0,down
CUST_000225,Q1_2025,2025-03-31,67.8,2,455.47,0.5,down
CUST_000225,Q2_2025,2025-06-30,68.3,3,549.0699999999999,0.3333333333333333,down
CUST_000225,Q3_2025,2025-09-30,62.0,5,389.9,0.0,down
CUST_000225,Q4_2025,2025-12-31,61.0,2,308.14,0.0,down
CUST_000226,Q1_2023,2023-03-31,42.3,3,328.77,0.3333333333333333,up
CUST_000226,Q2_2023,2023-06-30,39.7,1,428.21,0.0,up
CUST_000226,Q3_2023,2023-09-30,52.3,3,646.8299999999999,0.0,up
CUST_000226,Q4_2023,2023-12-31,49.8,1,14.87,0.0,up
CUST_000226,Q1_2024,2024-03-31,49.2,1,78.12,0.0,up
CUST_000226,Q2_2024,2024-06-30,52.1,2,332.25,0.5,up
CUST_000226,Q3_2024,2024-09-30,49.8,0,0.0,0.0,up
CUST_000226,Q4_2024,2024-12-31,44.4,0,0.0,0.0,up
CUST_000226,Q1_2025,2025-03-31,45.0,0,0.0,0.0,up
CUST_000226,Q2_2025,2025-06-30,50.8,0,0.0,0.0,up
CUST_000226,Q3_2025,2025-09-30,62.3,1,332.96,0.0,up
CUST_000226,Q4_2025,2025-12-31,52.7,2,67.97,0.5,up
CUST_000227,Q1_2023,2023-03-31,73.2,5,710.62,0.0,down
CUST_000227,Q2_2023,2023-06-30,82.1,1,116.42,0.0,down
CUST_000227,Q3_2023,2023-09-30,70.1,7,786.66,0.2857142857142857,down
CUST_000227,Q4_2023,2023-12-31,57.2,6,907.47,0.3333333333333333,down
CUST_000227,Q1_2024,2024-03-31,62.6,3,301.22,0.0,down
CUST_000227,Q2_2024,2024-06-30,58.2,3,186.01999999999998,0.0,down
CUST_000227,Q3_2024,2024-09-30,59.6,5,235.65,0.4,down
CUST_000227,Q4_2024,2024-12-31,58.0,4,385.32,0.25,down
CUST_000227,Q1_2025,2025-03-31,64.5,3,384.35,0.3333333333333333,down
CUST_000227,Q2_2025,2025-06-30,52.5,3,587.47,0.3333333333333333,down
CUST_000227,Q3_2025,2025-09-30,47.0,5,127.19999999999999,0.6,down
CUST_000227,Q4_2025,2025-12-31,45.8,6,478.55,0.16666666666666666,down
CUST_000228,Q1_2023,2023-03-31,48.7,2,324.05,1.0,up
CUST_000228,Q2_2023,2023-06-30,54.7,0,0.0,0.0,up
CUST_000228,Q3_2023,2023-09-30,57.2,2,215.87,0.0,up
CUST_000228,Q4_2023,2023-12-31,48.2,2,95.50999999999999,0.0,up
CUST_000228,Q1_2024,2024-03-31,52.5,0,0.0,0.0,up
CUST_000228,Q2_2024,2024-06-30,48.8,0,0.0,0.0,up
CUST_000228,Q3_2024,2024-09-30,52.1,2,540.16,0.0,up
CUST_000228,Q4_2024,2024-12-31,57.4,1,79.19,0.0,up
CUST_000228,Q1_2025,2025-03-31,57.2,0,0.0,0.0,up
CUST_000228,Q2_2025,2025-06-30,53.3,1,154.47,0.0,up
CUST_000228,Q3_2025,2025-09-30,65.7,1,18.43,1.0,up
CUST_000228,Q4_2025,2025-12-31,60.3,0,0.0,0.0,up
CUST_000229,Q1_2023,2023-03-31,66.9,1,195.25,0.0,up
CUST_000229,Q2_2023,2023-06-30,68.3,5,789.7,0.2,up
CUST_000229,Q3_2023,2023-09-30,66.2,2,295.43,0.5,up
CUST_000229,Q4_2023,2023-12-31,69.9,1,88.29,1.0,up
CUST_000229,Q1_2024,2024-03-31,71.8,0,0.0,0.0,up
CUST_000229,Q2_2024,2024-06-30,63.4,2,126.21000000000001,1.0,up
CUST_000229,Q3_2024,2024-09-30,72.1,2,48.31,0.5,up
CUST_000229,Q4_2024,2024-12-31,69.1,3,260.44,0.3333333333333333,up
CUST_000229,Q1_2025,2025-03-31,71.0,4,684.8299999999999,0.5,up
CUST_000229,Q2_2025,2025-06-30,81.0,2,142.14,0.0,up
CUST_000229,Q3_2025,2025-09-30,81.7,5,392.55999999999995,0.6,up
CUST_000229,Q4_2025,2025-12-31,83.5,0,0.0,0.0,up
CUST_000230,Q1_2023,2023-03-31,63.5,1,100.29,1.0,up
CUST_000230,Q2_2023,2023-06-30,70.6,4,337.7,0.0,up
CUST_000230,Q3_2023,2023-09-30,63.9,3,185.18,0.6666666666666666,up
CUST_000230,Q4_2023,2023-12-31,69.9,0,0.0,0.0,up
CUST_000230,Q1_2024,2024-03-31,69.1,3,381.63,0.0,up
CUST_000230,Q2_2024,2024-06-30,70.3,2,556.11,0.0,up
CUST_000230,Q3_2024,2024-09-30,77.9,2,187.32999999999998,0.0,up
CUST_000230,Q4_2024,2024-12-31,76.8,2,187.51999999999998,0.0,up
CUST_000230,Q1_2025,2025-03-31,78.1,3,206.54,0.3333333333333333,up
CUST_000230,Q2_2025,2025-06-30,71.3,3,234.39000000000001,0.6666666666666666,up
CUST_000230,Q3_2025,2025-09-30,79.9,4,467.94,0.75,up
CUST_000230,Q4_2025,2025-12-31,85.7,3,123.83,0.3333333333333333,up
CUST_000231,Q1_2023,2023-03-31,56.6,3,412.74,0.6666666666666666,down
CUST_000231,Q2_2023,2023-06-30,44.5,2,245.75,1.0,down
CUST_000231,Q3_2023,2023-09-30,47.3,3,83.63,0.6666666666666666,down
CUST_000231,Q4_2023,2023-12-31,46.8,0,0.0,0.0,down
CUST_000231,Q1_2024,2024-03-31,47.2,0,0.0,0.0,down
CUST_000231,Q2_2024,2024-06-30,49.5,2,119.28,0.5,down
CUST_000231,Q3_2024,2024-09-30,48.1,0,0.0,0.0,down
CUST_000231,Q4_2024,2024-12-31,35.3,0,0.0,0.0,down
CUST_000231,Q1_2025,2025-03-31,42.5,1,308.97,0.0,down
CUST_000231,Q2_2025,2025-06-30,39.2,0,0.0,0.0,down
CUST_000231,Q3_2025,2025-09-30,41.1,1,169.39,0.0,down
CUST_000231,Q4_2025,2025-12-31,39.8,0,0.0,0.0,down
CUST_000232,Q1_2023,2023-03-31,51.1,3,136.69,0.3333333333333333,down
CUST_000232,Q2_2023,2023-06-30,63.2,0,0.0,0.0,down
CUST_000232,Q3_2023,2023-09-30,52.2,1,47.59,1.0,down
CUST_000232,Q4_2023,2023-12-31,42.9,1,323.87,0.0,down
CUST_000232,Q1_2024,2024-03-31,42.8,2,114.35999999999999,0.5,down
CUST_000232,Q2_2024,2024-06-30,35.8,1,66.05,0.0,down
CUST_000232,Q3_2024,2024-09-30,38.5,3,566.55,0.0,down
CUST_000232,Q4_2024,2024-12-31,35.2,1,91.79,0.0,down
CUST_000232,Q1_2025,2025-03-31,36.0,3,289.69,0.6666666666666666,down
CUST_000232,Q2_2025,2025-06-30,29.7,6,797.52,0.16666666666666666,down
CUST_000232,Q3_2025,2025-09-30,38.7,1,92.57,0.0,down
CUST_000232,Q4_2025,2025-12-31,21.1,3,457.7,0.0,down
CUST_000233,Q1_2023,2023-03-31,66.9,4,288.96000000000004,0.25,up
CUST_000233,Q2_2023,2023-06-30,70.8,4,730.9,0.0,up
CUST_000233,Q3_2023,2023-09-30,68.1,3,555.22,0.0,up
CUST_000233,Q4_2023,2023-12-31,77.4,4,811.5799999999999,0.25,up
CUST_000233,Q1_2024,2024-03-31,68.6,2,332.64,0.0,up
CUST_000233,Q2_2024,2024-06-30,78.6,3,384.24,0.3333333333333333,up
CUST_000233,Q3_2024,2024-09-30,74.9,1,44.65,0.0,up
CUST_000233,Q4_2024,2024-12-31,87.3,3,385.26,0.0,up
CUST_000233,Q1_2025,2025-03-31,76.9,5,478.58,0.2,up
CUST_000233,Q2_2025,2025-06-30,86.5,1,67.82,0.0,up
CUST_000233,Q3_2025,2025-09-30,82.1,1,109.33,1.0,up
CUST_000233,Q4_2025,2025-12-31,86.2,3,162.65,0.3333333333333333,up
CUST_000234,Q1_2023,2023-03-31,51.3,1,44.85,0.0,down
CUST_000234,Q2_2023,2023-06-30,62.4,3,111.89,0.0,down
CUST_000234,Q3_2023,2023-09-30,54.1,1,10.0,0.0,down
CUST_000234,Q4_2023,2023-12-31,63.4,2,307.39,0.5,down
CUST_000234,Q1_2024,2024-03-31,52.2,1,34.61,1.0,down
CUST_000234,Q2_2024,2024-06-30,42.5,2,204.82000000000002,0.0,down
CUST_000234,Q3_2024,2024-09-30,50.0,3,282.14,0.3333333333333333,down
CUST_000234,Q4_2024,2024-12-31,49.5,0,0.0,0.0,down
CUST_000234,Q1_2025,2025-03-31,51.2,2,481.99,0.0,down
CUST_000234,Q2_2025,2025-06-30,46.8,3,250.28,0.3333333333333333,down
CUST_000234,Q3_2025,2025-09-30,57.4,3,266.02,0.0,down
CUST_000234,Q4_2025,2025-12-31,46.4,2,327.25,0.0,down
CUST_000235,Q1_2023,2023-03-31,78.7,7,657.4000000000001,0.7142857142857143,up
CUST_000235,Q2_2023,2023-06-30,80.2,5,773.8,0.2,up
CUST_000235,Q3_2023,2023-09-30,84.6,4,574.04,0.5,up
CUST_000235,Q4_2023,2023-12-31,89.6,5,625.53,0.2,up
CUST_000235,Q1_2024,2024-03-31,83.7,6,467.38,0.5,up
CUST_000235,Q2_2024,2024-06-30,86.3,7,934.22,0.14285714285714285,up
CUST_000235,Q3_2024,2024-09-30,96.4,7,698.31,0.7142857142857143,up
CUST_000235,Q4_2024,2024-12-31,83.3,2,116.42,0.0,up
CUST_000235,Q1_2025,2025-03-31,94.5,4,481.55,0.0,up
CUST_000235,Q2_2025,2025-06-30,97.5,2,228.44,0.5,up
CUST_000235,Q3_2025,2025-09-30,90.7,2,435.85999999999996,0.5,up
CUST_000235,Q4_2025,2025-12-31,100.0,1,94.46,0.0,up
CUST_000236,Q1_2023,2023-03-31,51.7,0,0.0,0.0,down
CUST_000236,Q2_2023,2023-06-30,56.0,1,257.01,0.0,down
CUST_000236,Q3_2023,2023-09-30,48.2,1,107.73,0.0,down
CUST_000236,Q4_2023,2023-12-31,49.3,1,121.78,0.0,down
CUST_000236,Q1_2024,2024-03-31,49.6,2,357.49,0.0,down
CUST_000236,Q2_2024,2024-06-30,37.7,0,0.0,0.0,down
CUST_000236,Q3_2024,2024-09-30,44.2,0,0.0,0.0,down
CUST_000236,Q4_2024,2024-12-31,49.3,2,143.47,0.0,down
CUST_000236,Q1_2025,2025-03-31,37.7,3,473.67,0.0,down
CUST_000236,Q2_2025,2025-06-30,40.6,3,457.24,0.0,down
CUST_000236,Q3_2025,2025-09-30,40.8,2,172.70999999999998,0.0,down
CUST_000236,Q4_2025,2025-12-31,39.9,1,310.39,0.0,down
CUST_000237,Q1_2023,2023-03-31,53.3,1,253.14,0.0,up
CUST_000237,Q2_2023,2023-06-30,58.1,2,312.53000000000003,0.5,up
CUST_000237,Q3_2023,2023-09-30,56.3,2,386.16999999999996,0.5,up
CUST_000237,Q4_2023,2023-12-31,59.3,1,60.8,0.0,up
CUST_000237,Q1_2024,2024-03-31,65.5,0,0.0,0.0,up
CUST_000237,Q2_2024,2024-06-30,64.2,0,0.0,0.0,up
CUST_000237,Q3_2024,2024-09-30,68.1,0,0.0,0.0,up
CUST_000237,Q4_2024,2024-12-31,68.7,1,295.21,0.0,up
CUST_000237,Q1_2025,2025-03-31,67.7,1,89.05,0.0,up
CUST_000237,Q2_2025,2025-06-30,65.1,2,108.4,0.5,up
CUST_000237,Q3_2025,2025-09-30,71.1,1,40.08,0.0,up
CUST_000237,Q4_2025,2025-12-31,76.8,1,172.39,0.0,up
CUST_000238,Q1_2023,2023-03-31,49.0,0,0.0,0.0,up
CUST_000238,Q2_2023,2023-06-30,49.7,1,112.1,0.0,up
CUST_000238,Q3_2023,2023-09-30,50.4,2,53.760000000000005,0.5,up
CUST_000238,Q4_2023,2023-12-31,55.3,3,215.62,0.0,up
CUST_000238,Q1_2024,2024-03-31,57.2,3,456.62,0.0,up
CUST_000238,Q2_2024,2024-06-30,51.6,2,95.63,0.5,up
CUST_000238,Q3_2024,2024-09-30,55.4,1,43.24,0.0,up
CUST_000238,Q4_2024,2024-12-31,60.3,2,202.92,0.0,up
CUST_000238,Q1_2025,2025-03-31,63.5,0,0.0,0.0,up
CUST_000238,Q2_2025,2025-06-30,61.9,0,0.0,0.0,up
CUST_000238,Q3_2025,2025-09-30,61.7,2,362.08,0.0,up
CUST_000238,Q4_2025,2025-12-31,57.2,2,191.97,0.5,up
CUST_000239,Q1_2023,2023-03-31,56.4,2,425.34,0.0,stable
CUST_000239,Q2_2023,2023-06-30,49.3,1,157.76,0.0,stable
CUST_000239,Q3_2023,2023-09-30,55.4,1,303.86,0.0,stable
CUST_000239,Q4_2023,2023-12-31,46.3,0,0.0,0.0,stable
CUST_000239,Q1_2024,2024-03-31,52.1,1,86.05,1.0,stable
CUST_000239,Q2_2024,2024-06-30,50.8,0,0.0,0.0,stable
CUST_000239,Q3_2024,2024-09-30,56.8,2,415.09999999999997,0.0,stable
CUST_000239,Q4_2024,2024-12-31,52.1,0,0.0,0.0,stable
CUST_000239,Q1_2025,2025-03-31,54.7,1,57.53,1.0,stable
CUST_000239,Q2_2025,2025-06-30,52.9,4,630.22,0.0,stable
CUST_000239,Q3_2025,2025-09-30,56.6,3,347.64,1.0,stable
CUST_000239,Q4_2025,2025-12-31,54.5,2,138.37,1.0,stable
CUST_000240,Q1_2023,2023-03-31,54.8,2,52.84,1.0,down
CUST_000240,Q2_2023,2023-06-30,58.1,1,26.94,1.0,down
CUST_000240,Q3_2023,2023-09-30,55.4,1,99.53,0.0,down
CUST_000240,Q4_2023,2023-12-31,56.0,3,497.27,0.6666666666666666,down
CUST_000240,Q1_2024,2024-03-31,51.4,1,336.06,0.0,down
CUST_000240,Q2_2024,2024-06-30,49.6,1,17.36,0.0,down
CUST_000240,Q3_2024,2024-09-30,41.0,2,140.05,0.5,down
CUST_000240,Q4_2024,2024-12-31,40.9,0,0.0,0.0,down
CUST_000240,Q1_2025,2025-03-31,30.4,2,173.13,0.5,down
CUST_000240,Q2_2025,2025-06-30,25.4,3,586.56,1.0,down
CUST_000240,Q3_2025,2025-09-30,26.3,2,391.84999999999997,1.0,down
CUST_000240,Q4_2025,2025-12-31,19.9,5,848.48,0.2,down
CUST_000241,Q1_2023,2023-03-31,82.2,4,166.71,0.5,down
CUST_000241,Q2_2023,2023-06-30,86.9,7,997.69,0.2857142857142857,down
CUST_000241,Q3_2023,2023-09-30,76.3,2,275.29,0.5,down
CUST_000241,Q4_2023,2023-12-31,67.2,2,256.85,0.5,down
CUST_000241,Q1_2024,2024-03-31,79.1,4,274.84000000000003,0.25,down
CUST_000241,Q2_2024,2024-06-30,67.1,3,152.79,0.6666666666666666,down
CUST_000241,Q3_2024,2024-09-30,70.6,3,259.28,0.3333333333333333,down
CUST_000241,Q4_2024,2024-12-31,69.7,5,967.23,0.2,down
CUST_000241,Q1_2025,2025-03-31,58.9,3,250.72,0.3333333333333333,down
CUST_000241,Q2_2025,2025-06-30,73.5,10,876.94,0.3,down
CUST_000241,Q3_2025,2025-09-30,77.1,9,1205.19,0.2222222222222222,down
CUST_000241,Q4_2025,2025-12-31,54.5,3,608.98,0.0,down
CUST_000242,Q1_2023,2023-03-31,56.0,1,23.51,1.0,up
CUST_000242,Q2_2023,2023-06-30,66.6,1,98.57,0.0,up
CUST_000242,Q3_2023,2023-09-30,60.0,0,0.0,0.0,up
CUST_000242,Q4_2023,2023-12-31,64.1,0,0.0,0.0,up
CUST_000242,Q1_2024,2024-03-31,71.1,3,172.07999999999998,0.3333333333333333,up
CUST_000242,Q2_2024,2024-06-30,76.1,0,0.0,0.0,up
CUST_000242,Q3_2024,2024-09-30,66.4,0,0.0,0.0,up
CUST_000242,Q4_2024,2024-12-31,72.0,1,28.18,0.0,up
CUST_000242,Q1_2025,2025-03-31,77.3,1,112.31,0.0,up
CUST_000242,Q2_2025,2025-06-30,74.4,1,132.55,0.0,up
CUST_000242,Q3_2025,2025-09-30,86.8,2,53.709999999999994,0.5,up
CUST_000242,Q4_2025,2025-12-31,84.7,2,386.9,1.0,up
CUST_000243,Q1_2023,2023-03-31,38.0,0,0.0,0.0,down
CUST_000243,Q2_2023,2023-06-30,40.0,0,0.0,0.0,down
CUST_000243,Q3_2023,2023-09-30,29.5,0,0.0,0.0,down
CUST_000243,Q4_2023,2023-12-31,43.1,1,37.49,0.0,down
CUST_000243,Q1_2024,2024-03-31,34.8,1,54.02,1.0,down
CUST_000243,Q2_2024,2024-06-30,30.8,1,23.26,1.0,down
CUST_000243,Q3_2024,2024-09-30,33.6,2,495.70000000000005,0.0,down
CUST_000243,Q4_2024,2024-12-31,37.7,0,0.0,0.0,down
CUST_000243,Q1_2025,2025-03-31,33.7,1,137.46,0.0,down
CUST_000243,Q2_2025,2025-06-30,38.3,1,33.53,1.0,down
CUST_000243,Q3_2025,2025-09-30,19.9,0,0.0,0.0,down
CUST_000243,Q4_2025,2025-12-31,18.1,0,0.0,0.0,down
CUST_000244,Q1_2023,2023-03-31,57.0,4,368.66,0.75,stable
CUST_000244,Q2_2023,2023-06-30,60.4,0,0.0,0.0,stable
CUST_000244,Q3_2023,2023-09-30,51.7,1,24.53,0.0,stable
CUST_000244,Q4_2023,2023-12-31,54.9,1,166.78,0.0,stable
CUST_000244,Q1_2024,2024-03-31,55.4,2,220.54000000000002,0.0,stable
CUST_000244,Q2_2024,2024-06-30,58.7,1,427.51,0.0,stable
CUST_000244,Q3_2024,2024-09-30,61.2,2,483.86,0.0,stable
CUST_000244,Q4_2024,2024-12-31,57.7,3,208.17000000000002,0.3333333333333333,stable
CUST_000244,Q1_2025,2025-03-31,51.3,1,311.39,1.0,stable
CUST_000244,Q2_2025,2025-06-30,53.6,2,495.03,0.0,stable
CUST_000244,Q3_2025,2025-09-30,59.9,1,36.18,1.0,stable
CUST_000244,Q4_2025,2025-12-31,64.7,3,320.52000000000004,0.6666666666666666,stable
CUST_000245,Q1_2023,2023-03-31,60.6,1,27.06,0.0,down
CUST_000245,Q2_2023,2023-06-30,55.1,0,0.0,0.0,down
CUST_000245,Q3_2023,2023-09-30,63.9,2,98.50999999999999,0.5,down
CUST_000245,Q4_2023,2023-12-31,51.5,0,0.0,0.0,down
CUST_000245,Q1_2024,2024-03-31,49.9,2,123.65,0.5,down
CUST_000245,Q2_2024,2024-06-30,51.4,3,623.07,0.3333333333333333,down
CUST_000245,Q3_2024,2024-09-30,53.6,4,480.09999999999997,0.75,down
CUST_000245,Q4_2024,2024-12-31,49.0,2,188.83,0.0,down
CUST_000245,Q1_2025,2025-03-31,47.6,2,142.26999999999998,0.0,down
CUST_000245,Q2_2025,2025-06-30,52.4,5,916.51,0.0,down
CUST_000245,Q3_2025,2025-09-30,41.3,3,601.48,0.3333333333333333,down
CUST_000245,Q4_2025,2025-12-31,45.1,4,513.9,0.5,down
CUST_000246,Q1_2023,2023-03-31,72.5,1,98.83,0.0,down
CUST_000246,Q2_2023,2023-06-30,74.7,1,200.55,1.0,down
CUST_000246,Q3_2023,2023-09-30,70.6,4,534.7099999999999,0.0,down
CUST_000246,Q4_2023,2023-12-31,64.8,0,0.0,0.0,down
CUST_000246,Q1_2024,2024-03-31,75.2,4,641.47,0.25,down
CUST_000246,Q2_2024,2024-06-30,83.4,2,136.57,0.5,down
CUST_000246,Q3_2024,2024-09-30,70.4,3,155.66,0.6666666666666666,down
CUST_000246,Q4_2024,2024-12-31,72.2,2,95.07,1.0,down
CUST_000246,Q1_2025,2025-03-31,69.1,2,304.74,0.5,down
CUST_000246,Q2_2025,2025-06-30,66.5,1,162.98,0.0,down
CUST_000246,Q3_2025,2025-09-30,71.7,2,271.52,0.0,down
CUST_000246,Q4_2025,2025-12-31,67.6,4,433.63,0.0,down
CUST_000247,Q1_2023,2023-03-31,54.7,0,0.0,0.0,down
CUST_000247,Q2_2023,2023-06-30,62.7,1,159.13,1.0,down
CUST_000247,Q3_2023,2023-09-30,60.6,1,194.52,0.0,down
CUST_000247,Q4_2023,2023-12-31,60.6,2,240.13,0.0,down
CUST_000247,Q1_2024,2024-03-31,46.9,0,0.0,0.0,down
CUST_000247,Q2_2024,2024-06-30,50.7,0,0.0,0.0,down
CUST_000247,Q3_2024,2024-09-30,61.6,3,406.95,0.3333333333333333,down
CUST_000247,Q4_2024,2024-12-31,42.2,3,272.68,0.3333333333333333,down
CUST_000247,Q1_2025,2025-03-31,44.1,2,162.36,0.5,down
CUST_000247,Q2_2025,2025-06-30,46.0,5,590.6,0.6,down
CUST_000247,Q3_2025,2025-09-30,41.5,4,240.31,0.25,down
CUST_000247,Q4_2025,2025-12-31,39.0,2,321.76,1.0,down
CUST_000248,Q1_2023,2023-03-31,53.1,2,89.92,0.5,stable
CUST_000248,Q2_2023,2023-06-30,51.1,0,0.0,0.0,stable
CUST_000248,Q3_2023,2023-09-30,38.2,0,0.0,0.0,stable
CUST_000248,Q4_2023,2023-12-31,48.4,0,0.0,0.0,stable
CUST_000248,Q1_2024,2024-03-31,55.0,2,83.59,0.5,stable
CUST_000248,Q2_2024,2024-06-30,52.4,2,104.16,0.5,stable
CUST_000248,Q3_2024,2024-09-30,51.2,4,208.82999999999998,0.5,stable
CUST_000248,Q4_2024,2024-12-31,54.5,3,333.75,1.0,stable
CUST_000248,Q1_2025,2025-03-31,53.5,2,123.88,0.5,stable
CUST_000248,Q2_2025,2025-06-30,58.5,3,447.52,0.0,stable
CUST_000248,Q3_2025,2025-09-30,55.9,2,163.64999999999998,0.0,stable
CUST_000248,Q4_2025,2025-12-31,53.6,1,149.33,1.0,stable
CUST_000249,Q1_2023,2023-03-31,46.9,1,62.08,1.0,stable
CUST_000249,Q2_2023,2023-06-30,62.8,2,271.82,0.0,stable
CUST_000249,Q3_2023,2023-09-30,44.9,2,218.12,0.0,stable
CUST_000249,Q4_2023,2023-12-31,52.2,0,0.0,0.0,stable
CUST_000249,Q1_2024,2024-03-31,49.5,0,0.0,0.0,stable
CUST_000249,Q2_2024,2024-06-30,52.2,2,78.8,0.5,stable
CUST_000249,Q3_2024,2024-09-30,52.4,0,0.0,0.0,stable
CUST_000249,Q4_2024,2024-12-31,46.6,0,0.0,0.0,stable
CUST_000249,Q1_2025,2025-03-31,55.1,0,0.0,0.0,stable
CUST_000249,Q2_2025,2025-06-30,56.4,1,43.62,1.0,stable
CUST_000249,Q3_2025,2025-09-30,50.5,0,0.0,0.0,stable
CUST_000249,Q4_2025,2025-12-31,55.3,1,221.41,0.0,stable
CUST_000250,Q1_2023,2023-03-31,73.4,1,41.99,1.0,up
CUST_000250,Q2_2023,2023-06-30,60.5,4,384.49,0.25,up
CUST_000250,Q3_2023,2023-09-30,74.0,1,336.35,0.0,up
CUST_000250,Q4_2023,2023-12-31,70.4,0,0.0,0.0,up
CUST_000250,Q1_2024,2024-03-31,79.8,2,107.31,0.0,up
CUST_000250,Q2_2024,2024-06-30,78.8,1,36.67,1.0,up
CUST_000250,Q3_2024,2024-09-30,73.5,0,0.0,0.0,up
CUST_000250,Q4_2024,2024-12-31,82.5,3,392.44,0.0,up
CUST_000250,Q1_2025,2025-03-31,91.1,1,19.22,0.0,up
CUST_000250,Q2_2025,2025-06-30,100.0,1,38.16,1.0,up
CUST_000250,Q3_2025,2025-09-30,85.6,0,0.0,0.0,up
CUST_000250,Q4_2025,2025-12-31,86.2,2,250.83999999999997,0.0,up
CUST_000251,Q1_2023,2023-03-31,60.1,3,130.98,0.3333333333333333,up
CUST_000251,Q2_2023,2023-06-30,68.6,5,516.13,0.2,up
CUST_000251,Q3_2023,2023-09-30,66.5,2,488.42,0.5,up
CUST_000251,Q4_2023,2023-12-31,62.1,1,79.18,0.0,up
CUST_000251,Q1_2024,2024-03-31,69.4,0,0.0,0.0,up
CUST_000251,Q2_2024,2024-06-30,65.0,2,231.41,0.5,up
CUST_000251,Q3_2024,2024-09-30,64.6,0,0.0,0.0,up
CUST_000251,Q4_2024,2024-12-31,81.8,3,410.95000000000005,0.0,up
CUST_000251,Q1_2025,2025-03-31,82.5,2,739.36,0.0,up
CUST_000251,Q2_2025,2025-06-30,69.0,2,235.95,0.5,up
CUST_000251,Q3_2025,2025-09-30,87.3,1,12.6,0.0,up
CUST_000251,Q4_2025,2025-12-31,85.3,3,472.69,0.0,up
CUST_000252,Q1_2023,2023-03-31,69.2,1,71.62,0.0,up
CUST_000252,Q2_2023,2023-06-30,59.4,3,391.16,0.6666666666666666,up
CUST_000252,Q3_2023,2023-09-30,67.1,2,96.0,0.5,up
CUST_000252,Q4_2023,2023-12-31,69.0,1,178.74,0.0,up
CUST_000252,Q1_2024,2024-03-31,74.7,2,75.96000000000001,0.0,up
CUST_000252,Q2_2024,2024-06-30,79.1,2,575.96,0.0,up
CUST_000252,Q3_2024,2024-09-30,70.0,1,224.3,0.0,up
CUST_000252,Q4_2024,2024-12-31,80.5,0,0.0,0.0,up
CUST_000252,Q1_2025,2025-03-31,84.6,2,127.56,0.5,up
CUST_000252,Q2_2025,2025-06-30,87.1,3,644.01,0.3333333333333333,up
CUST_000252,Q3_2025,2025-09-30,90.7,1,138.01,0.0,up
CUST_000252,Q4_2025,2025-12-31,100.0,2,467.42,0.0,up
CUST_000253,Q1_2023,2023-03-31,50.0,3,283.54,0.6666666666666666,stable
CUST_000253,Q2_2023,2023-06-30,54.0,1,197.42,0.0,stable
CUST_000253,Q3_2023,2023-09-30,53.5,2,418.43,0.0,stable
CUST_000253,Q4_2023,2023-12-31,47.9,5,397.03,0.0,stable
CUST_000253,Q1_2024,2024-03-31,54.7,0,0.0,0.0,stable
CUST_000253,Q2_2024,2024-06-30,52.4,1,22.15,0.0,stable
CUST_000253,Q3_2024,2024-09-30,52.9,0,0.0,0.0,stable
CUST_000253,Q4_2024,2024-12-31,51.3,0,0.0,0.0,stable
CUST_000253,Q1_2025,2025-03-31,54.9,2,160.35,0.0,stable
CUST_000253,Q2_2025,2025-06-30,50.1,1,59.07,1.0,stable
CUST_000253,Q3_2025,2025-09-30,52.4,3,649.44,0.0,stable
CUST_000253,Q4_2025,2025-12-31,47.6,1,58.89,0.0,stable
CUST_000254,Q1_2023,2023-03-31,57.1,2,151.65,0.0,stable
CUST_000254,Q2_2023,2023-06-30,57.1,1,73.33,1.0,stable
CUST_000254,Q3_2023,2023-09-30,56.8,1,178.19,0.0,stable
CUST_000254,Q4_2023,2023-12-31,60.2,1,265.64,1.0,stable
CUST_000254,Q1_2024,2024-03-31,51.3,1,85.92,0.0,stable
CUST_000254,Q2_2024,2024-06-30,55.1,2,198.85999999999999,0.5,stable
CUST_000254,Q3_2024,2024-09-30,58.0,2,378.65999999999997,0.0,stable
CUST_000254,Q4_2024,2024-12-31,58.5,0,0.0,0.0,stable
CUST_000254,Q1_2025,2025-03-31,53.5,3,490.33000000000004,0.3333333333333333,stable
CUST_000254,Q2_2025,2025-06-30,61.1,2,167.17,0.0,stable
CUST_000254,Q3_2025,2025-09-30,54.9,0,0.0,0.0,stable
CUST_000254,Q4_2025,2025-12-31,60.1,3,209.52,0.3333333333333333,stable
CUST_000255,Q1_2023,2023-03-31,75.9,2,125.73,1.0,up
CUST_000255,Q2_2023,2023-06-30,72.4,2,139.14,0.0,up
CUST_000255,Q3_2023,2023-09-30,74.7,1,75.42,1.0,up
CUST_000255,Q4_2023,2023-12-31,67.7,2,580.36,0.0,up
CUST_000255,Q1_2024,2024-03-31,65.9,1,138.11,0.0,up
CUST_000255,Q2_2024,2024-06-30,80.0,3,587.28,0.0,up
CUST_000255,Q3_2024,2024-09-30,84.0,3,284.27,0.0,up
CUST_000255,Q4_2024,2024-12-31,84.7,4,594.0799999999999,0.5,up
CUST_000255,Q1_2025,2025-03-31,73.5,4,818.5300000000001,0.0,up
CUST_000255,Q2_2025,2025-06-30,74.5,0,0.0,0.0,up
CUST_000255,Q3_2025,2025-09-30,70.4,4,477.25,0.0,up
CUST_000255,Q4_2025,2025-12-31,77.5,5,576.05,0.4,up
CUST_000256,Q1_2023,2023-03-31,46.0,2,254.46,0.5,down
CUST_000256,Q2_2023,2023-06-30,44.7,0,0.0,0.0,down
CUST_000256,Q3_2023,2023-09-30,41.1,2,489.16999999999996,0.0,down
CUST_000256,Q4_2023,2023-12-31,43.7,4,609.42,0.25,down
CUST_000256,Q1_2024,2024-03-31,38.6,0,0.0,0.0,down
CUST_000256,Q2_2024,2024-06-30,31.5,1,10.02,0.0,down
CUST_000256,Q3_2024,2024-09-30,32.1,1,9.88,1.0,down
CUST_000256,Q4_2024,2024-12-31,26.4,2,303.11,0.0,down
CUST_000256,Q1_2025,2025-03-31,29.2,3,222.6,0.3333333333333333,down
CUST_000256,Q2_2025,2025-06-30,26.8,2,223.7,0.0,down
CUST_000256,Q3_2025,2025-09-30,18.3,1,90.52,1.0,down
CUST_000256,Q4_2025,2025-12-31,17.1,3,188.24,0.3333333333333333,down
CUST_000257,Q1_2023,2023-03-31,53.1,3,400.55,0.3333333333333333,up
CUST_000257,Q2_2023,2023-06-30,44.4,3,530.02,0.0,up
CUST_000257,Q3_2023,2023-09-30,54.2,1,31.82,0.0,up
CUST_000257,Q4_2023,2023-12-31,57.6,1,56.8,0.0,up
CUST_000257,Q1_2024,2024-03-31,56.1,1,47.29,0.0,up
CUST_000257,Q2_2024,2024-06-30,55.0,0,0.0,0.0,up
CUST_000257,Q3_2024,2024-09-30,65.1,1,189.91,0.0,up
CUST_000257,Q4_2024,2024-12-31,54.8,2,52.31,1.0,up
CUST_000257,Q1_2025,2025-03-31,67.7,4,224.92000000000002,0.75,up
CUST_000257,Q2_2025,2025-06-30,62.8,2,251.22,0.0,up
CUST_000257,Q3_2025,2025-09-30,59.0,1,147.92,0.0,up
CUST_000257,Q4_2025,2025-12-31,69.4,3,140.26,0.6666666666666666,up
CUST_000258,Q1_2023,2023-03-31,51.0,0,0.0,0.0,stable
CUST_000258,Q2_2023,2023-06-30,63.6,2,48.64,0.5,stable
CUST_000258,Q3_2023,2023-09-30,62.1,0,0.0,0.0,stable
CUST_000258,Q4_2023,2023-12-31,60.0,2,282.90999999999997,0.5,stable
CUST_000258,Q1_2024,2024-03-31,61.8,3,253.17000000000002,0.3333333333333333,stable
CUST_000258,Q2_2024,2024-06-30,60.6,0,0.0,0.0,stable
CUST_000258,Q3_2024,2024-09-30,52.2,1,7.89,1.0,stable
CUST_000258,Q4_2024,2024-12-31,66.7,1,228.61,0.0,stable
CUST_000258,Q1_2025,2025-03-31,54.8,1,104.7,0.0,stable
CUST_000258,Q2_2025,2025-06-30,50.7,2,357.91999999999996,0.5,stable
CUST_000258,Q3_2025,2025-09-30,48.7,0,0.0,0.0,stable
CUST_000258,Q4_2025,2025-12-31,46.7,1,131.05,0.0,stable
CUST_000259,Q1_2023,2023-03-31,67.2,1,421.07,0.0,down
CUST_000259,Q2_2023,2023-06-30,69.7,3,367.65,0.3333333333333333,down
CUST_000259,Q3_2023,2023-09-30,66.5,4,503.13,0.5,down
CUST_000259,Q4_2023,2023-12-31,73.4,7,576.53,0.42857142857142855,down
CUST_000259,Q1_2024,2024-03-31,71.7,3,315.23,0.3333333333333333,down
CUST_000259,Q2_2024,2024-06-30,69.0,2,439.69,0.0,down
CUST_000259,Q3_2024,2024-09-30,54.0,1,161.88,0.0,down
CUST_000259,Q4_2024,2024-12-31,66.8,4,615.18,0.0,down
CUST_000259,Q1_2025,2025-03-31,62.9,4,547.39,0.0,down
CUST_000259,Q2_2025,2025-06-30,60.2,3,108.19999999999999,0.3333333333333333,down
CUST_000259,Q3_2025,2025-09-30,68.3,3,163.74,0.3333333333333333,down
CUST_000259,Q4_2025,2025-12-31,63.6,3,570.4100000000001,0.0,down
CUST_000260,Q1_2023,2023-03-31,68.8,5,151.91,0.8,stable
CUST_000260,Q2_2023,2023-06-30,73.1,3,342.97,0.3333333333333333,stable
CUST_000260,Q3_2023,2023-09-30,74.2,2,157.38,0.5,stable
CUST_000260,Q4_2023,2023-12-31,66.9,2,393.06999999999994,0.0,stable
CUST_000260,Q1_2024,2024-03-31,74.3,4,403.96,0.25,stable
CUST_000260,Q2_2024,2024-06-30,70.0,4,348.67,0.25,stable
CUST_000260,Q3_2024,2024-09-30,75.4,6,627.09,0.6666666666666666,stable
CUST_000260,Q4_2024,2024-12-31,78.4,2,155.57,0.0,stable
CUST_000260,Q1_2025,2025-03-31,85.4,4,382.53,0.0,stable
CUST_000260,Q2_2025,2025-06-30,84.0,3,393.35,0.0,stable
CUST_000260,Q3_2025,2025-09-30,70.1,2,330.82,0.0,stable
CUST_000260,Q4_2025,2025-12-31,87.0,4,280.46999999999997,0.25,stable
CUST_000261,Q1_2023,2023-03-31,47.3,2,275.45,0.5,stable
CUST_000261,Q2_2023,2023-06-30,46.0,4,234.56,0.5,stable
CUST_000261,Q3_2023,2023-09-30,49.6,0,0.0,0.0,stable
CUST_000261,Q4_2023,2023-12-31,49.2,2,57.64,1.0,stable
CUST_000261,Q1_2024,2024-03-31,48.3,3,114.43,1.0,stable
CUST_000261,Q2_2024,2024-06-30,47.0,0,0.0,0.0,stable
CUST_000261,Q3_2024,2024-09-30,57.3,3,294.15999999999997,0.0,stable
CUST_000261,Q4_2024,2024-12-31,50.1,0,0.0,0.0,stable
CUST_000261,Q1_2025,2025-03-31,47.0,1,248.66,0.0,stable
CUST_000261,Q2_2025,2025-06-30,43.3,0,0.0,0.0,stable
CUST_000261,Q3_2025,2025-09-30,46.6,2,446.11,0.5,stable
CUST_000261,Q4_2025,2025-12-31,48.8,1,46.0,1.0,stable
CUST_000262,Q1_2023,2023-03-31,71.1,1,21.33,1.0,stable
CUST_000262,Q2_2023,2023-06-30,75.5,4,537.5899999999999,0.75,stable
CUST_000262,Q3_2023,2023-09-30,70.4,1,85.96,0.0,stable
CUST_000262,Q4_2023,2023-12-31,72.5,1,440.62,0.0,stable
CUST_000262,Q1_2024,2024-03-31,67.5,3,232.85,0.3333333333333333,stable
CUST_000262,Q2_2024,2024-06-30,76.5,5,587.45,0.2,stable
CUST_000262,Q3_2024,2024-09-30,74.2,3,149.87,0.3333333333333333,stable
CUST_000262,Q4_2024,2024-12-31,77.8,3,416.39,0.0,stable
CUST_000262,Q1_2025,2025-03-31,78.4,3,510.82,0.3333333333333333,stable
CUST_000262,Q2_2025,2025-06-30,85.5,4,238.97,0.5,stable
CUST_000262,Q3_2025,2025-09-30,80.3,3,280.58000000000004,1.0,stable
CUST_000262,Q4_2025,2025-12-31,73.7,2,478.97,0.5,stable
CUST_000263,Q1_2023,2023-03-31,84.5,6,528.08,0.3333333333333333,stable
CUST_000263,Q2_2023,2023-06-30,71.3,4,577.02,0.75,stable
CUST_000263,Q3_2023,2023-09-30,67.0,1,125.74,0.0,stable
CUST_000263,Q4_2023,2023-12-31,75.5,3,173.63,0.0,stable
CUST_000263,Q1_2024,2024-03-31,70.0,2,75.65,0.5,stable
CUST_000263,Q2_2024,2024-06-30,84.6,2,402.4,0.0,stable
CUST_000263,Q3_2024,2024-09-30,64.5,1,139.1,0.0,stable
CUST_000263,Q4_2024,2024-12-31,72.7,2,341.26,0.0,stable
CUST_000263,Q1_2025,2025-03-31,81.7,3,757.37,0.3333333333333333,stable
CUST_000263,Q2_2025,2025-06-30,77.1,4,793.56,0.25,stable
CUST_000263,Q3_2025,2025-09-30,79.9,3,386.85,0.0,stable
CUST_000263,Q4_2025,2025-12-31,72.2,6,485.37,0.3333333333333333,stable
CUST_000264,Q1_2023,2023-03-31,60.7,2,70.15,0.5,up
CUST_000264,Q2_2023,2023-06-30,73.3,1,402.29,0.0,up
CUST_000264,Q3_2023,2023-09-30,77.8,6,314.88,0.3333333333333333,up
CUST_000264,Q4_2023,2023-12-31,80.2,3,397.59000000000003,0.3333333333333333,up
CUST_000264,Q1_2024,2024-03-31,78.6,3,607.69,0.3333333333333333,up
CUST_000264,Q2_2024,2024-06-30,90.6,3,536.3199999999999,0.0,up
CUST_000264,Q3_2024,2024-09-30,85.1,2,671.76,0.0,up
CUST_000264,Q4_2024,2024-12-31,90.7,2,261.8,0.5,up
CUST_000264,Q1_2025,2025-03-31,91.3,1,93.91,0.0,up
CUST_000264,Q2_2025,2025-06-30,81.2,0,0.0,0.0,up
CUST_000264,Q3_2025,2025-09-30,96.8,1,142.56,0.0,up
CUST_000264,Q4_2025,2025-12-31,100.0,4,632.44,0.0,up
CUST_000265,Q1_2023,2023-03-31,65.5,1,24.49,1.0,up
CUST_000265,Q2_2023,2023-06-30,55.1,0,0.0,0.0,up
CUST_000265,Q3_2023,2023-09-30,65.3,2,359.16999999999996,0.5,up
CUST_000265,Q4_2023,2023-12-31,62.0,2,346.57,0.0,up
CUST_000265,Q1_2024,2024-03-31,59.9,2,269.76,0.0,up
CUST_000265,Q2_2024,2024-06-30,61.8,1,157.08,0.0,up
CUST_000265,Q3_2024,2024-09-30,74.6,3,266.79,0.3333333333333333,up
CUST_000265,Q4_2024,2024-12-31,74.7,1,41.0,1.0,up
CUST_000265,Q1_2025,2025-03-31,68.1,2,313.36,0.0,up
CUST_000265,Q2_2025,2025-06-30,71.5,2,335.06,0.5,up
CUST_000265,Q3_2025,2025-09-30,67.0,2,489.31000000000006,0.5,up
CUST_000265,Q4_2025,2025-12-31,79.7,1,76.41,0.0,up
CUST_000266,Q1_2023,2023-03-31,67.5,3,371.52,0.0,stable
CUST_000266,Q2_2023,2023-06-30,70.4,1,53.67,1.0,stable
CUST_000266,Q3_2023,2023-09-30,65.3,1,79.88,1.0,stable
CUST_000266,Q4_2023,2023-12-31,63.0,2,208.04,0.5,stable
CUST_000266,Q1_2024,2024-03-31,58.4,1,333.4,1.0,stable
CUST_000266,Q2_2024,2024-06-30,58.1,0,0.0,0.0,stable
CUST_000266,Q3_2024,2024-09-30,62.5,3,140.13,0.3333333333333333,stable
CUST_000266,Q4_2024,2024-12-31,70.2,6,1109.3400000000001,0.3333333333333333,stable
CUST_000266,Q1_2025,2025-03-31,58.0,1,41.84,1.0,stable
CUST_000266,Q2_2025,2025-06-30,68.4,4,304.47,0.5,stable
CUST_000266,Q3_2025,2025-09-30,58.6,3,215.13,0.6666666666666666,stable
CUST_000266,Q4_2025,2025-12-31,55.6,4,767.61,0.25,stable
CUST_000267,Q1_2023,2023-03-31,54.6,3,358.78000000000003,0.3333333333333333,up
CUST_000267,Q2_2023,2023-06-30,49.9,0,0.0,0.0,up
CUST_000267,Q3_2023,2023-09-30,66.2,2,341.69,0.5,up
CUST_000267,Q4_2023,2023-12-31,55.9,2,38.58,1.0,up
CUST_000267,Q1_2024,2024-03-31,64.7,1,210.01,1.0,up
CUST_000267,Q2_2024,2024-06-30,59.1,1,180.46,0.0,up
CUST_000267,Q3_2024,2024-09-30,69.1,1,97.97,1.0,up
CUST_000267,Q4_2024,2024-12-31,69.9,3,323.40999999999997,0.3333333333333333,up
CUST_000267,Q1_2025,2025-03-31,71.9,3,211.8,0.3333333333333333,up
CUST_000267,Q2_2025,2025-06-30,79.1,2,115.14,0.0,up
CUST_000267,Q3_2025,2025-09-30,82.7,6,918.73,0.16666666666666666,up
CUST_000267,Q4_2025,2025-12-31,82.8,2,125.48,1.0,up
CUST_000268,Q1_2023,2023-03-31,43.2,1,42.88,0.0,up
CUST_000268,Q2_2023,2023-06-30,53.0,1,100.75,0.0,up
CUST_000268,Q3_2023,2023-09-30,64.7,0,0.0,0.0,up
CUST_000268,Q4_2023,2023-12-31,63.3,0,0.0,0.0,up
CUST_000268,Q1_2024,2024-03-31,58.6,1,73.82,1.0,up
CUST_000268,Q2_2024,2024-06-30,60.4,0,0.0,0.0,up
CUST_000268,Q3_2024,2024-09-30,53.3,0,0.0,0.0,up
CUST_000268,Q4_2024,2024-12-31,67.0,3,492.46999999999997,0.0,up
CUST_000268,Q1_2025,2025-03-31,63.7,3,535.65,0.3333333333333333,up
CUST_000268,Q2_2025,2025-06-30,61.5,1,80.47,0.0,up
CUST_000268,Q3_2025,2025-09-30,78.6,1,13.37,1.0,up
CUST_000268,Q4_2025,2025-12-31,68.3,0,0.0,0.0,up
CUST_000269,Q1_2023,2023-03-31,66.2,1,94.51,1.0,stable
CUST_000269,Q2_2023,2023-06-30,57.8,0,0.0,0.0,stable
CUST_000269,Q3_2023,2023-09-30,59.1,0,0.0,0.0,stable
CUST_000269,Q4_2023,2023-12-31,67.3,2,356.38,0.0,stable
CUST_000269,Q1_2024,2024-03-31,53.4,2,571.13,0.5,stable
CUST_000269,Q2_2024,2024-06-30,55.8,2,91.31,0.5,stable
CUST_000269,Q3_2024,2024-09-30,63.2,2,226.84,0.5,stable
CUST_000269,Q4_2024,2024-12-31,54.5,1,259.23,0.0,stable
CUST_000269,Q1_2025,2025-03-31,58.4,2,467.25,0.5,stable
CUST_000269,Q2_2025,2025-06-30,47.5,1,525.44,0.0,stable
CUST_000269,Q3_2025,2025-09-30,62.0,1,35.79,1.0,stable
CUST_000269,Q4_2025,2025-12-31,72.4,3,109.3,0.3333333333333333,stable
CUST_000270,Q1_2023,2023-03-31,52.1,1,20.52,0.0,stable
CUST_000270,Q2_2023,2023-06-30,60.6,0,0.0,0.0,stable
CUST_000270,Q3_2023,2023-09-30,57.7,2,505.22999999999996,0.0,stable
CUST_000270,Q4_2023,2023-12-31,56.2,0,0.0,0.0,stable
CUST_000270,Q1_2024,2024-03-31,58.7,1,132.28,0.0,stable
CUST_000270,Q2_2024,2024-06-30,58.4,3,144.01,0.0,stable
CUST_000270,Q3_2024,2024-09-30,43.8,0,0.0,0.0,stable
CUST_000270,Q4_2024,2024-12-31,57.3,1,79.83,0.0,stable
CUST_000270,Q1_2025,2025-03-31,65.8,2,567.91,0.0,stable
CUST_000270,Q2_2025,2025-06-30,59.3,1,133.01,0.0,stable
CUST_000270,Q3_2025,2025-09-30,48.7,1,133.01,0.0,stable
CUST_000270,Q4_2025,2025-12-31,54.6,2,285.61,0.0,stable
CUST_000271,Q1_2023,2023-03-31,61.3,0,0.0,0.0,down
CUST_000271,Q2_2023,2023-06-30,54.8,1,59.7,1.0,down
CUST_000271,Q3_2023,2023-09-30,55.6,0,0.0,0.0,down
CUST_000271,Q4_2023,2023-12-31,49.0,0,0.0,0.0,down
CUST_000271,Q1_2024,2024-03-31,49.6,0,0.0,0.0,down
CUST_000271,Q2_2024,2024-06-30,44.4,1,115.3,0.0,down
CUST_000271,Q3_2024,2024-09-30,39.7,1,170.93,0.0,down
CUST_000271,Q4_2024,2024-12-31,39.7,2,247.12,0.0,down
CUST_000271,Q1_2025,2025-03-31,21.4,3,140.22,1.0,down
CUST_000271,Q2_2025,2025-06-30,26.7,2,216.03,0.0,down
CUST_000271,Q3_2025,2025-09-30,30.9,0,0.0,0.0,down
CUST_000271,Q4_2025,2025-12-31,15.3,0,0.0,0.0,down
CUST_000272,Q1_2023,2023-03-31,54.2,0,0.0,0.0,down
CUST_000272,Q2_2023,2023-06-30,49.3,2,69.71000000000001,0.0,down
CUST_000272,Q3_2023,2023-09-30,42.3,1,31.17,0.0,down
CUST_000272,Q4_2023,2023-12-31,47.5,2,267.14,0.0,down
CUST_000272,Q1_2024,2024-03-31,41.4,3,451.39000000000004,0.0,down
CUST_000272,Q2_2024,2024-06-30,48.0,0,0.0,0.0,down
CUST_000272,Q3_2024,2024-09-30,50.1,0,0.0,0.0,down
CUST_000272,Q4_2024,2024-12-31,44.1,4,554.1,0.0,down
CUST_000272,Q1_2025,2025-03-31,50.3,1,107.98,0.0,down
CUST_000272,Q2_2025,2025-06-30,45.7,2,154.95999999999998,0.0,down
CUST_000272,Q3_2025,2025-09-30,43.1,0,0.0,0.0,down
CUST_000272,Q4_2025,2025-12-31,42.4,1,104.2,1.0,down
CUST_000273,Q1_2023,2023-03-31,73.2,3,330.19,0.6666666666666666,up
CUST_000273,Q2_2023,2023-06-30,77.1,1,587.23,0.0,up
CUST_000273,Q3_2023,2023-09-30,78.4,4,541.37,0.25,up
CUST_000273,Q4_2023,2023-12-31,82.2,6,564.55,0.16666666666666666,up
CUST_000273,Q1_2024,2024-03-31,77.2,5,743.47,0.2,up
CUST_000273,Q2_2024,2024-06-30,83.5,8,1221.01,0.5,up
CUST_000273,Q3_2024,2024-09-30,88.6,6,638.11,0.16666666666666666,up
CUST_000273,Q4_2024,2024-12-31,86.5,6,259.57,0.6666666666666666,up
CUST_000273,Q1_2025,2025-03-31,96.4,4,443.39,0.25,up
CUST_000273,Q2_2025,2025-06-30,100.0,3,343.85,0.3333333333333333,up
CUST_000273,Q3_2025,2025-09-30,98.2,7,374.79,0.2857142857142857,up
CUST_000273,Q4_2025,2025-12-31,100.0,4,256.14000000000004,0.25,up
CUST_000274,Q1_2023,2023-03-31,65.9,2,511.33000000000004,0.5,stable
CUST_000274,Q2_2023,2023-06-30,51.8,1,41.92,1.0,stable
CUST_000274,Q3_2023,2023-09-30,45.6,0,0.0,0.0,stable
CUST_000274,Q4_2023,2023-12-31,60.4,0,0.0,0.0,stable
CUST_000274,Q1_2024,2024-03-31,53.3,3,247.65000000000003,0.3333333333333333,stable
CUST_000274,Q2_2024,2024-06-30,48.5,1,243.19,0.0,stable
CUST_000274,Q3_2024,2024-09-30,59.5,1,430.13,0.0,stable
CUST_000274,Q4_2024,2024-12-31,56.6,1,91.8,1.0,stable
CUST_000274,Q1_2025,2025-03-31,57.0,1,37.12,1.0,stable
CUST_000274,Q2_2025,2025-06-30,60.5,1,99.37,0.0,stable
CUST_000274,Q3_2025,2025-09-30,64.4,0,0.0,0.0,stable
CUST_000274,Q4_2025,2025-12-31,58.5,1,90.09,0.0,stable
CUST_000275,Q1_2023,2023-03-31,58.4,3,132.84,0.6666666666666666,down
CUST_000275,Q2_2023,2023-06-30,55.9,1,154.09,0.0,down
CUST_000275,Q3_2023,2023-09-30,47.6,2,98.41,0.5,down
CUST_000275,Q4_2023,2023-12-31,48.9,1,143.3,0.0,down
CUST_000275,Q1_2024,2024-03-31,39.6,1,131.1,0.0,down
CUST_000275,Q2_2024,2024-06-30,38.7,1,131.1,0.0,down
CUST_000275,Q3_2024,2024-09-30,48.9,4,328.17,0.0,down
CUST_000275,Q4_2024,2024-12-31,49.7,1,78.85,1.0,down
CUST_000275,Q1_2025,2025-03-31,41.8,0,0.0,0.0,down
CUST_000275,Q2_2025,2025-06-30,42.8,2,195.19,0.0,down
CUST_000275,Q3_2025,2025-09-30,46.9,1,40.39,0.0,down
CUST_000275,Q4_2025,2025-12-31,39.9,0,0.0,0.0,down
CUST_000276,Q1_2023,2023-03-31,50.2,1,28.51,0.0,down
CUST_000276,Q2_2023,2023-06-30,42.6,0,0.0,0.0,down
CUST_000276,Q3_2023,2023-09-30,40.9,1,10.0,0.0,down
CUST_000276,Q4_2023,2023-12-31,30.4,1,43.36,0.0,down
CUST_000276,Q1_2024,2024-03-31,46.2,0,0.0,0.0,down
CUST_000276,Q2_2024,2024-06-30,38.3,1,87.78,0.0,down
CUST_000276,Q3_2024,2024-09-30,23.8,1,71.9,1.0,down
CUST_000276,Q4_2024,2024-12-31,29.4,1,14.23,0.0,down
CUST_000276,Q1_2025,2025-03-31,35.2,0,0.0,0.0,down
CUST_000276,Q2_2025,2025-06-30,22.8,1,29.32,1.0,down
CUST_000276,Q3_2025,2025-09-30,29.2,1,148.41,0.0,down
CUST_000276,Q4_2025,2025-12-31,35.3,1,308.38,0.0,down
CUST_000277,Q1_2023,2023-03-31,66.8,2,270.7,0.0,stable
CUST_000277,Q2_2023,2023-06-30,72.3,2,223.28,1.0,stable
CUST_000277,Q3_2023,2023-09-30,67.4,2,157.0,0.5,stable
CUST_000277,Q4_2023,2023-12-31,61.9,1,38.56,0.0,stable
CUST_000277,Q1_2024,2024-03-31,68.3,3,301.35,0.3333333333333333,stable
CUST_000277,Q2_2024,2024-06-30,68.3,3,324.55,0.6666666666666666,stable
CUST_000277,Q3_2024,2024-09-30,76.5,3,508.49,0.3333333333333333,stable
CUST_000277,Q4_2024,2024-12-31,74.8,1,6.73,1.0,stable
CUST_000277,Q1_2025,2025-03-31,61.9,0,0.0,0.0,stable
CUST_000277,Q2_2025,2025-06-30,69.1,1,244.05,0.0,stable
CUST_000277,Q3_2025,2025-09-30,63.5,0,0.0,0.0,stable
CUST_000277,Q4_2025,2025-12-31,63.9,4,281.77,0.5,stable
CUST_000278,Q1_2023,2023-03-31,57.3,4,618.61,0.25,up
CUST_000278,Q2_2023,2023-06-30,49.4,3,299.4,0.0,up
CUST_000278,Q3_2023,2023-09-30,62.0,1,23.38,1.0,up
CUST_000278,Q4_2023,2023-12-31,55.8,3,141.66,0.6666666666666666,up
CUST_000278,Q1_2024,2024-03-31,50.0,4,164.08,0.5,up
CUST_000278,Q2_2024,2024-06-30,61.3,0,0.0,0.0,up
CUST_000278,Q3_2024,2024-09-30,66.7,2,91.13,0.5,up
CUST_000278,Q4_2024,2024-12-31,60.1,1,57.25,1.0,up
CUST_000278,Q1_2025,2025-03-31,64.6,3,216.13,0.6666666666666666,up
CUST_000278,Q2_2025,2025-06-30,58.2,0,0.0,0.0,up
CUST_000278,Q3_2025,2025-09-30,53.3,0,0.0,0.0,up
CUST_000278,Q4_2025,2025-12-31,67.8,5,841.14,0.2,up
CUST_000279,Q1_2023,2023-03-31,56.7,3,583.96,0.0,down
CUST_000279,Q2_2023,2023-06-30,53.1,4,247.44,0.25,down
CUST_000279,Q3_2023,2023-09-30,50.8,2,426.63,0.5,down
CUST_000279,Q4_2023,2023-12-31,49.7,0,0.0,0.0,down
CUST_000279,Q1_2024,2024-03-31,40.4,1,32.42,0.0,down
CUST_000279,Q2_2024,2024-06-30,46.1,1,25.78,1.0,down
CUST_000279,Q3_2024,2024-09-30,38.8,1,25.78,1.0,down
CUST_000279,Q4_2024,2024-12-31,32.2,1,65.74,0.0,down
CUST_000279,Q1_2025,2025-03-31,33.0,1,152.3,0.0,down
CUST_000279,Q2_2025,2025-06-30,31.8,3,737.83,0.0,down
CUST_000279,Q3_2025,2025-09-30,33.4,1,57.03,0.0,down
CUST_000279,Q4_2025,2025-12-31,30.1,3,156.59,0.3333333333333333,down
CUST_000280,Q1_2023,2023-03-31,59.5,0,0.0,0.0,up
CUST_000280,Q2_2023,2023-06-30,51.6,2,102.97,0.0,up
CUST_000280,Q3_2023,2023-09-30,52.0,1,311.67,0.0,up
CUST_000280,Q4_2023,2023-12-31,53.8,1,113.65,0.0,up
CUST_000280,Q1_2024,2024-03-31,55.0,4,208.64,0.25,up
CUST_000280,Q2_2024,2024-06-30,59.4,0,0.0,0.0,up
CUST_000280,Q3_2024,2024-09-30,62.2,2,230.42999999999998,0.5,up
CUST_000280,Q4_2024,2024-12-31,54.2,1,56.62,1.0,up
CUST_000280,Q1_2025,2025-03-31,53.4,2,179.51,0.5,up
CUST_000280,Q2_2025,2025-06-30,65.7,3,170.98000000000002,0.0,up
CUST_000280,Q3_2025,2025-09-30,64.5,1,225.17,0.0,up
CUST_000280,Q4_2025,2025-12-31,69.9,0,0.0,0.0,up
CUST_000281,Q1_2023,2023-03-31,64.0,2,404.53999999999996,0.0,stable
CUST_000281,Q2_2023,2023-06-30,71.0,0,0.0,0.0,stable
CUST_000281,Q3_2023,2023-09-30,69.9,0,0.0,0.0,stable
CUST_000281,Q4_2023,2023-12-31,65.8,2,205.55,0.0,stable
CUST_000281,Q1_2024,2024-03-31,68.2,4,223.6,0.25,stable
CUST_000281,Q2_2024,2024-06-30,65.3,1,111.2,0.0,stable
CUST_000281,Q3_2024,2024-09-30,55.0,2,387.09000000000003,0.0,stable
CUST_000281,Q4_2024,2024-12-31,65.0,3,284.69,0.3333333333333333,stable
CUST_000281,Q1_2025,2025-03-31,61.0,1,502.57,0.0,stable
CUST_000281,Q2_2025,2025-06-30,61.5,3,429.7,0.0,stable
CUST_000281,Q3_2025,2025-09-30,73.6,8,1305.67,0.125,stable
CUST_000281,Q4_2025,2025-12-31,61.9,4,367.17999999999995,0.0,stable
CUST_000282,Q1_2023,2023-03-31,63.4,3,414.06,0.0,down
CUST_000282,Q2_2023,2023-06-30,62.8,2,67.05000000000001,0.0,down
CUST_000282,Q3_2023,2023-09-30,70.2,4,539.68,0.0,down
CUST_000282,Q4_2023,2023-12-31,52.5,2,581.78,0.0,down
CUST_000282,Q1_2024,2024-03-31,66.0,2,639.76,0.5,down
CUST_000282,Q2_2024,2024-06-30,52.7,0,0.0,0.0,down
CUST_000282,Q3_2024,2024-09-30,67.7,2,361.9,1.0,down
CUST_000282,Q4_2024,2024-12-31,53.2,5,921.76,0.4,down
CUST_000282,Q1_2025,2025-03-31,51.5,2,175.56,0.5,down
CUST_000282,Q2_2025,2025-06-30,37.8,2,406.90999999999997,0.0,down
CUST_000282,Q3_2025,2025-09-30,57.1,4,155.14,0.75,down
CUST_000282,Q4_2025,2025-12-31,45.5,2,237.31,0.0,down
CUST_000283,Q1_2023,2023-03-31,40.6,0,0.0,0.0,down
CUST_000283,Q2_2023,2023-06-30,48.3,0,0.0,0.0,down
CUST_000283,Q3_2023,2023-09-30,54.5,0,0.0,0.0,down
CUST_000283,Q4_2023,2023-12-31,47.3,1,28.43,1.0,down
CUST_000283,Q1_2024,2024-03-31,35.4,1,235.55,1.0,down
CUST_000283,Q2_2024,2024-06-30,39.6,2,127.21000000000001,0.5,down
CUST_000283,Q3_2024,2024-09-30,30.5,0,0.0,0.0,down
CUST_000283,Q4_2024,2024-12-31,43.6,0,0.0,0.0,down
CUST_000283,Q1_2025,2025-03-31,38.5,1,162.01,0.0,down
CUST_000283,Q2_2025,2025-06-30,37.6,0,0.0,0.0,down
CUST_000283,Q3_2025,2025-09-30,41.1,0,0.0,0.0,down
CUST_000283,Q4_2025,2025-12-31,41.4,0,0.0,0.0,down
CUST_000284,Q1_2023,2023-03-31,65.4,0,0.0,0.0,stable
CUST_000284,Q2_2023,2023-06-30,73.4,4,334.94,0.0,stable
CUST_000284,Q3_2023,2023-09-30,71.0,2,365.47,0.0,stable
CUST_000284,Q4_2023,2023-12-31,66.1,6,492.62,0.3333333333333333,stable
CUST_000284,Q1_2024,2024-03-31,63.1,4,422.25,0.25,stable
CUST_000284,Q2_2024,2024-06-30,71.9,2,228.99,0.0,stable
CUST_000284,Q3_2024,2024-09-30,68.7,3,457.48,0.0,stable
CUST_000284,Q4_2024,2024-12-31,73.1,2,73.24,0.5,stable
CUST_000284,Q1_2025,2025-03-31,65.3,3,179.13,0.0,stable
CUST_000284,Q2_2025,2025-06-30,75.4,4,328.42999999999995,0.5,stable
CUST_000284,Q3_2025,2025-09-30,72.8,5,282.12,0.4,stable
CUST_000284,Q4_2025,2025-12-31,70.8,8,968.91,0.25,stable
CUST_000285,Q1_2023,2023-03-31,68.4,4,803.14,0.25,down
CUST_000285,Q2_2023,2023-06-30,59.4,1,43.58,1.0,down
CUST_000285,Q3_2023,2023-09-30,74.5,1,36.63,1.0,down
CUST_000285,Q4_2023,2023-12-31,73.8,3,556.4200000000001,0.0,down
CUST_000285,Q1_2024,2024-03-31,58.4,2,360.8,0.0,down
CUST_000285,Q2_2024,2024-06-30,59.6,2,323.05,0.5,down
CUST_000285,Q3_2024,2024-09-30,68.1,2,99.69999999999999,1.0,down
CUST_000285,Q4_2024,2024-12-31,58.8,3,291.26,1.0,down
CUST_000285,Q1_2025,2025-03-31,64.5,4,412.67999999999995,0.25,down
CUST_000285,Q2_2025,2025-06-30,65.4,1,309.54,0.0,down
CUST_000285,Q3_2025,2025-09-30,54.7,2,118.99000000000001,0.0,down
CUST_000285,Q4_2025,2025-12-31,53.9,1,30.46,0.0,down
CUST_000286,Q1_2023,2023-03-31,66.5,0,0.0,0.0,up
CUST_000286,Q2_2023,2023-06-30,62.6,2,59.150000000000006,0.0,up
CUST_000286,Q3_2023,2023-09-30,75.1,4,359.85,0.25,up
CUST_000286,Q4_2023,2023-12-31,68.7,0,0.0,0.0,up
CUST_000286,Q1_2024,2024-03-31,83.4,1,154.31,0.0,up
CUST_000286,Q2_2024,2024-06-30,73.6,0,0.0,0.0,up
CUST_000286,Q3_2024,2024-09-30,80.9,1,70.03,0.0,up
CUST_000286,Q4_2024,2024-12-31,80.0,4,584.01,0.25,up
CUST_000286,Q1_2025,2025-03-31,75.6,1,373.77,0.0,up
CUST_000286,Q2_2025,2025-06-30,91.1,2,496.87,0.0,up
CUST_000286,Q3_2025,2025-09-30,94.0,1,95.11,0.0,up
CUST_000286,Q4_2025,2025-12-31,81.1,3,782.5,0.0,up
CUST_000287,Q1_2023,2023-03-31,45.5,0,0.0,0.0,stable
CUST_000287,Q2_2023,2023-06-30,57.0,2,684.4100000000001,0.0,stable
CUST_000287,Q3_2023,2023-09-30,42.3,2,579.08,0.5,stable
CUST_000287,Q4_2023,2023-12-31,63.8,4,504.64,0.25,stable
CUST_000287,Q1_2024,2024-03-31,50.0,2,256.69,0.5,stable
CUST_000287,Q2_2024,2024-06-30,52.4,1,91.02,0.0,stable
CUST_000287,Q3_2024,2024-09-30,54.2,2,328.25,0.0,stable
CUST_000287,Q4_2024,2024-12-31,60.6,1,52.75,1.0,stable
CUST_000287,Q1_2025,2025-03-31,45.3,2,383.52,0.5,stable
CUST_000287,Q2_2025,2025-06-30,52.9,1,41.56,1.0,stable
CUST_000287,Q3_2025,2025-09-30,46.4,2,104.49000000000001,0.5,stable
CUST_000287,Q4_2025,2025-12-31,58.8,4,131.82,0.75,stable
CUST_000288,Q1_2023,2023-03-31,69.0,3,301.11,0.3333333333333333,up
CUST_000288,Q2_2023,2023-06-30,73.3,2,158.33,1.0,up
CUST_000288,Q3_2023,2023-09-30,69.6,2,326.5,0.5,up
CUST_000288,Q4_2023,2023-12-31,82.4,1,17.36,1.0,up
CUST_000288,Q1_2024,2024-03-31,70.2,4,515.3100000000001,0.0,up
CUST_000288,Q2_2024,2024-06-30,77.0,3,123.02,0.0,up
CUST_000288,Q3_2024,2024-09-30,62.6,1,20.02,0.0,up
CUST_000288,Q4_2024,2024-12-31,78.9,4,638.37,0.0,up
CUST_000288,Q1_2025,2025-03-31,67.8,2,139.45,0.5,up
CUST_000288,Q2_2025,2025-06-30,85.3,2,248.28,0.0,up
CUST_000288,Q3_2025,2025-09-30,73.0,1,70.34,0.0,up
CUST_000288,Q4_2025,2025-12-31,72.5,2,118.21000000000001,0.0,up
CUST_000289,Q1_2023,2023-03-31,63.0,3,346.35,0.3333333333333333,down
CUST_000289,Q2_2023,2023-06-30,54.8,4,841.3,0.5,down
CUST_000289,Q3_2023,2023-09-30,56.3,3,219.14,0.3333333333333333,down
CUST_000289,Q4_2023,2023-12-31,59.6,0,0.0,0.0,down
CUST_000289,Q1_2024,2024-03-31,55.5,1,66.25,0.0,down
CUST_000289,Q2_2024,2024-06-30,63.5,3,461.48,0.6666666666666666,down
CUST_000289,Q3_2024,2024-09-30,64.0,2,319.78,0.5,down
CUST_000289,Q4_2024,2024-12-31,60.3,2,152.69,0.5,down
CUST_000289,Q1_2025,2025-03-31,49.1,0,0.0,0.0,down
CUST_000289,Q2_2025,2025-06-30,53.2,4,665.17,0.0,down
CUST_000289,Q3_2025,2025-09-30,50.2,2,317.94,0.0,down
CUST_000289,Q4_2025,2025-12-31,52.6,0,0.0,0.0,down
CUST_000290,Q1_2023,2023-03-31,58.3,2,281.38,0.5,down
CUST_000290,Q2_2023,2023-06-30,55.0,1,39.12,1.0,down
CUST_000290,Q3_2023,2023-09-30,59.2,0,0.0,0.0,down
CUST_000290,Q4_2023,2023-12-31,57.6,2,350.31,0.5,down
CUST_000290,Q1_2024,2024-03-31,47.9,1,21.32,1.0,down
CUST_000290,Q2_2024,2024-06-30,45.9,1,40.9,0.0,down
CUST_000290,Q3_2024,2024-09-30,33.2,0,0.0,0.0,down
CUST_000290,Q4_2024,2024-12-31,42.3,1,463.49,0.0,down
CUST_000290,Q1_2025,2025-03-31,36.9,0,0.0,0.0,down
CUST_000290,Q2_2025,2025-06-30,36.4,5,451.89,0.0,down
CUST_000290,Q3_2025,2025-09-30,31.6,3,184.91000000000003,0.3333333333333333,down
CUST_000290,Q4_2025,2025-12-31,35.4,2,85.48,1.0,down
CUST_000291,Q1_2023,2023-03-31,58.0,0,0.0,0.0,up
CUST_000291,Q2_2023,2023-06-30,52.6,1,366.89,0.0,up
CUST_000291,Q3_2023,2023-09-30,57.4,0,0.0,0.0,up
CUST_000291,Q4_2023,2023-12-31,55.9,3,190.20000000000002,0.6666666666666666,up
CUST_000291,Q1_2024,2024-03-31,62.8,2,125.86000000000001,0.5,up
CUST_000291,Q2_2024,2024-06-30,67.2,1,146.21,0.0,up
CUST_000291,Q3_2024,2024-09-30,59.9,4,784.18,0.25,up
CUST_000291,Q4_2024,2024-12-31,65.4,2,121.82999999999998,0.0,up
CUST_000291,Q1_2025,2025-03-31,75.9,1,80.35,0.0,up
CUST_000291,Q2_2025,2025-06-30,77.5,2,192.67,0.5,up
CUST_000291,Q3_2025,2025-09-30,79.8,1,29.23,1.0,up
CUST_000291,Q4_2025,2025-12-31,82.8,2,566.86,0.0,up
CUST_000292,Q1_2023,2023-03-31,65.4,2,280.35,0.0,stable
CUST_000292,Q2_2023,2023-06-30,66.2,2,159.06,0.0,stable
CUST_000292,Q3_2023,2023-09-30,59.6,2,155.11,0.0,stable
CUST_000292,Q4_2023,2023-12-31,51.4,2,80.37,1.0,stable
CUST_000292,Q1_2024,2024-03-31,61.5,1,387.02,0.0,stable
CUST_000292,Q2_2024,2024-06-30,51.4,0,0.0,0.0,stable
CUST_000292,Q3_2024,2024-09-30,61.8,0,0.0,0.0,stable
CUST_000292,Q4_2024,2024-12-31,56.2,2,507.27,0.0,stable
CUST_000292,Q1_2025,2025-03-31,47.8,1,78.99,1.0,stable
CUST_000292,Q2_2025,2025-06-30,60.3,1,48.05,0.0,stable
CUST_000292,Q3_2025,2025-09-30,66.5,0,0.0,0.0,stable
CUST_000292,Q4_2025,2025-12-31,57.0,2,218.23,0.0,stable
CUST_000293,Q1_2023,2023-03-31,75.6,2,81.78,0.0,stable
CUST_000293,Q2_2023,2023-06-30,74.6,2,206.01,0.5,stable
CUST_000293,Q3_2023,2023-09-30,76.9,3,605.53,0.0,stable
CUST_000293,Q4_2023,2023-12-31,70.8,1,50.2,0.0,stable
CUST_000293,Q1_2024,2024-03-31,71.2,1,24.27,0.0,stable
CUST_000293,Q2_2024,2024-06-30,72.8,4,1094.51,0.25,stable
CUST_000293,Q3_2024,2024-09-30,77.1,3,203.37,0.0,stable
CUST_000293,Q4_2024,2024-12-31,67.1,3,468.0,0.0,stable
CUST_000293,Q1_2025,2025-03-31,65.9,3,610.78,0.3333333333333333,stable
CUST_000293,Q2_2025,2025-06-30,79.0,6,751.17,0.3333333333333333,stable
CUST_000293,Q3_2025,2025-09-30,69.6,3,261.78999999999996,0.6666666666666666,stable
CUST_000293,Q4_2025,2025-12-31,78.2,2,171.73000000000002,0.0,stable
CUST_000294,Q1_2023,2023-03-31,59.2,2,178.92000000000002,0.5,down
CUST_000294,Q2_2023,2023-06-30,39.8,1,88.5,0.0,down
CUST_000294,Q3_2023,2023-09-30,51.9,1,47.63,1.0,down
CUST_000294,Q4_2023,2023-12-31,54.5,2,448.71000000000004,0.0,down
CUST_000294,Q1_2024,2024-03-31,53.7,1,57.64,1.0,down
CUST_000294,Q2_2024,2024-06-30,44.0,3,334.49,0.6666666666666666,down
CUST_000294,Q3_2024,2024-09-30,46.8,2,123.08,1.0,down
CUST_000294,Q4_2024,2024-12-31,55.1,1,107.63,1.0,down
CUST_000294,Q1_2025,2025-03-31,58.2,1,107.63,1.0,down
CUST_000294,Q2_2025,2025-06-30,49.1,1,234.75,0.0,down
CUST_000294,Q3_2025,2025-09-30,44.3,1,159.76,0.0,down
CUST_000294,Q4_2025,2025-12-31,35.6,2,275.59000000000003,0.0,down
CUST_000295,Q1_2023,2023-03-31,47.1,1,31.13,0.0,down
CUST_000295,Q2_2023,2023-06-30,40.8,0,0.0,0.0,down
CUST_000295,Q3_2023,2023-09-30,50.0,2,148.29,0.0,down
CUST_000295,Q4_2023,2023-12-31,37.7,3,426.51,0.0,down
CUST_000295,Q1_2024,2024-03-31,40.4,1,31.93,0.0,down
CUST_000295,Q2_2024,2024-06-30,31.6,1,49.13,1.0,down
CUST_000295,Q3_2024,2024-09-30,35.9,0,0.0,0.0,down
CUST_000295,Q4_2024,2024-12-31,27.6,2,315.05,0.0,down
CUST_000295,Q1_2025,2025-03-31,27.0,1,56.02,0.0,down
CUST_000295,Q2_2025,2025-06-30,21.8,1,552.26,1.0,down
CUST_000295,Q3_2025,2025-09-30,22.5,1,552.26,1.0,down
CUST_000295,Q4_2025,2025-12-31,11.6,1,194.77,0.0,down
CUST_000296,Q1_2023,2023-03-31,60.8,0,0.0,0.0,stable
CUST_000296,Q2_2023,2023-06-30,50.6,1,110.73,0.0,stable
CUST_000296,Q3_2023,2023-09-30,60.2,2,173.82,0.0,stable
CUST_000296,Q4_2023,2023-12-31,62.8,1,67.75,0.0,stable
CUST_000296,Q1_2024,2024-03-31,49.6,2,67.08,0.5,stable
CUST_000296,Q2_2024,2024-06-30,50.7,1,156.56,0.0,stable
CUST_000296,Q3_2024,2024-09-30,51.3,1,29.42,1.0,stable
CUST_000296,Q4_2024,2024-12-31,64.0,2,100.42,0.0,stable
CUST_000296,Q1_2025,2025-03-31,49.4,2,174.47,1.0,stable
CUST_000296,Q2_2025,2025-06-30,53.0,2,70.43,0.0,stable
CUST_000296,Q3_2025,2025-09-30,47.7,3,151.45,0.3333333333333333,stable
CUST_000296,Q4_2025,2025-12-31,59.0,2,366.59000000000003,0.5,stable
CUST_000297,Q1_2023,2023-03-31,57.8,0,0.0,0.0,stable
CUST_000297,Q2_2023,2023-06-30,59.2,2,86.28999999999999,0.0,stable
CUST_000297,Q3_2023,2023-09-30,51.2,2,524.34,0.0,stable
CUST_000297,Q4_2023,2023-12-31,48.6,3,335.04999999999995,0.3333333333333333,stable
CUST_000297,Q1_2024,2024-03-31,64.8,0,0.0,0.0,stable
CUST_000297,Q2_2024,2024-06-30,58.6,1,110.28,0.0,stable
CUST_000297,Q3_2024,2024-09-30,57.7,3,287.59,0.3333333333333333,stable
CUST_000297,Q4_2024,2024-12-31,62.2,1,38.36,0.0,stable
CUST_000297,Q1_2025,2025-03-31,58.9,4,682.0799999999999,0.0,stable
CUST_000297,Q2_2025,2025-06-30,51.3,1,26.72,1.0,stable
CUST_000297,Q3_2025,2025-09-30,44.7,1,59.28,1.0,stable
CUST_000297,Q4_2025,2025-12-31,64.2,1,59.28,1.0,stable
CUST_000298,Q1_2023,2023-03-31,65.9,0,0.0,0.0,down
CUST_000298,Q2_2023,2023-06-30,56.0,0,0.0,0.0,down
CUST_000298,Q3_2023,2023-09-30,55.1,1,62.26,0.0,down
CUST_000298,Q4_2023,2023-12-31,56.4,1,16.13,0.0,down
CUST_000298,Q1_2024,2024-03-31,47.1,2,152.57999999999998,0.0,down
CUST_000298,Q2_2024,2024-06-30,43.3,3,315.78000000000003,0.6666666666666666,down
CUST_000298,Q3_2024,2024-09-30,40.0,0,0.0,0.0,down
CUST_000298,Q4_2024,2024-12-31,41.5,2,59.95,0.5,down
CUST_000298,Q1_2025,2025-03-31,43.4,2,84.71000000000001,0.0,down
CUST_000298,Q2_2025,2025-06-30,28.7,1,45.75,0.0,down
CUST_000298,Q3_2025,2025-09-30,30.0,2,463.71,0.0,down
CUST_000298,Q4_2025,2025-12-31,17.9,3,157.6,0.3333333333333333,down
CUST_000299,Q1_2023,2023-03-31,63.3,1,179.03,0.0,up
CUST_000299,Q2_2023,2023-06-30,48.3,1,183.72,0.0,up
CUST_000299,Q3_2023,2023-09-30,62.8,1,27.2,0.0,up
CUST_000299,Q4_2023,2023-12-31,64.4,3,578.83,0.3333333333333333,up
CUST_000299,Q1_2024,2024-03-31,54.7,4,440.31,0.25,up
CUST_000299,Q2_2024,2024-06-30,60.9,2,48.0,0.5,up
CUST_000299,Q3_2024,2024-09-30,56.3,0,0.0,0.0,up
CUST_000299,Q4_2024,2024-12-31,67.7,4,1079.87,0.25,up
CUST_000299,Q1_2025,2025-03-31,74.3,1,169.49,0.0,up
CUST_000299,Q2_2025,2025-06-30,70.7,1,53.66,0.0,up
CUST_000299,Q3_2025,2025-09-30,70.2,1,53.66,0.0,up
CUST_000299,Q4_2025,2025-12-31,77.9,1,251.43,0.0,up
CUST_000300,Q1_2023,2023-03-31,53.4,1,91.95,0.0,stable
CUST_000300,Q2_2023,2023-06-30,58.5,3,718.24,0.3333333333333333,stable
CUST_000300,Q3_2023,2023-09-30,57.4,2,464.39,0.0,stable
CUST_000300,Q4_2023,2023-12-31,51.7,3,154.98000000000002,0.0,stable
CUST_000300,Q1_2024,2024-03-31,50.8,2,156.72,0.5,stable
CUST_000300,Q2_2024,2024-06-30,47.5,1,117.43,0.0,stable
CUST_000300,Q3_2024,2024-09-30,50.5,0,0.0,0.0,stable
CUST_000300,Q4_2024,2024-12-31,61.7,2,470.93999999999994,0.0,stable
CUST_000300,Q1_2025,2025-03-31,56.3,3,397.44,0.3333333333333333,stable
CUST_000300,Q2_2025,2025-06-30,53.9,3,434.33,0.3333333333333333,stable
CUST_000300,Q3_2025,2025-09-30,48.3,0,0.0,0.0,stable
CUST_000300,Q4_2025,2025-12-31,59.6,2,360.78999999999996,0.5,stable
CUST_000301,Q1_2023,2023-03-31,52.4,2,133.67000000000002,1.0,down
CUST_000301,Q2_2023,2023-06-30,44.5,0,0.0,0.0,down
CUST_000301,Q3_2023,2023-09-30,44.6,2,298.02000000000004,0.5,down
CUST_000301,Q4_2023,2023-12-31,42.1,3,74.13,1.0,down
CUST_000301,Q1_2024,2024-03-31,28.3,2,489.04999999999995,0.0,down
CUST_000301,Q2_2024,2024-06-30,37.4,0,0.0,0.0,down
CUST_000301,Q3_2024,2024-09-30,24.4,3,225.31,0.3333333333333333,down
CUST_000301,Q4_2024,2024-12-31,40.1,0,0.0,0.0,down
CUST_000301,Q1_2025,2025-03-31,23.2,0,0.0,0.0,down
CUST_000301,Q2_2025,2025-06-30,34.3,0,0.0,0.0,down
CUST_000301,Q3_2025,2025-09-30,24.7,2,164.53,0.5,down
CUST_000301,Q4_2025,2025-12-31,24.9,5,852.33,0.4,down
CUST_000302,Q1_2023,2023-03-31,64.3,2,400.15,0.5,down
CUST_000302,Q2_2023,2023-06-30,60.3,2,611.63,0.0,down
CUST_000302,Q3_2023,2023-09-30,46.9,2,124.80000000000001,0.5,down
CUST_000302,Q4_2023,2023-12-31,53.2,2,476.67,0.5,down
CUST_000302,Q1_2024,2024-03-31,49.0,1,197.0,0.0,down
CUST_000302,Q2_2024,2024-06-30,40.1,2,164.11,0.5,down
CUST_000302,Q3_2024,2024-09-30,43.6,5,219.82,0.4,down
CUST_000302,Q4_2024,2024-12-31,42.8,2,416.32,0.0,down
CUST_000302,Q1_2025,2025-03-31,34.7,3,557.46,0.6666666666666666,down
CUST_000302,Q2_2025,2025-06-30,36.9,3,127.94,0.6666666666666666,down
CUST_000302,Q3_2025,2025-09-30,32.4,0,0.0,0.0,down
CUST_000302,Q4_2025,2025-12-31,29.3,1,296.04,0.0,down
CUST_000303,Q1_2023,2023-03-31,50.1,3,466.07,0.3333333333333333,down
CUST_000303,Q2_2023,2023-06-30,45.7,3,264.18,0.0,down
CUST_000303,Q3_2023,2023-09-30,51.6,1,109.87,0.0,down
CUST_000303,Q4_2023,2023-12-31,55.6,0,0.0,0.0,down
CUST_000303,Q1_2024,2024-03-31,45.0,1,42.19,1.0,down
CUST_000303,Q2_2024,2024-06-30,51.6,2,69.73,0.5,down
CUST_000303,Q3_2024,2024-09-30,42.7,1,314.98,0.0,down
CUST_000303,Q4_2024,2024-12-31,46.9,2,247.93,0.0,down
CUST_000303,Q1_2025,2025-03-31,42.4,2,500.61,0.0,down
CUST_000303,Q2_2025,2025-06-30,38.7,2,85.85,1.0,down
CUST_000303,Q3_2025,2025-09-30,42.5,1,128.83,0.0,down
CUST_000303,Q4_2025,2025-12-31,45.5,4,579.19,0.0,down
CUST_000304,Q1_2023,2023-03-31,50.7,1,70.29,0.0,stable
CUST_000304,Q2_2023,2023-06-30,53.3,1,46.86,0.0,stable
CUST_000304,Q3_2023,2023-09-30,45.8,2,572.34,0.0,stable
CUST_000304,Q4_2023,2023-12-31,52.6,4,500.42,0.5,stable
CUST_000304,Q1_2024,2024-03-31,46.3,6,493.40999999999997,0.0,stable
CUST_000304,Q2_2024,2024-06-30,47.3,2,161.76,0.5,stable
CUST_000304,Q3_2024,2024-09-30,38.9,2,427.83,0.0,stable
CUST_000304,Q4_2024,2024-12-31,50.6,0,0.0,0.0,stable
CUST_000304,Q1_2025,2025-03-31,48.9,2,72.87,0.5,stable
CUST_000304,Q2_2025,2025-06-30,47.6,2,73.92,0.0,stable
CUST_000304,Q3_2025,2025-09-30,56.8,3,270.26,0.3333333333333333,stable
CUST_000304,Q4_2025,2025-12-31,46.7,3,276.0,0.6666666666666666,stable
CUST_000305,Q1_2023,2023-03-31,73.7,2,124.76,0.5,up
CUST_000305,Q2_2023,2023-06-30,80.0,3,139.21,0.3333333333333333,up
CUST_000305,Q3_2023,2023-09-30,70.0,2,526.36,0.5,up
CUST_000305,Q4_2023,2023-12-31,77.7,0,0.0,0.0,up
CUST_000305,Q1_2024,2024-03-31,88.9,2,243.28,0.0,up
CUST_000305,Q2_2024,2024-06-30,82.6,4,656.03,0.25,up
CUST_000305,Q3_2024,2024-09-30,80.0,4,514.75,0.0,up
CUST_000305,Q4_2024,2024-12-31,74.6,2,164.82999999999998,0.0,up
CUST_000305,Q1_2025,2025-03-31,74.4,2,399.39,0.5,up
CUST_000305,Q2_2025,2025-06-30,78.1,1,61.72,0.0,up
CUST_000305,Q3_2025,2025-09-30,100.0,3,300.57,0.3333333333333333,up
CUST_000305,Q4_2025,2025-12-31,91.1,4,393.09000000000003,0.25,up
CUST_000306,Q1_2023,2023-03-31,73.9,4,410.15,0.0,down
CUST_000306,Q2_2023,2023-06-30,67.6,2,197.0,0.0,down
CUST_000306,Q3_2023,2023-09-30,72.7,3,108.83,0.6666666666666666,down
CUST_000306,Q4_2023,2023-12-31,68.5,3,489.37000000000006,0.3333333333333333,down
CUST_000306,Q1_2024,2024-03-31,61.2,1,58.48,0.0,down
CUST_000306,Q2_2024,2024-06-30,56.8,1,53.89,0.0,down
CUST_000306,Q3_2024,2024-09-30,55.1,3,194.32999999999998,0.3333333333333333,down
CUST_000306,Q4_2024,2024-12-31,62.6,4,544.0,0.0,down
CUST_000306,Q1_2025,2025-03-31,61.5,3,946.22,0.0,down
CUST_000306,Q2_2025,2025-06-30,65.5,3,390.87,0.3333333333333333,down
CUST_000306,Q3_2025,2025-09-30,68.7,3,219.0,0.3333333333333333,down
CUST_000306,Q4_2025,2025-12-31,55.1,2,121.31,0.0,down
CUST_000307,Q1_2023,2023-03-31,59.5,2,194.22,0.0,up
CUST_000307,Q2_2023,2023-06-30,72.3,2,280.74,0.5,up
CUST_000307,Q3_2023,2023-09-30,72.0,4,670.3499999999999,0.0,up
CUST_000307,Q4_2023,2023-12-31,56.0,3,402.04999999999995,0.0,up
CUST_000307,Q1_2024,2024-03-31,73.8,2,140.25,0.0,up
CUST_000307,Q2_2024,2024-06-30,62.4,2,151.34,0.5,up
CUST_000307,Q3_2024,2024-09-30,64.3,0,0.0,0.0,up
CUST_000307,Q4_2024,2024-12-31,72.7,5,317.74,0.4,up
CUST_000307,Q1_2025,2025-03-31,66.1,2,249.92000000000002,0.5,up
CUST_000307,Q2_2025,2025-06-30,66.7,3,181.95,0.6666666666666666,up
CUST_000307,Q3_2025,2025-09-30,68.8,5,501.03,0.4,up
CUST_000307,Q4_2025,2025-12-31,76.3,0,0.0,0.0,up
CUST_000308,Q1_2023,2023-03-31,71.4,3,456.5,0.6666666666666666,stable
CUST_000308,Q2_2023,2023-06-30,65.9,2,94.31,0.0,stable
CUST_000308,Q3_2023,2023-09-30,76.9,5,409.46999999999997,0.6,stable
CUST_000308,Q4_2023,2023-12-31,82.4,7,541.5899999999999,0.5714285714285714,stable
CUST_000308,Q1_2024,2024-03-31,75.3,4,328.76,0.25,stable
CUST_000308,Q2_2024,2024-06-30,74.0,6,553.28,0.0,stable
CUST_000308,Q3_2024,2024-09-30,71.0,5,216.34,0.6,stable
CUST_000308,Q4_2024,2024-12-31,72.7,3,135.62,0.6666666666666666,stable
CUST_000308,Q1_2025,2025-03-31,74.8,5,422.57000000000005,0.2,stable
CUST_000308,Q2_2025,2025-06-30,68.2,3,222.31,0.0,stable
CUST_000308,Q3_2025,2025-09-30,69.1,2,193.82,0.0,stable
CUST_000308,Q4_2025,2025-12-31,70.6,2,125.85,0.0,stable
CUST_000309,Q1_2023,2023-03-31,64.9,3,443.83,0.6666666666666666,up
CUST_000309,Q2_2023,2023-06-30,71.7,5,411.1,0.0,up
CUST_000309,Q3_2023,2023-09-30,73.2,3,360.32,0.0,up
CUST_000309,Q4_2023,2023-12-31,81.0,3,367.42,0.3333333333333333,up
CUST_000309,Q1_2024,2024-03-31,79.3,5,365.21000000000004,0.4,up
CUST_000309,Q2_2024,2024-06-30,85.4,4,632.82,0.25,up
CUST_000309,Q3_2024,2024-09-30,77.0,7,1134.06,0.2857142857142857,up
CUST_000309,Q4_2024,2024-12-31,84.9,3,375.32,0.0,up
CUST_000309,Q1_2025,2025-03-31,90.5,2,243.29000000000002,0.0,up
CUST_000309,Q2_2025,2025-06-30,100.0,3,268.59000000000003,0.0,up
CUST_000309,Q3_2025,2025-09-30,96.7,2,382.21000000000004,0.0,up
CUST_000309,Q4_2025,2025-12-31,88.7,2,385.42,0.0,up
CUST_000310,Q1_2023,2023-03-31,53.2,4,220.14000000000001,0.0,up
CUST_000310,Q2_2023,2023-06-30,58.1,4,262.55,0.0,up
CUST_000310,Q3_2023,2023-09-30,62.9,3,513.03,0.0,up
CUST_000310,Q4_2023,2023-12-31,61.2,3,384.26,0.0,up
CUST_000310,Q1_2024,2024-03-31,65.5,1,380.21,0.0,up
CUST_000310,Q2_2024,2024-06-30,68.5,1,360.72,0.0,up
CUST_000310,Q3_2024,2024-09-30,74.8,5,594.52,0.4,up
CUST_000310,Q4_2024,2024-12-31,65.5,1,309.95,0.0,up
CUST_000310,Q1_2025,2025-03-31,75.8,1,28.71,1.0,up
CUST_000310,Q2_2025,2025-06-30,75.2,3,274.90999999999997,0.3333333333333333,up
CUST_000310,Q3_2025,2025-09-30,70.2,3,302.62,0.3333333333333333,up
CUST_000310,Q4_2025,2025-12-31,77.5,1,102.85,0.0,up
CUST_000311,Q1_2023,2023-03-31,50.2,1,21.1,0.0,down
CUST_000311,Q2_2023,2023-06-30,43.7,1,74.93,0.0,down
CUST_000311,Q3_2023,2023-09-30,37.8,0,0.0,0.0,down
CUST_000311,Q4_2023,2023-12-31,32.7,1,160.2,0.0,down
CUST_000311,Q1_2024,2024-03-31,38.5,0,0.0,0.0,down
CUST_000311,Q2_2024,2024-06-30,37.2,2,471.6,0.5,down
CUST_000311,Q3_2024,2024-09-30,27.6,3,940.9,0.0,down
CUST_000311,Q4_2024,2024-12-31,36.3,2,129.41,0.5,down
CUST_000311,Q1_2025,2025-03-31,33.8,1,199.31,1.0,down
CUST_000311,Q2_2025,2025-06-30,18.9,1,301.93,1.0,down
CUST_000311,Q3_2025,2025-09-30,22.5,0,0.0,0.0,down
CUST_000311,Q4_2025,2025-12-31,25.9,1,119.86,0.0,down
CUST_000312,Q1_2023,2023-03-31,58.4,2,240.55,0.0,up
CUST_000312,Q2_2023,2023-06-30,49.9,3,195.45,0.6666666666666666,up
CUST_000312,Q3_2023,2023-09-30,56.8,3,190.95,0.3333333333333333,up
CUST_000312,Q4_2023,2023-12-31,65.7,2,284.57,0.5,up
CUST_000312,Q1_2024,2024-03-31,62.7,2,65.41,0.5,up
CUST_000312,Q2_2024,2024-06-30,60.1,0,0.0,0.0,up
CUST_000312,Q3_2024,2024-09-30,74.3,1,38.24,0.0,up
CUST_000312,Q4_2024,2024-12-31,63.8,2,801.27,0.0,up
CUST_000312,Q1_2025,2025-03-31,58.7,1,72.61,1.0,up
CUST_000312,Q2_2025,2025-06-30,61.4,0,0.0,0.0,up
CUST_000312,Q3_2025,2025-09-30,77.4,1,159.88,0.0,up
CUST_000312,Q4_2025,2025-12-31,64.1,3,348.52,0.3333333333333333,up
CUST_000313,Q1_2023,2023-03-31,59.4,2,620.25,0.0,up
CUST_000313,Q2_2023,2023-06-30,57.6,1,68.71,1.0,up
CUST_000313,Q3_2023,2023-09-30,57.5,3,469.46000000000004,0.6666666666666666,up
CUST_000313,Q4_2023,2023-12-31,48.8,1,133.2,0.0,up
CUST_000313,Q1_2024,2024-03-31,57.0,2,362.28999999999996,0.5,up
CUST_000313,Q2_2024,2024-06-30,65.7,0,0.0,0.0,up
CUST_000313,Q3_2024,2024-09-30,72.2,0,0.0,0.0,up
CUST_000313,Q4_2024,2024-12-31,56.1,0,0.0,0.0,up
CUST_000313,Q1_2025,2025-03-31,62.6,2,164.05,0.5,up
CUST_000313,Q2_2025,2025-06-30,62.1,2,130.93,0.5,up
CUST_000313,Q3_2025,2025-09-30,71.0,3,735.3199999999999,0.3333333333333333,up
CUST_000313,Q4_2025,2025-12-31,74.2,0,0.0,0.0,up
CUST_000314,Q1_2023,2023-03-31,64.6,3,205.95,0.0,up
CUST_000314,Q2_2023,2023-06-30,70.1,2,79.47,1.0,up
CUST_000314,Q3_2023,2023-09-30,61.6,0,0.0,0.0,up
CUST_000314,Q4_2023,2023-12-31,65.1,2,81.91999999999999,0.0,up
CUST_000314,Q1_2024,2024-03-31,76.4,2,118.21000000000001,1.0,up
CUST_000314,Q2_2024,2024-06-30,74.1,1,79.81,0.0,up
CUST_000314,Q3_2024,2024-09-30,78.7,3,341.63,0.6666666666666666,up
CUST_000314,Q4_2024,2024-12-31,67.8,2,240.20999999999998,0.0,up
CUST_000314,Q1_2025,2025-03-31,83.0,2,146.38,0.0,up
CUST_000314,Q2_2025,2025-06-30,76.6,2,77.53999999999999,0.0,up
CUST_000314,Q3_2025,2025-09-30,84.1,3,403.34000000000003,0.0,up
CUST_000314,Q4_2025,2025-12-31,81.7,1,313.09,0.0,up
CUST_000315,Q1_2023,2023-03-31,61.1,1,159.9,0.0,down
CUST_000315,Q2_2023,2023-06-30,51.5,4,609.5699999999999,0.75,down
CUST_000315,Q3_2023,2023-09-30,51.1,1,223.24,1.0,down
CUST_000315,Q4_2023,2023-12-31,45.9,1,110.09,0.0,down
CUST_000315,Q1_2024,2024-03-31,55.1,2,119.15,0.0,down
CUST_000315,Q2_2024,2024-06-30,37.9,1,26.5,0.0,down
CUST_000315,Q3_2024,2024-09-30,41.8,2,215.21,0.0,down
CUST_000315,Q4_2024,2024-12-31,34.6,2,73.53999999999999,1.0,down
CUST_000315,Q1_2025,2025-03-31,43.7,3,582.97,0.3333333333333333,down
CUST_000315,Q2_2025,2025-06-30,37.2,0,0.0,0.0,down
CUST_000315,Q3_2025,2025-09-30,22.8,3,347.34,0.0,down
CUST_000315,Q4_2025,2025-12-31,28.8,1,33.33,0.0,down
CUST_000316,Q1_2023,2023-03-31,47.1,2,432.78999999999996,0.0,up
CUST_000316,Q2_2023,2023-06-30,49.5,1,91.04,0.0,up
CUST_000316,Q3_2023,2023-09-30,49.2,1,54.87,1.0,up
CUST_000316,Q4_2023,2023-12-31,39.0,1,440.1,0.0,up
CUST_000316,Q1_2024,2024-03-31,37.9,2,609.04,0.5,up
CUST_000316,Q2_2024,2024-06-30,33.5,4,433.84000000000003,0.75,up
CUST_000316,Q3_2024,2024-09-30,47.3,0,0.0,0.0,up
CUST_000316,Q4_2024,2024-12-31,46.6,2,334.71,0.5,up
CUST_000316,Q1_2025,2025-03-31,52.6,4,253.39,0.25,up
CUST_000316,Q2_2025,2025-06-30,47.5,0,0.0,0.0,up
CUST_000316,Q3_2025,2025-09-30,50.3,1,78.41,0.0,up
CUST_000316,Q4_2025,2025-12-31,52.7,2,555.55,0.0,up
CUST_000317,Q1_2023,2023-03-31,47.7,3,172.11,0.3333333333333333,stable
CUST_000317,Q2_2023,2023-06-30,50.3,0,0.0,0.0,stable
CUST_000317,Q3_2023,2023-09-30,56.1,1,39.76,0.0,stable
CUST_000317,Q4_2023,2023-12-31,51.3,1,98.49,0.0,stable
CUST_000317,Q1_2024,2024-03-31,60.7,2,185.05,0.0,stable
CUST_000317,Q2_2024,2024-06-30,59.9,1,25.72,1.0,stable
CUST_000317,Q3_2024,2024-09-30,57.6,2,92.33,0.5,stable
CUST_000317,Q4_2024,2024-12-31,57.5,2,145.61,0.0,stable
CUST_000317,Q1_2025,2025-03-31,62.6,0,0.0,0.0,stable
CUST_000317,Q2_2025,2025-06-30,61.3,0,0.0,0.0,stable
CUST_000317,Q3_2025,2025-09-30,50.0,3,108.52,0.6666666666666666,stable
CUST_000317,Q4_2025,2025-12-31,54.9,2,58.91,1.0,stable
CUST_000318,Q1_2023,2023-03-31,61.4,1,152.57,1.0,up
CUST_000318,Q2_2023,2023-06-30,64.3,1,21.69,1.0,up
CUST_000318,Q3_2023,2023-09-30,71.7,2,102.83,0.5,up
CUST_000318,Q4_2023,2023-12-31,64.2,0,0.0,0.0,up
CUST_000318,Q1_2024,2024-03-31,53.8,3,188.87,0.3333333333333333,up
CUST_000318,Q2_2024,2024-06-30,61.0,0,0.0,0.0,up
CUST_000318,Q3_2024,2024-09-30,68.6,2,160.35,0.5,up
CUST_000318,Q4_2024,2024-12-31,56.5,2,121.41000000000001,1.0,up
CUST_000318,Q1_2025,2025-03-31,67.7,1,319.42,0.0,up
CUST_000318,Q2_2025,2025-06-30,64.2,2,345.15000000000003,0.0,up
CUST_000318,Q3_2025,2025-09-30,71.5,3,288.62,0.3333333333333333,up
CUST_000318,Q4_2025,2025-12-31,74.0,3,337.19,0.6666666666666666,up
CUST_000319,Q1_2023,2023-03-31,54.7,0,0.0,0.0,stable
CUST_000319,Q2_2023,2023-06-30,63.0,0,0.0,0.0,stable
CUST_000319,Q3_2023,2023-09-30,67.9,3,315.14,0.0,stable
CUST_000319,Q4_2023,2023-12-31,62.8,3,725.0,0.0,stable
CUST_000319,Q1_2024,2024-03-31,56.7,1,120.98,0.0,stable
CUST_000319,Q2_2024,2024-06-30,60.6,3,902.5799999999999,0.0,stable
CUST_000319,Q3_2024,2024-09-30,54.1,1,12.48,0.0,stable
CUST_000319,Q4_2024,2024-12-31,57.0,1,30.17,0.0,stable
CUST_000319,Q1_2025,2025-03-31,61.8,5,736.75,0.4,stable
CUST_000319,Q2_2025,2025-06-30,62.9,4,149.22,0.5,stable
CUST_000319,Q3_2025,2025-09-30,59.8,1,92.48,0.0,stable
CUST_000319,Q4_2025,2025-12-31,63.2,2,93.31,0.5,stable
CUST_000320,Q1_2023,2023-03-31,70.5,5,441.21999999999997,0.4,up
CUST_000320,Q2_2023,2023-06-30,68.1,3,165.39000000000001,0.3333333333333333,up
CUST_000320,Q3_2023,2023-09-30,75.5,3,116.00999999999999,0.0,up
CUST_000320,Q4_2023,2023-12-31,72.2,5,679.53,0.0,up
CUST_000320,Q1_2024,2024-03-31,68.3,6,974.61,0.0,up
CUST_000320,Q2_2024,2024-06-30,74.4,3,536.55,0.0,up
CUST_000320,Q3_2024,2024-09-30,67.9,7,1406.55,0.14285714285714285,up
CUST_000320,Q4_2024,2024-12-31,70.8,6,832.7,0.16666666666666666,up
CUST_000320,Q1_2025,2025-03-31,81.6,2,213.2,0.5,up
CUST_000320,Q2_2025,2025-06-30,89.3,4,721.16,0.25,up
CUST_000320,Q3_2025,2025-09-30,82.8,3,149.71,0.6666666666666666,up
CUST_000320,Q4_2025,2025-12-31,82.9,2,194.14000000000001,0.5,up
CUST_000321,Q1_2023,2023-03-31,48.5,3,717.0899999999999,0.0,up
CUST_000321,Q2_2023,2023-06-30,47.7,1,59.02,0.0,up
CUST_000321,Q3_2023,2023-09-30,45.1,2,72.43,0.0,up
CUST_000321,Q4_2023,2023-12-31,58.2,1,17.78,0.0,up
CUST_000321,Q1_2024,2024-03-31,63.2,3,309.94,0.0,up
CUST_000321,Q2_2024,2024-06-30,43.5,3,506.19,0.0,up
CUST_000321,Q3_2024,2024-09-30,58.3,0,0.0,0.0,up
CUST_000321,Q4_2024,2024-12-31,55.9,0,0.0,0.0,up
CUST_000321,Q1_2025,2025-03-31,59.0,0,0.0,0.0,up
CUST_000321,Q2_2025,2025-06-30,65.9,0,0.0,0.0,up
CUST_000321,Q3_2025,2025-09-30,63.1,3,125.93,0.0,up
CUST_000321,Q4_2025,2025-12-31,61.2,2,147.42000000000002,0.0,up
CUST_000322,Q1_2023,2023-03-31,65.9,1,140.93,0.0,up
CUST_000322,Q2_2023,2023-06-30,63.7,4,292.0,0.5,up
CUST_000322,Q3_2023,2023-09-30,71.9,3,516.5699999999999,0.3333333333333333,up
CUST_000322,Q4_2023,2023-12-31,77.1,3,267.32,0.6666666666666666,up
CUST_000322,Q1_2024,2024-03-31,75.9,2,93.07,1.0,up
CUST_000322,Q2_2024,2024-06-30,88.1,2,231.3,0.5,up
CUST_000322,Q3_2024,2024-09-30,75.4,4,731.5899999999999,0.25,up
CUST_000322,Q4_2024,2024-12-31,73.4,2,176.12,0.5,up
CUST_000322,Q1_2025,2025-03-31,96.3,4,171.02,0.25,up
CUST_000322,Q2_2025,2025-06-30,86.3,2,160.56,0.0,up
CUST_000322,Q3_2025,2025-09-30,84.1,2,84.21000000000001,0.5,up
CUST_000322,Q4_2025,2025-12-31,96.8,4,499.27,0.5,up
CUST_000323,Q1_2023,2023-03-31,61.0,3,167.58999999999997,0.3333333333333333,stable
CUST_000323,Q2_2023,2023-06-30,66.6,0,0.0,0.0,stable
CUST_000323,Q3_2023,2023-09-30,63.4,3,356.55999999999995,0.0,stable
CUST_000323,Q4_2023,2023-12-31,67.2,1,324.5,0.0,stable
CUST_000323,Q1_2024,2024-03-31,67.3,4,633.46,0.25,stable
CUST_000323,Q2_2024,2024-06-30,56.7,2,483.03,0.0,stable
CUST_000323,Q3_2024,2024-09-30,63.7,2,307.74,0.0,stable
CUST_000323,Q4_2024,2024-12-31,58.8,3,276.2,0.3333333333333333,stable
CUST_000323,Q1_2025,2025-03-31,65.0,0,0.0,0.0,stable
CUST_000323,Q2_2025,2025-06-30,60.7,1,335.69,0.0,stable
CUST_000323,Q3_2025,2025-09-30,61.4,1,23.81,1.0,stable
CUST_000323,Q4_2025,2025-12-31,55.9,5,535.3499999999999,0.4,stable
CUST_000324,Q1_2023,2023-03-31,66.3,6,697.72,0.0,down
CUST_000324,Q2_2023,2023-06-30,57.8,2,468.03000000000003,0.0,down
CUST_000324,Q3_2023,2023-09-30,59.5,2,213.35,0.5,down
CUST_000324,Q4_2023,2023-12-31,61.6,1,44.14,1.0,down
CUST_000324,Q1_2024,2024-03-31,67.2,2,147.05,0.0,down
CUST_000324,Q2_2024,2024-06-30,53.9,2,157.5,0.0,down
CUST_000324,Q3_2024,2024-09-30,52.7,0,0.0,0.0,down
CUST_000324,Q4_2024,2024-12-31,65.6,3,118.27,0.3333333333333333,down
CUST_000324,Q1_2025,2025-03-31,61.6,3,200.91,0.6666666666666666,down
CUST_000324,Q2_2025,2025-06-30,64.3,3,675.06,0.3333333333333333,down
CUST_000324,Q3_2025,2025-09-30,60.7,2,351.59000000000003,0.0,down
CUST_000324,Q4_2025,2025-12-31,59.6,2,257.12,0.0,down
CUST_000325,Q1_2023,2023-03-31,52.4,0,0.0,0.0,up
CUST_000325,Q2_2023,2023-06-30,58.0,2,69.31,0.5,up
CUST_000325,Q3_2023,2023-09-30,61.4,2,150.52,0.0,up
CUST_000325,Q4_2023,2023-12-31,68.8,3,256.32,0.3333333333333333,up
CUST_000325,Q1_2024,2024-03-31,59.3,3,555.22,0.0,up
CUST_000325,Q2_2024,2024-06-30,63.9,2,459.96,0.0,up
CUST_000325,Q3_2024,2024-09-30,63.6,0,0.0,0.0,up
CUST_000325,Q4_2024,2024-12-31,66.7,1,31.1,0.0,up
CUST_000325,Q1_2025,2025-03-31,68.3,0,0.0,0.0,up
CUST_000325,Q2_2025,2025-06-30,59.5,2,198.73000000000002,1.0,up
CUST_000325,Q3_2025,2025-09-30,67.1,1,22.42,1.0,up
CUST_000325,Q4_2025,2025-12-31,66.5,4,483.42999999999995,0.5,up
CUST_000326,Q1_2023,2023-03-31,54.4,1,409.4,1.0,up
CUST_000326,Q2_2023,2023-06-30,56.5,0,0.0,0.0,up
CUST_000326,Q3_2023,2023-09-30,62.8,2,429.65999999999997,0.0,up
CUST_000326,Q4_2023,2023-12-31,72.3,1,70.68,1.0,up
CUST_000326,Q1_2024,2024-03-31,68.0,2,98.72999999999999,0.5,up
CUST_000326,Q2_2024,2024-06-30,71.8,1,39.69,1.0,up
CUST_000326,Q3_2024,2024-09-30,76.7,1,122.39,0.0,up
CUST_000326,Q4_2024,2024-12-31,78.4,1,264.23,0.0,up
CUST_000326,Q1_2025,2025-03-31,73.9,2,399.32,0.0,up
CUST_000326,Q2_2025,2025-06-30,92.1,1,62.51,0.0,up
CUST_000326,Q3_2025,2025-09-30,87.0,2,201.45,0.0,up
CUST_000326,Q4_2025,2025-12-31,88.9,4,557.42,0.5,up
CUST_000327,Q1_2023,2023-03-31,76.6,3,642.75,0.0,stable
CUST_000327,Q2_2023,2023-06-30,67.8,3,496.11,0.3333333333333333,stable
CUST_000327,Q3_2023,2023-09-30,65.5,3,394.03999999999996,0.3333333333333333,stable
CUST_000327,Q4_2023,2023-12-31,65.2,2,198.85,0.5,stable
CUST_000327,Q1_2024,2024-03-31,75.1,3,209.15000000000003,0.0,stable
CUST_000327,Q2_2024,2024-06-30,78.0,1,25.37,0.0,stable
CUST_000327,Q3_2024,2024-09-30,65.3,0,0.0,0.0,stable
CUST_000327,Q4_2024,2024-12-31,67.7,0,0.0,0.0,stable
CUST_000327,Q1_2025,2025-03-31,69.6,1,226.94,0.0,stable
CUST_000327,Q2_2025,2025-06-30,78.5,2,334.98,0.5,stable
CUST_000327,Q3_2025,2025-09-30,73.6,4,368.33,0.25,stable
CUST_000327,Q4_2025,2025-12-31,75.0,3,176.91,0.6666666666666666,stable
CUST_000328,Q1_2023,2023-03-31,77.9,3,863.57,0.0,up
CUST_000328,Q2_2023,2023-06-30,72.9,1,146.68,0.0,up
CUST_000328,Q3_2023,2023-09-30,72.8,0,0.0,0.0,up
CUST_000328,Q4_2023,2023-12-31,70.0,0,0.0,0.0,up
CUST_000328,Q1_2024,2024-03-31,79.6,2,683.4300000000001,0.5,up
CUST_000328,Q2_2024,2024-06-30,75.5,2,525.2900000000001,0.5,up
CUST_000328,Q3_2024,2024-09-30,79.1,3,530.01,0.0,up
CUST_000328,Q4_2024,2024-12-31,83.1,1,145.29,0.0,up
CUST_000328,Q1_2025,2025-03-31,68.7,1,70.74,0.0,up
CUST_000328,Q2_2025,2025-06-30,74.8,2,404.36,0.0,up
CUST_000328,Q3_2025,2025-09-30,77.1,1,52.01,0.0,up
CUST_000328,Q4_2025,2025-12-31,79.7,2,71.19,0.5,up
CUST_000329,Q1_2023,2023-03-31,60.2,3,498.09,0.0,down
CUST_000329,Q2_2023,2023-06-30,58.3,1,21.08,0.0,down
CUST_000329,Q3_2023,2023-09-30,63.6,0,0.0,0.0,down
CUST_000329,Q4_2023,2023-12-31,52.6,2,67.63,0.0,down
CUST_000329,Q1_2024,2024-03-31,44.2,0,0.0,0.0,down
CUST_000329,Q2_2024,2024-06-30,51.2,2,70.69,0.5,down
CUST_000329,Q3_2024,2024-09-30,46.2,2,369.17,0.0,down
CUST_000329,Q4_2024,2024-12-31,56.4,0,0.0,0.0,down
CUST_000329,Q1_2025,2025-03-31,36.2,0,0.0,0.0,down
CUST_000329,Q2_2025,2025-06-30,40.0,2,566.52,0.0,down
CUST_000329,Q3_2025,2025-09-30,34.7,2,89.53,0.5,down
CUST_000329,Q4_2025,2025-12-31,35.5,1,88.72,1.0,down
CUST_000330,Q1_2023,2023-03-31,54.6,2,74.78999999999999,0.5,stable
CUST_000330,Q2_2023,2023-06-30,69.7,0,0.0,0.0,stable
CUST_000330,Q3_2023,2023-09-30,52.2,2,448.68,0.5,stable
CUST_000330,Q4_2023,2023-12-31,53.2,4,440.68,0.5,stable
CUST_000330,Q1_2024,2024-03-31,46.8,0,0.0,0.0,stable
CUST_000330,Q2_2024,2024-06-30,67.7,0,0.0,0.0,stable
CUST_000330,Q3_2024,2024-09-30,59.0,1,47.17,0.0,stable
CUST_000330,Q4_2024,2024-12-31,62.0,2,110.11,0.0,stable
CUST_000330,Q1_2025,2025-03-31,54.5,2,322.52,0.0,stable
CUST_000330,Q2_2025,2025-06-30,55.2,3,485.84999999999997,0.0,stable
CUST_000330,Q3_2025,2025-09-30,65.4,2,337.0,0.0,stable
CUST_000330,Q4_2025,2025-12-31,60.0,2,310.32,0.0,stable
CUST_000331,Q1_2023,2023-03-31,78.4,4,1032.53,0.0,stable
CUST_000331,Q2_2023,2023-06-30,70.7,2,114.39,0.0,stable
CUST_000331,Q3_2023,2023-09-30,56.1,3,236.76000000000002,0.6666666666666666,stable
CUST_000331,Q4_2023,2023-12-31,66.8,1,489.35,0.0,stable
CUST_000331,Q1_2024,2024-03-31,63.1,3,663.86,0.0,stable
CUST_000331,Q2_2024,2024-06-30,65.6,2,149.75,0.0,stable
CUST_000331,Q3_2024,2024-09-30,65.1,2,337.84,0.0,stable
CUST_000331,Q4_2024,2024-12-31,64.0,0,0.0,0.0,stable
CUST_000331,Q1_2025,2025-03-31,73.9,3,568.1500000000001,0.3333333333333333,stable
CUST_000331,Q2_2025,2025-06-30,67.5,5,1000.5600000000001,0.0,stable
CUST_000331,Q3_2025,2025-09-30,59.3,1,51.39,0.0,stable
CUST_000331,Q4_2025,2025-12-31,65.5,1,252.41,1.0,stable
CUST_000332,Q1_2023,2023-03-31,60.5,3,522.11,0.3333333333333333,stable
CUST_000332,Q2_2023,2023-06-30,65.3,2,164.44,0.5,stable
CUST_000332,Q3_2023,2023-09-30,63.3,2,385.11,0.0,stable
CUST_000332,Q4_2023,2023-12-31,63.5,1,40.54,1.0,stable
CUST_000332,Q1_2024,2024-03-31,55.0,0,0.0,0.0,stable
CUST_000332,Q2_2024,2024-06-30,58.6,0,0.0,0.0,stable
CUST_000332,Q3_2024,2024-09-30,63.5,1,242.6,0.0,stable
CUST_000332,Q4_2024,2024-12-31,57.5,1,158.1,0.0,stable
CUST_000332,Q1_2025,2025-03-31,65.6,1,158.1,0.0,stable
CUST_000332,Q2_2025,2025-06-30,61.8,2,106.59,0.0,stable
CUST_000332,Q3_2025,2025-09-30,67.8,1,24.19,1.0,stable
CUST_000332,Q4_2025,2025-12-31,56.8,4,619.02,0.5,stable
CUST_000333,Q1_2023,2023-03-31,81.9,4,597.95,0.0,up
CUST_000333,Q2_2023,2023-06-30,74.1,2,203.17000000000002,0.0,up
CUST_000333,Q3_2023,2023-09-30,78.4,2,314.4,0.0,up
CUST_000333,Q4_2023,2023-12-31,68.5,6,373.40999999999997,0.5,up
CUST_000333,Q1_2024,2024-03-31,75.2,1,41.52,0.0,up
CUST_000333,Q2_2024,2024-06-30,70.7,4,232.18,0.25,up
CUST_000333,Q3_2024,2024-09-30,77.5,2,86.35,0.5,up
CUST_000333,Q4_2024,2024-12-31,78.6,1,243.11,0.0,up
CUST_000333,Q1_2025,2025-03-31,83.5,1,206.31,0.0,up
CUST_000333,Q2_2025,2025-06-30,87.1,1,247.92,0.0,up
CUST_000333,Q3_2025,2025-09-30,80.7,3,969.2,0.0,up
CUST_000333,Q4_2025,2025-12-31,74.7,4,616.79,0.0,up
CUST_000334,Q1_2023,2023-03-31,51.6,0,0.0,0.0,stable
CUST_000334,Q2_2023,2023-06-30,50.0,3,105.99,0.0,stable
CUST_000334,Q3_2023,2023-09-30,44.4,2,49.79,0.5,stable
CUST_000334,Q4_2023,2023-12-31,47.6,3,257.39,0.6666666666666666,stable
CUST_000334,Q1_2024,2024-03-31,54.9,1,134.33,0.0,stable
CUST_000334,Q2_2024,2024-06-30,49.4,2,142.85,0.0,stable
CUST_000334,Q3_2024,2024-09-30,56.5,1,112.37,0.0,stable
CUST_000334,Q4_2024,2024-12-31,56.2,1,202.2,1.0,stable
CUST_000334,Q1_2025,2025-03-31,53.7,2,498.79,0.0,stable
CUST_000334,Q2_2025,2025-06-30,49.5,0,0.0,0.0,stable
CUST_000334,Q3_2025,2025-09-30,54.4,2,114.44,0.0,stable
CUST_000334,Q4_2025,2025-12-31,60.8,0,0.0,0.0,stable
CUST_000335,Q1_2023,2023-03-31,54.0,0,0.0,0.0,down
CUST_000335,Q2_2023,2023-06-30,53.3,3,419.11999999999995,0.3333333333333333,down
CUST_000335,Q3_2023,2023-09-30,51.0,0,0.0,0.0,down
CUST_000335,Q4_2023,2023-12-31,52.6,2,183.37,0.0,down
CUST_000335,Q1_2024,2024-03-31,41.6,1,28.9,0.0,down
CUST_000335,Q2_2024,2024-06-30,55.1,1,108.64,1.0,down
CUST_000335,Q3_2024,2024-09-30,48.8,3,443.26,0.0,down
CUST_000335,Q4_2024,2024-12-31,54.5,4,363.63,0.25,down
CUST_000335,Q1_2025,2025-03-31,35.6,3,100.91,0.6666666666666666,down
CUST_000335,Q2_2025,2025-06-30,37.0,2,504.77,0.0,down
CUST_000335,Q3_2025,2025-09-30,50.8,1,494.77,0.0,down
CUST_000335,Q4_2025,2025-12-31,44.7,2,240.87,0.0,down
CUST_000336,Q1_2023,2023-03-31,54.0,1,118.88,1.0,stable
CUST_000336,Q2_2023,2023-06-30,68.2,1,24.81,0.0,stable
CUST_000336,Q3_2023,2023-09-30,43.9,4,638.44,0.0,stable
CUST_000336,Q4_2023,2023-12-31,50.5,0,0.0,0.0,stable
CUST_000336,Q1_2024,2024-03-31,52.9,4,366.03000000000003,0.5,stable
CUST_000336,Q2_2024,2024-06-30,64.8,5,477.15000000000003,0.4,stable
CUST_000336,Q3_2024,2024-09-30,63.5,1,345.91,0.0,stable
CUST_000336,Q4_2024,2024-12-31,56.7,3,760.3000000000001,0.0,stable
CUST_000336,Q1_2025,2025-03-31,61.1,2,180.18,0.5,stable
CUST_000336,Q2_2025,2025-06-30,53.3,0,0.0,0.0,stable
CUST_000336,Q3_2025,2025-09-30,63.6,2,363.06,0.5,stable
CUST_000336,Q4_2025,2025-12-31,58.2,0,0.0,0.0,stable
CUST_000337,Q1_2023,2023-03-31,48.5,0,0.0,0.0,stable
CUST_000337,Q2_2023,2023-06-30,48.0,0,0.0,0.0,stable
CUST_000337,Q3_2023,2023-09-30,51.2,3,268.65999999999997,0.3333333333333333,stable
CUST_000337,Q4_2023,2023-12-31,51.3,2,164.63,0.5,stable
CUST_000337,Q1_2024,2024-03-31,47.9,0,0.0,0.0,stable
CUST_000337,Q2_2024,2024-06-30,48.0,1,37.28,1.0,stable
CUST_000337,Q3_2024,2024-09-30,54.5,0,0.0,0.0,stable
CUST_000337,Q4_2024,2024-12-31,41.8,0,0.0,0.0,stable
CUST_000337,Q1_2025,2025-03-31,45.7,1,131.61,0.0,stable
CUST_000337,Q2_2025,2025-06-30,48.1,1,131.61,0.0,stable
CUST_000337,Q3_2025,2025-09-30,45.2,0,0.0,0.0,stable
CUST_000337,Q4_2025,2025-12-31,53.0,2,390.27,0.5,stable
CUST_000338,Q1_2023,2023-03-31,59.5,3,568.21,0.3333333333333333,up
CUST_000338,Q2_2023,2023-06-30,61.7,1,138.54,0.0,up
CUST_000338,Q3_2023,2023-09-30,69.3,1,92.53,1.0,up
CUST_000338,Q4_2023,2023-12-31,71.1,3,94.22,0.6666666666666666,up
CUST_000338,Q1_2024,2024-03-31,67.4,3,371.8,0.0,up
CUST_000338,Q2_2024,2024-06-30,67.8,1,68.54,0.0,up
CUST_000338,Q3_2024,2024-09-30,66.8,3,318.1,0.3333333333333333,up
CUST_000338,Q4_2024,2024-12-31,75.9,3,66.09,0.6666666666666666,up
CUST_000338,Q1_2025,2025-03-31,71.3,1,21.71,0.0,up
CUST_000338,Q2_2025,2025-06-30,74.9,0,0.0,0.0,up
CUST_000338,Q3_2025,2025-09-30,74.3,2,606.69,0.0,up
CUST_000338,Q4_2025,2025-12-31,73.5,0,0.0,0.0,up
CUST_000339,Q1_2023,2023-03-31,35.4,1,128.38,0.0,down
CUST_000339,Q2_2023,2023-06-30,37.7,3,127.28,0.6666666666666666,down
CUST_000339,Q3_2023,2023-09-30,38.3,2,85.28,0.0,down
CUST_000339,Q4_2023,2023-12-31,29.2,4,234.21999999999997,0.75,down
CUST_000339,Q1_2024,2024-03-31,30.0,2,204.44,1.0,down
CUST_000339,Q2_2024,2024-06-30,32.1,2,130.04,1.0,down
CUST_000339,Q3_2024,2024-09-30,20.4,1,144.95,0.0,down
CUST_000339,Q4_2024,2024-12-31,28.8,1,338.93,1.0,down
CUST_000339,Q1_2025,2025-03-31,30.1,0,0.0,0.0,down
CUST_000339,Q2_2025,2025-06-30,19.7,2,296.98,0.0,down
CUST_000339,Q3_2025,2025-09-30,12.9,0,0.0,0.0,down
CUST_000339,Q4_2025,2025-12-31,16.1,0,0.0,0.0,down
CUST_000340,Q1_2023,2023-03-31,77.7,1,51.21,1.0,down
CUST_000340,Q2_2023,2023-06-30,74.9,8,452.13,0.25,down
CUST_000340,Q3_2023,2023-09-30,79.1,4,737.46,0.25,down
CUST_000340,Q4_2023,2023-12-31,68.1,3,193.05,0.3333333333333333,down
CUST_000340,Q1_2024,2024-03-31,74.0,3,240.69,0.3333333333333333,down
CUST_000340,Q2_2024,2024-06-30,72.0,5,494.16999999999996,0.6,down
CUST_000340,Q3_2024,2024-09-30,73.8,6,492.66,0.3333333333333333,down
CUST_000340,Q4_2024,2024-12-31,67.1,5,301.15,0.2,down
CUST_000340,Q1_2025,2025-03-31,67.9,7,909.85,0.2857142857142857,down
CUST_000340,Q2_2025,2025-06-30,70.2,3,199.95,1.0,down
CUST_000340,Q3_2025,2025-09-30,59.6,4,417.45000000000005,0.25,down
CUST_000340,Q4_2025,2025-12-31,61.3,5,351.21000000000004,0.2,down
CUST_000341,Q1_2023,2023-03-31,52.2,1,41.51,1.0,stable
CUST_000341,Q2_2023,2023-06-30,64.6,1,25.77,1.0,stable
CUST_000341,Q3_2023,2023-09-30,69.2,1,38.69,1.0,stable
CUST_000341,Q4_2023,2023-12-31,63.2,0,0.0,0.0,stable
CUST_000341,Q1_2024,2024-03-31,62.2,2,516.0799999999999,0.0,stable
CUST_000341,Q2_2024,2024-06-30,65.3,1,25.06,1.0,stable
CUST_000341,Q3_2024,2024-09-30,70.5,2,149.53,1.0,stable
CUST_000341,Q4_2024,2024-12-31,65.7,2,203.55,0.0,stable
CUST_000341,Q1_2025,2025-03-31,65.6,0,0.0,0.0,stable
CUST_000341,Q2_2025,2025-06-30,64.1,4,968.45,0.25,stable
CUST_000341,Q3_2025,2025-09-30,64.9,1,261.0,0.0,stable
CUST_000341,Q4_2025,2025-12-31,71.8,2,80.39,1.0,stable
CUST_000342,Q1_2023,2023-03-31,62.7,1,470.41,0.0,up
CUST_000342,Q2_2023,2023-06-30,71.3,4,362.11,0.0,up
CUST_000342,Q3_2023,2023-09-30,64.2,3,53.980000000000004,0.0,up
CUST_000342,Q4_2023,2023-12-31,85.9,7,559.61,0.7142857142857143,up
CUST_000342,Q1_2024,2024-03-31,68.8,1,19.44,1.0,up
CUST_000342,Q2_2024,2024-06-30,62.4,2,497.08,0.5,up
CUST_000342,Q3_2024,2024-09-30,73.4,0,0.0,0.0,up
CUST_000342,Q4_2024,2024-12-31,73.6,2,193.73000000000002,0.5,up
CUST_000342,Q1_2025,2025-03-31,83.2,0,0.0,0.0,up
CUST_000342,Q2_2025,2025-06-30,90.2,4,912.73,0.0,up
CUST_000342,Q3_2025,2025-09-30,84.5,4,342.95000000000005,0.25,up
CUST_000342,Q4_2025,2025-12-31,87.5,2,98.74,0.5,up
CUST_000343,Q1_2023,2023-03-31,46.3,2,544.56,0.5,stable
CUST_000343,Q2_2023,2023-06-30,37.4,1,81.97,0.0,stable
CUST_000343,Q3_2023,2023-09-30,44.4,1,17.63,1.0,stable
CUST_000343,Q4_2023,2023-12-31,31.7,2,291.5,0.0,stable
CUST_000343,Q1_2024,2024-03-31,41.2,0,0.0,0.0,stable
CUST_000343,Q2_2024,2024-06-30,42.5,3,419.82000000000005,0.0,stable
CUST_000343,Q3_2024,2024-09-30,39.9,3,395.74,0.0,stable
CUST_000343,Q4_2024,2024-12-31,50.0,0,0.0,0.0,stable
CUST_000343,Q1_2025,2025-03-31,44.8,3,501.74,0.3333333333333333,stable
CUST_000343,Q2_2025,2025-06-30,48.2,2,675.7,0.0,stable
CUST_000343,Q3_2025,2025-09-30,44.7,2,553.24,0.0,stable
CUST_000343,Q4_2025,2025-12-31,46.8,2,98.61,0.5,stable
CUST_000344,Q1_2023,2023-03-31,60.3,0,0.0,0.0,up
CUST_000344,Q2_2023,2023-06-30,61.3,1,146.73,0.0,up
CUST_000344,Q3_2023,2023-09-30,78.6,1,33.55,0.0,up
CUST_000344,Q4_2023,2023-12-31,78.8,3,390.77,0.3333333333333333,up
CUST_000344,Q1_2024,2024-03-31,72.8,4,694.79,0.25,up
CUST_000344,Q2_2024,2024-06-30,79.7,5,760.91,0.0,up
CUST_000344,Q3_2024,2024-09-30,78.4,2,120.72,1.0,up
CUST_000344,Q4_2024,2024-12-31,73.6,4,137.94,0.5,up
CUST_000344,Q1_2025,2025-03-31,83.0,5,251.07,0.8,up
CUST_000344,Q2_2025,2025-06-30,81.5,2,108.94,0.5,up
CUST_000344,Q3_2025,2025-09-30,81.7,4,186.93,0.5,up
CUST_000344,Q4_2025,2025-12-31,88.4,0,0.0,0.0,up
CUST_000345,Q1_2023,2023-03-31,59.2,1,309.33,0.0,down
CUST_000345,Q2_2023,2023-06-30,58.7,0,0.0,0.0,down
CUST_000345,Q3_2023,2023-09-30,68.4,2,233.43,1.0,down
CUST_000345,Q4_2023,2023-12-31,54.3,0,0.0,0.0,down
CUST_000345,Q1_2024,2024-03-31,62.1,2,406.84,0.0,down
CUST_000345,Q2_2024,2024-06-30,55.3,2,237.07,0.0,down
CUST_000345,Q3_2024,2024-09-30,54.7,1,86.16,0.0,down
CUST_000345,Q4_2024,2024-12-31,44.0,1,51.65,0.0,down
CUST_000345,Q1_2025,2025-03-31,57.9,5,369.65,0.6,down
CUST_000345,Q2_2025,2025-06-30,48.2,3,245.69,0.3333333333333333,down
CUST_000345,Q3_2025,2025-09-30,50.0,3,614.72,0.3333333333333333,down
CUST_000345,Q4_2025,2025-12-31,49.2,2,415.07,0.5,down
CUST_000346,Q1_2023,2023-03-31,67.7,3,244.9,0.0,stable
CUST_000346,Q2_2023,2023-06-30,70.6,1,113.55,0.0,stable
CUST_000346,Q3_2023,2023-09-30,72.6,4,868.5699999999999,0.0,stable
CUST_000346,Q4_2023,2023-12-31,58.5,1,50.63,1.0,stable
CUST_000346,Q1_2024,2024-03-31,67.1,4,529.35,0.0,stable
CUST_000346,Q2_2024,2024-06-30,62.5,1,333.42,0.0,stable
CUST_000346,Q3_2024,2024-09-30,71.7,3,431.43,0.3333333333333333,stable
CUST_000346,Q4_2024,2024-12-31,62.6,2,158.32,0.0,stable
CUST_000346,Q1_2025,2025-03-31,60.1,2,182.55,0.0,stable
CUST_000346,Q2_2025,2025-06-30,61.5,8,964.9399999999999,0.25,stable
CUST_000346,Q3_2025,2025-09-30,64.0,1,22.9,1.0,stable
CUST_000346,Q4_2025,2025-12-31,63.3,1,75.82,0.0,stable
CUST_000347,Q1_2023,2023-03-31,69.4,2,55.31,1.0,down
CUST_000347,Q2_2023,2023-06-30,49.9,3,440.37,0.0,down
CUST_000347,Q3_2023,2023-09-30,51.7,2,286.53,0.0,down
CUST_000347,Q4_2023,2023-12-31,49.5,2,188.97,0.0,down
CUST_000347,Q1_2024,2024-03-31,45.9,1,160.28,0.0,down
CUST_000347,Q2_2024,2024-06-30,47.3,1,24.93,0.0,down
CUST_000347,Q3_2024,2024-09-30,55.7,1,36.25,1.0,down
CUST_000347,Q4_2024,2024-12-31,38.5,6,817.37,0.0,down
CUST_000347,Q1_2025,2025-03-31,50.8,6,696.49,0.0,down
CUST_000347,Q2_2025,2025-06-30,56.5,3,560.09,0.0,down
CUST_000347,Q3_2025,2025-09-30,45.2,0,0.0,0.0,down
CUST_000347,Q4_2025,2025-12-31,41.5,1,132.28,0.0,down
CUST_000348,Q1_2023,2023-03-31,64.6,1,57.16,1.0,down
CUST_000348,Q2_2023,2023-06-30,62.4,2,95.08000000000001,0.0,down
CUST_000348,Q3_2023,2023-09-30,64.9,1,112.27,0.0,down
CUST_000348,Q4_2023,2023-12-31,56.5,1,83.59,0.0,down
CUST_000348,Q1_2024,2024-03-31,53.4,2,167.16,0.0,down
CUST_000348,Q2_2024,2024-06-30,53.0,4,886.84,0.0,down
CUST_000348,Q3_2024,2024-09-30,65.7,3,286.8,0.6666666666666666,down
CUST_000348,Q4_2024,2024-12-31,52.0,3,562.13,0.3333333333333333,down
CUST_000348,Q1_2025,2025-03-31,57.5,3,581.25,0.0,down
CUST_000348,Q2_2025,2025-06-30,54.0,0,0.0,0.0,down
CUST_000348,Q3_2025,2025-09-30,44.7,3,265.48,0.0,down
CUST_000348,Q4_2025,2025-12-31,43.7,4,334.12,0.0,down
CUST_000349,Q1_2023,2023-03-31,52.7,2,161.87,0.0,up
CUST_000349,Q2_2023,2023-06-30,58.2,3,403.79999999999995,0.0,up
CUST_000349,Q3_2023,2023-09-30,57.6,3,183.44,1.0,up
CUST_000349,Q4_2023,2023-12-31,49.0,0,0.0,0.0,up
CUST_000349,Q1_2024,2024-03-31,58.7,1,314.34,0.0,up
CUST_000349,Q2_2024,2024-06-30,64.3,2,387.72999999999996,0.0,up
CUST_000349,Q3_2024,2024-09-30,70.5,2,258.77,0.0,up
CUST_000349,Q4_2024,2024-12-31,73.4,0,0.0,0.0,up
CUST_000349,Q1_2025,2025-03-31,62.4,2,96.27,0.0,up
CUST_000349,Q2_2025,2025-06-30,72.5,1,338.77,0.0,up
CUST_000349,Q3_2025,2025-09-30,82.7,3,424.1,0.3333333333333333,up
CUST_000349,Q4_2025,2025-12-31,78.5,2,392.54999999999995,0.0,up
CUST_000350,Q1_2023,2023-03-31,66.4,2,431.66999999999996,0.0,down
CUST_000350,Q2_2023,2023-06-30,62.0,1,121.22,0.0,down
CUST_000350,Q3_2023,2023-09-30,52.3,1,158.29,0.0,down
CUST_000350,Q4_2023,2023-12-31,67.8,5,641.87,0.0,down
CUST_000350,Q1_2024,2024-03-31,56.5,1,300.74,0.0,down
CUST_000350,Q2_2024,2024-06-30,60.5,6,652.1,0.3333333333333333,down
CUST_000350,Q3_2024,2024-09-30,46.7,3,139.23,0.3333333333333333,down
CUST_000350,Q4_2024,2024-12-31,50.5,1,116.63,0.0,down
CUST_000350,Q1_2025,2025-03-31,49.0,3,280.18,0.3333333333333333,down
CUST_000350,Q2_2025,2025-06-30,47.1,0,0.0,0.0,down
CUST_000350,Q3_2025,2025-09-30,45.0,2,473.53000000000003,0.5,down
CUST_000350,Q4_2025,2025-12-31,50.2,1,24.91,0.0,down
CUST_000351,Q1_2023,2023-03-31,50.4,3,559.02,0.0,stable
CUST_000351,Q2_2023,2023-06-30,56.8,1,43.24,1.0,stable
CUST_000351,Q3_2023,2023-09-30,40.1,0,0.0,0.0,stable
CUST_000351,Q4_2023,2023-12-31,50.2,2,309.16,0.5,stable
CUST_000351,Q1_2024,2024-03-31,52.9,4,202.07,0.0,stable
CUST_000351,Q2_2024,2024-06-30,52.4,2,75.29,0.0,stable
CUST_000351,Q3_2024,2024-09-30,37.4,1,17.25,0.0,stable
CUST_000351,Q4_2024,2024-12-31,44.4,1,408.34,0.0,stable
CUST_000351,Q1_2025,2025-03-31,50.2,2,289.05,0.5,stable
CUST_000351,Q2_2025,2025-06-30,53.1,2,221.44,0.5,stable
CUST_000351,Q3_2025,2025-09-30,36.4,0,0.0,0.0,stable
CUST_000351,Q4_2025,2025-12-31,46.2,1,64.87,0.0,stable
CUST_000352,Q1_2023,2023-03-31,51.7,1,80.99,1.0,up
CUST_000352,Q2_2023,2023-06-30,50.9,0,0.0,0.0,up
CUST_000352,Q3_2023,2023-09-30,56.4,1,73.08,0.0,up
CUST_000352,Q4_2023,2023-12-31,59.1,0,0.0,0.0,up
CUST_000352,Q1_2024,2024-03-31,63.1,2,388.96000000000004,0.0,up
CUST_000352,Q2_2024,2024-06-30,67.6,1,178.9,0.0,up
CUST_000352,Q3_2024,2024-09-30,62.2,0,0.0,0.0,up
CUST_000352,Q4_2024,2024-12-31,71.2,1,44.49,0.0,up
CUST_000352,Q1_2025,2025-03-31,66.1,1,86.11,1.0,up
CUST_000352,Q2_2025,2025-06-30,68.6,0,0.0,0.0,up
CUST_000352,Q3_2025,2025-09-30,79.9,0,0.0,0.0,up
CUST_000352,Q4_2025,2025-12-31,85.0,0,0.0,0.0,up
CUST_000353,Q1_2023,2023-03-31,78.8,6,796.77,0.5,stable
CUST_000353,Q2_2023,2023-06-30,73.7,1,30.93,0.0,stable
CUST_000353,Q3_2023,2023-09-30,79.4,3,319.77,0.0,stable
CUST_000353,Q4_2023,2023-12-31,74.6,1,251.94,0.0,stable
CUST_000353,Q1_2024,2024-03-31,75.0,0,0.0,0.0,stable
CUST_000353,Q2_2024,2024-06-30,81.0,11,1451.11,0.09090909090909091,stable
CUST_000353,Q3_2024,2024-09-30,80.1,2,111.41000000000001,0.5,stable
CUST_000353,Q4_2024,2024-12-31,69.9,6,420.1,0.3333333333333333,stable
CUST_000353,Q1_2025,2025-03-31,86.7,7,649.51,0.5714285714285714,stable
CUST_000353,Q2_2025,2025-06-30,81.6,4,530.6600000000001,0.25,stable
CUST_000353,Q3_2025,2025-09-30,77.0,2,340.22,0.0,stable
CUST_000353,Q4_2025,2025-12-31,78.2,7,1178.38,0.14285714285714285,stable
CUST_000354,Q1_2023,2023-03-31,45.5,1,52.25,0.0,up
CUST_000354,Q2_2023,2023-06-30,52.6,1,27.03,0.0,up
CUST_000354,Q3_2023,2023-09-30,45.8,1,313.22,0.0,up
CUST_000354,Q4_2023,2023-12-31,60.6,0,0.0,0.0,up
CUST_000354,Q1_2024,2024-03-31,59.1,2,334.27,0.0,up
CUST_000354,Q2_2024,2024-06-30,58.9,5,777.77,0.0,up
CUST_000354,Q3_2024,2024-09-30,49.5,1,50.16,0.0,up
CUST_000354,Q4_2024,2024-12-31,50.9,3,140.07999999999998,0.0,up
CUST_000354,Q1_2025,2025-03-31,52.5,3,258.27,0.3333333333333333,up
CUST_000354,Q2_2025,2025-06-30,58.7,5,1704.4,0.0,up
CUST_000354,Q3_2025,2025-09-30,65.9,2,171.78,0.0,up
CUST_000354,Q4_2025,2025-12-31,62.7,1,32.46,0.0,up
CUST_000355,Q1_2023,2023-03-31,53.1,2,143.01,0.0,up
CUST_000355,Q2_2023,2023-06-30,52.0,2,548.85,0.5,up
CUST_000355,Q3_2023,2023-09-30,56.0,3,191.82999999999998,1.0,up
CUST_000355,Q4_2023,2023-12-31,60.8,0,0.0,0.0,up
CUST_000355,Q1_2024,2024-03-31,61.2,0,0.0,0.0,up
CUST_000355,Q2_2024,2024-06-30,65.5,1,25.51,0.0,up
CUST_000355,Q3_2024,2024-09-30,60.9,2,743.4,0.0,up
CUST_000355,Q4_2024,2024-12-31,78.7,0,0.0,0.0,up
CUST_000355,Q1_2025,2025-03-31,67.4,2,178.13,0.0,up
CUST_000355,Q2_2025,2025-06-30,77.5,1,51.23,1.0,up
CUST_000355,Q3_2025,2025-09-30,78.6,0,0.0,0.0,up
CUST_000355,Q4_2025,2025-12-31,86.2,2,172.95,0.0,up
CUST_000356,Q1_2023,2023-03-31,83.4,6,775.77,0.16666666666666666,stable
CUST_000356,Q2_2023,2023-06-30,84.6,4,258.68,0.0,stable
CUST_000356,Q3_2023,2023-09-30,77.7,1,46.99,0.0,stable
CUST_000356,Q4_2023,2023-12-31,83.2,6,674.9599999999999,0.3333333333333333,stable
CUST_000356,Q1_2024,2024-03-31,83.8,3,453.72,0.0,stable
CUST_000356,Q2_2024,2024-06-30,80.0,2,205.16000000000003,0.5,stable
CUST_000356,Q3_2024,2024-09-30,70.2,2,195.32999999999998,0.5,stable
CUST_000356,Q4_2024,2024-12-31,79.6,3,747.01,0.0,stable
CUST_000356,Q1_2025,2025-03-31,85.0,8,1275.41,0.125,stable
CUST_000356,Q2_2025,2025-06-30,81.0,7,1031.34,0.14285714285714285,stable
CUST_000356,Q3_2025,2025-09-30,85.6,5,386.97,0.2,stable
CUST_000356,Q4_2025,2025-12-31,79.7,3,530.4399999999999,0.0,stable
CUST_000357,Q1_2023,2023-03-31,77.4,2,248.91,0.0,up
CUST_000357,Q2_2023,2023-06-30,73.2,6,523.31,0.5,up
CUST_000357,Q3_2023,2023-09-30,75.9,2,315.23,0.5,up
CUST_000357,Q4_2023,2023-12-31,71.2,2,179.76999999999998,0.5,up
CUST_000357,Q1_2024,2024-03-31,79.0,5,461.73,0.0,up
CUST_000357,Q2_2024,2024-06-30,81.8,3,556.65,0.0,up
CUST_000357,Q3_2024,2024-09-30,75.1,4,654.6700000000001,0.75,up
CUST_000357,Q4_2024,2024-12-31,90.0,1,150.54,0.0,up
CUST_000357,Q1_2025,2025-03-31,85.6,1,45.66,0.0,up
CUST_000357,Q2_2025,2025-06-30,91.7,5,564.91,0.2,up
CUST_000357,Q3_2025,2025-09-30,87.8,1,28.59,1.0,up
CUST_000357,Q4_2025,2025-12-31,88.7,4,351.79,0.25,up
CUST_000358,Q1_2023,2023-03-31,46.4,2,33.3,0.5,up
CUST_000358,Q2_2023,2023-06-30,59.0,2,37.77,0.5,up
CUST_000358,Q3_2023,2023-09-30,54.4,2,65.36,0.5,up
CUST_000358,Q4_2023,2023-12-31,68.0,1,19.16,1.0,up
CUST_000358,Q1_2024,2024-03-31,71.0,2,85.03999999999999,1.0,up
CUST_000358,Q2_2024,2024-06-30,68.2,1,44.93,1.0,up
CUST_000358,Q3_2024,2024-09-30,73.0,3,360.96000000000004,0.0,up
CUST_000358,Q4_2024,2024-12-31,78.2,1,139.7,0.0,up
CUST_000358,Q1_2025,2025-03-31,75.8,0,0.0,0.0,up
CUST_000358,Q2_2025,2025-06-30,79.3,1,31.45,0.0,up
CUST_000358,Q3_2025,2025-09-30,85.9,2,67.89,0.0,up
CUST_000358,Q4_2025,2025-12-31,81.0,0,0.0,0.0,up
CUST_000359,Q1_2023,2023-03-31,75.8,5,899.26,0.2,stable
CUST_000359,Q2_2023,2023-06-30,86.0,3,555.42,0.6666666666666666,stable
CUST_000359,Q3_2023,2023-09-30,79.7,6,732.09,0.16666666666666666,stable
CUST_000359,Q4_2023,2023-12-31,81.3,3,493.47,0.3333333333333333,stable
CUST_000359,Q1_2024,2024-03-31,73.7,4,433.84000000000003,0.25,stable
CUST_000359,Q2_2024,2024-06-30,78.5,3,242.18,0.3333333333333333,stable
CUST_000359,Q3_2024,2024-09-30,79.7,5,574.99,0.6,stable
CUST_000359,Q4_2024,2024-12-31,79.1,5,225.46,0.8,stable
CUST_000359,Q1_2025,2025-03-31,73.9,5,232.16,0.8,stable
CUST_000359,Q2_2025,2025-06-30,76.0,8,1012.75,0.5,stable
CUST_000359,Q3_2025,2025-09-30,83.6,3,560.74,0.0,stable
CUST_000359,Q4_2025,2025-12-31,84.1,7,1125.72,0.2857142857142857,stable
CUST_000360,Q1_2023,2023-03-31,60.9,1,231.01,0.0,up
CUST_000360,Q2_2023,2023-06-30,55.2,1,383.06,0.0,up
CUST_000360,Q3_2023,2023-09-30,57.1,2,114.18,0.5,up
CUST_000360,Q4_2023,2023-12-31,53.3,0,0.0,0.0,up
CUST_000360,Q1_2024,2024-03-31,48.6,0,0.0,0.0,up
CUST_000360,Q2_2024,2024-06-30,59.2,0,0.0,0.0,up
CUST_000360,Q3_2024,2024-09-30,56.0,2,267.5,0.5,up
CUST_000360,Q4_2024,2024-12-31,55.9,0,0.0,0.0,up
CUST_000360,Q1_2025,2025-03-31,60.8,3,161.57,0.3333333333333333,up
CUST_000360,Q2_2025,2025-06-30,66.7,3,200.11,0.3333333333333333,up
CUST_000360,Q3_2025,2025-09-30,56.7,4,770.94,0.0,up
CUST_000360,Q4_2025,2025-12-31,64.0,2,369.71,0.0,up
CUST_000361,Q1_2023,2023-03-31,64.5,3,321.47,0.0,up
CUST_000361,Q2_2023,2023-06-30,77.5,2,75.27000000000001,0.0,up
CUST_000361,Q3_2023,2023-09-30,80.0,0,0.0,0.0,up
CUST_000361,Q4_2023,2023-12-31,92.8,5,821.7800000000001,0.0,up
CUST_000361,Q1_2024,2024-03-31,71.0,6,1398.6,0.0,up
CUST_000361,Q2_2024,2024-06-30,82.9,2,57.55,0.0,up
CUST_000361,Q3_2024,2024-09-30,84.2,4,380.25,0.25,up
CUST_000361,Q4_2024,2024-12-31,88.4,3,419.76,0.0,up
CUST_000361,Q1_2025,2025-03-31,85.1,2,324.1,0.5,up
CUST_000361,Q2_2025,2025-06-30,92.3,4,1045.58,0.0,up
CUST_000361,Q3_2025,2025-09-30,95.2,2,328.56,0.0,up
CUST_000361,Q4_2025,2025-12-31,97.0,3,457.92999999999995,0.0,up
CUST_000362,Q1_2023,2023-03-31,57.2,3,368.2,0.6666666666666666,stable
CUST_000362,Q2_2023,2023-06-30,61.3,1,59.1,1.0,stable
CUST_000362,Q3_2023,2023-09-30,61.4,2,248.82,0.0,stable
CUST_000362,Q4_2023,2023-12-31,67.3,2,111.83,0.0,stable
CUST_000362,Q1_2024,2024-03-31,56.1,1,41.82,1.0,stable
CUST_000362,Q2_2024,2024-06-30,69.9,1,79.84,0.0,stable
CUST_000362,Q3_2024,2024-09-30,76.3,4,875.21,0.0,stable
CUST_000362,Q4_2024,2024-12-31,63.7,2,173.21,0.5,stable
CUST_000362,Q1_2025,2025-03-31,60.0,5,678.8399999999999,0.2,stable
CUST_000362,Q2_2025,2025-06-30,55.7,2,162.25,0.5,stable
CUST_000362,Q3_2025,2025-09-30,63.5,2,403.92,0.5,stable
CUST_000362,Q4_2025,2025-12-31,61.8,2,228.37,0.5,stable
CUST_000363,Q1_2023,2023-03-31,58.6,1,430.86,0.0,up
CUST_000363,Q2_2023,2023-06-30,60.7,1,31.64,1.0,up
CUST_000363,Q3_2023,2023-09-30,49.2,1,41.98,1.0,up
CUST_000363,Q4_2023,2023-12-31,55.8,1,48.5,0.0,up
CUST_000363,Q1_2024,2024-03-31,53.7,1,44.82,1.0,up
CUST_000363,Q2_2024,2024-06-30,59.3,0,0.0,0.0,up
CUST_000363,Q3_2024,2024-09-30,48.5,4,706.59,0.0,up
CUST_000363,Q4_2024,2024-12-31,52.3,0,0.0,0.0,up
CUST_000363,Q1_2025,2025-03-31,57.8,0,0.0,0.0,up
CUST_000363,Q2_2025,2025-06-30,65.4,2,147.71,0.5,up
CUST_000363,Q3_2025,2025-09-30,59.6,2,138.72,0.0,up
CUST_000363,Q4_2025,2025-12-31,67.7,0,0.0,0.0,up
CUST_000364,Q1_2023,2023-03-31,65.6,4,817.77,0.25,down
CUST_000364,Q2_2023,2023-06-30,66.8,2,365.74,0.0,down
CUST_000364,Q3_2023,2023-09-30,60.9,2,386.71000000000004,0.5,down
CUST_000364,Q4_2023,2023-12-31,67.3,2,575.3,0.5,down
CUST_000364,Q1_2024,2024-03-31,67.4,4,389.09,0.25,down
CUST_000364,Q2_2024,2024-06-30,59.7,1,141.62,0.0,down
CUST_000364,Q3_2024,2024-09-30,58.8,0,0.0,0.0,down
CUST_000364,Q4_2024,2024-12-31,50.9,5,306.40000000000003,0.4,down
CUST_000364,Q1_2025,2025-03-31,44.1,5,250.16,0.6,down
CUST_000364,Q2_2025,2025-06-30,41.9,2,187.95,0.5,down
CUST_000364,Q3_2025,2025-09-30,35.9,3,420.21000000000004,0.3333333333333333,down
CUST_000364,Q4_2025,2025-12-31,41.2,4,519.1800000000001,0.0,down
CUST_000365,Q1_2023,2023-03-31,43.8,0,0.0,0.0,stable
CUST_000365,Q2_2023,2023-06-30,37.8,4,1073.5,0.0,stable
CUST_000365,Q3_2023,2023-09-30,47.3,0,0.0,0.0,stable
CUST_000365,Q4_2023,2023-12-31,37.6,0,0.0,0.0,stable
CUST_000365,Q1_2024,2024-03-31,47.6,3,658.91,0.6666666666666666,stable
CUST_000365,Q2_2024,2024-06-30,47.2,0,0.0,0.0,stable
CUST_000365,Q3_2024,2024-09-30,41.1,1,38.94,0.0,stable
CUST_000365,Q4_2024,2024-12-31,44.3,0,0.0,0.0,stable
CUST_000365,Q1_2025,2025-03-31,46.7,0,0.0,0.0,stable
CUST_000365,Q2_2025,2025-06-30,41.7,2,271.24,0.0,stable
CUST_000365,Q3_2025,2025-09-30,49.6,1,36.27,1.0,stable
CUST_000365,Q4_2025,2025-12-31,54.3,0,0.0,0.0,stable
CUST_000366,Q1_2023,2023-03-31,63.8,1,247.94,0.0,stable
CUST_000366,Q2_2023,2023-06-30,63.4,2,366.45000000000005,0.5,stable
CUST_000366,Q3_2023,2023-09-30,65.2,3,420.95000000000005,0.3333333333333333,stable
CUST_000366,Q4_2023,2023-12-31,63.5,2,438.82,0.5,stable
CUST_000366,Q1_2024,2024-03-31,65.4,1,109.6,0.0,stable
CUST_000366,Q2_2024,2024-06-30,65.4,1,142.98,0.0,stable
CUST_000366,Q3_2024,2024-09-30,70.6,3,414.41999999999996,0.0,stable
CUST_000366,Q4_2024,2024-12-31,61.3,1,150.18,0.0,stable
CUST_000366,Q1_2025,2025-03-31,61.4,1,41.15,1.0,stable
CUST_000366,Q2_2025,2025-06-30,70.5,4,480.19000000000005,0.25,stable
CUST_000366,Q3_2025,2025-09-30,65.8,4,683.4,0.25,stable
CUST_000366,Q4_2025,2025-12-31,66.0,6,268.23,0.16666666666666666,stable
CUST_000367,Q1_2023,2023-03-31,46.5,2,206.99,0.5,stable
CUST_000367,Q2_2023,2023-06-30,60.4,3,476.21,0.0,stable
CUST_000367,Q3_2023,2023-09-30,56.9,4,542.51,0.25,stable
CUST_000367,Q4_2023,2023-12-31,62.0,2,75.8,0.5,stable
CUST_000367,Q1_2024,2024-03-31,63.1,2,429.09999999999997,0.0,stable
CUST_000367,Q2_2024,2024-06-30,53.6,2,156.06,0.5,stable
CUST_000367,Q3_2024,2024-09-30,65.5,0,0.0,0.0,stable
CUST_000367,Q4_2024,2024-12-31,51.6,3,92.52000000000001,0.6666666666666666,stable
CUST_000367,Q1_2025,2025-03-31,58.6,3,443.62,0.3333333333333333,stable
CUST_000367,Q2_2025,2025-06-30,53.5,2,340.96000000000004,0.5,stable
CUST_000367,Q3_2025,2025-09-30,62.8,4,600.7,0.25,stable
CUST_000367,Q4_2025,2025-12-31,66.5,2,148.26999999999998,0.0,stable
CUST_000368,Q1_2023,2023-03-31,73.5,4,354.01,0.0,down
CUST_000368,Q2_2023,2023-06-30,80.3,4,321.65,0.25,down
CUST_000368,Q3_2023,2023-09-30,64.2,2,167.93,0.5,down
CUST_000368,Q4_2023,2023-12-31,62.2,2,236.2,0.0,down
CUST_000368,Q1_2024,2024-03-31,63.7,3,158.75,0.3333333333333333,down
CUST_000368,Q2_2024,2024-06-30,63.8,5,564.6800000000001,0.4,down
CUST_000368,Q3_2024,2024-09-30,61.1,4,452.07,0.0,down
CUST_000368,Q4_2024,2024-12-31,59.3,4,486.54999999999995,0.0,down
CUST_000368,Q1_2025,2025-03-31,59.7,1,201.89,0.0,down
CUST_000368,Q2_2025,2025-06-30,62.7,6,1375.1100000000001,0.0,down
CUST_000368,Q3_2025,2025-09-30,60.1,3,212.52,0.3333333333333333,down
CUST_000368,Q4_2025,2025-12-31,50.3,6,783.3199999999999,0.5,down
CUST_000369,Q1_2023,2023-03-31,56.6,0,0.0,0.0,stable
CUST_000369,Q2_2023,2023-06-30,62.5,2,41.94,0.5,stable
CUST_000369,Q3_2023,2023-09-30,55.1,1,110.48,0.0,stable
CUST_000369,Q4_2023,2023-12-31,60.1,0,0.0,0.0,stable
CUST_000369,Q1_2024,2024-03-31,70.4,1,133.67,0.0,stable
CUST_000369,Q2_2024,2024-06-30,59.3,3,326.76,0.3333333333333333,stable
CUST_000369,Q3_2024,2024-09-30,54.3,3,118.64,0.3333333333333333,stable
CUST_000369,Q4_2024,2024-12-31,67.6,2,164.54,1.0,stable
CUST_000369,Q1_2025,2025-03-31,60.4,0,0.0,0.0,stable
CUST_000369,Q2_2025,2025-06-30,58.8,2,185.79000000000002,0.0,stable
CUST_000369,Q3_2025,2025-09-30,69.6,3,597.9200000000001,0.0,stable
CUST_000369,Q4_2025,2025-12-31,45.8,2,277.17,0.5,stable
CUST_000370,Q1_2023,2023-03-31,63.3,5,707.09,0.4,down
CUST_000370,Q2_2023,2023-06-30,53.4,0,0.0,0.0,down
CUST_000370,Q3_2023,2023-09-30,69.6,2,142.22,0.5,down
CUST_000370,Q4_2023,2023-12-31,57.3,2,117.91,0.5,down
CUST_000370,Q1_2024,2024-03-31,51.3,1,104.08,0.0,down
CUST_000370,Q2_2024,2024-06-30,50.4,4,574.0699999999999,0.25,down
CUST_000370,Q3_2024,2024-09-30,61.7,1,84.29,0.0,down
CUST_000370,Q4_2024,2024-12-31,65.3,2,362.67,0.5,down
CUST_000370,Q1_2025,2025-03-31,53.9,4,657.64,0.0,down
CUST_000370,Q2_2025,2025-06-30,51.8,0,0.0,0.0,down
CUST_000370,Q3_2025,2025-09-30,48.3,2,219.5,0.0,down
CUST_000370,Q4_2025,2025-12-31,54.2,1,84.55,0.0,down
CUST_000371,Q1_2023,2023-03-31,61.4,0,0.0,0.0,stable
CUST_000371,Q2_2023,2023-06-30,68.3,0,0.0,0.0,stable
CUST_000371,Q3_2023,2023-09-30,70.5,4,401.78,0.5,stable
CUST_000371,Q4_2023,2023-12-31,58.3,0,0.0,0.0,stable
CUST_000371,Q1_2024,2024-03-31,65.2,2,377.67,0.5,stable
CUST_000371,Q2_2024,2024-06-30,52.5,1,105.53,1.0,stable
CUST_000371,Q3_2024,2024-09-30,59.4,1,20.2,1.0,stable
CUST_000371,Q4_2024,2024-12-31,64.1,2,94.16,0.5,stable
CUST_000371,Q1_2025,2025-03-31,62.1,4,520.36,0.0,stable
CUST_000371,Q2_2025,2025-06-30,66.0,2,103.14999999999999,0.0,stable
CUST_000371,Q3_2025,2025-09-30,72.8,2,119.61,0.0,stable
CUST_000371,Q4_2025,2025-12-31,67.9,3,158.22,0.3333333333333333,stable
CUST_000372,Q1_2023,2023-03-31,65.2,2,157.82999999999998,0.5,stable
CUST_000372,Q2_2023,2023-06-30,60.2,1,66.42,0.0,stable
CUST_000372,Q3_2023,2023-09-30,64.4,3,683.54,0.0,stable
CUST_000372,Q4_2023,2023-12-31,58.7,0,0.0,0.0,stable
CUST_000372,Q1_2024,2024-03-31,61.7,2,225.48999999999998,0.5,stable
CUST_000372,Q2_2024,2024-06-30,56.6,3,445.53,0.0,stable
CUST_000372,Q3_2024,2024-09-30,51.0,2,219.79,0.5,stable
CUST_000372,Q4_2024,2024-12-31,61.4,3,124.8,0.6666666666666666,stable
CUST_000372,Q1_2025,2025-03-31,53.9,0,0.0,0.0,stable
CUST_000372,Q2_2025,2025-06-30,56.8,2,49.61,0.5,stable
CUST_000372,Q3_2025,2025-09-30,47.6,1,109.13,0.0,stable
CUST_000372,Q4_2025,2025-12-31,67.2,1,492.47,0.0,stable
CUST_000373,Q1_2023,2023-03-31,66.7,0,0.0,0.0,up
CUST_000373,Q2_2023,2023-06-30,66.1,2,154.5,0.0,up
CUST_000373,Q3_2023,2023-09-30,55.6,0,0.0,0.0,up
CUST_000373,Q4_2023,2023-12-31,69.6,1,34.24,1.0,up
CUST_000373,Q1_2024,2024-03-31,67.5,0,0.0,0.0,up
CUST_000373,Q2_2024,2024-06-30,80.6,1,21.31,1.0,up
CUST_000373,Q3_2024,2024-09-30,79.2,1,106.46,1.0,up
CUST_000373,Q4_2024,2024-12-31,80.1,2,143.64999999999998,1.0,up
CUST_000373,Q1_2025,2025-03-31,74.8,1,25.71,1.0,up
CUST_000373,Q2_2025,2025-06-30,76.9,0,0.0,0.0,up
CUST_000373,Q3_2025,2025-09-30,75.8,1,27.34,1.0,up
CUST_000373,Q4_2025,2025-12-31,80.4,0,0.0,0.0,up
CUST_000374,Q1_2023,2023-03-31,78.6,5,336.21,0.2,down
CUST_000374,Q2_2023,2023-06-30,73.0,3,200.6,0.0,down
CUST_000374,Q3_2023,2023-09-30,79.1,5,593.18,0.6,down
CUST_000374,Q4_2023,2023-12-31,80.1,4,570.4,0.25,down
CUST_000374,Q1_2024,2024-03-31,77.2,3,145.31,0.3333333333333333,down
CUST_000374,Q2_2024,2024-06-30,84.0,2,59.93,0.5,down
CUST_000374,Q3_2024,2024-09-30,72.2,2,95.91,0.0,down
CUST_000374,Q4_2024,2024-12-31,80.1,4,331.5,0.0,down
CUST_000374,Q1_2025,2025-03-31,78.7,2,342.84,0.0,down
CUST_000374,Q2_2025,2025-06-30,65.4,4,297.36,0.25,down
CUST_000374,Q3_2025,2025-09-30,73.6,3,318.06,0.0,down
CUST_000374,Q4_2025,2025-12-31,79.2,3,205.99,0.0,down
CUST_000375,Q1_2023,2023-03-31,60.1,1,70.07,0.0,up
CUST_000375,Q2_2023,2023-06-30,64.3,1,88.5,0.0,up
CUST_000375,Q3_2023,2023-09-30,76.2,0,0.0,0.0,up
CUST_000375,Q4_2023,2023-12-31,70.8,1,27.25,0.0,up
CUST_000375,Q1_2024,2024-03-31,68.5,0,0.0,0.0,up
CUST_000375,Q2_2024,2024-06-30,62.7,2,108.05000000000001,0.0,up
CUST_000375,Q3_2024,2024-09-30,60.0,3,121.78,0.6666666666666666,up
CUST_000375,Q4_2024,2024-12-31,75.3,1,89.09,1.0,up
CUST_000375,Q1_2025,2025-03-31,71.2,0,0.0,0.0,up
CUST_000375,Q2_2025,2025-06-30,71.9,5,957.5,0.2,up
CUST_000375,Q3_2025,2025-09-30,71.2,1,26.23,1.0,up
CUST_000375,Q4_2025,2025-12-31,76.9,4,289.95000000000005,0.5,up
CUST_000376,Q1_2023,2023-03-31,53.5,2,311.56,0.0,stable
CUST_000376,Q2_2023,2023-06-30,56.8,3,678.38,0.0,stable
CUST_000376,Q3_2023,2023-09-30,50.7,1,48.57,0.0,stable
CUST_000376,Q4_2023,2023-12-31,56.8,2,160.24,0.0,stable
CUST_000376,Q1_2024,2024-03-31,67.9,1,95.25,0.0,stable
CUST_000376,Q2_2024,2024-06-30,56.6,2,575.06,0.0,stable
CUST_000376,Q3_2024,2024-09-30,48.8,1,396.78,0.0,stable
CUST_000376,Q4_2024,2024-12-31,56.9,0,0.0,0.0,stable
CUST_000376,Q1_2025,2025-03-31,57.6,1,245.77,0.0,stable
CUST_000376,Q2_2025,2025-06-30,57.3,3,244.32999999999998,0.3333333333333333,stable
CUST_000376,Q3_2025,2025-09-30,49.0,0,0.0,0.0,stable
CUST_000376,Q4_2025,2025-12-31,61.6,4,220.55,0.5,stable
CUST_000377,Q1_2023,2023-03-31,81.2,0,0.0,0.0,up
CUST_000377,Q2_2023,2023-06-30,64.9,1,101.25,0.0,up
CUST_000377,Q3_2023,2023-09-30,72.2,2,97.55000000000001,0.5,up
CUST_000377,Q4_2023,2023-12-31,73.8,5,659.9300000000001,0.4,up
CUST_000377,Q1_2024,2024-03-31,78.6,2,350.38,0.5,up
CUST_000377,Q2_2024,2024-06-30,85.1,1,77.05,0.0,up
CUST_000377,Q3_2024,2024-09-30,87.9,3,167.74,0.6666666666666666,up
CUST_000377,Q4_2024,2024-12-31,85.6,0,0.0,0.0,up
CUST_000377,Q1_2025,2025-03-31,82.3,1,197.13,0.0,up
CUST_000377,Q2_2025,2025-06-30,96.1,5,693.74,0.0,up
CUST_000377,Q3_2025,2025-09-30,97.2,6,367.22,0.16666666666666666,up
CUST_000377,Q4_2025,2025-12-31,79.8,4,220.92000000000002,0.5,up
CUST_000378,Q1_2023,2023-03-31,58.8,3,274.71,0.3333333333333333,stable
CUST_000378,Q2_2023,2023-06-30,51.7,3,184.60999999999999,0.6666666666666666,stable
CUST_000378,Q3_2023,2023-09-30,57.2,2,136.81,0.5,stable
CUST_000378,Q4_2023,2023-12-31,57.1,0,0.0,0.0,stable
CUST_000378,Q1_2024,2024-03-31,58.3,2,48.09,1.0,stable
CUST_000378,Q2_2024,2024-06-30,56.8,1,35.91,1.0,stable
CUST_000378,Q3_2024,2024-09-30,57.5,2,145.01999999999998,0.0,stable
CUST_000378,Q4_2024,2024-12-31,53.8,2,50.83,0.5,stable
CUST_000378,Q1_2025,2025-03-31,56.7,1,41.62,0.0,stable
CUST_000378,Q2_2025,2025-06-30,59.7,1,24.63,0.0,stable
CUST_000378,Q3_2025,2025-09-30,56.5,2,305.53,1.0,stable
CUST_000378,Q4_2025,2025-12-31,57.6,4,452.6,0.75,stable
CUST_000379,Q1_2023,2023-03-31,71.1,2,305.78999999999996,0.0,up
CUST_000379,Q2_2023,2023-06-30,82.6,2,51.54,0.5,up
CUST_000379,Q3_2023,2023-09-30,80.6,5,1827.42,0.2,up
CUST_000379,Q4_2023,2023-12-31,88.5,3,352.71,0.3333333333333333,up
CUST_000379,Q1_2024,2024-03-31,85.5,3,211.23,0.3333333333333333,up
CUST_000379,Q2_2024,2024-06-30,80.0,4,523.8100000000001,1.0,up
CUST_000379,Q3_2024,2024-09-30,94.1,3,516.47,0.3333333333333333,up
CUST_000379,Q4_2024,2024-12-31,86.5,3,569.14,0.3333333333333333,up
CUST_000379,Q1_2025,2025-03-31,91.8,6,638.4300000000001,0.16666666666666666,up
CUST_000379,Q2_2025,2025-06-30,98.3,8,499.45,0.375,up
CUST_000379,Q3_2025,2025-09-30,100.0,4,125.38,1.0,up
CUST_000379,Q4_2025,2025-12-31,100.0,2,109.85999999999999,0.5,up
CUST_000380,Q1_2023,2023-03-31,64.0,0,0.0,0.0,down
CUST_000380,Q2_2023,2023-06-30,73.4,4,516.28,0.25,down
CUST_000380,Q3_2023,2023-09-30,71.0,5,449.76,0.4,down
CUST_000380,Q4_2023,2023-12-31,58.6,5,531.46,0.2,down
CUST_000380,Q1_2024,2024-03-31,78.3,5,404.52000000000004,0.4,down
CUST_000380,Q2_2024,2024-06-30,53.9,2,221.5,0.5,down
CUST_000380,Q3_2024,2024-09-30,63.2,3,92.4,0.3333333333333333,down
CUST_000380,Q4_2024,2024-12-31,58.0,1,46.03,0.0,down
CUST_000380,Q1_2025,2025-03-31,57.3,3,200.85,0.3333333333333333,down
CUST_000380,Q2_2025,2025-06-30,47.6,3,392.72,0.0,down
CUST_000380,Q3_2025,2025-09-30,56.4,1,59.51,0.0,down
CUST_000380,Q4_2025,2025-12-31,66.1,6,356.58,0.5,down
CUST_000381,Q1_2023,2023-03-31,55.0,1,173.43,0.0,stable
CUST_000381,Q2_2023,2023-06-30,61.1,3,301.57,0.0,stable
CUST_000381,Q3_2023,2023-09-30,60.3,1,36.87,0.0,stable
CUST_000381,Q4_2023,2023-12-31,48.7,1,30.94,0.0,stable
CUST_000381,Q1_2024,2024-03-31,51.0,2,189.03,0.5,stable
CUST_000381,Q2_2024,2024-06-30,51.4,1,237.81,0.0,stable
CUST_000381,Q3_2024,2024-09-30,55.5,0,0.0,0.0,stable
CUST_000381,Q4_2024,2024-12-31,60.8,2,136.2,0.5,stable
CUST_000381,Q1_2025,2025-03-31,43.2,1,329.46,0.0,stable
CUST_000381,Q2_2025,2025-06-30,60.2,6,441.46999999999997,0.3333333333333333,stable
CUST_000381,Q3_2025,2025-09-30,63.7,2,173.68,0.0,stable
CUST_000381,Q4_2025,2025-12-31,54.2,2,255.32,0.5,stable
CUST_000382,Q1_2023,2023-03-31,54.9,1,74.78,0.0,up
CUST_000382,Q2_2023,2023-06-30,56.0,1,346.52,0.0,up
CUST_000382,Q3_2023,2023-09-30,62.2,1,86.06,0.0,up
CUST_000382,Q4_2023,2023-12-31,47.3,2,304.0,1.0,up
CUST_000382,Q1_2024,2024-03-31,66.9,1,161.13,1.0,up
CUST_000382,Q2_2024,2024-06-30,67.0,0,0.0,0.0,up
CUST_000382,Q3_2024,2024-09-30,77.4,0,0.0,0.0,up
CUST_000382,Q4_2024,2024-12-31,81.0,2,174.91,0.5,up
CUST_000382,Q1_2025,2025-03-31,74.8,3,256.45,0.0,up
CUST_000382,Q2_2025,2025-06-30,83.3,0,0.0,0.0,up
CUST_000382,Q3_2025,2025-09-30,76.3,2,263.88,0.5,up
CUST_000382,Q4_2025,2025-12-31,81.5,0,0.0,0.0,up
CUST_000383,Q1_2023,2023-03-31,75.2,4,434.16,0.5,up
CUST_000383,Q2_2023,2023-06-30,69.3,1,55.08,0.0,up
CUST_000383,Q3_2023,2023-09-30,72.4,1,94.91,1.0,up
CUST_000383,Q4_2023,2023-12-31,71.0,3,323.81000000000006,0.0,up
CUST_000383,Q1_2024,2024-03-31,69.1,4,452.37,0.0,up
CUST_000383,Q2_2024,2024-06-30,70.7,1,208.29,0.0,up
CUST_000383,Q3_2024,2024-09-30,71.0,3,462.62,0.0,up
CUST_000383,Q4_2024,2024-12-31,73.0,5,473.58,0.2,up
CUST_000383,Q1_2025,2025-03-31,82.0,3,326.42,0.3333333333333333,up
CUST_000383,Q2_2025,2025-06-30,71.1,1,46.59,0.0,up
CUST_000383,Q3_2025,2025-09-30,70.9,3,145.9,0.3333333333333333,up
CUST_000383,Q4_2025,2025-12-31,87.6,3,280.59,0.0,up
CUST_000384,Q1_2023,2023-03-31,75.5,4,464.12,0.0,up
CUST_000384,Q2_2023,2023-06-30,78.6,3,300.09000000000003,0.3333333333333333,up
CUST_000384,Q3_2023,2023-09-30,86.4,7,1211.8,0.2857142857142857,up
CUST_000384,Q4_2023,2023-12-31,79.9,4,173.88,0.25,up
CUST_000384,Q1_2024,2024-03-31,79.9,6,782.1700000000001,0.5,up
CUST_000384,Q2_2024,2024-06-30,89.4,7,604.12,0.2857142857142857,up
CUST_000384,Q3_2024,2024-09-30,98.1,3,312.13,0.3333333333333333,up
CUST_000384,Q4_2024,2024-12-31,81.5,3,232.51999999999998,0.6666666666666666,up
CUST_000384,Q1_2025,2025-03-31,95.0,2,145.66,0.0,up
CUST_000384,Q2_2025,2025-06-30,93.1,5,440.86,0.2,up
CUST_000384,Q3_2025,2025-09-30,88.4,5,451.12,0.6,up
CUST_000384,Q4_2025,2025-12-31,97.5,2,282.5,0.5,up
CUST_000385,Q1_2023,2023-03-31,66.4,0,0.0,0.0,stable
CUST_000385,Q2_2023,2023-06-30,70.2,3,612.63,0.0,stable
CUST_000385,Q3_2023,2023-09-30,58.5,2,336.94000000000005,0.0,stable
CUST_000385,Q4_2023,2023-12-31,77.7,0,0.0,0.0,stable
CUST_000385,Q1_2024,2024-03-31,78.9,5,576.86,0.4,stable
CUST_000385,Q2_2024,2024-06-30,79.4,5,336.62,0.4,stable
CUST_000385,Q3_2024,2024-09-30,69.5,1,268.07,1.0,stable
CUST_000385,Q4_2024,2024-12-31,71.1,3,127.4,0.6666666666666666,stable
CUST_000385,Q1_2025,2025-03-31,77.5,5,847.47,0.2,stable
CUST_000385,Q2_2025,2025-06-30,78.6,2,189.45,0.0,stable
CUST_000385,Q3_2025,2025-09-30,76.7,2,116.67,0.0,stable
CUST_000385,Q4_2025,2025-12-31,70.2,2,115.78999999999999,0.0,stable
CUST_000386,Q1_2023,2023-03-31,61.1,1,149.38,0.0,stable
CUST_000386,Q2_2023,2023-06-30,62.3,2,368.87,0.0,stable
CUST_000386,Q3_2023,2023-09-30,54.0,1,152.37,1.0,stable
CUST_000386,Q4_2023,2023-12-31,51.8,1,227.97,0.0,stable
CUST_000386,Q1_2024,2024-03-31,57.6,1,58.23,1.0,stable
CUST_000386,Q2_2024,2024-06-30,58.8,3,315.19,0.0,stable
CUST_000386,Q3_2024,2024-09-30,58.3,2,435.36,0.0,stable
CUST_000386,Q4_2024,2024-12-31,60.0,1,97.25,0.0,stable
CUST_000386,Q1_2025,2025-03-31,63.7,3,269.92,0.0,stable
CUST_000386,Q2_2025,2025-06-30,60.5,3,121.37,0.3333333333333333,stable
CUST_000386,Q3_2025,2025-09-30,62.4,1,192.82,0.0,stable
CUST_000386,Q4_2025,2025-12-31,62.0,4,557.24,0.25,stable
CUST_000387,Q1_2023,2023-03-31,63.0,0,0.0,0.0,up
CUST_000387,Q2_2023,2023-06-30,64.1,1,30.12,1.0,up
CUST_000387,Q3_2023,2023-09-30,58.1,0,0.0,0.0,up
CUST_000387,Q4_2023,2023-12-31,65.1,2,429.52,0.5,up
CUST_000387,Q1_2024,2024-03-31,61.3,1,223.39,1.0,up
CUST_000387,Q2_2024,2024-06-30,73.2,1,30.95,0.0,up
CUST_000387,Q3_2024,2024-09-30,59.7,3,282.44,0.0,up
CUST_000387,Q4_2024,2024-12-31,65.9,2,182.81,0.5,up
CUST_000387,Q1_2025,2025-03-31,73.9,1,115.62,0.0,up
CUST_000387,Q2_2025,2025-06-30,73.6,1,310.16,0.0,up
CUST_000387,Q3_2025,2025-09-30,77.2,0,0.0,0.0,up
CUST_000387,Q4_2025,2025-12-31,68.4,4,469.02,0.5,up
CUST_000388,Q1_2023,2023-03-31,54.1,1,142.29,0.0,up
CUST_000388,Q2_2023,2023-06-30,57.8,2,202.93,0.0,up
CUST_000388,Q3_2023,2023-09-30,74.5,2,136.25,0.0,up
CUST_000388,Q4_2023,2023-12-31,66.8,2,307.23,0.0,up
CUST_000388,Q1_2024,2024-03-31,66.6,1,34.78,0.0,up
CUST_000388,Q2_2024,2024-06-30,63.8,1,253.58,0.0,up
CUST_000388,Q3_2024,2024-09-30,77.5,4,292.58,0.25,up
CUST_000388,Q4_2024,2024-12-31,76.7,0,0.0,0.0,up
CUST_000388,Q1_2025,2025-03-31,75.5,0,0.0,0.0,up
CUST_000388,Q2_2025,2025-06-30,77.9,2,224.73000000000002,0.0,up
CUST_000388,Q3_2025,2025-09-30,79.9,2,75.42,0.0,up
CUST_000388,Q4_2025,2025-12-31,77.5,2,341.83,0.5,up
CUST_000389,Q1_2023,2023-03-31,66.6,1,27.62,1.0,stable
CUST_000389,Q2_2023,2023-06-30,61.4,2,68.19,1.0,stable
CUST_000389,Q3_2023,2023-09-30,64.0,4,462.64,0.75,stable
CUST_000389,Q4_2023,2023-12-31,64.7,0,0.0,0.0,stable
CUST_000389,Q1_2024,2024-03-31,60.7,4,371.24,0.25,stable
CUST_000389,Q2_2024,2024-06-30,61.6,3,449.95,0.6666666666666666,stable
CUST_000389,Q3_2024,2024-09-30,62.7,1,37.45,1.0,stable
CUST_000389,Q4_2024,2024-12-31,62.2,1,41.46,1.0,stable
CUST_000389,Q1_2025,2025-03-31,65.4,1,83.23,0.0,stable
CUST_000389,Q2_2025,2025-06-30,57.1,4,515.73,0.25,stable
CUST_000389,Q3_2025,2025-09-30,55.1,1,130.6,0.0,stable
CUST_000389,Q4_2025,2025-12-31,60.5,3,514.72,0.0,stable
CUST_000390,Q1_2023,2023-03-31,47.8,1,59.98,0.0,stable
CUST_000390,Q2_2023,2023-06-30,59.7,0,0.0,0.0,stable
CUST_000390,Q3_2023,2023-09-30,62.5,0,0.0,0.0,stable
CUST_000390,Q4_2023,2023-12-31,58.2,4,399.83,0.25,stable
CUST_000390,Q1_2024,2024-03-31,52.0,2,373.71999999999997,0.0,stable
CUST_000390,Q2_2024,2024-06-30,56.2,1,99.56,1.0,stable
CUST_000390,Q3_2024,2024-09-30,48.0,0,0.0,0.0,stable
CUST_000390,Q4_2024,2024-12-31,48.1,1,107.16,0.0,stable
CUST_000390,Q1_2025,2025-03-31,66.4,3,299.42,0.0,stable
CUST_000390,Q2_2025,2025-06-30,47.1,1,164.49,0.0,stable
CUST_000390,Q3_2025,2025-09-30,46.3,1,151.07,0.0,stable
CUST_000390,Q4_2025,2025-12-31,58.4,0,0.0,0.0,stable
CUST_000391,Q1_2023,2023-03-31,77.1,3,422.49,0.0,stable
CUST_000391,Q2_2023,2023-06-30,80.7,5,1012.38,0.6,stable
CUST_000391,Q3_2023,2023-09-30,74.4,5,607.03,0.6,stable
CUST_000391,Q4_2023,2023-12-31,69.1,1,58.72,1.0,stable
CUST_000391,Q1_2024,2024-03-31,74.8,7,926.77,0.5714285714285714,stable
CUST_000391,Q2_2024,2024-06-30,74.3,7,870.87,0.2857142857142857,stable
CUST_000391,Q3_2024,2024-09-30,80.0,6,595.12,0.16666666666666666,stable
CUST_000391,Q4_2024,2024-12-31,78.8,6,523.23,0.16666666666666666,stable
CUST_000391,Q1_2025,2025-03-31,85.0,7,586.8299999999999,0.14285714285714285,stable
CUST_000391,Q2_2025,2025-06-30,70.4,3,1011.86,0.0,stable
CUST_000391,Q3_2025,2025-09-30,82.9,4,332.96,0.5,stable
CUST_000391,Q4_2025,2025-12-31,85.0,3,520.8299999999999,0.3333333333333333,stable
CUST_000392,Q1_2023,2023-03-31,75.1,3,145.02,0.3333333333333333,up
CUST_000392,Q2_2023,2023-06-30,67.4,0,0.0,0.0,up
CUST_000392,Q3_2023,2023-09-30,81.5,5,392.2,0.6,up
CUST_000392,Q4_2023,2023-12-31,81.1,0,0.0,0.0,up
CUST_000392,Q1_2024,2024-03-31,77.4,0,0.0,0.0,up
CUST_000392,Q2_2024,2024-06-30,76.0,1,381.99,0.0,up
CUST_000392,Q3_2024,2024-09-30,79.3,0,0.0,0.0,up
CUST_000392,Q4_2024,2024-12-31,80.1,1,36.85,0.0,up
CUST_000392,Q1_2025,2025-03-31,86.4,2,198.84,0.0,up
CUST_000392,Q2_2025,2025-06-30,96.9,2,323.92,0.0,up
CUST_000392,Q3_2025,2025-09-30,100.0,1,22.72,1.0,up
CUST_000392,Q4_2025,2025-12-31,96.8,3,274.65,0.3333333333333333,up
CUST_000393,Q1_2023,2023-03-31,64.3,2,256.75,0.0,down
CUST_000393,Q2_2023,2023-06-30,59.3,0,0.0,0.0,down
CUST_000393,Q3_2023,2023-09-30,71.5,2,174.34,0.0,down
CUST_000393,Q4_2023,2023-12-31,60.7,3,185.28,0.3333333333333333,down
CUST_000393,Q1_2024,2024-03-31,61.7,3,482.03999999999996,0.0,down
CUST_000393,Q2_2024,2024-06-30,46.2,1,108.07,0.0,down
CUST_000393,Q3_2024,2024-09-30,55.4,4,566.06,0.0,down
CUST_000393,Q4_2024,2024-12-31,53.2,3,342.86,0.3333333333333333,down
CUST_000393,Q1_2025,2025-03-31,61.1,5,652.16,0.2,down
CUST_000393,Q2_2025,2025-06-30,61.5,5,1034.36,0.2,down
CUST_000393,Q3_2025,2025-09-30,58.8,2,525.3,0.5,down
CUST_000393,Q4_2025,2025-12-31,44.6,1,36.47,0.0,down
CUST_000394,Q1_2023,2023-03-31,80.5,4,632.48,0.25,down
CUST_000394,Q2_2023,2023-06-30,69.5,3,629.21,0.3333333333333333,down
CUST_000394,Q3_2023,2023-09-30,65.3,1,13.45,1.0,down
CUST_000394,Q4_2023,2023-12-31,71.4,2,58.52,1.0,down
CUST_000394,Q1_2024,2024-03-31,75.9,3,206.54,0.6666666666666666,down
CUST_000394,Q2_2024,2024-06-30,69.0,2,247.17000000000002,0.0,down
CUST_000394,Q3_2024,2024-09-30,58.6,1,277.77,0.0,down
CUST_000394,Q4_2024,2024-12-31,68.7,2,333.06,0.5,down
CUST_000394,Q1_2025,2025-03-31,71.6,3,130.3,0.0,down
CUST_000394,Q2_2025,2025-06-30,56.4,1,19.87,1.0,down
CUST_000394,Q3_2025,2025-09-30,62.4,2,59.83,0.5,down
CUST_000394,Q4_2025,2025-12-31,60.2,3,363.38,0.3333333333333333,down
CUST_000395,Q1_2023,2023-03-31,48.2,3,679.0300000000001,0.0,stable
CUST_000395,Q2_2023,2023-06-30,48.8,0,0.0,0.0,stable
CUST_000395,Q3_2023,2023-09-30,50.6,2,220.7,0.5,stable
CUST_000395,Q4_2023,2023-12-31,49.2,1,109.05,1.0,stable
CUST_000395,Q1_2024,2024-03-31,53.0,4,621.12,0.0,stable
CUST_000395,Q2_2024,2024-06-30,43.4,1,30.28,0.0,stable
CUST_000395,Q3_2024,2024-09-30,54.7,0,0.0,0.0,stable
CUST_000395,Q4_2024,2024-12-31,41.9,4,463.4,0.0,stable
CUST_000395,Q1_2025,2025-03-31,51.6,4,262.02,0.25,stable
CUST_000395,Q2_2025,2025-06-30,48.9,1,148.57,0.0,stable
CUST_000395,Q3_2025,2025-09-30,46.7,1,432.32,0.0,stable
CUST_000395,Q4_2025,2025-12-31,52.2,1,257.72,1.0,stable
CUST_000396,Q1_2023,2023-03-31,75.9,3,415.08000000000004,0.3333333333333333,down
CUST_000396,Q2_2023,2023-06-30,76.3,1,81.33,1.0,down
CUST_000396,Q3_2023,2023-09-30,61.4,2,326.5,0.5,down
CUST_000396,Q4_2023,2023-12-31,63.2,4,272.43,0.0,down
CUST_000396,Q1_2024,2024-03-31,64.7,3,141.2,0.6666666666666666,down
CUST_000396,Q2_2024,2024-06-30,53.4,1,48.84,0.0,down
CUST_000396,Q3_2024,2024-09-30,53.4,2,50.519999999999996,0.5,down
CUST_000396,Q4_2024,2024-12-31,42.0,3,436.33,0.0,down
CUST_000396,Q1_2025,2025-03-31,52.6,4,518.8100000000001,0.25,down
CUST_000396,Q2_2025,2025-06-30,54.2,4,129.17000000000002,0.5,down
CUST_000396,Q3_2025,2025-09-30,44.9,0,0.0,0.0,down
CUST_000396,Q4_2025,2025-12-31,39.6,1,46.84,0.0,down
CUST_000397,Q1_2023,2023-03-31,76.0,2,538.92,0.0,down
CUST_000397,Q2_2023,2023-06-30,79.6,5,881.21,0.2,down
CUST_000397,Q3_2023,2023-09-30,69.4,3,317.55,0.6666666666666666,down
CUST_000397,Q4_2023,2023-12-31,74.9,7,408.87,0.42857142857142855,down
CUST_000397,Q1_2024,2024-03-31,63.8,3,138.82999999999998,0.3333333333333333,down
CUST_000397,Q2_2024,2024-06-30,58.7,3,254.89,0.3333333333333333,down
CUST_000397,Q3_2024,2024-09-30,59.9,2,128.67000000000002,0.5,down
CUST_000397,Q4_2024,2024-12-31,57.6,6,674.94,0.3333333333333333,down
CUST_000397,Q1_2025,2025-03-31,49.9,4,670.9000000000001,0.0,down
CUST_000397,Q2_2025,2025-06-30,52.8,5,712.47,0.0,down
CUST_000397,Q3_2025,2025-09-30,45.9,4,471.17999999999995,0.0,down
CUST_000397,Q4_2025,2025-12-31,44.7,4,675.97,0.0,down
CUST_000398,Q1_2023,2023-03-31,44.4,3,116.12,0.6666666666666666,up
CUST_000398,Q2_2023,2023-06-30,55.6,2,261.15,0.5,up
CUST_000398,Q3_2023,2023-09-30,56.7,1,317.44,0.0,up
CUST_000398,Q4_2023,2023-12-31,56.8,0,0.0,0.0,up
CUST_000398,Q1_2024,2024-03-31,50.6,0,0.0,0.0,up
CUST_000398,Q2_2024,2024-06-30,62.5,0,0.0,0.0,up
CUST_000398,Q3_2024,2024-09-30,64.9,0,0.0,0.0,up
CUST_000398,Q4_2024,2024-12-31,66.7,1,359.22,0.0,up
CUST_000398,Q1_2025,2025-03-31,61.3,1,186.62,0.0,up
CUST_000398,Q2_2025,2025-06-30,69.0,0,0.0,0.0,up
CUST_000398,Q3_2025,2025-09-30,71.9,4,323.46000000000004,0.0,up
CUST_000398,Q4_2025,2025-12-31,72.9,1,110.75,0.0,up
CUST_000399,Q1_2023,2023-03-31,67.9,2,53.47,0.5,stable
CUST_000399,Q2_2023,2023-06-30,79.3,7,620.0,0.0,stable
CUST_000399,Q3_2023,2023-09-30,74.6,5,645.59,0.0,stable
CUST_000399,Q4_2023,2023-12-31,74.4,4,412.03999999999996,0.0,stable
CUST_000399,Q1_2024,2024-03-31,69.3,4,274.35,0.75,stable
CUST_000399,Q2_2024,2024-06-30,74.1,6,755.56,0.5,stable
CUST_000399,Q3_2024,2024-09-30,76.4,6,320.03000000000003,0.16666666666666666,stable
CUST_000399,Q4_2024,2024-12-31,69.7,3,536.64,0.3333333333333333,stable
CUST_000399,Q1_2025,2025-03-31,77.6,3,717.61,0.6666666666666666,stable
CUST_000399,Q2_2025,2025-06-30,76.8,1,205.63,0.0,stable
CUST_000399,Q3_2025,2025-09-30,75.7,4,386.71000000000004,0.0,stable
CUST_000399,Q4_2025,2025-12-31,64.7,2,147.49,0.0,stable
CUST_000400,Q1_2023,2023-03-31,71.9,1,33.41,0.0,stable
CUST_000400,Q2_2023,2023-06-30,72.4,0,0.0,0.0,stable
CUST_000400,Q3_2023,2023-09-30,69.3,2,388.35,0.0,stable
CUST_000400,Q4_2023,2023-12-31,73.3,3,420.9,0.0,stable
CUST_000400,Q1_2024,2024-03-31,84.6,3,357.42,0.0,stable
CUST_000400,Q2_2024,2024-06-30,64.6,4,941.83,0.0,stable
CUST_000400,Q3_2024,2024-09-30,70.7,7,746.74,0.42857142857142855,stable
CUST_000400,Q4_2024,2024-12-31,71.2,3,752.26,0.0,stable
CUST_000400,Q1_2025,2025-03-31,67.0,6,747.91,0.16666666666666666,stable
CUST_000400,Q2_2025,2025-06-30,80.2,3,694.27,0.0,stable
CUST_000400,Q3_2025,2025-09-30,59.8,3,564.38,0.3333333333333333,stable
CUST_000400,Q4_2025,2025-12-31,77.9,7,556.9100000000001,0.2857142857142857,stable
CUST_000401,Q1_2023,2023-03-31,59.7,5,595.03,0.2,up
CUST_000401,Q2_2023,2023-06-30,61.5,4,266.9,0.5,up
CUST_000401,Q3_2023,2023-09-30,68.7,6,726.42,0.3333333333333333,up
CUST_000401,Q4_2023,2023-12-31,68.6,3,214.51999999999998,0.3333333333333333,up
CUST_000401,Q1_2024,2024-03-31,69.9,1,37.0,0.0,up
CUST_000401,Q2_2024,2024-06-30,68.6,2,161.59,0.0,up
CUST_000401,Q3_2024,2024-09-30,68.6,3,212.85000000000002,0.6666666666666666,up
CUST_000401,Q4_2024,2024-12-31,61.5,2,143.53,0.0,up
CUST_000401,Q1_2025,2025-03-31,69.7,0,0.0,0.0,up
CUST_000401,Q2_2025,2025-06-30,62.7,1,122.89,0.0,up
CUST_000401,Q3_2025,2025-09-30,77.9,5,647.6899999999999,0.4,up
CUST_000401,Q4_2025,2025-12-31,70.5,2,177.29,0.5,up
CUST_000402,Q1_2023,2023-03-31,59.5,1,24.56,0.0,down
CUST_000402,Q2_2023,2023-06-30,58.0,3,91.67,0.6666666666666666,down
CUST_000402,Q3_2023,2023-09-30,53.2,0,0.0,0.0,down
CUST_000402,Q4_2023,2023-12-31,63.3,1,139.67,1.0,down
CUST_000402,Q1_2024,2024-03-31,54.8,2,519.84,0.0,down
CUST_000402,Q2_2024,2024-06-30,49.1,1,121.87,0.0,down
CUST_000402,Q3_2024,2024-09-30,48.1,0,0.0,0.0,down
CUST_000402,Q4_2024,2024-12-31,51.6,3,621.01,0.3333333333333333,down
CUST_000402,Q1_2025,2025-03-31,44.2,0,0.0,0.0,down
CUST_000402,Q2_2025,2025-06-30,55.2,2,49.199999999999996,0.5,down
CUST_000402,Q3_2025,2025-09-30,53.3,1,99.09,0.0,down
CUST_000402,Q4_2025,2025-12-31,41.5,3,555.03,0.3333333333333333,down
CUST_000403,Q1_2023,2023-03-31,53.5,0,0.0,0.0,down
CUST_000403,Q2_2023,2023-06-30,47.1,0,0.0,0.0,down
CUST_000403,Q3_2023,2023-09-30,47.4,2,37.379999999999995,0.5,down
CUST_000403,Q4_2023,2023-12-31,40.1,2,85.1,0.5,down
CUST_000403,Q1_2024,2024-03-31,54.2,0,0.0,0.0,down
CUST_000403,Q2_2024,2024-06-30,48.5,1,49.02,0.0,down
CUST_000403,Q3_2024,2024-09-30,46.0,1,68.66,1.0,down
CUST_000403,Q4_2024,2024-12-31,39.8,3,74.86,0.0,down
CUST_000403,Q1_2025,2025-03-31,45.6,2,149.45,0.0,down
CUST_000403,Q2_2025,2025-06-30,50.1,5,468.64,0.0,down
CUST_000403,Q3_2025,2025-09-30,44.2,0,0.0,0.0,down
CUST_000403,Q4_2025,2025-12-31,37.5,3,366.05,0.3333333333333333,down
CUST_000404,Q1_2023,2023-03-31,50.4,1,147.78,0.0,up
CUST_000404,Q2_2023,2023-06-30,35.7,1,41.76,1.0,up
CUST_000404,Q3_2023,2023-09-30,39.0,4,147.51,1.0,up
CUST_000404,Q4_2023,2023-12-31,47.4,1,69.84,0.0,up
CUST_000404,Q1_2024,2024-03-31,50.1,1,43.73,1.0,up
CUST_000404,Q2_2024,2024-06-30,58.6,2,278.11,0.5,up
CUST_000404,Q3_2024,2024-09-30,59.6,1,20.28,1.0,up
CUST_000404,Q4_2024,2024-12-31,65.3,1,309.26,0.0,up
CUST_000404,Q1_2025,2025-03-31,58.7,1,230.85,1.0,up
CUST_000404,Q2_2025,2025-06-30,63.5,6,1198.64,0.0,up
CUST_000404,Q3_2025,2025-09-30,60.0,1,29.56,1.0,up
CUST_000404,Q4_2025,2025-12-31,68.1,2,231.53000000000003,1.0,up
CUST_000405,Q1_2023,2023-03-31,72.8,1,46.43,1.0,up
CUST_000405,Q2_2023,2023-06-30,66.1,1,75.16,1.0,up
CUST_000405,Q3_2023,2023-09-30,66.4,3,460.91,0.3333333333333333,up
CUST_000405,Q4_2023,2023-12-31,76.9,4,381.90999999999997,0.25,up
CUST_000405,Q1_2024,2024-03-31,74.0,1,359.84,0.0,up
CUST_000405,Q2_2024,2024-06-30,72.0,4,165.29999999999998,0.5,up
CUST_000405,Q3_2024,2024-09-30,80.5,4,198.14,0.25,up
CUST_000405,Q4_2024,2024-12-31,72.5,6,673.3599999999999,0.5,up
CUST_000405,Q1_2025,2025-03-31,78.9,4,690.72,0.25,up
CUST_000405,Q2_2025,2025-06-30,80.9,5,302.28,0.4,up
CUST_000405,Q3_2025,2025-09-30,84.3,4,242.45,0.5,up
CUST_000405,Q4_2025,2025-12-31,81.1,4,530.93,0.25,up
CUST_000406,Q1_2023,2023-03-31,52.3,2,134.45,0.5,stable
CUST_000406,Q2_2023,2023-06-30,46.9,2,154.32,0.0,stable
CUST_000406,Q3_2023,2023-09-30,50.4,2,374.06,0.0,stable
CUST_000406,Q4_2023,2023-12-31,53.8,0,0.0,0.0,stable
CUST_000406,Q1_2024,2024-03-31,46.4,0,0.0,0.0,stable
CUST_000406,Q2_2024,2024-06-30,53.8,2,148.45,0.5,stable
CUST_000406,Q3_2024,2024-09-30,40.1,0,0.0,0.0,stable
CUST_000406,Q4_2024,2024-12-31,51.2,0,0.0,0.0,stable
CUST_000406,Q1_2025,2025-03-31,48.8,0,0.0,0.0,stable
CUST_000406,Q2_2025,2025-06-30,48.1,2,84.5,0.5,stable
CUST_000406,Q3_2025,2025-09-30,44.1,2,64.52000000000001,1.0,stable
CUST_000406,Q4_2025,2025-12-31,53.9,1,27.18,0.0,stable
CUST_000407,Q1_2023,2023-03-31,57.7,3,372.37,0.6666666666666666,down
CUST_000407,Q2_2023,2023-06-30,52.3,1,426.45,0.0,down
CUST_000407,Q3_2023,2023-09-30,46.7,3,405.2,0.0,down
CUST_000407,Q4_2023,2023-12-31,58.2,0,0.0,0.0,down
CUST_000407,Q1_2024,2024-03-31,50.8,2,128.23,0.0,down
CUST_000407,Q2_2024,2024-06-30,39.3,1,15.99,1.0,down
CUST_000407,Q3_2024,2024-09-30,61.7,3,216.89,0.0,down
CUST_000407,Q4_2024,2024-12-31,47.4,3,614.85,0.0,down
CUST_000407,Q1_2025,2025-03-31,49.8,1,66.8,0.0,down
CUST_000407,Q2_2025,2025-06-30,45.0,1,48.6,0.0,down
CUST_000407,Q3_2025,2025-09-30,43.5,0,0.0,0.0,down
CUST_000407,Q4_2025,2025-12-31,38.1,1,95.93,1.0,down
CUST_000408,Q1_2023,2023-03-31,91.3,3,610.39,0.3333333333333333,down
CUST_000408,Q2_2023,2023-06-30,77.7,6,585.04,0.3333333333333333,down
CUST_000408,Q3_2023,2023-09-30,75.4,2,290.95,0.0,down
CUST_000408,Q4_2023,2023-12-31,75.7,4,615.3399999999999,0.25,down
CUST_000408,Q1_2024,2024-03-31,77.6,8,440.09999999999997,0.375,down
CUST_000408,Q2_2024,2024-06-30,70.7,4,299.52,0.5,down
CUST_000408,Q3_2024,2024-09-30,75.5,5,662.5300000000001,0.8,down
CUST_000408,Q4_2024,2024-12-31,77.7,5,224.96,0.8,down
CUST_000408,Q1_2025,2025-03-31,64.2,1,38.24,1.0,down
CUST_000408,Q2_2025,2025-06-30,82.2,6,841.1099999999999,0.5,down
CUST_000408,Q3_2025,2025-09-30,58.6,4,479.37,0.5,down
CUST_000408,Q4_2025,2025-12-31,67.6,4,482.54,0.5,down
CUST_000409,Q1_2023,2023-03-31,63.8,2,121.65,0.5,stable
CUST_000409,Q2_2023,2023-06-30,60.7,1,80.89,1.0,stable
CUST_000409,Q3_2023,2023-09-30,67.7,1,14.35,0.0,stable
CUST_000409,Q4_2023,2023-12-31,68.4,0,0.0,0.0,stable
CUST_000409,Q1_2024,2024-03-31,66.4,2,103.01,1.0,stable
CUST_000409,Q2_2024,2024-06-30,64.8,4,357.85999999999996,0.5,stable
CUST_000409,Q3_2024,2024-09-30,76.6,5,245.82,0.8,stable
CUST_000409,Q4_2024,2024-12-31,79.5,4,1043.03,0.25,stable
CUST_000409,Q1_2025,2025-03-31,60.7,2,472.85,0.0,stable
CUST_000409,Q2_2025,2025-06-30,74.2,3,274.75,0.3333333333333333,stable
CUST_000409,Q3_2025,2025-09-30,73.9,6,819.28,0.5,stable
CUST_000409,Q4_2025,2025-12-31,71.7,3,308.42,0.6666666666666666,stable
CUST_000410,Q1_2023,2023-03-31,56.1,3,1016.26,0.0,up
CUST_000410,Q2_2023,2023-06-30,59.2,1,169.6,0.0,up
CUST_000410,Q3_2023,2023-09-30,69.8,1,125.67,0.0,up
CUST_000410,Q4_2023,2023-12-31,65.6,1,55.41,0.0,up
CUST_000410,Q1_2024,2024-03-31,78.3,0,0.0,0.0,up
CUST_000410,Q2_2024,2024-06-30,81.9,1,307.36,0.0,up
CUST_000410,Q3_2024,2024-09-30,78.5,0,0.0,0.0,up
CUST_000410,Q4_2024,2024-12-31,76.4,1,72.76,0.0,up
CUST_000410,Q1_2025,2025-03-31,77.6,1,147.22,0.0,up
CUST_000410,Q2_2025,2025-06-30,79.7,2,236.78,0.0,up
CUST_000410,Q3_2025,2025-09-30,80.8,1,30.37,1.0,up
CUST_000410,Q4_2025,2025-12-31,83.2,1,250.11,0.0,up
CUST_000411,Q1_2023,2023-03-31,65.2,3,196.22,0.0,up
CUST_000411,Q2_2023,2023-06-30,75.8,0,0.0,0.0,up
CUST_000411,Q3_2023,2023-09-30,63.7,2,175.31,0.5,up
CUST_000411,Q4_2023,2023-12-31,66.1,0,0.0,0.0,up
CUST_000411,Q1_2024,2024-03-31,55.7,1,272.33,0.0,up
CUST_000411,Q2_2024,2024-06-30,68.2,2,385.78,0.0,up
CUST_000411,Q3_2024,2024-09-30,66.0,2,86.79,1.0,up
CUST_000411,Q4_2024,2024-12-31,76.0,4,614.24,0.25,up
CUST_000411,Q1_2025,2025-03-31,78.5,3,520.6700000000001,0.0,up
CUST_000411,Q2_2025,2025-06-30,72.3,1,70.9,1.0,up
CUST_000411,Q3_2025,2025-09-30,68.3,1,89.66,0.0,up
CUST_000411,Q4_2025,2025-12-31,70.1,2,251.49,0.0,up
CUST_000412,Q1_2023,2023-03-31,63.3,3,253.84,0.6666666666666666,down
CUST_000412,Q2_2023,2023-06-30,78.7,4,296.56,0.5,down
CUST_000412,Q3_2023,2023-09-30,76.6,1,35.92,0.0,down
CUST_000412,Q4_2023,2023-12-31,80.2,4,561.86,0.0,down
CUST_000412,Q1_2024,2024-03-31,63.4,1,136.27,0.0,down
CUST_000412,Q2_2024,2024-06-30,61.9,0,0.0,0.0,down
CUST_000412,Q3_2024,2024-09-30,61.4,4,250.58999999999997,0.25,down
CUST_000412,Q4_2024,2024-12-31,75.2,6,667.56,0.5,down
CUST_000412,Q1_2025,2025-03-31,68.7,5,772.06,0.2,down
CUST_000412,Q2_2025,2025-06-30,71.5,3,701.61,0.0,down
CUST_000412,Q3_2025,2025-09-30,63.8,3,748.51,0.3333333333333333,down
CUST_000412,Q4_2025,2025-12-31,66.3,1,102.88,0.0,down
CUST_000413,Q1_2023,2023-03-31,48.1,1,56.33,0.0,down
CUST_000413,Q2_2023,2023-06-30,48.6,2,278.7,0.0,down
CUST_000413,Q3_2023,2023-09-30,42.1,1,10.0,0.0,down
CUST_000413,Q4_2023,2023-12-31,47.8,2,496.88,0.5,down
CUST_000413,Q1_2024,2024-03-31,41.7,1,36.46,0.0,down
CUST_000413,Q2_2024,2024-06-30,42.0,2,59.61,1.0,down
CUST_000413,Q3_2024,2024-09-30,43.2,0,0.0,0.0,down
CUST_000413,Q4_2024,2024-12-31,36.8,3,327.3,0.3333333333333333,down
CUST_000413,Q1_2025,2025-03-31,32.5,2,98.97,0.5,down
CUST_000413,Q2_2025,2025-06-30,27.3,3,353.76,0.0,down
CUST_000413,Q3_2025,2025-09-30,27.7,3,154.13,0.3333333333333333,down
CUST_000413,Q4_2025,2025-12-31,21.9,0,0.0,0.0,down
CUST_000414,Q1_2023,2023-03-31,73.6,4,228.35,0.0,up
CUST_000414,Q2_2023,2023-06-30,68.0,1,230.46,0.0,up
CUST_000414,Q3_2023,2023-09-30,74.6,2,105.59,0.0,up
CUST_000414,Q4_2023,2023-12-31,72.2,1,103.3,1.0,up
CUST_000414,Q1_2024,2024-03-31,72.5,1,74.04,0.0,up
CUST_000414,Q2_2024,2024-06-30,80.7,1,21.67,1.0,up
CUST_000414,Q3_2024,2024-09-30,75.5,0,0.0,0.0,up
CUST_000414,Q4_2024,2024-12-31,80.7,3,197.72,0.6666666666666666,up
CUST_000414,Q1_2025,2025-03-31,87.4,3,343.86,1.0,up
CUST_000414,Q2_2025,2025-06-30,74.4,4,499.7,0.0,up
CUST_000414,Q3_2025,2025-09-30,83.7,0,0.0,0.0,up
CUST_000414,Q4_2025,2025-12-31,96.0,1,225.28,0.0,up
CUST_000415,Q1_2023,2023-03-31,57.1,1,286.68,0.0,down
CUST_000415,Q2_2023,2023-06-30,52.4,1,173.38,0.0,down
CUST_000415,Q3_2023,2023-09-30,40.6,2,226.97000000000003,0.0,down
CUST_000415,Q4_2023,2023-12-31,44.5,1,34.74,0.0,down
CUST_000415,Q1_2024,2024-03-31,43.7,1,119.52,0.0,down
CUST_000415,Q2_2024,2024-06-30,45.5,1,22.14,1.0,down
CUST_000415,Q3_2024,2024-09-30,37.6,1,21.99,1.0,down
CUST_000415,Q4_2024,2024-12-31,33.7,0,0.0,0.0,down
CUST_000415,Q1_2025,2025-03-31,28.2,1,68.4,1.0,down
CUST_000415,Q2_2025,2025-06-30,23.7,4,499.56999999999994,0.5,down
CUST_000415,Q3_2025,2025-09-30,20.2,2,186.95000000000002,0.5,down
CUST_000415,Q4_2025,2025-12-31,22.0,2,457.26,1.0,down
CUST_000416,Q1_2023,2023-03-31,84.0,4,428.5,0.5,down
CUST_000416,Q2_2023,2023-06-30,67.7,3,577.9599999999999,0.0,down
CUST_000416,Q3_2023,2023-09-30,80.5,5,358.06,0.0,down
CUST_000416,Q4_2023,2023-12-31,83.8,6,577.6800000000001,0.3333333333333333,down
CUST_000416,Q1_2024,2024-03-31,73.8,3,190.43,0.6666666666666666,down
CUST_000416,Q2_2024,2024-06-30,56.4,2,508.41999999999996,0.0,down
CUST_000416,Q3_2024,2024-09-30,70.3,4,240.33,0.25,down
CUST_000416,Q4_2024,2024-12-31,68.6,1,31.38,0.0,down
CUST_000416,Q1_2025,2025-03-31,69.7,5,886.5899999999999,0.2,down
CUST_000416,Q2_2025,2025-06-30,64.1,7,1281.56,0.42857142857142855,down
CUST_000416,Q3_2025,2025-09-30,67.9,6,701.4499999999999,0.3333333333333333,down
CUST_000416,Q4_2025,2025-12-31,75.7,7,845.6,0.5714285714285714,down
CUST_000417,Q1_2023,2023-03-31,57.0,6,912.84,0.16666666666666666,down
CUST_000417,Q2_2023,2023-06-30,65.3,1,473.68,0.0,down
CUST_000417,Q3_2023,2023-09-30,67.9,2,65.00999999999999,0.5,down
CUST_000417,Q4_2023,2023-12-31,61.1,1,108.31,0.0,down
CUST_000417,Q1_2024,2024-03-31,68.9,1,34.78,1.0,down
CUST_000417,Q2_2024,2024-06-30,57.3,3,184.43,0.3333333333333333,down
CUST_000417,Q3_2024,2024-09-30,67.0,0,0.0,0.0,down
CUST_000417,Q4_2024,2024-12-31,56.6,1,194.62,0.0,down
CUST_000417,Q1_2025,2025-03-31,54.3,7,618.03,0.14285714285714285,down
CUST_000417,Q2_2025,2025-06-30,49.7,3,498.66999999999996,0.3333333333333333,down
CUST_000417,Q3_2025,2025-09-30,59.5,4,520.0799999999999,0.25,down
CUST_000417,Q4_2025,2025-12-31,49.4,0,0.0,0.0,down
CUST_000418,Q1_2023,2023-03-31,53.3,2,78.74000000000001,0.5,down
CUST_000418,Q2_2023,2023-06-30,51.6,1,90.3,0.0,down
CUST_000418,Q3_2023,2023-09-30,40.1,2,42.36,1.0,down
CUST_000418,Q4_2023,2023-12-31,39.5,2,186.72,0.0,down
CUST_000418,Q1_2024,2024-03-31,44.9,1,72.71,0.0,down
CUST_000418,Q2_2024,2024-06-30,42.7,1,113.88,0.0,down
CUST_000418,Q3_2024,2024-09-30,37.4,2,31.939999999999998,1.0,down
CUST_000418,Q4_2024,2024-12-31,32.2,1,60.57,0.0,down
CUST_000418,Q1_2025,2025-03-31,33.7,3,132.19,0.3333333333333333,down
CUST_000418,Q2_2025,2025-06-30,33.0,2,171.26,0.0,down
CUST_000418,Q3_2025,2025-09-30,26.2,3,523.73,0.3333333333333333,down
CUST_000418,Q4_2025,2025-12-31,21.5,1,118.73,0.0,down
CUST_000419,Q1_2023,2023-03-31,60.3,2,129.41,0.0,stable
CUST_000419,Q2_2023,2023-06-30,62.7,1,74.77,0.0,stable
CUST_000419,Q3_2023,2023-09-30,68.1,2,185.41,0.5,stable
CUST_000419,Q4_2023,2023-12-31,57.2,0,0.0,0.0,stable
CUST_000419,Q1_2024,2024-03-31,67.7,1,160.99,0.0,stable
CUST_000419,Q2_2024,2024-06-30,48.4,4,413.46000000000004,0.25,stable
CUST_000419,Q3_2024,2024-09-30,56.1,2,162.04,0.0,stable
CUST_000419,Q4_2024,2024-12-31,64.3,0,0.0,0.0,stable
CUST_000419,Q1_2025,2025-03-31,53.9,2,198.09,0.5,stable
CUST_000419,Q2_2025,2025-06-30,64.8,2,169.34,0.0,stable
CUST_000419,Q3_2025,2025-09-30,62.4,2,521.8,0.0,stable
CUST_000419,Q4_2025,2025-12-31,65.4,1,89.1,0.0,stable
CUST_000420,Q1_2023,2023-03-31,61.9,1,88.79,0.0,stable
CUST_000420,Q2_2023,2023-06-30,73.7,0,0.0,0.0,stable
CUST_000420,Q3_2023,2023-09-30,66.1,2,122.46,0.5,stable
CUST_000420,Q4_2023,2023-12-31,67.1,2,36.96,1.0,stable
CUST_000420,Q1_2024,2024-03-31,74.6,2,35.16,0.0,stable
CUST_000420,Q2_2024,2024-06-30,70.1,1,249.22,0.0,stable
CUST_000420,Q3_2024,2024-09-30,71.7,0,0.0,0.0,stable
CUST_000420,Q4_2024,2024-12-31,72.0,3,403.03999999999996,0.0,stable
CUST_000420,Q1_2025,2025-03-31,75.6,3,266.62,0.3333333333333333,stable
CUST_000420,Q2_2025,2025-06-30,66.9,2,186.45999999999998,0.5,stable
CUST_000420,Q3_2025,2025-09-30,65.1,2,327.07,0.5,stable
CUST_000420,Q4_2025,2025-12-31,66.3,4,782.17,0.0,stable
CUST_000421,Q1_2023,2023-03-31,47.0,1,103.54,0.0,down
CUST_000421,Q2_2023,2023-06-30,54.9,4,559.94,0.0,down
CUST_000421,Q3_2023,2023-09-30,43.7,2,307.78,0.5,down
CUST_000421,Q4_2023,2023-12-31,50.6,1,242.0,0.0,down
CUST_000421,Q1_2024,2024-03-31,45.9,1,68.48,1.0,down
CUST_000421,Q2_2024,2024-06-30,49.5,0,0.0,0.0,down
CUST_000421,Q3_2024,2024-09-30,44.8,3,108.77000000000001,0.3333333333333333,down
CUST_000421,Q4_2024,2024-12-31,39.2,0,0.0,0.0,down
CUST_000421,Q1_2025,2025-03-31,43.7,5,549.63,0.2,down
CUST_000421,Q2_2025,2025-06-30,35.8,2,141.96,0.0,down
CUST_000421,Q3_2025,2025-09-30,38.5,3,282.74,0.0,down
CUST_000421,Q4_2025,2025-12-31,37.2,4,714.4100000000001,0.0,down
CUST_000422,Q1_2023,2023-03-31,55.3,2,199.06,0.0,up
CUST_000422,Q2_2023,2023-06-30,57.8,2,394.15,0.0,up
CUST_000422,Q3_2023,2023-09-30,54.9,2,193.39,0.0,up
CUST_000422,Q4_2023,2023-12-31,62.0,0,0.0,0.0,up
CUST_000422,Q1_2024,2024-03-31,68.2,1,19.5,1.0,up
CUST_000422,Q2_2024,2024-06-30,64.1,2,89.05,1.0,up
CUST_000422,Q3_2024,2024-09-30,63.5,2,421.75,0.0,up
CUST_000422,Q4_2024,2024-12-31,70.8,1,231.73,0.0,up
CUST_000422,Q1_2025,2025-03-31,71.3,2,443.5,0.0,up
CUST_000422,Q2_2025,2025-06-30,69.5,2,128.69,0.0,up
CUST_000422,Q3_2025,2025-09-30,75.2,3,227.59000000000003,0.0,up
CUST_000422,Q4_2025,2025-12-31,72.7,1,38.05,1.0,up
CUST_000423,Q1_2023,2023-03-31,83.5,5,675.29,0.0,up
CUST_000423,Q2_2023,2023-06-30,71.7,2,412.53999999999996,0.5,up
CUST_000423,Q3_2023,2023-09-30,82.0,4,798.33,0.0,up
CUST_000423,Q4_2023,2023-12-31,78.7,6,635.76,0.3333333333333333,up
CUST_000423,Q1_2024,2024-03-31,83.3,5,761.75,0.2,up
CUST_000423,Q2_2024,2024-06-30,86.7,5,391.29999999999995,0.4,up
CUST_000423,Q3_2024,2024-09-30,85.3,4,531.48,0.0,up
CUST_000423,Q4_2024,2024-12-31,82.0,1,93.48,0.0,up
CUST_000423,Q1_2025,2025-03-31,84.6,3,325.69,0.3333333333333333,up
CUST_000423,Q2_2025,2025-06-30,84.9,3,298.25,0.3333333333333333,up
CUST_000423,Q3_2025,2025-09-30,81.7,7,592.2,0.2857142857142857,up
CUST_000423,Q4_2025,2025-12-31,97.7,2,160.62,0.0,up
CUST_000424,Q1_2023,2023-03-31,57.1,0,0.0,0.0,stable
CUST_000424,Q2_2023,2023-06-30,59.5,2,279.65000000000003,0.5,stable
CUST_000424,Q3_2023,2023-09-30,59.6,2,220.39000000000001,0.5,stable
CUST_000424,Q4_2023,2023-12-31,56.9,1,76.25,0.0,stable
CUST_000424,Q1_2024,2024-03-31,64.1,1,43.9,1.0,stable
CUST_000424,Q2_2024,2024-06-30,64.2,2,83.83,0.0,stable
CUST_000424,Q3_2024,2024-09-30,57.8,1,56.17,0.0,stable
CUST_000424,Q4_2024,2024-12-31,63.7,0,0.0,0.0,stable
CUST_000424,Q1_2025,2025-03-31,65.5,4,498.44,0.5,stable
CUST_000424,Q2_2025,2025-06-30,65.0,2,633.88,0.5,stable
CUST_000424,Q3_2025,2025-09-30,65.7,0,0.0,0.0,stable
CUST_000424,Q4_2025,2025-12-31,63.5,2,56.03,0.5,stable
CUST_000425,Q1_2023,2023-03-31,78.2,3,380.61,0.3333333333333333,down
CUST_000425,Q2_2023,2023-06-30,74.4,7,900.54,0.14285714285714285,down
CUST_000425,Q3_2023,2023-09-30,71.0,4,466.98999999999995,0.25,down
CUST_000425,Q4_2023,2023-12-31,72.7,4,523.4,0.0,down
CUST_000425,Q1_2024,2024-03-31,70.3,5,397.76,0.6,down
CUST_000425,Q2_2024,2024-06-30,68.6,5,787.1,0.6,down
CUST_000425,Q3_2024,2024-09-30,74.9,1,89.95,0.0,down
CUST_000425,Q4_2024,2024-12-31,73.8,5,375.46000000000004,0.2,down
CUST_000425,Q1_2025,2025-03-31,70.9,1,27.52,0.0,down
CUST_000425,Q2_2025,2025-06-30,59.6,3,462.36,0.0,down
CUST_000425,Q3_2025,2025-09-30,63.3,3,189.02,0.3333333333333333,down
CUST_000425,Q4_2025,2025-12-31,64.4,4,706.6999999999999,0.25,down
CUST_000426,Q1_2023,2023-03-31,62.7,0,0.0,0.0,stable
CUST_000426,Q2_2023,2023-06-30,58.7,1,48.99,1.0,stable
CUST_000426,Q3_2023,2023-09-30,64.6,1,227.79,0.0,stable
CUST_000426,Q4_2023,2023-12-31,61.0,2,96.78,0.0,stable
CUST_000426,Q1_2024,2024-03-31,54.7,2,91.24000000000001,1.0,stable
CUST_000426,Q2_2024,2024-06-30,64.0,1,43.69,0.0,stable
CUST_000426,Q3_2024,2024-09-30,57.7,2,133.58,0.0,stable
CUST_000426,Q4_2024,2024-12-31,68.8,1,29.54,0.0,stable
CUST_000426,Q1_2025,2025-03-31,58.2,2,351.66999999999996,0.0,stable
CUST_000426,Q2_2025,2025-06-30,55.3,1,98.02,1.0,stable
CUST_000426,Q3_2025,2025-09-30,62.0,2,117.59,1.0,stable
CUST_000426,Q4_2025,2025-12-31,65.3,2,352.75,0.0,stable
CUST_000427,Q1_2023,2023-03-31,56.9,4,476.39,0.25,stable
CUST_000427,Q2_2023,2023-06-30,77.0,3,148.44,0.3333333333333333,stable
CUST_000427,Q3_2023,2023-09-30,63.8,3,720.61,0.0,stable
CUST_000427,Q4_2023,2023-12-31,65.9,5,287.76,0.4,stable
CUST_000427,Q1_2024,2024-03-31,67.5,3,642.85,0.0,stable
CUST_000427,Q2_2024,2024-06-30,77.3,1,41.54,1.0,stable
CUST_000427,Q3_2024,2024-09-30,79.9,3,715.05,0.0,stable
CUST_000427,Q4_2024,2024-12-31,64.2,0,0.0,0.0,stable
CUST_000427,Q1_2025,2025-03-31,62.9,3,170.11,0.6666666666666666,stable
CUST_000427,Q2_2025,2025-06-30,78.2,2,79.89,0.5,stable
CUST_000427,Q3_2025,2025-09-30,58.7,0,0.0,0.0,stable
CUST_000427,Q4_2025,2025-12-31,64.2,1,109.74,1.0,stable
CUST_000428,Q1_2023,2023-03-31,75.3,1,37.05,0.0,down
CUST_000428,Q2_2023,2023-06-30,64.4,3,361.72999999999996,0.0,down
CUST_000428,Q3_2023,2023-09-30,66.9,2,45.78,0.5,down
CUST_000428,Q4_2023,2023-12-31,73.0,5,610.84,0.2,down
CUST_000428,Q1_2024,2024-03-31,69.5,3,206.02,0.0,down
CUST_000428,Q2_2024,2024-06-30,62.2,4,329.04,0.25,down
CUST_000428,Q3_2024,2024-09-30,67.0,1,20.76,0.0,down
CUST_000428,Q4_2024,2024-12-31,67.8,4,554.71,0.75,down
CUST_000428,Q1_2025,2025-03-31,53.9,4,596.38,0.0,down
CUST_000428,Q2_2025,2025-06-30,61.4,6,389.05,0.5,down
CUST_000428,Q3_2025,2025-09-30,51.3,4,450.55,0.5,down
CUST_000428,Q4_2025,2025-12-31,69.0,6,805.48,0.16666666666666666,down
CUST_000429,Q1_2023,2023-03-31,77.0,2,336.15999999999997,1.0,down
CUST_000429,Q2_2023,2023-06-30,68.4,3,624.15,0.3333333333333333,down
CUST_000429,Q3_2023,2023-09-30,75.0,13,1251.18,0.15384615384615385,down
CUST_000429,Q4_2023,2023-12-31,76.5,4,234.32999999999998,0.25,down
CUST_000429,Q1_2024,2024-03-31,70.1,3,527.45,0.0,down
CUST_000429,Q2_2024,2024-06-30,68.2,5,314.53,0.6,down
CUST_000429,Q3_2024,2024-09-30,65.4,5,813.77,0.0,down
CUST_000429,Q4_2024,2024-12-31,65.7,4,608.31,0.0,down
CUST_000429,Q1_2025,2025-03-31,68.3,3,280.8,0.3333333333333333,down
CUST_000429,Q2_2025,2025-06-30,49.8,3,293.25,0.3333333333333333,down
CUST_000429,Q3_2025,2025-09-30,59.6,3,220.2,0.0,down
CUST_000429,Q4_2025,2025-12-31,57.4,4,716.82,0.0,down
CUST_000430,Q1_2023,2023-03-31,51.7,2,214.4,0.5,up
CUST_000430,Q2_2023,2023-06-30,54.2,2,240.86,0.5,up
CUST_000430,Q3_2023,2023-09-30,54.3,2,515.02,0.0,up
CUST_000430,Q4_2023,2023-12-31,58.6,0,0.0,0.0,up
CUST_000430,Q1_2024,2024-03-31,58.7,2,166.22,0.0,up
CUST_000430,Q2_2024,2024-06-30,63.3,0,0.0,0.0,up
CUST_000430,Q3_2024,2024-09-30,67.6,1,10.0,0.0,up
CUST_000430,Q4_2024,2024-12-31,61.5,0,0.0,0.0,up
CUST_000430,Q1_2025,2025-03-31,73.4,0,0.0,0.0,up
CUST_000430,Q2_2025,2025-06-30,74.9,0,0.0,0.0,up
CUST_000430,Q3_2025,2025-09-30,66.4,3,383.29,0.0,up
CUST_000430,Q4_2025,2025-12-31,67.5,1,92.58,0.0,up
CUST_000431,Q1_2023,2023-03-31,70.6,1,173.58,0.0,up
CUST_000431,Q2_2023,2023-06-30,59.5,0,0.0,0.0,up
CUST_000431,Q3_2023,2023-09-30,65.2,2,72.17999999999999,0.5,up
CUST_000431,Q4_2023,2023-12-31,66.4,2,114.92000000000002,0.5,up
CUST_000431,Q1_2024,2024-03-31,70.0,2,133.27,0.5,up
CUST_000431,Q2_2024,2024-06-30,74.3,2,93.82,1.0,up
CUST_000431,Q3_2024,2024-09-30,76.6,0,0.0,0.0,up
CUST_000431,Q4_2024,2024-12-31,69.7,1,443.52,0.0,up
CUST_000431,Q1_2025,2025-03-31,78.5,4,137.4,0.25,up
CUST_000431,Q2_2025,2025-06-30,77.1,2,48.81,0.0,up
CUST_000431,Q3_2025,2025-09-30,76.0,3,418.99,0.3333333333333333,up
CUST_000431,Q4_2025,2025-12-31,77.5,1,56.19,0.0,up
CUST_000432,Q1_2023,2023-03-31,74.7,2,35.870000000000005,1.0,up
CUST_000432,Q2_2023,2023-06-30,73.2,6,543.0699999999999,0.3333333333333333,up
CUST_000432,Q3_2023,2023-09-30,75.5,5,318.15999999999997,0.8,up
CUST_000432,Q4_2023,2023-12-31,84.1,5,709.02,0.4,up
CUST_000432,Q1_2024,2024-03-31,88.1,6,327.39,0.6666666666666666,up
CUST_000432,Q2_2024,2024-06-30,87.9,7,531.09,0.42857142857142855,up
CUST_000432,Q3_2024,2024-09-30,82.7,2,262.26,1.0,up
CUST_000432,Q4_2024,2024-12-31,86.3,3,493.81,0.3333333333333333,up
CUST_000432,Q1_2025,2025-03-31,81.5,4,622.3000000000001,0.5,up
CUST_000432,Q2_2025,2025-06-30,91.0,3,477.53999999999996,0.3333333333333333,up
CUST_000432,Q3_2025,2025-09-30,88.3,6,475.89,0.3333333333333333,up
CUST_000432,Q4_2025,2025-12-31,86.2,3,621.91,0.3333333333333333,up
CUST_000433,Q1_2023,2023-03-31,77.9,2,179.77,0.0,down
CUST_000433,Q2_2023,2023-06-30,65.7,3,104.04,0.3333333333333333,down
CUST_000433,Q3_2023,2023-09-30,68.8,4,532.45,0.25,down
CUST_000433,Q4_2023,2023-12-31,59.4,3,94.71000000000001,0.6666666666666666,down
CUST_000433,Q1_2024,2024-03-31,70.8,4,287.39,0.25,down
CUST_000433,Q2_2024,2024-06-30,50.5,2,72.19,0.5,down
CUST_000433,Q3_2024,2024-09-30,58.3,2,92.36,0.5,down
CUST_000433,Q4_2024,2024-12-31,58.7,4,392.07,0.5,down
CUST_000433,Q1_2025,2025-03-31,55.8,5,131.84,0.6,down
CUST_000433,Q2_2025,2025-06-30,58.4,3,86.98,0.6666666666666666,down
CUST_000433,Q3_2025,2025-09-30,53.5,1,154.86,0.0,down
CUST_000433,Q4_2025,2025-12-31,48.5,2,55.79,0.5,down
CUST_000434,Q1_2023,2023-03-31,57.2,1,94.86,0.0,up
CUST_000434,Q2_2023,2023-06-30,58.1,1,193.58,0.0,up
CUST_000434,Q3_2023,2023-09-30,76.3,4,493.75000000000006,0.25,up
CUST_000434,Q4_2023,2023-12-31,65.2,0,0.0,0.0,up
CUST_000434,Q1_2024,2024-03-31,66.0,3,219.26,0.3333333333333333,up
CUST_000434,Q2_2024,2024-06-30,65.5,2,278.81,0.0,up
CUST_000434,Q3_2024,2024-09-30,61.2,1,40.0,1.0,up
CUST_000434,Q4_2024,2024-12-31,72.2,3,588.69,0.6666666666666666,up
CUST_000434,Q1_2025,2025-03-31,61.9,0,0.0,0.0,up
CUST_000434,Q2_2025,2025-06-30,78.5,3,270.74,0.3333333333333333,up
CUST_000434,Q3_2025,2025-09-30,75.6,2,323.40999999999997,0.5,up
CUST_000434,Q4_2025,2025-12-31,74.5,1,123.69,1.0,up
CUST_000435,Q1_2023,2023-03-31,75.1,2,164.02,0.5,up
CUST_000435,Q2_2023,2023-06-30,72.5,2,99.01,0.5,up
CUST_000435,Q3_2023,2023-09-30,76.4,3,522.35,0.3333333333333333,up
CUST_000435,Q4_2023,2023-12-31,76.4,1,315.86,0.0,up
CUST_000435,Q1_2024,2024-03-31,84.1,3,248.04999999999998,0.3333333333333333,up
CUST_000435,Q2_2024,2024-06-30,96.1,5,475.31,0.0,up
CUST_000435,Q3_2024,2024-09-30,89.9,0,0.0,0.0,up
CUST_000435,Q4_2024,2024-12-31,85.4,2,219.42,0.5,up
CUST_000435,Q1_2025,2025-03-31,100.0,4,271.55,0.25,up
CUST_000435,Q2_2025,2025-06-30,91.2,2,329.85,0.0,up
CUST_000435,Q3_2025,2025-09-30,100.0,3,450.94000000000005,0.0,up
CUST_000435,Q4_2025,2025-12-31,100.0,3,573.25,0.0,up
CUST_000436,Q1_2023,2023-03-31,78.8,3,578.55,0.0,up
CUST_000436,Q2_2023,2023-06-30,80.1,7,840.05,0.2857142857142857,up
CUST_000436,Q3_2023,2023-09-30,73.1,4,214.94,0.5,up
CUST_000436,Q4_2023,2023-12-31,88.5,5,665.0,0.2,up
CUST_000436,Q1_2024,2024-03-31,82.3,6,849.52,0.16666666666666666,up
CUST_000436,Q2_2024,2024-06-30,83.4,2,98.34,0.5,up
CUST_000436,Q3_2024,2024-09-30,92.4,5,707.94,0.2,up
CUST_000436,Q4_2024,2024-12-31,90.3,4,731.34,0.0,up
CUST_000436,Q1_2025,2025-03-31,91.1,4,346.73,0.0,up
CUST_000436,Q2_2025,2025-06-30,95.7,6,459.98,0.5,up
CUST_000436,Q3_2025,2025-09-30,100.0,4,303.91999999999996,0.5,up
CUST_000436,Q4_2025,2025-12-31,98.3,4,225.34,0.5,up
CUST_000437,Q1_2023,2023-03-31,69.0,2,397.46000000000004,0.5,stable
CUST_000437,Q2_2023,2023-06-30,64.5,3,734.92,0.0,stable
CUST_000437,Q3_2023,2023-09-30,67.0,1,58.43,0.0,stable
CUST_000437,Q4_2023,2023-12-31,58.3,1,285.3,0.0,stable
CUST_000437,Q1_2024,2024-03-31,70.0,3,276.22,1.0,stable
CUST_000437,Q2_2024,2024-06-30,68.1,4,527.91,0.25,stable
CUST_000437,Q3_2024,2024-09-30,64.3,4,512.08,0.25,stable
CUST_000437,Q4_2024,2024-12-31,80.9,3,141.09,0.3333333333333333,stable
CUST_000437,Q1_2025,2025-03-31,63.3,1,291.97,0.0,stable
CUST_000437,Q2_2025,2025-06-30,74.5,3,98.01,0.3333333333333333,stable
CUST_000437,Q3_2025,2025-09-30,72.1,2,163.7,0.5,stable
CUST_000437,Q4_2025,2025-12-31,67.3,3,154.89,0.6666666666666666,stable
CUST_000438,Q1_2023,2023-03-31,71.8,1,34.03,0.0,down
CUST_000438,Q2_2023,2023-06-30,67.2,2,372.2,0.0,down
CUST_000438,Q3_2023,2023-09-30,71.1,1,29.23,1.0,down
CUST_000438,Q4_2023,2023-12-31,67.7,1,49.5,0.0,down
CUST_000438,Q1_2024,2024-03-31,67.7,3,534.57,0.3333333333333333,down
CUST_000438,Q2_2024,2024-06-30,56.2,2,192.78,0.0,down
CUST_000438,Q3_2024,2024-09-30,66.1,3,462.78000000000003,0.6666666666666666,down
CUST_000438,Q4_2024,2024-12-31,56.7,1,109.51,1.0,down
CUST_000438,Q1_2025,2025-03-31,57.3,4,503.64,0.25,down
CUST_000438,Q2_2025,2025-06-30,60.9,3,252.95,0.0,down
CUST_000438,Q3_2025,2025-09-30,68.0,2,286.92,0.0,down
CUST_000438,Q4_2025,2025-12-31,61.7,3,331.27,0.3333333333333333,down
CUST_000439,Q1_2023,2023-03-31,58.1,1,152.65,0.0,stable
CUST_000439,Q2_2023,2023-06-30,70.9,3,412.99,0.0,stable
CUST_000439,Q3_2023,2023-09-30,73.6,5,558.98,0.0,stable
CUST_000439,Q4_2023,2023-12-31,65.4,1,151.37,0.0,stable
CUST_000439,Q1_2024,2024-03-31,58.6,2,38.08,0.5,stable
CUST_000439,Q2_2024,2024-06-30,65.7,2,530.26,0.0,stable
CUST_000439,Q3_2024,2024-09-30,64.6,2,177.65,0.0,stable
CUST_000439,Q4_2024,2024-12-31,55.4,2,236.03,0.5,stable
CUST_000439,Q1_2025,2025-03-31,64.3,4,365.02,0.5,stable
CUST_000439,Q2_2025,2025-06-30,58.5,2,185.89,0.5,stable
CUST_000439,Q3_2025,2025-09-30,63.9,0,0.0,0.0,stable
CUST_000439,Q4_2025,2025-12-31,67.6,0,0.0,0.0,stable
CUST_000440,Q1_2023,2023-03-31,45.9,0,0.0,0.0,up
CUST_000440,Q2_2023,2023-06-30,45.3,1,46.73,0.0,up
CUST_000440,Q3_2023,2023-09-30,48.9,1,35.86,0.0,up
CUST_000440,Q4_2023,2023-12-31,62.2,3,295.21000000000004,0.0,up
CUST_000440,Q1_2024,2024-03-31,56.3,1,59.69,0.0,up
CUST_000440,Q2_2024,2024-06-30,74.7,3,492.28999999999996,0.3333333333333333,up
CUST_000440,Q3_2024,2024-09-30,56.7,1,59.46,0.0,up
CUST_000440,Q4_2024,2024-12-31,71.2,2,50.269999999999996,0.5,up
CUST_000440,Q1_2025,2025-03-31,58.8,1,253.78,0.0,up
CUST_000440,Q2_2025,2025-06-30,54.1,1,34.24,0.0,up
CUST_000440,Q3_2025,2025-09-30,75.4,2,356.73,0.0,up
CUST_000440,Q4_2025,2025-12-31,65.5,4,228.56,0.0,up
CUST_000441,Q1_2023,2023-03-31,74.6,4,171.57,0.5,up
CUST_000441,Q2_2023,2023-06-30,74.0,2,92.41,0.0,up
CUST_000441,Q3_2023,2023-09-30,63.7,0,0.0,0.0,up
CUST_000441,Q4_2023,2023-12-31,67.0,3,157.81,0.3333333333333333,up
CUST_000441,Q1_2024,2024-03-31,59.6,4,155.03,0.5,up
CUST_000441,Q2_2024,2024-06-30,61.7,1,23.04,1.0,up
CUST_000441,Q3_2024,2024-09-30,65.2,2,101.0,0.5,up
CUST_000441,Q4_2024,2024-12-31,65.0,1,76.98,0.0,up
CUST_000441,Q1_2025,2025-03-31,74.8,5,872.52,0.4,up
CUST_000441,Q2_2025,2025-06-30,80.8,2,258.06,1.0,up
CUST_000441,Q3_2025,2025-09-30,72.2,3,401.40999999999997,0.3333333333333333,up
CUST_000441,Q4_2025,2025-12-31,74.6,3,350.87,0.0,up
CUST_000442,Q1_2023,2023-03-31,51.6,2,132.21,0.5,stable
CUST_000442,Q2_2023,2023-06-30,47.5,3,546.34,0.3333333333333333,stable
CUST_000442,Q3_2023,2023-09-30,58.7,2,275.28,0.0,stable
CUST_000442,Q4_2023,2023-12-31,47.5,1,87.61,1.0,stable
CUST_000442,Q1_2024,2024-03-31,51.0,0,0.0,0.0,stable
CUST_000442,Q2_2024,2024-06-30,50.4,4,436.86,0.25,stable
CUST_000442,Q3_2024,2024-09-30,48.4,2,171.18,0.5,stable
CUST_000442,Q4_2024,2024-12-31,52.0,1,138.11,0.0,stable
CUST_000442,Q1_2025,2025-03-31,47.1,0,0.0,0.0,stable
CUST_000442,Q2_2025,2025-06-30,49.5,2,228.98000000000002,0.0,stable
CUST_000442,Q3_2025,2025-09-30,48.2,1,70.61,0.0,stable
CUST_000442,Q4_2025,2025-12-31,60.6,1,137.37,0.0,stable
CUST_000443,Q1_2023,2023-03-31,66.5,1,31.58,0.0,down
CUST_000443,Q2_2023,2023-06-30,63.7,2,563.29,0.0,down
CUST_000443,Q3_2023,2023-09-30,68.2,2,83.91,0.5,down
CUST_000443,Q4_2023,2023-12-31,62.3,3,671.6700000000001,0.0,down
CUST_000443,Q1_2024,2024-03-31,67.2,2,306.23,0.0,down
CUST_000443,Q2_2024,2024-06-30,53.8,4,658.8299999999999,0.25,down
CUST_000443,Q3_2024,2024-09-30,61.6,0,0.0,0.0,down
CUST_000443,Q4_2024,2024-12-31,51.4,4,332.75,0.25,down
CUST_000443,Q1_2025,2025-03-31,47.1,1,37.78,1.0,down
CUST_000443,Q2_2025,2025-06-30,49.4,5,797.5600000000001,0.0,down
CUST_000443,Q3_2025,2025-09-30,43.2,4,265.78,0.25,down
CUST_000443,Q4_2025,2025-12-31,45.3,2,200.01,0.0,down
CUST_000444,Q1_2023,2023-03-31,45.7,1,34.38,1.0,down
CUST_000444,Q2_2023,2023-06-30,40.9,0,0.0,0.0,down
CUST_000444,Q3_2023,2023-09-30,41.5,0,0.0,0.0,down
CUST_000444,Q4_2023,2023-12-31,28.7,1,36.59,1.0,down
CUST_000444,Q1_2024,2024-03-31,34.9,1,212.88,0.0,down
CUST_000444,Q2_2024,2024-06-30,38.4,1,102.91,0.0,down
CUST_000444,Q3_2024,2024-09-30,40.4,1,486.66,0.0,down
CUST_000444,Q4_2024,2024-12-31,35.5,0,0.0,0.0,down
CUST_000444,Q1_2025,2025-03-31,30.7,1,141.87,1.0,down
CUST_000444,Q2_2025,2025-06-30,28.3,2,98.51,0.0,down
CUST_000444,Q3_2025,2025-09-30,24.2,1,23.89,0.0,down
CUST_000444,Q4_2025,2025-12-31,23.2,1,116.91,1.0,down
CUST_000445,Q1_2023,2023-03-31,51.9,0,0.0,0.0,stable
CUST_000445,Q2_2023,2023-06-30,55.4,3,529.31,0.3333333333333333,stable
CUST_000445,Q3_2023,2023-09-30,52.8,0,0.0,0.0,stable
CUST_000445,Q4_2023,2023-12-31,51.1,1,43.59,0.0,stable
CUST_000445,Q1_2024,2024-03-31,45.6,3,156.49,0.6666666666666666,stable
CUST_000445,Q2_2024,2024-06-30,53.9,0,0.0,0.0,stable
CUST_000445,Q3_2024,2024-09-30,39.3,1,339.34,0.0,stable
CUST_000445,Q4_2024,2024-12-31,47.4,4,562.06,0.0,stable
CUST_000445,Q1_2025,2025-03-31,50.8,1,88.92,0.0,stable
CUST_000445,Q2_2025,2025-06-30,53.0,0,0.0,0.0,stable
CUST_000445,Q3_2025,2025-09-30,46.9,1,59.15,0.0,stable
CUST_000445,Q4_2025,2025-12-31,51.7,1,18.92,1.0,stable
CUST_000446,Q1_2023,2023-03-31,53.3,0,0.0,0.0,up
CUST_000446,Q2_2023,2023-06-30,60.2,0,0.0,0.0,up
CUST_000446,Q3_2023,2023-09-30,70.6,1,74.62,0.0,up
CUST_000446,Q4_2023,2023-12-31,67.9,3,521.4000000000001,0.6666666666666666,up
CUST_000446,Q1_2024,2024-03-31,71.4,2,394.42,0.5,up
CUST_000446,Q2_2024,2024-06-30,72.1,4,285.09000000000003,0.5,up
CUST_000446,Q3_2024,2024-09-30,61.2,2,246.48999999999998,0.5,up
CUST_000446,Q4_2024,2024-12-31,80.3,3,251.99,0.0,up
CUST_000446,Q1_2025,2025-03-31,78.5,1,186.04,0.0,up
CUST_000446,Q2_2025,2025-06-30,78.7,2,197.98999999999998,0.5,up
CUST_000446,Q3_2025,2025-09-30,73.7,1,52.29,0.0,up
CUST_000446,Q4_2025,2025-12-31,81.9,2,270.74,0.5,up
CUST_000447,Q1_2023,2023-03-31,55.2,1,19.89,0.0,down
CUST_000447,Q2_2023,2023-06-30,47.6,3,213.91000000000003,0.6666666666666666,down
CUST_000447,Q3_2023,2023-09-30,66.1,1,145.05,1.0,down
CUST_000447,Q4_2023,2023-12-31,60.7,0,0.0,0.0,down
CUST_000447,Q1_2024,2024-03-31,51.2,3,633.66,0.3333333333333333,down
CUST_000447,Q2_2024,2024-06-30,50.1,1,257.58,1.0,down
CUST_000447,Q3_2024,2024-09-30,55.0,3,273.83000000000004,0.0,down
CUST_000447,Q4_2024,2024-12-31,57.2,3,460.16,0.6666666666666666,down
CUST_000447,Q1_2025,2025-03-31,51.2,2,108.11000000000001,0.0,down
CUST_000447,Q2_2025,2025-06-30,52.6,1,27.88,1.0,down
CUST_000447,Q3_2025,2025-09-30,47.7,3,313.96,0.0,down
CUST_000447,Q4_2025,2025-12-31,48.5,7,942.1500000000001,0.0,down
CUST_000448,Q1_2023,2023-03-31,71.3,6,388.62,0.5,down
CUST_000448,Q2_2023,2023-06-30,71.6,4,422.51,0.5,down
CUST_000448,Q3_2023,2023-09-30,75.8,2,65.98,0.5,down
CUST_000448,Q4_2023,2023-12-31,62.5,3,137.5,0.3333333333333333,down
CUST_000448,Q1_2024,2024-03-31,63.3,2,269.94,0.5,down
CUST_000448,Q2_2024,2024-06-30,60.3,1,161.61,0.0,down
CUST_000448,Q3_2024,2024-09-30,56.2,0,0.0,0.0,down
CUST_000448,Q4_2024,2024-12-31,47.4,4,482.53000000000003,0.25,down
CUST_000448,Q1_2025,2025-03-31,57.1,4,1187.1000000000001,0.25,down
CUST_000448,Q2_2025,2025-06-30,55.8,4,728.1600000000001,0.0,down
CUST_000448,Q3_2025,2025-09-30,62.2,3,247.97,0.3333333333333333,down
CUST_000448,Q4_2025,2025-12-31,55.1,2,245.04999999999998,0.5,down
CUST_000449,Q1_2023,2023-03-31,71.8,2,185.15,0.0,down
CUST_000449,Q2_2023,2023-06-30,76.8,6,753.66,0.16666666666666666,down
CUST_000449,Q3_2023,2023-09-30,61.8,2,416.6,0.5,down
CUST_000449,Q4_2023,2023-12-31,63.8,5,551.17,0.6,down
CUST_000449,Q1_2024,2024-03-31,57.6,2,429.97999999999996,0.0,down
CUST_000449,Q2_2024,2024-06-30,55.8,2,103.30000000000001,1.0,down
CUST_000449,Q3_2024,2024-09-30,63.1,4,282.21,0.25,down
CUST_000449,Q4_2024,2024-12-31,55.1,2,387.95,0.5,down
CUST_000449,Q1_2025,2025-03-31,47.5,1,324.78,0.0,down
CUST_000449,Q2_2025,2025-06-30,51.9,1,36.85,1.0,down
CUST_000449,Q3_2025,2025-09-30,54.0,1,44.53,0.0,down
CUST_000449,Q4_2025,2025-12-31,44.2,2,129.68,0.5,down
CUST_000450,Q1_2023,2023-03-31,51.6,1,528.98,0.0,stable
CUST_000450,Q2_2023,2023-06-30,57.2,1,22.73,1.0,stable
CUST_000450,Q3_2023,2023-09-30,55.1,1,137.08,1.0,stable
CUST_000450,Q4_2023,2023-12-31,57.0,3,352.15999999999997,0.0,stable
CUST_000450,Q1_2024,2024-03-31,61.3,0,0.0,0.0,stable
CUST_000450,Q2_2024,2024-06-30,55.6,1,20.71,0.0,stable
CUST_000450,Q3_2024,2024-09-30,60.3,4,523.3199999999999,0.25,stable
CUST_000450,Q4_2024,2024-12-31,53.7,4,296.75,0.5,stable
CUST_000450,Q1_2025,2025-03-31,57.5,1,30.96,0.0,stable
CUST_000450,Q2_2025,2025-06-30,56.0,0,0.0,0.0,stable
CUST_000450,Q3_2025,2025-09-30,54.1,2,382.71,0.5,stable
CUST_000450,Q4_2025,2025-12-31,55.9,0,0.0,0.0,stable
CUST_000451,Q1_2023,2023-03-31,47.3,1,42.4,0.0,down
CUST_000451,Q2_2023,2023-06-30,59.0,0,0.0,0.0,down
CUST_000451,Q3_2023,2023-09-30,49.5,0,0.0,0.0,down
CUST_000451,Q4_2023,2023-12-31,45.7,2,88.47999999999999,0.5,down
CUST_000451,Q1_2024,2024-03-31,50.1,0,0.0,0.0,down
CUST_000451,Q2_2024,2024-06-30,46.8,1,223.32,0.0,down
CUST_000451,Q3_2024,2024-09-30,42.4,0,0.0,0.0,down
CUST_000451,Q4_2024,2024-12-31,27.9,2,388.74,0.0,down
CUST_000451,Q1_2025,2025-03-31,44.3,2,99.26,0.5,down
CUST_000451,Q2_2025,2025-06-30,36.7,0,0.0,0.0,down
CUST_000451,Q3_2025,2025-09-30,31.5,0,0.0,0.0,down
CUST_000451,Q4_2025,2025-12-31,27.4,0,0.0,0.0,down
CUST_000452,Q1_2023,2023-03-31,69.3,2,434.85,0.5,up
CUST_000452,Q2_2023,2023-06-30,70.3,0,0.0,0.0,up
CUST_000452,Q3_2023,2023-09-30,66.8,0,0.0,0.0,up
CUST_000452,Q4_2023,2023-12-31,69.9,0,0.0,0.0,up
CUST_000452,Q1_2024,2024-03-31,63.6,3,177.5,0.0,up
CUST_000452,Q2_2024,2024-06-30,75.9,2,193.57999999999998,0.5,up
CUST_000452,Q3_2024,2024-09-30,74.1,0,0.0,0.0,up
CUST_000452,Q4_2024,2024-12-31,76.0,2,93.71,0.0,up
CUST_000452,Q1_2025,2025-03-31,75.8,2,129.23000000000002,0.5,up
CUST_000452,Q2_2025,2025-06-30,82.5,0,0.0,0.0,up
CUST_000452,Q3_2025,2025-09-30,78.8,1,72.95,1.0,up
CUST_000452,Q4_2025,2025-12-31,78.3,2,99.72999999999999,1.0,up
CUST_000453,Q1_2023,2023-03-31,54.7,3,729.8199999999999,0.0,up
CUST_000453,Q2_2023,2023-06-30,57.7,1,79.52,0.0,up
CUST_000453,Q3_2023,2023-09-30,61.5,3,837.64,0.0,up
CUST_000453,Q4_2023,2023-12-31,69.5,2,203.22,0.5,up
CUST_000453,Q1_2024,2024-03-31,58.6,1,84.6,0.0,up
CUST_000453,Q2_2024,2024-06-30,59.5,2,230.82999999999998,0.5,up
CUST_000453,Q3_2024,2024-09-30,67.6,3,488.99,0.0,up
CUST_000453,Q4_2024,2024-12-31,65.4,3,350.65999999999997,0.0,up
CUST_000453,Q1_2025,2025-03-31,73.3,1,377.52,0.0,up
CUST_000453,Q2_2025,2025-06-30,69.7,3,538.38,0.3333333333333333,up
CUST_000453,Q3_2025,2025-09-30,67.4,2,211.33,0.5,up
CUST_000453,Q4_2025,2025-12-31,69.0,2,368.31,0.0,up
CUST_000454,Q1_2023,2023-03-31,70.8,1,147.7,0.0,down
CUST_000454,Q2_2023,2023-06-30,63.5,0,0.0,0.0,down
CUST_000454,Q3_2023,2023-09-30,66.9,2,64.17,0.5,down
CUST_000454,Q4_2023,2023-12-31,59.4,1,79.09,0.0,down
CUST_000454,Q1_2024,2024-03-31,57.9,2,203.43,0.5,down
CUST_000454,Q2_2024,2024-06-30,56.4,0,0.0,0.0,down
CUST_000454,Q3_2024,2024-09-30,57.2,2,66.07,1.0,down
CUST_000454,Q4_2024,2024-12-31,62.6,2,195.34,0.0,down
CUST_000454,Q1_2025,2025-03-31,51.5,2,43.5,1.0,down
CUST_000454,Q2_2025,2025-06-30,52.4,3,124.86000000000001,0.0,down
CUST_000454,Q3_2025,2025-09-30,60.7,4,256.3,0.0,down
CUST_000454,Q4_2025,2025-12-31,58.2,3,530.95,0.0,down
CUST_000455,Q1_2023,2023-03-31,68.5,1,206.43,0.0,stable
CUST_000455,Q2_2023,2023-06-30,59.0,4,407.90000000000003,0.25,stable
CUST_000455,Q3_2023,2023-09-30,58.5,1,35.43,0.0,stable
CUST_000455,Q4_2023,2023-12-31,65.8,5,217.31,0.4,stable
CUST_000455,Q1_2024,2024-03-31,67.5,2,157.37,0.0,stable
CUST_000455,Q2_2024,2024-06-30,72.8,5,1867.67,0.0,stable
CUST_000455,Q3_2024,2024-09-30,63.6,1,42.56,1.0,stable
CUST_000455,Q4_2024,2024-12-31,68.1,1,142.47,0.0,stable
CUST_000455,Q1_2025,2025-03-31,61.6,2,283.64,0.0,stable
CUST_000455,Q2_2025,2025-06-30,72.1,0,0.0,0.0,stable
CUST_000455,Q3_2025,2025-09-30,70.9,4,332.06,0.25,stable
CUST_000455,Q4_2025,2025-12-31,62.5,2,102.78999999999999,0.0,stable
CUST_000456,Q1_2023,2023-03-31,71.3,5,488.11,0.4,down
CUST_000456,Q2_2023,2023-06-30,66.4,6,507.22,0.3333333333333333,down
CUST_000456,Q3_2023,2023-09-30,68.5,1,41.89,0.0,down
CUST_000456,Q4_2023,2023-12-31,65.4,2,305.53,0.0,down
CUST_000456,Q1_2024,2024-03-31,59.2,0,0.0,0.0,down
CUST_000456,Q2_2024,2024-06-30,64.5,7,691.97,0.14285714285714285,down
CUST_000456,Q3_2024,2024-09-30,50.6,1,76.86,0.0,down
CUST_000456,Q4_2024,2024-12-31,58.9,3,259.34,0.0,down
CUST_000456,Q1_2025,2025-03-31,56.3,4,456.51,0.25,down
CUST_000456,Q2_2025,2025-06-30,48.1,3,563.95,0.0,down
CUST_000456,Q3_2025,2025-09-30,43.2,7,962.4300000000001,0.0,down
CUST_000456,Q4_2025,2025-12-31,53.7,9,937.12,0.1111111111111111,down
CUST_000457,Q1_2023,2023-03-31,61.5,1,96.62,0.0,up
CUST_000457,Q2_2023,2023-06-30,78.8,4,773.96,0.0,up
CUST_000457,Q3_2023,2023-09-30,60.6,1,64.43,0.0,up
CUST_000457,Q4_2023,2023-12-31,77.2,4,563.27,0.25,up
CUST_000457,Q1_2024,2024-03-31,70.6,2,468.8,0.0,up
CUST_000457,Q2_2024,2024-06-30,80.1,2,370.25,0.5,up
CUST_000457,Q3_2024,2024-09-30,80.5,2,261.91999999999996,0.5,up
CUST_000457,Q4_2024,2024-12-31,89.0,1,105.33,0.0,up
CUST_000457,Q1_2025,2025-03-31,88.1,6,710.8,0.3333333333333333,up
CUST_000457,Q2_2025,2025-06-30,92.0,1,256.1,0.0,up
CUST_000457,Q3_2025,2025-09-30,88.0,1,114.37,0.0,up
CUST_000457,Q4_2025,2025-12-31,86.3,2,112.9,0.5,up
CUST_000458,Q1_2023,2023-03-31,72.4,1,190.4,0.0,down
CUST_000458,Q2_2023,2023-06-30,55.1,1,106.92,0.0,down
CUST_000458,Q3_2023,2023-09-30,60.9,2,274.77,0.5,down
CUST_000458,Q4_2023,2023-12-31,42.0,0,0.0,0.0,down
CUST_000458,Q1_2024,2024-03-31,43.7,1,39.92,1.0,down
CUST_000458,Q2_2024,2024-06-30,48.1,2,73.26,0.5,down
CUST_000458,Q3_2024,2024-09-30,35.4,2,355.24,0.0,down
CUST_000458,Q4_2024,2024-12-31,39.8,3,525.41,0.6666666666666666,down
CUST_000458,Q1_2025,2025-03-31,40.0,0,0.0,0.0,down
CUST_000458,Q2_2025,2025-06-30,42.6,1,146.23,0.0,down
CUST_000458,Q3_2025,2025-09-30,39.8,0,0.0,0.0,down
CUST_000458,Q4_2025,2025-12-31,36.1,1,131.85,0.0,down
CUST_000459,Q1_2023,2023-03-31,46.8,2,369.69,0.5,stable
CUST_000459,Q2_2023,2023-06-30,60.2,1,136.53,1.0,stable
CUST_000459,Q3_2023,2023-09-30,59.6,4,593.57,0.5,stable
CUST_000459,Q4_2023,2023-12-31,56.3,3,132.45999999999998,0.3333333333333333,stable
CUST_000459,Q1_2024,2024-03-31,44.1,1,36.58,0.0,stable
CUST_000459,Q2_2024,2024-06-30,57.9,0,0.0,0.0,stable
CUST_000459,Q3_2024,2024-09-30,52.8,3,267.05,0.6666666666666666,stable
CUST_000459,Q4_2024,2024-12-31,51.9,3,267.34000000000003,0.6666666666666666,stable
CUST_000459,Q1_2025,2025-03-31,58.4,1,52.59,1.0,stable
CUST_000459,Q2_2025,2025-06-30,50.8,1,80.1,0.0,stable
CUST_000459,Q3_2025,2025-09-30,57.7,5,394.78,0.0,stable
CUST_000459,Q4_2025,2025-12-31,56.0,2,73.36,0.0,stable
CUST_000460,Q1_2023,2023-03-31,84.1,2,195.09,0.0,down
CUST_000460,Q2_2023,2023-06-30,72.9,4,406.8,0.5,down
CUST_000460,Q3_2023,2023-09-30,78.7,4,527.1899999999999,0.25,down
CUST_000460,Q4_2023,2023-12-31,66.4,0,0.0,0.0,down
CUST_000460,Q1_2024,2024-03-31,74.0,3,689.65,0.0,down
CUST_000460,Q2_2024,2024-06-30,70.8,3,322.6,0.3333333333333333,down
CUST_000460,Q3_2024,2024-09-30,73.3,4,508.2,0.25,down
CUST_000460,Q4_2024,2024-12-31,73.2,4,827.26,0.5,down
CUST_000460,Q1_2025,2025-03-31,77.0,3,496.32,0.6666666666666666,down
CUST_000460,Q2_2025,2025-06-30,72.6,6,686.73,0.3333333333333333,down
CUST_000460,Q3_2025,2025-09-30,66.3,5,739.9,0.4,down
CUST_000460,Q4_2025,2025-12-31,63.8,8,1162.22,0.5,down
CUST_000461,Q1_2023,2023-03-31,59.4,0,0.0,0.0,up
CUST_000461,Q2_2023,2023-06-30,64.5,3,99.67999999999999,0.3333333333333333,up
CUST_000461,Q3_2023,2023-09-30,66.3,4,500.27,0.25,up
CUST_000461,Q4_2023,2023-12-31,70.0,2,134.64000000000001,0.0,up
CUST_000461,Q1_2024,2024-03-31,67.3,2,150.66,0.5,up
CUST_000461,Q2_2024,2024-06-30,78.0,3,287.72,0.0,up
CUST_000461,Q3_2024,2024-09-30,80.7,3,512.79,0.0,up
CUST_000461,Q4_2024,2024-12-31,88.3,2,404.7,0.5,up
CUST_000461,Q1_2025,2025-03-31,88.0,3,136.89000000000001,1.0,up
CUST_000461,Q2_2025,2025-06-30,75.9,3,223.64000000000001,0.3333333333333333,up
CUST_000461,Q3_2025,2025-09-30,93.5,1,36.19,0.0,up
CUST_000461,Q4_2025,2025-12-31,92.0,1,94.26,0.0,up
CUST_000462,Q1_2023,2023-03-31,65.4,3,643.4399999999999,0.0,up
CUST_000462,Q2_2023,2023-06-30,69.9,3,506.02000000000004,0.0,up
CUST_000462,Q3_2023,2023-09-30,73.6,4,582.4200000000001,0.25,up
CUST_000462,Q4_2023,2023-12-31,77.1,1,264.51,0.0,up
CUST_000462,Q1_2024,2024-03-31,73.9,1,62.45,1.0,up
CUST_000462,Q2_2024,2024-06-30,83.5,1,45.51,0.0,up
CUST_000462,Q3_2024,2024-09-30,95.9,2,320.11,0.5,up
CUST_000462,Q4_2024,2024-12-31,79.8,2,318.6,0.5,up
CUST_000462,Q1_2025,2025-03-31,84.5,2,83.42999999999999,0.5,up
CUST_000462,Q2_2025,2025-06-30,89.8,1,94.24,0.0,up
CUST_000462,Q3_2025,2025-09-30,86.6,3,273.08,0.6666666666666666,up
CUST_000462,Q4_2025,2025-12-31,94.7,1,36.74,0.0,up
CUST_000463,Q1_2023,2023-03-31,62.9,1,18.06,1.0,down
CUST_000463,Q2_2023,2023-06-30,60.9,1,127.42,0.0,down
CUST_000463,Q3_2023,2023-09-30,55.7,0,0.0,0.0,down
CUST_000463,Q4_2023,2023-12-31,56.3,2,389.89000000000004,1.0,down
CUST_000463,Q1_2024,2024-03-31,54.9,2,68.75,0.5,down
CUST_000463,Q2_2024,2024-06-30,54.4,2,104.37,0.0,down
CUST_000463,Q3_2024,2024-09-30,48.6,3,249.66,0.3333333333333333,down
CUST_000463,Q4_2024,2024-12-31,47.6,1,33.88,1.0,down
CUST_000463,Q1_2025,2025-03-31,46.2,0,0.0,0.0,down
CUST_000463,Q2_2025,2025-06-30,46.4,5,848.7900000000001,0.4,down
CUST_000463,Q3_2025,2025-09-30,42.7,6,1099.94,0.3333333333333333,down
CUST_000463,Q4_2025,2025-12-31,40.7,1,76.01,0.0,down
CUST_000464,Q1_2023,2023-03-31,49.6,1,73.44,0.0,stable
CUST_000464,Q2_2023,2023-06-30,53.8,0,0.0,0.0,stable
CUST_000464,Q3_2023,2023-09-30,49.5,2,316.74,0.0,stable
CUST_000464,Q4_2023,2023-12-31,58.3,2,282.09,0.0,stable
CUST_000464,Q1_2024,2024-03-31,50.9,0,0.0,0.0,stable
CUST_000464,Q2_2024,2024-06-30,52.2,2,320.57,0.0,stable
CUST_000464,Q3_2024,2024-09-30,46.5,1,113.82,0.0,stable
CUST_000464,Q4_2024,2024-12-31,64.1,2,192.44,0.0,stable
CUST_000464,Q1_2025,2025-03-31,51.1,3,386.6,0.3333333333333333,stable
CUST_000464,Q2_2025,2025-06-30,64.2,1,43.34,0.0,stable
CUST_000464,Q3_2025,2025-09-30,65.0,3,354.05,0.0,stable
CUST_000464,Q4_2025,2025-12-31,55.3,1,459.61,0.0,stable
CUST_000465,Q1_2023,2023-03-31,51.9,1,20.79,1.0,down
CUST_000465,Q2_2023,2023-06-30,49.7,0,0.0,0.0,down
CUST_000465,Q3_2023,2023-09-30,46.7,4,447.04999999999995,0.25,down
CUST_000465,Q4_2023,2023-12-31,44.4,4,456.60999999999996,0.5,down
CUST_000465,Q1_2024,2024-03-31,55.9,3,211.82999999999998,0.6666666666666666,down
CUST_000465,Q2_2024,2024-06-30,45.6,1,345.91,0.0,down
CUST_000465,Q3_2024,2024-09-30,44.7,1,296.25,0.0,down
CUST_000465,Q4_2024,2024-12-31,38.9,3,304.34,0.3333333333333333,down
CUST_000465,Q1_2025,2025-03-31,33.9,0,0.0,0.0,down
CUST_000465,Q2_2025,2025-06-30,30.9,2,121.32000000000001,0.0,down
CUST_000465,Q3_2025,2025-09-30,36.1,1,149.7,0.0,down
CUST_000465,Q4_2025,2025-12-31,28.3,0,0.0,0.0,down
CUST_000466,Q1_2023,2023-03-31,64.2,1,220.89,0.0,up
CUST_000466,Q2_2023,2023-06-30,66.9,5,237.83,0.4,up
CUST_000466,Q3_2023,2023-09-30,74.2,2,648.88,0.0,up
CUST_000466,Q4_2023,2023-12-31,61.4,2,315.22,0.0,up
CUST_000466,Q1_2024,2024-03-31,63.7,2,366.85,0.0,up
CUST_000466,Q2_2024,2024-06-30,66.1,1,248.73,0.0,up
CUST_000466,Q3_2024,2024-09-30,75.3,5,332.89,0.4,up
CUST_000466,Q4_2024,2024-12-31,70.7,4,526.21,0.0,up
CUST_000466,Q1_2025,2025-03-31,65.8,5,599.87,0.2,up
CUST_000466,Q2_2025,2025-06-30,78.4,2,157.51,0.5,up
CUST_000466,Q3_2025,2025-09-30,67.4,3,224.77,0.3333333333333333,up
CUST_000466,Q4_2025,2025-12-31,73.9,2,121.10999999999999,0.0,up
CUST_000467,Q1_2023,2023-03-31,50.8,3,406.32000000000005,0.0,down
CUST_000467,Q2_2023,2023-06-30,57.1,2,140.8,0.0,down
CUST_000467,Q3_2023,2023-09-30,52.2,4,529.67,0.25,down
CUST_000467,Q4_2023,2023-12-31,48.2,2,444.06999999999994,0.0,down
CUST_000467,Q1_2024,2024-03-31,55.3,3,343.2,0.0,down
CUST_000467,Q2_2024,2024-06-30,52.2,0,0.0,0.0,down
CUST_000467,Q3_2024,2024-09-30,46.2,2,184.39,0.5,down
CUST_000467,Q4_2024,2024-12-31,43.6,4,339.18,0.5,down
CUST_000467,Q1_2025,2025-03-31,39.1,0,0.0,0.0,down
CUST_000467,Q2_2025,2025-06-30,43.1,0,0.0,0.0,down
CUST_000467,Q3_2025,2025-09-30,33.7,1,36.44,0.0,down
CUST_000467,Q4_2025,2025-12-31,38.6,1,10.0,0.0,down
CUST_000468,Q1_2023,2023-03-31,47.4,1,37.47,0.0,down
CUST_000468,Q2_2023,2023-06-30,51.1,1,104.47,0.0,down
CUST_000468,Q3_2023,2023-09-30,61.2,1,6.83,1.0,down
CUST_000468,Q4_2023,2023-12-31,50.9,2,186.82,1.0,down
CUST_000468,Q1_2024,2024-03-31,56.4,1,52.44,1.0,down
CUST_000468,Q2_2024,2024-06-30,47.8,2,326.53000000000003,0.5,down
CUST_000468,Q3_2024,2024-09-30,51.6,0,0.0,0.0,down
CUST_000468,Q4_2024,2024-12-31,40.0,2,205.57999999999998,0.0,down
CUST_000468,Q1_2025,2025-03-31,41.5,2,312.97,0.0,down
CUST_000468,Q2_2025,2025-06-30,51.3,4,498.53000000000003,0.5,down
CUST_000468,Q3_2025,2025-09-30,41.0,0,0.0,0.0,down
CUST_000468,Q4_2025,2025-12-31,36.8,1,132.1,0.0,down
CUST_000469,Q1_2023,2023-03-31,72.5,5,467.57,0.0,up
CUST_000469,Q2_2023,2023-06-30,62.6,0,0.0,0.0,up
CUST_000469,Q3_2023,2023-09-30,70.4,2,593.5799999999999,0.0,up
CUST_000469,Q4_2023,2023-12-31,73.2,2,169.13,0.5,up
CUST_000469,Q1_2024,2024-03-31,82.9,5,797.49,0.2,up
CUST_000469,Q2_2024,2024-06-30,78.9,1,18.11,0.0,up
CUST_000469,Q3_2024,2024-09-30,72.9,2,315.46000000000004,0.0,up
CUST_000469,Q4_2024,2024-12-31,81.9,1,49.84,0.0,up
CUST_000469,Q1_2025,2025-03-31,67.8,3,136.53,0.3333333333333333,up
CUST_000469,Q2_2025,2025-06-30,76.5,1,114.95,0.0,up
CUST_000469,Q3_2025,2025-09-30,87.9,2,61.980000000000004,0.5,up
CUST_000469,Q4_2025,2025-12-31,88.0,0,0.0,0.0,up
CUST_000470,Q1_2023,2023-03-31,44.4,1,45.25,1.0,up
CUST_000470,Q2_2023,2023-06-30,53.1,1,12.6,0.0,up
CUST_000470,Q3_2023,2023-09-30,52.2,1,81.41,0.0,up
CUST_000470,Q4_2023,2023-12-31,50.9,0,0.0,0.0,up
CUST_000470,Q1_2024,2024-03-31,49.4,2,150.61,0.0,up
CUST_000470,Q2_2024,2024-06-30,56.1,1,54.31,1.0,up
CUST_000470,Q3_2024,2024-09-30,50.3,1,45.1,0.0,up
CUST_000470,Q4_2024,2024-12-31,51.3,0,0.0,0.0,up
CUST_000470,Q1_2025,2025-03-31,52.7,1,88.76,1.0,up
CUST_000470,Q2_2025,2025-06-30,63.9,4,559.0,0.5,up
CUST_000470,Q3_2025,2025-09-30,62.1,1,377.09,0.0,up
CUST_000470,Q4_2025,2025-12-31,55.4,2,216.16000000000003,0.0,up
CUST_000471,Q1_2023,2023-03-31,46.1,0,0.0,0.0,up
CUST_000471,Q2_2023,2023-06-30,62.3,0,0.0,0.0,up
CUST_000471,Q3_2023,2023-09-30,60.4,1,427.58,0.0,up
CUST_000471,Q4_2023,2023-12-31,47.0,0,0.0,0.0,up
CUST_000471,Q1_2024,2024-03-31,57.3,1,64.89,0.0,up
CUST_000471,Q2_2024,2024-06-30,42.6,2,341.65,0.0,up
CUST_000471,Q3_2024,2024-09-30,51.4,1,188.89,0.0,up
CUST_000471,Q4_2024,2024-12-31,47.0,1,364.98,0.0,up
CUST_000471,Q1_2025,2025-03-31,51.4,1,334.27,0.0,up
CUST_000471,Q2_2025,2025-06-30,57.6,1,131.8,1.0,up
CUST_000471,Q3_2025,2025-09-30,59.2,0,0.0,0.0,up
CUST_000471,Q4_2025,2025-12-31,53.5,0,0.0,0.0,up
CUST_000472,Q1_2023,2023-03-31,72.5,2,35.06,1.0,down
CUST_000472,Q2_2023,2023-06-30,64.5,4,378.96999999999997,0.25,down
CUST_000472,Q3_2023,2023-09-30,66.9,3,429.84999999999997,0.0,down
CUST_000472,Q4_2023,2023-12-31,52.7,1,179.38,0.0,down
CUST_000472,Q1_2024,2024-03-31,45.4,3,227.19,0.0,down
CUST_000472,Q2_2024,2024-06-30,57.2,4,278.0,0.25,down
CUST_000472,Q3_2024,2024-09-30,43.4,4,374.44,0.25,down
CUST_000472,Q4_2024,2024-12-31,62.6,0,0.0,0.0,down
CUST_000472,Q1_2025,2025-03-31,35.0,5,596.71,0.6,down
CUST_000472,Q2_2025,2025-06-30,47.6,2,215.95999999999998,0.5,down
CUST_000472,Q3_2025,2025-09-30,45.3,0,0.0,0.0,down
CUST_000472,Q4_2025,2025-12-31,38.8,1,407.61,0.0,down
CUST_000473,Q1_2023,2023-03-31,70.8,2,89.01,0.5,down
CUST_000473,Q2_2023,2023-06-30,63.2,2,402.32000000000005,0.5,down
CUST_000473,Q3_2023,2023-09-30,67.0,3,277.55,0.3333333333333333,down
CUST_000473,Q4_2023,2023-12-31,60.9,1,56.75,0.0,down
CUST_000473,Q1_2024,2024-03-31,50.0,0,0.0,0.0,down
CUST_000473,Q2_2024,2024-06-30,49.5,1,69.81,1.0,down
CUST_000473,Q3_2024,2024-09-30,54.2,7,584.84,0.2857142857142857,down
CUST_000473,Q4_2024,2024-12-31,54.2,2,271.6,0.0,down
CUST_000473,Q1_2025,2025-03-31,61.8,3,234.36999999999998,0.0,down
CUST_000473,Q2_2025,2025-06-30,45.5,2,335.1,0.5,down
CUST_000473,Q3_2025,2025-09-30,42.6,5,785.6999999999999,0.0,down
CUST_000473,Q4_2025,2025-12-31,43.5,2,77.93,1.0,down
CUST_000474,Q1_2023,2023-03-31,74.3,2,203.11,0.0,up
CUST_000474,Q2_2023,2023-06-30,79.1,2,55.56,0.5,up
CUST_000474,Q3_2023,2023-09-30,69.5,3,275.35,0.3333333333333333,up
CUST_000474,Q4_2023,2023-12-31,77.4,4,281.27,0.75,up
CUST_000474,Q1_2024,2024-03-31,85.2,3,296.39,0.3333333333333333,up
CUST_000474,Q2_2024,2024-06-30,73.9,2,123.47999999999999,0.5,up
CUST_000474,Q3_2024,2024-09-30,80.6,2,290.97,0.0,up
CUST_000474,Q4_2024,2024-12-31,80.2,4,331.35,0.0,up
CUST_000474,Q1_2025,2025-03-31,91.0,1,13.8,0.0,up
CUST_000474,Q2_2025,2025-06-30,80.2,2,238.5,0.0,up
CUST_000474,Q3_2025,2025-09-30,93.0,4,577.98,0.0,up
CUST_000474,Q4_2025,2025-12-31,95.6,4,541.25,0.25,up
CUST_000475,Q1_2023,2023-03-31,49.4,0,0.0,0.0,down
CUST_000475,Q2_2023,2023-06-30,44.0,3,107.9,0.3333333333333333,down
CUST_000475,Q3_2023,2023-09-30,40.9,1,112.7,0.0,down
CUST_000475,Q4_2023,2023-12-31,43.8,2,114.19999999999999,0.0,down
CUST_000475,Q1_2024,2024-03-31,50.9,4,524.22,0.25,down
CUST_000475,Q2_2024,2024-06-30,40.5,3,669.46,0.0,down
CUST_000475,Q3_2024,2024-09-30,35.5,0,0.0,0.0,down
CUST_000475,Q4_2024,2024-12-31,44.3,0,0.0,0.0,down
CUST_000475,Q1_2025,2025-03-31,33.0,0,0.0,0.0,down
CUST_000475,Q2_2025,2025-06-30,42.4,1,79.89,0.0,down
CUST_000475,Q3_2025,2025-09-30,38.6,1,79.89,0.0,down
CUST_000475,Q4_2025,2025-12-31,40.4,1,37.49,0.0,down
CUST_000476,Q1_2023,2023-03-31,62.6,2,68.45,0.0,stable
CUST_000476,Q2_2023,2023-06-30,70.3,3,445.31,0.3333333333333333,stable
CUST_000476,Q3_2023,2023-09-30,70.0,1,216.02,0.0,stable
CUST_000476,Q4_2023,2023-12-31,69.4,2,53.82,1.0,stable
CUST_000476,Q1_2024,2024-03-31,71.2,6,722.1700000000001,0.5,stable
CUST_000476,Q2_2024,2024-06-30,62.7,4,681.1500000000001,0.5,stable
CUST_000476,Q3_2024,2024-09-30,74.8,4,764.44,0.5,stable
CUST_000476,Q4_2024,2024-12-31,64.9,1,37.59,0.0,stable
CUST_000476,Q1_2025,2025-03-31,75.9,6,575.6600000000001,0.3333333333333333,stable
CUST_000476,Q2_2025,2025-06-30,61.5,1,68.16,0.0,stable
CUST_000476,Q3_2025,2025-09-30,72.7,3,183.38,0.6666666666666666,stable
CUST_000476,Q4_2025,2025-12-31,70.0,0,0.0,0.0,stable
CUST_000477,Q1_2023,2023-03-31,52.1,1,43.58,0.0,up
CUST_000477,Q2_2023,2023-06-30,52.9,0,0.0,0.0,up
CUST_000477,Q3_2023,2023-09-30,47.9,0,0.0,0.0,up
CUST_000477,Q4_2023,2023-12-31,61.3,1,113.87,0.0,up
CUST_000477,Q1_2024,2024-03-31,53.2,2,136.54000000000002,0.0,up
CUST_000477,Q2_2024,2024-06-30,57.5,1,87.2,1.0,up
CUST_000477,Q3_2024,2024-09-30,65.6,1,58.3,0.0,up
CUST_000477,Q4_2024,2024-12-31,62.6,2,45.88,0.5,up
CUST_000477,Q1_2025,2025-03-31,56.3,2,519.93,0.0,up
CUST_000477,Q2_2025,2025-06-30,56.9,0,0.0,0.0,up
CUST_000477,Q3_2025,2025-09-30,62.5,3,498.24,0.0,up
CUST_000477,Q4_2025,2025-12-31,68.8,3,202.54999999999998,0.0,up
CUST_000478,Q1_2023,2023-03-31,59.1,1,30.44,1.0,stable
CUST_000478,Q2_2023,2023-06-30,62.8,0,0.0,0.0,stable
CUST_000478,Q3_2023,2023-09-30,63.6,1,116.89,0.0,stable
CUST_000478,Q4_2023,2023-12-31,63.9,0,0.0,0.0,stable
CUST_000478,Q1_2024,2024-03-31,52.6,2,89.59,0.5,stable
CUST_000478,Q2_2024,2024-06-30,57.6,3,332.18,0.0,stable
CUST_000478,Q3_2024,2024-09-30,58.7,1,63.76,0.0,stable
CUST_000478,Q4_2024,2024-12-31,56.5,1,142.48,0.0,stable
CUST_000478,Q1_2025,2025-03-31,61.1,4,421.27000000000004,0.5,stable
CUST_000478,Q2_2025,2025-06-30,59.1,3,146.47,0.6666666666666666,stable
CUST_000478,Q3_2025,2025-09-30,65.1,2,157.46,0.0,stable
CUST_000478,Q4_2025,2025-12-31,63.1,2,57.43,0.0,stable
CUST_000479,Q1_2023,2023-03-31,39.5,1,17.26,1.0,down
CUST_000479,Q2_2023,2023-06-30,38.1,3,90.62,0.0,down
CUST_000479,Q3_2023,2023-09-30,42.5,0,0.0,0.0,down
CUST_000479,Q4_2023,2023-12-31,36.0,2,299.86,0.0,down
CUST_000479,Q1_2024,2024-03-31,45.8,0,0.0,0.0,down
CUST_000479,Q2_2024,2024-06-30,36.1,1,27.77,0.0,down
CUST_000479,Q3_2024,2024-09-30,42.9,0,0.0,0.0,down
CUST_000479,Q4_2024,2024-12-31,36.1,1,79.25,0.0,down
CUST_000479,Q1_2025,2025-03-31,30.9,0,0.0,0.0,down
CUST_000479,Q2_2025,2025-06-30,28.7,1,122.88,0.0,down
CUST_000479,Q3_2025,2025-09-30,23.4,4,453.98,0.25,down
CUST_000479,Q4_2025,2025-12-31,17.5,1,243.76,1.0,down
CUST_000480,Q1_2023,2023-03-31,41.0,2,204.77999999999997,0.0,down
CUST_000480,Q2_2023,2023-06-30,40.7,1,131.66,0.0,down
CUST_000480,Q3_2023,2023-09-30,40.3,0,0.0,0.0,down
CUST_000480,Q4_2023,2023-12-31,38.8,0,0.0,0.0,down
CUST_000480,Q1_2024,2024-03-31,24.2,2,110.12,0.5,down
CUST_000480,Q2_2024,2024-06-30,30.8,2,245.22,0.0,down
CUST_000480,Q3_2024,2024-09-30,24.0,2,219.44,0.0,down
CUST_000480,Q4_2024,2024-12-31,33.6,4,408.48,0.0,down
CUST_000480,Q1_2025,2025-03-31,32.8,4,263.16999999999996,0.0,down
CUST_000480,Q2_2025,2025-06-30,23.6,2,105.6,0.5,down
CUST_000480,Q3_2025,2025-09-30,11.0,0,0.0,0.0,down
CUST_000480,Q4_2025,2025-12-31,2.4,1,108.47,0.0,down
CUST_000481,Q1_2023,2023-03-31,66.8,2,489.47999999999996,0.5,up
CUST_000481,Q2_2023,2023-06-30,71.4,2,183.11,0.0,up
CUST_000481,Q3_2023,2023-09-30,76.8,2,492.44,0.5,up
CUST_000481,Q4_2023,2023-12-31,81.5,3,177.28,0.6666666666666666,up
CUST_000481,Q1_2024,2024-03-31,83.9,1,143.49,0.0,up
CUST_000481,Q2_2024,2024-06-30,74.9,3,324.61,0.3333333333333333,up
CUST_000481,Q3_2024,2024-09-30,82.4,3,492.47,0.0,up
CUST_000481,Q4_2024,2024-12-31,85.2,2,145.32999999999998,1.0,up
CUST_000481,Q1_2025,2025-03-31,81.8,3,221.47,0.6666666666666666,up
CUST_000481,Q2_2025,2025-06-30,88.8,4,382.29,0.75,up
CUST_000481,Q3_2025,2025-09-30,93.5,1,32.6,0.0,up
CUST_000481,Q4_2025,2025-12-31,96.7,1,258.6,0.0,up
CUST_000482,Q1_2023,2023-03-31,37.0,1,94.26,1.0,down
CUST_000482,Q2_2023,2023-06-30,51.8,1,74.15,0.0,down
CUST_000482,Q3_2023,2023-09-30,51.6,2,95.52,0.0,down
CUST_000482,Q4_2023,2023-12-31,53.0,1,282.66,0.0,down
CUST_000482,Q1_2024,2024-03-31,51.6,0,0.0,0.0,down
CUST_000482,Q2_2024,2024-06-30,45.8,0,0.0,0.0,down
CUST_000482,Q3_2024,2024-09-30,45.6,0,0.0,0.0,down
CUST_000482,Q4_2024,2024-12-31,49.6,3,702.34,0.0,down
CUST_000482,Q1_2025,2025-03-31,41.2,2,227.79000000000002,0.0,down
CUST_000482,Q2_2025,2025-06-30,43.7,0,0.0,0.0,down
CUST_000482,Q3_2025,2025-09-30,43.9,0,0.0,0.0,down
CUST_000482,Q4_2025,2025-12-31,41.1,1,21.84,0.0,down
CUST_000483,Q1_2023,2023-03-31,62.4,3,139.59,0.3333333333333333,up
CUST_000483,Q2_2023,2023-06-30,73.3,0,0.0,0.0,up
CUST_000483,Q3_2023,2023-09-30,74.8,4,190.14,0.5,up
CUST_000483,Q4_2023,2023-12-31,73.9,3,328.62,0.0,up
CUST_000483,Q1_2024,2024-03-31,78.2,4,376.51,0.25,up
CUST_000483,Q2_2024,2024-06-30,74.1,2,168.84,0.0,up
CUST_000483,Q3_2024,2024-09-30,82.8,0,0.0,0.0,up
CUST_000483,Q4_2024,2024-12-31,71.2,3,302.79,0.0,up
CUST_000483,Q1_2025,2025-03-31,81.4,1,109.5,1.0,up
CUST_000483,Q2_2025,2025-06-30,87.6,1,160.84,0.0,up
CUST_000483,Q3_2025,2025-09-30,86.1,4,220.97,0.25,up
CUST_000483,Q4_2025,2025-12-31,90.0,3,420.99,0.6666666666666666,up
CUST_000484,Q1_2023,2023-03-31,55.9,3,140.79000000000002,0.3333333333333333,down
CUST_000484,Q2_2023,2023-06-30,56.4,0,0.0,0.0,down
CUST_000484,Q3_2023,2023-09-30,57.0,2,148.19,0.0,down
CUST_000484,Q4_2023,2023-12-31,50.2,2,421.34999999999997,0.5,down
CUST_000484,Q1_2024,2024-03-31,47.3,2,90.61,0.5,down
CUST_000484,Q2_2024,2024-06-30,49.4,1,228.4,0.0,down
CUST_000484,Q3_2024,2024-09-30,42.9,2,146.7,0.0,down
CUST_000484,Q4_2024,2024-12-31,41.1,0,0.0,0.0,down
CUST_000484,Q1_2025,2025-03-31,42.2,1,191.74,0.0,down
CUST_000484,Q2_2025,2025-06-30,51.8,2,49.81,0.5,down
CUST_000484,Q3_2025,2025-09-30,40.2,1,20.15,0.0,down
CUST_000484,Q4_2025,2025-12-31,45.4,1,216.62,0.0,down
CUST_000485,Q1_2023,2023-03-31,66.5,2,128.62,0.0,up
CUST_000485,Q2_2023,2023-06-30,76.8,6,521.8299999999999,0.16666666666666666,up
CUST_000485,Q3_2023,2023-09-30,73.4,3,236.01,0.3333333333333333,up
CUST_000485,Q4_2023,2023-12-31,75.1,1,39.15,0.0,up
CUST_000485,Q1_2024,2024-03-31,86.9,2,120.28999999999999,0.0,up
CUST_000485,Q2_2024,2024-06-30,87.0,2,90.74000000000001,0.5,up
CUST_000485,Q3_2024,2024-09-30,79.6,5,264.38,0.4,up
CUST_000485,Q4_2024,2024-12-31,80.2,2,51.19,0.5,up
CUST_000485,Q1_2025,2025-03-31,85.8,3,165.76,0.3333333333333333,up
CUST_000485,Q2_2025,2025-06-30,89.6,2,124.65,0.5,up
CUST_000485,Q3_2025,2025-09-30,95.6,1,33.82,0.0,up
CUST_000485,Q4_2025,2025-12-31,79.5,4,227.87,0.25,up
CUST_000486,Q1_2023,2023-03-31,59.7,5,421.69,0.2,up
CUST_000486,Q2_2023,2023-06-30,59.4,2,40.54,0.5,up
CUST_000486,Q3_2023,2023-09-30,62.5,0,0.0,0.0,up
CUST_000486,Q4_2023,2023-12-31,65.4,3,182.35,0.3333333333333333,up
CUST_000486,Q1_2024,2024-03-31,67.4,4,193.03,0.5,up
CUST_000486,Q2_2024,2024-06-30,63.5,2,299.76,0.0,up
CUST_000486,Q3_2024,2024-09-30,67.0,2,534.98,0.0,up
CUST_000486,Q4_2024,2024-12-31,58.4,1,342.86,0.0,up
CUST_000486,Q1_2025,2025-03-31,59.9,2,161.03,0.5,up
CUST_000486,Q2_2025,2025-06-30,72.4,2,384.1,0.5,up
CUST_000486,Q3_2025,2025-09-30,69.1,3,352.16999999999996,0.3333333333333333,up
CUST_000486,Q4_2025,2025-12-31,69.7,3,421.2,0.3333333333333333,up
CUST_000487,Q1_2023,2023-03-31,55.6,0,0.0,0.0,stable
CUST_000487,Q2_2023,2023-06-30,53.3,0,0.0,0.0,stable
CUST_000487,Q3_2023,2023-09-30,60.4,1,123.38,0.0,stable
CUST_000487,Q4_2023,2023-12-31,57.4,0,0.0,0.0,stable
CUST_000487,Q1_2024,2024-03-31,59.6,1,19.04,0.0,stable
CUST_000487,Q2_2024,2024-06-30,60.6,1,19.71,0.0,stable
CUST_000487,Q3_2024,2024-09-30,49.9,3,127.15,0.6666666666666666,stable
CUST_000487,Q4_2024,2024-12-31,64.0,2,226.39,0.5,stable
CUST_000487,Q1_2025,2025-03-31,55.3,4,649.3,0.0,stable
CUST_000487,Q2_2025,2025-06-30,53.7,2,529.23,0.5,stable
CUST_000487,Q3_2025,2025-09-30,70.9,0,0.0,0.0,stable
CUST_000487,Q4_2025,2025-12-31,60.2,0,0.0,0.0,stable
CUST_000488,Q1_2023,2023-03-31,57.2,4,981.3500000000001,0.25,down
CUST_000488,Q2_2023,2023-06-30,46.9,0,0.0,0.0,down
CUST_000488,Q3_2023,2023-09-30,51.1,1,23.92,0.0,down
CUST_000488,Q4_2023,2023-12-31,39.4,2,105.68,0.0,down
CUST_000488,Q1_2024,2024-03-31,47.2,1,352.25,0.0,down
CUST_000488,Q2_2024,2024-06-30,48.5,0,0.0,0.0,down
CUST_000488,Q3_2024,2024-09-30,52.0,1,142.14,0.0,down
CUST_000488,Q4_2024,2024-12-31,38.6,1,43.59,0.0,down
CUST_000488,Q1_2025,2025-03-31,49.8,0,0.0,0.0,down
CUST_000488,Q2_2025,2025-06-30,45.1,2,593.72,0.0,down
CUST_000488,Q3_2025,2025-09-30,34.8,0,0.0,0.0,down
CUST_000488,Q4_2025,2025-12-31,42.4,1,31.01,0.0,down
CUST_000489,Q1_2023,2023-03-31,54.1,2,356.8,0.0,down
CUST_000489,Q2_2023,2023-06-30,52.4,1,33.24,1.0,down
CUST_000489,Q3_2023,2023-09-30,44.2,1,52.26,0.0,down
CUST_000489,Q4_2023,2023-12-31,46.3,2,194.48999999999998,0.0,down
CUST_000489,Q1_2024,2024-03-31,35.3,0,0.0,0.0,down
CUST_000489,Q2_2024,2024-06-30,38.1,0,0.0,0.0,down
CUST_000489,Q3_2024,2024-09-30,35.3,4,728.51,0.75,down
CUST_000489,Q4_2024,2024-12-31,27.2,2,339.96,0.5,down
CUST_000489,Q1_2025,2025-03-31,25.4,1,36.22,1.0,down
CUST_000489,Q2_2025,2025-06-30,32.8,1,62.19,1.0,down
CUST_000489,Q3_2025,2025-09-30,18.8,1,62.19,1.0,down
CUST_000489,Q4_2025,2025-12-31,23.2,4,463.63,0.25,down
CUST_000490,Q1_2023,2023-03-31,70.2,0,0.0,0.0,up
CUST_000490,Q2_2023,2023-06-30,77.7,2,453.86,0.0,up
CUST_000490,Q3_2023,2023-09-30,72.2,2,414.4,0.0,up
CUST_000490,Q4_2023,2023-12-31,81.2,1,103.41,1.0,up
CUST_000490,Q1_2024,2024-03-31,78.1,2,121.72999999999999,0.0,up
CUST_000490,Q2_2024,2024-06-30,88.6,3,245.61999999999998,0.6666666666666666,up
CUST_000490,Q3_2024,2024-09-30,86.0,2,162.27999999999997,0.5,up
CUST_000490,Q4_2024,2024-12-31,90.5,10,690.4499999999999,0.3,up
CUST_000490,Q1_2025,2025-03-31,92.5,0,0.0,0.0,up
CUST_000490,Q2_2025,2025-06-30,98.8,0,0.0,0.0,up
CUST_000490,Q3_2025,2025-09-30,94.2,3,306.87,0.3333333333333333,up
CUST_000490,Q4_2025,2025-12-31,91.1,2,263.57,0.5,up
CUST_000491,Q1_2023,2023-03-31,57.7,1,127.04,1.0,down
CUST_000491,Q2_2023,2023-06-30,65.2,1,55.57,0.0,down
CUST_000491,Q3_2023,2023-09-30,52.6,2,302.34000000000003,0.0,down
CUST_000491,Q4_2023,2023-12-31,53.0,1,475.85,0.0,down
CUST_000491,Q1_2024,2024-03-31,60.7,1,332.37,0.0,down
CUST_000491,Q2_2024,2024-06-30,49.4,1,20.02,1.0,down
CUST_000491,Q3_2024,2024-09-30,49.4,2,144.39000000000001,0.0,down
CUST_000491,Q4_2024,2024-12-31,56.7,3,681.5,0.3333333333333333,down
CUST_000491,Q1_2025,2025-03-31,54.8,0,0.0,0.0,down
CUST_000491,Q2_2025,2025-06-30,51.0,0,0.0,0.0,down
CUST_000491,Q3_2025,2025-09-30,47.4,2,218.82999999999998,0.5,down
CUST_000491,Q4_2025,2025-12-31,53.3,2,137.35,0.5,down
CUST_000492,Q1_2023,2023-03-31,45.5,2,61.76,0.5,down
CUST_000492,Q2_2023,2023-06-30,42.1,1,21.56,1.0,down
CUST_000492,Q3_2023,2023-09-30,38.0,0,0.0,0.0,down
CUST_000492,Q4_2023,2023-12-31,44.3,2,131.79000000000002,0.0,down
CUST_000492,Q1_2024,2024-03-31,40.0,1,237.39,0.0,down
CUST_000492,Q2_2024,2024-06-30,42.9,2,207.29999999999998,0.0,down
CUST_000492,Q3_2024,2024-09-30,45.7,3,276.58,0.0,down
CUST_000492,Q4_2024,2024-12-31,45.3,2,96.37,0.0,down
CUST_000492,Q1_2025,2025-03-31,42.8,1,15.82,1.0,down
CUST_000492,Q2_2025,2025-06-30,34.7,3,842.11,0.3333333333333333,down
CUST_000492,Q3_2025,2025-09-30,30.3,2,284.35,0.0,down
CUST_000492,Q4_2025,2025-12-31,34.2,4,385.88,0.0,down
CUST_000493,Q1_2023,2023-03-31,74.4,2,93.97,0.0,stable
CUST_000493,Q2_2023,2023-06-30,81.4,6,851.32,0.3333333333333333,stable
CUST_000493,Q3_2023,2023-09-30,75.6,4,677.11,0.25,stable
CUST_000493,Q4_2023,2023-12-31,77.2,6,744.49,0.5,stable
CUST_000493,Q1_2024,2024-03-31,82.7,3,250.42,0.3333333333333333,stable
CUST_000493,Q2_2024,2024-06-30,81.0,1,288.41,0.0,stable
CUST_000493,Q3_2024,2024-09-30,69.0,4,262.78999999999996,0.5,stable
CUST_000493,Q4_2024,2024-12-31,76.5,5,587.15,0.2,stable
CUST_000493,Q1_2025,2025-03-31,73.4,1,32.46,0.0,stable
CUST_000493,Q2_2025,2025-06-30,67.3,3,244.73,0.3333333333333333,stable
CUST_000493,Q3_2025,2025-09-30,78.1,4,354.39,0.75,stable
CUST_000493,Q4_2025,2025-12-31,73.3,1,57.41,0.0,stable
CUST_000494,Q1_2023,2023-03-31,73.9,2,525.59,0.0,up
CUST_000494,Q2_2023,2023-06-30,62.0,0,0.0,0.0,up
CUST_000494,Q3_2023,2023-09-30,72.3,2,181.31,0.5,up
CUST_000494,Q4_2023,2023-12-31,68.3,1,32.68,0.0,up
CUST_000494,Q1_2024,2024-03-31,71.5,4,286.13,0.25,up
CUST_000494,Q2_2024,2024-06-30,79.6,5,295.1,0.4,up
CUST_000494,Q3_2024,2024-09-30,59.5,0,0.0,0.0,up
CUST_000494,Q4_2024,2024-12-31,78.9,1,28.62,0.0,up
CUST_000494,Q1_2025,2025-03-31,71.2,5,412.78000000000003,0.0,up
CUST_000494,Q2_2025,2025-06-30,78.3,1,36.9,1.0,up
CUST_000494,Q3_2025,2025-09-30,70.2,2,61.959999999999994,0.5,up
CUST_000494,Q4_2025,2025-12-31,79.0,4,629.4200000000001,0.0,up
CUST_000495,Q1_2023,2023-03-31,53.2,1,37.57,1.0,up
CUST_000495,Q2_2023,2023-06-30,39.1,0,0.0,0.0,up
CUST_000495,Q3_2023,2023-09-30,59.5,1,34.47,0.0,up
CUST_000495,Q4_2023,2023-12-31,61.5,0,0.0,0.0,up
CUST_000495,Q1_2024,2024-03-31,59.5,0,0.0,0.0,up
CUST_000495,Q2_2024,2024-06-30,49.5,0,0.0,0.0,up
CUST_000495,Q3_2024,2024-09-30,56.2,0,0.0,0.0,up
CUST_000495,Q4_2024,2024-12-31,65.3,4,453.43,0.5,up
CUST_000495,Q1_2025,2025-03-31,61.0,2,71.66,0.5,up
CUST_000495,Q2_2025,2025-06-30,61.5,1,39.45,0.0,up
CUST_000495,Q3_2025,2025-09-30,71.9,2,148.89000000000001,0.0,up
CUST_000495,Q4_2025,2025-12-31,66.8,2,148.89000000000001,0.0,up
CUST_000496,Q1_2023,2023-03-31,48.4,2,533.6700000000001,0.0,stable
CUST_000496,Q2_2023,2023-06-30,48.5,1,224.41,0.0,stable
CUST_000496,Q3_2023,2023-09-30,46.2,1,68.88,0.0,stable
CUST_000496,Q4_2023,2023-12-31,51.6,3,183.42000000000002,0.3333333333333333,stable
CUST_000496,Q1_2024,2024-03-31,50.2,0,0.0,0.0,stable
CUST_000496,Q2_2024,2024-06-30,59.4,2,173.67,0.0,stable
CUST_000496,Q3_2024,2024-09-30,46.3,1,121.17,1.0,stable
CUST_000496,Q4_2024,2024-12-31,43.0,0,0.0,0.0,stable
CUST_000496,Q1_2025,2025-03-31,51.8,2,360.57,0.0,stable
CUST_000496,Q2_2025,2025-06-30,50.7,2,269.22,0.5,stable
CUST_000496,Q3_2025,2025-09-30,45.2,1,24.46,1.0,stable
CUST_000496,Q4_2025,2025-12-31,50.6,1,73.26,0.0,stable
CUST_000497,Q1_2023,2023-03-31,47.7,4,884.46,0.25,up
CUST_000497,Q2_2023,2023-06-30,55.2,0,0.0,0.0,up
CUST_000497,Q3_2023,2023-09-30,57.9,3,479.69999999999993,0.3333333333333333,up
CUST_000497,Q4_2023,2023-12-31,58.8,2,374.1,0.5,up
CUST_000497,Q1_2024,2024-03-31,60.4,1,382.19,0.0,up
CUST_000497,Q2_2024,2024-06-30,74.2,3,433.76,0.6666666666666666,up
CUST_000497,Q3_2024,2024-09-30,66.7,2,305.68,0.0,up
CUST_000497,Q4_2024,2024-12-31,70.8,0,0.0,0.0,up
CUST_000497,Q1_2025,2025-03-31,74.4,2,289.27,0.5,up
CUST_000497,Q2_2025,2025-06-30,73.1,0,0.0,0.0,up
CUST_000497,Q3_2025,2025-09-30,80.7,2,303.76,0.0,up
CUST_000497,Q4_2025,2025-12-31,91.4,5,518.51,0.2,up
CUST_000498,Q1_2023,2023-03-31,53.1,1,98.19,0.0,up
CUST_000498,Q2_2023,2023-06-30,53.9,3,503.76,0.0,up
CUST_000498,Q3_2023,2023-09-30,61.4,1,102.3,0.0,up
CUST_000498,Q4_2023,2023-12-31,69.5,1,42.53,0.0,up
CUST_000498,Q1_2024,2024-03-31,57.6,2,92.14,0.5,up
CUST_000498,Q2_2024,2024-06-30,61.1,0,0.0,0.0,up
CUST_000498,Q3_2024,2024-09-30,67.3,2,76.42,1.0,up
CUST_000498,Q4_2024,2024-12-31,70.3,2,415.84,0.0,up
CUST_000498,Q1_2025,2025-03-31,72.6,0,0.0,0.0,up
CUST_000498,Q2_2025,2025-06-30,78.3,1,353.57,0.0,up
CUST_000498,Q3_2025,2025-09-30,73.2,1,22.75,0.0,up
CUST_000498,Q4_2025,2025-12-31,76.0,2,150.01,0.0,up
CUST_000499,Q1_2023,2023-03-31,72.3,1,231.57,0.0,stable
CUST_000499,Q2_2023,2023-06-30,78.6,0,0.0,0.0,stable
CUST_000499,Q3_2023,2023-09-30,71.0,1,155.48,1.0,stable
CUST_000499,Q4_2023,2023-12-31,73.5,5,499.59000000000003,0.2,stable
CUST_000499,Q1_2024,2024-03-31,70.5,5,428.14,0.2,stable
CUST_000499,Q2_2024,2024-06-30,75.4,5,556.56,0.2,stable
CUST_000499,Q3_2024,2024-09-30,80.5,7,933.48,0.42857142857142855,stable
CUST_000499,Q4_2024,2024-12-31,74.0,0,0.0,0.0,stable
CUST_000499,Q1_2025,2025-03-31,67.7,2,390.52,0.0,stable
CUST_000499,Q2_2025,2025-06-30,72.4,2,318.93,1.0,stable
CUST_000499,Q3_2025,2025-09-30,69.7,5,699.12,0.2,stable
CUST_000499,Q4_2025,2025-12-31,73.4,6,620.1700000000001,0.5,stable
