level_id,obstacle_density,time_limit,enemy_count,platform_gap,moving_obstacle_ratio,powerup_count,checkpoint_count,level_length,base_difficulty_score,novice_completion_rate,novice_avg_attempts,novice_avg_time,novice_quit_rate,novice_perfect_rate,intermediate_completion_rate,intermediate_avg_attempts,intermediate_avg_time,intermediate_quit_rate,intermediate_perfect_rate,expert_completion_rate,expert_avg_attempts,expert_avg_time,expert_quit_rate,expert_perfect_rate,novice_death_zone_1,novice_death_zone_2,novice_death_zone_3,novice_death_zone_4,novice_death_zone_5,novice_total_death_density,novice_frustration_index,novice_consecutive_fail_rate,novice_rage_quit_rate,novice_checkpoint_utilization,novice_avg_death_position,novice_death_concentration,intermediate_death_zone_1,intermediate_death_zone_2,intermediate_death_zone_3,intermediate_death_zone_4,intermediate_death_zone_5,intermediate_total_death_density,intermediate_frustration_index,intermediate_consecutive_fail_rate,intermediate_rage_quit_rate,intermediate_checkpoint_utilization,intermediate_avg_death_position,intermediate_death_concentration,expert_death_zone_1,expert_death_zone_2,expert_death_zone_3,expert_death_zone_4,expert_death_zone_5,expert_total_death_density,expert_frustration_index,expert_consecutive_fail_rate,expert_rage_quit_rate,expert_checkpoint_utilization,expert_avg_death_position,expert_death_concentration,total_plays,unique_players,actual_completion_rate,actual_avg_attempts,actual_quit_rate,actual_avg_time,actual_perfect_rate,actual_rage_quit_rate,avg_num_deaths,actual_novice_completion_rate,actual_novice_avg_attempts,actual_novice_quit_rate,actual_novice_rage_quit_rate,actual_novice_avg_time,actual_intermediate_completion_rate,actual_intermediate_avg_attempts,actual_intermediate_quit_rate,actual_intermediate_rage_quit_rate,actual_intermediate_avg_time,actual_expert_completion_rate,actual_expert_avg_attempts,actual_expert_quit_rate,actual_expert_rage_quit_rate,actual_expert_avg_time
Level_001,0.199816047538945,145,11,2.982411990298251,0.7859028935268851,3,3,86,0.25600703373296557,0.4792262121110582,9.55189625168355,140.56867737319027,0.2991972549309634,0.13858508484855595,0.6779624965295761,4.110668521187678,88.44722866702071,0.14811732700663416,0.3356210002218739,0.6510379210714464,3.516590935852489,60.0976613370945,0.03586595096261139,0.5679405434999306,0.025280577147031816,0.05409037005800935,0.019012676624505016,0.022606644150118534,0.06906484326301308,0.4488252681120105,0.31555213041132046,0.2119425685046325,0.03673705577652283,0.9065828946986142,0.49746234778083664,0.15353704684685548,0.0018427285873195316,0.08302158504677856,0.03646647873364729,0.0,0.05397585746994322,0.4927482967768272,0.19248204795029156,0.10738563964124218,0.019169257746781982,0.9390860921585698,0.3329756858016257,0.168145562402424,0.0,0.05180776732509798,0.06064733454129225,0.0031476614102068515,0.060439572586200266,0.5478335213377511,0.23412158758969845,0.018490667753366913,0.0,0.9854761659357602,0.41716444224521637,0.11050224190655804,138,138,0.5507246376811594,5.22463768115942,0.11594202898550725,91.71527617554892,0.1956521739130435,0.028985507246376812,4.886363636363637,0.5,9.5,0.46875,0.09375,134.4840160473098,0.6301369863013698,3.9178082191780823,0.0136986301369863,0.0136986301369863,85.61484014537545,0.42424242424242425,3.9696969696969697,0.0,0.0,62.88100613553508
Level_002,0.43028572256396647,104,14,0.6844914118384972,0.08963112173444188,1,3,109,0.23438010177662089,0.4766736475430026,9.0305391943508,102.44963274942864,0.22546555019342177,0.11814928694722637,0.6704466078131728,3.6603380436503405,69.47085926789478,0.18187435364041807,0.3050347430130593,0.6873030206647447,2.4670603484002407,46.406894472905485,0.10296818001856761,0.6267752992356285,0.027489837410847102,0.06590438094190956,0.0,0.0,0.0,0.22055542109974483,0.15958338679326392,0.14923777431289015,0.023356805577809305,0.9598578633249372,0.39071900001991733,0.2974622810616728,0.027364750019960436,0.0508706145799989,0.01423182856091662,0.02723830203184205,0.05911261113822772,0.5026182258859647,0.23362004795059194,0.1358209448319761,0.026942351181215164,0.9310555048788909,0.31373848548546285,0.11737583768783759,0.029631053655489115,0.032884522278556275,0.03213400842236461,0.033593622962657825,0.004104030557137076,0.41185691504090344,0.1792699996147557,0.06187450973999298,0.0052563202706167374,0.9670378089263141,0.38184035695786744,0.1,128,128,0.5703125,4.796875,0.09375,68.70241027328245,0.2265625,0.0078125,4.362903225806452,0.46875,8.375,0.3125,0.0,93.14995766211193,0.6029411764705882,3.676470588235294,0.029411764705882353,0.014705882352941176,68.98262665593933,0.6071428571428571,3.4285714285714284,0.0,0.0,46.455228948495744
Level_003,0.342797576724562,142,13,1.8846357110033019,0.3182844792365933,4,0,225,0.2714246083749484,0.4659612055988543,10.358554342786153,142.0,0.31922675464811406,0.11557479441106251,0.5994130622147974,4.232545618515729,98.06613376337867,0.14347583965123298,0.2772620213118114,0.6382379301812753,3.011298031173967,59.82039703289042,0.07865198735021253,0.5650928238080456,0.040866880166317524,0.08046969001141104,0.03420730798026458,0.025987231000653237,0.02351997557097385,0.484239058232516,0.29570818428918594,0.2259046783143255,0.059056023543391595,0.891312690023075,0.3731495050044562,0.16583514588566303,0.012064710984304446,0.07320382399086912,0.023168832294155603,0.0,0.028593560523512335,0.3851636908137113,0.18202568988013926,0.10487888487188017,0.015012961662356869,0.9979534900203486,0.3477057087389554,0.18956682291029603,0.028273446845192604,0.03909787313348689,0.01651677833766115,0.041296440489090425,0.0,0.38956701167764146,0.1345110554548833,0.058045512938414964,0.010633429902414442,0.9721269004438434,0.38804391921349285,0.10573458396218796,132,132,0.5909090909090909,5.515151515151516,0.1590909090909091,90.51818470986554,0.1893939393939394,0.015151515151515152,5.284552845528455,0.4,10.6,0.6666666666666666,0.06666666666666667,135.86114903392948,0.6056338028169014,4.436619718309859,0.014084507042253521,0.0,94.76522881429895,0.7419354838709677,3.064516129032258,0.0,0.0,58.92085999771755
Level_004,0.28946339367881463,133,1,2.9232563390477475,0.7755763466202952,0,1,254,0.27252852453531745,0.5082379846977227,10.375722532634594,133.0,0.3349999422622914,0.10396530663399439,0.5632567677132333,4.451877210800734,89.91909943070083,0.13954135452168284,0.2607143023336165,0.6619640874771552,2.00743197994918,57.24194425686745,0.06242026906000343,0.5375741649156996,0.05412670660404244,0.025618183116286684,0.0540509943365746,0.03778679105373228,0.0435961635781294,0.5081562886419715,0.28328836481176,0.24536592016433173,0.054640326034409936,0.8835161771883075,0.3333256901834856,0.10630666420405004,0.01750687888310112,0.0,0.04767828025475869,0.0,0.03276057741539004,0.2753038456205207,0.1854854570926594,0.12325626443144586,0.011952993950998527,0.9581512500226448,0.4169845351543334,0.17255742549541153,0.03311871639275004,0.0,0.06008328485849936,0.03690790286308649,0.03868345053874874,0.5252751129710093,0.22853908014411,0.05910919253437815,0.008043671499219649,1.0,0.4999563364241432,0.11416706467328078,150,150,0.6133333333333333,4.92,0.11333333333333333,90.54880938426773,0.17333333333333334,0.02666666666666667,4.82089552238806,0.5675675675675675,9.486486486486486,0.4594594594594595,0.08108108108108109,126.86605283909869,0.6329113924050633,4.10126582278481,0.0,0.012658227848101266,88.74797610029137,0.6176470588235294,1.8529411764705883,0.0,0.0,58.51926422461859
Level_005,0.11240745617697462,113,12,1.807744610425372,0.6924057007151843,0,2,77,0.25958566253940724,0.43785168683563347,8.787232397156384,113.0,0.2927555626392708,0.10969803265781301,0.6402219187761242,4.10111533547811,78.06021080508062,0.14126909185818337,0.26010294145911816,0.5885057185095774,2.144787401685573,58.04484884943433,0.07472047682278989,0.5609231167091224,0.0040707417013540826,0.02436374514873962,0.022282996063702654,0.022762230889590923,0.0362447235929071,0.2591201031681207,0.1830597306872891,0.20590609525400366,0.03675635408503352,0.9025184607645781,0.3136772812029657,0.13933841772114564,0.0,0.032788404971521266,0.06475334729925827,0.0020066250308524228,0.043025363199771946,0.40074331385725154,0.21390598621754547,0.07984203668595241,0.01946890610299133,0.9732618724731742,0.3591948892411687,0.1611808960242375,0.0,0.05412783885736024,0.02878081692562424,0.0,0.03967971318782333,0.3814878819869233,0.1961432912069569,0.09993860441060384,0.0,0.985959056155713,0.46269351317497986,0.14151517317667803,134,134,0.5970149253731343,4.992537313432836,0.09701492537313433,79.08665004634366,0.1417910447761194,0.0,4.712,0.42857142857142855,9.607142857142858,0.42857142857142855,0.0,107.09725855713508,0.6625,4.3125,0.0125,0.0,79.01917114674964,0.5769230769230769,2.1153846153846154,0.0,0.0,56.916588682942724
Level_006,0.11239780813448107,141,2,2.073496595338156,0.653657656759424,2,0,246,0.19915291169913413,0.51943672135871,7.266691336977502,141.0,0.2713890190118068,0.1363776150731958,0.670309585496737,3.6135191391950143,85.8705254560767,0.0908918887717191,0.28865611646023653,0.7210458751040366,2.714170127018111,68.04519563649983,0.06615928748201279,0.551480575317684,0.002032566088591147,0.0,0.03998652427093898,0.04400838588138317,0.02636101393014534,0.2654114056912681,0.18234663650987573,0.1907841471323424,0.017175486515564234,0.8995167221312838,0.30045436752937915,0.16518957124674483,0.01098117937503353,0.016086555947578685,0.05433874665979596,0.002781962477104868,0.0,0.2366351342297862,0.07289070521493504,0.05008441937103274,0.0,0.9569144457351332,0.40534188789120845,0.22866461576027722,0.018566650704521372,0.0,0.04446716770168728,0.0013989480793742395,0.0006265770280358615,0.20246089713764254,0.04525564966743909,0.06285622339055741,0.0015597723301108625,0.9845638845101434,0.3864984970496152,0.21855387608757554,146,146,0.6164383561643836,4.082191780821918,0.03424657534246575,90.81410271150722,0.2191780821917808,0.0136986301369863,3.8333333333333335,0.5666666666666667,6.933333333333334,0.16666666666666666,0.06666666666666667,131.07952510714287,0.7088607594936709,3.4936708860759493,0.0,0.0,86.45482189531712,0.4594594594594595,3.027027027027027,0.0,0.0,64.90866418096832
Level_007,0.07323344486727978,128,1,2.239371722461543,0.20632226163595188,2,2,254,0.13609873894133168,0.6952273432045719,6.177161315114683,118.32832820514939,0.123772962083531,0.17222540207836384,0.7426856067953879,2.737794067627276,72.82666161149908,0.08533935284464286,0.350903037443697,0.738815841244512,3.0686949877271785,48.579094092349486,0.030853206082733016,0.6106151761041988,0.034574350158577724,0.012569017659862056,0.0,0.0,0.011462725338718394,0.1384014105291387,0.10324635875512407,0.07260123970233659,0.0,0.9653215176948365,0.3677958281271068,0.24802008837170797,0.0030142033556743797,0.03195063288640816,0.0,0.0,0.005408054920108919,0.11347928543808831,0.07369535892710309,0.044284358085833524,0.009965252019872639,0.9588011352221744,0.35617518301416073,0.2790953207310804,0.0,0.012149590695199254,0.018013893178815632,0.0,0.0,0.09386700935049425,0.07309692670677698,0.044794043585679996,0.0,0.9653250037533344,0.5847894032028016,0.1898857495576968,150,150,0.7666666666666667,3.6266666666666665,0.006666666666666667,75.12801320987356,0.32,0.0,3.3515625,0.75,5.6875,0.03125,0.0,112.31114479106627,0.7682926829268293,3.024390243902439,0.0,0.0,72.6974001301268,0.7777777777777778,3.1666666666666665,0.0,0.0,48.725636998281416
Level_008,0.39647045830997407,122,2,1.636352661919433,0.13671006991205267,4,3,130,0.12528712986743856,0.6692341111366035,5.865162315638335,116.5166270789937,0.09797045915749114,0.16253239784197726,0.7377932426835195,2.670846580164034,83.45797363166639,0.12391263167454994,0.3600596485176233,0.7027663600062432,2.4784957860746823,56.54421034558923,0.01,0.5998906935796762,0.030250488322723555,0.014451956680492128,0.010820005530429385,0.0,0.0,0.1311192242295413,0.09109968224802374,0.055321303059224836,0.019475875369025085,1.0,0.3755511031084721,0.22896356301764956,0.0,0.01128850463796115,0.030262243588438743,0.0,0.0,0.11678998165396276,0.009854553953761128,0.10334267840943716,0.001872330893814363,0.9844659066826339,0.25168964127507276,0.25691695646359447,0.0023041026923891744,0.0,0.005968737462653631,0.015840635311786082,0.017328609834348085,0.12896536171740886,0.07793072389414914,0.0,0.011892327578453706,0.9894284051357369,0.33206439078434696,0.1333325249540464,141,141,0.6666666666666666,3.3049645390070923,0.02127659574468085,83.80818468921298,0.24113475177304963,0.0,3.1794871794871793,0.6333333333333333,5.6,0.1,0.0,113.95066114901333,0.6923076923076923,2.6538461538461537,0.0,0.0,84.1311942338683,0.6363636363636364,2.757575757575758,0.0,0.0,55.705824301232305
Level_009,0.29044600469728354,175,6,2.0688952002101586,0.5349145759395448,0,1,163,0.21961095300838224,0.48005149414193643,8.582319289794432,175.0,0.18381822178192442,0.15949296353033973,0.6877694210096802,3.0555849881672112,110.30434582555337,0.14145894999851022,0.2805318047560044,0.7341373545678482,2.3705372719585402,80.46243568075884,0.10597192898963156,0.5971300909745171,0.009746049448015208,0.03226204902695918,0.03269604907374603,0.0,0.05448339746150994,0.305083268462652,0.21035653457962084,0.10062064981135321,0.01610688367489554,0.9513161189277433,0.3087848461017462,0.17800188077956947,0.03232045053536235,0.015699934690375134,0.04651806752933989,0.01885636957527757,0.04767608046124276,0.4527347541256973,0.25597663996399106,0.11702923676685842,0.015880344388943778,0.9305707907694163,0.4205931604144374,0.10507478218879206,0.009370060317683358,0.004824057998282234,0.04110830681072785,0.014642116737825587,0.05791438223582385,0.3978895433365449,0.1573299038316979,0.05366298817335256,0.006283436503436614,0.986181804509894,0.5229957594236071,0.14518902087879806,131,131,0.7251908396946565,3.954198473282443,0.06870229007633588,111.11477630633327,0.24427480916030533,0.022900763358778626,3.7767857142857144,0.5172413793103449,8.241379310344827,0.3103448275862069,0.06896551724137931,170.0128190527936,0.7727272727272727,2.787878787878788,0.0,0.015151515151515152,112.01728776802072,0.8055555555555556,2.638888888888889,0.0,0.0,79.06309610829997
Level_010,0.3332290311184182,157,0,1.9607857798077506,0.7435007913020687,4,2,89,0.14458639563390316,0.6319363680735289,8.090453939583773,154.90442532995183,0.2010346366292909,0.14649551792427087,0.6647984426965443,4.031479536664695,97.03184645833888,0.07918123231655327,0.3600662080279611,0.7818146288460716,2.3466530522330444,61.914808403294835,0.0902973536665668,0.5978413029211948,0.025305316230716246,0.07705462981309442,0.029188973248682634,0.032692125479433475,0.008982878846940164,0.4090775220582115,0.23925878932166805,0.1757157805042424,0.02154132172127233,0.9346425389686869,0.402586473957367,0.18790259321298847,0.03320551811152812,0.0,0.0,0.028268740075224254,0.015884219399419544,0.21743760494611689,0.09883452147388842,0.06445136900795745,0.024381541560055245,0.9679413549469286,0.3983744905331468,0.152013743786099,0.02712065188042172,0.0,0.03642357991133231,0.0,0.018486329838159232,0.25527434190633047,0.10153040879452557,0.06445477455897922,0.01576946305796845,0.9736647253625085,0.34630147492157587,0.14212729858319298,141,141,0.723404255319149,4.418439716312057,0.06382978723404255,97.09707402072978,0.2765957446808511,0.014184397163120567,4.235772357723577,0.75,8.035714285714286,0.2857142857142857,0.07142857142857142,146.18154775633465,0.7,3.8875,0.0125,0.0,95.31679997046531,0.7575757575757576,2.6363636363636362,0.0,0.0,59.85392995541394
Level_011,0.05823379771832098,139,9,2.7528950262274723,0.44541031441114387,2,2,94,0.1971241435453575,0.5107115215731443,7.96262058945288,139.0,0.23252504471960783,0.13963513192085206,0.7180265956226982,2.9550615306672174,94.97301678075013,0.10952014805974818,0.31148912154818825,0.6309161421861404,1.8478940775239991,64.54534756880633,0.09051035141651387,0.5854816909326188,0.0,0.04098643174566696,0.05040976918280213,0.019822388031547535,0.018212848805414104,0.3056592341945265,0.2277124563095383,0.13789026659589979,0.03975636596178415,0.9244062612058068,0.35469660483397103,0.1643836661733302,0.0,0.004560466852409274,0.05255302449612154,0.019765514731256498,0.01961496337273635,0.2712232487529073,0.13538942169948937,0.10033397697962228,0.0006645945672203559,0.9678245038035201,0.32915652367640036,0.19305119873807355,0.0038964033037226678,0.02444180796435378,0.0228105677240883,0.008091845182805134,0.03708004877496325,0.2997443380943858,0.18541917779554146,0.06550064429675162,0.0031258605998573307,0.9860375239668285,0.43401053602082595,0.12329425388326355,145,145,0.6689655172413793,4.137931034482759,0.06896551724137931,93.92494830179515,0.2,0.013793103448275862,3.9606299212598426,0.5,8.133333333333333,0.3333333333333333,0.06666666666666667,125.29692280904582,0.7831325301204819,3.5421686746987953,0.0,0.0,93.3961754819141,0.53125,1.9375,0.0,0.0,68.26557275376636
Level_012,0.43796394086479773,111,7,0.6136159508536447,0.4572901515759199,2,3,273,0.23490709885404243,0.45958892886853,9.33310726708672,106.94908789559081,0.2520321266350522,0.11946476151512174,0.6336996560940883,3.5328041919343858,74.07459388210705,0.09404853505152574,0.308973020698094,0.6561555665873702,2.8660347004273854,56.28090600280635,0.05043598547471078,0.5599926702969616,0.021549656553964774,0.050117141003250265,0.0,0.012395464765898338,0.018060554544822666,0.24116847140500683,0.15455990045177387,0.1625643846886184,0.02503933029568787,0.8931265458355512,0.4013024901408945,0.20695155200213272,0.015609756054045626,0.03949613472674562,0.040368154556624014,0.0,0.014144018882218098,0.30811218222587294,0.19003003613995542,0.0422731571885404,0.004905263366725344,0.9740128915213434,0.4149724166863666,0.13059386487435942,0.002752990548244176,0.016644873029835514,0.008388002761325435,0.0,0.0,0.08646800171976836,0.06118173619754532,0.0137349350050056,0.0,1.0,0.77209712009763,0.19029671082646513,127,127,0.5590551181102362,4.897637795275591,0.11811023622047244,77.64010086399868,0.18110236220472442,0.007874015748031496,4.669491525423729,0.5151515151515151,9.06060606060606,0.45454545454545453,0.0,101.66117124582827,0.6323529411764706,3.5441176470588234,0.0,0.014705882352941176,72.44858337506858,0.4230769230769231,3.1538461538461537,0.0,0.0,60.81074227607987
Level_013,0.3829770563201687,83,12,1.2024079739805758,0.22398327492822734,0,2,111,0.2686504951344554,0.44941994514678696,10.214135141618916,77.86625281905556,0.2985415935348064,0.14370158185551474,0.7022751722804218,3.790000328291044,56.0930772577168,0.187683590395088,0.32478421451132633,0.6406501597001303,3.0859277194843973,30.933004095647608,0.09066943222997839,0.5939834956499512,0.03570533817298554,0.07281013429675512,0.0,0.02731528754976488,0.04398286211490094,0.42463944609001414,0.32506295798191137,0.19461097016298054,0.053081284458344896,0.9280997174825012,0.48807122946655335,0.17106058887539582,0.01548324574591889,0.07137676027335926,0.0,0.017686084344418117,0.04982033146489291,0.43388993803712433,0.18861354411841674,0.16472299550758432,0.03761536660069074,0.9401130571811505,0.3646352861833222,0.16412603288896097,0.011166230225324553,0.06968697462480641,0.00036635383140021585,0.050554815139406274,0.028232329250098512,0.49793156374252573,0.24919363603643302,0.05996271196290461,0.0036552548809951685,0.9935712917151828,0.4184083938465809,0.13967241138660144,148,148,0.6013513513513513,4.4324324324324325,0.08108108108108109,52.007531835943745,0.19594594594594594,0.02702702702702703,4.0212765957446805,0.2857142857142857,9.476190476190476,0.47619047619047616,0.14285714285714285,76.16390087317681,0.717391304347826,3.608695652173913,0.021739130434782608,0.0,55.223726370036765,0.4857142857142857,3.5714285714285716,0.0,0.02857142857142857,30.995352219853316
Level_014,0.13493564427131047,97,9,2.876028710191397,0.6155943465535496,3,2,142,0.2598762066628894,0.3535031087722094,9.810130377544114,97.0,0.24690163177696928,0.12220283508729797,0.5706334540983546,4.5264718417753365,73.56245029283946,0.15359060808734956,0.3139863036521549,0.6360605519462565,2.3976577295743944,38.05821009362897,0.09335979494175645,0.5562913286791527,0.0,0.05200925602554937,0.0753809652018437,0.0,0.043925676436595645,0.4045716171385095,0.21682945126926775,0.1907296297827673,0.048417796116854366,0.9243727665266531,0.44879244845843236,0.18586351217989658,0.0,0.029939624342771802,0.031477372343588245,0.017844344656260686,0.03356972558400592,0.3171432236203444,0.1230339112063102,0.13797819809538986,0.0011278135702725098,0.9618392131957136,0.40883400150257254,0.1055176508303263,0.0144935692040005,0.0017946955662322545,0.0,0.007727286147315977,0.023915612611814532,0.14915899615517303,0.06034479960702854,0.07333820849361214,0.011578628375487537,0.973855228271468,0.36185940107174813,0.15926859678190936,133,133,0.5488721804511278,5.037593984962406,0.12030075187969924,69.22856321261105,0.20300751879699247,0.0,4.89344262295082,0.45454545454545453,8.909090909090908,0.42424242424242425,0.0,87.9745703508456,0.5774647887323944,4.211267605633803,0.028169014084507043,0.0,74.30718635186322,0.5862068965517241,2.6551724137931036,0.0,0.0,40.43952463714889
Level_015,0.12272998688284026,62,9,2.7256594597272907,0.1496349988460187,1,3,164,0.2423566885487891,0.38657257883348306,8.822238007884954,62.0,0.33511778302119705,0.14591643759207928,0.7050306737466707,3.791378669244299,36.68710949230377,0.1399996157215547,0.29768671162236776,0.7324132322496324,2.346634978637343,32.26428160478339,0.10521223956442138,0.6063751321167351,0.0,0.030048118389511453,0.05068506695767103,0.07274678063296745,0.029703151492203442,0.4325966888001307,0.3355702959526232,0.22868345454899736,0.0497926045099036,0.8958550668218284,0.38351614302422404,0.16777522179487991,0.025512826800603416,0.026952660327128335,0.06439201605494924,0.03580762883186914,0.04571740157241478,0.557609512393027,0.2657041178312156,0.11271217095000322,0.013098084366637048,0.9718572303998898,0.3337177550717674,0.11527196480972962,0.00734198312467732,0.0372633328089334,0.04804797934635377,0.024949019837520868,0.015213173036990144,0.41331408270205233,0.19567270218614635,0.08085643559545656,0.0031992700360284967,0.9582165447267591,0.27517705883037125,0.11596994008264677,142,142,0.5915492957746479,4.654929577464789,0.07042253521126761,39.04934101935046,0.22535211267605634,0.04225352112676056,4.274074074074074,0.45161290322580644,7.612903225806452,0.2903225806451613,0.0967741935483871,57.58296181224665,0.6447368421052632,4.315789473684211,0.013157894736842105,0.039473684210526314,36.39361451298866,0.6,2.7714285714285714,0.0,0.0,32.89028900559719
Level_016,0.12336180394137353,171,9,1.6391418819642825,0.25894338912339493,2,0,235,0.1875889876441259,0.5186404902183814,7.78204745439746,165.74733772436994,0.2064727421149128,0.11747541970383243,0.669203798440038,4.124582937489874,113.01318968009237,0.20834661962182136,0.3071405604340439,0.7058936486215033,2.5831526851719264,75.60255195079642,0.08758225021342775,0.6079141068513817,0.0,0.04331773255648423,0.0055292670183867305,0.0039913410468354945,0.0,0.12478055570865264,0.08528638334681242,0.16948576093391363,0.01808305799815237,1.0,0.33047598378688603,0.3443913275182353,0.0030658719991385496,0.03345591273965985,0.025928903966030762,0.01477372718169256,0.028426767298064485,0.29696215525687,0.18511203933921244,0.18147861191069614,0.01781347958950476,0.9521887650226403,0.28538027243092157,0.11228242295004837,0.0,0.039305076610852994,0.03267710487461044,0.0,0.007188683690904969,0.24637513268813677,0.09614910168227092,0.07139333221708487,0.010656431664818243,0.9226543330148537,0.4092437554880981,0.15888855190794174,128,128,0.6328125,4.3984375,0.0546875,110.25437359376178,0.1875,0.0,3.9834710743801653,0.5652173913043478,8.26086956521739,0.30434782608695654,0.0,161.32090273634128,0.68,3.8666666666666667,0.0,0.0,108.02860752903864,0.5666666666666667,2.7666666666666666,0.0,0.0,77.8807965612527
Level_017,0.1716968971838151,50,13,2.050331494503842,0.34034915089313345,2,3,116,0.2728892512749025,0.38095795476216043,9.472797829448405,50.0,0.2980022352150415,0.11840752702964641,0.5627621613631008,3.8463686980772858,32.74106888595954,0.17269613801591208,0.24780799146345295,0.6639740948607634,2.436574335039468,24.78890274601675,0.07621491649561002,0.5671523007034134,0.0,0.0436695001521441,0.06832393460381748,0.031750898113545624,0.028560411557204176,0.4069068314376608,0.2319190178892134,0.19513175216565168,0.03512632410890224,0.9165743876028013,0.30156493044349575,0.16749887312014589,0.008765974489402348,0.050391609722083626,0.04833042059815749,0.014879526245877852,0.03286074078652672,0.4363124081864434,0.17614393282742524,0.08775483245758298,0.02361703328841078,0.9284750824218698,0.39001484102931255,0.11523023078869445,0.0044395955253749755,0.09625895317413463,0.04254223127510153,0.052483553721716064,0.049627686435495685,0.7635212319660679,0.30582751758649634,0.05916973614967587,0.00782978538076436,0.9737678266018599,0.3684179003687836,0.12590749497772866,129,129,0.5503875968992248,5.054263565891473,0.11627906976744186,34.101146831963476,0.13178294573643412,0.046511627906976744,4.801652892561983,0.5294117647058824,8.970588235294118,0.4411764705882353,0.11764705882352941,46.30571090212362,0.49295774647887325,3.9859154929577465,0.0,0.028169014084507043,33.15609666543384,0.75,2.6666666666666665,0.0,0.0,23.73418030783321
Level_018,0.2599025726528951,77,1,1.1934529574528316,0.40608830294756404,3,0,105,0.165801895502159,0.5918798077018491,6.656685287092175,76.08301170494607,0.2008390458592925,0.17369407993382735,0.6514542866706647,3.4659122451291733,49.84097566597621,0.07692740579843987,0.319296175414288,0.6251960288036907,2.36485824189227,35.00811207609964,0.062148549073184046,0.6077205714121535,0.01921264840942676,0.0,0.015505276855079641,0.028746661841909153,0.03462516850495902,0.23164418243454593,0.1289146902036651,0.14616721534598076,0.015631474477507762,0.9247124652403086,0.3303630922387426,0.14883315861423163,0.0,0.0014407126325195344,0.020003568497232404,0.015871240492206524,0.02420721553884067,0.172926834076746,0.0056593746922130456,0.04336022133365487,0.002295705580289781,0.9712386763018921,0.36013431088712183,0.1391804529033118,0.026851061700707064,0.0,0.0,0.0,0.0,0.08355894399526761,0.0934866113568904,0.03336381116582772,0.0,0.9748351853617079,0.7088075225943845,0.3175425381637902,135,135,0.6518518518518519,4.355555555555555,0.02962962962962963,51.94567331352805,0.3037037037037037,0.007407407407407408,3.90625,0.6060606060606061,6.636363636363637,0.12121212121212122,0.030303030303030304,72.21664058226469,0.64,3.88,0.0,0.0,50.06554999424923,0.7407407407407407,2.888888888888889,0.0,0.0,36.187002011060585
Level_019,0.22277800745684634,177,2,0.9703028993094033,0.1939277859320642,3,1,89,0.06433956747083923,0.6677403801383066,3.610297769245618,170.73110419329564,0.08391700982060776,0.19813207501939498,0.7357279589871546,2.0970430131368354,115.89220075168359,0.025813012596337236,0.3700415682351104,0.8028180961485838,3.204275856513272,77.1544202248815,0.03688065642795935,0.6488067856426561,0.0,0.0,0.02774786827176108,0.009781033553411363,0.004764987252370112,0.09987927175759659,0.05073865205691841,0.04203496580923029,0.01741360224559773,0.9662977451297068,0.6894434880586152,0.2750601564455838,0.017008392796721193,0.04413908803235828,0.011975843009047436,0.00930645701098192,0.010995253431186658,0.26259714939823914,0.12079751098752335,0.0033630396037970176,0.0,1.0,0.3058518423076055,0.16744903400178096,0.0,0.008633824336078316,0.0,0.0,0.01567143341809825,0.07563655002209106,0.03955049326543706,0.015538446966594684,0.0,0.9967431269595197,0.6375089830205317,0.20449033018293283,135,135,0.7851851851851852,2.6,0.0,117.51380589224708,0.2962962962962963,0.0,2.378640776699029,0.6153846153846154,3.4615384615384617,0.0,0.0,168.39240085985244,0.8095238095238095,2.261904761904762,0.0,0.0,118.0607504252207,0.88,2.84,0.0,0.0,78.82063554116115
Level_020,0.1664916560792168,157,8,1.6592460123499553,0.09186945979136284,4,0,147,0.14191000483446103,0.5378063084067131,6.127945208925639,152.4656095959296,0.15997932594959186,0.18676782778974485,0.71477579369425,4.207854602562382,100.74955551806998,0.11959937417657926,0.32349240752319197,0.6741775780818189,2.217071161229708,60.99199758782576,0.09476227140480897,0.5713492131459701,0.0,0.02055881676565459,0.017047943603811667,0.007197622244909797,0.02456890637208993,0.1638287169735992,0.11307771918725809,0.15488851072018206,0.014123406210643629,0.9749751163990575,0.30740502557622523,0.14905719599834755,0.0,0.013980819963008203,0.0,0.0318363882022625,0.0,0.1287820587947421,0.0948289527059124,0.09814914839875234,0.000349056067451883,0.9820131314985037,0.29756247402265645,0.24530654312252514,0.005326224635148258,0.0,0.0,0.0006035666093732119,0.0,0.018453165838561613,0.019422307412725805,0.04235456202348875,0.0,0.9684932140390635,0.6867381229764898,0.27379731809977126,137,137,0.6934306569343066,4.1678832116788325,0.0364963503649635,97.89142561082265,0.22627737226277372,0.0,4.0,0.5555555555555556,6.555555555555555,0.14814814814814814,0.0,137.8391406200313,0.75,4.125,0.0125,0.0,100.49118486706003,0.6666666666666666,2.1333333333333333,0.0,0.0,60.131361585204004
Level_021,0.2947411578889518,165,6,1.383380570065132,0.4884960339533061,4,0,89,0.16019705627339278,0.6570164124769975,7.771004504010467,165.0,0.14929858711190483,0.14779763071085764,0.7059939821967305,2.6877772406723857,106.44933296656794,0.0995163460801686,0.3332960381487968,0.7309079561902897,2.2053028590455312,76.53488661306153,0.07880613645316309,0.5970101762742944,0.04347797513535749,0.062312876960809456,0.05598919149965589,0.0,0.009218137658129299,0.40382131291366724,0.24701929191564184,0.08075704259774312,0.023822776426690583,0.9574758320771838,0.35751597415474184,0.15392686840600803,0.015363652362252971,0.008852902586914835,0.03572058713444511,0.01609259399991187,0.013986238777121612,0.2530150358606273,0.16270775596983095,0.04865862746407511,0.0020224963443885432,0.9426879071463282,0.3440838694028002,0.1406239083974708,0.05756373151853726,0.0,0.04216825515509984,0.0,0.01639779709994347,0.3613891400898919,0.1451148929674881,0.09085979630091606,0.0060569992651143875,0.9699504578753152,0.36576477525440976,0.15884507881295332,138,138,0.7536231884057971,4.007246376811594,0.09420289855072464,106.64488441323248,0.32608695652173914,0.021739130434782608,3.773109243697479,0.7741935483870968,9.0,0.41935483870967744,0.03225806451612903,155.75334844291058,0.7,2.4285714285714284,0.0,0.014285714285714285,103.30930699026376,0.8378378378378378,2.810810810810811,0.0,0.02702702702702703,73.8977927039806
Level_022,0.10579754426081674,164,3,1.9591402796271802,0.23090444259220463,1,1,140,0.12186133285201008,0.6241983856254597,4.575973789842016,164.0,0.14575429019425076,0.2016646378851298,0.6799190001640635,3.1298010179295943,107.35988323234032,0.029968460361685052,0.35279250451837135,0.7590312471145051,1.968696296027245,76.23883551137122,0.0675417804479892,0.6348252929495491,0.0,0.0,0.051023046563492616,0.01105418491408005,0.035221529587645725,0.2297762066830263,0.11832663468243113,0.10822441734051608,0.019348380697704105,0.9275081533753775,0.3525871272887424,0.22109318502480343,0.009415327685991631,0.0,0.039308029563183994,0.017405951518870512,0.023937740207620555,0.2531585939242201,0.11334753981740288,0.036127825239929245,0.0009262151748257225,0.9980390598985386,0.3622092707698407,0.15465945477690232,0.0,0.022988554158234503,0.0,0.03614934868407279,0.003357502920749932,0.19448207181987567,0.08219865893599504,0.047548253605978294,0.0,0.9441494872554589,0.3621742121930189,0.18492411272058812,118,118,0.652542372881356,3.1271186440677967,0.0,107.73062818065509,0.2457627118644068,0.01694915254237288,2.9494949494949494,0.5714285714285714,4.142857142857143,0.0,0.047619047619047616,159.65387160135094,0.578125,3.359375,0.0,0.015625,113.43856291803527,0.8484848484848485,2.0303030303030303,0.0,0.0,77.93518152596161
Level_023,0.16685785941408726,174,9,0.694336592412462,0.46499057713808983,1,0,254,0.19966526006324667,0.5338283091490132,8.093489585008761,172.23967230959298,0.2720992157625574,0.18833408066930857,0.649033325339516,3.9142105209720226,108.82875229746645,0.14737602407520412,0.31563677633853976,0.7781835627634716,2.85129260990176,74.55952297663583,0.07439429246064963,0.5858226189718859,0.011345279461811592,0.04367499281697727,0.004263043450116046,0.03863881622981691,0.06918857860019398,0.39464084380884334,0.2503520225509032,0.20314498865243213,0.03041076720490657,0.9367548139627369,0.3686233049348947,0.17487723950367198,0.03720788728482614,0.04483362843948574,0.004654511538336961,0.0026748588589034523,0.022232672458326858,0.3136929686089162,0.14154846157506176,0.13057393973257714,0.014688861326745496,0.9162226877899425,0.3776214525191718,0.14246784298254406,0.0,0.02983858313652559,0.034350398608895445,0.0,0.00629715403792671,0.2193487593903406,0.09265167412098674,0.0475789436065577,0.012706128877908913,0.9588823556788038,0.3241249946576779,0.15589104610316792,154,154,0.6103896103896104,4.584415584415584,0.07792207792207792,109.61328483021539,0.22077922077922077,0.01948051948051948,4.27972027972028,0.65625,8.59375,0.34375,0.09375,158.22718489042842,0.5287356321839081,3.8275862068965516,0.011494252873563218,0.0,108.52674351858418,0.7714285714285715,2.8,0.0,0.0,73.65361812912516
Level_024,0.19654473731747668,157,4,2.9359870191654163,0.12349017221936186,0,3,286,0.19168806162711868,0.46998370749271695,6.714258239266193,157.0,0.24738570794193754,0.13829022636258156,0.7633474717102543,3.740404041742699,95.42105628488734,0.09496851441010139,0.3103247237326833,0.648299352311841,2.369439261296033,67.99779919199528,0.11132147654186783,0.5618876450797478,0.0,0.0,0.05695099639683383,0.030582422104285995,0.0,0.20671483008610497,0.1933527658619547,0.18144597750838623,0.015524258759255616,0.9124214059066388,0.34417509560967446,0.27417876890747606,0.0,0.009154720644112518,0.03665003838146947,0.031883204085256515,0.0,0.21836371602771246,0.15338392024321323,0.08038201808875095,0.01146537907882744,0.972448143718177,0.38580027618080814,0.16707429580942834,0.026974377211791634,0.036349457904443036,0.05643697025142963,0.019109944725899667,0.005635918617548702,0.449696357349497,0.1545678445430313,0.059349191950258305,0.007692601736681794,0.9761365778534508,0.4365207720889151,0.125221713757196,139,139,0.7266187050359713,4.16546762589928,0.050359712230215826,96.32892043288476,0.23741007194244604,0.02877697841726619,3.824,0.5806451612903226,7.258064516129032,0.22580645161290322,0.0967741935483871,138.23016071924658,0.8082191780821918,3.589041095890411,0.0,0.0136986301369863,94.45837014230256,0.6857142857142857,2.6285714285714286,0.0,0.0,69.50142634912804
Level_025,0.23242799368681438,62,1,2.9655268611990073,0.38491208148385403,4,0,82,0.20530026659244588,0.4956255038739389,7.676681744967725,62.0,0.2695198867190235,0.13119206515722845,0.7324019585607012,3.5497583033007127,34.267105005066526,0.1793790932419939,0.3212529868023562,0.5566392722423582,2.168034120661157,19.346745896793493,0.08620097985206543,0.583498471018139,0.0034276042297314412,0.0,0.053495749337783984,0.05205159208104512,0.010845587807806685,0.282962571762721,0.2343605829946288,0.18495816752576227,0.02113432694984799,0.9566099895086438,0.3905528402353148,0.1883901424251257,0.0,0.0,0.009966080294966592,0.028383115467447123,0.018707549224272733,0.16037391586599845,0.03414383014798059,0.13124038574262573,0.0,0.9841416123623213,0.3486143466142667,0.17588415894310871,0.0007423974943530295,0.0,0.0225764232953598,0.027312915322378846,0.01850267379338569,0.21514226699220385,0.1736198131098124,0.11905384394300136,0.005707139058311762,1.0,0.3522753674003798,0.12636545226651116,143,143,0.6363636363636364,3.867132867132867,0.06293706293706294,33.06475395576044,0.23076923076923078,0.006993006993006993,3.696,0.24,7.92,0.32,0.04,62.0,0.7586206896551724,3.2413793103448274,0.011494252873563218,0.0,34.22661672954019,0.6129032258064516,2.3548387096774195,0.0,0.0,19.89136346444986
Level_026,0.3640703845572055,144,12,2.245404285049363,0.42607154604126873,2,1,55,0.2556736286724868,0.4603867307776362,9.9078758042513,144.0,0.2607910486733502,0.14902046029558155,0.6300609619793366,3.980478679513181,83.19527750831084,0.18580561917493152,0.30656936152239345,0.6941393443350659,3.2742687249504745,65.83463917126932,0.06620986901688812,0.5984793255227818,0.03014341068777585,0.07291373767384468,0.06564534191033508,0.0,0.056301504104970944,0.5313589171171952,0.3227934596567139,0.17995732007667659,0.02242725653062657,0.943363646712288,0.4243664839474652,0.13696349460751725,0.031601949788652425,0.0775608063799576,0.0485578058800448,0.0,0.06131592488772675,0.6156632162545514,0.2915753685477047,0.11030646660443708,0.03772758082019112,0.9253004599021407,0.4608553472048027,0.1257749843602499,0.02156020833872612,0.06153276852507241,0.015617011734333205,0.03290059391088492,0.03205861953075151,0.5093290477460338,0.2055412944786862,0.02488034766736377,0.013363352470373548,0.9781865316200211,0.3185459784463325,0.12057469351753283,135,135,0.5925925925925926,5.214814814814815,0.13333333333333333,87.04529383573049,0.25925925925925924,0.02962962962962963,4.913385826771654,0.5333333333333333,10.733333333333333,0.6,0.06666666666666667,132.87423034469595,0.5942028985507246,3.63768115942029,0.0,0.028985507246376812,81.33075540147244,0.6388888888888888,3.638888888888889,0.0,0.0,65.35108042969277
Level_027,0.12986951286334392,148,10,1.840240915860301,0.04145882945794153,4,3,265,0.1588050002072649,0.5280635708490773,6.6057240155169605,139.7979087520076,0.14182125561608866,0.19029166505393053,0.6827964237529613,3.292345737647674,103.31160085522315,0.0818633432545964,0.3146700183682371,0.8185633089822735,3.0909335027542544,66.79712459488977,0.09927089917837108,0.6280825008944552,0.0,0.02775310041645341,0.00018416139003874302,0.0,0.03323741026977959,0.14446724645693948,0.08954153915446791,0.10015110837084425,0.026911518055745126,0.9485071854019983,0.30900204621076366,0.22848724423761171,0.04219740203537129,0.054859560124816895,0.030923779435923712,0.03230219940803088,0.02658380166585973,0.525241166037512,0.27420113386078265,0.04036732095571019,0.01374919923098863,0.9587545361137895,0.3047133332551669,0.10424794498290227,0.0,0.06384385684542122,0.026490034929367596,0.0,0.0033360702690225924,0.291495479757941,0.10391434053752598,0.06091267091273829,0.014796904352102454,0.9767749517179711,0.35807082908473276,0.21827296920368192,128,128,0.7421875,3.84375,0.0234375,102.76055031814963,0.2578125,0.0,3.3361344537815127,0.6086956521739131,6.130434782608695,0.13043478260869565,0.0,140.19994787149184,0.7439024390243902,3.475609756097561,0.0,0.0,104.63061925209023,0.8695652173913043,2.869565217391304,0.0,0.0,70.84926178229124
Level_028,0.25569377536544463,51,12,1.2738190407158194,0.2692834225551365,2,1,196,0.284932581100518,0.43412591643158427,9.667185946730266,51.0,0.30395357998557004,0.09779198923894963,0.5923021305105246,4.2059596479899,27.69963926589434,0.20939003951236418,0.31424561515471816,0.7337276561517387,2.383626411771891,22.2076309746946,0.1235128273723573,0.551453554039139,0.02937060658277709,0.03543162066151748,0.03791786567504507,0.02811451406631272,0.008724704615988753,0.3295767477000564,0.2041070358524623,0.20982746595732923,0.019987448466582673,0.9344342532390313,0.48451965142752074,0.11470215597090104,0.0466355732746524,0.0449780449053295,0.022953016135090067,0.04458831791908623,0.017941824971733484,0.4977799496691297,0.27212276511652733,0.17156540576458823,0.04233521874592079,0.952463583777748,0.43835104729454316,0.1,0.016660643400513403,0.06538062838724892,0.007310355731414867,0.015970874485830504,0.035141796151298844,0.4371167350402506,0.19230548966705005,0.09477571588637132,0.01167510985630498,0.9819957149273489,0.4156917978915302,0.14923106824769494,127,127,0.6299212598425197,4.826771653543307,0.10236220472440945,28.33815585070073,0.25984251968503935,0.023622047244094488,4.594827586206897,0.45454545454545453,10.363636363636363,0.5454545454545454,0.0,49.16831352759679,0.6056338028169014,4.211267605633803,0.014084507042253521,0.04225352112676056,28.404813661005498,0.7941176470588235,2.5294117647058822,0.0,0.0,20.517123902105705
Level_029,0.286965827544817,67,7,2.5344875492673715,0.1075317415511794,3,1,129,0.23323584917361467,0.45509966911968,8.359540601570119,67.0,0.25356646447616465,0.1205241462108592,0.65574901175631,4.347826351786372,41.90655622310493,0.14197717481999092,0.30473389768486897,0.7055268386356047,1.6264960623363671,34.9431530225867,0.07067358506864682,0.5924013125383826,0.008066441742991233,0.012904774885055682,0.06057738012188035,0.023077540709622608,0.0,0.24708019631656022,0.16773259903685067,0.19677410746921342,0.019053144821728464,0.9252871708676986,0.3883649330552328,0.24418466697995192,0.02427240384685985,0.0,0.06189595758229865,0.01310216204127907,0.02529904980461348,0.35013757389311184,0.15329999007825482,0.11497100245210029,0.015324533018528347,0.9265508172498098,0.45238889431744395,0.1762726697005092,0.05204997778329416,0.032742479182076026,0.041458583228052744,0.043884440613396684,0.02474023658439912,0.6064419104553193,0.31774044637737975,0.06147576886293833,0.0035159252379078753,0.9625800457554009,0.40132381132803385,0.1,145,145,0.6275862068965518,4.393103448275862,0.04827586206896552,43.670331771525404,0.21379310344827587,0.0,4.136363636363637,0.5,7.857142857142857,0.25,0.0,64.59148928446278,0.6419753086419753,4.308641975308642,0.0,0.0,41.23956842083259,0.6944444444444444,1.8888888888888888,0.0,0.0,37.010471333721526
Level_030,0.06858016508799909,138,3,2.2118279313846982,0.0506999763782142,4,2,217,0.10414549064485078,0.6448189001397877,5.3391890050390405,122.39113233445326,0.1453028754505673,0.1749283337870718,0.6707512537564417,3.938425425954482,84.00290748817349,0.08807050464057704,0.35871879620095665,0.7285527199282148,2.753706022466103,57.376142919899884,0.023107587610168973,0.6176783300013654,0.0,0.018799229510936055,0.0,0.025528922541988748,0.0,0.10468329212498594,0.04346712788603167,0.14592247284722412,0.0003898163358197638,0.9734646108672742,0.3426006774051827,0.2415606292033093,0.0,0.025357548328980982,0.008675249056137506,0.0,0.0,0.09565868129699866,0.050347376617625464,0.06086896286085305,0.013230289010379353,0.960923748010126,0.7240454046374447,0.2623411367579702,0.018185263654840748,0.005378396148729535,0.00570024185959795,0.012151518339171986,0.0,0.1288823808566536,0.059608228014769726,0.03533395243143196,0.0,1.0,0.40976481644219426,0.14001332232207195,142,142,0.6549295774647887,4.035211267605634,0.014084507042253521,85.08285037808598,0.23943661971830985,0.0,3.5294117647058822,0.6451612903225806,5.645161290322581,0.06451612903225806,0.0,112.62031643889343,0.65,3.6,0.0,0.0,85.96262737583218,0.6774193548387096,3.5483870967741935,0.0,0.0,56.67819680194541
Level_031,0.29301794076057536,80,8,0.9065423483622282,0.7919681859119563,3,2,141,0.2503360247382786,0.4319610359918541,8.844494196603856,75.81677207849539,0.2195889678258963,0.09519880210622524,0.5993791545751238,3.7239423054023124,53.14187224527672,0.16474359936180138,0.3140298785698197,0.7277049186996403,2.2584915464918667,37.93706190708511,0.09901823526000314,0.5324548250348209,0.009971751695511713,0.018770803997427747,0.0,0.0,0.022675531624410734,0.12142655188341098,0.06414675618223036,0.14256244177797073,0.010117026967808706,0.9438179659981206,0.4355451310581393,0.18521743262037677,0.03814833587284586,0.0196855401165704,0.02642146570093227,0.026792846297671785,0.015487110108561894,0.35566279246661275,0.10491347551888876,0.10696232863794315,0.013307364903770253,0.9625057429430947,0.39000819854207,0.10695911286125234,0.03925035417783919,0.001960507489252236,0.0,0.0,0.0669399918569117,0.33655917272033226,0.1066731009660479,0.10546493483738745,0.0,0.9554847272953558,0.3883119680585185,0.19830594830960638,126,126,0.626984126984127,4.325396825396825,0.07936507936507936,53.853410287423216,0.19047619047619047,0.007936507936507936,4.123893805309734,0.5,9.0,0.35714285714285715,0.03571428571428571,72.81507194760387,0.6623376623376623,3.2467532467532467,0.0,0.0,53.06439765483252,0.6666666666666666,2.0476190476190474,0.0,0.0,37.76600893168017
Level_032,0.11820964947491662,37,4,2.777317961234606,0.2578830759797784,1,1,146,0.24064126862260307,0.5677481965849328,9.038697831121956,27.431050403571145,0.3057790796962297,0.10759267584349703,0.5360898448391682,3.2402286591912857,27.88135691172302,0.11899406152383563,0.30840781517622884,0.6430341191346052,2.9728518442756315,11.114800063130565,0.10052640056216464,0.5519208394550345,0.04557939969410191,0.020371923033146368,0.0037711776154538065,0.05926742423340581,0.0,0.3046165772816073,0.14677953648653458,0.18664929619577922,0.030598427917938827,0.8913391429913136,0.4079173140122163,0.1939273869257244,0.0,0.031855263224762245,0.024162534396813505,0.03794011374954523,0.0,0.26409494927712995,0.1277389419321669,0.04277968560445739,0.021062345319660447,0.9516160645890612,0.3698416551158923,0.14311896116090345,0.0,0.04315420995571383,0.0,0.01789031755492812,0.0,0.18996702299279977,0.13456403735516154,0.08049163350272949,0.000591496693733911,0.9871385686011709,0.3902755262306027,0.22597728801239636,141,141,0.5390070921985816,4.127659574468085,0.06382978723404255,22.375174637010723,0.14893617021276595,0.0070921985815602835,3.9224806201550386,0.42857142857142855,8.035714285714286,0.32142857142857145,0.03571428571428571,27.148196359407994,0.4878048780487805,3.158536585365854,0.0,0.0,27.753167514646588,0.7741935483870968,3.161290322580645,0.0,0.0,11.02534231308565
Level_033,0.07602063719411181,56,12,2.5563431073079226,0.6478995566837079,1,1,108,0.31391916955488935,0.37553425986400274,11.063658003132721,56.0,0.33429246616191083,0.07657173906522512,0.584521778964097,4.467212332263487,41.06667267091202,0.16904500676340975,0.2934950648563092,0.6825542621681108,1.7683540980758166,24.73124744185639,0.11892966900869635,0.572356774214875,0.006889356094344055,0.06369527070905415,0.04811087033400675,0.029278156215758775,0.030764207362241284,0.4220989782007219,0.27410152998466486,0.2322390853463125,0.05441977310226074,0.8868412635050775,0.473224499517618,0.15054461010500608,0.01668645597622712,0.023381757556741163,0.053027964005413146,0.036384159499962695,0.0821047980674466,0.5947191110160563,0.3180762024846135,0.09691445636069804,0.03210710326032337,0.9445670982267577,0.47737205037426855,0.1378246837295667,0.0,0.050566681114876555,0.05803269199278985,0.04016596726429979,0.06260414046003734,0.6577695440134158,0.333167077786298,0.06213015230675409,0.020882299672782476,0.9673491602564257,0.3704084487603011,0.1,132,132,0.5454545454545454,5.25,0.12121212121212122,37.52921545249309,0.15151515151515152,0.06818181818181818,5.175,0.08333333333333333,10.708333333333334,0.625,0.2916666666666667,55.293034870807205,0.611764705882353,4.623529411764705,0.011764705882352941,0.023529411764705882,40.58313623205285,0.782608695652174,1.8695652173913044,0.0,0.0,26.73301993173
Level_034,0.42955421490133333,56,8,2.87449978322981,0.2037125238110111,0,1,108,0.31348212747234017,0.32391358146454574,10.702485097400489,56.0,0.32575426557170484,0.08147341993120358,0.597248201380882,5.79771168860588,33.844512652076496,0.21898810101083893,0.2803496323151004,0.6842065505957784,3.198655775083271,23.97538664535272,0.12219282609332899,0.5357939540411446,0.019243052166476225,0.02876561004419568,0.07442446561363002,0.023855531773193415,0.0006091075371763097,0.34690690130973684,0.22620046889866124,0.27962217265327977,0.031012109423339946,0.9228729366801117,0.4397490592490273,0.21392063604789177,0.05050667392892677,0.059649563762298206,0.056586535339654055,0.03861932664099951,0.010485197202672793,0.606699106949403,0.2783700933096104,0.1915200524503817,0.029500716591611766,0.9491872839030491,0.35424410472585244,0.1,0.0,0.05188728212397236,0.04884246557109826,0.049148437603073594,0.028359834533316253,0.5546663622813924,0.28565013317705507,0.08039607576289465,0.014000729712039806,0.96931118845163,0.46642052613333096,0.1,133,133,0.5639097744360902,6.203007518796992,0.14285714285714285,33.65989237734886,0.21052631578947367,0.045112781954887216,5.769230769230769,0.36363636363636365,9.818181818181818,0.5,0.09090909090909091,53.15285001458753,0.620253164556962,6.0,0.08860759493670886,0.02531645569620253,33.67206493794651,0.5625,4.21875,0.03125,0.0625,24.96321923472696
Level_035,0.43625281322982373,50,3,2.3142987709709,0.5452021777791435,4,2,97,0.24799749032759238,0.5063306336629098,10.214299766097325,50.0,0.23747415829599475,0.12232952834344964,0.589842559139337,3.5821426386358737,31.396368844016276,0.1387552342333592,0.28855225637615434,0.7414116247275274,1.989608012145831,23.063970123643003,0.14027781775522466,0.5625999909481294,0.04890777909086823,0.05527875630288613,0.06830982684652154,0.006624307280285822,0.03310849520485574,0.5011904764689318,0.2741902967861804,0.1501584194478017,0.03088533783324948,0.9220622458690708,0.36857712739901505,0.13602374008927975,0.053661078998782044,0.0,0.04276884424541981,0.06086554227701678,0.028934513365091,0.5234513635961654,0.27182861377502976,0.0715195525433021,0.041583168692310615,0.9668043514007235,0.35069278311205476,0.11605564691387486,0.01626926442714937,0.0,0.027200889466318337,0.013281781721630071,0.0,0.17660872640876302,0.10026350795285242,0.10435111987893496,0.013911702768569156,0.9422646827250608,0.4084144493349421,0.1531506363246816,133,133,0.6390977443609023,4.819548872180451,0.11278195488721804,31.593741023454722,0.2631578947368421,0.03759398496240601,4.87719298245614,0.42857142857142855,9.485714285714286,0.42857142857142855,0.14285714285714285,45.65028399792782,0.676923076923077,3.4923076923076923,0.0,0.0,31.65726538834997,0.7878787878787878,2.484848484848485,0.0,0.0,23.376694228359028
Level_036,0.3733589392465845,59,9,2.0335379898394748,0.6081822879117493,3,2,218,0.31743481491139974,0.3104208173710593,11.459082180607318,59.0,0.2931838999483386,0.09993259090839275,0.6406232269809518,5.359036922013232,40.18405748680056,0.17835143504957995,0.2802561445395622,0.7951373352354241,3.1272256153206217,24.34825160426401,0.1464228279351505,0.5336959767766092,0.011138264733156381,0.060293602683070185,0.04451627930306174,0.0,0.052948852649644856,0.39885925997686633,0.28302548140657696,0.23801106607271835,0.044315056716651105,0.9039718607506585,0.44504910222486493,0.15078706114385956,0.09074833851079839,0.06223050461804045,0.03564384511799906,0.05343887354826385,0.04226779407341683,0.7991870585490174,0.41735182090715695,0.12863560095912757,0.046108019312472284,0.9518309374110341,0.40709603768997377,0.11340890550686078,0.05468920146028999,0.024026028946554354,0.056951660476541946,0.0,0.05012414292950264,0.5781709029697419,0.3177079009104613,0.1438605003847218,0.017130011941618263,0.9702137988116706,0.40597253959985174,0.1,141,141,0.5815602836879432,5.836879432624113,0.1347517730496454,39.81603534094965,0.18439716312056736,0.028368794326241134,5.408759124087592,0.35714285714285715,10.607142857142858,0.6071428571428571,0.0,58.15028586457015,0.6022727272727273,5.1022727272727275,0.022727272727272728,0.045454545454545456,41.39176012909193,0.76,3.08,0.0,0.0,25.7709869721209
Level_037,0.17184550766934828,126,4,1.5456075907265472,0.47651099248627543,2,0,62,0.16115626029841718,0.5928822283473747,5.628729003265612,126.0,0.198743878641148,0.18876972795913688,0.6178445216260702,4.128100489425558,78.01156835265036,0.06804007879856971,0.31266297173422,0.7471004812246507,2.3939115586344184,53.79774709474026,0.06373532144538091,0.6402868943387601,0.01248546570961765,0.0,0.049177933525448296,0.023715443392667065,0.05020819224132536,0.3201960046205396,0.15512016978920995,0.17267473133033243,0.012927680837855036,0.9212743848206685,0.30727619375333376,0.15631636607884097,0.016156513153097882,0.011029212043289827,0.013976170700589102,0.01106474353872926,0.057280914176503966,0.307801561301715,0.14393399795050327,0.06777693462290277,0.01063408449121684,0.9728055307750283,0.4263451919949668,0.18549425053112853,0.01864712412448996,0.03944549867100586,0.04007446814667136,0.017716495428169436,0.009828260117837514,0.3912079625503379,0.24484370833333038,0.016658615443280695,0.007232184558722533,1.0,0.2692287694460937,0.10217657970553824,123,123,0.7235772357723578,4.382113821138211,0.016260162601626018,82.27450276527193,0.3170731707317073,0.0,3.9130434782608696,0.8148148148148148,6.0,0.037037037037037035,0.0,119.75963350832144,0.676056338028169,4.366197183098592,0.014084507042253521,0.0,77.19713610231949,0.76,2.68,0.0,0.0,51.697698737620826
Level_038,0.08906884560255356,57,8,2.8318212083850334,0.37726095084012673,1,0,156,0.28194231266497516,0.32139437170829477,10.213165762135999,52.209858654370684,0.3066972366938253,0.08947821634145633,0.5153245214907777,3.978744380465804,45.129456008042595,0.1818733595667889,0.2893942690495404,0.6476777780153863,2.1996918406976183,29.285181670943434,0.12973854998241555,0.5864089199079179,0.0,0.041321394650718574,0.0256253188720889,0.03036544639192803,0.006624375424737386,0.2454516641796952,0.11529568920360163,0.20361630085151783,0.03375389040092729,0.9164628103037216,0.4182049103548162,0.16766530990267497,0.0,0.018513519967397123,0.06974829146521686,0.04772529866350962,0.05911063454675447,0.5483766957316584,0.2922173979455483,0.10221289833670638,0.013810235778727713,0.9528392144353425,0.4317653068680349,0.12695895549833303,0.003103417635632587,0.030646262576173162,0.047776453609150546,0.004492673249280436,0.011416151080805707,0.30321192890148585,0.11527084779064847,0.11486851509219542,0.019317410755770124,0.9409202010967113,0.4849975348187444,0.15704990196036062,153,153,0.45098039215686275,4.65359477124183,0.1111111111111111,41.750225280698636,0.1503267973856209,0.006535947712418301,4.5928571428571425,0.3448275862068966,9.96551724137931,0.5517241379310345,0.0,51.35060774974695,0.46464646464646464,3.757575757575758,0.010101010101010102,0.010101010101010102,43.27328179468979,0.52,2.04,0.0,0.0,28.976038793462127
Level_039,0.3236932106048628,140,7,2.665159723751021,0.32947273131781485,1,1,94,0.22825321245375535,0.42544886074250876,8.24279928628396,133.01343637857775,0.20781464245782413,0.15060738521025177,0.6400326815876821,4.1105172392226805,92.20685571202588,0.19882767504954757,0.3080341152056087,0.6960073387862105,2.344289553425623,59.03201081441945,0.05119543937752574,0.6197409863541272,0.0,0.013393812157570364,0.00648776912279915,0.0,0.03848725030433274,0.13784110468851213,0.08914052307885945,0.1568499113041824,0.01417210248245081,0.9789061056475157,0.3896397854492791,0.2772035730389663,0.021653718307169088,0.018488815194402514,0.0318201331651379,0.0,0.06317640700376373,0.3798461064698756,0.1546488507216168,0.14287358203030495,0.0024911595443964304,0.9378770438831405,0.34289899705598986,0.16588434522635956,0.021719198876647916,0.05569505097378902,0.03374344377170502,0.0,0.04581784894878117,0.48849876837328604,0.26633363032850577,0.039435094955196356,0.01023578575238935,0.9778461880337919,0.32991728675869925,0.1137797571153777,153,153,0.5882352941176471,4.7973856209150325,0.06535947712418301,88.95290636113447,0.20261437908496732,0.006535947712418301,4.410958904109589,0.3611111111111111,8.527777777777779,0.2777777777777778,0.0,125.47073660347324,0.6483516483516484,3.89010989010989,0.0,0.01098901098901099,90.0577596588863,0.6923076923076923,2.8076923076923075,0.0,0.0,58.95745426570318
Level_040,0.22606099749584052,90,2,0.6130466752654735,0.27909461323439627,2,3,138,0.12036410875888295,0.6473515149689643,5.892702999653942,85.98698762263045,0.09114087429768511,0.16979680183415888,0.7620818335614455,3.777111181635332,59.62428749214299,0.04019247782770158,0.3476920193509961,0.6573823558140468,2.6320330894996693,30.58607189230204,0.05526889065160213,0.6153401189551126,0.012100113864001744,0.02106080365455391,0.0038083004684626295,0.0,0.004118466710830632,0.09703075586884152,0.0882409352011619,0.09636654447095033,0.011369955852037811,0.951307079425609,0.689594157136373,0.21483873574056525,0.0,0.017738506097763448,0.0,0.016985849155852398,0.005217339387339785,0.11226728719608342,0.05828822437857379,0.046893045229604205,0.004098528904394495,0.9970983688502052,0.332630258234308,0.15660749486350206,0.0,0.0024475237774590755,0.014922115108672682,0.0,0.0,0.05405330705661024,0.03456508100023011,0.0554448341607111,0.000354811424197099,0.9880514822878812,0.6704360995315146,0.27104847840164376,150,150,0.7466666666666667,3.88,0.013333333333333334,59.20052938459834,0.30666666666666664,0.006666666666666667,3.4814814814814814,0.75,5.583333333333333,0.05555555555555555,0.0,83.67579614483608,0.7441860465116279,3.4767441860465116,0.0,0.011627906976744186,58.23120258118794,0.75,2.9285714285714284,0.0,0.0,30.686468093733932
Level_041,0.09881529393791154,77,0,0.5659174362431301,0.7436233153982608,3,3,230,0.14722513407581148,0.638169397997425,5.84382349216702,76.72978621208155,0.14892960382317255,0.16234289439884897,0.7737775340160349,2.9882372021127486,51.554946701627806,0.08906166414566963,0.3385391961408968,0.699013033111432,2.4062875483395647,41.94494647150921,0.10728023875928543,0.613689102811284,0.019133760069533132,0.0,0.013235793673901767,0.005921130022371254,0.026380736384803437,0.15272500328191047,0.1382759395822412,0.09666816785647103,0.016925503136804187,0.9558055079865034,0.352463178058378,0.17160992565682243,0.0,0.002117889062304685,0.040546162779224036,0.048822951002836026,0.033282500352793995,0.3506995327730774,0.2086701425931414,0.06259315134011374,0.010747467056112084,0.9633428602539396,0.3281738964255098,0.13882006216464732,0.008459606117660608,0.0,0.0,0.028916441212128642,0.0112424719954911,0.15129800745744662,0.0929134568008443,0.07305627279878114,0.0,0.9835440526121307,0.3768072791841247,0.1898674952803184,138,138,0.6666666666666666,3.4927536231884058,0.014492753623188406,49.96955561155892,0.3115942028985507,0.014492753623188406,3.305084745762712,0.4090909090909091,6.136363636363637,0.045454545454545456,0.09090909090909091,72.98948172888562,0.7407407407407407,2.962962962962963,0.012345679012345678,0.0,49.80557587765076,0.6571428571428571,3.057142857142857,0.0,0.0,41.38953165410454
Level_042,0.24807076404450806,176,2,1.441158417195124,0.6644955262301834,3,2,219,0.15060589234733437,0.6052504593905971,6.28008147886978,171.1187518673511,0.2127250094938029,0.17547625512662055,0.6641013675960523,3.103056958727494,116.23856395699018,0.1327301520708635,0.3021206621511135,0.7117632265380445,2.6536606318698444,82.83117215466912,0.04767674438326916,0.5760914587393171,0.01463564125906186,0.0027254675822398324,0.013815901667154382,0.03388245014694564,0.038515625265509154,0.24459808212586726,0.14075540080168145,0.14483589944361477,0.026705835560774112,0.9644269082601676,0.2661499046640518,0.15682380306931784,0.0030226268730003704,0.016708456021027496,0.042098878202845975,0.0,0.0,0.17379037274667125,0.08812756677189448,0.1502791675629398,0.0,0.9565295748911501,0.324752907327257,0.24085352952396927,0.026525841224874745,0.022861548406212226,0.018932857723990185,0.0030743686492571117,0.026533134222278945,0.3047454692099812,0.08264817365090874,0.016525068465761884,0.0,0.9745060509792298,0.3004144605080994,0.1,141,141,0.6382978723404256,3.50354609929078,0.0070921985815602835,117.64848525554963,0.19148936170212766,0.0,2.9925925925925925,0.7142857142857143,5.25,0.03571428571428571,0.0,165.94373554093443,0.6301369863013698,2.9315068493150687,0.0,0.0,115.96245347018258,0.6,3.325,0.0,0.0,80.63400427301589
Level_043,0.06375540844608736,33,3,2.526383326954582,0.7720215285332102,4,2,149,0.23556165126182882,0.4762093566771191,9.0366691958309,23.140727262737833,0.24661884282186697,0.10554312128624471,0.6772628032251933,3.593652753120309,22.104344002013796,0.13894774901972584,0.29480084134044926,0.6677928370354475,3.553568255286132,10.0,0.059373176595685834,0.6019806946843007,0.0021925331393649952,0.021877828142700582,0.0,0.023664475252301934,0.023010226086495045,0.1670682334760566,0.14261857895946428,0.16099957169633397,0.01939643004097814,0.9244215193285256,0.36678841511768345,0.1408027844576187,0.0,0.05130689425340115,0.013829347979072575,0.011903623707192335,0.07500335504010651,0.4273599332575866,0.20377377539507333,0.06389143913624418,0.015566780696318916,0.9385165194430419,0.4431691384325705,0.1750942355175982,0.0,0.0,0.050712321317628026,0.024343174665329,0.05917646144370935,0.417722052781794,0.18747920517005584,0.05657867920500672,0.0,0.9255274412184394,0.31954917159207435,0.14132635491865916,140,140,0.6857142857142857,5.014285714285714,0.06428571428571428,19.418537750480827,0.15714285714285714,0.02857142857142857,4.734375,0.6551724137931034,8.96551724137931,0.3103448275862069,0.10344827586206896,22.538680805496455,0.7162162162162162,3.972972972972973,0.0,0.0,22.408520862963524,0.6486486486486487,4.0,0.0,0.02702702702702703,10.345545125194166
Level_044,0.4137281608315128,64,1,2.968190323287361,0.0994377787884358,4,2,240,0.22489626548039263,0.48133485682200555,8.909890042920367,64.0,0.19779367812528081,0.1399119109537462,0.6294023774146703,3.291791758496708,34.506645238554896,0.1485089131757276,0.31189839183066526,0.7064144241355095,1.7576302312974166,31.416677117126298,0.06139998891514952,0.553352569449151,0.021891701576737768,0.021063374974742307,0.04271992713923536,0.0,0.013238991197977164,0.23359066738941955,0.13078034322735158,0.11816044007383922,0.0,0.9497093324874104,0.3946007512492128,0.18210412040100663,0.030960872929197983,0.0,0.05829648403439501,0.008698194557910072,0.0,0.2753314333297956,0.135321719092713,0.1251308098206869,0.025934509996200915,0.954747173847157,0.32137134972898174,0.21096580773284454,0.03390672924527051,0.017722047361680746,0.058106932097843705,0.049520459589026525,0.002757824554093615,0.5041781329068319,0.2114232317899244,0.05606861278271709,0.0010806233863242289,1.0,0.2837611270571238,0.115022658964853,114,114,0.5877192982456141,4.228070175438597,0.043859649122807015,38.60973941613727,0.18421052631578946,0.008771929824561403,4.068627450980392,0.4642857142857143,7.821428571428571,0.17857142857142858,0.0,58.90161408217768,0.6268656716417911,3.4328358208955225,0.0,0.014925373134328358,33.814315269375506,0.631578947368421,1.736842105263158,0.0,0.0,33.410859708259714
Level_045,0.15351199264000676,78,0,0.8760422277588205,0.5846939801629154,0,1,204,0.1865631365953066,0.4742136660779648,6.772870130416942,70.74988787953062,0.1941158956003528,0.15092601174836068,0.6514462825564792,3.1678663202294493,51.41778619656131,0.08006607611277758,0.3285718732018254,0.674925591913002,3.2563578153130477,31.345251651118488,0.03447373805403873,0.5963769233037967,0.0,0.0,0.0,0.010943005328882174,0.03059962988615799,0.09810514574723489,0.05735807243438451,0.12289557601892681,0.009563936317781645,0.9205173607569566,0.7079928195998699,0.30875924408810773,0.0,0.03234425149937248,0.000836316975681508,0.0,0.031606096997149453,0.1821010161042687,0.11529041883255245,0.05259021853101502,0.011569450470163563,0.9597601598935898,0.45506429742484134,0.17664703444875324,0.027240601074667928,0.0005042173508016423,0.0,0.02860436027106251,0.05059799663528192,0.3328133961186269,0.18061185553991047,0.04357275595262154,0.010669841286111524,1.0,0.4106751022834044,0.1515756923586762,124,124,0.6129032258064516,4.032258064516129,0.04838709677419355,49.026991802155806,0.24193548387096775,0.008064516129032258,3.8545454545454545,0.46153846153846156,7.538461538461538,0.19230769230769232,0.0,68.21313474504079,0.6301369863013698,3.0136986301369864,0.0136986301369863,0.0136986301369863,50.41490352968175,0.72,3.36,0.0,0.0,32.689344314332835
Level_046,0.3150089137415928,46,6,1.9853267883803378,0.7506723654568304,1,3,215,0.310371752220188,0.3450059240830108,10.77145584602094,46.0,0.32701978530537296,0.10792254661431001,0.6114041827091926,3.8710038843803756,26.913093639424012,0.19907226424834223,0.25529779629340565,0.716384244867139,2.7970701740900576,21.71678488217622,0.08819097355543656,0.5205719152259347,0.014934076388992686,0.02434715050519983,0.05447274124588636,0.029203707602967584,0.06809589963269042,0.4511831943434615,0.2996669123399517,0.20443504437851592,0.04248493573034922,0.9104602063525411,0.3727649438417773,0.15059361003356375,0.051751573903376286,0.03312429397248306,0.04634903457590678,0.018962940835366926,0.036300823799870555,0.5241784790273611,0.19549828305760983,0.15478898807057306,0.008049057834943474,0.9179973917222575,0.46556018539730637,0.1,0.021028954777619468,0.00017481066316139132,0.02585218487310677,0.06698417985235933,0.06886638759180924,0.5691944565943321,0.3082216834377881,0.06146758878123289,0.011372302453714369,0.9386837573236357,0.3968893886517591,0.1207770205328471,136,136,0.5955882352941176,4.529411764705882,0.10294117647058823,27.693641719874623,0.19852941176470587,0.029411764705882353,4.314516129032258,0.38461538461538464,9.153846153846153,0.5384615384615384,0.11538461538461539,43.994899130043386,0.6455696202531646,3.7341772151898733,0.0,0.0,26.976840674176373,0.6451612903225806,2.6774193548387095,0.0,0.03225806451612903,21.370855681320787
Level_047,0.17468443043576437,75,7,1.4522271415775538,0.14498645293252813,4,0,237,0.20677484693683776,0.49782201808727966,7.717642936200449,75.0,0.14241023540353764,0.14529565632564348,0.6775350087180427,3.6712405096243153,45.14837702489852,0.1184505802119662,0.3426042180425589,0.7069616721243329,2.0468676084868465,34.14353402719933,0.06332370193956072,0.5721793913571576,0.0016233284904854078,0.014624825919411949,0.02735090124975164,0.0,0.013278260781415996,0.13431881223418643,0.09760065613876254,0.10036883414766086,0.0016634993906328834,0.9535340440788478,0.4459953308179701,0.20212194297432512,0.0108402452080451,0.0061480511761685085,0.02590341890808455,0.010682637135172722,0.0,0.15058567906009002,0.10990578438640464,0.09174154918236126,0.005394113693181005,0.9696380488935179,0.43725302230491997,0.17088302185733645,0.02485011615209283,0.027409627450042454,0.002453671271345343,0.0,0.0,0.17026496829667712,0.011889762679834673,0.03233015089129551,0.0,0.9688515135825406,0.5290734433984016,0.16004223001730036,128,128,0.6484375,4.265625,0.0546875,47.16002421432054,0.234375,0.0078125,4.171171171171171,0.5294117647058824,7.705882352941177,0.20588235294117646,0.029411764705882353,71.3567419200413,0.65,3.533333333333333,0.0,0.0,45.11572966778865,0.7647058823529411,2.1176470588235294,0.0,0.0,33.474892237850206
Level_048,0.2580272084711243,146,6,2.9247859945365082,0.053197013893422,3,1,56,0.15857698141559393,0.638777186399894,6.240352448482249,137.9525893616881,0.1696342939333071,0.20789743245420256,0.6022476560890921,2.8836292357954307,94.69922316537728,0.12471808871975225,0.3192457104694724,0.7281753423060521,1.7154279425279304,61.89827028849114,0.014920702734254554,0.5864906254794352,0.03341759727711123,0.0027911134900851543,0.012122653226799916,0.003407117143085583,0.05121495826910345,0.24313003077056158,0.0905892238872725,0.10334454113214211,0.013547159703592807,0.9688243117336052,0.32012205015551254,0.20978557249778224,0.012089146329960629,0.0,0.02623209294702058,0.0,0.0,0.10771254485550161,0.03852105426664734,0.07263953816162665,0.0,0.9668393689012276,0.3402838169649747,0.24129775438416712,0.06856824164218397,0.059782160984615376,0.03291798804153128,0.003802001994362557,0.0,0.5136894715569331,0.220931073571259,0.0,0.01932991636735607,1.0,0.3137130392846939,0.13322254569296973,128,128,0.6796875,3.5703125,0.03125,95.99205807324368,0.28125,0.0,3.457943925233645,0.7241379310344828,7.0344827586206895,0.13793103448275862,0.0,135.16108839027714,0.6338028169014085,2.816901408450704,0.0,0.0,94.14875198641671,0.75,1.8928571428571428,0.0,0.0,60.77296937083948
Level_049,0.2686841117373119,35,13,2.6052973078392716,0.5928965194320472,2,0,182,0.38202177195707226,0.3014515223363755,13.88495415250423,35.0,0.4056554778073777,0.056658713754367006,0.5873106885184907,5.173067131551951,29.598152520497734,0.2648346447211859,0.26658043522770586,0.6116954667936717,2.8222920573084562,11.79200128066643,0.1379963879230341,0.5017004526703216,0.03766531993014919,0.11808046872965428,0.05607468125431603,0.041542273507306,0.04387004505012654,0.7019310614965875,0.4757065385163761,0.2886345527009794,0.1088693123033135,0.9020510776890818,0.5012815688091657,0.1679830003218993,0.024235059808521607,0.07898897610849166,0.05067670628932197,0.04647333079047162,0.0444673395216365,0.6881951660738336,0.3721162228594289,0.18996417915401692,0.04539763467389763,0.9362070812826158,0.44531167282887346,0.11461046158879988,0.028706098279042126,0.09263111309432151,0.07596691119640958,0.013826696612519278,0.045388002748118876,0.7982716703842977,0.394238075025394,0.11298493690891198,0.030401367079068875,0.9875570119922471,0.4067361576113828,0.11589440302542384,128,128,0.5625,6.203125,0.1953125,26.07919912497657,0.1640625,0.0546875,5.82258064516129,0.2692307692307692,12.461538461538462,0.8076923076923077,0.15384615384615385,32.731823746429576,0.6153846153846154,5.0,0.05128205128205128,0.038461538461538464,30.143032779729406,0.7083333333333334,3.3333333333333335,0.0,0.0,11.865529255664367
Level_050,0.12394178221021082,128,4,2.5958217617778447,0.4595784905439295,3,0,284,0.22215864935709767,0.4119338155997815,8.600659956964892,123.72397764976155,0.26081753225006804,0.12273882337934681,0.7023855806895495,2.999321371754968,82.02489316486782,0.210982098874817,0.31968042749459463,0.707788141982255,2.994005814419264,52.457079556517456,0.10704542898215456,0.5670207528608481,0.0,0.022910210843025622,0.017261346666776152,0.0235510021017426,0.014904895083166912,0.1856829221985912,0.16146646445534132,0.1514543596509751,0.02126935816755334,0.9735460131653519,0.4102231778364233,0.12615509669753994,0.01136423535759918,0.033243578862295696,0.024634796058229998,0.027672418281207173,0.014742380120223693,0.31384432935262707,0.20189477838210448,0.11052944018440614,0.01716193539116479,0.9280828589460529,0.31720586901660347,0.10558735147191657,0.01612656268052607,0.013660221563697249,0.06837982525347482,0.005039228168364887,0.03511205325179171,0.43043724041810283,0.18136309677785625,0.08340958993638792,0.0,0.9866591717589325,0.36059381122856904,0.15849309898980535,131,131,0.6335877862595419,4.32824427480916,0.0916030534351145,78.17785149289736,0.21374045801526717,0.0,3.934959349593496,0.4074074074074074,9.074074074074074,0.4444444444444444,0.0,122.90182877541423,0.704225352112676,3.1549295774647885,0.0,0.0,79.76983460091712,0.6666666666666666,2.9696969696969697,0.0,0.0,52.1977194243213
Level_051,0.43783385110582346,153,11,1.6717328994874256,0.6734630214066177,1,1,94,0.27986733088701504,0.4383833017722695,9.429737152378511,153.0,0.35772540020633664,0.0978124793389209,0.5588213667592623,4.404378763203349,101.05171135562321,0.1853093937286163,0.27512852144831795,0.715314614334225,2.6079070339400694,62.91620986549771,0.0735195537149178,0.5437543584133592,0.04324229677218677,0.026091331575918517,0.029937313023573657,0.04327613684386474,0.034657264034548406,0.41847749266503464,0.23759659534318608,0.2570253847887248,0.04558549870439177,0.9042750434023705,0.37963556686261585,0.10316676722968313,0.05326258267764357,0.04875802825506874,0.012867056659412245,0.0,0.03615469866454215,0.42454675155233995,0.16324568246645632,0.14178152562145926,0.010349023397296563,0.9525682388181502,0.38571381200146587,0.12516270535105367,0.02199947571106304,0.07281587870175737,0.021291585361675632,0.0013246978696242915,0.0,0.36544043369872486,0.18755861539148472,0.032148034943163276,0.0024761235770766965,0.9744218852063274,0.4241036651117305,0.19871136480976925,126,126,0.5396825396825397,5.158730158730159,0.0873015873015873,94.84743324203374,0.21428571428571427,0.015873015873015872,4.890756302521009,0.15,10.65,0.55,0.0,146.36460714286133,0.6125,4.475,0.0,0.025,101.82017970323068,0.6153846153846154,3.0384615384615383,0.0,0.0,63.833927098212854
Level_052,0.36005312934444583,66,0,1.537048755844163,0.1118179013010316,3,0,107,0.16223038627993663,0.5617348645012699,7.1311660983895635,66.0,0.2090057680687643,0.1462205253270425,0.698117386961918,3.7146075710439552,50.03837171218184,0.10711212126542698,0.3706140633402156,0.6836398153884835,3.144930392195522,24.370353694230147,0.10398145677003026,0.6184411903902983,0.009821821868128501,0.018357238941095522,0.03572658063613774,0.03794318728754913,0.0,0.2405214338307048,0.16593844260108725,0.1629746168803135,0.03436319527033978,0.943814195911014,0.45365769914245024,0.1571007040068565,0.00018086316223682453,0.03022309860494695,0.0,0.04579756516942936,0.02120174356587569,0.2737790932918484,0.13638651192647702,0.08094165420560939,0.0,0.9788823150658452,0.3895748968941322,0.16667048653802363,0.02114849072849584,0.004213369304062216,0.0066722842599286954,0.0279441594418554,0.05551525950462399,0.35940925874988944,0.17892802669882146,0.06201554627308869,0.010411462264849342,0.970465311345241,0.3413819875727091,0.15403394379263022,131,131,0.6641221374045801,4.061068702290076,0.015267175572519083,46.01769758747308,0.24427480916030533,0.0,3.6178861788617884,0.4,7.05,0.1,0.0,64.42022035183163,0.7349397590361446,3.566265060240964,0.0,0.0,50.134147445009646,0.6428571428571429,3.392857142857143,0.0,0.0,23.888607397217612
Level_053,0.42579957662567564,53,6,1.1835176798267657,0.6362138494879122,0,3,298,0.31810816671459247,0.33670787492000226,12.22259329988658,50.96519992655675,0.33549015933511495,0.08223121299025488,0.5861203842781926,3.5479975124310115,36.03851780790005,0.19669642907607554,0.24888399667903346,0.6239455005246706,2.0378717550892422,23.19870435214525,0.12984270267308112,0.5173261441195793,0.02709665680635382,0.07425394061171192,0.005384588366889157,0.02828867383286442,0.037848462778627995,0.4082471970441186,0.26962523033986563,0.19496839868315136,0.047635837538629974,0.9032406382310123,0.367561425098013,0.18144031565280833,0.027472767030967862,0.0027873028704280683,0.023755543492612927,0.04388228941451293,0.028498949463507946,0.35527365181332177,0.1782606706019636,0.15046070372611492,0.016255071860874496,0.9498865474338092,0.4920464197749068,0.12317017885315336,0.049840529312119075,0.036001501276715135,0.048092549671174975,0.034577725266798996,0.061216727222642556,0.7149034029106147,0.33452433221265965,0.08155471563212797,0.03876369263517346,0.9584286730955531,0.4578598773859626,0.1,143,143,0.6013986013986014,4.678321678321678,0.11888111888111888,34.33207260666172,0.13986013986013987,0.02097902097902098,4.51937984496124,0.4,11.24,0.68,0.04,51.05518182173718,0.6091954022988506,3.67816091954023,0.0,0.011494252873563218,36.164099383634614,0.7419354838709677,2.193548387096774,0.0,0.03225806451612903,22.839528635778294
Level_054,0.4079309401710595,122,12,0.6409387416273178,0.16130185603819563,1,0,292,0.2765134219336071,0.45729069483167384,10.479819181963459,122.0,0.2654387184260456,0.1353971840709304,0.6056486218409901,4.399135660392643,92.28065031656399,0.15531306437584363,0.30777771469875714,0.6603826586910436,2.6575877387176297,50.21153864762429,0.13046224946482027,0.5604721264335012,0.046073039830605324,0.07595198959774435,0.021896141290169535,0.0,0.034930862666491924,0.4223686030411799,0.2544040365783692,0.19328823429518335,0.05978117185769152,0.9133050586159726,0.4565630774539429,0.17939920214243357,0.027764993478254674,0.05506090542980033,0.0,0.033976427105938824,0.015561360584618223,0.37204510602966284,0.17534021829402868,0.12988151156483355,0.008010236937314376,0.936893007031204,0.35524752793332026,0.14759851969595905,0.03773636085919073,0.03347018094353936,0.017746749750418747,0.02583295815905599,0.014128068122694709,0.40117386732126287,0.17669884983790674,0.06166388598572582,0.0004451401312612086,0.9834261208259306,0.36167594927401014,0.1,142,142,0.5985915492957746,4.753521126760563,0.1056338028169014,84.9963235655855,0.23943661971830985,0.014084507042253521,4.46969696969697,0.391304347826087,10.695652173913043,0.6521739130434783,0.043478260869565216,111.75383918889679,0.6395348837209303,4.162790697674419,0.0,0.011627906976744186,94.03755692389831,0.6363636363636364,2.1515151515151514,0.0,0.0,49.849396169537556
Level_055,0.28915999152443406,75,6,2.661805940637633,0.13092475429256362,2,3,80,0.2054524532326155,0.5741891642607666,7.15734567012232,72.33745382846664,0.2990894435887205,0.16845132588897313,0.6183954023832674,4.25745412209757,50.60115634679803,0.13342598724342003,0.3378306650678134,0.6402528498716623,1.8668891655517177,36.075175738392026,0.05422784654817746,0.6088448684197317,0.0384425793405442,0.0,0.025853151668094605,0.06944428572285107,0.03513478794936825,0.3988068460388207,0.2374194551920609,0.2339159903615702,0.04115992283158077,0.9170428437926177,0.4322100971951951,0.17369458880178384,0.0,0.0,0.05009934534979582,0.0048203985808111145,0.03108388603568232,0.24173722001846615,0.16937140412525406,0.10075058787458824,0.0,0.9629594734723977,0.3639056844437829,0.20639333904369725,0.0,0.02522220583905352,0.061811334259302894,0.03204589232063174,0.030356057317954075,0.46503456202276483,0.18187170559387558,0.021605844651621544,0.014691662664759462,0.9662147979056446,0.31310139536986714,0.13263251118333053,133,133,0.5939849624060151,4.315789473684211,0.03759398496240601,49.02176509504071,0.23308270676691728,0.0,3.96,0.5909090909090909,6.818181818181818,0.18181818181818182,0.0,67.32721546890453,0.5921052631578947,4.407894736842105,0.013157894736842105,0.0,50.208053890276894,0.6,2.5428571428571427,0.0,0.0,35.14777220714276
Level_056,0.4187496940092467,124,8,2.532252522825194,0.13141263834479436,0,3,72,0.22536112472948283,0.5423264875710081,8.24828335577598,121.21679865938583,0.24516656772827608,0.12066284645543955,0.5973979880559853,3.19806848849026,70.62624650818294,0.12635463253351883,0.296443145926674,0.6576246008856579,2.7226826406632427,61.62885610434369,0.1067657617146123,0.5662582894846057,0.046936572988939156,0.020363468506606017,0.022187295130950198,0.011701221167665631,0.0,0.23896216884081142,0.11662607108052785,0.14742377703596912,0.0,0.9205420014787367,0.3566134394379609,0.1955998864974271,0.011925813412185227,0.0373207876164304,0.06778967488291562,0.02760735702870818,0.0,0.4065613246097915,0.1824088147039291,0.0914100311694287,0.032053819621411475,0.9693764161610375,0.382579488880167,0.16632999941252768,0.032438206033124195,0.050757018292269945,0.04381931183639381,0.0536154260350387,0.0542769060515154,0.731016526156582,0.3108760109779063,0.05205942606410152,0.0305903213251516,0.9518542783879322,0.30023371292133777,0.1,144,144,0.625,3.951388888888889,0.0625,77.56002854446095,0.2638888888888889,0.006944444444444444,3.7421875,0.5357142857142857,7.857142857142857,0.2857142857142857,0.0,115.35278616390244,0.6708860759493671,3.0253164556962027,0.0,0.0,72.6160852869049,0.5945945945945946,2.972972972972973,0.02702702702702703,0.02702702702702703,63.70264801531773
Level_057,0.0853970008207678,128,2,2.9992941832153264,0.6516597761851057,1,3,219,0.20464402743838164,0.48176968679705284,8.527203564818704,127.39534385911404,0.22143342839084057,0.12371749978478498,0.6452392758716415,4.473438412925905,85.28170649770298,0.1278402457511174,0.34599169502593397,0.6840991439754953,2.934589360900766,52.84003311786552,0.040913832865958,0.570450677876362,0.0,0.03215969056501184,0.03877856887595523,0.009146493693922127,0.016692458817444033,0.22854454067365823,0.13771818424999768,0.18845484761034245,0.02278112105616455,0.93693919100814,0.4514808759785691,0.16893701223365812,0.0,0.024559215383225395,0.029318111247645526,0.0,0.018981192464576573,0.20478921491685181,0.08485963376257848,0.07186680529255635,0.016311934759445645,0.9617914956128236,0.31206815086572837,0.1424667043872604,0.03448671462808895,0.0,0.01777684370078097,0.0025619747499407153,0.05075450317129668,0.32855893872564185,0.16144238878809014,0.020390102768411862,0.0,1.0,0.2706789025784928,0.15400736319748212,152,152,0.6578947368421053,5.125,0.05921052631578947,82.83764083107008,0.2236842105263158,0.006578947368421052,4.6506849315068495,0.5862068965517241,8.275862068965518,0.27586206896551724,0.0,121.75041739927364,0.6703296703296703,4.758241758241758,0.01098901098901099,0.01098901098901099,83.28877407883867,0.6875,3.3125,0.0,0.0,51.517807659554336
Level_058,0.12839314496765808,145,8,2.9915920926847637,0.5321577765569602,2,2,187,0.23352231309193858,0.4692842585333223,8.37160788423844,141.78010579149205,0.2514803455259935,0.13824160811317487,0.6834947161440144,4.077688009418531,95.00072429611348,0.17964131392340194,0.3015901444712455,0.738634418144264,2.350072654580126,64.65689409879072,0.11077545773819314,0.5686472489262863,0.00281055174237454,0.016982919099882858,0.025868720572365795,0.006328565722981476,0.040495989855589165,0.2184123791494566,0.1657440521617217,0.18441662205551634,0.024652269602081812,0.9509078470543612,0.38090659950682776,0.1845656567444839,0.026482582873653383,0.022721072538637407,0.05136165703146082,0.02461601748191172,0.02645718622425607,0.4262223973124748,0.22011142552672813,0.11150450447340034,0.016007545596337276,0.9043780526555577,0.4229763873246954,0.12022229488566438,0.017967514549689378,0.05962622483719743,0.019910999925197147,0.0,0.050043940657293486,0.4591629196476881,0.20752991920395705,0.06276887045014393,0.008719474708491956,0.9658801335683108,0.36750547426302255,0.12957633544842925,126,126,0.6111111111111112,4.992063492063492,0.09523809523809523,93.24403011461594,0.19047619047619047,0.007936507936507936,4.8,0.5172413793103449,8.482758620689655,0.3103448275862069,0.0,130.98901512815684,0.582089552238806,4.686567164179104,0.04477611940298507,0.014925373134328358,96.11072113129934,0.7666666666666667,2.3,0.0,0.0,63.766824686191235
Level_059,0.06809091556421523,96,13,1.8885792640065686,0.4184523398152955,0,0,209,0.2942964175260589,0.4192630079099987,10.69764653882361,96.0,0.32378267375117925,0.09345919432617923,0.6064576945851775,4.001865412329267,69.13420586526402,0.1463815735572461,0.28805530557517356,0.6806946785633697,1.4042044737489743,44.954311231351795,0.11110189050318713,0.5725426038234573,0.01263694238305665,0.07264061236023733,0.025980488000465297,0.024562444442181218,0.019742795242640193,0.36737097722796497,0.24606020177408428,0.21254763451065728,0.052732542557911294,0.8827343465690535,0.4321532484744164,0.19719417883261733,0.011262900335023873,0.011679946664770083,0.047047176313467616,0.024037536022694744,0.05438176029547383,0.4171458386883925,0.1755342730789229,0.12620179389361888,0.013035682050666022,0.9592953204122958,0.3815190504232931,0.1300545294580817,0.025251417536422193,0.06193010331441025,0.0060232291262303575,0.025522421533152297,0.03340105661754727,0.47341420744984014,0.21957352456544504,0.04523122493489601,0.0018344243680967695,0.99423877995812,0.40266955139076244,0.1305401531866183,132,132,0.5303030303030303,4.613636363636363,0.09848484848484848,66.71612385678903,0.20454545454545456,0.022727272727272728,4.646551724137931,0.375,10.166666666666666,0.5416666666666666,0.08333333333333333,95.20126841805902,0.5375,4.0,0.0,0.0125,68.44747283392542,0.6428571428571429,1.6071428571428572,0.0,0.0,48.33755124188376
Level_060,0.18013213230530573,157,0,2.4224685379512763,0.287064387298802,0,1,156,0.14441707995542938,0.6538141984162883,6.546528929431035,146.32992257181496,0.15163963399414548,0.1771140265951607,0.6731564734291228,3.1274521008145824,101.64713343589023,0.12084660480712899,0.3474396047932527,0.7446918095884341,2.4460750652912777,70.01412656000333,0.06858768538349808,0.6127819873035621,0.02731514950855038,0.015492681068586736,0.0,0.0,0.023022886498332076,0.15546274471764143,0.07713081214822229,0.10503236224274771,0.012579857574613393,0.9773056810243372,0.37078292392073275,0.17457925564225737,0.011676045193454082,0.003978962935929891,0.032763100920706924,0.013833018432174736,0.014246402762289015,0.21501767200809524,0.09554570552538998,0.11331933147910986,0.0,1.0,0.34799731442332055,0.1516686140357958,0.003064007565850641,0.0,0.0365640921974909,0.0,0.007533735075882894,0.14676488996861692,0.04904065677232442,0.08846318437983827,0.0,0.9659934502453397,0.32619498060801255,0.24744776790519432,116,116,0.6379310344827587,3.7413793103448274,0.04310344827586207,101.95106460720469,0.25862068965517243,0.0,3.75,0.7058823529411765,7.588235294117647,0.29411764705882354,0.0,148.37412445845786,0.6323529411764706,3.2941176470588234,0.0,0.0,102.36149722325268,0.6129032258064516,2.6129032258064515,0.0,0.0,71.7023635174625
Level_061,0.2054709158757928,47,0,2.86191432470607,0.7017604326504867,1,1,230,0.280970196851231,0.3967315223585737,9.628476433526412,47.0,0.2862379523929224,0.11389260389875581,0.6278572878939941,4.52692503107071,29.88472794544255,0.20809557013093455,0.2849257464300966,0.7161083095253447,2.892697748309709,21.118119643032227,0.06588143269769761,0.5436543020340224,0.0077358763473414655,0.0,0.09290201140392927,0.01966762334674004,0.05335190214307906,0.4101012308900646,0.2633010127858109,0.2115331049254801,0.036298811541558854,0.9404709156289206,0.405672641666965,0.22598329662693914,0.03433732034760671,0.008734771034670191,0.055126614103923235,0.007628971371847735,0.0386691558339011,0.40614870151546784,0.20336410377852623,0.1409046903654131,0.038116813338088126,0.9303705435855799,0.3897906101448985,0.1353967577416649,0.03231736589272148,0.01995264153840489,0.07737944520734165,0.060780078853075487,0.03977753284595504,0.7163910094395066,0.32524010270386766,0.07116781750897294,0.010347742225009246,0.9791400029839142,0.47455836859985046,0.10786230129618958,140,140,0.65,5.05,0.1,29.86684983414501,0.15714285714285714,0.02857142857142857,4.7384615384615385,0.5384615384615384,9.26923076923077,0.5,0.0,45.4599842943858,0.632183908045977,4.459770114942529,0.011494252873563218,0.034482758620689655,29.348088958728194,0.8148148148148148,2.888888888888889,0.0,0.037037037037037035,21.240848275261104
Level_062,0.15853961270955835,54,13,2.624118476693529,0.3139560859381083,4,0,207,0.3122914986781216,0.369123527951345,10.964232483899002,54.0,0.32086905033515956,0.06699074045102894,0.423354244959905,4.5363346851311785,29.313982185704518,0.18383284339714062,0.29129956599194706,0.6526002361748755,2.951646974308341,27.668310906002173,0.08557284425582565,0.5514276002191789,0.011139992442598744,0.06647265092569034,0.05533793049247269,0.021853428536394926,0.0,0.3655778969921968,0.1388961697064771,0.22612844306285992,0.010040758671560577,0.9013779143596305,0.46545701312923776,0.18133294852500428,0.012105736207887153,0.07574905314616029,0.06948630782023256,0.014889210515670673,0.034188987172943046,0.5801990743633371,0.2831620121738595,0.1296030453230639,0.04500012586771929,0.9302886050237513,0.38544967418526493,0.13033237058943714,0.020438528740205606,0.061927273332160956,0.09161990228076573,0.02712624658229812,0.007989214314891406,0.6507106777098779,0.3279425151751124,0.04432060254867824,0.020627986868795523,0.9558798870263733,0.4863181099516554,0.14058370595172628,138,138,0.42028985507246375,5.659420289855072,0.15942028985507245,32.648587124607246,0.15217391304347827,0.028985507246376812,5.355555555555555,0.40625,10.8125,0.65625,0.0625,49.09056547355331,0.38461538461538464,4.397435897435898,0.01282051282051282,0.02564102564102564,28.126191194645255,0.5357142857142857,3.2857142857142856,0.0,0.0,27.443664415444623
Level_063,0.38149500366077177,83,3,1.118370254357994,0.6532795515772617,0,2,88,0.22652497892567416,0.4388745297500385,6.903285723024879,80.33893705994092,0.24366437913324815,0.1625623346785538,0.6875445508243495,4.0815778276285775,52.139166898719445,0.07225934038514667,0.3252597828407746,0.7175870019798911,3.161551045332695,38.69264370116611,0.09946583896084424,0.5540108320996685,0.0037987448192313283,0.0,0.002894743060117987,0.017655703725505362,0.0679461381900045,0.21796033724012803,0.16968949094431005,0.18134018524220108,0.018583409655330868,0.8844635882798536,0.4302844275978803,0.3103125390033071,0.033734741297929687,0.03604189278272679,0.026534232273582842,0.030255333494893025,0.0149501911666748,0.39777133784488666,0.20162729284441722,0.03248925076972735,0.008851664874755442,0.985789169078684,0.39025774229624194,0.1,0.006907229705607254,0.026516546696005866,0.0337513598664345,0.006999241772345521,0.02325575216941332,0.30319690462885757,0.12703962928846213,0.07507451520566316,0.01721988636443023,0.9703075019402181,0.37386984219804453,0.11095234485575593,135,135,0.6666666666666666,4.266666666666667,0.022222222222222223,49.99852823718873,0.2962962962962963,0.007407407407407408,4.05,0.47619047619047616,7.238095238095238,0.14285714285714285,0.047619047619047616,77.00406625953984,0.6527777777777778,3.9166666666666665,0.0,0.0,53.300870394897316,0.7857142857142857,3.380952380952381,0.0,0.0,37.111696066406445
Level_064,0.19270133067743572,87,8,1.6263603382752339,0.35130792685617473,0,2,208,0.2462232209429465,0.40778832052298875,8.579034942489715,87.0,0.24961833548436926,0.15965048730695405,0.5283468953538851,3.5094489710038888,51.80325336892004,0.12949927295293492,0.26654007215805786,0.6840384629290494,2.055408890438547,31.97114725714945,0.0601899194127347,0.5818045684983472,0.0,0.012342009965707067,0.03097611027495031,0.008213804200403053,0.05754259578523954,0.25758528915461665,0.10193502660271386,0.15631936297747115,0.004217221291969166,0.9129580596128006,0.3110626897152695,0.22252849716765183,0.01216982763716709,0.011408689199411886,0.0019432636137199123,0.00011533953859433829,0.03525223253218806,0.17114652966322524,0.06792384300263618,0.11410462797240334,0.014633350584358789,0.967397782323451,0.38770880944877745,0.2047803844849671,0.020604682791794504,0.026994590147222122,0.049953283610965585,0.009655985200055995,0.0,0.33362675322703744,0.10730560522629556,0.05048224538534019,0.0,0.9523720854362037,0.3087932327175804,0.14928060332663629,138,138,0.5072463768115942,4.050724637681159,0.036231884057971016,48.53597082910423,0.15217391304347827,0.014492753623188406,3.880952380952381,0.3,7.066666666666666,0.13333333333333333,0.03333333333333333,83.57163606895848,0.5063291139240507,3.4556962025316458,0.012658227848101266,0.012658227848101266,49.68576088203723,0.7241379310344828,2.5517241379310347,0.0,0.0,31.33060943500862
Level_065,0.16237380387495232,96,5,0.8228985378787375,0.3015555435399261,2,3,131,0.13799292657671028,0.6543358402411511,5.847912209712677,92.27655773390883,0.12764698722253218,0.15476927778185037,0.6783832579973107,3.188623824631721,57.081900522221936,0.12170559234285944,0.370889634226879,0.7511713005104619,2.6712910765093296,45.667277785869494,0.06357364233058939,0.619641642190018,0.022972447366713195,0.006448047520195984,0.0053237175073555945,0.0,0.0,0.0820503081513274,0.033286612637818125,0.09274010753649407,0.0,0.9876457947644626,0.7652170121439076,0.2766088155248588,0.012029177906821804,0.025103732657068178,0.024953399788957654,0.01892363070235218,0.018575279148661597,0.27991207227467363,0.09916384899637055,0.09850225111383717,0.007787265279889812,0.9873430256054705,0.33660427651675084,0.1,0.0,0.010302887677461115,0.0,0.024027853329802538,0.008885703980925778,0.13448706597503346,0.09345400634933752,0.0683232667268821,0.0,0.9711752388817239,0.3268619152279315,0.17734425907658383,124,124,0.6693548387096774,3.5483870967741935,0.008064516129032258,60.98238862670648,0.25806451612903225,0.008064516129032258,3.2752293577981653,0.5833333333333334,5.583333333333333,0.041666666666666664,0.0,89.77633026195265,0.7464788732394366,3.267605633802817,0.0,0.0,58.142483636092045,0.5517241379310345,2.5517241379310347,0.0,0.034482758620689655,45.194874977276484
Level_066,0.2670784332632994,133,12,2.885127568146806,0.37014382853568517,3,0,149,0.28055845748702696,0.48905808382105476,9.456191984643953,133.0,0.306196040916746,0.10224480802869174,0.5335976621534226,3.537610411443726,89.45946149434248,0.1676490326232497,0.2545267772444757,0.6446107612502588,3.269594054207852,63.11741336467426,0.05998691050152232,0.5482871142490783,0.04960413455073741,0.031156027858108396,0.04954373735417322,0.013117144138746492,0.018207714196858925,0.3816949210884285,0.18617742429503456,0.1860629387036226,0.03438917915781449,0.9076838264789986,0.329098783593027,0.12961795889440478,0.010824160827089303,0.07996184174696488,0.07170894609017253,0.0,0.019805575972800922,0.5124065350606313,0.2635289882322772,0.15617867156554976,0.00872293558390321,0.9245479270948473,0.3758003019107936,0.15574761185601524,0.009821728481625106,0.06598289558409122,0.03083481300996055,0.00783359992027885,0.0,0.3562334403731001,0.15879985440759609,0.02561873681786405,0.0045505085342392,0.953278849550981,0.3822323132989577,0.18470526027792264,141,141,0.5106382978723404,4.709219858156028,0.10638297872340426,84.91566831533649,0.1347517730496454,0.03546099290780142,4.484848484848484,0.37037037037037035,9.555555555555555,0.48148148148148145,0.14814814814814814,124.39337673587745,0.5121951219512195,3.658536585365854,0.024390243902439025,0.012195121951219513,87.26814201264463,0.625,3.3125,0.0,0.0,60.23661934071892
Level_067,0.10636968998990506,53,10,2.0154365861272003,0.24110229933131366,1,0,51,0.24364957131281287,0.46747257264868597,9.833313305774828,53.0,0.2554922204952122,0.1304797015115952,0.552528747729345,3.8935835398281524,42.473939432081266,0.11621067581884038,0.32319109556170805,0.5684168349954128,1.6954651791474924,19.41982458144327,0.11315907205261266,0.5524351221725969,0.006334876378408474,0.07325648796410153,0.04502068468207194,0.02068670194885559,0.020403425783150117,0.3913145162118574,0.20297388901965904,0.17662003311967453,0.04262816984760479,0.9033662892055381,0.449087138742208,0.18672897620882734,0.0,0.005036510205338476,0.0174716285976318,0.04274973055060606,0.0,0.18342546620468472,0.15986538962543723,0.06378101152959348,0.005170798794570574,0.9797644023058477,0.4134360620642729,0.23179949835756547,0.011561644955862635,0.04642620303726894,0.0497389373295545,0.012952909894665047,0.01850444845152623,0.4331329686509473,0.1983372386398765,0.10105348611647738,0.014157204238669414,0.9799307430480414,0.36460308041122225,0.11457074426785985,128,128,0.5,4.671875,0.125,39.37689015013614,0.171875,0.015625,4.52542372881356,0.4166666666666667,10.166666666666666,0.5833333333333334,0.08333333333333333,48.94231414248054,0.525,3.875,0.025,0.0,42.67117865452983,0.5,1.8333333333333333,0.0,0.0,19.875693724471247
Level_068,0.37087879230161586,143,2,1.0716070137586569,0.5980875041410009,1,1,255,0.20971166440811648,0.5670658979436439,7.324625245973439,143.0,0.2716083872182464,0.14502669225871612,0.7007575910628386,3.225739494532537,93.17133589097982,0.11068375100802336,0.3386494369733051,0.6989157929070324,2.663133907538968,62.516840038821265,0.03852049974386665,0.565048382457751,0.04340394060601368,0.0,0.03013205356406206,0.036545969424237365,0.03804561728851689,0.3498111719796279,0.24512781114940357,0.1720477182234767,0.03723610002254401,0.9084219854099617,0.4402199226046258,0.12372451071351344,0.020647699404447113,0.013383425331983428,0.015740656072067996,0.0,0.013622863043107239,0.17818835059351318,0.08493928736085335,0.069918467725252,0.006019979134243389,0.9786033159226222,0.4665655291878609,0.11522902764636857,0.029278168115775677,0.0,0.02333551440790397,0.03977314800505421,0.030629869327929552,0.38282082281814966,0.22817080312939023,0.016006243736567952,0.006888803558602179,1.0,0.34899872056833436,0.10362425809268382,123,123,0.6666666666666666,4.252032520325203,0.06504065040650407,90.91784722844798,0.2601626016260163,0.0,3.8017241379310347,0.5357142857142857,7.25,0.2857142857142857,0.0,132.0578415275023,0.7384615384615385,3.646153846153846,0.0,0.0,89.29050120678113,0.6333333333333333,2.7666666666666666,0.0,0.0,62.55009431024778
Level_069,0.07982025747190834,61,0,2.1792517110146417,0.40217631207398336,4,0,126,0.1605209940728422,0.6013784592540448,6.402982385949364,57.00629965223085,0.09383357934687922,0.17118471004654193,0.6562241943797738,2.9164029812878542,32.383105204743885,0.12153119723884191,0.3139722737665592,0.7989029594722181,2.1331604702709854,29.776903580321665,0.0743565559966089,0.6131546157644481,0.011076568623914963,0.0,0.01271102044692362,0.0,0.029310320805122966,0.12539354232802286,0.056819622017514074,0.050972906691020115,0.0,0.9886623267260273,0.309660076118377,0.23189729684967095,0.032298810844961084,0.0,0.03698762325535556,0.026964330665813985,0.02683578207858456,0.3459691139499232,0.1797062968718256,0.08970075651770078,0.006374483517661416,0.9606977100895365,0.37120275927109325,0.10660206274352665,0.0,0.0,0.025469930885952022,0.0,0.01907814131940011,0.13863101250875812,0.05920349127838257,0.02533234111425396,0.0,0.9430877785913304,0.33153525284289653,0.18240883904178853,144,144,0.6875,3.5555555555555554,0.041666666666666664,36.94540939578745,0.2638888888888889,0.0,3.441666666666667,0.5675675675675675,6.1891891891891895,0.16216216216216217,0.0,55.837005696882954,0.6901408450704225,2.76056338028169,0.0,0.0,32.25936619605311,0.8055555555555556,2.4166666666666665,0.0,0.0,31.1830850669591
Level_070,0.4447547746402069,115,3,2.0453206011447396,0.18577015611745384,4,2,270,0.2040996925669004,0.49220942730442835,7.9434414345697775,112.02804061434067,0.25317287352992623,0.18078643597078906,0.6642504246613605,4.250844128140422,75.44787697723555,0.1388618225861816,0.3101438372141482,0.7544659084569745,2.4490779256097377,49.027873629279824,0.09224481733346417,0.6096063996896879,0.0143298987394157,0.012819796174066846,0.016313588913399017,0.03288553705248967,0.04968299871324635,0.29763085480543966,0.19677851968076562,0.2019428749751571,0.029355518320473693,0.9349828093050497,0.3610991626290309,0.16636927468735677,0.04575660187635003,0.008574531166312101,0.023643677334705387,0.023568018686960457,0.03405851798770059,0.38114545490655816,0.20939254100902063,0.11013306656484254,0.01235178216588183,0.9651151995825793,0.4314457877723166,0.1197360881540208,0.04831200925517571,0.02879318432416133,0.03557738333895241,0.011766721494700308,0.0,0.38727898629302715,0.1772703948171133,0.07905410331971485,0.00942365859090719,0.9990042697099722,0.3623127962318722,0.1244260208784915,159,159,0.610062893081761,4.40251572327044,0.025157232704402517,72.05930680498813,0.27044025157232704,0.025157232704402517,4.02,0.45161290322580644,6.870967741935484,0.12903225806451613,0.06451612903225806,107.92385132579095,0.6373626373626373,4.34065934065934,0.0,0.02197802197802198,72.862431830455,0.6756756756756757,2.4864864864864864,0.0,0.0,50.11191181425537
Level_071,0.358897907718663,156,11,1.3954067950821012,0.7196596586196549,1,0,61,0.26254103942560586,0.46363937705085284,10.281818579990505,156.0,0.3209268783545832,0.1136668619020989,0.6007481914868364,4.645983375701981,106.95530982029925,0.15035666068027267,0.272869490860039,0.730126406488036,2.8039367363906225,73.98119424139988,0.07361161964033086,0.5489040959558484,0.035495541032208165,0.07695798967601672,0.018922402750461004,0.030172524638464697,0.043696104151789227,0.48469596569958956,0.29670823012364,0.2464750172600936,0.05957713790430306,0.8989432945102312,0.3497311823459455,0.1584488962455505,0.0475755786138633,0.05508605356546113,0.04588299764881412,0.0,0.03448889376109432,0.514466833318414,0.20957220799741708,0.10093630972523823,0.01484129310785044,0.9754821514278853,0.3355053195125692,0.10686633941282773,0.03970775448804934,0.04548979211666346,0.030887146342658003,0.018296943820716727,0.1087722561052803,0.7566807876465466,0.30588523649184257,0.07734330223068016,0.02641280192463756,1.0,0.3732393608294645,0.14355947501736296,130,130,0.5461538461538461,5.430769230769231,0.13846153846153847,103.44179950039265,0.16153846153846155,0.05384615384615385,5.120967741935484,0.37037037037037035,10.407407407407407,0.5925925925925926,0.1111111111111111,140.09781005121653,0.5443037974683544,4.430379746835443,0.02531645569620253,0.05063291139240506,107.78174941481501,0.75,3.125,0.0,0.0,72.70969106548146
Level_072,0.12948627261366896,159,12,0.7838939804990726,0.30711297709856916,4,1,88,0.1426821057912213,0.6842809855051498,5.391313571197454,142.61601121923286,0.09189496728227453,0.14918343501496464,0.7168404620177401,3.446025906783359,96.43464734614784,0.07460453112029214,0.3386287370777368,0.7975995884842613,2.098822771842155,80.31445845754959,0.06882635509738147,0.618761558421208,0.036303343543591715,0.0,0.0,0.0,0.0,0.0857322794045231,0.0578752370690037,0.07650923951573571,0.0,0.9650950215790239,0.6892539484855632,0.4185678480127491,0.030265226650396687,0.01879184987597321,0.05473395948269857,0.01413746819304091,0.020122615643088426,0.38803122548309926,0.24035473851362957,0.03476394997513048,0.008156991306020265,0.9950649482644813,0.364960914281177,0.1406929724335878,0.0,0.018061795102815817,0.033132846787382576,0.0,0.038157199575665,0.27805773939745204,0.11699538931322327,0.09993662803878073,0.00784352479443924,0.9802722212055124,0.3674889677477681,0.13673585852897294,146,146,0.7328767123287672,3.684931506849315,0.00684931506849315,100.39096917667473,0.3082191780821918,0.0273972602739726,3.2900763358778624,0.84,4.68,0.0,0.0,145.26244919778895,0.7108433734939759,3.9156626506024095,0.012048192771084338,0.03614457831325301,94.32877567401232,0.7105263157894737,2.526315789473684,0.0,0.02631578947368421,78.73794459199637
Level_073,0.052208846849440965,46,8,2.178932988981999,0.4348422888911909,2,3,243,0.25424033882787406,0.4549842406268725,9.903703634320252,39.50784170384319,0.2642989381116935,0.09293970213078206,0.6131608404321072,3.4877663282867024,29.035024172130207,0.14079145882540978,0.2921431787851356,0.6900247270755286,2.272322773606092,16.2742160391329,0.09933978987804135,0.5232299907634758,0.0032655576916453054,0.05716198688681573,0.006627689516163347,0.02153641928750562,5.222815580562326e-05,0.2093372476941793,0.13942097679865598,0.16316300138473389,0.01708423639246074,0.9128751555856156,0.3862944213218626,0.27176350129828947,0.005755230293073085,0.020384550260484302,0.021211790107434746,0.03359901643578372,0.0,0.22753423188425487,0.13160652235917408,0.11618217175625825,0.009787122041918348,0.9349021761109025,0.3468277195825963,0.14701962221922413,0.0,0.006727231538567052,0.06283122245647352,0.037995381197231094,0.002747762714401712,0.3432521642833046,0.18229577181270254,0.045543347612824664,0.005320927583733776,0.9573757778320947,0.41971457132639267,0.18251511239524454,139,139,0.5827338129496403,4.956834532374101,0.14388489208633093,28.427039657021318,0.22302158273381295,0.014388489208633094,4.78740157480315,0.4375,10.3125,0.625,0.0625,39.93334863898003,0.6049382716049383,3.7037037037037037,0.0,0.0,29.527872760255747,0.6923076923076923,2.269230769230769,0.0,0.0,16.480975890026375
Level_074,0.3761845713819337,133,2,1.8007692522594834,0.7251776887716376,1,1,273,0.25462694387703605,0.5344858085567017,9.338372514168432,133.0,0.2638538734073252,0.10575284387256943,0.5448801808827944,3.8788113261688877,85.96921001006223,0.12510386079126656,0.3137424330945724,0.6952836606256136,2.6281808740488986,51.51499997952593,0.07550044410995083,0.5531235345027083,0.06002889143968247,0.008692226016292944,0.05790577677092834,0.0025440713152680827,0.03154384386609524,0.3795365825764666,0.17060146160862405,0.17836954239123157,0.022653810174485242,0.9023956342878324,0.4408338041642814,0.15774801737391442,0.03268233247151426,0.009170613145661694,0.0029473993589623493,0.0,0.03447009005178962,0.22281169528329078,0.15402017089613945,0.10199540980479822,0.0,0.9788720054977297,0.32800453117421935,0.15401380168341486,0.02583792674177372,0.0,0.041452698468844786,0.0,0.050819806413471585,0.36755280112720257,0.10938053706324963,0.06682870457858135,0.0,1.0,0.35631852319168994,0.13789016460610648,142,142,0.5,5.02112676056338,0.1056338028169014,87.78252659845604,0.14788732394366197,0.028169014084507043,4.6521739130434785,0.45714285714285713,8.914285714285715,0.42857142857142855,0.05714285714285714,122.9715191387165,0.47191011235955055,3.8876404494382024,0.0,0.02247191011235955,84.50245115373419,0.7222222222222222,3.0555555555555554,0.0,0.0,55.07016413954471
Level_075,0.3327429375390468,166,11,2.4307959793390985,0.4993903967311937,4,1,62,0.22484946012124765,0.3654659736318285,7.984910125967958,166.0,0.20061206608941282,0.1316198987162472,0.6811762458814213,4.405344530959573,102.39401030301167,0.18337094675683185,0.33626639087389315,0.6679351481737211,1.996015734859593,74.06086376276197,0.050689165121362914,0.5761057039607496,0.0,0.02159222800126972,0.06933689851131206,0.0,0.0274093758162102,0.27946267631747324,0.19078744079271873,0.16469040026217263,0.011288148209847011,0.9721238939625649,0.45545522135447947,0.24722326486261326,0.010092083050756808,0.019477482244972685,0.0425139161533839,0.0,0.027450736616268102,0.2797687165212483,0.11303485542482195,0.1100341807185078,0.003193492736606244,0.9436949438723,0.35297121367554724,0.1514197047311234,0.013526246682220609,0.000786428222989792,0.05335360169254495,0.019078899318094606,0.01591179241493967,0.319462521187776,0.149414701500415,0.02728639070908338,0.002088329661179537,0.958413880497541,0.45349305034885073,0.1664893651051389,133,133,0.5639097744360902,4.481203007518797,0.045112781954887216,107.41725874265552,0.15789473684210525,0.007518796992481203,4.305785123966942,0.5384615384615384,7.730769230769231,0.19230769230769232,0.038461538461538464,159.81410727532491,0.5875,4.275,0.0125,0.0,101.4023369669638,0.5185185185185185,1.962962962962963,0.0,0.0,75.21336188552256
Level_076,0.34160286721639493,72,8,1.8004087527799835,0.09351843256669126,1,3,95,0.21713829914462204,0.5479584213735216,8.484634752496751,71.15292316588672,0.21117486244846553,0.17125805983472914,0.6124584464834678,3.8079648499769285,49.255514526133595,0.12061336541043303,0.3410583565579503,0.6864841225835676,1.9782193535045003,35.029739715534724,0.01929101694188657,0.5616176786691812,0.038690569758592724,0.038193842704548356,0.021081792165121495,0.0039861131711984785,0.04096776561690634,0.33751338934544617,0.1808429556587785,0.15065674198672394,0.025577547481446843,0.9302011318812335,0.4566395101973466,0.12102258553530819,0.015931062550547253,0.007235270641579229,0.040493763058771934,0.0,0.0,0.17893447869388973,0.1371539306761638,0.11153821180941303,0.0,0.9652734723371803,0.44645028637852746,0.2250472691654678,0.024515328812148705,0.02692615884525228,0.03634376400474458,0.0002894266846364575,0.0,0.2740832819726519,0.12059922626031463,0.029170886069801224,0.01753064047678947,0.994614824254816,0.3378522045658181,0.13211913041068699,136,136,0.5661764705882353,4.367647058823529,0.08823529411764706,50.687044607918544,0.25735294117647056,0.0,4.203252032520325,0.5142857142857142,7.742857142857143,0.2857142857142857,0.0,68.84072941890446,0.581081081081081,3.5675675675675675,0.02702702702702703,0.0,48.94459982135558,0.5925925925925926,2.185185185185185,0.0,0.0,34.946969559447325
Level_077,0.3585081386743783,68,6,2.63045375079635,0.7518656988907801,3,1,204,0.3206120405099782,0.371526098723438,11.333156614474108,68.0,0.31294372838680157,0.08362518003750752,0.48171187468452886,5.724561094070673,44.119550632803225,0.22888197993075182,0.2605118232644427,0.6865131392590669,3.1091555387021996,29.053870508629846,0.12590983600258296,0.5196917229668835,0.03622354912871142,0.03604239796246722,0.06775481556177824,0.00771227353828139,0.04991207299698504,0.4667494525267578,0.2226746537333593,0.26544720067039496,0.03363283669220093,0.9304600519004694,0.4001364148750761,0.1448527950076057,0.04679803075937083,0.04564866971012789,0.05160634882376753,0.036916791393591844,0.04153417148191655,0.6254096642864674,0.3395716243515266,0.18362136013545835,0.04863906835180146,0.9327993458408084,0.47574560763747353,0.1,0.027220274540836663,0.020092452439376882,0.047000281659970534,0.04377917108457518,0.03346285755522977,0.533869308855194,0.2507925064632112,0.058727094177183053,0.013955614584467854,0.9658194946518636,0.3473547855132244,0.1,133,133,0.44360902255639095,6.165413533834586,0.12781954887218044,41.903526589827315,0.11278195488721804,0.06015037593984962,5.8538461538461535,0.4,10.84,0.56,0.08,61.695472186292704,0.41333333333333333,5.653333333333333,0.04,0.08,42.44741123952796,0.5454545454545454,3.787878787878788,0.0,0.0,29.971311028417638
Level_078,0.07961786069363615,55,11,1.879767096936214,0.5021664424571343,0,1,162,0.2936095596421651,0.3886767269597837,10.155846879114959,55.0,0.36966643771624697,0.10925415739813416,0.5583870722200805,4.545535396834507,38.004396859992575,0.2218052173429726,0.27837173866824344,0.7280699200194666,2.130265925561868,31.587131865597293,0.05875535833031778,0.535867251680423,0.001032822496055577,0.041824081724554374,0.04301950906162225,0.06562973799786465,0.04133597604200593,0.45540695502851314,0.28306131138819446,0.2666328631892603,0.056514457757151866,0.9195263897235749,0.4069827301696397,0.14379653349884766,0.03109065824874925,0.03085253856455715,0.06585971923717222,0.0,0.023504625879850236,0.4252921018380516,0.2187029115610198,0.15794958208503668,0.0031982539977632105,0.930453575021143,0.42959405995958605,0.15449434543404308,0.0,0.03449666144802396,0.051925799469014336,0.05270099045528645,0.04550455082441304,0.5745516161511451,0.30893145241519576,0.01587335531725116,0.008877745647873091,1.0,0.4364827274251187,0.1,122,122,0.5409836065573771,5.19672131147541,0.13114754098360656,37.520578874766215,0.20491803278688525,0.01639344262295082,5.163636363636364,0.43333333333333335,9.933333333333334,0.5,0.0,49.32388585155285,0.5076923076923077,4.092307692307692,0.015384615384615385,0.03076923076923077,36.62566956362789,0.7407407407407407,2.5925925925925926,0.0,0.0,31.325029703233156
Level_079,0.19338629141770908,128,13,1.9023449288384657,0.2679244917256689,1,0,282,0.2889129701125747,0.41455552917479926,10.355594581737162,128.0,0.34009635951600453,0.1063285762557373,0.6583532619472846,4.407328319145614,79.01909394238322,0.20329710901198364,0.2507660481105511,0.6630168496652915,3.0265473787247856,49.86272403056912,0.10686899522376615,0.5569453331881643,0.01859675788047392,0.06399385189085824,0.09821842440705914,0.031233129901160797,0.019023257246136197,0.545673299706704,0.37386582670774243,0.24190843399100379,0.054700281527351305,0.9179373101081578,0.33139327843398236,0.17966566953197524,0.013972616836143884,0.0759240602092421,0.009868692243489414,0.014426446027037736,0.0251955697341187,0.39178717201640956,0.21174466454080063,0.14389993355590927,0.03305944250809778,0.9628450172385462,0.33893016005053334,0.19329567159609326,0.008994603583740705,0.06123534168769879,0.008750906860769157,0.029748292550867673,0.00572411046619976,0.35617188041553677,0.18561655244073405,0.05929080019330662,0.005095191518757343,0.9751340809354059,0.3746947813243129,0.1714450242176318,141,141,0.5957446808510638,5.460992907801418,0.12056737588652482,77.04902657436355,0.18439716312056736,0.07801418439716312,5.196969696969697,0.3333333333333333,9.444444444444445,0.4444444444444444,0.25,122.18575683756842,0.6901408450704225,4.676056338028169,0.014084507042253521,0.028169014084507043,79.22397246350555,0.6764705882352942,2.8823529411764706,0.0,0.0,48.865847803649814
Level_080,0.0963476238100519,79,14,2.6916340066458626,0.1114176581307098,0,0,66,0.2780607427830887,0.3252395515127856,9.815492593722075,79.0,0.3384522550555606,0.1347657905779484,0.6339655300183582,4.069927710163459,49.16673226075846,0.15388783628831176,0.27265830155684073,0.6523632025050397,2.8986414291063887,38.305283095355776,0.09219842091944444,0.5516957891853038,0.0,0.057174568045485485,0.07228734830790284,0.04883454775079314,0.03151308466370603,0.49547642450913054,0.33726256161252277,0.23073424925484237,0.052699054258552536,0.8898319172289708,0.3709307937884261,0.14560076720535886,0.0,0.07413266583979972,0.06375422253984353,0.018134481529264983,0.003998638826616858,0.44978092290080024,0.22486379062920325,0.11880264082413637,0.031165395072386456,0.9521592899165222,0.40141026454383866,0.16445386677579854,0.0019247653312363293,0.07216025259977546,0.07097368112512897,0.028429778815672015,0.027101739675248433,0.6242251029340887,0.3362740771240652,0.0661181755569728,0.026491803027910793,0.9623677958083976,0.4272888706511049,0.11541483581055542,143,143,0.5594405594405595,5.013986013986014,0.0979020979020979,48.644838953885106,0.21678321678321677,0.027972027972027972,4.718518518518518,0.3448275862068966,10.10344827586207,0.4482758620689655,0.06896551724137931,69.82295421566559,0.6419753086419753,3.962962962962963,0.012345679012345678,0.024691358024691357,47.82767074163281,0.5454545454545454,3.121212121212121,0.0,0.0,39.23992753273596
Level_081,0.39524137035023743,42,3,1.5087071655309927,0.6352201514162368,4,3,153,0.23590264526445462,0.47054783450111076,8.850754856241918,41.975656837734206,0.276425018806908,0.1783998126339128,0.6056404093312662,3.9539916145067777,30.595330787338135,0.15365348986877106,0.32493597455616735,0.6938702075738253,1.7032629842393925,15.359733975449227,0.10529923555834951,0.5275409838943855,0.02357810767832046,0.014065479168247692,0.021168848922264578,0.04156224548627698,0.08800117702856684,0.4448596228072164,0.2644655772483564,0.19616833126048125,0.043776264660606065,0.9251470961646597,0.4426036397606547,0.19737417906222324,0.027982104612202643,0.0,0.011609984336702042,0.04071165971417619,0.0,0.2257161118255572,0.15796844241208916,0.09032338150301457,0.009114395363049529,0.9315130304717053,0.4094460585508686,0.17957109173388203,0.04064476593055187,0.05365909090742163,0.0,0.02250278534681829,0.0573381728017032,0.5419285466145868,0.220233125556631,0.06088783956007754,0.031193562430316374,0.9493865419247359,0.2741776280507553,0.1056090587964724,136,136,0.5073529411764706,4.529411764705882,0.11764705882352941,28.189021248238273,0.22794117647058823,0.03676470588235294,4.411290322580645,0.2222222222222222,9.62962962962963,0.5925925925925926,0.1111111111111111,41.14786123698203,0.5897435897435898,3.730769230769231,0.0,0.02564102564102564,30.80582740520198,0.5483870967741935,2.096774193548387,0.0,0.0,16.53454341572104
Level_082,0.29931925073102317,89,2,0.8350380711266019,0.4960582047428108,0,0,272,0.23615370040956574,0.4990481330226736,9.132291909056017,85.53688995451321,0.22117444330581412,0.11714336659998953,0.6054218394769043,3.812994685086254,55.31901652010241,0.14096635205401195,0.3378501763071384,0.7237911722621512,2.2279865548151303,47.5658260888722,0.07595396716274773,0.529791183450139,0.028347856029419846,0.021114403504073124,0.0,0.0,0.018669119708728775,0.16089588096468174,0.08134806895408092,0.151772713586459,0.005267725411543245,0.9331637548804375,0.4752406213412379,0.17509930370374308,0.03322973957776722,0.0,0.047534046822773485,0.01186741229126145,0.0,0.2603658527844878,0.12724208658263822,0.09927707602109,0.0,0.9498394972644019,0.4032382916427562,0.18186785426009044,0.007241611106963926,0.0,0.018862554434522207,0.006379930754361855,0.05676478287136418,0.2777373267060464,0.1282435624875472,0.0663488638921918,0.009376434161320356,0.970377373446253,0.4640842772379797,0.2036497355491529,132,132,0.5984848484848485,4.446969696969697,0.06818181818181818,56.29730209694529,0.17424242424242425,0.022727272727272728,4.198347107438017,0.4074074074074074,8.074074074074074,0.25925925925925924,0.07407407407407407,82.7548650911775,0.6351351351351351,3.9864864864864864,0.02702702702702703,0.013513513513513514,54.754315479993245,0.6774193548387096,2.3870967741935485,0.0,0.0,45.89192962362106
Level_083,0.1823592099410597,164,9,0.5719566907833474,0.42676887358105725,1,0,147,0.17689595895768462,0.6350851576442017,7.8876120260539935,153.6670839114754,0.17531202768590617,0.14167504978878395,0.6512462782208676,3.7692220100057723,112.25678796459785,0.07902651955270693,0.3045546389793277,0.6482040776623648,3.0216050030221293,81.03580362338155,0.05379911163435372,0.5837709795264494,0.03923546309001717,0.058254730166559736,0.0,0.0,0.009084633435988558,0.25168212973343335,0.1375340862317227,0.1368805929139061,0.02932532827893984,0.9293323544796256,0.3090409399890777,0.2305455088098849,0.0,0.05041658190460015,0.046595428883254644,0.0,0.006736118729209492,0.29161309146371367,0.08661740551840996,0.012270892794711233,0.0,0.9798659384703974,0.2785687044090365,0.17229776580536965,0.043251075662638166,0.049722014709663136,0.0,0.03177930660244454,0.0018256869648709297,0.39390364317177845,0.18877703008657837,0.05819727050920589,0.005905747295669048,0.9637217192907911,0.40437305398509393,0.1259092327189158,135,135,0.5925925925925926,4.562962962962963,0.07407407407407407,106.8279303569431,0.18518518518518517,0.007407407407407408,4.155038759689923,0.45454545454545453,9.045454545454545,0.45454545454545453,0.0,141.5995290000534,0.6385542168674698,3.7951807228915664,0.0,0.012048192771084338,109.5568201923463,0.5666666666666667,3.4,0.0,0.0,77.86633343297416
Level_084,0.07542334011440946,86,14,2.3878431391840476,0.7151140664407661,3,1,237,0.32616203718005926,0.3337677388932377,10.774558921372282,86.0,0.3669362369913015,0.11264062489157997,0.6592158712929976,5.087647455837766,54.6508074074743,0.20542800075968365,0.2576858999449184,0.5384180356121114,2.2922061236623015,34.40729216201313,0.1393744545134702,0.5453555835157141,0.0,0.05134816536547686,0.055990858233524246,0.03533685080366301,0.07919398272299058,0.5239574850646482,0.38659071051740224,0.2759894122298027,0.06693070843037856,0.8964063145370417,0.400841601914379,0.15085789797480054,0.0,0.056481164719220205,0.036588453760512826,0.040186773664870556,0.06746449690268017,0.5641821134403787,0.26555763137680616,0.16132871344183725,0.02663464503721897,0.962955895458036,0.38594892247103013,0.11936771404885767,0.0,0.09556650656231527,0.06298936517766832,0.01155945517575178,0.06781807739544933,0.7404349305457115,0.3089106274317716,0.10955366898433624,0.021894953427600845,0.9591441700416526,0.35544098741387364,0.12889399005247343,146,146,0.5205479452054794,5.671232876712328,0.136986301369863,52.933135520977906,0.17123287671232876,0.0410958904109589,5.295774647887324,0.37037037037037035,9.962962962962964,0.5555555555555556,0.14814814814814814,82.94569011592384,0.5714285714285714,5.2967032967032965,0.054945054945054944,0.02197802197802198,52.69699463709597,0.5,2.75,0.0,0.0,32.372691236149386
Level_085,0.17439292868626488,65,4,2.0507738783836618,0.6308777689796247,4,2,241,0.23610740564244265,0.4408303222380431,9.866409969830483,62.17687921782324,0.2183321638270797,0.1414170897577714,0.6420162183797458,3.4958645148855663,42.885880274776014,0.1062932496506715,0.30502892260384445,0.6662248249863217,2.3344556423871685,25.712446111784054,0.09505040690380287,0.517273607555185,0.0,0.05840116120262151,0.017153178426611043,0.0,0.0508765581203441,0.2985732991292132,0.19258611869395495,0.1371127254687968,0.023270719266273856,0.91091955502868,0.3931226744090307,0.19494781868871322,0.0013419015965187835,0.006452408463308423,0.02128905061412551,0.029328120289083104,0.0,0.1641817796609344,0.0861799043637155,0.043175410306632855,0.0,0.9801739188037752,0.3912390740495412,0.17755057700240545,0.03857598854240295,0.00015863892196216374,0.03160168881373893,0.001885638236000832,0.04988781266066389,0.37999850100389093,0.1895372767041587,0.09891103762587937,0.0,0.9602009543316494,0.3205041060646628,0.13093965600708338,139,139,0.5539568345323741,4.640287769784172,0.08633093525179857,41.017267373593796,0.2014388489208633,0.02158273381294964,4.33587786259542,0.35294117647058826,8.764705882352942,0.35294117647058826,0.058823529411764705,58.975459506340606,0.6164383561643836,3.8219178082191783,0.0,0.0136986301369863,43.51220457997933,0.625,2.125,0.0,0.0,24.628743379578246
Level_086,0.18007332881069882,49,4,2.2601994202480586,0.12133990378620095,1,0,137,0.22206971907071613,0.47511802707530637,7.419564009475373,42.27709974196166,0.2612252495015451,0.17032848110865645,0.6549497930565165,3.11094127578684,36.02160908156916,0.1688722130962766,0.31677533554810566,0.6390330051224699,2.7639977723956672,25.70057450222457,0.08942977758094116,0.5678441755153477,0.0019615091906454423,0.0,0.005016382494598636,0.03850257960200094,0.04367062610118801,0.21053506494098556,0.15221987751274976,0.15623301557992597,0.02920774605991224,0.9453860129187678,0.40283594556926683,0.20644627458512055,0.0,0.024045865803085674,0.05065321442614816,0.03056573014220874,0.0,0.2958761465642524,0.1662362612095635,0.14827894573597358,0.008884158725572425,0.9323276304961762,0.41564243310414595,0.17062069490040815,0.007510270644774078,0.018869367029768363,0.0015663375232854715,0.03754998969920978,0.0,0.2038196375156172,0.17668279473281467,0.07091737689576567,0.015351860160515523,0.9432903108599227,0.47244118283316283,0.18333198005170107,131,131,0.6106870229007634,4.290076335877862,0.03816793893129771,35.6184692092418,0.1984732824427481,0.0,3.9508196721311477,0.5454545454545454,7.303030303030303,0.15151515151515152,0.0,41.13907588121226,0.6341463414634146,3.3536585365853657,0.0,0.0,35.54857130794093,0.625,2.875,0.0,0.0,26.044846286459535
Level_087,0.3418424713352256,94,2,1.0324104037722768,0.2493776542364386,4,2,158,0.1430399466492079,0.6526661779086731,6.043657915979396,87.90177250150978,0.14727338043640048,0.17668480726905836,0.7442342127146863,2.2262168866420153,51.728407232639434,0.07188544907057295,0.3265919509418839,0.7102250141254909,2.7349911265993967,38.56084582792035,0.06557240848797063,0.5989257308766351,0.0329771810127087,0.0017322963209285966,0.0,0.005444688213363866,0.020596305295890478,0.14346547265006637,0.11171483151590023,0.06636725884341439,0.0,0.946525639923112,0.3167358026636008,0.22827032928891022,0.004506334705720998,0.020435808407292172,0.002102448942587953,0.019636547972697094,0.0,0.13121038056366635,0.07244262956702568,0.04371741247007206,0.017905737467772916,1.0,0.2474095876046858,0.15457037730446013,0.031860836105538345,0.0,0.018259054558747823,0.0,0.0,0.15597018783639915,0.06145959201850325,0.0215627517347761,0.003356690896629093,1.0,0.3203469834847852,0.20297380378205976,150,150,0.76,3.3466666666666667,0.02,57.49405327034249,0.21333333333333335,0.0,3.104,0.7878787878787878,6.333333333333333,0.09090909090909091,0.0,84.58572358353398,0.7912087912087912,2.340659340659341,0.0,0.0,52.14960349857117,0.6153846153846154,3.076923076923077,0.0,0.0,37.52011298437732
Level_088,0.30502298854208526,37,11,0.8409286889669244,0.19879131185157262,2,0,212,0.286874685413649,0.429156730174558,10.55614954315538,33.05084057503626,0.298580036020253,0.10028650624102141,0.596783443891089,4.548993146765464,15.306541344951018,0.17815960092437458,0.2937313467238222,0.6635173756229844,2.56272980197051,16.115389780377868,0.057207723052700464,0.579683548065376,0.03282603435777622,0.06436003645552718,0.0,0.026689483860801225,0.007071206946855432,0.3092377521901096,0.20103573135845745,0.21916585175242798,0.01240453983537531,0.914449182311381,0.4359529263886641,0.20745391558951276,0.023295405788233102,0.047562914604945744,0.015174519181535154,0.00347445754765106,0.042023804326765585,0.36970489295327086,0.22068220712634767,0.12047838100843866,0.026307598599387548,0.9518476259422471,0.4066436753914667,0.12830398386713843,0.027847041845757193,0.05630746393421043,0.004524328003525707,0.01518463006247063,0.04644746207811608,0.4677588685752522,0.23126868619083032,0.06731293640765712,0.010898597981790707,0.9728842326156091,0.3730406317288284,0.12012031709469646,130,130,0.5769230769230769,5.230769230769231,0.13846153846153847,17.767180175820236,0.2,0.03076923076923077,4.959016393442623,0.4583333333333333,10.791666666666666,0.6666666666666666,0.0,31.404667458926,0.6428571428571429,4.685714285714286,0.02857142857142857,0.05714285714285714,15.067122914723427,0.5277777777777778,2.5833333333333335,0.0,0.0,16.26666526188303
Level_089,0.4048850970305306,173,8,0.5363616641697049,0.5951570340581416,0,0,289,0.25760792631748397,0.4257412892830447,9.559604211811056,173.0,0.2995453594689874,0.1309921483090748,0.593841947970852,3.509180107452935,104.19362925267598,0.16306339193687464,0.2874800425315881,0.6614140127059817,2.3195039258161407,76.15614464943314,0.11544251387390367,0.5559230599054159,0.02069527899752571,0.039967560863698515,0.04295423377231479,0.015721912267588487,0.05014238895809169,0.4002392938227902,0.23135370224495438,0.1876144195048137,0.019393900806022022,0.9158021495902265,0.3793512031734478,0.12496878977221354,0.022225514892406217,0.022397519615165028,0.009719169481711698,0.016638486503258297,0.030628856109988237,0.28560200694621973,0.08719843595854992,0.10158969623412212,0.0,0.9765887971789179,0.4101956090209412,0.10686895195306736,0.05408159379337587,0.06453034377708887,0.026834335487130878,0.0,0.04287920985888658,0.5860579613314018,0.2591445124278555,0.0687066349996126,0.007843525044812307,0.9400045097383226,0.28974056581952945,0.10992158871457781,139,139,0.5971223021582733,4.755395683453237,0.1079136690647482,109.95819290365442,0.2158273381294964,0.014388489208633094,4.624,0.42424242424242425,8.909090909090908,0.3939393939393939,0.030303030303030304,167.39480868877177,0.654320987654321,3.876543209876543,0.024691358024691357,0.012345679012345678,105.06010432119233,0.64,2.12,0.0,0.0,75.92607252108255
Level_090,0.23888597006477974,171,3,1.3764688970164924,0.026825947788623506,2,3,119,0.0719478724190101,0.7285337438900041,3.760748965757194,164.2874986700015,0.0910316015571121,0.21561714486627634,0.7362216032314935,1.4991376828758396,111.12747603019302,0.035401574240283736,0.3709318056148304,0.8402468341349828,2.8838598246548783,63.151747534495705,0.0442752978912517,0.6455472973938813,0.015421549851340793,0.0,0.024235062378407553,0.009424875272863372,0.022656589078911882,0.169413288835097,0.09280494564262014,0.020664309230928803,0.016849932451406043,0.9675124200587848,0.32805653542369007,0.1422134537985414,0.03420555187848858,0.03204479085492066,0.0,0.012788984923414622,0.008142297162072296,0.24504830352711424,0.12784087552076961,0.019020324489757087,0.0,0.9863452390563704,0.3712597483934147,0.13901966153860992,0.0,0.015709518273576764,0.006628781014106687,0.0,0.013201872481488486,0.11059894970053376,0.029256774105572446,0.04920107851758759,0.0,0.9833522279428737,0.3112402386875263,0.14076761757822912,141,141,0.7659574468085106,2.4326241134751774,0.0,111.15352545318547,0.2624113475177305,0.0,2.422680412371134,0.8620689655172413,3.6206896551724137,0.0,0.0,158.2829804662123,0.7397260273972602,1.5753424657534247,0.0,0.0,114.54856974115884,0.7435897435897436,3.1538461538461537,0.0,0.0,64.20287831952224
Level_091,0.09783769837532069,144,10,1.9747942171365827,0.45591174789705324,1,3,260,0.22571461500080553,0.5001391472163146,8.396519786844562,144.0,0.23294279922629757,0.1483460198458473,0.6271339757786927,4.000006222271926,89.49123209135864,0.15302958304474157,0.3206398389597518,0.7147656614797536,3.4111649079007225,62.86803085427356,0.05075676754299506,0.5792059634680938,0.008566570513365943,0.03345665749298875,0.029556541602121046,0.0,0.0421361297866792,0.26854615327581816,0.15573091885720858,0.17083153154902758,0.01261961662341632,0.9418510362616163,0.41760005840050723,0.15632250460485192,0.013159914818451534,0.07239709577608583,0.029439239506568647,0.0,0.028551628964481185,0.40348140233689767,0.14809145659346884,0.13549133503427982,0.00806101375139578,0.9647583099806866,0.42492872521219405,0.17898745247076991,0.0,0.047791269964803096,0.03762441413621416,0.005117137972094301,0.009284965926173373,0.310627156949407,0.08818563563663502,0.06700442161119867,0.0,0.9861404010564546,0.3788998652585346,0.1533604145179236,124,124,0.6370967741935484,4.709677419354839,0.04838709677419355,91.12988943587064,0.25806451612903225,0.0,4.469026548672566,0.7272727272727273,8.363636363636363,0.2727272727272727,0.0,132.72980539322566,0.5714285714285714,3.9,0.0,0.0,88.53947917515073,0.71875,3.96875,0.0,0.0,66.69587878852782
Level_092,0.335297914889198,172,4,1.4806101127493307,0.6099669485925525,3,3,207,0.1692445628553209,0.6199520896719612,6.627742942903827,172.0,0.21756402198467403,0.16466987770223981,0.6712054660330173,4.600456261558962,121.23080809434201,0.08729962801451681,0.33243062025409037,0.738863664695647,2.895615976243668,70.99208202939944,0.05360562841768949,0.5563575119283943,0.03639710452017466,0.001422952163844738,0.04630456353056238,0.024314893152987103,0.03595387801483109,0.34099268458008886,0.19899245606055285,0.20215480573792763,0.047228792399253726,0.9252327202721473,0.3680189386326752,0.13539635675955122,0.02303369190173344,0.030860131872657303,0.002911125271478387,0.0,0.0,0.15966617305596856,0.10050645980851304,0.011353566479460175,0.0022525204836652043,0.9905994816860131,0.3968263910825686,0.19207609968967818,0.04543429045493814,0.0026767844579285473,0.0,0.005990131638916115,0.0014227080622412624,0.17278719640009937,0.050137148977144406,0.04665770010699062,0.01156004652972596,0.9489889769631125,0.4034724799806026,0.2614363508709676,110,110,0.6454545454545455,4.4818181818181815,0.01818181818181818,114.66324102768634,0.17272727272727273,0.00909090909090909,4.178217821782178,0.48,6.4,0.04,0.0,160.72527852881325,0.75,4.433333333333334,0.016666666666666666,0.0,117.29756228542736,0.56,2.68,0.0,0.04,66.71403341255292
Level_093,0.354314019446759,121,3,1.5936873050593228,0.7014125094093996,4,2,248,0.21841789473668247,0.47003318741161104,7.995752989944349,121.0,0.2034594264876201,0.1561885581193323,0.6725680561293372,3.744307702123513,74.53590375407799,0.1571896557657268,0.30390512429479566,0.7328223045706631,2.56686201865055,50.35238542189441,0.07745122347637674,0.5946636531046284,0.009175494783428871,0.0,0.02475335455559466,0.0,0.059633754703576715,0.22095307287504373,0.1485060975565045,0.1423001803105362,0.0094650067328066,0.956388118002859,0.36554786336834455,0.2686773106184911,0.035660699541843956,0.012627257588134605,0.013343531954646852,0.00995273407200093,0.05366440524442838,0.3520462479626106,0.16929164461199686,0.1355720667577725,0.018267439543919933,0.9772069975053671,0.3473701325595763,0.15200389624339447,0.020946943743333096,0.0,0.011419343774095052,0.029765004710543226,0.02691126542195143,0.27709526613129654,0.08947550803948114,0.024292680170170722,0.0,0.9833975862996022,0.31741323648544917,0.10703168423043324,143,143,0.6363636363636364,4.7272727272727275,0.09090909090909091,76.70439172614171,0.21678321678321677,0.006993006993006993,4.465648854961832,0.5,8.588235294117647,0.38235294117647056,0.029411764705882353,115.50141108385418,0.6944444444444444,3.9444444444444446,0.0,0.0,75.95903010790525,0.6486486486486487,2.7027027027027026,0.0,0.0,50.77600638575468
Level_094,0.2745108790277985,127,4,2.760396736234371,0.27366539897272596,0,1,123,0.2147019624166709,0.4937692434076059,8.608217566110634,123.24541351764046,0.2503561876183325,0.1597273490644673,0.6415708224778618,4.136861086559188,82.03084337683029,0.08844178704260006,0.31192701895481506,0.6464424610234597,2.111151848979547,62.619556498899016,0.07325780293794953,0.5850938118091241,0.011128164397642741,0.03130550610153189,0.02228515572797426,0.02180138214562157,0.03807503636015982,0.29423830675794815,0.18338867421639723,0.19201914682186558,0.02480175769656917,0.8979735501095653,0.3804002947703768,0.12896374043824785,0.0,0.0,0.06838347982391582,0.006792734318701643,0.01899705466037212,0.2647002714816769,0.14030962122999804,0.06866972055185419,0.0008514496947490905,0.9946148299947845,0.29048067811050293,0.2573707563134035,0.02211257680208232,0.010144099950303236,0.030338067032517846,0.02002062848005217,0.012208696803446422,0.2950869937661104,0.18544309836091924,0.03291621872636884,0.027619180199061483,0.9570795077448099,0.30986644535463786,0.10246335594356758,151,151,0.5562913907284768,4.47682119205298,0.06622516556291391,83.65765544600255,0.17880794701986755,0.026490066225165563,4.2898550724637685,0.4482758620689655,8.724137931034482,0.27586206896551724,0.10344827586206896,118.27110433425955,0.6067415730337079,4.022471910112359,0.02247191011235955,0.011235955056179775,80.92676810169043,0.5151515151515151,1.9696969696969697,0.0,0.0,65.86313080162095
Level_095,0.3583868719818244,95,6,1.370638667558251,0.6570058437376103,4,0,282,0.27615340689770634,0.40758749303148856,10.131725861636466,95.0,0.31603871718857435,0.13940403928389022,0.6295169486874992,4.250141934455433,69.43277302079017,0.16948343152501613,0.2877713780568108,0.7276865562670456,2.2475459732762126,35.600799296943045,0.10943102548023032,0.566370676701076,0.02184876364291473,0.03475565040907158,0.05569625072352273,0.03142289148128854,0.07300178034571134,0.5118084258364525,0.3315000173924672,0.22286368920295332,0.06780451964803147,0.9077159764343559,0.4060432147988158,0.14235682697029914,0.05047316245396326,0.01100645255863933,0.0001036312925444538,0.026238065653291558,0.05552397331845258,0.4029119559159549,0.17625778646708812,0.09449796911036697,0.020051382995341434,0.9665989105439547,0.3908087249060125,0.13746553550894614,0.05438596498645379,0.05174750378704894,0.042367818782980696,0.01574342193085727,0.02407420038861381,0.5860375064111661,0.2565513272840981,0.10305660717386392,0.018345961606656896,1.0,0.4330094944979064,0.1,135,135,0.6074074074074074,4.725925925925926,0.11851851851851852,62.887507576880935,0.21481481481481482,0.014814814814814815,4.483870967741935,0.5,10.5,0.7272727272727273,0.09090909090909091,88.30411134526115,0.625,4.1125,0.0,0.0,69.28412342056093,0.6363636363636364,2.3636363636363638,0.0,0.0,34.344010737062725
Level_096,0.24751823854575633,61,8,1.784973722899527,0.08850538956416579,1,0,273,0.27452275605980253,0.3562185319126607,9.559800576891986,61.0,0.28719818336516706,0.12538731755009405,0.5900721039497191,4.146737221882849,49.64472430233225,0.22288152360763003,0.28279067697843646,0.6726765454463159,2.9201116671764047,30.952015075585273,0.1417691956364644,0.6353823183714723,0.0,0.022744842236093923,0.043445927934006805,0.021032577856317278,0.019048383619118172,0.250966354636111,0.15270184947322882,0.19906093529179408,0.04198877576419748,0.9526191249716156,0.3913085509298146,0.17242749730118243,0.018869530975485407,0.04705331624662216,0.048931830795273176,0.055850842279220755,0.08459893999605185,0.7176044838299486,0.41418877162117335,0.13451081866435624,0.06550905264065221,0.9268338082938288,0.459890693684349,0.11772670766701122,0.0,0.006059677009514056,0.06621526881642342,0.023259593115002686,0.005877289694317659,0.31558771879653624,0.13488725828325598,0.09585598323266875,0.0,0.9679484515505953,0.4601456059852742,0.20915299263070428,152,152,0.6578947368421053,5.1381578947368425,0.10526315789473684,45.327186773893956,0.2565789473684211,0.03289473684210526,4.696551724137931,0.48484848484848486,9.212121212121213,0.48484848484848486,0.0,57.973257965316435,0.6404494382022472,4.382022471910112,0.0,0.056179775280898875,48.70196903128304,0.9,2.9,0.0,0.0,30.70867833930372
Level_097,0.25909313175279763,115,6,2.4591325318528576,0.6771618333876146,4,0,275,0.27794863381916396,0.43957535819735755,10.454720591708547,113.8483183725208,0.3099685151919606,0.10770040708821954,0.5954702841514316,4.683127312047196,85.06105460323869,0.13675924055333114,0.2836446252189924,0.7084471456434369,2.8762758316103354,49.321670770764776,0.13251451000508388,0.5138049543490294,0.027526780142077142,0.04578686089058141,0.0248225787540551,0.02157821144338041,0.04371169000980486,0.38593948987956767,0.23637798220793058,0.23535949029412778,0.05724990185089594,0.8870028189503003,0.3982396503943105,0.11833080388055577,0.03501398694560987,0.03616282779969007,0.03998824323394806,0.03669088555199462,0.005371792826170181,0.43068934452281005,0.25306158611039353,0.12925932893149586,0.02545926538928204,0.9475373069948795,0.4808521799038872,0.1,0.03351419255357077,0.006693076018382496,0.029464066805726705,0.02525870037684172,0.013283947854771945,0.3367556298779674,0.17929773435793336,0.09435162770240202,0.010594312774212048,0.9522476471962885,0.3326218359717714,0.1,137,137,0.6423357664233577,5.452554744525547,0.1386861313868613,77.39421344702716,0.24817518248175183,0.021897810218978103,4.992424242424242,0.4482758620689655,11.0,0.6551724137931034,0.06896551724137931,107.60108311966616,0.7162162162162162,4.445945945945946,0.0,0.013513513513513514,82.18433693344699,0.6470588235294118,2.911764705882353,0.0,0.0,48.004856605001805
Level_098,0.22101640734341987,80,12,1.4913569558031754,0.10199092986558594,0,2,112,0.23907559647472762,0.49030070836811224,9.039026938910458,80.0,0.22066823690114673,0.12952625736099763,0.5207832684173489,3.7674674997034954,57.4845197422018,0.12311300876909101,0.3363427048202033,0.6388231199343648,3.274580728012561,33.64712836499998,0.04670063892795975,0.6055303610719979,0.02107299426849663,0.05396110971247771,0.01996303002268638,0.0,0.009030159326823224,0.24566599400951405,0.08487739924199408,0.1486622749470297,0.021448535327674205,0.920244629519159,0.4755625971151269,0.2187618521521714,0.0,0.07584709115387411,0.018174600214441856,0.0,0.04058981859337894,0.3783632413350819,0.21172969213067272,0.06726896853950907,0.012552454648672499,0.9697182475757566,0.4311576937047803,0.19993263155108984,0.004053993695641023,0.05034047401962689,0.04530676647751215,0.045374369631465364,0.0,0.45146685036705797,0.1872956321359364,0.047866935572844015,0.0,0.9710864529152651,0.4497059429048781,0.11125781696225662,118,118,0.4915254237288136,4.796610169491525,0.11864406779661017,52.579000966253986,0.1694915254237288,0.01694915254237288,4.535714285714286,0.2916666666666667,9.5,0.5416666666666666,0.041666666666666664,70.78694359761428,0.5303030303030303,3.606060606060606,0.015151515151515152,0.0,57.059504764603815,0.5714285714285714,3.5714285714285716,0.0,0.03571428571428571,34.81192400614361
Level_099,0.060167650697638075,92,4,2.0552167505696834,0.3178298324482938,1,3,205,0.17676236068228843,0.5616264859110337,7.497187047069387,86.32530740390268,0.21862416011307853,0.175647457279474,0.7132446132234078,3.547795042494259,63.247497321956004,0.1214746518991405,0.3405134446859094,0.642768999392167,2.7494547119055617,43.821277051276006,0.0822965495548053,0.5902127720057442,0.003292881925055771,0.028041399755598433,0.00670663256860347,0.03144311350083917,0.03817526719987129,0.25424315928536273,0.19226498890505384,0.15838475836059301,0.0312575111173735,0.9446909089592548,0.39875091666997725,0.14956431078018123,0.0,0.024793159229542013,0.04002643555733284,0.025403972922822125,0.00829613748169704,0.2769171447686745,0.14268033139839814,0.06196524611747915,0.006834517084204264,0.9822201658770793,0.3921719854130021,0.14402290866455542,0.0005472256793191163,0.0,0.0,0.015488857106365155,0.027463312835241654,0.13536759190498696,0.04397933043584197,0.07153404192997018,0.0,0.9732116809822859,0.3725820363472564,0.20139178562584356,125,125,0.672,3.952,0.024,60.04861386933214,0.28,0.016,3.5042735042735043,0.4444444444444444,6.833333333333333,0.16666666666666666,0.1111111111111111,78.31534476189724,0.7333333333333333,3.64,0.0,0.0,64.20644000391502,0.65625,3.0625,0.0,0.0,42.20031460539989
Level_100,0.09315657079732179,154,9,2.655909271866863,0.6378362926236429,4,1,109,0.20527295710318064,0.5111521512419489,8.226675585533409,147.04945054660874,0.21614772957814543,0.12377432596120524,0.6633697059675142,3.8030325599234516,101.05280111690607,0.1285512277200963,0.3119812107981446,0.7485216522048201,1.7411149461677247,68.77012634862251,0.11376626414320731,0.5903040619134547,0.0010450147608444746,0.04338352040394934,0.008689762049637693,0.0007495380083757997,0.016393922063901487,0.1659268821871426,0.11232130256494469,0.15773736682862208,0.01806426675834819,0.9387473167653483,0.3673351669398143,0.25989534960170074,0.02209455058884799,0.0007293375302807326,0.04314678256030222,0.031026247127943773,0.038479213571706396,0.3807935012891012,0.21081214671997328,0.11273215025136199,0.009983348797782107,0.956980217668439,0.40109116526057054,0.11301078309248294,0.007182336736033191,0.014940474623172842,0.012461968647078627,0.0,0.044808445889204095,0.24706710632712459,0.11200406758154567,0.08521238114795433,0.022365851569935778,0.9781259355887036,0.4366994497950045,0.18063034052614566,131,131,0.6259541984732825,4.374045801526718,0.03816793893129771,101.9586443919745,0.1984732824427481,0.030534351145038167,4.161016949152542,0.32142857142857145,7.678571428571429,0.17857142857142858,0.07142857142857142,145.25232479425807,0.7125,3.85,0.0,0.025,104.45338770757085,0.6956521739130435,2.1739130434782608,0.0,0.0,68.71842610387813
Level_101,0.0625716742746937,179,9,2.8738015591441055,0.11993394187901903,3,2,128,0.14257778924545875,0.53675144741611,5.691742824808175,178.13429993527765,0.13830232176952426,0.17256457270149672,0.7429671635588886,2.8065770871421454,115.88566175032186,0.09606557652548202,0.35690797239203126,0.7546604711444195,2.86816050305056,79.96248466128287,0.06293225974904122,0.6087253060624584,0.0,0.004806768168377364,0.045839569152827435,0.0,0.011648445249608992,0.14711244705028728,0.11304971879648386,0.083449816165806,0.01560113005413915,0.9655219054546139,0.39187883592372025,0.3094916738311935,0.010204589818192163,0.04242562074127718,0.03872827814658522,0.007854985238155268,0.003364734166126125,0.2883247006293564,0.12387352470594275,0.0740169610935557,0.017756399908081415,0.992483766356643,0.3292251783601444,0.14663670488205963,0.0,0.012914696752255268,0.008140449078459108,0.0,0.0,0.06552239054422665,0.06081769867308416,0.03987921439991954,0.008945123027316766,0.9806104395035836,0.6964889819241191,0.19414059907647305,112,112,0.7232142857142857,3.392857142857143,0.008928571428571428,118.87811167585387,0.2857142857142857,0.008928571428571428,3.082474226804124,0.65,5.4,0.05,0.0,164.5919802354259,0.7794117647058824,2.764705882352941,0.0,0.0,120.29803037962097,0.625,3.5,0.0,0.041666666666666664,74.2423795042478
Level_102,0.30456416450551216,87,6,0.8676837023225948,0.1834011161861132,1,3,271,0.20668969321924946,0.4999366480157453,7.6725726446159,87.0,0.2546951454518961,0.13167956868797523,0.5001699611758785,4.149538720522257,52.680832014170775,0.13868942983597957,0.31064773291718006,0.6618870603334623,1.9970249500689923,42.740362752905945,0.10713770231450881,0.575506062711006,0.010472175662859221,0.009465348517985556,0.05014441802569593,0.03699863574122962,0.0016100038635967033,0.2566785981380265,0.07391626540325215,0.1981274488070577,0.0039011998207857954,0.9333751989673844,0.3659849027998993,0.19460063190360838,0.0008440510310161915,0.0007077567756366872,0.03131977842695054,0.037838059728211165,0.0009920534421830468,0.20153765011216485,0.13795426045616788,0.07832408935445771,0.0032932644035420433,0.9874455059589298,0.3761728626100188,0.18681988117891435,0.003308341261757705,0.0,0.0,0.0,0.0,0.01029536579557916,0.019020560869172892,0.06874302270550901,0.006350982773121345,0.9635155131629102,0.5738861041256025,0.2928936806148006,126,126,0.5238095238095238,4.650793650793651,0.09523809523809523,58.01449250467493,0.1984126984126984,0.007936507936507936,4.406779661016949,0.5357142857142857,7.928571428571429,0.35714285714285715,0.0,83.07889953749383,0.49333333333333335,4.16,0.02666666666666667,0.013333333333333334,53.228957443928415,0.6086956521739131,2.260869565217391,0.0,0.0,43.807256201484776
Level_103,0.1757423924305307,87,13,2.816469062903736,0.577802054714453,1,2,86,0.30636849359011914,0.3692668078270007,11.197059417957062,84.2610347768817,0.3097476623610459,0.10024972124487092,0.674642365046447,4.36346807037325,52.90673619250972,0.20286274021092457,0.30091509531568517,0.6186510238207118,2.54329874864011,36.89850494012432,0.17066077106346583,0.5327226106658438,0.009298289278124185,0.08132571238032438,0.029553807459949986,0.009656684442379049,0.04482998273273199,0.4124794639275905,0.31436171436769944,0.21332416851882394,0.04050441424637979,0.9197701306629217,0.4812036293153797,0.1966862189667691,0.0,0.058700414838812116,0.05089899127266635,0.06398896716724954,0.032858427709260465,0.580276388009476,0.36488567743641587,0.14633641765573957,0.037463081284235256,0.9208147595552542,0.5060008737273642,0.11008354801125414,0.04317403745692236,0.04689740335353178,0.02585339114058121,0.03706895169410469,0.02370701524351542,0.5498826200182396,0.26312804712714655,0.13662051625025293,0.024106854308568446,0.9499691744973181,0.4149490283202457,0.1,118,118,0.6610169491525424,5.822033898305085,0.17796610169491525,52.278049941972704,0.22033898305084745,0.059322033898305086,5.638888888888889,0.2962962962962963,12.185185185185185,0.7407407407407407,0.2222222222222222,83.59966322958178,0.7611940298507462,4.402985074626866,0.014925373134328358,0.014925373134328358,53.586229852075995,0.7916666666666666,2.625,0.0,0.0,35.578571956912675
Level_104,0.2534282764658811,115,14,1.7302907326988455,0.5760292292368595,3,1,270,0.31311163252193097,0.3371854326343122,11.322800149348344,115.0,0.2959067242327787,0.1225466064655958,0.5581867942007931,4.127020480429025,75.46453850614921,0.2211579747718453,0.2821481908351895,0.7153715045858696,2.8765680211784814,47.96100886060691,0.14343147409110457,0.5480121883693546,0.007759857027003006,0.0852667862304532,0.04737766180400499,0.0,0.07065940033882165,0.4984381821967231,0.293538439752985,0.1920198037730882,0.04339625449774381,0.9334219795692908,0.44372676261867705,0.17072540560558816,0.04631409809973078,0.07806338504681778,0.023873542380038564,0.037434404350410885,0.05168053779813586,0.6671833406947032,0.37556059793145913,0.13429552866748615,0.042041089640123236,0.9169141934925208,0.37811675271917855,0.11682928964624605,0.0415292261831313,0.08712793925753007,0.04437825531294952,0.028519783901062405,0.037624998167849394,0.7443148950753647,0.34457285272686905,0.11147342248512906,0.010891120412271577,0.9448933791479295,0.47825184394233583,0.11690084262802754,137,137,0.5912408759124088,5.211678832116788,0.0948905109489051,73.57795777740733,0.18248175182481752,0.021897810218978103,5.104838709677419,0.5238095238095238,12.047619047619047,0.5714285714285714,0.047619047619047616,112.44346423918465,0.524390243902439,4.463414634146342,0.012195121951219513,0.024390243902439025,79.44085103118965,0.7941176470588235,2.7941176470588234,0.0,0.0,48.40666218510403
Level_105,0.4130265895704372,78,9,1.1456109707473958,0.5129181063082379,2,3,71,0.24331858705472906,0.46345562189281536,8.997124510194123,76.17050815246151,0.21608519881339025,0.12871676876072868,0.6729202005458291,4.214803618223034,49.36526984962375,0.1582857119406928,0.3005265222980238,0.6310360411820056,3.581798353823332,28.769048411355335,0.09507394920895432,0.5389957579113415,0.026923399623773495,0.03607975617892639,0.005570378132006986,0.0,0.035022608585825,0.24464780840741068,0.17594634191080735,0.16198983604078124,0.017307853910893487,0.9433708134945532,0.39196232762168015,0.1468759538822653,0.00636087599974712,0.07641113785388864,0.0,0.025668251812486546,0.0008571532919933525,0.30721091917265336,0.1477645517575737,0.13281642632693705,0.006676666709157131,0.9497067852396854,0.4780663743573842,0.24791833481760817,0.02889632231054898,0.010350392413590075,0.0143018755598863,0.0322293504017852,0.04409099705833276,0.4041445890164564,0.20054091589157855,0.06140576443391223,0.004696937030342192,0.9646136967004529,0.3526401338677059,0.1088278067969997,126,126,0.6507936507936508,5.365079365079365,0.11904761904761904,53.04165286203441,0.20634920634920634,0.023809523809523808,4.95,0.5714285714285714,8.685714285714285,0.42857142857142855,0.08571428571428572,72.59601398151457,0.704225352112676,4.112676056338028,0.0,0.0,51.301140479717716,0.6,4.0,0.0,0.0,27.703185922553825
Level_106,0.14971689165955,99,4,1.6478393905956532,0.55515875557368,0,2,245,0.2264056110017381,0.5145549679883805,8.57914528850445,97.55765264891411,0.2626983584222463,0.13258870878464996,0.5782004953924199,3.362010897118386,61.1684077414146,0.12860563696248659,0.31839209411551034,0.7802511227120161,4.098332744406852,39.14745750508662,0.1128586741831683,0.5911160056164069,0.018250040436329197,0.017440255066291512,0.015129497928742122,0.027402577769530114,0.03235149527777887,0.2611260751893277,0.13114833399067577,0.16591949125975167,0.012693945531308756,0.9163653393809552,0.4129480906912091,0.1234195997266282,0.043022482365157697,0.07729207852022309,0.008363795004456939,0.03618414822431239,0.046434347665091205,0.5939088102186941,0.31942010317740094,0.11125136517120326,0.006814957435035409,0.9675705622750379,0.37446083667609226,0.12992256492521903,0.015031492470296292,0.0,0.03246011355613824,0.012709189815576203,0.04998767814154239,0.3429001292069306,0.1591448168074094,0.10064331818808063,0.01739824426184384,0.9244265489669494,0.37116399595532257,0.14535521768142154,118,118,0.5932203389830508,4.6440677966101696,0.07627118644067797,59.162306590723155,0.2457627118644068,0.025423728813559324,4.4672897196261685,0.5238095238095238,8.238095238095237,0.38095238095238093,0.047619047619047616,89.71544856428245,0.5694444444444444,3.5,0.013888888888888888,0.027777777777777776,59.73092866083495,0.72,4.92,0.0,0.0,39.195747336071086
Level_107,0.21415316921425193,44,2,2.950081438213693,0.43417955467807695,2,1,197,0.2611528890598484,0.5417528948297312,10.160035652817847,42.22252375846145,0.24363223960974778,0.09056394377868449,0.6347740284582423,4.103313691163351,31.950268118637574,0.17686894447199097,0.2641213213346907,0.6374501631906748,2.9301284633117275,34.0941710967123,0.09836167505445215,0.5538816229450223,0.054501733676697944,0.034258394217763444,0.03951360755197853,0.003988740376857154,0.0011496884491261662,0.3150599318663726,0.19532987521525141,0.171106190874206,0.030758201955259287,0.9403618021411303,0.3259173480205144,0.17244113594171376,0.0,0.0208395574847186,0.11034337454293042,0.03249508408872064,0.020022923171019474,0.5163427915254366,0.22243472061925243,0.13444838510683255,0.022900642161101374,0.9364479763830617,0.4707327610786933,0.21328870596142263,0.01089316553975819,0.0,0.06517093975918617,0.05773602234461783,0.018416176559085173,0.47368829507775856,0.19660233949437514,0.06627249023552083,0.0,0.9899660221007117,0.39565448044639046,0.137292072366163,132,132,0.7196969696969697,5.106060606060606,0.09090909090909091,32.8663728163964,0.2196969696969697,0.022727272727272728,4.5234375,0.4782608695652174,9.521739130434783,0.4782608695652174,0.08695652173913043,42.129465296234265,0.7831325301204819,4.433734939759036,0.012048192771084338,0.0,31.447083847761615,0.7307692307692307,3.3461538461538463,0.0,0.038461538461538464,32.3589920628724
Level_108,0.35222045541721947,83,6,1.731545234982174,0.20143924712556222,4,0,145,0.2161560253708719,0.516918256390915,7.929507836263196,79.09934790301115,0.2860923328600726,0.15068488339441788,0.5852122028131633,3.724688704644873,57.805897061893376,0.1866900732693796,0.29100224047345513,0.7346493848635268,2.4271761515298986,42.43973373168107,0.07853326043206253,0.5576028697375108,0.026331928365828143,0.009784174760370589,0.007672446989311622,0.052568495690499435,0.025810648073635003,0.28850551611918346,0.15540448991643308,0.20008225306916674,0.03178306861426609,0.9521699388398825,0.3301240367028585,0.18158029040406287,0.03560821062135902,0.017951670162679432,0.04984585399764368,0.017950672916511253,0.0,0.3411060747074024,0.18393988877157727,0.13791627251350602,0.01655983593740981,0.971037031596529,0.31612165967347183,0.14570291989195458,0.049972039825751005,0.036254712587284105,0.030264602246358616,0.007790242159115791,0.0,0.386757108674284,0.1690973121274965,0.0379400388157559,0.0,0.9824159774768165,0.24148671615492465,0.12887459367695958,135,135,0.5555555555555556,4.659259259259259,0.06666666666666667,61.20702285122696,0.2074074074074074,0.014814814814814815,4.294573643410852,0.5405405405405406,7.675675675675675,0.21621621621621623,0.02702702702702703,78.23755514388266,0.5365853658536586,3.6951219512195124,0.012195121951219513,0.012195121951219513,58.39241309151086,0.6875,2.625,0.0,0.0,41.50085772162654
Level_109,0.141519266196649,130,12,1.3218790257187705,0.27655679480313555,3,1,277,0.2272444147377357,0.5060975596401951,8.818187835031807,130.0,0.18296608568024292,0.14423413994994944,0.5983782409119079,4.360903100817675,83.75955373632225,0.1323676364511642,0.28522373397692463,0.6813090895805697,2.812639419610841,50.07798627700235,0.07126556223417287,0.5667686436116561,0.014798846660746686,0.0563908305709479,0.020996407595799897,0.0,0.02862118036701716,0.28529279131867813,0.15099677541680762,0.1497941712928016,0.014697713337094482,0.9424574993682757,0.3312015155751415,0.1969690899697791,0.0030754693313117063,0.056138995917158145,0.0,0.0024402325664643378,0.006711239584279377,0.1921615594285995,0.11520531349681437,0.1278811080131624,0.012627132221460061,0.9687710462950198,0.4201929759533267,0.29063233949459516,0.005640787290408121,0.04151044678760935,0.03318123855991083,0.0285739020248831,0.021068369501522317,0.40447385244885165,0.1608883062371761,0.03470647958585411,0.0034618377226388075,0.9631512144490795,0.4744651446669681,0.10237515079433063,141,141,0.574468085106383,4.347517730496454,0.05673758865248227,78.36717062841927,0.24113475177304963,0.0070921985815602835,3.9407407407407407,0.4,8.32,0.32,0.04,122.28465612908963,0.5844155844155844,3.675324675324675,0.0,0.0,84.80512315264099,0.6666666666666666,3.128205128205128,0.0,0.0,50.333219913162324
Level_110,0.0807919639315172,37,10,2.0835021357918144,0.14527817344114055,2,0,291,0.2880715801200768,0.40738107104958804,10.195365181241264,34.325352571664034,0.36201099757838406,0.15025868464030073,0.6796478826032817,4.5419217574005915,31.50620712887602,0.14360706893192682,0.2876302298472434,0.7005271605000827,3.1351995052251023,10.0,0.15060816960819087,0.5765810189558875,0.005493242297903579,0.04396807697133492,0.023394181167852766,0.06825765733010991,0.05372772271114619,0.4601271170666481,0.3584599773385013,0.26290166296246786,0.07965852780467052,0.871906114633072,0.42237578678621607,0.14802351630135085,0.019045909234873787,0.06576503853748952,0.013564024361202121,0.06559679714095132,0.035605612582288435,0.5609679671374174,0.2509634828405969,0.10051867480011327,0.012684062025451349,0.9577068202852367,0.37839012525064963,0.11702631178870748,0.011619002455923885,0.03872030845770043,0.038622537771228135,0.033553672064518286,0.0,0.3812611825542131,0.1850616507394135,0.08585090199953828,0.012518322700991298,0.9927922487446476,0.37015984805317204,0.10129280770539402,133,133,0.5639097744360902,5.541353383458647,0.14285714285714285,26.22772470519857,0.18796992481203006,0.015037593984962405,5.296,0.3103448275862069,10.344827586206897,0.5862068965517241,0.034482758620689655,32.99656649455299,0.6455696202531646,4.506329113924051,0.02531645569620253,0.012658227848101266,29.942795925298253,0.6,3.24,0.0,0.0,9.535177483246988
Level_111,0.1659005811655072,82,10,1.1003640469454827,0.7267604490669027,1,2,117,0.2550916252414418,0.3596877451591015,9.237798205339915,82.0,0.28182947927683566,0.11403000742658548,0.5991471610307514,4.028219522558962,47.256706817896145,0.18626739522347424,0.3326136498931251,0.6580030685356416,2.4518860878008644,38.430694311789196,0.06728012510865901,0.5539233148297655,0.0,0.03816164680902923,0.02412204672176833,0.025052832072103445,0.040192061329359055,0.3011655506003796,0.18424464251983116,0.19678009631888205,0.014545894689120325,0.9375927696026888,0.48866240007083134,0.1330133804118323,0.0018136746211188381,0.036101918362429805,0.028350231440541385,0.004463909409211049,0.035640924288094615,0.29898444049256834,0.11626340358423257,0.10674969414801594,0.023036253660855748,0.9154015909555872,0.33127329050036736,0.12034596962146167,0.03561655754624399,0.043402446823885776,0.0,0.008665467434464325,0.03598257325119503,0.3848446592934837,0.15939754498038303,0.04164788724398756,0.0067177775482937276,0.9815562920752501,0.4273234217202167,0.11248684095656412,144,144,0.5416666666666666,4.680555555555555,0.0763888888888889,47.65047668487787,0.16666666666666666,0.020833333333333332,4.382352941176471,0.20689655172413793,8.758620689655173,0.3448275862068966,0.06896551724137931,76.70221433680705,0.5934065934065934,3.9450549450549453,0.01098901098901099,0.01098901098901099,47.99623587610113,0.75,2.5416666666666665,0.0,0.0,36.92928656056502
Level_112,0.11448851490160178,89,1,0.6896583202716597,0.46671343581289637,4,3,268,0.126823104492818,0.627463115162235,6.201893835386754,85.33441601448665,0.13406755949613167,0.1758759869783738,0.7157543152893727,3.4234679855426875,54.46340883757635,0.07248242777708284,0.3938967611267255,0.7347899576746173,3.2019811287389244,40.96964056315931,0.09162734935775796,0.6231064972337319,0.0038256591575936806,0.024089255447957435,0.004826211758760864,0.007683156519964183,0.019180518262854045,0.1407599126416783,0.09420414294676056,0.1102026176312979,0.004378265176851276,0.9573721088720886,0.46229424910675876,0.16992995409673414,0.0011000785451321334,0.038017945526460074,0.016776269895302943,0.04026477325093435,0.02196658407376767,0.33202513158216984,0.17489180606038607,0.05972717770060412,0.0,0.951938955338325,0.36165594391767447,0.12090611017745223,0.0,0.0,0.026987257564159525,0.02146802490372726,0.04130303351831602,0.279322664489023,0.2077315752692447,0.08881363011715443,0.016802133245061603,0.9517889237531687,0.34639418498971675,0.14734104212944715,137,137,0.7007299270072993,3.934306569343066,0.0072992700729927005,58.487981787427564,0.30656934306569344,0.021897810218978103,3.6016260162601625,0.6666666666666666,5.833333333333333,0.03333333333333333,0.06666666666666667,82.77246008235261,0.7375,3.4625,0.0,0.0,55.41193725370223,0.6296296296296297,3.2222222222222223,0.0,0.037037037037037035,40.59369129279778
Level_113,0.42187906093702926,137,14,0.8221993047766231,0.3206811334109119,4,3,241,0.2434832340826442,0.4743091444854817,9.425025316074166,137.0,0.2466143202049872,0.12981660226337965,0.6608909609724546,4.64296964716981,84.62018494946399,0.08090985406916543,0.3153677283957575,0.6924785034325962,2.699395141394047,62.806223728627586,0.10264988798196305,0.5546542475192996,0.03202074764342957,0.07332108159904424,0.008567155448506062,0.0,0.024507793542259286,0.32687859429577815,0.21995676453356536,0.2004341751238373,0.019954020773938777,0.8825623130182232,0.4292958487050955,0.223622654466127,0.031634526952523466,0.06141416980311168,0.024323793092181543,0.018722098362768842,0.004900994353734714,0.3963074602472328,0.1932389948015194,0.09835783883915808,0.024937872275110504,0.9813472287848864,0.4478668830628561,0.15457592909253565,0.06199192713454692,0.06670686769478429,0.0015638737302117178,0.01691753826164129,0.03606242843935954,0.5702404347340141,0.25622578712641425,0.05575301796676395,0.019526832295620453,0.9863397820348203,0.46027424645102566,0.11677546552852988,112,112,0.625,5.401785714285714,0.07142857142857142,86.37482737033692,0.16071428571428573,0.044642857142857144,4.908256880733945,0.6,8.85,0.35,0.2,117.3335449486014,0.6857142857142857,5.085714285714285,0.014285714285714285,0.014285714285714285,83.52766553175094,0.45454545454545453,3.272727272727273,0.0,0.0,62.89074310163214
Level_114,0.3732481518257668,34,11,0.820114597394431,0.36960464291530615,2,2,66,0.2657332629427728,0.5644222006515212,10.059872790752175,30.453158126658387,0.2989660074087567,0.1474779826403826,0.6254841471915508,4.404771256718114,12.693604483844467,0.18486260808017632,0.30372358432178004,0.6303106588866786,2.886631375608352,13.688261811299611,0.05368478941533996,0.57553179848803,0.07902017703131187,0.06498795759285445,0.0,0.040313602611745436,0.05610312753544016,0.5677761239160215,0.358285468716792,0.2204324113131669,0.03489222187668655,0.9272586313203814,0.43133552892433197,0.13893019363622058,0.009711585665976685,0.05867262665466956,0.009429665992434083,0.00434475682866519,0.039712498938643065,0.3425528569507891,0.13905516131447415,0.10910863579240636,0.0,0.9018893050528504,0.3640462332474343,0.17078194946599992,0.0,0.05638646550091456,0.0,0.039470335510042545,0.027713548185199707,0.38454374739623176,0.15229808264088035,0.041348867811100025,0.006675743299907068,0.9918555275055833,0.42659611129851316,0.14625179601983002,134,134,0.6567164179104478,4.962686567164179,0.09701492537313433,16.62397044925107,0.16417910447761194,0.007462686567164179,4.691056910569106,0.6551724137931034,9.10344827586207,0.41379310344827586,0.0,30.172303501706736,0.6883116883116883,4.285714285714286,0.012987012987012988,0.012987012987012988,12.608766533568073,0.5714285714285714,2.5357142857142856,0.0,0.0,13.835687920159888
Level_115,0.3033615026041694,132,8,0.8797567337807359,0.7578266716894523,2,3,61,0.19627102191387147,0.5254160721772174,8.305344834696664,128.50732194497704,0.21084366259423576,0.1418079028089346,0.6603176788217753,3.575344485232662,83.44999605146008,0.10170276756970519,0.28547043655139664,0.7487192574097642,2.8040125786205223,56.77135648186841,0.08168704667873636,0.6018684126769221,0.014015102342011922,0.052279045731602775,0.0,0.00709814682805789,0.03527894317378015,0.2566329168753587,0.16191644329592217,0.14779761621283263,0.016242721110945067,0.9260403375026509,0.28845552205791164,0.20292067630820276,0.03267880854603689,0.03948795462960542,0.009002298344925651,0.01520382673638329,0.05089500859732327,0.4139375512111836,0.22043875209036373,0.0639626819649139,0.015557316229169975,0.98974191792197,0.30355761074262855,0.12265703224199181,0.05045516425989034,0.01798330010660177,0.007953026028895692,0.009476409317678833,0.011746473799264731,0.30377025908198063,0.12733727487982024,0.044047145762567186,0.01715621683939257,0.9833854857060634,0.3667621951894999,0.16555146952944094,131,131,0.6564885496183206,4.480916030534351,0.061068702290076333,82.246859168407,0.21374045801526717,0.015267175572519083,4.175,0.5925925925925926,8.333333333333334,0.2962962962962963,0.0,124.02987326017174,0.6486486486486487,3.6216216216216215,0.0,0.02702702702702703,80.99516450242014,0.7333333333333333,3.1333333333333333,0.0,0.0,54.59018273654943
Level_116,0.3985842360750871,35,9,0.8470679316235253,0.12268112249286417,3,3,199,0.24127655711489418,0.4893540150115735,8.959266765725332,35.0,0.29367773814458137,0.13129202989167135,0.6372906322871408,3.274294340744073,21.911304767907414,0.14204993579981168,0.2926359011593619,0.6657648709747185,2.7898570423829736,16.977815390922796,0.023858765331813178,0.6071282204866374,0.034881656506812415,0.036611560399889304,0.02873300012881904,0.051220288291713476,0.012980450229924003,0.3883030134272509,0.25544620789643824,0.17933769205420375,0.03629195719248541,0.9100860129105424,0.3693769328592566,0.13156920579882697,0.018586438330708457,0.04462321577952324,0.020182766095491068,0.0,0.04437219638044545,0.35911813539000215,0.1851414287911124,0.10776387582189723,0.017903970862097694,0.95422194237261,0.3919183846292099,0.12391271472956232,0.021397197981100673,0.05630997380316245,0.0,0.028396389017046428,0.011627951063930397,0.36637362485248465,0.19311499237138724,0.011494954906840472,0.0,0.9843272583074243,0.35183486821999366,0.15327712713663966,129,129,0.5658914728682171,4.155038759689923,0.06976744186046512,21.64813903804491,0.17829457364341086,0.03875968992248062,3.9913793103448274,0.34782608695652173,8.652173913043478,0.34782608695652173,0.17391304347826086,32.27014801707399,0.5949367088607594,3.2531645569620253,0.012658227848101266,0.012658227848101266,21.636521837832298,0.6666666666666666,2.962962962962963,0.0,0.0,16.957579959031595
Level_117,0.3714688307596458,138,9,2.1021868620080366,0.4689838656134378,0,0,194,0.2930793345584651,0.40260730986081,10.781661320931278,138.0,0.31995251078300346,0.11714841859316696,0.700361278343065,3.812077844930034,97.64733938664293,0.1858070106521495,0.2670125911384492,0.65668430368169,3.1228606531751226,61.4471031130482,0.1242738009459785,0.5459236539332963,0.03196671592436955,0.05760095960966904,0.051092178861478495,0.012542329682787071,0.04652030000749153,0.471655283994671,0.35098841204032216,0.20266448428659495,0.07128430927644153,0.9106538533764793,0.3778425462279741,0.12186674212726767,0.02808895301167405,0.060740710193162004,0.04279169523485749,0.022767937046166992,0.030851090903176434,0.520669837521794,0.2587927526972586,0.12898681047638985,0.016087183199150486,1.0,0.41285996738452696,0.11643515845522585,0.027806976361968785,0.021411978204708988,0.032725227469202235,0.05802521656695505,0.055615515628911275,0.60864888981948,0.3405371647369595,0.056790836422479896,0.026205742057388296,0.9717277741917671,0.45712426889249297,0.1,162,162,0.6481481481481481,5.160493827160494,0.15432098765432098,96.64329792967979,0.19753086419753085,0.018518518518518517,4.841059602649007,0.46875,11.46875,0.75,0.09375,130.4532715574396,0.7446808510638298,3.851063829787234,0.010638297872340425,0.0,99.87419218040152,0.5555555555555556,2.9722222222222223,0.0,0.0,59.97768783133387
Level_118,0.12462802355441434,145,11,0.9547002109978621,0.40471094310757283,2,2,187,0.18764955517081802,0.488239198638419,7.249173810622831,138.83588792889478,0.2071705724283398,0.15089458261702215,0.6563818937702073,3.3485840891892105,95.05171181273225,0.1183047234958628,0.3125232259666505,0.6658402314427063,2.1417323391365013,51.860512560044825,0.09411078435116421,0.6049799406934977,0.0,0.028197083316114188,0.0,0.008479147255053079,0.022718139574851734,0.14026296862436002,0.08763492152705168,0.1389149066127445,0.015385805274283744,0.9416588218670794,0.3440174421557714,0.1996070420344526,0.0,0.02205735471704484,0.0,0.023177741685595346,0.032359053206882704,0.21810002698322534,0.09743489659452378,0.06316723483955766,0.010007443628841687,1.0,0.40247580344605216,0.14769077691332355,0.0,0.056960598313054694,0.018824349758951663,0.029158244929738984,0.01147328379641386,0.36228131212582926,0.1607764183465672,0.06146678446268419,0.013830781051252598,0.9665315988902289,0.28138775687059636,0.15679473843489458,142,142,0.6619718309859155,3.535211267605634,0.035211267605633804,88.15734117745289,0.21830985915492956,0.02112676056338028,3.371900826446281,0.4,7.28,0.2,0.12,131.42755236278055,0.6941176470588235,2.929411764705882,0.0,0.0,96.52193367907705,0.78125,2.21875,0.0,0.0,51.10881839948885
Level_119,0.40702359939599114,123,0,1.364168208309658,0.4891633883477183,2,1,167,0.1802442380162653,0.6138114194037929,7.353117231112662,121.97130158728243,0.18375541069115084,0.14119585472470553,0.6748717738235495,3.137197803050481,72.66967330803408,0.12943009732393035,0.3245394284217981,0.5907734099529152,2.1534352942660218,52.18705696758968,0.04711724701629389,0.5965303222509395,0.04486555384863083,0.006483327049768842,0.01837887672410373,0.0012893570614954846,0.01311354825853667,0.19867904159341293,0.11416897660843735,0.11643854344061991,0.00024771534914385003,0.9590624131354355,0.3636905042772666,0.22468834731281515,0.0,0.0,0.011796238004015337,0.0,0.024003571340326126,0.10062536187698551,0.08040132307417341,0.11303822525136066,0.017998362232833104,0.9575419894178705,0.4195774237747305,0.23619666288993627,0.012913203210776558,0.0030898733119050226,0.02335906540044175,0.023018139205482846,0.04906450234928154,0.3468096913630916,0.11314755347951774,0.029107965315306482,0.0,0.9969836549280287,0.40439221622030075,0.14106709378049292,130,130,0.6538461538461539,3.776923076923077,0.015384615384615385,78.76733562342265,0.2230769230769231,0.007692307692307693,3.5304347826086957,0.5517241379310345,5.9655172413793105,0.06896551724137931,0.034482758620689655,108.6374682570856,0.7341772151898734,3.2911392405063293,0.0,0.0,75.58406716999754,0.5,2.6363636363636362,0.0,0.0,52.104376365245436
Level_120,0.2657368967662603,76,12,2.7419710247650295,0.014488147056672408,1,0,242,0.31526320089063015,0.4119913304319881,11.014508658466305,76.0,0.33877588825024846,0.09999874172393633,0.616085319132408,4.4286199556323185,59.18326341985477,0.17609332941728278,0.2644529080898054,0.6485801714692081,2.2065545656516647,29.474344075735637,0.1172011831992943,0.5664788219476748,0.04017178005451773,0.06044977909077233,0.07265724660188809,0.02618389826943326,0.005023694761981328,0.4829055222822759,0.3190190467160164,0.233403695715465,0.07257890612332486,0.8896575061135286,0.4025007514713957,0.15014758719679386,0.021312564148778867,0.04104955551869212,0.04060137544924604,0.029793764662966255,0.027059330541275465,0.449209158638558,0.28110525088436644,0.16966614503244315,0.002582191378913686,0.9450452611241889,0.42313452129262735,0.1,0.00433698878024456,0.05632158838056255,0.03967290280593972,0.029558793907922376,0.026996800694379316,0.4882234610913465,0.2567680031041797,0.09284658712021991,1.805079894107338e-05,0.9267407559599989,0.3711530427785084,0.1151244632768058,156,156,0.5897435897435898,5.352564102564102,0.1282051282051282,55.95804046867976,0.16666666666666666,0.01282051282051282,4.953333333333333,0.3793103448275862,11.96551724137931,0.6551724137931034,0.06896551724137931,73.60619706721079,0.6842105263157895,4.410526315789474,0.010526315789473684,0.0,59.459620028830564,0.5,2.15625,0.0,0.0,29.599765844077165
Level_121,0.372976062065625,128,5,1.6849041006571808,0.6976991271553212,4,2,71,0.19609322781857458,0.5748257397970766,7.695982943671307,119.05154111053103,0.22101473911082234,0.16525756609198783,0.7082063757839683,3.5970707849971504,87.42315644656672,0.13304911063642721,0.2819767126650545,0.8323888185622873,2.6903743620746923,56.53361204149734,0.12921828502719543,0.5738527277870623,0.03776206291371376,0.018281021618068913,0.0,0.014653408583312749,0.0556761534697177,0.29843573590099015,0.21022453621986711,0.15584331587551778,0.0354416974689173,0.943957694230275,0.2794723006086405,0.1859369032964298,0.07019373240511115,0.02513112693061908,0.025530780622344845,0.04758052188047729,0.019826870720347653,0.5291658287083121,0.25401489796905996,0.09705700662597719,0.021925676206501262,0.9799968970891124,0.471212456867143,0.13239957878109587,0.00978849706538337,0.015943629610848317,0.012272444785199713,0.02864051721740495,0.06747817511539173,0.4173838045126272,0.15622023409137992,0.09491841778414421,0.0026338341031615486,0.9525570452322576,0.44105147422526186,0.16128295213051244,147,147,0.673469387755102,4.1768707482993195,0.04081632653061224,87.85936522988267,0.2585034013605442,0.02040816326530612,3.9015151515151514,0.59375,7.625,0.1875,0.0625,117.63455612124531,0.6818181818181818,3.2954545454545454,0.0,0.011363636363636364,87.77922072656865,0.7407407407407407,2.962962962962963,0.0,0.0,59.813367393030134
Level_122,0.4084365199693973,84,6,2.168894346302568,0.74569462598689,0,0,267,0.35425079972589707,0.276292047630302,12.500001544824293,84.0,0.3312858119242701,0.059991596343642185,0.5936634154835961,5.0988527749855415,58.66676060919864,0.20476407950802072,0.2732578852319919,0.6798173545182475,3.2396701710982097,52.45592929159638,0.11235788677346482,0.5398664530338536,0.025218940055031617,0.04732822048132798,0.06208937429417613,0.0,0.04551042341356867,0.42542663706755934,0.2812967473162664,0.24249392343412365,0.05241578769784894,0.8954233228710407,0.47909583269623557,0.14560388328728918,0.059098774908886875,0.05100381004283199,0.11092735049864563,0.01822512989283303,0.08094083565933549,0.9,0.4193871968186761,0.1252534898608945,0.018005008453711883,0.9726342283459545,0.45291205711712346,0.12311581631370214,0.0406604698351488,0.033279784656370874,0.07270883054198231,0.0386999595059008,0.07214559193241693,0.8013083485434023,0.3508128130620925,0.05468267824238446,0.013092878739202715,1.0,0.4497652970234936,0.1,139,139,0.5179856115107914,6.057553956834532,0.2158273381294964,56.86389635102363,0.2014388489208633,0.03597122302158273,5.703703703703703,0.23333333333333334,12.3,0.9333333333333333,0.06666666666666667,80.45573763776618,0.6103896103896104,4.714285714285714,0.025974025974025976,0.03896103896103896,55.700278593046555,0.5625,3.4375,0.0,0.0,50.727626663119366
Level_123,0.17720138998874557,81,13,0.9307996780040746,0.4521065468713672,1,1,169,0.2718823123424667,0.503098593884475,9.421100253846303,80.2898003129443,0.25318733466669263,0.11612869076817307,0.6280247768446093,4.139809109710188,51.431623619704,0.18529370183210508,0.2697922145482172,0.6766899404591703,2.881403982697863,37.52230685523185,0.06611040483158998,0.5540197958073465,0.0425092633168538,0.04254342067619833,0.0036187227399744806,0.0,0.0333893368300763,0.28825294725017114,0.18543756477947124,0.175821158705503,0.02121038039829992,0.9388200092177422,0.35511577364999636,0.14708033601954304,0.014068169503443919,0.0680632916639055,0.024220831228377503,0.0012521390271214919,0.026835997424805146,0.3778823700867145,0.20502429810278747,0.09872638078140406,0.009338207545265181,0.9116513083016481,0.3914315996366417,0.1796422769640295,0.03360920938758992,0.08331349226922212,0.026799200273570238,0.022954385823734214,0.04247777734325903,0.6508752989604857,0.29319841822253684,0.06796124826298383,0.017225927697361178,0.964825529442517,0.4409591133294921,0.12780587391803028,135,135,0.6,5.2,0.1111111111111111,52.979809538144146,0.1925925925925926,0.02962962962962963,4.776923076923077,0.5,9.34375,0.4375,0.09375,77.08677524019595,0.5897435897435898,4.141025641025641,0.01282051282051282,0.01282051282051282,50.89372727826889,0.76,3.2,0.0,0.0,37.72972178664062
Level_124,0.09402076981107071,173,12,0.9807225470216769,0.5573206591015138,3,1,259,0.2060150008085416,0.45178719576885484,8.979425661128728,173.0,0.24479412369390638,0.12581380560002212,0.5883385037570698,3.891370828381434,105.41811094156058,0.14207002500551655,0.3223789369588064,0.6941487081757429,3.3316822186142683,73.78678056171275,0.11861530236495292,0.5829769028010802,0.0,0.08305074567541752,0.02488154379303824,0.01606703605183746,0.014701687710070363,0.3275498303807066,0.17213500574956742,0.1810859194622585,0.011474426577520649,0.9388691125720892,0.39436834352897415,0.25277975514150347,0.000553090106428877,0.07469284882865906,0.007198976697727093,0.030835022220635135,0.027420340466683873,0.39547742520013984,0.20521228633583954,0.10460853712828519,0.030868920974595426,0.9216514831912512,0.30182763236827526,0.18839117710410494,0.009962973718606747,0.019669417612288048,0.05497087120814589,0.0,0.05698784977547563,0.4406233152339286,0.19061581353801246,0.08723677245990694,0.005159588342265468,0.9523386433406504,0.3865054410146526,0.12904175982033256,145,145,0.6275862068965518,4.855172413793103,0.0896551724137931,110.95023955613648,0.2689655172413793,0.020689655172413793,4.442028985507246,0.5428571428571428,8.514285714285714,0.34285714285714286,0.05714285714285714,159.94215661493857,0.6585365853658537,3.682926829268293,0.012195121951219513,0.012195121951219513,106.04618795719703,0.6428571428571429,3.7142857142857144,0.0,0.0,73.94870412421936
Level_125,0.14117406501677668,42,7,0.6021715406661972,0.7379995049418366,3,2,99,0.2161680247065701,0.537516021336144,7.7226304207993675,38.39612593759792,0.23858742982693396,0.15965594491809104,0.7195455580851273,3.761581405057621,24.973196386426405,0.1016376537626042,0.3550144435123715,0.7038476835226458,2.516005249881245,22.935384221934562,0.13669810461028908,0.5820345064730061,0.02089233750834746,0.0050992552524391395,0.0,0.028276631603814398,0.06378390638292271,0.27878639457528803,0.22191803968066626,0.16830068917505617,0.022751359599110323,0.909714997011028,0.49017134337012674,0.22797358134496074,0.009604513488582982,0.025107682505852248,0.0271140455382333,0.06411106665187147,0.04171802349339332,0.4712421303261665,0.25405843598900346,0.09322390450014809,0.007093131342338998,0.9570680077601311,0.3733342338668197,0.1357588883643047,0.01530872870036433,0.009969218099501215,0.03228057897351881,0.023240976088001797,0.048830852545805374,0.4034021315332935,0.20616093849002431,0.09965654357075208,0.00552741958532032,0.9500313418479137,0.2988483551255782,0.12074825708920686,129,129,0.6201550387596899,4.573643410852713,0.05426356589147287,25.996867020028002,0.24806201550387597,0.015503875968992248,4.25,0.4375,7.375,0.21875,0.0625,35.473849340550636,0.7066666666666667,3.986666666666667,0.0,0.0,24.755408523652065,0.5909090909090909,2.5,0.0,0.0,20.852216852382465
Level_126,0.22084311545050256,143,9,0.9223376576804114,0.5657909074507189,2,1,63,0.18403962139094757,0.6610692924127198,6.693246789665424,132.46597510410547,0.19324329101164298,0.1181426355701677,0.6046530143058549,2.4845836879506447,95.98092295312392,0.1430032363198195,0.30799645961189254,0.7445381261328341,2.7760659191345303,64.46305497497931,0.06636513385617654,0.5980956260388213,0.056002277522491914,0.0033221709528874904,0.0,0.0019948882658339666,0.0,0.14480887976847856,0.04138642654426204,0.09576097238107265,0.014886310831354268,0.9637466550200078,0.3276466189770578,0.38408002044467165,0.023135547309796542,0.04098077632049239,0.020970202631792008,0.005748468429844496,0.031076794026951286,0.3426671281657696,0.19253943403701607,0.10960562035378128,0.0020280814491501296,0.9687537807675315,0.3567965012858222,0.1192455517617184,0.0,0.04833200105009173,0.034202306258806534,0.0,0.016007303942613484,0.3066557690548109,0.11886219676265333,0.0462719466316208,0.0,0.9557943371253742,0.3305793903866121,0.1570976588496251,138,138,0.644927536231884,3.420289855072464,0.036231884057971016,93.4083025956077,0.18115942028985507,0.0,3.2735042735042734,0.6666666666666666,6.75,0.20833333333333334,0.0,125.23957221948956,0.6746987951807228,2.5542168674698793,0.0,0.0,94.58918114554308,0.5483870967741935,3.161290322580645,0.0,0.0,59.559507726284544
Level_127,0.37720590636899726,153,8,1.1964758475798964,0.12203123433140908,2,0,241,0.20899487445582318,0.4683301032281043,8.598107821077742,145.10272868537027,0.22626748240425085,0.12744583549446117,0.6583856174200844,3.2022912987372085,106.97865037218642,0.10931802132007246,0.26579629976274416,0.6469116657294374,1.9557372606243182,68.77787436611482,0.10558204586634702,0.5807441360218983,0.003839503811061306,0.05102820073077778,0.0,0.005071063336563885,0.0,0.14154859286566135,0.09935668363242621,0.13960052980660048,0.03008645639211845,0.9214004863764438,0.2570835736450128,0.35797056782501574,3.397400749817481e-05,0.006031965737990138,0.025072377779329167,0.024931645383423146,0.004051394762256331,0.16898786565983928,0.03495104026121268,0.07647453810567363,0.0,0.9771420654141302,0.43161318959640277,0.14749510314754588,0.00603514852162047,0.015955284557099242,0.0,0.008914401461208858,0.0,0.09617404955115433,0.039009150126766555,0.06355228316199851,0.013245656280487858,0.9241597707155309,0.7336194668805691,0.1641928542733013,142,142,0.7253521126760564,3.6056338028169015,0.035211267605633804,105.1267287756907,0.2112676056338028,0.007042253521126761,3.436974789915966,0.5357142857142857,7.5,0.17857142857142858,0.0,138.40023618928035,0.7654320987654321,2.8271604938271606,0.0,0.012345679012345678,111.35363410061142,0.7878787878787878,2.212121212121212,0.0,0.0,71.08170026227023
Level_128,0.3942922333025374,135,1,0.942526210691867,0.46103068813345055,3,1,224,0.16861105768497625,0.5440601856451435,7.251829808308784,132.8029962280182,0.1925273934606245,0.1623220366495221,0.6358279142353,3.2768446836190024,92.81346634310586,0.1254083685594201,0.3268354924884074,0.7798411087752043,2.2111166872067423,61.45509742081122,0.10094425823251787,0.6035165072560869,0.008618654556178235,0.01864343817400832,0.011556388351932206,0.01327454877042003,0.0269779554891438,0.18673034344520323,0.09236589755691486,0.13188742430800482,0.024323918033363832,0.9584029379274356,0.35314421197998497,0.14370588682707236,0.04223104304161111,0.0,0.022731701283017988,0.033152432973804234,0.02372798165126391,0.34247422503344294,0.2126710867280539,0.07600042495580796,0.034014430394797616,0.9837729185318509,0.3905686042773332,0.12295258265012234,0.05591910951525991,0.020820845841381434,0.02587189645137302,0.0,0.024204817063328166,0.3946461056177853,0.16542629886734672,0.07501702755773702,0.008479851259427084,0.9651049945597724,0.3757772139419827,0.14133618079709012,113,113,0.6637168141592921,4.079646017699115,0.04424778761061947,89.13836350091825,0.20353982300884957,0.0,3.8217821782178216,0.4782608695652174,6.956521739130435,0.17391304347826086,0.0,119.08562651680745,0.746268656716418,3.5970149253731343,0.014925373134328358,0.0,90.78479535444323,0.6086956521739131,2.608695652173913,0.0,0.0,59.7282573687018
Level_129,0.05278085221247628,176,10,0.721756334392639,0.48537203710628474,2,0,78,0.14143235618366803,0.6140488874064303,6.385311766615716,171.79617052713363,0.13655415426908063,0.1969597603334418,0.6907188155325994,2.5266114780487903,107.63632993496724,0.09587803311224104,0.36544625022650423,0.7721245054894116,2.6872065336236917,86.08456018258512,0.02864112124996897,0.6416560853444433,0.004232503388690571,0.036054455704987776,0.011999763298672195,0.0,0.04847230829308896,0.23794781769564732,0.14069746112471895,0.07139401313153429,0.004717917187983682,0.9663794999873027,0.4116209242233958,0.2028572964613936,0.01654710239576263,0.03748281451526023,0.047936184560833386,0.0,0.04872418885964584,0.4235571438413854,0.2087920647102733,0.04527135052420693,0.0,0.9472426394990215,0.29760448639183634,0.11476473677675109,0.0,0.057560779024118866,0.005743177230304343,0.03232484115293658,0.0,0.2975912616031103,0.15647995173642343,0.029560553593549928,0.0004483703818669801,0.9941248521066425,0.41562243773875085,0.1927744928471118,153,153,0.7058823529411765,3.5555555555555554,0.0392156862745098,115.14404451980543,0.3790849673202614,0.013071895424836602,3.488,0.6470588235294118,6.235294117647059,0.14705882352941177,0.029411764705882353,163.8532280969867,0.7303370786516854,2.640449438202247,0.0,0.011235955056179775,108.89660506527892,0.7,3.2333333333333334,0.03333333333333333,0.0,83.45268860772137
Level_130,0.2542989210310263,174,9,0.801589677751502,0.3393045370419088,0,0,253,0.21349378334050498,0.4866096097845084,8.462793714838682,170.1323051688844,0.207224144245676,0.1355097036645605,0.6563177830097953,4.007914631722142,105.48853812777956,0.18324178030815666,0.3537694357482099,0.7398370837821695,2.936936135388784,70.23394044694476,0.06229858694154575,0.6009781470427691,0.006217858542772648,0.04459097768636135,0.0,0.0,0.01679484710795915,0.15964969897803405,0.10772355504111643,0.15705547557189728,0.0,0.9745964302621997,0.48331488604723166,0.2775665187673857,0.030651086139255324,0.04900610971593863,0.0,0.0,0.03781884604172328,0.3301992229637853,0.1508920580625615,0.1449642727422073,0.0033117655604793118,0.8987045886481755,0.39401023265675383,0.14796565425908972,0.04941153666624254,0.023988166962243075,0.00038932479522596833,0.0014543503329376107,0.015244674022135056,0.2815935629906265,0.12267740614816387,0.008671097032170921,0.002721259539331838,0.9802603225467633,0.40556124148806055,0.17485018463736735,138,138,0.6014492753623188,5.086956521739131,0.09420289855072464,115.33747414281098,0.17391304347826086,0.021739130434782608,4.654135338345864,0.5555555555555556,8.555555555555555,0.3055555555555556,0.027777777777777776,161.71759463882688,0.6144578313253012,3.8674698795180724,0.024096385542168676,0.012048192771084338,108.01557196966155,0.631578947368421,3.8421052631578947,0.0,0.05263157894736842,69.15535755200273
Level_131,0.2169644012595116,149,1,1.6519469200818144,0.5891553884997783,2,1,213,0.16846188789362845,0.49504327979029494,6.845578984913042,149.0,0.18781419657804918,0.14373347653090687,0.6897214448522924,4.1130705193208765,94.62257906786314,0.0943731532650215,0.3080242529535003,0.7461159373883536,2.257325057112617,66.84578247404626,0.09757251503634828,0.6166650033591533,0.0,0.0025627626746221816,0.03132452229935064,0.008268837205872365,0.013708566718480225,0.13192743835638862,0.08828263984103987,0.16208495425150835,0.009699229005879129,0.9391864213791482,0.30590727543483054,0.23565128980645217,0.019734584568760965,0.0,0.028025314660032254,0.028969422367013435,0.04219564910228213,0.33427184199785615,0.1686562549177308,0.08433663971322677,0.022932628129024038,0.9888483379265365,0.4009613137439041,0.12585503408470533,0.006103845814949089,0.01643494466306658,0.021912979934453736,0.0,0.04674349961694926,0.2837943819860516,0.138984978607735,0.05752554377852187,0.01970116030078011,0.9678306742501378,0.31904966062231843,0.16413069419058493,138,138,0.6739130434782609,4.442028985507246,0.043478260869565216,92.08062532505961,0.3115942028985507,0.007246376811594203,4.193548387096774,0.4,7.08,0.16,0.04,141.06066254714696,0.7108433734939759,4.457831325301205,0.024096385542168676,0.0,93.16509090924363,0.8,2.2,0.0,0.0,69.00629858807065
Level_132,0.1388431241882921,92,4,1.0158342960144813,0.7474936118152119,4,2,276,0.20296217823008658,0.5294292081296845,7.396683547283578,83.56724460167882,0.18984796916004254,0.1786604923189994,0.6688744040391994,4.23307835168935,49.71885684367598,0.11129780305450601,0.32874911317269584,0.7096478526811606,2.451309601823174,35.4197368921182,0.12361681252408643,0.5763710048541547,0.009825230371378401,0.0,0.0,0.0,0.07555137430558434,0.20162139936190343,0.1302198231005307,0.1572688154459761,0.0,0.9360592733296232,0.4060198324538607,0.37286966995347576,0.008846304029137652,0.012098826844844436,0.0,0.04858417864437654,0.02881744239629513,0.2764310112842081,0.15543262666753835,0.04699386640433954,0.027226678370921447,0.9500467336243434,0.4575864392614262,0.175121657883464,0.008499729598127935,0.0,0.032649293454891384,0.013886289987643996,0.0,0.17126669669101802,0.10295426427612363,0.08143282935878872,0.0,0.9637757736597818,0.3413816644060029,0.18952759925182752,128,128,0.6953125,4.0546875,0.03125,50.899969857554034,0.21875,0.0078125,3.8053097345132745,0.5454545454545454,7.0,0.18181818181818182,0.0,82.26654753056773,0.6962025316455697,3.7974683544303796,0.0,0.012658227848101266,50.04470153210495,0.8148148148148148,2.4074074074074074,0.0,0.0,35.92909830407838
Level_133,0.09794614693347313,48,12,1.4106746526201888,0.7404548103254212,2,3,229,0.3005079058198096,0.34119914145695185,10.69252996670738,48.0,0.3367961209568285,0.0730587818859735,0.6553046340880752,4.297341811093372,33.01222687720706,0.17972215531525376,0.27049062853647515,0.6984145041794267,1.9622821006271383,24.028046320350164,0.1250692719003621,0.5286786877741765,0.0,0.061617672327836444,0.02693966307051902,0.04122092475446849,0.02666785309294927,0.36945582922501563,0.28739206744336104,0.23148842725117574,0.05162794389619143,0.8985727715951968,0.39693763948892113,0.16632933663573085,0.022287302168765608,0.029744106230345724,0.039371511970310316,0.04431348684366615,0.03784331453670767,0.4878380675259807,0.20335276507608274,0.15760228828429132,0.017239186371492188,0.905713596117651,0.4645783606986268,0.1,0.03023738065402781,0.0751962471253181,0.03827789086354959,0.012133447938928964,0.08631777313716446,0.7535963766150343,0.3533045977470564,0.09267190244413903,0.03524885730903837,0.9829360478609066,0.4253490318540857,0.11438932893418918,115,115,0.5826086956521739,5.947826086956522,0.16521739130434782,32.821429896826785,0.13043478260869565,0.034782608695652174,5.766355140186916,0.36666666666666664,11.6,0.6,0.1,44.579344977257236,0.6440677966101694,4.627118644067797,0.01694915254237288,0.01694915254237288,33.37838587214762,0.6923076923076923,2.423076923076923,0.0,0.0,24.460241399775303
Level_134,0.18504606856145117,121,4,1.7585431771371423,0.3606714971233057,1,1,174,0.18633659827281512,0.5721252138634587,7.02791317450102,113.80262899921885,0.15016601800750512,0.10371146378069453,0.6829242663710877,4.236055854607497,75.92039817888856,0.1027065654786608,0.3233463936047912,0.7457392374643022,2.2686932354514515,47.931100108929925,0.04068674477315182,0.6112380385222959,0.01981610509455331,0.0,0.0,0.0,0.0,0.04679678764672698,0.03738535515888337,0.13493073534225264,0.0013309790950162402,0.948886598941063,0.6947025822847932,0.414590730260306,0.02218053915667724,0.0052818558687221535,0.0034716666731850233,0.0,0.03590758613173511,0.1878771179110493,0.13417136487426268,0.08337602025294258,0.0,0.9720893052755895,0.41257697202469995,0.19011083252893343,0.03578210492062281,0.016410919604589683,0.004275920876065712,0.018629697729329403,0.03924905934104324,0.3558434066152622,0.17520330714604734,0.05234694145974879,0.005669189109846713,0.9839850528494701,0.25883243600912076,0.10998958818751663,132,132,0.6590909090909091,4.25,0.022727272727272728,77.1915875605716,0.22727272727272727,0.007575757575757576,3.95,0.5925925925925926,6.111111111111111,0.07407407407407407,0.0,108.84985638904269,0.6835443037974683,4.341772151898734,0.012658227848101266,0.012658227848101266,76.4034113047158,0.6538461538461539,2.0384615384615383,0.0,0.0,49.89918853472906
Level_135,0.4271638815650077,87,5,2.2259870715734134,0.0905904366726042,0,0,253,0.27990581588526403,0.3761559368432035,10.54884736420448,86.87579716824993,0.3331729502758545,0.11906018486918327,0.5778628063215197,4.313580255683169,54.25314256742202,0.19194174658941993,0.3409245405862351,0.65634034730458,3.116965539884527,36.29416246421513,0.1603779270696783,0.572225276163157,0.017481211751174862,0.04282787932546036,0.02850105967187721,0.042275813477620834,0.015139486523128553,0.3453191903559789,0.21223769699641876,0.23619441433714036,0.030695564815342427,0.9160469529560846,0.5441794937049573,0.12366591433018165,0.028788882217030447,0.04113314792750106,0.03319044555581871,0.06143392296509679,0.02386013337265779,0.5295691740693237,0.28461897680126613,0.16235111551550982,0.0482735667779559,0.9582809897875476,0.4149666260848638,0.11578871515266337,0.033653445230269176,0.03278625030030964,0.0563869600997728,0.02751164801789767,0.0,0.46784406646225113,0.1649208292863136,0.09682973265683915,0.011620636546022156,0.9404049703373512,0.49563442063525487,0.12026804674153381,127,127,0.5590551181102362,5.173228346456693,0.08661417322834646,52.93467063180898,0.2283464566929134,0.03937007874015748,4.883333333333334,0.3181818181818182,9.590909090909092,0.4090909090909091,0.09090909090909091,84.4830963012186,0.64,4.666666666666667,0.02666666666666667,0.04,53.14496224203409,0.5333333333333333,3.2,0.0,0.0,38.50135957076688
Level_136,0.17928117280830208,119,2,0.5982803496027473,0.7878729591698677,1,0,56,0.16100223711721864,0.6601437001426318,6.563335738224827,116.6483967380193,0.18806034055898743,0.14778024288828256,0.7274526805765039,3.1194749113787292,66.87515258271685,0.048112024017233544,0.3055396985852095,0.6988689046524066,2.6740078771346076,49.95299095481181,0.042031678427839766,0.6317191853347989,0.03965808906889138,0.0024255936071978486,0.00736960507361588,0.01763623003505281,0.021671242760575714,0.2096132636954806,0.15181615286571884,0.1249005189689304,0.0,0.911255685663572,0.28925237842712975,0.18829815545820427,0.0,0.016870841559371946,0.0005198333625294734,0.0,0.06116574076264758,0.2208047445164977,0.12490414669147411,0.0068358618423611794,0.018949119570228098,0.9831252501524044,0.38381649511805993,0.2757638971879527,0.0008945398981098128,0.0,0.0,0.0273410730089573,0.04258014380506413,0.22037452057009915,0.1114064115959151,0.01946293796313099,0.027350304212842347,0.9817679867738864,0.3864882316657653,0.19234437502296453,124,124,0.7016129032258065,3.411290322580645,0.03225806451612903,69.34123864742143,0.2903225806451613,0.016129032258064516,3.1401869158878504,0.75,6.7,0.2,0.1,109.87048445256784,0.7083333333333334,3.0,0.0,0.0,65.8218618639041,0.65625,2.28125,0.0,0.0,48.93883526085892
Level_137,0.25751624869734646,146,7,2.4985259972726066,0.6711184691567473,1,1,78,0.23884553391602445,0.4383958645965552,8.46600277838525,144.04545687812566,0.26563406865872263,0.10625935231319815,0.6803393740092137,3.6040629395577257,96.4448611641617,0.11169684777522404,0.3095365796634817,0.6976123245008884,2.8235621420890635,68.83536506187505,0.07593025877462524,0.5590488405808723,0.0027869159269260924,0.011355368354352621,0.022575851082430497,0.011887884813898205,0.01964875592904781,0.1611872892325332,0.13431652368442282,0.17367579479028705,0.02297552340289162,0.8992361310194561,0.40822519664113843,0.1391961798563805,0.020489107678890568,0.037878626717827046,0.059300452775003724,6.453450419165695e-05,0.027993799752277487,0.40960508512048033,0.2263494327768688,0.05087131033434804,0.01943072894606544,0.9573339779437829,0.4580134586017177,0.14442211001260177,0.017333572803206573,0.0,0.04411778076739527,0.0,0.04013636680978861,0.31613508368827087,0.14872954233521402,0.04290049892930666,0.0,0.9888078575627479,0.4568899434188534,0.13911352933364196,138,138,0.6594202898550725,4.1231884057971016,0.036231884057971016,96.22977440255598,0.21739130434782608,0.0,3.918032786885246,0.5833333333333334,7.75,0.16666666666666666,0.0,134.57094007212498,0.686046511627907,3.5348837209302326,0.011627906976744186,0.0,96.20271652185615,0.6428571428571429,2.8214285714285716,0.0,0.0,66.49755749074076
Level_138,0.3312075835580711,91,12,2.0697509737272695,0.09973014496261348,4,2,188,0.2503665645777892,0.44590206200970084,9.049864139013833,91.0,0.29987661926237774,0.13624272533709358,0.5508446858098085,3.85169767337825,56.03750012947464,0.11818585109929773,0.30920723760419294,0.7647860535147544,2.625766598577174,44.53469403738143,0.10040209828269275,0.5619290677283442,0.018435761133150087,0.04364559608249797,0.026855318503645524,0.03822267321842965,0.02040940239077068,0.34849146622210403,0.18304896222440878,0.20386423975390183,0.022119043579052085,0.8886809557897029,0.42353128441938737,0.12488315252527774,0.055857394487167346,0.051068786659177044,0.05291551826709031,0.025415610229311797,0.0016513003375766703,0.5253588458053375,0.22984727227914337,0.07975070957416247,0.00545832425920709,0.9613570000272926,0.3335077559571332,0.10612036813346346,0.03163614202190597,0.06013835421054794,0.028479428038699347,0.0192490154640823,0.030842080813557275,0.5301038070883608,0.2648895350038601,0.054250916995794096,0.00976087496808711,0.9981199080860571,0.32111642879065727,0.11323276807266908,134,134,0.5746268656716418,4.111940298507463,0.06716417910447761,54.34413606996346,0.2462686567164179,0.014925373134328358,3.8536585365853657,0.45,8.6,0.4,0.05,84.0356437422476,0.5698924731182796,3.6021505376344085,0.010752688172043012,0.010752688172043012,52.55561857376421,0.7142857142857143,2.0952380952380953,0.0,0.0,42.8486599531636
Level_139,0.19545184095171758,52,0,0.7043975798721798,0.7366735060938979,0,2,82,0.18374029546730206,0.5926264619876258,7.498186236596111,52.0,0.2484037524385635,0.15360211831072537,0.6920647818920164,3.275833954467802,27.070224987022506,0.1387534050395885,0.34821960831186616,0.6553615132570191,2.4445082884356135,16.333732967309135,0.11277131898967196,0.5603808652292372,0.027044058049222407,0.008258629085512486,0.028754270814433266,0.05290845373909708,0.03871516619358051,0.36764797668836247,0.24957981684298208,0.16611909033616987,0.01929911316126019,0.9444850261079025,0.42778543443388817,0.1435202607495209,0.0,0.00014126317256352904,0.0,0.05068217326414104,0.0010494686676478515,0.14580328619993127,0.10711321974006302,0.10718307206561582,0.006940868573463338,0.9509623232401078,0.356024151826073,0.3452386835204563,0.028599787439224124,0.0,0.00425108959543194,0.0,0.05349281477355536,0.26869655243304585,0.09396557885709415,0.07199619339052513,0.0,0.9536057295197148,0.43572437620468357,0.19834445153626998,141,141,0.6666666666666666,3.780141843971631,0.028368794326241134,26.96240648402526,0.22695035460992907,0.014184397163120567,3.512,0.391304347826087,7.391304347826087,0.17391304347826086,0.08695652173913043,49.03692626952986,0.7555555555555555,3.3222222222222224,0.0,0.0,26.77119746889187,0.6071428571428571,2.2857142857142856,0.0,0.0,16.04073206987986
Level_140,0.43871283308838427,156,5,2.6839465602669432,0.6959170896497027,0,0,183,0.2956933344544154,0.33927078266484145,10.234105755885176,156.0,0.3497799031613126,0.09266331582572149,0.6132886362747334,4.450754786823068,87.54175776507172,0.22873440185010702,0.28368232928765175,0.5935617362078911,2.379503432953874,69.28195946422083,0.13206887970015627,0.5405399107636831,0.014300051816475211,0.013366620148455124,0.041370503136389764,0.026201267989450917,0.04016293857084867,0.3197575746827195,0.21541722512928635,0.24825425666042852,0.008951685939683731,0.9292782965032448,0.42317649145531094,0.1289774783255292,0.009566832830105513,0.011434688415065676,0.054007022746849716,0.02299338622013278,0.04359508906436578,0.3979979660884521,0.19323334874901704,0.19604129775361417,0.020495956411351463,0.9044187372061646,0.37964889634395416,0.13535663671748427,0.039001935325037346,0.01829410135968392,0.06823320002766294,0.019943762327582597,0.02344309672192305,0.5256570761704868,0.21189456381921412,0.1078642601898688,0.023516958534440132,0.9623580118305307,0.5298522793331536,0.12955906815837565,146,146,0.4863013698630137,5.260273972602739,0.1232876712328767,92.727407420705,0.15753424657534246,0.04794520547945205,5.162962962962963,0.3125,10.125,0.53125,0.15625,146.61987582337315,0.5421686746987951,4.349397590361446,0.012048192771084338,0.024096385542168676,87.19043359121568,0.5161290322580645,2.6774193548387095,0.0,0.0,74.61735356447606
Level_141,0.4349789179768445,166,3,2.802181001329533,0.4150704457008577,0,0,160,0.24159749086442037,0.485216384063239,8.546897539112091,166.0,0.20569906319362466,0.09997713790303618,0.6039237066836851,4.0130669174402955,106.68135850177569,0.14182501796252808,0.3095220144443139,0.6995191711728368,2.929248188175876,69.20405259760625,0.09942106172204865,0.5899590805324876,0.036076143240720435,0.0,0.06184716883258045,0.0,0.0,0.23125111715409657,0.11476578627041935,0.14720082385653455,0.011528458310746144,0.9362012966711631,0.41204152332097327,0.2662943868276224,0.03482216137336818,0.02605644294727171,0.03094172949629416,0.011115947400656447,0.04500140476491491,0.415820180606252,0.22950930166268907,0.11339909085007228,0.019583593461594856,0.943158881071433,0.4155966522820744,0.10796359403583043,0.04390467050910092,0.030903511871620413,0.024329452194959654,0.013196061002220679,0.0368152428226095,0.4641428309121107,0.18874038976894184,0.048518033298147134,0.026274274306847534,0.9769408303221047,0.3305950785769023,0.1,136,136,0.6397058823529411,4.661764705882353,0.0661764705882353,100.06341793546058,0.20588235294117646,0.007352941176470588,4.376,0.5217391304347826,8.565217391304348,0.391304347826087,0.0,154.94228209365542,0.6351351351351351,4.027027027027027,0.0,0.013513513513513514,104.0613070390879,0.717948717948718,3.5641025641025643,0.0,0.0,69.8331623008598
Level_142,0.15071291833014566,169,0,0.6526948996371593,0.47302034859594344,0,2,128,0.08445680211852227,0.7513404548541164,4.554199506759397,153.38824071191465,0.052826037285933006,0.20588864794041623,0.8054427390766893,2.677177427024885,112.83043390379416,0.045609429575413044,0.3583843078041553,0.7645388241394658,2.4131827972791484,65.7665293332104,0.0443031046662112,0.6235540382346938,0.0299614744216828,0.004873744229838246,0.0,0.0,0.027436593060453398,0.14705820014364043,0.12294682033476007,0.03703914650322139,0.020969912624292913,0.9807757543504199,0.31420029247631936,0.20236281673433365,0.004836373373154597,0.008419458887787796,0.0,0.010039957955115246,0.000657538910286545,0.0673275208902166,0.0,0.027072975166548465,0.014510014381313361,0.9967427692276524,0.7615111087825394,0.14693871260522795,0.03658581398145305,0.0038379547174607217,0.042578869751033616,0.010690287773304538,0.005874889421985552,0.3098492575067319,0.14857221970974668,0.039568461169405905,0.01999033311419251,0.9668575084655602,0.3723528105925972,0.1369759416269846,150,150,0.8333333333333334,3.066666666666667,0.006666666666666667,108.47544315389653,0.36666666666666664,0.0,2.8389830508474576,0.8181818181818182,3.9393939393939394,0.0,0.0,142.30474487918667,0.8933333333333333,2.84,0.013333333333333334,0.0,114.3932910677385,0.7380952380952381,2.7857142857142856,0.0,0.0,66.22102519227577
Level_143,0.24889940235695418,158,14,1.1921941203680093,0.3192021630961042,0,3,209,0.23789105697814253,0.39847291135144625,8.973745726524866,158.0,0.23817778420552357,0.14006982299013843,0.6140789279147668,4.121597540698315,109.87191773319773,0.14483619908028095,0.31022611603364514,0.7016161075783564,2.8169479607439416,68.11647584527064,0.08694622057143528,0.5843198397794263,0.0,0.06040724471707438,0.0295035715194705,0.0,0.03198785855133364,0.28787021320520356,0.16924684441181448,0.17546321233879347,0.03676801133837018,0.9299477080006066,0.40861276985351236,0.2091155195505157,0.021230115859785306,0.06534829025475591,0.014567146952677433,0.005231629417468601,0.031793430896176894,0.388367095435722,0.19339077265120996,0.08085795520287882,0.022799162635374032,0.9629827111034458,0.36530770845520333,0.1678320819113587,0.025389474817672834,0.09447476619069618,0.0,0.0043937166717381015,0.020640486402522418,0.45091553954393654,0.24000132168763788,0.02682430979963798,0.022673091457904727,0.9743244771728278,0.39521192002562167,0.20905403316300672,129,129,0.5503875968992248,4.891472868217054,0.10077519379844961,103.71152968933835,0.26356589147286824,0.015503875968992248,4.827586206896552,0.2857142857142857,9.178571428571429,0.4642857142857143,0.03571428571428571,150.32334919944375,0.5972222222222222,3.9583333333333335,0.0,0.013888888888888888,110.60302229351592,0.6896551724137931,3.0689655172413794,0.0,0.0,70.25009278631441
Level_144,0.17035132392670788,87,6,2.5155031994826533,0.04380931105762507,4,1,228,0.19911743995460732,0.5404231489878953,7.481110683007126,87.0,0.21582956665730094,0.14059172896479163,0.6569407427076217,4.1882626570300285,53.03269782675779,0.1543268130510101,0.3134891785082089,0.7225948119158517,2.2148644345572674,36.30722128379034,0.0884264638192138,0.5832096285648676,0.013868653024595319,0.009772880488038139,0.062223409565065335,0.015953422600698743,0.0001972821904046851,0.24091538610540594,0.1449517861481271,0.17489362215583748,0.011071478029413294,0.9584886960549734,0.3624873622069724,0.2572114596214799,0.01505503981211924,0.009391047142109126,0.02722238138279093,0.02659439188685219,0.0,0.21997962491383402,0.09732700000815007,0.13262878059009006,0.0,0.9570631522040334,0.26013175760837104,0.1231895537582059,0.0164090329740448,0.040413927047096204,0.021438683486810182,0.023727059412257886,0.0,0.3173829180555392,0.13866692239566744,0.05067176474460554,0.004154708120111452,0.944158583707394,0.3024252835694307,0.1269349728117208,137,137,0.5985401459854015,4.547445255474453,0.072992700729927,58.038428755849495,0.16058394160583941,0.014598540145985401,4.161538461538462,0.5882352941176471,7.382352941176471,0.2647058823529412,0.058823529411764705,82.23850567228007,0.6338028169014085,4.098591549295775,0.014084507042253521,0.0,56.36723881434601,0.53125,2.53125,0.0,0.0,33.99148811108739
Level_145,0.16393619775098706,151,8,2.370649225959146,0.26815779331672074,2,0,252,0.22437894667194383,0.510082561705297,8.226594511342821,140.0080508798308,0.25785903301977303,0.16940338347439804,0.6230621987818487,4.269808641096212,93.68755946873452,0.10680677397744907,0.3226798591283435,0.687869361265885,1.4618380120770431,78.11500273535586,0.01,0.5833962285623203,0.01623280529679946,0.020496426777226052,0.0,0.0157756716206211,0.051974980722522976,0.246734811967098,0.1461930337221325,0.19949240582266758,0.012826476551290272,0.9040952274102566,0.42083017316158006,0.2098008766302325,0.006571104319134886,0.0,0.08399591481020192,0.0,0.021523381366000866,0.3150613737713209,0.16018063686765024,0.05547063326920004,0.02231915303893886,0.9480549981696976,0.36914054141755404,0.26575824121733804,0.0,0.016839225123080982,0.042865822882126293,0.03750927337741057,0.050004982183986364,0.4581379194186668,0.24574694397711705,0.0004102139956402781,0.0,0.961618993925212,0.414395777261371,0.10891059106444466,143,143,0.5874125874125874,4.496503496503497,0.09090909090909091,95.62928060222495,0.1888111888111888,0.013986013986013986,4.267175572519084,0.4444444444444444,8.62962962962963,0.37037037037037035,0.07407407407407407,138.47852430220345,0.6022727272727273,4.090909090909091,0.03409090909090909,0.0,92.73618092484091,0.6785714285714286,1.7857142857142858,0.0,0.0,76.63682578652033
Level_146,0.06475477894181313,30,12,0.9613025483909433,0.6422827588784092,1,0,107,0.2910615488985596,0.44615805257581004,10.498597576957335,27.259201105588616,0.2925741584158404,0.08439590733627532,0.5824827907051536,3.586043406963525,21.915603644427343,0.18178799882117933,0.27618317371970347,0.7435154749257523,3.247124073233391,15.424926719705415,0.0958839338313875,0.5272882193109295,0.021290745312762593,0.06285330852686465,0.0027153088035771662,0.02186781734925064,0.025334258330974416,0.31659322712013166,0.19865616292972177,0.17510395152209018,0.033748572402391944,0.9169951321299437,0.3979441027572421,0.1979050658504439,0.03545155664925803,0.08015536401478585,0.027312410420200627,0.030450544430923987,0.02378212586118412,0.5541507579677407,0.3004883293499162,0.15982097027027195,0.03044390743095191,0.9418335371109329,0.4620983061602942,0.14438485918350055,0.0,0.0587585773767407,0.030339497241692902,0.03068080847147967,0.06753719005554899,0.5829167367695921,0.2810611280806816,0.10061594714025254,0.0,0.9785697480084289,0.4581047798012913,0.1156623638315038,134,134,0.5970149253731343,4.776119402985074,0.14925373134328357,19.954289123401914,0.20149253731343283,0.029850746268656716,4.666666666666667,0.48,11.12,0.8,0.08,25.223912150491042,0.5416666666666666,3.5972222222222223,0.0,0.027777777777777776,22.05818036112036,0.7837837837837838,2.7837837837837838,0.0,0.0,14.944384482157464
Level_147,0.29382573359195874,63,3,1.0233733083417758,0.003705618403682287,0,2,264,0.1967513535516119,0.4725381371614199,6.942396811537761,63.0,0.2180944647700532,0.11301117738308268,0.597622730491531,2.2970502609619174,35.03923315333382,0.14730674102444002,0.328841466457399,0.6314166919779489,2.2327845205196666,20.508999842924425,0.07807014532608371,0.5896703142387,0.0,0.0,0.024964781450599834,0.02291859226082373,0.0,0.1130791374334336,0.040819429348406454,0.10158770264099813,0.0,0.9540756131646326,0.3975555611157541,0.21883739667270055,0.0,0.0002608185574125132,0.0,0.024009695669617782,0.0018864603518455847,0.07352148184058753,0.025020947689353812,0.09742702572497781,0.008713535089320015,0.9122666767638109,0.7268814951474939,0.3221848932228437,0.02511069782235733,0.008890153626691877,0.01141382449555493,0.021956160645483853,0.0,0.20965412929639385,0.09409855551808588,0.04915305563320483,0.024031879303953688,0.9689014615755592,0.3486442137872024,0.11920344455733958,130,130,0.6,3.3692307692307693,0.05384615384615385,37.76486452870002,0.18461538461538463,0.0,3.2432432432432434,0.6538461538461539,7.3076923076923075,0.2692307692307692,0.0,57.849412648354296,0.6575342465753424,2.6027397260273974,0.0,0.0,35.190925448919984,0.41935483870967744,1.8709677419354838,0.0,0.0,21.004230512955264
Level_148,0.2510716092915446,125,3,1.426180256978455,0.26679933735291533,2,1,75,0.13646085187671853,0.5497550193122163,5.226340646861216,119.77476982129569,0.12471623205625633,0.15379972007390993,0.6256518169627464,3.558846770633385,79.57932866632349,0.09690933622422647,0.34483040297561307,0.6971677654164644,1.8961181624825643,50.965685029380275,0.014595484167033455,0.5522596064979649,0.0,0.0,0.0089136104656093,0.0,0.0,0.021049965880500614,0.0,0.1059877606641649,0.00301791899819466,0.97260701378192,0.698536859315751,0.4042459981079539,0.0,0.0,0.0016790381030503086,0.0,0.0,0.004719405488995698,0.0,0.09964817680931554,0.01466540859278603,0.9744967324104399,0.7214093123905287,0.29356864210464295,0.008381949080177399,0.0,0.011826704126438305,0.0,0.0,0.0628881546783277,0.01909152736604361,0.0,0.0048291058241824655,0.9996669629023144,0.7582958260127611,0.18511575715380912,133,133,0.6691729323308271,3.3834586466165413,0.015037593984962405,75.16412783861162,0.24812030075187969,0.0,3.2818181818181817,0.5,5.4,0.05,0.0,116.6317833579405,0.6794871794871795,3.4871794871794872,0.01282051282051282,0.0,78.39201918393235,0.7428571428571429,2.0,0.0,0.0,52.63509720417755
Level_149,0.07059150049999574,155,5,1.7113074629775533,0.3185349548727547,2,2,275,0.15372241038822068,0.618571824256747,6.067983308554537,152.9356385414012,0.14767466912951988,0.15982153773982402,0.7644334453700832,2.5463399338980546,101.11925664175482,0.09792089473089471,0.3610320408601551,0.7256621773178483,2.7156732408887265,72.00823568207616,0.06692976727410624,0.6014397793481387,0.013694279995272143,0.0,0.02496067134237686,0.0,0.011329769936875782,0.11804158162785017,0.11257883854779176,0.07603469442235548,0.015973324150612294,0.9594892315931189,0.41779147669389666,0.20968027306970213,0.0011903534799532415,0.026679779103964928,0.03796541978353865,0.010929016572652463,0.008503567100746042,0.23966990894165977,0.11906040126559052,0.08212325211281185,0.0,0.9992008857370029,0.3474892990615643,0.15774892652966332,0.0,0.0,0.02574875558150301,0.0,0.004528037644428774,0.09421962147051013,0.062210975896218906,0.006873058954649361,0.0,0.9795631702776012,0.6166618296605401,0.27041438711744403,156,156,0.6987179487179487,3.3333333333333335,0.019230769230769232,103.33321889486942,0.20512820512820512,0.0,3.0902255639097747,0.6216216216216216,5.675675675675675,0.08108108108108109,0.0,137.44983109161953,0.7613636363636364,2.477272727272727,0.0,0.0,102.69136838731642,0.6129032258064516,2.967741935483871,0.0,0.0,64.2975296043852
Level_150,0.16145858569464458,147,11,2.04563692882574,0.4299164823503383,1,1,223,0.25211227041580353,0.47449766860032455,9.154109812119218,147.0,0.23008141914362112,0.12624410304235464,0.568567729772231,3.9045154623800866,101.00555679462371,0.18129874502649634,0.2981272173619089,0.6043900377551801,2.4090631290383637,74.98398794793454,0.08462628072010563,0.5332122936260425,0.01815140064994415,0.04195163987532704,0.02230230763719484,0.0,0.03196359410008372,0.2700883487902174,0.1330423318118442,0.1565616853626811,0.027574616493565896,0.9509964961082565,0.3982752219868971,0.15475264821429655,0.0,0.03838033011118139,0.07615086682890976,0.002843663016712166,0.0,0.3299148228642918,0.13478594865498045,0.12416921172969828,0.011860005882112236,0.916127733851209,0.3368933713553321,0.23012225976996878,0.01708231126900732,0.035005364769966775,0.02976062182235764,0.008889353298300744,0.03578685803545599,0.39373692167944047,0.18756540073701572,0.05991898823100755,0.021217050017944578,0.9550841148106924,0.3261071008438392,0.1,136,136,0.5147058823529411,4.992647058823529,0.09558823529411764,103.03147526885118,0.15441176470588236,0.022058823529411766,4.72093023255814,0.4864864864864865,8.54054054054054,0.35135135135135137,0.05405405405405406,135.72002636937384,0.5,4.0588235294117645,0.0,0.0,100.18917662756692,0.5806451612903226,2.806451612903226,0.0,0.03225806451612903,75.71171049075434
Level_151,0.41330635438666147,77,14,1.422284098924431,0.7358844931302084,4,1,275,0.364403052573972,0.32058052154243166,12.650261696929396,77.0,0.3658582993965626,0.07163628003550682,0.47712809309670573,4.330167907562096,50.74985592627548,0.13754486275440608,0.21877812960627357,0.6272259061201091,3.4045355182008437,26.531346488453806,0.18384936987609463,0.5450253359680143,0.05019288616293332,0.09124553024588689,0.03628410690115692,0.01281326375704784,0.06221491775249791,0.596884251701452,0.3246920868683483,0.2326985490564066,0.058394106599787915,0.8361778643210465,0.35710959761924477,0.15261403856385483,0.04166594106737437,0.10622610661485923,0.0028326449069397616,0.06638744264557572,0.09115952924056084,0.8664836031913604,0.4854009761445451,0.08589347649156172,0.028067659808735948,0.947017987707323,0.4715259371108122,0.12245315787418583,0.043974954572077625,0.04430296887680806,0.06241593631039705,0.053356599613304065,0.07184375578854897,0.8585667684291454,0.4652630162425664,0.14096997602906441,0.033041511013823494,0.9439401029978849,0.45259109080902643,0.1,131,131,0.4732824427480916,6.442748091603053,0.21374045801526717,48.20659583508282,0.0916030534351145,0.10687022900763359,6.357723577235772,0.3125,14.3125,0.875,0.21875,74.18092718195082,0.4927536231884058,4.101449275362318,0.0,0.08695652173913043,52.41261615232473,0.6,3.433333333333333,0.0,0.03333333333333333,25.831706709810337
Level_152,0.14582475626678898,118,2,1.6563367903328698,0.27707679549276903,3,1,78,0.11400948256960208,0.6634096090058861,6.021151206479316,111.95982962944115,0.08257970300668023,0.18365953712466732,0.6068233823926128,2.011085641766807,72.20319265889351,0.08874194912768849,0.379634636986439,0.83176924113008,2.5821257329553937,41.177433866411675,0.08823400548150244,0.636611020694116,0.011916585692283998,0.033307440424644445,0.009475661987281475,0.0,0.01493845345182945,0.164454180423499,0.03289155547562317,0.021766183353075765,0.0,0.988783595488614,0.4086998680635404,0.20130914999784366,0.038217024816904845,0.016140435077187355,0.0,0.0373508844370599,0.02344549257683374,0.3236720173265659,0.15905014797691852,0.055301206842460336,0.0,0.979959550835896,0.3038897025261096,0.11770963550106288,0.02754322651502246,0.004750185450686262,0.029376188979755108,0.0007648734477313244,0.03296000201690838,0.2968620682734426,0.10032023140740635,0.06927292098959677,0.008492048266180083,0.9488677722552522,0.3468730569264544,0.11065525129789444,127,127,0.6614173228346457,3.1338582677165356,0.023622047244094488,70.72921713997786,0.28346456692913385,0.0,3.0485436893203883,0.6666666666666666,5.962962962962963,0.1111111111111111,0.0,107.05733491689436,0.6428571428571429,2.0285714285714285,0.0,0.0,69.94483432960838,0.7,3.1666666666666665,0.0,0.0,41.27165078198394
Level_153,0.10795794883648924,146,12,2.3686773453343912,0.27756256151698216,3,0,53,0.1990699874062377,0.4972542809226546,8.162045448900654,146.0,0.1857193888094167,0.11756343877591827,0.6187494220608467,3.863291263352296,88.4416463352531,0.09981972194991989,0.3022573590202526,0.7114628300819912,2.8195526313752093,72.872080769854,0.05769102839270067,0.5963720913434933,0.0,0.056967189945287926,0.05479114585354,0.0,0.0,0.2639232625773096,0.13751042209684883,0.14083282673068745,0.003989349905810227,0.9312026696946265,0.3343413799193641,0.2150327962561001,0.0068650860205041846,0.05348538394525709,0.0688548081277795,0.0,0.023147013545728796,0.4282286626594195,0.1231736020929751,0.07844013921244868,0.009614677132294622,0.9951109361035737,0.48883283163151786,0.16041521482085597,0.008169573619764506,0.03483256058818673,0.048891991640456545,0.0009219857236009224,0.029611988350024224,0.38098913401859236,0.18427132741200583,0.04373512199091027,0.003589109847934988,1.0,0.3437993205412898,0.12799314767439654,126,126,0.6349206349206349,4.333333333333333,0.05555555555555555,91.54762395443349,0.24603174603174602,0.007936507936507936,3.982905982905983,0.52,7.76,0.28,0.04,139.43929079055218,0.6571428571428571,3.7714285714285714,0.0,0.0,88.36146774875883,0.6774193548387096,2.838709677419355,0.0,0.0,68.87960093498076
Level_154,0.24578110411102522,158,11,0.5917080072264947,0.5900009984877987,2,3,258,0.21562248615682375,0.5205223285463382,8.129958336334811,158.0,0.26448153894760484,0.1648485198409579,0.5721286457120073,4.104557469405914,96.79790173610075,0.07445450478840053,0.30067567876429413,0.7145049265153636,1.83451611117611,70.88363835950055,0.07309896366945567,0.6108377967471248,0.02054385375885659,0.036332018529482486,0.013594120305829372,0.025025914845031895,0.060679662613702084,0.3688169270650991,0.18712848928044518,0.2003201804693763,0.01647721187251766,0.8840428803785895,0.35356067753028847,0.1640802737053207,0.020512797930010186,0.01221167490474034,0.016297986987223186,0.000936324681541196,0.06222449507542449,0.3153224363738708,0.14167526879022713,0.0536612832762347,0.030389746505114182,0.9686991562374769,0.4147743548804553,0.19671224017091068,0.0009603141142331666,0.006072911102519542,0.0,0.0,0.05119575104729503,0.18120519109384822,0.06605976476272676,0.0744144665187323,0.008801221571004686,0.950950904001964,0.4267287162613238,0.2809785535743912,139,139,0.5035971223021583,4.071942446043166,0.050359712230215826,101.63603698958623,0.19424460431654678,0.014388489208633094,3.9365079365079363,0.5416666666666666,7.5,0.25,0.041666666666666664,150.38121328085305,0.4375,3.95,0.0125,0.0125,101.18269530132622,0.6285714285714286,2.0,0.0,0.0,73.55329459425128
Level_155,0.4442601816442403,45,5,1.1310923608600518,0.36177435271184577,1,2,148,0.2549103910061987,0.4705245958065658,9.331911157027179,45.0,0.24682125562173635,0.11861504225189137,0.6909179647521695,3.75102792768623,27.932379707642575,0.16828231258946866,0.28612261771665065,0.6222820857885816,3.2177569311080774,15.425741490821254,0.08954931379397975,0.5457241798476904,0.039835410449399075,0.020862208425796117,0.025973866306234727,0.009689441211558493,0.021411986858596386,0.2781270075866565,0.2095400619630095,0.16124467092068104,0.023594681679367954,0.9361776753039787,0.3721810917003049,0.14271428190993649,0.008770665679973845,0.0454814122915779,0.0018559584272033539,0.0271984676760295,0.004076680009951018,0.24561484213266022,0.10466794241416519,0.10592139065125396,0.0,0.9356702996378414,0.37293174127478196,0.1844228510265912,0.05377728576261123,0.029326789889396535,0.017634044576616627,0.01798228557131089,0.02959211843865651,0.46153995863496616,0.1791656559316493,0.05189269524104319,0.00738634538020252,0.9692195004424345,0.428508872113277,0.11626516749237649,142,142,0.6056338028169014,4.802816901408451,0.09154929577464789,27.11624524384036,0.19014084507042253,0.0,4.584615384615384,0.32,9.76,0.52,0.0,41.86788407864494,0.7738095238095238,3.7023809523809526,0.0,0.0,27.57609166628213,0.3939393939393939,3.8484848484848486,0.0,0.0,15.739081540982514
Level_156,0.14682210860460015,98,6,2.283373964711381,0.17968385835198558,3,3,190,0.17708349550837585,0.5252197101623742,6.59873998832232,94.57474789346061,0.27022163709416763,0.17373474065063443,0.7176782328358499,2.121146817994552,63.76058039484864,0.14745985365991424,0.35665536366006606,0.6894943566192571,2.5556256548370304,45.145121632134625,0.05020027409822662,0.6307805324216276,0.0,0.0,0.01871898355914467,0.0647483468231535,0.030300678062612923,0.26866921157230356,0.21359716487650152,0.13733430012301914,0.03253294285396232,0.9464066797750089,0.4395553028618912,0.2401028521040238,0.0,0.022933360175514707,0.03764910460404272,0.0030675160032132276,0.04290202538916153,0.29949416983317456,0.0999899661353092,0.09990926935558732,0.007049446776391534,0.916383581053704,0.3402641358339189,0.1427715732820356,0.0034573101639598447,0.032025804444656775,0.020947203907179943,0.018000134640582113,0.0,0.2316232458946852,0.11149307218506953,0.05303840298929513,0.0,0.964094486009587,0.41374035175005114,0.1376724167074675,137,137,0.5766423357664233,3.0364963503649633,0.021897810218978103,64.14059060401651,0.25547445255474455,0.0072992700729927005,3.036036036036036,0.5454545454545454,6.7272727272727275,0.13636363636363635,0.045454545454545456,88.92424421010394,0.6024096385542169,2.253012048192771,0.0,0.0,63.91505287291293,0.53125,2.53125,0.0,0.0,47.30959315002415
Level_157,0.31885421896235144,51,10,2.7380170942179984,0.36195161290615474,2,2,282,0.340446849138009,0.43368547922092576,11.795612687178464,51.0,0.3824821340954763,0.09289798949457273,0.5102573458876072,4.450452568977831,38.29322520625317,0.20014465404397463,0.2211077760652225,0.6280390988716992,2.63243386830812,10.0,0.12841161521052702,0.5491317582966708,0.06988136447692314,0.0563708788031537,0.052391161692718444,0.04646439429995375,0.03766082846613426,0.6205421102605211,0.3522390250147453,0.25681260490178376,0.07649841326200732,0.8825063894788032,0.3293950289562688,0.11243222836121622,0.025061946647549262,0.04935559873807743,0.009428331393830758,0.0404985359628985,0.04945015282378787,0.4884981616560171,0.2213693444359984,0.14167279842516523,0.028558374779789914,0.9420253663729697,0.43153152932452415,0.10102214205768102,0.04309660792747415,0.06128183110029928,0.042031258660378996,0.006652883378763075,0.02689235091564214,0.5600092931448876,0.25202436816779417,0.057247832946840556,0.01693719182111987,0.9728849389040578,0.4300219178875902,0.10923496606761644,132,132,0.5606060606060606,5.287878787878788,0.12878787878787878,33.31383398216455,0.17424242424242425,0.06060606060606061,4.992,0.52,10.84,0.56,0.2,46.52712115385576,0.5616438356164384,4.465753424657534,0.0410958904109589,0.0410958904109589,40.28882115810706,0.5882352941176471,2.9705882352941178,0.0,0.0,10.426473609883134
Level_158,0.35464784613148703,122,9,1.7791936052891653,0.11268561630383989,4,1,88,0.18805340651515476,0.5698195472501305,7.271608788176388,118.78727163999847,0.20864276274721336,0.156135923999236,0.7715817353808494,3.7003292548225115,73.31375805367108,0.141418280325181,0.387533608067138,0.6994902122303687,2.523022409307497,52.99133171195638,0.044950764278828007,0.5867141983162258,0.029484479091722325,0.022434838198870447,0.013654397465248063,0.012785970455463291,0.014432792885874866,0.2191343794356847,0.19757807993358292,0.15388601403110028,0.012579828721012801,0.9564646621198948,0.5321087892890616,0.1339385477511777,0.013653518738361892,0.031075780324118233,0.022373071353583702,0.0,0.0005666227584202677,0.19020260305129236,0.0961584117486479,0.056418114339330444,0.008030060630709046,0.9984160367053205,0.3632462665049744,0.162528019117929,0.010459606549630565,0.02172664747309381,0.02950884490055582,0.03470803951490037,0.0264995233009725,0.38246594282194746,0.27062200783990487,0.013366578336418276,0.016570974460290974,0.9798861432907215,0.4053503760049789,0.1,132,132,0.7727272727272727,3.6893939393939394,0.030303030303030304,73.9502031074157,0.2878787878787879,0.0,3.5,0.7777777777777778,7.111111111111111,0.16666666666666666,0.0,110.01976370526934,0.7894736842105263,3.513157894736842,0.013157894736842105,0.0,74.38347674152956,0.7368421052631579,2.4210526315789473,0.0,0.0,54.98697930681635
Level_159,0.14505501759695988,105,9,1.8302837131632892,0.14110958920497865,3,0,64,0.17923325850368974,0.4984699261598864,7.323277125075309,105.0,0.16782118577854852,0.1619242644253904,0.7146633304718125,2.694410283642454,73.85095143051734,0.1559083028418732,0.3494278327798452,0.7834272234235281,1.5420422039596953,47.161859470217706,0.030605513013202516,0.6176857662088497,0.0,0.03333935998231525,0.0297588904406652,0.0,0.01771822847447543,0.19085241944744977,0.14295408202035106,0.08789659866950138,0.026922247467864816,0.9818992094262083,0.42449614385477846,0.17377607266218095,0.03343248093993933,0.0,0.02842627104996097,0.0,0.029035285813490234,0.25548307697544304,0.1575817544792097,0.11829917428508521,0.011152871424691763,0.9587746783867316,0.4275349921779736,0.13034965633674273,0.0,0.03871383181059056,0.011116932437502933,0.0,0.0052924242993384295,0.17154016016261103,0.07440777943321739,0.0,0.0008464800723235662,0.9804450117036151,0.3494107882499762,0.22437577300325084,139,139,0.7410071942446043,3.4100719424460433,0.03597122302158273,73.15568788297472,0.2158273381294964,0.0,3.3727272727272726,0.625,6.96875,0.15625,0.0,99.59185433225201,0.75,2.6973684210526314,0.0,0.0,75.86984571816495,0.8387096774193549,1.4838709677419355,0.0,0.0,46.86990612945972
Level_160,0.34128653944474385,173,2,0.7679300283494401,0.3986942181915838,2,3,168,0.1106609881212572,0.6834353464679943,4.7734209861160455,162.89923215515776,0.14052316355322753,0.18691199817406565,0.7007626897336261,2.976967864859635,105.8903651648831,0.10584402648027574,0.3602003830340803,0.7780871083816906,2.469912777231353,78.72866362912944,0.05851929244066065,0.6002764011699312,0.024461203878908527,0.0,0.0,0.014651720018887161,0.019984145236174495,0.1395608764492519,0.07395940251407274,0.10203341288284239,0.002485268597466327,0.9841413400057127,0.3554263409549609,0.1740256926168214,0.022483952920734424,0.011861755833655323,0.024150729173765536,0.013099746908712705,0.0,0.2012410719544828,0.10914440383289176,0.05449639404185687,0.0,0.9678012124722429,0.3535852037357052,0.11941555165016629,0.013013496309945855,0.017293106813575727,0.01877340298001368,0.015083592139470163,0.02109178140830313,0.2653097882305108,0.08873487760444658,0.03546659869506661,0.01034750234200128,0.9995082431688328,0.4469553297528327,0.1,129,129,0.7596899224806202,3.310077519379845,0.007751937984496124,107.97774675250143,0.2868217054263566,0.007751937984496124,2.963963963963964,0.7419354838709677,4.774193548387097,0.03225806451612903,0.0,156.11137101656195,0.7457627118644068,2.983050847457627,0.0,0.01694915254237288,104.18824162403271,0.7948717948717948,2.641025641025641,0.0,0.0,77.64435538408956
Level_161,0.19711325308770128,115,6,1.6185309170586366,0.33514035960363836,2,0,78,0.1812184611040578,0.5066209939981559,7.478764936917451,115.0,0.17844680320524922,0.16258929297794997,0.5391158684282781,3.442092764245965,72.64438567311181,0.15793001254357647,0.32641473554605116,0.6628787946563225,1.9202385525587027,44.80603353937598,0.08412453352411513,0.5776889989944901,0.0,0.028508776395229224,0.025349342607175293,0.0,0.028037860252658846,0.19340171703940734,0.03998814288968691,0.12460656526021455,0.0033542051889053114,0.979265249625853,0.36974268441080876,0.14664878906110784,0.0,0.0,0.0,0.022406591660906014,0.0,0.06297998329046656,0.022136763343158634,0.08748436071638861,0.00407589708563125,0.9590626424522668,0.6634184130545735,0.3502125275522656,0.01097274098720407,0.024269917504799548,0.0,0.0,0.008808438750385306,0.13708445529771868,0.0700943012172152,0.05796194912155373,0.0,0.9753512517763165,0.3318600959355238,0.17576140234229912,148,148,0.527027027027027,3.925675675675676,0.0472972972972973,75.16176799204145,0.1891891891891892,0.006756756756756757,3.753731343283582,0.5714285714285714,6.771428571428571,0.2,0.02857142857142857,107.72815559633459,0.47619047619047616,3.357142857142857,0.0,0.0,71.66791959990701,0.6206896551724138,2.1379310344827585,0.0,0.0,46.74100041423677
Level_162,0.3029223322374318,58,13,1.8315431661375579,0.7318767208544801,0,2,206,0.369850194104684,0.3400564681457992,13.418055046716189,58.0,0.40309850407241954,0.10086519518299725,0.6371594830510241,5.2484473026380165,34.92517763071378,0.24417394119496716,0.25777100385527957,0.6458926515744925,2.211305322929474,26.41015493812701,0.10901659708788647,0.5065547945599992,0.04935245708784636,0.1107889869827331,0.08666778900671433,0.0400416326935501,0.09425423741983091,0.9,0.6108337031021196,0.29375478284271545,0.11564095918726221,0.893912998599712,0.46221778138475644,0.12296224970336636,0.038540860581637415,0.05308080300581085,0.046873516261872736,0.02151512120744302,0.055499392352388266,0.6057501781283036,0.31690930166897785,0.1371748718942628,0.03112285682477029,0.9265259775625377,0.5424621118996628,0.1,0.04320730572033398,0.06364196371398631,0.07954058529064198,0.05097823901156723,0.047074949846345374,0.8851702258000113,0.34614103219252834,0.07859364780605092,0.01860495078836048,0.9776279097923534,0.5532049491147892,0.1,138,138,0.6086956521739131,5.673913043478261,0.14492753623188406,33.637927564078176,0.1956521739130435,0.057971014492753624,5.376923076923077,0.2916666666666667,12.375,0.7916666666666666,0.20833333333333334,54.85501558685506,0.6666666666666666,5.0246913580246915,0.012345679012345678,0.037037037037037035,34.2677410110174,0.696969696969697,2.393939393939394,0.0,0.0,25.70186050781053
Level_163,0.3034118843043579,98,2,1.106176259086824,0.2899151192933065,4,0,124,0.15015922013319333,0.6552148317705593,6.270205465607539,98.0,0.23897449389191264,0.1660889575629743,0.6179019615619252,3.2610639452726233,49.32760734178482,0.09235854124696379,0.3503587605143095,0.7573394383649024,1.5992025352107182,37.64537649982486,0.08091798217082759,0.5960234244521091,0.0368399391580336,0.0028301043686359594,0.028495998361589232,0.06146257080781077,0.014813780448505554,0.3411084048514481,0.17518262749171953,0.1696737530926219,0.0,0.9298163246104582,0.3861198094722442,0.17965817248628935,0.02363246254782122,0.0,0.0,0.028167988657686868,0.00030380289319584773,0.14645355715675626,0.06571394938512627,0.028773128915516838,0.0,0.9560321501807083,0.36252910462928845,0.1910295634831094,0.008295112511690666,0.010537322647996724,0.0,0.02369977219872483,0.008416475773553943,0.15854934184388292,0.07744407154857613,0.05788025457732201,0.0,0.9560980866184025,0.3618080854077477,0.14854196153259452,133,133,0.6616541353383458,3.6315789473684212,0.0,59.75407045485486,0.2781954887218045,0.0,3.319327731092437,0.7575757575757576,5.757575757575758,0.0,0.0,93.54101104463994,0.6376811594202898,3.3333333333333335,0.0,0.0,49.40107978399014,0.6129032258064516,2.032258064516129,0.0,0.0,39.272916495561205
Level_164,0.2643098736299034,76,12,1.1731080773734524,0.46447068022243476,0,0,165,0.3061635946012144,0.34564503137077507,11.018367385564446,76.0,0.32777488517757203,0.1139368595335067,0.48810736670124466,3.962774286368938,54.20854495594986,0.13563918240381356,0.29043887387851536,0.7192338343555169,3.291136814537877,34.956012327512326,0.09127156218147722,0.5230700759709759,0.007862971932702974,0.0692669533622217,0.01742372841160156,0.024612980204278916,0.049731078412713195,0.3988609436570934,0.2005517550344519,0.2099810408066693,0.04170836820289951,0.8696282182087851,0.4547262171379886,0.17322760439844956,0.047079599070162514,0.08348648642004138,0.029051874168444725,0.013902623615465286,0.014419850405737896,0.5282590744674416,0.24386718693421147,0.0678384776204237,0.028484895130574513,0.97577384359241,0.46090742163893056,0.15774219176883894,0.0,0.08514233193675246,0.028330245798967105,0.034218219638889845,0.04173195212159603,0.5894725911775117,0.2850411042328769,0.04533902691079949,0.020477881835681076,0.9445221924670067,0.3536898933620486,0.1441935378693241,120,120,0.49166666666666664,5.116666666666666,0.15,53.56690227324096,0.13333333333333333,0.016666666666666666,4.7844827586206895,0.5416666666666666,10.75,0.75,0.041666666666666664,71.04156452128035,0.4225352112676056,3.8028169014084505,0.0,0.014084507042253521,57.03282370455477,0.64,3.44,0.0,0.0,32.870136512995536
Level_165,0.08611590802176333,123,12,1.4432104077615566,0.5058114303356244,1,3,81,0.20306892939238544,0.5740257517824958,8.193457162356257,123.0,0.25379264353234654,0.13919993657952348,0.6988268245561929,4.222837185971329,81.98016558220958,0.1144594829915328,0.3298845175631148,0.7876460161018453,2.1727337336953307,49.071565748818784,0.08069977172239819,0.6099007562516191,0.024513762158576223,0.05441666571269934,0.04356235793608472,0.03263124067185182,0.023883932522427063,0.42273682968991894,0.290523430177271,0.20158628050593239,0.044234793647311685,0.9189409571776971,0.4090077950571266,0.12842090160659442,0.03685705330505725,0.028028518004621313,0.0016311530455453416,0.014709078906897932,0.05014030775007809,0.36924114125384955,0.1504336327677457,0.06594121894146314,0.018193136113987568,0.9701773855647753,0.3508162463847162,0.13542608360668443,0.0,0.028681204706242483,0.03537526570056718,0.0,0.012564892018942724,0.23844122825154254,0.13043851278497723,0.05268502331741441,0.005578094725398348,0.9779342277240832,0.4496315392813842,0.14774091312045914,141,141,0.7163120567375887,4.368794326241135,0.05673758865248227,76.67445829552501,0.2765957446808511,0.028368794326241134,4.12,0.64,8.28,0.28,0.08,115.35970609252828,0.6962025316455697,4.215189873417722,0.012658227848101266,0.02531645569620253,80.59015672737294,0.8108108108108109,2.054054054054054,0.0,0.0,48.86354567873541
Level_166,0.3841209982356952,173,1,0.5501779944443159,0.01047556527066691,0,1,179,0.10190354336746789,0.6830692628007433,4.734211813040158,162.2274692541422,0.0889605340830887,0.2102631491842245,0.8455599627913628,2.735963560426258,105.56663855487186,0.03584472816099499,0.3610301962781179,0.7033886958932462,3.011432359040173,71.95227186719333,0.061295595990662116,0.620728161312283,0.01999860577934983,0.0,0.0,0.0,0.029069218613953993,0.11587628080613435,0.13788780518493354,0.05910178239762268,0.0033200108252161536,0.9564469078687495,0.3452404514097496,0.24871786142965863,0.0,0.03237294658778778,0.0,0.01700131758855935,0.0,0.13878015808316324,0.02660692733853693,0.06415649246322785,0.000993468807335399,0.9895988465903747,0.35891719873421335,0.2315990125617633,0.02761935658349618,0.043657179172106424,0.0,0.005585401128271769,0.0,0.23918988198810517,0.13789138617207963,0.012957983821348506,0.01112680411206421,0.9752343940929068,0.3470564867667351,0.181761108381195,141,141,0.8226950354609929,3.1773049645390072,0.0,111.24008316598625,0.23404255319148937,0.0,2.8869565217391306,0.8260869565217391,4.739130434782608,0.0,0.0,167.51288382605898,0.8777777777777778,2.922222222222222,0.0,0.0,106.95259643430076,0.6428571428571429,2.7142857142857144,0.0,0.0,70.65831868052898
Level_167,0.17831202598869433,114,11,1.3051979139579457,0.5308298976133685,0,0,224,0.2826183250915305,0.45956826912615834,10.251454003541287,108.06756300748188,0.3041781363839441,0.09564704614442462,0.6572498971068781,4.247294330977278,74.53428161700255,0.2346992765798527,0.2830059015572413,0.6322788781482943,2.410383248693524,45.33664079901769,0.10073422009183959,0.5606694359971922,0.03155947703847048,0.056295209236322266,0.0,0.014844238070094943,0.023977718101814312,0.2991536383205835,0.22413080472467445,0.21237860467856223,0.0347577524159413,0.952165413434773,0.4031804090212459,0.1875546455185572,0.0,0.04109733033906797,0.004675215327912367,0.014871756585959916,0.044555663510137296,0.2956938826834663,0.1451731550070247,0.15377190008799282,0.019326764111538785,0.9100828964804791,0.42860282959377194,0.1501738529529184,0.009170752253718547,0.04130074092040624,0.041640896092375965,0.0,0.018716299303280056,0.3448924398035036,0.1381849094625209,0.09777853356693271,0.017837078803162914,0.982308427421527,0.4556035349556241,0.120386835040487,137,137,0.5985401459854015,5.116788321167883,0.13138686131386862,74.14798015626674,0.2116788321167883,0.0072992700729927005,4.8359375,0.39285714285714285,10.035714285714286,0.5357142857142857,0.03571428571428571,102.49530196662653,0.6785714285714286,4.226190476190476,0.03571428571428571,0.0,75.8994709615202,0.56,2.6,0.0,0.0,44.74401474102354
Level_168,0.1246074041599417,68,13,1.0286200174913616,0.14242877349580116,3,1,255,0.24546154395929157,0.5634665647876538,9.075588666418495,64.27158155017965,0.31822248654510016,0.1600564132967219,0.6440992980331494,3.4970583721377344,46.384145386582226,0.14200035200260483,0.2987899167432132,0.626663412272588,1.7354287267058262,33.07754991430421,0.102008383189579,0.5570750217546765,0.04711175739723657,0.05343518254014907,0.0,0.05832575681557741,0.04475900531984321,0.4808871104878189,0.3212531260042981,0.20409038140010619,0.056274376460778056,0.9010155377878233,0.390620953401041,0.1210361421714179,0.0,0.019036175372654236,0.02985516867919735,0.0320045623456899,0.0,0.22738053650852758,0.1297157992617837,0.102955248527184,0.01995302470489187,0.9834700530379138,0.30370215297890896,0.14013699606356286,0.004248229693866661,0.0538314747913159,0.0,0.0178544790009435,0.031125095012908815,0.3331622546619468,0.1570398626004865,0.06533334677474528,0.014925876991308516,0.9677993159898753,0.45937741351084627,0.1610938220589102,152,152,0.5921052631578947,4.118421052631579,0.09210526315789473,46.46205987023557,0.21710526315789475,0.02631578947368421,3.9703703703703703,0.5526315789473685,7.894736842105263,0.34210526315789475,0.07894736842105263,62.985979520352714,0.5974025974025974,3.272727272727273,0.012987012987012988,0.012987012987012988,45.69749817187729,0.6216216216216216,2.0,0.0,0.0,32.90412619510602
Level_169,0.06631005662190557,129,9,1.3187433804447866,0.7688562539755641,2,2,133,0.20514096978354365,0.5107902849920725,7.956897979040473,119.6071483544802,0.20274323563259414,0.1393626752959179,0.6758819897456066,3.4194866326725943,74.35064403394117,0.12678072607366075,0.3140454464795289,0.6959855706420564,1.9340761075061752,60.47287237700034,0.05835785980544857,0.5481982127422789,0.0,0.03272466743850818,0.0,0.0,0.03862782037828557,0.1685027004295588,0.12100857993732064,0.1330546199189857,0.0,0.9416411254459115,0.3723109738957834,0.22788911492497638,0.0,0.008440656668558366,0.035204242063804785,0.0,0.003018913380202097,0.13116167561737926,0.05975426831762001,0.0967561359816891,0.00603124132943493,0.975259837084564,0.48282014343644947,0.26637254634788715,0.02380840291466456,0.017321433547404824,0.04707757371432269,0.029306753234907126,0.03354186423941176,0.4700775818589318,0.19248022048701335,0.031072779482940172,0.00834755120418792,0.986594148843058,0.3989541656206687,0.1,135,135,0.6444444444444445,3.8740740740740742,0.044444444444444446,77.31051652620829,0.2074074074074074,0.0,3.694915254237288,0.5,7.423076923076923,0.23076923076923078,0.0,117.87805576948277,0.6455696202531646,3.2911392405063293,0.0,0.0,74.27769233229533,0.7666666666666667,2.3333333333333335,0.0,0.0,61.10599581868622
Level_170,0.28635717727529675,62,3,0.799405329548128,0.11893018220249037,4,0,71,0.14068646437516708,0.57238646487565,5.665265282077079,58.28159712434598,0.20631483826508829,0.13733213442979444,0.7371559296576402,2.683090357987886,36.12479755569539,0.10095643990631427,0.3664008161872745,0.7600090097534915,2.95555332450387,25.526322746032214,0.04475312967221723,0.6157932280844284,0.0,0.0,0.00046743094695992065,0.050083140156830006,0.0,0.1193778661385402,0.11635977927675115,0.12672433250502377,0.006712847747559194,0.9491352560412829,0.41296309059342007,0.4160494097743055,0.021413141134721023,0.03175055561889713,0.0028052892286378186,0.009904837328329485,0.009584113878219138,0.2120956054006041,0.0957359375693192,0.07329081165873695,0.013872755261658959,0.9586546512807597,0.4208068087961942,0.14899676396051628,0.0,0.01149973993716357,0.00778068592710126,0.02976820753830627,0.03323807761291436,0.25607146391223184,0.09363870719377758,0.06310599733943371,0.0,0.95410641049951,0.3266625435094261,0.12929508824932182,149,149,0.7248322147651006,3.530201342281879,0.013422818791946308,36.13267770852253,0.30201342281879195,0.013422818791946308,3.4262295081967213,0.5,6.464285714285714,0.07142857142857142,0.07142857142857142,56.93472888249659,0.8023255813953488,2.813953488372093,0.0,0.0,36.127134113420205,0.7142857142857143,2.942857142857143,0.0,0.0,24.498829373579447
Level_171,0.321025744736913,130,11,2.7263182018497374,0.331699298981619,0,3,252,0.2972294665090855,0.35426449873145843,10.572463722591134,130.0,0.3422403818934766,0.1058925239168038,0.6150243296075242,4.291362702110973,88.92649291442174,0.1796457532966249,0.292979347841983,0.7156134659003667,2.635401630653471,57.71236117165142,0.10082682501686056,0.5095297805546372,0.010835204660639884,0.054982272345177864,0.054391174561778145,0.026539599813654738,0.02720978971765185,0.410811179588642,0.2748170240037403,0.23610934612696513,0.05496938841915267,0.8981999343594061,0.4485696227176773,0.13351330675407994,0.048372183584932386,0.051374105301265655,0.05478756687718768,0.008267372486938422,0.0,0.4575983170507003,0.19284050384974705,0.12420315809311756,0.014346666781355752,0.9661427710846513,0.3990320207963348,0.1194674398927867,0.0,0.019647635007293503,0.04209457881860952,0.012688219955353894,0.05522265843025423,0.40347289025929456,0.19364176607854458,0.0457338468408178,0.009734281125509617,1.0,0.4676774554870967,0.1365299375066961,138,138,0.572463768115942,5.27536231884058,0.10144927536231885,87.35604164149144,0.13768115942028986,0.050724637681159424,4.9541984732824424,0.39285714285714285,9.821428571428571,0.4642857142857143,0.14285714285714285,126.43302657962968,0.5697674418604651,4.546511627906977,0.011627906976744186,0.03488372093023256,89.77031190568103,0.7916666666666666,2.5833333333333335,0.0,0.0,58.506248101238256
Level_172,0.056635131571142465,52,7,1.9839811338851217,0.06827973446291509,4,2,76,0.15400615538218929,0.5513011759857726,6.684376420629777,52.0,0.1494526445359364,0.1469987269198489,0.6985549546618268,4.087903483128686,26.370050498531047,0.14325522444223615,0.2795897651538387,0.7268996788958888,2.0954711246719535,15.202471924870743,0.03304486554138097,0.6036915235920817,0.0,0.02792735061949775,0.05389843336420193,0.005177987722881505,0.0,0.20546404097020513,0.1297151099229771,0.13885102077800235,0.0,0.9890652274478341,0.2145830304196617,0.2610548215123815,0.0010976271890003751,0.007001638864776734,0.0,0.0014957563099620794,0.0012561939270782094,0.030500373774798573,0.03451802953035585,0.0763727818375804,0.015592281419576897,0.947072015899625,0.6448865129772072,0.22227161223014744,0.0,0.007046548818254327,0.014386051670147587,0.0,0.0010079555543527064,0.06983370663327702,0.0,0.0006196635983272934,0.0,0.9868017006369451,0.7000377753727297,0.20309612970880664,131,131,0.6259541984732825,4.129770992366412,0.04580152671755725,28.232735513135545,0.22900763358778625,0.007633587786259542,3.889830508474576,0.5714285714285714,7.035714285714286,0.17857142857142858,0.03571428571428571,48.57637613092628,0.631578947368421,3.8026315789473686,0.013157894736842105,0.0,26.17720647315217,0.6666666666666666,2.037037037037037,0.0,0.0,15.63091018172165
Level_173,0.2548372233197124,39,12,2.197755797861224,0.7974994014767579,0,2,244,0.3908102964651853,0.2685510143012947,13.980908342094859,39.0,0.4410473523540657,0.08271097461592257,0.5121023328487049,4.440531800255804,27.611277942018745,0.2158066970270776,0.25679389694452115,0.6081429904279245,3.0179538244428388,16.033881838064016,0.13538848183399324,0.48297624730393646,0.028335869050500347,0.10718493144893788,0.06379892046996491,0.05856836461576969,0.09473061536025937,0.8327278438255622,0.5188909875762665,0.2812951237892189,0.11736332743711568,0.8552328070590913,0.4891191574125622,0.12856105531646822,0.023480952773685553,0.0813624238100928,0.051266840034545916,0.04238472657234363,0.05055144360382868,0.7000144205883315,0.3244182423656527,0.18008323888453853,0.038213671929457564,0.9196179210416561,0.47370219927625173,0.11606383751964587,0.02019442421380769,0.056319635286065706,0.07343875838253604,0.05883196407814314,0.057748769729537894,0.8294369275515675,0.3784901538278195,0.07284753078642396,0.022180964090889255,0.973335194856586,0.49061700951649506,0.1,136,136,0.49264705882352944,5.227941176470588,0.1323529411764706,24.09359976506113,0.16176470588235295,0.014705882352941176,4.878787878787879,0.19047619047619047,12.571428571428571,0.8095238095238095,0.09523809523809523,33.539834823863366,0.5333333333333333,4.346666666666667,0.013333333333333334,0.0,27.5550966319308,0.575,3.025,0.0,0.0,16.430781725496082
Level_174,0.14059831007917517,98,14,2.4729280965183458,0.4017560082649941,1,3,130,0.27563960594694564,0.4449441307124556,10.418056064314637,98.0,0.32686740791150315,0.09891390025739616,0.5901406391448147,3.398336148637195,56.87937362578708,0.17122198722528467,0.29363888151559725,0.6835500769363115,2.9124264223564422,42.951135627331006,0.05277170917498803,0.5961563442725046,0.018449378332441972,0.08350132457599145,0.04106045116111919,0.038286462065575885,0.014632487365197384,0.46269937524837657,0.28829314756469976,0.19653595758051737,0.033550998885326894,0.905831926731294,0.41999265211471704,0.18007642242619948,0.014661498681083903,0.07435156277763821,0.044438369396461584,0.0,0.06743048693586136,0.5646347296947763,0.3045745419246682,0.15599932393045696,0.028015448599344975,0.9334393414828088,0.4145907273494981,0.13144801560851693,0.0,0.06702267501213313,0.03375335590028771,0.019222997827001792,0.0,0.37343000562468953,0.14915955248019985,0.03558276878850198,0.00019036075457572708,0.9674466538431111,0.3025693136892052,0.17899920947925688,144,144,0.5902777777777778,4.631944444444445,0.0763888888888889,61.0048517559682,0.1388888888888889,0.020833333333333332,4.37593984962406,0.5517241379310345,10.0,0.3793103448275862,0.034482758620689655,91.18567692465922,0.6071428571428571,3.511904761904762,0.0,0.023809523809523808,58.435121212173655,0.5806451612903226,2.6451612903225805,0.0,0.0,41.45835481343849
Level_175,0.30806911616377997,129,8,1.746105497322643,0.47630801385603505,0,0,175,0.2655694736038508,0.4553157506013024,10.72499206854668,129.0,0.30546933035867474,0.10707076411638632,0.5631246653537781,4.86014095257761,85.89867308924903,0.13706756659136904,0.29339803542954174,0.638736591796766,3.1960661446004726,69.87390518952407,0.08087039808312314,0.5786661316686208,0.030077941890565965,0.07847291229741124,0.047502266142387416,0.023722901872507588,0.02269954846396513,0.4781568445935533,0.2674174982539642,0.24325193780094448,0.04550822188325052,0.8935097891784366,0.40529235161924543,0.16377291315534936,0.007841267871365121,0.05775723946522932,0.08333001633931714,0.0014636276853215655,0.04985047157175516,0.5628378129620835,0.24673308135082872,0.0622941227315046,0.004208940642053875,0.9234583589608275,0.42401123686970177,0.1477907554684007,0.02103655678599177,0.05529821065735825,0.015927000730262077,0.0,0.0021824756677248924,0.2939049997269146,0.14844224660209085,0.06524191125093814,0.0,0.98189907861941,0.4285768752920329,0.187511946927197,130,130,0.5307692307692308,6.030769230769231,0.16153846153846155,90.36826733668332,0.16923076923076924,0.046153846153846156,5.5859375,0.4827586206896552,10.689655172413794,0.6551724137931034,0.10344827586206896,125.27198376342031,0.5074626865671642,5.313432835820896,0.029850746268656716,0.029850746268656716,86.66291666974188,0.6176470588235294,3.4705882352941178,0.0,0.029411764705882353,73.09826222723996
Level_176,0.11974657160199659,63,6,0.7173007202185593,0.053661181910741984,3,0,285,0.1858169796148039,0.590506239971816,6.967855231462328,51.33366773680664,0.15357559638727453,0.11010461575739003,0.6466035114455584,3.381873998342498,39.72895713734446,0.07188951243226116,0.31790283909230077,0.8208592952580769,3.1702103660219922,21.78517398163857,0.05834784786023928,0.5944549506461748,0.023218948857013734,0.003234746703719399,0.0,0.0,0.0,0.06247181107083738,0.02429460637799236,0.10331644392805485,0.0015091145087722945,0.9275268708594036,0.6805740773455556,0.3658151306112937,0.04846605831018873,0.04755168255933891,0.0,0.012419645645049961,0.004607865511733265,0.3177452506578931,0.1357201105681603,0.02984208688485522,0.007747984831015897,0.9878639938786857,0.383905661655626,0.15205264458107012,0.01650539682122893,0.031501821703771415,0.00445504493542765,0.03376975203877374,0.0,0.26834902224767915,0.18767922380497515,0.055637002864524165,0.0,0.9564387503714333,0.34239750058867,0.12537543948357407,144,144,0.6805555555555556,3.7708333333333335,0.013888888888888888,37.567744758096865,0.2361111111111111,0.006944444444444444,3.6178861788617884,0.76,6.92,0.08,0.04,52.75395697281335,0.6385542168674698,2.927710843373494,0.0,0.0,40.026334216497354,0.7222222222222222,3.5277777777777777,0.0,0.0,21.458388089833818
Level_177,0.3263750952409864,167,0,1.8427663545463695,0.5999683763193423,2,2,233,0.16939414662853927,0.5719679966453673,7.31471174126227,165.22644051920838,0.16113156308407636,0.14541843718582495,0.5883065493188263,3.020616803698356,97.21632896812636,0.08328341524996499,0.3547245957483046,0.6433895826612545,2.226661629013951,79.59952117377682,0.05329650021141273,0.6241831415683444,0.016845847059304676,0.017446412734413563,0.02552254676644909,0.0,0.01636165639269979,0.17989477465296236,0.05168156089308792,0.09941063938565511,0.0,0.9394251492566714,0.42396329465071636,0.14109056945073636,0.0,0.0,0.05009380037932652,0.0,0.0506819163307747,0.2832582951721596,0.09207306763773876,0.05270218382743537,0.0,0.9383920778582435,0.393069708116712,0.17829529407428357,0.01640003799039022,0.0,0.0,0.0013504465777486657,0.052977175326911416,0.22010036839367209,0.05723125540199191,0.08874745649788829,0.0,0.9930524067017696,0.4504231405103422,0.23960690663610684,153,153,0.5882352941176471,3.6405228758169934,0.0457516339869281,105.53182204102346,0.2222222222222222,0.0,3.4592592592592593,0.5714285714285714,6.857142857142857,0.2,0.0,159.44275575234101,0.5375,2.8,0.0,0.0,94.78098821304656,0.7105263157894737,2.4473684210526314,0.0,0.0,82.71949538830707
Level_178,0.20469413852021495,176,2,1.9671027950521978,0.16792447447646863,1,0,141,0.1257112050208576,0.7029665770797081,5.712153707469875,173.00715960209888,0.1283425423559811,0.12346015368130003,0.7007996148946193,3.525641983864899,115.40622774734662,0.0743156191010622,0.3686660472341141,0.7526669866854003,1.638683049009039,80.57695687685455,0.03801111043138537,0.5994558651090091,0.036790385587371105,0.007857213615462289,0.03190309472879993,0.0,0.0,0.18077854104199725,0.09445811747163617,0.1106378733971083,0.017708891015806565,0.9607565013522374,0.397660805114486,0.20239124693420896,0.01141451562213926,0.0,0.036422966320376754,0.0,0.0,0.13446060244201508,0.04600521055648779,0.032730177472539715,0.0,0.9531364376443661,0.4226497669779334,0.2688823588834095,0.013859325497949526,0.04503176655925286,0.05289666900989691,0.024468062309730972,0.007593988754271702,0.44765225783515283,0.15202805207585376,0.0,0.0048231720573034325,0.9814771851828676,0.3814388494027978,0.11790126559294525,132,132,0.7424242424242424,3.6363636363636362,0.015151515151515152,114.25169004622047,0.3106060606060606,0.015151515151515152,3.3805309734513274,0.6818181818181818,5.7272727272727275,0.045454545454545456,0.045454545454545456,166.5825376107388,0.8082191780821918,3.835616438356164,0.0136986301369863,0.0136986301369863,115.17950386599315,0.6486486486486487,2.0,0.0,0.0,79.26403467812202
Level_179,0.42469199549469383,125,12,2.363598685460825,0.7184434315525711,0,1,270,0.37702928260243457,0.2777776268248156,13.953344805558952,125.0,0.4049586223376279,0.03973245271153394,0.4677984826906283,4.713426490951045,79.81020097456452,0.2133385028259429,0.233730733602554,0.7315171337903865,2.698137697684205,57.46610874304368,0.13387761574107257,0.5267245411990947,0.04274325885174912,0.11920191518484036,0.029838002867026658,0.01579184020394399,0.03604049642745983,0.5753110109150668,0.3181084612775095,0.27135872484160223,0.05706446634846096,0.8699263688083665,0.41216782964979337,0.2068360883745246,0.08850851990110103,0.06713655329802139,0.06502245587242622,0.01604522478874234,0.07858814047057616,0.8862412167341754,0.4596084214953896,0.15945626304727734,0.040872329980849456,0.8944866889706464,0.47921687329740614,0.1,0.0843045494868167,0.08131145533290428,0.048081835958329024,0.0,0.07551064337901404,0.9,0.3876073232994819,0.10588904280123913,0.01246420168928196,0.9604205253563896,0.4628046003334387,0.1,142,142,0.4647887323943662,5.971830985915493,0.16901408450704225,77.72397617489476,0.11971830985915492,0.07042253521126761,5.879699248120301,0.25,13.03125,0.75,0.25,123.37610998648884,0.5256410256410257,4.32051282051282,0.0,0.02564102564102564,77.94795884504856,0.53125,2.9375,0.0,0.0,55.70042558847955
Level_180,0.10500837765839731,30,11,1.5791488655741985,0.16411171238560573,4,3,70,0.19826924166307247,0.6683449820843331,7.3060050172189115,30.0,0.2327509439226386,0.15812281867987918,0.5961186028919071,4.499158790078048,15.019391719908686,0.09818891560162779,0.32883334907726175,0.7111188334796172,2.6059864332828173,21.842777061067515,0.085760172541288,0.591355178675812,0.06064936275377236,0.020183395264460256,0.04374819073417176,0.037197097158897616,0.023342869313566522,0.4371729014056886,0.2264540885641762,0.19944585501678572,0.018251177064082594,0.9163262972257313,0.39966031102145577,0.13841422543293996,0.006381976313179941,0.04155497110322101,0.05604551955393584,0.03437248556960533,0.012130784865054846,0.42298219071650717,0.23717241914044912,0.054166796873007184,0.0009815020040154741,0.9688219314636939,0.32682492171973193,0.13218838144881018,0.0,0.02081937816170328,0.037505445593641246,0.0,0.0,0.18150346291812933,0.08045708039302128,0.04888950932745696,0.0036068289130531356,0.9882314288402156,0.4036231963327401,0.20550539148107075,146,146,0.5547945205479452,4.863013698630137,0.06164383561643835,20.824555344994184,0.136986301369863,0.0136986301369863,4.492857142857143,0.75,7.694444444444445,0.25,0.027777777777777776,28.597553691253534,0.5,4.407894736842105,0.0,0.013157894736842105,15.177489020924476,0.47058823529411764,2.8823529411764706,0.0,0.0,21.119403155347104
Level_181,0.18642654042010343,98,13,0.8189507569889094,0.15255017653093328,1,1,96,0.21283308113114335,0.5439587078612068,7.70973181548654,98.0,0.23519075764963243,0.15280499294278152,0.6493698967093164,4.041627584718781,63.55722153730809,0.08551032476853099,0.295433632856717,0.6947231617409109,2.0289199316094386,44.59736509451873,0.10285542143118727,0.5868138358408829,0.0244166674559692,0.02931939740146554,0.01838991567686374,0.01809761389595987,0.02383293419756124,0.26935056735170315,0.16852462485320205,0.17819204778152806,0.02182340907323176,0.9013164234316735,0.336550395725393,0.10844955011070308,0.008102539800639186,0.02683865572086884,0.01906209697911271,0.03203393535994525,0.01339733265121799,0.27948860113577034,0.1805317701353645,0.10315834869410373,0.028966379177826015,0.9713404933640032,0.45326137508807995,0.11420761924096601,0.017470293193562466,0.04925639262489988,0.015809389199930905,0.0201252710441985,0.0,0.3194761444348028,0.1581864138118112,0.060270492024055614,0.027137849371760656,0.9444925673462382,0.3352111898086214,0.15369753250049015,107,107,0.7570093457943925,4.168224299065421,0.04672897196261682,66.32123873503946,0.2523364485981308,0.0,3.924731182795699,0.6521739130434783,7.0,0.21739130434782608,0.0,95.06533054146534,0.8387096774193549,3.7580645161290325,0.0,0.0,64.06415327823076,0.6363636363636364,2.3636363636363638,0.0,0.0,43.90745778201545
Level_182,0.09538940849623563,33,8,1.2094397644968111,0.029239734278475905,1,0,257,0.24019377006044443,0.43288053259758597,8.617884255018788,31.4757881147254,0.21934894090397689,0.13465386543374372,0.6894547867718968,3.677594456410704,26.96993774130262,0.14162309485740582,0.27633012868004364,0.6740405323322787,2.097889590697545,16.40503139588644,0.06697680041631199,0.5960362286446244,0.0,0.020037983099178813,0.011060901501684319,0.0027168496582024165,0.010264951738677478,0.1040988878548805,0.10545747701020863,0.14378603046986976,0.023052366440584532,0.932533206276233,0.3270965997847312,0.19065837430027863,0.0,0.012882817710158399,0.02714984369305892,0.0164284322954391,0.027202870505113542,0.23516093600085558,0.1379384965831816,0.12294713828705599,0.023081029012927967,0.950979147279051,0.4781082361985921,0.1151878501405287,0.0,0.0355496324581131,0.0,0.0352550103660439,0.019497396031903924,0.28101469847031707,0.1306902063336838,0.03448831772634083,0.01460717148551128,0.9662171252628505,0.47724034255058045,0.12605595612902004,135,135,0.5777777777777777,4.82962962962963,0.08148148148148149,25.887984112278776,0.15555555555555556,0.022222222222222223,4.666666666666667,0.3939393939393939,8.909090909090908,0.30303030303030304,0.0,30.186372754815242,0.6538461538461539,3.8076923076923075,0.01282051282051282,0.02564102564102564,27.384470591187284,0.5833333333333334,2.5416666666666665,0.0,0.041666666666666664,16.44513677104249
Level_183,0.4198774473114251,45,14,1.4077057409965876,0.37765355608799944,0,2,150,0.3463930820335182,0.2788247143516948,10.91417290041042,45.0,0.3855104641263785,0.0643254665462307,0.586121018774977,5.849798762900897,24.72667486957951,0.16269423799918087,0.24890842269479346,0.6351035289967965,3.0032373376553863,19.812825999990302,0.08860548387039222,0.5427592759088555,0.02221494295394896,0.038347137988291445,0.04516360600346473,0.04657317874889006,0.013364621945975805,0.3912231498036842,0.2729830169841177,0.313003489153775,0.04246068659829917,0.8542524532814664,0.40722137158390903,0.11874153469064969,0.04002495927992305,0.08770081010548529,0.03144555562098812,0.014905204620987909,0.04735398686415611,0.6223923048934031,0.28047524367310583,0.1181374472120709,0.04201952804495787,0.9303401747068342,0.5961600695390116,0.14068317721772597,0.026705598517431747,0.0674880781354563,0.03238887449708444,0.005155789176641758,0.03843962705621179,0.5295839473414785,0.23246109170220103,0.04384844529311508,0.02673407884686186,0.9825648404606175,0.5381257537342525,0.12719585368839223,141,141,0.5886524822695035,6.425531914893617,0.19858156028368795,25.15138630923282,0.14893617021276595,0.03546099290780142,6.007299270072993,0.3793103448275862,11.0,0.6896551724137931,0.06896551724137931,37.85860516775259,0.7058823529411765,5.858823529411764,0.09411764705882353,0.03529411764705882,23.863234981540106,0.4444444444444444,3.2962962962962963,0.0,0.0,19.943858994053254
Level_184,0.4009357413523924,53,11,2.114793103329003,0.45187290661009316,1,3,236,0.34213385562288295,0.3622429156712673,11.590577531098647,53.0,0.3878221364312282,0.08441445285022946,0.464874578101679,4.434213383481395,35.37235623188216,0.22808199228441783,0.280394327198502,0.7146821887035293,2.7967950777096933,29.748706344802898,0.09190685565694476,0.535587597674014,0.05080155561863759,0.052209439763913325,0.09365001170853016,0.04842088129243158,0.037696027824667924,0.6677951107362392,0.3538380487815409,0.25936119704179295,0.06922991251303688,0.8988544783444237,0.4799732158682911,0.140027955057022,0.06860907680730449,0.06175149316611952,0.07270753220081479,0.015368278141893055,0.04442472820400799,0.7388445539977552,0.34941176719019584,0.18019711986548712,0.027618315798623883,0.9081307272459418,0.3806788405871733,0.1,0.029453954245418485,0.06668287354437005,0.0639162101386572,0.016639175469422986,0.03570614937379557,0.6609713648327239,0.3094245658758048,0.09802529565193036,0.018130398225657457,1.0,0.456499217776564,0.10073377352390524,125,125,0.464,5.144,0.152,36.50441335303079,0.152,0.04,5.131578947368421,0.30434782608695654,11.73913043478261,0.782608695652174,0.17391304347826086,50.48465374504311,0.4931506849315068,3.9178082191780823,0.0136986301369863,0.0,36.321079552762036,0.5172413793103449,3.0,0.0,0.034482758620689655,30.4203022907367
Level_185,0.15317665108606227,109,0,1.9269457616722798,0.05256691154268189,4,0,133,0.10205050389616623,0.651058680473883,4.559488181432738,104.41535466868797,0.1270082576457907,0.1813299698819444,0.6739807152493585,3.187451717173983,69.54631338809564,0.06370349492573482,0.3782422993490553,0.6434841776802499,2.2613197070565922,52.10328314136037,0.022122093766772023,0.5927487163836342,0.00022027062202094935,0.0,0.0167470441651191,0.017233797105810633,0.0012690691709876028,0.08376472183205755,0.025144169693811634,0.10374768779223963,0.005884923594686285,0.9635463177649529,0.7476562522688043,0.2033133210766098,0.0,0.0006559399082317302,0.035039103740166874,0.0,0.0,0.10033088863090912,0.023128770851040648,0.06671045493516055,0.0014492292673828006,0.990176348793211,0.35296430221598024,0.3457889712957559,0.0,0.0,0.009344492362223067,0.06114234302158787,0.012637967124801423,0.2586795559466432,0.17111013826381533,0.03233141217701847,0.013567755491423184,0.9906017251767387,0.4203403799871484,0.23545304827212077,123,123,0.6341463414634146,3.2113821138211383,0.0,72.39883134908628,0.23577235772357724,0.0,2.990566037735849,0.7368421052631579,4.684210526315789,0.0,0.0,98.93177435842865,0.6666666666666666,3.2266666666666666,0.0,0.0,70.81086638414875,0.4827586206896552,2.206896551724138,0.0,0.0,51.53719178594941
Level_186,0.3139936184136716,31,8,1.3902418147446156,0.6204220933560085,1,0,55,0.29705119894525106,0.43468090612851573,10.630271422861334,31.0,0.3532387166275098,0.08023444886027097,0.6242501601904725,4.526055881765255,23.723073726430222,0.13450417438320272,0.29144122882384543,0.7429986455394534,2.333675210118568,10.587782752367024,0.0963807920857951,0.528645261182977,0.042261664125123485,0.04261470225555762,0.0324959449189207,0.05849947171346111,0.022906987887030345,0.4694266550416044,0.3224727464938005,0.25325295324738667,0.06388598563204063,0.8648773550224484,0.4444747505829651,0.12435407536226328,0.05865032826920816,0.024436919832032084,0.015017987442989728,0.02984543084603849,0.026873355765291925,0.435176151548867,0.25782087806243376,0.08287397230707703,0.004403915919229059,0.9486377090508694,0.31471554441865107,0.13446477543749263,0.03517117019422415,0.031519586672233015,0.051393792109934534,0.0307716449192926,0.0787902377935975,0.7084224694082139,0.2633405446405481,0.06793047403120406,0.005450837835702482,0.9829084847327402,0.39036306964447376,0.11106250674484945,138,138,0.6086956521739131,5.3478260869565215,0.10869565217391304,21.595644642154724,0.18115942028985507,0.021739130434782608,5.149606299212598,0.5,10.535714285714286,0.5,0.03571428571428571,30.113002821299027,0.6125,4.4125,0.0125,0.0125,23.842904602215715,0.7,3.0,0.0,0.03333333333333333,10.67379928258288
Level_187,0.3768888800804863,157,7,2.966288121982449,0.36263106779842214,4,2,196,0.22716975002488443,0.5169827186950833,8.713366788605251,156.3367017686975,0.2703609946633423,0.16142228824761146,0.5804983178044212,4.468228644898474,101.50202491208935,0.12702557770343473,0.32363401572700623,0.6265757548662948,2.4300070429568392,62.04008722400151,0.05868122802303466,0.5733445879847985,0.035150078293983714,0.03333825701844637,0.035736177420697575,0.021032529966455032,0.050662668291099125,0.41544376752257495,0.2179561778683654,0.21528752205231558,0.031227840073528065,0.91270752006,0.4271226893523536,0.12165548446670596,0.0,0.021895123218787838,0.018538451519527106,0.0,0.018140523583841633,0.16463886116244783,0.04643574542815593,0.07259355950156501,0.0,0.9682194931196925,0.4185253578289142,0.13218590773402217,0.07266684153652797,0.012777554787801494,0.06535370326713974,0.018973266403001274,0.016173852985015107,0.578650718250201,0.23705344680629703,0.06809717466586426,0.0005118910126234747,0.98025620219592,0.3510122216987047,0.1253631527549699,136,136,0.5955882352941176,4.757352941176471,0.058823529411764705,106.64982574005253,0.21323529411764705,0.029411764705882353,4.3538461538461535,0.5483870967741935,7.774193548387097,0.22580645161290322,0.12903225806451613,150.93667095595268,0.6578947368421053,4.2105263157894735,0.013157894736842105,0.0,103.43833576832252,0.4827586206896552,2.9655172413793105,0.0,0.0,64.34254930549531
Level_188,0.27208032463978493,113,0,2.014437048392218,0.4195122154620641,0,2,234,0.19860287540677257,0.5282446725680134,8.657848231322994,108.3576508642652,0.22826650781616747,0.16032831787102664,0.6398161859450694,4.369578601617607,70.00444329035713,0.09659703307634605,0.33088241557959014,0.6972960896052316,2.014530328842102,48.141721457046685,0.032613535218941295,0.5890929639894907,0.014754202191383375,0.037523416784317726,0.009674645286479253,0.020272262128113536,0.03837632887627129,0.28480534327981294,0.1700451444360331,0.1910167794058543,0.015737527254921318,0.9164769195433381,0.4052500645184569,0.13427435763053452,0.010877733859832536,0.0,0.022611919927861948,0.0,0.022696530550290885,0.15792696204373585,0.10103484999010014,0.06918078441283518,0.0,0.9533159163546117,0.3520311352543704,0.14281107660036263,0.001889911719004024,0.0,0.045049829768941674,0.0,0.022216479117919248,0.21521014062463212,0.09835000734574785,0.0,0.0,1.0,0.3814873875991552,0.20836131755334186,127,127,0.6850393700787402,4.7637795275590555,0.11023622047244094,72.76804918807112,0.2283464566929134,0.0,4.245901639344262,0.71875,8.21875,0.4375,0.0,104.68910607064598,0.7121212121212122,3.9696969696969697,0.0,0.0,65.9398631337724,0.5862068965517241,2.7586206896551726,0.0,0.0,48.458663085295754
Level_189,0.2618602313424026,169,5,1.0930669793399863,0.35261019755058254,2,1,246,0.16566595723616814,0.5340112718277528,7.246391487494668,169.0,0.17681426247130216,0.1515365558511617,0.7032531370241015,3.3413297324222286,102.30160731588063,0.10897480965427629,0.32090398520107366,0.7039880982287913,2.8426975029291968,69.09642171404394,0.045956119780794884,0.577796209278721,0.0,0.032813973200068354,0.028678982161258627,0.00011529037882526726,0.010184593000519621,0.16954261259072453,0.11747115246308826,0.12441006671122684,0.002109385385720223,0.953339211466993,0.3341923031333196,0.19240923251725206,0.004429509360253832,0.03160946465884308,0.0,0.0,0.0,0.10129760098624946,0.07951822432383229,0.09351508924795228,0.016728581744283447,0.9709288119591387,0.4624386726357149,0.3089951705034797,0.004681891653917818,0.016722225840655025,0.0028791303849137733,0.0,0.018455814851739003,0.13300148012674934,0.032743335900184356,0.00555518121993789,0.012613833073748828,0.9512687307264565,0.38801343481286216,0.13772844027007772,137,137,0.6642335766423357,4.072992700729927,0.0364963503649635,110.52046038867235,0.2773722627737226,0.0,3.736,0.6785714285714286,6.678571428571429,0.14285714285714285,0.0,161.20343012056068,0.6987951807228916,3.4819277108433737,0.012048192771084338,0.0,104.02262430239799,0.5384615384615384,3.1538461538461537,0.0,0.0,68.65603668138911
Level_190,0.14674091636018066,153,4,0.7544561815510094,0.3206104487002608,1,3,180,0.11027252143322874,0.575389734830848,4.887396789445787,141.6192250191877,0.06926549514240729,0.17865093042882138,0.6688783861818968,2.5054712362927383,95.26762465550298,0.10637702624063158,0.36452944232018736,0.779805028843583,2.782278718801625,65.21787732783709,0.04514090631938148,0.6707911916049437,0.0,0.0,0.0,0.0,0.009376347423894765,0.02214274385426748,0.0,0.033417489192761426,0.0008614388304637475,1.0,0.721596127233697,0.40515279791103004,0.01662551264875229,0.028056488123356968,0.004275894204393938,0.006109664134527074,0.05707216415557257,0.31520000919419683,0.21338104114068324,0.07724512634151046,0.007387123525320276,0.9941524528741318,0.3053782600723624,0.18049387253661095,0.0035919869911129297,0.019057490159208677,0.0,0.0,0.056680823349484,0.24687128615165538,0.16418486127044513,0.0,0.019108966519033765,0.9883501489975727,0.3244096745111355,0.22867038869038225,150,150,0.6866666666666666,3.18,0.0,94.56518026192694,0.28,0.0,2.89922480620155,0.6333333333333333,5.233333333333333,0.0,0.0,141.12795037646615,0.6144578313253012,2.602409638554217,0.0,0.0,94.57016694559493,0.8918918918918919,2.810810810810811,0.0,0.0,67.7486059272811
Level_191,0.08724110712235969,62,5,0.88214784796083,0.44771226504657435,2,3,50,0.14449456115943488,0.582606594831412,5.712236025717546,60.51174130295304,0.16894267262616725,0.16859205391739931,0.6968978544377219,3.385942560745037,33.45186424261125,0.030441562606288594,0.35821036604077977,0.655071229884067,1.4236930156635967,32.9044655804872,0.0698689259924635,0.6391967233079643,0.0,0.0,0.009929029155643851,0.022800996229996144,0.020340652974851388,0.12532923365380683,0.0855877104655008,0.1274593136970994,0.0,0.9118137488192348,0.39781830072515806,0.18048867685273934,0.0,0.0,0.03324646710493879,0.026109221164055722,0.046500877920971795,0.2975394415502402,0.1430276366421963,0.0,0.012860785714576621,1.0,0.2733386725654109,0.15576125445771732,0.011697736620807525,0.022338885351480348,0.0,0.008896540641622324,0.0,0.13360550768467275,0.04449708872024763,0.0349199573922587,0.0,0.9465284415310198,0.38468623398219814,0.16595818206645366,130,130,0.676923076923077,3.669230769230769,0.023076923076923078,41.49430337696815,0.19230769230769232,0.007692307692307693,3.382608695652174,0.7567567567567568,5.837837837837838,0.08108108108108109,0.02702702702702703,59.00854276182555,0.6571428571428571,3.2285714285714286,0.0,0.0,33.34175377254074,0.6086956521739131,1.5217391304347827,0.0,0.0,33.25277330751485
Level_192,0.40888630318133073,130,9,1.1148943209612703,0.12419219674457001,4,2,107,0.1698570268504674,0.6135129534680427,7.137841959046715,125.34327972258696,0.18967621961339814,0.11344471411354944,0.6059059551162392,3.0199985299276864,67.3679020108279,0.10536499848470296,0.34714301585608454,0.7466729712213869,1.9429014343449165,53.98284658445244,0.044425838072918625,0.6107662223343295,0.03796363941994734,0.035316937457700225,0.0030716933720944754,0.011231129862031699,0.0,0.2068328643218366,0.08272024377832088,0.11921904633433655,0.0,0.945397655698929,0.4056573772308657,0.18266427469892005,0.03007911685511675,0.0068883368237219085,0.0034788092056610084,0.0,0.01731609573211491,0.1623572400276975,0.09656209624144801,0.05769901006027522,0.011128341457965134,0.9601422240902595,0.344379623705061,0.18413090751298677,0.026106679772573596,0.041877059080274795,0.016549661120731217,0.0,0.0189381896200414,0.32199757522910244,0.14093284866229058,0.03433205718513809,0.0005910128929406833,0.9365408171673901,0.38326228484385766,0.12965131100619368,145,145,0.593103448275862,3.6344827586206896,0.013793103448275862,75.87968362431455,0.2206896551724138,0.0,3.5,0.5517241379310345,6.448275862068965,0.06896551724137931,0.0,118.88571960421208,0.5903614457831325,3.0963855421686746,0.0,0.0,70.11711340469164,0.6363636363636364,2.515151515151515,0.0,0.0,56.5591771997033
Level_193,0.4101672228653322,41,11,0.9017034331488891,0.1455425043962169,1,1,173,0.2894998407033294,0.41987990225701555,9.677478808745565,41.0,0.32080719307545696,0.10147873829047853,0.5528067372749423,5.322692349389946,28.919307845178906,0.16889592055499844,0.30797833114816114,0.7709405528478445,1.9465349901429512,17.903216799686163,0.09183000798889557,0.5523074676110099,0.03990487858697628,0.026670306655197547,0.026982463198811077,0.03896530829204312,0.005590085309155166,0.3261613051026875,0.18289116148558068,0.2648327801033523,0.03370199811882631,0.90055518616603,0.47524560485506395,0.12197310001086824,0.07610919617010925,0.02314438569380881,0.016546399057651744,0.02527377510526697,0.011974370185241999,0.4301845000501153,0.2782644012647762,0.11674768711661135,0.046535248625697814,0.954475203240619,0.31702554772047487,0.17651190189179644,0.06130491958333455,0.05956177499590775,0.02831860095453035,0.031240914838007804,0.008237587984385831,0.5871107793239414,0.2841696800265755,0.06633817715087358,0.005509030856611549,0.9784002386656876,0.36588459751677904,0.10424042839991333,139,139,0.60431654676259,5.597122302158273,0.12949640287769784,25.985578842518148,0.2517985611510791,0.03597122302158273,5.37984496124031,0.40625,9.78125,0.46875,0.0625,37.712641999274965,0.5633802816901409,5.28169014084507,0.04225352112676056,0.04225352112676056,28.03987126935342,0.8611111111111112,2.5,0.0,0.0,18.417078258284285
Level_194,0.30324058290930717,96,12,0.9664175601282644,0.6894284968108139,3,3,215,0.2756579275168178,0.36557485891669667,10.85467769541153,96.0,0.2594081044435539,0.09831936625553914,0.6092456510695136,4.273531085675911,66.88304319292158,0.18553495880360463,0.30390290593729413,0.6077952323877915,2.336567058836913,42.61072864878802,0.07143590464063508,0.5521593162619166,0.0001624256128916514,0.09176076082045062,0.024433286221793433,0.0,0.033871922690520015,0.3547723572293494,0.2266134738454815,0.18431637973214246,0.03843203425667457,0.9356043701959431,0.4456783633667803,0.2579198719514255,0.0,0.04213110681522558,0.018920498812222374,0.0007620887492310255,0.04326742825245296,0.2953598408665156,0.13121021767276655,0.12836115907600662,0.0,0.9395262088683144,0.4478181437320926,0.1459962595672373,0.0,0.04447707553902548,0.0,0.024581420359089973,0.05884704217415958,0.39803460330897694,0.17560948533466678,0.052991971469642164,0.010098946738954047,0.9813591845307587,0.43620282187931314,0.1474735315839104,153,153,0.6078431372549019,5.111111111111111,0.13071895424836602,63.54416574676187,0.2222222222222222,0.0196078431372549,4.852112676056338,0.4827586206896552,10.310344827586206,0.6206896551724138,0.06896551724137931,94.34460489375044,0.6547619047619048,4.476190476190476,0.023809523809523808,0.011904761904761904,64.61713009645739,0.6,2.675,0.0,0.0,43.118366276299675
Level_195,0.18561191641948027,94,12,1.2127379217346177,0.7568923697069062,2,2,64,0.25353268072390805,0.4663899273152833,9.891461265209196,94.0,0.24138359896957282,0.10077674973476068,0.5302008027804855,3.8456006701352097,48.87511078013934,0.1585155072814755,0.3056158918612685,0.6953956020547611,2.5667594488421988,45.523859053322795,0.0903285899493636,0.5462152251766589,0.01758122454026348,0.07429533855920735,0.0412487119726859,0.0,0.027941837679917498,0.38036856568761324,0.17749256359755328,0.16166208825245879,0.0,0.931848852873882,0.4189854826666424,0.1948124340695247,0.01791172937544775,0.049037776748974395,0.0374665307316336,0.017541058711051213,0.028935868677371097,0.424126815473993,0.1697901447273635,0.15041169863282902,0.026049517859294574,0.952602951509452,0.2981589199767472,0.11534858532576914,0.0,0.06749981343340539,0.020335649055292903,0.015167503093470609,0.034826786797921325,0.42891818164889506,0.1483478795731933,0.03500887634323288,0.017949352844944682,0.9672046842603469,0.4445894844156393,0.1570061846989552,137,137,0.583941605839416,4.91970802919708,0.12408759124087591,56.12513145132944,0.20437956204379562,0.029197080291970802,4.534351145038168,0.4827586206896552,10.10344827586207,0.5862068965517241,0.06896551724137931,89.0044661762008,0.6071428571428571,3.642857142857143,0.0,0.023809523809523808,49.91732496101567,0.625,3.125,0.0,0.0,46.54429444184957
Level_196,0.18968382984506438,103,12,0.9334339882368871,0.29864745302380236,1,0,211,0.2547404046857627,0.4753663226606622,9.101935828897613,102.90171318348618,0.3067142226606108,0.11470405449019803,0.6309684333836979,4.1302633904185555,61.47423357932435,0.13028516285929304,0.3195068428920235,0.6522677090015764,1.8865543613965654,34.009165913284065,0.06625368666115014,0.566320115162739,0.022202388267699852,0.04156456789505845,0.0056518954836324,0.03740889970066118,0.01339738740269483,0.28391806871354336,0.1956437858563245,0.21839356197972573,0.019906058801551413,0.8929463465670404,0.4554036737901265,0.14588252715150707,0.0012563971171909334,0.02195517654318194,0.0,0.0,0.02056900363079118,0.12305753895873871,0.006836745421276769,0.06347985515352515,0.011909771949326561,0.954402230099242,0.40331904093346305,0.17697575437542887,0.0045784772329201286,0.023797730140313843,0.019014007967191028,0.0,0.018040092643244923,0.2036153170158116,0.07830547214037015,0.06244067551508554,0.0,0.97800001220086,0.4104696277538247,0.11630473459850946,137,137,0.5109489051094891,4.343065693430657,0.06569343065693431,58.28637605010944,0.18248175182481752,0.029197080291970802,4.2,0.2727272727272727,8.636363636363637,0.36363636363636365,0.13636363636363635,101.1386422416111,0.5875,4.1875,0.0125,0.0125,61.44404884721397,0.4857142857142857,2.0,0.0,0.0,34.43201024934929
Level_197,0.34038227154809575,72,14,2.741913561566063,0.21659573851484304,2,3,238,0.331679779304474,0.3080394261289035,10.695810379423413,72.0,0.35702750703313224,0.12550404103742308,0.5502582755753105,3.979875089670944,50.594341244811964,0.18943624951268587,0.2667976630932292,0.6720384596226385,2.335101563768081,29.011897900883625,0.13659855494684664,0.5391498057477322,0.01619222628784572,0.04312925792255971,0.05523165362561097,0.029060077060269564,0.053913837224213626,0.4664706544732502,0.28312408499713254,0.22297672913259864,0.05673308573383341,0.8865106691767279,0.43134584875933657,0.11814999101461557,0.042387119135729096,0.058954752241871,0.04849514643617246,0.041313736402226665,0.023115157490078187,0.6022541823043017,0.330447668568663,0.14271715949559757,0.021565595116658936,0.9398824210284864,0.32878132072897975,0.1,0.055815378762742555,0.05937852085412766,0.05507826720516737,0.03957487596864144,0.032188318276533075,0.7531999816512652,0.37482962217171234,0.1004115388275726,0.02969497767638673,1.0,0.4903043168848742,0.1,136,136,0.5735294117647058,4.985294117647059,0.11764705882352941,45.42209326169693,0.19117647058823528,0.022058823529411766,4.6875,0.43478260869565216,10.521739130434783,0.6521739130434783,0.08695652173913043,66.838366006409,0.5421686746987951,4.168674698795181,0.012048192771084338,0.012048192771084338,49.21198693303409,0.7666666666666667,3.0,0.0,0.0,28.695660972249385
Level_198,0.4088441039810308,73,4,0.7005843641541055,0.5151996345912127,1,1,212,0.24908929962535178,0.47141570080305156,9.850708016292838,69.64337159319668,0.28946146451655863,0.1354033595974217,0.6408075230018436,3.5069073777474884,57.36051074563562,0.12557280407110638,0.28272678712530497,0.6888672040393793,2.0958356330600947,33.09109248816975,0.0360961531071033,0.5421957353068936,0.0336261095738874,0.04368340079166504,0.0,0.03584047649737969,0.04489953626223078,0.3732423670576741,0.24982333977108342,0.183190744391378,0.0567320695973948,0.8972410435089626,0.3555419872887548,0.11997448769692973,0.030934563003291882,0.0,0.01585954508529736,0.0,0.007247467527258095,0.15189894031116233,0.011390832511240644,0.11768322501634025,0.010786522754302,0.9665700258401516,0.38362082962330857,0.2023203230861994,0.0,0.0,0.037459348020025485,0.0,0.0943408830577674,0.41015466166474224,0.17066753490335332,0.03992839280429228,0.00031350301795021436,0.9840076513072403,0.3387655301752931,0.22945351677586834,145,145,0.6068965517241379,4.344827586206897,0.09655172413793103,56.1866767311496,0.18620689655172415,0.013793103448275862,4.301587301587301,0.59375,9.28125,0.4375,0.03125,70.45714551802863,0.6292134831460674,3.191011235955056,0.0,0.011235955056179775,56.68756516402492,0.5416666666666666,2.0416666666666665,0.0,0.0,33.17216448563275
Level_199,0.4048345697060469,58,5,1.8112784739256367,0.32698733687847714,0,1,113,0.2653529337813628,0.44468397531746023,9.584894570276939,57.45830219704849,0.28743071976778567,0.10465746891402118,0.6121810063672111,4.723030424223115,37.67425316705447,0.19149197442677565,0.2905974872085796,0.6485168343461714,2.7404807057747425,31.52391432617882,0.08473816598771675,0.5672090214990195,0.03339138659920455,0.01982194757672788,0.02315600526189093,0.02754391579038111,0.010268182491858745,0.2696455468260741,0.17057732005782358,0.22520978199633845,0.02472251801689417,0.9352909268416363,0.3979878253153569,0.12337681883479491,0.019397474049398362,0.026258091069759116,0.05604344959195039,0.01978495481872264,0.02837529063241263,0.4212213014711636,0.19968934390439297,0.17947337700719887,0.022480902998382103,0.9226852336803283,0.48831008130277187,0.13273477533387307,0.0,0.04371386566456644,0.04047747194843058,0.0,0.03785248607555611,0.37979328870603235,0.14579196349181858,0.02146147263960068,0.007311015720689325,0.9847810374286865,0.42953869461913774,0.11479683849762645,136,136,0.5882352941176471,5.176470588235294,0.08088235294117647,38.1345628272332,0.18382352941176472,0.007352941176470588,4.837209302325581,0.4375,9.0,0.3125,0.0,51.19052492540767,0.7083333333333334,4.597222222222222,0.013888888888888888,0.013888888888888888,37.232927029278656,0.46875,2.65625,0.0,0.0,29.014559915315782
Level_200,0.3619502183430496,170,4,1.5259920674741538,0.02030908452827589,2,1,290,0.16281421130296111,0.5230522998494713,7.307957441512011,168.33821260307488,0.17673203239207036,0.16854819332816093,0.7460963630214714,2.9740665509379913,103.34210015972494,0.09832787624193494,0.3199762625826866,0.7511272191572212,2.425426275645232,71.03297600613463,0.06764633624481826,0.5984358011689874,0.0,0.03561060699299998,0.024109556188922337,0.0019519078841062462,0.012278307522062274,0.17463775785752925,0.14638561115659277,0.11057453709502134,0.00565548387403864,0.9474066232558177,0.327880552280862,0.20275029371466904,0.027436637496558933,0.012241167494255748,0.00672549737790119,0.007378931878026185,0.0,0.151169988967738,0.08643033582014184,0.060741564905675234,0.001974493082501814,0.95018406058762,0.38315807909297417,0.18030255297170228,0.02910277992352163,0.02971005103633225,0.042767384489643234,0.0161403949882227,0.0,0.36633970024340307,0.19190888956314303,0.05358225254732858,0.011080906652621944,0.9667188027342769,0.3066116492013457,0.11642461857867561,135,135,0.6962962962962963,3.562962962962963,0.037037037037037035,102.14786623330522,0.2814814814814815,0.014814814814814815,3.4864864864864864,0.4166666666666667,7.791666666666667,0.20833333333333334,0.041666666666666664,158.5605103422572,0.75,2.6805555555555554,0.0,0.0,106.66796707384043,0.7692307692307693,2.58974358974359,0.0,0.02564102564102564,75.20747001735792
