发布日期,岗位标题,岗位描述,地区,公司规模,学历要求,薪资下限,薪资上限
2022-01-01,财务分析师,负责公司核心产品的开发与维护，参与技术方案设计。要求熟悉预算编制、财务报表、Excel等相关技术，具备良好的沟通能力和团队协作精神。,武汉,50-150人,博士,18046,28692
2022-01-01,人力资源专员,参与需求分析，提供技术解决方案，推动项目落地。要求熟悉绩效考核、招聘、培训等相关技术，具备良好的沟通能力和团队协作精神。,南京,500-1000人,博士,12568,21179
2022-01-02,测试工程师,参与系统架构设计，优化系统性能，提升用户体验。要求熟悉自动化测试、测试、缺陷管理等相关技术，具备良好的沟通能力和团队协作精神。,北京,少于50人,大专,10681,17156
2022-01-02,前端开发工程师,参与需求分析，提供技术解决方案，推动项目落地。要求熟悉TypeScript、React、CSS等相关技术，具备良好的沟通能力和团队协作精神。,杭州,50-150人,硕士,16998,27400
2022-01-02,销售代表,分析市场趋势和竞争对手，制定市场策略。要求熟悉销售、商务谈判、业绩目标等相关技术，具备良好的沟通能力和团队协作精神。,广州,150-500人,硕士,12860,23334
2022-01-03,运营专员,分析运营数据，优化运营策略和流程。要求熟悉运营、数据分析、用户增长等相关技术，具备良好的沟通能力和团队协作精神。,天津,50-150人,博士,9813,16702
2022-01-03,UI设计师,负责后端服务开发，确保代码质量和系统稳定性。要求熟悉UI设计、用户体验、Sketch等相关技术，具备良好的沟通能力和团队协作精神。,上海,150-500人,硕士,16893,27557
2022-01-03,前端开发工程师,负责公司核心产品的开发与维护，参与技术方案设计。要求熟悉JavaScript、HTML、Vue等相关技术，具备良好的沟通能力和团队协作精神。,北京,150-500人,大专,11251,18868
2022-01-04,测试工程师,负责后端服务开发，确保代码质量和系统稳定性。要求熟悉自动化测试、测试、缺陷管理等相关技术，具备良好的沟通能力和团队协作精神。,广州,150-500人,大专,8144,14590
2022-01-05,数据科学家,负责数据分析和挖掘，为业务决策提供数据支持。要求熟悉Python、TensorFlow、深度学习等相关技术，具备良好的沟通能力和团队协作精神。,重庆,500-1000人,硕士,20199,35910
2022-01-06,测试工程师,参与需求分析，提供技术解决方案，推动项目落地。要求熟悉缺陷管理、测试、性能测试等相关技术，具备良好的沟通能力和团队协作精神。,北京,150-500人,硕士,17198,29576
2022-01-07,项目经理,参与需求分析，提供技术解决方案，推动项目落地。要求熟悉进度控制、项目管理、风险控制等相关技术，具备良好的沟通能力和团队协作精神。,武汉,500-1000人,硕士,17622,30976
2022-01-07,算法工程师,参与系统架构设计，优化系统性能，提升用户体验。要求熟悉数据结构、Python、算法等相关技术，具备良好的沟通能力和团队协作精神。,广州,500-1000人,本科,12567,21430
2022-01-08,全栈开发工程师,负责公司核心产品的开发与维护，参与技术方案设计。要求熟悉MySQL、MongoDB、JavaScript等相关技术，具备良好的沟通能力和团队协作精神。,北京,少于50人,本科,11838,19931
2022-01-08,财务分析师,参与系统架构设计，优化系统性能，提升用户体验。要求熟悉预算编制、财务分析、Excel等相关技术，具备良好的沟通能力和团队协作精神。,苏州,1000人以上,大专,11160,17629
2022-01-10,技术支持工程师,负责后端服务开发，确保代码质量和系统稳定性。要求熟悉客户沟通、问题排查、技术支持等相关技术，具备良好的沟通能力和团队协作精神。,重庆,150-500人,本科,7549,13409
2022-01-10,Java后端开发,参与需求分析，提供技术解决方案，推动项目落地。要求熟悉Redis、SpringBoot、Java等相关技术，具备良好的沟通能力和团队协作精神。,北京,500-1000人,大专,11923,20302
2022-01-10,市场经理,策划营销活动，提升产品知名度和市场份额。要求熟悉品牌建设、活动策划、市场营销等相关技术，具备良好的沟通能力和团队协作精神。,北京,少于50人,博士,32004,53857
2022-01-10,运维工程师,负责后端服务开发，确保代码质量和系统稳定性。要求熟悉K8s、运维、Docker等相关技术，具备良好的沟通能力和团队协作精神。,重庆,少于50人,博士,12094,21059
2022-01-11,算法工程师,参与系统架构设计，优化系统性能，提升用户体验。要求熟悉深度学习、数据结构、Python等相关技术，具备良好的沟通能力和团队协作精神。,广州,150-500人,博士,23883,38385
2022-01-11,财务分析师,参与系统架构设计，优化系统性能，提升用户体验。要求熟悉预算编制、财务报表、财务分析等相关技术，具备良好的沟通能力和团队协作精神。,北京,500-1000人,博士,30825,49678
2022-01-11,UI设计师,参与需求分析，提供技术解决方案，推动项目落地。要求熟悉用户体验、Figma、Sketch等相关技术，具备良好的沟通能力和团队协作精神。,深圳,1000人以上,硕士,22868,35365
2022-01-12,财务分析师,参与系统架构设计，优化系统性能，提升用户体验。要求熟悉预算编制、Excel、财务报表等相关技术，具备良好的沟通能力和团队协作精神。,杭州,1000人以上,硕士,20193,33333
2022-01-12,数据科学家,负责数据分析和挖掘，为业务决策提供数据支持。要求熟悉PyTorch、机器学习、TensorFlow等相关技术，具备良好的沟通能力和团队协作精神。,杭州,500-1000人,大专,22564,36462
2022-01-13,测试工程师,参与需求分析，提供技术解决方案，推动项目落地。要求熟悉性能测试、缺陷管理、测试等相关技术，具备良好的沟通能力和团队协作精神。,武汉,少于50人,大专,5436,9669
2022-01-13,架构师,负责后端服务开发，确保代码质量和系统稳定性。要求熟悉微服务、性能优化、技术选型等相关技术，具备良好的沟通能力和团队协作精神。,杭州,少于50人,本科,4020,6884
2022-01-13,机器学习工程师,参与系统架构设计，优化系统性能，提升用户体验。要求熟悉特征工程、机器学习、模型调优等相关技术，具备良好的沟通能力和团队协作精神。,成都,1000人以上,博士,25329,39568
2022-01-13,产品经理,分析用户需求和市场动态，制定产品发展策略。要求熟悉Axure、数据分析、需求分析等相关技术，具备良好的沟通能力和团队协作精神。,北京,50-150人,硕士,25170,42809
2022-01-14,算法工程师,负责后端服务开发，确保代码质量和系统稳定性。要求熟悉机器学习、数据结构、Python等相关技术，具备良好的沟通能力和团队协作精神。,武汉,500-1000人,博士,14967,27294
2022-01-14,机器学习工程师,参与需求分析，提供技术解决方案，推动项目落地。要求熟悉机器学习、模型调优、Python等相关技术，具备良好的沟通能力和团队协作精神。,广州,500-1000人,硕士,16831,28352
2022-01-14,技术支持工程师,参与需求分析，提供技术解决方案，推动项目落地。要求熟悉问题排查、文档编写、客户沟通等相关技术，具备良好的沟通能力和团队协作精神。,北京,1000人以上,本科,16820,28247
2022-01-14,算法工程师,参与系统架构设计，优化系统性能，提升用户体验。要求熟悉深度学习、数据结构、算法等相关技术，具备良好的沟通能力和团队协作精神。,西安,150-500人,博士,13611,24422
2022-01-15,机器学习工程师,负责公司核心产品的开发与维护，参与技术方案设计。要求熟悉模型调优、机器学习、Python等相关技术，具备良好的沟通能力和团队协作精神。,西安,150-500人,本科,7274,13280
2022-01-15,运营专员,分析运营数据，优化运营策略和流程。要求熟悉运营、活动策划、用户增长等相关技术，具备良好的沟通能力和团队协作精神。,武汉,少于50人,大专,5000,7000
2022-01-15,测试工程师,参与需求分析，提供技术解决方案，推动项目落地。要求熟悉性能测试、缺陷管理、测试等相关技术，具备良好的沟通能力和团队协作精神。,西安,150-500人,大专,6785,11590
2022-01-15,架构师,参与系统架构设计，优化系统性能，提升用户体验。要求熟悉系统架构、性能优化、技术选型等相关技术，具备良好的沟通能力和团队协作精神。,南京,500-1000人,大专,10024,16147
2022-01-16,测试工程师,参与系统架构设计，优化系统性能，提升用户体验。要求熟悉缺陷管理、自动化测试、测试等相关技术，具备良好的沟通能力和团队协作精神。,深圳,1000人以上,硕士,16063,30346
2022-01-17,项目经理,负责后端服务开发，确保代码质量和系统稳定性。要求熟悉项目管理、团队协调、进度控制等相关技术，具备良好的沟通能力和团队协作精神。,武汉,1000人以上,大专,13198,22163
2022-01-18,机器学习工程师,参与系统架构设计，优化系统性能，提升用户体验。要求熟悉特征工程、机器学习、Python等相关技术，具备良好的沟通能力和团队协作精神。,武汉,150-500人,本科,9218,15444
2022-01-18,人力资源专员,负责公司核心产品的开发与维护，参与技术方案设计。要求熟悉绩效考核、招聘、员工关系等相关技术，具备良好的沟通能力和团队协作精神。,杭州,500-1000人,博士,17067,27490
2022-01-18,市场经理,负责市场推广和品牌建设，拓展市场渠道。要求熟悉品牌建设、渠道拓展、活动策划等相关技术，具备良好的沟通能力和团队协作精神。,杭州,150-500人,硕士,21795,38220
2022-01-19,财务分析师,负责后端服务开发，确保代码质量和系统稳定性。要求熟悉财务分析、预算编制、财务报表等相关技术，具备良好的沟通能力和团队协作精神。,成都,少于50人,本科,9019,14622
2022-01-20,Java后端开发,负责后端服务开发，确保代码质量和系统稳定性。要求熟悉Spring、Redis、Java等相关技术，具备良好的沟通能力和团队协作精神。,深圳,50-150人,大专,10525,17484
2022-01-20,数据科学家,构建机器学习模型，解决实际业务问题。要求熟悉深度学习、机器学习、TensorFlow等相关技术，具备良好的沟通能力和团队协作精神。,天津,少于50人,大专,12400,20618
2022-01-21,数据科学家,构建机器学习模型，解决实际业务问题。要求熟悉机器学习、深度学习、PyTorch等相关技术，具备良好的沟通能力和团队协作精神。,天津,少于50人,大专,14397,22615
2022-01-21,人力资源专员,负责后端服务开发，确保代码质量和系统稳定性。要求熟悉培训、员工关系、招聘等相关技术，具备良好的沟通能力和团队协作精神。,武汉,50-150人,大专,5000,7577
2022-01-21,架构师,参与需求分析，提供技术解决方案，推动项目落地。要求熟悉技术选型、系统架构、性能优化等相关技术，具备良好的沟通能力和团队协作精神。,杭州,50-150人,大专,8707,15108
2022-01-21,运维工程师,参与需求分析，提供技术解决方案，推动项目落地。要求熟悉Docker、Linux、监控等相关技术，具备良好的沟通能力和团队协作精神。,天津,少于50人,大专,5303,9686
2022-01-22,产品经理,负责产品规划和设计，推动产品迭代优化。要求熟悉Axure、用户研究、产品设计等相关技术，具备良好的沟通能力和团队协作精神。,广州,1000人以上,博士,17914,30966
2022-01-22,算法工程师,负责后端服务开发，确保代码质量和系统稳定性。要求熟悉数据结构、Python、机器学习等相关技术，具备良好的沟通能力和团队协作精神。,天津,1000人以上,本科,10008,17743
2022-01-22,前端开发工程师,参与需求分析，提供技术解决方案，推动项目落地。要求熟悉Vue、React、CSS等相关技术，具备良好的沟通能力和团队协作精神。,西安,150-500人,硕士,13395,21202
2022-01-22,前端开发工程师,负责公司核心产品的开发与维护，参与技术方案设计。要求熟悉CSS、Vue、TypeScript等相关技术，具备良好的沟通能力和团队协作精神。,深圳,1000人以上,大专,13356,22145
2022-01-23,人力资源专员,负责公司核心产品的开发与维护，参与技术方案设计。要求熟悉培训、招聘、员工关系等相关技术，具备良好的沟通能力和团队协作精神。,深圳,150-500人,硕士,11932,19371
2022-01-23,算法工程师,参与需求分析，提供技术解决方案，推动项目落地。要求熟悉算法、Python、机器学习等相关技术，具备良好的沟通能力和团队协作精神。,杭州,1000人以上,大专,11862,19948
2022-01-24,算法工程师,负责后端服务开发，确保代码质量和系统稳定性。要求熟悉算法、深度学习、数据结构等相关技术，具备良好的沟通能力和团队协作精神。,天津,50-150人,本科,7818,13942
2022-01-24,全栈开发工程师,参与需求分析，提供技术解决方案，推动项目落地。要求熟悉JavaScript、MongoDB、React等相关技术，具备良好的沟通能力和团队协作精神。,武汉,少于50人,博士,10930,20455
2022-01-24,财务分析师,负责后端服务开发，确保代码质量和系统稳定性。要求熟悉预算编制、财务分析、财务报表等相关技术，具备良好的沟通能力和团队协作精神。,北京,150-500人,博士,28942,46081
2022-01-25,技术支持工程师,参与需求分析，提供技术解决方案，推动项目落地。要求熟悉技术支持、文档编写、问题排查等相关技术，具备良好的沟通能力和团队协作精神。,重庆,1000人以上,博士,13696,26353
2022-01-25,人力资源专员,负责公司核心产品的开发与维护，参与技术方案设计。要求熟悉员工关系、培训、招聘等相关技术，具备良好的沟通能力和团队协作精神。,重庆,50-150人,博士,9066,15329
2022-01-27,Java后端开发,参与需求分析，提供技术解决方案，推动项目落地。要求熟悉SpringBoot、Java、Redis等相关技术，具备良好的沟通能力和团队协作精神。,武汉,500-1000人,博士,14057,26384
2022-01-27,产品经理,协调研发、设计、运营团队，确保产品按时交付。要求熟悉数据分析、Axure、用户研究等相关技术，具备良好的沟通能力和团队协作精神。,上海,50-150人,硕士,26144,43512
2022-01-28,数据分析师,构建机器学习模型，解决实际业务问题。要求熟悉Tableau、SQL、统计学等相关技术，具备良好的沟通能力和团队协作精神。,天津,少于50人,大专,8463,12846
2022-01-29,项目经理,参与需求分析，提供技术解决方案，推动项目落地。要求熟悉项目管理、风险控制、团队协调等相关技术，具备良好的沟通能力和团队协作精神。,武汉,150-500人,本科,12813,22152
2022-01-29,财务分析师,负责后端服务开发，确保代码质量和系统稳定性。要求熟悉Excel、财务分析、预算编制等相关技术，具备良好的沟通能力和团队协作精神。,上海,150-500人,本科,16326,25701
2022-01-30,架构师,参与需求分析，提供技术解决方案，推动项目落地。要求熟悉性能优化、系统架构、微服务等相关技术，具备良好的沟通能力和团队协作精神。,杭州,少于50人,本科,9729,16888
2022-01-30,Python开发工程师,参与系统架构设计，优化系统性能，提升用户体验。要求熟悉Redis、FastAPI、Django等相关技术，具备良好的沟通能力和团队协作精神。,深圳,少于50人,本科,23277,42732
2022-01-30,数据分析师,设计和维护数据报表，监控业务指标变化。要求熟悉SQL、Excel、统计学等相关技术，具备良好的沟通能力和团队协作精神。,苏州,少于50人,博士,17435,27745
2022-01-31,前端开发工程师,参与需求分析，提供技术解决方案，推动项目落地。要求熟悉CSS、HTML、JavaScript等相关技术，具备良好的沟通能力和团队协作精神。,苏州,少于50人,本科,8212,13939
2022-01-31,全栈开发工程师,参与需求分析，提供技术解决方案，推动项目落地。要求熟悉JavaScript、MongoDB、Node.js等相关技术，具备良好的沟通能力和团队协作精神。,上海,150-500人,硕士,16756,28944
2022-02-01,架构师,参与系统架构设计，优化系统性能，提升用户体验。要求熟悉微服务、性能优化、系统架构等相关技术，具备良好的沟通能力和团队协作精神。,成都,少于50人,博士,12832,22819
2022-02-01,前端开发工程师,负责后端服务开发，确保代码质量和系统稳定性。要求熟悉JavaScript、TypeScript、CSS等相关技术，具备良好的沟通能力和团队协作精神。,广州,少于50人,大专,6346,11771
2022-02-01,架构师,参与系统架构设计，优化系统性能，提升用户体验。要求熟悉微服务、性能优化、技术选型等相关技术，具备良好的沟通能力和团队协作精神。,天津,1000人以上,博士,16204,29990
2022-02-02,Python开发工程师,负责公司核心产品的开发与维护，参与技术方案设计。要求熟悉Flask、Redis、Django等相关技术，具备良好的沟通能力和团队协作精神。,苏州,少于50人,硕士,8767,16140
2022-02-02,Java后端开发,负责后端服务开发，确保代码质量和系统稳定性。要求熟悉Spring、Dubbo、Java等相关技术，具备良好的沟通能力和团队协作精神。,武汉,50-150人,本科,8828,14685
2022-02-02,测试工程师,负责后端服务开发，确保代码质量和系统稳定性。要求熟悉自动化测试、测试、缺陷管理等相关技术，具备良好的沟通能力和团队协作精神。,成都,150-500人,博士,17658,29407
2022-02-02,人力资源专员,参与需求分析，提供技术解决方案，推动项目落地。要求熟悉绩效考核、培训、员工关系等相关技术，具备良好的沟通能力和团队协作精神。,成都,150-500人,大专,5000,8086
2022-02-02,算法工程师,负责公司核心产品的开发与维护，参与技术方案设计。要求熟悉深度学习、机器学习、算法等相关技术，具备良好的沟通能力和团队协作精神。,苏州,少于50人,本科,6968,12639
2022-02-03,财务分析师,负责公司核心产品的开发与维护，参与技术方案设计。要求熟悉财务分析、Excel、预算编制等相关技术，具备良好的沟通能力和团队协作精神。,武汉,500-1000人,博士,19467,31673
2022-02-03,全栈开发工程师,参与系统架构设计，优化系统性能，提升用户体验。要求熟悉React、MongoDB、JavaScript等相关技术，具备良好的沟通能力和团队协作精神。,北京,少于50人,大专,9518,15929
2022-02-03,UI设计师,参与需求分析，提供技术解决方案，推动项目落地。要求熟悉用户体验、Sketch、交互设计等相关技术，具备良好的沟通能力和团队协作精神。,武汉,1000人以上,本科,10497,16970
2022-02-03,人力资源专员,参与系统架构设计，优化系统性能，提升用户体验。要求熟悉招聘、培训、绩效考核等相关技术，具备良好的沟通能力和团队协作精神。,广州,150-500人,本科,7037,12023
2022-02-03,Python开发工程师,负责后端服务开发，确保代码质量和系统稳定性。要求熟悉MySQL、Redis、FastAPI等相关技术，具备良好的沟通能力和团队协作精神。,武汉,少于50人,大专,6501,10693
2022-02-03,全栈开发工程师,负责后端服务开发，确保代码质量和系统稳定性。要求熟悉Node.js、JavaScript、MongoDB等相关技术，具备良好的沟通能力和团队协作精神。,西安,1000人以上,硕士,14535,23813
2022-02-04,产品经理,协调研发、设计、运营团队，确保产品按时交付。要求熟悉需求分析、产品设计、用户研究等相关技术，具备良好的沟通能力和团队协作精神。,南京,1000人以上,博士,32257,54581
2022-02-04,算法工程师,参与需求分析，提供技术解决方案，推动项目落地。要求熟悉机器学习、深度学习、数据结构等相关技术，具备良好的沟通能力和团队协作精神。,杭州,500-1000人,博士,63285,112827
2022-02-04,UI设计师,负责后端服务开发，确保代码质量和系统稳定性。要求熟悉Figma、交互设计、用户体验等相关技术，具备良好的沟通能力和团队协作精神。,杭州,50-150人,博士,22588,35067
2022-02-04,技术支持工程师,负责公司核心产品的开发与维护，参与技术方案设计。要求熟悉技术支持、文档编写、问题排查等相关技术，具备良好的沟通能力和团队协作精神。,成都,50-150人,硕士,11752,19813
2022-02-05,项目经理,参与系统架构设计，优化系统性能，提升用户体验。要求熟悉团队协调、项目管理、风险控制等相关技术，具备良好的沟通能力和团队协作精神。,天津,50-150人,大专,9982,17258
2022-02-05,测试工程师,参与系统架构设计，优化系统性能，提升用户体验。要求熟悉性能测试、缺陷管理、测试等相关技术，具备良好的沟通能力和团队协作精神。,西安,150-500人,本科,7435,13382
2022-02-05,运营专员,负责日常运营工作，提升用户活跃度和留存率。要求熟悉数据分析、活动策划、用户增长等相关技术，具备良好的沟通能力和团队协作精神。,北京,1000人以上,硕士,14660,23853
2022-02-06,UI设计师,参与需求分析，提供技术解决方案，推动项目落地。要求熟悉UI设计、Sketch、Figma等相关技术，具备良好的沟通能力和团队协作精神。,天津,1000人以上,硕士,15150,23861
2022-02-07,销售代表,负责市场推广和品牌建设，拓展市场渠道。要求熟悉销售、业绩目标、商务谈判等相关技术，具备良好的沟通能力和团队协作精神。,成都,少于50人,本科,7109,12657
2022-02-07,项目经理,负责后端服务开发，确保代码质量和系统稳定性。要求熟悉团队协调、项目管理、进度控制等相关技术，具备良好的沟通能力和团队协作精神。,广州,少于50人,硕士,21111,34334
2022-02-07,测试工程师,负责后端服务开发，确保代码质量和系统稳定性。要求熟悉自动化测试、测试、性能测试等相关技术，具备良好的沟通能力和团队协作精神。,上海,500-1000人,博士,22443,40824
2022-02-07,Python开发工程师,负责后端服务开发，确保代码质量和系统稳定性。要求熟悉FastAPI、Redis、Django等相关技术，具备良好的沟通能力和团队协作精神。,北京,50-150人,硕士,13748,25392
2022-02-08,运维工程师,参与需求分析，提供技术解决方案，推动项目落地。要求熟悉Linux、Docker、K8s等相关技术，具备良好的沟通能力和团队协作精神。,北京,1000人以上,硕士,18262,32970
2022-02-09,数据分析师,设计和维护数据报表，监控业务指标变化。要求熟悉Excel、统计学、Tableau等相关技术，具备良好的沟通能力和团队协作精神。,天津,500-1000人,博士,19788,32425
2022-02-10,产品经理,分析用户需求和市场动态，制定产品发展策略。要求熟悉产品设计、数据分析、Axure等相关技术，具备良好的沟通能力和团队协作精神。,南京,1000人以上,大专,12853,22774
2022-02-10,销售代表,负责市场推广和品牌建设，拓展市场渠道。要求熟悉商务谈判、客户关系、销售等相关技术，具备良好的沟通能力和团队协作精神。,西安,500-1000人,本科,8700,15242
2022-02-10,产品经理,分析用户需求和市场动态，制定产品发展策略。要求熟悉用户研究、产品设计、数据分析等相关技术，具备良好的沟通能力和团队协作精神。,广州,1000人以上,本科,20557,34917
2022-02-10,UI设计师,参与系统架构设计，优化系统性能，提升用户体验。要求熟悉用户体验、Sketch、UI设计等相关技术，具备良好的沟通能力和团队协作精神。,天津,500-1000人,本科,10135,16278
2022-02-11,市场经理,分析市场趋势和竞争对手，制定市场策略。要求熟悉活动策划、品牌建设、渠道拓展等相关技术，具备良好的沟通能力和团队协作精神。,天津,50-150人,大专,11064,18340
2022-02-11,销售代表,策划营销活动，提升产品知名度和市场份额。要求熟悉销售、商务谈判、客户关系等相关技术，具备良好的沟通能力和团队协作精神。,重庆,少于50人,硕士,9372,15784
2022-02-12,技术支持工程师,参与需求分析，提供技术解决方案，推动项目落地。要求熟悉客户沟通、文档编写、问题排查等相关技术，具备良好的沟通能力和团队协作精神。,苏州,少于50人,博士,16948,27157
2022-02-12,UI设计师,负责后端服务开发，确保代码质量和系统稳定性。要求熟悉UI设计、Sketch、Figma等相关技术，具备良好的沟通能力和团队协作精神。,北京,150-500人,博士,23799,38648
2022-02-12,人力资源专员,参与系统架构设计，优化系统性能，提升用户体验。要求熟悉培训、员工关系、招聘等相关技术，具备良好的沟通能力和团队协作精神。,上海,500-1000人,硕士,39918,64809
2022-02-13,市场经理,分析市场趋势和竞争对手，制定市场策略。要求熟悉市场营销、活动策划、渠道拓展等相关技术，具备良好的沟通能力和团队协作精神。,苏州,1000人以上,大专,11769,21377
2022-02-14,前端开发工程师,参与系统架构设计，优化系统性能，提升用户体验。要求熟悉TypeScript、JavaScript、CSS等相关技术，具备良好的沟通能力和团队协作精神。,上海,500-1000人,硕士,15844,29119
2022-02-14,市场经理,策划营销活动，提升产品知名度和市场份额。要求熟悉品牌建设、活动策划、市场营销等相关技术，具备良好的沟通能力和团队协作精神。,苏州,50-150人,本科,14755,24264
2022-02-14,算法工程师,负责公司核心产品的开发与维护，参与技术方案设计。要求熟悉机器学习、Python、深度学习等相关技术，具备良好的沟通能力和团队协作精神。,北京,150-500人,硕士,14235,26492
2022-02-16,Python开发工程师,负责公司核心产品的开发与维护，参与技术方案设计。要求熟悉MySQL、Redis、FastAPI等相关技术，具备良好的沟通能力和团队协作精神。,苏州,50-150人,本科,9269,15608
2022-02-16,市场经理,分析市场趋势和竞争对手，制定市场策略。要求熟悉品牌建设、活动策划、市场营销等相关技术，具备良好的沟通能力和团队协作精神。,北京,1000人以上,本科,20583,37554
2022-02-17,架构师,负责后端服务开发，确保代码质量和系统稳定性。要求熟悉性能优化、微服务、系统架构等相关技术，具备良好的沟通能力和团队协作精神。,杭州,50-150人,大专,7744,14083
2022-02-17,技术支持工程师,负责后端服务开发，确保代码质量和系统稳定性。要求熟悉问题排查、客户沟通、文档编写等相关技术，具备良好的沟通能力和团队协作精神。,北京,1000人以上,大专,12126,21178
2022-02-17,前端开发工程师,参与系统架构设计，优化系统性能，提升用户体验。要求熟悉CSS、TypeScript、HTML等相关技术，具备良好的沟通能力和团队协作精神。,武汉,500-1000人,博士,17445,29651
2022-02-17,架构师,参与系统架构设计，优化系统性能，提升用户体验。要求熟悉微服务、技术选型、性能优化等相关技术，具备良好的沟通能力和团队协作精神。,重庆,150-500人,硕士,10398,17940
2022-02-17,UI设计师,负责后端服务开发，确保代码质量和系统稳定性。要求熟悉交互设计、用户体验、Figma等相关技术，具备良好的沟通能力和团队协作精神。,北京,50-150人,本科,12764,20601
2022-02-18,机器学习工程师,参与需求分析，提供技术解决方案，推动项目落地。要求熟悉模型调优、Python、机器学习等相关技术，具备良好的沟通能力和团队协作精神。,广州,150-500人,本科,9358,17336
2022-02-19,财务分析师,负责公司核心产品的开发与维护，参与技术方案设计。要求熟悉预算编制、财务分析、财务报表等相关技术，具备良好的沟通能力和团队协作精神。,杭州,1000人以上,博士,36748,54764
2022-02-19,人力资源专员,参与系统架构设计，优化系统性能，提升用户体验。要求熟悉员工关系、绩效考核、培训等相关技术，具备良好的沟通能力和团队协作精神。,杭州,50-150人,硕士,9442,15880
2022-02-19,项目经理,参与需求分析，提供技术解决方案，推动项目落地。要求熟悉项目管理、风险控制、团队协调等相关技术，具备良好的沟通能力和团队协作精神。,南京,少于50人,博士,20157,35969
2022-02-20,架构师,参与系统架构设计，优化系统性能，提升用户体验。要求熟悉技术选型、系统架构、微服务等相关技术，具备良好的沟通能力和团队协作精神。,武汉,1000人以上,本科,9837,17235
2022-02-21,全栈开发工程师,参与需求分析，提供技术解决方案，推动项目落地。要求熟悉MySQL、Node.js、React等相关技术，具备良好的沟通能力和团队协作精神。,深圳,1000人以上,本科,14919,25798
2022-02-21,项目经理,参与需求分析，提供技术解决方案，推动项目落地。要求熟悉项目管理、团队协调、风险控制等相关技术，具备良好的沟通能力和团队协作精神。,苏州,500-1000人,硕士,18291,32603
2022-02-22,市场经理,分析市场趋势和竞争对手，制定市场策略。要求熟悉活动策划、渠道拓展、市场营销等相关技术，具备良好的沟通能力和团队协作精神。,上海,少于50人,博士,30669,51974
2022-02-22,测试工程师,参与系统架构设计，优化系统性能，提升用户体验。要求熟悉缺陷管理、自动化测试、性能测试等相关技术，具备良好的沟通能力和团队协作精神。,武汉,少于50人,硕士,9636,16448
2022-02-23,产品经理,负责产品规划和设计，推动产品迭代优化。要求熟悉用户研究、产品设计、数据分析等相关技术，具备良好的沟通能力和团队协作精神。,杭州,500-1000人,本科,16395,30157
2022-02-23,运维工程师,负责后端服务开发，确保代码质量和系统稳定性。要求熟悉Docker、K8s、运维等相关技术，具备良好的沟通能力和团队协作精神。,成都,少于50人,博士,10766,20753
2022-02-23,项目经理,参与系统架构设计，优化系统性能，提升用户体验。要求熟悉团队协调、项目管理、风险控制等相关技术，具备良好的沟通能力和团队协作精神。,深圳,50-150人,本科,14633,27552
2022-02-24,人力资源专员,负责公司核心产品的开发与维护，参与技术方案设计。要求熟悉招聘、员工关系、绩效考核等相关技术，具备良好的沟通能力和团队协作精神。,上海,500-1000人,博士,16966,28454
2022-02-24,前端开发工程师,参与系统架构设计，优化系统性能，提升用户体验。要求熟悉JavaScript、CSS、React等相关技术，具备良好的沟通能力和团队协作精神。,深圳,50-150人,大专,11709,18599
2022-02-25,Java后端开发,参与需求分析，提供技术解决方案，推动项目落地。要求熟悉MySQL、Redis、Java等相关技术，具备良好的沟通能力和团队协作精神。,南京,50-150人,硕士,10718,19227
2022-02-25,人力资源专员,负责后端服务开发，确保代码质量和系统稳定性。要求熟悉招聘、培训、绩效考核等相关技术，具备良好的沟通能力和团队协作精神。,北京,50-150人,本科,8369,13967
2022-02-26,运营专员,负责日常运营工作，提升用户活跃度和留存率。要求熟悉数据分析、活动策划、运营等相关技术，具备良好的沟通能力和团队协作精神。,北京,1000人以上,硕士,13137,22329
2022-02-26,前端开发工程师,负责公司核心产品的开发与维护，参与技术方案设计。要求熟悉CSS、HTML、React等相关技术，具备良好的沟通能力和团队协作精神。,上海,少于50人,博士,20234,34438
2022-02-26,财务分析师,负责公司核心产品的开发与维护，参与技术方案设计。要求熟悉预算编制、Excel、财务分析等相关技术，具备良好的沟通能力和团队协作精神。,上海,500-1000人,硕士,22245,35520
2022-02-27,人力资源专员,负责后端服务开发，确保代码质量和系统稳定性。要求熟悉绩效考核、培训、招聘等相关技术，具备良好的沟通能力和团队协作精神。,杭州,500-1000人,博士,17107,27428
2022-02-27,财务分析师,负责公司核心产品的开发与维护，参与技术方案设计。要求熟悉财务分析、预算编制、Excel等相关技术，具备良好的沟通能力和团队协作精神。,广州,150-500人,大专,9203,15585
2022-02-27,算法工程师,参与系统架构设计，优化系统性能，提升用户体验。要求熟悉机器学习、深度学习、Python等相关技术，具备良好的沟通能力和团队协作精神。,上海,1000人以上,本科,16805,27945
2022-02-27,技术支持工程师,参与需求分析，提供技术解决方案，推动项目落地。要求熟悉文档编写、技术支持、问题排查等相关技术，具备良好的沟通能力和团队协作精神。,北京,50-150人,本科,11149,20106
2022-02-28,测试工程师,负责后端服务开发，确保代码质量和系统稳定性。要求熟悉性能测试、缺陷管理、自动化测试等相关技术，具备良好的沟通能力和团队协作精神。,广州,150-500人,博士,19930,34290
2022-03-01,前端开发工程师,参与需求分析，提供技术解决方案，推动项目落地。要求熟悉CSS、React、HTML等相关技术，具备良好的沟通能力和团队协作精神。,西安,50-150人,本科,8474,14235
2022-03-02,运维工程师,参与系统架构设计，优化系统性能，提升用户体验。要求熟悉Linux、K8s、运维等相关技术，具备良好的沟通能力和团队协作精神。,天津,50-150人,大专,7093,12040
2022-03-02,Python开发工程师,参与系统架构设计，优化系统性能，提升用户体验。要求熟悉Flask、Python、Django等相关技术，具备良好的沟通能力和团队协作精神。,南京,少于50人,本科,8162,14134
2022-03-03,财务分析师,参与系统架构设计，优化系统性能，提升用户体验。要求熟悉Excel、财务分析、财务报表等相关技术，具备良好的沟通能力和团队协作精神。,深圳,50-150人,本科,13549,22332
2022-03-03,运维工程师,负责后端服务开发，确保代码质量和系统稳定性。要求熟悉监控、Docker、Linux等相关技术，具备良好的沟通能力和团队协作精神。,杭州,1000人以上,博士,21365,39738
2022-03-04,数据分析师,构建机器学习模型，解决实际业务问题。要求熟悉Excel、统计学、Tableau等相关技术，具备良好的沟通能力和团队协作精神。,苏州,150-500人,本科,11885,18690
2022-03-05,测试工程师,参与需求分析，提供技术解决方案，推动项目落地。要求熟悉自动化测试、缺陷管理、测试等相关技术，具备良好的沟通能力和团队协作精神。,天津,少于50人,大专,5865,10291
2022-03-05,数据科学家,构建机器学习模型，解决实际业务问题。要求熟悉Python、TensorFlow、深度学习等相关技术，具备良好的沟通能力和团队协作精神。,广州,1000人以上,硕士,41236,65033
2022-03-05,销售代表,分析市场趋势和竞争对手，制定市场策略。要求熟悉商务谈判、销售、客户关系等相关技术，具备良好的沟通能力和团队协作精神。,南京,少于50人,大专,5652,10429
2022-03-05,技术支持工程师,负责公司核心产品的开发与维护，参与技术方案设计。要求熟悉文档编写、技术支持、客户沟通等相关技术，具备良好的沟通能力和团队协作精神。,深圳,500-1000人,硕士,16340,29561
2022-03-05,Python开发工程师,负责后端服务开发，确保代码质量和系统稳定性。要求熟悉Django、Python、MySQL等相关技术，具备良好的沟通能力和团队协作精神。,天津,1000人以上,大专,8930,15178
2022-03-06,Python开发工程师,负责公司核心产品的开发与维护，参与技术方案设计。要求熟悉Flask、Django、Python等相关技术，具备良好的沟通能力和团队协作精神。,苏州,50-150人,博士,18518,30154
2022-03-08,机器学习工程师,负责公司核心产品的开发与维护，参与技术方案设计。要求熟悉Python、模型调优、机器学习等相关技术，具备良好的沟通能力和团队协作精神。,上海,1000人以上,博士,23806,44255
2022-03-08,技术支持工程师,参与需求分析，提供技术解决方案，推动项目落地。要求熟悉客户沟通、文档编写、技术支持等相关技术，具备良好的沟通能力和团队协作精神。,北京,1000人以上,大专,4952,8644
2022-03-08,全栈开发工程师,参与系统架构设计，优化系统性能，提升用户体验。要求熟悉MySQL、JavaScript、MongoDB等相关技术，具备良好的沟通能力和团队协作精神。,苏州,150-500人,本科,11279,18084
2022-03-09,运维工程师,参与系统架构设计，优化系统性能，提升用户体验。要求熟悉Linux、运维、K8s等相关技术，具备良好的沟通能力和团队协作精神。,苏州,少于50人,本科,8547,14331
2022-03-11,人力资源专员,负责后端服务开发，确保代码质量和系统稳定性。要求熟悉招聘、培训、员工关系等相关技术，具备良好的沟通能力和团队协作精神。,武汉,50-150人,硕士,7410,12263
2022-03-12,项目经理,负责公司核心产品的开发与维护，参与技术方案设计。要求熟悉团队协调、风险控制、进度控制等相关技术，具备良好的沟通能力和团队协作精神。,重庆,500-1000人,硕士,14563,27254
2022-03-16,算法工程师,参与需求分析，提供技术解决方案，推动项目落地。要求熟悉深度学习、机器学习、数据结构等相关技术，具备良好的沟通能力和团队协作精神。,天津,500-1000人,博士,17274,30161
2022-03-17,全栈开发工程师,参与需求分析，提供技术解决方案，推动项目落地。要求熟悉Node.js、MySQL、MongoDB等相关技术，具备良好的沟通能力和团队协作精神。,深圳,150-500人,博士,21832,38473
2022-03-17,销售代表,负责市场推广和品牌建设，拓展市场渠道。要求熟悉商务谈判、客户关系、销售等相关技术，具备良好的沟通能力和团队协作精神。,苏州,150-500人,博士,17163,29411
2022-03-18,销售代表,分析市场趋势和竞争对手，制定市场策略。要求熟悉业绩目标、商务谈判、客户关系等相关技术，具备良好的沟通能力和团队协作精神。,武汉,150-500人,博士,18539,29855
2022-03-18,人力资源专员,负责后端服务开发，确保代码质量和系统稳定性。要求熟悉员工关系、绩效考核、招聘等相关技术，具备良好的沟通能力和团队协作精神。,南京,500-1000人,大专,6014,9879
2022-03-18,架构师,负责后端服务开发，确保代码质量和系统稳定性。要求熟悉系统架构、技术选型、微服务等相关技术，具备良好的沟通能力和团队协作精神。,重庆,150-500人,博士,15168,25818
2022-03-19,全栈开发工程师,负责公司核心产品的开发与维护，参与技术方案设计。要求熟悉MongoDB、React、JavaScript等相关技术，具备良好的沟通能力和团队协作精神。,深圳,150-500人,博士,20399,37041
2022-03-19,算法工程师,负责后端服务开发，确保代码质量和系统稳定性。要求熟悉深度学习、数据结构、算法等相关技术，具备良好的沟通能力和团队协作精神。,广州,150-500人,大专,9168,15676
2022-03-19,前端开发工程师,负责公司核心产品的开发与维护，参与技术方案设计。要求熟悉TypeScript、React、JavaScript等相关技术，具备良好的沟通能力和团队协作精神。,苏州,150-500人,博士,18646,30894
2022-03-20,技术支持工程师,参与系统架构设计，优化系统性能，提升用户体验。要求熟悉文档编写、客户沟通、技术支持等相关技术，具备良好的沟通能力和团队协作精神。,重庆,500-1000人,博士,17291,29007
2022-03-22,技术支持工程师,负责后端服务开发，确保代码质量和系统稳定性。要求熟悉文档编写、问题排查、技术支持等相关技术，具备良好的沟通能力和团队协作精神。,广州,150-500人,本科,10511,18646
2022-03-22,产品经理,负责产品规划和设计，推动产品迭代优化。要求熟悉产品设计、需求分析、用户研究等相关技术，具备良好的沟通能力和团队协作精神。,南京,少于50人,本科,38088,64962
2022-03-22,数据分析师,设计和维护数据报表，监控业务指标变化。要求熟悉Tableau、Excel、统计学等相关技术，具备良好的沟通能力和团队协作精神。,成都,1000人以上,硕士,20428,30812
2022-03-22,数据科学家,负责数据分析和挖掘，为业务决策提供数据支持。要求熟悉深度学习、PyTorch、Python等相关技术，具备良好的沟通能力和团队协作精神。,南京,50-150人,博士,35813,58342
2022-03-23,Java后端开发,参与需求分析，提供技术解决方案，推动项目落地。要求熟悉MySQL、Dubbo、Java等相关技术，具备良好的沟通能力和团队协作精神。,重庆,50-150人,硕士,10673,17980
2022-03-23,测试工程师,负责后端服务开发，确保代码质量和系统稳定性。要求熟悉缺陷管理、测试、性能测试等相关技术，具备良好的沟通能力和团队协作精神。,南京,少于50人,大专,5942,10720
2022-03-23,架构师,参与需求分析，提供技术解决方案，推动项目落地。要求熟悉系统架构、技术选型、性能优化等相关技术，具备良好的沟通能力和团队协作精神。,天津,少于50人,博士,12962,22920
2022-03-24,数据分析师,负责数据分析和挖掘，为业务决策提供数据支持。要求熟悉Excel、Python、Tableau等相关技术，具备良好的沟通能力和团队协作精神。,成都,1000人以上,大专,10636,17027
2022-03-24,Java后端开发,负责后端服务开发，确保代码质量和系统稳定性。要求熟悉MySQL、Dubbo、SpringBoot等相关技术，具备良好的沟通能力和团队协作精神。,重庆,50-150人,硕士,12130,19437
2022-03-24,数据科学家,设计和维护数据报表，监控业务指标变化。要求熟悉机器学习、PyTorch、深度学习等相关技术，具备良好的沟通能力和团队协作精神。,重庆,1000人以上,大专,41687,68312
2022-03-24,架构师,负责公司核心产品的开发与维护，参与技术方案设计。要求熟悉系统架构、技术选型、性能优化等相关技术，具备良好的沟通能力和团队协作精神。,成都,少于50人,博士,11673,21857
2022-03-25,架构师,参与需求分析，提供技术解决方案，推动项目落地。要求熟悉性能优化、技术选型、系统架构等相关技术，具备良好的沟通能力和团队协作精神。,上海,1000人以上,博士,32027,52477
2022-03-25,Java后端开发,参与需求分析，提供技术解决方案，推动项目落地。要求熟悉MySQL、Java、Dubbo等相关技术，具备良好的沟通能力和团队协作精神。,西安,150-500人,本科,8012,14077
2022-03-25,UI设计师,参与系统架构设计，优化系统性能，提升用户体验。要求熟悉交互设计、UI设计、Figma等相关技术，具备良好的沟通能力和团队协作精神。,深圳,少于50人,本科,11387,18263
2022-03-25,全栈开发工程师,参与需求分析，提供技术解决方案，推动项目落地。要求熟悉Node.js、MongoDB、MySQL等相关技术，具备良好的沟通能力和团队协作精神。,西安,少于50人,本科,6807,11962
2022-03-25,数据科学家,负责数据分析和挖掘，为业务决策提供数据支持。要求熟悉深度学习、Python、机器学习等相关技术，具备良好的沟通能力和团队协作精神。,杭州,500-1000人,硕士,37913,60719
2022-03-25,UI设计师,参与系统架构设计，优化系统性能，提升用户体验。要求熟悉UI设计、Sketch、Figma等相关技术，具备良好的沟通能力和团队协作精神。,杭州,少于50人,博士,24940,36327
2022-03-27,数据分析师,设计和维护数据报表，监控业务指标变化。要求熟悉统计学、Excel、SQL等相关技术，具备良好的沟通能力和团队协作精神。,杭州,150-500人,大专,11540,18344
2022-03-27,销售代表,策划营销活动，提升产品知名度和市场份额。要求熟悉客户关系、商务谈判、业绩目标等相关技术，具备良好的沟通能力和团队协作精神。,重庆,少于50人,硕士,8375,14913
2022-03-28,运营专员,负责日常运营工作，提升用户活跃度和留存率。要求熟悉用户增长、活动策划、数据分析等相关技术，具备良好的沟通能力和团队协作精神。,西安,1000人以上,博士,39048,63609
2022-03-28,全栈开发工程师,参与需求分析，提供技术解决方案，推动项目落地。要求熟悉Node.js、React、MySQL等相关技术，具备良好的沟通能力和团队协作精神。,苏州,1000人以上,博士,18462,33159
2022-03-29,技术支持工程师,负责公司核心产品的开发与维护，参与技术方案设计。要求熟悉技术支持、问题排查、客户沟通等相关技术，具备良好的沟通能力和团队协作精神。,西安,150-500人,硕士,10122,18006
2022-03-29,数据科学家,设计和维护数据报表，监控业务指标变化。要求熟悉深度学习、PyTorch、Python等相关技术，具备良好的沟通能力和团队协作精神。,天津,少于50人,大专,13779,22077
2022-03-29,前端开发工程师,负责后端服务开发，确保代码质量和系统稳定性。要求熟悉React、HTML、TypeScript等相关技术，具备良好的沟通能力和团队协作精神。,上海,150-500人,大专,11479,19052
2022-03-29,市场经理,负责市场推广和品牌建设，拓展市场渠道。要求熟悉市场营销、活动策划、渠道拓展等相关技术，具备良好的沟通能力和团队协作精神。,西安,1000人以上,本科,16351,27268
2022-03-29,人力资源专员,负责公司核心产品的开发与维护，参与技术方案设计。要求熟悉员工关系、培训、招聘等相关技术，具备良好的沟通能力和团队协作精神。,杭州,50-150人,硕士,5029,8312
2022-03-29,销售代表,策划营销活动，提升产品知名度和市场份额。要求熟悉客户关系、销售、商务谈判等相关技术，具备良好的沟通能力和团队协作精神。,西安,150-500人,博士,16788,27705
2022-03-29,全栈开发工程师,负责后端服务开发，确保代码质量和系统稳定性。要求熟悉Node.js、MongoDB、MySQL等相关技术，具备良好的沟通能力和团队协作精神。,深圳,50-150人,大专,9019,16046
2022-03-30,销售代表,策划营销活动，提升产品知名度和市场份额。要求熟悉商务谈判、业绩目标、客户关系等相关技术，具备良好的沟通能力和团队协作精神。,杭州,50-150人,博士,21526,36071
2022-03-31,算法工程师,参与系统架构设计，优化系统性能，提升用户体验。要求熟悉机器学习、数据结构、深度学习等相关技术，具备良好的沟通能力和团队协作精神。,北京,少于50人,大专,7539,14077
2022-03-31,项目经理,参与系统架构设计，优化系统性能，提升用户体验。要求熟悉项目管理、进度控制、团队协调等相关技术，具备良好的沟通能力和团队协作精神。,北京,500-1000人,硕士,26836,47461
2022-03-31,Python开发工程师,负责公司核心产品的开发与维护，参与技术方案设计。要求熟悉Flask、Python、MySQL等相关技术，具备良好的沟通能力和团队协作精神。,武汉,500-1000人,硕士,11482,20472
2022-04-01,前端开发工程师,参与需求分析，提供技术解决方案，推动项目落地。要求熟悉HTML、JavaScript、React等相关技术，具备良好的沟通能力和团队协作精神。,上海,1000人以上,大专,10646,19820
2022-04-02,财务分析师,负责后端服务开发，确保代码质量和系统稳定性。要求熟悉财务分析、财务报表、预算编制等相关技术，具备良好的沟通能力和团队协作精神。,重庆,150-500人,博士,8880,13180
2022-04-03,架构师,负责后端服务开发，确保代码质量和系统稳定性。要求熟悉性能优化、微服务、系统架构等相关技术，具备良好的沟通能力和团队协作精神。,广州,150-500人,大专,8673,15243
2022-04-03,市场经理,负责市场推广和品牌建设，拓展市场渠道。要求熟悉活动策划、渠道拓展、市场营销等相关技术，具备良好的沟通能力和团队协作精神。,南京,150-500人,本科,15713,26352
2022-04-03,技术支持工程师,参与系统架构设计，优化系统性能，提升用户体验。要求熟悉文档编写、技术支持、客户沟通等相关技术，具备良好的沟通能力和团队协作精神。,杭州,150-500人,本科,11655,20241
2022-04-03,数据科学家,构建机器学习模型，解决实际业务问题。要求熟悉Python、深度学习、TensorFlow等相关技术，具备良好的沟通能力和团队协作精神。,西安,500-1000人,博士,36259,58987
2022-04-03,前端开发工程师,参与需求分析，提供技术解决方案，推动项目落地。要求熟悉TypeScript、CSS、JavaScript等相关技术，具备良好的沟通能力和团队协作精神。,天津,1000人以上,博士,19543,33734
2022-04-04,全栈开发工程师,参与系统架构设计，优化系统性能，提升用户体验。要求熟悉Node.js、MongoDB、React等相关技术，具备良好的沟通能力和团队协作精神。,天津,500-1000人,硕士,12375,21770
2022-04-04,财务分析师,负责后端服务开发，确保代码质量和系统稳定性。要求熟悉财务分析、Excel、预算编制等相关技术，具备良好的沟通能力和团队协作精神。,重庆,50-150人,大专,7849,12389
2022-04-04,人力资源专员,参与系统架构设计，优化系统性能，提升用户体验。要求熟悉员工关系、招聘、培训等相关技术，具备良好的沟通能力和团队协作精神。,重庆,1000人以上,博士,12970,21034
2022-04-04,运营专员,负责日常运营工作，提升用户活跃度和留存率。要求熟悉活动策划、运营、数据分析等相关技术，具备良好的沟通能力和团队协作精神。,广州,少于50人,硕士,7664,13335
2022-04-04,Java后端开发,负责公司核心产品的开发与维护，参与技术方案设计。要求熟悉Spring、MySQL、Dubbo等相关技术，具备良好的沟通能力和团队协作精神。,天津,少于50人,博士,14201,24254
2022-04-04,测试工程师,参与系统架构设计，优化系统性能，提升用户体验。要求熟悉缺陷管理、自动化测试、性能测试等相关技术，具备良好的沟通能力和团队协作精神。,天津,1000人以上,大专,8151,14458
2022-04-05,运营专员,策划运营活动，提升品牌影响力和用户增长。要求熟悉运营、用户增长、活动策划等相关技术，具备良好的沟通能力和团队协作精神。,成都,1000人以上,本科,7721,12760
2022-04-05,前端开发工程师,参与需求分析，提供技术解决方案，推动项目落地。要求熟悉React、Vue、JavaScript等相关技术，具备良好的沟通能力和团队协作精神。,武汉,少于50人,大专,5911,10226
2022-04-05,UI设计师,参与系统架构设计，优化系统性能，提升用户体验。要求熟悉用户体验、Figma、交互设计等相关技术，具备良好的沟通能力和团队协作精神。,广州,150-500人,硕士,12138,21479
2022-04-06,全栈开发工程师,参与系统架构设计，优化系统性能，提升用户体验。要求熟悉Node.js、JavaScript、React等相关技术，具备良好的沟通能力和团队协作精神。,武汉,50-150人,博士,16743,27595
2022-04-06,财务分析师,参与系统架构设计，优化系统性能，提升用户体验。要求熟悉财务分析、预算编制、Excel等相关技术，具备良好的沟通能力和团队协作精神。,成都,150-500人,本科,12622,19341
2022-04-06,Python开发工程师,负责公司核心产品的开发与维护，参与技术方案设计。要求熟悉Redis、Django、FastAPI等相关技术，具备良好的沟通能力和团队协作精神。,成都,少于50人,博士,12482,22763
2022-04-07,运营专员,分析运营数据，优化运营策略和流程。要求熟悉用户增长、数据分析、活动策划等相关技术，具备良好的沟通能力和团队协作精神。,杭州,少于50人,本科,7893,12454
2022-04-09,架构师,负责公司核心产品的开发与维护，参与技术方案设计。要求熟悉技术选型、性能优化、系统架构等相关技术，具备良好的沟通能力和团队协作精神。,北京,150-500人,硕士,16218,28835
2022-04-11,销售代表,分析市场趋势和竞争对手，制定市场策略。要求熟悉商务谈判、客户关系、销售等相关技术，具备良好的沟通能力和团队协作精神。,北京,50-150人,大专,9860,17236
2022-04-12,技术支持工程师,参与需求分析，提供技术解决方案，推动项目落地。要求熟悉问题排查、文档编写、技术支持等相关技术，具备良好的沟通能力和团队协作精神。,重庆,50-150人,大专,5743,10283
2022-04-12,项目经理,参与需求分析，提供技术解决方案，推动项目落地。要求熟悉进度控制、风险控制、项目管理等相关技术，具备良好的沟通能力和团队协作精神。,重庆,150-500人,本科,12411,21371
2022-04-13,前端开发工程师,参与需求分析，提供技术解决方案，推动项目落地。要求熟悉CSS、React、HTML等相关技术，具备良好的沟通能力和团队协作精神。,天津,少于50人,大专,6365,10833
2022-04-13,Python开发工程师,参与系统架构设计，优化系统性能，提升用户体验。要求熟悉Redis、MySQL、FastAPI等相关技术，具备良好的沟通能力和团队协作精神。,上海,500-1000人,本科,14976,25488
2022-04-13,运营专员,分析运营数据，优化运营策略和流程。要求熟悉活动策划、数据分析、运营等相关技术，具备良好的沟通能力和团队协作精神。,重庆,少于50人,大专,5000,7000
2022-04-13,产品经理,协调研发、设计、运营团队，确保产品按时交付。要求熟悉用户研究、产品设计、Axure等相关技术，具备良好的沟通能力和团队协作精神。,杭州,1000人以上,博士,35537,63355
2022-04-14,UI设计师,负责公司核心产品的开发与维护，参与技术方案设计。要求熟悉用户体验、UI设计、Sketch等相关技术，具备良好的沟通能力和团队协作精神。,天津,500-1000人,本科,10928,17252
2022-04-15,市场经理,分析市场趋势和竞争对手，制定市场策略。要求熟悉渠道拓展、品牌建设、活动策划等相关技术，具备良好的沟通能力和团队协作精神。,苏州,500-1000人,硕士,23140,37874
2022-04-15,人力资源专员,参与需求分析，提供技术解决方案，推动项目落地。要求熟悉绩效考核、员工关系、培训等相关技术，具备良好的沟通能力和团队协作精神。,深圳,500-1000人,大专,8414,13547
2022-04-16,人力资源专员,参与系统架构设计，优化系统性能，提升用户体验。要求熟悉员工关系、招聘、培训等相关技术，具备良好的沟通能力和团队协作精神。,西安,500-1000人,硕士,8435,13906
2022-04-16,项目经理,负责公司核心产品的开发与维护，参与技术方案设计。要求熟悉项目管理、进度控制、风险控制等相关技术，具备良好的沟通能力和团队协作精神。,上海,50-150人,硕士,17560,35263
2022-04-16,市场经理,策划营销活动，提升产品知名度和市场份额。要求熟悉市场营销、渠道拓展、活动策划等相关技术，具备良好的沟通能力和团队协作精神。,重庆,少于50人,博士,16829,30537
2022-04-17,全栈开发工程师,负责后端服务开发，确保代码质量和系统稳定性。要求熟悉Node.js、MySQL、JavaScript等相关技术，具备良好的沟通能力和团队协作精神。,成都,50-150人,博士,18089,29579
2022-04-17,Python开发工程师,参与需求分析，提供技术解决方案，推动项目落地。要求熟悉Redis、Python、FastAPI等相关技术，具备良好的沟通能力和团队协作精神。,北京,少于50人,本科,10630,18879
2022-04-18,项目经理,参与需求分析，提供技术解决方案，推动项目落地。要求熟悉风险控制、进度控制、团队协调等相关技术，具备良好的沟通能力和团队协作精神。,苏州,1000人以上,硕士,19373,35446
2022-04-18,UI设计师,参与需求分析，提供技术解决方案，推动项目落地。要求熟悉Sketch、Figma、用户体验等相关技术，具备良好的沟通能力和团队协作精神。,杭州,500-1000人,硕士,22090,32833
2022-04-19,全栈开发工程师,参与系统架构设计，优化系统性能，提升用户体验。要求熟悉MySQL、Node.js、MongoDB等相关技术，具备良好的沟通能力和团队协作精神。,苏州,50-150人,硕士,10305,18788
2022-04-20,算法工程师,负责后端服务开发，确保代码质量和系统稳定性。要求熟悉数据结构、Python、算法等相关技术，具备良好的沟通能力和团队协作精神。,北京,1000人以上,本科,17124,28770
2022-04-20,数据科学家,构建机器学习模型，解决实际业务问题。要求熟悉PyTorch、Python、机器学习等相关技术，具备良好的沟通能力和团队协作精神。,深圳,1000人以上,博士,65430,103227
2022-04-20,技术支持工程师,参与需求分析，提供技术解决方案，推动项目落地。要求熟悉文档编写、问题排查、技术支持等相关技术，具备良好的沟通能力和团队协作精神。,杭州,150-500人,硕士,6586,11050
2022-04-20,财务分析师,负责后端服务开发，确保代码质量和系统稳定性。要求熟悉财务报表、财务分析、预算编制等相关技术，具备良好的沟通能力和团队协作精神。,成都,150-500人,硕士,11580,20315
2022-04-21,技术支持工程师,参与系统架构设计，优化系统性能，提升用户体验。要求熟悉问题排查、客户沟通、文档编写等相关技术，具备良好的沟通能力和团队协作精神。,天津,1000人以上,本科,10399,18283
2022-04-22,前端开发工程师,参与需求分析，提供技术解决方案，推动项目落地。要求熟悉JavaScript、CSS、TypeScript等相关技术，具备良好的沟通能力和团队协作精神。,成都,少于50人,本科,7499,13210
2022-04-23,Java后端开发,参与系统架构设计，优化系统性能，提升用户体验。要求熟悉Dubbo、Java、SpringBoot等相关技术，具备良好的沟通能力和团队协作精神。,杭州,500-1000人,硕士,13990,26267
2022-04-23,Java后端开发,负责公司核心产品的开发与维护，参与技术方案设计。要求熟悉Spring、Java、MySQL等相关技术，具备良好的沟通能力和团队协作精神。,北京,500-1000人,硕士,20910,34789
2022-04-23,技术支持工程师,参与系统架构设计，优化系统性能，提升用户体验。要求熟悉技术支持、文档编写、客户沟通等相关技术，具备良好的沟通能力和团队协作精神。,北京,50-150人,硕士,16672,28659
2022-04-24,项目经理,参与系统架构设计，优化系统性能，提升用户体验。要求熟悉风险控制、项目管理、团队协调等相关技术，具备良好的沟通能力和团队协作精神。,西安,少于50人,本科,11600,19405
2022-04-24,项目经理,负责后端服务开发，确保代码质量和系统稳定性。要求熟悉团队协调、风险控制、进度控制等相关技术，具备良好的沟通能力和团队协作精神。,北京,少于50人,博士,20633,42908
2022-04-24,产品经理,分析用户需求和市场动态，制定产品发展策略。要求熟悉产品设计、用户研究、数据分析等相关技术，具备良好的沟通能力和团队协作精神。,重庆,1000人以上,本科,13440,24191
2022-04-25,Java后端开发,负责公司核心产品的开发与维护，参与技术方案设计。要求熟悉SpringBoot、Redis、Java等相关技术，具备良好的沟通能力和团队协作精神。,武汉,少于50人,硕士,11389,18401
2022-04-25,前端开发工程师,参与需求分析，提供技术解决方案，推动项目落地。要求熟悉TypeScript、CSS、HTML等相关技术，具备良好的沟通能力和团队协作精神。,重庆,少于50人,大专,15615,27798
2022-04-25,全栈开发工程师,参与需求分析，提供技术解决方案，推动项目落地。要求熟悉MongoDB、React、Node.js等相关技术，具备良好的沟通能力和团队协作精神。,苏州,500-1000人,博士,16663,30263
2022-04-25,前端开发工程师,参与需求分析，提供技术解决方案，推动项目落地。要求熟悉JavaScript、CSS、Vue等相关技术，具备良好的沟通能力和团队协作精神。,南京,150-500人,博士,18545,31312
2022-04-26,Python开发工程师,参与系统架构设计，优化系统性能，提升用户体验。要求熟悉FastAPI、Redis、Django等相关技术，具备良好的沟通能力和团队协作精神。,成都,1000人以上,大专,19625,35750
2022-04-30,UI设计师,参与系统架构设计，优化系统性能，提升用户体验。要求熟悉Sketch、UI设计、Figma等相关技术，具备良好的沟通能力和团队协作精神。,天津,50-150人,本科,8950,14411
2022-05-01,市场经理,负责市场推广和品牌建设，拓展市场渠道。要求熟悉渠道拓展、市场营销、活动策划等相关技术，具备良好的沟通能力和团队协作精神。,杭州,50-150人,大专,13569,23264
2022-05-02,前端开发工程师,参与需求分析，提供技术解决方案，推动项目落地。要求熟悉Vue、HTML、CSS等相关技术，具备良好的沟通能力和团队协作精神。,重庆,50-150人,本科,7336,12956
2022-05-02,项目经理,负责后端服务开发，确保代码质量和系统稳定性。要求熟悉风险控制、项目管理、团队协调等相关技术，具备良好的沟通能力和团队协作精神。,成都,50-150人,大专,9512,17099
2022-05-02,前端开发工程师,参与系统架构设计，优化系统性能，提升用户体验。要求熟悉CSS、HTML、JavaScript等相关技术，具备良好的沟通能力和团队协作精神。,杭州,1000人以上,硕士,17660,30926
2022-05-02,技术支持工程师,参与系统架构设计，优化系统性能，提升用户体验。要求熟悉问题排查、客户沟通、技术支持等相关技术，具备良好的沟通能力和团队协作精神。,杭州,1000人以上,本科,13086,23291
2022-05-03,Python开发工程师,参与系统架构设计，优化系统性能，提升用户体验。要求熟悉Flask、FastAPI、Python等相关技术，具备良好的沟通能力和团队协作精神。,南京,1000人以上,硕士,16233,27192
2022-05-04,算法工程师,参与系统架构设计，优化系统性能，提升用户体验。要求熟悉深度学习、机器学习、数据结构等相关技术，具备良好的沟通能力和团队协作精神。,上海,50-150人,大专,12192,19386
2022-05-04,全栈开发工程师,参与需求分析，提供技术解决方案，推动项目落地。要求熟悉React、MySQL、MongoDB等相关技术，具备良好的沟通能力和团队协作精神。,成都,1000人以上,本科,12836,20823
2022-05-04,数据科学家,设计和维护数据报表，监控业务指标变化。要求熟悉PyTorch、TensorFlow、深度学习等相关技术，具备良好的沟通能力和团队协作精神。,西安,500-1000人,大专,14994,24999
2022-05-05,机器学习工程师,参与需求分析，提供技术解决方案，推动项目落地。要求熟悉模型调优、Python、机器学习等相关技术，具备良好的沟通能力和团队协作精神。,广州,1000人以上,本科,13709,23470
2022-05-05,机器学习工程师,参与系统架构设计，优化系统性能，提升用户体验。要求熟悉机器学习、特征工程、模型调优等相关技术，具备良好的沟通能力和团队协作精神。,天津,150-500人,硕士,11389,19849
2022-05-06,架构师,参与需求分析，提供技术解决方案，推动项目落地。要求熟悉微服务、系统架构、性能优化等相关技术，具备良好的沟通能力和团队协作精神。,武汉,500-1000人,大专,8331,13862
2022-05-06,Java后端开发,负责公司核心产品的开发与维护，参与技术方案设计。要求熟悉Java、MySQL、Spring等相关技术，具备良好的沟通能力和团队协作精神。,成都,少于50人,博士,11003,21186
2022-05-06,前端开发工程师,参与需求分析，提供技术解决方案，推动项目落地。要求熟悉TypeScript、JavaScript、HTML等相关技术，具备良好的沟通能力和团队协作精神。,成都,少于50人,本科,7482,13139
2022-05-07,销售代表,分析市场趋势和竞争对手，制定市场策略。要求熟悉商务谈判、销售、客户关系等相关技术，具备良好的沟通能力和团队协作精神。,重庆,150-500人,硕士,10187,17877
2022-05-08,测试工程师,负责公司核心产品的开发与维护，参与技术方案设计。要求熟悉测试、缺陷管理、性能测试等相关技术，具备良好的沟通能力和团队协作精神。,深圳,少于50人,博士,18660,32802
2022-05-08,UI设计师,负责后端服务开发，确保代码质量和系统稳定性。要求熟悉Figma、UI设计、交互设计等相关技术，具备良好的沟通能力和团队协作精神。,杭州,500-1000人,硕士,7187,12508
2022-05-08,销售代表,分析市场趋势和竞争对手，制定市场策略。要求熟悉业绩目标、销售、客户关系等相关技术，具备良好的沟通能力和团队协作精神。,上海,1000人以上,大专,13320,22407
2022-05-09,全栈开发工程师,负责后端服务开发，确保代码质量和系统稳定性。要求熟悉React、MySQL、Node.js等相关技术，具备良好的沟通能力和团队协作精神。,杭州,少于50人,大专,8075,13858
2022-05-09,全栈开发工程师,参与系统架构设计，优化系统性能，提升用户体验。要求熟悉React、MongoDB、MySQL等相关技术，具备良好的沟通能力和团队协作精神。,杭州,150-500人,大专,8201,15004
2022-05-11,产品经理,负责产品规划和设计，推动产品迭代优化。要求熟悉用户研究、产品设计、数据分析等相关技术，具备良好的沟通能力和团队协作精神。,天津,少于50人,本科,12367,20664
2022-05-11,Python开发工程师,负责后端服务开发，确保代码质量和系统稳定性。要求熟悉Redis、Python、FastAPI等相关技术，具备良好的沟通能力和团队协作精神。,南京,150-500人,硕士,12658,21791
2022-05-11,Python开发工程师,负责公司核心产品的开发与维护，参与技术方案设计。要求熟悉Django、Flask、MySQL等相关技术，具备良好的沟通能力和团队协作精神。,广州,1000人以上,硕士,17044,29733
2022-05-11,Python开发工程师,参与系统架构设计，优化系统性能，提升用户体验。要求熟悉Redis、FastAPI、Python等相关技术，具备良好的沟通能力和团队协作精神。,深圳,150-500人,大专,8802,16197
2022-05-12,运营专员,策划运营活动，提升品牌影响力和用户增长。要求熟悉用户增长、数据分析、活动策划等相关技术，具备良好的沟通能力和团队协作精神。,深圳,50-150人,硕士,10091,17225
2022-05-12,架构师,负责公司核心产品的开发与维护，参与技术方案设计。要求熟悉性能优化、微服务、技术选型等相关技术，具备良好的沟通能力和团队协作精神。,广州,500-1000人,大专,9617,16775
2022-05-13,数据科学家,构建机器学习模型，解决实际业务问题。要求熟悉TensorFlow、Python、深度学习等相关技术，具备良好的沟通能力和团队协作精神。,南京,500-1000人,本科,16005,30494
2022-05-14,全栈开发工程师,负责公司核心产品的开发与维护，参与技术方案设计。要求熟悉MongoDB、Node.js、JavaScript等相关技术，具备良好的沟通能力和团队协作精神。,杭州,1000人以上,硕士,18188,31454
2022-05-15,Python开发工程师,参与需求分析，提供技术解决方案，推动项目落地。要求熟悉MySQL、Django、Python等相关技术，具备良好的沟通能力和团队协作精神。,成都,1000人以上,硕士,16044,26426
2022-05-15,算法工程师,负责公司核心产品的开发与维护，参与技术方案设计。要求熟悉算法、Python、深度学习等相关技术，具备良好的沟通能力和团队协作精神。,上海,50-150人,大专,10796,17989
2022-05-15,机器学习工程师,负责后端服务开发，确保代码质量和系统稳定性。要求熟悉特征工程、机器学习、Python等相关技术，具备良好的沟通能力和团队协作精神。,上海,500-1000人,博士,26116,44858
2022-05-16,架构师,负责后端服务开发，确保代码质量和系统稳定性。要求熟悉微服务、系统架构、性能优化等相关技术，具备良好的沟通能力和团队协作精神。,广州,1000人以上,大专,10828,18636
2022-05-16,项目经理,参与需求分析，提供技术解决方案，推动项目落地。要求熟悉风险控制、进度控制、项目管理等相关技术，具备良好的沟通能力和团队协作精神。,杭州,少于50人,本科,15347,26190
2022-05-16,全栈开发工程师,参与需求分析，提供技术解决方案，推动项目落地。要求熟悉JavaScript、Node.js、MongoDB等相关技术，具备良好的沟通能力和团队协作精神。,北京,1000人以上,大专,13059,22287
2022-05-17,全栈开发工程师,参与需求分析，提供技术解决方案，推动项目落地。要求熟悉React、MySQL、JavaScript等相关技术，具备良好的沟通能力和团队协作精神。,南京,500-1000人,本科,12383,20110
2022-05-17,架构师,负责后端服务开发，确保代码质量和系统稳定性。要求熟悉系统架构、性能优化、技术选型等相关技术，具备良好的沟通能力和团队协作精神。,武汉,500-1000人,硕士,12049,21037
2022-05-18,运营专员,分析运营数据，优化运营策略和流程。要求熟悉活动策划、运营、用户增长等相关技术，具备良好的沟通能力和团队协作精神。,深圳,50-150人,大专,7519,11909
2022-05-18,机器学习工程师,负责公司核心产品的开发与维护，参与技术方案设计。要求熟悉机器学习、Python、模型调优等相关技术，具备良好的沟通能力和团队协作精神。,广州,50-150人,本科,11204,18932
2022-05-18,运维工程师,负责公司核心产品的开发与维护，参与技术方案设计。要求熟悉K8s、监控、Linux等相关技术，具备良好的沟通能力和团队协作精神。,西安,150-500人,博士,14499,25414
2022-05-18,数据分析师,构建机器学习模型，解决实际业务问题。要求熟悉统计学、Excel、SQL等相关技术，具备良好的沟通能力和团队协作精神。,杭州,150-500人,大专,11557,18360
2022-05-19,财务分析师,负责后端服务开发，确保代码质量和系统稳定性。要求熟悉财务报表、财务分析、预算编制等相关技术，具备良好的沟通能力和团队协作精神。,上海,1000人以上,硕士,27012,41778
2022-05-20,架构师,参与系统架构设计，优化系统性能，提升用户体验。要求熟悉技术选型、性能优化、系统架构等相关技术，具备良好的沟通能力和团队协作精神。,重庆,1000人以上,大专,8571,14250
2022-05-20,前端开发工程师,负责后端服务开发，确保代码质量和系统稳定性。要求熟悉React、Vue、CSS等相关技术，具备良好的沟通能力和团队协作精神。,西安,少于50人,博士,11594,20871
2022-05-20,测试工程师,负责公司核心产品的开发与维护，参与技术方案设计。要求熟悉测试、性能测试、缺陷管理等相关技术，具备良好的沟通能力和团队协作精神。,西安,50-150人,本科,7126,12887
2022-05-20,测试工程师,负责后端服务开发，确保代码质量和系统稳定性。要求熟悉性能测试、测试、自动化测试等相关技术，具备良好的沟通能力和团队协作精神。,西安,1000人以上,博士,19624,32722
2022-05-21,市场经理,负责市场推广和品牌建设，拓展市场渠道。要求熟悉活动策划、市场营销、渠道拓展等相关技术，具备良好的沟通能力和团队协作精神。,苏州,150-500人,博士,28060,46429
2022-05-22,销售代表,负责市场推广和品牌建设，拓展市场渠道。要求熟悉销售、业绩目标、客户关系等相关技术，具备良好的沟通能力和团队协作精神。,杭州,50-150人,大专,8006,14469
2022-05-22,项目经理,负责后端服务开发，确保代码质量和系统稳定性。要求熟悉项目管理、团队协调、风险控制等相关技术，具备良好的沟通能力和团队协作精神。,上海,少于50人,博士,29675,51398
2022-05-23,运营专员,负责日常运营工作，提升用户活跃度和留存率。要求熟悉用户增长、数据分析、运营等相关技术，具备良好的沟通能力和团队协作精神。,北京,150-500人,本科,7951,13959
2022-05-23,项目经理,参与系统架构设计，优化系统性能，提升用户体验。要求熟悉团队协调、进度控制、项目管理等相关技术，具备良好的沟通能力和团队协作精神。,天津,50-150人,本科,11362,20635
2022-05-23,人力资源专员,负责后端服务开发，确保代码质量和系统稳定性。要求熟悉绩效考核、招聘、培训等相关技术，具备良好的沟通能力和团队协作精神。,武汉,150-500人,大专,5231,8374
2022-05-23,机器学习工程师,参与系统架构设计，优化系统性能，提升用户体验。要求熟悉Python、机器学习、特征工程等相关技术，具备良好的沟通能力和团队协作精神。,杭州,1000人以上,硕士,6936,12243
2022-05-23,Python开发工程师,负责后端服务开发，确保代码质量和系统稳定性。要求熟悉Python、MySQL、Flask等相关技术，具备良好的沟通能力和团队协作精神。,北京,150-500人,博士,24297,41601
2022-05-26,销售代表,负责市场推广和品牌建设，拓展市场渠道。要求熟悉业绩目标、客户关系、商务谈判等相关技术，具备良好的沟通能力和团队协作精神。,成都,1000人以上,本科,9202,17188
2022-05-26,运维工程师,负责公司核心产品的开发与维护，参与技术方案设计。要求熟悉Docker、Linux、监控等相关技术，具备良好的沟通能力和团队协作精神。,苏州,1000人以上,硕士,15634,26247
2022-05-27,测试工程师,负责公司核心产品的开发与维护，参与技术方案设计。要求熟悉自动化测试、性能测试、缺陷管理等相关技术，具备良好的沟通能力和团队协作精神。,广州,50-150人,本科,7217,14944
2022-05-29,Python开发工程师,负责后端服务开发，确保代码质量和系统稳定性。要求熟悉Flask、Django、MySQL等相关技术，具备良好的沟通能力和团队协作精神。,北京,少于50人,本科,9839,18010
2022-05-29,运维工程师,负责公司核心产品的开发与维护，参与技术方案设计。要求熟悉K8s、监控、Docker等相关技术，具备良好的沟通能力和团队协作精神。,广州,1000人以上,博士,23660,41230
2022-05-30,财务分析师,参与需求分析，提供技术解决方案，推动项目落地。要求熟悉Excel、财务分析、财务报表等相关技术，具备良好的沟通能力和团队协作精神。,广州,1000人以上,大专,13527,21336
2022-05-31,项目经理,参与系统架构设计，优化系统性能，提升用户体验。要求熟悉项目管理、风险控制、进度控制等相关技术，具备良好的沟通能力和团队协作精神。,武汉,少于50人,硕士,16168,26587
2022-05-31,人力资源专员,负责公司核心产品的开发与维护，参与技术方案设计。要求熟悉培训、员工关系、绩效考核等相关技术，具备良好的沟通能力和团队协作精神。,成都,少于50人,博士,8448,14812
2022-06-01,UI设计师,负责公司核心产品的开发与维护，参与技术方案设计。要求熟悉Sketch、交互设计、UI设计等相关技术，具备良好的沟通能力和团队协作精神。,上海,少于50人,硕士,14053,23029
2022-06-01,运维工程师,参与需求分析，提供技术解决方案，推动项目落地。要求熟悉监控、运维、Docker等相关技术，具备良好的沟通能力和团队协作精神。,北京,50-150人,硕士,19066,30710
2022-06-02,数据分析师,负责数据分析和挖掘，为业务决策提供数据支持。要求熟悉Python、统计学、Excel等相关技术，具备良好的沟通能力和团队协作精神。,天津,150-500人,博士,18437,29925
2022-06-03,人力资源专员,负责公司核心产品的开发与维护，参与技术方案设计。要求熟悉员工关系、绩效考核、招聘等相关技术，具备良好的沟通能力和团队协作精神。,武汉,少于50人,大专,5000,7000
2022-06-03,运维工程师,参与需求分析，提供技术解决方案，推动项目落地。要求熟悉Linux、监控、运维等相关技术，具备良好的沟通能力和团队协作精神。,重庆,1000人以上,大专,8157,13727
2022-06-03,数据科学家,设计和维护数据报表，监控业务指标变化。要求熟悉TensorFlow、机器学习、Python等相关技术，具备良好的沟通能力和团队协作精神。,上海,1000人以上,本科,36160,57048
2022-06-03,架构师,负责公司核心产品的开发与维护，参与技术方案设计。要求熟悉系统架构、微服务、技术选型等相关技术，具备良好的沟通能力和团队协作精神。,北京,少于50人,硕士,14625,25043
2022-06-04,前端开发工程师,参与系统架构设计，优化系统性能，提升用户体验。要求熟悉HTML、React、JavaScript等相关技术，具备良好的沟通能力和团队协作精神。,深圳,150-500人,大专,10894,18146
2022-06-04,技术支持工程师,参与系统架构设计，优化系统性能，提升用户体验。要求熟悉客户沟通、文档编写、技术支持等相关技术，具备良好的沟通能力和团队协作精神。,上海,150-500人,本科,11403,20686
2022-06-05,数据分析师,负责数据分析和挖掘，为业务决策提供数据支持。要求熟悉SQL、Tableau、统计学等相关技术，具备良好的沟通能力和团队协作精神。,天津,少于50人,硕士,12341,19394
2022-06-05,运营专员,策划运营活动，提升品牌影响力和用户增长。要求熟悉用户增长、活动策划、运营等相关技术，具备良好的沟通能力和团队协作精神。,上海,1000人以上,大专,9749,15319
2022-06-06,数据分析师,设计和维护数据报表，监控业务指标变化。要求熟悉Excel、Tableau、Python等相关技术，具备良好的沟通能力和团队协作精神。,广州,500-1000人,本科,14138,22913
2022-06-07,销售代表,策划营销活动，提升产品知名度和市场份额。要求熟悉客户关系、业绩目标、商务谈判等相关技术，具备良好的沟通能力和团队协作精神。,杭州,500-1000人,硕士,17157,29084
2022-06-07,产品经理,分析用户需求和市场动态，制定产品发展策略。要求熟悉产品设计、需求分析、用户研究等相关技术，具备良好的沟通能力和团队协作精神。,苏州,1000人以上,本科,17992,30002
2022-06-07,Python开发工程师,负责后端服务开发，确保代码质量和系统稳定性。要求熟悉Python、Django、Flask等相关技术，具备良好的沟通能力和团队协作精神。,重庆,500-1000人,博士,16256,27745
2022-06-07,前端开发工程师,负责公司核心产品的开发与维护，参与技术方案设计。要求熟悉TypeScript、React、Vue等相关技术，具备良好的沟通能力和团队协作精神。,广州,500-1000人,大专,8246,15267
2022-06-08,产品经理,分析用户需求和市场动态，制定产品发展策略。要求熟悉需求分析、Axure、产品设计等相关技术，具备良好的沟通能力和团队协作精神。,北京,150-500人,大专,18655,29969
2022-06-08,算法工程师,负责公司核心产品的开发与维护，参与技术方案设计。要求熟悉算法、机器学习、Python等相关技术，具备良好的沟通能力和团队协作精神。,成都,500-1000人,博士,17288,30212
2022-06-08,运维工程师,参与系统架构设计，优化系统性能，提升用户体验。要求熟悉Docker、Linux、监控等相关技术，具备良好的沟通能力和团队协作精神。,苏州,500-1000人,博士,18380,31592
2022-06-08,架构师,负责后端服务开发，确保代码质量和系统稳定性。要求熟悉技术选型、系统架构、性能优化等相关技术，具备良好的沟通能力和团队协作精神。,广州,50-150人,本科,9670,17249
2022-06-08,产品经理,分析用户需求和市场动态，制定产品发展策略。要求熟悉需求分析、Axure、数据分析等相关技术，具备良好的沟通能力和团队协作精神。,广州,150-500人,博士,29017,50558
2022-06-09,人力资源专员,参与需求分析，提供技术解决方案，推动项目落地。要求熟悉员工关系、培训、绩效考核等相关技术，具备良好的沟通能力和团队协作精神。,西安,500-1000人,大专,5057,8328
2022-06-09,全栈开发工程师,负责后端服务开发，确保代码质量和系统稳定性。要求熟悉MongoDB、MySQL、Node.js等相关技术，具备良好的沟通能力和团队协作精神。,天津,500-1000人,大专,8126,13742
2022-06-09,产品经理,分析用户需求和市场动态，制定产品发展策略。要求熟悉需求分析、数据分析、Axure等相关技术，具备良好的沟通能力和团队协作精神。,杭州,少于50人,硕士,20476,34301
2022-06-10,运维工程师,参与系统架构设计，优化系统性能，提升用户体验。要求熟悉K8s、Docker、运维等相关技术，具备良好的沟通能力和团队协作精神。,深圳,500-1000人,博士,25157,43107
2022-06-10,架构师,参与系统架构设计，优化系统性能，提升用户体验。要求熟悉技术选型、性能优化、微服务等相关技术，具备良好的沟通能力和团队协作精神。,成都,少于50人,博士,16167,26154
2022-06-10,测试工程师,负责后端服务开发，确保代码质量和系统稳定性。要求熟悉测试、性能测试、自动化测试等相关技术，具备良好的沟通能力和团队协作精神。,深圳,500-1000人,大专,13221,21199
2022-06-10,算法工程师,负责后端服务开发，确保代码质量和系统稳定性。要求熟悉数据结构、深度学习、算法等相关技术，具备良好的沟通能力和团队协作精神。,深圳,50-150人,本科,13175,21787
2022-06-11,产品经理,负责产品规划和设计，推动产品迭代优化。要求熟悉数据分析、需求分析、Axure等相关技术，具备良好的沟通能力和团队协作精神。,成都,150-500人,大专,9509,17342
2022-06-12,算法工程师,负责公司核心产品的开发与维护，参与技术方案设计。要求熟悉Python、机器学习、数据结构等相关技术，具备良好的沟通能力和团队协作精神。,重庆,50-150人,博士,14190,24112
2022-06-12,全栈开发工程师,参与需求分析，提供技术解决方案，推动项目落地。要求熟悉MySQL、React、JavaScript等相关技术，具备良好的沟通能力和团队协作精神。,西安,1000人以上,博士,15253,28099
2022-06-12,运营专员,策划运营活动，提升品牌影响力和用户增长。要求熟悉活动策划、数据分析、运营等相关技术，具备良好的沟通能力和团队协作精神。,天津,1000人以上,大专,6178,10008
2022-06-15,技术支持工程师,负责公司核心产品的开发与维护，参与技术方案设计。要求熟悉客户沟通、技术支持、问题排查等相关技术，具备良好的沟通能力和团队协作精神。,深圳,500-1000人,大专,37188,61122
2022-06-17,销售代表,策划营销活动，提升产品知名度和市场份额。要求熟悉客户关系、商务谈判、销售等相关技术，具备良好的沟通能力和团队协作精神。,武汉,1000人以上,大专,5891,11809
2022-06-18,运维工程师,负责后端服务开发，确保代码质量和系统稳定性。要求熟悉Linux、Docker、K8s等相关技术，具备良好的沟通能力和团队协作精神。,西安,500-1000人,大专,7923,13156
2022-06-20,人力资源专员,负责公司核心产品的开发与维护，参与技术方案设计。要求熟悉员工关系、绩效考核、培训等相关技术，具备良好的沟通能力和团队协作精神。,杭州,500-1000人,大专,6354,10942
2022-06-20,架构师,参与系统架构设计，优化系统性能，提升用户体验。要求熟悉技术选型、微服务、性能优化等相关技术，具备良好的沟通能力和团队协作精神。,广州,1000人以上,博士,25559,42791
2022-06-21,Python开发工程师,参与需求分析，提供技术解决方案，推动项目落地。要求熟悉Django、MySQL、FastAPI等相关技术，具备良好的沟通能力和团队协作精神。,重庆,1000人以上,本科,10063,17026
2022-06-21,运维工程师,负责公司核心产品的开发与维护，参与技术方案设计。要求熟悉监控、Linux、K8s等相关技术，具备良好的沟通能力和团队协作精神。,武汉,500-1000人,博士,16749,28955
2022-06-21,前端开发工程师,参与系统架构设计，优化系统性能，提升用户体验。要求熟悉TypeScript、HTML、React等相关技术，具备良好的沟通能力和团队协作精神。,上海,1000人以上,本科,16755,27895
2022-06-21,人力资源专员,参与系统架构设计，优化系统性能，提升用户体验。要求熟悉招聘、培训、员工关系等相关技术，具备良好的沟通能力和团队协作精神。,天津,50-150人,博士,11326,18147
2022-06-21,机器学习工程师,参与需求分析，提供技术解决方案，推动项目落地。要求熟悉特征工程、机器学习、Python等相关技术，具备良好的沟通能力和团队协作精神。,北京,50-150人,大专,12228,19394
2022-06-22,全栈开发工程师,负责公司核心产品的开发与维护，参与技术方案设计。要求熟悉Node.js、JavaScript、React等相关技术，具备良好的沟通能力和团队协作精神。,深圳,1000人以上,大专,10885,19588
2022-06-22,测试工程师,参与系统架构设计，优化系统性能，提升用户体验。要求熟悉性能测试、自动化测试、测试等相关技术，具备良好的沟通能力和团队协作精神。,天津,50-150人,硕士,9894,17776
2022-06-22,技术支持工程师,负责公司核心产品的开发与维护，参与技术方案设计。要求熟悉文档编写、技术支持、问题排查等相关技术，具备良好的沟通能力和团队协作精神。,西安,1000人以上,本科,8860,15997
2022-06-23,Python开发工程师,负责后端服务开发，确保代码质量和系统稳定性。要求熟悉MySQL、FastAPI、Flask等相关技术，具备良好的沟通能力和团队协作精神。,西安,少于50人,硕士,8879,15451
2022-06-23,产品经理,分析用户需求和市场动态，制定产品发展策略。要求熟悉用户研究、Axure、需求分析等相关技术，具备良好的沟通能力和团队协作精神。,上海,少于50人,本科,18851,30687
2022-06-24,算法工程师,负责后端服务开发，确保代码质量和系统稳定性。要求熟悉数据结构、算法、Python等相关技术，具备良好的沟通能力和团队协作精神。,苏州,少于50人,本科,7010,12681
2022-06-24,测试工程师,参与系统架构设计，优化系统性能，提升用户体验。要求熟悉自动化测试、性能测试、缺陷管理等相关技术，具备良好的沟通能力和团队协作精神。,上海,1000人以上,大专,12940,21852
2022-06-25,前端开发工程师,负责公司核心产品的开发与维护，参与技术方案设计。要求熟悉CSS、TypeScript、JavaScript等相关技术，具备良好的沟通能力和团队协作精神。,苏州,1000人以上,博士,23067,37479
2022-06-25,测试工程师,参与需求分析，提供技术解决方案，推动项目落地。要求熟悉自动化测试、性能测试、缺陷管理等相关技术，具备良好的沟通能力和团队协作精神。,广州,150-500人,博士,21682,36043
2022-06-25,数据分析师,负责数据分析和挖掘，为业务决策提供数据支持。要求熟悉Python、Excel、统计学等相关技术，具备良好的沟通能力和团队协作精神。,西安,少于50人,本科,9883,14938
2022-06-26,运维工程师,参与需求分析，提供技术解决方案，推动项目落地。要求熟悉Docker、监控、Linux等相关技术，具备良好的沟通能力和团队协作精神。,北京,500-1000人,大专,11424,19721
2022-06-30,产品经理,协调研发、设计、运营团队，确保产品按时交付。要求熟悉Axure、数据分析、用户研究等相关技术，具备良好的沟通能力和团队协作精神。,苏州,50-150人,大专,10913,18519
2022-07-01,数据分析师,构建机器学习模型，解决实际业务问题。要求熟悉Python、Excel、统计学等相关技术，具备良好的沟通能力和团队协作精神。,成都,少于50人,本科,7359,12584
2022-07-01,UI设计师,参与系统架构设计，优化系统性能，提升用户体验。要求熟悉UI设计、Figma、Sketch等相关技术，具备良好的沟通能力和团队协作精神。,广州,少于50人,博士,14165,24223
2022-07-01,UI设计师,负责公司核心产品的开发与维护，参与技术方案设计。要求熟悉交互设计、UI设计、Figma等相关技术，具备良好的沟通能力和团队协作精神。,武汉,500-1000人,博士,15473,25531
2022-07-01,数据科学家,负责数据分析和挖掘，为业务决策提供数据支持。要求熟悉TensorFlow、深度学习、Python等相关技术，具备良好的沟通能力和团队协作精神。,重庆,少于50人,博士,19239,34915
2022-07-02,市场经理,策划营销活动，提升产品知名度和市场份额。要求熟悉市场营销、活动策划、品牌建设等相关技术，具备良好的沟通能力和团队协作精神。,上海,500-1000人,本科,8350,15563
2022-07-02,运营专员,分析运营数据，优化运营策略和流程。要求熟悉数据分析、用户增长、活动策划等相关技术，具备良好的沟通能力和团队协作精神。,南京,1000人以上,博士,14535,23295
2022-07-02,测试工程师,负责后端服务开发，确保代码质量和系统稳定性。要求熟悉性能测试、测试、缺陷管理等相关技术，具备良好的沟通能力和团队协作精神。,深圳,1000人以上,本科,14708,24953
2022-07-02,测试工程师,负责公司核心产品的开发与维护，参与技术方案设计。要求熟悉缺陷管理、测试、性能测试等相关技术，具备良好的沟通能力和团队协作精神。,深圳,1000人以上,博士,29154,47596
2022-07-03,销售代表,负责市场推广和品牌建设，拓展市场渠道。要求熟悉商务谈判、业绩目标、销售等相关技术，具备良好的沟通能力和团队协作精神。,上海,500-1000人,大专,9545,17239
2022-07-03,市场经理,策划营销活动，提升产品知名度和市场份额。要求熟悉品牌建设、市场营销、活动策划等相关技术，具备良好的沟通能力和团队协作精神。,深圳,1000人以上,博士,37135,64797
2022-07-04,技术支持工程师,负责公司核心产品的开发与维护，参与技术方案设计。要求熟悉技术支持、问题排查、文档编写等相关技术，具备良好的沟通能力和团队协作精神。,深圳,少于50人,硕士,13504,22938
2022-07-04,UI设计师,负责后端服务开发，确保代码质量和系统稳定性。要求熟悉Sketch、UI设计、交互设计等相关技术，具备良好的沟通能力和团队协作精神。,西安,少于50人,大专,5334,8667
2022-07-04,数据分析师,设计和维护数据报表，监控业务指标变化。要求熟悉统计学、Python、Excel等相关技术，具备良好的沟通能力和团队协作精神。,广州,少于50人,大专,8127,13236
2022-07-04,数据科学家,负责数据分析和挖掘，为业务决策提供数据支持。要求熟悉深度学习、机器学习、Python等相关技术，具备良好的沟通能力和团队协作精神。,西安,150-500人,大专,13915,22316
2022-07-04,Python开发工程师,负责公司核心产品的开发与维护，参与技术方案设计。要求熟悉FastAPI、Redis、Flask等相关技术，具备良好的沟通能力和团队协作精神。,天津,500-1000人,本科,10568,17180
2022-07-05,人力资源专员,参与需求分析，提供技术解决方案，推动项目落地。要求熟悉绩效考核、培训、招聘等相关技术，具备良好的沟通能力和团队协作精神。,上海,1000人以上,大专,7277,12522
2022-07-06,市场经理,分析市场趋势和竞争对手，制定市场策略。要求熟悉品牌建设、渠道拓展、活动策划等相关技术，具备良好的沟通能力和团队协作精神。,南京,500-1000人,大专,12347,20912
2022-07-06,财务分析师,参与系统架构设计，优化系统性能，提升用户体验。要求熟悉预算编制、Excel、财务报表等相关技术，具备良好的沟通能力和团队协作精神。,苏州,500-1000人,硕士,15544,24529
2022-07-06,市场经理,负责市场推广和品牌建设，拓展市场渠道。要求熟悉活动策划、渠道拓展、市场营销等相关技术，具备良好的沟通能力和团队协作精神。,南京,1000人以上,大专,11730,21074
2022-07-06,Python开发工程师,负责公司核心产品的开发与维护，参与技术方案设计。要求熟悉MySQL、Redis、Python等相关技术，具备良好的沟通能力和团队协作精神。,上海,500-1000人,博士,28073,45383
2022-07-06,Java后端开发,参与需求分析，提供技术解决方案，推动项目落地。要求熟悉Java、Redis、Dubbo等相关技术，具备良好的沟通能力和团队协作精神。,深圳,1000人以上,硕士,16276,29595
2022-07-07,技术支持工程师,参与需求分析，提供技术解决方案，推动项目落地。要求熟悉问题排查、客户沟通、技术支持等相关技术，具备良好的沟通能力和团队协作精神。,北京,少于50人,本科,27497,46365
2022-07-07,前端开发工程师,负责公司核心产品的开发与维护，参与技术方案设计。要求熟悉Vue、HTML、TypeScript等相关技术，具备良好的沟通能力和团队协作精神。,深圳,50-150人,博士,19373,33973
2022-07-08,算法工程师,参与系统架构设计，优化系统性能，提升用户体验。要求熟悉算法、深度学习、Python等相关技术，具备良好的沟通能力和团队协作精神。,天津,150-500人,硕士,10973,18787
2022-07-08,前端开发工程师,负责公司核心产品的开发与维护，参与技术方案设计。要求熟悉HTML、React、CSS等相关技术，具备良好的沟通能力和团队协作精神。,上海,50-150人,本科,8052,16357
2022-07-08,算法工程师,负责后端服务开发，确保代码质量和系统稳定性。要求熟悉Python、机器学习、算法等相关技术，具备良好的沟通能力和团队协作精神。,苏州,500-1000人,博士,16823,29264
2022-07-09,架构师,参与需求分析，提供技术解决方案，推动项目落地。要求熟悉技术选型、微服务、性能优化等相关技术，具备良好的沟通能力和团队协作精神。,上海,150-500人,大专,8277,15271
2022-07-10,财务分析师,负责公司核心产品的开发与维护，参与技术方案设计。要求熟悉预算编制、财务报表、Excel等相关技术，具备良好的沟通能力和团队协作精神。,重庆,150-500人,本科,9115,14580
2022-07-10,销售代表,分析市场趋势和竞争对手，制定市场策略。要求熟悉销售、客户关系、业绩目标等相关技术，具备良好的沟通能力和团队协作精神。,杭州,150-500人,本科,11525,19380
2022-07-10,Java后端开发,参与系统架构设计，优化系统性能，提升用户体验。要求熟悉Spring、MySQL、Java等相关技术，具备良好的沟通能力和团队协作精神。,西安,500-1000人,博士,15581,26671
2022-07-10,产品经理,协调研发、设计、运营团队，确保产品按时交付。要求熟悉Axure、产品设计、数据分析等相关技术，具备良好的沟通能力和团队协作精神。,天津,150-500人,博士,23319,39548
2022-07-11,产品经理,协调研发、设计、运营团队，确保产品按时交付。要求熟悉Axure、需求分析、产品设计等相关技术，具备良好的沟通能力和团队协作精神。,西安,1000人以上,本科,13128,23209
2022-07-11,人力资源专员,参与需求分析，提供技术解决方案，推动项目落地。要求熟悉绩效考核、招聘、培训等相关技术，具备良好的沟通能力和团队协作精神。,深圳,500-1000人,本科,8712,14581
2022-07-11,数据科学家,负责数据分析和挖掘，为业务决策提供数据支持。要求熟悉TensorFlow、PyTorch、深度学习等相关技术，具备良好的沟通能力和团队协作精神。,苏州,500-1000人,大专,16096,26464
2022-07-12,UI设计师,负责公司核心产品的开发与维护，参与技术方案设计。要求熟悉交互设计、Sketch、Figma等相关技术，具备良好的沟通能力和团队协作精神。,成都,1000人以上,本科,28592,44730
2022-07-13,项目经理,参与需求分析，提供技术解决方案，推动项目落地。要求熟悉团队协调、风险控制、项目管理等相关技术，具备良好的沟通能力和团队协作精神。,成都,少于50人,本科,10391,18228
2022-07-14,测试工程师,参与需求分析，提供技术解决方案，推动项目落地。要求熟悉自动化测试、性能测试、缺陷管理等相关技术，具备良好的沟通能力和团队协作精神。,北京,150-500人,硕士,17034,28577
2022-07-14,运营专员,负责日常运营工作，提升用户活跃度和留存率。要求熟悉运营、活动策划、用户增长等相关技术，具备良好的沟通能力和团队协作精神。,成都,50-150人,大专,5000,7649
2022-07-14,数据分析师,构建机器学习模型，解决实际业务问题。要求熟悉SQL、统计学、Excel等相关技术，具备良好的沟通能力和团队协作精神。,武汉,少于50人,大专,6443,10391
2022-07-15,项目经理,参与系统架构设计，优化系统性能，提升用户体验。要求熟悉风险控制、团队协调、项目管理等相关技术，具备良好的沟通能力和团队协作精神。,深圳,50-150人,大专,14962,24695
2022-07-15,前端开发工程师,负责公司核心产品的开发与维护，参与技术方案设计。要求熟悉JavaScript、HTML、React等相关技术，具备良好的沟通能力和团队协作精神。,上海,少于50人,博士,22518,35894
2022-07-16,运营专员,分析运营数据，优化运营策略和流程。要求熟悉活动策划、用户增长、数据分析等相关技术，具备良好的沟通能力和团队协作精神。,上海,150-500人,博士,13077,22912
2022-07-18,数据科学家,负责数据分析和挖掘，为业务决策提供数据支持。要求熟悉PyTorch、机器学习、TensorFlow等相关技术，具备良好的沟通能力和团队协作精神。,广州,1000人以上,博士,46387,76816
2022-07-18,运营专员,策划运营活动，提升品牌影响力和用户增长。要求熟悉活动策划、用户增长、运营等相关技术，具备良好的沟通能力和团队协作精神。,南京,500-1000人,本科,6604,11065
2022-07-18,Java后端开发,参与系统架构设计，优化系统性能，提升用户体验。要求熟悉Spring、MySQL、Java等相关技术，具备良好的沟通能力和团队协作精神。,北京,1000人以上,硕士,8159,13700
2022-07-19,财务分析师,负责公司核心产品的开发与维护，参与技术方案设计。要求熟悉Excel、预算编制、财务分析等相关技术，具备良好的沟通能力和团队协作精神。,上海,50-150人,大专,11292,17936
2022-07-19,人力资源专员,负责后端服务开发，确保代码质量和系统稳定性。要求熟悉培训、绩效考核、员工关系等相关技术，具备良好的沟通能力和团队协作精神。,上海,1000人以上,硕士,14297,22821
2022-07-20,运维工程师,负责公司核心产品的开发与维护，参与技术方案设计。要求熟悉K8s、Docker、Linux等相关技术，具备良好的沟通能力和团队协作精神。,武汉,1000人以上,硕士,12981,22037
2022-07-20,算法工程师,参与系统架构设计，优化系统性能，提升用户体验。要求熟悉机器学习、深度学习、数据结构等相关技术，具备良好的沟通能力和团队协作精神。,北京,500-1000人,硕士,18521,31218
2022-07-21,全栈开发工程师,参与系统架构设计，优化系统性能，提升用户体验。要求熟悉React、MySQL、JavaScript等相关技术，具备良好的沟通能力和团队协作精神。,深圳,1000人以上,本科,16100,26346
2022-07-22,运维工程师,负责后端服务开发，确保代码质量和系统稳定性。要求熟悉Docker、运维、Linux等相关技术，具备良好的沟通能力和团队协作精神。,南京,150-500人,博士,15443,27123
2022-07-22,Python开发工程师,负责公司核心产品的开发与维护，参与技术方案设计。要求熟悉Django、Python、FastAPI等相关技术，具备良好的沟通能力和团队协作精神。,广州,150-500人,博士,18626,32150
2022-07-22,销售代表,负责市场推广和品牌建设，拓展市场渠道。要求熟悉业绩目标、商务谈判、客户关系等相关技术，具备良好的沟通能力和团队协作精神。,广州,1000人以上,大专,12752,19965
2022-07-22,Python开发工程师,负责后端服务开发，确保代码质量和系统稳定性。要求熟悉Django、MySQL、Python等相关技术，具备良好的沟通能力和团队协作精神。,南京,50-150人,本科,7997,14161
2022-07-23,全栈开发工程师,负责后端服务开发，确保代码质量和系统稳定性。要求熟悉MySQL、MongoDB、Node.js等相关技术，具备良好的沟通能力和团队协作精神。,广州,150-500人,本科,9700,17214
2022-07-23,技术支持工程师,参与需求分析，提供技术解决方案，推动项目落地。要求熟悉客户沟通、技术支持、文档编写等相关技术，具备良好的沟通能力和团队协作精神。,杭州,150-500人,大专,8201,14484
2022-07-24,前端开发工程师,参与需求分析，提供技术解决方案，推动项目落地。要求熟悉JavaScript、TypeScript、React等相关技术，具备良好的沟通能力和团队协作精神。,广州,500-1000人,大专,9390,16001
2022-07-24,产品经理,协调研发、设计、运营团队，确保产品按时交付。要求熟悉Axure、用户研究、产品设计等相关技术，具备良好的沟通能力和团队协作精神。,重庆,50-150人,博士,7738,13344
2022-07-24,运营专员,负责日常运营工作，提升用户活跃度和留存率。要求熟悉活动策划、用户增长、数据分析等相关技术，具备良好的沟通能力和团队协作精神。,成都,150-500人,大专,5000,7076
2022-07-25,人力资源专员,负责公司核心产品的开发与维护，参与技术方案设计。要求熟悉培训、绩效考核、员工关系等相关技术，具备良好的沟通能力和团队协作精神。,武汉,50-150人,博士,9367,15571
2022-07-25,测试工程师,负责公司核心产品的开发与维护，参与技术方案设计。要求熟悉自动化测试、测试、性能测试等相关技术，具备良好的沟通能力和团队协作精神。,重庆,150-500人,大专,5000,9250
2022-07-25,算法工程师,参与需求分析，提供技术解决方案，推动项目落地。要求熟悉机器学习、数据结构、算法等相关技术，具备良好的沟通能力和团队协作精神。,重庆,150-500人,博士,12620,22455
2022-07-25,产品经理,分析用户需求和市场动态，制定产品发展策略。要求熟悉Axure、产品设计、需求分析等相关技术，具备良好的沟通能力和团队协作精神。,西安,1000人以上,大专,12905,20970
2022-07-26,全栈开发工程师,负责公司核心产品的开发与维护，参与技术方案设计。要求熟悉MongoDB、Node.js、MySQL等相关技术，具备良好的沟通能力和团队协作精神。,广州,500-1000人,大专,7724,14336
2022-07-27,市场经理,负责市场推广和品牌建设，拓展市场渠道。要求熟悉渠道拓展、市场营销、品牌建设等相关技术，具备良好的沟通能力和团队协作精神。,深圳,50-150人,硕士,22525,38341
2022-07-27,市场经理,负责市场推广和品牌建设，拓展市场渠道。要求熟悉品牌建设、市场营销、活动策划等相关技术，具备良好的沟通能力和团队协作精神。,西安,50-150人,本科,12714,20695
2022-07-27,架构师,参与需求分析，提供技术解决方案，推动项目落地。要求熟悉技术选型、系统架构、微服务等相关技术，具备良好的沟通能力和团队协作精神。,武汉,少于50人,博士,12830,21713
2022-07-27,前端开发工程师,参与系统架构设计，优化系统性能，提升用户体验。要求熟悉JavaScript、HTML、CSS等相关技术，具备良好的沟通能力和团队协作精神。,上海,1000人以上,博士,31531,50415
2022-07-28,财务分析师,参与系统架构设计，优化系统性能，提升用户体验。要求熟悉财务报表、财务分析、预算编制等相关技术，具备良好的沟通能力和团队协作精神。,杭州,150-500人,大专,10774,17058
2022-07-29,前端开发工程师,负责公司核心产品的开发与维护，参与技术方案设计。要求熟悉TypeScript、CSS、Vue等相关技术，具备良好的沟通能力和团队协作精神。,广州,500-1000人,博士,21004,35881
2022-07-29,数据科学家,构建机器学习模型，解决实际业务问题。要求熟悉机器学习、PyTorch、TensorFlow等相关技术，具备良好的沟通能力和团队协作精神。,天津,500-1000人,硕士,29607,45723
2022-07-29,数据分析师,构建机器学习模型，解决实际业务问题。要求熟悉统计学、Excel、Python等相关技术，具备良好的沟通能力和团队协作精神。,苏州,少于50人,博士,18987,28601
2022-07-29,产品经理,分析用户需求和市场动态，制定产品发展策略。要求熟悉数据分析、用户研究、Axure等相关技术，具备良好的沟通能力和团队协作精神。,广州,500-1000人,硕士,25791,41906
2022-07-30,前端开发工程师,负责后端服务开发，确保代码质量和系统稳定性。要求熟悉Vue、React、HTML等相关技术，具备良好的沟通能力和团队协作精神。,南京,少于50人,本科,8380,13896
2022-07-30,销售代表,分析市场趋势和竞争对手，制定市场策略。要求熟悉客户关系、销售、商务谈判等相关技术，具备良好的沟通能力和团队协作精神。,苏州,500-1000人,硕士,11642,20628
2022-07-30,机器学习工程师,参与系统架构设计，优化系统性能，提升用户体验。要求熟悉特征工程、机器学习、Python等相关技术，具备良好的沟通能力和团队协作精神。,北京,少于50人,本科,9178,16725
2022-07-31,全栈开发工程师,负责公司核心产品的开发与维护，参与技术方案设计。要求熟悉Node.js、MySQL、JavaScript等相关技术，具备良好的沟通能力和团队协作精神。,北京,150-500人,大专,9511,16614
2022-08-01,UI设计师,负责公司核心产品的开发与维护，参与技术方案设计。要求熟悉Figma、交互设计、用户体验等相关技术，具备良好的沟通能力和团队协作精神。,北京,500-1000人,硕士,20670,31667
2022-08-01,架构师,参与需求分析，提供技术解决方案，推动项目落地。要求熟悉微服务、技术选型、系统架构等相关技术，具备良好的沟通能力和团队协作精神。,深圳,500-1000人,博士,23197,39929
2022-08-01,架构师,负责后端服务开发，确保代码质量和系统稳定性。要求熟悉性能优化、系统架构、微服务等相关技术，具备良好的沟通能力和团队协作精神。,北京,1000人以上,本科,13071,23618
2022-08-02,产品经理,负责产品规划和设计，推动产品迭代优化。要求熟悉需求分析、产品设计、Axure等相关技术，具备良好的沟通能力和团队协作精神。,武汉,少于50人,本科,8832,16158
2022-08-02,前端开发工程师,参与需求分析，提供技术解决方案，推动项目落地。要求熟悉React、Vue、JavaScript等相关技术，具备良好的沟通能力和团队协作精神。,武汉,1000人以上,大专,8033,13549
2022-08-03,UI设计师,负责后端服务开发，确保代码质量和系统稳定性。要求熟悉用户体验、Sketch、UI设计等相关技术，具备良好的沟通能力和团队协作精神。,苏州,150-500人,硕士,12400,19475
2022-08-03,全栈开发工程师,参与需求分析，提供技术解决方案，推动项目落地。要求熟悉React、MySQL、Node.js等相关技术，具备良好的沟通能力和团队协作精神。,杭州,50-150人,博士,15795,29090
2022-08-04,运营专员,分析运营数据，优化运营策略和流程。要求熟悉用户增长、数据分析、运营等相关技术，具备良好的沟通能力和团队协作精神。,杭州,1000人以上,本科,7551,13382
2022-08-05,架构师,负责后端服务开发，确保代码质量和系统稳定性。要求熟悉系统架构、技术选型、性能优化等相关技术，具备良好的沟通能力和团队协作精神。,武汉,150-500人,大专,6887,11484
2022-08-05,销售代表,负责市场推广和品牌建设，拓展市场渠道。要求熟悉业绩目标、销售、商务谈判等相关技术，具备良好的沟通能力和团队协作精神。,苏州,1000人以上,硕士,14576,24278
2022-08-05,架构师,负责公司核心产品的开发与维护，参与技术方案设计。要求熟悉微服务、性能优化、系统架构等相关技术，具备良好的沟通能力和团队协作精神。,西安,少于50人,本科,7298,12010
2022-08-05,产品经理,负责产品规划和设计，推动产品迭代优化。要求熟悉数据分析、产品设计、用户研究等相关技术，具备良好的沟通能力和团队协作精神。,广州,少于50人,本科,11945,21427
2022-08-06,数据科学家,设计和维护数据报表，监控业务指标变化。要求熟悉PyTorch、深度学习、TensorFlow等相关技术，具备良好的沟通能力和团队协作精神。,广州,50-150人,大专,14376,24974
2022-08-06,算法工程师,负责后端服务开发，确保代码质量和系统稳定性。要求熟悉深度学习、Python、机器学习等相关技术，具备良好的沟通能力和团队协作精神。,北京,150-500人,硕士,16243,27668
2022-08-06,人力资源专员,参与系统架构设计，优化系统性能，提升用户体验。要求熟悉培训、员工关系、招聘等相关技术，具备良好的沟通能力和团队协作精神。,深圳,1000人以上,本科,11083,17420
2022-08-07,算法工程师,参与系统架构设计，优化系统性能，提升用户体验。要求熟悉数据结构、Python、算法等相关技术，具备良好的沟通能力和团队协作精神。,杭州,50-150人,本科,9689,17075
2022-08-07,财务分析师,负责后端服务开发，确保代码质量和系统稳定性。要求熟悉预算编制、财务报表、Excel等相关技术，具备良好的沟通能力和团队协作精神。,天津,150-500人,博士,16366,27075
2022-08-08,运营专员,分析运营数据，优化运营策略和流程。要求熟悉活动策划、数据分析、用户增长等相关技术，具备良好的沟通能力和团队协作精神。,上海,50-150人,大专,6684,10794
2022-08-08,Python开发工程师,负责公司核心产品的开发与维护，参与技术方案设计。要求熟悉MySQL、FastAPI、Django等相关技术，具备良好的沟通能力和团队协作精神。,南京,150-500人,硕士,11290,19639
2022-08-08,数据科学家,设计和维护数据报表，监控业务指标变化。要求熟悉机器学习、Python、深度学习等相关技术，具备良好的沟通能力和团队协作精神。,西安,500-1000人,硕士,21445,36309
2022-08-09,测试工程师,参与需求分析，提供技术解决方案，推动项目落地。要求熟悉缺陷管理、测试、性能测试等相关技术，具备良好的沟通能力和团队协作精神。,重庆,50-150人,硕士,8190,14870
2022-08-10,架构师,负责后端服务开发，确保代码质量和系统稳定性。要求熟悉微服务、性能优化、技术选型等相关技术，具备良好的沟通能力和团队协作精神。,上海,500-1000人,硕士,16080,28454
2022-08-11,Java后端开发,负责公司核心产品的开发与维护，参与技术方案设计。要求熟悉Redis、Dubbo、SpringBoot等相关技术，具备良好的沟通能力和团队协作精神。,上海,150-500人,大专,9740,16663
2022-08-11,数据科学家,构建机器学习模型，解决实际业务问题。要求熟悉Python、PyTorch、机器学习等相关技术，具备良好的沟通能力和团队协作精神。,苏州,少于50人,本科,17465,27377
2022-08-12,项目经理,负责公司核心产品的开发与维护，参与技术方案设计。要求熟悉团队协调、风险控制、项目管理等相关技术，具备良好的沟通能力和团队协作精神。,武汉,1000人以上,博士,27905,46524
2022-08-13,运营专员,分析运营数据，优化运营策略和流程。要求熟悉活动策划、用户增长、数据分析等相关技术，具备良好的沟通能力和团队协作精神。,苏州,500-1000人,博士,12771,20468
2022-08-13,项目经理,负责后端服务开发，确保代码质量和系统稳定性。要求熟悉进度控制、团队协调、风险控制等相关技术，具备良好的沟通能力和团队协作精神。,苏州,1000人以上,硕士,17190,31744
2022-08-13,UI设计师,参与需求分析，提供技术解决方案，推动项目落地。要求熟悉交互设计、UI设计、Sketch等相关技术，具备良好的沟通能力和团队协作精神。,杭州,少于50人,本科,10689,16471
2022-08-14,前端开发工程师,参与需求分析，提供技术解决方案，推动项目落地。要求熟悉React、Vue、CSS等相关技术，具备良好的沟通能力和团队协作精神。,广州,500-1000人,硕士,14816,25451
2022-08-15,运营专员,策划运营活动，提升品牌影响力和用户增长。要求熟悉数据分析、活动策划、运营等相关技术，具备良好的沟通能力和团队协作精神。,天津,少于50人,硕士,6287,10396
2022-08-16,前端开发工程师,参与系统架构设计，优化系统性能，提升用户体验。要求熟悉JavaScript、React、TypeScript等相关技术，具备良好的沟通能力和团队协作精神。,成都,500-1000人,大专,6720,12074
2022-08-17,架构师,负责后端服务开发，确保代码质量和系统稳定性。要求熟悉系统架构、性能优化、技术选型等相关技术，具备良好的沟通能力和团队协作精神。,苏州,50-150人,博士,15846,26481
2022-08-17,架构师,负责后端服务开发，确保代码质量和系统稳定性。要求熟悉系统架构、技术选型、微服务等相关技术，具备良好的沟通能力和团队协作精神。,武汉,50-150人,本科,7440,12899
2022-08-17,架构师,参与需求分析，提供技术解决方案，推动项目落地。要求熟悉技术选型、系统架构、性能优化等相关技术，具备良好的沟通能力和团队协作精神。,北京,150-500人,本科,10627,19416
2022-08-18,架构师,参与系统架构设计，优化系统性能，提升用户体验。要求熟悉微服务、系统架构、技术选型等相关技术，具备良好的沟通能力和团队协作精神。,重庆,50-150人,本科,7000,12138
2022-08-18,数据科学家,设计和维护数据报表，监控业务指标变化。要求熟悉深度学习、TensorFlow、Python等相关技术，具备良好的沟通能力和团队协作精神。,南京,1000人以上,大专,18909,30470
2022-08-19,运营专员,策划运营活动，提升品牌影响力和用户增长。要求熟悉运营、数据分析、用户增长等相关技术，具备良好的沟通能力和团队协作精神。,深圳,500-1000人,大专,7170,11818
2022-08-19,UI设计师,负责公司核心产品的开发与维护，参与技术方案设计。要求熟悉UI设计、交互设计、用户体验等相关技术，具备良好的沟通能力和团队协作精神。,武汉,500-1000人,本科,7966,13497
2022-08-19,算法工程师,参与需求分析，提供技术解决方案，推动项目落地。要求熟悉数据结构、深度学习、机器学习等相关技术，具备良好的沟通能力和团队协作精神。,广州,少于50人,大专,8958,14015
2022-08-20,数据分析师,构建机器学习模型，解决实际业务问题。要求熟悉Python、Tableau、SQL等相关技术，具备良好的沟通能力和团队协作精神。,成都,150-500人,博士,17563,28515
2022-08-20,财务分析师,负责后端服务开发，确保代码质量和系统稳定性。要求熟悉财务报表、Excel、财务分析等相关技术，具备良好的沟通能力和团队协作精神。,西安,50-150人,硕士,12016,18863
2022-08-21,人力资源专员,负责公司核心产品的开发与维护，参与技术方案设计。要求熟悉培训、招聘、员工关系等相关技术，具备良好的沟通能力和团队协作精神。,深圳,少于50人,本科,7888,12378
2022-08-21,财务分析师,负责后端服务开发，确保代码质量和系统稳定性。要求熟悉预算编制、财务报表、财务分析等相关技术，具备良好的沟通能力和团队协作精神。,杭州,150-500人,本科,14737,22511
2022-08-22,Java后端开发,参与系统架构设计，优化系统性能，提升用户体验。要求熟悉MySQL、Spring、Dubbo等相关技术，具备良好的沟通能力和团队协作精神。,杭州,500-1000人,大专,3308,6045
2022-08-22,Java后端开发,参与系统架构设计，优化系统性能，提升用户体验。要求熟悉Redis、Java、Dubbo等相关技术，具备良好的沟通能力和团队协作精神。,杭州,少于50人,博士,15264,27159
2022-08-22,测试工程师,参与需求分析，提供技术解决方案，推动项目落地。要求熟悉性能测试、自动化测试、缺陷管理等相关技术，具备良好的沟通能力和团队协作精神。,苏州,50-150人,硕士,11192,18873
2022-08-22,销售代表,负责市场推广和品牌建设，拓展市场渠道。要求熟悉业绩目标、商务谈判、客户关系等相关技术，具备良好的沟通能力和团队协作精神。,天津,50-150人,大专,7028,11549
2022-08-23,算法工程师,参与系统架构设计，优化系统性能，提升用户体验。要求熟悉数据结构、机器学习、Python等相关技术，具备良好的沟通能力和团队协作精神。,广州,少于50人,本科,10149,16470
2022-08-24,算法工程师,参与系统架构设计，优化系统性能，提升用户体验。要求熟悉Python、算法、机器学习等相关技术，具备良好的沟通能力和团队协作精神。,苏州,少于50人,大专,5103,9332
2022-08-25,运维工程师,参与系统架构设计，优化系统性能，提升用户体验。要求熟悉运维、Docker、Linux等相关技术，具备良好的沟通能力和团队协作精神。,西安,50-150人,大专,5369,9582
2022-08-26,全栈开发工程师,参与系统架构设计，优化系统性能，提升用户体验。要求熟悉JavaScript、MySQL、Node.js等相关技术，具备良好的沟通能力和团队协作精神。,天津,少于50人,本科,6516,11573
2022-08-26,数据科学家,设计和维护数据报表，监控业务指标变化。要求熟悉深度学习、TensorFlow、PyTorch等相关技术，具备良好的沟通能力和团队协作精神。,北京,150-500人,硕士,31420,52842
2022-08-26,人力资源专员,参与系统架构设计，优化系统性能，提升用户体验。要求熟悉绩效考核、招聘、培训等相关技术，具备良好的沟通能力和团队协作精神。,广州,500-1000人,本科,8276,13389
2022-08-26,数据分析师,负责数据分析和挖掘，为业务决策提供数据支持。要求熟悉Excel、统计学、Python等相关技术，具备良好的沟通能力和团队协作精神。,杭州,50-150人,硕士,16377,25979
2022-08-27,Python开发工程师,负责后端服务开发，确保代码质量和系统稳定性。要求熟悉Django、Python、Redis等相关技术，具备良好的沟通能力和团队协作精神。,重庆,1000人以上,博士,16501,28183
2022-08-29,算法工程师,负责后端服务开发，确保代码质量和系统稳定性。要求熟悉Python、算法、数据结构等相关技术，具备良好的沟通能力和团队协作精神。,杭州,少于50人,博士,16491,28386
2022-08-29,产品经理,分析用户需求和市场动态，制定产品发展策略。要求熟悉产品设计、Axure、用户研究等相关技术，具备良好的沟通能力和团队协作精神。,天津,1000人以上,博士,24329,43605
2022-08-30,人力资源专员,参与需求分析，提供技术解决方案，推动项目落地。要求熟悉培训、招聘、员工关系等相关技术，具备良好的沟通能力和团队协作精神。,武汉,50-150人,博士,6666,12807
2022-08-31,UI设计师,参与系统架构设计，优化系统性能，提升用户体验。要求熟悉Sketch、UI设计、交互设计等相关技术，具备良好的沟通能力和团队协作精神。,苏州,1000人以上,硕士,14233,22723
2022-08-31,人力资源专员,负责公司核心产品的开发与维护，参与技术方案设计。要求熟悉培训、绩效考核、员工关系等相关技术，具备良好的沟通能力和团队协作精神。,西安,500-1000人,博士,9165,16026
2022-09-01,财务分析师,参与需求分析，提供技术解决方案，推动项目落地。要求熟悉预算编制、财务报表、财务分析等相关技术，具备良好的沟通能力和团队协作精神。,广州,50-150人,硕士,12937,22500
2022-09-01,销售代表,分析市场趋势和竞争对手，制定市场策略。要求熟悉商务谈判、销售、客户关系等相关技术，具备良好的沟通能力和团队协作精神。,深圳,150-500人,博士,19755,35593
2022-09-02,前端开发工程师,负责公司核心产品的开发与维护，参与技术方案设计。要求熟悉React、HTML、CSS等相关技术，具备良好的沟通能力和团队协作精神。,西安,150-500人,博士,12584,22974
2022-09-02,机器学习工程师,参与系统架构设计，优化系统性能，提升用户体验。要求熟悉Python、特征工程、机器学习等相关技术，具备良好的沟通能力和团队协作精神。,广州,1000人以上,本科,12515,21807
2022-09-05,架构师,负责后端服务开发，确保代码质量和系统稳定性。要求熟悉性能优化、技术选型、系统架构等相关技术，具备良好的沟通能力和团队协作精神。,成都,150-500人,博士,14793,26197
2022-09-05,人力资源专员,负责公司核心产品的开发与维护，参与技术方案设计。要求熟悉培训、员工关系、绩效考核等相关技术，具备良好的沟通能力和团队协作精神。,上海,少于50人,博士,10570,19186
2022-09-05,数据分析师,负责数据分析和挖掘，为业务决策提供数据支持。要求熟悉Tableau、SQL、统计学等相关技术，具备良好的沟通能力和团队协作精神。,苏州,500-1000人,本科,11176,18300
2022-09-05,架构师,参与需求分析，提供技术解决方案，推动项目落地。要求熟悉性能优化、技术选型、微服务等相关技术，具备良好的沟通能力和团队协作精神。,天津,50-150人,硕士,12201,19851
2022-09-06,财务分析师,负责公司核心产品的开发与维护，参与技术方案设计。要求熟悉财务报表、Excel、预算编制等相关技术，具备良好的沟通能力和团队协作精神。,武汉,少于50人,本科,9485,14571
2022-09-06,算法工程师,参与需求分析，提供技术解决方案，推动项目落地。要求熟悉机器学习、Python、数据结构等相关技术，具备良好的沟通能力和团队协作精神。,南京,150-500人,本科,9195,15882
2022-09-06,Python开发工程师,参与系统架构设计，优化系统性能，提升用户体验。要求熟悉Python、FastAPI、Flask等相关技术，具备良好的沟通能力和团队协作精神。,广州,少于50人,硕士,10232,18788
2022-09-06,运维工程师,负责公司核心产品的开发与维护，参与技术方案设计。要求熟悉K8s、Docker、运维等相关技术，具备良好的沟通能力和团队协作精神。,苏州,500-1000人,博士,19955,32778
2022-09-06,架构师,负责公司核心产品的开发与维护，参与技术方案设计。要求熟悉微服务、系统架构、性能优化等相关技术，具备良好的沟通能力和团队协作精神。,天津,1000人以上,本科,9284,16718
2022-09-06,销售代表,分析市场趋势和竞争对手，制定市场策略。要求熟悉销售、业绩目标、商务谈判等相关技术，具备良好的沟通能力和团队协作精神。,上海,150-500人,硕士,14126,25839
2022-09-07,机器学习工程师,负责公司核心产品的开发与维护，参与技术方案设计。要求熟悉特征工程、Python、机器学习等相关技术，具备良好的沟通能力和团队协作精神。,深圳,1000人以上,博士,23719,42725
2022-09-07,UI设计师,负责后端服务开发，确保代码质量和系统稳定性。要求熟悉用户体验、交互设计、Figma等相关技术，具备良好的沟通能力和团队协作精神。,北京,500-1000人,大专,12525,19571
2022-09-07,人力资源专员,负责公司核心产品的开发与维护，参与技术方案设计。要求熟悉招聘、员工关系、绩效考核等相关技术，具备良好的沟通能力和团队协作精神。,杭州,500-1000人,硕士,11104,18339
2022-09-08,全栈开发工程师,负责公司核心产品的开发与维护，参与技术方案设计。要求熟悉MongoDB、Node.js、MySQL等相关技术，具备良好的沟通能力和团队协作精神。,天津,150-500人,本科,7290,13485
2022-09-09,测试工程师,参与系统架构设计，优化系统性能，提升用户体验。要求熟悉自动化测试、缺陷管理、测试等相关技术，具备良好的沟通能力和团队协作精神。,杭州,少于50人,本科,8456,15337
2022-09-10,市场经理,策划营销活动，提升产品知名度和市场份额。要求熟悉活动策划、市场营销、品牌建设等相关技术，具备良好的沟通能力和团队协作精神。,成都,少于50人,本科,10021,18099
2022-09-10,数据分析师,负责数据分析和挖掘，为业务决策提供数据支持。要求熟悉SQL、统计学、Tableau等相关技术，具备良好的沟通能力和团队协作精神。,武汉,1000人以上,博士,21326,34250
2022-09-11,数据科学家,设计和维护数据报表，监控业务指标变化。要求熟悉PyTorch、机器学习、深度学习等相关技术，具备良好的沟通能力和团队协作精神。,广州,150-500人,本科,21933,36452
2022-09-12,架构师,负责后端服务开发，确保代码质量和系统稳定性。要求熟悉技术选型、性能优化、系统架构等相关技术，具备良好的沟通能力和团队协作精神。,苏州,150-500人,硕士,12251,20670
2022-09-12,UI设计师,负责后端服务开发，确保代码质量和系统稳定性。要求熟悉交互设计、UI设计、Figma等相关技术，具备良好的沟通能力和团队协作精神。,南京,150-500人,本科,8961,14812
2022-09-13,运维工程师,负责公司核心产品的开发与维护，参与技术方案设计。要求熟悉运维、监控、Linux等相关技术，具备良好的沟通能力和团队协作精神。,深圳,50-150人,博士,18168,33215
2022-09-14,运营专员,负责日常运营工作，提升用户活跃度和留存率。要求熟悉数据分析、运营、活动策划等相关技术，具备良好的沟通能力和团队协作精神。,天津,50-150人,博士,9973,16594
2022-09-14,全栈开发工程师,负责公司核心产品的开发与维护，参与技术方案设计。要求熟悉Node.js、MySQL、JavaScript等相关技术，具备良好的沟通能力和团队协作精神。,武汉,50-150人,硕士,11318,18708
2022-09-15,技术支持工程师,负责后端服务开发，确保代码质量和系统稳定性。要求熟悉技术支持、客户沟通、文档编写等相关技术，具备良好的沟通能力和团队协作精神。,苏州,1000人以上,博士,21234,35222
2022-09-15,架构师,参与需求分析，提供技术解决方案，推动项目落地。要求熟悉微服务、性能优化、系统架构等相关技术，具备良好的沟通能力和团队协作精神。,成都,1000人以上,大专,6206,12288
2022-09-16,全栈开发工程师,负责公司核心产品的开发与维护，参与技术方案设计。要求熟悉Node.js、React、JavaScript等相关技术，具备良好的沟通能力和团队协作精神。,西安,500-1000人,大专,5759,10839
2022-09-16,销售代表,策划营销活动，提升产品知名度和市场份额。要求熟悉客户关系、销售、商务谈判等相关技术，具备良好的沟通能力和团队协作精神。,西安,少于50人,硕士,6278,12656
2022-09-16,UI设计师,参与需求分析，提供技术解决方案，推动项目落地。要求熟悉Sketch、交互设计、用户体验等相关技术，具备良好的沟通能力和团队协作精神。,深圳,1000人以上,硕士,9436,15441
2022-09-16,运维工程师,参与系统架构设计，优化系统性能，提升用户体验。要求熟悉监控、K8s、运维等相关技术，具备良好的沟通能力和团队协作精神。,天津,50-150人,大专,7217,11925
2022-09-17,产品经理,协调研发、设计、运营团队，确保产品按时交付。要求熟悉产品设计、Axure、用户研究等相关技术，具备良好的沟通能力和团队协作精神。,南京,少于50人,本科,11535,20061
2022-09-18,销售代表,负责市场推广和品牌建设，拓展市场渠道。要求熟悉客户关系、商务谈判、销售等相关技术，具备良好的沟通能力和团队协作精神。,苏州,1000人以上,硕士,15442,25545
2022-09-18,数据分析师,设计和维护数据报表，监控业务指标变化。要求熟悉Tableau、统计学、Excel等相关技术，具备良好的沟通能力和团队协作精神。,广州,50-150人,本科,13416,20772
2022-09-18,架构师,负责公司核心产品的开发与维护，参与技术方案设计。要求熟悉技术选型、性能优化、系统架构等相关技术，具备良好的沟通能力和团队协作精神。,广州,1000人以上,本科,10568,19860
2022-09-19,测试工程师,参与需求分析，提供技术解决方案，推动项目落地。要求熟悉测试、缺陷管理、性能测试等相关技术，具备良好的沟通能力和团队协作精神。,广州,1000人以上,本科,11515,20807
2022-09-19,人力资源专员,负责后端服务开发，确保代码质量和系统稳定性。要求熟悉员工关系、绩效考核、培训等相关技术，具备良好的沟通能力和团队协作精神。,深圳,1000人以上,大专,8617,13897
2022-09-19,数据分析师,设计和维护数据报表，监控业务指标变化。要求熟悉统计学、Excel、Tableau等相关技术，具备良好的沟通能力和团队协作精神。,南京,少于50人,硕士,12691,20080
2022-09-20,销售代表,分析市场趋势和竞争对手，制定市场策略。要求熟悉销售、业绩目标、客户关系等相关技术，具备良好的沟通能力和团队协作精神。,成都,500-1000人,大专,8160,13735
2022-09-20,人力资源专员,参与系统架构设计，优化系统性能，提升用户体验。要求熟悉培训、员工关系、招聘等相关技术，具备良好的沟通能力和团队协作精神。,杭州,50-150人,本科,7600,12407
2022-09-21,项目经理,负责公司核心产品的开发与维护，参与技术方案设计。要求熟悉进度控制、团队协调、风险控制等相关技术，具备良好的沟通能力和团队协作精神。,杭州,少于50人,大专,8722,16980
2022-09-21,技术支持工程师,参与需求分析，提供技术解决方案，推动项目落地。要求熟悉客户沟通、技术支持、文档编写等相关技术，具备良好的沟通能力和团队协作精神。,天津,50-150人,大专,8170,12878
2022-09-22,财务分析师,参与需求分析，提供技术解决方案，推动项目落地。要求熟悉财务报表、预算编制、财务分析等相关技术，具备良好的沟通能力和团队协作精神。,北京,500-1000人,博士,30205,48324
2022-09-22,Java后端开发,参与需求分析，提供技术解决方案，推动项目落地。要求熟悉Java、SpringBoot、Dubbo等相关技术，具备良好的沟通能力和团队协作精神。,武汉,500-1000人,本科,9527,16109
2022-09-22,前端开发工程师,参与系统架构设计，优化系统性能，提升用户体验。要求熟悉HTML、CSS、React等相关技术，具备良好的沟通能力和团队协作精神。,西安,500-1000人,硕士,12156,20410
2022-09-24,运维工程师,参与需求分析，提供技术解决方案，推动项目落地。要求熟悉Linux、K8s、Docker等相关技术，具备良好的沟通能力和团队协作精神。,杭州,50-150人,本科,9401,17091
2022-09-25,数据科学家,设计和维护数据报表，监控业务指标变化。要求熟悉Python、PyTorch、TensorFlow等相关技术，具备良好的沟通能力和团队协作精神。,南京,1000人以上,博士,44658,71742
2022-09-25,UI设计师,参与系统架构设计，优化系统性能，提升用户体验。要求熟悉交互设计、UI设计、Figma等相关技术，具备良好的沟通能力和团队协作精神。,杭州,150-500人,本科,10066,17149
2022-09-26,测试工程师,参与系统架构设计，优化系统性能，提升用户体验。要求熟悉性能测试、缺陷管理、自动化测试等相关技术，具备良好的沟通能力和团队协作精神。,成都,500-1000人,本科,9115,16084
2022-09-27,产品经理,协调研发、设计、运营团队，确保产品按时交付。要求熟悉Axure、需求分析、数据分析等相关技术，具备良好的沟通能力和团队协作精神。,上海,150-500人,硕士,22687,40257
2022-09-27,运营专员,负责日常运营工作，提升用户活跃度和留存率。要求熟悉活动策划、用户增长、数据分析等相关技术，具备良好的沟通能力和团队协作精神。,广州,500-1000人,大专,5843,10101
2022-09-27,财务分析师,负责后端服务开发，确保代码质量和系统稳定性。要求熟悉预算编制、财务分析、Excel等相关技术，具备良好的沟通能力和团队协作精神。,武汉,150-500人,博士,13091,23861
2022-09-27,架构师,参与系统架构设计，优化系统性能，提升用户体验。要求熟悉系统架构、微服务、技术选型等相关技术，具备良好的沟通能力和团队协作精神。,杭州,500-1000人,本科,12998,21902
2022-09-28,人力资源专员,参与需求分析，提供技术解决方案，推动项目落地。要求熟悉绩效考核、招聘、培训等相关技术，具备良好的沟通能力和团队协作精神。,广州,少于50人,大专,5352,8643
2022-09-28,项目经理,负责公司核心产品的开发与维护，参与技术方案设计。要求熟悉项目管理、风险控制、团队协调等相关技术，具备良好的沟通能力和团队协作精神。,西安,50-150人,博士,20405,35210
2022-09-28,运维工程师,参与系统架构设计，优化系统性能，提升用户体验。要求熟悉K8s、监控、Linux等相关技术，具备良好的沟通能力和团队协作精神。,武汉,150-500人,本科,8461,14445
2022-10-01,Python开发工程师,负责后端服务开发，确保代码质量和系统稳定性。要求熟悉Python、MySQL、Flask等相关技术，具备良好的沟通能力和团队协作精神。,重庆,150-500人,硕士,10710,18553
2022-10-01,前端开发工程师,负责公司核心产品的开发与维护，参与技术方案设计。要求熟悉TypeScript、React、JavaScript等相关技术，具备良好的沟通能力和团队协作精神。,天津,50-150人,大专,8157,13200
2022-10-02,Java后端开发,负责后端服务开发，确保代码质量和系统稳定性。要求熟悉SpringBoot、MySQL、Redis等相关技术，具备良好的沟通能力和团队协作精神。,北京,150-500人,大专,10015,17858
2022-10-02,架构师,参与需求分析，提供技术解决方案，推动项目落地。要求熟悉技术选型、性能优化、微服务等相关技术，具备良好的沟通能力和团队协作精神。,西安,50-150人,硕士,11361,18998
2022-10-02,技术支持工程师,参与系统架构设计，优化系统性能，提升用户体验。要求熟悉文档编写、问题排查、客户沟通等相关技术，具备良好的沟通能力和团队协作精神。,上海,500-1000人,大专,9267,17761
2022-10-03,Python开发工程师,参与系统架构设计，优化系统性能，提升用户体验。要求熟悉Flask、Django、Python等相关技术，具备良好的沟通能力和团队协作精神。,深圳,150-500人,博士,19118,36086
2022-10-03,技术支持工程师,参与系统架构设计，优化系统性能，提升用户体验。要求熟悉问题排查、技术支持、文档编写等相关技术，具备良好的沟通能力和团队协作精神。,武汉,50-150人,博士,5793,10178
2022-10-03,数据科学家,设计和维护数据报表，监控业务指标变化。要求熟悉TensorFlow、深度学习、机器学习等相关技术，具备良好的沟通能力和团队协作精神。,西安,500-1000人,博士,37709,60667
2022-10-03,机器学习工程师,负责公司核心产品的开发与维护，参与技术方案设计。要求熟悉机器学习、模型调优、特征工程等相关技术，具备良好的沟通能力和团队协作精神。,深圳,50-150人,博士,17640,33760
2022-10-03,数据分析师,设计和维护数据报表，监控业务指标变化。要求熟悉Tableau、Excel、Python等相关技术，具备良好的沟通能力和团队协作精神。,杭州,500-1000人,大专,12805,20436
2022-10-03,前端开发工程师,参与需求分析，提供技术解决方案，推动项目落地。要求熟悉TypeScript、CSS、HTML等相关技术，具备良好的沟通能力和团队协作精神。,武汉,少于50人,大专,6278,10637
2022-10-03,前端开发工程师,负责后端服务开发，确保代码质量和系统稳定性。要求熟悉React、HTML、CSS等相关技术，具备良好的沟通能力和团队协作精神。,苏州,50-150人,本科,8769,15360
2022-10-04,数据科学家,构建机器学习模型，解决实际业务问题。要求熟悉Python、深度学习、机器学习等相关技术，具备良好的沟通能力和团队协作精神。,苏州,1000人以上,硕士,34175,54469
2022-10-05,测试工程师,参与系统架构设计，优化系统性能，提升用户体验。要求熟悉测试、自动化测试、性能测试等相关技术，具备良好的沟通能力和团队协作精神。,南京,150-500人,大专,7051,12782
2022-10-05,Java后端开发,负责公司核心产品的开发与维护，参与技术方案设计。要求熟悉Java、Redis、MySQL等相关技术，具备良好的沟通能力和团队协作精神。,广州,500-1000人,博士,20352,36777
2022-10-06,数据分析师,负责数据分析和挖掘，为业务决策提供数据支持。要求熟悉Tableau、Python、SQL等相关技术，具备良好的沟通能力和团队协作精神。,杭州,1000人以上,大专,14955,23281
2022-10-07,产品经理,负责产品规划和设计，推动产品迭代优化。要求熟悉数据分析、产品设计、需求分析等相关技术，具备良好的沟通能力和团队协作精神。,广州,150-500人,本科,15796,28239
2022-10-07,项目经理,负责后端服务开发，确保代码质量和系统稳定性。要求熟悉进度控制、项目管理、风险控制等相关技术，具备良好的沟通能力和团队协作精神。,武汉,1000人以上,大专,15539,24769
2022-10-07,数据科学家,设计和维护数据报表，监控业务指标变化。要求熟悉机器学习、PyTorch、Python等相关技术，具备良好的沟通能力和团队协作精神。,广州,50-150人,本科,19624,34401
2022-10-08,UI设计师,参与系统架构设计，优化系统性能，提升用户体验。要求熟悉UI设计、用户体验、交互设计等相关技术，具备良好的沟通能力和团队协作精神。,南京,500-1000人,硕士,14652,23616
2022-10-08,财务分析师,参与系统架构设计，优化系统性能，提升用户体验。要求熟悉Excel、预算编制、财务分析等相关技术，具备良好的沟通能力和团队协作精神。,上海,150-500人,博士,27201,44576
2022-10-08,数据分析师,构建机器学习模型，解决实际业务问题。要求熟悉统计学、Tableau、Excel等相关技术，具备良好的沟通能力和团队协作精神。,深圳,少于50人,硕士,22953,33369
2022-10-08,运营专员,分析运营数据，优化运营策略和流程。要求熟悉数据分析、运营、用户增长等相关技术，具备良好的沟通能力和团队协作精神。,杭州,150-500人,大专,5883,10219
2022-10-09,测试工程师,负责公司核心产品的开发与维护，参与技术方案设计。要求熟悉测试、自动化测试、性能测试等相关技术，具备良好的沟通能力和团队协作精神。,武汉,1000人以上,博士,19747,33593
2022-10-09,架构师,负责公司核心产品的开发与维护，参与技术方案设计。要求熟悉系统架构、微服务、技术选型等相关技术，具备良好的沟通能力和团队协作精神。,重庆,少于50人,大专,5000,8981
2022-10-10,运营专员,负责日常运营工作，提升用户活跃度和留存率。要求熟悉活动策划、运营、数据分析等相关技术，具备良好的沟通能力和团队协作精神。,西安,50-150人,博士,10150,16759
2022-10-10,技术支持工程师,参与系统架构设计，优化系统性能，提升用户体验。要求熟悉问题排查、客户沟通、技术支持等相关技术，具备良好的沟通能力和团队协作精神。,成都,500-1000人,本科,8582,16048
2022-10-11,运营专员,策划运营活动，提升品牌影响力和用户增长。要求熟悉用户增长、数据分析、运营等相关技术，具备良好的沟通能力和团队协作精神。,苏州,500-1000人,硕士,9061,15262
2022-10-12,Python开发工程师,负责公司核心产品的开发与维护，参与技术方案设计。要求熟悉Redis、Flask、Django等相关技术，具备良好的沟通能力和团队协作精神。,天津,150-500人,硕士,11782,20409
2022-10-12,前端开发工程师,参与系统架构设计，优化系统性能，提升用户体验。要求熟悉CSS、TypeScript、React等相关技术，具备良好的沟通能力和团队协作精神。,天津,1000人以上,本科,11842,19806
2022-10-12,前端开发工程师,参与需求分析，提供技术解决方案，推动项目落地。要求熟悉Vue、CSS、HTML等相关技术，具备良好的沟通能力和团队协作精神。,上海,50-150人,大专,11679,19015
2022-10-12,全栈开发工程师,负责公司核心产品的开发与维护，参与技术方案设计。要求熟悉React、JavaScript、MySQL等相关技术，具备良好的沟通能力和团队协作精神。,成都,1000人以上,大专,11225,17741
2022-10-12,Python开发工程师,参与需求分析，提供技术解决方案，推动项目落地。要求熟悉MySQL、Django、Redis等相关技术，具备良好的沟通能力和团队协作精神。,北京,1000人以上,大专,9827,19238
2022-10-13,数据分析师,设计和维护数据报表，监控业务指标变化。要求熟悉SQL、Tableau、统计学等相关技术，具备良好的沟通能力和团队协作精神。,苏州,500-1000人,硕士,17213,27134
2022-10-13,销售代表,负责市场推广和品牌建设，拓展市场渠道。要求熟悉销售、客户关系、商务谈判等相关技术，具备良好的沟通能力和团队协作精神。,南京,500-1000人,本科,11488,19369
2022-10-14,算法工程师,参与需求分析，提供技术解决方案，推动项目落地。要求熟悉深度学习、机器学习、Python等相关技术，具备良好的沟通能力和团队协作精神。,重庆,少于50人,博士,11663,20894
2022-10-14,测试工程师,参与需求分析，提供技术解决方案，推动项目落地。要求熟悉缺陷管理、自动化测试、测试等相关技术，具备良好的沟通能力和团队协作精神。,苏州,少于50人,博士,12859,23474
2022-10-16,前端开发工程师,负责公司核心产品的开发与维护，参与技术方案设计。要求熟悉Vue、CSS、JavaScript等相关技术，具备良好的沟通能力和团队协作精神。,重庆,500-1000人,博士,17666,29612
2022-10-16,UI设计师,负责公司核心产品的开发与维护，参与技术方案设计。要求熟悉UI设计、交互设计、Sketch等相关技术，具备良好的沟通能力和团队协作精神。,深圳,50-150人,博士,22747,36851
2022-10-17,运营专员,策划运营活动，提升品牌影响力和用户增长。要求熟悉用户增长、活动策划、数据分析等相关技术，具备良好的沟通能力和团队协作精神。,杭州,500-1000人,硕士,10375,18126
2022-10-18,算法工程师,参与系统架构设计，优化系统性能，提升用户体验。要求熟悉数据结构、Python、深度学习等相关技术，具备良好的沟通能力和团队协作精神。,深圳,150-500人,大专,10040,17582
2022-10-18,测试工程师,负责公司核心产品的开发与维护，参与技术方案设计。要求熟悉性能测试、缺陷管理、自动化测试等相关技术，具备良好的沟通能力和团队协作精神。,成都,500-1000人,本科,11434,18900
2022-10-18,全栈开发工程师,负责后端服务开发，确保代码质量和系统稳定性。要求熟悉JavaScript、MySQL、React等相关技术，具备良好的沟通能力和团队协作精神。,重庆,500-1000人,博士,8156,14129
2022-10-18,全栈开发工程师,负责公司核心产品的开发与维护，参与技术方案设计。要求熟悉MySQL、Node.js、JavaScript等相关技术，具备良好的沟通能力和团队协作精神。,重庆,少于50人,大专,6020,10122
2022-10-18,市场经理,策划营销活动，提升产品知名度和市场份额。要求熟悉活动策划、市场营销、渠道拓展等相关技术，具备良好的沟通能力和团队协作精神。,深圳,500-1000人,本科,23347,38901
2022-10-20,运维工程师,参与系统架构设计，优化系统性能，提升用户体验。要求熟悉Linux、Docker、K8s等相关技术，具备良好的沟通能力和团队协作精神。,成都,1000人以上,大专,9194,15709
2022-10-20,项目经理,负责后端服务开发，确保代码质量和系统稳定性。要求熟悉项目管理、进度控制、风险控制等相关技术，具备良好的沟通能力和团队协作精神。,天津,1000人以上,硕士,23100,38629
2022-10-22,财务分析师,参与系统架构设计，优化系统性能，提升用户体验。要求熟悉财务分析、财务报表、Excel等相关技术，具备良好的沟通能力和团队协作精神。,深圳,150-500人,本科,18705,28132
2022-10-22,UI设计师,参与需求分析，提供技术解决方案，推动项目落地。要求熟悉用户体验、Figma、UI设计等相关技术，具备良好的沟通能力和团队协作精神。,上海,500-1000人,硕士,21070,33148
2022-10-25,产品经理,协调研发、设计、运营团队，确保产品按时交付。要求熟悉用户研究、Axure、产品设计等相关技术，具备良好的沟通能力和团队协作精神。,武汉,500-1000人,本科,13672,24249
2022-10-25,UI设计师,负责公司核心产品的开发与维护，参与技术方案设计。要求熟悉UI设计、用户体验、Figma等相关技术，具备良好的沟通能力和团队协作精神。,南京,50-150人,硕士,13288,21030
2022-10-26,数据科学家,设计和维护数据报表，监控业务指标变化。要求熟悉PyTorch、机器学习、Python等相关技术，具备良好的沟通能力和团队协作精神。,南京,1000人以上,大专,17814,30710
2022-10-26,销售代表,分析市场趋势和竞争对手，制定市场策略。要求熟悉客户关系、销售、商务谈判等相关技术，具备良好的沟通能力和团队协作精神。,成都,50-150人,硕士,12523,20905
2022-10-27,数据科学家,设计和维护数据报表，监控业务指标变化。要求熟悉TensorFlow、Python、机器学习等相关技术，具备良好的沟通能力和团队协作精神。,广州,1000人以上,硕士,37835,62099
2022-10-27,数据分析师,构建机器学习模型，解决实际业务问题。要求熟悉SQL、Python、统计学等相关技术，具备良好的沟通能力和团队协作精神。,广州,少于50人,本科,13144,20195
2022-10-28,全栈开发工程师,参与需求分析，提供技术解决方案，推动项目落地。要求熟悉MongoDB、React、JavaScript等相关技术，具备良好的沟通能力和团队协作精神。,重庆,1000人以上,大专,8072,13864
2022-10-28,全栈开发工程师,参与系统架构设计，优化系统性能，提升用户体验。要求熟悉MongoDB、JavaScript、Node.js等相关技术，具备良好的沟通能力和团队协作精神。,上海,1000人以上,博士,34327,55177
2022-10-28,技术支持工程师,负责后端服务开发，确保代码质量和系统稳定性。要求熟悉文档编写、客户沟通、技术支持等相关技术，具备良好的沟通能力和团队协作精神。,重庆,500-1000人,大专,7475,12784
2022-10-28,Python开发工程师,负责公司核心产品的开发与维护，参与技术方案设计。要求熟悉Django、Flask、FastAPI等相关技术，具备良好的沟通能力和团队协作精神。,重庆,150-500人,大专,5725,10552
2022-10-28,测试工程师,负责后端服务开发，确保代码质量和系统稳定性。要求熟悉自动化测试、性能测试、测试等相关技术，具备良好的沟通能力和团队协作精神。,上海,少于50人,大专,8367,14931
2022-10-28,Python开发工程师,负责公司核心产品的开发与维护，参与技术方案设计。要求熟悉Redis、FastAPI、MySQL等相关技术，具备良好的沟通能力和团队协作精神。,上海,150-500人,硕士,13625,26174
2022-10-29,测试工程师,负责公司核心产品的开发与维护，参与技术方案设计。要求熟悉测试、缺陷管理、性能测试等相关技术，具备良好的沟通能力和团队协作精神。,上海,50-150人,博士,18773,35280
2022-10-29,UI设计师,负责公司核心产品的开发与维护，参与技术方案设计。要求熟悉Figma、交互设计、Sketch等相关技术，具备良好的沟通能力和团队协作精神。,天津,50-150人,本科,8831,14348
2022-10-29,运维工程师,参与系统架构设计，优化系统性能，提升用户体验。要求熟悉Docker、K8s、监控等相关技术，具备良好的沟通能力和团队协作精神。,上海,150-500人,大专,11176,18899
2022-10-30,前端开发工程师,参与需求分析，提供技术解决方案，推动项目落地。要求熟悉TypeScript、CSS、React等相关技术，具备良好的沟通能力和团队协作精神。,西安,500-1000人,本科,9037,15839
2022-10-30,全栈开发工程师,负责后端服务开发，确保代码质量和系统稳定性。要求熟悉React、JavaScript、Node.js等相关技术，具备良好的沟通能力和团队协作精神。,南京,150-500人,硕士,14376,23689
2022-10-31,数据科学家,构建机器学习模型，解决实际业务问题。要求熟悉深度学习、TensorFlow、Python等相关技术，具备良好的沟通能力和团队协作精神。,上海,50-150人,博士,45725,76674
2022-10-31,UI设计师,参与需求分析，提供技术解决方案，推动项目落地。要求熟悉用户体验、UI设计、Sketch等相关技术，具备良好的沟通能力和团队协作精神。,成都,1000人以上,博士,22372,35200
2022-11-01,人力资源专员,负责后端服务开发，确保代码质量和系统稳定性。要求熟悉培训、招聘、员工关系等相关技术，具备良好的沟通能力和团队协作精神。,武汉,50-150人,硕士,7906,12949
2022-11-02,项目经理,参与系统架构设计，优化系统性能，提升用户体验。要求熟悉团队协调、进度控制、项目管理等相关技术，具备良好的沟通能力和团队协作精神。,天津,150-500人,大专,12708,20825
2022-11-03,销售代表,负责市场推广和品牌建设，拓展市场渠道。要求熟悉销售、商务谈判、客户关系等相关技术，具备良好的沟通能力和团队协作精神。,深圳,少于50人,本科,10703,18869
2022-11-03,算法工程师,参与系统架构设计，优化系统性能，提升用户体验。要求熟悉算法、Python、数据结构等相关技术，具备良好的沟通能力和团队协作精神。,南京,500-1000人,本科,10438,18470
2022-11-04,架构师,负责后端服务开发，确保代码质量和系统稳定性。要求熟悉技术选型、性能优化、微服务等相关技术，具备良好的沟通能力和团队协作精神。,重庆,150-500人,硕士,10749,18743
2022-11-04,Python开发工程师,负责公司核心产品的开发与维护，参与技术方案设计。要求熟悉FastAPI、Flask、Redis等相关技术，具备良好的沟通能力和团队协作精神。,北京,少于50人,本科,12557,21050
2022-11-04,运维工程师,负责公司核心产品的开发与维护，参与技术方案设计。要求熟悉K8s、Linux、监控等相关技术，具备良好的沟通能力和团队协作精神。,重庆,1000人以上,大专,8088,13991
2022-11-05,技术支持工程师,负责后端服务开发，确保代码质量和系统稳定性。要求熟悉文档编写、客户沟通、技术支持等相关技术，具备良好的沟通能力和团队协作精神。,重庆,1000人以上,博士,20150,33432
2022-11-05,全栈开发工程师,参与需求分析，提供技术解决方案，推动项目落地。要求熟悉JavaScript、React、MongoDB等相关技术，具备良好的沟通能力和团队协作精神。,杭州,150-500人,本科,11520,20359
2022-11-05,架构师,负责后端服务开发，确保代码质量和系统稳定性。要求熟悉微服务、系统架构、性能优化等相关技术，具备良好的沟通能力和团队协作精神。,重庆,50-150人,硕士,9568,17162
2022-11-06,机器学习工程师,参与系统架构设计，优化系统性能，提升用户体验。要求熟悉机器学习、Python、特征工程等相关技术，具备良好的沟通能力和团队协作精神。,南京,50-150人,博士,13478,25965
2022-11-07,数据分析师,构建机器学习模型，解决实际业务问题。要求熟悉Excel、统计学、SQL等相关技术，具备良好的沟通能力和团队协作精神。,苏州,50-150人,博士,23097,35189
2022-11-08,UI设计师,参与需求分析，提供技术解决方案，推动项目落地。要求熟悉Sketch、用户体验、Figma等相关技术，具备良好的沟通能力和团队协作精神。,苏州,50-150人,大专,7962,12664
2022-11-09,产品经理,协调研发、设计、运营团队，确保产品按时交付。要求熟悉用户研究、数据分析、Axure等相关技术，具备良好的沟通能力和团队协作精神。,广州,150-500人,大专,15383,25529
2022-11-09,项目经理,负责后端服务开发，确保代码质量和系统稳定性。要求熟悉风险控制、项目管理、进度控制等相关技术，具备良好的沟通能力和团队协作精神。,西安,50-150人,博士,15205,31372
2022-11-10,人力资源专员,负责后端服务开发，确保代码质量和系统稳定性。要求熟悉培训、员工关系、招聘等相关技术，具备良好的沟通能力和团队协作精神。,北京,150-500人,大专,8767,13763
2022-11-11,Java后端开发,参与系统架构设计，优化系统性能，提升用户体验。要求熟悉Spring、MySQL、Java等相关技术，具备良好的沟通能力和团队协作精神。,重庆,1000人以上,博士,17189,30470
2022-11-11,运营专员,负责日常运营工作，提升用户活跃度和留存率。要求熟悉用户增长、数据分析、活动策划等相关技术，具备良好的沟通能力和团队协作精神。,杭州,50-150人,大专,6378,10577
2022-11-11,数据科学家,负责数据分析和挖掘，为业务决策提供数据支持。要求熟悉机器学习、PyTorch、Python等相关技术，具备良好的沟通能力和团队协作精神。,重庆,500-1000人,大专,17155,27301
2022-11-11,UI设计师,负责后端服务开发，确保代码质量和系统稳定性。要求熟悉用户体验、Figma、Sketch等相关技术，具备良好的沟通能力和团队协作精神。,上海,少于50人,硕士,17295,26807
2022-11-13,算法工程师,参与需求分析，提供技术解决方案，推动项目落地。要求熟悉Python、机器学习、深度学习等相关技术，具备良好的沟通能力和团队协作精神。,南京,50-150人,博士,15179,27665
2022-11-13,UI设计师,负责公司核心产品的开发与维护，参与技术方案设计。要求熟悉Figma、用户体验、Sketch等相关技术，具备良好的沟通能力和团队协作精神。,上海,1000人以上,博士,38400,56994
2022-11-14,Python开发工程师,负责后端服务开发，确保代码质量和系统稳定性。要求熟悉FastAPI、MySQL、Redis等相关技术，具备良好的沟通能力和团队协作精神。,武汉,150-500人,博士,15655,27415
2022-11-14,运维工程师,负责公司核心产品的开发与维护，参与技术方案设计。要求熟悉K8s、Docker、运维等相关技术，具备良好的沟通能力和团队协作精神。,广州,500-1000人,本科,13508,22808
2022-11-14,数据科学家,负责数据分析和挖掘，为业务决策提供数据支持。要求熟悉TensorFlow、机器学习、深度学习等相关技术，具备良好的沟通能力和团队协作精神。,苏州,1000人以上,本科,25638,41549
2022-11-15,项目经理,负责公司核心产品的开发与维护，参与技术方案设计。要求熟悉项目管理、团队协调、进度控制等相关技术，具备良好的沟通能力和团队协作精神。,西安,1000人以上,博士,30842,51263
2022-11-15,人力资源专员,参与需求分析，提供技术解决方案，推动项目落地。要求熟悉招聘、员工关系、培训等相关技术，具备良好的沟通能力和团队协作精神。,广州,1000人以上,硕士,12474,20717
2022-11-15,销售代表,分析市场趋势和竞争对手，制定市场策略。要求熟悉客户关系、销售、业绩目标等相关技术，具备良好的沟通能力和团队协作精神。,成都,1000人以上,博士,19178,34120
2022-11-17,机器学习工程师,参与系统架构设计，优化系统性能，提升用户体验。要求熟悉机器学习、特征工程、Python等相关技术，具备良好的沟通能力和团队协作精神。,杭州,少于50人,本科,9539,17052
2022-11-17,测试工程师,负责后端服务开发，确保代码质量和系统稳定性。要求熟悉测试、性能测试、自动化测试等相关技术，具备良好的沟通能力和团队协作精神。,北京,50-150人,本科,11701,21194
2022-11-17,全栈开发工程师,负责公司核心产品的开发与维护，参与技术方案设计。要求熟悉MongoDB、Node.js、React等相关技术，具备良好的沟通能力和团队协作精神。,上海,150-500人,博士,26165,43875
2022-11-17,架构师,参与需求分析，提供技术解决方案，推动项目落地。要求熟悉性能优化、技术选型、系统架构等相关技术，具备良好的沟通能力和团队协作精神。,广州,1000人以上,大专,40830,65181
2022-11-18,前端开发工程师,参与系统架构设计，优化系统性能，提升用户体验。要求熟悉CSS、TypeScript、HTML等相关技术，具备良好的沟通能力和团队协作精神。,天津,500-1000人,本科,9945,17386
2022-11-18,技术支持工程师,参与需求分析，提供技术解决方案，推动项目落地。要求熟悉问题排查、客户沟通、文档编写等相关技术，具备良好的沟通能力和团队协作精神。,苏州,500-1000人,大专,7559,13782
2022-11-18,UI设计师,参与系统架构设计，优化系统性能，提升用户体验。要求熟悉用户体验、交互设计、UI设计等相关技术，具备良好的沟通能力和团队协作精神。,深圳,1000人以上,大专,11778,19848
2022-11-19,运营专员,策划运营活动，提升品牌影响力和用户增长。要求熟悉运营、活动策划、用户增长等相关技术，具备良好的沟通能力和团队协作精神。,杭州,1000人以上,硕士,13907,22525
2022-11-19,财务分析师,参与系统架构设计，优化系统性能，提升用户体验。要求熟悉Excel、财务分析、财务报表等相关技术，具备良好的沟通能力和团队协作精神。,深圳,1000人以上,博士,38033,58786
2022-11-19,UI设计师,负责公司核心产品的开发与维护，参与技术方案设计。要求熟悉交互设计、Sketch、Figma等相关技术，具备良好的沟通能力和团队协作精神。,上海,150-500人,硕士,25777,36968
2022-11-19,技术支持工程师,参与需求分析，提供技术解决方案，推动项目落地。要求熟悉问题排查、技术支持、文档编写等相关技术，具备良好的沟通能力和团队协作精神。,上海,500-1000人,大专,11729,20387
2022-11-19,测试工程师,负责后端服务开发，确保代码质量和系统稳定性。要求熟悉性能测试、缺陷管理、自动化测试等相关技术，具备良好的沟通能力和团队协作精神。,北京,少于50人,本科,11210,19704
2022-11-20,市场经理,负责市场推广和品牌建设，拓展市场渠道。要求熟悉活动策划、市场营销、渠道拓展等相关技术，具备良好的沟通能力和团队协作精神。,重庆,少于50人,大专,8853,15125
2022-11-20,财务分析师,参与系统架构设计，优化系统性能，提升用户体验。要求熟悉财务报表、Excel、预算编制等相关技术，具备良好的沟通能力和团队协作精神。,杭州,1000人以上,硕士,22093,35882
2022-11-20,运营专员,策划运营活动，提升品牌影响力和用户增长。要求熟悉用户增长、运营、数据分析等相关技术，具备良好的沟通能力和团队协作精神。,西安,50-150人,博士,10192,16928
2022-11-20,机器学习工程师,参与系统架构设计，优化系统性能，提升用户体验。要求熟悉机器学习、模型调优、Python等相关技术，具备良好的沟通能力和团队协作精神。,苏州,50-150人,硕士,12489,21222
2022-11-20,Python开发工程师,负责公司核心产品的开发与维护，参与技术方案设计。要求熟悉MySQL、Flask、Redis等相关技术，具备良好的沟通能力和团队协作精神。,深圳,150-500人,本科,13799,23407
2022-11-21,架构师,参与需求分析，提供技术解决方案，推动项目落地。要求熟悉性能优化、微服务、系统架构等相关技术，具备良好的沟通能力和团队协作精神。,重庆,150-500人,本科,8328,14477
2022-11-23,数据分析师,负责数据分析和挖掘，为业务决策提供数据支持。要求熟悉Python、统计学、Tableau等相关技术，具备良好的沟通能力和团队协作精神。,上海,50-150人,本科,17202,26548
2022-11-24,销售代表,分析市场趋势和竞争对手，制定市场策略。要求熟悉销售、客户关系、商务谈判等相关技术，具备良好的沟通能力和团队协作精神。,天津,50-150人,大专,7864,13004
2022-11-25,项目经理,参与需求分析，提供技术解决方案，推动项目落地。要求熟悉进度控制、团队协调、项目管理等相关技术，具备良好的沟通能力和团队协作精神。,成都,50-150人,本科,13899,23756
2022-11-26,运维工程师,负责后端服务开发，确保代码质量和系统稳定性。要求熟悉运维、K8s、监控等相关技术，具备良好的沟通能力和团队协作精神。,上海,500-1000人,大专,11171,19829
2022-11-27,Python开发工程师,负责公司核心产品的开发与维护，参与技术方案设计。要求熟悉Python、Flask、Django等相关技术，具备良好的沟通能力和团队协作精神。,天津,50-150人,大专,7895,13036
2022-11-27,销售代表,负责市场推广和品牌建设，拓展市场渠道。要求熟悉商务谈判、客户关系、销售等相关技术，具备良好的沟通能力和团队协作精神。,苏州,500-1000人,大专,7882,14105
2022-11-27,销售代表,分析市场趋势和竞争对手，制定市场策略。要求熟悉销售、商务谈判、客户关系等相关技术，具备良好的沟通能力和团队协作精神。,苏州,少于50人,大专,6920,11729
2022-11-28,机器学习工程师,参与需求分析，提供技术解决方案，推动项目落地。要求熟悉特征工程、机器学习、模型调优等相关技术，具备良好的沟通能力和团队协作精神。,成都,1000人以上,博士,18624,33566
2022-11-28,机器学习工程师,参与系统架构设计，优化系统性能，提升用户体验。要求熟悉特征工程、Python、模型调优等相关技术，具备良好的沟通能力和团队协作精神。,成都,少于50人,本科,7882,13762
2022-11-29,运营专员,负责日常运营工作，提升用户活跃度和留存率。要求熟悉用户增长、活动策划、数据分析等相关技术，具备良好的沟通能力和团队协作精神。,杭州,500-1000人,博士,17469,28408
2022-11-29,财务分析师,参与系统架构设计，优化系统性能，提升用户体验。要求熟悉财务分析、财务报表、Excel等相关技术，具备良好的沟通能力和团队协作精神。,广州,1000人以上,硕士,23215,36404
2022-11-29,Python开发工程师,负责公司核心产品的开发与维护，参与技术方案设计。要求熟悉MySQL、FastAPI、Redis等相关技术，具备良好的沟通能力和团队协作精神。,杭州,50-150人,硕士,14376,25292
2022-11-30,测试工程师,负责公司核心产品的开发与维护，参与技术方案设计。要求熟悉缺陷管理、性能测试、测试等相关技术，具备良好的沟通能力和团队协作精神。,武汉,150-500人,博士,16252,28012
2022-12-01,机器学习工程师,负责后端服务开发，确保代码质量和系统稳定性。要求熟悉机器学习、Python、特征工程等相关技术，具备良好的沟通能力和团队协作精神。,武汉,50-150人,博士,14949,26332
2022-12-01,数据科学家,构建机器学习模型，解决实际业务问题。要求熟悉TensorFlow、机器学习、PyTorch等相关技术，具备良好的沟通能力和团队协作精神。,苏州,少于50人,本科,18605,30088
2022-12-02,项目经理,负责后端服务开发，确保代码质量和系统稳定性。要求熟悉进度控制、团队协调、项目管理等相关技术，具备良好的沟通能力和团队协作精神。,广州,500-1000人,硕士,25307,43785
2022-12-02,测试工程师,参与需求分析，提供技术解决方案，推动项目落地。要求熟悉缺陷管理、自动化测试、测试等相关技术，具备良好的沟通能力和团队协作精神。,天津,150-500人,本科,10195,17087
2022-12-02,数据科学家,构建机器学习模型，解决实际业务问题。要求熟悉机器学习、TensorFlow、Python等相关技术，具备良好的沟通能力和团队协作精神。,重庆,150-500人,硕士,20180,35452
2022-12-02,人力资源专员,参与系统架构设计，优化系统性能，提升用户体验。要求熟悉培训、员工关系、招聘等相关技术，具备良好的沟通能力和团队协作精神。,杭州,150-500人,大专,6375,10878
2022-12-02,数据分析师,设计和维护数据报表，监控业务指标变化。要求熟悉Python、Tableau、统计学等相关技术，具备良好的沟通能力和团队协作精神。,成都,1000人以上,大专,10186,16952
2022-12-03,技术支持工程师,参与系统架构设计，优化系统性能，提升用户体验。要求熟悉客户沟通、文档编写、技术支持等相关技术，具备良好的沟通能力和团队协作精神。,杭州,500-1000人,博士,27657,45489
2022-12-03,销售代表,负责市场推广和品牌建设，拓展市场渠道。要求熟悉客户关系、商务谈判、销售等相关技术，具备良好的沟通能力和团队协作精神。,上海,1000人以上,大专,12210,21833
2022-12-03,数据分析师,负责数据分析和挖掘，为业务决策提供数据支持。要求熟悉Python、统计学、Excel等相关技术，具备良好的沟通能力和团队协作精神。,北京,1000人以上,大专,19710,29483
2022-12-04,财务分析师,负责公司核心产品的开发与维护，参与技术方案设计。要求熟悉预算编制、Excel、财务分析等相关技术，具备良好的沟通能力和团队协作精神。,杭州,50-150人,博士,28365,43766
2022-12-04,技术支持工程师,负责公司核心产品的开发与维护，参与技术方案设计。要求熟悉文档编写、客户沟通、问题排查等相关技术，具备良好的沟通能力和团队协作精神。,上海,1000人以上,大专,13232,22855
2022-12-06,算法工程师,负责后端服务开发，确保代码质量和系统稳定性。要求熟悉数据结构、算法、Python等相关技术，具备良好的沟通能力和团队协作精神。,天津,1000人以上,本科,13386,21656
2022-12-06,全栈开发工程师,负责后端服务开发，确保代码质量和系统稳定性。要求熟悉React、JavaScript、MySQL等相关技术，具备良好的沟通能力和团队协作精神。,南京,50-150人,本科,8166,15234
2022-12-07,市场经理,分析市场趋势和竞争对手，制定市场策略。要求熟悉市场营销、活动策划、品牌建设等相关技术，具备良好的沟通能力和团队协作精神。,广州,150-500人,本科,18757,31678
2022-12-07,财务分析师,参与需求分析，提供技术解决方案，推动项目落地。要求熟悉Excel、财务分析、预算编制等相关技术，具备良好的沟通能力和团队协作精神。,天津,500-1000人,博士,23372,37017
2022-12-08,人力资源专员,参与需求分析，提供技术解决方案，推动项目落地。要求熟悉绩效考核、员工关系、培训等相关技术，具备良好的沟通能力和团队协作精神。,南京,500-1000人,硕士,11038,17687
2022-12-08,销售代表,分析市场趋势和竞争对手，制定市场策略。要求熟悉销售、客户关系、商务谈判等相关技术，具备良好的沟通能力和团队协作精神。,杭州,50-150人,硕士,16415,27537
2022-12-08,项目经理,参与系统架构设计，优化系统性能，提升用户体验。要求熟悉团队协调、进度控制、风险控制等相关技术，具备良好的沟通能力和团队协作精神。,上海,500-1000人,大专,18524,31755
2022-12-11,数据科学家,负责数据分析和挖掘，为业务决策提供数据支持。要求熟悉机器学习、TensorFlow、深度学习等相关技术，具备良好的沟通能力和团队协作精神。,广州,1000人以上,大专,26845,42351
2022-12-11,人力资源专员,负责后端服务开发，确保代码质量和系统稳定性。要求熟悉绩效考核、招聘、培训等相关技术，具备良好的沟通能力和团队协作精神。,南京,少于50人,博士,9737,16851
2022-12-11,架构师,负责后端服务开发，确保代码质量和系统稳定性。要求熟悉性能优化、系统架构、技术选型等相关技术，具备良好的沟通能力和团队协作精神。,广州,500-1000人,硕士,14848,27167
2022-12-12,前端开发工程师,参与需求分析，提供技术解决方案，推动项目落地。要求熟悉CSS、HTML、JavaScript等相关技术，具备良好的沟通能力和团队协作精神。,上海,50-150人,博士,22224,39365
2022-12-12,机器学习工程师,负责后端服务开发，确保代码质量和系统稳定性。要求熟悉特征工程、机器学习、Python等相关技术，具备良好的沟通能力和团队协作精神。,广州,500-1000人,大专,10412,17993
2022-12-13,数据分析师,负责数据分析和挖掘，为业务决策提供数据支持。要求熟悉Python、Tableau、统计学等相关技术，具备良好的沟通能力和团队协作精神。,深圳,150-500人,大专,13828,21660
2022-12-13,运营专员,分析运营数据，优化运营策略和流程。要求熟悉用户增长、运营、活动策划等相关技术，具备良好的沟通能力和团队协作精神。,天津,少于50人,硕士,6955,11714
2022-12-14,算法工程师,负责公司核心产品的开发与维护，参与技术方案设计。要求熟悉Python、算法、数据结构等相关技术，具备良好的沟通能力和团队协作精神。,广州,150-500人,大专,10173,17064
2022-12-14,架构师,参与需求分析，提供技术解决方案，推动项目落地。要求熟悉系统架构、技术选型、性能优化等相关技术，具备良好的沟通能力和团队协作精神。,成都,少于50人,本科,9787,15778
2022-12-16,销售代表,负责市场推广和品牌建设，拓展市场渠道。要求熟悉业绩目标、客户关系、商务谈判等相关技术，具备良好的沟通能力和团队协作精神。,深圳,1000人以上,硕士,22603,37874
2022-12-16,技术支持工程师,参与需求分析，提供技术解决方案，推动项目落地。要求熟悉技术支持、问题排查、客户沟通等相关技术，具备良好的沟通能力和团队协作精神。,广州,少于50人,本科,7405,14728
2022-12-17,市场经理,分析市场趋势和竞争对手，制定市场策略。要求熟悉品牌建设、渠道拓展、活动策划等相关技术，具备良好的沟通能力和团队协作精神。,深圳,50-150人,本科,18492,32442
2022-12-18,人力资源专员,负责公司核心产品的开发与维护，参与技术方案设计。要求熟悉员工关系、招聘、培训等相关技术，具备良好的沟通能力和团队协作精神。,天津,500-1000人,硕士,10014,16173
2022-12-18,架构师,参与系统架构设计，优化系统性能，提升用户体验。要求熟悉技术选型、系统架构、微服务等相关技术，具备良好的沟通能力和团队协作精神。,成都,50-150人,本科,9635,16331
2022-12-19,Python开发工程师,参与系统架构设计，优化系统性能，提升用户体验。要求熟悉Redis、Django、Python等相关技术，具备良好的沟通能力和团队协作精神。,西安,1000人以上,大专,7778,13942
2022-12-20,运营专员,负责日常运营工作，提升用户活跃度和留存率。要求熟悉活动策划、运营、用户增长等相关技术，具备良好的沟通能力和团队协作精神。,天津,500-1000人,本科,7497,12235
2022-12-20,运营专员,负责日常运营工作，提升用户活跃度和留存率。要求熟悉数据分析、用户增长、运营等相关技术，具备良好的沟通能力和团队协作精神。,深圳,50-150人,硕士,12539,20095
2022-12-20,运维工程师,负责后端服务开发，确保代码质量和系统稳定性。要求熟悉K8s、运维、Docker等相关技术，具备良好的沟通能力和团队协作精神。,天津,50-150人,博士,17949,29733
2022-12-21,前端开发工程师,负责后端服务开发，确保代码质量和系统稳定性。要求熟悉HTML、React、TypeScript等相关技术，具备良好的沟通能力和团队协作精神。,深圳,500-1000人,大专,11094,19709
2022-12-22,测试工程师,负责后端服务开发，确保代码质量和系统稳定性。要求熟悉自动化测试、性能测试、测试等相关技术，具备良好的沟通能力和团队协作精神。,苏州,1000人以上,硕士,17349,28589
2022-12-22,人力资源专员,负责公司核心产品的开发与维护，参与技术方案设计。要求熟悉员工关系、招聘、培训等相关技术，具备良好的沟通能力和团队协作精神。,广州,1000人以上,博士,16011,27640
2022-12-23,测试工程师,参与需求分析，提供技术解决方案，推动项目落地。要求熟悉缺陷管理、测试、自动化测试等相关技术，具备良好的沟通能力和团队协作精神。,深圳,500-1000人,大专,12082,20696
2022-12-24,数据分析师,构建机器学习模型，解决实际业务问题。要求熟悉SQL、统计学、Python等相关技术，具备良好的沟通能力和团队协作精神。,苏州,150-500人,硕士,16310,25676
2022-12-24,数据分析师,负责数据分析和挖掘，为业务决策提供数据支持。要求熟悉Excel、Python、Tableau等相关技术，具备良好的沟通能力和团队协作精神。,西安,1000人以上,硕士,8045,13054
2022-12-25,市场经理,分析市场趋势和竞争对手，制定市场策略。要求熟悉品牌建设、市场营销、渠道拓展等相关技术，具备良好的沟通能力和团队协作精神。,南京,150-500人,硕士,24272,38779
2022-12-25,全栈开发工程师,负责公司核心产品的开发与维护，参与技术方案设计。要求熟悉Node.js、MongoDB、MySQL等相关技术，具备良好的沟通能力和团队协作精神。,苏州,150-500人,本科,10093,17298
2022-12-25,产品经理,协调研发、设计、运营团队，确保产品按时交付。要求熟悉用户研究、产品设计、需求分析等相关技术，具备良好的沟通能力和团队协作精神。,广州,1000人以上,本科,24036,39542
2022-12-26,人力资源专员,参与需求分析，提供技术解决方案，推动项目落地。要求熟悉招聘、绩效考核、培训等相关技术，具备良好的沟通能力和团队协作精神。,北京,1000人以上,本科,10352,17988
2022-12-26,架构师,负责后端服务开发，确保代码质量和系统稳定性。要求熟悉性能优化、技术选型、系统架构等相关技术，具备良好的沟通能力和团队协作精神。,成都,少于50人,大专,5791,10584
2022-12-26,Python开发工程师,参与系统架构设计，优化系统性能，提升用户体验。要求熟悉FastAPI、MySQL、Flask等相关技术，具备良好的沟通能力和团队协作精神。,天津,150-500人,本科,8111,15002
2022-12-28,Java后端开发,参与系统架构设计，优化系统性能，提升用户体验。要求熟悉SpringBoot、Spring、MySQL等相关技术，具备良好的沟通能力和团队协作精神。,重庆,500-1000人,博士,21695,34100
2022-12-29,架构师,参与系统架构设计，优化系统性能，提升用户体验。要求熟悉技术选型、系统架构、性能优化等相关技术，具备良好的沟通能力和团队协作精神。,北京,少于50人,硕士,16311,27561
2022-12-29,项目经理,负责后端服务开发，确保代码质量和系统稳定性。要求熟悉进度控制、团队协调、风险控制等相关技术，具备良好的沟通能力和团队协作精神。,南京,50-150人,硕士,41762,76217
2022-12-29,架构师,参与需求分析，提供技术解决方案，推动项目落地。要求熟悉技术选型、微服务、性能优化等相关技术，具备良好的沟通能力和团队协作精神。,深圳,150-500人,大专,11195,19026
2022-12-29,Python开发工程师,负责后端服务开发，确保代码质量和系统稳定性。要求熟悉Python、Flask、Redis等相关技术，具备良好的沟通能力和团队协作精神。,西安,1000人以上,硕士,15441,25459
2022-12-30,架构师,参与需求分析，提供技术解决方案，推动项目落地。要求熟悉微服务、系统架构、性能优化等相关技术，具备良好的沟通能力和团队协作精神。,天津,500-1000人,本科,10768,18349
2022-12-31,机器学习工程师,负责公司核心产品的开发与维护，参与技术方案设计。要求熟悉模型调优、特征工程、机器学习等相关技术，具备良好的沟通能力和团队协作精神。,天津,50-150人,硕士,10175,18687
2023-01-01,运营专员,分析运营数据，优化运营策略和流程。要求熟悉活动策划、数据分析、运营等相关技术，具备良好的沟通能力和团队协作精神。,杭州,50-150人,硕士,10741,17538
2023-01-02,UI设计师,负责后端服务开发，确保代码质量和系统稳定性。要求熟悉交互设计、Sketch、UI设计等相关技术，具备良好的沟通能力和团队协作精神。,南京,150-500人,博士,22762,34220
2023-01-02,前端开发工程师,负责后端服务开发，确保代码质量和系统稳定性。要求熟悉TypeScript、HTML、CSS等相关技术，具备良好的沟通能力和团队协作精神。,深圳,1000人以上,博士,26768,47442
2023-01-02,Python开发工程师,参与系统架构设计，优化系统性能，提升用户体验。要求熟悉Flask、MySQL、Redis等相关技术，具备良好的沟通能力和团队协作精神。,北京,少于50人,硕士,15929,26929
2023-01-02,产品经理,负责产品规划和设计，推动产品迭代优化。要求熟悉Axure、数据分析、需求分析等相关技术，具备良好的沟通能力和团队协作精神。,重庆,1000人以上,大专,9994,18815
2023-01-04,财务分析师,负责后端服务开发，确保代码质量和系统稳定性。要求熟悉财务报表、预算编制、Excel等相关技术，具备良好的沟通能力和团队协作精神。,广州,500-1000人,硕士,16029,28074
2023-01-05,测试工程师,参与系统架构设计，优化系统性能，提升用户体验。要求熟悉缺陷管理、性能测试、测试等相关技术，具备良好的沟通能力和团队协作精神。,武汉,少于50人,本科,8869,14401
2023-01-05,全栈开发工程师,负责公司核心产品的开发与维护，参与技术方案设计。要求熟悉React、Node.js、MongoDB等相关技术，具备良好的沟通能力和团队协作精神。,上海,500-1000人,大专,13448,22073
2023-01-05,运维工程师,负责后端服务开发，确保代码质量和系统稳定性。要求熟悉监控、运维、Docker等相关技术，具备良好的沟通能力和团队协作精神。,南京,50-150人,硕士,14011,22995
2023-01-05,测试工程师,参与系统架构设计，优化系统性能，提升用户体验。要求熟悉自动化测试、性能测试、缺陷管理等相关技术，具备良好的沟通能力和团队协作精神。,深圳,500-1000人,本科,12915,23444
2023-01-06,运营专员,负责日常运营工作，提升用户活跃度和留存率。要求熟悉活动策划、用户增长、数据分析等相关技术，具备良好的沟通能力和团队协作精神。,南京,150-500人,大专,5647,9284
2023-01-06,架构师,负责公司核心产品的开发与维护，参与技术方案设计。要求熟悉技术选型、性能优化、系统架构等相关技术，具备良好的沟通能力和团队协作精神。,南京,500-1000人,大专,9152,15554
2023-01-06,算法工程师,负责公司核心产品的开发与维护，参与技术方案设计。要求熟悉Python、算法、机器学习等相关技术，具备良好的沟通能力和团队协作精神。,苏州,150-500人,本科,7993,15038
2023-01-06,机器学习工程师,参与系统架构设计，优化系统性能，提升用户体验。要求熟悉模型调优、特征工程、Python等相关技术，具备良好的沟通能力和团队协作精神。,南京,500-1000人,硕士,16502,26905
2023-01-07,产品经理,协调研发、设计、运营团队，确保产品按时交付。要求熟悉数据分析、用户研究、需求分析等相关技术，具备良好的沟通能力和团队协作精神。,苏州,少于50人,本科,12034,21016
2023-01-07,机器学习工程师,负责后端服务开发，确保代码质量和系统稳定性。要求熟悉Python、特征工程、机器学习等相关技术，具备良好的沟通能力和团队协作精神。,武汉,150-500人,本科,9629,16138
2023-01-07,Python开发工程师,参与系统架构设计，优化系统性能，提升用户体验。要求熟悉Flask、Python、Redis等相关技术，具备良好的沟通能力和团队协作精神。,杭州,1000人以上,博士,28783,47804
2023-01-08,机器学习工程师,参与系统架构设计，优化系统性能，提升用户体验。要求熟悉Python、模型调优、机器学习等相关技术，具备良好的沟通能力和团队协作精神。,武汉,50-150人,大专,6671,11617
2023-01-08,UI设计师,负责后端服务开发，确保代码质量和系统稳定性。要求熟悉UI设计、用户体验、Figma等相关技术，具备良好的沟通能力和团队协作精神。,广州,500-1000人,博士,24203,38796
2023-01-09,技术支持工程师,负责后端服务开发，确保代码质量和系统稳定性。要求熟悉文档编写、技术支持、客户沟通等相关技术，具备良好的沟通能力和团队协作精神。,天津,150-500人,硕士,13136,21896
2023-01-10,Python开发工程师,负责公司核心产品的开发与维护，参与技术方案设计。要求熟悉Flask、Redis、Django等相关技术，具备良好的沟通能力和团队协作精神。,深圳,50-150人,博士,22393,38761
2023-01-10,测试工程师,参与系统架构设计，优化系统性能，提升用户体验。要求熟悉自动化测试、缺陷管理、性能测试等相关技术，具备良好的沟通能力和团队协作精神。,苏州,150-500人,本科,10891,17936
2023-01-11,算法工程师,负责后端服务开发，确保代码质量和系统稳定性。要求熟悉算法、数据结构、机器学习等相关技术，具备良好的沟通能力和团队协作精神。,上海,少于50人,本科,12144,20475
2023-01-11,数据分析师,负责数据分析和挖掘，为业务决策提供数据支持。要求熟悉Excel、SQL、Tableau等相关技术，具备良好的沟通能力和团队协作精神。,南京,500-1000人,大专,11456,17858
2023-01-12,测试工程师,参与系统架构设计，优化系统性能，提升用户体验。要求熟悉自动化测试、性能测试、缺陷管理等相关技术，具备良好的沟通能力和团队协作精神。,西安,50-150人,硕士,12507,20261
2023-01-12,Java后端开发,负责后端服务开发，确保代码质量和系统稳定性。要求熟悉Redis、Java、Spring等相关技术，具备良好的沟通能力和团队协作精神。,武汉,500-1000人,本科,9380,16540
2023-01-12,前端开发工程师,负责后端服务开发，确保代码质量和系统稳定性。要求熟悉Vue、React、TypeScript等相关技术，具备良好的沟通能力和团队协作精神。,西安,50-150人,博士,12342,23079
2023-01-12,数据分析师,构建机器学习模型，解决实际业务问题。要求熟悉Excel、统计学、Python等相关技术，具备良好的沟通能力和团队协作精神。,武汉,150-500人,大专,9121,14328
2023-01-14,UI设计师,负责公司核心产品的开发与维护，参与技术方案设计。要求熟悉Sketch、Figma、UI设计等相关技术，具备良好的沟通能力和团队协作精神。,北京,150-500人,大专,13035,20003
2023-01-14,运营专员,负责日常运营工作，提升用户活跃度和留存率。要求熟悉活动策划、数据分析、运营等相关技术，具备良好的沟通能力和团队协作精神。,重庆,少于50人,大专,5000,7000
2023-01-14,运营专员,策划运营活动，提升品牌影响力和用户增长。要求熟悉用户增长、运营、活动策划等相关技术，具备良好的沟通能力和团队协作精神。,深圳,500-1000人,大专,8715,13980
2023-01-15,运营专员,策划运营活动，提升品牌影响力和用户增长。要求熟悉运营、数据分析、活动策划等相关技术，具备良好的沟通能力和团队协作精神。,杭州,1000人以上,硕士,15456,24042
2023-01-16,市场经理,负责市场推广和品牌建设，拓展市场渠道。要求熟悉品牌建设、市场营销、渠道拓展等相关技术，具备良好的沟通能力和团队协作精神。,重庆,少于50人,大专,8506,14755
2023-01-16,测试工程师,参与系统架构设计，优化系统性能，提升用户体验。要求熟悉测试、性能测试、缺陷管理等相关技术，具备良好的沟通能力和团队协作精神。,广州,150-500人,大专,9337,16076
2023-01-16,算法工程师,参与需求分析，提供技术解决方案，推动项目落地。要求熟悉数据结构、机器学习、Python等相关技术，具备良好的沟通能力和团队协作精神。,上海,150-500人,博士,29209,46852
2023-01-17,产品经理,分析用户需求和市场动态，制定产品发展策略。要求熟悉Axure、数据分析、需求分析等相关技术，具备良好的沟通能力和团队协作精神。,南京,500-1000人,大专,15183,24785
2023-01-17,数据科学家,构建机器学习模型，解决实际业务问题。要求熟悉机器学习、深度学习、Python等相关技术，具备良好的沟通能力和团队协作精神。,上海,50-150人,硕士,31814,54510
2023-01-18,财务分析师,参与需求分析，提供技术解决方案，推动项目落地。要求熟悉财务报表、财务分析、预算编制等相关技术，具备良好的沟通能力和团队协作精神。,上海,50-150人,本科,18211,27522
2023-01-18,运维工程师,参与系统架构设计，优化系统性能，提升用户体验。要求熟悉运维、Linux、K8s等相关技术，具备良好的沟通能力和团队协作精神。,深圳,50-150人,本科,10677,19770
2023-01-19,机器学习工程师,负责后端服务开发，确保代码质量和系统稳定性。要求熟悉特征工程、模型调优、机器学习等相关技术，具备良好的沟通能力和团队协作精神。,武汉,1000人以上,大专,9717,15965
2023-01-19,财务分析师,参与系统架构设计，优化系统性能，提升用户体验。要求熟悉财务报表、预算编制、财务分析等相关技术，具备良好的沟通能力和团队协作精神。,深圳,500-1000人,本科,19901,30430
2023-01-20,算法工程师,负责公司核心产品的开发与维护，参与技术方案设计。要求熟悉数据结构、算法、深度学习等相关技术，具备良好的沟通能力和团队协作精神。,杭州,50-150人,大专,10958,17651
2023-01-20,Java后端开发,参与需求分析，提供技术解决方案，推动项目落地。要求熟悉Java、SpringBoot、Spring等相关技术，具备良好的沟通能力和团队协作精神。,深圳,500-1000人,本科,19339,29868
2023-01-20,数据分析师,构建机器学习模型，解决实际业务问题。要求熟悉SQL、Python、Tableau等相关技术，具备良好的沟通能力和团队协作精神。,深圳,1000人以上,本科,21595,33081
2023-01-21,运维工程师,负责公司核心产品的开发与维护，参与技术方案设计。要求熟悉运维、Linux、监控等相关技术，具备良好的沟通能力和团队协作精神。,成都,1000人以上,本科,12742,21012
2023-01-21,测试工程师,负责公司核心产品的开发与维护，参与技术方案设计。要求熟悉性能测试、自动化测试、缺陷管理等相关技术，具备良好的沟通能力和团队协作精神。,南京,少于50人,大专,7113,12059
2023-01-22,数据科学家,设计和维护数据报表，监控业务指标变化。要求熟悉TensorFlow、PyTorch、机器学习等相关技术，具备良好的沟通能力和团队协作精神。,重庆,少于50人,博士,31401,48974
2023-01-24,机器学习工程师,负责后端服务开发，确保代码质量和系统稳定性。要求熟悉模型调优、Python、机器学习等相关技术，具备良好的沟通能力和团队协作精神。,杭州,500-1000人,大专,9928,17678
2023-01-24,机器学习工程师,参与需求分析，提供技术解决方案，推动项目落地。要求熟悉机器学习、Python、特征工程等相关技术，具备良好的沟通能力和团队协作精神。,广州,50-150人,硕士,12996,23399
2023-01-24,Python开发工程师,负责后端服务开发，确保代码质量和系统稳定性。要求熟悉Redis、Python、FastAPI等相关技术，具备良好的沟通能力和团队协作精神。,苏州,150-500人,本科,8868,15913
2023-01-24,Python开发工程师,负责公司核心产品的开发与维护，参与技术方案设计。要求熟悉MySQL、Flask、FastAPI等相关技术，具备良好的沟通能力和团队协作精神。,武汉,1000人以上,本科,9220,17031
2023-01-25,Python开发工程师,负责后端服务开发，确保代码质量和系统稳定性。要求熟悉MySQL、Flask、Django等相关技术，具备良好的沟通能力和团队协作精神。,西安,500-1000人,本科,9265,16172
2023-01-25,机器学习工程师,参与需求分析，提供技术解决方案，推动项目落地。要求熟悉特征工程、模型调优、机器学习等相关技术，具备良好的沟通能力和团队协作精神。,天津,500-1000人,硕士,11923,21559
2023-01-25,产品经理,负责产品规划和设计，推动产品迭代优化。要求熟悉数据分析、产品设计、Axure等相关技术，具备良好的沟通能力和团队协作精神。,天津,50-150人,硕士,18220,30703
2023-01-26,测试工程师,参与系统架构设计，优化系统性能，提升用户体验。要求熟悉自动化测试、测试、性能测试等相关技术，具备良好的沟通能力和团队协作精神。,深圳,1000人以上,博士,35076,55751
2023-01-26,项目经理,负责公司核心产品的开发与维护，参与技术方案设计。要求熟悉项目管理、风险控制、进度控制等相关技术，具备良好的沟通能力和团队协作精神。,北京,500-1000人,本科,21539,37964
2023-01-27,项目经理,负责后端服务开发，确保代码质量和系统稳定性。要求熟悉进度控制、风险控制、项目管理等相关技术，具备良好的沟通能力和团队协作精神。,深圳,1000人以上,硕士,30809,53207
2023-01-29,技术支持工程师,参与需求分析，提供技术解决方案，推动项目落地。要求熟悉技术支持、文档编写、问题排查等相关技术，具备良好的沟通能力和团队协作精神。,重庆,150-500人,博士,15470,26496
2023-01-30,架构师,负责公司核心产品的开发与维护，参与技术方案设计。要求熟悉系统架构、性能优化、技术选型等相关技术，具备良好的沟通能力和团队协作精神。,天津,50-150人,大专,7852,12974
2023-01-30,测试工程师,参与需求分析，提供技术解决方案，推动项目落地。要求熟悉自动化测试、性能测试、缺陷管理等相关技术，具备良好的沟通能力和团队协作精神。,南京,50-150人,大专,9225,14754
2023-01-30,运维工程师,负责后端服务开发，确保代码质量和系统稳定性。要求熟悉Linux、Docker、运维等相关技术，具备良好的沟通能力和团队协作精神。,重庆,150-500人,大专,6462,11363
2023-01-30,产品经理,负责产品规划和设计，推动产品迭代优化。要求熟悉Axure、用户研究、产品设计等相关技术，具备良好的沟通能力和团队协作精神。,武汉,少于50人,博士,20868,35805
2023-01-31,项目经理,参与系统架构设计，优化系统性能，提升用户体验。要求熟悉项目管理、风险控制、团队协调等相关技术，具备良好的沟通能力和团队协作精神。,武汉,少于50人,大专,7489,14128
2023-01-31,机器学习工程师,参与需求分析，提供技术解决方案，推动项目落地。要求熟悉模型调优、机器学习、特征工程等相关技术，具备良好的沟通能力和团队协作精神。,上海,150-500人,硕士,17665,30407
2023-01-31,Java后端开发,参与系统架构设计，优化系统性能，提升用户体验。要求熟悉MySQL、Java、Redis等相关技术，具备良好的沟通能力和团队协作精神。,南京,少于50人,大专,6235,11182
2023-02-01,销售代表,策划营销活动，提升产品知名度和市场份额。要求熟悉客户关系、业绩目标、销售等相关技术，具备良好的沟通能力和团队协作精神。,南京,1000人以上,本科,12124,20768
2023-02-01,市场经理,分析市场趋势和竞争对手，制定市场策略。要求熟悉渠道拓展、市场营销、品牌建设等相关技术，具备良好的沟通能力和团队协作精神。,天津,1000人以上,博士,29630,51249
2023-02-01,运维工程师,参与需求分析，提供技术解决方案，推动项目落地。要求熟悉运维、K8s、Linux等相关技术，具备良好的沟通能力和团队协作精神。,北京,500-1000人,硕士,17082,31177
2023-02-02,财务分析师,参与系统架构设计，优化系统性能，提升用户体验。要求熟悉预算编制、财务分析、财务报表等相关技术，具备良好的沟通能力和团队协作精神。,重庆,1000人以上,本科,12627,19906
2023-02-02,Python开发工程师,负责公司核心产品的开发与维护，参与技术方案设计。要求熟悉Django、Python、FastAPI等相关技术，具备良好的沟通能力和团队协作精神。,上海,500-1000人,博士,28215,47432
2023-02-03,项目经理,参与需求分析，提供技术解决方案，推动项目落地。要求熟悉项目管理、团队协调、风险控制等相关技术，具备良好的沟通能力和团队协作精神。,广州,500-1000人,硕士,18908,36798
2023-02-03,技术支持工程师,参与需求分析，提供技术解决方案，推动项目落地。要求熟悉技术支持、文档编写、问题排查等相关技术，具备良好的沟通能力和团队协作精神。,北京,50-150人,博士,24114,40969
2023-02-04,技术支持工程师,负责公司核心产品的开发与维护，参与技术方案设计。要求熟悉客户沟通、文档编写、技术支持等相关技术，具备良好的沟通能力和团队协作精神。,南京,50-150人,本科,9481,16324
2023-02-04,市场经理,策划营销活动，提升产品知名度和市场份额。要求熟悉市场营销、品牌建设、活动策划等相关技术，具备良好的沟通能力和团队协作精神。,西安,1000人以上,大专,13373,22326
2023-02-05,项目经理,负责后端服务开发，确保代码质量和系统稳定性。要求熟悉进度控制、项目管理、团队协调等相关技术，具备良好的沟通能力和团队协作精神。,深圳,500-1000人,博士,41292,69441
2023-02-05,数据科学家,构建机器学习模型，解决实际业务问题。要求熟悉机器学习、PyTorch、Python等相关技术，具备良好的沟通能力和团队协作精神。,杭州,1000人以上,博士,50816,86130
2023-02-06,数据科学家,构建机器学习模型，解决实际业务问题。要求熟悉PyTorch、机器学习、Python等相关技术，具备良好的沟通能力和团队协作精神。,广州,150-500人,本科,24916,40554
2023-02-06,项目经理,负责后端服务开发，确保代码质量和系统稳定性。要求熟悉风险控制、进度控制、项目管理等相关技术，具备良好的沟通能力和团队协作精神。,广州,50-150人,大专,13235,22743
2023-02-06,技术支持工程师,负责后端服务开发，确保代码质量和系统稳定性。要求熟悉问题排查、客户沟通、技术支持等相关技术，具备良好的沟通能力和团队协作精神。,南京,50-150人,博士,13683,26000
2023-02-07,全栈开发工程师,负责公司核心产品的开发与维护，参与技术方案设计。要求熟悉MongoDB、React、MySQL等相关技术，具备良好的沟通能力和团队协作精神。,上海,少于50人,硕士,13967,24691
2023-02-07,财务分析师,负责公司核心产品的开发与维护，参与技术方案设计。要求熟悉财务报表、预算编制、财务分析等相关技术，具备良好的沟通能力和团队协作精神。,天津,少于50人,大专,6477,11014
2023-02-07,架构师,负责后端服务开发，确保代码质量和系统稳定性。要求熟悉技术选型、微服务、性能优化等相关技术，具备良好的沟通能力和团队协作精神。,深圳,1000人以上,大专,12082,21181
2023-02-08,财务分析师,负责后端服务开发，确保代码质量和系统稳定性。要求熟悉财务报表、预算编制、财务分析等相关技术，具备良好的沟通能力和团队协作精神。,杭州,150-500人,硕士,18997,30332
2023-02-09,数据科学家,设计和维护数据报表，监控业务指标变化。要求熟悉机器学习、PyTorch、Python等相关技术，具备良好的沟通能力和团队协作精神。,深圳,50-150人,大专,21886,35392
2023-02-09,财务分析师,参与系统架构设计，优化系统性能，提升用户体验。要求熟悉财务分析、预算编制、Excel等相关技术，具备良好的沟通能力和团队协作精神。,南京,500-1000人,大专,12983,19322
2023-02-09,架构师,参与需求分析，提供技术解决方案，推动项目落地。要求熟悉微服务、技术选型、系统架构等相关技术，具备良好的沟通能力和团队协作精神。,广州,50-150人,大专,6007,12346
2023-02-10,机器学习工程师,参与需求分析，提供技术解决方案，推动项目落地。要求熟悉机器学习、模型调优、特征工程等相关技术，具备良好的沟通能力和团队协作精神。,上海,少于50人,博士,24511,39360
2023-02-10,人力资源专员,参与系统架构设计，优化系统性能，提升用户体验。要求熟悉招聘、员工关系、绩效考核等相关技术，具备良好的沟通能力和团队协作精神。,南京,少于50人,博士,8841,15729
2023-02-11,UI设计师,参与需求分析，提供技术解决方案，推动项目落地。要求熟悉UI设计、Sketch、用户体验等相关技术，具备良好的沟通能力和团队协作精神。,深圳,50-150人,硕士,14297,24539
2023-02-11,Java后端开发,参与系统架构设计，优化系统性能，提升用户体验。要求熟悉Dubbo、SpringBoot、Java等相关技术，具备良好的沟通能力和团队协作精神。,重庆,少于50人,本科,6889,12045
2023-02-11,数据分析师,构建机器学习模型，解决实际业务问题。要求熟悉SQL、统计学、Excel等相关技术，具备良好的沟通能力和团队协作精神。,武汉,少于50人,大专,6601,10984
2023-02-11,前端开发工程师,参与系统架构设计，优化系统性能，提升用户体验。要求熟悉React、CSS、JavaScript等相关技术，具备良好的沟通能力和团队协作精神。,南京,50-150人,博士,15175,27492
2023-02-12,产品经理,负责产品规划和设计，推动产品迭代优化。要求熟悉数据分析、产品设计、需求分析等相关技术，具备良好的沟通能力和团队协作精神。,西安,少于50人,本科,10924,18852
2023-02-13,Java后端开发,参与需求分析，提供技术解决方案，推动项目落地。要求熟悉Java、Redis、Spring等相关技术，具备良好的沟通能力和团队协作精神。,天津,150-500人,本科,7394,14066
2023-02-13,全栈开发工程师,负责后端服务开发，确保代码质量和系统稳定性。要求熟悉React、JavaScript、MySQL等相关技术，具备良好的沟通能力和团队协作精神。,苏州,1000人以上,大专,8657,15353
2023-02-13,产品经理,协调研发、设计、运营团队，确保产品按时交付。要求熟悉需求分析、数据分析、用户研究等相关技术，具备良好的沟通能力和团队协作精神。,深圳,1000人以上,硕士,31974,54152
2023-02-13,Java后端开发,负责公司核心产品的开发与维护，参与技术方案设计。要求熟悉SpringBoot、Redis、MySQL等相关技术，具备良好的沟通能力和团队协作精神。,成都,少于50人,博士,15161,25602
2023-02-14,机器学习工程师,参与系统架构设计，优化系统性能，提升用户体验。要求熟悉机器学习、Python、特征工程等相关技术，具备良好的沟通能力和团队协作精神。,深圳,1000人以上,大专,13627,22725
2023-02-16,项目经理,负责后端服务开发，确保代码质量和系统稳定性。要求熟悉进度控制、项目管理、风险控制等相关技术，具备良好的沟通能力和团队协作精神。,重庆,1000人以上,大专,9842,18576
2023-02-17,前端开发工程师,负责后端服务开发，确保代码质量和系统稳定性。要求熟悉JavaScript、React、HTML等相关技术，具备良好的沟通能力和团队协作精神。,南京,1000人以上,博士,21243,36802
2023-02-17,算法工程师,负责后端服务开发，确保代码质量和系统稳定性。要求熟悉Python、机器学习、深度学习等相关技术，具备良好的沟通能力和团队协作精神。,武汉,50-150人,本科,9473,15596
2023-02-17,人力资源专员,参与需求分析，提供技术解决方案，推动项目落地。要求熟悉绩效考核、招聘、培训等相关技术，具备良好的沟通能力和团队协作精神。,杭州,1000人以上,博士,14926,26698
2023-02-18,全栈开发工程师,负责公司核心产品的开发与维护，参与技术方案设计。要求熟悉React、MongoDB、JavaScript等相关技术，具备良好的沟通能力和团队协作精神。,上海,1000人以上,大专,10325,19642
2023-02-18,算法工程师,参与系统架构设计，优化系统性能，提升用户体验。要求熟悉Python、机器学习、数据结构等相关技术，具备良好的沟通能力和团队协作精神。,苏州,少于50人,大专,6044,10787
2023-02-19,产品经理,分析用户需求和市场动态，制定产品发展策略。要求熟悉产品设计、需求分析、用户研究等相关技术，具备良好的沟通能力和团队协作精神。,西安,少于50人,博士,20364,34633
2023-02-20,运营专员,分析运营数据，优化运营策略和流程。要求熟悉活动策划、运营、数据分析等相关技术，具备良好的沟通能力和团队协作精神。,杭州,500-1000人,硕士,11648,19442
2023-02-21,数据分析师,构建机器学习模型，解决实际业务问题。要求熟悉Python、SQL、统计学等相关技术，具备良好的沟通能力和团队协作精神。,天津,150-500人,博士,18927,30938
2023-02-21,Java后端开发,参与系统架构设计，优化系统性能，提升用户体验。要求熟悉MySQL、Spring、SpringBoot等相关技术，具备良好的沟通能力和团队协作精神。,南京,500-1000人,博士,19632,33894
2023-02-21,Java后端开发,负责公司核心产品的开发与维护，参与技术方案设计。要求熟悉MySQL、Java、SpringBoot等相关技术，具备良好的沟通能力和团队协作精神。,南京,1000人以上,本科,12817,21461
2023-02-21,数据分析师,构建机器学习模型，解决实际业务问题。要求熟悉SQL、Excel、统计学等相关技术，具备良好的沟通能力和团队协作精神。,广州,50-150人,硕士,16661,26962
2023-02-21,全栈开发工程师,参与需求分析，提供技术解决方案，推动项目落地。要求熟悉MySQL、JavaScript、MongoDB等相关技术，具备良好的沟通能力和团队协作精神。,北京,1000人以上,博士,35006,56297
2023-02-22,Python开发工程师,负责公司核心产品的开发与维护，参与技术方案设计。要求熟悉Python、FastAPI、Flask等相关技术，具备良好的沟通能力和团队协作精神。,武汉,500-1000人,本科,9852,16941
2023-02-22,数据科学家,构建机器学习模型，解决实际业务问题。要求熟悉TensorFlow、机器学习、深度学习等相关技术，具备良好的沟通能力和团队协作精神。,武汉,500-1000人,大专,14811,25445
2023-02-22,全栈开发工程师,负责后端服务开发，确保代码质量和系统稳定性。要求熟悉MongoDB、React、MySQL等相关技术，具备良好的沟通能力和团队协作精神。,重庆,1000人以上,博士,7478,14029
2023-02-23,运营专员,分析运营数据，优化运营策略和流程。要求熟悉活动策划、用户增长、运营等相关技术，具备良好的沟通能力和团队协作精神。,上海,50-150人,大专,5283,9893
2023-02-23,机器学习工程师,参与系统架构设计，优化系统性能，提升用户体验。要求熟悉特征工程、模型调优、机器学习等相关技术，具备良好的沟通能力和团队协作精神。,苏州,50-150人,硕士,11675,20290
2023-02-23,前端开发工程师,参与系统架构设计，优化系统性能，提升用户体验。要求熟悉React、JavaScript、HTML等相关技术，具备良好的沟通能力和团队协作精神。,广州,少于50人,博士,19645,32406
2023-02-26,技术支持工程师,参与系统架构设计，优化系统性能，提升用户体验。要求熟悉技术支持、问题排查、客户沟通等相关技术，具备良好的沟通能力和团队协作精神。,西安,少于50人,本科,7361,12646
2023-02-26,运维工程师,负责公司核心产品的开发与维护，参与技术方案设计。要求熟悉运维、K8s、监控等相关技术，具备良好的沟通能力和团队协作精神。,武汉,50-150人,本科,9100,15222
2023-02-26,机器学习工程师,负责公司核心产品的开发与维护，参与技术方案设计。要求熟悉机器学习、Python、模型调优等相关技术，具备良好的沟通能力和团队协作精神。,西安,1000人以上,大专,9207,15176
2023-02-26,产品经理,协调研发、设计、运营团队，确保产品按时交付。要求熟悉产品设计、Axure、数据分析等相关技术，具备良好的沟通能力和团队协作精神。,深圳,50-150人,硕士,25560,43118
2023-02-26,机器学习工程师,参与需求分析，提供技术解决方案，推动项目落地。要求熟悉Python、机器学习、特征工程等相关技术，具备良好的沟通能力和团队协作精神。,天津,500-1000人,本科,11216,18556
2023-02-27,数据分析师,负责数据分析和挖掘，为业务决策提供数据支持。要求熟悉统计学、Tableau、Excel等相关技术，具备良好的沟通能力和团队协作精神。,成都,500-1000人,大专,10697,16702
2023-02-27,数据分析师,负责数据分析和挖掘，为业务决策提供数据支持。要求熟悉Tableau、SQL、统计学等相关技术，具备良好的沟通能力和团队协作精神。,杭州,50-150人,大专,13076,19702
2023-02-27,项目经理,负责公司核心产品的开发与维护，参与技术方案设计。要求熟悉风险控制、项目管理、进度控制等相关技术，具备良好的沟通能力和团队协作精神。,北京,50-150人,大专,12917,24154
2023-02-28,算法工程师,参与需求分析，提供技术解决方案，推动项目落地。要求熟悉数据结构、深度学习、算法等相关技术，具备良好的沟通能力和团队协作精神。,广州,1000人以上,硕士,16568,29579
2023-02-28,财务分析师,负责后端服务开发，确保代码质量和系统稳定性。要求熟悉Excel、预算编制、财务报表等相关技术，具备良好的沟通能力和团队协作精神。,上海,少于50人,本科,14905,23155
2023-02-28,数据科学家,负责数据分析和挖掘，为业务决策提供数据支持。要求熟悉深度学习、Python、TensorFlow等相关技术，具备良好的沟通能力和团队协作精神。,西安,50-150人,硕士,21902,36299
2023-03-01,架构师,参与需求分析，提供技术解决方案，推动项目落地。要求熟悉技术选型、性能优化、系统架构等相关技术，具备良好的沟通能力和团队协作精神。,北京,1000人以上,博士,27724,49437
2023-03-01,架构师,参与系统架构设计，优化系统性能，提升用户体验。要求熟悉系统架构、技术选型、微服务等相关技术，具备良好的沟通能力和团队协作精神。,广州,少于50人,硕士,5976,9735
2023-03-01,Python开发工程师,负责公司核心产品的开发与维护，参与技术方案设计。要求熟悉MySQL、Python、Redis等相关技术，具备良好的沟通能力和团队协作精神。,上海,少于50人,大专,9028,15759
2023-03-01,前端开发工程师,参与需求分析，提供技术解决方案，推动项目落地。要求熟悉TypeScript、React、Vue等相关技术，具备良好的沟通能力和团队协作精神。,上海,1000人以上,硕士,17838,33278
2023-03-01,Java后端开发,参与需求分析，提供技术解决方案，推动项目落地。要求熟悉Java、MySQL、Dubbo等相关技术，具备良好的沟通能力和团队协作精神。,武汉,500-1000人,硕士,9985,19383
2023-03-02,前端开发工程师,参与系统架构设计，优化系统性能，提升用户体验。要求熟悉HTML、Vue、JavaScript等相关技术，具备良好的沟通能力和团队协作精神。,天津,50-150人,大专,7474,12645
2023-03-02,运营专员,分析运营数据，优化运营策略和流程。要求熟悉运营、数据分析、用户增长等相关技术，具备良好的沟通能力和团队协作精神。,苏州,500-1000人,硕士,10522,16880
2023-03-02,UI设计师,参与需求分析，提供技术解决方案，推动项目落地。要求熟悉Sketch、Figma、交互设计等相关技术，具备良好的沟通能力和团队协作精神。,成都,1000人以上,博士,23942,37095
2023-03-03,运营专员,负责日常运营工作，提升用户活跃度和留存率。要求熟悉用户增长、数据分析、运营等相关技术，具备良好的沟通能力和团队协作精神。,天津,500-1000人,博士,12014,20435
2023-03-03,技术支持工程师,参与需求分析，提供技术解决方案，推动项目落地。要求熟悉文档编写、技术支持、问题排查等相关技术，具备良好的沟通能力和团队协作精神。,广州,1000人以上,本科,13751,23958
2023-03-04,产品经理,负责产品规划和设计，推动产品迭代优化。要求熟悉需求分析、数据分析、用户研究等相关技术，具备良好的沟通能力和团队协作精神。,武汉,1000人以上,大专,13669,23134
2023-03-04,数据分析师,设计和维护数据报表，监控业务指标变化。要求熟悉统计学、SQL、Tableau等相关技术，具备良好的沟通能力和团队协作精神。,深圳,50-150人,硕士,18138,30074
2023-03-04,Java后端开发,参与需求分析，提供技术解决方案，推动项目落地。要求熟悉SpringBoot、Java、Spring等相关技术，具备良好的沟通能力和团队协作精神。,武汉,150-500人,本科,8769,15342
2023-03-05,算法工程师,参与系统架构设计，优化系统性能，提升用户体验。要求熟悉算法、深度学习、Python等相关技术，具备良好的沟通能力和团队协作精神。,苏州,1000人以上,本科,10242,18779
2023-03-06,全栈开发工程师,负责公司核心产品的开发与维护，参与技术方案设计。要求熟悉MongoDB、MySQL、React等相关技术，具备良好的沟通能力和团队协作精神。,苏州,150-500人,硕士,16121,25369
2023-03-07,全栈开发工程师,负责公司核心产品的开发与维护，参与技术方案设计。要求熟悉MySQL、React、Node.js等相关技术，具备良好的沟通能力和团队协作精神。,重庆,1000人以上,博士,20161,33522
2023-03-07,架构师,负责后端服务开发，确保代码质量和系统稳定性。要求熟悉性能优化、系统架构、技术选型等相关技术，具备良好的沟通能力和团队协作精神。,深圳,150-500人,硕士,14658,27223
2023-03-07,产品经理,协调研发、设计、运营团队，确保产品按时交付。要求熟悉用户研究、产品设计、Axure等相关技术，具备良好的沟通能力和团队协作精神。,重庆,150-500人,硕士,19154,31217
2023-03-09,机器学习工程师,参与系统架构设计，优化系统性能，提升用户体验。要求熟悉机器学习、特征工程、Python等相关技术，具备良好的沟通能力和团队协作精神。,深圳,500-1000人,大专,10437,18943
2023-03-09,技术支持工程师,参与系统架构设计，优化系统性能，提升用户体验。要求熟悉文档编写、技术支持、客户沟通等相关技术，具备良好的沟通能力和团队协作精神。,武汉,少于50人,本科,8739,14326
2023-03-09,市场经理,负责市场推广和品牌建设，拓展市场渠道。要求熟悉市场营销、品牌建设、活动策划等相关技术，具备良好的沟通能力和团队协作精神。,苏州,150-500人,硕士,18535,32407
2023-03-10,财务分析师,负责公司核心产品的开发与维护，参与技术方案设计。要求熟悉Excel、预算编制、财务报表等相关技术，具备良好的沟通能力和团队协作精神。,深圳,500-1000人,本科,18614,29246
2023-03-10,Python开发工程师,负责公司核心产品的开发与维护，参与技术方案设计。要求熟悉Flask、Django、Redis等相关技术，具备良好的沟通能力和团队协作精神。,苏州,1000人以上,博士,19212,34578
2023-03-10,项目经理,负责公司核心产品的开发与维护，参与技术方案设计。要求熟悉风险控制、项目管理、团队协调等相关技术，具备良好的沟通能力和团队协作精神。,南京,1000人以上,本科,21257,34479
2023-03-10,架构师,参与系统架构设计，优化系统性能，提升用户体验。要求熟悉性能优化、微服务、技术选型等相关技术，具备良好的沟通能力和团队协作精神。,深圳,50-150人,博士,19224,35752
2023-03-11,机器学习工程师,负责后端服务开发，确保代码质量和系统稳定性。要求熟悉模型调优、机器学习、Python等相关技术，具备良好的沟通能力和团队协作精神。,武汉,150-500人,硕士,11013,19557
2023-03-11,销售代表,策划营销活动，提升产品知名度和市场份额。要求熟悉销售、商务谈判、客户关系等相关技术，具备良好的沟通能力和团队协作精神。,北京,150-500人,博士,26610,44704
2023-03-12,市场经理,负责市场推广和品牌建设，拓展市场渠道。要求熟悉渠道拓展、活动策划、市场营销等相关技术，具备良好的沟通能力和团队协作精神。,天津,少于50人,本科,12208,20884
2023-03-12,数据分析师,设计和维护数据报表，监控业务指标变化。要求熟悉SQL、Tableau、Python等相关技术，具备良好的沟通能力和团队协作精神。,广州,500-1000人,本科,7298,11040
2023-03-12,财务分析师,负责公司核心产品的开发与维护，参与技术方案设计。要求熟悉Excel、预算编制、财务报表等相关技术，具备良好的沟通能力和团队协作精神。,广州,500-1000人,硕士,20618,32781
2023-03-12,算法工程师,负责后端服务开发，确保代码质量和系统稳定性。要求熟悉算法、深度学习、机器学习等相关技术，具备良好的沟通能力和团队协作精神。,北京,50-150人,博士,25672,42862
2023-03-13,运维工程师,负责后端服务开发，确保代码质量和系统稳定性。要求熟悉Docker、Linux、运维等相关技术，具备良好的沟通能力和团队协作精神。,北京,少于50人,本科,11968,20512
2023-03-13,数据分析师,设计和维护数据报表，监控业务指标变化。要求熟悉Excel、Tableau、统计学等相关技术，具备良好的沟通能力和团队协作精神。,上海,1000人以上,大专,14839,24340
2023-03-13,Python开发工程师,负责后端服务开发，确保代码质量和系统稳定性。要求熟悉Flask、Django、MySQL等相关技术，具备良好的沟通能力和团队协作精神。,北京,150-500人,大专,10239,18281
2023-03-14,架构师,参与需求分析，提供技术解决方案，推动项目落地。要求熟悉微服务、系统架构、性能优化等相关技术，具备良好的沟通能力和团队协作精神。,重庆,50-150人,本科,9381,15258
2023-03-14,机器学习工程师,参与需求分析，提供技术解决方案，推动项目落地。要求熟悉模型调优、机器学习、特征工程等相关技术，具备良好的沟通能力和团队协作精神。,苏州,50-150人,硕士,11454,20239
2023-03-14,销售代表,策划营销活动，提升产品知名度和市场份额。要求熟悉商务谈判、业绩目标、客户关系等相关技术，具备良好的沟通能力和团队协作精神。,深圳,少于50人,硕士,15591,26271
2023-03-14,数据分析师,负责数据分析和挖掘，为业务决策提供数据支持。要求熟悉SQL、Excel、Python等相关技术，具备良好的沟通能力和团队协作精神。,深圳,500-1000人,本科,19502,30134
2023-03-15,运维工程师,负责公司核心产品的开发与维护，参与技术方案设计。要求熟悉Docker、监控、运维等相关技术，具备良好的沟通能力和团队协作精神。,上海,500-1000人,硕士,19488,33641
2023-03-15,运营专员,策划运营活动，提升品牌影响力和用户增长。要求熟悉数据分析、用户增长、活动策划等相关技术，具备良好的沟通能力和团队协作精神。,天津,少于50人,硕士,6962,11662
2023-03-15,市场经理,分析市场趋势和竞争对手，制定市场策略。要求熟悉活动策划、渠道拓展、市场营销等相关技术，具备良好的沟通能力和团队协作精神。,广州,1000人以上,博士,89427,158322
2023-03-15,运营专员,策划运营活动，提升品牌影响力和用户增长。要求熟悉活动策划、用户增长、数据分析等相关技术，具备良好的沟通能力和团队协作精神。,深圳,少于50人,本科,8057,13191
2023-03-16,Python开发工程师,负责公司核心产品的开发与维护，参与技术方案设计。要求熟悉Flask、Python、Redis等相关技术，具备良好的沟通能力和团队协作精神。,深圳,500-1000人,大专,12284,20790
2023-03-16,UI设计师,参与需求分析，提供技术解决方案，推动项目落地。要求熟悉Figma、Sketch、用户体验等相关技术，具备良好的沟通能力和团队协作精神。,西安,150-500人,硕士,11564,18777
2023-03-16,机器学习工程师,负责后端服务开发，确保代码质量和系统稳定性。要求熟悉机器学习、特征工程、Python等相关技术，具备良好的沟通能力和团队协作精神。,南京,500-1000人,博士,21419,35964
2023-03-16,财务分析师,负责公司核心产品的开发与维护，参与技术方案设计。要求熟悉财务报表、财务分析、预算编制等相关技术，具备良好的沟通能力和团队协作精神。,武汉,少于50人,大专,8050,12519
2023-03-17,运营专员,负责日常运营工作，提升用户活跃度和留存率。要求熟悉活动策划、用户增长、数据分析等相关技术，具备良好的沟通能力和团队协作精神。,深圳,1000人以上,大专,8136,13936
2023-03-17,前端开发工程师,参与系统架构设计，优化系统性能，提升用户体验。要求熟悉Vue、React、CSS等相关技术，具备良好的沟通能力和团队协作精神。,深圳,少于50人,硕士,15245,25926
2023-03-17,全栈开发工程师,参与系统架构设计，优化系统性能，提升用户体验。要求熟悉Node.js、React、JavaScript等相关技术，具备良好的沟通能力和团队协作精神。,深圳,150-500人,博士,23631,41029
2023-03-18,架构师,参与需求分析，提供技术解决方案，推动项目落地。要求熟悉系统架构、性能优化、微服务等相关技术，具备良好的沟通能力和团队协作精神。,杭州,150-500人,大专,11590,18704
2023-03-18,财务分析师,参与需求分析，提供技术解决方案，推动项目落地。要求熟悉预算编制、Excel、财务分析等相关技术，具备良好的沟通能力和团队协作精神。,深圳,50-150人,硕士,23971,35908
2023-03-19,财务分析师,负责公司核心产品的开发与维护，参与技术方案设计。要求熟悉财务分析、预算编制、财务报表等相关技术，具备良好的沟通能力和团队协作精神。,成都,少于50人,硕士,13353,21043
2023-03-19,算法工程师,负责公司核心产品的开发与维护，参与技术方案设计。要求熟悉深度学习、数据结构、Python等相关技术，具备良好的沟通能力和团队协作精神。,深圳,1000人以上,本科,14585,26184
2023-03-20,运维工程师,负责后端服务开发，确保代码质量和系统稳定性。要求熟悉运维、监控、K8s等相关技术，具备良好的沟通能力和团队协作精神。,重庆,少于50人,博士,11448,20913
2023-03-21,财务分析师,参与需求分析，提供技术解决方案，推动项目落地。要求熟悉Excel、财务分析、预算编制等相关技术，具备良好的沟通能力和团队协作精神。,重庆,少于50人,博士,16755,26220
2023-03-22,机器学习工程师,负责后端服务开发，确保代码质量和系统稳定性。要求熟悉机器学习、特征工程、Python等相关技术，具备良好的沟通能力和团队协作精神。,上海,500-1000人,大专,10631,19340
2023-03-22,技术支持工程师,参与系统架构设计，优化系统性能，提升用户体验。要求熟悉技术支持、问题排查、文档编写等相关技术，具备良好的沟通能力和团队协作精神。,天津,少于50人,硕士,10024,17543
2023-03-23,Java后端开发,负责公司核心产品的开发与维护，参与技术方案设计。要求熟悉MySQL、SpringBoot、Java等相关技术，具备良好的沟通能力和团队协作精神。,南京,500-1000人,硕士,12983,23487
2023-03-23,运维工程师,参与需求分析，提供技术解决方案，推动项目落地。要求熟悉Docker、Linux、运维等相关技术，具备良好的沟通能力和团队协作精神。,杭州,150-500人,博士,21559,37565
2023-03-24,机器学习工程师,负责后端服务开发，确保代码质量和系统稳定性。要求熟悉特征工程、Python、模型调优等相关技术，具备良好的沟通能力和团队协作精神。,西安,50-150人,大专,6173,10992
2023-03-24,人力资源专员,负责后端服务开发，确保代码质量和系统稳定性。要求熟悉培训、招聘、绩效考核等相关技术，具备良好的沟通能力和团队协作精神。,深圳,500-1000人,大专,7174,12490
2023-03-25,UI设计师,负责公司核心产品的开发与维护，参与技术方案设计。要求熟悉Sketch、用户体验、交互设计等相关技术，具备良好的沟通能力和团队协作精神。,武汉,500-1000人,硕士,15665,23889
2023-03-25,人力资源专员,参与系统架构设计，优化系统性能，提升用户体验。要求熟悉培训、员工关系、绩效考核等相关技术，具备良好的沟通能力和团队协作精神。,天津,少于50人,硕士,6715,11415
2023-03-25,销售代表,策划营销活动，提升产品知名度和市场份额。要求熟悉业绩目标、销售、商务谈判等相关技术，具备良好的沟通能力和团队协作精神。,广州,150-500人,硕士,14293,25351
2023-03-25,人力资源专员,负责公司核心产品的开发与维护，参与技术方案设计。要求熟悉绩效考核、培训、招聘等相关技术，具备良好的沟通能力和团队协作精神。,重庆,1000人以上,硕士,7580,13612
2023-03-26,人力资源专员,负责公司核心产品的开发与维护，参与技术方案设计。要求熟悉招聘、培训、员工关系等相关技术，具备良好的沟通能力和团队协作精神。,武汉,1000人以上,大专,6503,10447
2023-03-26,销售代表,分析市场趋势和竞争对手，制定市场策略。要求熟悉销售、业绩目标、客户关系等相关技术，具备良好的沟通能力和团队协作精神。,西安,少于50人,大专,6057,10368
2023-03-27,架构师,参与需求分析，提供技术解决方案，推动项目落地。要求熟悉微服务、技术选型、系统架构等相关技术，具备良好的沟通能力和团队协作精神。,上海,150-500人,本科,13730,23628
2023-03-27,项目经理,参与系统架构设计，优化系统性能，提升用户体验。要求熟悉进度控制、风险控制、项目管理等相关技术，具备良好的沟通能力和团队协作精神。,北京,500-1000人,本科,19950,36536
2023-03-28,机器学习工程师,参与需求分析，提供技术解决方案，推动项目落地。要求熟悉特征工程、Python、机器学习等相关技术，具备良好的沟通能力和团队协作精神。,天津,150-500人,博士,17335,29583
2023-03-28,市场经理,分析市场趋势和竞争对手，制定市场策略。要求熟悉活动策划、市场营销、品牌建设等相关技术，具备良好的沟通能力和团队协作精神。,广州,少于50人,本科,19075,29920
2023-03-28,全栈开发工程师,负责后端服务开发，确保代码质量和系统稳定性。要求熟悉MySQL、React、JavaScript等相关技术，具备良好的沟通能力和团队协作精神。,成都,1000人以上,硕士,14958,25814
2023-03-28,算法工程师,负责公司核心产品的开发与维护，参与技术方案设计。要求熟悉深度学习、数据结构、Python等相关技术，具备良好的沟通能力和团队协作精神。,广州,少于50人,硕士,12604,22003
2023-03-30,算法工程师,参与需求分析，提供技术解决方案，推动项目落地。要求熟悉算法、深度学习、数据结构等相关技术，具备良好的沟通能力和团队协作精神。,天津,500-1000人,博士,19247,32719
2023-03-30,技术支持工程师,负责后端服务开发，确保代码质量和系统稳定性。要求熟悉客户沟通、问题排查、技术支持等相关技术，具备良好的沟通能力和团队协作精神。,北京,少于50人,本科,12790,21335
2023-03-31,财务分析师,负责后端服务开发，确保代码质量和系统稳定性。要求熟悉财务报表、Excel、财务分析等相关技术，具备良好的沟通能力和团队协作精神。,苏州,500-1000人,大专,8635,14895
2023-04-02,技术支持工程师,参与需求分析，提供技术解决方案，推动项目落地。要求熟悉客户沟通、问题排查、技术支持等相关技术，具备良好的沟通能力和团队协作精神。,苏州,150-500人,本科,9605,16786
2023-04-02,架构师,参与系统架构设计，优化系统性能，提升用户体验。要求熟悉系统架构、微服务、技术选型等相关技术，具备良好的沟通能力和团队协作精神。,武汉,1000人以上,本科,7458,15419
2023-04-02,Python开发工程师,参与系统架构设计，优化系统性能，提升用户体验。要求熟悉Django、Python、Redis等相关技术，具备良好的沟通能力和团队协作精神。,南京,150-500人,本科,8739,16154
2023-04-02,Python开发工程师,负责公司核心产品的开发与维护，参与技术方案设计。要求熟悉Django、Redis、Python等相关技术，具备良好的沟通能力和团队协作精神。,重庆,1000人以上,硕士,13743,23484
2023-04-03,运维工程师,参与系统架构设计，优化系统性能，提升用户体验。要求熟悉监控、K8s、运维等相关技术，具备良好的沟通能力和团队协作精神。,天津,少于50人,本科,8453,14292
2023-04-03,产品经理,负责产品规划和设计，推动产品迭代优化。要求熟悉数据分析、产品设计、用户研究等相关技术，具备良好的沟通能力和团队协作精神。,上海,1000人以上,硕士,32931,56309
2023-04-05,算法工程师,参与系统架构设计，优化系统性能，提升用户体验。要求熟悉Python、算法、数据结构等相关技术，具备良好的沟通能力和团队协作精神。,西安,少于50人,本科,8320,13761
2023-04-06,数据科学家,负责数据分析和挖掘，为业务决策提供数据支持。要求熟悉深度学习、Python、机器学习等相关技术，具备良好的沟通能力和团队协作精神。,上海,1000人以上,大专,30356,48340
2023-04-07,UI设计师,负责后端服务开发，确保代码质量和系统稳定性。要求熟悉Sketch、交互设计、用户体验等相关技术，具备良好的沟通能力和团队协作精神。,苏州,少于50人,本科,9350,14691
2023-04-07,测试工程师,参与系统架构设计，优化系统性能，提升用户体验。要求熟悉缺陷管理、性能测试、自动化测试等相关技术，具备良好的沟通能力和团队协作精神。,南京,少于50人,本科,8209,14512
2023-04-08,运营专员,分析运营数据，优化运营策略和流程。要求熟悉用户增长、运营、活动策划等相关技术，具备良好的沟通能力和团队协作精神。,广州,少于50人,博士,13707,21917
2023-04-08,前端开发工程师,参与需求分析，提供技术解决方案，推动项目落地。要求熟悉Vue、CSS、JavaScript等相关技术，具备良好的沟通能力和团队协作精神。,西安,500-1000人,硕士,13557,22709
2023-04-08,前端开发工程师,参与系统架构设计，优化系统性能，提升用户体验。要求熟悉React、TypeScript、Vue等相关技术，具备良好的沟通能力和团队协作精神。,重庆,50-150人,博士,13488,24166
2023-04-09,全栈开发工程师,负责后端服务开发，确保代码质量和系统稳定性。要求熟悉React、Node.js、MySQL等相关技术，具备良好的沟通能力和团队协作精神。,西安,150-500人,博士,16674,28195
2023-04-09,销售代表,策划营销活动，提升产品知名度和市场份额。要求熟悉业绩目标、客户关系、商务谈判等相关技术，具备良好的沟通能力和团队协作精神。,深圳,500-1000人,大专,9829,18415
2023-04-10,运维工程师,负责公司核心产品的开发与维护，参与技术方案设计。要求熟悉Docker、Linux、监控等相关技术，具备良好的沟通能力和团队协作精神。,南京,少于50人,大专,5794,10837
2023-04-10,财务分析师,参与系统架构设计，优化系统性能，提升用户体验。要求熟悉Excel、预算编制、财务分析等相关技术，具备良好的沟通能力和团队协作精神。,杭州,500-1000人,大专,16909,24808
2023-04-10,架构师,参与需求分析，提供技术解决方案，推动项目落地。要求熟悉技术选型、微服务、系统架构等相关技术，具备良好的沟通能力和团队协作精神。,南京,500-1000人,大专,9980,16506
2023-04-11,UI设计师,负责后端服务开发，确保代码质量和系统稳定性。要求熟悉Sketch、用户体验、交互设计等相关技术，具备良好的沟通能力和团队协作精神。,重庆,1000人以上,博士,20668,32470
2023-04-11,财务分析师,负责公司核心产品的开发与维护，参与技术方案设计。要求熟悉财务分析、Excel、预算编制等相关技术，具备良好的沟通能力和团队协作精神。,天津,150-500人,大专,10133,15628
2023-04-11,架构师,负责公司核心产品的开发与维护，参与技术方案设计。要求熟悉系统架构、微服务、技术选型等相关技术，具备良好的沟通能力和团队协作精神。,武汉,150-500人,博士,16960,28902
2023-04-12,产品经理,负责产品规划和设计，推动产品迭代优化。要求熟悉Axure、产品设计、需求分析等相关技术，具备良好的沟通能力和团队协作精神。,重庆,少于50人,硕士,13219,23569
2023-04-12,Java后端开发,参与系统架构设计，优化系统性能，提升用户体验。要求熟悉Dubbo、MySQL、SpringBoot等相关技术，具备良好的沟通能力和团队协作精神。,广州,1000人以上,硕士,17508,30902
2023-04-12,Java后端开发,负责后端服务开发，确保代码质量和系统稳定性。要求熟悉MySQL、Dubbo、SpringBoot等相关技术，具备良好的沟通能力和团队协作精神。,西安,1000人以上,本科,11435,19115
2023-04-13,算法工程师,负责公司核心产品的开发与维护，参与技术方案设计。要求熟悉机器学习、Python、数据结构等相关技术，具备良好的沟通能力和团队协作精神。,西安,少于50人,本科,6203,11643
2023-04-13,销售代表,分析市场趋势和竞争对手，制定市场策略。要求熟悉客户关系、销售、业绩目标等相关技术，具备良好的沟通能力和团队协作精神。,天津,500-1000人,硕士,13408,23230
2023-04-13,市场经理,负责市场推广和品牌建设，拓展市场渠道。要求熟悉市场营销、活动策划、品牌建设等相关技术，具备良好的沟通能力和团队协作精神。,武汉,1000人以上,博士,32230,53726
2023-04-13,运营专员,负责日常运营工作，提升用户活跃度和留存率。要求熟悉运营、数据分析、活动策划等相关技术，具备良好的沟通能力和团队协作精神。,广州,1000人以上,硕士,12282,20654
2023-04-14,运营专员,分析运营数据，优化运营策略和流程。要求熟悉数据分析、用户增长、活动策划等相关技术，具备良好的沟通能力和团队协作精神。,北京,少于50人,博士,15287,24990
2023-04-14,项目经理,负责公司核心产品的开发与维护，参与技术方案设计。要求熟悉风险控制、进度控制、项目管理等相关技术，具备良好的沟通能力和团队协作精神。,重庆,1000人以上,本科,15610,26850
2023-04-14,技术支持工程师,参与需求分析，提供技术解决方案，推动项目落地。要求熟悉文档编写、客户沟通、问题排查等相关技术，具备良好的沟通能力和团队协作精神。,重庆,50-150人,硕士,11660,19371
2023-04-15,数据分析师,设计和维护数据报表，监控业务指标变化。要求熟悉Tableau、Python、SQL等相关技术，具备良好的沟通能力和团队协作精神。,杭州,150-500人,大专,13591,20772
2023-04-15,人力资源专员,负责后端服务开发，确保代码质量和系统稳定性。要求熟悉招聘、员工关系、培训等相关技术，具备良好的沟通能力和团队协作精神。,深圳,150-500人,硕士,12847,20774
2023-04-16,Python开发工程师,负责公司核心产品的开发与维护，参与技术方案设计。要求熟悉Django、Redis、Python等相关技术，具备良好的沟通能力和团队协作精神。,深圳,150-500人,博士,25502,43064
2023-04-16,算法工程师,负责后端服务开发，确保代码质量和系统稳定性。要求熟悉深度学习、数据结构、机器学习等相关技术，具备良好的沟通能力和团队协作精神。,成都,1000人以上,本科,11361,19791
2023-04-17,销售代表,分析市场趋势和竞争对手，制定市场策略。要求熟悉客户关系、业绩目标、销售等相关技术，具备良好的沟通能力和团队协作精神。,西安,500-1000人,大专,6369,12001
2023-04-17,架构师,负责后端服务开发，确保代码质量和系统稳定性。要求熟悉系统架构、技术选型、性能优化等相关技术，具备良好的沟通能力和团队协作精神。,苏州,少于50人,本科,9459,15562
2023-04-18,运维工程师,参与需求分析，提供技术解决方案，推动项目落地。要求熟悉Linux、监控、运维等相关技术，具备良好的沟通能力和团队协作精神。,成都,150-500人,博士,16343,28988
2023-04-19,销售代表,分析市场趋势和竞争对手，制定市场策略。要求熟悉商务谈判、客户关系、销售等相关技术，具备良好的沟通能力和团队协作精神。,天津,1000人以上,博士,17656,32493
2023-04-19,运营专员,策划运营活动，提升品牌影响力和用户增长。要求熟悉运营、用户增长、数据分析等相关技术，具备良好的沟通能力和团队协作精神。,广州,150-500人,硕士,27687,48615
2023-04-20,项目经理,参与需求分析，提供技术解决方案，推动项目落地。要求熟悉进度控制、项目管理、团队协调等相关技术，具备良好的沟通能力和团队协作精神。,苏州,1000人以上,硕士,26225,43028
2023-04-20,运维工程师,负责后端服务开发，确保代码质量和系统稳定性。要求熟悉监控、K8s、Linux等相关技术，具备良好的沟通能力和团队协作精神。,深圳,1000人以上,本科,15869,27577
2023-04-20,项目经理,参与系统架构设计，优化系统性能，提升用户体验。要求熟悉风险控制、项目管理、团队协调等相关技术，具备良好的沟通能力和团队协作精神。,北京,150-500人,本科,20254,35474
2023-04-20,运营专员,分析运营数据，优化运营策略和流程。要求熟悉活动策划、运营、数据分析等相关技术，具备良好的沟通能力和团队协作精神。,上海,500-1000人,硕士,12212,21141
2023-04-20,测试工程师,负责后端服务开发，确保代码质量和系统稳定性。要求熟悉性能测试、缺陷管理、测试等相关技术，具备良好的沟通能力和团队协作精神。,西安,50-150人,本科,8849,14930
2023-04-21,技术支持工程师,负责后端服务开发，确保代码质量和系统稳定性。要求熟悉文档编写、技术支持、客户沟通等相关技术，具备良好的沟通能力和团队协作精神。,成都,150-500人,本科,9083,16108
2023-04-21,市场经理,分析市场趋势和竞争对手，制定市场策略。要求熟悉市场营销、渠道拓展、品牌建设等相关技术，具备良好的沟通能力和团队协作精神。,北京,少于50人,硕士,22670,39488
2023-04-21,UI设计师,参与系统架构设计，优化系统性能，提升用户体验。要求熟悉交互设计、Sketch、UI设计等相关技术，具备良好的沟通能力和团队协作精神。,武汉,150-500人,博士,15426,25875
2023-04-21,数据科学家,设计和维护数据报表，监控业务指标变化。要求熟悉PyTorch、机器学习、深度学习等相关技术，具备良好的沟通能力和团队协作精神。,北京,1000人以上,硕士,23362,38201
2023-04-21,运营专员,负责日常运营工作，提升用户活跃度和留存率。要求熟悉运营、用户增长、活动策划等相关技术，具备良好的沟通能力和团队协作精神。,深圳,150-500人,博士,17150,28126
2023-04-22,销售代表,策划营销活动，提升产品知名度和市场份额。要求熟悉客户关系、业绩目标、商务谈判等相关技术，具备良好的沟通能力和团队协作精神。,苏州,1000人以上,大专,10519,17412
2023-04-22,数据分析师,构建机器学习模型，解决实际业务问题。要求熟悉统计学、Python、Excel等相关技术，具备良好的沟通能力和团队协作精神。,武汉,50-150人,博士,20042,31387
2023-04-22,前端开发工程师,参与系统架构设计，优化系统性能，提升用户体验。要求熟悉HTML、TypeScript、JavaScript等相关技术，具备良好的沟通能力和团队协作精神。,成都,50-150人,硕士,11382,20057
2023-04-22,架构师,参与需求分析，提供技术解决方案，推动项目落地。要求熟悉系统架构、微服务、性能优化等相关技术，具备良好的沟通能力和团队协作精神。,北京,少于50人,本科,12520,21145
2023-04-22,财务分析师,负责后端服务开发，确保代码质量和系统稳定性。要求熟悉Excel、财务报表、预算编制等相关技术，具备良好的沟通能力和团队协作精神。,广州,少于50人,本科,13186,20484
2023-04-24,销售代表,策划营销活动，提升产品知名度和市场份额。要求熟悉销售、业绩目标、客户关系等相关技术，具备良好的沟通能力和团队协作精神。,西安,150-500人,硕士,11687,20008
2023-04-25,销售代表,负责市场推广和品牌建设，拓展市场渠道。要求熟悉销售、客户关系、商务谈判等相关技术，具备良好的沟通能力和团队协作精神。,北京,50-150人,博士,22133,39484
2023-04-25,人力资源专员,负责公司核心产品的开发与维护，参与技术方案设计。要求熟悉培训、绩效考核、员工关系等相关技术，具备良好的沟通能力和团队协作精神。,西安,50-150人,本科,5432,9232
2023-04-26,项目经理,参与系统架构设计，优化系统性能，提升用户体验。要求熟悉进度控制、项目管理、团队协调等相关技术，具备良好的沟通能力和团队协作精神。,南京,500-1000人,博士,31059,53081
2023-04-26,人力资源专员,参与系统架构设计，优化系统性能，提升用户体验。要求熟悉培训、招聘、员工关系等相关技术，具备良好的沟通能力和团队协作精神。,重庆,1000人以上,大专,5738,9484
2023-04-26,销售代表,负责市场推广和品牌建设，拓展市场渠道。要求熟悉客户关系、业绩目标、销售等相关技术，具备良好的沟通能力和团队协作精神。,广州,1000人以上,硕士,19209,32602
2023-04-27,技术支持工程师,负责公司核心产品的开发与维护，参与技术方案设计。要求熟悉客户沟通、问题排查、技术支持等相关技术，具备良好的沟通能力和团队协作精神。,天津,50-150人,博士,15889,27634
2023-04-29,算法工程师,负责后端服务开发，确保代码质量和系统稳定性。要求熟悉深度学习、机器学习、Python等相关技术，具备良好的沟通能力和团队协作精神。,苏州,少于50人,硕士,11663,19598
2023-04-29,算法工程师,参与需求分析，提供技术解决方案，推动项目落地。要求熟悉算法、机器学习、数据结构等相关技术，具备良好的沟通能力和团队协作精神。,广州,150-500人,硕士,13966,25128
2023-04-30,人力资源专员,负责后端服务开发，确保代码质量和系统稳定性。要求熟悉培训、员工关系、绩效考核等相关技术，具备良好的沟通能力和团队协作精神。,西安,500-1000人,本科,7577,11978
2023-04-30,项目经理,参与需求分析，提供技术解决方案，推动项目落地。要求熟悉进度控制、项目管理、风险控制等相关技术，具备良好的沟通能力和团队协作精神。,武汉,少于50人,硕士,14137,25134
2023-04-30,算法工程师,负责公司核心产品的开发与维护，参与技术方案设计。要求熟悉深度学习、算法、机器学习等相关技术，具备良好的沟通能力和团队协作精神。,上海,500-1000人,大专,12584,21376
2023-04-30,机器学习工程师,负责公司核心产品的开发与维护，参与技术方案设计。要求熟悉特征工程、Python、机器学习等相关技术，具备良好的沟通能力和团队协作精神。,武汉,1000人以上,博士,18562,32893
2023-04-30,销售代表,分析市场趋势和竞争对手，制定市场策略。要求熟悉销售、商务谈判、客户关系等相关技术，具备良好的沟通能力和团队协作精神。,广州,50-150人,博士,18987,33669
2023-04-30,人力资源专员,参与系统架构设计，优化系统性能，提升用户体验。要求熟悉招聘、员工关系、培训等相关技术，具备良好的沟通能力和团队协作精神。,西安,50-150人,大专,5000,7781
2023-04-30,算法工程师,负责后端服务开发，确保代码质量和系统稳定性。要求熟悉算法、Python、机器学习等相关技术，具备良好的沟通能力和团队协作精神。,上海,500-1000人,本科,13201,24191
2023-05-03,数据科学家,负责数据分析和挖掘，为业务决策提供数据支持。要求熟悉Python、深度学习、机器学习等相关技术，具备良好的沟通能力和团队协作精神。,苏州,少于50人,本科,16401,27737
2023-05-04,技术支持工程师,负责后端服务开发，确保代码质量和系统稳定性。要求熟悉问题排查、技术支持、客户沟通等相关技术，具备良好的沟通能力和团队协作精神。,天津,50-150人,本科,8513,14976
2023-05-04,架构师,参与需求分析，提供技术解决方案，推动项目落地。要求熟悉微服务、性能优化、技术选型等相关技术，具备良好的沟通能力和团队协作精神。,重庆,少于50人,硕士,10344,17178
2023-05-05,Python开发工程师,负责公司核心产品的开发与维护，参与技术方案设计。要求熟悉Flask、Django、Redis等相关技术，具备良好的沟通能力和团队协作精神。,广州,150-500人,大专,9347,16151
2023-05-05,UI设计师,参与需求分析，提供技术解决方案，推动项目落地。要求熟悉Sketch、UI设计、交互设计等相关技术，具备良好的沟通能力和团队协作精神。,南京,1000人以上,大专,8369,14539
2023-05-05,Java后端开发,负责后端服务开发，确保代码质量和系统稳定性。要求熟悉Dubbo、Java、SpringBoot等相关技术，具备良好的沟通能力和团队协作精神。,重庆,150-500人,大专,7597,12545
2023-05-05,Java后端开发,参与系统架构设计，优化系统性能，提升用户体验。要求熟悉Dubbo、Java、SpringBoot等相关技术，具备良好的沟通能力和团队协作精神。,苏州,1000人以上,本科,10962,19497
2023-05-06,算法工程师,负责公司核心产品的开发与维护，参与技术方案设计。要求熟悉Python、机器学习、算法等相关技术，具备良好的沟通能力和团队协作精神。,北京,少于50人,博士,19333,34709
2023-05-06,Python开发工程师,参与系统架构设计，优化系统性能，提升用户体验。要求熟悉Django、FastAPI、Flask等相关技术，具备良好的沟通能力和团队协作精神。,天津,1000人以上,博士,18090,32785
2023-05-07,前端开发工程师,负责公司核心产品的开发与维护，参与技术方案设计。要求熟悉CSS、JavaScript、HTML等相关技术，具备良好的沟通能力和团队协作精神。,杭州,500-1000人,硕士,17015,29729
2023-05-08,技术支持工程师,参与系统架构设计，优化系统性能，提升用户体验。要求熟悉客户沟通、问题排查、技术支持等相关技术，具备良好的沟通能力和团队协作精神。,武汉,1000人以上,大专,8148,14456
2023-05-08,技术支持工程师,参与系统架构设计，优化系统性能，提升用户体验。要求熟悉技术支持、问题排查、文档编写等相关技术，具备良好的沟通能力和团队协作精神。,北京,少于50人,博士,19978,35355
2023-05-08,测试工程师,参与系统架构设计，优化系统性能，提升用户体验。要求熟悉性能测试、缺陷管理、自动化测试等相关技术，具备良好的沟通能力和团队协作精神。,南京,1000人以上,本科,13751,22565
2023-05-08,运营专员,策划运营活动，提升品牌影响力和用户增长。要求熟悉运营、数据分析、用户增长等相关技术，具备良好的沟通能力和团队协作精神。,苏州,少于50人,本科,5974,9753
2023-05-10,市场经理,策划营销活动，提升产品知名度和市场份额。要求熟悉市场营销、渠道拓展、活动策划等相关技术，具备良好的沟通能力和团队协作精神。,成都,150-500人,本科,15309,25746
2023-05-11,机器学习工程师,参与需求分析，提供技术解决方案，推动项目落地。要求熟悉机器学习、Python、模型调优等相关技术，具备良好的沟通能力和团队协作精神。,天津,少于50人,大专,5349,9975
2023-05-11,运营专员,分析运营数据，优化运营策略和流程。要求熟悉用户增长、运营、活动策划等相关技术，具备良好的沟通能力和团队协作精神。,天津,少于50人,博士,9531,16037
2023-05-12,测试工程师,参与需求分析，提供技术解决方案，推动项目落地。要求熟悉缺陷管理、性能测试、测试等相关技术，具备良好的沟通能力和团队协作精神。,重庆,150-500人,大专,6768,11716
2023-05-12,产品经理,协调研发、设计、运营团队，确保产品按时交付。要求熟悉数据分析、需求分析、Axure等相关技术，具备良好的沟通能力和团队协作精神。,上海,150-500人,大专,19308,31183
2023-05-12,市场经理,负责市场推广和品牌建设，拓展市场渠道。要求熟悉市场营销、渠道拓展、品牌建设等相关技术，具备良好的沟通能力和团队协作精神。,杭州,少于50人,本科,15924,27260
2023-05-12,机器学习工程师,参与系统架构设计，优化系统性能，提升用户体验。要求熟悉Python、特征工程、模型调优等相关技术，具备良好的沟通能力和团队协作精神。,南京,150-500人,硕士,13851,23399
2023-05-13,运维工程师,参与需求分析，提供技术解决方案，推动项目落地。要求熟悉监控、K8s、运维等相关技术，具备良好的沟通能力和团队协作精神。,杭州,150-500人,博士,21410,37413
2023-05-13,架构师,参与需求分析，提供技术解决方案，推动项目落地。要求熟悉性能优化、系统架构、微服务等相关技术，具备良好的沟通能力和团队协作精神。,天津,50-150人,本科,8162,14625
2023-05-13,前端开发工程师,负责公司核心产品的开发与维护，参与技术方案设计。要求熟悉JavaScript、React、CSS等相关技术，具备良好的沟通能力和团队协作精神。,西安,少于50人,硕士,7348,14353
2023-05-13,技术支持工程师,参与需求分析，提供技术解决方案，推动项目落地。要求熟悉文档编写、问题排查、技术支持等相关技术，具备良好的沟通能力和团队协作精神。,天津,500-1000人,大专,8010,13996
2023-05-14,架构师,负责公司核心产品的开发与维护，参与技术方案设计。要求熟悉微服务、性能优化、系统架构等相关技术，具备良好的沟通能力和团队协作精神。,西安,50-150人,博士,14844,25685
2023-05-14,市场经理,负责市场推广和品牌建设，拓展市场渠道。要求熟悉市场营销、活动策划、品牌建设等相关技术，具备良好的沟通能力和团队协作精神。,西安,500-1000人,硕士,18588,32186
2023-05-15,运营专员,策划运营活动，提升品牌影响力和用户增长。要求熟悉运营、数据分析、用户增长等相关技术，具备良好的沟通能力和团队协作精神。,北京,少于50人,大专,19884,32697
2023-05-15,算法工程师,参与系统架构设计，优化系统性能，提升用户体验。要求熟悉数据结构、算法、深度学习等相关技术，具备良好的沟通能力和团队协作精神。,广州,50-150人,博士,19264,33806
2023-05-16,Python开发工程师,参与需求分析，提供技术解决方案，推动项目落地。要求熟悉Redis、Python、Flask等相关技术，具备良好的沟通能力和团队协作精神。,天津,少于50人,大专,6094,10720
2023-05-16,全栈开发工程师,参与需求分析，提供技术解决方案，推动项目落地。要求熟悉Node.js、JavaScript、MongoDB等相关技术，具备良好的沟通能力和团队协作精神。,武汉,150-500人,硕士,11682,20225
2023-05-16,Python开发工程师,参与需求分析，提供技术解决方案，推动项目落地。要求熟悉Redis、MySQL、Flask等相关技术，具备良好的沟通能力和团队协作精神。,苏州,50-150人,大专,6437,11842
2023-05-16,项目经理,负责后端服务开发，确保代码质量和系统稳定性。要求熟悉进度控制、风险控制、项目管理等相关技术，具备良好的沟通能力和团队协作精神。,上海,少于50人,本科,15037,27654
2023-05-17,机器学习工程师,负责公司核心产品的开发与维护，参与技术方案设计。要求熟悉模型调优、特征工程、机器学习等相关技术，具备良好的沟通能力和团队协作精神。,杭州,少于50人,硕士,10902,20726
2023-05-17,技术支持工程师,负责公司核心产品的开发与维护，参与技术方案设计。要求熟悉文档编写、问题排查、技术支持等相关技术，具备良好的沟通能力和团队协作精神。,苏州,1000人以上,硕士,15170,26266
2023-05-17,运维工程师,负责公司核心产品的开发与维护，参与技术方案设计。要求熟悉监控、K8s、运维等相关技术，具备良好的沟通能力和团队协作精神。,武汉,1000人以上,硕士,13491,23743
2023-05-18,Java后端开发,负责后端服务开发，确保代码质量和系统稳定性。要求熟悉SpringBoot、Java、Spring等相关技术，具备良好的沟通能力和团队协作精神。,成都,50-150人,本科,8426,15036
2023-05-18,财务分析师,参与系统架构设计，优化系统性能，提升用户体验。要求熟悉Excel、财务报表、财务分析等相关技术，具备良好的沟通能力和团队协作精神。,西安,少于50人,本科,10451,15839
2023-05-19,销售代表,负责市场推广和品牌建设，拓展市场渠道。要求熟悉销售、客户关系、商务谈判等相关技术，具备良好的沟通能力和团队协作精神。,武汉,1000人以上,本科,12317,20203
2023-05-19,技术支持工程师,负责公司核心产品的开发与维护，参与技术方案设计。要求熟悉文档编写、问题排查、技术支持等相关技术，具备良好的沟通能力和团队协作精神。,南京,1000人以上,大专,8524,15574
2023-05-19,财务分析师,负责公司核心产品的开发与维护，参与技术方案设计。要求熟悉财务分析、Excel、预算编制等相关技术，具备良好的沟通能力和团队协作精神。,西安,少于50人,大专,7581,11892
2023-05-22,运营专员,策划运营活动，提升品牌影响力和用户增长。要求熟悉用户增长、活动策划、数据分析等相关技术，具备良好的沟通能力和团队协作精神。,上海,50-150人,大专,6566,11267
2023-05-22,数据科学家,构建机器学习模型，解决实际业务问题。要求熟悉PyTorch、Python、机器学习等相关技术，具备良好的沟通能力和团队协作精神。,重庆,少于50人,硕士,20975,33789
2023-05-23,运维工程师,参与系统架构设计，优化系统性能，提升用户体验。要求熟悉K8s、监控、运维等相关技术，具备良好的沟通能力和团队协作精神。,成都,少于50人,博士,14268,24914
2023-05-25,产品经理,负责产品规划和设计，推动产品迭代优化。要求熟悉Axure、用户研究、需求分析等相关技术，具备良好的沟通能力和团队协作精神。,南京,1000人以上,本科,19992,33212
2023-05-25,Java后端开发,参与需求分析，提供技术解决方案，推动项目落地。要求熟悉Dubbo、SpringBoot、Java等相关技术，具备良好的沟通能力和团队协作精神。,重庆,少于50人,大专,5852,10058
2023-05-25,运维工程师,负责后端服务开发，确保代码质量和系统稳定性。要求熟悉Linux、K8s、监控等相关技术，具备良好的沟通能力和团队协作精神。,天津,少于50人,硕士,11154,18671
2023-05-25,财务分析师,参与系统架构设计，优化系统性能，提升用户体验。要求熟悉预算编制、财务报表、Excel等相关技术，具备良好的沟通能力和团队协作精神。,苏州,少于50人,大专,7311,12148
2023-05-26,项目经理,负责后端服务开发，确保代码质量和系统稳定性。要求熟悉进度控制、团队协调、项目管理等相关技术，具备良好的沟通能力和团队协作精神。,成都,50-150人,本科,12044,21959
2023-05-26,市场经理,负责市场推广和品牌建设，拓展市场渠道。要求熟悉品牌建设、活动策划、渠道拓展等相关技术，具备良好的沟通能力和团队协作精神。,武汉,少于50人,本科,10519,18898
2023-05-26,算法工程师,负责后端服务开发，确保代码质量和系统稳定性。要求熟悉深度学习、算法、数据结构等相关技术，具备良好的沟通能力和团队协作精神。,南京,1000人以上,大专,11050,18100
2023-05-27,测试工程师,参与系统架构设计，优化系统性能，提升用户体验。要求熟悉缺陷管理、自动化测试、性能测试等相关技术，具备良好的沟通能力和团队协作精神。,上海,50-150人,本科,13898,23299
2023-05-28,运营专员,策划运营活动，提升品牌影响力和用户增长。要求熟悉用户增长、运营、活动策划等相关技术，具备良好的沟通能力和团队协作精神。,上海,少于50人,大专,6306,10511
2023-05-29,算法工程师,负责后端服务开发，确保代码质量和系统稳定性。要求熟悉数据结构、深度学习、Python等相关技术，具备良好的沟通能力和团队协作精神。,成都,50-150人,大专,7015,12303
2023-05-29,技术支持工程师,参与系统架构设计，优化系统性能，提升用户体验。要求熟悉文档编写、技术支持、客户沟通等相关技术，具备良好的沟通能力和团队协作精神。,武汉,500-1000人,硕士,11025,20422
2023-05-30,运营专员,负责日常运营工作，提升用户活跃度和留存率。要求熟悉数据分析、用户增长、活动策划等相关技术，具备良好的沟通能力和团队协作精神。,苏州,50-150人,硕士,7068,12558
2023-05-30,Java后端开发,负责后端服务开发，确保代码质量和系统稳定性。要求熟悉Redis、Java、Dubbo等相关技术，具备良好的沟通能力和团队协作精神。,武汉,500-1000人,博士,17874,30885
2023-05-31,全栈开发工程师,负责后端服务开发，确保代码质量和系统稳定性。要求熟悉MongoDB、Node.js、JavaScript等相关技术，具备良好的沟通能力和团队协作精神。,重庆,50-150人,本科,7220,13096
2023-06-01,机器学习工程师,参与需求分析，提供技术解决方案，推动项目落地。要求熟悉特征工程、机器学习、Python等相关技术，具备良好的沟通能力和团队协作精神。,重庆,50-150人,博士,15951,26324
2023-06-01,市场经理,策划营销活动，提升产品知名度和市场份额。要求熟悉市场营销、品牌建设、活动策划等相关技术，具备良好的沟通能力和团队协作精神。,广州,150-500人,博士,22521,45040
2023-06-01,Python开发工程师,参与系统架构设计，优化系统性能，提升用户体验。要求熟悉MySQL、Python、Flask等相关技术，具备良好的沟通能力和团队协作精神。,杭州,500-1000人,大专,10485,18158
2023-06-02,人力资源专员,参与系统架构设计，优化系统性能，提升用户体验。要求熟悉员工关系、招聘、培训等相关技术，具备良好的沟通能力和团队协作精神。,武汉,1000人以上,大专,5006,8873
2023-06-04,项目经理,负责公司核心产品的开发与维护，参与技术方案设计。要求熟悉团队协调、进度控制、项目管理等相关技术，具备良好的沟通能力和团队协作精神。,天津,50-150人,博士,21775,38889
2023-06-05,测试工程师,参与需求分析，提供技术解决方案，推动项目落地。要求熟悉性能测试、测试、自动化测试等相关技术，具备良好的沟通能力和团队协作精神。,南京,150-500人,大专,9065,14828
2023-06-06,技术支持工程师,负责公司核心产品的开发与维护，参与技术方案设计。要求熟悉客户沟通、技术支持、文档编写等相关技术，具备良好的沟通能力和团队协作精神。,深圳,150-500人,博士,24691,41751
2023-06-07,算法工程师,参与系统架构设计，优化系统性能，提升用户体验。要求熟悉机器学习、Python、数据结构等相关技术，具备良好的沟通能力和团队协作精神。,西安,1000人以上,本科,11100,18561
2023-06-07,人力资源专员,参与需求分析，提供技术解决方案，推动项目落地。要求熟悉员工关系、招聘、培训等相关技术，具备良好的沟通能力和团队协作精神。,北京,500-1000人,博士,14624,26822
2023-06-08,数据科学家,构建机器学习模型，解决实际业务问题。要求熟悉深度学习、机器学习、Python等相关技术，具备良好的沟通能力和团队协作精神。,北京,50-150人,博士,49074,80678
2023-06-08,算法工程师,负责后端服务开发，确保代码质量和系统稳定性。要求熟悉数据结构、机器学习、Python等相关技术，具备良好的沟通能力和团队协作精神。,杭州,150-500人,博士,23047,38742
2023-06-09,数据分析师,设计和维护数据报表，监控业务指标变化。要求熟悉SQL、统计学、Tableau等相关技术，具备良好的沟通能力和团队协作精神。,天津,500-1000人,博士,22125,35337
2023-06-09,UI设计师,负责后端服务开发，确保代码质量和系统稳定性。要求熟悉Sketch、Figma、UI设计等相关技术，具备良好的沟通能力和团队协作精神。,成都,50-150人,本科,8550,14222
2023-06-10,全栈开发工程师,负责公司核心产品的开发与维护，参与技术方案设计。要求熟悉MySQL、JavaScript、React等相关技术，具备良好的沟通能力和团队协作精神。,西安,少于50人,本科,7105,12390
2023-06-10,销售代表,分析市场趋势和竞争对手，制定市场策略。要求熟悉客户关系、销售、商务谈判等相关技术，具备良好的沟通能力和团队协作精神。,苏州,150-500人,博士,16067,28624
2023-06-10,全栈开发工程师,负责公司核心产品的开发与维护，参与技术方案设计。要求熟悉React、Node.js、JavaScript等相关技术，具备良好的沟通能力和团队协作精神。,上海,50-150人,博士,21844,38440
2023-06-11,运维工程师,参与需求分析，提供技术解决方案，推动项目落地。要求熟悉Docker、Linux、监控等相关技术，具备良好的沟通能力和团队协作精神。,西安,500-1000人,本科,9320,16159
2023-06-11,UI设计师,参与系统架构设计，优化系统性能，提升用户体验。要求熟悉Figma、Sketch、交互设计等相关技术，具备良好的沟通能力和团队协作精神。,重庆,150-500人,本科,7268,12576
2023-06-12,全栈开发工程师,参与需求分析，提供技术解决方案，推动项目落地。要求熟悉MySQL、Node.js、MongoDB等相关技术，具备良好的沟通能力和团队协作精神。,上海,150-500人,硕士,19225,31842
2023-06-12,测试工程师,参与需求分析，提供技术解决方案，推动项目落地。要求熟悉缺陷管理、测试、自动化测试等相关技术，具备良好的沟通能力和团队协作精神。,杭州,150-500人,硕士,16911,28247
2023-06-13,项目经理,负责公司核心产品的开发与维护，参与技术方案设计。要求熟悉进度控制、项目管理、团队协调等相关技术，具备良好的沟通能力和团队协作精神。,苏州,50-150人,本科,14620,24560
2023-06-13,财务分析师,参与需求分析，提供技术解决方案，推动项目落地。要求熟悉财务分析、财务报表、Excel等相关技术，具备良好的沟通能力和团队协作精神。,上海,150-500人,本科,17138,26843
2023-06-14,财务分析师,参与系统架构设计，优化系统性能，提升用户体验。要求熟悉Excel、财务分析、财务报表等相关技术，具备良好的沟通能力和团队协作精神。,重庆,少于50人,本科,8185,13341
2023-06-14,前端开发工程师,负责公司核心产品的开发与维护，参与技术方案设计。要求熟悉Vue、CSS、JavaScript等相关技术，具备良好的沟通能力和团队协作精神。,北京,150-500人,大专,8217,16103
2023-06-15,运维工程师,负责公司核心产品的开发与维护，参与技术方案设计。要求熟悉监控、Linux、运维等相关技术，具备良好的沟通能力和团队协作精神。,西安,1000人以上,硕士,12455,22154
2023-06-16,项目经理,负责公司核心产品的开发与维护，参与技术方案设计。要求熟悉团队协调、风险控制、项目管理等相关技术，具备良好的沟通能力和团队协作精神。,武汉,150-500人,博士,23119,40521
2023-06-16,UI设计师,负责公司核心产品的开发与维护，参与技术方案设计。要求熟悉Figma、交互设计、用户体验等相关技术，具备良好的沟通能力和团队协作精神。,重庆,50-150人,博士,14500,23576
2023-06-17,机器学习工程师,负责公司核心产品的开发与维护，参与技术方案设计。要求熟悉模型调优、机器学习、特征工程等相关技术，具备良好的沟通能力和团队协作精神。,北京,1000人以上,博士,26319,47610
2023-06-17,销售代表,负责市场推广和品牌建设，拓展市场渠道。要求熟悉客户关系、业绩目标、商务谈判等相关技术，具备良好的沟通能力和团队协作精神。,杭州,150-500人,大专,9387,16363
2023-06-18,数据分析师,负责数据分析和挖掘，为业务决策提供数据支持。要求熟悉Python、Excel、Tableau等相关技术，具备良好的沟通能力和团队协作精神。,深圳,50-150人,大专,12066,19270
2023-06-18,运维工程师,负责公司核心产品的开发与维护，参与技术方案设计。要求熟悉运维、Docker、Linux等相关技术，具备良好的沟通能力和团队协作精神。,北京,150-500人,硕士,17313,30127
2023-06-19,运维工程师,参与系统架构设计，优化系统性能，提升用户体验。要求熟悉Docker、Linux、K8s等相关技术，具备良好的沟通能力和团队协作精神。,南京,150-500人,大专,7936,13698
2023-06-19,销售代表,分析市场趋势和竞争对手，制定市场策略。要求熟悉商务谈判、销售、业绩目标等相关技术，具备良好的沟通能力和团队协作精神。,重庆,1000人以上,博士,8037,13278
2023-06-19,运维工程师,参与需求分析，提供技术解决方案，推动项目落地。要求熟悉K8s、运维、Linux等相关技术，具备良好的沟通能力和团队协作精神。,南京,150-500人,本科,11159,18362
2023-06-20,数据科学家,设计和维护数据报表，监控业务指标变化。要求熟悉PyTorch、TensorFlow、深度学习等相关技术，具备良好的沟通能力和团队协作精神。,南京,1000人以上,博士,41546,70719
2023-06-22,销售代表,策划营销活动，提升产品知名度和市场份额。要求熟悉销售、业绩目标、商务谈判等相关技术，具备良好的沟通能力和团队协作精神。,武汉,1000人以上,博士,16803,30724
2023-06-22,全栈开发工程师,负责后端服务开发，确保代码质量和系统稳定性。要求熟悉React、MySQL、JavaScript等相关技术，具备良好的沟通能力和团队协作精神。,南京,50-150人,硕士,11140,20035
2023-06-23,产品经理,分析用户需求和市场动态，制定产品发展策略。要求熟悉产品设计、Axure、用户研究等相关技术，具备良好的沟通能力和团队协作精神。,成都,500-1000人,博士,25903,46171
2023-06-23,数据科学家,设计和维护数据报表，监控业务指标变化。要求熟悉PyTorch、深度学习、TensorFlow等相关技术，具备良好的沟通能力和团队协作精神。,重庆,50-150人,博士,24948,44397
2023-06-24,前端开发工程师,参与系统架构设计，优化系统性能，提升用户体验。要求熟悉React、Vue、JavaScript等相关技术，具备良好的沟通能力和团队协作精神。,武汉,50-150人,本科,7203,13326
2023-06-24,架构师,参与需求分析，提供技术解决方案，推动项目落地。要求熟悉系统架构、微服务、性能优化等相关技术，具备良好的沟通能力和团队协作精神。,上海,500-1000人,博士,25242,44459
2023-06-24,算法工程师,参与需求分析，提供技术解决方案，推动项目落地。要求熟悉Python、算法、深度学习等相关技术，具备良好的沟通能力和团队协作精神。,重庆,50-150人,硕士,9752,17243
2023-06-25,产品经理,协调研发、设计、运营团队，确保产品按时交付。要求熟悉需求分析、Axure、数据分析等相关技术，具备良好的沟通能力和团队协作精神。,杭州,1000人以上,博士,44526,72777
2023-06-25,全栈开发工程师,参与系统架构设计，优化系统性能，提升用户体验。要求熟悉MongoDB、React、Node.js等相关技术，具备良好的沟通能力和团队协作精神。,西安,500-1000人,博士,16569,28879
2023-06-25,机器学习工程师,参与系统架构设计，优化系统性能，提升用户体验。要求熟悉模型调优、Python、特征工程等相关技术，具备良好的沟通能力和团队协作精神。,重庆,1000人以上,大专,8814,14637
2023-06-26,测试工程师,参与需求分析，提供技术解决方案，推动项目落地。要求熟悉性能测试、缺陷管理、自动化测试等相关技术，具备良好的沟通能力和团队协作精神。,重庆,50-150人,硕士,10187,17679
2023-06-26,前端开发工程师,负责后端服务开发，确保代码质量和系统稳定性。要求熟悉JavaScript、TypeScript、CSS等相关技术，具备良好的沟通能力和团队协作精神。,深圳,50-150人,博士,22527,38734
2023-06-26,人力资源专员,参与需求分析，提供技术解决方案，推动项目落地。要求熟悉培训、招聘、绩效考核等相关技术，具备良好的沟通能力和团队协作精神。,上海,少于50人,大专,21351,33726
2023-06-26,项目经理,负责后端服务开发，确保代码质量和系统稳定性。要求熟悉项目管理、团队协调、进度控制等相关技术，具备良好的沟通能力和团队协作精神。,成都,150-500人,博士,26141,44566
2023-06-27,全栈开发工程师,负责公司核心产品的开发与维护，参与技术方案设计。要求熟悉Node.js、JavaScript、MongoDB等相关技术，具备良好的沟通能力和团队协作精神。,杭州,50-150人,博士,22053,36963
2023-06-28,UI设计师,参与需求分析，提供技术解决方案，推动项目落地。要求熟悉用户体验、UI设计、Sketch等相关技术，具备良好的沟通能力和团队协作精神。,北京,50-150人,本科,14103,22297
2023-06-28,前端开发工程师,负责后端服务开发，确保代码质量和系统稳定性。要求熟悉React、Vue、CSS等相关技术，具备良好的沟通能力和团队协作精神。,武汉,1000人以上,硕士,30572,55707
2023-06-29,Python开发工程师,负责后端服务开发，确保代码质量和系统稳定性。要求熟悉MySQL、Django、Python等相关技术，具备良好的沟通能力和团队协作精神。,广州,500-1000人,硕士,19200,31127
2023-07-01,Python开发工程师,参与需求分析，提供技术解决方案，推动项目落地。要求熟悉Redis、FastAPI、MySQL等相关技术，具备良好的沟通能力和团队协作精神。,南京,150-500人,大专,6548,11974
2023-07-01,UI设计师,负责后端服务开发，确保代码质量和系统稳定性。要求熟悉Sketch、Figma、交互设计等相关技术，具备良好的沟通能力和团队协作精神。,重庆,150-500人,本科,8869,13867
2023-07-01,市场经理,分析市场趋势和竞争对手，制定市场策略。要求熟悉品牌建设、活动策划、渠道拓展等相关技术，具备良好的沟通能力和团队协作精神。,深圳,150-500人,硕士,23618,41023
2023-07-01,Python开发工程师,负责公司核心产品的开发与维护，参与技术方案设计。要求熟悉Python、Django、MySQL等相关技术，具备良好的沟通能力和团队协作精神。,重庆,500-1000人,博士,14109,25420
2023-07-02,全栈开发工程师,参与系统架构设计，优化系统性能，提升用户体验。要求熟悉MongoDB、Node.js、React等相关技术，具备良好的沟通能力和团队协作精神。,南京,50-150人,本科,9429,15874
2023-07-02,算法工程师,参与系统架构设计，优化系统性能，提升用户体验。要求熟悉数据结构、Python、深度学习等相关技术，具备良好的沟通能力和团队协作精神。,南京,少于50人,博士,14155,24534
2023-07-03,架构师,参与系统架构设计，优化系统性能，提升用户体验。要求熟悉系统架构、技术选型、性能优化等相关技术，具备良好的沟通能力和团队协作精神。,广州,150-500人,大专,9151,15435
2023-07-03,数据分析师,设计和维护数据报表，监控业务指标变化。要求熟悉Excel、SQL、统计学等相关技术，具备良好的沟通能力和团队协作精神。,西安,500-1000人,博士,19679,31273
2023-07-03,架构师,参与需求分析，提供技术解决方案，推动项目落地。要求熟悉系统架构、性能优化、微服务等相关技术，具备良好的沟通能力和团队协作精神。,杭州,50-150人,博士,19282,33324
2023-07-05,Python开发工程师,负责后端服务开发，确保代码质量和系统稳定性。要求熟悉Django、Flask、Redis等相关技术，具备良好的沟通能力和团队协作精神。,深圳,500-1000人,硕士,18544,31308
2023-07-06,全栈开发工程师,参与需求分析，提供技术解决方案，推动项目落地。要求熟悉React、Node.js、MongoDB等相关技术，具备良好的沟通能力和团队协作精神。,西安,少于50人,本科,6980,11957
2023-07-06,财务分析师,负责后端服务开发，确保代码质量和系统稳定性。要求熟悉预算编制、财务分析、Excel等相关技术，具备良好的沟通能力和团队协作精神。,深圳,少于50人,大专,10906,16976
2023-07-06,Python开发工程师,参与系统架构设计，优化系统性能，提升用户体验。要求熟悉Django、Redis、MySQL等相关技术，具备良好的沟通能力和团队协作精神。,武汉,少于50人,本科,5515,10674
2023-07-06,运营专员,策划运营活动，提升品牌影响力和用户增长。要求熟悉用户增长、运营、活动策划等相关技术，具备良好的沟通能力和团队协作精神。,上海,500-1000人,大专,9208,14235
2023-07-07,技术支持工程师,参与系统架构设计，优化系统性能，提升用户体验。要求熟悉客户沟通、文档编写、问题排查等相关技术，具备良好的沟通能力和团队协作精神。,重庆,少于50人,本科,6862,11718
2023-07-07,算法工程师,参与需求分析，提供技术解决方案，推动项目落地。要求熟悉机器学习、数据结构、Python等相关技术，具备良好的沟通能力和团队协作精神。,北京,150-500人,大专,8020,15447
2023-07-08,数据分析师,负责数据分析和挖掘，为业务决策提供数据支持。要求熟悉统计学、Excel、SQL等相关技术，具备良好的沟通能力和团队协作精神。,成都,500-1000人,博士,18920,31644
2023-07-09,UI设计师,负责公司核心产品的开发与维护，参与技术方案设计。要求熟悉Sketch、用户体验、交互设计等相关技术，具备良好的沟通能力和团队协作精神。,重庆,50-150人,博士,15839,24387
2023-07-09,Java后端开发,负责公司核心产品的开发与维护，参与技术方案设计。要求熟悉Redis、Spring、Dubbo等相关技术，具备良好的沟通能力和团队协作精神。,天津,500-1000人,硕士,12287,21273
2023-07-10,技术支持工程师,负责后端服务开发，确保代码质量和系统稳定性。要求熟悉客户沟通、问题排查、技术支持等相关技术，具备良好的沟通能力和团队协作精神。,深圳,500-1000人,本科,13655,23473
2023-07-10,全栈开发工程师,负责后端服务开发，确保代码质量和系统稳定性。要求熟悉JavaScript、MongoDB、MySQL等相关技术，具备良好的沟通能力和团队协作精神。,重庆,50-150人,博士,12534,22302
2023-07-11,人力资源专员,负责后端服务开发，确保代码质量和系统稳定性。要求熟悉绩效考核、员工关系、招聘等相关技术，具备良好的沟通能力和团队协作精神。,深圳,1000人以上,大专,7065,12421
2023-07-11,数据科学家,负责数据分析和挖掘，为业务决策提供数据支持。要求熟悉机器学习、Python、深度学习等相关技术，具备良好的沟通能力和团队协作精神。,广州,1000人以上,硕士,41115,64090
2023-07-11,Java后端开发,参与系统架构设计，优化系统性能，提升用户体验。要求熟悉Java、Dubbo、Redis等相关技术，具备良好的沟通能力和团队协作精神。,武汉,50-150人,博士,16526,26905
2023-07-12,架构师,负责后端服务开发，确保代码质量和系统稳定性。要求熟悉系统架构、微服务、性能优化等相关技术，具备良好的沟通能力和团队协作精神。,杭州,少于50人,本科,7545,14525
2023-07-14,前端开发工程师,参与需求分析，提供技术解决方案，推动项目落地。要求熟悉HTML、TypeScript、CSS等相关技术，具备良好的沟通能力和团队协作精神。,杭州,500-1000人,博士,20614,36873
2023-07-14,测试工程师,负责后端服务开发，确保代码质量和系统稳定性。要求熟悉性能测试、测试、自动化测试等相关技术，具备良好的沟通能力和团队协作精神。,杭州,少于50人,本科,9758,16738
2023-07-15,人力资源专员,参与需求分析，提供技术解决方案，推动项目落地。要求熟悉招聘、员工关系、绩效考核等相关技术，具备良好的沟通能力和团队协作精神。,重庆,50-150人,大专,5000,7466
2023-07-15,数据分析师,设计和维护数据报表，监控业务指标变化。要求熟悉Tableau、Python、SQL等相关技术，具备良好的沟通能力和团队协作精神。,西安,500-1000人,本科,11137,17578
2023-07-15,技术支持工程师,负责后端服务开发，确保代码质量和系统稳定性。要求熟悉问题排查、技术支持、文档编写等相关技术，具备良好的沟通能力和团队协作精神。,成都,少于50人,硕士,8649,15750
2023-07-16,运营专员,分析运营数据，优化运营策略和流程。要求熟悉运营、活动策划、数据分析等相关技术，具备良好的沟通能力和团队协作精神。,杭州,150-500人,本科,6807,11939
2023-07-16,算法工程师,参与系统架构设计，优化系统性能，提升用户体验。要求熟悉机器学习、数据结构、深度学习等相关技术，具备良好的沟通能力和团队协作精神。,上海,500-1000人,硕士,15895,28965
2023-07-16,UI设计师,参与系统架构设计，优化系统性能，提升用户体验。要求熟悉Figma、Sketch、UI设计等相关技术，具备良好的沟通能力和团队协作精神。,西安,少于50人,博士,13207,21046
2023-07-17,运营专员,负责日常运营工作，提升用户活跃度和留存率。要求熟悉运营、活动策划、用户增长等相关技术，具备良好的沟通能力和团队协作精神。,杭州,少于50人,博士,12979,20831
2023-07-17,算法工程师,参与系统架构设计，优化系统性能，提升用户体验。要求熟悉数据结构、机器学习、深度学习等相关技术，具备良好的沟通能力和团队协作精神。,深圳,少于50人,大专,7843,13913
2023-07-17,人力资源专员,参与系统架构设计，优化系统性能，提升用户体验。要求熟悉培训、招聘、员工关系等相关技术，具备良好的沟通能力和团队协作精神。,西安,500-1000人,博士,8041,15287
2023-07-18,产品经理,协调研发、设计、运营团队，确保产品按时交付。要求熟悉用户研究、Axure、数据分析等相关技术，具备良好的沟通能力和团队协作精神。,成都,150-500人,博士,24699,42051
2023-07-18,测试工程师,参与系统架构设计，优化系统性能，提升用户体验。要求熟悉性能测试、测试、缺陷管理等相关技术，具备良好的沟通能力和团队协作精神。,北京,500-1000人,博士,23179,41559
2023-07-19,项目经理,参与系统架构设计，优化系统性能，提升用户体验。要求熟悉风险控制、项目管理、团队协调等相关技术，具备良好的沟通能力和团队协作精神。,西安,少于50人,大专,7894,13867
2023-07-19,数据分析师,负责数据分析和挖掘，为业务决策提供数据支持。要求熟悉Tableau、Excel、Python等相关技术，具备良好的沟通能力和团队协作精神。,武汉,少于50人,本科,8635,13794
2023-07-20,技术支持工程师,负责公司核心产品的开发与维护，参与技术方案设计。要求熟悉技术支持、客户沟通、问题排查等相关技术，具备良好的沟通能力和团队协作精神。,苏州,500-1000人,大专,8715,14496
2023-07-20,产品经理,负责产品规划和设计，推动产品迭代优化。要求熟悉产品设计、需求分析、用户研究等相关技术，具备良好的沟通能力和团队协作精神。,杭州,150-500人,博士,32516,54687
2023-07-20,财务分析师,参与系统架构设计，优化系统性能，提升用户体验。要求熟悉Excel、财务分析、财务报表等相关技术，具备良好的沟通能力和团队协作精神。,武汉,1000人以上,本科,13416,20699
2023-07-21,机器学习工程师,参与系统架构设计，优化系统性能，提升用户体验。要求熟悉机器学习、特征工程、模型调优等相关技术，具备良好的沟通能力和团队协作精神。,成都,少于50人,本科,6848,12311
2023-07-21,人力资源专员,负责后端服务开发，确保代码质量和系统稳定性。要求熟悉员工关系、招聘、培训等相关技术，具备良好的沟通能力和团队协作精神。,广州,1000人以上,博士,16347,26951
2023-07-21,技术支持工程师,负责后端服务开发，确保代码质量和系统稳定性。要求熟悉技术支持、问题排查、文档编写等相关技术，具备良好的沟通能力和团队协作精神。,上海,50-150人,大专,9188,16134
2023-07-22,技术支持工程师,参与系统架构设计，优化系统性能，提升用户体验。要求熟悉文档编写、客户沟通、问题排查等相关技术，具备良好的沟通能力和团队协作精神。,西安,少于50人,硕士,8689,15159
2023-07-22,项目经理,参与需求分析，提供技术解决方案，推动项目落地。要求熟悉团队协调、项目管理、风险控制等相关技术，具备良好的沟通能力和团队协作精神。,天津,500-1000人,硕士,19161,32640
2023-07-23,算法工程师,负责公司核心产品的开发与维护，参与技术方案设计。要求熟悉深度学习、Python、机器学习等相关技术，具备良好的沟通能力和团队协作精神。,广州,500-1000人,本科,11099,19740
2023-07-24,前端开发工程师,负责公司核心产品的开发与维护，参与技术方案设计。要求熟悉React、JavaScript、TypeScript等相关技术，具备良好的沟通能力和团队协作精神。,北京,50-150人,硕士,18479,29943
2023-07-24,测试工程师,参与系统架构设计，优化系统性能，提升用户体验。要求熟悉自动化测试、性能测试、缺陷管理等相关技术，具备良好的沟通能力和团队协作精神。,成都,50-150人,大专,6651,11535
2023-07-25,数据分析师,负责数据分析和挖掘，为业务决策提供数据支持。要求熟悉SQL、Tableau、Python等相关技术，具备良好的沟通能力和团队协作精神。,武汉,500-1000人,博士,19015,31032
2023-07-25,运维工程师,负责后端服务开发，确保代码质量和系统稳定性。要求熟悉Linux、运维、监控等相关技术，具备良好的沟通能力和团队协作精神。,成都,150-500人,博士,14809,26377
2023-07-25,市场经理,策划营销活动，提升产品知名度和市场份额。要求熟悉品牌建设、市场营销、渠道拓展等相关技术，具备良好的沟通能力和团队协作精神。,武汉,150-500人,大专,10491,17775
2023-07-26,架构师,负责后端服务开发，确保代码质量和系统稳定性。要求熟悉性能优化、系统架构、微服务等相关技术，具备良好的沟通能力和团队协作精神。,西安,500-1000人,博士,15421,27014
2023-07-26,算法工程师,参与需求分析，提供技术解决方案，推动项目落地。要求熟悉Python、深度学习、算法等相关技术，具备良好的沟通能力和团队协作精神。,广州,少于50人,本科,8718,15395
2023-07-27,财务分析师,参与需求分析，提供技术解决方案，推动项目落地。要求熟悉财务报表、Excel、预算编制等相关技术，具备良好的沟通能力和团队协作精神。,武汉,少于50人,硕士,13022,19729
2023-07-27,财务分析师,负责公司核心产品的开发与维护，参与技术方案设计。要求熟悉财务分析、预算编制、财务报表等相关技术，具备良好的沟通能力和团队协作精神。,苏州,150-500人,硕士,13284,21825
2023-07-28,数据科学家,负责数据分析和挖掘，为业务决策提供数据支持。要求熟悉TensorFlow、PyTorch、Python等相关技术，具备良好的沟通能力和团队协作精神。,成都,500-1000人,博士,28136,51995
2023-07-29,测试工程师,参与需求分析，提供技术解决方案，推动项目落地。要求熟悉测试、自动化测试、缺陷管理等相关技术，具备良好的沟通能力和团队协作精神。,杭州,500-1000人,博士,21073,37332
2023-07-30,市场经理,负责市场推广和品牌建设，拓展市场渠道。要求熟悉市场营销、活动策划、渠道拓展等相关技术，具备良好的沟通能力和团队协作精神。,苏州,少于50人,博士,20022,35099
2023-07-30,全栈开发工程师,参与系统架构设计，优化系统性能，提升用户体验。要求熟悉MongoDB、MySQL、Node.js等相关技术，具备良好的沟通能力和团队协作精神。,南京,1000人以上,博士,20918,35570
2023-07-31,前端开发工程师,参与系统架构设计，优化系统性能，提升用户体验。要求熟悉React、HTML、JavaScript等相关技术，具备良好的沟通能力和团队协作精神。,武汉,500-1000人,博士,20121,32139
2023-07-31,数据科学家,设计和维护数据报表，监控业务指标变化。要求熟悉Python、深度学习、TensorFlow等相关技术，具备良好的沟通能力和团队协作精神。,北京,1000人以上,大专,26998,43707
2023-08-02,测试工程师,负责公司核心产品的开发与维护，参与技术方案设计。要求熟悉性能测试、测试、自动化测试等相关技术，具备良好的沟通能力和团队协作精神。,北京,少于50人,硕士,12904,23057
2023-08-02,Python开发工程师,负责后端服务开发，确保代码质量和系统稳定性。要求熟悉FastAPI、Redis、Django等相关技术，具备良好的沟通能力和团队协作精神。,上海,500-1000人,大专,11336,19297
2023-08-02,Java后端开发,负责公司核心产品的开发与维护，参与技术方案设计。要求熟悉Dubbo、MySQL、Redis等相关技术，具备良好的沟通能力和团队协作精神。,苏州,1000人以上,大专,7479,13721
2023-08-03,运维工程师,负责公司核心产品的开发与维护，参与技术方案设计。要求熟悉监控、运维、K8s等相关技术，具备良好的沟通能力和团队协作精神。,杭州,500-1000人,大专,9438,16590
2023-08-03,算法工程师,负责后端服务开发，确保代码质量和系统稳定性。要求熟悉数据结构、机器学习、深度学习等相关技术，具备良好的沟通能力和团队协作精神。,上海,500-1000人,本科,11566,21517
2023-08-04,人力资源专员,参与需求分析，提供技术解决方案，推动项目落地。要求熟悉员工关系、招聘、绩效考核等相关技术，具备良好的沟通能力和团队协作精神。,天津,少于50人,博士,10378,16325
2023-08-04,数据分析师,设计和维护数据报表，监控业务指标变化。要求熟悉Tableau、Excel、Python等相关技术，具备良好的沟通能力和团队协作精神。,杭州,50-150人,博士,24297,38195
2023-08-04,运维工程师,负责后端服务开发，确保代码质量和系统稳定性。要求熟悉K8s、监控、Linux等相关技术，具备良好的沟通能力和团队协作精神。,北京,50-150人,博士,20877,36589
2023-08-05,技术支持工程师,负责后端服务开发，确保代码质量和系统稳定性。要求熟悉技术支持、客户沟通、问题排查等相关技术，具备良好的沟通能力和团队协作精神。,北京,150-500人,大专,10483,17833
2023-08-05,机器学习工程师,负责公司核心产品的开发与维护，参与技术方案设计。要求熟悉Python、模型调优、特征工程等相关技术，具备良好的沟通能力和团队协作精神。,重庆,1000人以上,硕士,13351,22172
2023-08-05,UI设计师,负责公司核心产品的开发与维护，参与技术方案设计。要求熟悉用户体验、Figma、Sketch等相关技术，具备良好的沟通能力和团队协作精神。,苏州,150-500人,本科,9620,15310
2023-08-06,算法工程师,负责公司核心产品的开发与维护，参与技术方案设计。要求熟悉深度学习、算法、数据结构等相关技术，具备良好的沟通能力和团队协作精神。,苏州,少于50人,硕士,8702,15887
2023-08-07,项目经理,参与系统架构设计，优化系统性能，提升用户体验。要求熟悉团队协调、风险控制、项目管理等相关技术，具备良好的沟通能力和团队协作精神。,南京,150-500人,硕士,15679,28772
2023-08-07,运营专员,策划运营活动，提升品牌影响力和用户增长。要求熟悉活动策划、用户增长、运营等相关技术，具备良好的沟通能力和团队协作精神。,武汉,少于50人,硕士,5857,10006
2023-08-08,市场经理,负责市场推广和品牌建设，拓展市场渠道。要求熟悉市场营销、渠道拓展、活动策划等相关技术，具备良好的沟通能力和团队协作精神。,武汉,150-500人,大专,10528,17737
2023-08-09,数据分析师,设计和维护数据报表，监控业务指标变化。要求熟悉Tableau、统计学、Excel等相关技术，具备良好的沟通能力和团队协作精神。,北京,50-150人,大专,11045,18028
2023-08-09,运营专员,策划运营活动，提升品牌影响力和用户增长。要求熟悉活动策划、运营、用户增长等相关技术，具备良好的沟通能力和团队协作精神。,重庆,150-500人,硕士,6239,10833
2023-08-10,市场经理,负责市场推广和品牌建设，拓展市场渠道。要求熟悉活动策划、品牌建设、渠道拓展等相关技术，具备良好的沟通能力和团队协作精神。,南京,1000人以上,博士,26570,48325
2023-08-10,算法工程师,参与系统架构设计，优化系统性能，提升用户体验。要求熟悉机器学习、深度学习、算法等相关技术，具备良好的沟通能力和团队协作精神。,西安,500-1000人,博士,12880,24356
2023-08-11,架构师,参与系统架构设计，优化系统性能，提升用户体验。要求熟悉性能优化、技术选型、系统架构等相关技术，具备良好的沟通能力和团队协作精神。,上海,500-1000人,大专,11046,19007
2023-08-11,技术支持工程师,负责后端服务开发，确保代码质量和系统稳定性。要求熟悉问题排查、技术支持、客户沟通等相关技术，具备良好的沟通能力和团队协作精神。,苏州,50-150人,本科,7791,13968
2023-08-11,数据科学家,构建机器学习模型，解决实际业务问题。要求熟悉PyTorch、Python、机器学习等相关技术，具备良好的沟通能力和团队协作精神。,苏州,1000人以上,硕士,12821,20428
2023-08-13,机器学习工程师,参与需求分析，提供技术解决方案，推动项目落地。要求熟悉特征工程、模型调优、机器学习等相关技术，具备良好的沟通能力和团队协作精神。,天津,500-1000人,硕士,13366,22260
2023-08-13,运维工程师,参与需求分析，提供技术解决方案，推动项目落地。要求熟悉监控、K8s、Docker等相关技术，具备良好的沟通能力和团队协作精神。,杭州,150-500人,本科,9676,17804
2023-08-14,机器学习工程师,负责公司核心产品的开发与维护，参与技术方案设计。要求熟悉模型调优、机器学习、特征工程等相关技术，具备良好的沟通能力和团队协作精神。,北京,1000人以上,硕士,19688,34022
2023-08-15,算法工程师,参与系统架构设计，优化系统性能，提升用户体验。要求熟悉数据结构、深度学习、Python等相关技术，具备良好的沟通能力和团队协作精神。,西安,1000人以上,硕士,12998,22040
2023-08-16,Java后端开发,负责公司核心产品的开发与维护，参与技术方案设计。要求熟悉MySQL、Dubbo、Spring等相关技术，具备良好的沟通能力和团队协作精神。,深圳,500-1000人,本科,12670,22388
2023-08-16,前端开发工程师,参与需求分析，提供技术解决方案，推动项目落地。要求熟悉CSS、TypeScript、HTML等相关技术，具备良好的沟通能力和团队协作精神。,天津,150-500人,博士,15703,26899
2023-08-18,机器学习工程师,参与系统架构设计，优化系统性能，提升用户体验。要求熟悉模型调优、Python、特征工程等相关技术，具备良好的沟通能力和团队协作精神。,杭州,50-150人,博士,19577,33476
2023-08-19,机器学习工程师,负责后端服务开发，确保代码质量和系统稳定性。要求熟悉模型调优、Python、机器学习等相关技术，具备良好的沟通能力和团队协作精神。,重庆,50-150人,本科,8391,13762
2023-08-19,架构师,参与系统架构设计，优化系统性能，提升用户体验。要求熟悉技术选型、微服务、系统架构等相关技术，具备良好的沟通能力和团队协作精神。,深圳,少于50人,硕士,15459,25221
2023-08-19,人力资源专员,参与系统架构设计，优化系统性能，提升用户体验。要求熟悉招聘、员工关系、培训等相关技术，具备良好的沟通能力和团队协作精神。,南京,1000人以上,硕士,9754,16300
2023-08-20,市场经理,策划营销活动，提升产品知名度和市场份额。要求熟悉品牌建设、活动策划、渠道拓展等相关技术，具备良好的沟通能力和团队协作精神。,苏州,50-150人,博士,21453,38131
2023-08-20,运维工程师,参与需求分析，提供技术解决方案，推动项目落地。要求熟悉监控、运维、K8s等相关技术，具备良好的沟通能力和团队协作精神。,南京,500-1000人,大专,10405,16313
2023-08-20,人力资源专员,参与需求分析，提供技术解决方案，推动项目落地。要求熟悉培训、绩效考核、员工关系等相关技术，具备良好的沟通能力和团队协作精神。,杭州,少于50人,博士,12030,19802
2023-08-20,销售代表,负责市场推广和品牌建设，拓展市场渠道。要求熟悉业绩目标、客户关系、商务谈判等相关技术，具备良好的沟通能力和团队协作精神。,杭州,1000人以上,本科,11945,21699
2023-08-20,产品经理,协调研发、设计、运营团队，确保产品按时交付。要求熟悉数据分析、用户研究、需求分析等相关技术，具备良好的沟通能力和团队协作精神。,西安,50-150人,大专,8865,15472
2023-08-21,前端开发工程师,负责公司核心产品的开发与维护，参与技术方案设计。要求熟悉CSS、React、TypeScript等相关技术，具备良好的沟通能力和团队协作精神。,广州,少于50人,博士,19721,31616
2023-08-21,算法工程师,负责公司核心产品的开发与维护，参与技术方案设计。要求熟悉机器学习、数据结构、深度学习等相关技术，具备良好的沟通能力和团队协作精神。,苏州,500-1000人,博士,17906,30781
2023-08-22,数据科学家,构建机器学习模型，解决实际业务问题。要求熟悉Python、PyTorch、深度学习等相关技术，具备良好的沟通能力和团队协作精神。,杭州,少于50人,本科,22486,35440
2023-08-24,UI设计师,参与系统架构设计，优化系统性能，提升用户体验。要求熟悉UI设计、用户体验、交互设计等相关技术，具备良好的沟通能力和团队协作精神。,天津,500-1000人,本科,10230,16216
2023-08-25,Java后端开发,参与需求分析，提供技术解决方案，推动项目落地。要求熟悉MySQL、SpringBoot、Redis等相关技术，具备良好的沟通能力和团队协作精神。,武汉,150-500人,本科,7530,13538
2023-08-25,前端开发工程师,负责后端服务开发，确保代码质量和系统稳定性。要求熟悉TypeScript、CSS、JavaScript等相关技术，具备良好的沟通能力和团队协作精神。,杭州,500-1000人,大专,10714,17867
2023-08-25,产品经理,负责产品规划和设计，推动产品迭代优化。要求熟悉产品设计、Axure、用户研究等相关技术，具备良好的沟通能力和团队协作精神。,天津,150-500人,硕士,15911,28039
2023-08-25,数据分析师,负责数据分析和挖掘，为业务决策提供数据支持。要求熟悉Excel、统计学、SQL等相关技术，具备良好的沟通能力和团队协作精神。,天津,150-500人,博士,20293,31489
2023-08-26,机器学习工程师,负责后端服务开发，确保代码质量和系统稳定性。要求熟悉机器学习、特征工程、Python等相关技术，具备良好的沟通能力和团队协作精神。,苏州,500-1000人,本科,11422,18575
2023-08-26,人力资源专员,参与系统架构设计，优化系统性能，提升用户体验。要求熟悉绩效考核、员工关系、招聘等相关技术，具备良好的沟通能力和团队协作精神。,重庆,1000人以上,本科,7284,11524
2023-08-26,数据分析师,负责数据分析和挖掘，为业务决策提供数据支持。要求熟悉SQL、统计学、Tableau等相关技术，具备良好的沟通能力和团队协作精神。,西安,150-500人,本科,9314,15110
2023-08-26,Java后端开发,参与系统架构设计，优化系统性能，提升用户体验。要求熟悉Java、Spring、Redis等相关技术，具备良好的沟通能力和团队协作精神。,北京,500-1000人,本科,16147,26254
2023-08-27,UI设计师,参与需求分析，提供技术解决方案，推动项目落地。要求熟悉交互设计、Figma、UI设计等相关技术，具备良好的沟通能力和团队协作精神。,西安,500-1000人,大专,7522,11984
2023-08-27,运营专员,负责日常运营工作，提升用户活跃度和留存率。要求熟悉运营、数据分析、用户增长等相关技术，具备良好的沟通能力和团队协作精神。,苏州,500-1000人,大专,5238,8814
2023-08-27,前端开发工程师,参与需求分析，提供技术解决方案，推动项目落地。要求熟悉HTML、CSS、React等相关技术，具备良好的沟通能力和团队协作精神。,成都,少于50人,大专,14557,25372
2023-08-28,Java后端开发,负责后端服务开发，确保代码质量和系统稳定性。要求熟悉Dubbo、Spring、Java等相关技术，具备良好的沟通能力和团队协作精神。,杭州,500-1000人,大专,12184,19337
2023-08-28,产品经理,分析用户需求和市场动态，制定产品发展策略。要求熟悉数据分析、需求分析、Axure等相关技术，具备良好的沟通能力和团队协作精神。,西安,50-150人,大专,9233,15840
2023-08-29,人力资源专员,负责后端服务开发，确保代码质量和系统稳定性。要求熟悉招聘、培训、员工关系等相关技术，具备良好的沟通能力和团队协作精神。,西安,1000人以上,本科,3267,5440
2023-08-29,算法工程师,负责后端服务开发，确保代码质量和系统稳定性。要求熟悉算法、数据结构、Python等相关技术，具备良好的沟通能力和团队协作精神。,深圳,少于50人,硕士,15929,25692
2023-08-29,Python开发工程师,参与需求分析，提供技术解决方案，推动项目落地。要求熟悉Python、Redis、MySQL等相关技术，具备良好的沟通能力和团队协作精神。,南京,1000人以上,博士,17866,32369
2023-08-29,产品经理,分析用户需求和市场动态，制定产品发展策略。要求熟悉产品设计、需求分析、用户研究等相关技术，具备良好的沟通能力和团队协作精神。,成都,150-500人,本科,12837,22378
2023-08-29,数据科学家,负责数据分析和挖掘，为业务决策提供数据支持。要求熟悉Python、深度学习、TensorFlow等相关技术，具备良好的沟通能力和团队协作精神。,南京,150-500人,硕士,26889,43255
2023-08-29,人力资源专员,参与系统架构设计，优化系统性能，提升用户体验。要求熟悉招聘、员工关系、绩效考核等相关技术，具备良好的沟通能力和团队协作精神。,杭州,50-150人,大专,5600,9460
2023-08-29,测试工程师,负责后端服务开发，确保代码质量和系统稳定性。要求熟悉自动化测试、性能测试、缺陷管理等相关技术，具备良好的沟通能力和团队协作精神。,杭州,50-150人,本科,10161,17883
2023-08-31,产品经理,负责产品规划和设计，推动产品迭代优化。要求熟悉产品设计、数据分析、Axure等相关技术，具备良好的沟通能力和团队协作精神。,重庆,1000人以上,大专,12344,20486
2023-08-31,技术支持工程师,参与系统架构设计，优化系统性能，提升用户体验。要求熟悉客户沟通、技术支持、问题排查等相关技术，具备良好的沟通能力和团队协作精神。,广州,50-150人,博士,18924,32218
2023-09-01,架构师,参与需求分析，提供技术解决方案，推动项目落地。要求熟悉性能优化、微服务、技术选型等相关技术，具备良好的沟通能力和团队协作精神。,西安,50-150人,大专,6272,10858
2023-09-01,机器学习工程师,负责公司核心产品的开发与维护，参与技术方案设计。要求熟悉Python、机器学习、特征工程等相关技术，具备良好的沟通能力和团队协作精神。,重庆,150-500人,本科,6885,12772
2023-09-02,机器学习工程师,负责后端服务开发，确保代码质量和系统稳定性。要求熟悉模型调优、特征工程、Python等相关技术，具备良好的沟通能力和团队协作精神。,武汉,150-500人,大专,6973,11977
2023-09-03,机器学习工程师,参与系统架构设计，优化系统性能，提升用户体验。要求熟悉模型调优、Python、特征工程等相关技术，具备良好的沟通能力和团队协作精神。,南京,500-1000人,本科,10258,17948
2023-09-04,数据科学家,设计和维护数据报表，监控业务指标变化。要求熟悉机器学习、Python、TensorFlow等相关技术，具备良好的沟通能力和团队协作精神。,南京,500-1000人,本科,22223,36643
2023-09-05,架构师,参与需求分析，提供技术解决方案，推动项目落地。要求熟悉微服务、性能优化、技术选型等相关技术，具备良好的沟通能力和团队协作精神。,南京,150-500人,博士,19938,32522
2023-09-05,机器学习工程师,参与系统架构设计，优化系统性能，提升用户体验。要求熟悉模型调优、特征工程、机器学习等相关技术，具备良好的沟通能力和团队协作精神。,天津,50-150人,大专,8309,13231
2023-09-05,运营专员,负责日常运营工作，提升用户活跃度和留存率。要求熟悉数据分析、活动策划、用户增长等相关技术，具备良好的沟通能力和团队协作精神。,成都,少于50人,博士,9038,15372
2023-09-06,运维工程师,负责后端服务开发，确保代码质量和系统稳定性。要求熟悉Docker、运维、K8s等相关技术，具备良好的沟通能力和团队协作精神。,天津,少于50人,大专,5682,10085
2023-09-06,数据分析师,构建机器学习模型，解决实际业务问题。要求熟悉Tableau、SQL、Python等相关技术，具备良好的沟通能力和团队协作精神。,重庆,500-1000人,硕士,15585,24004
2023-09-06,市场经理,分析市场趋势和竞争对手，制定市场策略。要求熟悉品牌建设、市场营销、渠道拓展等相关技术，具备良好的沟通能力和团队协作精神。,上海,150-500人,本科,22271,36401
2023-09-07,销售代表,分析市场趋势和竞争对手，制定市场策略。要求熟悉业绩目标、客户关系、销售等相关技术，具备良好的沟通能力和团队协作精神。,重庆,500-1000人,硕士,9762,18181
2023-09-07,算法工程师,负责后端服务开发，确保代码质量和系统稳定性。要求熟悉Python、深度学习、数据结构等相关技术，具备良好的沟通能力和团队协作精神。,成都,少于50人,大专,5082,9586
2023-09-07,人力资源专员,负责后端服务开发，确保代码质量和系统稳定性。要求熟悉员工关系、绩效考核、招聘等相关技术，具备良好的沟通能力和团队协作精神。,重庆,1000人以上,本科,6945,11360
2023-09-07,人力资源专员,参与需求分析，提供技术解决方案，推动项目落地。要求熟悉培训、绩效考核、招聘等相关技术，具备良好的沟通能力和团队协作精神。,上海,150-500人,博士,16372,26969
2023-09-07,算法工程师,负责后端服务开发，确保代码质量和系统稳定性。要求熟悉算法、深度学习、机器学习等相关技术，具备良好的沟通能力和团队协作精神。,杭州,1000人以上,博士,24674,42954
2023-09-07,测试工程师,负责公司核心产品的开发与维护，参与技术方案设计。要求熟悉缺陷管理、测试、自动化测试等相关技术，具备良好的沟通能力和团队协作精神。,广州,500-1000人,博士,24195,40224
2023-09-08,人力资源专员,负责公司核心产品的开发与维护，参与技术方案设计。要求熟悉培训、员工关系、招聘等相关技术，具备良好的沟通能力和团队协作精神。,北京,少于50人,硕士,10419,17026
2023-09-08,市场经理,策划营销活动，提升产品知名度和市场份额。要求熟悉市场营销、活动策划、渠道拓展等相关技术，具备良好的沟通能力和团队协作精神。,杭州,150-500人,硕士,24289,40792
2023-09-08,技术支持工程师,负责后端服务开发，确保代码质量和系统稳定性。要求熟悉文档编写、客户沟通、技术支持等相关技术，具备良好的沟通能力和团队协作精神。,武汉,150-500人,博士,17639,28899
2023-09-08,销售代表,负责市场推广和品牌建设，拓展市场渠道。要求熟悉客户关系、商务谈判、销售等相关技术，具备良好的沟通能力和团队协作精神。,重庆,50-150人,硕士,9953,17224
2023-09-08,财务分析师,负责公司核心产品的开发与维护，参与技术方案设计。要求熟悉预算编制、Excel、财务分析等相关技术，具备良好的沟通能力和团队协作精神。,杭州,1000人以上,博士,33159,51439
2023-09-09,算法工程师,参与系统架构设计，优化系统性能，提升用户体验。要求熟悉机器学习、算法、Python等相关技术，具备良好的沟通能力和团队协作精神。,深圳,1000人以上,大专,15629,24460
2023-09-09,项目经理,参与系统架构设计，优化系统性能，提升用户体验。要求熟悉风险控制、团队协调、项目管理等相关技术，具备良好的沟通能力和团队协作精神。,深圳,50-150人,硕士,20078,37119
2023-09-10,运营专员,分析运营数据，优化运营策略和流程。要求熟悉运营、用户增长、数据分析等相关技术，具备良好的沟通能力和团队协作精神。,北京,50-150人,博士,16112,26337
2023-09-11,人力资源专员,参与系统架构设计，优化系统性能，提升用户体验。要求熟悉培训、员工关系、绩效考核等相关技术，具备良好的沟通能力和团队协作精神。,广州,50-150人,大专,5948,9794
2023-09-11,测试工程师,参与需求分析，提供技术解决方案，推动项目落地。要求熟悉性能测试、测试、缺陷管理等相关技术，具备良好的沟通能力和团队协作精神。,西安,150-500人,大专,7485,12312
2023-09-11,算法工程师,参与系统架构设计，优化系统性能，提升用户体验。要求熟悉算法、机器学习、Python等相关技术，具备良好的沟通能力和团队协作精神。,西安,少于50人,硕士,7617,14286
2023-09-11,项目经理,负责后端服务开发，确保代码质量和系统稳定性。要求熟悉风险控制、团队协调、项目管理等相关技术，具备良好的沟通能力和团队协作精神。,武汉,50-150人,硕士,14016,25604
2023-09-12,Python开发工程师,负责公司核心产品的开发与维护，参与技术方案设计。要求熟悉Redis、Django、Flask等相关技术，具备良好的沟通能力和团队协作精神。,广州,1000人以上,本科,12844,22558
2023-09-12,测试工程师,负责后端服务开发，确保代码质量和系统稳定性。要求熟悉性能测试、缺陷管理、自动化测试等相关技术，具备良好的沟通能力和团队协作精神。,西安,500-1000人,博士,17586,29534
2023-09-12,人力资源专员,参与系统架构设计，优化系统性能，提升用户体验。要求熟悉员工关系、培训、招聘等相关技术，具备良好的沟通能力和团队协作精神。,广州,150-500人,本科,6360,11419
2023-09-12,技术支持工程师,负责公司核心产品的开发与维护，参与技术方案设计。要求熟悉客户沟通、文档编写、问题排查等相关技术，具备良好的沟通能力和团队协作精神。,重庆,1000人以上,大专,7321,12973
2023-09-12,前端开发工程师,参与需求分析，提供技术解决方案，推动项目落地。要求熟悉CSS、TypeScript、Vue等相关技术，具备良好的沟通能力和团队协作精神。,北京,50-150人,博士,23252,39612
2023-09-13,前端开发工程师,负责后端服务开发，确保代码质量和系统稳定性。要求熟悉CSS、JavaScript、HTML等相关技术，具备良好的沟通能力和团队协作精神。,北京,50-150人,本科,6235,10779
2023-09-18,全栈开发工程师,参与系统架构设计，优化系统性能，提升用户体验。要求熟悉React、MySQL、MongoDB等相关技术，具备良好的沟通能力和团队协作精神。,武汉,少于50人,博士,12126,21697
2023-09-18,技术支持工程师,参与系统架构设计，优化系统性能，提升用户体验。要求熟悉客户沟通、技术支持、文档编写等相关技术，具备良好的沟通能力和团队协作精神。,深圳,150-500人,大专,9008,16367
2023-09-18,项目经理,负责后端服务开发，确保代码质量和系统稳定性。要求熟悉项目管理、进度控制、团队协调等相关技术，具备良好的沟通能力和团队协作精神。,上海,1000人以上,硕士,32763,54806
2023-09-19,前端开发工程师,参与系统架构设计，优化系统性能，提升用户体验。要求熟悉Vue、TypeScript、HTML等相关技术，具备良好的沟通能力和团队协作精神。,杭州,1000人以上,本科,12258,22414
2023-09-19,算法工程师,负责后端服务开发，确保代码质量和系统稳定性。要求熟悉Python、机器学习、深度学习等相关技术，具备良好的沟通能力和团队协作精神。,成都,少于50人,本科,7190,12820
2023-09-19,Java后端开发,负责后端服务开发，确保代码质量和系统稳定性。要求熟悉Redis、SpringBoot、MySQL等相关技术，具备良好的沟通能力和团队协作精神。,武汉,少于50人,本科,7915,13232
2023-09-20,运维工程师,参与系统架构设计，优化系统性能，提升用户体验。要求熟悉监控、Linux、K8s等相关技术，具备良好的沟通能力和团队协作精神。,广州,150-500人,硕士,14136,24660
2023-09-20,技术支持工程师,负责后端服务开发，确保代码质量和系统稳定性。要求熟悉问题排查、技术支持、客户沟通等相关技术，具备良好的沟通能力和团队协作精神。,成都,500-1000人,硕士,12383,21854
2023-09-20,项目经理,参与需求分析，提供技术解决方案，推动项目落地。要求熟悉风险控制、进度控制、项目管理等相关技术，具备良好的沟通能力和团队协作精神。,成都,150-500人,博士,27488,45371
2023-09-20,数据科学家,构建机器学习模型，解决实际业务问题。要求熟悉Python、机器学习、TensorFlow等相关技术，具备良好的沟通能力和团队协作精神。,武汉,500-1000人,硕士,26217,42990
2023-09-21,数据科学家,负责数据分析和挖掘，为业务决策提供数据支持。要求熟悉深度学习、机器学习、PyTorch等相关技术，具备良好的沟通能力和团队协作精神。,重庆,150-500人,大专,13934,22765
2023-09-22,财务分析师,负责后端服务开发，确保代码质量和系统稳定性。要求熟悉Excel、财务报表、财务分析等相关技术，具备良好的沟通能力和团队协作精神。,广州,150-500人,硕士,17258,27782
2023-09-22,财务分析师,负责公司核心产品的开发与维护，参与技术方案设计。要求熟悉Excel、财务分析、预算编制等相关技术，具备良好的沟通能力和团队协作精神。,北京,50-150人,硕士,19988,31804
2023-09-23,项目经理,负责后端服务开发，确保代码质量和系统稳定性。要求熟悉项目管理、进度控制、风险控制等相关技术，具备良好的沟通能力和团队协作精神。,西安,少于50人,博士,21222,35071
2023-09-23,财务分析师,负责公司核心产品的开发与维护，参与技术方案设计。要求熟悉Excel、预算编制、财务分析等相关技术，具备良好的沟通能力和团队协作精神。,深圳,500-1000人,博士,30069,48283
2023-09-23,Python开发工程师,负责后端服务开发，确保代码质量和系统稳定性。要求熟悉FastAPI、Python、Django等相关技术，具备良好的沟通能力和团队协作精神。,深圳,少于50人,本科,11214,19033
2023-09-24,全栈开发工程师,负责后端服务开发，确保代码质量和系统稳定性。要求熟悉JavaScript、MySQL、MongoDB等相关技术，具备良好的沟通能力和团队协作精神。,北京,50-150人,本科,13467,22555
2023-09-24,数据分析师,构建机器学习模型，解决实际业务问题。要求熟悉SQL、统计学、Tableau等相关技术，具备良好的沟通能力和团队协作精神。,天津,500-1000人,硕士,16945,26206
2023-09-24,财务分析师,参与系统架构设计，优化系统性能，提升用户体验。要求熟悉Excel、预算编制、财务报表等相关技术，具备良好的沟通能力和团队协作精神。,西安,50-150人,硕士,14594,22047
2023-09-26,数据科学家,构建机器学习模型，解决实际业务问题。要求熟悉PyTorch、TensorFlow、机器学习等相关技术，具备良好的沟通能力和团队协作精神。,杭州,150-500人,硕士,32759,53388
2023-09-27,财务分析师,参与需求分析，提供技术解决方案，推动项目落地。要求熟悉财务分析、预算编制、财务报表等相关技术，具备良好的沟通能力和团队协作精神。,武汉,少于50人,本科,7030,12347
2023-09-28,运营专员,负责日常运营工作，提升用户活跃度和留存率。要求熟悉数据分析、活动策划、运营等相关技术，具备良好的沟通能力和团队协作精神。,上海,1000人以上,本科,10271,17335
2023-09-28,测试工程师,负责公司核心产品的开发与维护，参与技术方案设计。要求熟悉性能测试、缺陷管理、测试等相关技术，具备良好的沟通能力和团队协作精神。,西安,150-500人,硕士,13018,20863
2023-09-28,产品经理,协调研发、设计、运营团队，确保产品按时交付。要求熟悉产品设计、需求分析、用户研究等相关技术，具备良好的沟通能力和团队协作精神。,天津,1000人以上,本科,16512,28169
2023-09-29,测试工程师,参与需求分析，提供技术解决方案，推动项目落地。要求熟悉性能测试、测试、缺陷管理等相关技术，具备良好的沟通能力和团队协作精神。,武汉,少于50人,硕士,9306,16218
2023-09-29,Python开发工程师,参与需求分析，提供技术解决方案，推动项目落地。要求熟悉FastAPI、Redis、Python等相关技术，具备良好的沟通能力和团队协作精神。,北京,少于50人,硕士,13558,24130
2023-10-01,运维工程师,参与需求分析，提供技术解决方案，推动项目落地。要求熟悉K8s、监控、Linux等相关技术，具备良好的沟通能力和团队协作精神。,上海,50-150人,博士,28133,45390
2023-10-01,数据分析师,构建机器学习模型，解决实际业务问题。要求熟悉Excel、统计学、Tableau等相关技术，具备良好的沟通能力和团队协作精神。,杭州,50-150人,博士,70122,116634
2023-10-01,财务分析师,参与需求分析，提供技术解决方案，推动项目落地。要求熟悉财务分析、财务报表、预算编制等相关技术，具备良好的沟通能力和团队协作精神。,深圳,50-150人,博士,29061,45913
2023-10-02,销售代表,策划营销活动，提升产品知名度和市场份额。要求熟悉商务谈判、销售、客户关系等相关技术，具备良好的沟通能力和团队协作精神。,北京,500-1000人,博士,30027,50321
2023-10-02,数据分析师,构建机器学习模型，解决实际业务问题。要求熟悉Excel、统计学、Tableau等相关技术，具备良好的沟通能力和团队协作精神。,上海,500-1000人,本科,18228,29328
2023-10-02,数据分析师,设计和维护数据报表，监控业务指标变化。要求熟悉SQL、Tableau、统计学等相关技术，具备良好的沟通能力和团队协作精神。,成都,1000人以上,硕士,21531,32601
2023-10-03,市场经理,分析市场趋势和竞争对手，制定市场策略。要求熟悉市场营销、品牌建设、渠道拓展等相关技术，具备良好的沟通能力和团队协作精神。,西安,500-1000人,博士,28652,47853
2023-10-03,运维工程师,参与系统架构设计，优化系统性能，提升用户体验。要求熟悉监控、K8s、Docker等相关技术，具备良好的沟通能力和团队协作精神。,杭州,1000人以上,博士,30014,49598
2023-10-04,数据科学家,设计和维护数据报表，监控业务指标变化。要求熟悉深度学习、Python、PyTorch等相关技术，具备良好的沟通能力和团队协作精神。,北京,150-500人,博士,50250,84842
2023-10-04,技术支持工程师,参与系统架构设计，优化系统性能，提升用户体验。要求熟悉文档编写、客户沟通、问题排查等相关技术，具备良好的沟通能力和团队协作精神。,武汉,少于50人,硕士,10495,17900
2023-10-04,前端开发工程师,负责公司核心产品的开发与维护，参与技术方案设计。要求熟悉HTML、Vue、React等相关技术，具备良好的沟通能力和团队协作精神。,成都,1000人以上,本科,4723,8128
2023-10-04,运维工程师,负责后端服务开发，确保代码质量和系统稳定性。要求熟悉Linux、监控、运维等相关技术，具备良好的沟通能力和团队协作精神。,杭州,1000人以上,博士,27487,47071
2023-10-05,算法工程师,负责后端服务开发，确保代码质量和系统稳定性。要求熟悉算法、数据结构、机器学习等相关技术，具备良好的沟通能力和团队协作精神。,杭州,少于50人,博士,18173,32045
2023-10-05,数据分析师,负责数据分析和挖掘，为业务决策提供数据支持。要求熟悉统计学、Tableau、Python等相关技术，具备良好的沟通能力和团队协作精神。,成都,50-150人,本科,13808,20549
2023-10-05,数据科学家,负责数据分析和挖掘，为业务决策提供数据支持。要求熟悉PyTorch、TensorFlow、机器学习等相关技术，具备良好的沟通能力和团队协作精神。,苏州,150-500人,大专,17849,28729
2023-10-06,Python开发工程师,参与系统架构设计，优化系统性能，提升用户体验。要求熟悉Flask、Redis、FastAPI等相关技术，具备良好的沟通能力和团队协作精神。,成都,150-500人,博士,17238,30010
2023-10-06,销售代表,分析市场趋势和竞争对手，制定市场策略。要求熟悉客户关系、业绩目标、销售等相关技术，具备良好的沟通能力和团队协作精神。,武汉,500-1000人,本科,12677,20049
2023-10-08,全栈开发工程师,负责公司核心产品的开发与维护，参与技术方案设计。要求熟悉MySQL、Node.js、MongoDB等相关技术，具备良好的沟通能力和团队协作精神。,上海,500-1000人,大专,12596,21477
2023-10-08,财务分析师,参与需求分析，提供技术解决方案，推动项目落地。要求熟悉财务报表、Excel、财务分析等相关技术，具备良好的沟通能力和团队协作精神。,苏州,少于50人,博士,18153,29250
2023-10-10,运维工程师,参与需求分析，提供技术解决方案，推动项目落地。要求熟悉运维、Linux、Docker等相关技术，具备良好的沟通能力和团队协作精神。,重庆,500-1000人,硕士,41811,68871
2023-10-10,销售代表,负责市场推广和品牌建设，拓展市场渠道。要求熟悉业绩目标、销售、客户关系等相关技术，具备良好的沟通能力和团队协作精神。,重庆,50-150人,本科,9062,15054
2023-10-10,架构师,负责后端服务开发，确保代码质量和系统稳定性。要求熟悉系统架构、技术选型、性能优化等相关技术，具备良好的沟通能力和团队协作精神。,南京,少于50人,博士,14909,26368
2023-10-10,前端开发工程师,负责公司核心产品的开发与维护，参与技术方案设计。要求熟悉HTML、React、Vue等相关技术，具备良好的沟通能力和团队协作精神。,南京,50-150人,本科,11123,18239
2023-10-11,架构师,参与系统架构设计，优化系统性能，提升用户体验。要求熟悉微服务、系统架构、技术选型等相关技术，具备良好的沟通能力和团队协作精神。,苏州,50-150人,本科,9069,15960
2023-10-12,产品经理,负责产品规划和设计，推动产品迭代优化。要求熟悉数据分析、需求分析、Axure等相关技术，具备良好的沟通能力和团队协作精神。,重庆,150-500人,博士,23634,40663
2023-10-12,数据分析师,负责数据分析和挖掘，为业务决策提供数据支持。要求熟悉统计学、SQL、Python等相关技术，具备良好的沟通能力和团队协作精神。,西安,500-1000人,硕士,14596,23841
2023-10-13,运营专员,策划运营活动，提升品牌影响力和用户增长。要求熟悉活动策划、数据分析、运营等相关技术，具备良好的沟通能力和团队协作精神。,天津,1000人以上,本科,7600,12804
2023-10-14,人力资源专员,参与系统架构设计，优化系统性能，提升用户体验。要求熟悉绩效考核、招聘、培训等相关技术，具备良好的沟通能力和团队协作精神。,重庆,500-1000人,大专,5000,7686
2023-10-15,前端开发工程师,参与系统架构设计，优化系统性能，提升用户体验。要求熟悉Vue、React、JavaScript等相关技术，具备良好的沟通能力和团队协作精神。,南京,1000人以上,大专,9592,16782
2023-10-15,销售代表,负责市场推广和品牌建设，拓展市场渠道。要求熟悉业绩目标、销售、商务谈判等相关技术，具备良好的沟通能力和团队协作精神。,天津,少于50人,博士,15575,26190
2023-10-15,运维工程师,负责公司核心产品的开发与维护，参与技术方案设计。要求熟悉Docker、Linux、运维等相关技术，具备良好的沟通能力和团队协作精神。,成都,50-150人,博士,17983,30116
2023-10-15,产品经理,负责产品规划和设计，推动产品迭代优化。要求熟悉数据分析、Axure、用户研究等相关技术，具备良好的沟通能力和团队协作精神。,上海,少于50人,大专,14839,25132
2023-10-16,架构师,参与需求分析，提供技术解决方案，推动项目落地。要求熟悉性能优化、系统架构、微服务等相关技术，具备良好的沟通能力和团队协作精神。,西安,150-500人,硕士,12754,21158
2023-10-16,销售代表,分析市场趋势和竞争对手，制定市场策略。要求熟悉业绩目标、商务谈判、销售等相关技术，具备良好的沟通能力和团队协作精神。,广州,少于50人,硕士,12907,22490
2023-10-16,UI设计师,参与系统架构设计，优化系统性能，提升用户体验。要求熟悉Sketch、Figma、用户体验等相关技术，具备良好的沟通能力和团队协作精神。,武汉,500-1000人,博士,23680,35291
2023-10-17,技术支持工程师,参与需求分析，提供技术解决方案，推动项目落地。要求熟悉技术支持、问题排查、客户沟通等相关技术，具备良好的沟通能力和团队协作精神。,成都,1000人以上,博士,18449,33775
2023-10-17,机器学习工程师,负责公司核心产品的开发与维护，参与技术方案设计。要求熟悉模型调优、Python、机器学习等相关技术，具备良好的沟通能力和团队协作精神。,杭州,500-1000人,博士,28293,46245
2023-10-17,人力资源专员,负责公司核心产品的开发与维护，参与技术方案设计。要求熟悉培训、员工关系、绩效考核等相关技术，具备良好的沟通能力和团队协作精神。,苏州,少于50人,硕士,5912,10921
2023-10-18,运维工程师,参与系统架构设计，优化系统性能，提升用户体验。要求熟悉运维、Linux、Docker等相关技术，具备良好的沟通能力和团队协作精神。,武汉,150-500人,本科,7566,14267
2023-10-18,测试工程师,负责公司核心产品的开发与维护，参与技术方案设计。要求熟悉测试、缺陷管理、性能测试等相关技术，具备良好的沟通能力和团队协作精神。,重庆,150-500人,硕士,9633,17832
2023-10-18,数据科学家,负责数据分析和挖掘，为业务决策提供数据支持。要求熟悉深度学习、机器学习、TensorFlow等相关技术，具备良好的沟通能力和团队协作精神。,北京,1000人以上,博士,62947,104456
2023-10-19,数据分析师,负责数据分析和挖掘，为业务决策提供数据支持。要求熟悉SQL、Excel、Python等相关技术，具备良好的沟通能力和团队协作精神。,苏州,150-500人,博士,9187,14409
2023-10-20,项目经理,参与需求分析，提供技术解决方案，推动项目落地。要求熟悉团队协调、进度控制、风险控制等相关技术，具备良好的沟通能力和团队协作精神。,武汉,500-1000人,大专,10285,19130
2023-10-20,前端开发工程师,负责公司核心产品的开发与维护，参与技术方案设计。要求熟悉CSS、TypeScript、Vue等相关技术，具备良好的沟通能力和团队协作精神。,苏州,1000人以上,本科,9186,17890
2023-10-20,产品经理,分析用户需求和市场动态，制定产品发展策略。要求熟悉用户研究、需求分析、Axure等相关技术，具备良好的沟通能力和团队协作精神。,北京,1000人以上,大专,21054,35813
2023-10-21,架构师,参与需求分析，提供技术解决方案，推动项目落地。要求熟悉系统架构、微服务、技术选型等相关技术，具备良好的沟通能力和团队协作精神。,武汉,150-500人,大专,6489,11850
2023-10-21,Java后端开发,负责后端服务开发，确保代码质量和系统稳定性。要求熟悉Dubbo、Redis、Java等相关技术，具备良好的沟通能力和团队协作精神。,苏州,150-500人,大专,8320,14122
2023-10-21,人力资源专员,参与需求分析，提供技术解决方案，推动项目落地。要求熟悉培训、员工关系、招聘等相关技术，具备良好的沟通能力和团队协作精神。,苏州,少于50人,本科,2000,3512
2023-10-21,技术支持工程师,参与需求分析，提供技术解决方案，推动项目落地。要求熟悉技术支持、问题排查、文档编写等相关技术，具备良好的沟通能力和团队协作精神。,苏州,1000人以上,博士,19770,35438
2023-10-22,运维工程师,负责后端服务开发，确保代码质量和系统稳定性。要求熟悉Docker、K8s、监控等相关技术，具备良好的沟通能力和团队协作精神。,重庆,500-1000人,本科,8244,15182
2023-10-23,数据科学家,构建机器学习模型，解决实际业务问题。要求熟悉PyTorch、Python、机器学习等相关技术，具备良好的沟通能力和团队协作精神。,天津,50-150人,大专,13056,22942
2023-10-23,财务分析师,参与系统架构设计，优化系统性能，提升用户体验。要求熟悉Excel、财务分析、财务报表等相关技术，具备良好的沟通能力和团队协作精神。,南京,少于50人,大专,8313,13406
2023-10-23,销售代表,策划营销活动，提升产品知名度和市场份额。要求熟悉商务谈判、客户关系、业绩目标等相关技术，具备良好的沟通能力和团队协作精神。,成都,500-1000人,博士,19524,33573
2023-10-23,Python开发工程师,负责后端服务开发，确保代码质量和系统稳定性。要求熟悉FastAPI、MySQL、Redis等相关技术，具备良好的沟通能力和团队协作精神。,天津,500-1000人,大专,8745,14850
2023-10-23,财务分析师,参与系统架构设计，优化系统性能，提升用户体验。要求熟悉财务分析、财务报表、预算编制等相关技术，具备良好的沟通能力和团队协作精神。,上海,500-1000人,博士,36056,56037
2023-10-23,产品经理,负责产品规划和设计，推动产品迭代优化。要求熟悉数据分析、用户研究、Axure等相关技术，具备良好的沟通能力和团队协作精神。,杭州,1000人以上,硕士,29204,50420
2023-10-23,销售代表,分析市场趋势和竞争对手，制定市场策略。要求熟悉商务谈判、销售、业绩目标等相关技术，具备良好的沟通能力和团队协作精神。,苏州,50-150人,本科,8734,15625
2023-10-23,Python开发工程师,负责公司核心产品的开发与维护，参与技术方案设计。要求熟悉Redis、Python、MySQL等相关技术，具备良好的沟通能力和团队协作精神。,北京,少于50人,大专,9786,16756
2023-10-24,技术支持工程师,参与需求分析，提供技术解决方案，推动项目落地。要求熟悉文档编写、问题排查、技术支持等相关技术，具备良好的沟通能力和团队协作精神。,重庆,少于50人,硕士,10528,17497
2023-10-25,前端开发工程师,参与系统架构设计，优化系统性能，提升用户体验。要求熟悉TypeScript、JavaScript、CSS等相关技术，具备良好的沟通能力和团队协作精神。,成都,150-500人,硕士,13746,22970
2023-10-25,技术支持工程师,负责后端服务开发，确保代码质量和系统稳定性。要求熟悉客户沟通、问题排查、文档编写等相关技术，具备良好的沟通能力和团队协作精神。,西安,150-500人,硕士,11693,20098
2023-10-25,机器学习工程师,参与系统架构设计，优化系统性能，提升用户体验。要求熟悉机器学习、模型调优、Python等相关技术，具备良好的沟通能力和团队协作精神。,上海,1000人以上,本科,16689,28799
2023-10-26,销售代表,负责市场推广和品牌建设，拓展市场渠道。要求熟悉商务谈判、业绩目标、销售等相关技术，具备良好的沟通能力和团队协作精神。,武汉,50-150人,博士,14650,26109
2023-10-26,数据科学家,负责数据分析和挖掘，为业务决策提供数据支持。要求熟悉深度学习、机器学习、PyTorch等相关技术，具备良好的沟通能力和团队协作精神。,上海,少于50人,本科,27646,43729
2023-10-26,算法工程师,负责后端服务开发，确保代码质量和系统稳定性。要求熟悉算法、数据结构、深度学习等相关技术，具备良好的沟通能力和团队协作精神。,深圳,少于50人,硕士,16670,27560
2023-10-26,销售代表,负责市场推广和品牌建设，拓展市场渠道。要求熟悉客户关系、销售、商务谈判等相关技术，具备良好的沟通能力和团队协作精神。,天津,1000人以上,博士,26404,41390
2023-10-27,运营专员,分析运营数据，优化运营策略和流程。要求熟悉活动策划、数据分析、运营等相关技术，具备良好的沟通能力和团队协作精神。,上海,1000人以上,博士,21463,35086
2023-10-27,运维工程师,负责后端服务开发，确保代码质量和系统稳定性。要求熟悉运维、Docker、K8s等相关技术，具备良好的沟通能力和团队协作精神。,北京,50-150人,博士,24349,41875
2023-10-27,架构师,负责公司核心产品的开发与维护，参与技术方案设计。要求熟悉微服务、系统架构、性能优化等相关技术，具备良好的沟通能力和团队协作精神。,成都,500-1000人,硕士,15073,25220
2023-10-27,机器学习工程师,负责后端服务开发，确保代码质量和系统稳定性。要求熟悉机器学习、模型调优、特征工程等相关技术，具备良好的沟通能力和团队协作精神。,武汉,500-1000人,博士,18706,31975
2023-10-29,数据科学家,构建机器学习模型，解决实际业务问题。要求熟悉PyTorch、机器学习、Python等相关技术，具备良好的沟通能力和团队协作精神。,武汉,500-1000人,博士,41447,66326
2023-10-29,架构师,参与系统架构设计，优化系统性能，提升用户体验。要求熟悉微服务、系统架构、性能优化等相关技术，具备良好的沟通能力和团队协作精神。,重庆,150-500人,博士,13584,24937
2023-10-30,销售代表,分析市场趋势和竞争对手，制定市场策略。要求熟悉销售、客户关系、业绩目标等相关技术，具备良好的沟通能力和团队协作精神。,苏州,1000人以上,本科,10334,19038
2023-10-30,全栈开发工程师,参与系统架构设计，优化系统性能，提升用户体验。要求熟悉Node.js、React、MySQL等相关技术，具备良好的沟通能力和团队协作精神。,深圳,150-500人,博士,26678,44417
2023-10-30,产品经理,协调研发、设计、运营团队，确保产品按时交付。要求熟悉数据分析、用户研究、Axure等相关技术，具备良好的沟通能力和团队协作精神。,成都,少于50人,大专,11231,18469
2023-10-30,Java后端开发,参与需求分析，提供技术解决方案，推动项目落地。要求熟悉Redis、Spring、Dubbo等相关技术，具备良好的沟通能力和团队协作精神。,武汉,1000人以上,本科,8793,16835
2023-10-30,销售代表,策划营销活动，提升产品知名度和市场份额。要求熟悉业绩目标、商务谈判、客户关系等相关技术，具备良好的沟通能力和团队协作精神。,成都,50-150人,博士,20582,32716
2023-10-31,运维工程师,参与系统架构设计，优化系统性能，提升用户体验。要求熟悉Docker、监控、K8s等相关技术，具备良好的沟通能力和团队协作精神。,深圳,1000人以上,博士,26560,47847
2023-10-31,市场经理,分析市场趋势和竞争对手，制定市场策略。要求熟悉渠道拓展、活动策划、品牌建设等相关技术，具备良好的沟通能力和团队协作精神。,重庆,少于50人,硕士,13770,24224
2023-10-31,销售代表,分析市场趋势和竞争对手，制定市场策略。要求熟悉业绩目标、销售、商务谈判等相关技术，具备良好的沟通能力和团队协作精神。,西安,1000人以上,本科,9714,17472
2023-11-01,数据科学家,设计和维护数据报表，监控业务指标变化。要求熟悉深度学习、TensorFlow、Python等相关技术，具备良好的沟通能力和团队协作精神。,西安,500-1000人,博士,36953,61415
2023-11-01,销售代表,负责市场推广和品牌建设，拓展市场渠道。要求熟悉商务谈判、客户关系、销售等相关技术，具备良好的沟通能力和团队协作精神。,南京,500-1000人,本科,13202,21599
2023-11-01,机器学习工程师,负责后端服务开发，确保代码质量和系统稳定性。要求熟悉特征工程、机器学习、Python等相关技术，具备良好的沟通能力和团队协作精神。,武汉,150-500人,大专,6329,11794
2023-11-01,机器学习工程师,负责后端服务开发，确保代码质量和系统稳定性。要求熟悉Python、特征工程、模型调优等相关技术，具备良好的沟通能力和团队协作精神。,武汉,少于50人,大专,7115,11760
2023-11-02,Python开发工程师,参与系统架构设计，优化系统性能，提升用户体验。要求熟悉Flask、FastAPI、Redis等相关技术，具备良好的沟通能力和团队协作精神。,西安,1000人以上,本科,9422,17329
2023-11-02,Java后端开发,负责公司核心产品的开发与维护，参与技术方案设计。要求熟悉Redis、Dubbo、MySQL等相关技术，具备良好的沟通能力和团队协作精神。,武汉,少于50人,大专,5915,10560
2023-11-03,财务分析师,参与系统架构设计，优化系统性能，提升用户体验。要求熟悉财务分析、预算编制、财务报表等相关技术，具备良好的沟通能力和团队协作精神。,深圳,50-150人,硕士,20322,32727
2023-11-03,Java后端开发,参与需求分析，提供技术解决方案，推动项目落地。要求熟悉Spring、Redis、Dubbo等相关技术，具备良好的沟通能力和团队协作精神。,深圳,150-500人,博士,22879,40959
2023-11-04,算法工程师,参与系统架构设计，优化系统性能，提升用户体验。要求熟悉Python、机器学习、数据结构等相关技术，具备良好的沟通能力和团队协作精神。,上海,150-500人,大专,10194,18422
2023-11-05,项目经理,负责公司核心产品的开发与维护，参与技术方案设计。要求熟悉项目管理、团队协调、进度控制等相关技术，具备良好的沟通能力和团队协作精神。,天津,150-500人,本科,11647,22254
2023-11-05,运营专员,负责日常运营工作，提升用户活跃度和留存率。要求熟悉数据分析、运营、活动策划等相关技术，具备良好的沟通能力和团队协作精神。,苏州,少于50人,本科,6280,10207
2023-11-05,数据分析师,负责数据分析和挖掘，为业务决策提供数据支持。要求熟悉统计学、Tableau、Python等相关技术，具备良好的沟通能力和团队协作精神。,武汉,50-150人,大专,26208,41781
2023-11-05,UI设计师,负责后端服务开发，确保代码质量和系统稳定性。要求熟悉交互设计、Sketch、Figma等相关技术，具备良好的沟通能力和团队协作精神。,上海,500-1000人,大专,14258,22178
2023-11-05,销售代表,负责市场推广和品牌建设，拓展市场渠道。要求熟悉销售、客户关系、业绩目标等相关技术，具备良好的沟通能力和团队协作精神。,成都,50-150人,硕士,11069,20001
2023-11-05,运维工程师,负责后端服务开发，确保代码质量和系统稳定性。要求熟悉Linux、Docker、运维等相关技术，具备良好的沟通能力和团队协作精神。,南京,500-1000人,硕士,17141,28058
2023-11-06,Python开发工程师,负责公司核心产品的开发与维护，参与技术方案设计。要求熟悉Django、Redis、MySQL等相关技术，具备良好的沟通能力和团队协作精神。,天津,50-150人,博士,16540,28632
2023-11-06,架构师,参与系统架构设计，优化系统性能，提升用户体验。要求熟悉系统架构、性能优化、技术选型等相关技术，具备良好的沟通能力和团队协作精神。,上海,150-500人,博士,28488,47002
2023-11-08,机器学习工程师,负责公司核心产品的开发与维护，参与技术方案设计。要求熟悉机器学习、特征工程、模型调优等相关技术，具备良好的沟通能力和团队协作精神。,杭州,50-150人,硕士,16696,28108
2023-11-08,Java后端开发,参与系统架构设计，优化系统性能，提升用户体验。要求熟悉Java、Dubbo、MySQL等相关技术，具备良好的沟通能力和团队协作精神。,重庆,1000人以上,本科,11608,19323
2023-11-09,市场经理,策划营销活动，提升产品知名度和市场份额。要求熟悉品牌建设、渠道拓展、市场营销等相关技术，具备良好的沟通能力和团队协作精神。,广州,500-1000人,硕士,28002,46962
2023-11-09,前端开发工程师,参与系统架构设计，优化系统性能，提升用户体验。要求熟悉CSS、JavaScript、TypeScript等相关技术，具备良好的沟通能力和团队协作精神。,北京,150-500人,本科,12331,22777
2023-11-10,全栈开发工程师,参与系统架构设计，优化系统性能，提升用户体验。要求熟悉MySQL、MongoDB、Node.js等相关技术，具备良好的沟通能力和团队协作精神。,广州,150-500人,大专,11414,18485
2023-11-10,架构师,参与系统架构设计，优化系统性能，提升用户体验。要求熟悉性能优化、系统架构、技术选型等相关技术，具备良好的沟通能力和团队协作精神。,广州,50-150人,博士,19955,35070
2023-11-10,人力资源专员,参与需求分析，提供技术解决方案，推动项目落地。要求熟悉绩效考核、招聘、员工关系等相关技术，具备良好的沟通能力和团队协作精神。,南京,50-150人,硕士,8161,14053
2023-11-11,全栈开发工程师,负责公司核心产品的开发与维护，参与技术方案设计。要求熟悉React、JavaScript、MongoDB等相关技术，具备良好的沟通能力和团队协作精神。,广州,1000人以上,博士,22247,41339
2023-11-11,市场经理,负责市场推广和品牌建设，拓展市场渠道。要求熟悉市场营销、渠道拓展、活动策划等相关技术，具备良好的沟通能力和团队协作精神。,武汉,50-150人,本科,15200,24933
2023-11-12,运营专员,分析运营数据，优化运营策略和流程。要求熟悉运营、用户增长、活动策划等相关技术，具备良好的沟通能力和团队协作精神。,南京,少于50人,本科,5767,9822
2023-11-12,技术支持工程师,参与系统架构设计，优化系统性能，提升用户体验。要求熟悉客户沟通、技术支持、问题排查等相关技术，具备良好的沟通能力和团队协作精神。,广州,500-1000人,大专,10832,18610
2023-11-13,财务分析师,负责后端服务开发，确保代码质量和系统稳定性。要求熟悉预算编制、财务分析、财务报表等相关技术，具备良好的沟通能力和团队协作精神。,苏州,500-1000人,本科,14675,22807
2023-11-14,Java后端开发,参与系统架构设计，优化系统性能，提升用户体验。要求熟悉MySQL、SpringBoot、Spring等相关技术，具备良好的沟通能力和团队协作精神。,西安,1000人以上,本科,8965,16872
2023-11-15,全栈开发工程师,负责公司核心产品的开发与维护，参与技术方案设计。要求熟悉Node.js、JavaScript、React等相关技术，具备良好的沟通能力和团队协作精神。,南京,少于50人,博士,16589,28269
2023-11-15,产品经理,负责产品规划和设计，推动产品迭代优化。要求熟悉需求分析、产品设计、用户研究等相关技术，具备良好的沟通能力和团队协作精神。,广州,少于50人,博士,32609,52895
2023-11-15,数据科学家,构建机器学习模型，解决实际业务问题。要求熟悉深度学习、Python、PyTorch等相关技术，具备良好的沟通能力和团队协作精神。,上海,50-150人,大专,24550,39207
2023-11-17,财务分析师,参与需求分析，提供技术解决方案，推动项目落地。要求熟悉Excel、财务报表、财务分析等相关技术，具备良好的沟通能力和团队协作精神。,上海,少于50人,大专,11806,18801
2023-11-17,Java后端开发,负责公司核心产品的开发与维护，参与技术方案设计。要求熟悉Redis、Spring、Dubbo等相关技术，具备良好的沟通能力和团队协作精神。,成都,150-500人,本科,9675,16907
2023-11-17,数据科学家,构建机器学习模型，解决实际业务问题。要求熟悉Python、TensorFlow、深度学习等相关技术，具备良好的沟通能力和团队协作精神。,北京,50-150人,硕士,38374,62564
2023-11-17,全栈开发工程师,参与系统架构设计，优化系统性能，提升用户体验。要求熟悉React、MySQL、Node.js等相关技术，具备良好的沟通能力和团队协作精神。,成都,少于50人,大专,6047,10965
2023-11-18,市场经理,分析市场趋势和竞争对手，制定市场策略。要求熟悉渠道拓展、品牌建设、活动策划等相关技术，具备良好的沟通能力和团队协作精神。,南京,少于50人,大专,10728,18514
2023-11-18,财务分析师,参与系统架构设计，优化系统性能，提升用户体验。要求熟悉财务分析、预算编制、Excel等相关技术，具备良好的沟通能力和团队协作精神。,上海,500-1000人,硕士,23564,38273
2023-11-18,人力资源专员,参与需求分析，提供技术解决方案，推动项目落地。要求熟悉员工关系、招聘、绩效考核等相关技术，具备良好的沟通能力和团队协作精神。,天津,1000人以上,本科,7468,12772
2023-11-18,全栈开发工程师,负责公司核心产品的开发与维护，参与技术方案设计。要求熟悉Node.js、React、MongoDB等相关技术，具备良好的沟通能力和团队协作精神。,成都,少于50人,本科,7141,13288
2023-11-19,人力资源专员,负责后端服务开发，确保代码质量和系统稳定性。要求熟悉培训、招聘、绩效考核等相关技术，具备良好的沟通能力和团队协作精神。,成都,少于50人,本科,5195,9037
2023-11-19,全栈开发工程师,负责公司核心产品的开发与维护，参与技术方案设计。要求熟悉React、JavaScript、MongoDB等相关技术，具备良好的沟通能力和团队协作精神。,广州,150-500人,本科,12760,21600
2023-11-21,算法工程师,参与需求分析，提供技术解决方案，推动项目落地。要求熟悉数据结构、深度学习、机器学习等相关技术，具备良好的沟通能力和团队协作精神。,成都,150-500人,博士,16031,29049
2023-11-21,架构师,参与需求分析，提供技术解决方案，推动项目落地。要求熟悉性能优化、系统架构、技术选型等相关技术，具备良好的沟通能力和团队协作精神。,苏州,150-500人,博士,18210,31517
2023-11-23,财务分析师,负责后端服务开发，确保代码质量和系统稳定性。要求熟悉财务报表、财务分析、预算编制等相关技术，具备良好的沟通能力和团队协作精神。,天津,1000人以上,大专,12234,19023
2023-11-23,Java后端开发,负责后端服务开发，确保代码质量和系统稳定性。要求熟悉Java、Dubbo、Spring等相关技术，具备良好的沟通能力和团队协作精神。,深圳,150-500人,硕士,15213,28271
2023-11-23,财务分析师,参与需求分析，提供技术解决方案，推动项目落地。要求熟悉财务报表、预算编制、Excel等相关技术，具备良好的沟通能力和团队协作精神。,武汉,500-1000人,博士,22208,35732
2023-11-24,市场经理,分析市场趋势和竞争对手，制定市场策略。要求熟悉市场营销、渠道拓展、活动策划等相关技术，具备良好的沟通能力和团队协作精神。,深圳,500-1000人,本科,24337,40910
2023-11-24,UI设计师,负责后端服务开发，确保代码质量和系统稳定性。要求熟悉UI设计、Figma、Sketch等相关技术，具备良好的沟通能力和团队协作精神。,北京,少于50人,硕士,15674,25775
2023-11-24,技术支持工程师,参与需求分析，提供技术解决方案，推动项目落地。要求熟悉技术支持、客户沟通、文档编写等相关技术，具备良好的沟通能力和团队协作精神。,成都,500-1000人,博士,22519,36838
2023-11-25,数据分析师,负责数据分析和挖掘，为业务决策提供数据支持。要求熟悉Python、统计学、Tableau等相关技术，具备良好的沟通能力和团队协作精神。,武汉,500-1000人,大专,11019,17030
2023-11-25,产品经理,负责产品规划和设计，推动产品迭代优化。要求熟悉产品设计、Axure、用户研究等相关技术，具备良好的沟通能力和团队协作精神。,深圳,150-500人,本科,19901,34967
2023-11-28,Python开发工程师,负责公司核心产品的开发与维护，参与技术方案设计。要求熟悉Flask、Django、MySQL等相关技术，具备良好的沟通能力和团队协作精神。,武汉,50-150人,博士,17944,29624
2023-11-29,算法工程师,负责后端服务开发，确保代码质量和系统稳定性。要求熟悉机器学习、Python、深度学习等相关技术，具备良好的沟通能力和团队协作精神。,广州,150-500人,本科,10756,19596
2023-12-01,UI设计师,负责公司核心产品的开发与维护，参与技术方案设计。要求熟悉Sketch、Figma、交互设计等相关技术，具备良好的沟通能力和团队协作精神。,西安,1000人以上,本科,9881,16930
2023-12-01,运营专员,分析运营数据，优化运营策略和流程。要求熟悉用户增长、数据分析、活动策划等相关技术，具备良好的沟通能力和团队协作精神。,成都,1000人以上,博士,14995,24942
2023-12-01,市场经理,策划营销活动，提升产品知名度和市场份额。要求熟悉品牌建设、渠道拓展、活动策划等相关技术，具备良好的沟通能力和团队协作精神。,重庆,150-500人,博士,24655,42340
2023-12-02,Python开发工程师,负责公司核心产品的开发与维护，参与技术方案设计。要求熟悉MySQL、Django、FastAPI等相关技术，具备良好的沟通能力和团队协作精神。,武汉,50-150人,硕士,14336,22931
2023-12-03,人力资源专员,负责公司核心产品的开发与维护，参与技术方案设计。要求熟悉培训、招聘、绩效考核等相关技术，具备良好的沟通能力和团队协作精神。,南京,150-500人,博士,11298,20049
2023-12-03,数据科学家,设计和维护数据报表，监控业务指标变化。要求熟悉TensorFlow、Python、PyTorch等相关技术，具备良好的沟通能力和团队协作精神。,成都,50-150人,大专,16514,27014
2023-12-03,Python开发工程师,参与系统架构设计，优化系统性能，提升用户体验。要求熟悉Flask、MySQL、Python等相关技术，具备良好的沟通能力和团队协作精神。,武汉,50-150人,本科,7635,14246
2023-12-04,技术支持工程师,参与需求分析，提供技术解决方案，推动项目落地。要求熟悉问题排查、文档编写、客户沟通等相关技术，具备良好的沟通能力和团队协作精神。,苏州,150-500人,博士,15375,28933
2023-12-04,数据科学家,设计和维护数据报表，监控业务指标变化。要求熟悉TensorFlow、PyTorch、Python等相关技术，具备良好的沟通能力和团队协作精神。,南京,1000人以上,博士,52682,84183
2023-12-04,运营专员,策划运营活动，提升品牌影响力和用户增长。要求熟悉运营、数据分析、用户增长等相关技术，具备良好的沟通能力和团队协作精神。,杭州,500-1000人,博士,14301,25953
2023-12-04,UI设计师,负责公司核心产品的开发与维护，参与技术方案设计。要求熟悉Figma、UI设计、用户体验等相关技术，具备良好的沟通能力和团队协作精神。,深圳,50-150人,硕士,18963,30022
2023-12-06,产品经理,分析用户需求和市场动态，制定产品发展策略。要求熟悉产品设计、数据分析、Axure等相关技术，具备良好的沟通能力和团队协作精神。,苏州,少于50人,本科,15045,24649
2023-12-07,财务分析师,负责后端服务开发，确保代码质量和系统稳定性。要求熟悉财务分析、预算编制、财务报表等相关技术，具备良好的沟通能力和团队协作精神。,上海,50-150人,本科,17191,27147
2023-12-07,UI设计师,负责公司核心产品的开发与维护，参与技术方案设计。要求熟悉用户体验、UI设计、交互设计等相关技术，具备良好的沟通能力和团队协作精神。,西安,少于50人,本科,8660,13653
2023-12-08,前端开发工程师,负责公司核心产品的开发与维护，参与技术方案设计。要求熟悉CSS、React、Vue等相关技术，具备良好的沟通能力和团队协作精神。,重庆,500-1000人,硕士,12960,22326
2023-12-10,市场经理,策划营销活动，提升产品知名度和市场份额。要求熟悉市场营销、渠道拓展、活动策划等相关技术，具备良好的沟通能力和团队协作精神。,重庆,少于50人,本科,9225,17576
2023-12-10,UI设计师,参与需求分析，提供技术解决方案，推动项目落地。要求熟悉Figma、交互设计、用户体验等相关技术，具备良好的沟通能力和团队协作精神。,重庆,1000人以上,博士,17689,30068
2023-12-12,算法工程师,负责后端服务开发，确保代码质量和系统稳定性。要求熟悉数据结构、Python、算法等相关技术，具备良好的沟通能力和团队协作精神。,深圳,少于50人,硕士,16085,27394
2023-12-13,项目经理,负责后端服务开发，确保代码质量和系统稳定性。要求熟悉项目管理、团队协调、风险控制等相关技术，具备良好的沟通能力和团队协作精神。,天津,50-150人,大专,8065,16279
2023-12-13,机器学习工程师,负责公司核心产品的开发与维护，参与技术方案设计。要求熟悉特征工程、模型调优、机器学习等相关技术，具备良好的沟通能力和团队协作精神。,南京,少于50人,大专,7148,12437
2023-12-13,数据分析师,构建机器学习模型，解决实际业务问题。要求熟悉统计学、SQL、Python等相关技术，具备良好的沟通能力和团队协作精神。,北京,1000人以上,博士,42300,65289
2023-12-14,UI设计师,参与系统架构设计，优化系统性能，提升用户体验。要求熟悉交互设计、Figma、Sketch等相关技术，具备良好的沟通能力和团队协作精神。,南京,150-500人,博士,22972,35222
2023-12-15,技术支持工程师,负责公司核心产品的开发与维护，参与技术方案设计。要求熟悉问题排查、技术支持、客户沟通等相关技术，具备良好的沟通能力和团队协作精神。,北京,150-500人,硕士,22205,36042
2023-12-15,市场经理,负责市场推广和品牌建设，拓展市场渠道。要求熟悉活动策划、品牌建设、渠道拓展等相关技术，具备良好的沟通能力和团队协作精神。,重庆,1000人以上,大专,14516,23948
2023-12-15,市场经理,分析市场趋势和竞争对手，制定市场策略。要求熟悉活动策划、品牌建设、市场营销等相关技术，具备良好的沟通能力和团队协作精神。,重庆,500-1000人,本科,14439,25247
2023-12-17,Java后端开发,参与需求分析，提供技术解决方案，推动项目落地。要求熟悉Redis、Dubbo、MySQL等相关技术，具备良好的沟通能力和团队协作精神。,杭州,1000人以上,博士,20147,40484
2023-12-17,算法工程师,参与系统架构设计，优化系统性能，提升用户体验。要求熟悉机器学习、深度学习、算法等相关技术，具备良好的沟通能力和团队协作精神。,深圳,1000人以上,大专,11980,21805
2023-12-17,前端开发工程师,参与需求分析，提供技术解决方案，推动项目落地。要求熟悉Vue、React、CSS等相关技术，具备良好的沟通能力和团队协作精神。,北京,50-150人,本科,14559,24670
2023-12-18,销售代表,策划营销活动，提升产品知名度和市场份额。要求熟悉客户关系、业绩目标、销售等相关技术，具备良好的沟通能力和团队协作精神。,西安,50-150人,硕士,11769,20060
2023-12-19,运营专员,策划运营活动，提升品牌影响力和用户增长。要求熟悉活动策划、数据分析、运营等相关技术，具备良好的沟通能力和团队协作精神。,苏州,少于50人,博士,10154,17356
2023-12-19,市场经理,负责市场推广和品牌建设，拓展市场渠道。要求熟悉品牌建设、渠道拓展、市场营销等相关技术，具备良好的沟通能力和团队协作精神。,西安,少于50人,硕士,14300,25427
2023-12-20,财务分析师,负责公司核心产品的开发与维护，参与技术方案设计。要求熟悉Excel、预算编制、财务报表等相关技术，具备良好的沟通能力和团队协作精神。,重庆,少于50人,硕士,13456,20694
2023-12-20,机器学习工程师,负责公司核心产品的开发与维护，参与技术方案设计。要求熟悉机器学习、模型调优、Python等相关技术，具备良好的沟通能力和团队协作精神。,广州,500-1000人,博士,21804,39636
2023-12-21,产品经理,协调研发、设计、运营团队，确保产品按时交付。要求熟悉产品设计、用户研究、数据分析等相关技术，具备良好的沟通能力和团队协作精神。,成都,150-500人,硕士,23370,37738
2023-12-21,Python开发工程师,负责公司核心产品的开发与维护，参与技术方案设计。要求熟悉MySQL、Python、FastAPI等相关技术，具备良好的沟通能力和团队协作精神。,上海,少于50人,博士,20174,36208
2023-12-22,Python开发工程师,负责公司核心产品的开发与维护，参与技术方案设计。要求熟悉FastAPI、MySQL、Redis等相关技术，具备良好的沟通能力和团队协作精神。,西安,50-150人,硕士,10028,18319
2023-12-22,市场经理,负责市场推广和品牌建设，拓展市场渠道。要求熟悉渠道拓展、活动策划、市场营销等相关技术，具备良好的沟通能力和团队协作精神。,天津,500-1000人,大专,13553,23064
2023-12-23,销售代表,分析市场趋势和竞争对手，制定市场策略。要求熟悉商务谈判、业绩目标、客户关系等相关技术，具备良好的沟通能力和团队协作精神。,北京,少于50人,本科,12551,21598
2023-12-23,数据科学家,构建机器学习模型，解决实际业务问题。要求熟悉机器学习、深度学习、TensorFlow等相关技术，具备良好的沟通能力和团队协作精神。,苏州,500-1000人,本科,27478,43013
2023-12-24,人力资源专员,负责后端服务开发，确保代码质量和系统稳定性。要求熟悉员工关系、招聘、培训等相关技术，具备良好的沟通能力和团队协作精神。,成都,1000人以上,大专,5354,9776
2023-12-24,运维工程师,负责后端服务开发，确保代码质量和系统稳定性。要求熟悉K8s、运维、Docker等相关技术，具备良好的沟通能力和团队协作精神。,苏州,50-150人,本科,9359,16515
2023-12-25,数据科学家,构建机器学习模型，解决实际业务问题。要求熟悉深度学习、Python、TensorFlow等相关技术，具备良好的沟通能力和团队协作精神。,杭州,50-150人,博士,51993,82181
2023-12-25,技术支持工程师,参与需求分析，提供技术解决方案，推动项目落地。要求熟悉问题排查、技术支持、文档编写等相关技术，具备良好的沟通能力和团队协作精神。,天津,500-1000人,本科,10857,18783
2023-12-25,运维工程师,参与系统架构设计，优化系统性能，提升用户体验。要求熟悉Linux、监控、K8s等相关技术，具备良好的沟通能力和团队协作精神。,重庆,150-500人,博士,17037,28827
2023-12-25,测试工程师,参与需求分析，提供技术解决方案，推动项目落地。要求熟悉自动化测试、缺陷管理、测试等相关技术，具备良好的沟通能力和团队协作精神。,苏州,500-1000人,博士,19725,34639
2023-12-26,销售代表,分析市场趋势和竞争对手，制定市场策略。要求熟悉业绩目标、销售、客户关系等相关技术，具备良好的沟通能力和团队协作精神。,天津,50-150人,博士,19922,32242
2023-12-26,产品经理,负责产品规划和设计，推动产品迭代优化。要求熟悉Axure、数据分析、用户研究等相关技术，具备良好的沟通能力和团队协作精神。,西安,150-500人,硕士,16423,29514
2023-12-26,Python开发工程师,负责公司核心产品的开发与维护，参与技术方案设计。要求熟悉Flask、Python、MySQL等相关技术，具备良好的沟通能力和团队协作精神。,苏州,150-500人,本科,8977,16509
2023-12-26,Java后端开发,负责后端服务开发，确保代码质量和系统稳定性。要求熟悉Spring、Dubbo、Java等相关技术，具备良好的沟通能力和团队协作精神。,杭州,150-500人,大专,10226,17758
2023-12-27,人力资源专员,参与系统架构设计，优化系统性能，提升用户体验。要求熟悉培训、绩效考核、员工关系等相关技术，具备良好的沟通能力和团队协作精神。,苏州,50-150人,本科,7111,11583
2023-12-27,产品经理,协调研发、设计、运营团队，确保产品按时交付。要求熟悉产品设计、数据分析、Axure等相关技术，具备良好的沟通能力和团队协作精神。,成都,500-1000人,本科,20763,32921
2023-12-27,产品经理,负责产品规划和设计，推动产品迭代优化。要求熟悉Axure、需求分析、用户研究等相关技术，具备良好的沟通能力和团队协作精神。,上海,少于50人,大专,18749,29438
2023-12-27,UI设计师,参与需求分析，提供技术解决方案，推动项目落地。要求熟悉Figma、UI设计、Sketch等相关技术，具备良好的沟通能力和团队协作精神。,南京,少于50人,硕士,14175,21695
2023-12-27,技术支持工程师,负责后端服务开发，确保代码质量和系统稳定性。要求熟悉客户沟通、问题排查、技术支持等相关技术，具备良好的沟通能力和团队协作精神。,苏州,50-150人,大专,9188,14912
2023-12-28,数据分析师,设计和维护数据报表，监控业务指标变化。要求熟悉Tableau、Excel、Python等相关技术，具备良好的沟通能力和团队协作精神。,杭州,50-150人,硕士,19549,31177
2023-12-29,机器学习工程师,参与需求分析，提供技术解决方案，推动项目落地。要求熟悉特征工程、Python、模型调优等相关技术，具备良好的沟通能力和团队协作精神。,广州,150-500人,本科,11390,20396
2023-12-29,全栈开发工程师,参与系统架构设计，优化系统性能，提升用户体验。要求熟悉MySQL、Node.js、React等相关技术，具备良好的沟通能力和团队协作精神。,苏州,50-150人,大专,7270,12994
2023-12-29,Java后端开发,参与系统架构设计，优化系统性能，提升用户体验。要求熟悉Redis、Spring、Java等相关技术，具备良好的沟通能力和团队协作精神。,成都,50-150人,硕士,11439,20539
2023-12-30,技术支持工程师,参与系统架构设计，优化系统性能，提升用户体验。要求熟悉技术支持、客户沟通、文档编写等相关技术，具备良好的沟通能力和团队协作精神。,北京,50-150人,硕士,22391,35536
2023-12-31,市场经理,分析市场趋势和竞争对手，制定市场策略。要求熟悉活动策划、品牌建设、市场营销等相关技术，具备良好的沟通能力和团队协作精神。,成都,50-150人,硕士,19551,33201
2023-12-31,运维工程师,参与需求分析，提供技术解决方案，推动项目落地。要求熟悉监控、Docker、运维等相关技术，具备良好的沟通能力和团队协作精神。,南京,500-1000人,大专,9558,16402
2024-01-01,全栈开发工程师,参与需求分析，提供技术解决方案，推动项目落地。要求熟悉Node.js、MongoDB、JavaScript等相关技术，具备良好的沟通能力和团队协作精神。,深圳,少于50人,硕士,13465,24502
2024-01-03,人力资源专员,负责公司核心产品的开发与维护，参与技术方案设计。要求熟悉招聘、绩效考核、员工关系等相关技术，具备良好的沟通能力和团队协作精神。,重庆,少于50人,大专,5000,7000
2024-01-04,算法工程师,参与需求分析，提供技术解决方案，推动项目落地。要求熟悉数据结构、机器学习、算法等相关技术，具备良好的沟通能力和团队协作精神。,成都,50-150人,本科,8362,15193
2024-01-05,UI设计师,参与系统架构设计，优化系统性能，提升用户体验。要求熟悉用户体验、Figma、Sketch等相关技术，具备良好的沟通能力和团队协作精神。,深圳,500-1000人,硕士,22993,35490
2024-01-05,架构师,负责公司核心产品的开发与维护，参与技术方案设计。要求熟悉性能优化、系统架构、技术选型等相关技术，具备良好的沟通能力和团队协作精神。,武汉,150-500人,博士,15539,27764
2024-01-06,UI设计师,参与需求分析，提供技术解决方案，推动项目落地。要求熟悉Figma、Sketch、交互设计等相关技术，具备良好的沟通能力和团队协作精神。,天津,1000人以上,硕士,17339,26937
2024-01-06,数据分析师,设计和维护数据报表，监控业务指标变化。要求熟悉统计学、Excel、Python等相关技术，具备良好的沟通能力和团队协作精神。,杭州,50-150人,本科,16544,25273
2024-01-07,项目经理,负责公司核心产品的开发与维护，参与技术方案设计。要求熟悉风险控制、团队协调、进度控制等相关技术，具备良好的沟通能力和团队协作精神。,广州,少于50人,博士,27346,47518
2024-01-08,架构师,参与系统架构设计，优化系统性能，提升用户体验。要求熟悉技术选型、性能优化、微服务等相关技术，具备良好的沟通能力和团队协作精神。,广州,50-150人,博士,15972,31001
2024-01-09,人力资源专员,负责公司核心产品的开发与维护，参与技术方案设计。要求熟悉招聘、员工关系、绩效考核等相关技术，具备良好的沟通能力和团队协作精神。,北京,1000人以上,大专,7914,14146
2024-01-09,产品经理,负责产品规划和设计，推动产品迭代优化。要求熟悉用户研究、Axure、数据分析等相关技术，具备良好的沟通能力和团队协作精神。,上海,150-500人,大专,18130,30403
2024-01-10,项目经理,负责公司核心产品的开发与维护，参与技术方案设计。要求熟悉进度控制、风险控制、项目管理等相关技术，具备良好的沟通能力和团队协作精神。,南京,1000人以上,硕士,23086,40848
2024-01-10,项目经理,负责公司核心产品的开发与维护，参与技术方案设计。要求熟悉进度控制、项目管理、风险控制等相关技术，具备良好的沟通能力和团队协作精神。,南京,150-500人,硕士,20501,35303
2024-01-11,算法工程师,负责公司核心产品的开发与维护，参与技术方案设计。要求熟悉深度学习、机器学习、数据结构等相关技术，具备良好的沟通能力和团队协作精神。,天津,500-1000人,本科,10293,18028
2024-01-12,运维工程师,参与需求分析，提供技术解决方案，推动项目落地。要求熟悉Linux、Docker、监控等相关技术，具备良好的沟通能力和团队协作精神。,上海,1000人以上,大专,14731,24549
2024-01-12,前端开发工程师,负责公司核心产品的开发与维护，参与技术方案设计。要求熟悉CSS、JavaScript、React等相关技术，具备良好的沟通能力和团队协作精神。,天津,150-500人,硕士,14039,23180
2024-01-12,UI设计师,负责后端服务开发，确保代码质量和系统稳定性。要求熟悉用户体验、Figma、交互设计等相关技术，具备良好的沟通能力和团队协作精神。,天津,50-150人,本科,10119,15964
2024-01-14,市场经理,分析市场趋势和竞争对手，制定市场策略。要求熟悉活动策划、品牌建设、渠道拓展等相关技术，具备良好的沟通能力和团队协作精神。,成都,150-500人,硕士,14630,28653
2024-01-14,数据科学家,构建机器学习模型，解决实际业务问题。要求熟悉深度学习、PyTorch、TensorFlow等相关技术，具备良好的沟通能力和团队协作精神。,深圳,150-500人,博士,59695,93404
2024-01-15,机器学习工程师,负责公司核心产品的开发与维护，参与技术方案设计。要求熟悉机器学习、特征工程、Python等相关技术，具备良好的沟通能力和团队协作精神。,成都,500-1000人,博士,23363,37602
2024-01-15,销售代表,分析市场趋势和竞争对手，制定市场策略。要求熟悉销售、业绩目标、客户关系等相关技术，具备良好的沟通能力和团队协作精神。,苏州,500-1000人,硕士,16161,26673
2024-01-15,Python开发工程师,负责公司核心产品的开发与维护，参与技术方案设计。要求熟悉FastAPI、Redis、Flask等相关技术，具备良好的沟通能力和团队协作精神。,成都,50-150人,博士,19155,31452
2024-01-16,算法工程师,参与系统架构设计，优化系统性能，提升用户体验。要求熟悉深度学习、算法、数据结构等相关技术，具备良好的沟通能力和团队协作精神。,北京,50-150人,硕士,18627,31455
2024-01-16,财务分析师,参与系统架构设计，优化系统性能，提升用户体验。要求熟悉财务报表、Excel、财务分析等相关技术，具备良好的沟通能力和团队协作精神。,武汉,少于50人,硕士,13381,20886
2024-01-16,Java后端开发,参与系统架构设计，优化系统性能，提升用户体验。要求熟悉SpringBoot、Java、Redis等相关技术，具备良好的沟通能力和团队协作精神。,广州,1000人以上,硕士,20089,33800
2024-01-16,Java后端开发,参与系统架构设计，优化系统性能，提升用户体验。要求熟悉Dubbo、Java、SpringBoot等相关技术，具备良好的沟通能力和团队协作精神。,苏州,500-1000人,博士,17131,31686
2024-01-17,市场经理,策划营销活动，提升产品知名度和市场份额。要求熟悉品牌建设、活动策划、市场营销等相关技术，具备良好的沟通能力和团队协作精神。,广州,50-150人,硕士,22405,38687
2024-01-17,数据分析师,设计和维护数据报表，监控业务指标变化。要求熟悉Tableau、SQL、Excel等相关技术，具备良好的沟通能力和团队协作精神。,深圳,50-150人,本科,20528,30016
2024-01-19,全栈开发工程师,负责后端服务开发，确保代码质量和系统稳定性。要求熟悉MongoDB、MySQL、Node.js等相关技术，具备良好的沟通能力和团队协作精神。,深圳,500-1000人,硕士,17218,31500
2024-01-19,项目经理,负责后端服务开发，确保代码质量和系统稳定性。要求熟悉风险控制、项目管理、团队协调等相关技术，具备良好的沟通能力和团队协作精神。,南京,150-500人,硕士,16265,31067
2024-01-20,测试工程师,负责公司核心产品的开发与维护，参与技术方案设计。要求熟悉缺陷管理、测试、自动化测试等相关技术，具备良好的沟通能力和团队协作精神。,杭州,1000人以上,大专,12214,21035
2024-01-22,UI设计师,负责公司核心产品的开发与维护，参与技术方案设计。要求熟悉交互设计、Figma、Sketch等相关技术，具备良好的沟通能力和团队协作精神。,成都,150-500人,博士,16786,28112
2024-01-22,Java后端开发,参与需求分析，提供技术解决方案，推动项目落地。要求熟悉Redis、Spring、MySQL等相关技术，具备良好的沟通能力和团队协作精神。,成都,150-500人,博士,18399,31344
2024-01-23,架构师,负责后端服务开发，确保代码质量和系统稳定性。要求熟悉微服务、系统架构、性能优化等相关技术，具备良好的沟通能力和团队协作精神。,成都,少于50人,博士,15300,26303
2024-01-23,技术支持工程师,负责后端服务开发，确保代码质量和系统稳定性。要求熟悉客户沟通、技术支持、问题排查等相关技术，具备良好的沟通能力和团队协作精神。,重庆,50-150人,硕士,9603,17498
2024-01-23,运维工程师,参与系统架构设计，优化系统性能，提升用户体验。要求熟悉运维、Docker、K8s等相关技术，具备良好的沟通能力和团队协作精神。,广州,50-150人,博士,21335,36365
2024-01-25,运维工程师,负责公司核心产品的开发与维护，参与技术方案设计。要求熟悉运维、K8s、Docker等相关技术，具备良好的沟通能力和团队协作精神。,杭州,500-1000人,硕士,18854,31994
2024-01-25,测试工程师,负责后端服务开发，确保代码质量和系统稳定性。要求熟悉测试、缺陷管理、性能测试等相关技术，具备良好的沟通能力和团队协作精神。,北京,150-500人,硕士,16615,30118
2024-01-26,架构师,参与需求分析，提供技术解决方案，推动项目落地。要求熟悉微服务、性能优化、系统架构等相关技术，具备良好的沟通能力和团队协作精神。,杭州,少于50人,本科,9303,17113
2024-01-26,全栈开发工程师,参与系统架构设计，优化系统性能，提升用户体验。要求熟悉JavaScript、React、Node.js等相关技术，具备良好的沟通能力和团队协作精神。,成都,500-1000人,本科,11343,19253
2024-01-28,技术支持工程师,参与需求分析，提供技术解决方案，推动项目落地。要求熟悉问题排查、客户沟通、文档编写等相关技术，具备良好的沟通能力和团队协作精神。,南京,少于50人,硕士,11483,19871
2024-01-28,前端开发工程师,参与需求分析，提供技术解决方案，推动项目落地。要求熟悉JavaScript、Vue、HTML等相关技术，具备良好的沟通能力和团队协作精神。,天津,150-500人,博士,18729,31386
2024-01-29,市场经理,分析市场趋势和竞争对手，制定市场策略。要求熟悉活动策划、渠道拓展、市场营销等相关技术，具备良好的沟通能力和团队协作精神。,苏州,50-150人,本科,14047,24522
2024-01-29,Java后端开发,负责后端服务开发，确保代码质量和系统稳定性。要求熟悉Spring、SpringBoot、MySQL等相关技术，具备良好的沟通能力和团队协作精神。,西安,150-500人,硕士,10244,18762
2024-01-29,Python开发工程师,负责公司核心产品的开发与维护，参与技术方案设计。要求熟悉FastAPI、Redis、Python等相关技术，具备良好的沟通能力和团队协作精神。,北京,1000人以上,本科,14786,27250
2024-01-30,运维工程师,负责后端服务开发，确保代码质量和系统稳定性。要求熟悉监控、K8s、Linux等相关技术，具备良好的沟通能力和团队协作精神。,杭州,500-1000人,博士,30684,48877
2024-01-30,产品经理,分析用户需求和市场动态，制定产品发展策略。要求熟悉数据分析、用户研究、Axure等相关技术，具备良好的沟通能力和团队协作精神。,天津,1000人以上,硕士,20356,36809
2024-01-30,数据分析师,负责数据分析和挖掘，为业务决策提供数据支持。要求熟悉SQL、Python、统计学等相关技术，具备良好的沟通能力和团队协作精神。,西安,1000人以上,博士,25311,39463
2024-01-31,财务分析师,参与需求分析，提供技术解决方案，推动项目落地。要求熟悉财务报表、预算编制、财务分析等相关技术，具备良好的沟通能力和团队协作精神。,西安,150-500人,本科,11004,17556
2024-01-31,运维工程师,参与系统架构设计，优化系统性能，提升用户体验。要求熟悉Linux、Docker、K8s等相关技术，具备良好的沟通能力和团队协作精神。,西安,少于50人,大专,6579,11034
2024-02-02,Java后端开发,参与需求分析，提供技术解决方案，推动项目落地。要求熟悉Spring、MySQL、SpringBoot等相关技术，具备良好的沟通能力和团队协作精神。,上海,1000人以上,本科,15279,27431
2024-02-02,数据分析师,构建机器学习模型，解决实际业务问题。要求熟悉Python、SQL、统计学等相关技术，具备良好的沟通能力和团队协作精神。,上海,50-150人,大专,13623,21320
2024-02-03,销售代表,分析市场趋势和竞争对手，制定市场策略。要求熟悉商务谈判、客户关系、销售等相关技术，具备良好的沟通能力和团队协作精神。,深圳,50-150人,大专,8462,15978
2024-02-04,人力资源专员,负责公司核心产品的开发与维护，参与技术方案设计。要求熟悉培训、招聘、员工关系等相关技术，具备良好的沟通能力和团队协作精神。,南京,500-1000人,硕士,9307,16025
2024-02-04,架构师,参与需求分析，提供技术解决方案，推动项目落地。要求熟悉微服务、系统架构、技术选型等相关技术，具备良好的沟通能力和团队协作精神。,南京,1000人以上,大专,10153,17368
2024-02-05,算法工程师,负责公司核心产品的开发与维护，参与技术方案设计。要求熟悉Python、算法、数据结构等相关技术，具备良好的沟通能力和团队协作精神。,西安,少于50人,硕士,10402,17571
2024-02-05,技术支持工程师,参与系统架构设计，优化系统性能，提升用户体验。要求熟悉客户沟通、问题排查、技术支持等相关技术，具备良好的沟通能力和团队协作精神。,上海,50-150人,硕士,17357,29864
2024-02-05,数据科学家,设计和维护数据报表，监控业务指标变化。要求熟悉PyTorch、机器学习、Python等相关技术，具备良好的沟通能力和团队协作精神。,南京,少于50人,硕士,22028,37601
2024-02-06,全栈开发工程师,负责后端服务开发，确保代码质量和系统稳定性。要求熟悉React、MySQL、MongoDB等相关技术，具备良好的沟通能力和团队协作精神。,西安,少于50人,本科,7595,13110
2024-02-06,市场经理,策划营销活动，提升产品知名度和市场份额。要求熟悉活动策划、品牌建设、市场营销等相关技术，具备良好的沟通能力和团队协作精神。,天津,1000人以上,博士,28964,51522
2024-02-06,前端开发工程师,负责公司核心产品的开发与维护，参与技术方案设计。要求熟悉JavaScript、CSS、TypeScript等相关技术，具备良好的沟通能力和团队协作精神。,北京,1000人以上,硕士,22472,38517
2024-02-06,测试工程师,参与系统架构设计，优化系统性能，提升用户体验。要求熟悉自动化测试、性能测试、缺陷管理等相关技术，具备良好的沟通能力和团队协作精神。,北京,150-500人,博士,16455,34969
2024-02-06,全栈开发工程师,参与系统架构设计，优化系统性能，提升用户体验。要求熟悉MongoDB、React、MySQL等相关技术，具备良好的沟通能力和团队协作精神。,北京,少于50人,硕士,17853,29218
2024-02-07,销售代表,分析市场趋势和竞争对手，制定市场策略。要求熟悉商务谈判、客户关系、业绩目标等相关技术，具备良好的沟通能力和团队协作精神。,重庆,500-1000人,大专,7925,13495
2024-02-08,全栈开发工程师,负责后端服务开发，确保代码质量和系统稳定性。要求熟悉React、Node.js、MySQL等相关技术，具备良好的沟通能力和团队协作精神。,北京,150-500人,博士,26848,45362
2024-02-09,Java后端开发,负责公司核心产品的开发与维护，参与技术方案设计。要求熟悉Java、Redis、Spring等相关技术，具备良好的沟通能力和团队协作精神。,苏州,50-150人,大专,6794,12326
2024-02-09,Java后端开发,负责公司核心产品的开发与维护，参与技术方案设计。要求熟悉Spring、Java、SpringBoot等相关技术，具备良好的沟通能力和团队协作精神。,苏州,少于50人,本科,8891,15078
2024-02-10,销售代表,策划营销活动，提升产品知名度和市场份额。要求熟悉商务谈判、客户关系、销售等相关技术，具备良好的沟通能力和团队协作精神。,苏州,500-1000人,大专,9057,15463
2024-02-10,运维工程师,负责公司核心产品的开发与维护，参与技术方案设计。要求熟悉Linux、监控、Docker等相关技术，具备良好的沟通能力和团队协作精神。,成都,50-150人,大专,7179,12590
2024-02-11,运维工程师,负责后端服务开发，确保代码质量和系统稳定性。要求熟悉监控、Linux、Docker等相关技术，具备良好的沟通能力和团队协作精神。,南京,1000人以上,大专,9635,16850
2024-02-11,算法工程师,参与系统架构设计，优化系统性能，提升用户体验。要求熟悉深度学习、Python、机器学习等相关技术，具备良好的沟通能力和团队协作精神。,苏州,50-150人,硕士,5636,10131
2024-02-11,机器学习工程师,参与需求分析，提供技术解决方案，推动项目落地。要求熟悉机器学习、特征工程、Python等相关技术，具备良好的沟通能力和团队协作精神。,广州,1000人以上,硕士,16607,30183
2024-02-11,市场经理,分析市场趋势和竞争对手，制定市场策略。要求熟悉渠道拓展、活动策划、市场营销等相关技术，具备良好的沟通能力和团队协作精神。,上海,1000人以上,硕士,29871,53569
2024-02-12,数据科学家,负责数据分析和挖掘，为业务决策提供数据支持。要求熟悉PyTorch、Python、TensorFlow等相关技术，具备良好的沟通能力和团队协作精神。,天津,少于50人,本科,15361,26458
2024-02-12,UI设计师,参与系统架构设计，优化系统性能，提升用户体验。要求熟悉UI设计、用户体验、Sketch等相关技术，具备良好的沟通能力和团队协作精神。,武汉,500-1000人,硕士,13388,21803
2024-02-13,市场经理,策划营销活动，提升产品知名度和市场份额。要求熟悉品牌建设、活动策划、市场营销等相关技术，具备良好的沟通能力和团队协作精神。,武汉,1000人以上,博士,27262,49052
2024-02-13,架构师,参与系统架构设计，优化系统性能，提升用户体验。要求熟悉性能优化、微服务、系统架构等相关技术，具备良好的沟通能力和团队协作精神。,广州,500-1000人,博士,21371,38603
2024-02-13,技术支持工程师,负责后端服务开发，确保代码质量和系统稳定性。要求熟悉技术支持、客户沟通、问题排查等相关技术，具备良好的沟通能力和团队协作精神。,重庆,少于50人,本科,7527,12907
2024-02-14,销售代表,策划营销活动，提升产品知名度和市场份额。要求熟悉客户关系、商务谈判、销售等相关技术，具备良好的沟通能力和团队协作精神。,深圳,50-150人,本科,10108,19504
2024-02-14,数据科学家,构建机器学习模型，解决实际业务问题。要求熟悉Python、深度学习、机器学习等相关技术，具备良好的沟通能力和团队协作精神。,上海,1000人以上,大专,24316,42545
2024-02-14,测试工程师,负责后端服务开发，确保代码质量和系统稳定性。要求熟悉自动化测试、性能测试、测试等相关技术，具备良好的沟通能力和团队协作精神。,重庆,150-500人,本科,9988,16318
2024-02-15,产品经理,负责产品规划和设计，推动产品迭代优化。要求熟悉产品设计、用户研究、数据分析等相关技术，具备良好的沟通能力和团队协作精神。,深圳,50-150人,硕士,23118,41439
2024-02-16,机器学习工程师,参与系统架构设计，优化系统性能，提升用户体验。要求熟悉Python、特征工程、模型调优等相关技术，具备良好的沟通能力和团队协作精神。,重庆,少于50人,硕士,10181,17175
2024-02-16,数据科学家,负责数据分析和挖掘，为业务决策提供数据支持。要求熟悉TensorFlow、Python、PyTorch等相关技术，具备良好的沟通能力和团队协作精神。,武汉,500-1000人,博士,37031,61998
2024-02-16,架构师,负责公司核心产品的开发与维护，参与技术方案设计。要求熟悉技术选型、微服务、性能优化等相关技术，具备良好的沟通能力和团队协作精神。,重庆,150-500人,大专,6667,11731
2024-02-17,Java后端开发,参与需求分析，提供技术解决方案，推动项目落地。要求熟悉SpringBoot、MySQL、Spring等相关技术，具备良好的沟通能力和团队协作精神。,深圳,500-1000人,博士,27427,47009
2024-02-18,数据科学家,构建机器学习模型，解决实际业务问题。要求熟悉PyTorch、深度学习、TensorFlow等相关技术，具备良好的沟通能力和团队协作精神。,北京,少于50人,博士,55575,85081
2024-02-18,Python开发工程师,负责后端服务开发，确保代码质量和系统稳定性。要求熟悉FastAPI、Django、Redis等相关技术，具备良好的沟通能力和团队协作精神。,天津,1000人以上,大专,8213,14897
2024-02-19,项目经理,负责后端服务开发，确保代码质量和系统稳定性。要求熟悉项目管理、团队协调、进度控制等相关技术，具备良好的沟通能力和团队协作精神。,北京,50-150人,硕士,25587,44641
2024-02-19,Python开发工程师,参与需求分析，提供技术解决方案，推动项目落地。要求熟悉Python、FastAPI、Django等相关技术，具备良好的沟通能力和团队协作精神。,深圳,500-1000人,大专,10909,19612
2024-02-19,UI设计师,参与需求分析，提供技术解决方案，推动项目落地。要求熟悉用户体验、UI设计、Sketch等相关技术，具备良好的沟通能力和团队协作精神。,武汉,少于50人,本科,8913,13915
2024-02-20,财务分析师,负责公司核心产品的开发与维护，参与技术方案设计。要求熟悉财务报表、财务分析、预算编制等相关技术，具备良好的沟通能力和团队协作精神。,南京,500-1000人,硕士,17414,28162
2024-02-20,项目经理,负责公司核心产品的开发与维护，参与技术方案设计。要求熟悉团队协调、项目管理、进度控制等相关技术，具备良好的沟通能力和团队协作精神。,深圳,1000人以上,本科,65355,118761
2024-02-20,项目经理,参与系统架构设计，优化系统性能，提升用户体验。要求熟悉进度控制、风险控制、团队协调等相关技术，具备良好的沟通能力和团队协作精神。,北京,1000人以上,大专,24203,39014
2024-02-21,Java后端开发,参与需求分析，提供技术解决方案，推动项目落地。要求熟悉Redis、Java、MySQL等相关技术，具备良好的沟通能力和团队协作精神。,上海,50-150人,本科,10467,20088
2024-02-21,人力资源专员,负责公司核心产品的开发与维护，参与技术方案设计。要求熟悉员工关系、招聘、培训等相关技术，具备良好的沟通能力和团队协作精神。,西安,500-1000人,硕士,7654,13452
2024-02-21,产品经理,负责产品规划和设计，推动产品迭代优化。要求熟悉数据分析、Axure、需求分析等相关技术，具备良好的沟通能力和团队协作精神。,深圳,1000人以上,博士,47129,79172
2024-02-22,人力资源专员,参与需求分析，提供技术解决方案，推动项目落地。要求熟悉招聘、培训、绩效考核等相关技术，具备良好的沟通能力和团队协作精神。,西安,150-500人,本科,5962,10017
2024-02-23,财务分析师,负责后端服务开发，确保代码质量和系统稳定性。要求熟悉财务报表、预算编制、财务分析等相关技术，具备良好的沟通能力和团队协作精神。,上海,50-150人,博士,28384,45702
2024-02-23,财务分析师,负责公司核心产品的开发与维护，参与技术方案设计。要求熟悉Excel、财务分析、预算编制等相关技术，具备良好的沟通能力和团队协作精神。,南京,50-150人,硕士,16874,26157
2024-02-24,Java后端开发,参与需求分析，提供技术解决方案，推动项目落地。要求熟悉MySQL、Dubbo、Java等相关技术，具备良好的沟通能力和团队协作精神。,成都,500-1000人,硕士,6119,10192
2024-02-24,产品经理,协调研发、设计、运营团队，确保产品按时交付。要求熟悉需求分析、Axure、用户研究等相关技术，具备良好的沟通能力和团队协作精神。,武汉,少于50人,大专,10058,16918
2024-02-25,全栈开发工程师,负责后端服务开发，确保代码质量和系统稳定性。要求熟悉React、JavaScript、MongoDB等相关技术，具备良好的沟通能力和团队协作精神。,深圳,50-150人,博士,25582,42493
2024-02-25,运维工程师,负责公司核心产品的开发与维护，参与技术方案设计。要求熟悉运维、K8s、监控等相关技术，具备良好的沟通能力和团队协作精神。,杭州,1000人以上,硕士,19442,33636
2024-02-25,机器学习工程师,参与需求分析，提供技术解决方案，推动项目落地。要求熟悉Python、模型调优、机器学习等相关技术，具备良好的沟通能力和团队协作精神。,深圳,少于50人,大专,9981,16706
2024-02-25,UI设计师,参与需求分析，提供技术解决方案，推动项目落地。要求熟悉交互设计、UI设计、用户体验等相关技术，具备良好的沟通能力和团队协作精神。,杭州,50-150人,大专,9517,15567
2024-02-25,全栈开发工程师,参与需求分析，提供技术解决方案，推动项目落地。要求熟悉MySQL、React、Node.js等相关技术，具备良好的沟通能力和团队协作精神。,深圳,150-500人,本科,11797,21687
2024-02-26,架构师,负责后端服务开发，确保代码质量和系统稳定性。要求熟悉技术选型、系统架构、性能优化等相关技术，具备良好的沟通能力和团队协作精神。,成都,少于50人,博士,12889,23783
2024-02-26,全栈开发工程师,参与系统架构设计，优化系统性能，提升用户体验。要求熟悉JavaScript、MongoDB、React等相关技术，具备良好的沟通能力和团队协作精神。,杭州,500-1000人,本科,14792,24800
2024-02-26,运营专员,分析运营数据，优化运营策略和流程。要求熟悉用户增长、活动策划、数据分析等相关技术，具备良好的沟通能力和团队协作精神。,西安,150-500人,大专,5488,8732
2024-02-26,人力资源专员,参与系统架构设计，优化系统性能，提升用户体验。要求熟悉员工关系、绩效考核、培训等相关技术，具备良好的沟通能力和团队协作精神。,上海,150-500人,本科,10354,16684
2024-02-27,技术支持工程师,参与需求分析，提供技术解决方案，推动项目落地。要求熟悉文档编写、客户沟通、问题排查等相关技术，具备良好的沟通能力和团队协作精神。,武汉,1000人以上,本科,10979,19049
2024-02-27,人力资源专员,参与需求分析，提供技术解决方案，推动项目落地。要求熟悉员工关系、绩效考核、培训等相关技术，具备良好的沟通能力和团队协作精神。,上海,1000人以上,大专,8984,15060
2024-02-28,前端开发工程师,负责公司核心产品的开发与维护，参与技术方案设计。要求熟悉CSS、React、TypeScript等相关技术，具备良好的沟通能力和团队协作精神。,西安,少于50人,本科,8373,13888
2024-02-28,测试工程师,参与需求分析，提供技术解决方案，推动项目落地。要求熟悉测试、缺陷管理、性能测试等相关技术，具备良好的沟通能力和团队协作精神。,深圳,50-150人,硕士,18695,30909
2024-03-01,算法工程师,参与需求分析，提供技术解决方案，推动项目落地。要求熟悉数据结构、算法、Python等相关技术，具备良好的沟通能力和团队协作精神。,成都,150-500人,本科,8891,16153
2024-03-01,技术支持工程师,负责后端服务开发，确保代码质量和系统稳定性。要求熟悉技术支持、文档编写、问题排查等相关技术，具备良好的沟通能力和团队协作精神。,南京,50-150人,博士,19709,32816
2024-03-02,算法工程师,负责后端服务开发，确保代码质量和系统稳定性。要求熟悉算法、Python、数据结构等相关技术，具备良好的沟通能力和团队协作精神。,深圳,少于50人,硕士,15099,26244
2024-03-02,测试工程师,负责公司核心产品的开发与维护，参与技术方案设计。要求熟悉自动化测试、缺陷管理、测试等相关技术，具备良好的沟通能力和团队协作精神。,成都,150-500人,博士,18414,31485
2024-03-03,前端开发工程师,负责公司核心产品的开发与维护，参与技术方案设计。要求熟悉Vue、TypeScript、CSS等相关技术，具备良好的沟通能力和团队协作精神。,南京,少于50人,博士,14977,26705
2024-03-03,全栈开发工程师,负责公司核心产品的开发与维护，参与技术方案设计。要求熟悉Node.js、MongoDB、JavaScript等相关技术，具备良好的沟通能力和团队协作精神。,广州,500-1000人,大专,10551,18362
2024-03-05,机器学习工程师,参与需求分析，提供技术解决方案，推动项目落地。要求熟悉机器学习、Python、特征工程等相关技术，具备良好的沟通能力和团队协作精神。,广州,500-1000人,博士,19995,37568
2024-03-05,产品经理,负责产品规划和设计，推动产品迭代优化。要求熟悉Axure、数据分析、需求分析等相关技术，具备良好的沟通能力和团队协作精神。,天津,150-500人,硕士,19601,33447
2024-03-05,前端开发工程师,参与需求分析，提供技术解决方案，推动项目落地。要求熟悉JavaScript、Vue、TypeScript等相关技术，具备良好的沟通能力和团队协作精神。,苏州,1000人以上,硕士,14949,26529
2024-03-07,数据分析师,设计和维护数据报表，监控业务指标变化。要求熟悉统计学、Excel、Tableau等相关技术，具备良好的沟通能力和团队协作精神。,北京,50-150人,大专,13488,21460
2024-03-07,UI设计师,参与需求分析，提供技术解决方案，推动项目落地。要求熟悉UI设计、Figma、用户体验等相关技术，具备良好的沟通能力和团队协作精神。,广州,少于50人,本科,10267,16868
2024-03-08,全栈开发工程师,负责公司核心产品的开发与维护，参与技术方案设计。要求熟悉MySQL、Node.js、JavaScript等相关技术，具备良好的沟通能力和团队协作精神。,成都,150-500人,本科,11488,18749
2024-03-08,数据科学家,负责数据分析和挖掘，为业务决策提供数据支持。要求熟悉Python、PyTorch、机器学习等相关技术，具备良好的沟通能力和团队协作精神。,武汉,50-150人,硕士,25162,41043
2024-03-08,市场经理,策划营销活动，提升产品知名度和市场份额。要求熟悉渠道拓展、市场营销、品牌建设等相关技术，具备良好的沟通能力和团队协作精神。,上海,1000人以上,博士,21838,35223
2024-03-09,Java后端开发,负责公司核心产品的开发与维护，参与技术方案设计。要求熟悉Dubbo、Java、SpringBoot等相关技术，具备良好的沟通能力和团队协作精神。,苏州,150-500人,本科,10922,18345
2024-03-09,架构师,负责后端服务开发，确保代码质量和系统稳定性。要求熟悉技术选型、性能优化、微服务等相关技术，具备良好的沟通能力和团队协作精神。,苏州,500-1000人,硕士,15480,26095
2024-03-09,机器学习工程师,参与系统架构设计，优化系统性能，提升用户体验。要求熟悉机器学习、模型调优、特征工程等相关技术，具备良好的沟通能力和团队协作精神。,深圳,1000人以上,大专,11267,20949
2024-03-09,数据分析师,负责数据分析和挖掘，为业务决策提供数据支持。要求熟悉统计学、Tableau、SQL等相关技术，具备良好的沟通能力和团队协作精神。,深圳,150-500人,博士,27102,45257
2024-03-11,产品经理,负责产品规划和设计，推动产品迭代优化。要求熟悉用户研究、数据分析、产品设计等相关技术，具备良好的沟通能力和团队协作精神。,武汉,少于50人,博士,22554,38294
2024-03-12,数据科学家,构建机器学习模型，解决实际业务问题。要求熟悉TensorFlow、PyTorch、机器学习等相关技术，具备良好的沟通能力和团队协作精神。,北京,1000人以上,博士,66273,108754
2024-03-12,运维工程师,负责后端服务开发，确保代码质量和系统稳定性。要求熟悉Docker、监控、Linux等相关技术，具备良好的沟通能力和团队协作精神。,广州,500-1000人,大专,11053,18864
2024-03-12,测试工程师,参与需求分析，提供技术解决方案，推动项目落地。要求熟悉性能测试、缺陷管理、自动化测试等相关技术，具备良好的沟通能力和团队协作精神。,杭州,150-500人,大专,10874,18297
2024-03-13,财务分析师,负责公司核心产品的开发与维护，参与技术方案设计。要求熟悉预算编制、财务报表、Excel等相关技术，具备良好的沟通能力和团队协作精神。,苏州,少于50人,博士,18450,29808
2024-03-14,机器学习工程师,负责后端服务开发，确保代码质量和系统稳定性。要求熟悉机器学习、Python、特征工程等相关技术，具备良好的沟通能力和团队协作精神。,西安,150-500人,博士,15825,27734
2024-03-15,人力资源专员,参与系统架构设计，优化系统性能，提升用户体验。要求熟悉员工关系、培训、招聘等相关技术，具备良好的沟通能力和团队协作精神。,杭州,150-500人,大专,6504,11143
2024-03-16,数据科学家,构建机器学习模型，解决实际业务问题。要求熟悉深度学习、机器学习、PyTorch等相关技术，具备良好的沟通能力和团队协作精神。,天津,150-500人,硕士,27658,44965
2024-03-16,财务分析师,参与系统架构设计，优化系统性能，提升用户体验。要求熟悉财务分析、预算编制、Excel等相关技术，具备良好的沟通能力和团队协作精神。,上海,1000人以上,大专,16265,26179
2024-03-18,产品经理,负责产品规划和设计，推动产品迭代优化。要求熟悉数据分析、用户研究、需求分析等相关技术，具备良好的沟通能力和团队协作精神。,深圳,50-150人,本科,55475,91405
2024-03-18,Java后端开发,负责公司核心产品的开发与维护，参与技术方案设计。要求熟悉Spring、MySQL、SpringBoot等相关技术，具备良好的沟通能力和团队协作精神。,重庆,500-1000人,博士,16593,29374
2024-03-19,人力资源专员,负责后端服务开发，确保代码质量和系统稳定性。要求熟悉绩效考核、招聘、员工关系等相关技术，具备良好的沟通能力和团队协作精神。,杭州,1000人以上,硕士,12235,21282
2024-03-19,前端开发工程师,参与需求分析，提供技术解决方案，推动项目落地。要求熟悉JavaScript、React、TypeScript等相关技术，具备良好的沟通能力和团队协作精神。,成都,少于50人,大专,6400,11338
2024-03-19,项目经理,负责后端服务开发，确保代码质量和系统稳定性。要求熟悉项目管理、风险控制、进度控制等相关技术，具备良好的沟通能力和团队协作精神。,广州,500-1000人,硕士,28167,47205
2024-03-20,人力资源专员,负责公司核心产品的开发与维护，参与技术方案设计。要求熟悉员工关系、招聘、培训等相关技术，具备良好的沟通能力和团队协作精神。,南京,1000人以上,本科,8457,14206
2024-03-20,运维工程师,负责公司核心产品的开发与维护，参与技术方案设计。要求熟悉Docker、K8s、Linux等相关技术，具备良好的沟通能力和团队协作精神。,上海,150-500人,硕士,17267,30694
2024-03-21,数据科学家,设计和维护数据报表，监控业务指标变化。要求熟悉PyTorch、TensorFlow、Python等相关技术，具备良好的沟通能力和团队协作精神。,杭州,500-1000人,本科,29507,48645
2024-03-21,算法工程师,负责后端服务开发，确保代码质量和系统稳定性。要求熟悉Python、算法、深度学习等相关技术，具备良好的沟通能力和团队协作精神。,武汉,1000人以上,硕士,16962,27661
2024-03-22,财务分析师,负责后端服务开发，确保代码质量和系统稳定性。要求熟悉财务分析、预算编制、财务报表等相关技术，具备良好的沟通能力和团队协作精神。,上海,50-150人,博士,29111,46772
2024-03-22,前端开发工程师,负责公司核心产品的开发与维护，参与技术方案设计。要求熟悉Vue、React、JavaScript等相关技术，具备良好的沟通能力和团队协作精神。,重庆,150-500人,硕士,10900,19291
2024-03-22,算法工程师,负责后端服务开发，确保代码质量和系统稳定性。要求熟悉数据结构、机器学习、算法等相关技术，具备良好的沟通能力和团队协作精神。,西安,1000人以上,硕士,14139,24461
2024-03-22,UI设计师,负责公司核心产品的开发与维护，参与技术方案设计。要求熟悉Sketch、UI设计、交互设计等相关技术，具备良好的沟通能力和团队协作精神。,成都,150-500人,大专,9029,14112
2024-03-23,UI设计师,负责后端服务开发，确保代码质量和系统稳定性。要求熟悉Sketch、用户体验、交互设计等相关技术，具备良好的沟通能力和团队协作精神。,北京,150-500人,本科,16743,25921
2024-03-23,销售代表,负责市场推广和品牌建设，拓展市场渠道。要求熟悉销售、业绩目标、商务谈判等相关技术，具备良好的沟通能力和团队协作精神。,西安,500-1000人,博士,17757,30857
2024-03-23,产品经理,协调研发、设计、运营团队，确保产品按时交付。要求熟悉用户研究、需求分析、产品设计等相关技术，具备良好的沟通能力和团队协作精神。,上海,1000人以上,大专,15646,30518
2024-03-23,前端开发工程师,负责公司核心产品的开发与维护，参与技术方案设计。要求熟悉TypeScript、Vue、JavaScript等相关技术，具备良好的沟通能力和团队协作精神。,成都,1000人以上,硕士,16377,27705
2024-03-24,数据科学家,设计和维护数据报表，监控业务指标变化。要求熟悉PyTorch、深度学习、Python等相关技术，具备良好的沟通能力和团队协作精神。,深圳,500-1000人,本科,35212,56014
2024-03-24,Python开发工程师,负责公司核心产品的开发与维护，参与技术方案设计。要求熟悉FastAPI、Django、Python等相关技术，具备良好的沟通能力和团队协作精神。,西安,500-1000人,硕士,13445,22906
2024-03-24,产品经理,负责产品规划和设计，推动产品迭代优化。要求熟悉需求分析、用户研究、产品设计等相关技术，具备良好的沟通能力和团队协作精神。,北京,1000人以上,本科,25015,43895
2024-03-25,运营专员,策划运营活动，提升品牌影响力和用户增长。要求熟悉运营、活动策划、用户增长等相关技术，具备良好的沟通能力和团队协作精神。,杭州,150-500人,博士,16366,26805
2024-03-25,前端开发工程师,负责公司核心产品的开发与维护，参与技术方案设计。要求熟悉HTML、JavaScript、React等相关技术，具备良好的沟通能力和团队协作精神。,广州,1000人以上,博士,26424,45595
2024-03-26,架构师,参与系统架构设计，优化系统性能，提升用户体验。要求熟悉系统架构、微服务、技术选型等相关技术，具备良好的沟通能力和团队协作精神。,天津,50-150人,博士,14179,26321
2024-03-26,UI设计师,负责公司核心产品的开发与维护，参与技术方案设计。要求熟悉Sketch、交互设计、UI设计等相关技术，具备良好的沟通能力和团队协作精神。,西安,50-150人,硕士,10619,17768
2024-03-26,全栈开发工程师,参与系统架构设计，优化系统性能，提升用户体验。要求熟悉Node.js、React、MongoDB等相关技术，具备良好的沟通能力和团队协作精神。,重庆,1000人以上,硕士,13099,23169
2024-03-26,运营专员,策划运营活动，提升品牌影响力和用户增长。要求熟悉用户增长、运营、数据分析等相关技术，具备良好的沟通能力和团队协作精神。,武汉,500-1000人,大专,7202,10974
2024-03-28,数据分析师,构建机器学习模型，解决实际业务问题。要求熟悉统计学、SQL、Python等相关技术，具备良好的沟通能力和团队协作精神。,深圳,150-500人,大专,12218,20287
2024-03-28,运维工程师,负责公司核心产品的开发与维护，参与技术方案设计。要求熟悉K8s、监控、Linux等相关技术，具备良好的沟通能力和团队协作精神。,北京,500-1000人,大专,13002,22233
2024-03-28,销售代表,负责市场推广和品牌建设，拓展市场渠道。要求熟悉客户关系、商务谈判、业绩目标等相关技术，具备良好的沟通能力和团队协作精神。,上海,50-150人,硕士,14922,27677
2024-03-28,运维工程师,负责后端服务开发，确保代码质量和系统稳定性。要求熟悉K8s、监控、Linux等相关技术，具备良好的沟通能力和团队协作精神。,西安,50-150人,硕士,9718,17889
2024-03-28,Java后端开发,参与需求分析，提供技术解决方案，推动项目落地。要求熟悉Spring、Redis、MySQL等相关技术，具备良好的沟通能力和团队协作精神。,武汉,500-1000人,本科,10928,18472
2024-03-29,机器学习工程师,负责后端服务开发，确保代码质量和系统稳定性。要求熟悉机器学习、特征工程、模型调优等相关技术，具备良好的沟通能力和团队协作精神。,苏州,500-1000人,本科,10931,19097
2024-03-30,产品经理,协调研发、设计、运营团队，确保产品按时交付。要求熟悉Axure、产品设计、用户研究等相关技术，具备良好的沟通能力和团队协作精神。,南京,少于50人,博士,21990,39581
2024-03-30,产品经理,协调研发、设计、运营团队，确保产品按时交付。要求熟悉需求分析、产品设计、数据分析等相关技术，具备良好的沟通能力和团队协作精神。,天津,少于50人,硕士,15983,27752
2024-03-30,产品经理,负责产品规划和设计，推动产品迭代优化。要求熟悉产品设计、用户研究、需求分析等相关技术，具备良好的沟通能力和团队协作精神。,南京,少于50人,博士,24351,41942
2024-03-30,Java后端开发,参与需求分析，提供技术解决方案，推动项目落地。要求熟悉MySQL、Java、SpringBoot等相关技术，具备良好的沟通能力和团队协作精神。,武汉,少于50人,本科,7009,12838
2024-03-31,全栈开发工程师,参与系统架构设计，优化系统性能，提升用户体验。要求熟悉JavaScript、React、Node.js等相关技术，具备良好的沟通能力和团队协作精神。,天津,50-150人,博士,12193,24334
2024-03-31,UI设计师,负责后端服务开发，确保代码质量和系统稳定性。要求熟悉用户体验、UI设计、交互设计等相关技术，具备良好的沟通能力和团队协作精神。,成都,50-150人,大专,7494,12323
2024-03-31,销售代表,策划营销活动，提升产品知名度和市场份额。要求熟悉商务谈判、销售、客户关系等相关技术，具备良好的沟通能力和团队协作精神。,成都,150-500人,大专,8578,14388
2024-04-01,算法工程师,负责后端服务开发，确保代码质量和系统稳定性。要求熟悉数据结构、深度学习、机器学习等相关技术，具备良好的沟通能力和团队协作精神。,上海,50-150人,硕士,17997,30872
2024-04-02,技术支持工程师,负责公司核心产品的开发与维护，参与技术方案设计。要求熟悉问题排查、技术支持、文档编写等相关技术，具备良好的沟通能力和团队协作精神。,苏州,50-150人,大专,7324,13018
2024-04-03,销售代表,策划营销活动，提升产品知名度和市场份额。要求熟悉商务谈判、销售、客户关系等相关技术，具备良好的沟通能力和团队协作精神。,上海,150-500人,硕士,17338,30891
2024-04-03,市场经理,负责市场推广和品牌建设，拓展市场渠道。要求熟悉渠道拓展、活动策划、市场营销等相关技术，具备良好的沟通能力和团队协作精神。,杭州,150-500人,大专,15666,26905
2024-04-03,数据科学家,构建机器学习模型，解决实际业务问题。要求熟悉深度学习、机器学习、PyTorch等相关技术，具备良好的沟通能力和团队协作精神。,上海,150-500人,博士,62312,97497
2024-04-04,项目经理,负责公司核心产品的开发与维护，参与技术方案设计。要求熟悉风险控制、进度控制、项目管理等相关技术，具备良好的沟通能力和团队协作精神。,南京,500-1000人,博士,28773,51753
2024-04-06,架构师,参与系统架构设计，优化系统性能，提升用户体验。要求熟悉性能优化、系统架构、技术选型等相关技术，具备良好的沟通能力和团队协作精神。,杭州,少于50人,大专,7087,13456
2024-04-06,全栈开发工程师,负责后端服务开发，确保代码质量和系统稳定性。要求熟悉React、Node.js、MongoDB等相关技术，具备良好的沟通能力和团队协作精神。,西安,500-1000人,大专,8163,14040
2024-04-06,市场经理,策划营销活动，提升产品知名度和市场份额。要求熟悉活动策划、市场营销、渠道拓展等相关技术，具备良好的沟通能力和团队协作精神。,天津,500-1000人,本科,17353,29179
2024-04-07,市场经理,分析市场趋势和竞争对手，制定市场策略。要求熟悉活动策划、品牌建设、市场营销等相关技术，具备良好的沟通能力和团队协作精神。,西安,150-500人,博士,28831,46864
2024-04-07,机器学习工程师,参与需求分析，提供技术解决方案，推动项目落地。要求熟悉机器学习、模型调优、特征工程等相关技术，具备良好的沟通能力和团队协作精神。,杭州,150-500人,本科,14729,24095
2024-04-07,算法工程师,参与系统架构设计，优化系统性能，提升用户体验。要求熟悉算法、深度学习、Python等相关技术，具备良好的沟通能力和团队协作精神。,南京,50-150人,本科,8993,16344
2024-04-08,UI设计师,参与需求分析，提供技术解决方案，推动项目落地。要求熟悉用户体验、Sketch、交互设计等相关技术，具备良好的沟通能力和团队协作精神。,上海,1000人以上,大专,11026,19783
2024-04-08,全栈开发工程师,负责公司核心产品的开发与维护，参与技术方案设计。要求熟悉React、MySQL、Node.js等相关技术，具备良好的沟通能力和团队协作精神。,苏州,少于50人,硕士,4297,8437
2024-04-08,Python开发工程师,参与系统架构设计，优化系统性能，提升用户体验。要求熟悉Python、MySQL、Redis等相关技术，具备良好的沟通能力和团队协作精神。,成都,少于50人,本科,9075,15305
2024-04-08,运维工程师,负责后端服务开发，确保代码质量和系统稳定性。要求熟悉K8s、监控、运维等相关技术，具备良好的沟通能力和团队协作精神。,广州,1000人以上,本科,13926,24677
2024-04-09,人力资源专员,负责后端服务开发，确保代码质量和系统稳定性。要求熟悉绩效考核、员工关系、招聘等相关技术，具备良好的沟通能力和团队协作精神。,成都,150-500人,大专,5000,8592
2024-04-10,财务分析师,参与需求分析，提供技术解决方案，推动项目落地。要求熟悉财务报表、Excel、财务分析等相关技术，具备良好的沟通能力和团队协作精神。,重庆,1000人以上,本科,14821,22640
2024-04-10,技术支持工程师,负责后端服务开发，确保代码质量和系统稳定性。要求熟悉客户沟通、文档编写、问题排查等相关技术，具备良好的沟通能力和团队协作精神。,西安,150-500人,博士,13067,25089
2024-04-11,全栈开发工程师,负责公司核心产品的开发与维护，参与技术方案设计。要求熟悉JavaScript、Node.js、MongoDB等相关技术，具备良好的沟通能力和团队协作精神。,苏州,少于50人,大专,6543,11639
2024-04-11,UI设计师,参与需求分析，提供技术解决方案，推动项目落地。要求熟悉Figma、Sketch、UI设计等相关技术，具备良好的沟通能力和团队协作精神。,武汉,1000人以上,本科,12295,19564
2024-04-11,前端开发工程师,负责公司核心产品的开发与维护，参与技术方案设计。要求熟悉Vue、JavaScript、TypeScript等相关技术，具备良好的沟通能力和团队协作精神。,广州,50-150人,博士,19773,35093
2024-04-12,全栈开发工程师,负责公司核心产品的开发与维护，参与技术方案设计。要求熟悉MongoDB、JavaScript、Node.js等相关技术，具备良好的沟通能力和团队协作精神。,西安,500-1000人,本科,9481,16828
2024-04-12,人力资源专员,负责后端服务开发，确保代码质量和系统稳定性。要求熟悉绩效考核、招聘、员工关系等相关技术，具备良好的沟通能力和团队协作精神。,成都,500-1000人,大专,5452,9484
2024-04-12,前端开发工程师,参与需求分析，提供技术解决方案，推动项目落地。要求熟悉JavaScript、CSS、React等相关技术，具备良好的沟通能力和团队协作精神。,苏州,1000人以上,硕士,17743,29433
2024-04-13,人力资源专员,负责后端服务开发，确保代码质量和系统稳定性。要求熟悉绩效考核、员工关系、培训等相关技术，具备良好的沟通能力和团队协作精神。,北京,150-500人,博士,19977,31888
2024-04-13,UI设计师,负责公司核心产品的开发与维护，参与技术方案设计。要求熟悉Figma、用户体验、UI设计等相关技术，具备良好的沟通能力和团队协作精神。,成都,150-500人,博士,21675,33220
2024-04-14,数据分析师,构建机器学习模型，解决实际业务问题。要求熟悉Python、统计学、Tableau等相关技术，具备良好的沟通能力和团队协作精神。,深圳,少于50人,大专,10084,17007
2024-04-14,前端开发工程师,参与系统架构设计，优化系统性能，提升用户体验。要求熟悉HTML、CSS、Vue等相关技术，具备良好的沟通能力和团队协作精神。,深圳,500-1000人,硕士,18617,33175
2024-04-15,全栈开发工程师,参与系统架构设计，优化系统性能，提升用户体验。要求熟悉Node.js、JavaScript、MongoDB等相关技术，具备良好的沟通能力和团队协作精神。,北京,1000人以上,本科,18240,30945
2024-04-16,财务分析师,参与系统架构设计，优化系统性能，提升用户体验。要求熟悉预算编制、财务报表、Excel等相关技术，具备良好的沟通能力和团队协作精神。,广州,50-150人,大专,11731,18540
2024-04-17,Java后端开发,参与需求分析，提供技术解决方案，推动项目落地。要求熟悉MySQL、Dubbo、Redis等相关技术，具备良好的沟通能力和团队协作精神。,西安,1000人以上,硕士,8519,13728
2024-04-17,人力资源专员,参与系统架构设计，优化系统性能，提升用户体验。要求熟悉绩效考核、招聘、培训等相关技术，具备良好的沟通能力和团队协作精神。,成都,500-1000人,本科,7810,12849
2024-04-17,人力资源专员,参与需求分析，提供技术解决方案，推动项目落地。要求熟悉绩效考核、员工关系、招聘等相关技术，具备良好的沟通能力和团队协作精神。,天津,150-500人,博士,11491,19554
2024-04-17,数据科学家,负责数据分析和挖掘，为业务决策提供数据支持。要求熟悉机器学习、PyTorch、TensorFlow等相关技术，具备良好的沟通能力和团队协作精神。,武汉,150-500人,硕士,26597,43472
2024-04-18,技术支持工程师,参与需求分析，提供技术解决方案，推动项目落地。要求熟悉客户沟通、技术支持、问题排查等相关技术，具备良好的沟通能力和团队协作精神。,广州,1000人以上,硕士,20363,34339
2024-04-19,机器学习工程师,负责公司核心产品的开发与维护，参与技术方案设计。要求熟悉机器学习、模型调优、特征工程等相关技术，具备良好的沟通能力和团队协作精神。,上海,1000人以上,大专,13446,23455
2024-04-19,算法工程师,负责后端服务开发，确保代码质量和系统稳定性。要求熟悉算法、数据结构、机器学习等相关技术，具备良好的沟通能力和团队协作精神。,成都,50-150人,博士,20171,32705
2024-04-20,架构师,负责公司核心产品的开发与维护，参与技术方案设计。要求熟悉微服务、系统架构、性能优化等相关技术，具备良好的沟通能力和团队协作精神。,天津,少于50人,博士,16496,27462
2024-04-21,Java后端开发,参与系统架构设计，优化系统性能，提升用户体验。要求熟悉MySQL、SpringBoot、Spring等相关技术，具备良好的沟通能力和团队协作精神。,广州,1000人以上,博士,26664,46015
2024-04-21,算法工程师,负责公司核心产品的开发与维护，参与技术方案设计。要求熟悉算法、数据结构、深度学习等相关技术，具备良好的沟通能力和团队协作精神。,武汉,1000人以上,大专,10396,17042
2024-04-21,产品经理,分析用户需求和市场动态，制定产品发展策略。要求熟悉数据分析、Axure、产品设计等相关技术，具备良好的沟通能力和团队协作精神。,上海,1000人以上,本科,25763,44528
2024-04-21,销售代表,策划营销活动，提升产品知名度和市场份额。要求熟悉客户关系、销售、商务谈判等相关技术，具备良好的沟通能力和团队协作精神。,北京,少于50人,博士,21854,38053
2024-04-22,人力资源专员,参与系统架构设计，优化系统性能，提升用户体验。要求熟悉员工关系、培训、招聘等相关技术，具备良好的沟通能力和团队协作精神。,成都,1000人以上,大专,7130,11528
2024-04-23,测试工程师,参与系统架构设计，优化系统性能，提升用户体验。要求熟悉性能测试、缺陷管理、自动化测试等相关技术，具备良好的沟通能力和团队协作精神。,天津,50-150人,本科,8392,15201
2024-04-23,UI设计师,负责公司核心产品的开发与维护，参与技术方案设计。要求熟悉Sketch、Figma、用户体验等相关技术，具备良好的沟通能力和团队协作精神。,重庆,1000人以上,博士,18655,30969
2024-04-23,数据科学家,设计和维护数据报表，监控业务指标变化。要求熟悉PyTorch、机器学习、Python等相关技术，具备良好的沟通能力和团队协作精神。,重庆,1000人以上,本科,27538,42199
2024-04-23,Python开发工程师,负责公司核心产品的开发与维护，参与技术方案设计。要求熟悉Django、MySQL、Flask等相关技术，具备良好的沟通能力和团队协作精神。,杭州,50-150人,大专,10385,17503
2024-04-24,Python开发工程师,参与需求分析，提供技术解决方案，推动项目落地。要求熟悉MySQL、Redis、Django等相关技术，具备良好的沟通能力和团队协作精神。,苏州,500-1000人,博士,19501,34337
2024-04-24,前端开发工程师,负责公司核心产品的开发与维护，参与技术方案设计。要求熟悉TypeScript、CSS、HTML等相关技术，具备良好的沟通能力和团队协作精神。,武汉,500-1000人,大专,7807,13899
2024-04-25,项目经理,负责公司核心产品的开发与维护，参与技术方案设计。要求熟悉项目管理、团队协调、进度控制等相关技术，具备良好的沟通能力和团队协作精神。,北京,1000人以上,大专,21030,36276
2024-04-25,数据科学家,负责数据分析和挖掘，为业务决策提供数据支持。要求熟悉机器学习、PyTorch、TensorFlow等相关技术，具备良好的沟通能力和团队协作精神。,南京,少于50人,硕士,21780,37811
2024-04-25,市场经理,策划营销活动，提升产品知名度和市场份额。要求熟悉市场营销、品牌建设、渠道拓展等相关技术，具备良好的沟通能力和团队协作精神。,重庆,500-1000人,大专,12194,20795
2024-04-26,项目经理,参与系统架构设计，优化系统性能，提升用户体验。要求熟悉团队协调、项目管理、风险控制等相关技术，具备良好的沟通能力和团队协作精神。,成都,1000人以上,硕士,23921,41073
2024-04-27,产品经理,协调研发、设计、运营团队，确保产品按时交付。要求熟悉用户研究、数据分析、产品设计等相关技术，具备良好的沟通能力和团队协作精神。,上海,少于50人,大专,14629,25263
2024-04-27,市场经理,分析市场趋势和竞争对手，制定市场策略。要求熟悉活动策划、品牌建设、渠道拓展等相关技术，具备良好的沟通能力和团队协作精神。,苏州,150-500人,硕士,18892,33504
2024-04-27,运营专员,分析运营数据，优化运营策略和流程。要求熟悉用户增长、数据分析、活动策划等相关技术，具备良好的沟通能力和团队协作精神。,杭州,1000人以上,大专,8941,14561
2024-04-27,技术支持工程师,参与系统架构设计，优化系统性能，提升用户体验。要求熟悉文档编写、问题排查、技术支持等相关技术，具备良好的沟通能力和团队协作精神。,武汉,少于50人,大专,6656,11364
2024-04-28,前端开发工程师,参与需求分析，提供技术解决方案，推动项目落地。要求熟悉Vue、React、TypeScript等相关技术，具备良好的沟通能力和团队协作精神。,广州,500-1000人,博士,24466,42205
2024-04-28,市场经理,负责市场推广和品牌建设，拓展市场渠道。要求熟悉市场营销、品牌建设、渠道拓展等相关技术，具备良好的沟通能力和团队协作精神。,上海,1000人以上,博士,51197,84975
2024-04-28,产品经理,分析用户需求和市场动态，制定产品发展策略。要求熟悉数据分析、用户研究、产品设计等相关技术，具备良好的沟通能力和团队协作精神。,南京,500-1000人,大专,14146,24360
2024-04-30,数据科学家,设计和维护数据报表，监控业务指标变化。要求熟悉机器学习、PyTorch、Python等相关技术，具备良好的沟通能力和团队协作精神。,杭州,150-500人,大专,22665,36715
2024-05-01,机器学习工程师,负责公司核心产品的开发与维护，参与技术方案设计。要求熟悉特征工程、机器学习、模型调优等相关技术，具备良好的沟通能力和团队协作精神。,深圳,50-150人,大专,11872,19535
2024-05-01,项目经理,负责公司核心产品的开发与维护，参与技术方案设计。要求熟悉项目管理、团队协调、进度控制等相关技术，具备良好的沟通能力和团队协作精神。,武汉,少于50人,硕士,18316,29682
2024-05-01,数据分析师,负责数据分析和挖掘，为业务决策提供数据支持。要求熟悉SQL、Excel、Tableau等相关技术，具备良好的沟通能力和团队协作精神。,重庆,150-500人,硕士,14711,23101
2024-05-01,财务分析师,参与需求分析，提供技术解决方案，推动项目落地。要求熟悉预算编制、财务分析、Excel等相关技术，具备良好的沟通能力和团队协作精神。,重庆,150-500人,大专,9374,14537
2024-05-01,机器学习工程师,负责公司核心产品的开发与维护，参与技术方案设计。要求熟悉特征工程、模型调优、机器学习等相关技术，具备良好的沟通能力和团队协作精神。,北京,1000人以上,硕士,21163,37523
2024-05-01,架构师,负责后端服务开发，确保代码质量和系统稳定性。要求熟悉系统架构、性能优化、技术选型等相关技术，具备良好的沟通能力和团队协作精神。,南京,50-150人,博士,17469,30574
2024-05-02,全栈开发工程师,参与系统架构设计，优化系统性能，提升用户体验。要求熟悉MySQL、JavaScript、MongoDB等相关技术，具备良好的沟通能力和团队协作精神。,天津,500-1000人,本科,10961,18770
2024-05-02,测试工程师,参与系统架构设计，优化系统性能，提升用户体验。要求熟悉测试、性能测试、自动化测试等相关技术，具备良好的沟通能力和团队协作精神。,上海,少于50人,大专,10764,17785
2024-05-03,项目经理,负责后端服务开发，确保代码质量和系统稳定性。要求熟悉团队协调、风险控制、项目管理等相关技术，具备良好的沟通能力和团队协作精神。,杭州,500-1000人,大专,6768,11666
2024-05-04,数据分析师,负责数据分析和挖掘，为业务决策提供数据支持。要求熟悉SQL、Tableau、Excel等相关技术，具备良好的沟通能力和团队协作精神。,成都,1000人以上,博士,22028,37710
2024-05-06,数据科学家,负责数据分析和挖掘，为业务决策提供数据支持。要求熟悉Python、机器学习、深度学习等相关技术，具备良好的沟通能力和团队协作精神。,成都,500-1000人,博士,38082,65036
2024-05-06,运维工程师,参与需求分析，提供技术解决方案，推动项目落地。要求熟悉Docker、监控、Linux等相关技术，具备良好的沟通能力和团队协作精神。,深圳,少于50人,本科,12633,21204
2024-05-07,技术支持工程师,参与需求分析，提供技术解决方案，推动项目落地。要求熟悉技术支持、客户沟通、文档编写等相关技术，具备良好的沟通能力和团队协作精神。,上海,1000人以上,本科,14801,27192
2024-05-08,机器学习工程师,参与需求分析，提供技术解决方案，推动项目落地。要求熟悉特征工程、Python、模型调优等相关技术，具备良好的沟通能力和团队协作精神。,重庆,50-150人,大专,6063,10968
2024-05-08,财务分析师,参与系统架构设计，优化系统性能，提升用户体验。要求熟悉财务分析、Excel、预算编制等相关技术，具备良好的沟通能力和团队协作精神。,北京,500-1000人,大专,13234,22463
2024-05-08,项目经理,参与需求分析，提供技术解决方案，推动项目落地。要求熟悉项目管理、风险控制、团队协调等相关技术，具备良好的沟通能力和团队协作精神。,武汉,150-500人,本科,15078,25364
2024-05-09,市场经理,分析市场趋势和竞争对手，制定市场策略。要求熟悉品牌建设、活动策划、市场营销等相关技术，具备良好的沟通能力和团队协作精神。,广州,少于50人,本科,11659,22974
2024-05-09,项目经理,参与系统架构设计，优化系统性能，提升用户体验。要求熟悉进度控制、团队协调、项目管理等相关技术，具备良好的沟通能力和团队协作精神。,重庆,50-150人,本科,11890,21087
2024-05-09,前端开发工程师,负责后端服务开发，确保代码质量和系统稳定性。要求熟悉HTML、CSS、React等相关技术，具备良好的沟通能力和团队协作精神。,重庆,150-500人,本科,10455,16908
2024-05-09,财务分析师,负责后端服务开发，确保代码质量和系统稳定性。要求熟悉Excel、财务报表、预算编制等相关技术，具备良好的沟通能力和团队协作精神。,北京,少于50人,硕士,18690,30279
2024-05-09,销售代表,分析市场趋势和竞争对手，制定市场策略。要求熟悉客户关系、销售、商务谈判等相关技术，具备良好的沟通能力和团队协作精神。,北京,1000人以上,本科,17042,29627
2024-05-10,运维工程师,负责公司核心产品的开发与维护，参与技术方案设计。要求熟悉Linux、运维、监控等相关技术，具备良好的沟通能力和团队协作精神。,西安,500-1000人,硕士,13610,23069
2024-05-10,测试工程师,负责公司核心产品的开发与维护，参与技术方案设计。要求熟悉自动化测试、性能测试、缺陷管理等相关技术，具备良好的沟通能力和团队协作精神。,成都,50-150人,本科,3632,6391
2024-05-11,财务分析师,参与需求分析，提供技术解决方案，推动项目落地。要求熟悉财务分析、Excel、预算编制等相关技术，具备良好的沟通能力和团队协作精神。,上海,500-1000人,大专,14408,23495
2024-05-11,架构师,负责后端服务开发，确保代码质量和系统稳定性。要求熟悉性能优化、系统架构、技术选型等相关技术，具备良好的沟通能力和团队协作精神。,杭州,500-1000人,博士,24742,43110
2024-05-11,运营专员,策划运营活动，提升品牌影响力和用户增长。要求熟悉活动策划、用户增长、运营等相关技术，具备良好的沟通能力和团队协作精神。,广州,150-500人,博士,15029,25012
2024-05-11,机器学习工程师,负责公司核心产品的开发与维护，参与技术方案设计。要求熟悉机器学习、Python、特征工程等相关技术，具备良好的沟通能力和团队协作精神。,北京,500-1000人,博士,27021,47786
2024-05-12,市场经理,负责市场推广和品牌建设，拓展市场渠道。要求熟悉品牌建设、市场营销、渠道拓展等相关技术，具备良好的沟通能力和团队协作精神。,广州,500-1000人,大专,21351,33064
2024-05-12,前端开发工程师,负责后端服务开发，确保代码质量和系统稳定性。要求熟悉CSS、React、Vue等相关技术，具备良好的沟通能力和团队协作精神。,杭州,500-1000人,大专,10346,18510
2024-05-12,运营专员,分析运营数据，优化运营策略和流程。要求熟悉运营、活动策划、数据分析等相关技术，具备良好的沟通能力和团队协作精神。,成都,50-150人,大专,5551,9000
2024-05-12,市场经理,负责市场推广和品牌建设，拓展市场渠道。要求熟悉品牌建设、渠道拓展、市场营销等相关技术，具备良好的沟通能力和团队协作精神。,西安,500-1000人,硕士,18579,32768
2024-05-13,架构师,负责公司核心产品的开发与维护，参与技术方案设计。要求熟悉性能优化、技术选型、系统架构等相关技术，具备良好的沟通能力和团队协作精神。,武汉,少于50人,博士,13505,23996
2024-05-14,销售代表,负责市场推广和品牌建设，拓展市场渠道。要求熟悉客户关系、商务谈判、销售等相关技术，具备良好的沟通能力和团队协作精神。,北京,1000人以上,本科,16773,29357
2024-05-14,项目经理,参与系统架构设计，优化系统性能，提升用户体验。要求熟悉项目管理、团队协调、风险控制等相关技术，具备良好的沟通能力和团队协作精神。,天津,1000人以上,博士,32588,55589
2024-05-14,全栈开发工程师,参与需求分析，提供技术解决方案，推动项目落地。要求熟悉MySQL、Node.js、MongoDB等相关技术，具备良好的沟通能力和团队协作精神。,广州,150-500人,本科,14895,23769
2024-05-14,全栈开发工程师,负责公司核心产品的开发与维护，参与技术方案设计。要求熟悉Node.js、MySQL、JavaScript等相关技术，具备良好的沟通能力和团队协作精神。,广州,50-150人,大专,8512,15256
2024-05-14,全栈开发工程师,负责公司核心产品的开发与维护，参与技术方案设计。要求熟悉MySQL、JavaScript、MongoDB等相关技术，具备良好的沟通能力和团队协作精神。,上海,1000人以上,本科,19121,31512
2024-05-15,Python开发工程师,负责公司核心产品的开发与维护，参与技术方案设计。要求熟悉Django、FastAPI、Python等相关技术，具备良好的沟通能力和团队协作精神。,杭州,少于50人,本科,10963,18848
2024-05-15,人力资源专员,负责公司核心产品的开发与维护，参与技术方案设计。要求熟悉招聘、培训、员工关系等相关技术，具备良好的沟通能力和团队协作精神。,天津,少于50人,硕士,7688,12590
2024-05-15,销售代表,策划营销活动，提升产品知名度和市场份额。要求熟悉销售、客户关系、商务谈判等相关技术，具备良好的沟通能力和团队协作精神。,北京,50-150人,大专,10955,18925
2024-05-16,技术支持工程师,参与需求分析，提供技术解决方案，推动项目落地。要求熟悉问题排查、客户沟通、文档编写等相关技术，具备良好的沟通能力和团队协作精神。,北京,500-1000人,硕士,20518,35514
2024-05-16,全栈开发工程师,参与需求分析，提供技术解决方案，推动项目落地。要求熟悉MySQL、MongoDB、React等相关技术，具备良好的沟通能力和团队协作精神。,北京,1000人以上,硕士,22619,38979
2024-05-16,前端开发工程师,负责公司核心产品的开发与维护，参与技术方案设计。要求熟悉TypeScript、React、JavaScript等相关技术，具备良好的沟通能力和团队协作精神。,成都,50-150人,大专,6834,12352
2024-05-17,UI设计师,参与需求分析，提供技术解决方案，推动项目落地。要求熟悉Sketch、用户体验、交互设计等相关技术，具备良好的沟通能力和团队协作精神。,上海,150-500人,博士,26441,42704
2024-05-18,全栈开发工程师,负责公司核心产品的开发与维护，参与技术方案设计。要求熟悉React、MongoDB、Node.js等相关技术，具备良好的沟通能力和团队协作精神。,深圳,1000人以上,大专,16083,25763
2024-05-20,财务分析师,参与系统架构设计，优化系统性能，提升用户体验。要求熟悉预算编制、财务报表、Excel等相关技术，具备良好的沟通能力和团队协作精神。,北京,150-500人,大专,13898,22287
2024-05-20,运营专员,策划运营活动，提升品牌影响力和用户增长。要求熟悉数据分析、活动策划、用户增长等相关技术，具备良好的沟通能力和团队协作精神。,苏州,少于50人,硕士,3915,6478
2024-05-20,运营专员,分析运营数据，优化运营策略和流程。要求熟悉活动策划、用户增长、运营等相关技术，具备良好的沟通能力和团队协作精神。,天津,500-1000人,大专,5611,9516
2024-05-20,数据分析师,构建机器学习模型，解决实际业务问题。要求熟悉Python、Excel、统计学等相关技术，具备良好的沟通能力和团队协作精神。,天津,150-500人,大专,9503,15182
2024-05-21,人力资源专员,负责后端服务开发，确保代码质量和系统稳定性。要求熟悉员工关系、绩效考核、培训等相关技术，具备良好的沟通能力和团队协作精神。,天津,50-150人,硕士,9515,14994
2024-05-22,测试工程师,参与需求分析，提供技术解决方案，推动项目落地。要求熟悉性能测试、缺陷管理、自动化测试等相关技术，具备良好的沟通能力和团队协作精神。,上海,少于50人,大专,9613,16634
2024-05-22,人力资源专员,参与系统架构设计，优化系统性能，提升用户体验。要求熟悉招聘、绩效考核、培训等相关技术，具备良好的沟通能力和团队协作精神。,成都,500-1000人,大专,6505,10498
2024-05-24,销售代表,负责市场推广和品牌建设，拓展市场渠道。要求熟悉业绩目标、销售、客户关系等相关技术，具备良好的沟通能力和团队协作精神。,广州,少于50人,硕士,16555,26361
2024-05-24,运营专员,负责日常运营工作，提升用户活跃度和留存率。要求熟悉运营、用户增长、活动策划等相关技术，具备良好的沟通能力和团队协作精神。,北京,1000人以上,博士,22293,36450
2024-05-24,全栈开发工程师,负责公司核心产品的开发与维护，参与技术方案设计。要求熟悉React、JavaScript、MySQL等相关技术，具备良好的沟通能力和团队协作精神。,南京,500-1000人,本科,10349,18779
2024-05-25,架构师,负责后端服务开发，确保代码质量和系统稳定性。要求熟悉技术选型、系统架构、性能优化等相关技术，具备良好的沟通能力和团队协作精神。,上海,150-500人,硕士,19652,33076
2024-05-25,销售代表,策划营销活动，提升产品知名度和市场份额。要求熟悉商务谈判、客户关系、销售等相关技术，具备良好的沟通能力和团队协作精神。,北京,少于50人,硕士,11325,22914
2024-05-25,财务分析师,参与系统架构设计，优化系统性能，提升用户体验。要求熟悉财务报表、财务分析、预算编制等相关技术，具备良好的沟通能力和团队协作精神。,南京,1000人以上,博士,26884,43437
2024-05-25,数据分析师,设计和维护数据报表，监控业务指标变化。要求熟悉Python、Tableau、Excel等相关技术，具备良好的沟通能力和团队协作精神。,南京,500-1000人,硕士,17908,28867
2024-05-26,运维工程师,参与需求分析，提供技术解决方案，推动项目落地。要求熟悉Docker、运维、监控等相关技术，具备良好的沟通能力和团队协作精神。,西安,50-150人,博士,14489,25801
2024-05-26,数据科学家,负责数据分析和挖掘，为业务决策提供数据支持。要求熟悉PyTorch、TensorFlow、机器学习等相关技术，具备良好的沟通能力和团队协作精神。,广州,150-500人,本科,26198,42837
2024-05-27,项目经理,负责后端服务开发，确保代码质量和系统稳定性。要求熟悉进度控制、项目管理、团队协调等相关技术，具备良好的沟通能力和团队协作精神。,上海,少于50人,硕士,27997,45112
2024-05-27,项目经理,负责公司核心产品的开发与维护，参与技术方案设计。要求熟悉项目管理、进度控制、风险控制等相关技术，具备良好的沟通能力和团队协作精神。,天津,少于50人,本科,11698,20749
2024-05-27,前端开发工程师,负责公司核心产品的开发与维护，参与技术方案设计。要求熟悉HTML、Vue、CSS等相关技术，具备良好的沟通能力和团队协作精神。,武汉,150-500人,大专,6755,12240
2024-05-27,UI设计师,参与需求分析，提供技术解决方案，推动项目落地。要求熟悉UI设计、Sketch、用户体验等相关技术，具备良好的沟通能力和团队协作精神。,天津,1000人以上,硕士,17058,26748
2024-05-27,财务分析师,负责后端服务开发，确保代码质量和系统稳定性。要求熟悉财务分析、财务报表、预算编制等相关技术，具备良好的沟通能力和团队协作精神。,成都,150-500人,博士,25777,38846
2024-05-28,数据科学家,设计和维护数据报表，监控业务指标变化。要求熟悉TensorFlow、PyTorch、机器学习等相关技术，具备良好的沟通能力和团队协作精神。,西安,少于50人,本科,15041,25583
2024-05-30,机器学习工程师,参与系统架构设计，优化系统性能，提升用户体验。要求熟悉机器学习、Python、模型调优等相关技术，具备良好的沟通能力和团队协作精神。,西安,500-1000人,本科,10066,17342
2024-05-31,算法工程师,负责公司核心产品的开发与维护，参与技术方案设计。要求熟悉深度学习、机器学习、数据结构等相关技术，具备良好的沟通能力和团队协作精神。,重庆,150-500人,本科,9661,16114
2024-05-31,机器学习工程师,负责公司核心产品的开发与维护，参与技术方案设计。要求熟悉模型调优、机器学习、Python等相关技术，具备良好的沟通能力和团队协作精神。,杭州,1000人以上,大专,12212,21118
2024-05-31,机器学习工程师,负责后端服务开发，确保代码质量和系统稳定性。要求熟悉Python、模型调优、机器学习等相关技术，具备良好的沟通能力和团队协作精神。,深圳,150-500人,硕士,15682,28791
2024-05-31,销售代表,负责市场推广和品牌建设，拓展市场渠道。要求熟悉销售、业绩目标、客户关系等相关技术，具备良好的沟通能力和团队协作精神。,杭州,150-500人,本科,12941,22218
2024-06-01,市场经理,负责市场推广和品牌建设，拓展市场渠道。要求熟悉品牌建设、活动策划、渠道拓展等相关技术，具备良好的沟通能力和团队协作精神。,成都,500-1000人,硕士,23970,39244
2024-06-01,前端开发工程师,负责公司核心产品的开发与维护，参与技术方案设计。要求熟悉CSS、HTML、TypeScript等相关技术，具备良好的沟通能力和团队协作精神。,天津,150-500人,硕士,12337,21388
2024-06-02,Java后端开发,负责后端服务开发，确保代码质量和系统稳定性。要求熟悉Dubbo、Redis、MySQL等相关技术，具备良好的沟通能力和团队协作精神。,杭州,500-1000人,博士,29647,47662
2024-06-02,Java后端开发,负责后端服务开发，确保代码质量和系统稳定性。要求熟悉SpringBoot、Java、MySQL等相关技术，具备良好的沟通能力和团队协作精神。,杭州,1000人以上,硕士,19364,33558
2024-06-02,UI设计师,参与系统架构设计，优化系统性能，提升用户体验。要求熟悉UI设计、交互设计、用户体验等相关技术，具备良好的沟通能力和团队协作精神。,武汉,少于50人,本科,8107,13109
2024-06-03,产品经理,负责产品规划和设计，推动产品迭代优化。要求熟悉产品设计、数据分析、用户研究等相关技术，具备良好的沟通能力和团队协作精神。,成都,50-150人,博士,21725,39989
2024-06-03,Python开发工程师,参与需求分析，提供技术解决方案，推动项目落地。要求熟悉Django、Redis、Python等相关技术，具备良好的沟通能力和团队协作精神。,成都,1000人以上,博士,19122,34503
2024-06-03,人力资源专员,参与需求分析，提供技术解决方案，推动项目落地。要求熟悉招聘、绩效考核、员工关系等相关技术，具备良好的沟通能力和团队协作精神。,杭州,1000人以上,博士,18937,31221
2024-06-04,测试工程师,参与系统架构设计，优化系统性能，提升用户体验。要求熟悉自动化测试、测试、缺陷管理等相关技术，具备良好的沟通能力和团队协作精神。,天津,少于50人,博士,14236,24888
2024-06-04,算法工程师,负责后端服务开发，确保代码质量和系统稳定性。要求熟悉数据结构、机器学习、Python等相关技术，具备良好的沟通能力和团队协作精神。,南京,少于50人,大专,6451,11562
2024-06-07,全栈开发工程师,负责公司核心产品的开发与维护，参与技术方案设计。要求熟悉JavaScript、Node.js、MySQL等相关技术，具备良好的沟通能力和团队协作精神。,成都,500-1000人,本科,10037,17870
2024-06-07,市场经理,分析市场趋势和竞争对手，制定市场策略。要求熟悉品牌建设、市场营销、渠道拓展等相关技术，具备良好的沟通能力和团队协作精神。,南京,50-150人,硕士,18502,32426
2024-06-08,数据科学家,负责数据分析和挖掘，为业务决策提供数据支持。要求熟悉机器学习、深度学习、PyTorch等相关技术，具备良好的沟通能力和团队协作精神。,广州,150-500人,博士,47701,77074
2024-06-08,前端开发工程师,参与系统架构设计，优化系统性能，提升用户体验。要求熟悉HTML、CSS、Vue等相关技术，具备良好的沟通能力和团队协作精神。,深圳,50-150人,大专,10396,17913
2024-06-09,项目经理,参与需求分析，提供技术解决方案，推动项目落地。要求熟悉项目管理、团队协调、风险控制等相关技术，具备良好的沟通能力和团队协作精神。,上海,1000人以上,本科,27688,45917
2024-06-09,技术支持工程师,参与系统架构设计，优化系统性能，提升用户体验。要求熟悉客户沟通、问题排查、文档编写等相关技术，具备良好的沟通能力和团队协作精神。,苏州,500-1000人,本科,9139,17146
2024-06-10,销售代表,负责市场推广和品牌建设，拓展市场渠道。要求熟悉业绩目标、客户关系、商务谈判等相关技术，具备良好的沟通能力和团队协作精神。,重庆,少于50人,硕士,7930,14924
2024-06-10,算法工程师,负责后端服务开发，确保代码质量和系统稳定性。要求熟悉机器学习、深度学习、数据结构等相关技术，具备良好的沟通能力和团队协作精神。,武汉,1000人以上,博士,23797,38323
2024-06-12,运维工程师,参与需求分析，提供技术解决方案，推动项目落地。要求熟悉K8s、运维、Linux等相关技术，具备良好的沟通能力和团队协作精神。,天津,150-500人,大专,7608,13178
2024-06-12,数据分析师,构建机器学习模型，解决实际业务问题。要求熟悉Tableau、统计学、Python等相关技术，具备良好的沟通能力和团队协作精神。,广州,少于50人,本科,14322,21720
2024-06-13,机器学习工程师,参与需求分析，提供技术解决方案，推动项目落地。要求熟悉特征工程、机器学习、模型调优等相关技术，具备良好的沟通能力和团队协作精神。,苏州,500-1000人,本科,28215,48232
2024-06-13,人力资源专员,负责后端服务开发，确保代码质量和系统稳定性。要求熟悉绩效考核、招聘、员工关系等相关技术，具备良好的沟通能力和团队协作精神。,苏州,少于50人,硕士,6162,11189
2024-06-13,数据科学家,构建机器学习模型，解决实际业务问题。要求熟悉TensorFlow、机器学习、深度学习等相关技术，具备良好的沟通能力和团队协作精神。,广州,150-500人,博士,46075,75448
2024-06-15,UI设计师,负责公司核心产品的开发与维护，参与技术方案设计。要求熟悉UI设计、交互设计、用户体验等相关技术，具备良好的沟通能力和团队协作精神。,南京,150-500人,硕士,16272,24822
2024-06-15,UI设计师,负责公司核心产品的开发与维护，参与技术方案设计。要求熟悉交互设计、Figma、Sketch等相关技术，具备良好的沟通能力和团队协作精神。,西安,500-1000人,大专,9649,14644
2024-06-16,项目经理,负责公司核心产品的开发与维护，参与技术方案设计。要求熟悉风险控制、团队协调、项目管理等相关技术，具备良好的沟通能力和团队协作精神。,广州,1000人以上,本科,21065,36730
2024-06-16,数据科学家,构建机器学习模型，解决实际业务问题。要求熟悉PyTorch、深度学习、Python等相关技术，具备良好的沟通能力和团队协作精神。,成都,1000人以上,硕士,35697,56525
2024-06-17,架构师,参与系统架构设计，优化系统性能，提升用户体验。要求熟悉性能优化、微服务、技术选型等相关技术，具备良好的沟通能力和团队协作精神。,上海,50-150人,博士,21416,38733
2024-06-17,前端开发工程师,参与需求分析，提供技术解决方案，推动项目落地。要求熟悉React、Vue、CSS等相关技术，具备良好的沟通能力和团队协作精神。,上海,150-500人,本科,11871,21998
2024-06-18,数据科学家,负责数据分析和挖掘，为业务决策提供数据支持。要求熟悉机器学习、TensorFlow、Python等相关技术，具备良好的沟通能力和团队协作精神。,天津,1000人以上,大专,19804,32336
2024-06-20,销售代表,负责市场推广和品牌建设，拓展市场渠道。要求熟悉销售、业绩目标、客户关系等相关技术，具备良好的沟通能力和团队协作精神。,北京,少于50人,硕士,54039,88134
2024-06-21,全栈开发工程师,负责公司核心产品的开发与维护，参与技术方案设计。要求熟悉JavaScript、Node.js、MongoDB等相关技术，具备良好的沟通能力和团队协作精神。,南京,500-1000人,本科,12706,20974
2024-06-21,运营专员,分析运营数据，优化运营策略和流程。要求熟悉运营、数据分析、活动策划等相关技术，具备良好的沟通能力和团队协作精神。,北京,少于50人,大专,6102,10474
2024-06-22,产品经理,协调研发、设计、运营团队，确保产品按时交付。要求熟悉用户研究、需求分析、数据分析等相关技术，具备良好的沟通能力和团队协作精神。,西安,少于50人,硕士,11979,22733
2024-06-24,运营专员,策划运营活动，提升品牌影响力和用户增长。要求熟悉运营、活动策划、用户增长等相关技术，具备良好的沟通能力和团队协作精神。,重庆,少于50人,博士,8259,14311
2024-06-25,架构师,参与系统架构设计，优化系统性能，提升用户体验。要求熟悉微服务、性能优化、技术选型等相关技术，具备良好的沟通能力和团队协作精神。,广州,少于50人,博士,20257,33573
2024-06-25,销售代表,分析市场趋势和竞争对手，制定市场策略。要求熟悉业绩目标、销售、客户关系等相关技术，具备良好的沟通能力和团队协作精神。,西安,150-500人,博士,13997,25675
2024-06-25,数据分析师,构建机器学习模型，解决实际业务问题。要求熟悉统计学、Python、SQL等相关技术，具备良好的沟通能力和团队协作精神。,武汉,500-1000人,博士,21176,34492
2024-06-25,算法工程师,参与系统架构设计，优化系统性能，提升用户体验。要求熟悉深度学习、机器学习、数据结构等相关技术，具备良好的沟通能力和团队协作精神。,上海,1000人以上,博士,30396,52271
2024-06-27,产品经理,协调研发、设计、运营团队，确保产品按时交付。要求熟悉Axure、需求分析、产品设计等相关技术，具备良好的沟通能力和团队协作精神。,深圳,500-1000人,博士,38332,67705
2024-06-27,产品经理,分析用户需求和市场动态，制定产品发展策略。要求熟悉需求分析、数据分析、产品设计等相关技术，具备良好的沟通能力和团队协作精神。,杭州,500-1000人,大专,15589,27599
2024-06-28,Java后端开发,参与需求分析，提供技术解决方案，推动项目落地。要求熟悉Java、MySQL、Redis等相关技术，具备良好的沟通能力和团队协作精神。,杭州,1000人以上,博士,26942,46595
2024-06-28,全栈开发工程师,参与系统架构设计，优化系统性能，提升用户体验。要求熟悉React、MySQL、Node.js等相关技术，具备良好的沟通能力和团队协作精神。,南京,150-500人,大专,6851,12864
2024-06-30,数据科学家,构建机器学习模型，解决实际业务问题。要求熟悉TensorFlow、机器学习、深度学习等相关技术，具备良好的沟通能力和团队协作精神。,苏州,1000人以上,本科,26175,42553
2024-06-30,Python开发工程师,负责公司核心产品的开发与维护，参与技术方案设计。要求熟悉Flask、Python、Redis等相关技术，具备良好的沟通能力和团队协作精神。,北京,1000人以上,大专,16792,26666
2024-07-03,产品经理,分析用户需求和市场动态，制定产品发展策略。要求熟悉数据分析、用户研究、产品设计等相关技术，具备良好的沟通能力和团队协作精神。,北京,150-500人,硕士,25760,44649
2024-07-03,人力资源专员,参与系统架构设计，优化系统性能，提升用户体验。要求熟悉招聘、员工关系、绩效考核等相关技术，具备良好的沟通能力和团队协作精神。,武汉,少于50人,本科,5646,9011
2024-07-04,人力资源专员,负责公司核心产品的开发与维护，参与技术方案设计。要求熟悉培训、员工关系、招聘等相关技术，具备良好的沟通能力和团队协作精神。,成都,150-500人,大专,5897,9250
2024-07-04,技术支持工程师,负责后端服务开发，确保代码质量和系统稳定性。要求熟悉客户沟通、问题排查、文档编写等相关技术，具备良好的沟通能力和团队协作精神。,广州,1000人以上,本科,14006,23841
2024-07-05,人力资源专员,负责后端服务开发，确保代码质量和系统稳定性。要求熟悉员工关系、绩效考核、招聘等相关技术，具备良好的沟通能力和团队协作精神。,西安,50-150人,大专,5000,7550
2024-07-05,技术支持工程师,参与需求分析，提供技术解决方案，推动项目落地。要求熟悉客户沟通、问题排查、文档编写等相关技术，具备良好的沟通能力和团队协作精神。,广州,1000人以上,本科,14594,24430
2024-07-06,测试工程师,负责公司核心产品的开发与维护，参与技术方案设计。要求熟悉测试、性能测试、自动化测试等相关技术，具备良好的沟通能力和团队协作精神。,深圳,500-1000人,大专,9301,17497
2024-07-07,人力资源专员,参与需求分析，提供技术解决方案，推动项目落地。要求熟悉绩效考核、员工关系、招聘等相关技术，具备良好的沟通能力和团队协作精神。,上海,1000人以上,硕士,14076,23375
2024-07-07,Java后端开发,负责后端服务开发，确保代码质量和系统稳定性。要求熟悉Redis、SpringBoot、Dubbo等相关技术，具备良好的沟通能力和团队协作精神。,深圳,50-150人,博士,27727,43654
2024-07-08,销售代表,负责市场推广和品牌建设，拓展市场渠道。要求熟悉销售、商务谈判、业绩目标等相关技术，具备良好的沟通能力和团队协作精神。,杭州,1000人以上,硕士,18868,32236
2024-07-08,数据分析师,设计和维护数据报表，监控业务指标变化。要求熟悉SQL、Excel、统计学等相关技术，具备良好的沟通能力和团队协作精神。,北京,少于50人,大专,10569,17155
2024-07-08,UI设计师,参与系统架构设计，优化系统性能，提升用户体验。要求熟悉UI设计、Figma、用户体验等相关技术，具备良好的沟通能力和团队协作精神。,成都,150-500人,大专,8218,12912
2024-07-08,市场经理,策划营销活动，提升产品知名度和市场份额。要求熟悉市场营销、品牌建设、渠道拓展等相关技术，具备良好的沟通能力和团队协作精神。,北京,500-1000人,博士,34599,63368
2024-07-08,数据科学家,设计和维护数据报表，监控业务指标变化。要求熟悉深度学习、Python、TensorFlow等相关技术，具备良好的沟通能力和团队协作精神。,南京,500-1000人,大专,15258,26938
2024-07-08,销售代表,策划营销活动，提升产品知名度和市场份额。要求熟悉业绩目标、商务谈判、销售等相关技术，具备良好的沟通能力和团队协作精神。,上海,150-500人,大专,10527,18157
2024-07-08,UI设计师,参与需求分析，提供技术解决方案，推动项目落地。要求熟悉Figma、UI设计、Sketch等相关技术，具备良好的沟通能力和团队协作精神。,西安,1000人以上,硕士,11172,19512
2024-07-09,市场经理,分析市场趋势和竞争对手，制定市场策略。要求熟悉品牌建设、市场营销、渠道拓展等相关技术，具备良好的沟通能力和团队协作精神。,天津,500-1000人,硕士,20211,34276
2024-07-09,人力资源专员,参与需求分析，提供技术解决方案，推动项目落地。要求熟悉员工关系、招聘、绩效考核等相关技术，具备良好的沟通能力和团队协作精神。,重庆,50-150人,本科,5363,8903
2024-07-09,测试工程师,负责后端服务开发，确保代码质量和系统稳定性。要求熟悉性能测试、缺陷管理、测试等相关技术，具备良好的沟通能力和团队协作精神。,南京,少于50人,博士,14255,25085
2024-07-09,技术支持工程师,负责后端服务开发，确保代码质量和系统稳定性。要求熟悉客户沟通、文档编写、问题排查等相关技术，具备良好的沟通能力和团队协作精神。,天津,少于50人,大专,5615,10074
2024-07-10,技术支持工程师,参与需求分析，提供技术解决方案，推动项目落地。要求熟悉问题排查、客户沟通、文档编写等相关技术，具备良好的沟通能力和团队协作精神。,天津,1000人以上,博士,18456,32619
2024-07-10,市场经理,策划营销活动，提升产品知名度和市场份额。要求熟悉活动策划、市场营销、品牌建设等相关技术，具备良好的沟通能力和团队协作精神。,上海,150-500人,本科,55317,98238
2024-07-11,市场经理,策划营销活动，提升产品知名度和市场份额。要求熟悉市场营销、渠道拓展、品牌建设等相关技术，具备良好的沟通能力和团队协作精神。,苏州,1000人以上,博士,28230,50441
2024-07-11,Python开发工程师,参与需求分析，提供技术解决方案，推动项目落地。要求熟悉Python、Flask、MySQL等相关技术，具备良好的沟通能力和团队协作精神。,重庆,150-500人,硕士,8469,16219
2024-07-12,市场经理,分析市场趋势和竞争对手，制定市场策略。要求熟悉活动策划、渠道拓展、品牌建设等相关技术，具备良好的沟通能力和团队协作精神。,南京,500-1000人,博士,31474,52497
2024-07-13,机器学习工程师,负责公司核心产品的开发与维护，参与技术方案设计。要求熟悉Python、特征工程、机器学习等相关技术，具备良好的沟通能力和团队协作精神。,广州,150-500人,大专,3856,6478
2024-07-13,前端开发工程师,参与系统架构设计，优化系统性能，提升用户体验。要求熟悉HTML、TypeScript、Vue等相关技术，具备良好的沟通能力和团队协作精神。,上海,50-150人,本科,12217,21278
2024-07-14,数据科学家,构建机器学习模型，解决实际业务问题。要求熟悉Python、深度学习、PyTorch等相关技术，具备良好的沟通能力和团队协作精神。,西安,500-1000人,硕士,28320,44702
2024-07-15,运维工程师,负责公司核心产品的开发与维护，参与技术方案设计。要求熟悉K8s、Docker、Linux等相关技术，具备良好的沟通能力和团队协作精神。,苏州,50-150人,硕士,15625,24091
2024-07-15,运维工程师,负责公司核心产品的开发与维护，参与技术方案设计。要求熟悉运维、Docker、Linux等相关技术，具备良好的沟通能力和团队协作精神。,重庆,500-1000人,硕士,12514,21038
2024-07-15,人力资源专员,负责后端服务开发，确保代码质量和系统稳定性。要求熟悉培训、招聘、员工关系等相关技术，具备良好的沟通能力和团队协作精神。,南京,少于50人,硕士,6700,11589
2024-07-15,机器学习工程师,参与需求分析，提供技术解决方案，推动项目落地。要求熟悉机器学习、模型调优、Python等相关技术，具备良好的沟通能力和团队协作精神。,深圳,1000人以上,硕士,17981,32511
2024-07-15,销售代表,策划营销活动，提升产品知名度和市场份额。要求熟悉业绩目标、客户关系、商务谈判等相关技术，具备良好的沟通能力和团队协作精神。,武汉,500-1000人,博士,16234,28774
2024-07-15,产品经理,负责产品规划和设计，推动产品迭代优化。要求熟悉数据分析、产品设计、需求分析等相关技术，具备良好的沟通能力和团队协作精神。,深圳,少于50人,硕士,25133,40571
2024-07-16,前端开发工程师,负责公司核心产品的开发与维护，参与技术方案设计。要求熟悉Vue、JavaScript、CSS等相关技术，具备良好的沟通能力和团队协作精神。,天津,50-150人,大专,6971,11954
2024-07-16,财务分析师,参与系统架构设计，优化系统性能，提升用户体验。要求熟悉Excel、财务报表、预算编制等相关技术，具备良好的沟通能力和团队协作精神。,上海,500-1000人,本科,18723,29215
2024-07-16,架构师,负责后端服务开发，确保代码质量和系统稳定性。要求熟悉技术选型、系统架构、性能优化等相关技术，具备良好的沟通能力和团队协作精神。,西安,500-1000人,硕士,9653,18390
2024-07-16,运营专员,分析运营数据，优化运营策略和流程。要求熟悉运营、用户增长、数据分析等相关技术，具备良好的沟通能力和团队协作精神。,天津,少于50人,硕士,6650,11178
2024-07-16,数据分析师,构建机器学习模型，解决实际业务问题。要求熟悉Tableau、Python、Excel等相关技术，具备良好的沟通能力和团队协作精神。,广州,150-500人,硕士,21995,32650
2024-07-17,财务分析师,参与系统架构设计，优化系统性能，提升用户体验。要求熟悉财务分析、预算编制、财务报表等相关技术，具备良好的沟通能力和团队协作精神。,天津,50-150人,大专,8690,13674
2024-07-18,Python开发工程师,负责公司核心产品的开发与维护，参与技术方案设计。要求熟悉Django、Redis、MySQL等相关技术，具备良好的沟通能力和团队协作精神。,武汉,1000人以上,硕士,12808,22688
2024-07-18,项目经理,负责公司核心产品的开发与维护，参与技术方案设计。要求熟悉项目管理、进度控制、团队协调等相关技术，具备良好的沟通能力和团队协作精神。,上海,150-500人,本科,21960,36266
2024-07-18,技术支持工程师,参与需求分析，提供技术解决方案，推动项目落地。要求熟悉技术支持、客户沟通、文档编写等相关技术，具备良好的沟通能力和团队协作精神。,天津,1000人以上,大专,9442,15736
2024-07-20,数据分析师,设计和维护数据报表，监控业务指标变化。要求熟悉Python、Tableau、SQL等相关技术，具备良好的沟通能力和团队协作精神。,深圳,50-150人,硕士,22984,34487
2024-07-20,人力资源专员,负责公司核心产品的开发与维护，参与技术方案设计。要求熟悉培训、员工关系、绩效考核等相关技术，具备良好的沟通能力和团队协作精神。,南京,500-1000人,大专,5944,9838
2024-07-22,UI设计师,参与需求分析，提供技术解决方案，推动项目落地。要求熟悉用户体验、UI设计、Sketch等相关技术，具备良好的沟通能力和团队协作精神。,成都,少于50人,本科,7450,12437
2024-07-22,测试工程师,负责公司核心产品的开发与维护，参与技术方案设计。要求熟悉自动化测试、性能测试、缺陷管理等相关技术，具备良好的沟通能力和团队协作精神。,重庆,500-1000人,本科,9223,15780
2024-07-25,机器学习工程师,负责公司核心产品的开发与维护，参与技术方案设计。要求熟悉机器学习、Python、模型调优等相关技术，具备良好的沟通能力和团队协作精神。,武汉,50-150人,本科,8580,14597
2024-07-25,Java后端开发,负责公司核心产品的开发与维护，参与技术方案设计。要求熟悉Dubbo、Java、MySQL等相关技术，具备良好的沟通能力和团队协作精神。,南京,150-500人,本科,11001,18080
2024-07-25,财务分析师,负责后端服务开发，确保代码质量和系统稳定性。要求熟悉财务分析、财务报表、Excel等相关技术，具备良好的沟通能力和团队协作精神。,天津,1000人以上,本科,13246,21114
2024-07-26,数据科学家,负责数据分析和挖掘，为业务决策提供数据支持。要求熟悉Python、PyTorch、深度学习等相关技术，具备良好的沟通能力和团队协作精神。,上海,50-150人,大专,17879,31470
2024-07-26,机器学习工程师,参与需求分析，提供技术解决方案，推动项目落地。要求熟悉模型调优、特征工程、机器学习等相关技术，具备良好的沟通能力和团队协作精神。,广州,少于50人,本科,10756,17723
2024-07-26,运营专员,策划运营活动，提升品牌影响力和用户增长。要求熟悉活动策划、运营、用户增长等相关技术，具备良好的沟通能力和团队协作精神。,武汉,1000人以上,本科,6757,11508
2024-07-26,测试工程师,参与需求分析，提供技术解决方案，推动项目落地。要求熟悉测试、自动化测试、性能测试等相关技术，具备良好的沟通能力和团队协作精神。,南京,150-500人,博士,21518,34259
2024-07-27,运营专员,负责日常运营工作，提升用户活跃度和留存率。要求熟悉运营、活动策划、数据分析等相关技术，具备良好的沟通能力和团队协作精神。,苏州,150-500人,本科,7387,11671
2024-07-28,算法工程师,负责公司核心产品的开发与维护，参与技术方案设计。要求熟悉深度学习、Python、机器学习等相关技术，具备良好的沟通能力和团队协作精神。,苏州,50-150人,博士,20418,32140
2024-07-28,运维工程师,负责公司核心产品的开发与维护，参与技术方案设计。要求熟悉Docker、Linux、监控等相关技术，具备良好的沟通能力和团队协作精神。,西安,150-500人,本科,10019,16129
2024-07-29,Python开发工程师,负责后端服务开发，确保代码质量和系统稳定性。要求熟悉FastAPI、Redis、Flask等相关技术，具备良好的沟通能力和团队协作精神。,广州,150-500人,硕士,15797,26452
2024-07-29,前端开发工程师,负责后端服务开发，确保代码质量和系统稳定性。要求熟悉HTML、Vue、JavaScript等相关技术，具备良好的沟通能力和团队协作精神。,武汉,少于50人,硕士,9377,16375
2024-07-31,运维工程师,负责公司核心产品的开发与维护，参与技术方案设计。要求熟悉Docker、运维、监控等相关技术，具备良好的沟通能力和团队协作精神。,北京,500-1000人,博士,25939,45118
2024-08-01,项目经理,参与需求分析，提供技术解决方案，推动项目落地。要求熟悉项目管理、进度控制、团队协调等相关技术，具备良好的沟通能力和团队协作精神。,重庆,1000人以上,博士,28920,48036
2024-08-01,产品经理,协调研发、设计、运营团队，确保产品按时交付。要求熟悉需求分析、数据分析、Axure等相关技术，具备良好的沟通能力和团队协作精神。,成都,1000人以上,博士,28573,50079
2024-08-01,数据分析师,设计和维护数据报表，监控业务指标变化。要求熟悉统计学、SQL、Excel等相关技术，具备良好的沟通能力和团队协作精神。,南京,50-150人,本科,10719,17375
2024-08-01,产品经理,负责产品规划和设计，推动产品迭代优化。要求熟悉产品设计、需求分析、Axure等相关技术，具备良好的沟通能力和团队协作精神。,苏州,150-500人,硕士,22449,35680
2024-08-02,算法工程师,参与系统架构设计，优化系统性能，提升用户体验。要求熟悉深度学习、机器学习、Python等相关技术，具备良好的沟通能力和团队协作精神。,广州,50-150人,博士,20162,34035
2024-08-03,产品经理,分析用户需求和市场动态，制定产品发展策略。要求熟悉数据分析、产品设计、需求分析等相关技术，具备良好的沟通能力和团队协作精神。,苏州,1000人以上,大专,11092,20862
2024-08-03,数据分析师,负责数据分析和挖掘，为业务决策提供数据支持。要求熟悉Tableau、Excel、Python等相关技术，具备良好的沟通能力和团队协作精神。,成都,1000人以上,大专,12117,18489
2024-08-04,机器学习工程师,参与需求分析，提供技术解决方案，推动项目落地。要求熟悉Python、模型调优、特征工程等相关技术，具备良好的沟通能力和团队协作精神。,南京,少于50人,博士,14573,25293
2024-08-05,架构师,参与需求分析，提供技术解决方案，推动项目落地。要求熟悉技术选型、微服务、系统架构等相关技术，具备良好的沟通能力和团队协作精神。,苏州,150-500人,大专,7509,12937
2024-08-05,测试工程师,负责公司核心产品的开发与维护，参与技术方案设计。要求熟悉测试、自动化测试、缺陷管理等相关技术，具备良好的沟通能力和团队协作精神。,成都,150-500人,本科,7503,14140
2024-08-05,技术支持工程师,负责公司核心产品的开发与维护，参与技术方案设计。要求熟悉客户沟通、技术支持、文档编写等相关技术，具备良好的沟通能力和团队协作精神。,天津,少于50人,大专,6710,11123
2024-08-05,机器学习工程师,参与系统架构设计，优化系统性能，提升用户体验。要求熟悉模型调优、Python、机器学习等相关技术，具备良好的沟通能力和团队协作精神。,广州,1000人以上,博士,21069,38592
2024-08-06,Python开发工程师,参与需求分析，提供技术解决方案，推动项目落地。要求熟悉Python、MySQL、Django等相关技术，具备良好的沟通能力和团队协作精神。,重庆,50-150人,大专,6308,10793
2024-08-06,人力资源专员,参与系统架构设计，优化系统性能，提升用户体验。要求熟悉培训、员工关系、招聘等相关技术，具备良好的沟通能力和团队协作精神。,深圳,1000人以上,博士,20984,33429
2024-08-07,运营专员,分析运营数据，优化运营策略和流程。要求熟悉用户增长、数据分析、运营等相关技术，具备良好的沟通能力和团队协作精神。,天津,1000人以上,本科,7152,12020
2024-08-07,机器学习工程师,参与需求分析，提供技术解决方案，推动项目落地。要求熟悉机器学习、Python、模型调优等相关技术，具备良好的沟通能力和团队协作精神。,西安,50-150人,本科,7634,13379
2024-08-07,Python开发工程师,参与需求分析，提供技术解决方案，推动项目落地。要求熟悉Flask、FastAPI、Redis等相关技术，具备良好的沟通能力和团队协作精神。,西安,50-150人,硕士,10806,18274
2024-08-08,人力资源专员,参与系统架构设计，优化系统性能，提升用户体验。要求熟悉招聘、培训、绩效考核等相关技术，具备良好的沟通能力和团队协作精神。,武汉,少于50人,博士,9017,15012
2024-08-08,人力资源专员,负责公司核心产品的开发与维护，参与技术方案设计。要求熟悉培训、员工关系、招聘等相关技术，具备良好的沟通能力和团队协作精神。,成都,150-500人,硕士,7959,13352
2024-08-10,机器学习工程师,负责公司核心产品的开发与维护，参与技术方案设计。要求熟悉模型调优、Python、机器学习等相关技术，具备良好的沟通能力和团队协作精神。,深圳,150-500人,大专,9114,16489
2024-08-11,数据科学家,设计和维护数据报表，监控业务指标变化。要求熟悉PyTorch、深度学习、机器学习等相关技术，具备良好的沟通能力和团队协作精神。,杭州,1000人以上,大专,26437,41703
2024-08-12,架构师,负责后端服务开发，确保代码质量和系统稳定性。要求熟悉性能优化、微服务、技术选型等相关技术，具备良好的沟通能力和团队协作精神。,重庆,150-500人,硕士,10626,18296
2024-08-12,技术支持工程师,参与系统架构设计，优化系统性能，提升用户体验。要求熟悉客户沟通、问题排查、文档编写等相关技术，具备良好的沟通能力和团队协作精神。,天津,50-150人,博士,14260,25358
2024-08-13,销售代表,分析市场趋势和竞争对手，制定市场策略。要求熟悉销售、客户关系、业绩目标等相关技术，具备良好的沟通能力和团队协作精神。,武汉,50-150人,硕士,8476,16218
2024-08-14,财务分析师,参与需求分析，提供技术解决方案，推动项目落地。要求熟悉Excel、预算编制、财务报表等相关技术，具备良好的沟通能力和团队协作精神。,广州,少于50人,大专,8783,14300
2024-08-14,架构师,参与系统架构设计，优化系统性能，提升用户体验。要求熟悉系统架构、性能优化、微服务等相关技术，具备良好的沟通能力和团队协作精神。,南京,少于50人,硕士,12641,20384
2024-08-15,运营专员,分析运营数据，优化运营策略和流程。要求熟悉数据分析、运营、活动策划等相关技术，具备良好的沟通能力和团队协作精神。,南京,500-1000人,博士,12765,21435
2024-08-15,人力资源专员,负责后端服务开发，确保代码质量和系统稳定性。要求熟悉员工关系、培训、绩效考核等相关技术，具备良好的沟通能力和团队协作精神。,上海,1000人以上,博士,20043,32787
2024-08-17,Java后端开发,参与系统架构设计，优化系统性能，提升用户体验。要求熟悉Dubbo、Spring、Java等相关技术，具备良好的沟通能力和团队协作精神。,深圳,150-500人,博士,21134,37728
2024-08-17,运维工程师,参与需求分析，提供技术解决方案，推动项目落地。要求熟悉Docker、监控、运维等相关技术，具备良好的沟通能力和团队协作精神。,杭州,50-150人,硕士,13512,23987
2024-08-18,机器学习工程师,参与系统架构设计，优化系统性能，提升用户体验。要求熟悉机器学习、特征工程、Python等相关技术，具备良好的沟通能力和团队协作精神。,上海,1000人以上,博士,32977,53368
2024-08-18,算法工程师,参与需求分析，提供技术解决方案，推动项目落地。要求熟悉数据结构、深度学习、机器学习等相关技术，具备良好的沟通能力和团队协作精神。,西安,1000人以上,硕士,13857,23291
2024-08-18,前端开发工程师,参与需求分析，提供技术解决方案，推动项目落地。要求熟悉React、TypeScript、CSS等相关技术，具备良好的沟通能力和团队协作精神。,武汉,150-500人,本科,8798,15067
2024-08-18,Java后端开发,负责公司核心产品的开发与维护，参与技术方案设计。要求熟悉Java、MySQL、Dubbo等相关技术，具备良好的沟通能力和团队协作精神。,深圳,少于50人,大专,7755,14023
2024-08-18,产品经理,协调研发、设计、运营团队，确保产品按时交付。要求熟悉需求分析、数据分析、产品设计等相关技术，具备良好的沟通能力和团队协作精神。,南京,少于50人,大专,9133,16280
2024-08-19,算法工程师,参与需求分析，提供技术解决方案，推动项目落地。要求熟悉算法、Python、深度学习等相关技术，具备良好的沟通能力和团队协作精神。,深圳,50-150人,博士,20408,36173
2024-08-19,UI设计师,负责公司核心产品的开发与维护，参与技术方案设计。要求熟悉Sketch、Figma、交互设计等相关技术，具备良好的沟通能力和团队协作精神。,杭州,500-1000人,博士,20878,35572
2024-08-20,机器学习工程师,负责公司核心产品的开发与维护，参与技术方案设计。要求熟悉机器学习、Python、模型调优等相关技术，具备良好的沟通能力和团队协作精神。,西安,150-500人,本科,8076,14124
2024-08-20,UI设计师,参与需求分析，提供技术解决方案，推动项目落地。要求熟悉UI设计、交互设计、Sketch等相关技术，具备良好的沟通能力和团队协作精神。,上海,500-1000人,大专,11122,18390
2024-08-20,产品经理,分析用户需求和市场动态，制定产品发展策略。要求熟悉数据分析、Axure、需求分析等相关技术，具备良好的沟通能力和团队协作精神。,西安,150-500人,硕士,14638,26431
2024-08-20,运维工程师,负责公司核心产品的开发与维护，参与技术方案设计。要求熟悉监控、Linux、K8s等相关技术，具备良好的沟通能力和团队协作精神。,武汉,1000人以上,博士,18804,32345
2024-08-21,UI设计师,负责后端服务开发，确保代码质量和系统稳定性。要求熟悉用户体验、Sketch、UI设计等相关技术，具备良好的沟通能力和团队协作精神。,成都,150-500人,博士,16018,26472
2024-08-21,运维工程师,负责后端服务开发，确保代码质量和系统稳定性。要求熟悉K8s、Linux、运维等相关技术，具备良好的沟通能力和团队协作精神。,天津,500-1000人,大专,8008,13719
2024-08-22,产品经理,协调研发、设计、运营团队，确保产品按时交付。要求熟悉用户研究、产品设计、数据分析等相关技术，具备良好的沟通能力和团队协作精神。,南京,50-150人,大专,11027,19015
2024-08-22,测试工程师,负责后端服务开发，确保代码质量和系统稳定性。要求熟悉测试、性能测试、缺陷管理等相关技术，具备良好的沟通能力和团队协作精神。,武汉,少于50人,硕士,10864,17791
2024-08-22,运维工程师,负责后端服务开发，确保代码质量和系统稳定性。要求熟悉监控、运维、Linux等相关技术，具备良好的沟通能力和团队协作精神。,武汉,150-500人,本科,8378,14647
2024-08-23,算法工程师,参与需求分析，提供技术解决方案，推动项目落地。要求熟悉深度学习、算法、数据结构等相关技术，具备良好的沟通能力和团队协作精神。,北京,50-150人,大专,10217,17503
2024-08-25,运维工程师,负责公司核心产品的开发与维护，参与技术方案设计。要求熟悉监控、运维、Docker等相关技术，具备良好的沟通能力和团队协作精神。,苏州,1000人以上,博士,20809,35465
2024-08-26,算法工程师,参与需求分析，提供技术解决方案，推动项目落地。要求熟悉算法、Python、机器学习等相关技术，具备良好的沟通能力和团队协作精神。,苏州,500-1000人,本科,10232,17696
2024-08-26,算法工程师,负责公司核心产品的开发与维护，参与技术方案设计。要求熟悉算法、数据结构、机器学习等相关技术，具备良好的沟通能力和团队协作精神。,上海,50-150人,博士,23380,39523
2024-08-26,运营专员,策划运营活动，提升品牌影响力和用户增长。要求熟悉数据分析、活动策划、用户增长等相关技术，具备良好的沟通能力和团队协作精神。,重庆,150-500人,硕士,5794,10588
2024-08-26,产品经理,分析用户需求和市场动态，制定产品发展策略。要求熟悉产品设计、Axure、用户研究等相关技术，具备良好的沟通能力和团队协作精神。,杭州,1000人以上,本科,19953,35219
2024-08-26,算法工程师,参与系统架构设计，优化系统性能，提升用户体验。要求熟悉深度学习、机器学习、算法等相关技术，具备良好的沟通能力和团队协作精神。,杭州,500-1000人,本科,10834,20163
2024-08-27,机器学习工程师,参与需求分析，提供技术解决方案，推动项目落地。要求熟悉Python、机器学习、特征工程等相关技术，具备良好的沟通能力和团队协作精神。,成都,1000人以上,大专,9682,16055
2024-08-28,Python开发工程师,负责公司核心产品的开发与维护，参与技术方案设计。要求熟悉Django、Redis、Python等相关技术，具备良好的沟通能力和团队协作精神。,深圳,1000人以上,大专,9546,18396
2024-08-29,Java后端开发,参与需求分析，提供技术解决方案，推动项目落地。要求熟悉MySQL、Java、SpringBoot等相关技术，具备良好的沟通能力和团队协作精神。,天津,少于50人,博士,12472,22402
2024-08-29,全栈开发工程师,负责后端服务开发，确保代码质量和系统稳定性。要求熟悉MySQL、MongoDB、JavaScript等相关技术，具备良好的沟通能力和团队协作精神。,重庆,少于50人,本科,5572,10587
2024-08-30,架构师,负责公司核心产品的开发与维护，参与技术方案设计。要求熟悉系统架构、技术选型、性能优化等相关技术，具备良好的沟通能力和团队协作精神。,天津,500-1000人,大专,7246,12957
2024-08-30,数据分析师,设计和维护数据报表，监控业务指标变化。要求熟悉Excel、统计学、Python等相关技术，具备良好的沟通能力和团队协作精神。,上海,150-500人,大专,11078,18630
2024-08-31,销售代表,分析市场趋势和竞争对手，制定市场策略。要求熟悉客户关系、商务谈判、业绩目标等相关技术，具备良好的沟通能力和团队协作精神。,天津,150-500人,硕士,11011,19448
2024-09-01,产品经理,分析用户需求和市场动态，制定产品发展策略。要求熟悉用户研究、产品设计、Axure等相关技术，具备良好的沟通能力和团队协作精神。,重庆,1000人以上,大专,14258,23104
2024-09-01,UI设计师,负责后端服务开发，确保代码质量和系统稳定性。要求熟悉用户体验、Figma、UI设计等相关技术，具备良好的沟通能力和团队协作精神。,广州,1000人以上,博士,30206,46171
2024-09-01,机器学习工程师,参与系统架构设计，优化系统性能，提升用户体验。要求熟悉特征工程、Python、机器学习等相关技术，具备良好的沟通能力和团队协作精神。,深圳,500-1000人,大专,11197,19644
2024-09-02,Python开发工程师,参与系统架构设计，优化系统性能，提升用户体验。要求熟悉MySQL、Redis、Django等相关技术，具备良好的沟通能力和团队协作精神。,深圳,50-150人,本科,10884,20003
2024-09-02,数据分析师,负责数据分析和挖掘，为业务决策提供数据支持。要求熟悉SQL、Python、Excel等相关技术，具备良好的沟通能力和团队协作精神。,深圳,1000人以上,本科,20120,31639
2024-09-02,市场经理,负责市场推广和品牌建设，拓展市场渠道。要求熟悉渠道拓展、市场营销、品牌建设等相关技术，具备良好的沟通能力和团队协作精神。,广州,少于50人,本科,16179,26949
2024-09-03,财务分析师,参与系统架构设计，优化系统性能，提升用户体验。要求熟悉财务分析、Excel、预算编制等相关技术，具备良好的沟通能力和团队协作精神。,天津,1000人以上,大专,11963,18450
2024-09-04,测试工程师,参与系统架构设计，优化系统性能，提升用户体验。要求熟悉缺陷管理、性能测试、自动化测试等相关技术，具备良好的沟通能力和团队协作精神。,上海,50-150人,大专,8926,16397
2024-09-04,产品经理,协调研发、设计、运营团队，确保产品按时交付。要求熟悉需求分析、数据分析、产品设计等相关技术，具备良好的沟通能力和团队协作精神。,成都,少于50人,硕士,16710,28165
2024-09-05,销售代表,负责市场推广和品牌建设，拓展市场渠道。要求熟悉客户关系、销售、业绩目标等相关技术，具备良好的沟通能力和团队协作精神。,天津,150-500人,博士,14871,27035
2024-09-06,人力资源专员,参与需求分析，提供技术解决方案，推动项目落地。要求熟悉招聘、绩效考核、培训等相关技术，具备良好的沟通能力和团队协作精神。,杭州,50-150人,硕士,12041,18857
2024-09-07,全栈开发工程师,负责后端服务开发，确保代码质量和系统稳定性。要求熟悉JavaScript、MySQL、Node.js等相关技术，具备良好的沟通能力和团队协作精神。,重庆,50-150人,博士,14853,25359
2024-09-07,数据分析师,负责数据分析和挖掘，为业务决策提供数据支持。要求熟悉统计学、Python、Excel等相关技术，具备良好的沟通能力和团队协作精神。,重庆,500-1000人,大专,9433,14840
2024-09-07,市场经理,策划营销活动，提升产品知名度和市场份额。要求熟悉品牌建设、渠道拓展、活动策划等相关技术，具备良好的沟通能力和团队协作精神。,成都,1000人以上,本科,17447,29888
2024-09-07,全栈开发工程师,参与系统架构设计，优化系统性能，提升用户体验。要求熟悉JavaScript、React、MongoDB等相关技术，具备良好的沟通能力和团队协作精神。,北京,1000人以上,博士,32273,53837
2024-09-07,前端开发工程师,负责后端服务开发，确保代码质量和系统稳定性。要求熟悉React、HTML、CSS等相关技术，具备良好的沟通能力和团队协作精神。,上海,50-150人,本科,15965,25302
2024-09-08,产品经理,协调研发、设计、运营团队，确保产品按时交付。要求熟悉产品设计、用户研究、Axure等相关技术，具备良好的沟通能力和团队协作精神。,重庆,50-150人,博士,24264,40021
2024-09-08,财务分析师,负责公司核心产品的开发与维护，参与技术方案设计。要求熟悉财务报表、Excel、预算编制等相关技术，具备良好的沟通能力和团队协作精神。,北京,少于50人,博士,27666,42940
2024-09-08,技术支持工程师,参与需求分析，提供技术解决方案，推动项目落地。要求熟悉客户沟通、问题排查、文档编写等相关技术，具备良好的沟通能力和团队协作精神。,武汉,500-1000人,本科,11151,18331
2024-09-09,财务分析师,负责公司核心产品的开发与维护，参与技术方案设计。要求熟悉财务报表、Excel、预算编制等相关技术，具备良好的沟通能力和团队协作精神。,广州,1000人以上,本科,20433,30570
2024-09-09,技术支持工程师,负责公司核心产品的开发与维护，参与技术方案设计。要求熟悉技术支持、文档编写、问题排查等相关技术，具备良好的沟通能力和团队协作精神。,苏州,1000人以上,大专,9807,16589
2024-09-09,市场经理,策划营销活动，提升产品知名度和市场份额。要求熟悉渠道拓展、市场营销、品牌建设等相关技术，具备良好的沟通能力和团队协作精神。,广州,50-150人,博士,32247,53914
2024-09-10,算法工程师,负责公司核心产品的开发与维护，参与技术方案设计。要求熟悉Python、机器学习、数据结构等相关技术，具备良好的沟通能力和团队协作精神。,广州,150-500人,博士,17825,33030
2024-09-10,运维工程师,负责后端服务开发，确保代码质量和系统稳定性。要求熟悉Linux、Docker、运维等相关技术，具备良好的沟通能力和团队协作精神。,重庆,150-500人,大专,7132,12047
2024-09-10,项目经理,负责后端服务开发，确保代码质量和系统稳定性。要求熟悉团队协调、进度控制、风险控制等相关技术，具备良好的沟通能力和团队协作精神。,成都,1000人以上,大专,12287,22240
2024-09-10,数据分析师,设计和维护数据报表，监控业务指标变化。要求熟悉SQL、Python、Tableau等相关技术，具备良好的沟通能力和团队协作精神。,天津,50-150人,硕士,12006,20352
2024-09-10,UI设计师,负责公司核心产品的开发与维护，参与技术方案设计。要求熟悉用户体验、UI设计、Figma等相关技术，具备良好的沟通能力和团队协作精神。,西安,少于50人,博士,15975,24405
2024-09-11,算法工程师,参与需求分析，提供技术解决方案，推动项目落地。要求熟悉算法、Python、机器学习等相关技术，具备良好的沟通能力和团队协作精神。,北京,少于50人,硕士,14448,25480
2024-09-12,人力资源专员,参与系统架构设计，优化系统性能，提升用户体验。要求熟悉招聘、培训、绩效考核等相关技术，具备良好的沟通能力和团队协作精神。,苏州,1000人以上,博士,15843,25381
2024-09-12,算法工程师,参与需求分析，提供技术解决方案，推动项目落地。要求熟悉深度学习、Python、机器学习等相关技术，具备良好的沟通能力和团队协作精神。,杭州,500-1000人,博士,29721,47206
2024-09-13,数据分析师,构建机器学习模型，解决实际业务问题。要求熟悉Python、Excel、统计学等相关技术，具备良好的沟通能力和团队协作精神。,深圳,少于50人,硕士,17872,28479
2024-09-13,机器学习工程师,参与需求分析，提供技术解决方案，推动项目落地。要求熟悉Python、特征工程、模型调优等相关技术，具备良好的沟通能力和团队协作精神。,成都,150-500人,博士,20375,32815
2024-09-13,前端开发工程师,参与需求分析，提供技术解决方案，推动项目落地。要求熟悉HTML、Vue、JavaScript等相关技术，具备良好的沟通能力和团队协作精神。,深圳,500-1000人,大专,10257,18704
2024-09-13,市场经理,分析市场趋势和竞争对手，制定市场策略。要求熟悉品牌建设、活动策划、渠道拓展等相关技术，具备良好的沟通能力和团队协作精神。,深圳,50-150人,大专,15962,26905
2024-09-14,产品经理,分析用户需求和市场动态，制定产品发展策略。要求熟悉产品设计、Axure、用户研究等相关技术，具备良好的沟通能力和团队协作精神。,成都,150-500人,博士,26379,45040
2024-09-14,UI设计师,参与需求分析，提供技术解决方案，推动项目落地。要求熟悉Sketch、UI设计、Figma等相关技术，具备良好的沟通能力和团队协作精神。,天津,1000人以上,大专,9999,15676
2024-09-15,项目经理,参与需求分析，提供技术解决方案，推动项目落地。要求熟悉团队协调、项目管理、风险控制等相关技术，具备良好的沟通能力和团队协作精神。,上海,50-150人,硕士,25422,43631
2024-09-16,运维工程师,负责公司核心产品的开发与维护，参与技术方案设计。要求熟悉Docker、运维、Linux等相关技术，具备良好的沟通能力和团队协作精神。,南京,50-150人,大专,8640,14185
2024-09-16,销售代表,分析市场趋势和竞争对手，制定市场策略。要求熟悉销售、客户关系、商务谈判等相关技术，具备良好的沟通能力和团队协作精神。,上海,150-500人,本科,13076,22906
2024-09-17,Python开发工程师,负责公司核心产品的开发与维护，参与技术方案设计。要求熟悉Python、Flask、FastAPI等相关技术，具备良好的沟通能力和团队协作精神。,南京,500-1000人,博士,17826,32270
2024-09-17,项目经理,负责公司核心产品的开发与维护，参与技术方案设计。要求熟悉进度控制、风险控制、团队协调等相关技术，具备良好的沟通能力和团队协作精神。,南京,500-1000人,本科,14882,26919
2024-09-17,技术支持工程师,参与需求分析，提供技术解决方案，推动项目落地。要求熟悉问题排查、技术支持、客户沟通等相关技术，具备良好的沟通能力和团队协作精神。,重庆,50-150人,本科,8500,14336
2024-09-19,UI设计师,参与系统架构设计，优化系统性能，提升用户体验。要求熟悉Sketch、用户体验、交互设计等相关技术，具备良好的沟通能力和团队协作精神。,北京,50-150人,硕士,17424,28212
2024-09-20,项目经理,负责后端服务开发，确保代码质量和系统稳定性。要求熟悉进度控制、风险控制、项目管理等相关技术，具备良好的沟通能力和团队协作精神。,天津,50-150人,博士,19387,36720
2024-09-20,产品经理,分析用户需求和市场动态，制定产品发展策略。要求熟悉数据分析、需求分析、Axure等相关技术，具备良好的沟通能力和团队协作精神。,成都,150-500人,硕士,16868,30345
2024-09-20,财务分析师,参与系统架构设计，优化系统性能，提升用户体验。要求熟悉财务报表、预算编制、财务分析等相关技术，具备良好的沟通能力和团队协作精神。,武汉,少于50人,本科,9846,15394
2024-09-21,数据分析师,构建机器学习模型，解决实际业务问题。要求熟悉Python、SQL、Excel等相关技术，具备良好的沟通能力和团队协作精神。,上海,1000人以上,硕士,24154,39488
2024-09-22,运维工程师,负责后端服务开发，确保代码质量和系统稳定性。要求熟悉Docker、监控、Linux等相关技术，具备良好的沟通能力和团队协作精神。,深圳,少于50人,硕士,13483,24090
2024-09-22,市场经理,策划营销活动，提升产品知名度和市场份额。要求熟悉活动策划、品牌建设、渠道拓展等相关技术，具备良好的沟通能力和团队协作精神。,武汉,1000人以上,大专,12023,21422
2024-09-23,运营专员,负责日常运营工作，提升用户活跃度和留存率。要求熟悉活动策划、用户增长、数据分析等相关技术，具备良好的沟通能力和团队协作精神。,武汉,50-150人,本科,5992,9868
2024-09-23,机器学习工程师,参与需求分析，提供技术解决方案，推动项目落地。要求熟悉机器学习、特征工程、Python等相关技术，具备良好的沟通能力和团队协作精神。,深圳,500-1000人,硕士,22866,36592
2024-09-24,技术支持工程师,负责后端服务开发，确保代码质量和系统稳定性。要求熟悉客户沟通、技术支持、问题排查等相关技术，具备良好的沟通能力和团队协作精神。,武汉,500-1000人,博士,20470,33394
2024-09-25,运营专员,策划运营活动，提升品牌影响力和用户增长。要求熟悉活动策划、用户增长、数据分析等相关技术，具备良好的沟通能力和团队协作精神。,天津,50-150人,博士,12625,19847
2024-09-25,架构师,负责后端服务开发，确保代码质量和系统稳定性。要求熟悉微服务、系统架构、性能优化等相关技术，具备良好的沟通能力和团队协作精神。,广州,150-500人,硕士,14763,25745
2024-09-25,技术支持工程师,参与系统架构设计，优化系统性能，提升用户体验。要求熟悉客户沟通、问题排查、文档编写等相关技术，具备良好的沟通能力和团队协作精神。,杭州,150-500人,博士,21118,37014
2024-09-26,产品经理,分析用户需求和市场动态，制定产品发展策略。要求熟悉需求分析、产品设计、Axure等相关技术，具备良好的沟通能力和团队协作精神。,西安,150-500人,博士,20348,37350
2024-09-26,测试工程师,参与需求分析，提供技术解决方案，推动项目落地。要求熟悉缺陷管理、性能测试、测试等相关技术，具备良好的沟通能力和团队协作精神。,北京,150-500人,硕士,20484,33462
2024-09-27,人力资源专员,参与需求分析，提供技术解决方案，推动项目落地。要求熟悉员工关系、培训、绩效考核等相关技术，具备良好的沟通能力和团队协作精神。,南京,1000人以上,博士,15756,25605
2024-09-27,数据分析师,负责数据分析和挖掘，为业务决策提供数据支持。要求熟悉SQL、Excel、Tableau等相关技术，具备良好的沟通能力和团队协作精神。,重庆,500-1000人,本科,13667,20424
2024-09-28,算法工程师,参与系统架构设计，优化系统性能，提升用户体验。要求熟悉算法、Python、数据结构等相关技术，具备良好的沟通能力和团队协作精神。,北京,少于50人,本科,8170,16656
2024-09-28,财务分析师,参与系统架构设计，优化系统性能，提升用户体验。要求熟悉预算编制、财务报表、财务分析等相关技术，具备良好的沟通能力和团队协作精神。,成都,50-150人,大专,9306,14559
2024-09-28,架构师,负责公司核心产品的开发与维护，参与技术方案设计。要求熟悉系统架构、性能优化、微服务等相关技术，具备良好的沟通能力和团队协作精神。,深圳,1000人以上,本科,16161,27679
2024-09-29,运维工程师,参与需求分析，提供技术解决方案，推动项目落地。要求熟悉Docker、运维、监控等相关技术，具备良好的沟通能力和团队协作精神。,西安,500-1000人,本科,7288,14215
2024-09-29,财务分析师,负责后端服务开发，确保代码质量和系统稳定性。要求熟悉财务分析、预算编制、财务报表等相关技术，具备良好的沟通能力和团队协作精神。,天津,150-500人,本科,11577,18334
2024-09-30,全栈开发工程师,负责公司核心产品的开发与维护，参与技术方案设计。要求熟悉MongoDB、MySQL、Node.js等相关技术，具备良好的沟通能力和团队协作精神。,西安,50-150人,大专,7654,12439
2024-10-01,Java后端开发,负责公司核心产品的开发与维护，参与技术方案设计。要求熟悉Spring、Dubbo、MySQL等相关技术，具备良好的沟通能力和团队协作精神。,苏州,少于50人,大专,6619,11766
2024-10-01,技术支持工程师,参与需求分析，提供技术解决方案，推动项目落地。要求熟悉问题排查、文档编写、客户沟通等相关技术，具备良好的沟通能力和团队协作精神。,上海,少于50人,博士,20297,36409
2024-10-02,机器学习工程师,负责后端服务开发，确保代码质量和系统稳定性。要求熟悉机器学习、Python、模型调优等相关技术，具备良好的沟通能力和团队协作精神。,深圳,500-1000人,博士,27486,47847
2024-10-02,市场经理,负责市场推广和品牌建设，拓展市场渠道。要求熟悉渠道拓展、市场营销、品牌建设等相关技术，具备良好的沟通能力和团队协作精神。,西安,50-150人,硕士,18966,31463
2024-10-02,数据分析师,设计和维护数据报表，监控业务指标变化。要求熟悉Excel、Python、Tableau等相关技术，具备良好的沟通能力和团队协作精神。,西安,少于50人,博士,18138,28459
2024-10-03,架构师,负责后端服务开发，确保代码质量和系统稳定性。要求熟悉微服务、系统架构、技术选型等相关技术，具备良好的沟通能力和团队协作精神。,深圳,少于50人,本科,11155,19896
2024-10-03,财务分析师,负责后端服务开发，确保代码质量和系统稳定性。要求熟悉财务报表、财务分析、预算编制等相关技术，具备良好的沟通能力和团队协作精神。,杭州,150-500人,硕士,24729,37028
2024-10-03,算法工程师,参与系统架构设计，优化系统性能，提升用户体验。要求熟悉机器学习、算法、深度学习等相关技术，具备良好的沟通能力和团队协作精神。,苏州,500-1000人,硕士,14280,25103
2024-10-04,人力资源专员,参与系统架构设计，优化系统性能，提升用户体验。要求熟悉员工关系、绩效考核、招聘等相关技术，具备良好的沟通能力和团队协作精神。,深圳,150-500人,硕士,12232,20588
2024-10-04,数据分析师,负责数据分析和挖掘，为业务决策提供数据支持。要求熟悉Python、Tableau、SQL等相关技术，具备良好的沟通能力和团队协作精神。,杭州,150-500人,博士,27359,44389
2024-10-05,前端开发工程师,负责公司核心产品的开发与维护，参与技术方案设计。要求熟悉React、HTML、TypeScript等相关技术，具备良好的沟通能力和团队协作精神。,上海,少于50人,大专,10882,18042
2024-10-06,Java后端开发,负责公司核心产品的开发与维护，参与技术方案设计。要求熟悉Spring、MySQL、SpringBoot等相关技术，具备良好的沟通能力和团队协作精神。,北京,1000人以上,博士,28857,51958
2024-10-06,运营专员,策划运营活动，提升品牌影响力和用户增长。要求熟悉数据分析、运营、活动策划等相关技术，具备良好的沟通能力和团队协作精神。,天津,50-150人,本科,6136,10435
2024-10-06,市场经理,负责市场推广和品牌建设，拓展市场渠道。要求熟悉活动策划、渠道拓展、市场营销等相关技术，具备良好的沟通能力和团队协作精神。,武汉,少于50人,硕士,13597,25187
2024-10-06,市场经理,策划营销活动，提升产品知名度和市场份额。要求熟悉品牌建设、渠道拓展、活动策划等相关技术，具备良好的沟通能力和团队协作精神。,北京,150-500人,硕士,23129,43984
2024-10-07,市场经理,策划营销活动，提升产品知名度和市场份额。要求熟悉渠道拓展、活动策划、品牌建设等相关技术，具备良好的沟通能力和团队协作精神。,西安,1000人以上,大专,13563,23277
2024-10-07,数据科学家,构建机器学习模型，解决实际业务问题。要求熟悉深度学习、Python、机器学习等相关技术，具备良好的沟通能力和团队协作精神。,杭州,150-500人,硕士,35577,58638
2024-10-07,产品经理,协调研发、设计、运营团队，确保产品按时交付。要求熟悉需求分析、产品设计、Axure等相关技术，具备良好的沟通能力和团队协作精神。,天津,少于50人,本科,11313,20543
2024-10-07,数据分析师,设计和维护数据报表，监控业务指标变化。要求熟悉统计学、Excel、SQL等相关技术，具备良好的沟通能力和团队协作精神。,武汉,1000人以上,博士,23947,39051
2024-10-08,Python开发工程师,参与系统架构设计，优化系统性能，提升用户体验。要求熟悉Python、Redis、MySQL等相关技术，具备良好的沟通能力和团队协作精神。,重庆,150-500人,硕士,12712,21268
2024-10-08,数据科学家,负责数据分析和挖掘，为业务决策提供数据支持。要求熟悉机器学习、PyTorch、Python等相关技术，具备良好的沟通能力和团队协作精神。,成都,1000人以上,本科,27962,44621
2024-10-09,数据科学家,设计和维护数据报表，监控业务指标变化。要求熟悉Python、机器学习、深度学习等相关技术，具备良好的沟通能力和团队协作精神。,广州,1000人以上,博士,61089,97739
2024-10-09,数据分析师,负责数据分析和挖掘，为业务决策提供数据支持。要求熟悉Tableau、Python、Excel等相关技术，具备良好的沟通能力和团队协作精神。,上海,150-500人,本科,18359,28889
2024-10-09,全栈开发工程师,负责后端服务开发，确保代码质量和系统稳定性。要求熟悉React、MongoDB、Node.js等相关技术，具备良好的沟通能力和团队协作精神。,上海,150-500人,博士,26007,44961
2024-10-10,机器学习工程师,负责后端服务开发，确保代码质量和系统稳定性。要求熟悉机器学习、Python、模型调优等相关技术，具备良好的沟通能力和团队协作精神。,广州,50-150人,硕士,15603,26780
2024-10-10,项目经理,负责后端服务开发，确保代码质量和系统稳定性。要求熟悉风险控制、进度控制、项目管理等相关技术，具备良好的沟通能力和团队协作精神。,成都,1000人以上,大专,15632,26294
2024-10-10,产品经理,负责产品规划和设计，推动产品迭代优化。要求熟悉用户研究、需求分析、Axure等相关技术，具备良好的沟通能力和团队协作精神。,成都,少于50人,大专,11685,19237
2024-10-10,UI设计师,参与需求分析，提供技术解决方案，推动项目落地。要求熟悉Figma、用户体验、UI设计等相关技术，具备良好的沟通能力和团队协作精神。,重庆,150-500人,大专,7123,11730
2024-10-11,数据分析师,设计和维护数据报表，监控业务指标变化。要求熟悉Python、统计学、SQL等相关技术，具备良好的沟通能力和团队协作精神。,北京,150-500人,本科,17999,28694
2024-10-11,UI设计师,负责后端服务开发，确保代码质量和系统稳定性。要求熟悉UI设计、用户体验、Sketch等相关技术，具备良好的沟通能力和团队协作精神。,天津,少于50人,博士,15338,25030
2024-10-12,人力资源专员,负责公司核心产品的开发与维护，参与技术方案设计。要求熟悉培训、绩效考核、员工关系等相关技术，具备良好的沟通能力和团队协作精神。,深圳,1000人以上,大专,8983,15153
2024-10-12,产品经理,负责产品规划和设计，推动产品迭代优化。要求熟悉需求分析、Axure、产品设计等相关技术，具备良好的沟通能力和团队协作精神。,苏州,500-1000人,本科,19914,32402
2024-10-12,架构师,参与需求分析，提供技术解决方案，推动项目落地。要求熟悉系统架构、性能优化、技术选型等相关技术，具备良好的沟通能力和团队协作精神。,武汉,1000人以上,大专,8600,15313
2024-10-12,技术支持工程师,负责公司核心产品的开发与维护，参与技术方案设计。要求熟悉技术支持、问题排查、客户沟通等相关技术，具备良好的沟通能力和团队协作精神。,成都,500-1000人,大专,7293,13809
2024-10-13,Java后端开发,参与系统架构设计，优化系统性能，提升用户体验。要求熟悉Dubbo、Redis、Java等相关技术，具备良好的沟通能力和团队协作精神。,深圳,1000人以上,硕士,12518,20539
2024-10-13,全栈开发工程师,参与需求分析，提供技术解决方案，推动项目落地。要求熟悉MySQL、Node.js、JavaScript等相关技术，具备良好的沟通能力和团队协作精神。,成都,500-1000人,博士,20285,34945
2024-10-13,Python开发工程师,参与需求分析，提供技术解决方案，推动项目落地。要求熟悉Flask、Redis、FastAPI等相关技术，具备良好的沟通能力和团队协作精神。,深圳,500-1000人,博士,27742,48103
2024-10-14,算法工程师,参与需求分析，提供技术解决方案，推动项目落地。要求熟悉数据结构、机器学习、算法等相关技术，具备良好的沟通能力和团队协作精神。,重庆,50-150人,硕士,10870,18998
2024-10-14,运营专员,分析运营数据，优化运营策略和流程。要求熟悉运营、数据分析、用户增长等相关技术，具备良好的沟通能力和团队协作精神。,成都,1000人以上,大专,7375,11817
2024-10-15,算法工程师,负责后端服务开发，确保代码质量和系统稳定性。要求熟悉数据结构、算法、Python等相关技术，具备良好的沟通能力和团队协作精神。,北京,1000人以上,博士,26981,50082
2024-10-16,前端开发工程师,参与系统架构设计，优化系统性能，提升用户体验。要求熟悉React、CSS、Vue等相关技术，具备良好的沟通能力和团队协作精神。,深圳,500-1000人,博士,31836,52197
2024-10-17,技术支持工程师,负责后端服务开发，确保代码质量和系统稳定性。要求熟悉客户沟通、技术支持、文档编写等相关技术，具备良好的沟通能力和团队协作精神。,武汉,50-150人,本科,7527,14170
2024-10-18,架构师,参与需求分析，提供技术解决方案，推动项目落地。要求熟悉性能优化、技术选型、系统架构等相关技术，具备良好的沟通能力和团队协作精神。,杭州,50-150人,硕士,15350,27034
2024-10-19,架构师,参与需求分析，提供技术解决方案，推动项目落地。要求熟悉性能优化、技术选型、系统架构等相关技术，具备良好的沟通能力和团队协作精神。,杭州,50-150人,博士,19469,35647
2024-10-19,人力资源专员,参与系统架构设计，优化系统性能，提升用户体验。要求熟悉培训、招聘、绩效考核等相关技术，具备良好的沟通能力和团队协作精神。,上海,少于50人,大专,6496,10971
2024-10-19,人力资源专员,负责公司核心产品的开发与维护，参与技术方案设计。要求熟悉招聘、绩效考核、员工关系等相关技术，具备良好的沟通能力和团队协作精神。,成都,150-500人,本科,7322,11950
2024-10-20,全栈开发工程师,参与需求分析，提供技术解决方案，推动项目落地。要求熟悉MySQL、MongoDB、JavaScript等相关技术，具备良好的沟通能力和团队协作精神。,杭州,150-500人,硕士,18148,30447
2024-10-20,Java后端开发,负责后端服务开发，确保代码质量和系统稳定性。要求熟悉Java、Spring、Redis等相关技术，具备良好的沟通能力和团队协作精神。,苏州,500-1000人,本科,11918,20244
2024-10-20,产品经理,分析用户需求和市场动态，制定产品发展策略。要求熟悉用户研究、Axure、产品设计等相关技术，具备良好的沟通能力和团队协作精神。,深圳,50-150人,硕士,24915,43966
2024-10-20,架构师,参与系统架构设计，优化系统性能，提升用户体验。要求熟悉性能优化、微服务、系统架构等相关技术，具备良好的沟通能力和团队协作精神。,北京,150-500人,本科,14666,25361
2024-10-20,市场经理,分析市场趋势和竞争对手，制定市场策略。要求熟悉活动策划、渠道拓展、品牌建设等相关技术，具备良好的沟通能力和团队协作精神。,武汉,500-1000人,大专,13739,22970
2024-10-21,项目经理,参与需求分析，提供技术解决方案，推动项目落地。要求熟悉进度控制、项目管理、风险控制等相关技术，具备良好的沟通能力和团队协作精神。,西安,500-1000人,本科,17122,28253
2024-10-22,市场经理,负责市场推广和品牌建设，拓展市场渠道。要求熟悉活动策划、市场营销、品牌建设等相关技术，具备良好的沟通能力和团队协作精神。,上海,150-500人,博士,36695,65127
2024-10-22,运营专员,负责日常运营工作，提升用户活跃度和留存率。要求熟悉运营、数据分析、活动策划等相关技术，具备良好的沟通能力和团队协作精神。,北京,50-150人,博士,17981,29411
2024-10-22,Python开发工程师,参与系统架构设计，优化系统性能，提升用户体验。要求熟悉Django、Python、Flask等相关技术，具备良好的沟通能力和团队协作精神。,南京,1000人以上,本科,11067,20445
2024-10-22,Java后端开发,参与需求分析，提供技术解决方案，推动项目落地。要求熟悉Dubbo、MySQL、Java等相关技术，具备良好的沟通能力和团队协作精神。,天津,1000人以上,本科,11963,20651
2024-10-22,前端开发工程师,参与系统架构设计，优化系统性能，提升用户体验。要求熟悉React、HTML、TypeScript等相关技术，具备良好的沟通能力和团队协作精神。,成都,50-150人,博士,19212,31873
2024-10-23,数据分析师,负责数据分析和挖掘，为业务决策提供数据支持。要求熟悉Tableau、统计学、SQL等相关技术，具备良好的沟通能力和团队协作精神。,苏州,少于50人,本科,11639,18072
2024-10-24,财务分析师,负责公司核心产品的开发与维护，参与技术方案设计。要求熟悉财务分析、财务报表、Excel等相关技术，具备良好的沟通能力和团队协作精神。,广州,1000人以上,本科,16730,27589
2024-10-24,数据科学家,设计和维护数据报表，监控业务指标变化。要求熟悉TensorFlow、深度学习、PyTorch等相关技术，具备良好的沟通能力和团队协作精神。,北京,500-1000人,博士,63189,102893
2024-10-24,Python开发工程师,参与系统架构设计，优化系统性能，提升用户体验。要求熟悉FastAPI、Django、Redis等相关技术，具备良好的沟通能力和团队协作精神。,西安,150-500人,博士,17850,29993
2024-10-25,测试工程师,负责后端服务开发，确保代码质量和系统稳定性。要求熟悉测试、自动化测试、缺陷管理等相关技术，具备良好的沟通能力和团队协作精神。,苏州,50-150人,博士,16342,29285
2024-10-25,销售代表,策划营销活动，提升产品知名度和市场份额。要求熟悉客户关系、业绩目标、商务谈判等相关技术，具备良好的沟通能力和团队协作精神。,重庆,少于50人,大专,6702,11178
2024-10-25,产品经理,协调研发、设计、运营团队，确保产品按时交付。要求熟悉Axure、数据分析、产品设计等相关技术，具备良好的沟通能力和团队协作精神。,南京,150-500人,博士,29966,51067
2024-10-26,机器学习工程师,参与需求分析，提供技术解决方案，推动项目落地。要求熟悉模型调优、特征工程、Python等相关技术，具备良好的沟通能力和团队协作精神。,西安,1000人以上,硕士,15998,26522
2024-10-27,Python开发工程师,负责公司核心产品的开发与维护，参与技术方案设计。要求熟悉Redis、Python、Django等相关技术，具备良好的沟通能力和团队协作精神。,杭州,少于50人,本科,11712,19754
2024-10-27,运营专员,分析运营数据，优化运营策略和流程。要求熟悉活动策划、用户增长、数据分析等相关技术，具备良好的沟通能力和团队协作精神。,广州,少于50人,本科,7567,12375
2024-10-27,测试工程师,负责公司核心产品的开发与维护，参与技术方案设计。要求熟悉缺陷管理、测试、性能测试等相关技术，具备良好的沟通能力和团队协作精神。,天津,少于50人,硕士,13153,21153
2024-10-28,人力资源专员,负责公司核心产品的开发与维护，参与技术方案设计。要求熟悉培训、员工关系、招聘等相关技术，具备良好的沟通能力和团队协作精神。,重庆,150-500人,本科,5847,9961
2024-10-28,测试工程师,参与需求分析，提供技术解决方案，推动项目落地。要求熟悉缺陷管理、性能测试、测试等相关技术，具备良好的沟通能力和团队协作精神。,上海,150-500人,大专,11912,20337
2024-10-29,人力资源专员,参与需求分析，提供技术解决方案，推动项目落地。要求熟悉培训、招聘、绩效考核等相关技术，具备良好的沟通能力和团队协作精神。,成都,1000人以上,本科,8537,14090
2024-10-29,算法工程师,参与需求分析，提供技术解决方案，推动项目落地。要求熟悉Python、机器学习、算法等相关技术，具备良好的沟通能力和团队协作精神。,杭州,1000人以上,硕士,21665,36424
2024-10-29,财务分析师,参与系统架构设计，优化系统性能，提升用户体验。要求熟悉预算编制、Excel、财务报表等相关技术，具备良好的沟通能力和团队协作精神。,天津,50-150人,硕士,16232,25173
2024-10-31,产品经理,负责产品规划和设计，推动产品迭代优化。要求熟悉产品设计、用户研究、需求分析等相关技术，具备良好的沟通能力和团队协作精神。,杭州,150-500人,硕士,26639,45088
2024-10-31,前端开发工程师,负责公司核心产品的开发与维护，参与技术方案设计。要求熟悉JavaScript、React、HTML等相关技术，具备良好的沟通能力和团队协作精神。,苏州,500-1000人,大专,9019,15680
2024-11-01,运维工程师,参与需求分析，提供技术解决方案，推动项目落地。要求熟悉运维、监控、Linux等相关技术，具备良好的沟通能力和团队协作精神。,西安,500-1000人,硕士,12823,22655
2024-11-01,产品经理,协调研发、设计、运营团队，确保产品按时交付。要求熟悉数据分析、Axure、需求分析等相关技术，具备良好的沟通能力和团队协作精神。,苏州,1000人以上,硕士,25320,43371
2024-11-01,运营专员,负责日常运营工作，提升用户活跃度和留存率。要求熟悉用户增长、数据分析、运营等相关技术，具备良好的沟通能力和团队协作精神。,成都,1000人以上,博士,16548,26736
2024-11-02,测试工程师,参与系统架构设计，优化系统性能，提升用户体验。要求熟悉自动化测试、测试、缺陷管理等相关技术，具备良好的沟通能力和团队协作精神。,西安,500-1000人,博士,26736,40350
2024-11-02,项目经理,负责后端服务开发，确保代码质量和系统稳定性。要求熟悉项目管理、风险控制、团队协调等相关技术，具备良好的沟通能力和团队协作精神。,广州,50-150人,大专,14366,24881
2024-11-02,运营专员,负责日常运营工作，提升用户活跃度和留存率。要求熟悉活动策划、运营、用户增长等相关技术，具备良好的沟通能力和团队协作精神。,深圳,少于50人,硕士,11424,18663
2024-11-02,前端开发工程师,参与系统架构设计，优化系统性能，提升用户体验。要求熟悉TypeScript、JavaScript、CSS等相关技术，具备良好的沟通能力和团队协作精神。,上海,50-150人,本科,14581,24777
2024-11-03,机器学习工程师,负责后端服务开发，确保代码质量和系统稳定性。要求熟悉Python、机器学习、特征工程等相关技术，具备良好的沟通能力和团队协作精神。,北京,50-150人,硕士,16939,30401
2024-11-04,数据科学家,负责数据分析和挖掘，为业务决策提供数据支持。要求熟悉深度学习、PyTorch、Python等相关技术，具备良好的沟通能力和团队协作精神。,上海,500-1000人,硕士,34523,63301
2024-11-04,数据科学家,构建机器学习模型，解决实际业务问题。要求熟悉TensorFlow、PyTorch、Python等相关技术，具备良好的沟通能力和团队协作精神。,杭州,1000人以上,大专,25246,42603
2024-11-04,项目经理,参与需求分析，提供技术解决方案，推动项目落地。要求熟悉团队协调、风险控制、进度控制等相关技术，具备良好的沟通能力和团队协作精神。,天津,150-500人,博士,29862,49785
2024-11-05,数据分析师,负责数据分析和挖掘，为业务决策提供数据支持。要求熟悉Python、Tableau、Excel等相关技术，具备良好的沟通能力和团队协作精神。,武汉,50-150人,本科,11731,18501
2024-11-06,财务分析师,负责公司核心产品的开发与维护，参与技术方案设计。要求熟悉财务分析、Excel、预算编制等相关技术，具备良好的沟通能力和团队协作精神。,西安,1000人以上,硕士,17565,28291
2024-11-07,全栈开发工程师,负责后端服务开发，确保代码质量和系统稳定性。要求熟悉React、MongoDB、Node.js等相关技术，具备良好的沟通能力和团队协作精神。,成都,少于50人,本科,9886,16301
2024-11-07,市场经理,负责市场推广和品牌建设，拓展市场渠道。要求熟悉活动策划、渠道拓展、市场营销等相关技术，具备良好的沟通能力和团队协作精神。,广州,500-1000人,本科,22446,37664
2024-11-07,销售代表,分析市场趋势和竞争对手，制定市场策略。要求熟悉业绩目标、销售、客户关系等相关技术，具备良好的沟通能力和团队协作精神。,上海,少于50人,硕士,16437,28297
2024-11-08,Java后端开发,负责公司核心产品的开发与维护，参与技术方案设计。要求熟悉SpringBoot、Java、Dubbo等相关技术，具备良好的沟通能力和团队协作精神。,广州,50-150人,博士,23941,39713
2024-11-08,数据科学家,负责数据分析和挖掘，为业务决策提供数据支持。要求熟悉PyTorch、Python、TensorFlow等相关技术，具备良好的沟通能力和团队协作精神。,成都,50-150人,硕士,28838,46313
2024-11-08,前端开发工程师,参与需求分析，提供技术解决方案，推动项目落地。要求熟悉React、HTML、CSS等相关技术，具备良好的沟通能力和团队协作精神。,武汉,50-150人,大专,6920,12336
2024-11-09,Java后端开发,参与系统架构设计，优化系统性能，提升用户体验。要求熟悉MySQL、SpringBoot、Redis等相关技术，具备良好的沟通能力和团队协作精神。,上海,500-1000人,本科,16847,28653
2024-11-09,UI设计师,参与需求分析，提供技术解决方案，推动项目落地。要求熟悉用户体验、Figma、Sketch等相关技术，具备良好的沟通能力和团队协作精神。,深圳,少于50人,本科,12348,20143
2024-11-09,人力资源专员,负责公司核心产品的开发与维护，参与技术方案设计。要求熟悉培训、绩效考核、员工关系等相关技术，具备良好的沟通能力和团队协作精神。,武汉,50-150人,博士,13971,21588
2024-11-10,运营专员,策划运营活动，提升品牌影响力和用户增长。要求熟悉用户增长、活动策划、运营等相关技术，具备良好的沟通能力和团队协作精神。,天津,50-150人,本科,8150,12531
2024-11-10,数据分析师,构建机器学习模型，解决实际业务问题。要求熟悉Tableau、统计学、SQL等相关技术，具备良好的沟通能力和团队协作精神。,深圳,1000人以上,硕士,31522,47873
2024-11-11,Python开发工程师,负责公司核心产品的开发与维护，参与技术方案设计。要求熟悉FastAPI、Flask、MySQL等相关技术，具备良好的沟通能力和团队协作精神。,苏州,150-500人,本科,8927,16642
2024-11-12,运维工程师,参与需求分析，提供技术解决方案，推动项目落地。要求熟悉Docker、Linux、监控等相关技术，具备良好的沟通能力和团队协作精神。,苏州,少于50人,大专,6774,12019
2024-11-12,机器学习工程师,参与需求分析，提供技术解决方案，推动项目落地。要求熟悉模型调优、机器学习、Python等相关技术，具备良好的沟通能力和团队协作精神。,武汉,1000人以上,硕士,17007,28126
2024-11-16,Python开发工程师,负责后端服务开发，确保代码质量和系统稳定性。要求熟悉Redis、MySQL、FastAPI等相关技术，具备良好的沟通能力和团队协作精神。,深圳,150-500人,本科,16755,27236
2024-11-17,测试工程师,负责公司核心产品的开发与维护，参与技术方案设计。要求熟悉缺陷管理、自动化测试、性能测试等相关技术，具备良好的沟通能力和团队协作精神。,天津,1000人以上,硕士,15663,27173
2024-11-18,项目经理,负责后端服务开发，确保代码质量和系统稳定性。要求熟悉团队协调、项目管理、风险控制等相关技术，具备良好的沟通能力和团队协作精神。,西安,50-150人,硕士,18319,31056
2024-11-18,技术支持工程师,负责后端服务开发，确保代码质量和系统稳定性。要求熟悉技术支持、客户沟通、文档编写等相关技术，具备良好的沟通能力和团队协作精神。,西安,50-150人,博士,17371,29129
2024-11-18,Python开发工程师,负责公司核心产品的开发与维护，参与技术方案设计。要求熟悉Python、Flask、Redis等相关技术，具备良好的沟通能力和团队协作精神。,上海,少于50人,本科,5054,8703
2024-11-18,运营专员,策划运营活动，提升品牌影响力和用户增长。要求熟悉用户增长、数据分析、活动策划等相关技术，具备良好的沟通能力和团队协作精神。,天津,1000人以上,博士,13975,23936
2024-11-19,市场经理,策划营销活动，提升产品知名度和市场份额。要求熟悉渠道拓展、市场营销、品牌建设等相关技术，具备良好的沟通能力和团队协作精神。,武汉,少于50人,博士,19098,35455
2024-11-19,数据科学家,负责数据分析和挖掘，为业务决策提供数据支持。要求熟悉深度学习、PyTorch、TensorFlow等相关技术，具备良好的沟通能力和团队协作精神。,北京,500-1000人,博士,60162,100630
2024-11-20,技术支持工程师,参与系统架构设计，优化系统性能，提升用户体验。要求熟悉客户沟通、问题排查、文档编写等相关技术，具备良好的沟通能力和团队协作精神。,上海,1000人以上,硕士,25609,42352
2024-11-20,数据分析师,构建机器学习模型，解决实际业务问题。要求熟悉Excel、SQL、Python等相关技术，具备良好的沟通能力和团队协作精神。,天津,150-500人,硕士,17152,26745
2024-11-21,产品经理,负责产品规划和设计，推动产品迭代优化。要求熟悉需求分析、用户研究、产品设计等相关技术，具备良好的沟通能力和团队协作精神。,深圳,500-1000人,本科,21146,38440
2024-11-21,产品经理,协调研发、设计、运营团队，确保产品按时交付。要求熟悉产品设计、数据分析、需求分析等相关技术，具备良好的沟通能力和团队协作精神。,重庆,500-1000人,博士,26433,46356
2024-11-22,人力资源专员,负责后端服务开发，确保代码质量和系统稳定性。要求熟悉员工关系、招聘、绩效考核等相关技术，具备良好的沟通能力和团队协作精神。,深圳,500-1000人,大专,7905,13669
2024-11-23,架构师,参与需求分析，提供技术解决方案，推动项目落地。要求熟悉技术选型、系统架构、微服务等相关技术，具备良好的沟通能力和团队协作精神。,深圳,1000人以上,博士,35960,58600
2024-11-23,技术支持工程师,负责后端服务开发，确保代码质量和系统稳定性。要求熟悉问题排查、客户沟通、文档编写等相关技术，具备良好的沟通能力和团队协作精神。,天津,少于50人,硕士,10955,19109
2024-11-24,全栈开发工程师,参与系统架构设计，优化系统性能，提升用户体验。要求熟悉MongoDB、Node.js、React等相关技术，具备良好的沟通能力和团队协作精神。,苏州,500-1000人,大专,9295,16084
2024-11-24,人力资源专员,负责公司核心产品的开发与维护，参与技术方案设计。要求熟悉员工关系、绩效考核、招聘等相关技术，具备良好的沟通能力和团队协作精神。,武汉,50-150人,硕士,7503,13005
2024-11-24,架构师,负责公司核心产品的开发与维护，参与技术方案设计。要求熟悉微服务、技术选型、性能优化等相关技术，具备良好的沟通能力和团队协作精神。,深圳,少于50人,硕士,16727,28309
2024-11-25,市场经理,策划营销活动，提升产品知名度和市场份额。要求熟悉渠道拓展、市场营销、活动策划等相关技术，具备良好的沟通能力和团队协作精神。,杭州,150-500人,硕士,30448,49251
2024-11-26,测试工程师,负责公司核心产品的开发与维护，参与技术方案设计。要求熟悉性能测试、自动化测试、缺陷管理等相关技术，具备良好的沟通能力和团队协作精神。,杭州,150-500人,博士,23410,40767
2024-11-26,前端开发工程师,负责公司核心产品的开发与维护，参与技术方案设计。要求熟悉CSS、Vue、React等相关技术，具备良好的沟通能力和团队协作精神。,广州,1000人以上,硕士,22968,37357
2024-11-26,数据科学家,负责数据分析和挖掘，为业务决策提供数据支持。要求熟悉Python、PyTorch、机器学习等相关技术，具备良好的沟通能力和团队协作精神。,深圳,1000人以上,硕士,48417,79075
2024-11-28,Java后端开发,参与需求分析，提供技术解决方案，推动项目落地。要求熟悉Redis、Dubbo、MySQL等相关技术，具备良好的沟通能力和团队协作精神。,武汉,500-1000人,硕士,12322,22514
2024-11-28,数据科学家,负责数据分析和挖掘，为业务决策提供数据支持。要求熟悉深度学习、机器学习、Python等相关技术，具备良好的沟通能力和团队协作精神。,天津,50-150人,硕士,23052,40138
2024-11-28,算法工程师,负责公司核心产品的开发与维护，参与技术方案设计。要求熟悉机器学习、深度学习、Python等相关技术，具备良好的沟通能力和团队协作精神。,苏州,500-1000人,硕士,15355,26386
2024-11-29,销售代表,策划营销活动，提升产品知名度和市场份额。要求熟悉客户关系、商务谈判、业绩目标等相关技术，具备良好的沟通能力和团队协作精神。,苏州,50-150人,本科,10805,18133
2024-12-01,人力资源专员,负责公司核心产品的开发与维护，参与技术方案设计。要求熟悉绩效考核、培训、招聘等相关技术，具备良好的沟通能力和团队协作精神。,广州,150-500人,大专,6670,11369
2024-12-01,财务分析师,负责后端服务开发，确保代码质量和系统稳定性。要求熟悉预算编制、Excel、财务分析等相关技术，具备良好的沟通能力和团队协作精神。,西安,少于50人,博士,17718,28437
2024-12-02,全栈开发工程师,参与系统架构设计，优化系统性能，提升用户体验。要求熟悉MySQL、React、JavaScript等相关技术，具备良好的沟通能力和团队协作精神。,深圳,150-500人,大专,12234,20777
2024-12-03,产品经理,协调研发、设计、运营团队，确保产品按时交付。要求熟悉数据分析、用户研究、需求分析等相关技术，具备良好的沟通能力和团队协作精神。,北京,少于50人,大专,14354,25683
2024-12-04,全栈开发工程师,参与系统架构设计，优化系统性能，提升用户体验。要求熟悉MongoDB、JavaScript、Node.js等相关技术，具备良好的沟通能力和团队协作精神。,重庆,1000人以上,大专,8940,15502
2024-12-04,人力资源专员,参与系统架构设计，优化系统性能，提升用户体验。要求熟悉招聘、培训、绩效考核等相关技术，具备良好的沟通能力和团队协作精神。,杭州,150-500人,本科,9668,15809
2024-12-05,架构师,负责后端服务开发，确保代码质量和系统稳定性。要求熟悉性能优化、系统架构、技术选型等相关技术，具备良好的沟通能力和团队协作精神。,重庆,500-1000人,大专,7610,13624
2024-12-05,财务分析师,负责公司核心产品的开发与维护，参与技术方案设计。要求熟悉预算编制、Excel、财务分析等相关技术，具备良好的沟通能力和团队协作精神。,武汉,少于50人,大专,8686,13624
2024-12-05,机器学习工程师,参与系统架构设计，优化系统性能，提升用户体验。要求熟悉模型调优、Python、特征工程等相关技术，具备良好的沟通能力和团队协作精神。,广州,50-150人,本科,11432,20360
2024-12-05,数据分析师,负责数据分析和挖掘，为业务决策提供数据支持。要求熟悉SQL、Tableau、Excel等相关技术，具备良好的沟通能力和团队协作精神。,上海,1000人以上,本科,23781,36903
2024-12-06,前端开发工程师,参与系统架构设计，优化系统性能，提升用户体验。要求熟悉JavaScript、CSS、React等相关技术，具备良好的沟通能力和团队协作精神。,广州,500-1000人,博士,23765,42372
2024-12-06,销售代表,分析市场趋势和竞争对手，制定市场策略。要求熟悉销售、客户关系、商务谈判等相关技术，具备良好的沟通能力和团队协作精神。,深圳,少于50人,博士,26337,42676
2024-12-06,运维工程师,参与系统架构设计，优化系统性能，提升用户体验。要求熟悉K8s、监控、Docker等相关技术，具备良好的沟通能力和团队协作精神。,重庆,50-150人,大专,6506,11700
2024-12-07,市场经理,分析市场趋势和竞争对手，制定市场策略。要求熟悉渠道拓展、活动策划、品牌建设等相关技术，具备良好的沟通能力和团队协作精神。,西安,少于50人,硕士,17289,28901
2024-12-08,数据科学家,负责数据分析和挖掘，为业务决策提供数据支持。要求熟悉TensorFlow、深度学习、Python等相关技术，具备良好的沟通能力和团队协作精神。,天津,少于50人,大专,14946,24531
2024-12-10,数据分析师,负责数据分析和挖掘，为业务决策提供数据支持。要求熟悉Python、Tableau、Excel等相关技术，具备良好的沟通能力和团队协作精神。,上海,150-500人,博士,31295,50979
2024-12-11,数据分析师,负责数据分析和挖掘，为业务决策提供数据支持。要求熟悉Excel、Python、统计学等相关技术，具备良好的沟通能力和团队协作精神。,苏州,1000人以上,大专,12772,20317
2024-12-11,算法工程师,负责公司核心产品的开发与维护，参与技术方案设计。要求熟悉数据结构、算法、深度学习等相关技术，具备良好的沟通能力和团队协作精神。,深圳,50-150人,大专,12539,20655
2024-12-11,财务分析师,负责后端服务开发，确保代码质量和系统稳定性。要求熟悉财务报表、预算编制、财务分析等相关技术，具备良好的沟通能力和团队协作精神。,上海,500-1000人,本科,19194,31223
2024-12-11,财务分析师,负责公司核心产品的开发与维护，参与技术方案设计。要求熟悉财务分析、预算编制、Excel等相关技术，具备良好的沟通能力和团队协作精神。,北京,1000人以上,本科,20885,34212
2024-12-11,运营专员,负责日常运营工作，提升用户活跃度和留存率。要求熟悉运营、用户增长、活动策划等相关技术，具备良好的沟通能力和团队协作精神。,北京,50-150人,博士,14848,26718
2024-12-12,技术支持工程师,负责后端服务开发，确保代码质量和系统稳定性。要求熟悉技术支持、客户沟通、问题排查等相关技术，具备良好的沟通能力和团队协作精神。,重庆,150-500人,博士,17910,30212
2024-12-12,技术支持工程师,参与系统架构设计，优化系统性能，提升用户体验。要求熟悉客户沟通、文档编写、问题排查等相关技术，具备良好的沟通能力和团队协作精神。,西安,少于50人,本科,6378,12333
2024-12-12,财务分析师,负责公司核心产品的开发与维护，参与技术方案设计。要求熟悉预算编制、财务报表、Excel等相关技术，具备良好的沟通能力和团队协作精神。,上海,少于50人,大专,12913,20349
2024-12-12,数据分析师,构建机器学习模型，解决实际业务问题。要求熟悉Python、Excel、SQL等相关技术，具备良好的沟通能力和团队协作精神。,成都,1000人以上,本科,13061,22287
2024-12-12,运维工程师,参与需求分析，提供技术解决方案，推动项目落地。要求熟悉监控、Docker、Linux等相关技术，具备良好的沟通能力和团队协作精神。,上海,500-1000人,硕士,16638,32275
2024-12-13,算法工程师,负责公司核心产品的开发与维护，参与技术方案设计。要求熟悉深度学习、Python、算法等相关技术，具备良好的沟通能力和团队协作精神。,苏州,500-1000人,本科,12998,21644
2024-12-14,销售代表,策划营销活动，提升产品知名度和市场份额。要求熟悉商务谈判、业绩目标、销售等相关技术，具备良好的沟通能力和团队协作精神。,广州,500-1000人,硕士,19645,33084
2024-12-14,数据分析师,构建机器学习模型，解决实际业务问题。要求熟悉Tableau、SQL、Python等相关技术，具备良好的沟通能力和团队协作精神。,上海,500-1000人,本科,20677,32706
2024-12-15,运营专员,分析运营数据，优化运营策略和流程。要求熟悉数据分析、用户增长、活动策划等相关技术，具备良好的沟通能力和团队协作精神。,武汉,150-500人,大专,6600,10231
2024-12-15,测试工程师,参与系统架构设计，优化系统性能，提升用户体验。要求熟悉缺陷管理、测试、自动化测试等相关技术，具备良好的沟通能力和团队协作精神。,南京,1000人以上,博士,25263,42793
2024-12-15,机器学习工程师,参与需求分析，提供技术解决方案，推动项目落地。要求熟悉Python、机器学习、特征工程等相关技术，具备良好的沟通能力和团队协作精神。,南京,少于50人,硕士,14841,23809
2024-12-15,前端开发工程师,负责后端服务开发，确保代码质量和系统稳定性。要求熟悉CSS、HTML、TypeScript等相关技术，具备良好的沟通能力和团队协作精神。,广州,500-1000人,大专,10256,18526
2024-12-16,前端开发工程师,负责公司核心产品的开发与维护，参与技术方案设计。要求熟悉JavaScript、CSS、TypeScript等相关技术，具备良好的沟通能力和团队协作精神。,重庆,50-150人,硕士,15100,23540
2024-12-16,测试工程师,参与需求分析，提供技术解决方案，推动项目落地。要求熟悉性能测试、缺陷管理、测试等相关技术，具备良好的沟通能力和团队协作精神。,苏州,500-1000人,硕士,11876,23116
2024-12-16,运营专员,负责日常运营工作，提升用户活跃度和留存率。要求熟悉数据分析、用户增长、运营等相关技术，具备良好的沟通能力和团队协作精神。,天津,少于50人,大专,5000,7852
2024-12-16,全栈开发工程师,参与需求分析，提供技术解决方案，推动项目落地。要求熟悉MySQL、JavaScript、Node.js等相关技术，具备良好的沟通能力和团队协作精神。,深圳,150-500人,本科,14897,25576
2024-12-16,人力资源专员,负责后端服务开发，确保代码质量和系统稳定性。要求熟悉绩效考核、招聘、培训等相关技术，具备良好的沟通能力和团队协作精神。,重庆,1000人以上,硕士,7651,14314
2024-12-17,Python开发工程师,参与需求分析，提供技术解决方案，推动项目落地。要求熟悉FastAPI、Flask、Python等相关技术，具备良好的沟通能力和团队协作精神。,天津,50-150人,大专,7677,13391
2024-12-17,Java后端开发,参与需求分析，提供技术解决方案，推动项目落地。要求熟悉Spring、MySQL、Java等相关技术，具备良好的沟通能力和团队协作精神。,西安,少于50人,硕士,11174,18915
2024-12-17,架构师,参与系统架构设计，优化系统性能，提升用户体验。要求熟悉系统架构、性能优化、技术选型等相关技术，具备良好的沟通能力和团队协作精神。,西安,1000人以上,本科,13156,21563
2024-12-19,技术支持工程师,负责后端服务开发，确保代码质量和系统稳定性。要求熟悉技术支持、文档编写、客户沟通等相关技术，具备良好的沟通能力和团队协作精神。,北京,1000人以上,大专,15181,25843
2024-12-20,Java后端开发,负责后端服务开发，确保代码质量和系统稳定性。要求熟悉Java、SpringBoot、Redis等相关技术，具备良好的沟通能力和团队协作精神。,杭州,150-500人,博士,23046,40730
2024-12-20,架构师,参与需求分析，提供技术解决方案，推动项目落地。要求熟悉性能优化、微服务、技术选型等相关技术，具备良好的沟通能力和团队协作精神。,北京,1000人以上,大专,16625,27287
2024-12-22,财务分析师,参与需求分析，提供技术解决方案，推动项目落地。要求熟悉Excel、预算编制、财务分析等相关技术，具备良好的沟通能力和团队协作精神。,南京,150-500人,本科,13327,21443
2024-12-22,数据科学家,负责数据分析和挖掘，为业务决策提供数据支持。要求熟悉机器学习、Python、TensorFlow等相关技术，具备良好的沟通能力和团队协作精神。,深圳,1000人以上,博士,63577,106827
2024-12-22,算法工程师,负责后端服务开发，确保代码质量和系统稳定性。要求熟悉Python、数据结构、深度学习等相关技术，具备良好的沟通能力和团队协作精神。,广州,150-500人,硕士,16449,28666
2024-12-23,市场经理,策划营销活动，提升产品知名度和市场份额。要求熟悉活动策划、市场营销、渠道拓展等相关技术，具备良好的沟通能力和团队协作精神。,北京,150-500人,硕士,25981,47639
2024-12-23,销售代表,分析市场趋势和竞争对手，制定市场策略。要求熟悉销售、客户关系、商务谈判等相关技术，具备良好的沟通能力和团队协作精神。,重庆,500-1000人,大专,8830,14845
2024-12-23,测试工程师,参与系统架构设计，优化系统性能，提升用户体验。要求熟悉性能测试、测试、自动化测试等相关技术，具备良好的沟通能力和团队协作精神。,武汉,少于50人,大专,6409,11347
2024-12-23,市场经理,负责市场推广和品牌建设，拓展市场渠道。要求熟悉品牌建设、渠道拓展、活动策划等相关技术，具备良好的沟通能力和团队协作精神。,天津,500-1000人,本科,15213,27618
2024-12-26,财务分析师,参与系统架构设计，优化系统性能，提升用户体验。要求熟悉财务分析、Excel、预算编制等相关技术，具备良好的沟通能力和团队协作精神。,上海,150-500人,大专,16911,25659
2024-12-27,运维工程师,参与系统架构设计，优化系统性能，提升用户体验。要求熟悉K8s、Docker、监控等相关技术，具备良好的沟通能力和团队协作精神。,深圳,1000人以上,博士,29560,52627
2024-12-27,全栈开发工程师,负责后端服务开发，确保代码质量和系统稳定性。要求熟悉JavaScript、Node.js、MongoDB等相关技术，具备良好的沟通能力和团队协作精神。,成都,500-1000人,本科,11228,19686
2024-12-27,前端开发工程师,参与需求分析，提供技术解决方案，推动项目落地。要求熟悉Vue、React、CSS等相关技术，具备良好的沟通能力和团队协作精神。,广州,少于50人,大专,7975,14365
2024-12-27,前端开发工程师,负责公司核心产品的开发与维护，参与技术方案设计。要求熟悉React、Vue、JavaScript等相关技术，具备良好的沟通能力和团队协作精神。,深圳,500-1000人,博士,92178,155613
2024-12-28,机器学习工程师,参与需求分析，提供技术解决方案，推动项目落地。要求熟悉模型调优、Python、特征工程等相关技术，具备良好的沟通能力和团队协作精神。,杭州,150-500人,硕士,15737,28510
2024-12-28,算法工程师,负责公司核心产品的开发与维护，参与技术方案设计。要求熟悉深度学习、数据结构、机器学习等相关技术，具备良好的沟通能力和团队协作精神。,成都,1000人以上,大专,10429,17811
2024-12-29,市场经理,负责市场推广和品牌建设，拓展市场渠道。要求熟悉活动策划、渠道拓展、市场营销等相关技术，具备良好的沟通能力和团队协作精神。,广州,50-150人,博士,29376,53481
2024-12-29,财务分析师,参与需求分析，提供技术解决方案，推动项目落地。要求熟悉Excel、财务报表、财务分析等相关技术，具备良好的沟通能力和团队协作精神。,上海,50-150人,本科,17765,28154
2024-12-29,架构师,参与需求分析，提供技术解决方案，推动项目落地。要求熟悉微服务、性能优化、技术选型等相关技术，具备良好的沟通能力和团队协作精神。,重庆,50-150人,大专,7020,12214
2024-12-30,Java后端开发,参与系统架构设计，优化系统性能，提升用户体验。要求熟悉Dubbo、SpringBoot、Java等相关技术，具备良好的沟通能力和团队协作精神。,广州,少于50人,硕士,13331,23715
2024-12-30,算法工程师,参与系统架构设计，优化系统性能，提升用户体验。要求熟悉算法、数据结构、机器学习等相关技术，具备良好的沟通能力和团队协作精神。,重庆,500-1000人,硕士,12914,22687
2024-12-31,机器学习工程师,负责公司核心产品的开发与维护，参与技术方案设计。要求熟悉Python、特征工程、模型调优等相关技术，具备良好的沟通能力和团队协作精神。,杭州,150-500人,硕士,16920,29692
2025-01-01,架构师,负责公司核心产品的开发与维护，参与技术方案设计。要求熟悉微服务、性能优化、技术选型等相关技术，具备良好的沟通能力和团队协作精神。,武汉,1000人以上,本科,12096,20586
2025-01-01,数据分析师,负责数据分析和挖掘，为业务决策提供数据支持。要求熟悉统计学、SQL、Excel等相关技术，具备良好的沟通能力和团队协作精神。,深圳,1000人以上,大专,20456,30444
2025-01-01,数据分析师,构建机器学习模型，解决实际业务问题。要求熟悉Tableau、统计学、SQL等相关技术，具备良好的沟通能力和团队协作精神。,深圳,50-150人,博士,32682,50473
2025-01-02,技术支持工程师,参与系统架构设计，优化系统性能，提升用户体验。要求熟悉文档编写、客户沟通、技术支持等相关技术，具备良好的沟通能力和团队协作精神。,杭州,150-500人,博士,24962,42191
2025-01-02,市场经理,策划营销活动，提升产品知名度和市场份额。要求熟悉活动策划、市场营销、渠道拓展等相关技术，具备良好的沟通能力和团队协作精神。,重庆,少于50人,硕士,16015,27052
2025-01-04,项目经理,负责公司核心产品的开发与维护，参与技术方案设计。要求熟悉团队协调、风险控制、进度控制等相关技术，具备良好的沟通能力和团队协作精神。,杭州,1000人以上,本科,21499,38728
2025-01-05,前端开发工程师,参与系统架构设计，优化系统性能，提升用户体验。要求熟悉CSS、TypeScript、Vue等相关技术，具备良好的沟通能力和团队协作精神。,上海,50-150人,本科,17104,27225
2025-01-05,算法工程师,负责后端服务开发，确保代码质量和系统稳定性。要求熟悉机器学习、算法、Python等相关技术，具备良好的沟通能力和团队协作精神。,西安,500-1000人,博士,18569,32083
2025-01-05,运营专员,负责日常运营工作，提升用户活跃度和留存率。要求熟悉数据分析、用户增长、活动策划等相关技术，具备良好的沟通能力和团队协作精神。,上海,500-1000人,硕士,15671,25192
2025-01-06,财务分析师,负责后端服务开发，确保代码质量和系统稳定性。要求熟悉Excel、财务分析、预算编制等相关技术，具备良好的沟通能力和团队协作精神。,南京,少于50人,大专,9312,14689
2025-01-06,全栈开发工程师,负责公司核心产品的开发与维护，参与技术方案设计。要求熟悉Node.js、React、MongoDB等相关技术，具备良好的沟通能力和团队协作精神。,杭州,500-1000人,博士,24845,43797
2025-01-08,架构师,参与需求分析，提供技术解决方案，推动项目落地。要求熟悉技术选型、系统架构、性能优化等相关技术，具备良好的沟通能力和团队协作精神。,上海,1000人以上,博士,30968,53980
2025-01-08,市场经理,负责市场推广和品牌建设，拓展市场渠道。要求熟悉活动策划、渠道拓展、品牌建设等相关技术，具备良好的沟通能力和团队协作精神。,广州,1000人以上,大专,14436,27620
2025-01-09,销售代表,分析市场趋势和竞争对手，制定市场策略。要求熟悉销售、商务谈判、客户关系等相关技术，具备良好的沟通能力和团队协作精神。,南京,1000人以上,本科,13221,22709
2025-01-09,全栈开发工程师,负责后端服务开发，确保代码质量和系统稳定性。要求熟悉JavaScript、React、Node.js等相关技术，具备良好的沟通能力和团队协作精神。,北京,1000人以上,本科,16423,29407
2025-01-11,数据分析师,设计和维护数据报表，监控业务指标变化。要求熟悉Python、Excel、统计学等相关技术，具备良好的沟通能力和团队协作精神。,广州,50-150人,硕士,18004,29311
2025-01-12,测试工程师,参与系统架构设计，优化系统性能，提升用户体验。要求熟悉缺陷管理、测试、性能测试等相关技术，具备良好的沟通能力和团队协作精神。,广州,1000人以上,博士,14296,24184
2025-01-12,测试工程师,负责公司核心产品的开发与维护，参与技术方案设计。要求熟悉性能测试、测试、自动化测试等相关技术，具备良好的沟通能力和团队协作精神。,广州,500-1000人,本科,13128,23199
2025-01-13,技术支持工程师,参与系统架构设计，优化系统性能，提升用户体验。要求熟悉技术支持、问题排查、客户沟通等相关技术，具备良好的沟通能力和团队协作精神。,上海,少于50人,硕士,18614,30386
2025-01-13,数据分析师,设计和维护数据报表，监控业务指标变化。要求熟悉Tableau、统计学、Python等相关技术，具备良好的沟通能力和团队协作精神。,北京,150-500人,博士,35999,55475
2025-01-14,数据分析师,设计和维护数据报表，监控业务指标变化。要求熟悉Excel、SQL、Tableau等相关技术，具备良好的沟通能力和团队协作精神。,西安,150-500人,博士,18038,30323
2025-01-14,市场经理,负责市场推广和品牌建设，拓展市场渠道。要求熟悉市场营销、活动策划、品牌建设等相关技术，具备良好的沟通能力和团队协作精神。,重庆,500-1000人,大专,13714,22504
2025-01-16,人力资源专员,负责公司核心产品的开发与维护，参与技术方案设计。要求熟悉员工关系、培训、绩效考核等相关技术，具备良好的沟通能力和团队协作精神。,天津,50-150人,本科,5690,10039
2025-01-16,全栈开发工程师,参与系统架构设计，优化系统性能，提升用户体验。要求熟悉Node.js、MySQL、MongoDB等相关技术，具备良好的沟通能力和团队协作精神。,成都,1000人以上,大专,8938,16130
2025-01-17,机器学习工程师,负责后端服务开发，确保代码质量和系统稳定性。要求熟悉特征工程、模型调优、机器学习等相关技术，具备良好的沟通能力和团队协作精神。,北京,50-150人,大专,10216,18440
2025-01-17,Java后端开发,负责公司核心产品的开发与维护，参与技术方案设计。要求熟悉SpringBoot、MySQL、Java等相关技术，具备良好的沟通能力和团队协作精神。,成都,少于50人,本科,9073,15440
2025-01-17,Java后端开发,负责后端服务开发，确保代码质量和系统稳定性。要求熟悉Java、Dubbo、SpringBoot等相关技术，具备良好的沟通能力和团队协作精神。,广州,50-150人,博士,20369,36025
2025-01-18,技术支持工程师,参与系统架构设计，优化系统性能，提升用户体验。要求熟悉问题排查、技术支持、客户沟通等相关技术，具备良好的沟通能力和团队协作精神。,西安,50-150人,博士,15515,27186
2025-01-18,Python开发工程师,参与系统架构设计，优化系统性能，提升用户体验。要求熟悉Python、MySQL、Flask等相关技术，具备良好的沟通能力和团队协作精神。,南京,少于50人,博士,16814,28912
2025-01-18,测试工程师,参与需求分析，提供技术解决方案，推动项目落地。要求熟悉测试、自动化测试、性能测试等相关技术，具备良好的沟通能力和团队协作精神。,北京,500-1000人,大专,13256,22778
2025-01-19,项目经理,负责公司核心产品的开发与维护，参与技术方案设计。要求熟悉进度控制、团队协调、风险控制等相关技术，具备良好的沟通能力和团队协作精神。,武汉,500-1000人,本科,16430,28103
2025-01-19,运维工程师,负责公司核心产品的开发与维护，参与技术方案设计。要求熟悉Docker、Linux、运维等相关技术，具备良好的沟通能力和团队协作精神。,西安,少于50人,博士,13445,23887
2025-01-20,人力资源专员,参与系统架构设计，优化系统性能，提升用户体验。要求熟悉招聘、培训、绩效考核等相关技术，具备良好的沟通能力和团队协作精神。,西安,150-500人,博士,13069,20747
2025-01-21,全栈开发工程师,参与系统架构设计，优化系统性能，提升用户体验。要求熟悉React、JavaScript、Node.js等相关技术，具备良好的沟通能力和团队协作精神。,北京,150-500人,本科,15683,26504
2025-01-22,产品经理,分析用户需求和市场动态，制定产品发展策略。要求熟悉Axure、产品设计、需求分析等相关技术，具备良好的沟通能力和团队协作精神。,苏州,少于50人,博士,20168,37741
2025-01-22,运维工程师,负责后端服务开发，确保代码质量和系统稳定性。要求熟悉Docker、K8s、监控等相关技术，具备良好的沟通能力和团队协作精神。,南京,少于50人,大专,7607,12983
2025-01-23,产品经理,协调研发、设计、运营团队，确保产品按时交付。要求熟悉产品设计、数据分析、需求分析等相关技术，具备良好的沟通能力和团队协作精神。,深圳,500-1000人,硕士,26292,48609
2025-01-23,Java后端开发,负责公司核心产品的开发与维护，参与技术方案设计。要求熟悉Dubbo、SpringBoot、MySQL等相关技术，具备良好的沟通能力和团队协作精神。,西安,1000人以上,大专,10129,16681
2025-01-23,财务分析师,负责公司核心产品的开发与维护，参与技术方案设计。要求熟悉财务报表、财务分析、Excel等相关技术，具备良好的沟通能力和团队协作精神。,上海,500-1000人,本科,23382,35101
2025-01-24,全栈开发工程师,负责后端服务开发，确保代码质量和系统稳定性。要求熟悉MongoDB、JavaScript、MySQL等相关技术，具备良好的沟通能力和团队协作精神。,上海,500-1000人,大专,12561,21937
2025-01-24,全栈开发工程师,负责公司核心产品的开发与维护，参与技术方案设计。要求熟悉Node.js、MySQL、MongoDB等相关技术，具备良好的沟通能力和团队协作精神。,广州,少于50人,本科,12090,19872
2025-01-25,技术支持工程师,负责公司核心产品的开发与维护，参与技术方案设计。要求熟悉技术支持、文档编写、问题排查等相关技术，具备良好的沟通能力和团队协作精神。,上海,50-150人,博士,25811,44029
2025-01-25,市场经理,策划营销活动，提升产品知名度和市场份额。要求熟悉市场营销、活动策划、渠道拓展等相关技术，具备良好的沟通能力和团队协作精神。,武汉,150-500人,本科,12729,23341
2025-01-26,财务分析师,负责公司核心产品的开发与维护，参与技术方案设计。要求熟悉财务报表、Excel、预算编制等相关技术，具备良好的沟通能力和团队协作精神。,西安,1000人以上,大专,10104,16656
2025-01-27,运维工程师,参与需求分析，提供技术解决方案，推动项目落地。要求熟悉K8s、运维、Docker等相关技术，具备良好的沟通能力和团队协作精神。,苏州,少于50人,博士,13187,24903
2025-01-28,数据科学家,负责数据分析和挖掘，为业务决策提供数据支持。要求熟悉Python、深度学习、PyTorch等相关技术，具备良好的沟通能力和团队协作精神。,上海,150-500人,大专,29060,45040
2025-01-28,数据分析师,设计和维护数据报表，监控业务指标变化。要求熟悉Python、Tableau、统计学等相关技术，具备良好的沟通能力和团队协作精神。,武汉,150-500人,硕士,16041,25238
2025-01-30,财务分析师,参与系统架构设计，优化系统性能，提升用户体验。要求熟悉预算编制、财务报表、Excel等相关技术，具备良好的沟通能力和团队协作精神。,西安,500-1000人,硕士,13748,23508
2025-01-31,Java后端开发,负责后端服务开发，确保代码质量和系统稳定性。要求熟悉Java、MySQL、Redis等相关技术，具备良好的沟通能力和团队协作精神。,深圳,50-150人,博士,22202,39993
2025-01-31,人力资源专员,负责后端服务开发，确保代码质量和系统稳定性。要求熟悉培训、招聘、员工关系等相关技术，具备良好的沟通能力和团队协作精神。,广州,50-150人,大专,7576,11925
2025-02-01,全栈开发工程师,负责公司核心产品的开发与维护，参与技术方案设计。要求熟悉Node.js、React、MongoDB等相关技术，具备良好的沟通能力和团队协作精神。,天津,500-1000人,硕士,15198,25570
2025-02-01,人力资源专员,参与需求分析，提供技术解决方案，推动项目落地。要求熟悉培训、员工关系、绩效考核等相关技术，具备良好的沟通能力和团队协作精神。,广州,150-500人,博士,18684,28883
2025-02-02,运维工程师,参与需求分析，提供技术解决方案，推动项目落地。要求熟悉K8s、Linux、监控等相关技术，具备良好的沟通能力和团队协作精神。,天津,150-500人,博士,18292,31346
2025-02-02,算法工程师,负责公司核心产品的开发与维护，参与技术方案设计。要求熟悉Python、数据结构、深度学习等相关技术，具备良好的沟通能力和团队协作精神。,成都,1000人以上,硕士,17227,28798
2025-02-03,人力资源专员,参与需求分析，提供技术解决方案，推动项目落地。要求熟悉招聘、培训、绩效考核等相关技术，具备良好的沟通能力和团队协作精神。,深圳,50-150人,大专,7773,12666
2025-02-04,UI设计师,参与需求分析，提供技术解决方案，推动项目落地。要求熟悉交互设计、UI设计、用户体验等相关技术，具备良好的沟通能力和团队协作精神。,天津,1000人以上,博士,9701,16554
2025-02-05,架构师,参与系统架构设计，优化系统性能，提升用户体验。要求熟悉性能优化、技术选型、系统架构等相关技术，具备良好的沟通能力和团队协作精神。,深圳,150-500人,博士,27872,46416
2025-02-05,Python开发工程师,负责公司核心产品的开发与维护，参与技术方案设计。要求熟悉Redis、Django、Flask等相关技术，具备良好的沟通能力和团队协作精神。,重庆,1000人以上,大专,10408,16737
2025-02-06,运维工程师,参与需求分析，提供技术解决方案，推动项目落地。要求熟悉Linux、监控、Docker等相关技术，具备良好的沟通能力和团队协作精神。,广州,500-1000人,硕士,16071,29035
2025-02-06,机器学习工程师,负责后端服务开发，确保代码质量和系统稳定性。要求熟悉Python、特征工程、模型调优等相关技术，具备良好的沟通能力和团队协作精神。,成都,500-1000人,大专,8576,15103
2025-02-06,数据科学家,负责数据分析和挖掘，为业务决策提供数据支持。要求熟悉TensorFlow、PyTorch、机器学习等相关技术，具备良好的沟通能力和团队协作精神。,武汉,50-150人,博士,30859,53320
2025-02-07,全栈开发工程师,负责后端服务开发，确保代码质量和系统稳定性。要求熟悉Node.js、MySQL、React等相关技术，具备良好的沟通能力和团队协作精神。,南京,150-500人,本科,10198,18028
2025-02-07,技术支持工程师,负责后端服务开发，确保代码质量和系统稳定性。要求熟悉问题排查、技术支持、客户沟通等相关技术，具备良好的沟通能力和团队协作精神。,苏州,1000人以上,硕士,17520,29348
2025-02-07,销售代表,策划营销活动，提升产品知名度和市场份额。要求熟悉销售、客户关系、业绩目标等相关技术，具备良好的沟通能力和团队协作精神。,西安,1000人以上,本科,12989,21098
2025-02-07,项目经理,参与系统架构设计，优化系统性能，提升用户体验。要求熟悉风险控制、项目管理、团队协调等相关技术，具备良好的沟通能力和团队协作精神。,上海,500-1000人,博士,42479,73810
2025-02-07,项目经理,参与需求分析，提供技术解决方案，推动项目落地。要求熟悉风险控制、项目管理、团队协调等相关技术，具备良好的沟通能力和团队协作精神。,杭州,少于50人,博士,29991,51742
2025-02-08,数据科学家,负责数据分析和挖掘，为业务决策提供数据支持。要求熟悉机器学习、TensorFlow、PyTorch等相关技术，具备良好的沟通能力和团队协作精神。,南京,500-1000人,本科,24179,40327
2025-02-08,财务分析师,负责后端服务开发，确保代码质量和系统稳定性。要求熟悉Excel、财务报表、预算编制等相关技术，具备良好的沟通能力和团队协作精神。,杭州,1000人以上,本科,18942,30316
2025-02-09,架构师,负责公司核心产品的开发与维护，参与技术方案设计。要求熟悉系统架构、微服务、技术选型等相关技术，具备良好的沟通能力和团队协作精神。,南京,1000人以上,博士,21150,38062
2025-02-11,Python开发工程师,参与系统架构设计，优化系统性能，提升用户体验。要求熟悉Redis、FastAPI、MySQL等相关技术，具备良好的沟通能力和团队协作精神。,南京,50-150人,大专,7985,13936
2025-02-11,技术支持工程师,参与系统架构设计，优化系统性能，提升用户体验。要求熟悉客户沟通、问题排查、技术支持等相关技术，具备良好的沟通能力和团队协作精神。,西安,1000人以上,博士,22229,36826
2025-02-12,前端开发工程师,参与需求分析，提供技术解决方案，推动项目落地。要求熟悉CSS、JavaScript、TypeScript等相关技术，具备良好的沟通能力和团队协作精神。,天津,1000人以上,本科,12163,20866
2025-02-12,前端开发工程师,负责公司核心产品的开发与维护，参与技术方案设计。要求熟悉TypeScript、Vue、JavaScript等相关技术，具备良好的沟通能力和团队协作精神。,北京,150-500人,大专,12445,21016
2025-02-12,测试工程师,负责后端服务开发，确保代码质量和系统稳定性。要求熟悉性能测试、缺陷管理、自动化测试等相关技术，具备良好的沟通能力和团队协作精神。,广州,150-500人,硕士,12691,24476
2025-02-12,数据分析师,构建机器学习模型，解决实际业务问题。要求熟悉Excel、Tableau、SQL等相关技术，具备良好的沟通能力和团队协作精神。,成都,1000人以上,硕士,19595,31166
2025-02-13,财务分析师,负责后端服务开发，确保代码质量和系统稳定性。要求熟悉Excel、预算编制、财务分析等相关技术，具备良好的沟通能力和团队协作精神。,天津,150-500人,硕士,17911,27340
2025-02-13,数据科学家,设计和维护数据报表，监控业务指标变化。要求熟悉Python、深度学习、机器学习等相关技术，具备良好的沟通能力和团队协作精神。,武汉,50-150人,本科,23110,35588
2025-02-14,机器学习工程师,参与需求分析，提供技术解决方案，推动项目落地。要求熟悉Python、模型调优、机器学习等相关技术，具备良好的沟通能力和团队协作精神。,成都,500-1000人,大专,9370,15897
2025-02-14,UI设计师,参与需求分析，提供技术解决方案，推动项目落地。要求熟悉UI设计、交互设计、用户体验等相关技术，具备良好的沟通能力和团队协作精神。,成都,500-1000人,博士,21627,34478
2025-02-15,运维工程师,参与需求分析，提供技术解决方案，推动项目落地。要求熟悉Linux、监控、K8s等相关技术，具备良好的沟通能力和团队协作精神。,南京,1000人以上,硕士,15963,28177
2025-02-15,数据科学家,构建机器学习模型，解决实际业务问题。要求熟悉机器学习、Python、深度学习等相关技术，具备良好的沟通能力和团队协作精神。,成都,150-500人,本科,22636,36544
2025-02-16,运营专员,分析运营数据，优化运营策略和流程。要求熟悉运营、活动策划、用户增长等相关技术，具备良好的沟通能力和团队协作精神。,深圳,500-1000人,博士,12963,25712
2025-02-16,产品经理,协调研发、设计、运营团队，确保产品按时交付。要求熟悉用户研究、数据分析、需求分析等相关技术，具备良好的沟通能力和团队协作精神。,杭州,150-500人,大专,15601,26975
2025-02-16,Python开发工程师,参与需求分析，提供技术解决方案，推动项目落地。要求熟悉Redis、Python、Flask等相关技术，具备良好的沟通能力和团队协作精神。,广州,500-1000人,大专,10903,18880
2025-02-17,全栈开发工程师,参与需求分析，提供技术解决方案，推动项目落地。要求熟悉React、Node.js、MySQL等相关技术，具备良好的沟通能力和团队协作精神。,北京,500-1000人,本科,9062,14955
2025-02-17,财务分析师,参与需求分析，提供技术解决方案，推动项目落地。要求熟悉预算编制、财务分析、Excel等相关技术，具备良好的沟通能力和团队协作精神。,成都,50-150人,博士,18342,31026
2025-02-18,架构师,参与需求分析，提供技术解决方案，推动项目落地。要求熟悉技术选型、性能优化、微服务等相关技术，具备良好的沟通能力和团队协作精神。,深圳,150-500人,大专,11806,20048
2025-02-19,产品经理,分析用户需求和市场动态，制定产品发展策略。要求熟悉需求分析、数据分析、用户研究等相关技术，具备良好的沟通能力和团队协作精神。,上海,500-1000人,博士,42489,73820
2025-02-19,全栈开发工程师,参与系统架构设计，优化系统性能，提升用户体验。要求熟悉JavaScript、Node.js、MySQL等相关技术，具备良好的沟通能力和团队协作精神。,北京,1000人以上,博士,33208,56350
2025-02-19,技术支持工程师,参与需求分析，提供技术解决方案，推动项目落地。要求熟悉文档编写、技术支持、问题排查等相关技术，具备良好的沟通能力和团队协作精神。,杭州,500-1000人,本科,15163,25589
2025-02-20,项目经理,负责后端服务开发，确保代码质量和系统稳定性。要求熟悉项目管理、风险控制、团队协调等相关技术，具备良好的沟通能力和团队协作精神。,广州,50-150人,硕士,26124,42919
2025-02-20,算法工程师,参与需求分析，提供技术解决方案，推动项目落地。要求熟悉Python、数据结构、算法等相关技术，具备良好的沟通能力和团队协作精神。,天津,150-500人,大专,8021,13823
2025-02-20,前端开发工程师,负责后端服务开发，确保代码质量和系统稳定性。要求熟悉React、HTML、TypeScript等相关技术，具备良好的沟通能力和团队协作精神。,深圳,1000人以上,博士,31103,53355
2025-02-20,UI设计师,参与需求分析，提供技术解决方案，推动项目落地。要求熟悉UI设计、Figma、交互设计等相关技术，具备良好的沟通能力和团队协作精神。,苏州,500-1000人,博士,21635,34771
2025-02-21,全栈开发工程师,参与需求分析，提供技术解决方案，推动项目落地。要求熟悉JavaScript、Node.js、React等相关技术，具备良好的沟通能力和团队协作精神。,天津,50-150人,博士,14434,26836
2025-02-21,产品经理,负责产品规划和设计，推动产品迭代优化。要求熟悉产品设计、Axure、用户研究等相关技术，具备良好的沟通能力和团队协作精神。,苏州,50-150人,硕士,20915,34961
2025-02-22,人力资源专员,负责后端服务开发，确保代码质量和系统稳定性。要求熟悉绩效考核、培训、员工关系等相关技术，具备良好的沟通能力和团队协作精神。,成都,少于50人,硕士,8242,13365
2025-02-23,财务分析师,负责公司核心产品的开发与维护，参与技术方案设计。要求熟悉财务报表、财务分析、预算编制等相关技术，具备良好的沟通能力和团队协作精神。,武汉,少于50人,博士,7146,11433
2025-02-25,人力资源专员,参与系统架构设计，优化系统性能，提升用户体验。要求熟悉员工关系、绩效考核、培训等相关技术，具备良好的沟通能力和团队协作精神。,西安,1000人以上,大专,6468,10523
2025-02-28,市场经理,策划营销活动，提升产品知名度和市场份额。要求熟悉品牌建设、市场营销、活动策划等相关技术，具备良好的沟通能力和团队协作精神。,武汉,150-500人,硕士,19091,32751
2025-02-28,技术支持工程师,负责后端服务开发，确保代码质量和系统稳定性。要求熟悉技术支持、文档编写、问题排查等相关技术，具备良好的沟通能力和团队协作精神。,北京,50-150人,本科,34422,59870
2025-02-28,架构师,负责后端服务开发，确保代码质量和系统稳定性。要求熟悉系统架构、性能优化、微服务等相关技术，具备良好的沟通能力和团队协作精神。,广州,少于50人,本科,9157,16863
2025-02-28,运维工程师,参与系统架构设计，优化系统性能，提升用户体验。要求熟悉监控、K8s、Linux等相关技术，具备良好的沟通能力和团队协作精神。,西安,少于50人,博士,15418,25758
2025-03-01,产品经理,协调研发、设计、运营团队，确保产品按时交付。要求熟悉需求分析、用户研究、数据分析等相关技术，具备良好的沟通能力和团队协作精神。,天津,150-500人,本科,16073,27167
2025-03-02,技术支持工程师,负责后端服务开发，确保代码质量和系统稳定性。要求熟悉文档编写、技术支持、客户沟通等相关技术，具备良好的沟通能力和团队协作精神。,成都,150-500人,大专,8925,14977
2025-03-03,销售代表,负责市场推广和品牌建设，拓展市场渠道。要求熟悉销售、商务谈判、业绩目标等相关技术，具备良好的沟通能力和团队协作精神。,武汉,少于50人,本科,9773,15846
2025-03-03,人力资源专员,参与需求分析，提供技术解决方案，推动项目落地。要求熟悉招聘、员工关系、绩效考核等相关技术，具备良好的沟通能力和团队协作精神。,苏州,少于50人,本科,6649,10757
2025-03-03,Python开发工程师,参与系统架构设计，优化系统性能，提升用户体验。要求熟悉MySQL、Redis、Flask等相关技术，具备良好的沟通能力和团队协作精神。,重庆,少于50人,博士,15029,25317
2025-03-03,机器学习工程师,负责后端服务开发，确保代码质量和系统稳定性。要求熟悉Python、特征工程、机器学习等相关技术，具备良好的沟通能力和团队协作精神。,北京,150-500人,博士,28725,48393
2025-03-03,产品经理,负责产品规划和设计，推动产品迭代优化。要求熟悉产品设计、Axure、用户研究等相关技术，具备良好的沟通能力和团队协作精神。,武汉,150-500人,硕士,18805,32736
2025-03-04,算法工程师,参与需求分析，提供技术解决方案，推动项目落地。要求熟悉数据结构、深度学习、算法等相关技术，具备良好的沟通能力和团队协作精神。,广州,50-150人,本科,11418,20201
2025-03-05,Python开发工程师,负责公司核心产品的开发与维护，参与技术方案设计。要求熟悉Flask、FastAPI、Python等相关技术，具备良好的沟通能力和团队协作精神。,杭州,150-500人,硕士,18386,30951
2025-03-06,项目经理,参与需求分析，提供技术解决方案，推动项目落地。要求熟悉团队协调、项目管理、进度控制等相关技术，具备良好的沟通能力和团队协作精神。,重庆,少于50人,博士,20966,36397
2025-03-07,技术支持工程师,参与需求分析，提供技术解决方案，推动项目落地。要求熟悉文档编写、问题排查、客户沟通等相关技术，具备良好的沟通能力和团队协作精神。,重庆,1000人以上,本科,9444,17513
2025-03-07,人力资源专员,参与系统架构设计，优化系统性能，提升用户体验。要求熟悉招聘、培训、员工关系等相关技术，具备良好的沟通能力和团队协作精神。,苏州,500-1000人,硕士,10329,17240
2025-03-07,全栈开发工程师,负责后端服务开发，确保代码质量和系统稳定性。要求熟悉JavaScript、MongoDB、MySQL等相关技术，具备良好的沟通能力和团队协作精神。,重庆,1000人以上,大专,7956,14411
2025-03-07,全栈开发工程师,参与系统架构设计，优化系统性能，提升用户体验。要求熟悉Node.js、MongoDB、JavaScript等相关技术，具备良好的沟通能力和团队协作精神。,武汉,150-500人,大专,7490,13205
2025-03-08,测试工程师,负责后端服务开发，确保代码质量和系统稳定性。要求熟悉性能测试、测试、缺陷管理等相关技术，具备良好的沟通能力和团队协作精神。,杭州,少于50人,硕士,13877,24558
2025-03-08,数据分析师,负责数据分析和挖掘，为业务决策提供数据支持。要求熟悉Excel、统计学、SQL等相关技术，具备良好的沟通能力和团队协作精神。,西安,少于50人,大专,7202,11888
2025-03-08,运营专员,负责日常运营工作，提升用户活跃度和留存率。要求熟悉运营、数据分析、活动策划等相关技术，具备良好的沟通能力和团队协作精神。,天津,150-500人,本科,6849,11471
2025-03-09,算法工程师,参与系统架构设计，优化系统性能，提升用户体验。要求熟悉深度学习、数据结构、机器学习等相关技术，具备良好的沟通能力和团队协作精神。,北京,150-500人,大专,11901,20642
2025-03-09,市场经理,负责市场推广和品牌建设，拓展市场渠道。要求熟悉活动策划、品牌建设、渠道拓展等相关技术，具备良好的沟通能力和团队协作精神。,深圳,500-1000人,硕士,30226,52761
2025-03-10,Java后端开发,参与系统架构设计，优化系统性能，提升用户体验。要求熟悉Dubbo、SpringBoot、Java等相关技术，具备良好的沟通能力和团队协作精神。,重庆,1000人以上,本科,12935,21004
2025-03-11,产品经理,负责产品规划和设计，推动产品迭代优化。要求熟悉数据分析、用户研究、需求分析等相关技术，具备良好的沟通能力和团队协作精神。,苏州,少于50人,硕士,19870,32687
2025-03-11,财务分析师,负责后端服务开发，确保代码质量和系统稳定性。要求熟悉财务分析、Excel、预算编制等相关技术，具备良好的沟通能力和团队协作精神。,广州,1000人以上,硕士,24918,39341
2025-03-11,算法工程师,负责公司核心产品的开发与维护，参与技术方案设计。要求熟悉数据结构、深度学习、机器学习等相关技术，具备良好的沟通能力和团队协作精神。,北京,少于50人,硕士,14625,26698
2025-03-12,机器学习工程师,参与系统架构设计，优化系统性能，提升用户体验。要求熟悉模型调优、Python、机器学习等相关技术，具备良好的沟通能力和团队协作精神。,武汉,少于50人,博士,15744,26675
2025-03-12,销售代表,负责市场推广和品牌建设，拓展市场渠道。要求熟悉商务谈判、客户关系、销售等相关技术，具备良好的沟通能力和团队协作精神。,北京,150-500人,博士,29761,49428
2025-03-14,项目经理,负责公司核心产品的开发与维护，参与技术方案设计。要求熟悉团队协调、项目管理、风险控制等相关技术，具备良好的沟通能力和团队协作精神。,成都,少于50人,博士,25913,43273
2025-03-14,产品经理,分析用户需求和市场动态，制定产品发展策略。要求熟悉产品设计、需求分析、数据分析等相关技术，具备良好的沟通能力和团队协作精神。,武汉,1000人以上,本科,18055,30914
2025-03-14,人力资源专员,负责公司核心产品的开发与维护，参与技术方案设计。要求熟悉招聘、员工关系、绩效考核等相关技术，具备良好的沟通能力和团队协作精神。,南京,50-150人,本科,5963,10703
2025-03-15,Python开发工程师,参与需求分析，提供技术解决方案，推动项目落地。要求熟悉Django、Python、MySQL等相关技术，具备良好的沟通能力和团队协作精神。,苏州,500-1000人,大专,11359,18163
2025-03-15,市场经理,策划营销活动，提升产品知名度和市场份额。要求熟悉渠道拓展、活动策划、市场营销等相关技术，具备良好的沟通能力和团队协作精神。,武汉,150-500人,博士,28604,47893
2025-03-15,人力资源专员,负责公司核心产品的开发与维护，参与技术方案设计。要求熟悉员工关系、招聘、绩效考核等相关技术，具备良好的沟通能力和团队协作精神。,北京,50-150人,硕士,4968,8341
2025-03-15,数据科学家,设计和维护数据报表，监控业务指标变化。要求熟悉机器学习、TensorFlow、Python等相关技术，具备良好的沟通能力和团队协作精神。,广州,150-500人,大专,19647,33515
2025-03-16,运维工程师,参与系统架构设计，优化系统性能，提升用户体验。要求熟悉监控、运维、K8s等相关技术，具备良好的沟通能力和团队协作精神。,武汉,1000人以上,本科,13390,21963
2025-03-16,测试工程师,参与系统架构设计，优化系统性能，提升用户体验。要求熟悉性能测试、测试、缺陷管理等相关技术，具备良好的沟通能力和团队协作精神。,上海,50-150人,大专,10312,18488
2025-03-17,测试工程师,负责公司核心产品的开发与维护，参与技术方案设计。要求熟悉性能测试、缺陷管理、自动化测试等相关技术，具备良好的沟通能力和团队协作精神。,上海,150-500人,博士,9562,17308
2025-03-17,架构师,参与需求分析，提供技术解决方案，推动项目落地。要求熟悉技术选型、微服务、系统架构等相关技术，具备良好的沟通能力和团队协作精神。,西安,150-500人,大专,6781,12294
2025-03-17,Python开发工程师,参与需求分析，提供技术解决方案，推动项目落地。要求熟悉Python、MySQL、FastAPI等相关技术，具备良好的沟通能力和团队协作精神。,西安,1000人以上,博士,20330,35217
2025-03-17,全栈开发工程师,参与需求分析，提供技术解决方案，推动项目落地。要求熟悉JavaScript、Node.js、MySQL等相关技术，具备良好的沟通能力和团队协作精神。,上海,50-150人,硕士,18140,31427
2025-03-17,数据分析师,负责数据分析和挖掘，为业务决策提供数据支持。要求熟悉Tableau、Python、SQL等相关技术，具备良好的沟通能力和团队协作精神。,重庆,少于50人,本科,8916,14631
2025-03-17,算法工程师,参与需求分析，提供技术解决方案，推动项目落地。要求熟悉Python、机器学习、深度学习等相关技术，具备良好的沟通能力和团队协作精神。,武汉,500-1000人,大专,8390,14677
2025-03-17,人力资源专员,参与系统架构设计，优化系统性能，提升用户体验。要求熟悉培训、招聘、绩效考核等相关技术，具备良好的沟通能力和团队协作精神。,武汉,1000人以上,硕士,11399,18364
2025-03-17,产品经理,协调研发、设计、运营团队，确保产品按时交付。要求熟悉数据分析、需求分析、用户研究等相关技术，具备良好的沟通能力和团队协作精神。,成都,150-500人,大专,13610,22687
2025-03-18,UI设计师,参与系统架构设计，优化系统性能，提升用户体验。要求熟悉交互设计、UI设计、用户体验等相关技术，具备良好的沟通能力和团队协作精神。,天津,50-150人,博士,18653,29720
2025-03-18,Java后端开发,负责后端服务开发，确保代码质量和系统稳定性。要求熟悉Spring、MySQL、Java等相关技术，具备良好的沟通能力和团队协作精神。,广州,少于50人,硕士,17744,27960
2025-03-18,算法工程师,参与需求分析，提供技术解决方案，推动项目落地。要求熟悉数据结构、深度学习、Python等相关技术，具备良好的沟通能力和团队协作精神。,重庆,50-150人,硕士,10648,18952
2025-03-18,UI设计师,参与需求分析，提供技术解决方案，推动项目落地。要求熟悉交互设计、用户体验、Sketch等相关技术，具备良好的沟通能力和团队协作精神。,杭州,1000人以上,本科,16777,26926
2025-03-18,Java后端开发,参与系统架构设计，优化系统性能，提升用户体验。要求熟悉SpringBoot、Dubbo、Redis等相关技术，具备良好的沟通能力和团队协作精神。,苏州,150-500人,硕士,15291,25344
2025-03-19,销售代表,分析市场趋势和竞争对手，制定市场策略。要求熟悉商务谈判、销售、客户关系等相关技术，具备良好的沟通能力和团队协作精神。,南京,50-150人,博士,17766,31420
2025-03-19,测试工程师,负责公司核心产品的开发与维护，参与技术方案设计。要求熟悉测试、自动化测试、性能测试等相关技术，具备良好的沟通能力和团队协作精神。,北京,少于50人,硕士,17041,29115
2025-03-19,算法工程师,参与系统架构设计，优化系统性能，提升用户体验。要求熟悉算法、机器学习、数据结构等相关技术，具备良好的沟通能力和团队协作精神。,南京,500-1000人,博士,18144,33954
2025-03-19,全栈开发工程师,负责公司核心产品的开发与维护，参与技术方案设计。要求熟悉Node.js、JavaScript、MongoDB等相关技术，具备良好的沟通能力和团队协作精神。,重庆,1000人以上,本科,10706,18774
2025-03-20,Java后端开发,负责公司核心产品的开发与维护，参与技术方案设计。要求熟悉SpringBoot、Redis、MySQL等相关技术，具备良好的沟通能力和团队协作精神。,武汉,少于50人,博士,13431,24361
2025-03-20,UI设计师,负责后端服务开发，确保代码质量和系统稳定性。要求熟悉Sketch、用户体验、Figma等相关技术，具备良好的沟通能力和团队协作精神。,成都,50-150人,大专,8443,13473
2025-03-20,运维工程师,负责后端服务开发，确保代码质量和系统稳定性。要求熟悉K8s、运维、Linux等相关技术，具备良好的沟通能力和团队协作精神。,重庆,150-500人,博士,15607,27709
2025-03-21,Java后端开发,参与需求分析，提供技术解决方案，推动项目落地。要求熟悉MySQL、Redis、Dubbo等相关技术，具备良好的沟通能力和团队协作精神。,成都,1000人以上,大专,10109,17371
2025-03-21,前端开发工程师,负责公司核心产品的开发与维护，参与技术方案设计。要求熟悉HTML、React、JavaScript等相关技术，具备良好的沟通能力和团队协作精神。,天津,少于50人,大专,5969,10998
2025-03-23,市场经理,分析市场趋势和竞争对手，制定市场策略。要求熟悉品牌建设、活动策划、渠道拓展等相关技术，具备良好的沟通能力和团队协作精神。,深圳,50-150人,大专,15288,27264
2025-03-23,人力资源专员,参与需求分析，提供技术解决方案，推动项目落地。要求熟悉培训、绩效考核、员工关系等相关技术，具备良好的沟通能力和团队协作精神。,武汉,150-500人,博士,11348,19386
2025-03-23,机器学习工程师,负责后端服务开发，确保代码质量和系统稳定性。要求熟悉机器学习、特征工程、模型调优等相关技术，具备良好的沟通能力和团队协作精神。,武汉,1000人以上,本科,11950,20523
2025-03-23,市场经理,策划营销活动，提升产品知名度和市场份额。要求熟悉活动策划、市场营销、品牌建设等相关技术，具备良好的沟通能力和团队协作精神。,上海,50-150人,硕士,23347,43277
2025-03-23,Java后端开发,参与系统架构设计，优化系统性能，提升用户体验。要求熟悉SpringBoot、Redis、Java等相关技术，具备良好的沟通能力和团队协作精神。,上海,少于50人,大专,10676,17992
2025-03-25,运营专员,策划运营活动，提升品牌影响力和用户增长。要求熟悉用户增长、数据分析、运营等相关技术，具备良好的沟通能力和团队协作精神。,武汉,少于50人,博士,9878,16710
2025-03-25,算法工程师,参与系统架构设计，优化系统性能，提升用户体验。要求熟悉Python、算法、机器学习等相关技术，具备良好的沟通能力和团队协作精神。,深圳,少于50人,本科,11075,20005
2025-03-25,UI设计师,参与需求分析，提供技术解决方案，推动项目落地。要求熟悉Figma、Sketch、交互设计等相关技术，具备良好的沟通能力和团队协作精神。,重庆,50-150人,大专,8886,13358
2025-03-25,数据科学家,负责数据分析和挖掘，为业务决策提供数据支持。要求熟悉TensorFlow、PyTorch、深度学习等相关技术，具备良好的沟通能力和团队协作精神。,西安,1000人以上,本科,25636,41143
2025-03-26,运营专员,分析运营数据，优化运营策略和流程。要求熟悉活动策划、用户增长、运营等相关技术，具备良好的沟通能力和团队协作精神。,北京,1000人以上,博士,22171,36922
2025-03-26,数据科学家,构建机器学习模型，解决实际业务问题。要求熟悉深度学习、机器学习、Python等相关技术，具备良好的沟通能力和团队协作精神。,成都,少于50人,大专,15859,25504
2025-03-26,架构师,参与需求分析，提供技术解决方案，推动项目落地。要求熟悉系统架构、技术选型、性能优化等相关技术，具备良好的沟通能力和团队协作精神。,上海,少于50人,本科,11600,20744
2025-03-26,测试工程师,参与系统架构设计，优化系统性能，提升用户体验。要求熟悉性能测试、缺陷管理、测试等相关技术，具备良好的沟通能力和团队协作精神。,北京,少于50人,博士,21819,38536
2025-03-27,测试工程师,参与系统架构设计，优化系统性能，提升用户体验。要求熟悉性能测试、自动化测试、测试等相关技术，具备良好的沟通能力和团队协作精神。,苏州,150-500人,博士,23470,37389
2025-03-27,技术支持工程师,负责后端服务开发，确保代码质量和系统稳定性。要求熟悉客户沟通、文档编写、问题排查等相关技术，具备良好的沟通能力和团队协作精神。,南京,150-500人,大专,9102,15490
2025-03-28,项目经理,参与系统架构设计，优化系统性能，提升用户体验。要求熟悉进度控制、风险控制、项目管理等相关技术，具备良好的沟通能力和团队协作精神。,武汉,500-1000人,大专,13808,23238
2025-03-28,数据分析师,负责数据分析和挖掘，为业务决策提供数据支持。要求熟悉Tableau、统计学、SQL等相关技术，具备良好的沟通能力和团队协作精神。,广州,50-150人,硕士,17618,29036
2025-03-29,前端开发工程师,负责后端服务开发，确保代码质量和系统稳定性。要求熟悉React、JavaScript、HTML等相关技术，具备良好的沟通能力和团队协作精神。,杭州,1000人以上,博士,26899,47777
2025-03-29,财务分析师,负责后端服务开发，确保代码质量和系统稳定性。要求熟悉Excel、预算编制、财务分析等相关技术，具备良好的沟通能力和团队协作精神。,成都,500-1000人,大专,11841,18497
2025-03-30,数据科学家,设计和维护数据报表，监控业务指标变化。要求熟悉PyTorch、Python、TensorFlow等相关技术，具备良好的沟通能力和团队协作精神。,南京,1000人以上,本科,31635,49600
2025-03-30,机器学习工程师,负责后端服务开发，确保代码质量和系统稳定性。要求熟悉模型调优、Python、特征工程等相关技术，具备良好的沟通能力和团队协作精神。,杭州,150-500人,大专,10967,18699
2025-03-31,数据科学家,构建机器学习模型，解决实际业务问题。要求熟悉Python、TensorFlow、机器学习等相关技术，具备良好的沟通能力和团队协作精神。,杭州,150-500人,博士,58156,90777
2025-03-31,全栈开发工程师,负责后端服务开发，确保代码质量和系统稳定性。要求熟悉MongoDB、React、MySQL等相关技术，具备良好的沟通能力和团队协作精神。,武汉,50-150人,本科,10863,17649
2025-04-01,人力资源专员,负责公司核心产品的开发与维护，参与技术方案设计。要求熟悉绩效考核、招聘、培训等相关技术，具备良好的沟通能力和团队协作精神。,重庆,150-500人,博士,11792,19427
2025-04-01,技术支持工程师,参与需求分析，提供技术解决方案，推动项目落地。要求熟悉技术支持、问题排查、客户沟通等相关技术，具备良好的沟通能力和团队协作精神。,西安,500-1000人,大专,10247,16369
2025-04-01,产品经理,负责产品规划和设计，推动产品迭代优化。要求熟悉需求分析、产品设计、Axure等相关技术，具备良好的沟通能力和团队协作精神。,重庆,少于50人,硕士,16099,27349
2025-04-01,算法工程师,负责公司核心产品的开发与维护，参与技术方案设计。要求熟悉机器学习、Python、算法等相关技术，具备良好的沟通能力和团队协作精神。,苏州,150-500人,博士,18502,32551
2025-04-02,数据分析师,构建机器学习模型，解决实际业务问题。要求熟悉Excel、统计学、Tableau等相关技术，具备良好的沟通能力和团队协作精神。,南京,150-500人,大专,10666,17114
2025-04-02,Python开发工程师,负责公司核心产品的开发与维护，参与技术方案设计。要求熟悉Python、Django、FastAPI等相关技术，具备良好的沟通能力和团队协作精神。,西安,50-150人,大专,7304,12591
2025-04-03,销售代表,策划营销活动，提升产品知名度和市场份额。要求熟悉商务谈判、客户关系、销售等相关技术，具备良好的沟通能力和团队协作精神。,天津,1000人以上,本科,12268,21228
2025-04-04,运维工程师,负责后端服务开发，确保代码质量和系统稳定性。要求熟悉K8s、运维、Docker等相关技术，具备良好的沟通能力和团队协作精神。,上海,150-500人,大专,13517,22204
2025-04-05,市场经理,分析市场趋势和竞争对手，制定市场策略。要求熟悉活动策划、品牌建设、渠道拓展等相关技术，具备良好的沟通能力和团队协作精神。,天津,150-500人,博士,31700,51858
2025-04-05,UI设计师,负责后端服务开发，确保代码质量和系统稳定性。要求熟悉Figma、用户体验、Sketch等相关技术，具备良好的沟通能力和团队协作精神。,广州,150-500人,博士,22409,37108
2025-04-06,技术支持工程师,参与系统架构设计，优化系统性能，提升用户体验。要求熟悉客户沟通、问题排查、技术支持等相关技术，具备良好的沟通能力和团队协作精神。,南京,50-150人,博士,15450,29232
2025-04-06,产品经理,负责产品规划和设计，推动产品迭代优化。要求熟悉产品设计、需求分析、数据分析等相关技术，具备良好的沟通能力和团队协作精神。,重庆,150-500人,本科,13488,23669
2025-04-07,Python开发工程师,参与系统架构设计，优化系统性能，提升用户体验。要求熟悉FastAPI、Flask、Python等相关技术，具备良好的沟通能力和团队协作精神。,北京,50-150人,本科,13464,23942
2025-04-08,技术支持工程师,参与系统架构设计，优化系统性能，提升用户体验。要求熟悉文档编写、客户沟通、技术支持等相关技术，具备良好的沟通能力和团队协作精神。,西安,500-1000人,本科,10446,18098
2025-04-09,数据分析师,构建机器学习模型，解决实际业务问题。要求熟悉SQL、Tableau、Python等相关技术，具备良好的沟通能力和团队协作精神。,北京,500-1000人,博士,35623,57461
2025-04-10,运维工程师,参与系统架构设计，优化系统性能，提升用户体验。要求熟悉Linux、运维、监控等相关技术，具备良好的沟通能力和团队协作精神。,天津,少于50人,大专,6755,11832
2025-04-10,前端开发工程师,参与需求分析，提供技术解决方案，推动项目落地。要求熟悉HTML、Vue、React等相关技术，具备良好的沟通能力和团队协作精神。,深圳,少于50人,硕士,14901,26620
2025-04-10,项目经理,负责后端服务开发，确保代码质量和系统稳定性。要求熟悉进度控制、团队协调、项目管理等相关技术，具备良好的沟通能力和团队协作精神。,杭州,少于50人,博士,28599,50991
2025-04-11,技术支持工程师,负责公司核心产品的开发与维护，参与技术方案设计。要求熟悉文档编写、客户沟通、问题排查等相关技术，具备良好的沟通能力和团队协作精神。,广州,少于50人,硕士,13287,23599
2025-04-11,机器学习工程师,负责公司核心产品的开发与维护，参与技术方案设计。要求熟悉特征工程、Python、模型调优等相关技术，具备良好的沟通能力和团队协作精神。,杭州,50-150人,大专,9526,16941
2025-04-12,数据科学家,构建机器学习模型，解决实际业务问题。要求熟悉TensorFlow、机器学习、深度学习等相关技术，具备良好的沟通能力和团队协作精神。,北京,1000人以上,硕士,49277,81537
2025-04-12,UI设计师,参与系统架构设计，优化系统性能，提升用户体验。要求熟悉交互设计、Sketch、用户体验等相关技术，具备良好的沟通能力和团队协作精神。,深圳,150-500人,本科,14503,23783
2025-04-12,市场经理,负责市场推广和品牌建设，拓展市场渠道。要求熟悉市场营销、活动策划、渠道拓展等相关技术，具备良好的沟通能力和团队协作精神。,广州,50-150人,博士,41627,65565
2025-04-12,全栈开发工程师,负责后端服务开发，确保代码质量和系统稳定性。要求熟悉JavaScript、MongoDB、Node.js等相关技术，具备良好的沟通能力和团队协作精神。,杭州,1000人以上,博士,28754,49828
2025-04-13,全栈开发工程师,负责后端服务开发，确保代码质量和系统稳定性。要求熟悉React、MySQL、Node.js等相关技术，具备良好的沟通能力和团队协作精神。,杭州,500-1000人,博士,28375,47693
2025-04-14,数据科学家,设计和维护数据报表，监控业务指标变化。要求熟悉深度学习、PyTorch、Python等相关技术，具备良好的沟通能力和团队协作精神。,成都,150-500人,本科,23485,37801
2025-04-14,测试工程师,负责后端服务开发，确保代码质量和系统稳定性。要求熟悉测试、缺陷管理、自动化测试等相关技术，具备良好的沟通能力和团队协作精神。,重庆,500-1000人,大专,7927,13900
2025-04-15,Python开发工程师,参与需求分析，提供技术解决方案，推动项目落地。要求熟悉Flask、FastAPI、MySQL等相关技术，具备良好的沟通能力和团队协作精神。,深圳,少于50人,硕士,16265,27983
2025-04-16,UI设计师,参与需求分析，提供技术解决方案，推动项目落地。要求熟悉Sketch、用户体验、Figma等相关技术，具备良好的沟通能力和团队协作精神。,天津,500-1000人,硕士,16021,25363
2025-04-16,架构师,参与需求分析，提供技术解决方案，推动项目落地。要求熟悉微服务、技术选型、系统架构等相关技术，具备良好的沟通能力和团队协作精神。,杭州,50-150人,本科,12746,22015
2025-04-18,财务分析师,负责后端服务开发，确保代码质量和系统稳定性。要求熟悉财务分析、预算编制、Excel等相关技术，具备良好的沟通能力和团队协作精神。,苏州,1000人以上,大专,12917,20410
2025-04-20,市场经理,负责市场推广和品牌建设，拓展市场渠道。要求熟悉市场营销、活动策划、品牌建设等相关技术，具备良好的沟通能力和团队协作精神。,重庆,1000人以上,大专,12888,22662
2025-04-20,运维工程师,参与需求分析，提供技术解决方案，推动项目落地。要求熟悉运维、Docker、监控等相关技术，具备良好的沟通能力和团队协作精神。,深圳,500-1000人,博士,26241,47239
2025-04-20,算法工程师,参与系统架构设计，优化系统性能，提升用户体验。要求熟悉数据结构、Python、机器学习等相关技术，具备良好的沟通能力和团队协作精神。,北京,500-1000人,硕士,19645,35416
2025-04-21,运维工程师,负责公司核心产品的开发与维护，参与技术方案设计。要求熟悉Linux、运维、监控等相关技术，具备良好的沟通能力和团队协作精神。,深圳,50-150人,大专,10033,18093
2025-04-21,算法工程师,负责公司核心产品的开发与维护，参与技术方案设计。要求熟悉深度学习、Python、数据结构等相关技术，具备良好的沟通能力和团队协作精神。,天津,1000人以上,博士,23002,39129
2025-04-21,技术支持工程师,参与需求分析，提供技术解决方案，推动项目落地。要求熟悉技术支持、文档编写、问题排查等相关技术，具备良好的沟通能力和团队协作精神。,西安,150-500人,大专,8619,14185
2025-04-22,运营专员,分析运营数据，优化运营策略和流程。要求熟悉运营、用户增长、数据分析等相关技术，具备良好的沟通能力和团队协作精神。,西安,少于50人,博士,9832,16484
2025-04-22,前端开发工程师,负责后端服务开发，确保代码质量和系统稳定性。要求熟悉HTML、CSS、JavaScript等相关技术，具备良好的沟通能力和团队协作精神。,成都,50-150人,大专,8464,14267
2025-04-24,前端开发工程师,参与系统架构设计，优化系统性能，提升用户体验。要求熟悉CSS、Vue、JavaScript等相关技术，具备良好的沟通能力和团队协作精神。,苏州,50-150人,大专,9547,15479
2025-04-24,财务分析师,参与系统架构设计，优化系统性能，提升用户体验。要求熟悉预算编制、Excel、财务分析等相关技术，具备良好的沟通能力和团队协作精神。,武汉,150-500人,本科,11644,18855
2025-04-24,数据科学家,负责数据分析和挖掘，为业务决策提供数据支持。要求熟悉深度学习、TensorFlow、PyTorch等相关技术，具备良好的沟通能力和团队协作精神。,苏州,1000人以上,硕士,31540,54370
2025-04-24,全栈开发工程师,负责后端服务开发，确保代码质量和系统稳定性。要求熟悉JavaScript、React、MySQL等相关技术，具备良好的沟通能力和团队协作精神。,深圳,1000人以上,博士,32217,55124
2025-04-24,数据分析师,构建机器学习模型，解决实际业务问题。要求熟悉统计学、SQL、Python等相关技术，具备良好的沟通能力和团队协作精神。,成都,1000人以上,博士,30287,46780
2025-04-24,数据科学家,构建机器学习模型，解决实际业务问题。要求熟悉Python、TensorFlow、机器学习等相关技术，具备良好的沟通能力和团队协作精神。,苏州,1000人以上,大专,19343,33393
2025-04-25,算法工程师,参与需求分析，提供技术解决方案，推动项目落地。要求熟悉算法、数据结构、深度学习等相关技术，具备良好的沟通能力和团队协作精神。,重庆,500-1000人,本科,12104,19570
2025-04-25,UI设计师,参与系统架构设计，优化系统性能，提升用户体验。要求熟悉UI设计、Figma、用户体验等相关技术，具备良好的沟通能力和团队协作精神。,上海,少于50人,大专,12464,18926
2025-04-26,人力资源专员,参与系统架构设计，优化系统性能，提升用户体验。要求熟悉绩效考核、员工关系、培训等相关技术，具备良好的沟通能力和团队协作精神。,成都,50-150人,本科,7157,11690
2025-04-26,测试工程师,负责公司核心产品的开发与维护，参与技术方案设计。要求熟悉性能测试、缺陷管理、自动化测试等相关技术，具备良好的沟通能力和团队协作精神。,苏州,少于50人,博士,17020,28962
2025-04-27,机器学习工程师,负责后端服务开发，确保代码质量和系统稳定性。要求熟悉机器学习、模型调优、Python等相关技术，具备良好的沟通能力和团队协作精神。,广州,50-150人,本科,9397,18263
2025-04-27,架构师,负责后端服务开发，确保代码质量和系统稳定性。要求熟悉系统架构、微服务、性能优化等相关技术，具备良好的沟通能力和团队协作精神。,上海,500-1000人,博士,31442,52944
2025-04-28,前端开发工程师,参与系统架构设计，优化系统性能，提升用户体验。要求熟悉React、JavaScript、CSS等相关技术，具备良好的沟通能力和团队协作精神。,广州,少于50人,本科,11825,19758
2025-04-29,Python开发工程师,参与系统架构设计，优化系统性能，提升用户体验。要求熟悉Python、MySQL、Redis等相关技术，具备良好的沟通能力和团队协作精神。,成都,500-1000人,大专,8445,15164
2025-04-29,测试工程师,负责公司核心产品的开发与维护，参与技术方案设计。要求熟悉缺陷管理、自动化测试、测试等相关技术，具备良好的沟通能力和团队协作精神。,重庆,1000人以上,本科,12261,20406
2025-04-30,架构师,负责后端服务开发，确保代码质量和系统稳定性。要求熟悉微服务、技术选型、系统架构等相关技术，具备良好的沟通能力和团队协作精神。,南京,500-1000人,本科,11945,20810
2025-04-30,UI设计师,负责公司核心产品的开发与维护，参与技术方案设计。要求熟悉交互设计、Figma、UI设计等相关技术，具备良好的沟通能力和团队协作精神。,南京,500-1000人,大专,10022,16228
2025-04-30,市场经理,策划营销活动，提升产品知名度和市场份额。要求熟悉品牌建设、市场营销、渠道拓展等相关技术，具备良好的沟通能力和团队协作精神。,西安,150-500人,博士,34589,53373
2025-05-01,财务分析师,负责后端服务开发，确保代码质量和系统稳定性。要求熟悉Excel、财务分析、预算编制等相关技术，具备良好的沟通能力和团队协作精神。,杭州,500-1000人,大专,14319,22823
2025-05-02,市场经理,策划营销活动，提升产品知名度和市场份额。要求熟悉渠道拓展、品牌建设、活动策划等相关技术，具备良好的沟通能力和团队协作精神。,南京,1000人以上,大专,14566,26061
2025-05-02,运维工程师,负责公司核心产品的开发与维护，参与技术方案设计。要求熟悉Docker、运维、Linux等相关技术，具备良好的沟通能力和团队协作精神。,西安,少于50人,大专,6815,11500
2025-05-03,运营专员,策划运营活动，提升品牌影响力和用户增长。要求熟悉活动策划、运营、用户增长等相关技术，具备良好的沟通能力和团队协作精神。,北京,500-1000人,大专,8770,14778
2025-05-03,Java后端开发,参与系统架构设计，优化系统性能，提升用户体验。要求熟悉Java、Dubbo、SpringBoot等相关技术，具备良好的沟通能力和团队协作精神。,武汉,150-500人,博士,20907,33764
2025-05-03,机器学习工程师,负责公司核心产品的开发与维护，参与技术方案设计。要求熟悉模型调优、Python、特征工程等相关技术，具备良好的沟通能力和团队协作精神。,深圳,少于50人,博士,22376,38447
2025-05-03,测试工程师,负责公司核心产品的开发与维护，参与技术方案设计。要求熟悉测试、缺陷管理、性能测试等相关技术，具备良好的沟通能力和团队协作精神。,南京,1000人以上,本科,15833,25413
2025-05-05,Python开发工程师,负责公司核心产品的开发与维护，参与技术方案设计。要求熟悉Flask、Django、FastAPI等相关技术，具备良好的沟通能力和团队协作精神。,苏州,150-500人,硕士,15473,25523
2025-05-05,销售代表,策划营销活动，提升产品知名度和市场份额。要求熟悉业绩目标、商务谈判、客户关系等相关技术，具备良好的沟通能力和团队协作精神。,南京,1000人以上,硕士,20227,32680
2025-05-06,前端开发工程师,参与系统架构设计，优化系统性能，提升用户体验。要求熟悉CSS、React、TypeScript等相关技术，具备良好的沟通能力和团队协作精神。,天津,1000人以上,本科,12310,21184
2025-05-06,产品经理,负责产品规划和设计，推动产品迭代优化。要求熟悉Axure、数据分析、用户研究等相关技术，具备良好的沟通能力和团队协作精神。,西安,50-150人,本科,13355,23174
2025-05-07,前端开发工程师,参与需求分析，提供技术解决方案，推动项目落地。要求熟悉CSS、React、TypeScript等相关技术，具备良好的沟通能力和团队协作精神。,广州,500-1000人,硕士,20588,33806
2025-05-07,机器学习工程师,参与需求分析，提供技术解决方案，推动项目落地。要求熟悉模型调优、Python、特征工程等相关技术，具备良好的沟通能力和团队协作精神。,杭州,150-500人,硕士,48216,85905
2025-05-08,Python开发工程师,参与需求分析，提供技术解决方案，推动项目落地。要求熟悉Python、MySQL、Django等相关技术，具备良好的沟通能力和团队协作精神。,苏州,少于50人,硕士,10730,19273
2025-05-08,测试工程师,参与系统架构设计，优化系统性能，提升用户体验。要求熟悉缺陷管理、性能测试、自动化测试等相关技术，具备良好的沟通能力和团队协作精神。,深圳,150-500人,博士,29367,48274
2025-05-08,UI设计师,参与系统架构设计，优化系统性能，提升用户体验。要求熟悉交互设计、Figma、Sketch等相关技术，具备良好的沟通能力和团队协作精神。,南京,150-500人,博士,19760,32334
2025-05-08,UI设计师,负责公司核心产品的开发与维护，参与技术方案设计。要求熟悉UI设计、Sketch、Figma等相关技术，具备良好的沟通能力和团队协作精神。,广州,50-150人,硕士,18274,28263
2025-05-09,UI设计师,负责公司核心产品的开发与维护，参与技术方案设计。要求熟悉Sketch、Figma、UI设计等相关技术，具备良好的沟通能力和团队协作精神。,苏州,1000人以上,本科,13442,21560
2025-05-10,产品经理,分析用户需求和市场动态，制定产品发展策略。要求熟悉数据分析、需求分析、产品设计等相关技术，具备良好的沟通能力和团队协作精神。,深圳,少于50人,本科,10398,17094
2025-05-10,数据分析师,设计和维护数据报表，监控业务指标变化。要求熟悉Excel、Tableau、Python等相关技术，具备良好的沟通能力和团队协作精神。,北京,150-500人,大专,15344,24084
2025-05-12,全栈开发工程师,参与需求分析，提供技术解决方案，推动项目落地。要求熟悉MongoDB、JavaScript、MySQL等相关技术，具备良好的沟通能力和团队协作精神。,武汉,少于50人,博士,17295,28224
2025-05-13,运维工程师,负责公司核心产品的开发与维护，参与技术方案设计。要求熟悉Linux、K8s、Docker等相关技术，具备良好的沟通能力和团队协作精神。,重庆,500-1000人,本科,10220,17615
2025-05-13,机器学习工程师,参与需求分析，提供技术解决方案，推动项目落地。要求熟悉机器学习、模型调优、Python等相关技术，具备良好的沟通能力和团队协作精神。,杭州,150-500人,博士,22567,39961
2025-05-13,全栈开发工程师,负责公司核心产品的开发与维护，参与技术方案设计。要求熟悉JavaScript、MongoDB、Node.js等相关技术，具备良好的沟通能力和团队协作精神。,武汉,50-150人,本科,8432,15218
2025-05-13,财务分析师,负责公司核心产品的开发与维护，参与技术方案设计。要求熟悉预算编制、财务报表、财务分析等相关技术，具备良好的沟通能力和团队协作精神。,杭州,1000人以上,博士,36669,57543
2025-05-14,数据科学家,构建机器学习模型，解决实际业务问题。要求熟悉深度学习、TensorFlow、PyTorch等相关技术，具备良好的沟通能力和团队协作精神。,苏州,150-500人,大专,17222,28819
2025-05-14,Python开发工程师,负责后端服务开发，确保代码质量和系统稳定性。要求熟悉Django、FastAPI、Flask等相关技术，具备良好的沟通能力和团队协作精神。,武汉,500-1000人,博士,18939,33081
2025-05-14,产品经理,负责产品规划和设计，推动产品迭代优化。要求熟悉产品设计、Axure、用户研究等相关技术，具备良好的沟通能力和团队协作精神。,杭州,50-150人,大专,16595,27612
2025-05-14,Java后端开发,参与系统架构设计，优化系统性能，提升用户体验。要求熟悉Java、Dubbo、MySQL等相关技术，具备良好的沟通能力和团队协作精神。,北京,50-150人,博士,27101,45782
2025-05-15,人力资源专员,负责后端服务开发，确保代码质量和系统稳定性。要求熟悉绩效考核、员工关系、招聘等相关技术，具备良好的沟通能力和团队协作精神。,杭州,1000人以上,硕士,12139,21561
2025-05-15,项目经理,参与系统架构设计，优化系统性能，提升用户体验。要求熟悉风险控制、团队协调、项目管理等相关技术，具备良好的沟通能力和团队协作精神。,上海,少于50人,本科,55767,90055
2025-05-15,财务分析师,参与系统架构设计，优化系统性能，提升用户体验。要求熟悉Excel、财务报表、预算编制等相关技术，具备良好的沟通能力和团队协作精神。,天津,500-1000人,博士,22433,37075
2025-05-15,人力资源专员,参与系统架构设计，优化系统性能，提升用户体验。要求熟悉员工关系、招聘、绩效考核等相关技术，具备良好的沟通能力和团队协作精神。,苏州,150-500人,硕士,7892,14173
2025-05-16,测试工程师,参与需求分析，提供技术解决方案，推动项目落地。要求熟悉缺陷管理、自动化测试、测试等相关技术，具备良好的沟通能力和团队协作精神。,广州,50-150人,博士,20043,35850
2025-05-16,财务分析师,参与需求分析，提供技术解决方案，推动项目落地。要求熟悉预算编制、Excel、财务分析等相关技术，具备良好的沟通能力和团队协作精神。,南京,少于50人,大专,8904,14333
2025-05-16,运维工程师,负责后端服务开发，确保代码质量和系统稳定性。要求熟悉Linux、运维、监控等相关技术，具备良好的沟通能力和团队协作精神。,西安,50-150人,博士,15637,27420
2025-05-16,前端开发工程师,参与系统架构设计，优化系统性能，提升用户体验。要求熟悉React、TypeScript、Vue等相关技术，具备良好的沟通能力和团队协作精神。,广州,50-150人,硕士,16575,27991
2025-05-17,数据分析师,设计和维护数据报表，监控业务指标变化。要求熟悉Excel、统计学、Python等相关技术，具备良好的沟通能力和团队协作精神。,武汉,50-150人,本科,10480,17265
2025-05-17,市场经理,分析市场趋势和竞争对手，制定市场策略。要求熟悉渠道拓展、品牌建设、活动策划等相关技术，具备良好的沟通能力和团队协作精神。,广州,500-1000人,博士,36734,64188
2025-05-17,机器学习工程师,参与系统架构设计，优化系统性能，提升用户体验。要求熟悉Python、机器学习、特征工程等相关技术，具备良好的沟通能力和团队协作精神。,西安,1000人以上,硕士,13594,24343
2025-05-17,前端开发工程师,参与系统架构设计，优化系统性能，提升用户体验。要求熟悉React、CSS、Vue等相关技术，具备良好的沟通能力和团队协作精神。,南京,150-500人,本科,11034,19017
2025-05-18,数据分析师,构建机器学习模型，解决实际业务问题。要求熟悉SQL、统计学、Python等相关技术，具备良好的沟通能力和团队协作精神。,广州,少于50人,硕士,19706,29920
2025-05-18,测试工程师,负责公司核心产品的开发与维护，参与技术方案设计。要求熟悉缺陷管理、测试、自动化测试等相关技术，具备良好的沟通能力和团队协作精神。,成都,1000人以上,硕士,14199,25997
2025-05-19,产品经理,负责产品规划和设计，推动产品迭代优化。要求熟悉需求分析、产品设计、数据分析等相关技术，具备良好的沟通能力和团队协作精神。,北京,1000人以上,大专,20870,36601
2025-05-20,前端开发工程师,参与需求分析，提供技术解决方案，推动项目落地。要求熟悉React、TypeScript、Vue等相关技术，具备良好的沟通能力和团队协作精神。,南京,500-1000人,大专,10769,17794
2025-05-20,运维工程师,参与系统架构设计，优化系统性能，提升用户体验。要求熟悉运维、Docker、监控等相关技术，具备良好的沟通能力和团队协作精神。,深圳,少于50人,硕士,16601,28208
2025-05-21,前端开发工程师,参与需求分析，提供技术解决方案，推动项目落地。要求熟悉TypeScript、Vue、React等相关技术，具备良好的沟通能力和团队协作精神。,上海,50-150人,大专,11043,19218
2025-05-21,项目经理,参与需求分析，提供技术解决方案，推动项目落地。要求熟悉项目管理、风险控制、进度控制等相关技术，具备良好的沟通能力和团队协作精神。,成都,150-500人,硕士,18060,32808
2025-05-21,人力资源专员,参与需求分析，提供技术解决方案，推动项目落地。要求熟悉绩效考核、员工关系、招聘等相关技术，具备良好的沟通能力和团队协作精神。,武汉,少于50人,硕士,8616,13549
2025-05-21,全栈开发工程师,参与系统架构设计，优化系统性能，提升用户体验。要求熟悉Node.js、React、MySQL等相关技术，具备良好的沟通能力和团队协作精神。,西安,500-1000人,博士,18688,32331
2025-05-22,算法工程师,负责公司核心产品的开发与维护，参与技术方案设计。要求熟悉Python、算法、深度学习等相关技术，具备良好的沟通能力和团队协作精神。,西安,少于50人,大专,5643,10328
2025-05-23,数据科学家,负责数据分析和挖掘，为业务决策提供数据支持。要求熟悉机器学习、Python、PyTorch等相关技术，具备良好的沟通能力和团队协作精神。,南京,1000人以上,大专,25502,39872
2025-05-23,人力资源专员,参与需求分析，提供技术解决方案，推动项目落地。要求熟悉培训、员工关系、招聘等相关技术，具备良好的沟通能力和团队协作精神。,成都,少于50人,博士,11061,18293
2025-05-23,算法工程师,负责公司核心产品的开发与维护，参与技术方案设计。要求熟悉机器学习、数据结构、Python等相关技术，具备良好的沟通能力和团队协作精神。,重庆,少于50人,硕士,9956,17385
2025-05-24,产品经理,分析用户需求和市场动态，制定产品发展策略。要求熟悉用户研究、Axure、数据分析等相关技术，具备良好的沟通能力和团队协作精神。,广州,1000人以上,大专,19293,32604
2025-05-25,数据分析师,构建机器学习模型，解决实际业务问题。要求熟悉SQL、Python、Tableau等相关技术，具备良好的沟通能力和团队协作精神。,广州,少于50人,硕士,17044,27259
2025-05-25,财务分析师,参与系统架构设计，优化系统性能，提升用户体验。要求熟悉财务报表、Excel、财务分析等相关技术，具备良好的沟通能力和团队协作精神。,广州,1000人以上,本科,17255,28347
2025-05-25,算法工程师,参与系统架构设计，优化系统性能，提升用户体验。要求熟悉深度学习、算法、机器学习等相关技术，具备良好的沟通能力和团队协作精神。,杭州,少于50人,硕士,15424,26103
2025-05-25,机器学习工程师,参与系统架构设计，优化系统性能，提升用户体验。要求熟悉机器学习、Python、特征工程等相关技术，具备良好的沟通能力和团队协作精神。,杭州,少于50人,博士,22711,37496
2025-05-25,产品经理,分析用户需求和市场动态，制定产品发展策略。要求熟悉数据分析、需求分析、Axure等相关技术，具备良好的沟通能力和团队协作精神。,北京,150-500人,博士,43748,73244
2025-05-26,销售代表,负责市场推广和品牌建设，拓展市场渠道。要求熟悉商务谈判、销售、业绩目标等相关技术，具备良好的沟通能力和团队协作精神。,西安,1000人以上,大专,8396,15011
2025-05-27,数据科学家,设计和维护数据报表，监控业务指标变化。要求熟悉Python、PyTorch、TensorFlow等相关技术，具备良好的沟通能力和团队协作精神。,上海,500-1000人,硕士,42550,71390
2025-05-28,测试工程师,负责后端服务开发，确保代码质量和系统稳定性。要求熟悉性能测试、缺陷管理、测试等相关技术，具备良好的沟通能力和团队协作精神。,武汉,500-1000人,博士,17492,31635
2025-05-28,财务分析师,负责公司核心产品的开发与维护，参与技术方案设计。要求熟悉财务报表、预算编制、财务分析等相关技术，具备良好的沟通能力和团队协作精神。,南京,500-1000人,博士,30942,46748
2025-05-28,产品经理,协调研发、设计、运营团队，确保产品按时交付。要求熟悉Axure、用户研究、数据分析等相关技术，具备良好的沟通能力和团队协作精神。,武汉,500-1000人,大专,13810,23239
2025-05-28,产品经理,分析用户需求和市场动态，制定产品发展策略。要求熟悉用户研究、Axure、产品设计等相关技术，具备良好的沟通能力和团队协作精神。,北京,1000人以上,大专,7328,13620
2025-05-29,机器学习工程师,参与系统架构设计，优化系统性能，提升用户体验。要求熟悉Python、特征工程、模型调优等相关技术，具备良好的沟通能力和团队协作精神。,广州,50-150人,本科,12285,21066
2025-05-30,Python开发工程师,参与需求分析，提供技术解决方案，推动项目落地。要求熟悉FastAPI、Redis、Python等相关技术，具备良好的沟通能力和团队协作精神。,苏州,150-500人,大专,7999,14184
2025-05-31,UI设计师,参与系统架构设计，优化系统性能，提升用户体验。要求熟悉Sketch、Figma、交互设计等相关技术，具备良好的沟通能力和团队协作精神。,天津,1000人以上,大专,11243,17455
2025-05-31,人力资源专员,负责后端服务开发，确保代码质量和系统稳定性。要求熟悉培训、招聘、员工关系等相关技术，具备良好的沟通能力和团队协作精神。,广州,少于50人,硕士,10335,16719
2025-05-31,机器学习工程师,负责公司核心产品的开发与维护，参与技术方案设计。要求熟悉机器学习、特征工程、Python等相关技术，具备良好的沟通能力和团队协作精神。,西安,1000人以上,硕士,13682,24431
2025-06-02,项目经理,参与需求分析，提供技术解决方案，推动项目落地。要求熟悉风险控制、进度控制、项目管理等相关技术，具备良好的沟通能力和团队协作精神。,苏州,150-500人,本科,15053,26427
2025-06-02,产品经理,协调研发、设计、运营团队，确保产品按时交付。要求熟悉数据分析、Axure、用户研究等相关技术，具备良好的沟通能力和团队协作精神。,南京,150-500人,本科,15966,27710
2025-06-02,前端开发工程师,负责公司核心产品的开发与维护，参与技术方案设计。要求熟悉TypeScript、React、HTML等相关技术，具备良好的沟通能力和团队协作精神。,西安,1000人以上,博士,19861,34458
2025-06-02,机器学习工程师,负责后端服务开发，确保代码质量和系统稳定性。要求熟悉模型调优、Python、机器学习等相关技术，具备良好的沟通能力和团队协作精神。,杭州,1000人以上,硕士,19827,34613
2025-06-03,Python开发工程师,参与需求分析，提供技术解决方案，推动项目落地。要求熟悉FastAPI、Python、Django等相关技术，具备良好的沟通能力和团队协作精神。,深圳,1000人以上,硕士,65601,113814
2025-06-03,全栈开发工程师,负责后端服务开发，确保代码质量和系统稳定性。要求熟悉Node.js、React、MySQL等相关技术，具备良好的沟通能力和团队协作精神。,成都,50-150人,本科,10060,17107
2025-06-03,人力资源专员,负责后端服务开发，确保代码质量和系统稳定性。要求熟悉绩效考核、员工关系、培训等相关技术，具备良好的沟通能力和团队协作精神。,成都,50-150人,博士,12127,20054
2025-06-04,技术支持工程师,负责后端服务开发，确保代码质量和系统稳定性。要求熟悉客户沟通、文档编写、技术支持等相关技术，具备良好的沟通能力和团队协作精神。,深圳,50-150人,硕士,14582,27305
2025-06-04,销售代表,分析市场趋势和竞争对手，制定市场策略。要求熟悉业绩目标、销售、商务谈判等相关技术，具备良好的沟通能力和团队协作精神。,苏州,500-1000人,大专,8500,15172
2025-06-05,Java后端开发,参与需求分析，提供技术解决方案，推动项目落地。要求熟悉Redis、MySQL、Spring等相关技术，具备良好的沟通能力和团队协作精神。,深圳,少于50人,博士,23124,38886
2025-06-05,运营专员,负责日常运营工作，提升用户活跃度和留存率。要求熟悉运营、用户增长、活动策划等相关技术，具备良好的沟通能力和团队协作精神。,广州,50-150人,本科,7351,12734
2025-06-05,运营专员,策划运营活动，提升品牌影响力和用户增长。要求熟悉用户增长、运营、数据分析等相关技术，具备良好的沟通能力和团队协作精神。,杭州,1000人以上,博士,67023,105408
2025-06-06,机器学习工程师,负责公司核心产品的开发与维护，参与技术方案设计。要求熟悉Python、机器学习、模型调优等相关技术，具备良好的沟通能力和团队协作精神。,深圳,少于50人,硕士,14349,25732
2025-06-06,财务分析师,参与需求分析，提供技术解决方案，推动项目落地。要求熟悉预算编制、Excel、财务报表等相关技术，具备良好的沟通能力和团队协作精神。,天津,150-500人,博士,26652,39707
2025-06-06,产品经理,协调研发、设计、运营团队，确保产品按时交付。要求熟悉Axure、用户研究、需求分析等相关技术，具备良好的沟通能力和团队协作精神。,上海,50-150人,大专,18132,30158
2025-06-07,运维工程师,负责后端服务开发，确保代码质量和系统稳定性。要求熟悉Docker、K8s、运维等相关技术，具备良好的沟通能力和团队协作精神。,武汉,1000人以上,大专,9765,16490
2025-06-09,UI设计师,参与需求分析，提供技术解决方案，推动项目落地。要求熟悉Figma、用户体验、交互设计等相关技术，具备良好的沟通能力和团队协作精神。,武汉,150-500人,硕士,13172,21140
2025-06-09,前端开发工程师,参与系统架构设计，优化系统性能，提升用户体验。要求熟悉TypeScript、JavaScript、Vue等相关技术，具备良好的沟通能力和团队协作精神。,南京,1000人以上,大专,11578,19095
2025-06-10,测试工程师,参与系统架构设计，优化系统性能，提升用户体验。要求熟悉测试、自动化测试、性能测试等相关技术，具备良好的沟通能力和团队协作精神。,南京,1000人以上,本科,13702,23098
2025-06-11,UI设计师,参与需求分析，提供技术解决方案，推动项目落地。要求熟悉UI设计、用户体验、Figma等相关技术，具备良好的沟通能力和团队协作精神。,武汉,500-1000人,硕士,16213,24978
2025-06-13,产品经理,负责产品规划和设计，推动产品迭代优化。要求熟悉产品设计、用户研究、Axure等相关技术，具备良好的沟通能力和团队协作精神。,深圳,1000人以上,博士,51150,84528
2025-06-13,Python开发工程师,负责后端服务开发，确保代码质量和系统稳定性。要求熟悉Redis、Flask、MySQL等相关技术，具备良好的沟通能力和团队协作精神。,杭州,少于50人,博士,21537,36038
2025-06-15,财务分析师,参与需求分析，提供技术解决方案，推动项目落地。要求熟悉预算编制、Excel、财务报表等相关技术，具备良好的沟通能力和团队协作精神。,成都,500-1000人,本科,13892,22052
2025-06-16,人力资源专员,参与需求分析，提供技术解决方案，推动项目落地。要求熟悉培训、绩效考核、员工关系等相关技术，具备良好的沟通能力和团队协作精神。,北京,少于50人,博士,13595,23841
2025-06-16,财务分析师,负责公司核心产品的开发与维护，参与技术方案设计。要求熟悉财务分析、财务报表、Excel等相关技术，具备良好的沟通能力和团队协作精神。,重庆,150-500人,大专,8713,13987
2025-06-16,数据科学家,构建机器学习模型，解决实际业务问题。要求熟悉机器学习、深度学习、Python等相关技术，具备良好的沟通能力和团队协作精神。,成都,150-500人,硕士,27823,45903
2025-06-17,数据科学家,构建机器学习模型，解决实际业务问题。要求熟悉Python、PyTorch、机器学习等相关技术，具备良好的沟通能力和团队协作精神。,北京,1000人以上,大专,31766,51051
2025-06-17,市场经理,负责市场推广和品牌建设，拓展市场渠道。要求熟悉活动策划、市场营销、渠道拓展等相关技术，具备良好的沟通能力和团队协作精神。,苏州,1000人以上,大专,16577,27495
2025-06-18,运维工程师,参与系统架构设计，优化系统性能，提升用户体验。要求熟悉Docker、监控、K8s等相关技术，具备良好的沟通能力和团队协作精神。,重庆,1000人以上,硕士,13196,23481
2025-06-19,市场经理,负责市场推广和品牌建设，拓展市场渠道。要求熟悉市场营销、渠道拓展、品牌建设等相关技术，具备良好的沟通能力和团队协作精神。,西安,少于50人,硕士,14513,25714
2025-06-19,测试工程师,参与需求分析，提供技术解决方案，推动项目落地。要求熟悉测试、缺陷管理、自动化测试等相关技术，具备良好的沟通能力和团队协作精神。,南京,少于50人,大专,6139,11463
2025-06-20,全栈开发工程师,负责后端服务开发，确保代码质量和系统稳定性。要求熟悉MongoDB、React、MySQL等相关技术，具备良好的沟通能力和团队协作精神。,广州,1000人以上,硕士,20474,34616
2025-06-21,销售代表,负责市场推广和品牌建设，拓展市场渠道。要求熟悉销售、商务谈判、业绩目标等相关技术，具备良好的沟通能力和团队协作精神。,武汉,少于50人,本科,8628,14582
2025-06-21,运维工程师,负责公司核心产品的开发与维护，参与技术方案设计。要求熟悉K8s、Docker、Linux等相关技术，具备良好的沟通能力和团队协作精神。,重庆,150-500人,大专,6677,11951
2025-06-22,算法工程师,负责公司核心产品的开发与维护，参与技术方案设计。要求熟悉Python、机器学习、数据结构等相关技术，具备良好的沟通能力和团队协作精神。,成都,少于50人,硕士,12456,20653
2025-06-22,前端开发工程师,负责公司核心产品的开发与维护，参与技术方案设计。要求熟悉HTML、React、JavaScript等相关技术，具备良好的沟通能力和团队协作精神。,重庆,50-150人,博士,15479,26754
2025-06-23,测试工程师,参与需求分析，提供技术解决方案，推动项目落地。要求熟悉测试、缺陷管理、自动化测试等相关技术，具备良好的沟通能力和团队协作精神。,成都,150-500人,大专,8332,14266
2025-06-23,财务分析师,参与系统架构设计，优化系统性能，提升用户体验。要求熟悉财务分析、Excel、预算编制等相关技术，具备良好的沟通能力和团队协作精神。,苏州,50-150人,本科,13595,20799
2025-06-23,数据科学家,负责数据分析和挖掘，为业务决策提供数据支持。要求熟悉机器学习、TensorFlow、深度学习等相关技术，具备良好的沟通能力和团队协作精神。,苏州,1000人以上,博士,57520,88229
2025-06-24,前端开发工程师,参与系统架构设计，优化系统性能，提升用户体验。要求熟悉HTML、Vue、JavaScript等相关技术，具备良好的沟通能力和团队协作精神。,成都,50-150人,博士,20736,33420
2025-06-24,数据分析师,负责数据分析和挖掘，为业务决策提供数据支持。要求熟悉Python、Tableau、Excel等相关技术，具备良好的沟通能力和团队协作精神。,南京,少于50人,本科,9680,16335
2025-06-25,数据分析师,设计和维护数据报表，监控业务指标变化。要求熟悉统计学、Python、SQL等相关技术，具备良好的沟通能力和团队协作精神。,苏州,150-500人,本科,12546,20129
2025-06-25,UI设计师,参与系统架构设计，优化系统性能，提升用户体验。要求熟悉Figma、UI设计、交互设计等相关技术，具备良好的沟通能力和团队协作精神。,重庆,500-1000人,大专,9379,14456
2025-06-25,UI设计师,参与系统架构设计，优化系统性能，提升用户体验。要求熟悉交互设计、Figma、UI设计等相关技术，具备良好的沟通能力和团队协作精神。,苏州,150-500人,博士,23403,35345
2025-06-26,人力资源专员,负责后端服务开发，确保代码质量和系统稳定性。要求熟悉招聘、员工关系、培训等相关技术，具备良好的沟通能力和团队协作精神。,深圳,150-500人,博士,18909,30499
2025-06-26,测试工程师,参与需求分析，提供技术解决方案，推动项目落地。要求熟悉缺陷管理、测试、自动化测试等相关技术，具备良好的沟通能力和团队协作精神。,西安,150-500人,本科,9106,15865
2025-06-27,全栈开发工程师,参与系统架构设计，优化系统性能，提升用户体验。要求熟悉Node.js、MongoDB、React等相关技术，具备良好的沟通能力和团队协作精神。,北京,少于50人,本科,12814,21921
2025-06-27,测试工程师,参与需求分析，提供技术解决方案，推动项目落地。要求熟悉性能测试、测试、自动化测试等相关技术，具备良好的沟通能力和团队协作精神。,重庆,少于50人,本科,6861,12466
2025-06-27,运营专员,分析运营数据，优化运营策略和流程。要求熟悉数据分析、活动策划、运营等相关技术，具备良好的沟通能力和团队协作精神。,天津,500-1000人,博士,13741,22716
2025-06-27,产品经理,负责产品规划和设计，推动产品迭代优化。要求熟悉Axure、用户研究、数据分析等相关技术，具备良好的沟通能力和团队协作精神。,成都,1000人以上,大专,14878,25559
2025-06-29,算法工程师,负责后端服务开发，确保代码质量和系统稳定性。要求熟悉深度学习、机器学习、Python等相关技术，具备良好的沟通能力和团队协作精神。,深圳,500-1000人,大专,13820,22886
2025-06-29,Python开发工程师,参与系统架构设计，优化系统性能，提升用户体验。要求熟悉Redis、Python、MySQL等相关技术，具备良好的沟通能力和团队协作精神。,杭州,50-150人,博士,22364,38571
2025-06-29,架构师,参与系统架构设计，优化系统性能，提升用户体验。要求熟悉性能优化、微服务、技术选型等相关技术，具备良好的沟通能力和团队协作精神。,西安,少于50人,硕士,10377,17845
2025-06-29,数据分析师,设计和维护数据报表，监控业务指标变化。要求熟悉Tableau、Python、统计学等相关技术，具备良好的沟通能力和团队协作精神。,杭州,少于50人,博士,22298,36799
2025-06-30,财务分析师,负责后端服务开发，确保代码质量和系统稳定性。要求熟悉财务报表、财务分析、预算编制等相关技术，具备良好的沟通能力和团队协作精神。,北京,1000人以上,本科,22425,35282
2025-06-30,机器学习工程师,负责后端服务开发，确保代码质量和系统稳定性。要求熟悉机器学习、模型调优、特征工程等相关技术，具备良好的沟通能力和团队协作精神。,成都,150-500人,大专,6652,12586
2025-07-01,测试工程师,负责后端服务开发，确保代码质量和系统稳定性。要求熟悉测试、自动化测试、缺陷管理等相关技术，具备良好的沟通能力和团队协作精神。,苏州,500-1000人,大专,9535,15819
2025-07-01,UI设计师,负责公司核心产品的开发与维护，参与技术方案设计。要求熟悉Figma、交互设计、用户体验等相关技术，具备良好的沟通能力和团队协作精神。,北京,500-1000人,本科,15004,24715
2025-07-01,运营专员,策划运营活动，提升品牌影响力和用户增长。要求熟悉数据分析、用户增长、运营等相关技术，具备良好的沟通能力和团队协作精神。,成都,少于50人,本科,5784,9495
2025-07-02,产品经理,协调研发、设计、运营团队，确保产品按时交付。要求熟悉数据分析、产品设计、用户研究等相关技术，具备良好的沟通能力和团队协作精神。,天津,500-1000人,大专,12217,21233
2025-07-02,产品经理,分析用户需求和市场动态，制定产品发展策略。要求熟悉产品设计、Axure、用户研究等相关技术，具备良好的沟通能力和团队协作精神。,北京,500-1000人,本科,21983,38632
2025-07-03,数据分析师,设计和维护数据报表，监控业务指标变化。要求熟悉Excel、SQL、Tableau等相关技术，具备良好的沟通能力和团队协作精神。,北京,1000人以上,大专,16856,26542
2025-07-03,运维工程师,参与需求分析，提供技术解决方案，推动项目落地。要求熟悉Linux、Docker、运维等相关技术，具备良好的沟通能力和团队协作精神。,重庆,500-1000人,博士,17554,29848
2025-07-04,市场经理,负责市场推广和品牌建设，拓展市场渠道。要求熟悉渠道拓展、活动策划、市场营销等相关技术，具备良好的沟通能力和团队协作精神。,西安,50-150人,大专,11634,18889
2025-07-04,算法工程师,负责公司核心产品的开发与维护，参与技术方案设计。要求熟悉算法、深度学习、数据结构等相关技术，具备良好的沟通能力和团队协作精神。,天津,150-500人,本科,9010,15841
2025-07-04,架构师,参与系统架构设计，优化系统性能，提升用户体验。要求熟悉性能优化、微服务、技术选型等相关技术，具备良好的沟通能力和团队协作精神。,西安,500-1000人,大专,17567,31567
2025-07-04,算法工程师,负责后端服务开发，确保代码质量和系统稳定性。要求熟悉数据结构、算法、Python等相关技术，具备良好的沟通能力和团队协作精神。,天津,少于50人,硕士,8238,15785
2025-07-06,机器学习工程师,参与系统架构设计，优化系统性能，提升用户体验。要求熟悉特征工程、模型调优、机器学习等相关技术，具备良好的沟通能力和团队协作精神。,杭州,500-1000人,本科,14201,24020
2025-07-07,Java后端开发,负责公司核心产品的开发与维护，参与技术方案设计。要求熟悉Java、Redis、SpringBoot等相关技术，具备良好的沟通能力和团队协作精神。,南京,1000人以上,硕士,17505,29007
2025-07-07,数据分析师,负责数据分析和挖掘，为业务决策提供数据支持。要求熟悉Excel、Python、统计学等相关技术，具备良好的沟通能力和团队协作精神。,上海,500-1000人,硕士,26817,41024
2025-07-07,数据科学家,负责数据分析和挖掘，为业务决策提供数据支持。要求熟悉深度学习、TensorFlow、机器学习等相关技术，具备良好的沟通能力和团队协作精神。,广州,少于50人,本科,23472,37079
2025-07-08,Java后端开发,参与系统架构设计，优化系统性能，提升用户体验。要求熟悉Redis、MySQL、Dubbo等相关技术，具备良好的沟通能力和团队协作精神。,西安,500-1000人,本科,9091,16092
2025-07-09,产品经理,分析用户需求和市场动态，制定产品发展策略。要求熟悉数据分析、需求分析、产品设计等相关技术，具备良好的沟通能力和团队协作精神。,苏州,1000人以上,博士,29968,53104
2025-07-09,销售代表,分析市场趋势和竞争对手，制定市场策略。要求熟悉客户关系、商务谈判、销售等相关技术，具备良好的沟通能力和团队协作精神。,广州,50-150人,硕士,15426,25970
2025-07-10,数据分析师,设计和维护数据报表，监控业务指标变化。要求熟悉Excel、SQL、Tableau等相关技术，具备良好的沟通能力和团队协作精神。,杭州,50-150人,本科,14921,23401
2025-07-10,架构师,参与系统架构设计，优化系统性能，提升用户体验。要求熟悉性能优化、系统架构、技术选型等相关技术，具备良好的沟通能力和团队协作精神。,苏州,150-500人,博士,18525,31378
2025-07-10,算法工程师,负责公司核心产品的开发与维护，参与技术方案设计。要求熟悉机器学习、算法、深度学习等相关技术，具备良好的沟通能力和团队协作精神。,北京,500-1000人,大专,12641,21520
2025-07-12,销售代表,分析市场趋势和竞争对手，制定市场策略。要求熟悉业绩目标、销售、客户关系等相关技术，具备良好的沟通能力和团队协作精神。,重庆,1000人以上,本科,9832,17283
2025-07-12,运营专员,策划运营活动，提升品牌影响力和用户增长。要求熟悉活动策划、运营、数据分析等相关技术，具备良好的沟通能力和团队协作精神。,广州,50-150人,本科,7958,13027
2025-07-14,全栈开发工程师,负责公司核心产品的开发与维护，参与技术方案设计。要求熟悉MongoDB、JavaScript、MySQL等相关技术，具备良好的沟通能力和团队协作精神。,上海,1000人以上,大专,10934,20472
2025-07-14,财务分析师,参与需求分析，提供技术解决方案，推动项目落地。要求熟悉财务分析、财务报表、Excel等相关技术，具备良好的沟通能力和团队协作精神。,苏州,1000人以上,硕士,50202,78052
2025-07-14,算法工程师,负责公司核心产品的开发与维护，参与技术方案设计。要求熟悉Python、深度学习、算法等相关技术，具备良好的沟通能力和团队协作精神。,西安,150-500人,博士,17153,28610
2025-07-14,UI设计师,负责后端服务开发，确保代码质量和系统稳定性。要求熟悉用户体验、Figma、UI设计等相关技术，具备良好的沟通能力和团队协作精神。,深圳,150-500人,硕士,16864,27900
2025-07-16,Python开发工程师,负责公司核心产品的开发与维护，参与技术方案设计。要求熟悉Django、MySQL、FastAPI等相关技术，具备良好的沟通能力和团队协作精神。,天津,少于50人,硕士,9771,17318
2025-07-17,架构师,参与系统架构设计，优化系统性能，提升用户体验。要求熟悉系统架构、微服务、技术选型等相关技术，具备良好的沟通能力和团队协作精神。,成都,50-150人,博士,20660,32605
2025-07-17,产品经理,协调研发、设计、运营团队，确保产品按时交付。要求熟悉需求分析、数据分析、用户研究等相关技术，具备良好的沟通能力和团队协作精神。,杭州,少于50人,本科,14986,26366
2025-07-17,全栈开发工程师,参与需求分析，提供技术解决方案，推动项目落地。要求熟悉JavaScript、MySQL、React等相关技术，具备良好的沟通能力和团队协作精神。,杭州,150-500人,大专,10675,17816
2025-07-17,前端开发工程师,负责后端服务开发，确保代码质量和系统稳定性。要求熟悉TypeScript、Vue、HTML等相关技术，具备良好的沟通能力和团队协作精神。,重庆,500-1000人,硕士,11922,20802
2025-07-17,人力资源专员,负责后端服务开发，确保代码质量和系统稳定性。要求熟悉绩效考核、招聘、员工关系等相关技术，具备良好的沟通能力和团队协作精神。,西安,少于50人,本科,5000,7887
2025-07-18,Java后端开发,负责公司核心产品的开发与维护，参与技术方案设计。要求熟悉Java、MySQL、Dubbo等相关技术，具备良好的沟通能力和团队协作精神。,广州,500-1000人,博士,19402,36307
2025-07-18,数据分析师,负责数据分析和挖掘，为业务决策提供数据支持。要求熟悉Excel、Python、统计学等相关技术，具备良好的沟通能力和团队协作精神。,深圳,500-1000人,博士,35133,54343
2025-07-20,机器学习工程师,负责公司核心产品的开发与维护，参与技术方案设计。要求熟悉模型调优、Python、特征工程等相关技术，具备良好的沟通能力和团队协作精神。,杭州,50-150人,硕士,14984,26007
2025-07-20,运营专员,分析运营数据，优化运营策略和流程。要求熟悉活动策划、运营、数据分析等相关技术，具备良好的沟通能力和团队协作精神。,广州,150-500人,大专,5734,10003
2025-07-21,数据分析师,构建机器学习模型，解决实际业务问题。要求熟悉Excel、SQL、统计学等相关技术，具备良好的沟通能力和团队协作精神。,西安,500-1000人,本科,10571,17572
2025-07-21,产品经理,分析用户需求和市场动态，制定产品发展策略。要求熟悉产品设计、需求分析、Axure等相关技术，具备良好的沟通能力和团队协作精神。,广州,150-500人,博士,31876,54928
2025-07-21,财务分析师,参与系统架构设计，优化系统性能，提升用户体验。要求熟悉财务报表、预算编制、Excel等相关技术，具备良好的沟通能力和团队协作精神。,上海,500-1000人,大专,17312,26054
2025-07-21,UI设计师,负责公司核心产品的开发与维护，参与技术方案设计。要求熟悉Sketch、UI设计、Figma等相关技术，具备良好的沟通能力和团队协作精神。,苏州,少于50人,博士,15030,24589
2025-07-21,市场经理,负责市场推广和品牌建设，拓展市场渠道。要求熟悉活动策划、市场营销、品牌建设等相关技术，具备良好的沟通能力和团队协作精神。,西安,1000人以上,博士,30546,51167
2025-07-22,Java后端开发,参与需求分析，提供技术解决方案，推动项目落地。要求熟悉Java、Spring、Dubbo等相关技术，具备良好的沟通能力和团队协作精神。,成都,150-500人,博士,19826,32400
2025-07-22,Python开发工程师,参与需求分析，提供技术解决方案，推动项目落地。要求熟悉Python、FastAPI、MySQL等相关技术，具备良好的沟通能力和团队协作精神。,杭州,1000人以上,博士,31382,50662
2025-07-22,算法工程师,参与需求分析，提供技术解决方案，推动项目落地。要求熟悉算法、深度学习、数据结构等相关技术，具备良好的沟通能力和团队协作精神。,广州,1000人以上,博士,22595,41036
2025-07-22,Python开发工程师,参与系统架构设计，优化系统性能，提升用户体验。要求熟悉Redis、FastAPI、Flask等相关技术，具备良好的沟通能力和团队协作精神。,西安,50-150人,本科,7530,13576
2025-07-23,机器学习工程师,负责后端服务开发，确保代码质量和系统稳定性。要求熟悉机器学习、模型调优、特征工程等相关技术，具备良好的沟通能力和团队协作精神。,重庆,500-1000人,博士,15631,27925
2025-07-23,项目经理,参与需求分析，提供技术解决方案，推动项目落地。要求熟悉团队协调、风险控制、进度控制等相关技术，具备良好的沟通能力和团队协作精神。,武汉,少于50人,硕士,16338,27273
2025-07-23,数据科学家,设计和维护数据报表，监控业务指标变化。要求熟悉TensorFlow、深度学习、PyTorch等相关技术，具备良好的沟通能力和团队协作精神。,杭州,少于50人,大专,17486,28867
2025-07-24,市场经理,分析市场趋势和竞争对手，制定市场策略。要求熟悉活动策划、渠道拓展、品牌建设等相关技术，具备良好的沟通能力和团队协作精神。,广州,少于50人,硕士,22594,36745
2025-07-24,项目经理,参与需求分析，提供技术解决方案，推动项目落地。要求熟悉团队协调、风险控制、进度控制等相关技术，具备良好的沟通能力和团队协作精神。,南京,少于50人,本科,14382,23784
2025-07-24,销售代表,分析市场趋势和竞争对手，制定市场策略。要求熟悉客户关系、业绩目标、销售等相关技术，具备良好的沟通能力和团队协作精神。,深圳,50-150人,大专,10095,17469
2025-07-24,产品经理,协调研发、设计、运营团队，确保产品按时交付。要求熟悉用户研究、产品设计、数据分析等相关技术，具备良好的沟通能力和团队协作精神。,苏州,500-1000人,本科,16566,28348
2025-07-25,UI设计师,参与需求分析，提供技术解决方案，推动项目落地。要求熟悉交互设计、Figma、用户体验等相关技术，具备良好的沟通能力和团队协作精神。,南京,150-500人,硕士,14431,22818
2025-07-25,财务分析师,负责公司核心产品的开发与维护，参与技术方案设计。要求熟悉财务报表、Excel、预算编制等相关技术，具备良好的沟通能力和团队协作精神。,成都,1000人以上,博士,24220,39309
2025-07-25,运营专员,分析运营数据，优化运营策略和流程。要求熟悉用户增长、活动策划、运营等相关技术，具备良好的沟通能力和团队协作精神。,上海,少于50人,本科,8630,13908
2025-07-26,UI设计师,参与需求分析，提供技术解决方案，推动项目落地。要求熟悉UI设计、用户体验、Sketch等相关技术，具备良好的沟通能力和团队协作精神。,天津,500-1000人,硕士,13784,22331
2025-07-26,机器学习工程师,负责后端服务开发，确保代码质量和系统稳定性。要求熟悉特征工程、模型调优、机器学习等相关技术，具备良好的沟通能力和团队协作精神。,广州,1000人以上,博士,27833,46275
2025-07-26,销售代表,分析市场趋势和竞争对手，制定市场策略。要求熟悉商务谈判、销售、客户关系等相关技术，具备良好的沟通能力和团队协作精神。,重庆,1000人以上,大专,7384,13345
2025-07-27,Java后端开发,负责后端服务开发，确保代码质量和系统稳定性。要求熟悉MySQL、Spring、Java等相关技术，具备良好的沟通能力和团队协作精神。,上海,150-500人,本科,14482,24417
2025-07-28,Java后端开发,负责公司核心产品的开发与维护，参与技术方案设计。要求熟悉Java、SpringBoot、Spring等相关技术，具备良好的沟通能力和团队协作精神。,上海,500-1000人,硕士,19953,34160
2025-07-28,前端开发工程师,参与系统架构设计，优化系统性能，提升用户体验。要求熟悉TypeScript、React、Vue等相关技术，具备良好的沟通能力和团队协作精神。,西安,150-500人,硕士,13183,21457
2025-07-29,机器学习工程师,负责公司核心产品的开发与维护，参与技术方案设计。要求熟悉机器学习、特征工程、Python等相关技术，具备良好的沟通能力和团队协作精神。,上海,少于50人,大专,7220,13975
2025-07-29,Python开发工程师,参与需求分析，提供技术解决方案，推动项目落地。要求熟悉Django、Redis、Python等相关技术，具备良好的沟通能力和团队协作精神。,重庆,500-1000人,大专,7212,12676
2025-07-31,运营专员,分析运营数据，优化运营策略和流程。要求熟悉运营、活动策划、数据分析等相关技术，具备良好的沟通能力和团队协作精神。,成都,50-150人,大专,5000,8151
2025-07-31,UI设计师,参与系统架构设计，优化系统性能，提升用户体验。要求熟悉Sketch、交互设计、UI设计等相关技术，具备良好的沟通能力和团队协作精神。,苏州,500-1000人,本科,11523,18396
2025-07-31,数据分析师,构建机器学习模型，解决实际业务问题。要求熟悉Excel、Tableau、统计学等相关技术，具备良好的沟通能力和团队协作精神。,重庆,少于50人,大专,7481,11703
2025-08-01,财务分析师,参与需求分析，提供技术解决方案，推动项目落地。要求熟悉预算编制、Excel、财务报表等相关技术，具备良好的沟通能力和团队协作精神。,杭州,1000人以上,大专,16745,25226
2025-08-01,Python开发工程师,负责公司核心产品的开发与维护，参与技术方案设计。要求熟悉FastAPI、Flask、MySQL等相关技术，具备良好的沟通能力和团队协作精神。,西安,150-500人,本科,9409,15708
2025-08-01,项目经理,参与需求分析，提供技术解决方案，推动项目落地。要求熟悉项目管理、风险控制、团队协调等相关技术，具备良好的沟通能力和团队协作精神。,重庆,500-1000人,博士,23536,41790
2025-08-01,项目经理,参与系统架构设计，优化系统性能，提升用户体验。要求熟悉项目管理、团队协调、风险控制等相关技术，具备良好的沟通能力和团队协作精神。,北京,1000人以上,大专,21244,35625
2025-08-01,项目经理,负责后端服务开发，确保代码质量和系统稳定性。要求熟悉团队协调、进度控制、项目管理等相关技术，具备良好的沟通能力和团队协作精神。,深圳,少于50人,本科,17585,29828
2025-08-02,前端开发工程师,负责后端服务开发，确保代码质量和系统稳定性。要求熟悉Vue、JavaScript、HTML等相关技术，具备良好的沟通能力和团队协作精神。,成都,150-500人,本科,10835,17749
2025-08-02,运维工程师,负责公司核心产品的开发与维护，参与技术方案设计。要求熟悉监控、K8s、运维等相关技术，具备良好的沟通能力和团队协作精神。,重庆,少于50人,博士,13635,23038
2025-08-02,项目经理,负责后端服务开发，确保代码质量和系统稳定性。要求熟悉团队协调、风险控制、项目管理等相关技术，具备良好的沟通能力和团队协作精神。,苏州,150-500人,博士,27962,47045
2025-08-02,运维工程师,参与系统架构设计，优化系统性能，提升用户体验。要求熟悉K8s、Docker、运维等相关技术，具备良好的沟通能力和团队协作精神。,天津,50-150人,本科,9237,15659
2025-08-03,前端开发工程师,参与系统架构设计，优化系统性能，提升用户体验。要求熟悉TypeScript、CSS、Vue等相关技术，具备良好的沟通能力和团队协作精神。,苏州,50-150人,本科,8759,15473
2025-08-04,测试工程师,负责公司核心产品的开发与维护，参与技术方案设计。要求熟悉自动化测试、缺陷管理、测试等相关技术，具备良好的沟通能力和团队协作精神。,上海,150-500人,博士,23947,41647
2025-08-04,技术支持工程师,负责后端服务开发，确保代码质量和系统稳定性。要求熟悉技术支持、客户沟通、文档编写等相关技术，具备良好的沟通能力和团队协作精神。,南京,150-500人,本科,9720,17018
2025-08-04,前端开发工程师,参与需求分析，提供技术解决方案，推动项目落地。要求熟悉CSS、React、HTML等相关技术，具备良好的沟通能力和团队协作精神。,武汉,1000人以上,硕士,13672,23859
2025-08-04,Python开发工程师,负责公司核心产品的开发与维护，参与技术方案设计。要求熟悉Flask、Python、FastAPI等相关技术，具备良好的沟通能力和团队协作精神。,苏州,1000人以上,本科,12303,20784
2025-08-05,技术支持工程师,负责公司核心产品的开发与维护，参与技术方案设计。要求熟悉技术支持、客户沟通、问题排查等相关技术，具备良好的沟通能力和团队协作精神。,西安,1000人以上,硕士,4387,8318
2025-08-06,全栈开发工程师,负责后端服务开发，确保代码质量和系统稳定性。要求熟悉React、MySQL、JavaScript等相关技术，具备良好的沟通能力和团队协作精神。,上海,150-500人,硕士,14878,27661
2025-08-06,运维工程师,参与需求分析，提供技术解决方案，推动项目落地。要求熟悉Docker、K8s、监控等相关技术，具备良好的沟通能力和团队协作精神。,西安,少于50人,硕士,9936,16897
2025-08-06,技术支持工程师,负责公司核心产品的开发与维护，参与技术方案设计。要求熟悉技术支持、文档编写、客户沟通等相关技术，具备良好的沟通能力和团队协作精神。,天津,1000人以上,硕士,14126,24673
2025-08-07,销售代表,分析市场趋势和竞争对手，制定市场策略。要求熟悉商务谈判、销售、客户关系等相关技术，具备良好的沟通能力和团队协作精神。,杭州,1000人以上,大专,12146,20628
2025-08-07,项目经理,负责公司核心产品的开发与维护，参与技术方案设计。要求熟悉风险控制、团队协调、进度控制等相关技术，具备良好的沟通能力和团队协作精神。,杭州,50-150人,博士,29509,52170
2025-08-07,市场经理,策划营销活动，提升产品知名度和市场份额。要求熟悉渠道拓展、品牌建设、活动策划等相关技术，具备良好的沟通能力和团队协作精神。,广州,500-1000人,本科,20557,34500
2025-08-08,市场经理,分析市场趋势和竞争对手，制定市场策略。要求熟悉市场营销、活动策划、渠道拓展等相关技术，具备良好的沟通能力和团队协作精神。,广州,150-500人,硕士,18795,35274
2025-08-08,运营专员,策划运营活动，提升品牌影响力和用户增长。要求熟悉运营、用户增长、活动策划等相关技术，具备良好的沟通能力和团队协作精神。,武汉,500-1000人,博士,13354,21435
2025-08-09,前端开发工程师,参与系统架构设计，优化系统性能，提升用户体验。要求熟悉CSS、TypeScript、HTML等相关技术，具备良好的沟通能力和团队协作精神。,广州,1000人以上,硕士,17210,30393
2025-08-09,数据分析师,负责数据分析和挖掘，为业务决策提供数据支持。要求熟悉Tableau、SQL、统计学等相关技术，具备良好的沟通能力和团队协作精神。,广州,少于50人,本科,14098,21281
2025-08-09,运维工程师,参与系统架构设计，优化系统性能，提升用户体验。要求熟悉Linux、K8s、Docker等相关技术，具备良好的沟通能力和团队协作精神。,南京,1000人以上,本科,12513,21270
2025-08-09,运营专员,分析运营数据，优化运营策略和流程。要求熟悉用户增长、运营、活动策划等相关技术，具备良好的沟通能力和团队协作精神。,杭州,50-150人,大专,7218,11414
2025-08-11,架构师,参与需求分析，提供技术解决方案，推动项目落地。要求熟悉技术选型、微服务、系统架构等相关技术，具备良好的沟通能力和团队协作精神。,北京,500-1000人,硕士,20043,34324
2025-08-11,运维工程师,参与需求分析，提供技术解决方案，推动项目落地。要求熟悉监控、Linux、K8s等相关技术，具备良好的沟通能力和团队协作精神。,天津,1000人以上,博士,18911,33514
2025-08-12,Python开发工程师,参与系统架构设计，优化系统性能，提升用户体验。要求熟悉Flask、FastAPI、Django等相关技术，具备良好的沟通能力和团队协作精神。,深圳,150-500人,硕士,19034,31518
2025-08-13,全栈开发工程师,参与系统架构设计，优化系统性能，提升用户体验。要求熟悉React、JavaScript、MySQL等相关技术，具备良好的沟通能力和团队协作精神。,深圳,500-1000人,博士,23696,42709
2025-08-13,机器学习工程师,负责后端服务开发，确保代码质量和系统稳定性。要求熟悉模型调优、Python、机器学习等相关技术，具备良好的沟通能力和团队协作精神。,成都,1000人以上,硕士,14567,25353
2025-08-13,Python开发工程师,参与需求分析，提供技术解决方案，推动项目落地。要求熟悉Flask、FastAPI、MySQL等相关技术，具备良好的沟通能力和团队协作精神。,杭州,500-1000人,本科,14252,23970
2025-08-13,数据科学家,构建机器学习模型，解决实际业务问题。要求熟悉TensorFlow、深度学习、机器学习等相关技术，具备良好的沟通能力和团队协作精神。,西安,50-150人,硕士,23394,37981
2025-08-14,UI设计师,参与系统架构设计，优化系统性能，提升用户体验。要求熟悉UI设计、Sketch、用户体验等相关技术，具备良好的沟通能力和团队协作精神。,天津,150-500人,大专,8945,13678
2025-08-14,Java后端开发,参与需求分析，提供技术解决方案，推动项目落地。要求熟悉Java、Redis、SpringBoot等相关技术，具备良好的沟通能力和团队协作精神。,重庆,150-500人,博士,15775,26838
2025-08-14,运维工程师,负责后端服务开发，确保代码质量和系统稳定性。要求熟悉Linux、运维、监控等相关技术，具备良好的沟通能力和团队协作精神。,北京,500-1000人,博士,28954,48729
2025-08-14,UI设计师,负责公司核心产品的开发与维护，参与技术方案设计。要求熟悉交互设计、Sketch、UI设计等相关技术，具备良好的沟通能力和团队协作精神。,上海,1000人以上,博士,34415,53001
2025-08-15,UI设计师,参与需求分析，提供技术解决方案，推动项目落地。要求熟悉交互设计、UI设计、用户体验等相关技术，具备良好的沟通能力和团队协作精神。,西安,150-500人,硕士,12387,19553
2025-08-15,架构师,参与需求分析，提供技术解决方案，推动项目落地。要求熟悉微服务、系统架构、性能优化等相关技术，具备良好的沟通能力和团队协作精神。,成都,50-150人,博士,15442,27265
2025-08-15,人力资源专员,负责公司核心产品的开发与维护，参与技术方案设计。要求熟悉招聘、培训、员工关系等相关技术，具备良好的沟通能力和团队协作精神。,天津,1000人以上,本科,7462,12533
2025-08-16,数据分析师,构建机器学习模型，解决实际业务问题。要求熟悉Python、统计学、Tableau等相关技术，具备良好的沟通能力和团队协作精神。,上海,500-1000人,本科,18752,29568
2025-08-16,销售代表,分析市场趋势和竞争对手，制定市场策略。要求熟悉客户关系、业绩目标、商务谈判等相关技术，具备良好的沟通能力和团队协作精神。,武汉,500-1000人,本科,4645,7518
2025-08-16,技术支持工程师,参与需求分析，提供技术解决方案，推动项目落地。要求熟悉技术支持、客户沟通、文档编写等相关技术，具备良好的沟通能力和团队协作精神。,杭州,1000人以上,博士,26221,45304
2025-08-16,财务分析师,参与系统架构设计，优化系统性能，提升用户体验。要求熟悉预算编制、财务报表、财务分析等相关技术，具备良好的沟通能力和团队协作精神。,深圳,50-150人,博士,23218,39639
2025-08-17,市场经理,策划营销活动，提升产品知名度和市场份额。要求熟悉市场营销、活动策划、渠道拓展等相关技术，具备良好的沟通能力和团队协作精神。,天津,50-150人,硕士,19187,31711
2025-08-17,UI设计师,参与需求分析，提供技术解决方案，推动项目落地。要求熟悉Figma、UI设计、交互设计等相关技术，具备良好的沟通能力和团队协作精神。,西安,150-500人,博士,15172,25094
2025-08-19,机器学习工程师,负责后端服务开发，确保代码质量和系统稳定性。要求熟悉特征工程、机器学习、Python等相关技术，具备良好的沟通能力和团队协作精神。,苏州,150-500人,本科,9798,16866
2025-08-20,数据分析师,设计和维护数据报表，监控业务指标变化。要求熟悉Python、Tableau、Excel等相关技术，具备良好的沟通能力和团队协作精神。,苏州,1000人以上,硕士,16348,27374
2025-08-20,运营专员,策划运营活动，提升品牌影响力和用户增长。要求熟悉用户增长、数据分析、运营等相关技术，具备良好的沟通能力和团队协作精神。,重庆,1000人以上,博士,10970,19266
2025-08-21,技术支持工程师,参与系统架构设计，优化系统性能，提升用户体验。要求熟悉文档编写、客户沟通、问题排查等相关技术，具备良好的沟通能力和团队协作精神。,深圳,500-1000人,博士,27399,46413
2025-08-22,机器学习工程师,参与系统架构设计，优化系统性能，提升用户体验。要求熟悉模型调优、特征工程、Python等相关技术，具备良好的沟通能力和团队协作精神。,北京,50-150人,博士,22841,39919
2025-08-22,测试工程师,参与需求分析，提供技术解决方案，推动项目落地。要求熟悉缺陷管理、自动化测试、测试等相关技术，具备良好的沟通能力和团队协作精神。,北京,少于50人,本科,12742,21231
2025-08-22,技术支持工程师,参与需求分析，提供技术解决方案，推动项目落地。要求熟悉问题排查、客户沟通、技术支持等相关技术，具备良好的沟通能力和团队协作精神。,上海,1000人以上,硕士,25013,40354
2025-08-24,机器学习工程师,参与系统架构设计，优化系统性能，提升用户体验。要求熟悉特征工程、模型调优、机器学习等相关技术，具备良好的沟通能力和团队协作精神。,杭州,1000人以上,本科,17440,28042
2025-08-24,市场经理,负责市场推广和品牌建设，拓展市场渠道。要求熟悉品牌建设、活动策划、市场营销等相关技术，具备良好的沟通能力和团队协作精神。,广州,150-500人,本科,17377,30053
2025-08-25,Python开发工程师,负责后端服务开发，确保代码质量和系统稳定性。要求熟悉Django、FastAPI、MySQL等相关技术，具备良好的沟通能力和团队协作精神。,杭州,少于50人,硕士,13195,22958
2025-08-25,UI设计师,参与系统架构设计，优化系统性能，提升用户体验。要求熟悉Sketch、Figma、交互设计等相关技术，具备良好的沟通能力和团队协作精神。,苏州,1000人以上,本科,11610,19031
2025-08-27,产品经理,协调研发、设计、运营团队，确保产品按时交付。要求熟悉产品设计、用户研究、Axure等相关技术，具备良好的沟通能力和团队协作精神。,武汉,少于50人,硕士,17544,28368
2025-08-27,数据分析师,构建机器学习模型，解决实际业务问题。要求熟悉统计学、Tableau、Python等相关技术，具备良好的沟通能力和团队协作精神。,北京,少于50人,本科,13312,21801
2025-08-28,财务分析师,负责后端服务开发，确保代码质量和系统稳定性。要求熟悉财务分析、Excel、预算编制等相关技术，具备良好的沟通能力和团队协作精神。,南京,500-1000人,博士,30964,45415
2025-08-29,产品经理,负责产品规划和设计，推动产品迭代优化。要求熟悉数据分析、产品设计、Axure等相关技术，具备良好的沟通能力和团队协作精神。,上海,50-150人,本科,16222,30235
2025-08-30,架构师,负责公司核心产品的开发与维护，参与技术方案设计。要求熟悉系统架构、技术选型、性能优化等相关技术，具备良好的沟通能力和团队协作精神。,武汉,1000人以上,博士,17963,32068
2025-08-31,算法工程师,负责后端服务开发，确保代码质量和系统稳定性。要求熟悉深度学习、算法、数据结构等相关技术，具备良好的沟通能力和团队协作精神。,西安,150-500人,硕士,13867,22056
2025-08-31,UI设计师,负责后端服务开发，确保代码质量和系统稳定性。要求熟悉UI设计、用户体验、Sketch等相关技术，具备良好的沟通能力和团队协作精神。,上海,500-1000人,博士,31980,49017
2025-08-31,架构师,参与需求分析，提供技术解决方案，推动项目落地。要求熟悉技术选型、微服务、系统架构等相关技术，具备良好的沟通能力和团队协作精神。,成都,1000人以上,大专,8233,14870
2025-09-01,市场经理,分析市场趋势和竞争对手，制定市场策略。要求熟悉活动策划、市场营销、品牌建设等相关技术，具备良好的沟通能力和团队协作精神。,深圳,1000人以上,博士,45442,77839
2025-09-01,测试工程师,负责公司核心产品的开发与维护，参与技术方案设计。要求熟悉性能测试、自动化测试、缺陷管理等相关技术，具备良好的沟通能力和团队协作精神。,上海,150-500人,本科,15203,25442
2025-09-02,数据科学家,负责数据分析和挖掘，为业务决策提供数据支持。要求熟悉PyTorch、Python、深度学习等相关技术，具备良好的沟通能力和团队协作精神。,南京,少于50人,本科,21731,33842
2025-09-03,Python开发工程师,负责公司核心产品的开发与维护，参与技术方案设计。要求熟悉Redis、Django、FastAPI等相关技术，具备良好的沟通能力和团队协作精神。,深圳,150-500人,大专,10222,18221
2025-09-03,全栈开发工程师,负责后端服务开发，确保代码质量和系统稳定性。要求熟悉JavaScript、Node.js、MongoDB等相关技术，具备良好的沟通能力和团队协作精神。,北京,500-1000人,大专,10902,20053
2025-09-04,机器学习工程师,参与系统架构设计，优化系统性能，提升用户体验。要求熟悉特征工程、机器学习、模型调优等相关技术，具备良好的沟通能力和团队协作精神。,西安,少于50人,硕士,9111,16359
2025-09-05,UI设计师,负责后端服务开发，确保代码质量和系统稳定性。要求熟悉UI设计、Sketch、Figma等相关技术，具备良好的沟通能力和团队协作精神。,深圳,50-150人,博士,29334,44295
2025-09-05,销售代表,负责市场推广和品牌建设，拓展市场渠道。要求熟悉商务谈判、销售、客户关系等相关技术，具备良好的沟通能力和团队协作精神。,武汉,少于50人,博士,16047,26450
2025-09-05,财务分析师,参与需求分析，提供技术解决方案，推动项目落地。要求熟悉财务分析、财务报表、Excel等相关技术，具备良好的沟通能力和团队协作精神。,南京,少于50人,大专,9394,14562
2025-09-06,运营专员,分析运营数据，优化运营策略和流程。要求熟悉数据分析、运营、活动策划等相关技术，具备良好的沟通能力和团队协作精神。,成都,500-1000人,本科,6556,11505
2025-09-07,机器学习工程师,参与需求分析，提供技术解决方案，推动项目落地。要求熟悉机器学习、特征工程、Python等相关技术，具备良好的沟通能力和团队协作精神。,天津,少于50人,博士,15843,26613
2025-09-07,产品经理,负责产品规划和设计，推动产品迭代优化。要求熟悉Axure、需求分析、数据分析等相关技术，具备良好的沟通能力和团队协作精神。,天津,少于50人,硕士,13862,25530
2025-09-07,运维工程师,参与需求分析，提供技术解决方案，推动项目落地。要求熟悉Linux、监控、Docker等相关技术，具备良好的沟通能力和团队协作精神。,上海,少于50人,本科,10497,19200
2025-09-07,产品经理,负责产品规划和设计，推动产品迭代优化。要求熟悉需求分析、Axure、数据分析等相关技术，具备良好的沟通能力和团队协作精神。,武汉,少于50人,硕士,18317,29587
2025-09-08,财务分析师,参与系统架构设计，优化系统性能，提升用户体验。要求熟悉预算编制、财务分析、财务报表等相关技术，具备良好的沟通能力和团队协作精神。,苏州,500-1000人,本科,12306,20402
2025-09-08,算法工程师,负责后端服务开发，确保代码质量和系统稳定性。要求熟悉深度学习、Python、算法等相关技术，具备良好的沟通能力和团队协作精神。,重庆,1000人以上,博士,18890,32713
2025-09-09,算法工程师,负责公司核心产品的开发与维护，参与技术方案设计。要求熟悉深度学习、Python、机器学习等相关技术，具备良好的沟通能力和团队协作精神。,北京,150-500人,硕士,19073,32591
2025-09-09,全栈开发工程师,参与需求分析，提供技术解决方案，推动项目落地。要求熟悉MongoDB、JavaScript、Node.js等相关技术，具备良好的沟通能力和团队协作精神。,杭州,1000人以上,本科,15593,26632
2025-09-10,UI设计师,负责后端服务开发，确保代码质量和系统稳定性。要求熟悉Figma、Sketch、交互设计等相关技术，具备良好的沟通能力和团队协作精神。,武汉,500-1000人,大专,8018,13253
2025-09-10,运营专员,分析运营数据，优化运营策略和流程。要求熟悉活动策划、运营、用户增长等相关技术，具备良好的沟通能力和团队协作精神。,天津,少于50人,博士,11033,17764
2025-09-10,Python开发工程师,负责后端服务开发，确保代码质量和系统稳定性。要求熟悉Django、MySQL、Flask等相关技术，具备良好的沟通能力和团队协作精神。,成都,150-500人,本科,9406,16605
2025-09-10,数据分析师,设计和维护数据报表，监控业务指标变化。要求熟悉Python、SQL、Excel等相关技术，具备良好的沟通能力和团队协作精神。,上海,150-500人,硕士,23909,37220
2025-09-10,前端开发工程师,参与需求分析，提供技术解决方案，推动项目落地。要求熟悉HTML、React、Vue等相关技术，具备良好的沟通能力和团队协作精神。,苏州,150-500人,博士,16998,30245
2025-09-10,前端开发工程师,负责后端服务开发，确保代码质量和系统稳定性。要求熟悉TypeScript、React、Vue等相关技术，具备良好的沟通能力和团队协作精神。,深圳,50-150人,硕士,17254,29603
2025-09-11,数据分析师,构建机器学习模型，解决实际业务问题。要求熟悉统计学、SQL、Excel等相关技术，具备良好的沟通能力和团队协作精神。,重庆,500-1000人,本科,11242,18281
2025-09-11,测试工程师,参与需求分析，提供技术解决方案，推动项目落地。要求熟悉自动化测试、性能测试、测试等相关技术，具备良好的沟通能力和团队协作精神。,西安,150-500人,大专,7394,12641
2025-09-11,UI设计师,负责后端服务开发，确保代码质量和系统稳定性。要求熟悉用户体验、UI设计、交互设计等相关技术，具备良好的沟通能力和团队协作精神。,成都,1000人以上,博士,23698,37305
2025-09-11,UI设计师,参与需求分析，提供技术解决方案，推动项目落地。要求熟悉UI设计、用户体验、Figma等相关技术，具备良好的沟通能力和团队协作精神。,深圳,50-150人,硕士,21003,31808
2025-09-11,产品经理,分析用户需求和市场动态，制定产品发展策略。要求熟悉需求分析、数据分析、产品设计等相关技术，具备良好的沟通能力和团队协作精神。,深圳,150-500人,大专,15107,27106
2025-09-12,技术支持工程师,负责公司核心产品的开发与维护，参与技术方案设计。要求熟悉问题排查、文档编写、技术支持等相关技术，具备良好的沟通能力和团队协作精神。,西安,少于50人,硕士,9144,16392
2025-09-12,UI设计师,负责后端服务开发，确保代码质量和系统稳定性。要求熟悉Sketch、用户体验、Figma等相关技术，具备良好的沟通能力和团队协作精神。,深圳,50-150人,大专,11213,17862
2025-09-12,市场经理,分析市场趋势和竞争对手，制定市场策略。要求熟悉渠道拓展、品牌建设、活动策划等相关技术，具备良好的沟通能力和团队协作精神。,苏州,500-1000人,大专,11358,21072
2025-09-12,销售代表,分析市场趋势和竞争对手，制定市场策略。要求熟悉业绩目标、客户关系、商务谈判等相关技术，具备良好的沟通能力和团队协作精神。,深圳,1000人以上,本科,39537,69535
2025-09-12,架构师,负责后端服务开发，确保代码质量和系统稳定性。要求熟悉微服务、性能优化、系统架构等相关技术，具备良好的沟通能力和团队协作精神。,西安,150-500人,硕士,13568,22095
2025-09-13,市场经理,负责市场推广和品牌建设，拓展市场渠道。要求熟悉渠道拓展、市场营销、活动策划等相关技术，具备良好的沟通能力和团队协作精神。,广州,1000人以上,硕士,24215,44805
2025-09-14,Java后端开发,参与系统架构设计，优化系统性能，提升用户体验。要求熟悉Dubbo、MySQL、Java等相关技术，具备良好的沟通能力和团队协作精神。,广州,50-150人,博士,18582,33629
2025-09-14,Java后端开发,参与系统架构设计，优化系统性能，提升用户体验。要求熟悉MySQL、Redis、SpringBoot等相关技术，具备良好的沟通能力和团队协作精神。,上海,150-500人,本科,13859,24098
2025-09-14,产品经理,负责产品规划和设计，推动产品迭代优化。要求熟悉产品设计、需求分析、用户研究等相关技术，具备良好的沟通能力和团队协作精神。,上海,50-150人,硕士,25037,44005
2025-09-14,项目经理,负责后端服务开发，确保代码质量和系统稳定性。要求熟悉进度控制、团队协调、项目管理等相关技术，具备良好的沟通能力和团队协作精神。,广州,500-1000人,博士,38748,64882
2025-09-14,财务分析师,参与系统架构设计，优化系统性能，提升用户体验。要求熟悉财务分析、财务报表、Excel等相关技术，具备良好的沟通能力和团队协作精神。,广州,150-500人,大专,11478,18517
2025-09-15,全栈开发工程师,参与需求分析，提供技术解决方案，推动项目落地。要求熟悉React、Node.js、MongoDB等相关技术，具备良好的沟通能力和团队协作精神。,成都,50-150人,硕士,13156,22047
2025-09-15,UI设计师,负责公司核心产品的开发与维护，参与技术方案设计。要求熟悉用户体验、UI设计、交互设计等相关技术，具备良好的沟通能力和团队协作精神。,南京,50-150人,大专,7599,12653
2025-09-16,运维工程师,参与需求分析，提供技术解决方案，推动项目落地。要求熟悉监控、Linux、Docker等相关技术，具备良好的沟通能力和团队协作精神。,天津,150-500人,大专,8055,13686
2025-09-16,运营专员,负责日常运营工作，提升用户活跃度和留存率。要求熟悉运营、数据分析、用户增长等相关技术，具备良好的沟通能力和团队协作精神。,上海,500-1000人,硕士,15266,24417
2025-09-16,UI设计师,参与系统架构设计，优化系统性能，提升用户体验。要求熟悉Sketch、用户体验、Figma等相关技术，具备良好的沟通能力和团队协作精神。,重庆,1000人以上,硕士,17431,26166
2025-09-18,数据科学家,构建机器学习模型，解决实际业务问题。要求熟悉机器学习、深度学习、PyTorch等相关技术，具备良好的沟通能力和团队协作精神。,天津,50-150人,大专,16565,26596
2025-09-18,架构师,负责后端服务开发，确保代码质量和系统稳定性。要求熟悉微服务、技术选型、系统架构等相关技术，具备良好的沟通能力和团队协作精神。,西安,1000人以上,硕士,16679,26911
2025-09-18,销售代表,策划营销活动，提升产品知名度和市场份额。要求熟悉客户关系、商务谈判、销售等相关技术，具备良好的沟通能力和团队协作精神。,苏州,500-1000人,硕士,14361,24885
2025-09-19,技术支持工程师,负责公司核心产品的开发与维护，参与技术方案设计。要求熟悉技术支持、问题排查、客户沟通等相关技术，具备良好的沟通能力和团队协作精神。,杭州,少于50人,博士,21090,35165
2025-09-21,前端开发工程师,参与需求分析，提供技术解决方案，推动项目落地。要求熟悉CSS、JavaScript、Vue等相关技术，具备良好的沟通能力和团队协作精神。,广州,500-1000人,本科,6354,11193
2025-09-21,财务分析师,负责公司核心产品的开发与维护，参与技术方案设计。要求熟悉财务分析、财务报表、Excel等相关技术，具备良好的沟通能力和团队协作精神。,南京,150-500人,大专,11805,17884
2025-09-21,算法工程师,负责后端服务开发，确保代码质量和系统稳定性。要求熟悉算法、Python、数据结构等相关技术，具备良好的沟通能力和团队协作精神。,南京,50-150人,大专,9014,14789
2025-09-21,运维工程师,参与需求分析，提供技术解决方案，推动项目落地。要求熟悉Linux、K8s、监控等相关技术，具备良好的沟通能力和团队协作精神。,南京,1000人以上,大专,9400,16696
2025-09-22,全栈开发工程师,参与需求分析，提供技术解决方案，推动项目落地。要求熟悉React、Node.js、MySQL等相关技术，具备良好的沟通能力和团队协作精神。,苏州,1000人以上,本科,13310,22141
2025-09-22,财务分析师,负责后端服务开发，确保代码质量和系统稳定性。要求熟悉Excel、预算编制、财务分析等相关技术，具备良好的沟通能力和团队协作精神。,成都,50-150人,博士,22133,34444
2025-09-22,财务分析师,参与系统架构设计，优化系统性能，提升用户体验。要求熟悉财务分析、财务报表、Excel等相关技术，具备良好的沟通能力和团队协作精神。,北京,少于50人,硕士,20702,32193
2025-09-22,财务分析师,参与需求分析，提供技术解决方案，推动项目落地。要求熟悉预算编制、Excel、财务报表等相关技术，具备良好的沟通能力和团队协作精神。,广州,500-1000人,本科,18852,28531
2025-09-24,财务分析师,参与系统架构设计，优化系统性能，提升用户体验。要求熟悉Excel、财务分析、预算编制等相关技术，具备良好的沟通能力和团队协作精神。,上海,少于50人,硕士,20855,32169
2025-09-25,项目经理,负责公司核心产品的开发与维护，参与技术方案设计。要求熟悉风险控制、进度控制、团队协调等相关技术，具备良好的沟通能力和团队协作精神。,南京,50-150人,本科,12374,23203
2025-09-26,产品经理,分析用户需求和市场动态，制定产品发展策略。要求熟悉Axure、需求分析、数据分析等相关技术，具备良好的沟通能力和团队协作精神。,天津,1000人以上,博士,32371,55178
2025-09-26,市场经理,策划营销活动，提升产品知名度和市场份额。要求熟悉品牌建设、渠道拓展、活动策划等相关技术，具备良好的沟通能力和团队协作精神。,重庆,500-1000人,本科,15301,25859
2025-09-27,财务分析师,负责后端服务开发，确保代码质量和系统稳定性。要求熟悉财务报表、预算编制、Excel等相关技术，具备良好的沟通能力和团队协作精神。,天津,500-1000人,硕士,16490,26556
2025-09-27,Python开发工程师,负责公司核心产品的开发与维护，参与技术方案设计。要求熟悉Flask、FastAPI、Redis等相关技术，具备良好的沟通能力和团队协作精神。,南京,1000人以上,本科,12157,21276
2025-09-27,Java后端开发,参与需求分析，提供技术解决方案，推动项目落地。要求熟悉MySQL、SpringBoot、Dubbo等相关技术，具备良好的沟通能力和团队协作精神。,北京,150-500人,大专,11344,19663
2025-09-28,人力资源专员,参与系统架构设计，优化系统性能，提升用户体验。要求熟悉员工关系、绩效考核、培训等相关技术，具备良好的沟通能力和团队协作精神。,西安,1000人以上,大专,6422,10358
2025-09-29,销售代表,分析市场趋势和竞争对手，制定市场策略。要求熟悉商务谈判、业绩目标、销售等相关技术，具备良好的沟通能力和团队协作精神。,杭州,50-150人,博士,22122,37852
2025-09-29,项目经理,负责公司核心产品的开发与维护，参与技术方案设计。要求熟悉进度控制、风险控制、团队协调等相关技术，具备良好的沟通能力和团队协作精神。,南京,少于50人,硕士,17696,30292
2025-10-01,销售代表,策划营销活动，提升产品知名度和市场份额。要求熟悉客户关系、商务谈判、销售等相关技术，具备良好的沟通能力和团队协作精神。,成都,1000人以上,本科,14376,23631
2025-10-01,全栈开发工程师,负责后端服务开发，确保代码质量和系统稳定性。要求熟悉JavaScript、React、MySQL等相关技术，具备良好的沟通能力和团队协作精神。,西安,500-1000人,博士,17551,31465
2025-10-01,市场经理,分析市场趋势和竞争对手，制定市场策略。要求熟悉活动策划、渠道拓展、市场营销等相关技术，具备良好的沟通能力和团队协作精神。,天津,1000人以上,大专,14429,25288
2025-10-02,人力资源专员,负责公司核心产品的开发与维护，参与技术方案设计。要求熟悉培训、招聘、员工关系等相关技术，具备良好的沟通能力和团队协作精神。,重庆,500-1000人,硕士,8838,14965
2025-10-02,运营专员,分析运营数据，优化运营策略和流程。要求熟悉数据分析、用户增长、活动策划等相关技术，具备良好的沟通能力和团队协作精神。,深圳,50-150人,博士,17771,29219
2025-10-02,机器学习工程师,参与系统架构设计，优化系统性能，提升用户体验。要求熟悉Python、模型调优、机器学习等相关技术，具备良好的沟通能力和团队协作精神。,深圳,150-500人,硕士,20468,34394
2025-10-02,机器学习工程师,参与需求分析，提供技术解决方案，推动项目落地。要求熟悉特征工程、Python、机器学习等相关技术，具备良好的沟通能力和团队协作精神。,深圳,1000人以上,博士,27438,50576
2025-10-03,机器学习工程师,负责后端服务开发，确保代码质量和系统稳定性。要求熟悉特征工程、模型调优、机器学习等相关技术，具备良好的沟通能力和团队协作精神。,成都,1000人以上,博士,20439,37098
2025-10-05,技术支持工程师,参与需求分析，提供技术解决方案，推动项目落地。要求熟悉客户沟通、文档编写、技术支持等相关技术，具备良好的沟通能力和团队协作精神。,武汉,500-1000人,本科,9513,17525
2025-10-06,机器学习工程师,负责公司核心产品的开发与维护，参与技术方案设计。要求熟悉特征工程、机器学习、Python等相关技术，具备良好的沟通能力和团队协作精神。,广州,少于50人,博士,9532,15301
2025-10-06,市场经理,策划营销活动，提升产品知名度和市场份额。要求熟悉渠道拓展、活动策划、市场营销等相关技术，具备良好的沟通能力和团队协作精神。,上海,500-1000人,博士,44735,77314
2025-10-06,前端开发工程师,参与需求分析，提供技术解决方案，推动项目落地。要求熟悉Vue、CSS、React等相关技术，具备良好的沟通能力和团队协作精神。,杭州,少于50人,本科,11217,19594
2025-10-07,全栈开发工程师,参与需求分析，提供技术解决方案，推动项目落地。要求熟悉MongoDB、JavaScript、React等相关技术，具备良好的沟通能力和团队协作精神。,深圳,1000人以上,大专,14062,24345
2025-10-07,架构师,负责后端服务开发，确保代码质量和系统稳定性。要求熟悉技术选型、系统架构、性能优化等相关技术，具备良好的沟通能力和团队协作精神。,西安,50-150人,博士,14363,26379
2025-10-08,市场经理,负责市场推广和品牌建设，拓展市场渠道。要求熟悉品牌建设、渠道拓展、市场营销等相关技术，具备良好的沟通能力和团队协作精神。,苏州,150-500人,大专,13015,22476
2025-10-09,测试工程师,负责后端服务开发，确保代码质量和系统稳定性。要求熟悉性能测试、测试、缺陷管理等相关技术，具备良好的沟通能力和团队协作精神。,天津,50-150人,大专,8681,14412
2025-10-09,架构师,参与系统架构设计，优化系统性能，提升用户体验。要求熟悉性能优化、微服务、技术选型等相关技术，具备良好的沟通能力和团队协作精神。,重庆,50-150人,本科,8216,14729
2025-10-10,项目经理,参与系统架构设计，优化系统性能，提升用户体验。要求熟悉风险控制、项目管理、进度控制等相关技术，具备良好的沟通能力和团队协作精神。,天津,1000人以上,大专,14815,25674
2025-10-10,测试工程师,参与需求分析，提供技术解决方案，推动项目落地。要求熟悉性能测试、自动化测试、缺陷管理等相关技术，具备良好的沟通能力和团队协作精神。,南京,1000人以上,大专,10954,18770
2025-10-10,销售代表,分析市场趋势和竞争对手，制定市场策略。要求熟悉业绩目标、销售、商务谈判等相关技术，具备良好的沟通能力和团队协作精神。,西安,50-150人,博士,16173,28189
2025-10-12,市场经理,负责市场推广和品牌建设，拓展市场渠道。要求熟悉活动策划、品牌建设、市场营销等相关技术，具备良好的沟通能力和团队协作精神。,北京,50-150人,博士,35846,64421
2025-10-12,项目经理,参与系统架构设计，优化系统性能，提升用户体验。要求熟悉进度控制、团队协调、项目管理等相关技术，具备良好的沟通能力和团队协作精神。,苏州,少于50人,大专,11410,19452
2025-10-12,测试工程师,负责公司核心产品的开发与维护，参与技术方案设计。要求熟悉自动化测试、测试、缺陷管理等相关技术，具备良好的沟通能力和团队协作精神。,天津,50-150人,本科,8403,15567
2025-10-13,前端开发工程师,参与需求分析，提供技术解决方案，推动项目落地。要求熟悉CSS、JavaScript、Vue等相关技术，具备良好的沟通能力和团队协作精神。,西安,150-500人,硕士,12297,21432
2025-10-13,产品经理,分析用户需求和市场动态，制定产品发展策略。要求熟悉Axure、数据分析、用户研究等相关技术，具备良好的沟通能力和团队协作精神。,天津,50-150人,大专,12343,20940
2025-10-13,机器学习工程师,负责后端服务开发，确保代码质量和系统稳定性。要求熟悉特征工程、机器学习、模型调优等相关技术，具备良好的沟通能力和团队协作精神。,天津,1000人以上,硕士,12882,24646
2025-10-14,测试工程师,参与系统架构设计，优化系统性能，提升用户体验。要求熟悉自动化测试、测试、性能测试等相关技术，具备良好的沟通能力和团队协作精神。,天津,150-500人,本科,10110,17651
2025-10-14,产品经理,分析用户需求和市场动态，制定产品发展策略。要求熟悉数据分析、用户研究、需求分析等相关技术，具备良好的沟通能力和团队协作精神。,杭州,少于50人,硕士,23311,39646
2025-10-14,测试工程师,负责后端服务开发，确保代码质量和系统稳定性。要求熟悉性能测试、自动化测试、缺陷管理等相关技术，具备良好的沟通能力和团队协作精神。,西安,150-500人,大专,8593,14214
2025-10-15,测试工程师,参与系统架构设计，优化系统性能，提升用户体验。要求熟悉缺陷管理、自动化测试、测试等相关技术，具备良好的沟通能力和团队协作精神。,天津,150-500人,大专,8555,14588
2025-10-15,人力资源专员,负责后端服务开发，确保代码质量和系统稳定性。要求熟悉培训、绩效考核、员工关系等相关技术，具备良好的沟通能力和团队协作精神。,成都,500-1000人,硕士,9866,16759
2025-10-16,算法工程师,负责后端服务开发，确保代码质量和系统稳定性。要求熟悉Python、算法、机器学习等相关技术，具备良好的沟通能力和团队协作精神。,南京,150-500人,硕士,13858,24442
2025-10-17,数据科学家,负责数据分析和挖掘，为业务决策提供数据支持。要求熟悉PyTorch、深度学习、机器学习等相关技术，具备良好的沟通能力和团队协作精神。,武汉,500-1000人,大专,17393,29412
2025-10-17,架构师,负责后端服务开发，确保代码质量和系统稳定性。要求熟悉性能优化、技术选型、微服务等相关技术，具备良好的沟通能力和团队协作精神。,重庆,50-150人,本科,9058,15571
2025-10-18,UI设计师,参与系统架构设计，优化系统性能，提升用户体验。要求熟悉Sketch、Figma、用户体验等相关技术，具备良好的沟通能力和团队协作精神。,广州,少于50人,博士,20260,32880
2025-10-19,人力资源专员,参与系统架构设计，优化系统性能，提升用户体验。要求熟悉员工关系、绩效考核、培训等相关技术，具备良好的沟通能力和团队协作精神。,天津,150-500人,本科,6559,11272
2025-10-20,市场经理,负责市场推广和品牌建设，拓展市场渠道。要求熟悉品牌建设、渠道拓展、活动策划等相关技术，具备良好的沟通能力和团队协作精神。,天津,少于50人,博士,21913,39220
2025-10-20,市场经理,策划营销活动，提升产品知名度和市场份额。要求熟悉市场营销、活动策划、品牌建设等相关技术，具备良好的沟通能力和团队协作精神。,天津,1000人以上,博士,30353,54787
2025-10-20,数据分析师,设计和维护数据报表，监控业务指标变化。要求熟悉统计学、Excel、Python等相关技术，具备良好的沟通能力和团队协作精神。,武汉,少于50人,硕士,15323,23372
2025-10-20,全栈开发工程师,参与需求分析，提供技术解决方案，推动项目落地。要求熟悉JavaScript、React、MongoDB等相关技术，具备良好的沟通能力和团队协作精神。,西安,1000人以上,大专,8443,15189
2025-10-21,测试工程师,负责公司核心产品的开发与维护，参与技术方案设计。要求熟悉自动化测试、缺陷管理、性能测试等相关技术，具备良好的沟通能力和团队协作精神。,苏州,1000人以上,本科,11012,20473
2025-10-21,Python开发工程师,负责公司核心产品的开发与维护，参与技术方案设计。要求熟悉Redis、Django、Python等相关技术，具备良好的沟通能力和团队协作精神。,深圳,50-150人,硕士,13917,27146
2025-10-21,Java后端开发,负责公司核心产品的开发与维护，参与技术方案设计。要求熟悉MySQL、Spring、Java等相关技术，具备良好的沟通能力和团队协作精神。,南京,1000人以上,大专,9737,17553
2025-10-22,销售代表,策划营销活动，提升产品知名度和市场份额。要求熟悉商务谈判、销售、客户关系等相关技术，具备良好的沟通能力和团队协作精神。,成都,少于50人,大专,7517,12762
2025-10-22,技术支持工程师,负责后端服务开发，确保代码质量和系统稳定性。要求熟悉文档编写、问题排查、客户沟通等相关技术，具备良好的沟通能力和团队协作精神。,深圳,150-500人,硕士,18986,32912
2025-10-22,前端开发工程师,参与需求分析，提供技术解决方案，推动项目落地。要求熟悉HTML、JavaScript、React等相关技术，具备良好的沟通能力和团队协作精神。,广州,150-500人,硕士,14317,26572
2025-10-22,数据分析师,负责数据分析和挖掘，为业务决策提供数据支持。要求熟悉Python、Tableau、Excel等相关技术，具备良好的沟通能力和团队协作精神。,重庆,1000人以上,本科,13887,22113
2025-10-22,算法工程师,负责公司核心产品的开发与维护，参与技术方案设计。要求熟悉机器学习、Python、深度学习等相关技术，具备良好的沟通能力和团队协作精神。,杭州,500-1000人,博士,26619,46132
2025-10-23,运维工程师,负责公司核心产品的开发与维护，参与技术方案设计。要求熟悉监控、Linux、运维等相关技术，具备良好的沟通能力和团队协作精神。,天津,1000人以上,博士,21080,37369
2025-10-23,测试工程师,参与系统架构设计，优化系统性能，提升用户体验。要求熟悉自动化测试、测试、缺陷管理等相关技术，具备良好的沟通能力和团队协作精神。,上海,500-1000人,大专,13395,23048
2025-10-25,机器学习工程师,参与需求分析，提供技术解决方案，推动项目落地。要求熟悉模型调优、机器学习、特征工程等相关技术，具备良好的沟通能力和团队协作精神。,成都,150-500人,本科,9024,16737
2025-10-26,测试工程师,参与系统架构设计，优化系统性能，提升用户体验。要求熟悉性能测试、缺陷管理、自动化测试等相关技术，具备良好的沟通能力和团队协作精神。,北京,150-500人,大专,12892,21804
2025-10-26,项目经理,参与需求分析，提供技术解决方案，推动项目落地。要求熟悉进度控制、团队协调、项目管理等相关技术，具备良好的沟通能力和团队协作精神。,苏州,1000人以上,大专,15458,26811
2025-10-27,项目经理,参与需求分析，提供技术解决方案，推动项目落地。要求熟悉进度控制、风险控制、团队协调等相关技术，具备良好的沟通能力和团队协作精神。,杭州,500-1000人,博士,41727,70997
2025-10-28,前端开发工程师,负责后端服务开发，确保代码质量和系统稳定性。要求熟悉TypeScript、React、Vue等相关技术，具备良好的沟通能力和团队协作精神。,武汉,少于50人,本科,7184,13376
2025-10-28,市场经理,策划营销活动，提升产品知名度和市场份额。要求熟悉市场营销、品牌建设、活动策划等相关技术，具备良好的沟通能力和团队协作精神。,苏州,500-1000人,博士,26802,50218
2025-10-28,市场经理,分析市场趋势和竞争对手，制定市场策略。要求熟悉活动策划、渠道拓展、市场营销等相关技术，具备良好的沟通能力和团队协作精神。,西安,少于50人,本科,12217,21177
2025-10-29,项目经理,负责后端服务开发，确保代码质量和系统稳定性。要求熟悉项目管理、进度控制、风险控制等相关技术，具备良好的沟通能力和团队协作精神。,广州,500-1000人,大专,18837,31281
2025-10-29,Python开发工程师,负责公司核心产品的开发与维护，参与技术方案设计。要求熟悉Python、Django、FastAPI等相关技术，具备良好的沟通能力和团队协作精神。,成都,150-500人,大专,6839,13010
2025-10-29,运维工程师,负责公司核心产品的开发与维护，参与技术方案设计。要求熟悉K8s、监控、Linux等相关技术，具备良好的沟通能力和团队协作精神。,苏州,150-500人,硕士,15067,25316
2025-10-29,机器学习工程师,负责后端服务开发，确保代码质量和系统稳定性。要求熟悉Python、特征工程、机器学习等相关技术，具备良好的沟通能力和团队协作精神。,南京,50-150人,大专,9654,15841
2025-10-30,测试工程师,负责公司核心产品的开发与维护，参与技术方案设计。要求熟悉测试、性能测试、缺陷管理等相关技术，具备良好的沟通能力和团队协作精神。,成都,150-500人,硕士,17231,27258
2025-10-30,市场经理,负责市场推广和品牌建设，拓展市场渠道。要求熟悉活动策划、品牌建设、渠道拓展等相关技术，具备良好的沟通能力和团队协作精神。,上海,150-500人,博士,49044,78661
2025-10-30,算法工程师,参与系统架构设计，优化系统性能，提升用户体验。要求熟悉深度学习、算法、数据结构等相关技术，具备良好的沟通能力和团队协作精神。,深圳,少于50人,大专,10746,18030
2025-10-30,技术支持工程师,负责后端服务开发，确保代码质量和系统稳定性。要求熟悉客户沟通、技术支持、问题排查等相关技术，具备良好的沟通能力和团队协作精神。,北京,1000人以上,大专,14231,24926
2025-10-31,人力资源专员,参与系统架构设计，优化系统性能，提升用户体验。要求熟悉绩效考核、招聘、培训等相关技术，具备良好的沟通能力和团队协作精神。,深圳,少于50人,大专,6041,10593
2025-10-31,UI设计师,参与系统架构设计，优化系统性能，提升用户体验。要求熟悉Figma、UI设计、Sketch等相关技术，具备良好的沟通能力和团队协作精神。,深圳,少于50人,硕士,13765,24122
2025-11-01,机器学习工程师,负责后端服务开发，确保代码质量和系统稳定性。要求熟悉机器学习、模型调优、特征工程等相关技术，具备良好的沟通能力和团队协作精神。,武汉,500-1000人,大专,8686,15219
2025-11-02,数据科学家,负责数据分析和挖掘，为业务决策提供数据支持。要求熟悉Python、PyTorch、TensorFlow等相关技术，具备良好的沟通能力和团队协作精神。,深圳,1000人以上,大专,34522,54174
2025-11-02,Python开发工程师,参与系统架构设计，优化系统性能，提升用户体验。要求熟悉Flask、MySQL、Python等相关技术，具备良好的沟通能力和团队协作精神。,北京,150-500人,博士,32079,52517
2025-11-03,销售代表,策划营销活动，提升产品知名度和市场份额。要求熟悉销售、客户关系、商务谈判等相关技术，具备良好的沟通能力和团队协作精神。,北京,150-500人,博士,22354,42792
2025-11-04,运营专员,负责日常运营工作，提升用户活跃度和留存率。要求熟悉运营、用户增长、活动策划等相关技术，具备良好的沟通能力和团队协作精神。,重庆,50-150人,博士,10773,18241
2025-11-06,运维工程师,负责公司核心产品的开发与维护，参与技术方案设计。要求熟悉Docker、K8s、运维等相关技术，具备良好的沟通能力和团队协作精神。,广州,500-1000人,本科,11620,22189
2025-11-06,运维工程师,负责公司核心产品的开发与维护，参与技术方案设计。要求熟悉K8s、监控、Linux等相关技术，具备良好的沟通能力和团队协作精神。,杭州,500-1000人,大专,13887,22726
2025-11-07,销售代表,策划营销活动，提升产品知名度和市场份额。要求熟悉客户关系、业绩目标、销售等相关技术，具备良好的沟通能力和团队协作精神。,天津,1000人以上,博士,23628,40230
2025-11-07,Java后端开发,负责公司核心产品的开发与维护，参与技术方案设计。要求熟悉Spring、Dubbo、Java等相关技术，具备良好的沟通能力和团队协作精神。,重庆,50-150人,本科,9672,16310
2025-11-07,前端开发工程师,负责后端服务开发，确保代码质量和系统稳定性。要求熟悉HTML、TypeScript、JavaScript等相关技术，具备良好的沟通能力和团队协作精神。,武汉,150-500人,大专,8400,14339
2025-11-08,市场经理,分析市场趋势和竞争对手，制定市场策略。要求熟悉市场营销、渠道拓展、活动策划等相关技术，具备良好的沟通能力和团队协作精神。,成都,50-150人,本科,16315,27517
2025-11-08,前端开发工程师,参与需求分析，提供技术解决方案，推动项目落地。要求熟悉Vue、TypeScript、CSS等相关技术，具备良好的沟通能力和团队协作精神。,成都,500-1000人,大专,9049,15967
2025-11-09,Python开发工程师,负责后端服务开发，确保代码质量和系统稳定性。要求熟悉FastAPI、MySQL、Python等相关技术，具备良好的沟通能力和团队协作精神。,南京,50-150人,硕士,14370,24617
2025-11-09,运营专员,负责日常运营工作，提升用户活跃度和留存率。要求熟悉用户增长、数据分析、活动策划等相关技术，具备良好的沟通能力和团队协作精神。,天津,少于50人,大专,5380,8647
2025-11-09,Java后端开发,负责后端服务开发，确保代码质量和系统稳定性。要求熟悉Dubbo、MySQL、Spring等相关技术，具备良好的沟通能力和团队协作精神。,上海,50-150人,硕士,19576,33383
2025-11-10,项目经理,负责后端服务开发，确保代码质量和系统稳定性。要求熟悉进度控制、项目管理、团队协调等相关技术，具备良好的沟通能力和团队协作精神。,西安,1000人以上,博士,33070,56276
2025-11-10,测试工程师,负责公司核心产品的开发与维护，参与技术方案设计。要求熟悉缺陷管理、性能测试、测试等相关技术，具备良好的沟通能力和团队协作精神。,武汉,150-500人,大专,9863,15802
2025-11-11,技术支持工程师,参与系统架构设计，优化系统性能，提升用户体验。要求熟悉客户沟通、问题排查、文档编写等相关技术，具备良好的沟通能力和团队协作精神。,武汉,1000人以上,大专,10655,17782
2025-11-12,销售代表,策划营销活动，提升产品知名度和市场份额。要求熟悉销售、客户关系、业绩目标等相关技术，具备良好的沟通能力和团队协作精神。,杭州,150-500人,博士,30220,48300
2025-11-12,UI设计师,参与系统架构设计，优化系统性能，提升用户体验。要求熟悉UI设计、Figma、交互设计等相关技术，具备良好的沟通能力和团队协作精神。,重庆,150-500人,大专,8067,12958
2025-11-14,Python开发工程师,负责后端服务开发，确保代码质量和系统稳定性。要求熟悉Redis、Python、Django等相关技术，具备良好的沟通能力和团队协作精神。,武汉,150-500人,本科,11792,19216
2025-11-16,产品经理,分析用户需求和市场动态，制定产品发展策略。要求熟悉产品设计、数据分析、用户研究等相关技术，具备良好的沟通能力和团队协作精神。,深圳,500-1000人,博士,48178,80604
2025-11-17,测试工程师,参与系统架构设计，优化系统性能，提升用户体验。要求熟悉自动化测试、性能测试、测试等相关技术，具备良好的沟通能力和团队协作精神。,北京,少于50人,博士,27045,44418
2025-11-17,数据科学家,构建机器学习模型，解决实际业务问题。要求熟悉Python、深度学习、机器学习等相关技术，具备良好的沟通能力和团队协作精神。,西安,1000人以上,本科,26047,42162
2025-11-18,数据科学家,负责数据分析和挖掘，为业务决策提供数据支持。要求熟悉机器学习、Python、深度学习等相关技术，具备良好的沟通能力和团队协作精神。,杭州,150-500人,博士,48084,81984
2025-11-18,Python开发工程师,参与需求分析，提供技术解决方案，推动项目落地。要求熟悉FastAPI、Redis、Python等相关技术，具备良好的沟通能力和团队协作精神。,广州,50-150人,硕士,17333,29199
2025-11-19,测试工程师,参与需求分析，提供技术解决方案，推动项目落地。要求熟悉缺陷管理、测试、自动化测试等相关技术，具备良好的沟通能力和团队协作精神。,重庆,500-1000人,硕士,13628,23620
2025-11-19,机器学习工程师,参与系统架构设计，优化系统性能，提升用户体验。要求熟悉模型调优、Python、特征工程等相关技术，具备良好的沟通能力和团队协作精神。,武汉,1000人以上,大专,9049,16176
2025-11-21,测试工程师,负责公司核心产品的开发与维护，参与技术方案设计。要求熟悉缺陷管理、测试、性能测试等相关技术，具备良好的沟通能力和团队协作精神。,上海,少于50人,本科,12607,22110
2025-11-21,全栈开发工程师,参与系统架构设计，优化系统性能，提升用户体验。要求熟悉Node.js、JavaScript、React等相关技术，具备良好的沟通能力和团队协作精神。,天津,少于50人,本科,8828,15361
2025-11-23,销售代表,负责市场推广和品牌建设，拓展市场渠道。要求熟悉商务谈判、销售、客户关系等相关技术，具备良好的沟通能力和团队协作精神。,广州,50-150人,本科,15011,24138
2025-11-24,算法工程师,参与系统架构设计，优化系统性能，提升用户体验。要求熟悉深度学习、数据结构、算法等相关技术，具备良好的沟通能力和团队协作精神。,深圳,1000人以上,大专,14689,25170
2025-11-25,机器学习工程师,参与系统架构设计，优化系统性能，提升用户体验。要求熟悉模型调优、Python、特征工程等相关技术，具备良好的沟通能力和团队协作精神。,西安,少于50人,本科,8582,14670
2025-11-25,Java后端开发,参与需求分析，提供技术解决方案，推动项目落地。要求熟悉MySQL、SpringBoot、Java等相关技术，具备良好的沟通能力和团队协作精神。,上海,1000人以上,博士,35097,59246
2025-11-26,数据分析师,负责数据分析和挖掘，为业务决策提供数据支持。要求熟悉Excel、SQL、统计学等相关技术，具备良好的沟通能力和团队协作精神。,天津,少于50人,本科,11527,18060
2025-11-26,全栈开发工程师,参与系统架构设计，优化系统性能，提升用户体验。要求熟悉JavaScript、Node.js、React等相关技术，具备良好的沟通能力和团队协作精神。,天津,150-500人,本科,11114,18800
2025-11-26,UI设计师,参与需求分析，提供技术解决方案，推动项目落地。要求熟悉Figma、UI设计、用户体验等相关技术，具备良好的沟通能力和团队协作精神。,杭州,500-1000人,博士,27930,45332
2025-11-27,运营专员,策划运营活动，提升品牌影响力和用户增长。要求熟悉运营、用户增长、活动策划等相关技术，具备良好的沟通能力和团队协作精神。,苏州,50-150人,本科,6208,10979
2025-11-27,市场经理,分析市场趋势和竞争对手，制定市场策略。要求熟悉活动策划、品牌建设、渠道拓展等相关技术，具备良好的沟通能力和团队协作精神。,上海,少于50人,博士,39073,64731
2025-11-28,数据科学家,构建机器学习模型，解决实际业务问题。要求熟悉深度学习、机器学习、TensorFlow等相关技术，具备良好的沟通能力和团队协作精神。,上海,50-150人,博士,57571,93417
2025-11-28,全栈开发工程师,负责公司核心产品的开发与维护，参与技术方案设计。要求熟悉MySQL、Node.js、JavaScript等相关技术，具备良好的沟通能力和团队协作精神。,苏州,50-150人,本科,9738,17372
2025-11-29,架构师,参与需求分析，提供技术解决方案，推动项目落地。要求熟悉微服务、技术选型、系统架构等相关技术，具备良好的沟通能力和团队协作精神。,西安,150-500人,硕士,10122,19433
2025-11-29,测试工程师,负责公司核心产品的开发与维护，参与技术方案设计。要求熟悉性能测试、自动化测试、测试等相关技术，具备良好的沟通能力和团队协作精神。,天津,50-150人,大专,7851,13693
2025-11-29,数据分析师,构建机器学习模型，解决实际业务问题。要求熟悉Python、SQL、统计学等相关技术，具备良好的沟通能力和团队协作精神。,上海,50-150人,硕士,18096,31904
2025-12-02,销售代表,策划营销活动，提升产品知名度和市场份额。要求熟悉销售、客户关系、商务谈判等相关技术，具备良好的沟通能力和团队协作精神。,成都,50-150人,硕士,15203,25094
2025-12-02,UI设计师,参与系统架构设计，优化系统性能，提升用户体验。要求熟悉UI设计、Figma、Sketch等相关技术，具备良好的沟通能力和团队协作精神。,杭州,150-500人,博士,27391,43509
2025-12-03,销售代表,分析市场趋势和竞争对手，制定市场策略。要求熟悉业绩目标、销售、客户关系等相关技术，具备良好的沟通能力和团队协作精神。,深圳,少于50人,博士,24572,41592
2025-12-03,架构师,负责后端服务开发，确保代码质量和系统稳定性。要求熟悉性能优化、系统架构、技术选型等相关技术，具备良好的沟通能力和团队协作精神。,苏州,50-150人,博士,18968,32969
2025-12-04,运营专员,策划运营活动，提升品牌影响力和用户增长。要求熟悉运营、活动策划、数据分析等相关技术，具备良好的沟通能力和团队协作精神。,苏州,1000人以上,硕士,12352,20334
2025-12-04,市场经理,负责市场推广和品牌建设，拓展市场渠道。要求熟悉渠道拓展、市场营销、活动策划等相关技术，具备良好的沟通能力和团队协作精神。,苏州,150-500人,硕士,20874,36839
2025-12-04,财务分析师,参与需求分析，提供技术解决方案，推动项目落地。要求熟悉财务分析、Excel、财务报表等相关技术，具备良好的沟通能力和团队协作精神。,武汉,少于50人,博士,20722,32295
2025-12-05,市场经理,策划营销活动，提升产品知名度和市场份额。要求熟悉品牌建设、市场营销、渠道拓展等相关技术，具备良好的沟通能力和团队协作精神。,深圳,50-150人,硕士,30414,51021
2025-12-05,UI设计师,负责公司核心产品的开发与维护，参与技术方案设计。要求熟悉Sketch、用户体验、Figma等相关技术，具备良好的沟通能力和团队协作精神。,西安,1000人以上,大专,10750,16880
2025-12-05,人力资源专员,负责公司核心产品的开发与维护，参与技术方案设计。要求熟悉培训、招聘、绩效考核等相关技术，具备良好的沟通能力和团队协作精神。,南京,500-1000人,大专,6862,11512
2025-12-07,全栈开发工程师,负责公司核心产品的开发与维护，参与技术方案设计。要求熟悉MySQL、Node.js、JavaScript等相关技术，具备良好的沟通能力和团队协作精神。,成都,150-500人,硕士,14986,25398
2025-12-07,前端开发工程师,负责公司核心产品的开发与维护，参与技术方案设计。要求熟悉JavaScript、Vue、React等相关技术，具备良好的沟通能力和团队协作精神。,重庆,1000人以上,硕士,16532,27638
2025-12-07,数据科学家,设计和维护数据报表，监控业务指标变化。要求熟悉机器学习、深度学习、Python等相关技术，具备良好的沟通能力和团队协作精神。,天津,150-500人,博士,35335,61766
2025-12-07,全栈开发工程师,负责公司核心产品的开发与维护，参与技术方案设计。要求熟悉MySQL、Node.js、JavaScript等相关技术，具备良好的沟通能力和团队协作精神。,天津,50-150人,博士,21153,34545
2025-12-07,测试工程师,负责后端服务开发，确保代码质量和系统稳定性。要求熟悉缺陷管理、测试、性能测试等相关技术，具备良好的沟通能力和团队协作精神。,成都,50-150人,博士,21875,35571
2025-12-07,前端开发工程师,负责后端服务开发，确保代码质量和系统稳定性。要求熟悉React、JavaScript、CSS等相关技术，具备良好的沟通能力和团队协作精神。,深圳,150-500人,硕士,10535,17766
2025-12-07,技术支持工程师,参与系统架构设计，优化系统性能，提升用户体验。要求熟悉技术支持、文档编写、客户沟通等相关技术，具备良好的沟通能力和团队协作精神。,苏州,少于50人,硕士,11316,20363
2025-12-08,数据分析师,设计和维护数据报表，监控业务指标变化。要求熟悉统计学、Python、Excel等相关技术，具备良好的沟通能力和团队协作精神。,西安,50-150人,博士,19999,32478
2025-12-09,数据分析师,负责数据分析和挖掘，为业务决策提供数据支持。要求熟悉Excel、统计学、Python等相关技术，具备良好的沟通能力和团队协作精神。,西安,500-1000人,大专,11082,17504
2025-12-10,测试工程师,参与需求分析，提供技术解决方案，推动项目落地。要求熟悉自动化测试、测试、缺陷管理等相关技术，具备良好的沟通能力和团队协作精神。,武汉,500-1000人,本科,11153,19474
2025-12-10,技术支持工程师,参与系统架构设计，优化系统性能，提升用户体验。要求熟悉文档编写、问题排查、技术支持等相关技术，具备良好的沟通能力和团队协作精神。,上海,1000人以上,本科,17758,31427
2025-12-11,技术支持工程师,参与系统架构设计，优化系统性能，提升用户体验。要求熟悉客户沟通、问题排查、文档编写等相关技术，具备良好的沟通能力和团队协作精神。,南京,150-500人,大专,10247,17010
2025-12-11,数据分析师,构建机器学习模型，解决实际业务问题。要求熟悉SQL、Tableau、Excel等相关技术，具备良好的沟通能力和团队协作精神。,西安,50-150人,博士,21488,33966
2025-12-11,运营专员,分析运营数据，优化运营策略和流程。要求熟悉用户增长、活动策划、数据分析等相关技术，具备良好的沟通能力和团队协作精神。,上海,150-500人,硕士,14643,23898
2025-12-12,财务分析师,参与系统架构设计，优化系统性能，提升用户体验。要求熟悉预算编制、财务报表、财务分析等相关技术，具备良好的沟通能力和团队协作精神。,重庆,150-500人,博士,20664,33479
2025-12-13,UI设计师,负责公司核心产品的开发与维护，参与技术方案设计。要求熟悉Figma、Sketch、交互设计等相关技术，具备良好的沟通能力和团队协作精神。,南京,500-1000人,大专,9938,16448
2025-12-13,技术支持工程师,参与系统架构设计，优化系统性能，提升用户体验。要求熟悉客户沟通、技术支持、文档编写等相关技术，具备良好的沟通能力和团队协作精神。,武汉,1000人以上,本科,10321,19398
2025-12-13,架构师,负责后端服务开发，确保代码质量和系统稳定性。要求熟悉性能优化、微服务、系统架构等相关技术，具备良好的沟通能力和团队协作精神。,上海,500-1000人,大专,13431,23455
2025-12-13,数据分析师,设计和维护数据报表，监控业务指标变化。要求熟悉Python、SQL、Excel等相关技术，具备良好的沟通能力和团队协作精神。,苏州,50-150人,大专,9989,16211
2025-12-14,运营专员,负责日常运营工作，提升用户活跃度和留存率。要求熟悉活动策划、数据分析、用户增长等相关技术，具备良好的沟通能力和团队协作精神。,西安,150-500人,大专,5580,9228
2025-12-14,测试工程师,负责后端服务开发，确保代码质量和系统稳定性。要求熟悉自动化测试、缺陷管理、性能测试等相关技术，具备良好的沟通能力和团队协作精神。,广州,50-150人,硕士,15423,27512
2025-12-14,财务分析师,负责后端服务开发，确保代码质量和系统稳定性。要求熟悉财务分析、预算编制、Excel等相关技术，具备良好的沟通能力和团队协作精神。,上海,50-150人,博士,36032,55511
2025-12-14,算法工程师,参与需求分析，提供技术解决方案，推动项目落地。要求熟悉Python、深度学习、算法等相关技术，具备良好的沟通能力和团队协作精神。,杭州,50-150人,大专,7619,15397
2025-12-15,全栈开发工程师,负责后端服务开发，确保代码质量和系统稳定性。要求熟悉MongoDB、React、MySQL等相关技术，具备良好的沟通能力和团队协作精神。,重庆,少于50人,大专,6645,11486
2025-12-17,测试工程师,参与需求分析，提供技术解决方案，推动项目落地。要求熟悉自动化测试、测试、缺陷管理等相关技术，具备良好的沟通能力和团队协作精神。,深圳,1000人以上,本科,17880,31229
2025-12-17,数据分析师,构建机器学习模型，解决实际业务问题。要求熟悉统计学、SQL、Excel等相关技术，具备良好的沟通能力和团队协作精神。,天津,少于50人,硕士,16114,24767
2025-12-17,全栈开发工程师,参与系统架构设计，优化系统性能，提升用户体验。要求熟悉MySQL、MongoDB、React等相关技术，具备良好的沟通能力和团队协作精神。,西安,1000人以上,博士,23878,39640
2025-12-18,机器学习工程师,参与系统架构设计，优化系统性能，提升用户体验。要求熟悉特征工程、Python、机器学习等相关技术，具备良好的沟通能力和团队协作精神。,北京,500-1000人,硕士,24905,41449
2025-12-18,Python开发工程师,负责后端服务开发，确保代码质量和系统稳定性。要求熟悉Python、Django、Flask等相关技术，具备良好的沟通能力和团队协作精神。,武汉,500-1000人,博士,19857,34835
2025-12-19,人力资源专员,参与系统架构设计，优化系统性能，提升用户体验。要求熟悉员工关系、招聘、培训等相关技术，具备良好的沟通能力和团队协作精神。,成都,1000人以上,博士,16336,27148
2025-12-19,测试工程师,负责公司核心产品的开发与维护，参与技术方案设计。要求熟悉性能测试、自动化测试、测试等相关技术，具备良好的沟通能力和团队协作精神。,深圳,150-500人,本科,17276,28400
2025-12-21,市场经理,分析市场趋势和竞争对手，制定市场策略。要求熟悉市场营销、品牌建设、活动策划等相关技术，具备良好的沟通能力和团队协作精神。,深圳,50-150人,大专,16892,29574
2025-12-21,运营专员,分析运营数据，优化运营策略和流程。要求熟悉数据分析、运营、用户增长等相关技术，具备良好的沟通能力和团队协作精神。,西安,50-150人,本科,6817,11150
2025-12-21,机器学习工程师,负责后端服务开发，确保代码质量和系统稳定性。要求熟悉特征工程、Python、机器学习等相关技术，具备良好的沟通能力和团队协作精神。,苏州,少于50人,博士,18649,31176
2025-12-22,机器学习工程师,参与系统架构设计，优化系统性能，提升用户体验。要求熟悉特征工程、模型调优、机器学习等相关技术，具备良好的沟通能力和团队协作精神。,广州,50-150人,硕士,16575,28664
2025-12-22,技术支持工程师,负责后端服务开发，确保代码质量和系统稳定性。要求熟悉客户沟通、文档编写、问题排查等相关技术，具备良好的沟通能力和团队协作精神。,成都,50-150人,博士,19276,32972
2025-12-22,财务分析师,参与需求分析，提供技术解决方案，推动项目落地。要求熟悉预算编制、财务报表、财务分析等相关技术，具备良好的沟通能力和团队协作精神。,苏州,1000人以上,大专,27095,46745
2025-12-23,产品经理,负责产品规划和设计，推动产品迭代优化。要求熟悉需求分析、数据分析、产品设计等相关技术，具备良好的沟通能力和团队协作精神。,西安,1000人以上,硕士,23705,40781
2025-12-27,机器学习工程师,负责公司核心产品的开发与维护，参与技术方案设计。要求熟悉模型调优、机器学习、Python等相关技术，具备良好的沟通能力和团队协作精神。,苏州,50-150人,硕士,12278,22390
2025-12-27,UI设计师,参与系统架构设计，优化系统性能，提升用户体验。要求熟悉Figma、交互设计、用户体验等相关技术，具备良好的沟通能力和团队协作精神。,天津,500-1000人,博士,26584,40152
2025-12-27,机器学习工程师,负责公司核心产品的开发与维护，参与技术方案设计。要求熟悉Python、特征工程、机器学习等相关技术，具备良好的沟通能力和团队协作精神。,天津,50-150人,博士,17670,31061
2025-12-28,市场经理,策划营销活动，提升产品知名度和市场份额。要求熟悉活动策划、市场营销、渠道拓展等相关技术，具备良好的沟通能力和团队协作精神。,南京,1000人以上,本科,22915,38133
2025-12-28,技术支持工程师,负责公司核心产品的开发与维护，参与技术方案设计。要求熟悉客户沟通、技术支持、问题排查等相关技术，具备良好的沟通能力和团队协作精神。,杭州,50-150人,大专,11053,18831
2025-12-28,项目经理,参与系统架构设计，优化系统性能，提升用户体验。要求熟悉进度控制、团队协调、项目管理等相关技术，具备良好的沟通能力和团队协作精神。,武汉,500-1000人,硕士,21037,37263
2025-12-28,前端开发工程师,参与需求分析，提供技术解决方案，推动项目落地。要求熟悉HTML、CSS、Vue等相关技术，具备良好的沟通能力和团队协作精神。,苏州,少于50人,博士,16842,29368
2025-12-28,运营专员,策划运营活动，提升品牌影响力和用户增长。要求熟悉数据分析、用户增长、活动策划等相关技术，具备良好的沟通能力和团队协作精神。,西安,50-150人,本科,6640,10973
2025-12-28,机器学习工程师,负责公司核心产品的开发与维护，参与技术方案设计。要求熟悉模型调优、Python、特征工程等相关技术，具备良好的沟通能力和团队协作精神。,天津,1000人以上,硕士,9847,15955
2025-12-28,数据分析师,负责数据分析和挖掘，为业务决策提供数据支持。要求熟悉SQL、统计学、Python等相关技术，具备良好的沟通能力和团队协作精神。,杭州,50-150人,本科,16537,26259
2025-12-28,全栈开发工程师,参与需求分析，提供技术解决方案，推动项目落地。要求熟悉MySQL、JavaScript、MongoDB等相关技术，具备良好的沟通能力和团队协作精神。,广州,1000人以上,本科,17029,28776
2025-12-29,全栈开发工程师,负责后端服务开发，确保代码质量和系统稳定性。要求熟悉MongoDB、JavaScript、React等相关技术，具备良好的沟通能力和团队协作精神。,北京,150-500人,博士,33420,54244
2025-12-29,项目经理,负责后端服务开发，确保代码质量和系统稳定性。要求熟悉项目管理、团队协调、风险控制等相关技术，具备良好的沟通能力和团队协作精神。,南京,500-1000人,本科,16957,30907
2025-12-30,产品经理,协调研发、设计、运营团队，确保产品按时交付。要求熟悉数据分析、Axure、用户研究等相关技术，具备良好的沟通能力和团队协作精神。,广州,少于50人,大专,4890,8884
2025-12-30,市场经理,分析市场趋势和竞争对手，制定市场策略。要求熟悉品牌建设、市场营销、渠道拓展等相关技术，具备良好的沟通能力和团队协作精神。,重庆,500-1000人,本科,17185,28932
2025-12-30,项目经理,负责后端服务开发，确保代码质量和系统稳定性。要求熟悉项目管理、风险控制、团队协调等相关技术，具备良好的沟通能力和团队协作精神。,重庆,少于50人,本科,11678,20755
2025-12-30,全栈开发工程师,参与系统架构设计，优化系统性能，提升用户体验。要求熟悉React、MySQL、Node.js等相关技术，具备良好的沟通能力和团队协作精神。,成都,500-1000人,大专,8327,15375
