岗位标题,岗位描述,地区,公司规模,学历要求,薪资下限,薪资上限
全栈开发工程师,参与系统架构设计，优化系统性能，提升用户体验。要求熟悉React、JavaScript、Node.js等相关技术，具备良好的沟通能力和团队协作精神。,北京,150-500人,本科,12214,20534
架构师,负责公司核心产品的开发与维护，参与技术方案设计。要求熟悉系统架构、微服务、性能优化等相关技术，具备良好的沟通能力和团队协作精神。,上海,1000人以上,博士,23871,41566
算法工程师,参与系统架构设计，优化系统性能，提升用户体验。要求熟悉深度学习、机器学习、算法等相关技术，具备良好的沟通能力和团队协作精神。,南京,1000人以上,大专,8734,14571
UI设计师,参与系统架构设计，优化系统性能，提升用户体验。要求熟悉用户体验、Sketch、Figma等相关技术，具备良好的沟通能力和团队协作精神。,苏州,150-500人,大专,8116,12237
数据分析师,负责数据分析和挖掘，为业务决策提供数据支持。要求熟悉Tableau、SQL、Excel等相关技术，具备良好的沟通能力和团队协作精神。,广州,150-500人,大专,9215,14847
销售代表,分析市场趋势和竞争对手，制定市场策略。要求熟悉业绩目标、商务谈判、销售等相关技术，具备良好的沟通能力和团队协作精神。,苏州,150-500人,大专,6270,10980
人力资源专员,负责后端服务开发，确保代码质量和系统稳定性。要求熟悉培训、绩效考核、招聘等相关技术，具备良好的沟通能力和团队协作精神。,上海,1000人以上,硕士,14503,22490
Java后端开发,负责公司核心产品的开发与维护，参与技术方案设计。要求熟悉Spring、Java、MySQL等相关技术，具备良好的沟通能力和团队协作精神。,重庆,50-150人,硕士,9604,15927
产品经理,协调研发、设计、运营团队，确保产品按时交付。要求熟悉Axure、需求分析、数据分析等相关技术，具备良好的沟通能力和团队协作精神。,西安,150-500人,本科,10131,18003
产品经理,分析用户需求和市场动态，制定产品发展策略。要求熟悉需求分析、数据分析、用户研究等相关技术，具备良好的沟通能力和团队协作精神。,天津,少于50人,本科,10604,17784
人力资源专员,负责后端服务开发，确保代码质量和系统稳定性。要求熟悉招聘、员工关系、绩效考核等相关技术，具备良好的沟通能力和团队协作精神。,杭州,1000人以上,本科,7768,13288
市场经理,负责市场推广和品牌建设，拓展市场渠道。要求熟悉渠道拓展、市场营销、品牌建设等相关技术，具备良好的沟通能力和团队协作精神。,武汉,150-500人,大专,8405,14933
人力资源专员,负责后端服务开发，确保代码质量和系统稳定性。要求熟悉培训、招聘、员工关系等相关技术，具备良好的沟通能力和团队协作精神。,重庆,500-1000人,本科,5450,8970
项目经理,负责后端服务开发，确保代码质量和系统稳定性。要求熟悉进度控制、项目管理、风险控制等相关技术，具备良好的沟通能力和团队协作精神。,武汉,1000人以上,博士,17912,35537
前端开发工程师,参与系统架构设计，优化系统性能，提升用户体验。要求熟悉CSS、TypeScript、JavaScript等相关技术，具备良好的沟通能力和团队协作精神。,北京,少于50人,本科,7436,14508
人力资源专员,负责后端服务开发，确保代码质量和系统稳定性。要求熟悉招聘、绩效考核、员工关系等相关技术，具备良好的沟通能力和团队协作精神。,武汉,1000人以上,博士,10190,17534
架构师,负责后端服务开发，确保代码质量和系统稳定性。要求熟悉微服务、系统架构、技术选型等相关技术，具备良好的沟通能力和团队协作精神。,杭州,150-500人,大专,6977,12865
Python开发工程师,负责公司核心产品的开发与维护，参与技术方案设计。要求熟悉Redis、Flask、Django等相关技术，具备良好的沟通能力和团队协作精神。,天津,150-500人,本科,8075,13707
数据分析师,设计和维护数据报表，监控业务指标变化。要求熟悉Python、Tableau、SQL等相关技术，具备良好的沟通能力和团队协作精神。,成都,50-150人,大专,6517,10895
全栈开发工程师,负责公司核心产品的开发与维护，参与技术方案设计。要求熟悉React、JavaScript、MySQL等相关技术，具备良好的沟通能力和团队协作精神。,成都,150-500人,本科,6394,12154
测试工程师,参与系统架构设计，优化系统性能，提升用户体验。要求熟悉缺陷管理、性能测试、测试等相关技术，具备良好的沟通能力和团队协作精神。,上海,1000人以上,本科,16218,26048
产品经理,负责产品规划和设计，推动产品迭代优化。要求熟悉数据分析、需求分析、Axure等相关技术，具备良好的沟通能力和团队协作精神。,南京,1000人以上,博士,26252,45951
运营专员,分析运营数据，优化运营策略和流程。要求熟悉用户增长、运营、数据分析等相关技术，具备良好的沟通能力和团队协作精神。,武汉,150-500人,博士,9262,15382
算法工程师,参与系统架构设计，优化系统性能，提升用户体验。要求熟悉深度学习、数据结构、算法等相关技术，具备良好的沟通能力和团队协作精神。,上海,150-500人,大专,7260,13814
前端开发工程师,负责公司核心产品的开发与维护，参与技术方案设计。要求熟悉JavaScript、Vue、CSS等相关技术，具备良好的沟通能力和团队协作精神。,天津,少于50人,本科,6093,10880
运维工程师,参与系统架构设计，优化系统性能，提升用户体验。要求熟悉监控、Linux、Docker等相关技术，具备良好的沟通能力和团队协作精神。,广州,150-500人,博士,17687,30359
项目经理,参与需求分析，提供技术解决方案，推动项目落地。要求熟悉风险控制、项目管理、团队协调等相关技术，具备良好的沟通能力和团队协作精神。,苏州,500-1000人,本科,11261,20976
全栈开发工程师,参与需求分析，提供技术解决方案，推动项目落地。要求熟悉MySQL、MongoDB、Node.js等相关技术，具备良好的沟通能力和团队协作精神。,重庆,500-1000人,硕士,10582,17904
Java后端开发,参与需求分析，提供技术解决方案，推动项目落地。要求熟悉Dubbo、SpringBoot、Java等相关技术，具备良好的沟通能力和团队协作精神。,重庆,少于50人,大专,5000,7876
算法工程师,参与系统架构设计，优化系统性能，提升用户体验。要求熟悉机器学习、数据结构、深度学习等相关技术，具备良好的沟通能力和团队协作精神。,广州,50-150人,博士,15894,27932
UI设计师,负责公司核心产品的开发与维护，参与技术方案设计。要求熟悉UI设计、交互设计、用户体验等相关技术，具备良好的沟通能力和团队协作精神。,广州,少于50人,博士,14268,23693
算法工程师,参与需求分析，提供技术解决方案，推动项目落地。要求熟悉数据结构、机器学习、算法等相关技术，具备良好的沟通能力和团队协作精神。,深圳,500-1000人,博士,27281,43121
数据科学家,构建机器学习模型，解决实际业务问题。要求熟悉TensorFlow、深度学习、机器学习等相关技术，具备良好的沟通能力和团队协作精神。,武汉,少于50人,博士,24665,40271
架构师,参与系统架构设计，优化系统性能，提升用户体验。要求熟悉性能优化、系统架构、微服务等相关技术，具备良好的沟通能力和团队协作精神。,重庆,500-1000人,本科,6627,12259
项目经理,负责后端服务开发，确保代码质量和系统稳定性。要求熟悉项目管理、风险控制、进度控制等相关技术，具备良好的沟通能力和团队协作精神。,天津,1000人以上,大专,12402,20512
运维工程师,负责公司核心产品的开发与维护，参与技术方案设计。要求熟悉Linux、运维、Docker等相关技术，具备良好的沟通能力和团队协作精神。,南京,50-150人,大专,5295,9916
前端开发工程师,负责公司核心产品的开发与维护，参与技术方案设计。要求熟悉HTML、React、JavaScript等相关技术，具备良好的沟通能力和团队协作精神。,重庆,50-150人,博士,12381,21136
技术支持工程师,负责后端服务开发，确保代码质量和系统稳定性。要求熟悉问题排查、客户沟通、文档编写等相关技术，具备良好的沟通能力和团队协作精神。,上海,500-1000人,硕士,11803,23517
算法工程师,负责后端服务开发，确保代码质量和系统稳定性。要求熟悉机器学习、Python、算法等相关技术，具备良好的沟通能力和团队协作精神。,杭州,500-1000人,本科,9115,17211
Python开发工程师,负责公司核心产品的开发与维护，参与技术方案设计。要求熟悉MySQL、Django、Flask等相关技术，具备良好的沟通能力和团队协作精神。,西安,1000人以上,大专,7113,12151
数据分析师,构建机器学习模型，解决实际业务问题。要求熟悉Python、Excel、Tableau等相关技术，具备良好的沟通能力和团队协作精神。,成都,少于50人,本科,9052,13948
架构师,负责后端服务开发，确保代码质量和系统稳定性。要求熟悉系统架构、微服务、技术选型等相关技术，具备良好的沟通能力和团队协作精神。,天津,150-500人,大专,6339,10845
全栈开发工程师,负责后端服务开发，确保代码质量和系统稳定性。要求熟悉Node.js、React、MongoDB等相关技术，具备良好的沟通能力和团队协作精神。,上海,1000人以上,本科,13303,23134
市场经理,策划营销活动，提升产品知名度和市场份额。要求熟悉市场营销、活动策划、品牌建设等相关技术，具备良好的沟通能力和团队协作精神。,广州,150-500人,博士,25062,44070
产品经理,负责产品规划和设计，推动产品迭代优化。要求熟悉Axure、需求分析、数据分析等相关技术，具备良好的沟通能力和团队协作精神。,北京,少于50人,硕士,15138,28929
UI设计师,负责公司核心产品的开发与维护，参与技术方案设计。要求熟悉UI设计、Figma、Sketch等相关技术，具备良好的沟通能力和团队协作精神。,南京,500-1000人,大专,6969,11650
Java后端开发,参与需求分析，提供技术解决方案，推动项目落地。要求熟悉Spring、Java、SpringBoot等相关技术，具备良好的沟通能力和团队协作精神。,成都,1000人以上,本科,8907,15819
销售代表,分析市场趋势和竞争对手，制定市场策略。要求熟悉客户关系、商务谈判、销售等相关技术，具备良好的沟通能力和团队协作精神。,北京,150-500人,本科,13089,21409
销售代表,负责市场推广和品牌建设，拓展市场渠道。要求熟悉客户关系、销售、业绩目标等相关技术，具备良好的沟通能力和团队协作精神。,南京,500-1000人,本科,9626,16314
Python开发工程师,参与系统架构设计，优化系统性能，提升用户体验。要求熟悉Flask、Django、Python等相关技术，具备良好的沟通能力和团队协作精神。,深圳,150-500人,博士,15039,29439
人力资源专员,参与系统架构设计，优化系统性能，提升用户体验。要求熟悉员工关系、培训、绩效考核等相关技术，具备良好的沟通能力和团队协作精神。,北京,500-1000人,本科,8950,14670
算法工程师,参与需求分析，提供技术解决方案，推动项目落地。要求熟悉Python、深度学习、算法等相关技术，具备良好的沟通能力和团队协作精神。,广州,少于50人,本科,7795,13779
产品经理,分析用户需求和市场动态，制定产品发展策略。要求熟悉数据分析、Axure、产品设计等相关技术，具备良好的沟通能力和团队协作精神。,成都,1000人以上,博士,23292,41954
全栈开发工程师,负责公司核心产品的开发与维护，参与技术方案设计。要求熟悉JavaScript、MySQL、React等相关技术，具备良好的沟通能力和团队协作精神。,杭州,50-150人,硕士,13540,22630
市场经理,策划营销活动，提升产品知名度和市场份额。要求熟悉品牌建设、活动策划、市场营销等相关技术，具备良好的沟通能力和团队协作精神。,武汉,1000人以上,大专,12285,20119
财务分析师,负责后端服务开发，确保代码质量和系统稳定性。要求熟悉财务报表、财务分析、预算编制等相关技术，具备良好的沟通能力和团队协作精神。,北京,1000人以上,本科,18881,28865
技术支持工程师,负责后端服务开发，确保代码质量和系统稳定性。要求熟悉文档编写、问题排查、客户沟通等相关技术，具备良好的沟通能力和团队协作精神。,成都,少于50人,硕士,7750,14114
运营专员,策划运营活动，提升品牌影响力和用户增长。要求熟悉用户增长、数据分析、运营等相关技术，具备良好的沟通能力和团队协作精神。,南京,50-150人,本科,5191,8801
技术支持工程师,负责公司核心产品的开发与维护，参与技术方案设计。要求熟悉客户沟通、问题排查、技术支持等相关技术，具备良好的沟通能力和团队协作精神。,苏州,150-500人,博士,15231,25829
财务分析师,参与需求分析，提供技术解决方案，推动项目落地。要求熟悉财务报表、预算编制、财务分析等相关技术，具备良好的沟通能力和团队协作精神。,苏州,1000人以上,硕士,17460,26645
运维工程师,负责后端服务开发，确保代码质量和系统稳定性。要求熟悉监控、Docker、运维等相关技术，具备良好的沟通能力和团队协作精神。,西安,50-150人,大专,5125,9114
算法工程师,参与系统架构设计，优化系统性能，提升用户体验。要求熟悉数据结构、算法、机器学习等相关技术，具备良好的沟通能力和团队协作精神。,重庆,150-500人,本科,6861,11981
算法工程师,参与需求分析，提供技术解决方案，推动项目落地。要求熟悉机器学习、数据结构、Python等相关技术，具备良好的沟通能力和团队协作精神。,西安,1000人以上,大专,5882,10920
人力资源专员,参与系统架构设计，优化系统性能，提升用户体验。要求熟悉招聘、员工关系、培训等相关技术，具备良好的沟通能力和团队协作精神。,西安,500-1000人,本科,5000,8156
算法工程师,负责公司核心产品的开发与维护，参与技术方案设计。要求熟悉深度学习、数据结构、算法等相关技术，具备良好的沟通能力和团队协作精神。,深圳,1000人以上,博士,26392,43672
UI设计师,参与需求分析，提供技术解决方案，推动项目落地。要求熟悉交互设计、用户体验、Sketch等相关技术，具备良好的沟通能力和团队协作精神。,深圳,500-1000人,硕士,19354,29364
UI设计师,负责后端服务开发，确保代码质量和系统稳定性。要求熟悉Figma、Sketch、用户体验等相关技术，具备良好的沟通能力和团队协作精神。,深圳,500-1000人,博士,22556,36416
测试工程师,参与需求分析，提供技术解决方案，推动项目落地。要求熟悉测试、性能测试、自动化测试等相关技术，具备良好的沟通能力和团队协作精神。,重庆,50-150人,硕士,9884,16207
算法工程师,负责公司核心产品的开发与维护，参与技术方案设计。要求熟悉数据结构、深度学习、算法等相关技术，具备良好的沟通能力和团队协作精神。,杭州,150-500人,硕士,13804,23372
人力资源专员,负责公司核心产品的开发与维护，参与技术方案设计。要求熟悉员工关系、培训、绩效考核等相关技术，具备良好的沟通能力和团队协作精神。,天津,50-150人,本科,5000,7928
架构师,参与系统架构设计，优化系统性能，提升用户体验。要求熟悉微服务、技术选型、系统架构等相关技术，具备良好的沟通能力和团队协作精神。,西安,500-1000人,大专,6663,11281
项目经理,负责后端服务开发，确保代码质量和系统稳定性。要求熟悉团队协调、进度控制、风险控制等相关技术，具备良好的沟通能力和团队协作精神。,武汉,500-1000人,大专,11944,19125
架构师,参与需求分析，提供技术解决方案，推动项目落地。要求熟悉技术选型、微服务、性能优化等相关技术，具备良好的沟通能力和团队协作精神。,天津,1000人以上,本科,9247,16005
测试工程师,参与需求分析，提供技术解决方案，推动项目落地。要求熟悉自动化测试、缺陷管理、测试等相关技术，具备良好的沟通能力和团队协作精神。,北京,500-1000人,硕士,19849,31747
技术支持工程师,负责公司核心产品的开发与维护，参与技术方案设计。要求熟悉技术支持、客户沟通、问题排查等相关技术，具备良好的沟通能力和团队协作精神。,南京,少于50人,博士,8221,17523
数据分析师,构建机器学习模型，解决实际业务问题。要求熟悉Tableau、Python、SQL等相关技术，具备良好的沟通能力和团队协作精神。,西安,50-150人,大专,7447,11436
UI设计师,负责后端服务开发，确保代码质量和系统稳定性。要求熟悉用户体验、Sketch、UI设计等相关技术，具备良好的沟通能力和团队协作精神。,成都,150-500人,博士,15073,24145
测试工程师,负责后端服务开发，确保代码质量和系统稳定性。要求熟悉自动化测试、性能测试、测试等相关技术，具备良好的沟通能力和团队协作精神。,北京,1000人以上,大专,10534,18521
Java后端开发,负责公司核心产品的开发与维护，参与技术方案设计。要求熟悉Redis、Spring、Dubbo等相关技术，具备良好的沟通能力和团队协作精神。,北京,50-150人,本科,11003,18907
数据分析师,构建机器学习模型，解决实际业务问题。要求熟悉Python、统计学、SQL等相关技术，具备良好的沟通能力和团队协作精神。,西安,少于50人,本科,5588,10048
技术支持工程师,负责后端服务开发，确保代码质量和系统稳定性。要求熟悉技术支持、客户沟通、文档编写等相关技术，具备良好的沟通能力和团队协作精神。,苏州,少于50人,本科,6675,11680
运营专员,分析运营数据，优化运营策略和流程。要求熟悉活动策划、运营、数据分析等相关技术，具备良好的沟通能力和团队协作精神。,苏州,500-1000人,博士,11450,18736
全栈开发工程师,负责公司核心产品的开发与维护，参与技术方案设计。要求熟悉Node.js、MySQL、MongoDB等相关技术，具备良好的沟通能力和团队协作精神。,天津,150-500人,大专,7443,11949
销售代表,负责市场推广和品牌建设，拓展市场渠道。要求熟悉业绩目标、客户关系、销售等相关技术，具备良好的沟通能力和团队协作精神。,上海,1000人以上,硕士,16329,29109
财务分析师,参与需求分析，提供技术解决方案，推动项目落地。要求熟悉预算编制、Excel、财务报表等相关技术，具备良好的沟通能力和团队协作精神。,成都,500-1000人,本科,9571,15907
技术支持工程师,参与需求分析，提供技术解决方案，推动项目落地。要求熟悉客户沟通、问题排查、技术支持等相关技术，具备良好的沟通能力和团队协作精神。,南京,500-1000人,博士,15420,27458
前端开发工程师,参与需求分析，提供技术解决方案，推动项目落地。要求熟悉HTML、CSS、TypeScript等相关技术，具备良好的沟通能力和团队协作精神。,杭州,500-1000人,本科,12521,20617
市场经理,负责市场推广和品牌建设，拓展市场渠道。要求熟悉活动策划、市场营销、品牌建设等相关技术，具备良好的沟通能力和团队协作精神。,北京,500-1000人,硕士,25638,43485
产品经理,分析用户需求和市场动态，制定产品发展策略。要求熟悉产品设计、需求分析、数据分析等相关技术，具备良好的沟通能力和团队协作精神。,成都,150-500人,硕士,14328,25560
算法工程师,参与系统架构设计，优化系统性能，提升用户体验。要求熟悉机器学习、深度学习、数据结构等相关技术，具备良好的沟通能力和团队协作精神。,天津,500-1000人,博士,16406,27557
Python开发工程师,参与需求分析，提供技术解决方案，推动项目落地。要求熟悉Redis、Django、Flask等相关技术，具备良好的沟通能力和团队协作精神。,上海,150-500人,本科,11413,19605
项目经理,参与需求分析，提供技术解决方案，推动项目落地。要求熟悉团队协调、进度控制、风险控制等相关技术，具备良好的沟通能力和团队协作精神。,成都,500-1000人,硕士,19232,31587
产品经理,负责产品规划和设计，推动产品迭代优化。要求熟悉需求分析、Axure、产品设计等相关技术，具备良好的沟通能力和团队协作精神。,杭州,150-500人,本科,13726,24766
架构师,参与系统架构设计，优化系统性能，提升用户体验。要求熟悉微服务、技术选型、性能优化等相关技术，具备良好的沟通能力和团队协作精神。,天津,50-150人,本科,7028,12378
全栈开发工程师,负责后端服务开发，确保代码质量和系统稳定性。要求熟悉React、Node.js、JavaScript等相关技术，具备良好的沟通能力和团队协作精神。,广州,150-500人,本科,9162,16202
架构师,负责公司核心产品的开发与维护，参与技术方案设计。要求熟悉性能优化、微服务、系统架构等相关技术，具备良好的沟通能力和团队协作精神。,深圳,150-500人,大专,7043,13443
测试工程师,参与需求分析，提供技术解决方案，推动项目落地。要求熟悉缺陷管理、自动化测试、性能测试等相关技术，具备良好的沟通能力和团队协作精神。,上海,少于50人,硕士,12949,22001
数据科学家,负责数据分析和挖掘，为业务决策提供数据支持。要求熟悉Python、TensorFlow、机器学习等相关技术，具备良好的沟通能力和团队协作精神。,北京,150-500人,博士,45987,74067
前端开发工程师,参与系统架构设计，优化系统性能，提升用户体验。要求熟悉HTML、Vue、JavaScript等相关技术，具备良好的沟通能力和团队协作精神。,苏州,少于50人,本科,6886,11891
算法工程师,参与系统架构设计，优化系统性能，提升用户体验。要求熟悉深度学习、机器学习、数据结构等相关技术，具备良好的沟通能力和团队协作精神。,上海,1000人以上,博士,23551,41246
UI设计师,负责后端服务开发，确保代码质量和系统稳定性。要求熟悉交互设计、UI设计、Sketch等相关技术，具备良好的沟通能力和团队协作精神。,杭州,1000人以上,博士,18633,32544
全栈开发工程师,负责公司核心产品的开发与维护，参与技术方案设计。要求熟悉React、MongoDB、JavaScript等相关技术，具备良好的沟通能力和团队协作精神。,广州,50-150人,硕士,11269,19963
架构师,参与需求分析，提供技术解决方案，推动项目落地。要求熟悉微服务、性能优化、技术选型等相关技术，具备良好的沟通能力和团队协作精神。,上海,50-150人,大专,8160,14386
运营专员,分析运营数据，优化运营策略和流程。要求熟悉数据分析、用户增长、活动策划等相关技术，具备良好的沟通能力和团队协作精神。,北京,50-150人,硕士,8602,15024
前端开发工程师,参与系统架构设计，优化系统性能，提升用户体验。要求熟悉TypeScript、JavaScript、React等相关技术，具备良好的沟通能力和团队协作精神。,重庆,50-150人,硕士,8503,14826
数据分析师,负责数据分析和挖掘，为业务决策提供数据支持。要求熟悉Excel、Python、Tableau等相关技术，具备良好的沟通能力和团队协作精神。,杭州,50-150人,大专,9933,15527
项目经理,参与需求分析，提供技术解决方案，推动项目落地。要求熟悉团队协调、风险控制、进度控制等相关技术，具备良好的沟通能力和团队协作精神。,杭州,500-1000人,大专,16794,26509
产品经理,协调研发、设计、运营团队，确保产品按时交付。要求熟悉产品设计、数据分析、需求分析等相关技术，具备良好的沟通能力和团队协作精神。,南京,1000人以上,博士,27731,47430
市场经理,负责市场推广和品牌建设，拓展市场渠道。要求熟悉品牌建设、渠道拓展、市场营销等相关技术，具备良好的沟通能力和团队协作精神。,苏州,150-500人,大专,10056,17122
产品经理,协调研发、设计、运营团队，确保产品按时交付。要求熟悉数据分析、用户研究、需求分析等相关技术，具备良好的沟通能力和团队协作精神。,苏州,少于50人,本科,10217,17724
数据科学家,负责数据分析和挖掘，为业务决策提供数据支持。要求熟悉TensorFlow、深度学习、机器学习等相关技术，具备良好的沟通能力和团队协作精神。,苏州,500-1000人,博士,25872,47731
市场经理,策划营销活动，提升产品知名度和市场份额。要求熟悉活动策划、渠道拓展、品牌建设等相关技术，具备良好的沟通能力和团队协作精神。,成都,少于50人,本科,10061,17405
运营专员,策划运营活动，提升品牌影响力和用户增长。要求熟悉运营、活动策划、数据分析等相关技术，具备良好的沟通能力和团队协作精神。,重庆,500-1000人,大专,5000,7073
市场经理,分析市场趋势和竞争对手，制定市场策略。要求熟悉活动策划、品牌建设、市场营销等相关技术，具备良好的沟通能力和团队协作精神。,上海,500-1000人,大专,19862,30676
机器学习工程师,参与需求分析，提供技术解决方案，推动项目落地。要求熟悉Python、模型调优、机器学习等相关技术，具备良好的沟通能力和团队协作精神。,南京,150-500人,博士,14653,25597
架构师,参与需求分析，提供技术解决方案，推动项目落地。要求熟悉系统架构、微服务、性能优化等相关技术，具备良好的沟通能力和团队协作精神。,深圳,150-500人,博士,20614,35014
数据科学家,设计和维护数据报表，监控业务指标变化。要求熟悉TensorFlow、Python、PyTorch等相关技术，具备良好的沟通能力和团队协作精神。,杭州,1000人以上,大专,20880,34128
全栈开发工程师,参与需求分析，提供技术解决方案，推动项目落地。要求熟悉Node.js、MongoDB、React等相关技术，具备良好的沟通能力和团队协作精神。,西安,少于50人,本科,5156,9616
测试工程师,参与系统架构设计，优化系统性能，提升用户体验。要求熟悉缺陷管理、测试、性能测试等相关技术，具备良好的沟通能力和团队协作精神。,西安,50-150人,博士,14262,23236
前端开发工程师,负责后端服务开发，确保代码质量和系统稳定性。要求熟悉JavaScript、Vue、HTML等相关技术，具备良好的沟通能力和团队协作精神。,杭州,500-1000人,硕士,15955,26480
项目经理,参与需求分析，提供技术解决方案，推动项目落地。要求熟悉风险控制、进度控制、团队协调等相关技术，具备良好的沟通能力和团队协作精神。,苏州,500-1000人,本科,14799,24514
架构师,负责后端服务开发，确保代码质量和系统稳定性。要求熟悉技术选型、性能优化、系统架构等相关技术，具备良好的沟通能力和团队协作精神。,南京,500-1000人,博士,14500,26538
项目经理,负责公司核心产品的开发与维护，参与技术方案设计。要求熟悉团队协调、风险控制、进度控制等相关技术，具备良好的沟通能力和团队协作精神。,武汉,50-150人,博士,22856,36809
人力资源专员,负责公司核心产品的开发与维护，参与技术方案设计。要求熟悉培训、绩效考核、员工关系等相关技术，具备良好的沟通能力和团队协作精神。,武汉,50-150人,博士,7090,12904
全栈开发工程师,负责公司核心产品的开发与维护，参与技术方案设计。要求熟悉React、MySQL、Node.js等相关技术，具备良好的沟通能力和团队协作精神。,西安,少于50人,博士,11924,19953
数据分析师,构建机器学习模型，解决实际业务问题。要求熟悉统计学、Tableau、Python等相关技术，具备良好的沟通能力和团队协作精神。,上海,500-1000人,硕士,25381,37096
前端开发工程师,负责后端服务开发，确保代码质量和系统稳定性。要求熟悉CSS、TypeScript、JavaScript等相关技术，具备良好的沟通能力和团队协作精神。,成都,1000人以上,博士,14796,27238
技术支持工程师,参与系统架构设计，优化系统性能，提升用户体验。要求熟悉技术支持、问题排查、文档编写等相关技术，具备良好的沟通能力和团队协作精神。,上海,50-150人,硕士,12836,22953
全栈开发工程师,负责公司核心产品的开发与维护，参与技术方案设计。要求熟悉JavaScript、Node.js、MongoDB等相关技术，具备良好的沟通能力和团队协作精神。,西安,50-150人,硕士,9032,15514
运营专员,负责日常运营工作，提升用户活跃度和留存率。要求熟悉活动策划、数据分析、用户增长等相关技术，具备良好的沟通能力和团队协作精神。,成都,150-500人,博士,9067,15547
项目经理,参与系统架构设计，优化系统性能，提升用户体验。要求熟悉项目管理、团队协调、进度控制等相关技术，具备良好的沟通能力和团队协作精神。,重庆,50-150人,本科,7910,15206
技术支持工程师,参与系统架构设计，优化系统性能，提升用户体验。要求熟悉问题排查、文档编写、客户沟通等相关技术，具备良好的沟通能力和团队协作精神。,重庆,50-150人,博士,12150,20906
UI设计师,负责后端服务开发，确保代码质量和系统稳定性。要求熟悉交互设计、Figma、UI设计等相关技术，具备良好的沟通能力和团队协作精神。,杭州,少于50人,博士,13944,23797
UI设计师,参与需求分析，提供技术解决方案，推动项目落地。要求熟悉Sketch、用户体验、Figma等相关技术，具备良好的沟通能力和团队协作精神。,成都,1000人以上,硕士,13714,21577
机器学习工程师,参与系统架构设计，优化系统性能，提升用户体验。要求熟悉模型调优、特征工程、机器学习等相关技术，具备良好的沟通能力和团队协作精神。,武汉,500-1000人,大专,5757,10544
项目经理,参与需求分析，提供技术解决方案，推动项目落地。要求熟悉团队协调、项目管理、风险控制等相关技术，具备良好的沟通能力和团队协作精神。,杭州,150-500人,大专,14710,23542
技术支持工程师,参与系统架构设计，优化系统性能，提升用户体验。要求熟悉客户沟通、技术支持、文档编写等相关技术，具备良好的沟通能力和团队协作精神。,天津,500-1000人,硕士,9891,17944
技术支持工程师,负责公司核心产品的开发与维护，参与技术方案设计。要求熟悉客户沟通、问题排查、技术支持等相关技术，具备良好的沟通能力和团队协作精神。,杭州,50-150人,大专,7353,12947
项目经理,负责后端服务开发，确保代码质量和系统稳定性。要求熟悉团队协调、风险控制、进度控制等相关技术，具备良好的沟通能力和团队协作精神。,成都,50-150人,大专,10030,16596
数据科学家,设计和维护数据报表，监控业务指标变化。要求熟悉PyTorch、深度学习、Python等相关技术，具备良好的沟通能力和团队协作精神。,广州,50-150人,硕士,21631,37933
产品经理,负责产品规划和设计，推动产品迭代优化。要求熟悉用户研究、产品设计、数据分析等相关技术，具备良好的沟通能力和团队协作精神。,西安,150-500人,硕士,14507,24741
算法工程师,负责公司核心产品的开发与维护，参与技术方案设计。要求熟悉机器学习、算法、数据结构等相关技术，具备良好的沟通能力和团队协作精神。,重庆,500-1000人,硕士,11861,19183
架构师,负责后端服务开发，确保代码质量和系统稳定性。要求熟悉微服务、性能优化、技术选型等相关技术，具备良好的沟通能力和团队协作精神。,上海,500-1000人,硕士,12576,24291
全栈开发工程师,负责公司核心产品的开发与维护，参与技术方案设计。要求熟悉MongoDB、Node.js、MySQL等相关技术，具备良好的沟通能力和团队协作精神。,重庆,50-150人,博士,12341,21096
算法工程师,负责后端服务开发，确保代码质量和系统稳定性。要求熟悉机器学习、算法、深度学习等相关技术，具备良好的沟通能力和团队协作精神。,重庆,少于50人,博士,11152,18986
Java后端开发,负责公司核心产品的开发与维护，参与技术方案设计。要求熟悉Java、Spring、Redis等相关技术，具备良好的沟通能力和团队协作精神。,北京,150-500人,博士,22787,37763
人力资源专员,参与系统架构设计，优化系统性能，提升用户体验。要求熟悉员工关系、绩效考核、招聘等相关技术，具备良好的沟通能力和团队协作精神。,西安,150-500人,博士,7395,13299
测试工程师,负责公司核心产品的开发与维护，参与技术方案设计。要求熟悉性能测试、测试、自动化测试等相关技术，具备良好的沟通能力和团队协作精神。,苏州,500-1000人,硕士,9492,17912
UI设计师,负责后端服务开发，确保代码质量和系统稳定性。要求熟悉交互设计、Sketch、UI设计等相关技术，具备良好的沟通能力和团队协作精神。,广州,150-500人,大专,8647,13575
人力资源专员,参与需求分析，提供技术解决方案，推动项目落地。要求熟悉招聘、绩效考核、员工关系等相关技术，具备良好的沟通能力和团队协作精神。,杭州,50-150人,大专,5451,8947
技术支持工程师,参与系统架构设计，优化系统性能，提升用户体验。要求熟悉问题排查、客户沟通、技术支持等相关技术，具备良好的沟通能力和团队协作精神。,北京,少于50人,硕士,13072,22266
前端开发工程师,参与系统架构设计，优化系统性能，提升用户体验。要求熟悉Vue、React、JavaScript等相关技术，具备良好的沟通能力和团队协作精神。,南京,50-150人,本科,8317,14093
产品经理,负责产品规划和设计，推动产品迭代优化。要求熟悉产品设计、数据分析、用户研究等相关技术，具备良好的沟通能力和团队协作精神。,深圳,50-150人,硕士,18487,33307
Python开发工程师,负责公司核心产品的开发与维护，参与技术方案设计。要求熟悉Django、Flask、Python等相关技术，具备良好的沟通能力和团队协作精神。,成都,50-150人,硕士,10090,17204
数据分析师,设计和维护数据报表，监控业务指标变化。要求熟悉SQL、Tableau、Excel等相关技术，具备良好的沟通能力和团队协作精神。,天津,500-1000人,大专,8681,13637
销售代表,策划营销活动，提升产品知名度和市场份额。要求熟悉客户关系、商务谈判、销售等相关技术，具备良好的沟通能力和团队协作精神。,南京,1000人以上,大专,7243,13080
运维工程师,负责公司核心产品的开发与维护，参与技术方案设计。要求熟悉K8s、监控、Linux等相关技术，具备良好的沟通能力和团队协作精神。,杭州,500-1000人,大专,11171,17648
全栈开发工程师,负责公司核心产品的开发与维护，参与技术方案设计。要求熟悉Node.js、React、JavaScript等相关技术，具备良好的沟通能力和团队协作精神。,西安,500-1000人,大专,6760,11378
数据分析师,构建机器学习模型，解决实际业务问题。要求熟悉统计学、Python、Excel等相关技术，具备良好的沟通能力和团队协作精神。,杭州,1000人以上,硕士,16383,27864
运维工程师,负责公司核心产品的开发与维护，参与技术方案设计。要求熟悉监控、Linux、K8s等相关技术，具备良好的沟通能力和团队协作精神。,苏州,500-1000人,大专,7762,12943
UI设计师,参与需求分析，提供技术解决方案，推动项目落地。要求熟悉用户体验、交互设计、Sketch等相关技术，具备良好的沟通能力和团队协作精神。,广州,500-1000人,硕士,12631,21440
全栈开发工程师,负责后端服务开发，确保代码质量和系统稳定性。要求熟悉Node.js、React、MongoDB等相关技术，具备良好的沟通能力和团队协作精神。,成都,500-1000人,硕士,12541,20777
测试工程师,负责公司核心产品的开发与维护，参与技术方案设计。要求熟悉缺陷管理、测试、自动化测试等相关技术，具备良好的沟通能力和团队协作精神。,上海,少于50人,大专,8869,14440
数据分析师,设计和维护数据报表，监控业务指标变化。要求熟悉SQL、Tableau、Excel等相关技术，具备良好的沟通能力和团队协作精神。,南京,少于50人,硕士,10131,16849
财务分析师,负责后端服务开发，确保代码质量和系统稳定性。要求熟悉Excel、财务分析、财务报表等相关技术，具备良好的沟通能力和团队协作精神。,天津,少于50人,硕士,11813,18036
数据分析师,负责数据分析和挖掘，为业务决策提供数据支持。要求熟悉Python、统计学、SQL等相关技术，具备良好的沟通能力和团队协作精神。,重庆,500-1000人,本科,10012,15644
产品经理,分析用户需求和市场动态，制定产品发展策略。要求熟悉数据分析、产品设计、Axure等相关技术，具备良好的沟通能力和团队协作精神。,苏州,50-150人,博士,23094,38196
产品经理,分析用户需求和市场动态，制定产品发展策略。要求熟悉Axure、数据分析、需求分析等相关技术，具备良好的沟通能力和团队协作精神。,北京,50-150人,硕士,26674,42086
Python开发工程师,负责公司核心产品的开发与维护，参与技术方案设计。要求熟悉Django、Python、MySQL等相关技术，具备良好的沟通能力和团队协作精神。,深圳,50-150人,博士,7272,12744
运维工程师,参与需求分析，提供技术解决方案，推动项目落地。要求熟悉Docker、Linux、K8s等相关技术，具备良好的沟通能力和团队协作精神。,广州,500-1000人,博士,6878,12454
运营专员,负责日常运营工作，提升用户活跃度和留存率。要求熟悉活动策划、运营、数据分析等相关技术，具备良好的沟通能力和团队协作精神。,天津,150-500人,大专,5000,7000
前端开发工程师,参与需求分析，提供技术解决方案，推动项目落地。要求熟悉HTML、TypeScript、CSS等相关技术，具备良好的沟通能力和团队协作精神。,杭州,500-1000人,博士,17808,32381
产品经理,协调研发、设计、运营团队，确保产品按时交付。要求熟悉用户研究、产品设计、需求分析等相关技术，具备良好的沟通能力和团队协作精神。,广州,1000人以上,大专,13792,23930
项目经理,负责公司核心产品的开发与维护，参与技术方案设计。要求熟悉进度控制、风险控制、项目管理等相关技术，具备良好的沟通能力和团队协作精神。,西安,1000人以上,硕士,17670,29951
Python开发工程师,参与系统架构设计，优化系统性能，提升用户体验。要求熟悉Flask、Redis、MySQL等相关技术，具备良好的沟通能力和团队协作精神。,广州,150-500人,本科,10045,17085
全栈开发工程师,参与系统架构设计，优化系统性能，提升用户体验。要求熟悉React、MySQL、Node.js等相关技术，具备良好的沟通能力和团队协作精神。,北京,500-1000人,博士,25206,41679
算法工程师,负责公司核心产品的开发与维护，参与技术方案设计。要求熟悉机器学习、算法、数据结构等相关技术，具备良好的沟通能力和团队协作精神。,南京,1000人以上,硕士,39192,67647
Python开发工程师,参与需求分析，提供技术解决方案，推动项目落地。要求熟悉MySQL、FastAPI、Redis等相关技术，具备良好的沟通能力和团队协作精神。,西安,少于50人,硕士,9554,15353
运营专员,策划运营活动，提升品牌影响力和用户增长。要求熟悉活动策划、数据分析、用户增长等相关技术，具备良好的沟通能力和团队协作精神。,上海,500-1000人,大专,6519,11025
销售代表,负责市场推广和品牌建设，拓展市场渠道。要求熟悉业绩目标、商务谈判、客户关系等相关技术，具备良好的沟通能力和团队协作精神。,上海,500-1000人,大专,13589,20798
运维工程师,负责后端服务开发，确保代码质量和系统稳定性。要求熟悉Linux、Docker、运维等相关技术，具备良好的沟通能力和团队协作精神。,上海,500-1000人,硕士,17481,29196
前端开发工程师,负责后端服务开发，确保代码质量和系统稳定性。要求熟悉Vue、React、HTML等相关技术，具备良好的沟通能力和团队协作精神。,南京,少于50人,本科,6275,11443
全栈开发工程师,参与系统架构设计，优化系统性能，提升用户体验。要求熟悉MongoDB、React、Node.js等相关技术，具备良好的沟通能力和团队协作精神。,深圳,150-500人,本科,9393,17393
前端开发工程师,参与需求分析，提供技术解决方案，推动项目落地。要求熟悉CSS、HTML、Vue等相关技术，具备良好的沟通能力和团队协作精神。,深圳,500-1000人,博士,9284,15620
市场经理,策划营销活动，提升产品知名度和市场份额。要求熟悉活动策划、渠道拓展、品牌建设等相关技术，具备良好的沟通能力和团队协作精神。,深圳,500-1000人,大专,14077,24637
产品经理,分析用户需求和市场动态，制定产品发展策略。要求熟悉产品设计、Axure、需求分析等相关技术，具备良好的沟通能力和团队协作精神。,苏州,少于50人,硕士,14725,24485
UI设计师,负责后端服务开发，确保代码质量和系统稳定性。要求熟悉UI设计、交互设计、Sketch等相关技术，具备良好的沟通能力和团队协作精神。,北京,少于50人,硕士,14031,22075
技术支持工程师,负责公司核心产品的开发与维护，参与技术方案设计。要求熟悉文档编写、客户沟通、技术支持等相关技术，具备良好的沟通能力和团队协作精神。,南京,500-1000人,博士,16388,28426
市场经理,负责市场推广和品牌建设，拓展市场渠道。要求熟悉活动策划、市场营销、品牌建设等相关技术，具备良好的沟通能力和团队协作精神。,苏州,500-1000人,本科,11815,21531
前端开发工程师,参与系统架构设计，优化系统性能，提升用户体验。要求熟悉CSS、TypeScript、HTML等相关技术，具备良好的沟通能力和团队协作精神。,南京,50-150人,大专,5041,9661
运维工程师,负责后端服务开发，确保代码质量和系统稳定性。要求熟悉Docker、监控、Linux等相关技术，具备良好的沟通能力和团队协作精神。,南京,1000人以上,本科,9421,16717
财务分析师,负责后端服务开发，确保代码质量和系统稳定性。要求熟悉财务分析、预算编制、财务报表等相关技术，具备良好的沟通能力和团队协作精神。,成都,1000人以上,大专,10367,15896
架构师,负责后端服务开发，确保代码质量和系统稳定性。要求熟悉技术选型、微服务、系统架构等相关技术，具备良好的沟通能力和团队协作精神。,重庆,500-1000人,硕士,10361,17682
项目经理,负责后端服务开发，确保代码质量和系统稳定性。要求熟悉风险控制、项目管理、团队协调等相关技术，具备良好的沟通能力和团队协作精神。,重庆,50-150人,硕士,10826,20310
运营专员,负责日常运营工作，提升用户活跃度和留存率。要求熟悉运营、数据分析、活动策划等相关技术，具备良好的沟通能力和团队协作精神。,南京,500-1000人,硕士,8339,13773
运维工程师,负责后端服务开发，确保代码质量和系统稳定性。要求熟悉Linux、监控、K8s等相关技术，具备良好的沟通能力和团队协作精神。,成都,少于50人,硕士,9211,15576
测试工程师,参与系统架构设计，优化系统性能，提升用户体验。要求熟悉测试、自动化测试、缺陷管理等相关技术，具备良好的沟通能力和团队协作精神。,广州,50-150人,本科,8087,14775
运维工程师,负责后端服务开发，确保代码质量和系统稳定性。要求熟悉监控、Linux、Docker等相关技术，具备良好的沟通能力和团队协作精神。,南京,1000人以上,大专,8193,14030
人力资源专员,参与系统架构设计，优化系统性能，提升用户体验。要求熟悉员工关系、招聘、培训等相关技术，具备良好的沟通能力和团队协作精神。,深圳,50-150人,本科,7180,11930
销售代表,分析市场趋势和竞争对手，制定市场策略。要求熟悉商务谈判、业绩目标、客户关系等相关技术，具备良好的沟通能力和团队协作精神。,重庆,50-150人,博士,10162,18917
算法工程师,参与需求分析，提供技术解决方案，推动项目落地。要求熟悉数据结构、Python、机器学习等相关技术，具备良好的沟通能力和团队协作精神。,南京,50-150人,硕士,10828,18337
项目经理,参与需求分析，提供技术解决方案，推动项目落地。要求熟悉风险控制、项目管理、团队协调等相关技术，具备良好的沟通能力和团队协作精神。,西安,500-1000人,硕士,16661,27918
技术支持工程师,参与需求分析，提供技术解决方案，推动项目落地。要求熟悉客户沟通、文档编写、技术支持等相关技术，具备良好的沟通能力和团队协作精神。,深圳,150-500人,大专,10099,16499
运维工程师,参与系统架构设计，优化系统性能，提升用户体验。要求熟悉Docker、K8s、监控等相关技术，具备良好的沟通能力和团队协作精神。,上海,150-500人,大专,10306,16859
数据分析师,构建机器学习模型，解决实际业务问题。要求熟悉Python、SQL、Excel等相关技术，具备良好的沟通能力和团队协作精神。,武汉,少于50人,本科,6409,11033
Java后端开发,参与系统架构设计，优化系统性能，提升用户体验。要求熟悉MySQL、Java、SpringBoot等相关技术，具备良好的沟通能力和团队协作精神。,武汉,1000人以上,硕士,10176,18662
算法工程师,负责后端服务开发，确保代码质量和系统稳定性。要求熟悉数据结构、深度学习、算法等相关技术，具备良好的沟通能力和团队协作精神。,北京,150-500人,大专,9794,16450
运营专员,策划运营活动，提升品牌影响力和用户增长。要求熟悉运营、用户增长、数据分析等相关技术，具备良好的沟通能力和团队协作精神。,西安,50-150人,博士,8989,14598
产品经理,负责产品规划和设计，推动产品迭代优化。要求熟悉Axure、需求分析、用户研究等相关技术，具备良好的沟通能力和团队协作精神。,广州,50-150人,博士,26573,44630
全栈开发工程师,参与需求分析，提供技术解决方案，推动项目落地。要求熟悉JavaScript、MongoDB、React等相关技术，具备良好的沟通能力和团队协作精神。,北京,50-150人,博士,29839,44067
技术支持工程师,参与系统架构设计，优化系统性能，提升用户体验。要求熟悉客户沟通、问题排查、技术支持等相关技术，具备良好的沟通能力和团队协作精神。,南京,少于50人,本科,7659,12827
技术支持工程师,参与系统架构设计，优化系统性能，提升用户体验。要求熟悉技术支持、客户沟通、问题排查等相关技术，具备良好的沟通能力和团队协作精神。,成都,50-150人,博士,15640,25489
前端开发工程师,参与需求分析，提供技术解决方案，推动项目落地。要求熟悉TypeScript、JavaScript、CSS等相关技术，具备良好的沟通能力和团队协作精神。,南京,1000人以上,大专,9069,14906
销售代表,负责市场推广和品牌建设，拓展市场渠道。要求熟悉商务谈判、销售、业绩目标等相关技术，具备良好的沟通能力和团队协作精神。,杭州,少于50人,硕士,12175,20308
项目经理,负责公司核心产品的开发与维护，参与技术方案设计。要求熟悉团队协调、风险控制、进度控制等相关技术，具备良好的沟通能力和团队协作精神。,天津,150-500人,本科,11116,19564
数据科学家,设计和维护数据报表，监控业务指标变化。要求熟悉机器学习、PyTorch、Python等相关技术，具备良好的沟通能力和团队协作精神。,重庆,500-1000人,博士,33101,52109
UI设计师,负责公司核心产品的开发与维护，参与技术方案设计。要求熟悉Figma、UI设计、交互设计等相关技术，具备良好的沟通能力和团队协作精神。,北京,150-500人,本科,10754,18034
运营专员,策划运营活动，提升品牌影响力和用户增长。要求熟悉运营、数据分析、用户增长等相关技术，具备良好的沟通能力和团队协作精神。,南京,500-1000人,博士,10929,18453
运营专员,策划运营活动，提升品牌影响力和用户增长。要求熟悉运营、活动策划、数据分析等相关技术，具备良好的沟通能力和团队协作精神。,成都,少于50人,硕士,5580,9558
人力资源专员,负责后端服务开发，确保代码质量和系统稳定性。要求熟悉培训、员工关系、绩效考核等相关技术，具备良好的沟通能力和团队协作精神。,天津,500-1000人,博士,10568,17538
销售代表,分析市场趋势和竞争对手，制定市场策略。要求熟悉业绩目标、销售、客户关系等相关技术，具备良好的沟通能力和团队协作精神。,南京,150-500人,大专,8798,13662
技术支持工程师,负责后端服务开发，确保代码质量和系统稳定性。要求熟悉技术支持、文档编写、问题排查等相关技术，具备良好的沟通能力和团队协作精神。,深圳,1000人以上,硕士,12790,25270
运营专员,负责日常运营工作，提升用户活跃度和留存率。要求熟悉用户增长、活动策划、数据分析等相关技术，具备良好的沟通能力和团队协作精神。,杭州,500-1000人,博士,14912,24020
Java后端开发,负责后端服务开发，确保代码质量和系统稳定性。要求熟悉Dubbo、Java、Redis等相关技术，具备良好的沟通能力和团队协作精神。,天津,150-500人,博士,10873,21011
人力资源专员,负责公司核心产品的开发与维护，参与技术方案设计。要求熟悉培训、绩效考核、员工关系等相关技术，具备良好的沟通能力和团队协作精神。,成都,1000人以上,本科,6072,10392
Java后端开发,负责后端服务开发，确保代码质量和系统稳定性。要求熟悉SpringBoot、MySQL、Java等相关技术，具备良好的沟通能力和团队协作精神。,深圳,少于50人,本科,10738,17538
技术支持工程师,负责后端服务开发，确保代码质量和系统稳定性。要求熟悉文档编写、技术支持、客户沟通等相关技术，具备良好的沟通能力和团队协作精神。,深圳,500-1000人,硕士,15867,27307
运维工程师,负责后端服务开发，确保代码质量和系统稳定性。要求熟悉Linux、运维、K8s等相关技术，具备良好的沟通能力和团队协作精神。,成都,500-1000人,硕士,9661,17897
数据科学家,设计和维护数据报表，监控业务指标变化。要求熟悉Python、深度学习、机器学习等相关技术，具备良好的沟通能力和团队协作精神。,西安,1000人以上,博士,30485,51739
UI设计师,参与需求分析，提供技术解决方案，推动项目落地。要求熟悉Figma、UI设计、用户体验等相关技术，具备良好的沟通能力和团队协作精神。,广州,1000人以上,硕士,17186,26796
前端开发工程师,负责公司核心产品的开发与维护，参与技术方案设计。要求熟悉CSS、Vue、HTML等相关技术，具备良好的沟通能力和团队协作精神。,西安,50-150人,博士,11110,20084
前端开发工程师,负责后端服务开发，确保代码质量和系统稳定性。要求熟悉React、CSS、Vue等相关技术，具备良好的沟通能力和团队协作精神。,南京,1000人以上,硕士,13426,22911
运维工程师,参与系统架构设计，优化系统性能，提升用户体验。要求熟悉Linux、K8s、运维等相关技术，具备良好的沟通能力和团队协作精神。,广州,少于50人,本科,8279,14263
销售代表,策划营销活动，提升产品知名度和市场份额。要求熟悉客户关系、商务谈判、销售等相关技术，具备良好的沟通能力和团队协作精神。,南京,1000人以上,硕士,11882,21367
前端开发工程师,参与需求分析，提供技术解决方案，推动项目落地。要求熟悉TypeScript、HTML、JavaScript等相关技术，具备良好的沟通能力和团队协作精神。,杭州,500-1000人,博士,25895,40468
数据分析师,构建机器学习模型，解决实际业务问题。要求熟悉统计学、Python、SQL等相关技术，具备良好的沟通能力和团队协作精神。,成都,少于50人,博士,16093,24906
架构师,参与系统架构设计，优化系统性能，提升用户体验。要求熟悉微服务、性能优化、系统架构等相关技术，具备良好的沟通能力和团队协作精神。,重庆,1000人以上,本科,6115,12259
全栈开发工程师,参与系统架构设计，优化系统性能，提升用户体验。要求熟悉React、Node.js、MySQL等相关技术，具备良好的沟通能力和团队协作精神。,南京,50-150人,硕士,10587,18095
算法工程师,负责公司核心产品的开发与维护，参与技术方案设计。要求熟悉Python、数据结构、深度学习等相关技术，具备良好的沟通能力和团队协作精神。,成都,1000人以上,硕士,11240,20225
架构师,负责公司核心产品的开发与维护，参与技术方案设计。要求熟悉技术选型、性能优化、系统架构等相关技术，具备良好的沟通能力和团队协作精神。,杭州,50-150人,硕士,13951,23040
数据科学家,设计和维护数据报表，监控业务指标变化。要求熟悉Python、PyTorch、TensorFlow等相关技术，具备良好的沟通能力和团队协作精神。,重庆,1000人以上,硕士,21239,36215
Java后端开发,参与系统架构设计，优化系统性能，提升用户体验。要求熟悉Redis、MySQL、Java等相关技术，具备良好的沟通能力和团队协作精神。,重庆,1000人以上,硕士,10810,18797
测试工程师,负责后端服务开发，确保代码质量和系统稳定性。要求熟悉缺陷管理、测试、自动化测试等相关技术，具备良好的沟通能力和团队协作精神。,重庆,1000人以上,硕士,11738,19725
运营专员,负责日常运营工作，提升用户活跃度和留存率。要求熟悉用户增长、活动策划、数据分析等相关技术，具备良好的沟通能力和团队协作精神。,西安,少于50人,大专,5000,7000
UI设计师,负责后端服务开发，确保代码质量和系统稳定性。要求熟悉Sketch、交互设计、Figma等相关技术，具备良好的沟通能力和团队协作精神。,广州,150-500人,本科,8535,14695
数据分析师,构建机器学习模型，解决实际业务问题。要求熟悉Excel、Tableau、SQL等相关技术，具备良好的沟通能力和团队协作精神。,成都,1000人以上,大专,8926,14456
产品经理,负责产品规划和设计，推动产品迭代优化。要求熟悉产品设计、Axure、需求分析等相关技术，具备良好的沟通能力和团队协作精神。,西安,50-150人,本科,9616,17095
技术支持工程师,负责后端服务开发，确保代码质量和系统稳定性。要求熟悉客户沟通、技术支持、文档编写等相关技术，具备良好的沟通能力和团队协作精神。,武汉,50-150人,本科,6472,11640
测试工程师,负责后端服务开发，确保代码质量和系统稳定性。要求熟悉缺陷管理、测试、性能测试等相关技术，具备良好的沟通能力和团队协作精神。,南京,500-1000人,博士,20537,32576
人力资源专员,参与系统架构设计，优化系统性能，提升用户体验。要求熟悉绩效考核、招聘、员工关系等相关技术，具备良好的沟通能力和团队协作精神。,南京,500-1000人,本科,6608,10788
运营专员,策划运营活动，提升品牌影响力和用户增长。要求熟悉运营、用户增长、活动策划等相关技术，具备良好的沟通能力和团队协作精神。,西安,1000人以上,博士,8840,15925
数据分析师,构建机器学习模型，解决实际业务问题。要求熟悉SQL、Tableau、统计学等相关技术，具备良好的沟通能力和团队协作精神。,杭州,150-500人,博士,25015,38263
项目经理,负责后端服务开发，确保代码质量和系统稳定性。要求熟悉项目管理、进度控制、团队协调等相关技术，具备良好的沟通能力和团队协作精神。,南京,50-150人,硕士,19968,31231
架构师,参与系统架构设计，优化系统性能，提升用户体验。要求熟悉系统架构、技术选型、性能优化等相关技术，具备良好的沟通能力和团队协作精神。,杭州,1000人以上,大专,11083,18148
市场经理,负责市场推广和品牌建设，拓展市场渠道。要求熟悉活动策划、渠道拓展、市场营销等相关技术，具备良好的沟通能力和团队协作精神。,南京,150-500人,本科,9941,19061
Java后端开发,参与需求分析，提供技术解决方案，推动项目落地。要求熟悉Redis、MySQL、Spring等相关技术，具备良好的沟通能力和团队协作精神。,北京,50-150人,硕士,13195,23470
技术支持工程师,负责后端服务开发，确保代码质量和系统稳定性。要求熟悉问题排查、文档编写、客户沟通等相关技术，具备良好的沟通能力和团队协作精神。,南京,50-150人,硕士,12108,19617
项目经理,负责后端服务开发，确保代码质量和系统稳定性。要求熟悉风险控制、项目管理、进度控制等相关技术，具备良好的沟通能力和团队协作精神。,成都,1000人以上,博士,9273,16738
市场经理,分析市场趋势和竞争对手，制定市场策略。要求熟悉渠道拓展、活动策划、市场营销等相关技术，具备良好的沟通能力和团队协作精神。,重庆,少于50人,博士,17134,28885
技术支持工程师,负责公司核心产品的开发与维护，参与技术方案设计。要求熟悉文档编写、技术支持、问题排查等相关技术，具备良好的沟通能力和团队协作精神。,西安,150-500人,本科,7978,13226
数据分析师,设计和维护数据报表，监控业务指标变化。要求熟悉SQL、Excel、统计学等相关技术，具备良好的沟通能力和团队协作精神。,重庆,50-150人,大专,5777,9668
UI设计师,参与需求分析，提供技术解决方案，推动项目落地。要求熟悉Figma、用户体验、Sketch等相关技术，具备良好的沟通能力和团队协作精神。,成都,500-1000人,本科,9037,14581
技术支持工程师,参与系统架构设计，优化系统性能，提升用户体验。要求熟悉客户沟通、文档编写、问题排查等相关技术，具备良好的沟通能力和团队协作精神。,西安,少于50人,本科,5000,7883
运维工程师,参与需求分析，提供技术解决方案，推动项目落地。要求熟悉监控、Docker、K8s等相关技术，具备良好的沟通能力和团队协作精神。,武汉,150-500人,本科,6435,11875
销售代表,负责市场推广和品牌建设，拓展市场渠道。要求熟悉客户关系、业绩目标、商务谈判等相关技术，具备良好的沟通能力和团队协作精神。,重庆,150-500人,博士,12235,21451
算法工程师,参与需求分析，提供技术解决方案，推动项目落地。要求熟悉Python、机器学习、数据结构等相关技术，具备良好的沟通能力和团队协作精神。,杭州,150-500人,本科,8398,15758
架构师,负责公司核心产品的开发与维护，参与技术方案设计。要求熟悉微服务、技术选型、性能优化等相关技术，具备良好的沟通能力和团队协作精神。,天津,150-500人,硕士,12308,19629
数据分析师,设计和维护数据报表，监控业务指标变化。要求熟悉SQL、Python、Excel等相关技术，具备良好的沟通能力和团队协作精神。,杭州,少于50人,硕士,11179,19312
产品经理,负责产品规划和设计，推动产品迭代优化。要求熟悉数据分析、Axure、用户研究等相关技术，具备良好的沟通能力和团队协作精神。,天津,500-1000人,本科,12010,21303
产品经理,负责产品规划和设计，推动产品迭代优化。要求熟悉产品设计、需求分析、Axure等相关技术，具备良好的沟通能力和团队协作精神。,深圳,少于50人,本科,14275,24475
算法工程师,负责后端服务开发，确保代码质量和系统稳定性。要求熟悉机器学习、算法、Python等相关技术，具备良好的沟通能力和团队协作精神。,北京,少于50人,博士,20943,33672
数据分析师,构建机器学习模型，解决实际业务问题。要求熟悉Tableau、统计学、Python等相关技术，具备良好的沟通能力和团队协作精神。,北京,1000人以上,本科,13712,23696
机器学习工程师,负责公司核心产品的开发与维护，参与技术方案设计。要求熟悉Python、特征工程、模型调优等相关技术，具备良好的沟通能力和团队协作精神。,杭州,150-500人,硕士,15242,24810
架构师,参与需求分析，提供技术解决方案，推动项目落地。要求熟悉技术选型、系统架构、微服务等相关技术，具备良好的沟通能力和团队协作精神。,天津,少于50人,本科,6591,11378
测试工程师,负责公司核心产品的开发与维护，参与技术方案设计。要求熟悉性能测试、缺陷管理、测试等相关技术，具备良好的沟通能力和团队协作精神。,深圳,150-500人,大专,7622,14022
市场经理,负责市场推广和品牌建设，拓展市场渠道。要求熟悉活动策划、品牌建设、市场营销等相关技术，具备良好的沟通能力和团队协作精神。,杭州,500-1000人,博士,31950,53809
全栈开发工程师,负责后端服务开发，确保代码质量和系统稳定性。要求熟悉React、JavaScript、Node.js等相关技术，具备良好的沟通能力和团队协作精神。,成都,50-150人,博士,13910,23760
市场经理,负责市场推广和品牌建设，拓展市场渠道。要求熟悉活动策划、品牌建设、渠道拓展等相关技术，具备良好的沟通能力和团队协作精神。,杭州,1000人以上,本科,16725,29973
前端开发工程师,参与系统架构设计，优化系统性能，提升用户体验。要求熟悉TypeScript、Vue、React等相关技术，具备良好的沟通能力和团队协作精神。,武汉,少于50人,本科,6418,11042
Python开发工程师,参与需求分析，提供技术解决方案，推动项目落地。要求熟悉Flask、Redis、MySQL等相关技术，具备良好的沟通能力和团队协作精神。,杭州,500-1000人,本科,10547,18643
项目经理,负责后端服务开发，确保代码质量和系统稳定性。要求熟悉团队协调、风险控制、项目管理等相关技术，具备良好的沟通能力和团队协作精神。,天津,1000人以上,大专,11323,19434
Java后端开发,负责后端服务开发，确保代码质量和系统稳定性。要求熟悉Spring、MySQL、SpringBoot等相关技术，具备良好的沟通能力和团队协作精神。,重庆,少于50人,博士,11743,19577
全栈开发工程师,参与系统架构设计，优化系统性能，提升用户体验。要求熟悉React、MongoDB、MySQL等相关技术，具备良好的沟通能力和团队协作精神。,重庆,150-500人,硕士,11131,17787
数据分析师,构建机器学习模型，解决实际业务问题。要求熟悉统计学、Tableau、Python等相关技术，具备良好的沟通能力和团队协作精神。,西安,1000人以上,硕士,11598,19785
机器学习工程师,参与需求分析，提供技术解决方案，推动项目落地。要求熟悉特征工程、Python、模型调优等相关技术，具备良好的沟通能力和团队协作精神。,广州,1000人以上,大专,11995,18754
Java后端开发,参与系统架构设计，优化系统性能，提升用户体验。要求熟悉Spring、SpringBoot、MySQL等相关技术，具备良好的沟通能力和团队协作精神。,南京,1000人以上,本科,7361,14657
全栈开发工程师,负责公司核心产品的开发与维护，参与技术方案设计。要求熟悉MongoDB、MySQL、JavaScript等相关技术，具备良好的沟通能力和团队协作精神。,重庆,50-150人,博士,11789,20544
UI设计师,参与需求分析，提供技术解决方案，推动项目落地。要求熟悉交互设计、UI设计、Sketch等相关技术，具备良好的沟通能力和团队协作精神。,深圳,1000人以上,博士,26746,41866
UI设计师,参与需求分析，提供技术解决方案，推动项目落地。要求熟悉Sketch、UI设计、交互设计等相关技术，具备良好的沟通能力和团队协作精神。,重庆,150-500人,大专,6103,9687
机器学习工程师,参与需求分析，提供技术解决方案，推动项目落地。要求熟悉特征工程、模型调优、Python等相关技术，具备良好的沟通能力和团队协作精神。,苏州,少于50人,大专,5037,9041
架构师,负责公司核心产品的开发与维护，参与技术方案设计。要求熟悉性能优化、技术选型、系统架构等相关技术，具备良好的沟通能力和团队协作精神。,北京,少于50人,博士,17006,29736
数据分析师,构建机器学习模型，解决实际业务问题。要求熟悉Tableau、统计学、Excel等相关技术，具备良好的沟通能力和团队协作精神。,重庆,500-1000人,硕士,11565,18887
前端开发工程师,负责后端服务开发，确保代码质量和系统稳定性。要求熟悉JavaScript、React、TypeScript等相关技术，具备良好的沟通能力和团队协作精神。,重庆,1000人以上,本科,7769,13913
运维工程师,负责公司核心产品的开发与维护，参与技术方案设计。要求熟悉Docker、K8s、监控等相关技术，具备良好的沟通能力和团队协作精神。,深圳,50-150人,大专,9328,15408
架构师,参与系统架构设计，优化系统性能，提升用户体验。要求熟悉技术选型、微服务、性能优化等相关技术，具备良好的沟通能力和团队协作精神。,武汉,1000人以上,博士,16943,28693
数据分析师,负责数据分析和挖掘，为业务决策提供数据支持。要求熟悉Tableau、SQL、统计学等相关技术，具备良好的沟通能力和团队协作精神。,杭州,50-150人,大专,8591,14184
机器学习工程师,参与需求分析，提供技术解决方案，推动项目落地。要求熟悉Python、模型调优、特征工程等相关技术，具备良好的沟通能力和团队协作精神。,上海,少于50人,大专,8599,14169
人力资源专员,负责公司核心产品的开发与维护，参与技术方案设计。要求熟悉培训、绩效考核、员工关系等相关技术，具备良好的沟通能力和团队协作精神。,西安,50-150人,本科,5000,7981
算法工程师,负责后端服务开发，确保代码质量和系统稳定性。要求熟悉数据结构、Python、算法等相关技术，具备良好的沟通能力和团队协作精神。,天津,1000人以上,硕士,13419,22205
运维工程师,负责后端服务开发，确保代码质量和系统稳定性。要求熟悉运维、Linux、Docker等相关技术，具备良好的沟通能力和团队协作精神。,广州,500-1000人,硕士,15030,25098
财务分析师,负责后端服务开发，确保代码质量和系统稳定性。要求熟悉财务报表、Excel、预算编制等相关技术，具备良好的沟通能力和团队协作精神。,南京,500-1000人,大专,8058,13408
财务分析师,参与需求分析，提供技术解决方案，推动项目落地。要求熟悉预算编制、Excel、财务报表等相关技术，具备良好的沟通能力和团队协作精神。,武汉,50-150人,硕士,10514,17232
算法工程师,参与需求分析，提供技术解决方案，推动项目落地。要求熟悉算法、机器学习、数据结构等相关技术，具备良好的沟通能力和团队协作精神。,广州,150-500人,本科,10666,17706
架构师,参与系统架构设计，优化系统性能，提升用户体验。要求熟悉性能优化、系统架构、技术选型等相关技术，具备良好的沟通能力和团队协作精神。,南京,50-150人,博士,15485,25882
前端开发工程师,参与系统架构设计，优化系统性能，提升用户体验。要求熟悉JavaScript、Vue、TypeScript等相关技术，具备良好的沟通能力和团队协作精神。,西安,150-500人,大专,5756,9954
技术支持工程师,参与系统架构设计，优化系统性能，提升用户体验。要求熟悉问题排查、文档编写、技术支持等相关技术，具备良好的沟通能力和团队协作精神。,苏州,少于50人,大专,5593,9597
市场经理,负责市场推广和品牌建设，拓展市场渠道。要求熟悉市场营销、渠道拓展、品牌建设等相关技术，具备良好的沟通能力和团队协作精神。,杭州,少于50人,本科,15151,24535
算法工程师,参与需求分析，提供技术解决方案，推动项目落地。要求熟悉数据结构、Python、深度学习等相关技术，具备良好的沟通能力和团队协作精神。,天津,1000人以上,本科,8543,15301
人力资源专员,负责后端服务开发，确保代码质量和系统稳定性。要求熟悉绩效考核、培训、员工关系等相关技术，具备良好的沟通能力和团队协作精神。,西安,1000人以上,硕士,8235,13351
UI设计师,参与系统架构设计，优化系统性能，提升用户体验。要求熟悉Sketch、交互设计、Figma等相关技术，具备良好的沟通能力和团队协作精神。,上海,500-1000人,硕士,16395,26645
Java后端开发,负责公司核心产品的开发与维护，参与技术方案设计。要求熟悉SpringBoot、Redis、MySQL等相关技术，具备良好的沟通能力和团队协作精神。,苏州,50-150人,本科,7462,13056
运营专员,负责日常运营工作，提升用户活跃度和留存率。要求熟悉用户增长、数据分析、运营等相关技术，具备良好的沟通能力和团队协作精神。,深圳,50-150人,硕士,10619,16794
测试工程师,参与需求分析，提供技术解决方案，推动项目落地。要求熟悉缺陷管理、自动化测试、测试等相关技术，具备良好的沟通能力和团队协作精神。,南京,150-500人,硕士,12091,19995
销售代表,负责市场推广和品牌建设，拓展市场渠道。要求熟悉销售、商务谈判、业绩目标等相关技术，具备良好的沟通能力和团队协作精神。,深圳,50-150人,博士,20896,34576
前端开发工程师,参与需求分析，提供技术解决方案，推动项目落地。要求熟悉React、CSS、JavaScript等相关技术，具备良好的沟通能力和团队协作精神。,重庆,少于50人,大专,5639,9121
数据分析师,构建机器学习模型，解决实际业务问题。要求熟悉SQL、Tableau、Python等相关技术，具备良好的沟通能力和团队协作精神。,北京,50-150人,博士,24073,38300
测试工程师,负责公司核心产品的开发与维护，参与技术方案设计。要求熟悉测试、性能测试、自动化测试等相关技术，具备良好的沟通能力和团队协作精神。,北京,少于50人,博士,19130,31860
架构师,参与系统架构设计，优化系统性能，提升用户体验。要求熟悉系统架构、微服务、性能优化等相关技术，具备良好的沟通能力和团队协作精神。,杭州,少于50人,博士,14828,26089
算法工程师,负责后端服务开发，确保代码质量和系统稳定性。要求熟悉Python、机器学习、算法等相关技术，具备良好的沟通能力和团队协作精神。,广州,1000人以上,硕士,15768,26750
销售代表,分析市场趋势和竞争对手，制定市场策略。要求熟悉客户关系、业绩目标、销售等相关技术，具备良好的沟通能力和团队协作精神。,武汉,500-1000人,本科,8081,14065
Java后端开发,参与需求分析，提供技术解决方案，推动项目落地。要求熟悉Redis、MySQL、Java等相关技术，具备良好的沟通能力和团队协作精神。,上海,500-1000人,博士,22597,38817
Python开发工程师,参与需求分析，提供技术解决方案，推动项目落地。要求熟悉FastAPI、Flask、Python等相关技术，具备良好的沟通能力和团队协作精神。,天津,50-150人,大专,6363,10643
运维工程师,参与需求分析，提供技术解决方案，推动项目落地。要求熟悉Docker、运维、K8s等相关技术，具备良好的沟通能力和团队协作精神。,北京,50-150人,本科,9655,17559
产品经理,负责产品规划和设计，推动产品迭代优化。要求熟悉Axure、产品设计、用户研究等相关技术，具备良好的沟通能力和团队协作精神。,南京,1000人以上,大专,15473,24228
项目经理,负责后端服务开发，确保代码质量和系统稳定性。要求熟悉进度控制、团队协调、项目管理等相关技术，具备良好的沟通能力和团队协作精神。,深圳,500-1000人,大专,12528,23088
项目经理,参与需求分析，提供技术解决方案，推动项目落地。要求熟悉进度控制、团队协调、项目管理等相关技术，具备良好的沟通能力和团队协作精神。,武汉,1000人以上,硕士,14605,27334
运维工程师,负责公司核心产品的开发与维护，参与技术方案设计。要求熟悉K8s、Linux、运维等相关技术，具备良好的沟通能力和团队协作精神。,天津,150-500人,大专,7173,11679
市场经理,策划营销活动，提升产品知名度和市场份额。要求熟悉市场营销、渠道拓展、品牌建设等相关技术，具备良好的沟通能力和团队协作精神。,苏州,1000人以上,博士,29062,48139
UI设计师,参与需求分析，提供技术解决方案，推动项目落地。要求熟悉用户体验、Figma、Sketch等相关技术，具备良好的沟通能力和团队协作精神。,西安,50-150人,硕士,10075,15746
项目经理,负责后端服务开发，确保代码质量和系统稳定性。要求熟悉进度控制、团队协调、项目管理等相关技术，具备良好的沟通能力和团队协作精神。,重庆,500-1000人,大专,10089,16847
前端开发工程师,参与系统架构设计，优化系统性能，提升用户体验。要求熟悉CSS、TypeScript、Vue等相关技术，具备良好的沟通能力和团队协作精神。,杭州,50-150人,博士,17276,29861
销售代表,策划营销活动，提升产品知名度和市场份额。要求熟悉业绩目标、客户关系、商务谈判等相关技术，具备良好的沟通能力和团队协作精神。,上海,少于50人,大专,6722,12292
全栈开发工程师,参与需求分析，提供技术解决方案，推动项目落地。要求熟悉MySQL、MongoDB、JavaScript等相关技术，具备良好的沟通能力和团队协作精神。,深圳,少于50人,本科,9446,16246
Python开发工程师,负责后端服务开发，确保代码质量和系统稳定性。要求熟悉FastAPI、Python、Flask等相关技术，具备良好的沟通能力和团队协作精神。,上海,150-500人,大专,8179,14732
财务分析师,参与系统架构设计，优化系统性能，提升用户体验。要求熟悉财务报表、财务分析、Excel等相关技术，具备良好的沟通能力和团队协作精神。,武汉,少于50人,本科,8789,13413
产品经理,负责产品规划和设计，推动产品迭代优化。要求熟悉产品设计、需求分析、用户研究等相关技术，具备良好的沟通能力和团队协作精神。,杭州,150-500人,博士,26776,46648
产品经理,负责产品规划和设计，推动产品迭代优化。要求熟悉Axure、数据分析、产品设计等相关技术，具备良好的沟通能力和团队协作精神。,武汉,150-500人,博士,17922,32610
测试工程师,参与需求分析，提供技术解决方案，推动项目落地。要求熟悉测试、缺陷管理、自动化测试等相关技术，具备良好的沟通能力和团队协作精神。,苏州,1000人以上,本科,9289,16355
Python开发工程师,负责后端服务开发，确保代码质量和系统稳定性。要求熟悉FastAPI、Flask、Redis等相关技术，具备良好的沟通能力和团队协作精神。,武汉,150-500人,博士,14222,24014
技术支持工程师,参与系统架构设计，优化系统性能，提升用户体验。要求熟悉文档编写、问题排查、技术支持等相关技术，具备良好的沟通能力和团队协作精神。,深圳,150-500人,硕士,33000,59000
人力资源专员,参与系统架构设计，优化系统性能，提升用户体验。要求熟悉绩效考核、培训、员工关系等相关技术，具备良好的沟通能力和团队协作精神。,成都,150-500人,博士,8654,15134
人力资源专员,参与系统架构设计，优化系统性能，提升用户体验。要求熟悉招聘、绩效考核、培训等相关技术，具备良好的沟通能力和团队协作精神。,成都,少于50人,本科,5000,7799
机器学习工程师,参与需求分析，提供技术解决方案，推动项目落地。要求熟悉模型调优、Python、机器学习等相关技术，具备良好的沟通能力和团队协作精神。,西安,150-500人,大专,5965,10164
算法工程师,参与需求分析，提供技术解决方案，推动项目落地。要求熟悉算法、机器学习、Python等相关技术，具备良好的沟通能力和团队协作精神。,杭州,50-150人,博士,16108,28694
测试工程师,负责公司核心产品的开发与维护，参与技术方案设计。要求熟悉性能测试、缺陷管理、测试等相关技术，具备良好的沟通能力和团队协作精神。,苏州,500-1000人,博士,15000,26658
全栈开发工程师,负责公司核心产品的开发与维护，参与技术方案设计。要求熟悉MongoDB、MySQL、React等相关技术，具备良好的沟通能力和团队协作精神。,广州,150-500人,本科,9986,17026
财务分析师,负责后端服务开发，确保代码质量和系统稳定性。要求熟悉预算编制、Excel、财务分析等相关技术，具备良好的沟通能力和团队协作精神。,上海,少于50人,大专,7635,13206
UI设计师,参与系统架构设计，优化系统性能，提升用户体验。要求熟悉Sketch、UI设计、Figma等相关技术，具备良好的沟通能力和团队协作精神。,成都,500-1000人,博士,13384,23363
全栈开发工程师,负责公司核心产品的开发与维护，参与技术方案设计。要求熟悉React、Node.js、MongoDB等相关技术，具备良好的沟通能力和团队协作精神。,杭州,500-1000人,大专,8033,14509
市场经理,策划营销活动，提升产品知名度和市场份额。要求熟悉活动策划、市场营销、品牌建设等相关技术，具备良好的沟通能力和团队协作精神。,西安,50-150人,博士,17970,31431
UI设计师,负责公司核心产品的开发与维护，参与技术方案设计。要求熟悉UI设计、交互设计、Figma等相关技术，具备良好的沟通能力和团队协作精神。,成都,少于50人,硕士,9520,15089
全栈开发工程师,参与系统架构设计，优化系统性能，提升用户体验。要求熟悉MongoDB、React、MySQL等相关技术，具备良好的沟通能力和团队协作精神。,重庆,50-150人,本科,20082,32242
架构师,参与需求分析，提供技术解决方案，推动项目落地。要求熟悉技术选型、系统架构、微服务等相关技术，具备良好的沟通能力和团队协作精神。,武汉,500-1000人,本科,9190,15174
人力资源专员,参与需求分析，提供技术解决方案，推动项目落地。要求熟悉员工关系、培训、招聘等相关技术，具备良好的沟通能力和团队协作精神。,北京,1000人以上,本科,27480,46200
机器学习工程师,负责公司核心产品的开发与维护，参与技术方案设计。要求熟悉机器学习、模型调优、特征工程等相关技术，具备良好的沟通能力和团队协作精神。,广州,150-500人,大专,7723,13355
机器学习工程师,参与需求分析，提供技术解决方案，推动项目落地。要求熟悉特征工程、模型调优、机器学习等相关技术，具备良好的沟通能力和团队协作精神。,西安,少于50人,硕士,6883,12682
技术支持工程师,负责后端服务开发，确保代码质量和系统稳定性。要求熟悉客户沟通、问题排查、技术支持等相关技术，具备良好的沟通能力和团队协作精神。,武汉,1000人以上,大专,7162,12385
运营专员,分析运营数据，优化运营策略和流程。要求熟悉活动策划、用户增长、运营等相关技术，具备良好的沟通能力和团队协作精神。,苏州,1000人以上,大专,5095,8628
算法工程师,负责后端服务开发，确保代码质量和系统稳定性。要求熟悉数据结构、机器学习、深度学习等相关技术，具备良好的沟通能力和团队协作精神。,杭州,少于50人,本科,8980,15236
技术支持工程师,参与需求分析，提供技术解决方案，推动项目落地。要求熟悉问题排查、文档编写、技术支持等相关技术，具备良好的沟通能力和团队协作精神。,深圳,1000人以上,博士,21079,38359
架构师,参与系统架构设计，优化系统性能，提升用户体验。要求熟悉技术选型、微服务、性能优化等相关技术，具备良好的沟通能力和团队协作精神。,深圳,500-1000人,硕士,50529,84849
技术支持工程师,参与需求分析，提供技术解决方案，推动项目落地。要求熟悉问题排查、技术支持、文档编写等相关技术，具备良好的沟通能力和团队协作精神。,北京,150-500人,大专,11064,17720
架构师,参与需求分析，提供技术解决方案，推动项目落地。要求熟悉微服务、性能优化、技术选型等相关技术，具备良好的沟通能力和团队协作精神。,南京,500-1000人,博士,16307,28345
测试工程师,参与系统架构设计，优化系统性能，提升用户体验。要求熟悉性能测试、测试、自动化测试等相关技术，具备良好的沟通能力和团队协作精神。,深圳,少于50人,大专,7889,13329
算法工程师,参与需求分析，提供技术解决方案，推动项目落地。要求熟悉深度学习、机器学习、Python等相关技术，具备良好的沟通能力和团队协作精神。,南京,150-500人,本科,9146,15226
运维工程师,负责后端服务开发，确保代码质量和系统稳定性。要求熟悉监控、Docker、K8s等相关技术，具备良好的沟通能力和团队协作精神。,上海,1000人以上,大专,10221,18086
Java后端开发,参与需求分析，提供技术解决方案，推动项目落地。要求熟悉Java、Spring、SpringBoot等相关技术，具备良好的沟通能力和团队协作精神。,天津,500-1000人,本科,8778,14973
Java后端开发,负责公司核心产品的开发与维护，参与技术方案设计。要求熟悉MySQL、Java、Spring等相关技术，具备良好的沟通能力和团队协作精神。,西安,150-500人,硕士,9396,16219
机器学习工程师,参与需求分析，提供技术解决方案，推动项目落地。要求熟悉机器学习、特征工程、Python等相关技术，具备良好的沟通能力和团队协作精神。,天津,1000人以上,硕士,12241,21027
机器学习工程师,负责后端服务开发，确保代码质量和系统稳定性。要求熟悉机器学习、模型调优、特征工程等相关技术，具备良好的沟通能力和团队协作精神。,广州,少于50人,硕士,9568,17348
运营专员,负责日常运营工作，提升用户活跃度和留存率。要求熟悉用户增长、运营、活动策划等相关技术，具备良好的沟通能力和团队协作精神。,苏州,150-500人,大专,5000,7374
数据分析师,负责数据分析和挖掘，为业务决策提供数据支持。要求熟悉Python、Excel、统计学等相关技术，具备良好的沟通能力和团队协作精神。,天津,50-150人,本科,9611,14962
人力资源专员,参与需求分析，提供技术解决方案，推动项目落地。要求熟悉员工关系、培训、招聘等相关技术，具备良好的沟通能力和团队协作精神。,西安,50-150人,硕士,7251,11302
前端开发工程师,负责后端服务开发，确保代码质量和系统稳定性。要求熟悉TypeScript、CSS、Vue等相关技术，具备良好的沟通能力和团队协作精神。,武汉,1000人以上,硕士,13195,21681
项目经理,负责后端服务开发，确保代码质量和系统稳定性。要求熟悉项目管理、团队协调、进度控制等相关技术，具备良好的沟通能力和团队协作精神。,北京,少于50人,博士,33963,53058
机器学习工程师,负责后端服务开发，确保代码质量和系统稳定性。要求熟悉特征工程、机器学习、模型调优等相关技术，具备良好的沟通能力和团队协作精神。,武汉,50-150人,博士,11452,20754
架构师,负责后端服务开发，确保代码质量和系统稳定性。要求熟悉系统架构、微服务、性能优化等相关技术，具备良好的沟通能力和团队协作精神。,苏州,50-150人,博士,15490,25559
UI设计师,参与需求分析，提供技术解决方案，推动项目落地。要求熟悉用户体验、UI设计、Figma等相关技术，具备良好的沟通能力和团队协作精神。,北京,少于50人,本科,10409,16597
机器学习工程师,参与系统架构设计，优化系统性能，提升用户体验。要求熟悉特征工程、Python、机器学习等相关技术，具备良好的沟通能力和团队协作精神。,天津,50-150人,硕士,12419,19375
产品经理,负责产品规划和设计，推动产品迭代优化。要求熟悉用户研究、Axure、数据分析等相关技术，具备良好的沟通能力和团队协作精神。,上海,150-500人,本科,15033,27321
算法工程师,负责公司核心产品的开发与维护，参与技术方案设计。要求熟悉数据结构、机器学习、算法等相关技术，具备良好的沟通能力和团队协作精神。,武汉,少于50人,大专,5000,8203
数据分析师,负责数据分析和挖掘，为业务决策提供数据支持。要求熟悉SQL、Python、统计学等相关技术，具备良好的沟通能力和团队协作精神。,苏州,50-150人,博士,15670,25738
财务分析师,负责公司核心产品的开发与维护，参与技术方案设计。要求熟悉预算编制、财务报表、财务分析等相关技术，具备良好的沟通能力和团队协作精神。,天津,50-150人,博士,11777,21408
全栈开发工程师,负责后端服务开发，确保代码质量和系统稳定性。要求熟悉React、MySQL、JavaScript等相关技术，具备良好的沟通能力和团队协作精神。,上海,150-500人,硕士,13593,24242
数据分析师,设计和维护数据报表，监控业务指标变化。要求熟悉Excel、Tableau、统计学等相关技术，具备良好的沟通能力和团队协作精神。,上海,1000人以上,大专,11965,19829
机器学习工程师,参与需求分析，提供技术解决方案，推动项目落地。要求熟悉机器学习、Python、特征工程等相关技术，具备良好的沟通能力和团队协作精神。,重庆,50-150人,博士,12285,21040
数据分析师,构建机器学习模型，解决实际业务问题。要求熟悉Tableau、Python、SQL等相关技术，具备良好的沟通能力和团队协作精神。,上海,1000人以上,博士,31182,48877
算法工程师,负责后端服务开发，确保代码质量和系统稳定性。要求熟悉算法、Python、深度学习等相关技术，具备良好的沟通能力和团队协作精神。,杭州,少于50人,本科,10802,17058
运维工程师,参与需求分析，提供技术解决方案，推动项目落地。要求熟悉Docker、运维、K8s等相关技术，具备良好的沟通能力和团队协作精神。,苏州,1000人以上,本科,10974,18039
测试工程师,参与需求分析，提供技术解决方案，推动项目落地。要求熟悉测试、性能测试、缺陷管理等相关技术，具备良好的沟通能力和团队协作精神。,武汉,少于50人,本科,5857,10481
销售代表,分析市场趋势和竞争对手，制定市场策略。要求熟悉业绩目标、客户关系、销售等相关技术，具备良好的沟通能力和团队协作精神。,成都,50-150人,博士,11884,21733
测试工程师,负责公司核心产品的开发与维护，参与技术方案设计。要求熟悉性能测试、测试、缺陷管理等相关技术，具备良好的沟通能力和团队协作精神。,上海,少于50人,大专,8173,13743
Java后端开发,参与需求分析，提供技术解决方案，推动项目落地。要求熟悉MySQL、Dubbo、Java等相关技术，具备良好的沟通能力和团队协作精神。,武汉,1000人以上,硕士,9568,18054
架构师,负责后端服务开发，确保代码质量和系统稳定性。要求熟悉系统架构、技术选型、微服务等相关技术，具备良好的沟通能力和团队协作精神。,南京,1000人以上,本科,12537,19833
运维工程师,参与需求分析，提供技术解决方案，推动项目落地。要求熟悉监控、运维、Linux等相关技术，具备良好的沟通能力和团队协作精神。,广州,50-150人,硕士,13877,22571
财务分析师,参与系统架构设计，优化系统性能，提升用户体验。要求熟悉财务分析、预算编制、财务报表等相关技术，具备良好的沟通能力和团队协作精神。,天津,50-150人,大专,6783,11064
UI设计师,负责后端服务开发，确保代码质量和系统稳定性。要求熟悉Figma、UI设计、用户体验等相关技术，具备良好的沟通能力和团队协作精神。,苏州,1000人以上,大专,6309,11255
数据分析师,构建机器学习模型，解决实际业务问题。要求熟悉Python、统计学、SQL等相关技术，具备良好的沟通能力和团队协作精神。,天津,少于50人,本科,9496,14283
销售代表,负责市场推广和品牌建设，拓展市场渠道。要求熟悉商务谈判、客户关系、业绩目标等相关技术，具备良好的沟通能力和团队协作精神。,深圳,150-500人,大专,8662,15062
运维工程师,参与需求分析，提供技术解决方案，推动项目落地。要求熟悉K8s、Docker、运维等相关技术，具备良好的沟通能力和团队协作精神。,上海,150-500人,大专,4212,6834
测试工程师,参与系统架构设计，优化系统性能，提升用户体验。要求熟悉性能测试、测试、缺陷管理等相关技术，具备良好的沟通能力和团队协作精神。,苏州,50-150人,硕士,7824,15096
算法工程师,负责公司核心产品的开发与维护，参与技术方案设计。要求熟悉算法、数据结构、深度学习等相关技术，具备良好的沟通能力和团队协作精神。,天津,1000人以上,大专,6826,12233
测试工程师,参与系统架构设计，优化系统性能，提升用户体验。要求熟悉测试、性能测试、自动化测试等相关技术，具备良好的沟通能力和团队协作精神。,成都,500-1000人,本科,8718,15054
算法工程师,负责后端服务开发，确保代码质量和系统稳定性。要求熟悉Python、算法、深度学习等相关技术，具备良好的沟通能力和团队协作精神。,成都,50-150人,博士,5451,9391
销售代表,负责市场推广和品牌建设，拓展市场渠道。要求熟悉客户关系、商务谈判、销售等相关技术，具备良好的沟通能力和团队协作精神。,上海,1000人以上,大专,10149,18014
人力资源专员,负责后端服务开发，确保代码质量和系统稳定性。要求熟悉绩效考核、招聘、培训等相关技术，具备良好的沟通能力和团队协作精神。,上海,500-1000人,硕士,4757,7686
Python开发工程师,负责后端服务开发，确保代码质量和系统稳定性。要求熟悉Redis、MySQL、Django等相关技术，具备良好的沟通能力和团队协作精神。,成都,50-150人,硕士,8357,15470
UI设计师,参与系统架构设计，优化系统性能，提升用户体验。要求熟悉交互设计、Figma、UI设计等相关技术，具备良好的沟通能力和团队协作精神。,成都,1000人以上,博士,17552,28439
Python开发工程师,负责后端服务开发，确保代码质量和系统稳定性。要求熟悉Redis、Python、Flask等相关技术，具备良好的沟通能力和团队协作精神。,武汉,少于50人,本科,6462,11086
Python开发工程师,负责公司核心产品的开发与维护，参与技术方案设计。要求熟悉Django、MySQL、Redis等相关技术，具备良好的沟通能力和团队协作精神。,重庆,500-1000人,硕士,10773,18095
财务分析师,负责后端服务开发，确保代码质量和系统稳定性。要求熟悉财务分析、财务报表、Excel等相关技术，具备良好的沟通能力和团队协作精神。,西安,少于50人,本科,8221,12682
运维工程师,负责公司核心产品的开发与维护，参与技术方案设计。要求熟悉监控、运维、Docker等相关技术，具备良好的沟通能力和团队协作精神。,武汉,150-500人,博士,11399,21191
数据分析师,设计和维护数据报表，监控业务指标变化。要求熟悉统计学、SQL、Excel等相关技术，具备良好的沟通能力和团队协作精神。,重庆,500-1000人,大专,6091,10596
数据分析师,构建机器学习模型，解决实际业务问题。要求熟悉Tableau、Python、Excel等相关技术，具备良好的沟通能力和团队协作精神。,广州,150-500人,硕士,18001,27153
UI设计师,参与系统架构设计，优化系统性能，提升用户体验。要求熟悉Figma、UI设计、用户体验等相关技术，具备良好的沟通能力和团队协作精神。,杭州,50-150人,大专,8389,13283
全栈开发工程师,负责后端服务开发，确保代码质量和系统稳定性。要求熟悉MySQL、JavaScript、Node.js等相关技术，具备良好的沟通能力和团队协作精神。,深圳,500-1000人,博士,19556,35396
销售代表,策划营销活动，提升产品知名度和市场份额。要求熟悉商务谈判、销售、业绩目标等相关技术，具备良好的沟通能力和团队协作精神。,广州,500-1000人,硕士,16770,26837
数据科学家,负责数据分析和挖掘，为业务决策提供数据支持。要求熟悉深度学习、机器学习、Python等相关技术，具备良好的沟通能力和团队协作精神。,重庆,150-500人,大专,12345,20025
算法工程师,负责后端服务开发，确保代码质量和系统稳定性。要求熟悉Python、数据结构、算法等相关技术，具备良好的沟通能力和团队协作精神。,成都,500-1000人,大专,8090,13159
人力资源专员,负责公司核心产品的开发与维护，参与技术方案设计。要求熟悉员工关系、招聘、绩效考核等相关技术，具备良好的沟通能力和团队协作精神。,西安,1000人以上,本科,5957,9893
全栈开发工程师,参与系统架构设计，优化系统性能，提升用户体验。要求熟悉React、MySQL、MongoDB等相关技术，具备良好的沟通能力和团队协作精神。,北京,少于50人,本科,12456,19528
前端开发工程师,负责公司核心产品的开发与维护，参与技术方案设计。要求熟悉JavaScript、CSS、React等相关技术，具备良好的沟通能力和团队协作精神。,苏州,1000人以上,硕士,15652,24838
UI设计师,负责公司核心产品的开发与维护，参与技术方案设计。要求熟悉UI设计、用户体验、交互设计等相关技术，具备良好的沟通能力和团队协作精神。,深圳,少于50人,硕士,12294,20029
数据科学家,构建机器学习模型，解决实际业务问题。要求熟悉Python、TensorFlow、深度学习等相关技术，具备良好的沟通能力和团队协作精神。,苏州,500-1000人,博士,39034,60894
财务分析师,参与系统架构设计，优化系统性能，提升用户体验。要求熟悉Excel、预算编制、财务报表等相关技术，具备良好的沟通能力和团队协作精神。,深圳,150-500人,本科,14629,22629
数据分析师,设计和维护数据报表，监控业务指标变化。要求熟悉Python、Tableau、Excel等相关技术，具备良好的沟通能力和团队协作精神。,北京,1000人以上,本科,19837,29821
架构师,负责后端服务开发，确保代码质量和系统稳定性。要求熟悉微服务、系统架构、技术选型等相关技术，具备良好的沟通能力和团队协作精神。,西安,少于50人,大专,5000,7829
机器学习工程师,负责公司核心产品的开发与维护，参与技术方案设计。要求熟悉模型调优、特征工程、机器学习等相关技术，具备良好的沟通能力和团队协作精神。,重庆,1000人以上,本科,9238,15382
测试工程师,负责后端服务开发，确保代码质量和系统稳定性。要求熟悉缺陷管理、自动化测试、测试等相关技术，具备良好的沟通能力和团队协作精神。,南京,500-1000人,硕士,13680,22374
Python开发工程师,负责公司核心产品的开发与维护，参与技术方案设计。要求熟悉Flask、Python、FastAPI等相关技术，具备良好的沟通能力和团队协作精神。,成都,1000人以上,本科,7224,14136
运维工程师,参与系统架构设计，优化系统性能，提升用户体验。要求熟悉运维、Linux、Docker等相关技术，具备良好的沟通能力和团队协作精神。,成都,1000人以上,本科,7970,14882
算法工程师,参与系统架构设计，优化系统性能，提升用户体验。要求熟悉深度学习、机器学习、数据结构等相关技术，具备良好的沟通能力和团队协作精神。,杭州,1000人以上,大专,7013,14079
数据科学家,设计和维护数据报表，监控业务指标变化。要求熟悉深度学习、Python、PyTorch等相关技术，具备良好的沟通能力和团队协作精神。,深圳,50-150人,硕士,28291,46816
销售代表,分析市场趋势和竞争对手，制定市场策略。要求熟悉客户关系、业绩目标、商务谈判等相关技术，具备良好的沟通能力和团队协作精神。,苏州,1000人以上,本科,10665,17731
数据科学家,负责数据分析和挖掘，为业务决策提供数据支持。要求熟悉机器学习、PyTorch、Python等相关技术，具备良好的沟通能力和团队协作精神。,西安,少于50人,大专,12688,19379
运维工程师,参与系统架构设计，优化系统性能，提升用户体验。要求熟悉Linux、Docker、K8s等相关技术，具备良好的沟通能力和团队协作精神。,西安,少于50人,硕士,8054,13853
数据科学家,负责数据分析和挖掘，为业务决策提供数据支持。要求熟悉PyTorch、机器学习、Python等相关技术，具备良好的沟通能力和团队协作精神。,成都,少于50人,大专,42357,64389
运维工程师,参与需求分析，提供技术解决方案，推动项目落地。要求熟悉监控、运维、Linux等相关技术，具备良好的沟通能力和团队协作精神。,成都,少于50人,硕士,7104,13469
运营专员,分析运营数据，优化运营策略和流程。要求熟悉用户增长、数据分析、活动策划等相关技术，具备良好的沟通能力和团队协作精神。,成都,50-150人,本科,5000,7384
市场经理,负责市场推广和品牌建设，拓展市场渠道。要求熟悉品牌建设、活动策划、渠道拓展等相关技术，具备良好的沟通能力和团队协作精神。,深圳,1000人以上,硕士,25545,44265
运营专员,分析运营数据，优化运营策略和流程。要求熟悉用户增长、数据分析、运营等相关技术，具备良好的沟通能力和团队协作精神。,深圳,50-150人,大专,5991,9791
数据科学家,设计和维护数据报表，监控业务指标变化。要求熟悉PyTorch、Python、机器学习等相关技术，具备良好的沟通能力和团队协作精神。,苏州,150-500人,本科,17404,28444
数据分析师,构建机器学习模型，解决实际业务问题。要求熟悉Python、Excel、统计学等相关技术，具备良好的沟通能力和团队协作精神。,成都,少于50人,本科,6047,10943
前端开发工程师,负责公司核心产品的开发与维护，参与技术方案设计。要求熟悉Vue、React、HTML等相关技术，具备良好的沟通能力和团队协作精神。,天津,150-500人,博士,13769,23907
前端开发工程师,负责公司核心产品的开发与维护，参与技术方案设计。要求熟悉JavaScript、TypeScript、HTML等相关技术，具备良好的沟通能力和团队协作精神。,成都,150-500人,大专,5208,9816
财务分析师,参与需求分析，提供技术解决方案，推动项目落地。要求熟悉Excel、财务报表、预算编制等相关技术，具备良好的沟通能力和团队协作精神。,深圳,500-1000人,博士,29050,44890
全栈开发工程师,参与系统架构设计，优化系统性能，提升用户体验。要求熟悉MySQL、JavaScript、MongoDB等相关技术，具备良好的沟通能力和团队协作精神。,西安,1000人以上,本科,9092,15389
运营专员,负责日常运营工作，提升用户活跃度和留存率。要求熟悉运营、活动策划、用户增长等相关技术，具备良好的沟通能力和团队协作精神。,北京,150-500人,硕士,8869,15629
人力资源专员,负责后端服务开发，确保代码质量和系统稳定性。要求熟悉员工关系、绩效考核、招聘等相关技术，具备良好的沟通能力和团队协作精神。,深圳,少于50人,大专,5000,8150
财务分析师,参与系统架构设计，优化系统性能，提升用户体验。要求熟悉财务分析、财务报表、预算编制等相关技术，具备良好的沟通能力和团队协作精神。,重庆,50-150人,博士,12745,21500
机器学习工程师,负责后端服务开发，确保代码质量和系统稳定性。要求熟悉特征工程、Python、模型调优等相关技术，具备良好的沟通能力和团队协作精神。,广州,500-1000人,硕士,6862,11895
Java后端开发,参与系统架构设计，优化系统性能，提升用户体验。要求熟悉Java、SpringBoot、Dubbo等相关技术，具备良好的沟通能力和团队协作精神。,武汉,1000人以上,博士,18261,30011
财务分析师,参与系统架构设计，优化系统性能，提升用户体验。要求熟悉财务分析、财务报表、Excel等相关技术，具备良好的沟通能力和团队协作精神。,上海,150-500人,博士,21703,36449
数据科学家,构建机器学习模型，解决实际业务问题。要求熟悉Python、深度学习、机器学习等相关技术，具备良好的沟通能力和团队协作精神。,重庆,150-500人,大专,12966,20646
测试工程师,参与需求分析，提供技术解决方案，推动项目落地。要求熟悉自动化测试、缺陷管理、性能测试等相关技术，具备良好的沟通能力和团队协作精神。,西安,150-500人,大专,5355,9553
销售代表,策划营销活动，提升产品知名度和市场份额。要求熟悉业绩目标、客户关系、商务谈判等相关技术，具备良好的沟通能力和团队协作精神。,深圳,500-1000人,大专,8633,15673
算法工程师,参与系统架构设计，优化系统性能，提升用户体验。要求熟悉算法、深度学习、Python等相关技术，具备良好的沟通能力和团队协作精神。,杭州,1000人以上,大专,9573,16639
销售代表,分析市场趋势和竞争对手，制定市场策略。要求熟悉销售、客户关系、商务谈判等相关技术，具备良好的沟通能力和团队协作精神。,南京,500-1000人,本科,7897,14585
架构师,参与需求分析，提供技术解决方案，推动项目落地。要求熟悉性能优化、系统架构、技术选型等相关技术，具备良好的沟通能力和团队协作精神。,重庆,500-1000人,本科,7159,12791
Java后端开发,负责公司核心产品的开发与维护，参与技术方案设计。要求熟悉MySQL、Spring、Redis等相关技术，具备良好的沟通能力和团队协作精神。,南京,1000人以上,本科,8393,15689
机器学习工程师,参与需求分析，提供技术解决方案，推动项目落地。要求熟悉Python、特征工程、机器学习等相关技术，具备良好的沟通能力和团队协作精神。,广州,50-150人,大专,9327,14678
机器学习工程师,负责后端服务开发，确保代码质量和系统稳定性。要求熟悉Python、模型调优、机器学习等相关技术，具备良好的沟通能力和团队协作精神。,重庆,50-150人,硕士,8736,15059
架构师,负责后端服务开发，确保代码质量和系统稳定性。要求熟悉微服务、系统架构、技术选型等相关技术，具备良好的沟通能力和团队协作精神。,武汉,1000人以上,硕士,10555,19041
全栈开发工程师,负责公司核心产品的开发与维护，参与技术方案设计。要求熟悉JavaScript、MongoDB、React等相关技术，具备良好的沟通能力和团队协作精神。,武汉,50-150人,本科,7313,12481
架构师,参与需求分析，提供技术解决方案，推动项目落地。要求熟悉微服务、性能优化、技术选型等相关技术，具备良好的沟通能力和团队协作精神。,成都,500-1000人,硕士,11152,19388
Java后端开发,参与系统架构设计，优化系统性能，提升用户体验。要求熟悉Redis、Dubbo、MySQL等相关技术，具备良好的沟通能力和团队协作精神。,深圳,150-500人,博士,19203,33603
Java后端开发,负责公司核心产品的开发与维护，参与技术方案设计。要求熟悉Dubbo、MySQL、SpringBoot等相关技术，具备良好的沟通能力和团队协作精神。,武汉,150-500人,本科,8106,13546
销售代表,策划营销活动，提升产品知名度和市场份额。要求熟悉商务谈判、客户关系、销售等相关技术，具备良好的沟通能力和团队协作精神。,北京,150-500人,硕士,16408,27224
算法工程师,负责后端服务开发，确保代码质量和系统稳定性。要求熟悉Python、机器学习、深度学习等相关技术，具备良好的沟通能力和团队协作精神。,深圳,150-500人,博士,18367,32767
前端开发工程师,参与需求分析，提供技术解决方案，推动项目落地。要求熟悉CSS、TypeScript、Vue等相关技术，具备良好的沟通能力和团队协作精神。,广州,500-1000人,本科,9811,17555
Java后端开发,负责后端服务开发，确保代码质量和系统稳定性。要求熟悉Dubbo、Redis、MySQL等相关技术，具备良好的沟通能力和团队协作精神。,南京,50-150人,大专,6115,10736
数据分析师,负责数据分析和挖掘，为业务决策提供数据支持。要求熟悉Excel、统计学、SQL等相关技术，具备良好的沟通能力和团队协作精神。,南京,1000人以上,大专,6910,12747
算法工程师,负责后端服务开发，确保代码质量和系统稳定性。要求熟悉数据结构、Python、深度学习等相关技术，具备良好的沟通能力和团队协作精神。,北京,500-1000人,大专,7987,15308
UI设计师,负责公司核心产品的开发与维护，参与技术方案设计。要求熟悉Figma、Sketch、交互设计等相关技术，具备良好的沟通能力和团队协作精神。,南京,500-1000人,大专,9062,13744
技术支持工程师,负责后端服务开发，确保代码质量和系统稳定性。要求熟悉客户沟通、技术支持、问题排查等相关技术，具备良好的沟通能力和团队协作精神。,西安,50-150人,博士,15107,24081
前端开发工程师,负责公司核心产品的开发与维护，参与技术方案设计。要求熟悉React、HTML、CSS等相关技术，具备良好的沟通能力和团队协作精神。,杭州,少于50人,博士,14957,26218
算法工程师,负责后端服务开发，确保代码质量和系统稳定性。要求熟悉机器学习、算法、Python等相关技术，具备良好的沟通能力和团队协作精神。,重庆,50-150人,本科,7213,12077
Python开发工程师,负责公司核心产品的开发与维护，参与技术方案设计。要求熟悉Django、Flask、MySQL等相关技术，具备良好的沟通能力和团队协作精神。,西安,50-150人,本科,7146,12131
产品经理,协调研发、设计、运营团队，确保产品按时交付。要求熟悉Axure、需求分析、用户研究等相关技术，具备良好的沟通能力和团队协作精神。,武汉,500-1000人,硕士,22780,34449
运营专员,分析运营数据，优化运营策略和流程。要求熟悉运营、用户增长、活动策划等相关技术，具备良好的沟通能力和团队协作精神。,重庆,1000人以上,博士,11915,18827
架构师,负责后端服务开发，确保代码质量和系统稳定性。要求熟悉系统架构、技术选型、微服务等相关技术，具备良好的沟通能力和团队协作精神。,重庆,1000人以上,硕士,10790,18778
市场经理,策划营销活动，提升产品知名度和市场份额。要求熟悉渠道拓展、市场营销、活动策划等相关技术，具备良好的沟通能力和团队协作精神。,杭州,150-500人,硕士,17162,31514
运维工程师,负责后端服务开发，确保代码质量和系统稳定性。要求熟悉Linux、运维、Docker等相关技术，具备良好的沟通能力和团队协作精神。,广州,少于50人,博士,11566,22337
测试工程师,参与需求分析，提供技术解决方案，推动项目落地。要求熟悉缺陷管理、性能测试、测试等相关技术，具备良好的沟通能力和团队协作精神。,杭州,150-500人,博士,18721,31969
项目经理,负责后端服务开发，确保代码质量和系统稳定性。要求熟悉进度控制、团队协调、风险控制等相关技术，具备良好的沟通能力和团队协作精神。,天津,1000人以上,本科,12501,22639
销售代表,分析市场趋势和竞争对手，制定市场策略。要求熟悉客户关系、业绩目标、销售等相关技术，具备良好的沟通能力和团队协作精神。,南京,150-500人,本科,6738,12818
测试工程师,负责后端服务开发，确保代码质量和系统稳定性。要求熟悉测试、缺陷管理、自动化测试等相关技术，具备良好的沟通能力和团队协作精神。,深圳,150-500人,本科,10030,18030
算法工程师,负责后端服务开发，确保代码质量和系统稳定性。要求熟悉Python、深度学习、机器学习等相关技术，具备良好的沟通能力和团队协作精神。,天津,150-500人,博士,11883,22020
运营专员,负责日常运营工作，提升用户活跃度和留存率。要求熟悉运营、活动策划、用户增长等相关技术，具备良好的沟通能力和团队协作精神。,西安,少于50人,博士,9220,14239
运维工程师,参与需求分析，提供技术解决方案，推动项目落地。要求熟悉运维、Linux、监控等相关技术，具备良好的沟通能力和团队协作精神。,上海,500-1000人,硕士,18044,29758
机器学习工程师,参与系统架构设计，优化系统性能，提升用户体验。要求熟悉特征工程、模型调优、Python等相关技术，具备良好的沟通能力和团队协作精神。,成都,500-1000人,博士,15664,27069
前端开发工程师,负责后端服务开发，确保代码质量和系统稳定性。要求熟悉CSS、JavaScript、HTML等相关技术，具备良好的沟通能力和团队协作精神。,西安,150-500人,本科,8672,13920
UI设计师,参与系统架构设计，优化系统性能，提升用户体验。要求熟悉用户体验、UI设计、交互设计等相关技术，具备良好的沟通能力和团队协作精神。,杭州,50-150人,本科,10152,16270
技术支持工程师,参与需求分析，提供技术解决方案，推动项目落地。要求熟悉文档编写、问题排查、技术支持等相关技术，具备良好的沟通能力和团队协作精神。,武汉,500-1000人,博士,13070,23842
Java后端开发,负责公司核心产品的开发与维护，参与技术方案设计。要求熟悉SpringBoot、Redis、Spring等相关技术，具备良好的沟通能力和团队协作精神。,南京,50-150人,硕士,12469,19977
Python开发工程师,参与系统架构设计，优化系统性能，提升用户体验。要求熟悉Redis、Flask、MySQL等相关技术，具备良好的沟通能力和团队协作精神。,重庆,少于50人,本科,6423,10775
数据分析师,负责数据分析和挖掘，为业务决策提供数据支持。要求熟悉SQL、统计学、Excel等相关技术，具备良好的沟通能力和团队协作精神。,上海,500-1000人,硕士,17110,28824
运营专员,策划运营活动，提升品牌影响力和用户增长。要求熟悉活动策划、用户增长、数据分析等相关技术，具备良好的沟通能力和团队协作精神。,西安,1000人以上,硕士,7480,12597
销售代表,负责市场推广和品牌建设，拓展市场渠道。要求熟悉客户关系、销售、商务谈判等相关技术，具备良好的沟通能力和团队协作精神。,广州,50-150人,博士,36440,66535
机器学习工程师,负责公司核心产品的开发与维护，参与技术方案设计。要求熟悉特征工程、模型调优、Python等相关技术，具备良好的沟通能力和团队协作精神。,天津,少于50人,本科,5341,10128
人力资源专员,负责公司核心产品的开发与维护，参与技术方案设计。要求熟悉招聘、绩效考核、员工关系等相关技术，具备良好的沟通能力和团队协作精神。,重庆,150-500人,大专,5000,7000
Java后端开发,参与需求分析，提供技术解决方案，推动项目落地。要求熟悉MySQL、Java、SpringBoot等相关技术，具备良好的沟通能力和团队协作精神。,天津,少于50人,博士,14933,23550
测试工程师,负责公司核心产品的开发与维护，参与技术方案设计。要求熟悉性能测试、自动化测试、测试等相关技术，具备良好的沟通能力和团队协作精神。,天津,50-150人,本科,5953,11304
运维工程师,参与需求分析，提供技术解决方案，推动项目落地。要求熟悉运维、监控、Linux等相关技术，具备良好的沟通能力和团队协作精神。,杭州,1000人以上,本科,13076,21908
全栈开发工程师,参与系统架构设计，优化系统性能，提升用户体验。要求熟悉Node.js、React、MySQL等相关技术，具备良好的沟通能力和团队协作精神。,上海,500-1000人,本科,11291,20302
财务分析师,参与需求分析，提供技术解决方案，推动项目落地。要求熟悉预算编制、Excel、财务报表等相关技术，具备良好的沟通能力和团队协作精神。,杭州,50-150人,大专,8843,14436
市场经理,分析市场趋势和竞争对手，制定市场策略。要求熟悉市场营销、活动策划、品牌建设等相关技术，具备良好的沟通能力和团队协作精神。,广州,少于50人,大专,9076,16256
数据分析师,设计和维护数据报表，监控业务指标变化。要求熟悉SQL、Python、Tableau等相关技术，具备良好的沟通能力和团队协作精神。,上海,1000人以上,大专,11784,19649
算法工程师,参与需求分析，提供技术解决方案，推动项目落地。要求熟悉算法、深度学习、机器学习等相关技术，具备良好的沟通能力和团队协作精神。,西安,150-500人,硕士,9442,16265
Java后端开发,参与需求分析，提供技术解决方案，推动项目落地。要求熟悉Dubbo、Java、Redis等相关技术，具备良好的沟通能力和团队协作精神。,杭州,150-500人,硕士,11665,21233
Java后端开发,负责后端服务开发，确保代码质量和系统稳定性。要求熟悉SpringBoot、MySQL、Dubbo等相关技术，具备良好的沟通能力和团队协作精神。,北京,50-150人,本科,11268,19172
前端开发工程师,负责公司核心产品的开发与维护，参与技术方案设计。要求熟悉TypeScript、CSS、HTML等相关技术，具备良好的沟通能力和团队协作精神。,成都,150-500人,本科,7865,13625
产品经理,分析用户需求和市场动态，制定产品发展策略。要求熟悉需求分析、产品设计、用户研究等相关技术，具备良好的沟通能力和团队协作精神。,武汉,500-1000人,博士,21491,37648
Java后端开发,参与需求分析，提供技术解决方案，推动项目落地。要求熟悉Redis、MySQL、Spring等相关技术，具备良好的沟通能力和团队协作精神。,深圳,少于50人,博士,14747,26987
技术支持工程师,参与系统架构设计，优化系统性能，提升用户体验。要求熟悉文档编写、问题排查、技术支持等相关技术，具备良好的沟通能力和团队协作精神。,武汉,150-500人,大专,5513,9865
财务分析师,负责后端服务开发，确保代码质量和系统稳定性。要求熟悉Excel、财务分析、财务报表等相关技术，具备良好的沟通能力和团队协作精神。,西安,少于50人,大专,6611,10180
市场经理,策划营销活动，提升产品知名度和市场份额。要求熟悉品牌建设、活动策划、渠道拓展等相关技术，具备良好的沟通能力和团队协作精神。,南京,1000人以上,大专,12860,21615
人力资源专员,负责公司核心产品的开发与维护，参与技术方案设计。要求熟悉培训、绩效考核、员工关系等相关技术，具备良好的沟通能力和团队协作精神。,深圳,1000人以上,大专,6261,11061
测试工程师,负责后端服务开发，确保代码质量和系统稳定性。要求熟悉自动化测试、缺陷管理、性能测试等相关技术，具备良好的沟通能力和团队协作精神。,深圳,少于50人,博士,17057,29297
Java后端开发,参与需求分析，提供技术解决方案，推动项目落地。要求熟悉Spring、Java、MySQL等相关技术，具备良好的沟通能力和团队协作精神。,南京,50-150人,博士,15760,26157
UI设计师,参与需求分析，提供技术解决方案，推动项目落地。要求熟悉用户体验、Sketch、UI设计等相关技术，具备良好的沟通能力和团队协作精神。,苏州,500-1000人,大专,5826,10360
测试工程师,参与需求分析，提供技术解决方案，推动项目落地。要求熟悉缺陷管理、测试、性能测试等相关技术，具备良好的沟通能力和团队协作精神。,天津,少于50人,大专,5656,9485
前端开发工程师,参与系统架构设计，优化系统性能，提升用户体验。要求熟悉CSS、TypeScript、Vue等相关技术，具备良好的沟通能力和团队协作精神。,苏州,1000人以上,硕士,11488,20673
销售代表,策划营销活动，提升产品知名度和市场份额。要求熟悉业绩目标、商务谈判、客户关系等相关技术，具备良好的沟通能力和团队协作精神。,北京,50-150人,博士,21084,35311
UI设计师,负责公司核心产品的开发与维护，参与技术方案设计。要求熟悉Sketch、交互设计、用户体验等相关技术，具备良好的沟通能力和团队协作精神。,上海,少于50人,本科,9013,15105
运营专员,分析运营数据，优化运营策略和流程。要求熟悉运营、用户增长、数据分析等相关技术，具备良好的沟通能力和团队协作精神。,南京,1000人以上,硕士,6752,12680
测试工程师,负责后端服务开发，确保代码质量和系统稳定性。要求熟悉自动化测试、测试、性能测试等相关技术，具备良好的沟通能力和团队协作精神。,深圳,500-1000人,大专,7531,14571
人力资源专员,负责后端服务开发，确保代码质量和系统稳定性。要求熟悉招聘、培训、员工关系等相关技术，具备良好的沟通能力和团队协作精神。,广州,500-1000人,本科,7306,12146
项目经理,参与系统架构设计，优化系统性能，提升用户体验。要求熟悉风险控制、项目管理、团队协调等相关技术，具备良好的沟通能力和团队协作精神。,上海,500-1000人,博士,34638,58969
架构师,参与系统架构设计，优化系统性能，提升用户体验。要求熟悉技术选型、性能优化、系统架构等相关技术，具备良好的沟通能力和团队协作精神。,武汉,1000人以上,博士,14164,25914
全栈开发工程师,参与需求分析，提供技术解决方案，推动项目落地。要求熟悉MySQL、React、MongoDB等相关技术，具备良好的沟通能力和团队协作精神。,武汉,1000人以上,硕士,12684,21171
人力资源专员,参与系统架构设计，优化系统性能，提升用户体验。要求熟悉培训、员工关系、绩效考核等相关技术，具备良好的沟通能力和团队协作精神。,成都,150-500人,博士,7566,14046
架构师,参与系统架构设计，优化系统性能，提升用户体验。要求熟悉技术选型、性能优化、微服务等相关技术，具备良好的沟通能力和团队协作精神。,成都,1000人以上,本科,9418,16330
销售代表,分析市场趋势和竞争对手，制定市场策略。要求熟悉商务谈判、业绩目标、销售等相关技术，具备良好的沟通能力和团队协作精神。,重庆,50-150人,本科,5583,10447
销售代表,分析市场趋势和竞争对手，制定市场策略。要求熟悉商务谈判、客户关系、销售等相关技术，具备良好的沟通能力和团队协作精神。,南京,500-1000人,博士,15081,27119
运维工程师,参与系统架构设计，优化系统性能，提升用户体验。要求熟悉运维、监控、K8s等相关技术，具备良好的沟通能力和团队协作精神。,上海,少于50人,博士,17345,29879
产品经理,负责产品规划和设计，推动产品迭代优化。要求熟悉产品设计、Axure、数据分析等相关技术，具备良好的沟通能力和团队协作精神。,深圳,150-500人,硕士,18933,34533
架构师,负责公司核心产品的开发与维护，参与技术方案设计。要求熟悉技术选型、性能优化、微服务等相关技术，具备良好的沟通能力和团队协作精神。,北京,150-500人,博士,19512,34488
算法工程师,参与需求分析，提供技术解决方案，推动项目落地。要求熟悉机器学习、深度学习、Python等相关技术，具备良好的沟通能力和团队协作精神。,南京,150-500人,大专,7605,12469
市场经理,分析市场趋势和竞争对手，制定市场策略。要求熟悉渠道拓展、市场营销、品牌建设等相关技术，具备良好的沟通能力和团队协作精神。,南京,少于50人,大专,7856,14057
算法工程师,参与系统架构设计，优化系统性能，提升用户体验。要求熟悉Python、机器学习、算法等相关技术，具备良好的沟通能力和团队协作精神。,重庆,150-500人,本科,7842,12962
前端开发工程师,参与需求分析，提供技术解决方案，推动项目落地。要求熟悉JavaScript、TypeScript、Vue等相关技术，具备良好的沟通能力和团队协作精神。,深圳,50-150人,大专,7072,13152
架构师,负责后端服务开发，确保代码质量和系统稳定性。要求熟悉系统架构、技术选型、性能优化等相关技术，具备良好的沟通能力和团队协作精神。,杭州,50-150人,本科,10308,17300
数据分析师,设计和维护数据报表，监控业务指标变化。要求熟悉SQL、Python、Excel等相关技术，具备良好的沟通能力和团队协作精神。,北京,50-150人,硕士,20579,30854
项目经理,负责后端服务开发，确保代码质量和系统稳定性。要求熟悉进度控制、项目管理、团队协调等相关技术，具备良好的沟通能力和团队协作精神。,南京,150-500人,大专,6650,13946
运维工程师,负责公司核心产品的开发与维护，参与技术方案设计。要求熟悉Docker、Linux、运维等相关技术，具备良好的沟通能力和团队协作精神。,深圳,500-1000人,博士,19413,35253
市场经理,负责市场推广和品牌建设，拓展市场渠道。要求熟悉活动策划、渠道拓展、市场营销等相关技术，具备良好的沟通能力和团队协作精神。,成都,150-500人,硕士,16659,27891
全栈开发工程师,参与系统架构设计，优化系统性能，提升用户体验。要求熟悉MongoDB、React、JavaScript等相关技术，具备良好的沟通能力和团队协作精神。,重庆,150-500人,博士,12321,21537
市场经理,策划营销活动，提升产品知名度和市场份额。要求熟悉渠道拓展、市场营销、品牌建设等相关技术，具备良好的沟通能力和团队协作精神。,武汉,少于50人,博士,18035,30520
运维工程师,负责公司核心产品的开发与维护，参与技术方案设计。要求熟悉Docker、Linux、K8s等相关技术，具备良好的沟通能力和团队协作精神。,南京,500-1000人,博士,15189,27227
运维工程师,负责公司核心产品的开发与维护，参与技术方案设计。要求熟悉运维、Linux、Docker等相关技术，具备良好的沟通能力和团队协作精神。,上海,少于50人,本科,9687,16650
机器学习工程师,参与系统架构设计，优化系统性能，提升用户体验。要求熟悉模型调优、特征工程、Python等相关技术，具备良好的沟通能力和团队协作精神。,重庆,500-1000人,大专,6063,10569
数据分析师,负责数据分析和挖掘，为业务决策提供数据支持。要求熟悉SQL、统计学、Tableau等相关技术，具备良好的沟通能力和团队协作精神。,北京,500-1000人,硕士,23116,35014
数据科学家,设计和维护数据报表，监控业务指标变化。要求熟悉机器学习、深度学习、PyTorch等相关技术，具备良好的沟通能力和团队协作精神。,杭州,1000人以上,大专,21678,34926
人力资源专员,负责后端服务开发，确保代码质量和系统稳定性。要求熟悉招聘、培训、员工关系等相关技术，具备良好的沟通能力和团队协作精神。,西安,500-1000人,博士,10180,16674
架构师,负责公司核心产品的开发与维护，参与技术方案设计。要求熟悉系统架构、技术选型、微服务等相关技术，具备良好的沟通能力和团队协作精神。,北京,1000人以上,大专,10365,18352
运营专员,策划运营活动，提升品牌影响力和用户增长。要求熟悉用户增长、活动策划、数据分析等相关技术，具备良好的沟通能力和团队协作精神。,重庆,150-500人,大专,5000,7000
Python开发工程师,参与系统架构设计，优化系统性能，提升用户体验。要求熟悉Redis、FastAPI、Flask等相关技术，具备良好的沟通能力和团队协作精神。,西安,50-150人,本科,6450,11436
数据分析师,设计和维护数据报表，监控业务指标变化。要求熟悉统计学、Excel、SQL等相关技术，具备良好的沟通能力和团队协作精神。,杭州,150-500人,大专,10444,16332
Java后端开发,负责公司核心产品的开发与维护，参与技术方案设计。要求熟悉SpringBoot、Spring、Dubbo等相关技术，具备良好的沟通能力和团队协作精神。,北京,1000人以上,博士,23291,41263
机器学习工程师,参与系统架构设计，优化系统性能，提升用户体验。要求熟悉机器学习、Python、模型调优等相关技术，具备良好的沟通能力和团队协作精神。,武汉,1000人以上,本科,9330,15858
机器学习工程师,参与需求分析，提供技术解决方案，推动项目落地。要求熟悉Python、机器学习、模型调优等相关技术，具备良好的沟通能力和团队协作精神。,上海,50-150人,大专,10983,17209
产品经理,协调研发、设计、运营团队，确保产品按时交付。要求熟悉Axure、需求分析、数据分析等相关技术，具备良好的沟通能力和团队协作精神。,上海,50-150人,博士,32324,53336
算法工程师,参与系统架构设计，优化系统性能，提升用户体验。要求熟悉Python、机器学习、数据结构等相关技术，具备良好的沟通能力和团队协作精神。,上海,150-500人,大专,8610,15164
市场经理,分析市场趋势和竞争对手，制定市场策略。要求熟悉渠道拓展、品牌建设、活动策划等相关技术，具备良好的沟通能力和团队协作精神。,苏州,150-500人,本科,14133,22965
数据科学家,负责数据分析和挖掘，为业务决策提供数据支持。要求熟悉TensorFlow、深度学习、机器学习等相关技术，具备良好的沟通能力和团队协作精神。,北京,150-500人,本科,23373,38973
数据分析师,构建机器学习模型，解决实际业务问题。要求熟悉Tableau、Python、Excel等相关技术，具备良好的沟通能力和团队协作精神。,重庆,150-500人,博士,11443,20659
测试工程师,负责公司核心产品的开发与维护，参与技术方案设计。要求熟悉性能测试、测试、缺陷管理等相关技术，具备良好的沟通能力和团队协作精神。,南京,少于50人,本科,6129,11297
产品经理,负责产品规划和设计，推动产品迭代优化。要求熟悉数据分析、产品设计、Axure等相关技术，具备良好的沟通能力和团队协作精神。,天津,少于50人,大专,5883,11628
项目经理,负责公司核心产品的开发与维护，参与技术方案设计。要求熟悉团队协调、风险控制、进度控制等相关技术，具备良好的沟通能力和团队协作精神。,武汉,1000人以上,本科,12818,22610
数据分析师,设计和维护数据报表，监控业务指标变化。要求熟悉Python、Excel、Tableau等相关技术，具备良好的沟通能力和团队协作精神。,成都,500-1000人,本科,10717,17053
运维工程师,负责后端服务开发，确保代码质量和系统稳定性。要求熟悉监控、运维、Docker等相关技术，具备良好的沟通能力和团队协作精神。,南京,少于50人,博士,15714,25017
算法工程师,参与需求分析，提供技术解决方案，推动项目落地。要求熟悉数据结构、深度学习、Python等相关技术，具备良好的沟通能力和团队协作精神。,苏州,50-150人,本科,8034,13627
项目经理,负责后端服务开发，确保代码质量和系统稳定性。要求熟悉项目管理、风险控制、进度控制等相关技术，具备良好的沟通能力和团队协作精神。,重庆,50-150人,博士,17518,30650
算法工程师,参与系统架构设计，优化系统性能，提升用户体验。要求熟悉算法、数据结构、Python等相关技术，具备良好的沟通能力和团队协作精神。,上海,150-500人,硕士,16299,26948
销售代表,负责市场推广和品牌建设，拓展市场渠道。要求熟悉销售、商务谈判、客户关系等相关技术，具备良好的沟通能力和团队协作精神。,武汉,500-1000人,博士,10344,21115
全栈开发工程师,负责后端服务开发，确保代码质量和系统稳定性。要求熟悉MongoDB、React、MySQL等相关技术，具备良好的沟通能力和团队协作精神。,天津,1000人以上,硕士,12468,21254
人力资源专员,负责后端服务开发，确保代码质量和系统稳定性。要求熟悉员工关系、招聘、培训等相关技术，具备良好的沟通能力和团队协作精神。,成都,1000人以上,大专,5716,9172
销售代表,分析市场趋势和竞争对手，制定市场策略。要求熟悉销售、商务谈判、业绩目标等相关技术，具备良好的沟通能力和团队协作精神。,成都,500-1000人,博士,12519,23924
UI设计师,负责后端服务开发，确保代码质量和系统稳定性。要求熟悉Figma、交互设计、UI设计等相关技术，具备良好的沟通能力和团队协作精神。,深圳,50-150人,大专,10043,15363
数据科学家,设计和维护数据报表，监控业务指标变化。要求熟悉机器学习、TensorFlow、PyTorch等相关技术，具备良好的沟通能力和团队协作精神。,成都,1000人以上,大专,17147,27515
全栈开发工程师,参与系统架构设计，优化系统性能，提升用户体验。要求熟悉MongoDB、React、Node.js等相关技术，具备良好的沟通能力和团队协作精神。,西安,500-1000人,博士,13478,23869
财务分析师,参与系统架构设计，优化系统性能，提升用户体验。要求熟悉预算编制、财务分析、Excel等相关技术，具备良好的沟通能力和团队协作精神。,北京,50-150人,大专,11545,17868
项目经理,负责后端服务开发，确保代码质量和系统稳定性。要求熟悉进度控制、团队协调、风险控制等相关技术，具备良好的沟通能力和团队协作精神。,深圳,少于50人,本科,18367,28567
技术支持工程师,负责公司核心产品的开发与维护，参与技术方案设计。要求熟悉问题排查、文档编写、客户沟通等相关技术，具备良好的沟通能力和团队协作精神。,苏州,少于50人,硕士,9167,15674
测试工程师,参与系统架构设计，优化系统性能，提升用户体验。要求熟悉自动化测试、性能测试、缺陷管理等相关技术，具备良好的沟通能力和团队协作精神。,深圳,50-150人,博士,19446,33126
数据科学家,设计和维护数据报表，监控业务指标变化。要求熟悉PyTorch、Python、TensorFlow等相关技术，具备良好的沟通能力和团队协作精神。,天津,150-500人,博士,28276,47284
人力资源专员,负责公司核心产品的开发与维护，参与技术方案设计。要求熟悉培训、绩效考核、员工关系等相关技术，具备良好的沟通能力和团队协作精神。,武汉,50-150人,大专,5000,7000
数据分析师,构建机器学习模型，解决实际业务问题。要求熟悉统计学、SQL、Python等相关技术，具备良好的沟通能力和团队协作精神。,苏州,少于50人,本科,9354,14359
运维工程师,参与系统架构设计，优化系统性能，提升用户体验。要求熟悉监控、运维、Docker等相关技术，具备良好的沟通能力和团队协作精神。,上海,少于50人,博士,15222,27755
财务分析师,负责公司核心产品的开发与维护，参与技术方案设计。要求熟悉财务报表、财务分析、预算编制等相关技术，具备良好的沟通能力和团队协作精神。,南京,500-1000人,硕士,14807,23502
人力资源专员,参与需求分析，提供技术解决方案，推动项目落地。要求熟悉培训、员工关系、绩效考核等相关技术，具备良好的沟通能力和团队协作精神。,成都,1000人以上,大专,5000,8309
算法工程师,负责后端服务开发，确保代码质量和系统稳定性。要求熟悉数据结构、算法、Python等相关技术，具备良好的沟通能力和团队协作精神。,上海,150-500人,博士,21599,36345
Python开发工程师,负责公司核心产品的开发与维护，参与技术方案设计。要求熟悉FastAPI、Django、Flask等相关技术，具备良好的沟通能力和团队协作精神。,苏州,1000人以上,大专,8125,13778
财务分析师,参与需求分析，提供技术解决方案，推动项目落地。要求熟悉Excel、预算编制、财务报表等相关技术，具备良好的沟通能力和团队协作精神。,成都,少于50人,本科,9373,14269
项目经理,参与需求分析，提供技术解决方案，推动项目落地。要求熟悉进度控制、风险控制、团队协调等相关技术，具备良好的沟通能力和团队协作精神。,成都,1000人以上,硕士,17243,30722
数据科学家,构建机器学习模型，解决实际业务问题。要求熟悉深度学习、PyTorch、TensorFlow等相关技术，具备良好的沟通能力和团队协作精神。,成都,1000人以上,博士,35624,58952
人力资源专员,参与系统架构设计，优化系统性能，提升用户体验。要求熟悉员工关系、绩效考核、招聘等相关技术，具备良好的沟通能力和团队协作精神。,天津,50-150人,大专,5000,7000
全栈开发工程师,负责后端服务开发，确保代码质量和系统稳定性。要求熟悉MongoDB、JavaScript、MySQL等相关技术，具备良好的沟通能力和团队协作精神。,广州,1000人以上,博士,19642,34848
人力资源专员,参与系统架构设计，优化系统性能，提升用户体验。要求熟悉员工关系、绩效考核、培训等相关技术，具备良好的沟通能力和团队协作精神。,重庆,少于50人,大专,5000,7000
前端开发工程师,负责后端服务开发，确保代码质量和系统稳定性。要求熟悉JavaScript、HTML、CSS等相关技术，具备良好的沟通能力和团队协作精神。,上海,150-500人,本科,12426,20618
人力资源专员,负责公司核心产品的开发与维护，参与技术方案设计。要求熟悉培训、绩效考核、员工关系等相关技术，具备良好的沟通能力和团队协作精神。,武汉,1000人以上,硕士,6977,12281
UI设计师,参与系统架构设计，优化系统性能，提升用户体验。要求熟悉UI设计、Figma、Sketch等相关技术，具备良好的沟通能力和团队协作精神。,北京,50-150人,硕士,16445,25436
数据科学家,负责数据分析和挖掘，为业务决策提供数据支持。要求熟悉Python、机器学习、PyTorch等相关技术，具备良好的沟通能力和团队协作精神。,重庆,少于50人,硕士,19791,30399
产品经理,协调研发、设计、运营团队，确保产品按时交付。要求熟悉数据分析、需求分析、Axure等相关技术，具备良好的沟通能力和团队协作精神。,武汉,150-500人,博士,21334,36022
Python开发工程师,负责后端服务开发，确保代码质量和系统稳定性。要求熟悉Redis、MySQL、Flask等相关技术，具备良好的沟通能力和团队协作精神。,天津,少于50人,大专,6613,10443
销售代表,策划营销活动，提升产品知名度和市场份额。要求熟悉业绩目标、商务谈判、销售等相关技术，具备良好的沟通能力和团队协作精神。,杭州,50-150人,本科,8599,15591
产品经理,分析用户需求和市场动态，制定产品发展策略。要求熟悉产品设计、Axure、需求分析等相关技术，具备良好的沟通能力和团队协作精神。,深圳,500-1000人,大专,12055,22615
全栈开发工程师,参与需求分析，提供技术解决方案，推动项目落地。要求熟悉MySQL、MongoDB、JavaScript等相关技术，具备良好的沟通能力和团队协作精神。,南京,150-500人,硕士,8231,16135
市场经理,策划营销活动，提升产品知名度和市场份额。要求熟悉市场营销、品牌建设、活动策划等相关技术，具备良好的沟通能力和团队协作精神。,西安,500-1000人,大专,11468,18395
人力资源专员,负责后端服务开发，确保代码质量和系统稳定性。要求熟悉员工关系、培训、招聘等相关技术，具备良好的沟通能力和团队协作精神。,重庆,50-150人,本科,5000,7997
产品经理,协调研发、设计、运营团队，确保产品按时交付。要求熟悉Axure、产品设计、数据分析等相关技术，具备良好的沟通能力和团队协作精神。,广州,150-500人,大专,11527,19975
数据科学家,负责数据分析和挖掘，为业务决策提供数据支持。要求熟悉PyTorch、深度学习、Python等相关技术，具备良好的沟通能力和团队协作精神。,西安,150-500人,硕士,21000,33792
机器学习工程师,参与系统架构设计，优化系统性能，提升用户体验。要求熟悉特征工程、Python、模型调优等相关技术，具备良好的沟通能力和团队协作精神。,西安,50-150人,本科,5803,10788
机器学习工程师,参与系统架构设计，优化系统性能，提升用户体验。要求熟悉Python、模型调优、特征工程等相关技术，具备良好的沟通能力和团队协作精神。,广州,1000人以上,硕士,20137,31119
测试工程师,参与需求分析，提供技术解决方案，推动项目落地。要求熟悉性能测试、缺陷管理、自动化测试等相关技术，具备良好的沟通能力和团队协作精神。,苏州,少于50人,大专,5602,9606
测试工程师,参与系统架构设计，优化系统性能，提升用户体验。要求熟悉性能测试、自动化测试、测试等相关技术，具备良好的沟通能力和团队协作精神。,苏州,150-500人,博士,14790,25388
项目经理,参与需求分析，提供技术解决方案，推动项目落地。要求熟悉项目管理、团队协调、进度控制等相关技术，具备良好的沟通能力和团队协作精神。,深圳,少于50人,博士,27743,46103
人力资源专员,负责公司核心产品的开发与维护，参与技术方案设计。要求熟悉员工关系、培训、招聘等相关技术，具备良好的沟通能力和团队协作精神。,重庆,50-150人,博士,8734,14206
Python开发工程师,负责公司核心产品的开发与维护，参与技术方案设计。要求熟悉Flask、Redis、MySQL等相关技术，具备良好的沟通能力和团队协作精神。,重庆,50-150人,博士,12405,21161
数据科学家,构建机器学习模型，解决实际业务问题。要求熟悉TensorFlow、深度学习、机器学习等相关技术，具备良好的沟通能力和团队协作精神。,南京,150-500人,本科,16172,27572
数据科学家,构建机器学习模型，解决实际业务问题。要求熟悉深度学习、PyTorch、机器学习等相关技术，具备良好的沟通能力和团队协作精神。,西安,500-1000人,本科,18201,29025
产品经理,分析用户需求和市场动态，制定产品发展策略。要求熟悉需求分析、产品设计、Axure等相关技术，具备良好的沟通能力和团队协作精神。,西安,50-150人,本科,12921,20400
产品经理,协调研发、设计、运营团队，确保产品按时交付。要求熟悉需求分析、数据分析、Axure等相关技术，具备良好的沟通能力和团队协作精神。,广州,1000人以上,博士,37117,59926
数据分析师,构建机器学习模型，解决实际业务问题。要求熟悉Tableau、Excel、Python等相关技术，具备良好的沟通能力和团队协作精神。,西安,少于50人,本科,9082,13543
运维工程师,负责后端服务开发，确保代码质量和系统稳定性。要求熟悉Docker、运维、Linux等相关技术，具备良好的沟通能力和团队协作精神。,南京,150-500人,博士,13998,24942
全栈开发工程师,参与系统架构设计，优化系统性能，提升用户体验。要求熟悉Node.js、MySQL、MongoDB等相关技术，具备良好的沟通能力和团队协作精神。,天津,50-150人,大专,5091,9371
全栈开发工程师,负责后端服务开发，确保代码质量和系统稳定性。要求熟悉Node.js、MongoDB、React等相关技术，具备良好的沟通能力和团队协作精神。,西安,150-500人,硕士,9219,16042
Python开发工程师,参与系统架构设计，优化系统性能，提升用户体验。要求熟悉MySQL、Redis、Django等相关技术，具备良好的沟通能力和团队协作精神。,武汉,少于50人,硕士,20820,35847
运营专员,分析运营数据，优化运营策略和流程。要求熟悉用户增长、运营、活动策划等相关技术，具备良好的沟通能力和团队协作精神。,成都,150-500人,博士,11138,17618
技术支持工程师,参与系统架构设计，优化系统性能，提升用户体验。要求熟悉客户沟通、问题排查、文档编写等相关技术，具备良好的沟通能力和团队协作精神。,杭州,500-1000人,本科,8562,16658
前端开发工程师,参与系统架构设计，优化系统性能，提升用户体验。要求熟悉Vue、CSS、HTML等相关技术，具备良好的沟通能力和团队协作精神。,上海,50-150人,硕士,16812,26929
产品经理,协调研发、设计、运营团队，确保产品按时交付。要求熟悉Axure、用户研究、需求分析等相关技术，具备良好的沟通能力和团队协作精神。,苏州,500-1000人,硕士,16991,29621
数据科学家,设计和维护数据报表，监控业务指标变化。要求熟悉机器学习、深度学习、TensorFlow等相关技术，具备良好的沟通能力和团队协作精神。,深圳,少于50人,本科,19053,31803
前端开发工程师,负责公司核心产品的开发与维护，参与技术方案设计。要求熟悉JavaScript、CSS、TypeScript等相关技术，具备良好的沟通能力和团队协作精神。,广州,50-150人,博士,14268,26306
架构师,负责公司核心产品的开发与维护，参与技术方案设计。要求熟悉系统架构、技术选型、微服务等相关技术，具备良好的沟通能力和团队协作精神。,北京,少于50人,博士,13553,26282
前端开发工程师,参与系统架构设计，优化系统性能，提升用户体验。要求熟悉React、Vue、TypeScript等相关技术，具备良好的沟通能力和团队协作精神。,重庆,500-1000人,硕士,11197,18518
数据分析师,负责数据分析和挖掘，为业务决策提供数据支持。要求熟悉SQL、Python、Excel等相关技术，具备良好的沟通能力和团队协作精神。,深圳,1000人以上,本科,16353,25953
测试工程师,参与需求分析，提供技术解决方案，推动项目落地。要求熟悉自动化测试、性能测试、测试等相关技术，具备良好的沟通能力和团队协作精神。,西安,1000人以上,硕士,9276,17463
项目经理,负责后端服务开发，确保代码质量和系统稳定性。要求熟悉团队协调、进度控制、项目管理等相关技术，具备良好的沟通能力和团队协作精神。,苏州,500-1000人,博士,19798,37286
前端开发工程师,参与需求分析，提供技术解决方案，推动项目落地。要求熟悉Vue、React、CSS等相关技术，具备良好的沟通能力和团队协作精神。,西安,150-500人,硕士,8951,15773
Python开发工程师,负责后端服务开发，确保代码质量和系统稳定性。要求熟悉Flask、FastAPI、Python等相关技术，具备良好的沟通能力和团队协作精神。,北京,1000人以上,本科,16852,26836
测试工程师,参与需求分析，提供技术解决方案，推动项目落地。要求熟悉性能测试、缺陷管理、测试等相关技术，具备良好的沟通能力和团队协作精神。,西安,150-500人,大专,5568,9766
Python开发工程师,参与需求分析，提供技术解决方案，推动项目落地。要求熟悉MySQL、FastAPI、Redis等相关技术，具备良好的沟通能力和团队协作精神。,南京,150-500人,本科,6646,12726
算法工程师,参与系统架构设计，优化系统性能，提升用户体验。要求熟悉Python、算法、数据结构等相关技术，具备良好的沟通能力和团队协作精神。,深圳,500-1000人,博士,21050,36890
算法工程师,负责后端服务开发，确保代码质量和系统稳定性。要求熟悉深度学习、Python、数据结构等相关技术，具备良好的沟通能力和团队协作精神。,南京,1000人以上,硕士,12556,22041
机器学习工程师,负责后端服务开发，确保代码质量和系统稳定性。要求熟悉Python、特征工程、机器学习等相关技术，具备良好的沟通能力和团队协作精神。,上海,50-150人,本科,6765,14547
技术支持工程师,参与系统架构设计，优化系统性能，提升用户体验。要求熟悉客户沟通、技术支持、文档编写等相关技术，具备良好的沟通能力和团队协作精神。,西安,150-500人,博士,12892,22339
Java后端开发,负责公司核心产品的开发与维护，参与技术方案设计。要求熟悉SpringBoot、Dubbo、Spring等相关技术，具备良好的沟通能力和团队协作精神。,南京,少于50人,本科,6882,12050
UI设计师,负责公司核心产品的开发与维护，参与技术方案设计。要求熟悉Figma、UI设计、交互设计等相关技术，具备良好的沟通能力和团队协作精神。,天津,少于50人,本科,7506,11695
机器学习工程师,参与需求分析，提供技术解决方案，推动项目落地。要求熟悉特征工程、机器学习、Python等相关技术，具备良好的沟通能力和团队协作精神。,成都,500-1000人,硕士,14181,22417
市场经理,策划营销活动，提升产品知名度和市场份额。要求熟悉活动策划、市场营销、品牌建设等相关技术，具备良好的沟通能力和团队协作精神。,上海,50-150人,大专,14813,24152
数据科学家,负责数据分析和挖掘，为业务决策提供数据支持。要求熟悉Python、机器学习、TensorFlow等相关技术，具备良好的沟通能力和团队协作精神。,广州,150-500人,博士,36289,60049
UI设计师,参与需求分析，提供技术解决方案，推动项目落地。要求熟悉UI设计、Figma、用户体验等相关技术，具备良好的沟通能力和团队协作精神。,广州,少于50人,本科,7360,12596
人力资源专员,参与系统架构设计，优化系统性能，提升用户体验。要求熟悉招聘、绩效考核、员工关系等相关技术，具备良好的沟通能力和团队协作精神。,重庆,150-500人,硕士,8381,12541
产品经理,协调研发、设计、运营团队，确保产品按时交付。要求熟悉产品设计、需求分析、数据分析等相关技术，具备良好的沟通能力和团队协作精神。,西安,150-500人,本科,10911,18783
算法工程师,负责公司核心产品的开发与维护，参与技术方案设计。要求熟悉数据结构、Python、机器学习等相关技术，具备良好的沟通能力和团队协作精神。,重庆,500-1000人,硕士,10086,17407
全栈开发工程师,负责公司核心产品的开发与维护，参与技术方案设计。要求熟悉MongoDB、MySQL、Node.js等相关技术，具备良好的沟通能力和团队协作精神。,武汉,50-150人,大专,5666,9800
技术支持工程师,参与系统架构设计，优化系统性能，提升用户体验。要求熟悉问题排查、文档编写、技术支持等相关技术，具备良好的沟通能力和团队协作精神。,深圳,150-500人,大专,9037,15437
技术支持工程师,负责后端服务开发，确保代码质量和系统稳定性。要求熟悉问题排查、客户沟通、技术支持等相关技术，具备良好的沟通能力和团队协作精神。,成都,少于50人,大专,5279,9196
数据分析师,设计和维护数据报表，监控业务指标变化。要求熟悉Python、Tableau、统计学等相关技术，具备良好的沟通能力和团队协作精神。,西安,50-150人,硕士,10123,16605
机器学习工程师,参与系统架构设计，优化系统性能，提升用户体验。要求熟悉特征工程、Python、机器学习等相关技术，具备良好的沟通能力和团队协作精神。,北京,500-1000人,硕士,15139,27036
UI设计师,参与系统架构设计，优化系统性能，提升用户体验。要求熟悉交互设计、Figma、Sketch等相关技术，具备良好的沟通能力和团队协作精神。,南京,150-500人,博士,15664,25240
销售代表,分析市场趋势和竞争对手，制定市场策略。要求熟悉客户关系、销售、商务谈判等相关技术，具备良好的沟通能力和团队协作精神。,成都,500-1000人,硕士,10486,18723
UI设计师,参与需求分析，提供技术解决方案，推动项目落地。要求熟悉UI设计、用户体验、Sketch等相关技术，具备良好的沟通能力和团队协作精神。,杭州,150-500人,硕士,12475,20847
数据科学家,设计和维护数据报表，监控业务指标变化。要求熟悉机器学习、深度学习、TensorFlow等相关技术，具备良好的沟通能力和团队协作精神。,北京,1000人以上,硕士,39071,63407
前端开发工程师,参与系统架构设计，优化系统性能，提升用户体验。要求熟悉HTML、TypeScript、React等相关技术，具备良好的沟通能力和团队协作精神。,重庆,1000人以上,博士,14677,25736
技术支持工程师,负责后端服务开发，确保代码质量和系统稳定性。要求熟悉技术支持、文档编写、客户沟通等相关技术，具备良好的沟通能力和团队协作精神。,杭州,150-500人,博士,21951,35199
Java后端开发,参与系统架构设计，优化系统性能，提升用户体验。要求熟悉Java、MySQL、Spring等相关技术，具备良好的沟通能力和团队协作精神。,深圳,50-150人,大专,5337,11417
全栈开发工程师,参与需求分析，提供技术解决方案，推动项目落地。要求熟悉MongoDB、Node.js、JavaScript等相关技术，具备良好的沟通能力和团队协作精神。,北京,1000人以上,博士,28388,46359
销售代表,负责市场推广和品牌建设，拓展市场渠道。要求熟悉客户关系、商务谈判、业绩目标等相关技术，具备良好的沟通能力和团队协作精神。,广州,1000人以上,大专,10871,17630
前端开发工程师,参与需求分析，提供技术解决方案，推动项目落地。要求熟悉Vue、JavaScript、CSS等相关技术，具备良好的沟通能力和团队协作精神。,西安,少于50人,硕士,5719,11518
运维工程师,负责公司核心产品的开发与维护，参与技术方案设计。要求熟悉Linux、运维、K8s等相关技术，具备良好的沟通能力和团队协作精神。,北京,少于50人,硕士,12050,21244
算法工程师,参与系统架构设计，优化系统性能，提升用户体验。要求熟悉深度学习、数据结构、Python等相关技术，具备良好的沟通能力和团队协作精神。,南京,500-1000人,本科,8730,15418
数据科学家,设计和维护数据报表，监控业务指标变化。要求熟悉Python、深度学习、TensorFlow等相关技术，具备良好的沟通能力和团队协作精神。,南京,1000人以上,博士,31767,56391
UI设计师,参与系统架构设计，优化系统性能，提升用户体验。要求熟悉Figma、用户体验、Sketch等相关技术，具备良好的沟通能力和团队协作精神。,天津,500-1000人,大专,6401,10738
市场经理,策划营销活动，提升产品知名度和市场份额。要求熟悉渠道拓展、活动策划、品牌建设等相关技术，具备良好的沟通能力和团队协作精神。,重庆,50-150人,博士,15322,28455
销售代表,分析市场趋势和竞争对手，制定市场策略。要求熟悉客户关系、商务谈判、销售等相关技术，具备良好的沟通能力和团队协作精神。,武汉,500-1000人,硕士,13252,21031
人力资源专员,参与需求分析，提供技术解决方案，推动项目落地。要求熟悉员工关系、培训、招聘等相关技术，具备良好的沟通能力和团队协作精神。,南京,150-500人,硕士,8334,13274
Java后端开发,参与系统架构设计，优化系统性能，提升用户体验。要求熟悉SpringBoot、Java、Dubbo等相关技术，具备良好的沟通能力和团队协作精神。,杭州,1000人以上,大专,11399,18465
算法工程师,负责后端服务开发，确保代码质量和系统稳定性。要求熟悉深度学习、数据结构、算法等相关技术，具备良好的沟通能力和团队协作精神。,广州,150-500人,大专,8506,14138
Java后端开发,参与系统架构设计，优化系统性能，提升用户体验。要求熟悉SpringBoot、Dubbo、Spring等相关技术，具备良好的沟通能力和团队协作精神。,西安,150-500人,本科,6105,11353
算法工程师,参与需求分析，提供技术解决方案，推动项目落地。要求熟悉深度学习、数据结构、Python等相关技术，具备良好的沟通能力和团队协作精神。,杭州,150-500人,大专,7516,13404
前端开发工程师,参与系统架构设计，优化系统性能，提升用户体验。要求熟悉TypeScript、HTML、JavaScript等相关技术，具备良好的沟通能力和团队协作精神。,天津,150-500人,博士,14869,25007
技术支持工程师,参与需求分析，提供技术解决方案，推动项目落地。要求熟悉技术支持、文档编写、问题排查等相关技术，具备良好的沟通能力和团队协作精神。,重庆,150-500人,大专,5000,8789
销售代表,负责市场推广和品牌建设，拓展市场渠道。要求熟悉销售、商务谈判、客户关系等相关技术，具备良好的沟通能力和团队协作精神。,武汉,500-1000人,大专,7222,12009
Java后端开发,负责后端服务开发，确保代码质量和系统稳定性。要求熟悉Redis、Dubbo、Spring等相关技术，具备良好的沟通能力和团队协作精神。,杭州,1000人以上,大专,9396,16462
市场经理,负责市场推广和品牌建设，拓展市场渠道。要求熟悉活动策划、品牌建设、市场营销等相关技术，具备良好的沟通能力和团队协作精神。,南京,50-150人,本科,11304,19968
算法工程师,参与系统架构设计，优化系统性能，提升用户体验。要求熟悉数据结构、Python、算法等相关技术，具备良好的沟通能力和团队协作精神。,武汉,150-500人,博士,14769,24561
测试工程师,负责后端服务开发，确保代码质量和系统稳定性。要求熟悉测试、自动化测试、性能测试等相关技术，具备良好的沟通能力和团队协作精神。,苏州,少于50人,博士,13137,22145
数据分析师,构建机器学习模型，解决实际业务问题。要求熟悉Tableau、Excel、Python等相关技术，具备良好的沟通能力和团队协作精神。,深圳,500-1000人,本科,14155,22955
技术支持工程师,参与系统架构设计，优化系统性能，提升用户体验。要求熟悉技术支持、问题排查、客户沟通等相关技术，具备良好的沟通能力和团队协作精神。,天津,1000人以上,本科,10761,17520
市场经理,负责市场推广和品牌建设，拓展市场渠道。要求熟悉活动策划、品牌建设、渠道拓展等相关技术，具备良好的沟通能力和团队协作精神。,重庆,1000人以上,大专,8643,16015
销售代表,分析市场趋势和竞争对手，制定市场策略。要求熟悉销售、客户关系、业绩目标等相关技术，具备良好的沟通能力和团队协作精神。,广州,150-500人,硕士,13640,22792
销售代表,策划营销活动，提升产品知名度和市场份额。要求熟悉销售、业绩目标、商务谈判等相关技术，具备良好的沟通能力和团队协作精神。,苏州,500-1000人,本科,9625,16102
销售代表,分析市场趋势和竞争对手，制定市场策略。要求熟悉销售、业绩目标、商务谈判等相关技术，具备良好的沟通能力和团队协作精神。,深圳,少于50人,大专,7164,12604
运营专员,策划运营活动，提升品牌影响力和用户增长。要求熟悉用户增长、活动策划、运营等相关技术，具备良好的沟通能力和团队协作精神。,北京,150-500人,大专,6511,10671
市场经理,负责市场推广和品牌建设，拓展市场渠道。要求熟悉渠道拓展、活动策划、品牌建设等相关技术，具备良好的沟通能力和团队协作精神。,广州,1000人以上,本科,14451,27123
技术支持工程师,参与需求分析，提供技术解决方案，推动项目落地。要求熟悉技术支持、问题排查、文档编写等相关技术，具备良好的沟通能力和团队协作精神。,天津,50-150人,大专,6627,10907
Java后端开发,负责公司核心产品的开发与维护，参与技术方案设计。要求熟悉MySQL、Java、Redis等相关技术，具备良好的沟通能力和团队协作精神。,杭州,50-150人,硕士,12183,21272
人力资源专员,负责公司核心产品的开发与维护，参与技术方案设计。要求熟悉招聘、培训、绩效考核等相关技术，具备良好的沟通能力和团队协作精神。,重庆,150-500人,硕士,5805,9965
算法工程师,负责后端服务开发，确保代码质量和系统稳定性。要求熟悉机器学习、算法、深度学习等相关技术，具备良好的沟通能力和团队协作精神。,武汉,1000人以上,大专,8207,13430
机器学习工程师,负责公司核心产品的开发与维护，参与技术方案设计。要求熟悉机器学习、特征工程、模型调优等相关技术，具备良好的沟通能力和团队协作精神。,南京,500-1000人,大专,6650,12000
市场经理,负责市场推广和品牌建设，拓展市场渠道。要求熟悉渠道拓展、活动策划、品牌建设等相关技术，具备良好的沟通能力和团队协作精神。,西安,500-1000人,本科,9619,18278
销售代表,分析市场趋势和竞争对手，制定市场策略。要求熟悉商务谈判、销售、客户关系等相关技术，具备良好的沟通能力和团队协作精神。,重庆,150-500人,本科,5545,10665
人力资源专员,参与系统架构设计，优化系统性能，提升用户体验。要求熟悉培训、员工关系、绩效考核等相关技术，具备良好的沟通能力和团队协作精神。,北京,1000人以上,硕士,13151,21263
数据分析师,构建机器学习模型，解决实际业务问题。要求熟悉Excel、统计学、Tableau等相关技术，具备良好的沟通能力和团队协作精神。,上海,500-1000人,本科,12682,21693
运营专员,分析运营数据，优化运营策略和流程。要求熟悉活动策划、运营、数据分析等相关技术，具备良好的沟通能力和团队协作精神。,苏州,150-500人,博士,12260,18884
项目经理,负责后端服务开发，确保代码质量和系统稳定性。要求熟悉进度控制、风险控制、项目管理等相关技术，具备良好的沟通能力和团队协作精神。,南京,50-150人,本科,8530,17194
项目经理,负责公司核心产品的开发与维护，参与技术方案设计。要求熟悉进度控制、风险控制、项目管理等相关技术，具备良好的沟通能力和团队协作精神。,深圳,150-500人,大专,16253,25853
Python开发工程师,负责后端服务开发，确保代码质量和系统稳定性。要求熟悉FastAPI、Flask、Django等相关技术，具备良好的沟通能力和团队协作精神。,成都,500-1000人,博士,16132,27537
机器学习工程师,负责公司核心产品的开发与维护，参与技术方案设计。要求熟悉特征工程、模型调优、Python等相关技术，具备良好的沟通能力和团队协作精神。,上海,50-150人,本科,10559,18342
技术支持工程师,负责后端服务开发，确保代码质量和系统稳定性。要求熟悉技术支持、客户沟通、问题排查等相关技术，具备良好的沟通能力和团队协作精神。,广州,50-150人,大专,6810,12160
数据分析师,设计和维护数据报表，监控业务指标变化。要求熟悉Python、Excel、Tableau等相关技术，具备良好的沟通能力和团队协作精神。,南京,1000人以上,博士,23308,36441
测试工程师,参与系统架构设计，优化系统性能，提升用户体验。要求熟悉自动化测试、测试、缺陷管理等相关技术，具备良好的沟通能力和团队协作精神。,西安,50-150人,本科,6820,11805
Python开发工程师,参与系统架构设计，优化系统性能，提升用户体验。要求熟悉Django、Python、Redis等相关技术，具备良好的沟通能力和团队协作精神。,杭州,500-1000人,本科,12806,20902
UI设计师,参与需求分析，提供技术解决方案，推动项目落地。要求熟悉Figma、用户体验、交互设计等相关技术，具备良好的沟通能力和团队协作精神。,苏州,500-1000人,硕士,12283,19651
Java后端开发,参与需求分析，提供技术解决方案，推动项目落地。要求熟悉Redis、Dubbo、Java等相关技术，具备良好的沟通能力和团队协作精神。,苏州,500-1000人,硕士,11814,20234
运维工程师,负责公司核心产品的开发与维护，参与技术方案设计。要求熟悉Linux、K8s、Docker等相关技术，具备良好的沟通能力和团队协作精神。,上海,500-1000人,博士,21196,37417
Java后端开发,参与系统架构设计，优化系统性能，提升用户体验。要求熟悉SpringBoot、MySQL、Redis等相关技术，具备良好的沟通能力和团队协作精神。,南京,500-1000人,大专,7299,12650
运营专员,策划运营活动，提升品牌影响力和用户增长。要求熟悉数据分析、用户增长、运营等相关技术，具备良好的沟通能力和团队协作精神。,杭州,500-1000人,本科,7901,12961
运维工程师,负责公司核心产品的开发与维护，参与技术方案设计。要求熟悉监控、运维、K8s等相关技术，具备良好的沟通能力和团队协作精神。,深圳,500-1000人,博士,16700,32540
项目经理,参与需求分析，提供技术解决方案，推动项目落地。要求熟悉风险控制、进度控制、团队协调等相关技术，具备良好的沟通能力和团队协作精神。,天津,1000人以上,本科,11376,21514
Python开发工程师,参与需求分析，提供技术解决方案，推动项目落地。要求熟悉Python、Flask、MySQL等相关技术，具备良好的沟通能力和团队协作精神。,深圳,500-1000人,本科,13326,22126
数据科学家,负责数据分析和挖掘，为业务决策提供数据支持。要求熟悉TensorFlow、深度学习、Python等相关技术，具备良好的沟通能力和团队协作精神。,天津,少于50人,大专,11625,18806
运维工程师,参与需求分析，提供技术解决方案，推动项目落地。要求熟悉监控、K8s、运维等相关技术，具备良好的沟通能力和团队协作精神。,天津,500-1000人,本科,4152,7249
数据科学家,负责数据分析和挖掘，为业务决策提供数据支持。要求熟悉机器学习、PyTorch、深度学习等相关技术，具备良好的沟通能力和团队协作精神。,成都,1000人以上,本科,20569,33529
Java后端开发,参与需求分析，提供技术解决方案，推动项目落地。要求熟悉SpringBoot、Spring、Java等相关技术，具备良好的沟通能力和团队协作精神。,武汉,150-500人,硕士,10184,17256
数据分析师,负责数据分析和挖掘，为业务决策提供数据支持。要求熟悉Tableau、统计学、Excel等相关技术，具备良好的沟通能力和团队协作精神。,广州,少于50人,硕士,12208,19988
架构师,参与系统架构设计，优化系统性能，提升用户体验。要求熟悉技术选型、性能优化、微服务等相关技术，具备良好的沟通能力和团队协作精神。,北京,1000人以上,博士,22087,40059
UI设计师,负责公司核心产品的开发与维护，参与技术方案设计。要求熟悉Figma、Sketch、用户体验等相关技术，具备良好的沟通能力和团队协作精神。,武汉,500-1000人,大专,7057,11246
架构师,参与系统架构设计，优化系统性能，提升用户体验。要求熟悉系统架构、性能优化、技术选型等相关技术，具备良好的沟通能力和团队协作精神。,广州,少于50人,本科,7130,13114
Java后端开发,负责后端服务开发，确保代码质量和系统稳定性。要求熟悉Java、Dubbo、Redis等相关技术，具备良好的沟通能力和团队协作精神。,深圳,少于50人,硕士,12831,21671
财务分析师,参与系统架构设计，优化系统性能，提升用户体验。要求熟悉财务报表、Excel、预算编制等相关技术，具备良好的沟通能力和团队协作精神。,深圳,50-150人,硕士,12992,22872
Java后端开发,负责后端服务开发，确保代码质量和系统稳定性。要求熟悉MySQL、Java、Dubbo等相关技术，具备良好的沟通能力和团队协作精神。,上海,150-500人,硕士,16698,27347
架构师,参与系统架构设计，优化系统性能，提升用户体验。要求熟悉系统架构、性能优化、技术选型等相关技术，具备良好的沟通能力和团队协作精神。,上海,150-500人,博士,53952,90817
市场经理,分析市场趋势和竞争对手，制定市场策略。要求熟悉品牌建设、渠道拓展、市场营销等相关技术，具备良好的沟通能力和团队协作精神。,南京,500-1000人,本科,14275,24307
全栈开发工程师,参与需求分析，提供技术解决方案，推动项目落地。要求熟悉MongoDB、Node.js、React等相关技术，具备良好的沟通能力和团队协作精神。,苏州,1000人以上,大专,8813,14466
技术支持工程师,参与系统架构设计，优化系统性能，提升用户体验。要求熟悉文档编写、客户沟通、问题排查等相关技术，具备良好的沟通能力和团队协作精神。,成都,150-500人,硕士,12634,20122
测试工程师,负责后端服务开发，确保代码质量和系统稳定性。要求熟悉自动化测试、测试、性能测试等相关技术，具备良好的沟通能力和团队协作精神。,深圳,1000人以上,本科,15025,24625
Python开发工程师,参与需求分析，提供技术解决方案，推动项目落地。要求熟悉FastAPI、Python、Flask等相关技术，具备良好的沟通能力和团队协作精神。,西安,少于50人,本科,5000,9054
销售代表,分析市场趋势和竞争对手，制定市场策略。要求熟悉客户关系、商务谈判、业绩目标等相关技术，具备良好的沟通能力和团队协作精神。,南京,50-150人,大专,5244,9865
产品经理,分析用户需求和市场动态，制定产品发展策略。要求熟悉数据分析、Axure、产品设计等相关技术，具备良好的沟通能力和团队协作精神。,上海,150-500人,硕士,20093,36067
全栈开发工程师,参与需求分析，提供技术解决方案，推动项目落地。要求熟悉MongoDB、JavaScript、MySQL等相关技术，具备良好的沟通能力和团队协作精神。,重庆,150-500人,硕士,9184,15840
机器学习工程师,参与需求分析，提供技术解决方案，推动项目落地。要求熟悉Python、特征工程、模型调优等相关技术，具备良好的沟通能力和团队协作精神。,成都,150-500人,博士,15262,25630
测试工程师,参与需求分析，提供技术解决方案，推动项目落地。要求熟悉缺陷管理、性能测试、测试等相关技术，具备良好的沟通能力和团队协作精神。,深圳,500-1000人,硕士,14173,25613
运维工程师,负责公司核心产品的开发与维护，参与技术方案设计。要求熟悉Linux、Docker、监控等相关技术，具备良好的沟通能力和团队协作精神。,杭州,1000人以上,硕士,16189,27670
前端开发工程师,负责后端服务开发，确保代码质量和系统稳定性。要求熟悉TypeScript、HTML、React等相关技术，具备良好的沟通能力和团队协作精神。,深圳,150-500人,大专,7893,14293
项目经理,负责公司核心产品的开发与维护，参与技术方案设计。要求熟悉团队协调、风险控制、进度控制等相关技术，具备良好的沟通能力和团队协作精神。,苏州,500-1000人,本科,12244,21959
Java后端开发,参与需求分析，提供技术解决方案，推动项目落地。要求熟悉Spring、SpringBoot、MySQL等相关技术，具备良好的沟通能力和团队协作精神。,杭州,500-1000人,大专,3598,6837
运营专员,负责日常运营工作，提升用户活跃度和留存率。要求熟悉运营、活动策划、用户增长等相关技术，具备良好的沟通能力和团队协作精神。,广州,1000人以上,硕士,9028,15892
机器学习工程师,参与需求分析，提供技术解决方案，推动项目落地。要求熟悉机器学习、Python、模型调优等相关技术，具备良好的沟通能力和团队协作精神。,上海,500-1000人,大专,8085,15294
测试工程师,负责后端服务开发，确保代码质量和系统稳定性。要求熟悉自动化测试、测试、性能测试等相关技术，具备良好的沟通能力和团队协作精神。,天津,1000人以上,硕士,10473,19258
机器学习工程师,参与需求分析，提供技术解决方案，推动项目落地。要求熟悉Python、模型调优、机器学习等相关技术，具备良好的沟通能力和团队协作精神。,天津,少于50人,博士,13550,22167
Java后端开发,负责后端服务开发，确保代码质量和系统稳定性。要求熟悉MySQL、Java、Redis等相关技术，具备良好的沟通能力和团队协作精神。,重庆,1000人以上,大专,5883,10798
运维工程师,负责后端服务开发，确保代码质量和系统稳定性。要求熟悉Linux、Docker、运维等相关技术，具备良好的沟通能力和团队协作精神。,重庆,150-500人,大专,7653,11749
机器学习工程师,参与需求分析，提供技术解决方案，推动项目落地。要求熟悉Python、机器学习、模型调优等相关技术，具备良好的沟通能力和团队协作精神。,杭州,150-500人,硕士,14041,23609
数据科学家,设计和维护数据报表，监控业务指标变化。要求熟悉PyTorch、Python、TensorFlow等相关技术，具备良好的沟通能力和团队协作精神。,杭州,少于50人,大专,15219,24603
架构师,负责后端服务开发，确保代码质量和系统稳定性。要求熟悉技术选型、性能优化、微服务等相关技术，具备良好的沟通能力和团队协作精神。,成都,1000人以上,硕士,10909,19894
项目经理,负责后端服务开发，确保代码质量和系统稳定性。要求熟悉团队协调、风险控制、进度控制等相关技术，具备良好的沟通能力和团队协作精神。,广州,50-150人,大专,12089,20114
Java后端开发,负责公司核心产品的开发与维护，参与技术方案设计。要求熟悉Java、MySQL、Dubbo等相关技术，具备良好的沟通能力和团队协作精神。,深圳,少于50人,博士,15508,27748
前端开发工程师,参与需求分析，提供技术解决方案，推动项目落地。要求熟悉HTML、Vue、CSS等相关技术，具备良好的沟通能力和团队协作精神。,武汉,500-1000人,本科,8364,14348
市场经理,策划营销活动，提升产品知名度和市场份额。要求熟悉品牌建设、市场营销、活动策划等相关技术，具备良好的沟通能力和团队协作精神。,广州,1000人以上,大专,18805,28943
全栈开发工程师,参与需求分析，提供技术解决方案，推动项目落地。要求熟悉React、MongoDB、JavaScript等相关技术，具备良好的沟通能力和团队协作精神。,西安,150-500人,博士,12818,22265
技术支持工程师,参与系统架构设计，优化系统性能，提升用户体验。要求熟悉客户沟通、问题排查、文档编写等相关技术，具备良好的沟通能力和团队协作精神。,杭州,150-500人,博士,21070,34318
测试工程师,负责公司核心产品的开发与维护，参与技术方案设计。要求熟悉性能测试、自动化测试、缺陷管理等相关技术，具备良好的沟通能力和团队协作精神。,北京,少于50人,博士,15824,28554
数据科学家,设计和维护数据报表，监控业务指标变化。要求熟悉Python、TensorFlow、深度学习等相关技术，具备良好的沟通能力和团队协作精神。,杭州,150-500人,本科,21749,35549
全栈开发工程师,负责后端服务开发，确保代码质量和系统稳定性。要求熟悉MongoDB、MySQL、React等相关技术，具备良好的沟通能力和团队协作精神。,成都,1000人以上,大专,9439,14968
项目经理,参与系统架构设计，优化系统性能，提升用户体验。要求熟悉风险控制、进度控制、项目管理等相关技术，具备良好的沟通能力和团队协作精神。,武汉,50-150人,本科,9747,17499
市场经理,策划营销活动，提升产品知名度和市场份额。要求熟悉渠道拓展、活动策划、市场营销等相关技术，具备良好的沟通能力和团队协作精神。,广州,1000人以上,博士,39114,61924
数据科学家,负责数据分析和挖掘，为业务决策提供数据支持。要求熟悉PyTorch、TensorFlow、机器学习等相关技术，具备良好的沟通能力和团队协作精神。,重庆,少于50人,博士,25421,40109
架构师,负责后端服务开发，确保代码质量和系统稳定性。要求熟悉微服务、系统架构、性能优化等相关技术，具备良好的沟通能力和团队协作精神。,上海,500-1000人,本科,11440,20451
技术支持工程师,负责公司核心产品的开发与维护，参与技术方案设计。要求熟悉技术支持、文档编写、客户沟通等相关技术，具备良好的沟通能力和团队协作精神。,武汉,150-500人,博士,14625,24417
项目经理,参与系统架构设计，优化系统性能，提升用户体验。要求熟悉风险控制、团队协调、进度控制等相关技术，具备良好的沟通能力和团队协作精神。,重庆,少于50人,本科,10166,16694
人力资源专员,参与系统架构设计，优化系统性能，提升用户体验。要求熟悉培训、绩效考核、员工关系等相关技术，具备良好的沟通能力和团队协作精神。,苏州,1000人以上,博士,12911,20860
运营专员,分析运营数据，优化运营策略和流程。要求熟悉数据分析、运营、用户增长等相关技术，具备良好的沟通能力和团队协作精神。,苏州,150-500人,博士,7855,14479
技术支持工程师,负责后端服务开发，确保代码质量和系统稳定性。要求熟悉技术支持、问题排查、文档编写等相关技术，具备良好的沟通能力和团队协作精神。,南京,500-1000人,本科,8284,14972
Python开发工程师,负责公司核心产品的开发与维护，参与技术方案设计。要求熟悉Flask、Python、Django等相关技术，具备良好的沟通能力和团队协作精神。,天津,1000人以上,硕士,11672,20458
财务分析师,负责后端服务开发，确保代码质量和系统稳定性。要求熟悉财务报表、预算编制、Excel等相关技术，具备良好的沟通能力和团队协作精神。,天津,1000人以上,博士,10165,16247
财务分析师,参与需求分析，提供技术解决方案，推动项目落地。要求熟悉预算编制、财务分析、财务报表等相关技术，具备良好的沟通能力和团队协作精神。,南京,50-150人,本科,10531,16307
销售代表,分析市场趋势和竞争对手，制定市场策略。要求熟悉客户关系、销售、商务谈判等相关技术，具备良好的沟通能力和团队协作精神。,武汉,50-150人,硕士,9461,16180
前端开发工程师,参与需求分析，提供技术解决方案，推动项目落地。要求熟悉CSS、TypeScript、React等相关技术，具备良好的沟通能力和团队协作精神。,重庆,少于50人,本科,5000,9246
前端开发工程师,参与需求分析，提供技术解决方案，推动项目落地。要求熟悉HTML、React、TypeScript等相关技术，具备良好的沟通能力和团队协作精神。,深圳,500-1000人,博士,22909,38749
运维工程师,参与需求分析，提供技术解决方案，推动项目落地。要求熟悉Docker、Linux、运维等相关技术，具备良好的沟通能力和团队协作精神。,武汉,1000人以上,博士,17502,29252
财务分析师,参与系统架构设计，优化系统性能，提升用户体验。要求熟悉Excel、预算编制、财务报表等相关技术，具备良好的沟通能力和团队协作精神。,苏州,少于50人,博士,16305,25313
Java后端开发,负责后端服务开发，确保代码质量和系统稳定性。要求熟悉Java、Redis、MySQL等相关技术，具备良好的沟通能力和团队协作精神。,北京,1000人以上,博士,28352,46323
前端开发工程师,参与需求分析，提供技术解决方案，推动项目落地。要求熟悉HTML、JavaScript、CSS等相关技术，具备良好的沟通能力和团队协作精神。,深圳,1000人以上,硕士,19111,31591
算法工程师,负责公司核心产品的开发与维护，参与技术方案设计。要求熟悉Python、算法、数据结构等相关技术，具备良好的沟通能力和团队协作精神。,西安,少于50人,硕士,8472,14271
UI设计师,参与需求分析，提供技术解决方案，推动项目落地。要求熟悉Sketch、交互设计、Figma等相关技术，具备良好的沟通能力和团队协作精神。,南京,500-1000人,硕士,12383,19991
数据科学家,设计和维护数据报表，监控业务指标变化。要求熟悉PyTorch、深度学习、Python等相关技术，具备良好的沟通能力和团队协作精神。,北京,1000人以上,硕士,30110,54446
测试工程师,负责后端服务开发，确保代码质量和系统稳定性。要求熟悉测试、自动化测试、性能测试等相关技术，具备良好的沟通能力和团队协作精神。,苏州,50-150人,大专,6513,10988
前端开发工程师,负责后端服务开发，确保代码质量和系统稳定性。要求熟悉Vue、React、CSS等相关技术，具备良好的沟通能力和团队协作精神。,深圳,1000人以上,大专,10859,18539
产品经理,分析用户需求和市场动态，制定产品发展策略。要求熟悉需求分析、数据分析、Axure等相关技术，具备良好的沟通能力和团队协作精神。,杭州,少于50人,大专,10704,18211
UI设计师,参与系统架构设计，优化系统性能，提升用户体验。要求熟悉用户体验、Figma、Sketch等相关技术，具备良好的沟通能力和团队协作精神。,成都,50-150人,硕士,8522,14747
Java后端开发,参与系统架构设计，优化系统性能，提升用户体验。要求熟悉MySQL、Dubbo、Redis等相关技术，具备良好的沟通能力和团队协作精神。,成都,少于50人,本科,5739,10635
算法工程师,参与系统架构设计，优化系统性能，提升用户体验。要求熟悉深度学习、Python、算法等相关技术，具备良好的沟通能力和团队协作精神。,重庆,500-1000人,本科,8856,14488
产品经理,协调研发、设计、运营团队，确保产品按时交付。要求熟悉用户研究、数据分析、需求分析等相关技术，具备良好的沟通能力和团队协作精神。,上海,少于50人,本科,14284,24728
测试工程师,参与需求分析，提供技术解决方案，推动项目落地。要求熟悉缺陷管理、自动化测试、性能测试等相关技术，具备良好的沟通能力和团队协作精神。,天津,1000人以上,本科,10156,16914
数据分析师,构建机器学习模型，解决实际业务问题。要求熟悉Tableau、统计学、Python等相关技术，具备良好的沟通能力和团队协作精神。,南京,500-1000人,大专,9061,14412
市场经理,分析市场趋势和竞争对手，制定市场策略。要求熟悉渠道拓展、品牌建设、活动策划等相关技术，具备良好的沟通能力和团队协作精神。,南京,少于50人,大专,8561,14763
市场经理,策划营销活动，提升产品知名度和市场份额。要求熟悉活动策划、品牌建设、市场营销等相关技术，具备良好的沟通能力和团队协作精神。,杭州,150-500人,大专,13697,22529
项目经理,参与系统架构设计，优化系统性能，提升用户体验。要求熟悉团队协调、风险控制、项目管理等相关技术，具备良好的沟通能力和团队协作精神。,广州,1000人以上,硕士,21057,37530
Python开发工程师,负责公司核心产品的开发与维护，参与技术方案设计。要求熟悉MySQL、Python、FastAPI等相关技术，具备良好的沟通能力和团队协作精神。,上海,少于50人,博士,17459,29993
销售代表,负责市场推广和品牌建设，拓展市场渠道。要求熟悉销售、业绩目标、商务谈判等相关技术，具备良好的沟通能力和团队协作精神。,广州,150-500人,硕士,11790,20942
Java后端开发,负责公司核心产品的开发与维护，参与技术方案设计。要求熟悉Java、Redis、Spring等相关技术，具备良好的沟通能力和团队协作精神。,苏州,50-150人,大专,5788,10263
人力资源专员,负责公司核心产品的开发与维护，参与技术方案设计。要求熟悉培训、员工关系、绩效考核等相关技术，具备良好的沟通能力和团队协作精神。,重庆,1000人以上,本科,5522,9362
UI设计师,负责后端服务开发，确保代码质量和系统稳定性。要求熟悉用户体验、Sketch、Figma等相关技术，具备良好的沟通能力和团队协作精神。,重庆,少于50人,博士,11587,18441
数据科学家,构建机器学习模型，解决实际业务问题。要求熟悉TensorFlow、深度学习、Python等相关技术，具备良好的沟通能力和团队协作精神。,上海,150-500人,大专,54690,91554
产品经理,负责产品规划和设计，推动产品迭代优化。要求熟悉用户研究、需求分析、Axure等相关技术，具备良好的沟通能力和团队协作精神。,杭州,50-150人,博士,30402,49281
人力资源专员,参与系统架构设计，优化系统性能，提升用户体验。要求熟悉员工关系、招聘、绩效考核等相关技术，具备良好的沟通能力和团队协作精神。,深圳,500-1000人,大专,5812,10212
UI设计师,负责公司核心产品的开发与维护，参与技术方案设计。要求熟悉UI设计、交互设计、Sketch等相关技术，具备良好的沟通能力和团队协作精神。,天津,150-500人,大专,6318,10261
产品经理,负责产品规划和设计，推动产品迭代优化。要求熟悉产品设计、数据分析、Axure等相关技术，具备良好的沟通能力和团队协作精神。,西安,少于50人,博士,15567,27611
人力资源专员,参与需求分析，提供技术解决方案，推动项目落地。要求熟悉招聘、绩效考核、培训等相关技术，具备良好的沟通能力和团队协作精神。,杭州,50-150人,硕士,10165,15846
测试工程师,参与系统架构设计，优化系统性能，提升用户体验。要求熟悉测试、自动化测试、性能测试等相关技术，具备良好的沟通能力和团队协作精神。,武汉,500-1000人,大专,6758,11546
全栈开发工程师,负责后端服务开发，确保代码质量和系统稳定性。要求熟悉Node.js、MySQL、JavaScript等相关技术，具备良好的沟通能力和团队协作精神。,苏州,1000人以上,硕士,14406,23592
前端开发工程师,负责公司核心产品的开发与维护，参与技术方案设计。要求熟悉TypeScript、Vue、React等相关技术，具备良好的沟通能力和团队协作精神。,成都,1000人以上,硕士,9852,18837
数据科学家,设计和维护数据报表，监控业务指标变化。要求熟悉机器学习、深度学习、TensorFlow等相关技术，具备良好的沟通能力和团队协作精神。,南京,少于50人,博士,28586,46028
人力资源专员,负责公司核心产品的开发与维护，参与技术方案设计。要求熟悉员工关系、绩效考核、招聘等相关技术，具备良好的沟通能力和团队协作精神。,上海,150-500人,博士,15463,24679
数据分析师,设计和维护数据报表，监控业务指标变化。要求熟悉统计学、Excel、Tableau等相关技术，具备良好的沟通能力和团队协作精神。,北京,50-150人,大专,10784,17107
人力资源专员,参与需求分析，提供技术解决方案，推动项目落地。要求熟悉员工关系、招聘、绩效考核等相关技术，具备良好的沟通能力和团队协作精神。,上海,1000人以上,硕士,13682,21670
市场经理,策划营销活动，提升产品知名度和市场份额。要求熟悉市场营销、活动策划、品牌建设等相关技术，具备良好的沟通能力和团队协作精神。,北京,150-500人,大专,12759,22743
架构师,负责公司核心产品的开发与维护，参与技术方案设计。要求熟悉系统架构、性能优化、微服务等相关技术，具备良好的沟通能力和团队协作精神。,深圳,1000人以上,本科,15736,25336
测试工程师,负责公司核心产品的开发与维护，参与技术方案设计。要求熟悉自动化测试、性能测试、测试等相关技术，具备良好的沟通能力和团队协作精神。,重庆,少于50人,博士,14147,21981
Python开发工程师,负责公司核心产品的开发与维护，参与技术方案设计。要求熟悉FastAPI、MySQL、Django等相关技术，具备良好的沟通能力和团队协作精神。,深圳,少于50人,硕士,11553,20393
项目经理,参与需求分析，提供技术解决方案，推动项目落地。要求熟悉进度控制、项目管理、团队协调等相关技术，具备良好的沟通能力和团队协作精神。,上海,少于50人,大专,10791,19147
财务分析师,负责公司核心产品的开发与维护，参与技术方案设计。要求熟悉预算编制、财务报表、财务分析等相关技术，具备良好的沟通能力和团队协作精神。,成都,500-1000人,硕士,16518,24755
Java后端开发,负责公司核心产品的开发与维护，参与技术方案设计。要求熟悉Java、SpringBoot、Spring等相关技术，具备良好的沟通能力和团队协作精神。,苏州,50-150人,硕士,12152,19423
财务分析师,参与需求分析，提供技术解决方案，推动项目落地。要求熟悉预算编制、Excel、财务分析等相关技术，具备良好的沟通能力和团队协作精神。,深圳,150-500人,本科,12584,20584
数据分析师,负责数据分析和挖掘，为业务决策提供数据支持。要求熟悉SQL、Tableau、统计学等相关技术，具备良好的沟通能力和团队协作精神。,上海,1000人以上,博士,28233,45928
Python开发工程师,负责后端服务开发，确保代码质量和系统稳定性。要求熟悉FastAPI、Redis、Django等相关技术，具备良好的沟通能力和团队协作精神。,北京,50-150人,大专,8360,14683
机器学习工程师,参与需求分析，提供技术解决方案，推动项目落地。要求熟悉机器学习、Python、特征工程等相关技术，具备良好的沟通能力和团队协作精神。,深圳,150-500人,博士,16169,30569
技术支持工程师,负责后端服务开发，确保代码质量和系统稳定性。要求熟悉客户沟通、问题排查、技术支持等相关技术，具备良好的沟通能力和团队协作精神。,深圳,500-1000人,大专,8467,15507
架构师,负责公司核心产品的开发与维护，参与技术方案设计。要求熟悉性能优化、微服务、系统架构等相关技术，具备良好的沟通能力和团队协作精神。,广州,50-150人,大专,6349,11699
UI设计师,负责公司核心产品的开发与维护，参与技术方案设计。要求熟悉Figma、UI设计、用户体验等相关技术，具备良好的沟通能力和团队协作精神。,重庆,50-150人,硕士,8179,13712
测试工程师,负责公司核心产品的开发与维护，参与技术方案设计。要求熟悉测试、性能测试、自动化测试等相关技术，具备良好的沟通能力和团队协作精神。,西安,50-150人,本科,6822,11808
运营专员,策划运营活动，提升品牌影响力和用户增长。要求熟悉用户增长、运营、数据分析等相关技术，具备良好的沟通能力和团队协作精神。,广州,500-1000人,硕士,9732,16024
Java后端开发,负责公司核心产品的开发与维护，参与技术方案设计。要求熟悉MySQL、Redis、Java等相关技术，具备良好的沟通能力和团队协作精神。,南京,50-150人,本科,9621,15397
前端开发工程师,参与需求分析，提供技术解决方案，推动项目落地。要求熟悉React、Vue、CSS等相关技术，具备良好的沟通能力和团队协作精神。,广州,500-1000人,硕士,11957,22025
全栈开发工程师,参与系统架构设计，优化系统性能，提升用户体验。要求熟悉MySQL、React、MongoDB等相关技术，具备良好的沟通能力和团队协作精神。,成都,50-150人,大专,6827,11204
算法工程师,负责公司核心产品的开发与维护，参与技术方案设计。要求熟悉机器学习、数据结构、算法等相关技术，具备良好的沟通能力和团队协作精神。,上海,500-1000人,博士,21651,37872
技术支持工程师,负责后端服务开发，确保代码质量和系统稳定性。要求熟悉问题排查、文档编写、技术支持等相关技术，具备良好的沟通能力和团队协作精神。,西安,50-150人,博士,12256,21230
销售代表,负责市场推广和品牌建设，拓展市场渠道。要求熟悉销售、商务谈判、业绩目标等相关技术，具备良好的沟通能力和团队协作精神。,杭州,50-150人,硕士,13648,22737
产品经理,协调研发、设计、运营团队，确保产品按时交付。要求熟悉用户研究、需求分析、数据分析等相关技术，具备良好的沟通能力和团队协作精神。,深圳,少于50人,博士,21380,39740
算法工程师,参与系统架构设计，优化系统性能，提升用户体验。要求熟悉深度学习、数据结构、算法等相关技术，具备良好的沟通能力和团队协作精神。,杭州,1000人以上,本科,12777,21609
财务分析师,参与需求分析，提供技术解决方案，推动项目落地。要求熟悉财务报表、预算编制、财务分析等相关技术，具备良好的沟通能力和团队协作精神。,南京,500-1000人,本科,5764,9108
财务分析师,负责后端服务开发，确保代码质量和系统稳定性。要求熟悉财务报表、Excel、财务分析等相关技术，具备良好的沟通能力和团队协作精神。,天津,50-150人,本科,9605,14955
项目经理,参与需求分析，提供技术解决方案，推动项目落地。要求熟悉项目管理、风险控制、进度控制等相关技术，具备良好的沟通能力和团队协作精神。,深圳,1000人以上,大专,16464,27984
运维工程师,参与需求分析，提供技术解决方案，推动项目落地。要求熟悉运维、K8s、Linux等相关技术，具备良好的沟通能力和团队协作精神。,北京,500-1000人,博士,30235,46708
算法工程师,参与需求分析，提供技术解决方案，推动项目落地。要求熟悉数据结构、深度学习、机器学习等相关技术，具备良好的沟通能力和团队协作精神。,上海,1000人以上,大专,9873,17737
运营专员,策划运营活动，提升品牌影响力和用户增长。要求熟悉数据分析、运营、活动策划等相关技术，具备良好的沟通能力和团队协作精神。,广州,少于50人,大专,5000,7162
项目经理,参与需求分析，提供技术解决方案，推动项目落地。要求熟悉风险控制、项目管理、进度控制等相关技术，具备良好的沟通能力和团队协作精神。,天津,1000人以上,大专,10203,18313
数据科学家,设计和维护数据报表，监控业务指标变化。要求熟悉Python、TensorFlow、深度学习等相关技术，具备良好的沟通能力和团队协作精神。,成都,500-1000人,大专,13948,23452
市场经理,策划营销活动，提升产品知名度和市场份额。要求熟悉渠道拓展、活动策划、市场营销等相关技术，具备良好的沟通能力和团队协作精神。,南京,少于50人,硕士,12652,22729
前端开发工程师,负责后端服务开发，确保代码质量和系统稳定性。要求熟悉JavaScript、CSS、TypeScript等相关技术，具备良好的沟通能力和团队协作精神。,苏州,150-500人,大专,7526,12237
销售代表,策划营销活动，提升产品知名度和市场份额。要求熟悉商务谈判、销售、业绩目标等相关技术，具备良好的沟通能力和团队协作精神。,西安,1000人以上,大专,8269,13307
架构师,负责后端服务开发，确保代码质量和系统稳定性。要求熟悉技术选型、性能优化、系统架构等相关技术，具备良好的沟通能力和团队协作精神。,天津,50-150人,本科,6784,12134
测试工程师,参与系统架构设计，优化系统性能，提升用户体验。要求熟悉性能测试、自动化测试、缺陷管理等相关技术，具备良好的沟通能力和团队协作精神。,天津,1000人以上,本科,8238,14996
运维工程师,负责公司核心产品的开发与维护，参与技术方案设计。要求熟悉运维、Docker、Linux等相关技术，具备良好的沟通能力和团队协作精神。,重庆,500-1000人,硕士,10714,18035
UI设计师,参与需求分析，提供技术解决方案，推动项目落地。要求熟悉交互设计、Sketch、Figma等相关技术，具备良好的沟通能力和团队协作精神。,西安,1000人以上,大专,6720,11128
技术支持工程师,参与需求分析，提供技术解决方案，推动项目落地。要求熟悉技术支持、文档编写、问题排查等相关技术，具备良好的沟通能力和团队协作精神。,成都,少于50人,本科,7313,12209
数据科学家,负责数据分析和挖掘，为业务决策提供数据支持。要求熟悉深度学习、Python、PyTorch等相关技术，具备良好的沟通能力和团队协作精神。,杭州,少于50人,大专,15254,24638
数据分析师,设计和维护数据报表，监控业务指标变化。要求熟悉SQL、Python、Excel等相关技术，具备良好的沟通能力和团队协作精神。,西安,50-150人,本科,6760,11745
架构师,参与需求分析，提供技术解决方案，推动项目落地。要求熟悉微服务、性能优化、系统架构等相关技术，具备良好的沟通能力和团队协作精神。,深圳,500-1000人,硕士,19049,30489
运营专员,负责日常运营工作，提升用户活跃度和留存率。要求熟悉数据分析、活动策划、用户增长等相关技术，具备良好的沟通能力和团队协作精神。,广州,少于50人,大专,5562,8554
市场经理,策划营销活动，提升产品知名度和市场份额。要求熟悉渠道拓展、活动策划、市场营销等相关技术，具备良好的沟通能力和团队协作精神。,西安,1000人以上,博士,21426,38429
运营专员,策划运营活动，提升品牌影响力和用户增长。要求熟悉数据分析、活动策划、运营等相关技术，具备良好的沟通能力和团队协作精神。,深圳,150-500人,本科,7112,12112
数据分析师,负责数据分析和挖掘，为业务决策提供数据支持。要求熟悉统计学、Excel、Python等相关技术，具备良好的沟通能力和团队协作精神。,成都,150-500人,博士,18144,28512
架构师,参与系统架构设计，优化系统性能，提升用户体验。要求熟悉技术选型、系统架构、性能优化等相关技术，具备良好的沟通能力和团队协作精神。,杭州,50-150人,本科,5026,8522
Java后端开发,参与需求分析，提供技术解决方案，推动项目落地。要求熟悉SpringBoot、Dubbo、Spring等相关技术，具备良好的沟通能力和团队协作精神。,成都,1000人以上,本科,10357,17269
机器学习工程师,负责后端服务开发，确保代码质量和系统稳定性。要求熟悉机器学习、模型调优、特征工程等相关技术，具备良好的沟通能力和团队协作精神。,南京,少于50人,硕士,11770,18488
架构师,负责公司核心产品的开发与维护，参与技术方案设计。要求熟悉系统架构、技术选型、性能优化等相关技术，具备良好的沟通能力和团队协作精神。,深圳,1000人以上,硕士,16745,29225
数据分析师,负责数据分析和挖掘，为业务决策提供数据支持。要求熟悉统计学、Python、Tableau等相关技术，具备良好的沟通能力和团队协作精神。,西安,150-500人,本科,7939,13187
运营专员,分析运营数据，优化运营策略和流程。要求熟悉用户增长、活动策划、运营等相关技术，具备良好的沟通能力和团队协作精神。,西安,150-500人,本科,5000,7295
测试工程师,负责后端服务开发，确保代码质量和系统稳定性。要求熟悉测试、自动化测试、缺陷管理等相关技术，具备良好的沟通能力和团队协作精神。,北京,50-150人,大专,7827,14151
UI设计师,负责公司核心产品的开发与维护，参与技术方案设计。要求熟悉交互设计、Figma、Sketch等相关技术，具备良好的沟通能力和团队协作精神。,成都,少于50人,硕士,9109,14679
运维工程师,负责公司核心产品的开发与维护，参与技术方案设计。要求熟悉运维、K8s、Docker等相关技术，具备良好的沟通能力和团队协作精神。,广州,150-500人,本科,12048,19088
前端开发工程师,参与需求分析，提供技术解决方案，推动项目落地。要求熟悉Vue、HTML、JavaScript等相关技术，具备良好的沟通能力和团队协作精神。,南京,500-1000人,本科,8546,15234
销售代表,策划营销活动，提升产品知名度和市场份额。要求熟悉业绩目标、客户关系、销售等相关技术，具备良好的沟通能力和团队协作精神。,武汉,50-150人,博士,13181,22483
运营专员,策划运营活动，提升品牌影响力和用户增长。要求熟悉运营、用户增长、活动策划等相关技术，具备良好的沟通能力和团队协作精神。,成都,150-500人,硕士,7004,11684
财务分析师,参与需求分析，提供技术解决方案，推动项目落地。要求熟悉财务报表、财务分析、Excel等相关技术，具备良好的沟通能力和团队协作精神。,西安,150-500人,本科,10220,15468
数据分析师,设计和维护数据报表，监控业务指标变化。要求熟悉Python、SQL、统计学等相关技术，具备良好的沟通能力和团队协作精神。,广州,150-500人,博士,28388,41060
人力资源专员,负责后端服务开发，确保代码质量和系统稳定性。要求熟悉员工关系、招聘、培训等相关技术，具备良好的沟通能力和团队协作精神。,上海,少于50人,博士,10918,18752
项目经理,参与需求分析，提供技术解决方案，推动项目落地。要求熟悉团队协调、风险控制、进度控制等相关技术，具备良好的沟通能力和团队协作精神。,深圳,50-150人,本科,14628,26028
Java后端开发,参与需求分析，提供技术解决方案，推动项目落地。要求熟悉Redis、MySQL、Spring等相关技术，具备良好的沟通能力和团队协作精神。,杭州,1000人以上,硕士,18035,29516
Python开发工程师,负责后端服务开发，确保代码质量和系统稳定性。要求熟悉Redis、FastAPI、Python等相关技术，具备良好的沟通能力和团队协作精神。,北京,50-150人,硕士,15442,25717
运营专员,分析运营数据，优化运营策略和流程。要求熟悉活动策划、运营、数据分析等相关技术，具备良好的沟通能力和团队协作精神。,武汉,50-150人,博士,32604,50046
产品经理,分析用户需求和市场动态，制定产品发展策略。要求熟悉用户研究、数据分析、需求分析等相关技术，具备良好的沟通能力和团队协作精神。,西安,少于50人,硕士,12912,21611
测试工程师,负责公司核心产品的开发与维护，参与技术方案设计。要求熟悉性能测试、测试、缺陷管理等相关技术，具备良好的沟通能力和团队协作精神。,天津,少于50人,硕士,8137,14361
数据分析师,构建机器学习模型，解决实际业务问题。要求熟悉Excel、SQL、统计学等相关技术，具备良好的沟通能力和团队协作精神。,成都,500-1000人,本科,11510,17846
销售代表,策划营销活动，提升产品知名度和市场份额。要求熟悉商务谈判、业绩目标、销售等相关技术，具备良好的沟通能力和团队协作精神。,武汉,150-500人,大专,6888,11240
运维工程师,参与系统架构设计，优化系统性能，提升用户体验。要求熟悉监控、Docker、Linux等相关技术，具备良好的沟通能力和团队协作精神。,广州,50-150人,大专,8179,13530
运营专员,分析运营数据，优化运营策略和流程。要求熟悉数据分析、运营、用户增长等相关技术，具备良好的沟通能力和团队协作精神。,杭州,150-500人,大专,5893,9573
数据分析师,构建机器学习模型，解决实际业务问题。要求熟悉Tableau、Python、SQL等相关技术，具备良好的沟通能力和团队协作精神。,南京,150-500人,硕士,15182,23086
全栈开发工程师,参与系统架构设计，优化系统性能，提升用户体验。要求熟悉MongoDB、JavaScript、React等相关技术，具备良好的沟通能力和团队协作精神。,广州,50-150人,本科,10662,17350
UI设计师,负责公司核心产品的开发与维护，参与技术方案设计。要求熟悉用户体验、Sketch、Figma等相关技术，具备良好的沟通能力和团队协作精神。,上海,少于50人,本科,11814,17906
销售代表,负责市场推广和品牌建设，拓展市场渠道。要求熟悉商务谈判、销售、业绩目标等相关技术，具备良好的沟通能力和团队协作精神。,深圳,500-1000人,硕士,17121,28561
算法工程师,负责后端服务开发，确保代码质量和系统稳定性。要求熟悉数据结构、深度学习、算法等相关技术，具备良好的沟通能力和团队协作精神。,深圳,50-150人,本科,10211,17811
前端开发工程师,负责公司核心产品的开发与维护，参与技术方案设计。要求熟悉TypeScript、CSS、JavaScript等相关技术，具备良好的沟通能力和团队协作精神。,武汉,少于50人,大专,5188,8887
机器学习工程师,参与需求分析，提供技术解决方案，推动项目落地。要求熟悉Python、机器学习、模型调优等相关技术，具备良好的沟通能力和团队协作精神。,上海,少于50人,大专,8919,14490
前端开发工程师,负责公司核心产品的开发与维护，参与技术方案设计。要求熟悉HTML、React、CSS等相关技术，具备良好的沟通能力和团队协作精神。,杭州,少于50人,大专,6114,11119
数据科学家,负责数据分析和挖掘，为业务决策提供数据支持。要求熟悉机器学习、深度学习、TensorFlow等相关技术，具备良好的沟通能力和团队协作精神。,重庆,150-500人,大专,12749,20429
销售代表,分析市场趋势和竞争对手，制定市场策略。要求熟悉销售、业绩目标、商务谈判等相关技术，具备良好的沟通能力和团队协作精神。,成都,50-150人,本科,7120,12592
运维工程师,参与系统架构设计，优化系统性能，提升用户体验。要求熟悉监控、运维、Docker等相关技术，具备良好的沟通能力和团队协作精神。,广州,50-150人,硕士,12001,20696
全栈开发工程师,负责后端服务开发，确保代码质量和系统稳定性。要求熟悉MongoDB、React、MySQL等相关技术，具备良好的沟通能力和团队协作精神。,广州,1000人以上,博士,24553,39760
全栈开发工程师,参与需求分析，提供技术解决方案，推动项目落地。要求熟悉React、MongoDB、MySQL等相关技术，具备良好的沟通能力和团队协作精神。,深圳,150-500人,博士,20315,34715
全栈开发工程师,负责公司核心产品的开发与维护，参与技术方案设计。要求熟悉MongoDB、React、MySQL等相关技术，具备良好的沟通能力和团队协作精神。,成都,少于50人,博士,12194,21007
销售代表,负责市场推广和品牌建设，拓展市场渠道。要求熟悉商务谈判、客户关系、销售等相关技术，具备良好的沟通能力和团队协作精神。,天津,150-500人,大专,5046,9551
人力资源专员,参与需求分析，提供技术解决方案，推动项目落地。要求熟悉培训、绩效考核、员工关系等相关技术，具备良好的沟通能力和团队协作精神。,杭州,500-1000人,硕士,10848,17426
运营专员,策划运营活动，提升品牌影响力和用户增长。要求熟悉数据分析、运营、用户增长等相关技术，具备良好的沟通能力和团队协作精神。,武汉,50-150人,大专,5000,7000
测试工程师,参与需求分析，提供技术解决方案，推动项目落地。要求熟悉测试、缺陷管理、性能测试等相关技术，具备良好的沟通能力和团队协作精神。,重庆,少于50人,博士,13948,21782
人力资源专员,参与系统架构设计，优化系统性能，提升用户体验。要求熟悉招聘、培训、员工关系等相关技术，具备良好的沟通能力和团队协作精神。,武汉,1000人以上,大专,5000,7959
市场经理,负责市场推广和品牌建设，拓展市场渠道。要求熟悉品牌建设、活动策划、渠道拓展等相关技术，具备良好的沟通能力和团队协作精神。,广州,1000人以上,博士,32300,55110
产品经理,分析用户需求和市场动态，制定产品发展策略。要求熟悉用户研究、Axure、需求分析等相关技术，具备良好的沟通能力和团队协作精神。,天津,1000人以上,硕士,18737,31916
技术支持工程师,参与系统架构设计，优化系统性能，提升用户体验。要求熟悉文档编写、技术支持、客户沟通等相关技术，具备良好的沟通能力和团队协作精神。,武汉,500-1000人,硕士,12997,20776
产品经理,分析用户需求和市场动态，制定产品发展策略。要求熟悉需求分析、产品设计、用户研究等相关技术，具备良好的沟通能力和团队协作精神。,西安,500-1000人,本科,11751,20410
Java后端开发,参与系统架构设计，优化系统性能，提升用户体验。要求熟悉MySQL、Redis、SpringBoot等相关技术，具备良好的沟通能力和团队协作精神。,上海,500-1000人,大专,10289,17498
数据分析师,负责数据分析和挖掘，为业务决策提供数据支持。要求熟悉统计学、Tableau、Excel等相关技术，具备良好的沟通能力和团队协作精神。,杭州,1000人以上,大专,12862,19928
机器学习工程师,负责后端服务开发，确保代码质量和系统稳定性。要求熟悉特征工程、模型调优、Python等相关技术，具备良好的沟通能力和团队协作精神。,杭州,500-1000人,博士,20547,35120
Java后端开发,参与需求分析，提供技术解决方案，推动项目落地。要求熟悉SpringBoot、MySQL、Redis等相关技术，具备良好的沟通能力和团队协作精神。,武汉,少于50人,博士,10747,19070
UI设计师,负责后端服务开发，确保代码质量和系统稳定性。要求熟悉Figma、用户体验、交互设计等相关技术，具备良好的沟通能力和团队协作精神。,北京,少于50人,本科,10423,16611
数据分析师,负责数据分析和挖掘，为业务决策提供数据支持。要求熟悉统计学、Tableau、Python等相关技术，具备良好的沟通能力和团队协作精神。,杭州,500-1000人,博士,28014,42586
架构师,参与需求分析，提供技术解决方案，推动项目落地。要求熟悉技术选型、性能优化、系统架构等相关技术，具备良好的沟通能力和团队协作精神。,重庆,1000人以上,博士,13077,24137
人力资源专员,负责后端服务开发，确保代码质量和系统稳定性。要求熟悉绩效考核、培训、招聘等相关技术，具备良好的沟通能力和团队协作精神。,杭州,500-1000人,博士,13904,23012
Python开发工程师,负责后端服务开发，确保代码质量和系统稳定性。要求熟悉Flask、MySQL、Python等相关技术，具备良好的沟通能力和团队协作精神。,苏州,少于50人,本科,6224,11229
市场经理,策划营销活动，提升产品知名度和市场份额。要求熟悉渠道拓展、品牌建设、活动策划等相关技术，具备良好的沟通能力和团队协作精神。,武汉,少于50人,博士,19964,32448
Java后端开发,参与系统架构设计，优化系统性能，提升用户体验。要求熟悉Dubbo、SpringBoot、Java等相关技术，具备良好的沟通能力和团队协作精神。,重庆,50-150人,本科,5298,10162
前端开发工程师,参与系统架构设计，优化系统性能，提升用户体验。要求熟悉JavaScript、HTML、Vue等相关技术，具备良好的沟通能力和团队协作精神。,杭州,少于50人,硕士,10330,18463
Java后端开发,负责后端服务开发，确保代码质量和系统稳定性。要求熟悉Java、MySQL、Dubbo等相关技术，具备良好的沟通能力和团队协作精神。,西安,500-1000人,博士,15022,25413
市场经理,策划营销活动，提升产品知名度和市场份额。要求熟悉市场营销、品牌建设、活动策划等相关技术，具备良好的沟通能力和团队协作精神。,武汉,1000人以上,博士,29408,47034
机器学习工程师,参与系统架构设计，优化系统性能，提升用户体验。要求熟悉特征工程、机器学习、模型调优等相关技术，具备良好的沟通能力和团队协作精神。,成都,500-1000人,硕士,11224,19460
机器学习工程师,负责后端服务开发，确保代码质量和系统稳定性。要求熟悉特征工程、Python、机器学习等相关技术，具备良好的沟通能力和团队协作精神。,西安,少于50人,本科,5669,10130
项目经理,负责公司核心产品的开发与维护，参与技术方案设计。要求熟悉团队协调、进度控制、项目管理等相关技术，具备良好的沟通能力和团队协作精神。,武汉,50-150人,大专,10714,16916
项目经理,参与系统架构设计，优化系统性能，提升用户体验。要求熟悉团队协调、项目管理、进度控制等相关技术，具备良好的沟通能力和团队协作精神。,南京,500-1000人,博士,19926,37984
运维工程师,参与系统架构设计，优化系统性能，提升用户体验。要求熟悉K8s、监控、Linux等相关技术，具备良好的沟通能力和团队协作精神。,杭州,500-1000人,硕士,10132,20657
技术支持工程师,负责公司核心产品的开发与维护，参与技术方案设计。要求熟悉问题排查、客户沟通、文档编写等相关技术，具备良好的沟通能力和团队协作精神。,南京,500-1000人,本科,9747,16435
机器学习工程师,参与需求分析，提供技术解决方案，推动项目落地。要求熟悉Python、特征工程、模型调优等相关技术，具备良好的沟通能力和团队协作精神。,重庆,500-1000人,硕士,9377,16699
销售代表,负责市场推广和品牌建设，拓展市场渠道。要求熟悉商务谈判、客户关系、业绩目标等相关技术，具备良好的沟通能力和团队协作精神。,西安,50-150人,本科,5900,10886
市场经理,策划营销活动，提升产品知名度和市场份额。要求熟悉渠道拓展、活动策划、市场营销等相关技术，具备良好的沟通能力和团队协作精神。,上海,50-150人,博士,31682,52695
产品经理,协调研发、设计、运营团队，确保产品按时交付。要求熟悉需求分析、产品设计、用户研究等相关技术，具备良好的沟通能力和团队协作精神。,重庆,1000人以上,本科,13093,22309
机器学习工程师,参与需求分析，提供技术解决方案，推动项目落地。要求熟悉模型调优、特征工程、机器学习等相关技术，具备良好的沟通能力和团队协作精神。,北京,50-150人,硕士,13041,23316
财务分析师,参与系统架构设计，优化系统性能，提升用户体验。要求熟悉Excel、财务分析、财务报表等相关技术，具备良好的沟通能力和团队协作精神。,重庆,少于50人,本科,6125,10477
产品经理,分析用户需求和市场动态，制定产品发展策略。要求熟悉产品设计、用户研究、数据分析等相关技术，具备良好的沟通能力和团队协作精神。,杭州,1000人以上,本科,20383,33631
Java后端开发,负责公司核心产品的开发与维护，参与技术方案设计。要求熟悉MySQL、SpringBoot、Java等相关技术，具备良好的沟通能力和团队协作精神。,上海,150-500人,硕士,15941,26591
人力资源专员,负责公司核心产品的开发与维护，参与技术方案设计。要求熟悉招聘、绩效考核、培训等相关技术，具备良好的沟通能力和团队协作精神。,天津,50-150人,本科,5000,8293
测试工程师,负责后端服务开发，确保代码质量和系统稳定性。要求熟悉性能测试、缺陷管理、自动化测试等相关技术，具备良好的沟通能力和团队协作精神。,上海,50-150人,大专,10716,16942
算法工程师,负责公司核心产品的开发与维护，参与技术方案设计。要求熟悉数据结构、深度学习、机器学习等相关技术，具备良好的沟通能力和团队协作精神。,武汉,50-150人,本科,6069,11237
UI设计师,参与需求分析，提供技术解决方案，推动项目落地。要求熟悉交互设计、Sketch、用户体验等相关技术，具备良好的沟通能力和团队协作精神。,武汉,150-500人,大专,5011,8819
全栈开发工程师,参与需求分析，提供技术解决方案，推动项目落地。要求熟悉React、Node.js、JavaScript等相关技术，具备良好的沟通能力和团队协作精神。,成都,1000人以上,博士,15493,27934
销售代表,负责市场推广和品牌建设，拓展市场渠道。要求熟悉销售、商务谈判、业绩目标等相关技术，具备良好的沟通能力和团队协作精神。,西安,150-500人,硕士,9322,16144
算法工程师,负责后端服务开发，确保代码质量和系统稳定性。要求熟悉Python、算法、深度学习等相关技术，具备良好的沟通能力和团队协作精神。,杭州,1000人以上,博士,22584,38482
算法工程师,参与需求分析，提供技术解决方案，推动项目落地。要求熟悉Python、深度学习、算法等相关技术，具备良好的沟通能力和团队协作精神。,西安,500-1000人,大专,6141,10759
算法工程师,参与需求分析，提供技术解决方案，推动项目落地。要求熟悉Python、机器学习、算法等相关技术，具备良好的沟通能力和团队协作精神。,杭州,50-150人,本科,10075,17067
产品经理,分析用户需求和市场动态，制定产品发展策略。要求熟悉用户研究、Axure、数据分析等相关技术，具备良好的沟通能力和团队协作精神。,上海,500-1000人,博士,27744,52074
财务分析师,负责公司核心产品的开发与维护，参与技术方案设计。要求熟悉Excel、预算编制、财务报表等相关技术，具备良好的沟通能力和团队协作精神。,上海,50-150人,硕士,20267,30384
UI设计师,参与系统架构设计，优化系统性能，提升用户体验。要求熟悉用户体验、Figma、UI设计等相关技术，具备良好的沟通能力和团队协作精神。,天津,少于50人,大专,5446,8797
人力资源专员,负责公司核心产品的开发与维护，参与技术方案设计。要求熟悉招聘、员工关系、绩效考核等相关技术，具备良好的沟通能力和团队协作精神。,广州,150-500人,硕士,9858,15578
运维工程师,负责后端服务开发，确保代码质量和系统稳定性。要求熟悉K8s、监控、Docker等相关技术，具备良好的沟通能力和团队协作精神。,天津,50-150人,博士,13861,23491
数据分析师,构建机器学习模型，解决实际业务问题。要求熟悉Excel、SQL、统计学等相关技术，具备良好的沟通能力和团队协作精神。,杭州,50-150人,硕士,16246,25336
销售代表,分析市场趋势和竞争对手，制定市场策略。要求熟悉客户关系、销售、商务谈判等相关技术，具备良好的沟通能力和团队协作精神。,深圳,500-1000人,博士,23472,39312
架构师,负责公司核心产品的开发与维护，参与技术方案设计。要求熟悉微服务、系统架构、技术选型等相关技术，具备良好的沟通能力和团队协作精神。,重庆,1000人以上,本科,8963,15107
数据科学家,设计和维护数据报表，监控业务指标变化。要求熟悉深度学习、机器学习、Python等相关技术，具备良好的沟通能力和团队协作精神。,北京,500-1000人,博士,53041,83929
销售代表,负责市场推广和品牌建设，拓展市场渠道。要求熟悉业绩目标、客户关系、商务谈判等相关技术，具备良好的沟通能力和团队协作精神。,深圳,1000人以上,大专,6236,10076
全栈开发工程师,负责后端服务开发，确保代码质量和系统稳定性。要求熟悉Node.js、MySQL、React等相关技术，具备良好的沟通能力和团队协作精神。,广州,50-150人,本科,9442,16130
数据分析师,构建机器学习模型，解决实际业务问题。要求熟悉Excel、Tableau、SQL等相关技术，具备良好的沟通能力和团队协作精神。,武汉,50-150人,本科,9522,14690
财务分析师,负责后端服务开发，确保代码质量和系统稳定性。要求熟悉预算编制、Excel、财务报表等相关技术，具备良好的沟通能力和团队协作精神。,深圳,少于50人,硕士,14743,23583
算法工程师,负责公司核心产品的开发与维护，参与技术方案设计。要求熟悉算法、机器学习、深度学习等相关技术，具备良好的沟通能力和团队协作精神。,成都,1000人以上,博士,20466,32908
市场经理,分析市场趋势和竞争对手，制定市场策略。要求熟悉活动策划、渠道拓展、品牌建设等相关技术，具备良好的沟通能力和团队协作精神。,天津,500-1000人,本科,11599,20891
技术支持工程师,负责公司核心产品的开发与维护，参与技术方案设计。要求熟悉技术支持、问题排查、文档编写等相关技术，具备良好的沟通能力和团队协作精神。,杭州,少于50人,大专,8571,13576
测试工程师,负责公司核心产品的开发与维护，参与技术方案设计。要求熟悉性能测试、缺陷管理、自动化测试等相关技术，具备良好的沟通能力和团队协作精神。,成都,1000人以上,大专,7561,13091
运营专员,分析运营数据，优化运营策略和流程。要求熟悉运营、数据分析、用户增长等相关技术，具备良好的沟通能力和团队协作精神。,武汉,150-500人,本科,5000,7527
产品经理,协调研发、设计、运营团队，确保产品按时交付。要求熟悉用户研究、需求分析、产品设计等相关技术，具备良好的沟通能力和团队协作精神。,深圳,1000人以上,博士,36262,62182
市场经理,负责市场推广和品牌建设，拓展市场渠道。要求熟悉渠道拓展、市场营销、品牌建设等相关技术，具备良好的沟通能力和团队协作精神。,天津,1000人以上,博士,22760,41008
Java后端开发,负责后端服务开发，确保代码质量和系统稳定性。要求熟悉MySQL、SpringBoot、Redis等相关技术，具备良好的沟通能力和团队协作精神。,深圳,500-1000人,硕士,17533,28973
技术支持工程师,参与需求分析，提供技术解决方案，推动项目落地。要求熟悉问题排查、文档编写、客户沟通等相关技术，具备良好的沟通能力和团队协作精神。,杭州,1000人以上,硕士,14382,25863
数据分析师,负责数据分析和挖掘，为业务决策提供数据支持。要求熟悉Excel、SQL、Tableau等相关技术，具备良好的沟通能力和团队协作精神。,南京,500-1000人,大专,8506,13856
数据科学家,负责数据分析和挖掘，为业务决策提供数据支持。要求熟悉TensorFlow、PyTorch、Python等相关技术，具备良好的沟通能力和团队协作精神。,北京,500-1000人,硕士,26539,48847
测试工程师,参与需求分析，提供技术解决方案，推动项目落地。要求熟悉缺陷管理、自动化测试、测试等相关技术，具备良好的沟通能力和团队协作精神。,北京,500-1000人,硕士,15350,27247
数据分析师,负责数据分析和挖掘，为业务决策提供数据支持。要求熟悉Python、Excel、SQL等相关技术，具备良好的沟通能力和团队协作精神。,上海,150-500人,大专,7584,14137
运维工程师,负责公司核心产品的开发与维护，参与技术方案设计。要求熟悉监控、Linux、K8s等相关技术，具备良好的沟通能力和团队协作精神。,杭州,1000人以上,本科,9521,18353
前端开发工程师,负责后端服务开发，确保代码质量和系统稳定性。要求熟悉JavaScript、Vue、CSS等相关技术，具备良好的沟通能力和团队协作精神。,广州,500-1000人,大专,9401,15596
人力资源专员,负责后端服务开发，确保代码质量和系统稳定性。要求熟悉培训、招聘、绩效考核等相关技术，具备良好的沟通能力和团队协作精神。,成都,1000人以上,大专,5727,9183
UI设计师,负责后端服务开发，确保代码质量和系统稳定性。要求熟悉交互设计、UI设计、Figma等相关技术，具备良好的沟通能力和团队协作精神。,天津,500-1000人,博士,16919,26677
Java后端开发,负责后端服务开发，确保代码质量和系统稳定性。要求熟悉Dubbo、Redis、Spring等相关技术，具备良好的沟通能力和团队协作精神。,重庆,1000人以上,博士,13201,24260
机器学习工程师,负责公司核心产品的开发与维护，参与技术方案设计。要求熟悉Python、特征工程、机器学习等相关技术，具备良好的沟通能力和团队协作精神。,北京,150-500人,硕士,14775,25591
前端开发工程师,参与系统架构设计，优化系统性能，提升用户体验。要求熟悉TypeScript、JavaScript、HTML等相关技术，具备良好的沟通能力和团队协作精神。,武汉,150-500人,本科,7476,12916
机器学习工程师,负责后端服务开发，确保代码质量和系统稳定性。要求熟悉机器学习、Python、模型调优等相关技术，具备良好的沟通能力和团队协作精神。,深圳,500-1000人,博士,18339,34179
测试工程师,负责后端服务开发，确保代码质量和系统稳定性。要求熟悉测试、自动化测试、缺陷管理等相关技术，具备良好的沟通能力和团队协作精神。,武汉,150-500人,本科,9013,14453
测试工程师,负责后端服务开发，确保代码质量和系统稳定性。要求熟悉缺陷管理、测试、自动化测试等相关技术，具备良好的沟通能力和团队协作精神。,西安,500-1000人,博士,15997,26388
销售代表,分析市场趋势和竞争对手，制定市场策略。要求熟悉业绩目标、销售、商务谈判等相关技术，具备良好的沟通能力和团队协作精神。,苏州,50-150人,博士,13427,23495
运维工程师,参与系统架构设计，优化系统性能，提升用户体验。要求熟悉K8s、运维、Linux等相关技术，具备良好的沟通能力和团队协作精神。,成都,500-1000人,本科,8743,15079
UI设计师,负责后端服务开发，确保代码质量和系统稳定性。要求熟悉Figma、交互设计、Sketch等相关技术，具备良好的沟通能力和团队协作精神。,武汉,少于50人,博士,12289,19572
运营专员,策划运营活动，提升品牌影响力和用户增长。要求熟悉运营、数据分析、用户增长等相关技术，具备良好的沟通能力和团队协作精神。,广州,1000人以上,博士,10375,19879
Java后端开发,参与需求分析，提供技术解决方案，推动项目落地。要求熟悉Java、MySQL、SpringBoot等相关技术，具备良好的沟通能力和团队协作精神。,南京,少于50人,博士,12359,21662
销售代表,分析市场趋势和竞争对手，制定市场策略。要求熟悉销售、业绩目标、客户关系等相关技术，具备良好的沟通能力和团队协作精神。,杭州,1000人以上,大专,8811,15877
数据科学家,负责数据分析和挖掘，为业务决策提供数据支持。要求熟悉TensorFlow、深度学习、机器学习等相关技术，具备良好的沟通能力和团队协作精神。,深圳,500-1000人,大专,18145,31345
项目经理,负责后端服务开发，确保代码质量和系统稳定性。要求熟悉团队协调、项目管理、风险控制等相关技术，具备良好的沟通能力和团队协作精神。,天津,500-1000人,博士,22118,38845
数据科学家,设计和维护数据报表，监控业务指标变化。要求熟悉Python、TensorFlow、深度学习等相关技术，具备良好的沟通能力和团队协作精神。,上海,1000人以上,硕士,117282,177185
Python开发工程师,负责公司核心产品的开发与维护，参与技术方案设计。要求熟悉Django、FastAPI、MySQL等相关技术，具备良好的沟通能力和团队协作精神。,北京,500-1000人,大专,10946,18268
人力资源专员,负责后端服务开发，确保代码质量和系统稳定性。要求熟悉绩效考核、员工关系、培训等相关技术，具备良好的沟通能力和团队协作精神。,重庆,1000人以上,博士,9578,16490
运营专员,负责日常运营工作，提升用户活跃度和留存率。要求熟悉活动策划、运营、数据分析等相关技术，具备良好的沟通能力和团队协作精神。,上海,50-150人,本科,7853,12717
机器学习工程师,参与系统架构设计，优化系统性能，提升用户体验。要求熟悉机器学习、模型调优、Python等相关技术，具备良好的沟通能力和团队协作精神。,北京,50-150人,博士,23295,37522
前端开发工程师,参与需求分析，提供技术解决方案，推动项目落地。要求熟悉TypeScript、JavaScript、HTML等相关技术，具备良好的沟通能力和团队协作精神。,杭州,500-1000人,本科,12535,20631
数据科学家,构建机器学习模型，解决实际业务问题。要求熟悉Python、TensorFlow、深度学习等相关技术，具备良好的沟通能力和团队协作精神。,深圳,500-1000人,博士,47393,77093
算法工程师,负责公司核心产品的开发与维护，参与技术方案设计。要求熟悉Python、算法、机器学习等相关技术，具备良好的沟通能力和团队协作精神。,广州,150-500人,博士,15886,28558
财务分析师,负责公司核心产品的开发与维护，参与技术方案设计。要求熟悉财务报表、预算编制、Excel等相关技术，具备良好的沟通能力和团队协作精神。,武汉,500-1000人,硕士,14315,22094
运维工程师,参与系统架构设计，优化系统性能，提升用户体验。要求熟悉运维、监控、Linux等相关技术，具备良好的沟通能力和团队协作精神。,苏州,1000人以上,博士,18425,31143
项目经理,负责后端服务开发，确保代码质量和系统稳定性。要求熟悉风险控制、进度控制、项目管理等相关技术，具备良好的沟通能力和团队协作精神。,成都,1000人以上,大专,5118,8436
测试工程师,参与需求分析，提供技术解决方案，推动项目落地。要求熟悉测试、缺陷管理、自动化测试等相关技术，具备良好的沟通能力和团队协作精神。,苏州,150-500人,博士,15835,26433
机器学习工程师,参与系统架构设计，优化系统性能，提升用户体验。要求熟悉机器学习、特征工程、模型调优等相关技术，具备良好的沟通能力和团队协作精神。,西安,150-500人,博士,14847,24294
技术支持工程师,负责后端服务开发，确保代码质量和系统稳定性。要求熟悉文档编写、问题排查、客户沟通等相关技术，具备良好的沟通能力和团队协作精神。,天津,500-1000人,本科,7896,14091
测试工程师,负责后端服务开发，确保代码质量和系统稳定性。要求熟悉测试、性能测试、自动化测试等相关技术，具备良好的沟通能力和团队协作精神。,深圳,1000人以上,本科,15571,25171
数据分析师,设计和维护数据报表，监控业务指标变化。要求熟悉Tableau、SQL、Excel等相关技术，具备良好的沟通能力和团队协作精神。,深圳,50-150人,本科,13153,20753
测试工程师,负责公司核心产品的开发与维护，参与技术方案设计。要求熟悉测试、自动化测试、性能测试等相关技术，具备良好的沟通能力和团队协作精神。,杭州,50-150人,本科,12334,19326
销售代表,分析市场趋势和竞争对手，制定市场策略。要求熟悉销售、业绩目标、客户关系等相关技术，具备良好的沟通能力和团队协作精神。,重庆,50-150人,本科,6059,10923
财务分析师,负责公司核心产品的开发与维护，参与技术方案设计。要求熟悉预算编制、财务报表、Excel等相关技术，具备良好的沟通能力和团队协作精神。,上海,1000人以上,本科,20321,30152
市场经理,负责市场推广和品牌建设，拓展市场渠道。要求熟悉市场营销、渠道拓展、活动策划等相关技术，具备良好的沟通能力和团队协作精神。,成都,少于50人,硕士,13481,23028
UI设计师,负责公司核心产品的开发与维护，参与技术方案设计。要求熟悉交互设计、UI设计、Sketch等相关技术，具备良好的沟通能力和团队协作精神。,西安,少于50人,大专,5000,7816
全栈开发工程师,负责后端服务开发，确保代码质量和系统稳定性。要求熟悉React、Node.js、MySQL等相关技术，具备良好的沟通能力和团队协作精神。,深圳,少于50人,本科,8733,15533
UI设计师,参与系统架构设计，优化系统性能，提升用户体验。要求熟悉Sketch、交互设计、UI设计等相关技术，具备良好的沟通能力和团队协作精神。,南京,500-1000人,大专,7369,12051
全栈开发工程师,负责公司核心产品的开发与维护，参与技术方案设计。要求熟悉React、MySQL、MongoDB等相关技术，具备良好的沟通能力和团队协作精神。,广州,500-1000人,博士,20275,34214
运营专员,策划运营活动，提升品牌影响力和用户增长。要求熟悉数据分析、用户增长、活动策划等相关技术，具备良好的沟通能力和团队协作精神。,南京,50-150人,大专,5000,7521
销售代表,分析市场趋势和竞争对手，制定市场策略。要求熟悉业绩目标、销售、商务谈判等相关技术，具备良好的沟通能力和团队协作精神。,重庆,50-150人,本科,6164,11028
财务分析师,负责后端服务开发，确保代码质量和系统稳定性。要求熟悉财务分析、预算编制、财务报表等相关技术，具备良好的沟通能力和团队协作精神。,武汉,500-1000人,博士,18119,28890
Python开发工程师,负责公司核心产品的开发与维护，参与技术方案设计。要求熟悉Flask、Redis、FastAPI等相关技术，具备良好的沟通能力和团队协作精神。,天津,1000人以上,大专,9605,15012
数据科学家,负责数据分析和挖掘，为业务决策提供数据支持。要求熟悉机器学习、Python、深度学习等相关技术，具备良好的沟通能力和团队协作精神。,武汉,少于50人,博士,30326,45932
运维工程师,负责后端服务开发，确保代码质量和系统稳定性。要求熟悉Docker、监控、运维等相关技术，具备良好的沟通能力和团队协作精神。,杭州,500-1000人,博士,21229,35802
产品经理,分析用户需求和市场动态，制定产品发展策略。要求熟悉用户研究、数据分析、Axure等相关技术，具备良好的沟通能力和团队协作精神。,南京,1000人以上,本科,15125,26069
机器学习工程师,负责后端服务开发，确保代码质量和系统稳定性。要求熟悉模型调优、Python、机器学习等相关技术，具备良好的沟通能力和团队协作精神。,南京,1000人以上,博士,18353,31485
前端开发工程师,参与需求分析，提供技术解决方案，推动项目落地。要求熟悉CSS、React、Vue等相关技术，具备良好的沟通能力和团队协作精神。,北京,1000人以上,硕士,19339,32318
机器学习工程师,负责后端服务开发，确保代码质量和系统稳定性。要求熟悉机器学习、Python、特征工程等相关技术，具备良好的沟通能力和团队协作精神。,上海,1000人以上,硕士,15121,27900
架构师,负责后端服务开发，确保代码质量和系统稳定性。要求熟悉微服务、性能优化、系统架构等相关技术，具备良好的沟通能力和团队协作精神。,苏州,150-500人,本科,7811,13699
Java后端开发,负责公司核心产品的开发与维护，参与技术方案设计。要求熟悉Java、Dubbo、MySQL等相关技术，具备良好的沟通能力和团队协作精神。,成都,150-500人,硕士,7953,15441
运营专员,策划运营活动，提升品牌影响力和用户增长。要求熟悉活动策划、数据分析、运营等相关技术，具备良好的沟通能力和团队协作精神。,苏州,少于50人,博士,8895,14525
销售代表,分析市场趋势和竞争对手，制定市场策略。要求熟悉业绩目标、商务谈判、销售等相关技术，具备良好的沟通能力和团队协作精神。,杭州,150-500人,本科,11013,18373
全栈开发工程师,负责后端服务开发，确保代码质量和系统稳定性。要求熟悉MySQL、JavaScript、MongoDB等相关技术，具备良好的沟通能力和团队协作精神。,成都,1000人以上,本科,8877,15789
财务分析师,负责公司核心产品的开发与维护，参与技术方案设计。要求熟悉财务报表、财务分析、预算编制等相关技术，具备良好的沟通能力和团队协作精神。,武汉,少于50人,大专,7516,11215
机器学习工程师,参与需求分析，提供技术解决方案，推动项目落地。要求熟悉模型调优、机器学习、特征工程等相关技术，具备良好的沟通能力和团队协作精神。,西安,少于50人,硕士,6640,12439
财务分析师,参与系统架构设计，优化系统性能，提升用户体验。要求熟悉预算编制、Excel、财务分析等相关技术，具备良好的沟通能力和团队协作精神。,西安,500-1000人,博士,14206,24597
测试工程师,负责公司核心产品的开发与维护，参与技术方案设计。要求熟悉自动化测试、缺陷管理、性能测试等相关技术，具备良好的沟通能力和团队协作精神。,天津,500-1000人,本科,8779,14974
Java后端开发,负责公司核心产品的开发与维护，参与技术方案设计。要求熟悉Redis、MySQL、Java等相关技术，具备良好的沟通能力和团队协作精神。,天津,50-150人,硕士,10929,17884
全栈开发工程师,负责公司核心产品的开发与维护，参与技术方案设计。要求熟悉MongoDB、React、JavaScript等相关技术，具备良好的沟通能力和团队协作精神。,成都,1000人以上,硕士,15192,24177
销售代表,策划营销活动，提升产品知名度和市场份额。要求熟悉业绩目标、销售、商务谈判等相关技术，具备良好的沟通能力和团队协作精神。,杭州,150-500人,硕士,12332,21900
数据分析师,构建机器学习模型，解决实际业务问题。要求熟悉Python、Excel、SQL等相关技术，具备良好的沟通能力和团队协作精神。,苏州,500-1000人,大专,9966,15147
测试工程师,负责公司核心产品的开发与维护，参与技术方案设计。要求熟悉测试、自动化测试、性能测试等相关技术，具备良好的沟通能力和团队协作精神。,北京,少于50人,硕士,12574,21768
项目经理,负责后端服务开发，确保代码质量和系统稳定性。要求熟悉风险控制、进度控制、项目管理等相关技术，具备良好的沟通能力和团队协作精神。,杭州,1000人以上,博士,32016,55863
数据分析师,设计和维护数据报表，监控业务指标变化。要求熟悉Tableau、Excel、Python等相关技术，具备良好的沟通能力和团队协作精神。,南京,500-1000人,博士,22641,34680
市场经理,策划营销活动，提升产品知名度和市场份额。要求熟悉品牌建设、活动策划、渠道拓展等相关技术，具备良好的沟通能力和团队协作精神。,上海,1000人以上,博士,39741,66283
架构师,负责公司核心产品的开发与维护，参与技术方案设计。要求熟悉技术选型、性能优化、系统架构等相关技术，具备良好的沟通能力和团队协作精神。,北京,500-1000人,硕士,12842,24740
项目经理,负责公司核心产品的开发与维护，参与技术方案设计。要求熟悉进度控制、团队协调、项目管理等相关技术，具备良好的沟通能力和团队协作精神。,重庆,150-500人,大专,10148,16292
项目经理,负责公司核心产品的开发与维护，参与技术方案设计。要求熟悉项目管理、团队协调、风险控制等相关技术，具备良好的沟通能力和团队协作精神。,南京,50-150人,博士,25478,41074
Python开发工程师,参与需求分析，提供技术解决方案，推动项目落地。要求熟悉Python、MySQL、Flask等相关技术，具备良好的沟通能力和团队协作精神。,杭州,50-150人,本科,8793,15785
人力资源专员,负责公司核心产品的开发与维护，参与技术方案设计。要求熟悉绩效考核、培训、招聘等相关技术，具备良好的沟通能力和团队协作精神。,苏州,少于50人,博士,8891,14521
财务分析师,参与需求分析，提供技术解决方案，推动项目落地。要求熟悉Excel、财务分析、财务报表等相关技术，具备良好的沟通能力和团队协作精神。,北京,1000人以上,硕士,23305,36284
全栈开发工程师,参与系统架构设计，优化系统性能，提升用户体验。要求熟悉React、Node.js、JavaScript等相关技术，具备良好的沟通能力和团队协作精神。,南京,50-150人,硕士,10691,18200
数据分析师,负责数据分析和挖掘，为业务决策提供数据支持。要求熟悉统计学、Python、SQL等相关技术，具备良好的沟通能力和团队协作精神。,杭州,500-1000人,本科,12687,20783
Python开发工程师,参与需求分析，提供技术解决方案，推动项目落地。要求熟悉Python、Flask、Django等相关技术，具备良好的沟通能力和团队协作精神。,天津,少于50人,硕士,7773,13996
财务分析师,负责公司核心产品的开发与维护，参与技术方案设计。要求熟悉财务分析、财务报表、Excel等相关技术，具备良好的沟通能力和团队协作精神。,成都,150-500人,博士,17438,27806
技术支持工程师,参与需求分析，提供技术解决方案，推动项目落地。要求熟悉技术支持、问题排查、文档编写等相关技术，具备良好的沟通能力和团队协作精神。,苏州,50-150人,博士,16058,26126
市场经理,负责市场推广和品牌建设，拓展市场渠道。要求熟悉活动策划、市场营销、品牌建设等相关技术，具备良好的沟通能力和团队协作精神。,西安,1000人以上,博士,25112,42116
算法工程师,参与系统架构设计，优化系统性能，提升用户体验。要求熟悉深度学习、数据结构、机器学习等相关技术，具备良好的沟通能力和团队协作精神。,北京,150-500人,大专,8689,15345
项目经理,参与系统架构设计，优化系统性能，提升用户体验。要求熟悉进度控制、风险控制、项目管理等相关技术，具备良好的沟通能力和团队协作精神。,武汉,500-1000人,大专,10912,18093
算法工程师,负责公司核心产品的开发与维护，参与技术方案设计。要求熟悉算法、机器学习、Python等相关技术，具备良好的沟通能力和团队协作精神。,南京,500-1000人,博士,10123,22161
运营专员,负责日常运营工作，提升用户活跃度和留存率。要求熟悉用户增长、活动策划、数据分析等相关技术，具备良好的沟通能力和团队协作精神。,重庆,50-150人,大专,5000,7000
人力资源专员,负责公司核心产品的开发与维护，参与技术方案设计。要求熟悉培训、绩效考核、招聘等相关技术，具备良好的沟通能力和团队协作精神。,成都,50-150人,硕士,5122,9568
运营专员,负责日常运营工作，提升用户活跃度和留存率。要求熟悉数据分析、活动策划、运营等相关技术，具备良好的沟通能力和团队协作精神。,上海,500-1000人,大专,6431,10937
技术支持工程师,负责后端服务开发，确保代码质量和系统稳定性。要求熟悉文档编写、问题排查、技术支持等相关技术，具备良好的沟通能力和团队协作精神。,南京,150-500人,硕士,9208,17112
市场经理,分析市场趋势和竞争对手，制定市场策略。要求熟悉渠道拓展、市场营销、活动策划等相关技术，具备良好的沟通能力和团队协作精神。,成都,50-150人,博士,16728,31502
Python开发工程师,负责公司核心产品的开发与维护，参与技术方案设计。要求熟悉Redis、Django、FastAPI等相关技术，具备良好的沟通能力和团队协作精神。,苏州,500-1000人,大专,8252,13433
架构师,负责公司核心产品的开发与维护，参与技术方案设计。要求熟悉系统架构、性能优化、微服务等相关技术，具备良好的沟通能力和团队协作精神。,天津,500-1000人,博士,14355,25506
UI设计师,参与需求分析，提供技术解决方案，推动项目落地。要求熟悉交互设计、Sketch、Figma等相关技术，具备良好的沟通能力和团队协作精神。,重庆,少于50人,硕士,8500,13450
数据科学家,构建机器学习模型，解决实际业务问题。要求熟悉深度学习、机器学习、TensorFlow等相关技术，具备良好的沟通能力和团队协作精神。,天津,少于50人,大专,11299,18480
Python开发工程师,负责后端服务开发，确保代码质量和系统稳定性。要求熟悉Django、Python、Flask等相关技术，具备良好的沟通能力和团队协作精神。,广州,少于50人,硕士,11392,19171
算法工程师,负责公司核心产品的开发与维护，参与技术方案设计。要求熟悉Python、机器学习、深度学习等相关技术，具备良好的沟通能力和团队协作精神。,广州,500-1000人,硕士,13987,24054
技术支持工程师,参与需求分析，提供技术解决方案，推动项目落地。要求熟悉技术支持、问题排查、客户沟通等相关技术，具备良好的沟通能力和团队协作精神。,广州,少于50人,本科,6788,12772
数据科学家,负责数据分析和挖掘，为业务决策提供数据支持。要求熟悉PyTorch、机器学习、深度学习等相关技术，具备良好的沟通能力和团队协作精神。,南京,50-150人,本科,19395,30225
前端开发工程师,负责后端服务开发，确保代码质量和系统稳定性。要求熟悉React、JavaScript、Vue等相关技术，具备良好的沟通能力和团队协作精神。,深圳,150-500人,本科,10259,18259
架构师,负责公司核心产品的开发与维护，参与技术方案设计。要求熟悉性能优化、技术选型、微服务等相关技术，具备良好的沟通能力和团队协作精神。,西安,少于50人,博士,8697,16726
产品经理,协调研发、设计、运营团队，确保产品按时交付。要求熟悉Axure、产品设计、数据分析等相关技术，具备良好的沟通能力和团队协作精神。,上海,1000人以上,博士,34364,60906
算法工程师,参与需求分析，提供技术解决方案，推动项目落地。要求熟悉Python、算法、数据结构等相关技术，具备良好的沟通能力和团队协作精神。,北京,150-500人,博士,24806,39782
机器学习工程师,参与系统架构设计，优化系统性能，提升用户体验。要求熟悉模型调优、Python、特征工程等相关技术，具备良好的沟通能力和团队协作精神。,成都,少于50人,大专,6010,9926
机器学习工程师,负责公司核心产品的开发与维护，参与技术方案设计。要求熟悉Python、模型调优、机器学习等相关技术，具备良好的沟通能力和团队协作精神。,深圳,150-500人,硕士,13620,24020
财务分析师,负责后端服务开发，确保代码质量和系统稳定性。要求熟悉预算编制、财务分析、财务报表等相关技术，具备良好的沟通能力和团队协作精神。,北京,1000人以上,硕士,20910,33889
算法工程师,参与系统架构设计，优化系统性能，提升用户体验。要求熟悉算法、机器学习、深度学习等相关技术，具备良好的沟通能力和团队协作精神。,成都,少于50人,硕士,8367,14732
UI设计师,负责公司核心产品的开发与维护，参与技术方案设计。要求熟悉UI设计、用户体验、Figma等相关技术，具备良好的沟通能力和团队协作精神。,苏州,少于50人,大专,7314,10817
前端开发工程师,负责公司核心产品的开发与维护，参与技术方案设计。要求熟悉Vue、HTML、TypeScript等相关技术，具备良好的沟通能力和团队协作精神。,深圳,少于50人,博士,17706,29946
前端开发工程师,负责后端服务开发，确保代码质量和系统稳定性。要求熟悉TypeScript、CSS、JavaScript等相关技术，具备良好的沟通能力和团队协作精神。,上海,少于50人,大专,8108,13679
技术支持工程师,参与需求分析，提供技术解决方案，推动项目落地。要求熟悉文档编写、问题排查、客户沟通等相关技术，具备良好的沟通能力和团队协作精神。,武汉,50-150人,大专,6483,10617
技术支持工程师,负责公司核心产品的开发与维护，参与技术方案设计。要求熟悉文档编写、客户沟通、问题排查等相关技术，具备良好的沟通能力和团队协作精神。,苏州,少于50人,硕士,9237,15743
项目经理,负责公司核心产品的开发与维护，参与技术方案设计。要求熟悉项目管理、团队协调、风险控制等相关技术，具备良好的沟通能力和团队协作精神。,广州,少于50人,大专,9524,16705
项目经理,负责后端服务开发，确保代码质量和系统稳定性。要求熟悉风险控制、进度控制、团队协调等相关技术，具备良好的沟通能力和团队协作精神。,深圳,1000人以上,硕士,25050,43770
数据科学家,负责数据分析和挖掘，为业务决策提供数据支持。要求熟悉机器学习、深度学习、TensorFlow等相关技术，具备良好的沟通能力和团队协作精神。,广州,50-150人,大专,15734,25766
财务分析师,参与系统架构设计，优化系统性能，提升用户体验。要求熟悉预算编制、财务报表、Excel等相关技术，具备良好的沟通能力和团队协作精神。,南京,150-500人,硕士,13273,21177
技术支持工程师,负责公司核心产品的开发与维护，参与技术方案设计。要求熟悉问题排查、技术支持、客户沟通等相关技术，具备良好的沟通能力和团队协作精神。,成都,150-500人,硕士,11317,18805
运维工程师,负责后端服务开发，确保代码质量和系统稳定性。要求熟悉Linux、监控、Docker等相关技术，具备良好的沟通能力和团队协作精神。,南京,少于50人,博士,12881,22183
机器学习工程师,参与需求分析，提供技术解决方案，推动项目落地。要求熟悉模型调优、特征工程、机器学习等相关技术，具备良好的沟通能力和团队协作精神。,上海,150-500人,本科,12389,20581
项目经理,参与需求分析，提供技术解决方案，推动项目落地。要求熟悉团队协调、项目管理、风险控制等相关技术，具备良好的沟通能力和团队协作精神。,苏州,150-500人,硕士,15613,27095
UI设计师,负责公司核心产品的开发与维护，参与技术方案设计。要求熟悉Figma、交互设计、用户体验等相关技术，具备良好的沟通能力和团队协作精神。,北京,500-1000人,本科,13290,21298
技术支持工程师,负责后端服务开发，确保代码质量和系统稳定性。要求熟悉文档编写、技术支持、问题排查等相关技术，具备良好的沟通能力和团队协作精神。,广州,50-150人,博士,12042,24080
数据科学家,负责数据分析和挖掘，为业务决策提供数据支持。要求熟悉深度学习、Python、PyTorch等相关技术，具备良好的沟通能力和团队协作精神。,北京,150-500人,大专,22142,34622
全栈开发工程师,参与系统架构设计，优化系统性能，提升用户体验。要求熟悉MongoDB、Node.js、JavaScript等相关技术，具备良好的沟通能力和团队协作精神。,深圳,150-500人,博士,20735,35135
Python开发工程师,参与系统架构设计，优化系统性能，提升用户体验。要求熟悉Django、Flask、Redis等相关技术，具备良好的沟通能力和团队协作精神。,广州,50-150人,硕士,13581,22276
市场经理,负责市场推广和品牌建设，拓展市场渠道。要求熟悉市场营销、活动策划、品牌建设等相关技术，具备良好的沟通能力和团队协作精神。,南京,50-150人,本科,7208,15872
全栈开发工程师,负责公司核心产品的开发与维护，参与技术方案设计。要求熟悉Node.js、React、MySQL等相关技术，具备良好的沟通能力和团队协作精神。,北京,50-150人,博士,25133,39360
UI设计师,参与系统架构设计，优化系统性能，提升用户体验。要求熟悉交互设计、用户体验、Sketch等相关技术，具备良好的沟通能力和团队协作精神。,广州,150-500人,硕士,12916,20924
前端开发工程师,参与系统架构设计，优化系统性能，提升用户体验。要求熟悉React、HTML、TypeScript等相关技术，具备良好的沟通能力和团队协作精神。,上海,50-150人,本科,12317,20100
销售代表,分析市场趋势和竞争对手，制定市场策略。要求熟悉客户关系、销售、商务谈判等相关技术，具备良好的沟通能力和团队协作精神。,成都,1000人以上,博士,14681,27122
架构师,参与系统架构设计，优化系统性能，提升用户体验。要求熟悉系统架构、性能优化、技术选型等相关技术，具备良好的沟通能力和团队协作精神。,杭州,50-150人,硕士,13542,22632
数据分析师,负责数据分析和挖掘，为业务决策提供数据支持。要求熟悉SQL、Tableau、Python等相关技术，具备良好的沟通能力和团队协作精神。,南京,1000人以上,博士,19135,32268
技术支持工程师,负责后端服务开发，确保代码质量和系统稳定性。要求熟悉文档编写、客户沟通、问题排查等相关技术，具备良好的沟通能力和团队协作精神。,上海,50-150人,博士,17623,31631
数据科学家,设计和维护数据报表，监控业务指标变化。要求熟悉TensorFlow、PyTorch、机器学习等相关技术，具备良好的沟通能力和团队协作精神。,成都,150-500人,博士,38531,57971
项目经理,参与系统架构设计，优化系统性能，提升用户体验。要求熟悉进度控制、项目管理、风险控制等相关技术，具备良好的沟通能力和团队协作精神。,武汉,1000人以上,大专,10491,18324
算法工程师,参与需求分析，提供技术解决方案，推动项目落地。要求熟悉机器学习、数据结构、深度学习等相关技术，具备良好的沟通能力和团队协作精神。,武汉,50-150人,硕士,9511,16230
产品经理,负责产品规划和设计，推动产品迭代优化。要求熟悉Axure、用户研究、数据分析等相关技术，具备良好的沟通能力和团队协作精神。,南京,少于50人,本科,11923,19675
销售代表,策划营销活动，提升产品知名度和市场份额。要求熟悉商务谈判、客户关系、业绩目标等相关技术，具备良好的沟通能力和团队协作精神。,广州,1000人以上,大专,9920,16679
UI设计师,参与需求分析，提供技术解决方案，推动项目落地。要求熟悉Sketch、交互设计、Figma等相关技术，具备良好的沟通能力和团队协作精神。,武汉,500-1000人,硕士,11402,18208
Python开发工程师,负责后端服务开发，确保代码质量和系统稳定性。要求熟悉Redis、Python、Flask等相关技术，具备良好的沟通能力和团队协作精神。,深圳,500-1000人,本科,12702,21502
前端开发工程师,负责后端服务开发，确保代码质量和系统稳定性。要求熟悉React、JavaScript、HTML等相关技术，具备良好的沟通能力和团队协作精神。,杭州,1000人以上,大专,12899,19964
前端开发工程师,负责后端服务开发，确保代码质量和系统稳定性。要求熟悉React、Vue、HTML等相关技术，具备良好的沟通能力和团队协作精神。,成都,少于50人,本科,6679,11575
运营专员,分析运营数据，优化运营策略和流程。要求熟悉活动策划、数据分析、用户增长等相关技术，具备良好的沟通能力和团队协作精神。,天津,150-500人,本科,5421,8941
Python开发工程师,参与需求分析，提供技术解决方案，推动项目落地。要求熟悉FastAPI、MySQL、Python等相关技术，具备良好的沟通能力和团队协作精神。,杭州,150-500人,硕士,15040,24608
测试工程师,参与需求分析，提供技术解决方案，推动项目落地。要求熟悉自动化测试、测试、性能测试等相关技术，具备良好的沟通能力和团队协作精神。,重庆,1000人以上,本科,9721,15865
测试工程师,参与需求分析，提供技术解决方案，推动项目落地。要求熟悉性能测试、测试、自动化测试等相关技术，具备良好的沟通能力和团队协作精神。,广州,1000人以上,博士,24293,39499
机器学习工程师,参与需求分析，提供技术解决方案，推动项目落地。要求熟悉模型调优、特征工程、Python等相关技术，具备良好的沟通能力和团队协作精神。,武汉,500-1000人,本科,8944,14928
销售代表,策划营销活动，提升产品知名度和市场份额。要求熟悉销售、客户关系、商务谈判等相关技术，具备良好的沟通能力和团队协作精神。,深圳,1000人以上,本科,11142,20742
市场经理,分析市场趋势和竞争对手，制定市场策略。要求熟悉活动策划、渠道拓展、品牌建设等相关技术，具备良好的沟通能力和团队协作精神。,广州,500-1000人,博士,35153,56062
市场经理,负责市场推广和品牌建设，拓展市场渠道。要求熟悉品牌建设、活动策划、渠道拓展等相关技术，具备良好的沟通能力和团队协作精神。,苏州,少于50人,大专,6967,12972
人力资源专员,参与需求分析，提供技术解决方案，推动项目落地。要求熟悉培训、员工关系、招聘等相关技术，具备良好的沟通能力和团队协作精神。,广州,500-1000人,大专,6042,9914
市场经理,负责市场推广和品牌建设，拓展市场渠道。要求熟悉品牌建设、市场营销、渠道拓展等相关技术，具备良好的沟通能力和团队协作精神。,苏州,500-1000人,硕士,15579,28209
Java后端开发,负责公司核心产品的开发与维护，参与技术方案设计。要求熟悉Spring、Dubbo、Java等相关技术，具备良好的沟通能力和团队协作精神。,天津,1000人以上,博士,16580,28745
人力资源专员,负责后端服务开发，确保代码质量和系统稳定性。要求熟悉招聘、培训、员工关系等相关技术，具备良好的沟通能力和团队协作精神。,杭州,50-150人,本科,6842,11212
销售代表,策划营销活动，提升产品知名度和市场份额。要求熟悉业绩目标、客户关系、销售等相关技术，具备良好的沟通能力和团队协作精神。,南京,少于50人,本科,7417,12585
全栈开发工程师,参与需求分析，提供技术解决方案，推动项目落地。要求熟悉JavaScript、MySQL、MongoDB等相关技术，具备良好的沟通能力和团队协作精神。,深圳,1000人以上,博士,12563,21203
数据分析师,设计和维护数据报表，监控业务指标变化。要求熟悉Tableau、Excel、Python等相关技术，具备良好的沟通能力和团队协作精神。,广州,150-500人,博士,25857,38529
项目经理,参与需求分析，提供技术解决方案，推动项目落地。要求熟悉团队协调、项目管理、风险控制等相关技术，具备良好的沟通能力和团队协作精神。,杭州,1000人以上,本科,19342,32590
数据分析师,设计和维护数据报表，监控业务指标变化。要求熟悉Excel、Python、Tableau等相关技术，具备良好的沟通能力和团队协作精神。,西安,少于50人,博士,39360,63450
测试工程师,负责公司核心产品的开发与维护，参与技术方案设计。要求熟悉性能测试、缺陷管理、自动化测试等相关技术，具备良好的沟通能力和团队协作精神。,西安,500-1000人,大专,7184,11803
销售代表,分析市场趋势和竞争对手，制定市场策略。要求熟悉客户关系、业绩目标、销售等相关技术，具备良好的沟通能力和团队协作精神。,天津,150-500人,博士,16200,26337
数据科学家,构建机器学习模型，解决实际业务问题。要求熟悉机器学习、Python、PyTorch等相关技术，具备良好的沟通能力和团队协作精神。,苏州,500-1000人,博士,29019,50879
Java后端开发,负责后端服务开发，确保代码质量和系统稳定性。要求熟悉Dubbo、Java、Spring等相关技术，具备良好的沟通能力和团队协作精神。,广州,50-150人,硕士,12928,21623
测试工程师,负责后端服务开发，确保代码质量和系统稳定性。要求熟悉测试、缺陷管理、自动化测试等相关技术，具备良好的沟通能力和团队协作精神。,武汉,1000人以上,大专,7867,13089
财务分析师,参与系统架构设计，优化系统性能，提升用户体验。要求熟悉财务分析、预算编制、财务报表等相关技术，具备良好的沟通能力和团队协作精神。,西安,50-150人,硕士,10515,16996
前端开发工程师,负责后端服务开发，确保代码质量和系统稳定性。要求熟悉CSS、TypeScript、React等相关技术，具备良好的沟通能力和团队协作精神。,重庆,500-1000人,博士,16554,26691
人力资源专员,负责公司核心产品的开发与维护，参与技术方案设计。要求熟悉培训、员工关系、绩效考核等相关技术，具备良好的沟通能力和团队协作精神。,北京,少于50人,硕士,8446,14192
测试工程师,参与系统架构设计，优化系统性能，提升用户体验。要求熟悉缺陷管理、测试、自动化测试等相关技术，具备良好的沟通能力和团队协作精神。,西安,少于50人,大专,5000,8559
产品经理,分析用户需求和市场动态，制定产品发展策略。要求熟悉产品设计、需求分析、用户研究等相关技术，具备良好的沟通能力和团队协作精神。,深圳,50-150人,大专,12244,21364
全栈开发工程师,负责公司核心产品的开发与维护，参与技术方案设计。要求熟悉JavaScript、Node.js、MongoDB等相关技术，具备良好的沟通能力和团队协作精神。,南京,500-1000人,本科,9215,15903
UI设计师,负责公司核心产品的开发与维护，参与技术方案设计。要求熟悉交互设计、Figma、用户体验等相关技术，具备良好的沟通能力和团队协作精神。,成都,50-150人,本科,6741,11529
Java后端开发,参与需求分析，提供技术解决方案，推动项目落地。要求熟悉Dubbo、SpringBoot、MySQL等相关技术，具备良好的沟通能力和团队协作精神。,重庆,1000人以上,大专,5431,10346
Java后端开发,参与需求分析，提供技术解决方案，推动项目落地。要求熟悉Spring、Dubbo、SpringBoot等相关技术，具备良好的沟通能力和团队协作精神。,苏州,少于50人,大专,6702,10706
算法工程师,参与需求分析，提供技术解决方案，推动项目落地。要求熟悉算法、深度学习、数据结构等相关技术，具备良好的沟通能力和团队协作精神。,广州,少于50人,大专,5822,10609
机器学习工程师,负责公司核心产品的开发与维护，参与技术方案设计。要求熟悉机器学习、特征工程、Python等相关技术，具备良好的沟通能力和团队协作精神。,重庆,少于50人,本科,5175,9527
Java后端开发,负责后端服务开发，确保代码质量和系统稳定性。要求熟悉SpringBoot、Redis、Spring等相关技术，具备良好的沟通能力和团队协作精神。,武汉,1000人以上,大专,5072,10294
技术支持工程师,参与需求分析，提供技术解决方案，推动项目落地。要求熟悉技术支持、文档编写、客户沟通等相关技术，具备良好的沟通能力和团队协作精神。,广州,1000人以上,博士,9543,17146
全栈开发工程师,负责公司核心产品的开发与维护，参与技术方案设计。要求熟悉MySQL、Node.js、JavaScript等相关技术，具备良好的沟通能力和团队协作精神。,成都,150-500人,本科,6491,12251
人力资源专员,负责公司核心产品的开发与维护，参与技术方案设计。要求熟悉绩效考核、员工关系、培训等相关技术，具备良好的沟通能力和团队协作精神。,广州,500-1000人,本科,8849,13689
Java后端开发,负责后端服务开发，确保代码质量和系统稳定性。要求熟悉Redis、MySQL、Java等相关技术，具备良好的沟通能力和团队协作精神。,上海,50-150人,博士,21913,35922
架构师,负责公司核心产品的开发与维护，参与技术方案设计。要求熟悉性能优化、微服务、技术选型等相关技术，具备良好的沟通能力和团队协作精神。,苏州,50-150人,硕士,9060,16331
数据分析师,设计和维护数据报表，监控业务指标变化。要求熟悉Tableau、SQL、Excel等相关技术，具备良好的沟通能力和团队协作精神。,成都,50-150人,硕士,15509,22622
Python开发工程师,参与需求分析，提供技术解决方案，推动项目落地。要求熟悉MySQL、Django、Python等相关技术，具备良好的沟通能力和团队协作精神。,苏州,1000人以上,博士,19828,32546
算法工程师,负责后端服务开发，确保代码质量和系统稳定性。要求熟悉数据结构、机器学习、算法等相关技术，具备良好的沟通能力和团队协作精神。,北京,1000人以上,大专,10495,18483
技术支持工程师,负责后端服务开发，确保代码质量和系统稳定性。要求熟悉文档编写、问题排查、技术支持等相关技术，具备良好的沟通能力和团队协作精神。,上海,少于50人,本科,6311,13274
数据分析师,负责数据分析和挖掘，为业务决策提供数据支持。要求熟悉统计学、Tableau、Python等相关技术，具备良好的沟通能力和团队协作精神。,武汉,50-150人,大专,9048,13183
市场经理,分析市场趋势和竞争对手，制定市场策略。要求熟悉市场营销、渠道拓展、品牌建设等相关技术，具备良好的沟通能力和团队协作精神。,深圳,150-500人,硕士,17385,32985
运营专员,策划运营活动，提升品牌影响力和用户增长。要求熟悉活动策划、运营、数据分析等相关技术，具备良好的沟通能力和团队协作精神。,北京,50-150人,硕士,7519,13941
算法工程师,负责后端服务开发，确保代码质量和系统稳定性。要求熟悉数据结构、机器学习、Python等相关技术，具备良好的沟通能力和团队协作精神。,重庆,50-150人,博士,13717,22472
Python开发工程师,参与系统架构设计，优化系统性能，提升用户体验。要求熟悉Python、Django、MySQL等相关技术，具备良好的沟通能力和团队协作精神。,上海,500-1000人,大专,13210,20419
数据分析师,负责数据分析和挖掘，为业务决策提供数据支持。要求熟悉统计学、SQL、Excel等相关技术，具备良好的沟通能力和团队协作精神。,上海,50-150人,本科,15489,23271
UI设计师,参与系统架构设计，优化系统性能，提升用户体验。要求熟悉用户体验、Figma、Sketch等相关技术，具备良好的沟通能力和团队协作精神。,杭州,50-150人,本科,10790,16908
算法工程师,参与系统架构设计，优化系统性能，提升用户体验。要求熟悉Python、机器学习、算法等相关技术，具备良好的沟通能力和团队协作精神。,杭州,150-500人,博士,19693,32941
销售代表,策划营销活动，提升产品知名度和市场份额。要求熟悉业绩目标、客户关系、商务谈判等相关技术，具备良好的沟通能力和团队协作精神。,武汉,500-1000人,本科,9185,15169
数据分析师,构建机器学习模型，解决实际业务问题。要求熟悉SQL、Python、Tableau等相关技术，具备良好的沟通能力和团队协作精神。,西安,少于50人,博士,14882,22912
架构师,负责后端服务开发，确保代码质量和系统稳定性。要求熟悉微服务、技术选型、性能优化等相关技术，具备良好的沟通能力和团队协作精神。,深圳,1000人以上,本科,13706,23306
UI设计师,负责公司核心产品的开发与维护，参与技术方案设计。要求熟悉Sketch、Figma、交互设计等相关技术，具备良好的沟通能力和团队协作精神。,杭州,500-1000人,博士,8493,13593
测试工程师,负责公司核心产品的开发与维护，参与技术方案设计。要求熟悉测试、性能测试、自动化测试等相关技术，具备良好的沟通能力和团队协作精神。,广州,50-150人,本科,9117,15805
测试工程师,负责后端服务开发，确保代码质量和系统稳定性。要求熟悉缺陷管理、自动化测试、性能测试等相关技术，具备良好的沟通能力和团队协作精神。,武汉,500-1000人,博士,5314,9623
项目经理,负责公司核心产品的开发与维护，参与技术方案设计。要求熟悉风险控制、团队协调、项目管理等相关技术，具备良好的沟通能力和团队协作精神。,上海,500-1000人,大专,7149,12556
机器学习工程师,参与需求分析，提供技术解决方案，推动项目落地。要求熟悉特征工程、模型调优、Python等相关技术，具备良好的沟通能力和团队协作精神。,武汉,150-500人,硕士,18697,36377
人力资源专员,参与需求分析，提供技术解决方案，推动项目落地。要求熟悉招聘、培训、员工关系等相关技术，具备良好的沟通能力和团队协作精神。,武汉,50-150人,本科,5000,8011
数据分析师,设计和维护数据报表，监控业务指标变化。要求熟悉Excel、Python、SQL等相关技术，具备良好的沟通能力和团队协作精神。,杭州,1000人以上,博士,23389,39286
技术支持工程师,负责公司核心产品的开发与维护，参与技术方案设计。要求熟悉技术支持、客户沟通、问题排查等相关技术，具备良好的沟通能力和团队协作精神。,苏州,50-150人,大专,5227,9701
人力资源专员,参与系统架构设计，优化系统性能，提升用户体验。要求熟悉员工关系、招聘、培训等相关技术，具备良好的沟通能力和团队协作精神。,天津,1000人以上,大专,5190,8569
产品经理,分析用户需求和市场动态，制定产品发展策略。要求熟悉Axure、用户研究、数据分析等相关技术，具备良好的沟通能力和团队协作精神。,天津,150-500人,博士,24877,40084
前端开发工程师,参与系统架构设计，优化系统性能，提升用户体验。要求熟悉Vue、React、TypeScript等相关技术，具备良好的沟通能力和团队协作精神。,上海,1000人以上,硕士,19772,32551
运营专员,负责日常运营工作，提升用户活跃度和留存率。要求熟悉运营、用户增长、活动策划等相关技术，具备良好的沟通能力和团队协作精神。,北京,50-150人,博士,10545,19437
运维工程师,参与系统架构设计，优化系统性能，提升用户体验。要求熟悉Linux、Docker、运维等相关技术，具备良好的沟通能力和团队协作精神。,武汉,150-500人,博士,11647,21439
数据分析师,设计和维护数据报表，监控业务指标变化。要求熟悉SQL、Tableau、Python等相关技术，具备良好的沟通能力和团队协作精神。,广州,500-1000人,本科,14661,22405
机器学习工程师,参与系统架构设计，优化系统性能，提升用户体验。要求熟悉机器学习、模型调优、特征工程等相关技术，具备良好的沟通能力和团队协作精神。,深圳,50-150人,大专,7239,13319
UI设计师,参与系统架构设计，优化系统性能，提升用户体验。要求熟悉UI设计、Sketch、交互设计等相关技术，具备良好的沟通能力和团队协作精神。,重庆,1000人以上,大专,6858,11159
人力资源专员,负责后端服务开发，确保代码质量和系统稳定性。要求熟悉招聘、绩效考核、员工关系等相关技术，具备良好的沟通能力和团队协作精神。,上海,150-500人,大专,6594,10690
测试工程师,负责公司核心产品的开发与维护，参与技术方案设计。要求熟悉性能测试、测试、缺陷管理等相关技术，具备良好的沟通能力和团队协作精神。,西安,少于50人,大专,5000,7827
全栈开发工程师,参与需求分析，提供技术解决方案，推动项目落地。要求熟悉MongoDB、Node.js、React等相关技术，具备良好的沟通能力和团队协作精神。,广州,1000人以上,大专,9426,16184
测试工程师,负责后端服务开发，确保代码质量和系统稳定性。要求熟悉性能测试、缺陷管理、自动化测试等相关技术，具备良好的沟通能力和团队协作精神。,成都,1000人以上,博士,13995,26436
市场经理,策划营销活动，提升产品知名度和市场份额。要求熟悉市场营销、品牌建设、渠道拓展等相关技术，具备良好的沟通能力和团队协作精神。,广州,150-500人,博士,23992,43000
全栈开发工程师,参与系统架构设计，优化系统性能，提升用户体验。要求熟悉JavaScript、MongoDB、Node.js等相关技术，具备良好的沟通能力和团队协作精神。,北京,500-1000人,博士,23638,40112
产品经理,协调研发、设计、运营团队，确保产品按时交付。要求熟悉数据分析、用户研究、Axure等相关技术，具备良好的沟通能力和团队协作精神。,天津,50-150人,硕士,11229,21662
财务分析师,负责后端服务开发，确保代码质量和系统稳定性。要求熟悉财务分析、Excel、预算编制等相关技术，具备良好的沟通能力和团队协作精神。,重庆,50-150人,大专,6941,10832
Java后端开发,参与系统架构设计，优化系统性能，提升用户体验。要求熟悉Redis、MySQL、Dubbo等相关技术，具备良好的沟通能力和团队协作精神。,天津,150-500人,博士,13901,24039
技术支持工程师,参与需求分析，提供技术解决方案，推动项目落地。要求熟悉技术支持、客户沟通、问题排查等相关技术，具备良好的沟通能力和团队协作精神。,上海,150-500人,博士,21802,36548
运营专员,分析运营数据，优化运营策略和流程。要求熟悉运营、用户增长、活动策划等相关技术，具备良好的沟通能力和团队协作精神。,苏州,50-150人,本科,5400,8896
前端开发工程师,参与系统架构设计，优化系统性能，提升用户体验。要求熟悉TypeScript、JavaScript、CSS等相关技术，具备良好的沟通能力和团队协作精神。,杭州,1000人以上,博士,25925,41823
架构师,参与系统架构设计，优化系统性能，提升用户体验。要求熟悉系统架构、微服务、技术选型等相关技术，具备良好的沟通能力和团队协作精神。,广州,50-150人,本科,9353,16041
Python开发工程师,负责后端服务开发，确保代码质量和系统稳定性。要求熟悉Django、Flask、FastAPI等相关技术，具备良好的沟通能力和团队协作精神。,深圳,150-500人,博士,18640,33040
全栈开发工程师,负责公司核心产品的开发与维护，参与技术方案设计。要求熟悉Node.js、React、MongoDB等相关技术，具备良好的沟通能力和团队协作精神。,重庆,50-150人,博士,12239,20994
技术支持工程师,参与需求分析，提供技术解决方案，推动项目落地。要求熟悉文档编写、技术支持、客户沟通等相关技术，具备良好的沟通能力和团队协作精神。,上海,150-500人,博士,21777,36522
产品经理,负责产品规划和设计，推动产品迭代优化。要求熟悉产品设计、Axure、用户研究等相关技术，具备良好的沟通能力和团队协作精神。,上海,150-500人,大专,13606,23437
项目经理,参与系统架构设计，优化系统性能，提升用户体验。要求熟悉团队协调、进度控制、项目管理等相关技术，具备良好的沟通能力和团队协作精神。,广州,少于50人,硕士,16133,27802
运营专员,策划运营活动，提升品牌影响力和用户增长。要求熟悉用户增长、活动策划、数据分析等相关技术，具备良好的沟通能力和团队协作精神。,北京,1000人以上,本科,8483,14723
数据分析师,负责数据分析和挖掘，为业务决策提供数据支持。要求熟悉Tableau、SQL、Python等相关技术，具备良好的沟通能力和团队协作精神。,南京,1000人以上,本科,11254,18550
UI设计师,参与系统架构设计，优化系统性能，提升用户体验。要求熟悉用户体验、交互设计、UI设计等相关技术，具备良好的沟通能力和团队协作精神。,成都,50-150人,硕士,8355,14579
技术支持工程师,负责后端服务开发，确保代码质量和系统稳定性。要求熟悉客户沟通、文档编写、技术支持等相关技术，具备良好的沟通能力和团队协作精神。,杭州,50-150人,大专,9526,15119
产品经理,分析用户需求和市场动态，制定产品发展策略。要求熟悉需求分析、用户研究、数据分析等相关技术，具备良好的沟通能力和团队协作精神。,天津,1000人以上,博士,20834,39082
人力资源专员,参与系统架构设计，优化系统性能，提升用户体验。要求熟悉培训、绩效考核、招聘等相关技术，具备良好的沟通能力和团队协作精神。,北京,150-500人,本科,7079,12279
数据科学家,设计和维护数据报表，监控业务指标变化。要求熟悉机器学习、Python、深度学习等相关技术，具备良好的沟通能力和团队协作精神。,西安,500-1000人,硕士,20173,34244
人力资源专员,负责后端服务开发，确保代码质量和系统稳定性。要求熟悉员工关系、培训、招聘等相关技术，具备良好的沟通能力和团队协作精神。,成都,500-1000人,博士,4786,7638
运维工程师,参与系统架构设计，优化系统性能，提升用户体验。要求熟悉监控、K8s、运维等相关技术，具备良好的沟通能力和团队协作精神。,天津,150-500人,硕士,9662,16983
数据分析师,设计和维护数据报表，监控业务指标变化。要求熟悉Python、Tableau、统计学等相关技术，具备良好的沟通能力和团队协作精神。,成都,1000人以上,大专,10840,16370
数据科学家,设计和维护数据报表，监控业务指标变化。要求熟悉TensorFlow、深度学习、Python等相关技术，具备良好的沟通能力和团队协作精神。,苏州,50-150人,博士,27241,46120
机器学习工程师,负责后端服务开发，确保代码质量和系统稳定性。要求熟悉Python、特征工程、模型调优等相关技术，具备良好的沟通能力和团队协作精神。,广州,50-150人,大专,7636,12987
人力资源专员,负责公司核心产品的开发与维护，参与技术方案设计。要求熟悉绩效考核、培训、招聘等相关技术，具备良好的沟通能力和团队协作精神。,武汉,50-150人,大专,5000,7000
Java后端开发,参与需求分析，提供技术解决方案，推动项目落地。要求熟悉Spring、MySQL、Dubbo等相关技术，具备良好的沟通能力和团队协作精神。,上海,1000人以上,硕士,22711,35491
Java后端开发,参与需求分析，提供技术解决方案，推动项目落地。要求熟悉SpringBoot、Redis、Spring等相关技术，具备良好的沟通能力和团队协作精神。,上海,50-150人,博士,16142,30150
人力资源专员,参与需求分析，提供技术解决方案，推动项目落地。要求熟悉绩效考核、员工关系、培训等相关技术，具备良好的沟通能力和团队协作精神。,天津,少于50人,博士,8412,13797
销售代表,负责市场推广和品牌建设，拓展市场渠道。要求熟悉销售、客户关系、业绩目标等相关技术，具备良好的沟通能力和团队协作精神。,北京,少于50人,大专,8451,14109
Python开发工程师,负责后端服务开发，确保代码质量和系统稳定性。要求熟悉Redis、Python、Django等相关技术，具备良好的沟通能力和团队协作精神。,苏州,1000人以上,博士,18474,31192
人力资源专员,参与系统架构设计，优化系统性能，提升用户体验。要求熟悉招聘、培训、员工关系等相关技术，具备良好的沟通能力和团队协作精神。,西安,500-1000人,硕士,6861,11552
架构师,参与需求分析，提供技术解决方案，推动项目落地。要求熟悉微服务、系统架构、性能优化等相关技术，具备良好的沟通能力和团队协作精神。,深圳,500-1000人,大专,9508,16548
机器学习工程师,参与系统架构设计，优化系统性能，提升用户体验。要求熟悉Python、特征工程、机器学习等相关技术，具备良好的沟通能力和团队协作精神。,重庆,少于50人,本科,6019,10371
市场经理,分析市场趋势和竞争对手，制定市场策略。要求熟悉品牌建设、渠道拓展、市场营销等相关技术，具备良好的沟通能力和团队协作精神。,上海,少于50人,本科,14073,24518
前端开发工程师,负责公司核心产品的开发与维护，参与技术方案设计。要求熟悉JavaScript、HTML、Vue等相关技术，具备良好的沟通能力和团队协作精神。,南京,150-500人,大专,7567,12431
销售代表,分析市场趋势和竞争对手，制定市场策略。要求熟悉销售、业绩目标、客户关系等相关技术，具备良好的沟通能力和团队协作精神。,南京,50-150人,博士,18604,29001
Java后端开发,参与系统架构设计，优化系统性能，提升用户体验。要求熟悉Redis、MySQL、SpringBoot等相关技术，具备良好的沟通能力和团队协作精神。,南京,150-500人,博士,13904,24848
运维工程师,负责公司核心产品的开发与维护，参与技术方案设计。要求熟悉运维、Linux、监控等相关技术，具备良好的沟通能力和团队协作精神。,成都,1000人以上,本科,7728,14640
机器学习工程师,参与系统架构设计，优化系统性能，提升用户体验。要求熟悉机器学习、特征工程、模型调优等相关技术，具备良好的沟通能力和团队协作精神。,深圳,150-500人,本科,10867,18867
产品经理,负责产品规划和设计，推动产品迭代优化。要求熟悉数据分析、Axure、需求分析等相关技术，具备良好的沟通能力和团队协作精神。,深圳,1000人以上,博士,48177,74097
人力资源专员,参与需求分析，提供技术解决方案，推动项目落地。要求熟悉招聘、培训、绩效考核等相关技术，具备良好的沟通能力和团队协作精神。,重庆,50-150人,博士,7328,12800
数据分析师,设计和维护数据报表，监控业务指标变化。要求熟悉Python、Excel、统计学等相关技术，具备良好的沟通能力和团队协作精神。,南京,50-150人,大专,9454,14075
销售代表,策划营销活动，提升产品知名度和市场份额。要求熟悉客户关系、业绩目标、商务谈判等相关技术，具备良好的沟通能力和团队协作精神。,苏州,1000人以上,本科,11937,19003
人力资源专员,负责公司核心产品的开发与维护，参与技术方案设计。要求熟悉绩效考核、招聘、员工关系等相关技术，具备良好的沟通能力和团队协作精神。,北京,1000人以上,本科,8669,14909
架构师,负责公司核心产品的开发与维护，参与技术方案设计。要求熟悉性能优化、技术选型、微服务等相关技术，具备良好的沟通能力和团队协作精神。,武汉,少于50人,硕士,8906,14917
数据分析师,负责数据分析和挖掘，为业务决策提供数据支持。要求熟悉Tableau、Excel、统计学等相关技术，具备良好的沟通能力和团队协作精神。,广州,150-500人,大专,11510,17142
全栈开发工程师,参与需求分析，提供技术解决方案，推动项目落地。要求熟悉JavaScript、Node.js、MySQL等相关技术，具备良好的沟通能力和团队协作精神。,上海,50-150人,硕士,13191,23308
项目经理,负责公司核心产品的开发与维护，参与技术方案设计。要求熟悉项目管理、风险控制、进度控制等相关技术，具备良好的沟通能力和团队协作精神。,杭州,1000人以上,硕士,23023,40245
人力资源专员,参与需求分析，提供技术解决方案，推动项目落地。要求熟悉培训、员工关系、招聘等相关技术，具备良好的沟通能力和团队协作精神。,深圳,150-500人,博士,12452,21452
运维工程师,参与系统架构设计，优化系统性能，提升用户体验。要求熟悉K8s、Docker、运维等相关技术，具备良好的沟通能力和团队协作精神。,天津,50-150人,本科,6338,11689
销售代表,分析市场趋势和竞争对手，制定市场策略。要求熟悉业绩目标、销售、客户关系等相关技术，具备良好的沟通能力和团队协作精神。,天津,50-150人,博士,12069,21700
销售代表,策划营销活动，提升产品知名度和市场份额。要求熟悉业绩目标、商务谈判、销售等相关技术，具备良好的沟通能力和团队协作精神。,西安,1000人以上,硕士,9378,17565
运营专员,策划运营活动，提升品牌影响力和用户增长。要求熟悉数据分析、运营、用户增长等相关技术，具备良好的沟通能力和团队协作精神。,重庆,少于50人,硕士,5328,8864
前端开发工程师,参与系统架构设计，优化系统性能，提升用户体验。要求熟悉HTML、JavaScript、CSS等相关技术，具备良好的沟通能力和团队协作精神。,天津,50-150人,大专,5267,9547
运营专员,策划运营活动，提升品牌影响力和用户增长。要求熟悉活动策划、用户增长、数据分析等相关技术，具备良好的沟通能力和团队协作精神。,南京,500-1000人,大专,5172,8516
运维工程师,参与需求分析，提供技术解决方案，推动项目落地。要求熟悉运维、Linux、Docker等相关技术，具备良好的沟通能力和团队协作精神。,重庆,1000人以上,大专,5324,10239
Python开发工程师,参与系统架构设计，优化系统性能，提升用户体验。要求熟悉Redis、MySQL、Python等相关技术，具备良好的沟通能力和团队协作精神。,天津,500-1000人,硕士,11573,19627
技术支持工程师,参与系统架构设计，优化系统性能，提升用户体验。要求熟悉技术支持、问题排查、文档编写等相关技术，具备良好的沟通能力和团队协作精神。,西安,50-150人,本科,7634,12619
运维工程师,参与需求分析，提供技术解决方案，推动项目落地。要求熟悉K8s、Linux、监控等相关技术，具备良好的沟通能力和团队协作精神。,成都,少于50人,博士,8823,17635
全栈开发工程师,负责后端服务开发，确保代码质量和系统稳定性。要求熟悉Node.js、MySQL、React等相关技术，具备良好的沟通能力和团队协作精神。,成都,50-150人,大专,6326,10703
产品经理,负责产品规划和设计，推动产品迭代优化。要求熟悉Axure、产品设计、需求分析等相关技术，具备良好的沟通能力和团队协作精神。,广州,少于50人,博士,25934,42091
技术支持工程师,负责公司核心产品的开发与维护，参与技术方案设计。要求熟悉文档编写、问题排查、客户沟通等相关技术，具备良好的沟通能力和团队协作精神。,西安,少于50人,硕士,6658,12457
销售代表,分析市场趋势和竞争对手，制定市场策略。要求熟悉客户关系、业绩目标、商务谈判等相关技术，具备良好的沟通能力和团队协作精神。,上海,少于50人,硕士,15285,24337
Python开发工程师,参与系统架构设计，优化系统性能，提升用户体验。要求熟悉Python、MySQL、Django等相关技术，具备良好的沟通能力和团队协作精神。,上海,500-1000人,博士,23577,39797
财务分析师,参与系统架构设计，优化系统性能，提升用户体验。要求熟悉Excel、财务分析、预算编制等相关技术，具备良好的沟通能力和团队协作精神。,上海,500-1000人,大专,11053,18262
人力资源专员,参与需求分析，提供技术解决方案，推动项目落地。要求熟悉培训、绩效考核、员工关系等相关技术，具备良好的沟通能力和团队协作精神。,成都,150-500人,硕士,6967,11647
全栈开发工程师,参与系统架构设计，优化系统性能，提升用户体验。要求熟悉Node.js、MySQL、JavaScript等相关技术，具备良好的沟通能力和团队协作精神。,西安,500-1000人,本科,8541,14314
销售代表,负责市场推广和品牌建设，拓展市场渠道。要求熟悉商务谈判、销售、业绩目标等相关技术，具备良好的沟通能力和团队协作精神。,天津,50-150人,大专,5946,10226
人力资源专员,参与系统架构设计，优化系统性能，提升用户体验。要求熟悉培训、员工关系、绩效考核等相关技术，具备良好的沟通能力和团队协作精神。,武汉,150-500人,大专,5000,7093
全栈开发工程师,参与系统架构设计，优化系统性能，提升用户体验。要求熟悉Node.js、MySQL、MongoDB等相关技术，具备良好的沟通能力和团队协作精神。,武汉,500-1000人,博士,38853,71166
人力资源专员,负责公司核心产品的开发与维护，参与技术方案设计。要求熟悉培训、招聘、员工关系等相关技术，具备良好的沟通能力和团队协作精神。,深圳,少于50人,大专,5215,8615
运维工程师,负责后端服务开发，确保代码质量和系统稳定性。要求熟悉K8s、运维、Linux等相关技术，具备良好的沟通能力和团队协作精神。,北京,50-150人,大专,7018,13341
测试工程师,负责公司核心产品的开发与维护，参与技术方案设计。要求熟悉缺陷管理、测试、性能测试等相关技术，具备良好的沟通能力和团队协作精神。,杭州,150-500人,博士,17939,31187
运维工程师,负责公司核心产品的开发与维护，参与技术方案设计。要求熟悉Docker、Linux、监控等相关技术，具备良好的沟通能力和团队协作精神。,深圳,50-150人,硕士,11910,21790
财务分析师,参与系统架构设计，优化系统性能，提升用户体验。要求熟悉预算编制、Excel、财务分析等相关技术，具备良好的沟通能力和团队协作精神。,广州,500-1000人,大专,9457,15652
算法工程师,负责公司核心产品的开发与维护，参与技术方案设计。要求熟悉Python、数据结构、算法等相关技术，具备良好的沟通能力和团队协作精神。,上海,50-150人,博士,22508,36516
财务分析师,负责公司核心产品的开发与维护，参与技术方案设计。要求熟悉财务分析、预算编制、Excel等相关技术，具备良好的沟通能力和团队协作精神。,北京,1000人以上,本科,19231,29215
运维工程师,负责后端服务开发，确保代码质量和系统稳定性。要求熟悉K8s、监控、运维等相关技术，具备良好的沟通能力和团队协作精神。,杭州,50-150人,本科,10412,17404
运维工程师,负责公司核心产品的开发与维护，参与技术方案设计。要求熟悉Docker、监控、Linux等相关技术，具备良好的沟通能力和团队协作精神。,武汉,少于50人,硕士,7034,13045
销售代表,策划营销活动，提升产品知名度和市场份额。要求熟悉销售、业绩目标、商务谈判等相关技术，具备良好的沟通能力和团队协作精神。,天津,500-1000人,本科,8150,14346
Python开发工程师,负责后端服务开发，确保代码质量和系统稳定性。要求熟悉FastAPI、Flask、Python等相关技术，具备良好的沟通能力和团队协作精神。,北京,150-500人,本科,13332,21652
财务分析师,负责后端服务开发，确保代码质量和系统稳定性。要求熟悉Excel、预算编制、财务分析等相关技术，具备良好的沟通能力和团队协作精神。,深圳,150-500人,博士,24746,39146
全栈开发工程师,负责后端服务开发，确保代码质量和系统稳定性。要求熟悉Node.js、MongoDB、MySQL等相关技术，具备良好的沟通能力和团队协作精神。,重庆,少于50人,本科,7876,12228
项目经理,参与系统架构设计，优化系统性能，提升用户体验。要求熟悉团队协调、项目管理、进度控制等相关技术，具备良好的沟通能力和团队协作精神。,南京,1000人以上,硕士,20611,34838
前端开发工程师,负责公司核心产品的开发与维护，参与技术方案设计。要求熟悉HTML、React、CSS等相关技术，具备良好的沟通能力和团队协作精神。,上海,50-150人,大专,8784,15010
UI设计师,负责后端服务开发，确保代码质量和系统稳定性。要求熟悉用户体验、Figma、Sketch等相关技术，具备良好的沟通能力和团队协作精神。,上海,少于50人,硕士,12487,20408
数据分析师,构建机器学习模型，解决实际业务问题。要求熟悉统计学、Python、Tableau等相关技术，具备良好的沟通能力和团队协作精神。,北京,50-150人,本科,13568,21472
销售代表,策划营销活动，提升产品知名度和市场份额。要求熟悉销售、客户关系、商务谈判等相关技术，具备良好的沟通能力和团队协作精神。,成都,500-1000人,大专,6824,11893
运维工程师,负责后端服务开发，确保代码质量和系统稳定性。要求熟悉Linux、Docker、运维等相关技术，具备良好的沟通能力和团队协作精神。,南京,少于50人,本科,7792,12960
项目经理,参与需求分析，提供技术解决方案，推动项目落地。要求熟悉项目管理、风险控制、进度控制等相关技术，具备良好的沟通能力和团队协作精神。,北京,50-150人,博士,33171,54512
运维工程师,参与需求分析，提供技术解决方案，推动项目落地。要求熟悉监控、Docker、运维等相关技术，具备良好的沟通能力和团队协作精神。,武汉,1000人以上,博士,14425,26175
数据科学家,设计和维护数据报表，监控业务指标变化。要求熟悉Python、TensorFlow、深度学习等相关技术，具备良好的沟通能力和团队协作精神。,北京,50-150人,本科,19354,34174
运维工程师,负责后端服务开发，确保代码质量和系统稳定性。要求熟悉Docker、运维、K8s等相关技术，具备良好的沟通能力和团队协作精神。,杭州,150-500人,本科,7586,14946
算法工程师,负责后端服务开发，确保代码质量和系统稳定性。要求熟悉算法、数据结构、机器学习等相关技术，具备良好的沟通能力和团队协作精神。,北京,1000人以上,本科,14678,24662
数据分析师,负责数据分析和挖掘，为业务决策提供数据支持。要求熟悉统计学、SQL、Tableau等相关技术，具备良好的沟通能力和团队协作精神。,杭州,少于50人,本科,9047,15303
销售代表,策划营销活动，提升产品知名度和市场份额。要求熟悉销售、商务谈判、客户关系等相关技术，具备良好的沟通能力和团队协作精神。,重庆,1000人以上,硕士,7758,15745
数据分析师,构建机器学习模型，解决实际业务问题。要求熟悉SQL、统计学、Excel等相关技术，具备良好的沟通能力和团队协作精神。,武汉,1000人以上,硕士,15042,23528
算法工程师,负责后端服务开发，确保代码质量和系统稳定性。要求熟悉算法、深度学习、Python等相关技术，具备良好的沟通能力和团队协作精神。,天津,150-500人,本科,10376,16008
人力资源专员,参与需求分析，提供技术解决方案，推动项目落地。要求熟悉培训、员工关系、绩效考核等相关技术，具备良好的沟通能力和团队协作精神。,重庆,150-500人,本科,5000,7996
机器学习工程师,参与需求分析，提供技术解决方案，推动项目落地。要求熟悉机器学习、特征工程、模型调优等相关技术，具备良好的沟通能力和团队协作精神。,苏州,500-1000人,本科,9923,16400
销售代表,策划营销活动，提升产品知名度和市场份额。要求熟悉客户关系、业绩目标、销售等相关技术，具备良好的沟通能力和团队协作精神。,深圳,500-1000人,大专,9788,16828
数据科学家,设计和维护数据报表，监控业务指标变化。要求熟悉机器学习、深度学习、Python等相关技术，具备良好的沟通能力和团队协作精神。,广州,1000人以上,博士,44556,73068
运营专员,分析运营数据，优化运营策略和流程。要求熟悉活动策划、运营、数据分析等相关技术，具备良好的沟通能力和团队协作精神。,深圳,50-150人,博士,14396,22946
前端开发工程师,参与需求分析，提供技术解决方案，推动项目落地。要求熟悉JavaScript、HTML、React等相关技术，具备良好的沟通能力和团队协作精神。,武汉,50-150人,博士,12284,21586
Python开发工程师,参与需求分析，提供技术解决方案，推动项目落地。要求熟悉Python、Redis、MySQL等相关技术，具备良好的沟通能力和团队协作精神。,苏州,少于50人,博士,12838,21847
Java后端开发,负责后端服务开发，确保代码质量和系统稳定性。要求熟悉Spring、Redis、Java等相关技术，具备良好的沟通能力和团队协作精神。,深圳,50-150人,大专,8726,14806
Python开发工程师,负责公司核心产品的开发与维护，参与技术方案设计。要求熟悉Django、Redis、FastAPI等相关技术，具备良好的沟通能力和团队协作精神。,上海,1000人以上,硕士,15970,28750
项目经理,负责后端服务开发，确保代码质量和系统稳定性。要求熟悉风险控制、项目管理、团队协调等相关技术，具备良好的沟通能力和团队协作精神。,西安,50-150人,硕士,15175,24897
Java后端开发,负责公司核心产品的开发与维护，参与技术方案设计。要求熟悉Java、Dubbo、SpringBoot等相关技术，具备良好的沟通能力和团队协作精神。,南京,150-500人,大专,19584,34176
全栈开发工程师,负责公司核心产品的开发与维护，参与技术方案设计。要求熟悉React、JavaScript、MySQL等相关技术，具备良好的沟通能力和团队协作精神。,南京,500-1000人,本科,8248,14936
财务分析师,负责后端服务开发，确保代码质量和系统稳定性。要求熟悉预算编制、Excel、财务报表等相关技术，具备良好的沟通能力和团队协作精神。,武汉,50-150人,硕士,12125,18844
全栈开发工程师,参与系统架构设计，优化系统性能，提升用户体验。要求熟悉JavaScript、Node.js、React等相关技术，具备良好的沟通能力和团队协作精神。,西安,50-150人,大专,5000,8800
前端开发工程师,负责后端服务开发，确保代码质量和系统稳定性。要求熟悉JavaScript、CSS、React等相关技术，具备良好的沟通能力和团队协作精神。,苏州,150-500人,大专,6501,11212
数据科学家,设计和维护数据报表，监控业务指标变化。要求熟悉机器学习、TensorFlow、Python等相关技术，具备良好的沟通能力和团队协作精神。,武汉,1000人以上,硕士,25163,41075
运营专员,负责日常运营工作，提升用户活跃度和留存率。要求熟悉数据分析、活动策划、用户增长等相关技术，具备良好的沟通能力和团队协作精神。,苏州,150-500人,硕士,8214,12998
产品经理,负责产品规划和设计，推动产品迭代优化。要求熟悉需求分析、Axure、产品设计等相关技术，具备良好的沟通能力和团队协作精神。,天津,少于50人,大专,8410,14154
人力资源专员,负责公司核心产品的开发与维护，参与技术方案设计。要求熟悉员工关系、绩效考核、培训等相关技术，具备良好的沟通能力和团队协作精神。,西安,500-1000人,大专,12500,18002
数据分析师,负责数据分析和挖掘，为业务决策提供数据支持。要求熟悉Tableau、Python、Excel等相关技术，具备良好的沟通能力和团队协作精神。,上海,150-500人,本科,15289,23481
测试工程师,负责后端服务开发，确保代码质量和系统稳定性。要求熟悉自动化测试、性能测试、测试等相关技术，具备良好的沟通能力和团队协作精神。,武汉,500-1000人,博士,17618,28389
人力资源专员,参与需求分析，提供技术解决方案，推动项目落地。要求熟悉培训、员工关系、招聘等相关技术，具备良好的沟通能力和团队协作精神。,武汉,1000人以上,博士,11835,19179
项目经理,负责公司核心产品的开发与维护，参与技术方案设计。要求熟悉进度控制、风险控制、项目管理等相关技术，具备良好的沟通能力和团队协作精神。,天津,500-1000人,本科,5118,8835
机器学习工程师,参与系统架构设计，优化系统性能，提升用户体验。要求熟悉Python、模型调优、机器学习等相关技术，具备良好的沟通能力和团队协作精神。,北京,150-500人,博士,16908,31884
销售代表,负责市场推广和品牌建设，拓展市场渠道。要求熟悉业绩目标、销售、商务谈判等相关技术，具备良好的沟通能力和团队协作精神。,深圳,150-500人,博士,16924,31324
算法工程师,参与系统架构设计，优化系统性能，提升用户体验。要求熟悉机器学习、算法、Python等相关技术，具备良好的沟通能力和团队协作精神。,北京,50-150人,大专,8332,14655
财务分析师,负责公司核心产品的开发与维护，参与技术方案设计。要求熟悉财务报表、Excel、财务分析等相关技术，具备良好的沟通能力和团队协作精神。,成都,少于50人,大专,6087,10004
Python开发工程师,负责公司核心产品的开发与维护，参与技术方案设计。要求熟悉Django、Python、MySQL等相关技术，具备良好的沟通能力和团队协作精神。,深圳,150-500人,本科,10719,18719
项目经理,参与需求分析，提供技术解决方案，推动项目落地。要求熟悉进度控制、团队协调、风险控制等相关技术，具备良好的沟通能力和团队协作精神。,武汉,50-150人,本科,10741,18493
测试工程师,负责公司核心产品的开发与维护，参与技术方案设计。要求熟悉性能测试、测试、缺陷管理等相关技术，具备良好的沟通能力和团队协作精神。,武汉,150-500人,博士,14436,24228
Java后端开发,参与系统架构设计，优化系统性能，提升用户体验。要求熟悉Java、MySQL、Redis等相关技术，具备良好的沟通能力和团队协作精神。,重庆,少于50人,本科,5926,10278
UI设计师,参与系统架构设计，优化系统性能，提升用户体验。要求熟悉用户体验、Figma、交互设计等相关技术，具备良好的沟通能力和团队协作精神。,南京,150-500人,硕士,12082,18998
前端开发工程师,参与系统架构设计，优化系统性能，提升用户体验。要求熟悉TypeScript、HTML、JavaScript等相关技术，具备良好的沟通能力和团队协作精神。,南京,500-1000人,本科,9276,15964
算法工程师,参与需求分析，提供技术解决方案，推动项目落地。要求熟悉机器学习、Python、深度学习等相关技术，具备良好的沟通能力和团队协作精神。,武汉,50-150人,大专,5000,8287
人力资源专员,负责后端服务开发，确保代码质量和系统稳定性。要求熟悉员工关系、招聘、培训等相关技术，具备良好的沟通能力和团队协作精神。,武汉,50-150人,大专,2500,3500
全栈开发工程师,负责后端服务开发，确保代码质量和系统稳定性。要求熟悉JavaScript、React、MySQL等相关技术，具备良好的沟通能力和团队协作精神。,上海,少于50人,硕士,12202,21254
数据科学家,负责数据分析和挖掘，为业务决策提供数据支持。要求熟悉PyTorch、Python、机器学习等相关技术，具备良好的沟通能力和团队协作精神。,南京,少于50人,大专,10320,18072
机器学习工程师,参与系统架构设计，优化系统性能，提升用户体验。要求熟悉特征工程、Python、模型调优等相关技术，具备良好的沟通能力和团队协作精神。,南京,50-150人,大专,6873,11494
项目经理,负责后端服务开发，确保代码质量和系统稳定性。要求熟悉项目管理、进度控制、风险控制等相关技术，具备良好的沟通能力和团队协作精神。,西安,少于50人,大专,8896,14249
销售代表,策划营销活动，提升产品知名度和市场份额。要求熟悉业绩目标、商务谈判、客户关系等相关技术，具备良好的沟通能力和团队协作精神。,杭州,500-1000人,本科,12982,21078
数据分析师,构建机器学习模型，解决实际业务问题。要求熟悉统计学、SQL、Python等相关技术，具备良好的沟通能力和团队协作精神。,天津,少于50人,硕士,10211,16434
数据分析师,构建机器学习模型，解决实际业务问题。要求熟悉统计学、SQL、Excel等相关技术，具备良好的沟通能力和团队协作精神。,北京,1000人以上,博士,36186,54157
数据科学家,设计和维护数据报表，监控业务指标变化。要求熟悉Python、机器学习、PyTorch等相关技术，具备良好的沟通能力和团队协作精神。,深圳,500-1000人,大专,21308,34508
数据分析师,构建机器学习模型，解决实际业务问题。要求熟悉Excel、Python、统计学等相关技术，具备良好的沟通能力和团队协作精神。,天津,50-150人,硕士,11224,18180
销售代表,分析市场趋势和竞争对手，制定市场策略。要求熟悉业绩目标、销售、商务谈判等相关技术，具备良好的沟通能力和团队协作精神。,苏州,500-1000人,大专,6528,11709
技术支持工程师,参与需求分析，提供技术解决方案，推动项目落地。要求熟悉技术支持、文档编写、客户沟通等相关技术，具备良好的沟通能力和团队协作精神。,苏州,少于50人,本科,6597,11602
运营专员,负责日常运营工作，提升用户活跃度和留存率。要求熟悉用户增长、活动策划、运营等相关技术，具备良好的沟通能力和团队协作精神。,南京,少于50人,博士,8269,14083
运营专员,分析运营数据，优化运营策略和流程。要求熟悉数据分析、活动策划、运营等相关技术，具备良好的沟通能力和团队协作精神。,深圳,少于50人,硕士,8475,14000
前端开发工程师,参与需求分析，提供技术解决方案，推动项目落地。要求熟悉Vue、TypeScript、React等相关技术，具备良好的沟通能力和团队协作精神。,深圳,500-1000人,硕士,16074,27514
全栈开发工程师,负责后端服务开发，确保代码质量和系统稳定性。要求熟悉Node.js、MySQL、React等相关技术，具备良好的沟通能力和团队协作精神。,苏州,500-1000人,大专,7127,12308
技术支持工程师,负责后端服务开发，确保代码质量和系统稳定性。要求熟悉客户沟通、问题排查、技术支持等相关技术，具备良好的沟通能力和团队协作精神。,重庆,50-150人,博士,5102,8604
财务分析师,负责公司核心产品的开发与维护，参与技术方案设计。要求熟悉财务分析、Excel、财务报表等相关技术，具备良好的沟通能力和团队协作精神。,南京,500-1000人,硕士,16936,25630
架构师,负责后端服务开发，确保代码质量和系统稳定性。要求熟悉微服务、系统架构、技术选型等相关技术，具备良好的沟通能力和团队协作精神。,北京,50-150人,大专,9820,16143
前端开发工程师,负责公司核心产品的开发与维护，参与技术方案设计。要求熟悉Vue、TypeScript、HTML等相关技术，具备良好的沟通能力和团队协作精神。,广州,500-1000人,博士,15285,29224
架构师,参与系统架构设计，优化系统性能，提升用户体验。要求熟悉系统架构、技术选型、性能优化等相关技术，具备良好的沟通能力和团队协作精神。,西安,少于50人,大专,5000,7000
机器学习工程师,负责后端服务开发，确保代码质量和系统稳定性。要求熟悉特征工程、模型调优、机器学习等相关技术，具备良好的沟通能力和团队协作精神。,武汉,150-500人,大专,6746,11098
机器学习工程师,负责后端服务开发，确保代码质量和系统稳定性。要求熟悉模型调优、Python、特征工程等相关技术，具备良好的沟通能力和团队协作精神。,天津,500-1000人,大专,5544,10500
测试工程师,负责公司核心产品的开发与维护，参与技术方案设计。要求熟悉缺陷管理、测试、自动化测试等相关技术，具备良好的沟通能力和团队协作精神。,深圳,50-150人,硕士,13168,23048
财务分析师,参与系统架构设计，优化系统性能，提升用户体验。要求熟悉财务分析、Excel、预算编制等相关技术，具备良好的沟通能力和团队协作精神。,西安,50-150人,大专,2854,4849
产品经理,负责产品规划和设计，推动产品迭代优化。要求熟悉产品设计、Axure、需求分析等相关技术，具备良好的沟通能力和团队协作精神。,杭州,50-150人,大专,8701,17092
前端开发工程师,参与系统架构设计，优化系统性能，提升用户体验。要求熟悉CSS、Vue、React等相关技术，具备良好的沟通能力和团队协作精神。,杭州,500-1000人,博士,21517,36089
Java后端开发,负责后端服务开发，确保代码质量和系统稳定性。要求熟悉Spring、Dubbo、SpringBoot等相关技术，具备良好的沟通能力和团队协作精神。,上海,500-1000人,硕士,17774,29489
财务分析师,参与需求分析，提供技术解决方案，推动项目落地。要求熟悉Excel、财务报表、预算编制等相关技术，具备良好的沟通能力和团队协作精神。,西安,500-1000人,本科,9013,14786
Python开发工程师,负责公司核心产品的开发与维护，参与技术方案设计。要求熟悉Redis、MySQL、Django等相关技术，具备良好的沟通能力和团队协作精神。,南京,1000人以上,本科,6487,13783
市场经理,负责市场推广和品牌建设，拓展市场渠道。要求熟悉活动策划、市场营销、品牌建设等相关技术，具备良好的沟通能力和团队协作精神。,重庆,150-500人,大专,7818,13962
市场经理,分析市场趋势和竞争对手，制定市场策略。要求熟悉市场营销、品牌建设、活动策划等相关技术，具备良好的沟通能力和团队协作精神。,上海,500-1000人,硕士,25452,43024
UI设计师,负责公司核心产品的开发与维护，参与技术方案设计。要求熟悉Figma、交互设计、用户体验等相关技术，具备良好的沟通能力和团队协作精神。,重庆,1000人以上,大专,5702,10003
架构师,参与系统架构设计，优化系统性能，提升用户体验。要求熟悉性能优化、系统架构、微服务等相关技术，具备良好的沟通能力和团队协作精神。,深圳,1000人以上,博士,24354,41634
项目经理,负责公司核心产品的开发与维护，参与技术方案设计。要求熟悉团队协调、进度控制、项目管理等相关技术，具备良好的沟通能力和团队协作精神。,北京,150-500人,硕士,22261,38485
测试工程师,参与需求分析，提供技术解决方案，推动项目落地。要求熟悉性能测试、自动化测试、缺陷管理等相关技术，具备良好的沟通能力和团队协作精神。,重庆,500-1000人,博士,15040,25177
运维工程师,参与需求分析，提供技术解决方案，推动项目落地。要求熟悉K8s、Docker、运维等相关技术，具备良好的沟通能力和团队协作精神。,成都,少于50人,本科,6841,11737
架构师,参与需求分析，提供技术解决方案，推动项目落地。要求熟悉性能优化、微服务、技术选型等相关技术，具备良好的沟通能力和团队协作精神。,苏州,50-150人,博士,12007,22075
运营专员,负责日常运营工作，提升用户活跃度和留存率。要求熟悉运营、用户增长、数据分析等相关技术，具备良好的沟通能力和团队协作精神。,天津,1000人以上,大专,5877,9256
技术支持工程师,负责公司核心产品的开发与维护，参与技术方案设计。要求熟悉文档编写、客户沟通、技术支持等相关技术，具备良好的沟通能力和团队协作精神。,武汉,少于50人,博士,11196,19520
运营专员,策划运营活动，提升品牌影响力和用户增长。要求熟悉用户增长、运营、数据分析等相关技术，具备良好的沟通能力和团队协作精神。,武汉,50-150人,本科,5000,8057
测试工程师,参与需求分析，提供技术解决方案，推动项目落地。要求熟悉缺陷管理、测试、自动化测试等相关技术，具备良好的沟通能力和团队协作精神。,上海,150-500人,博士,17694,32440
算法工程师,负责后端服务开发，确保代码质量和系统稳定性。要求熟悉Python、机器学习、深度学习等相关技术，具备良好的沟通能力和团队协作精神。,南京,150-500人,硕士,10211,18115
算法工程师,负责公司核心产品的开发与维护，参与技术方案设计。要求熟悉算法、数据结构、机器学习等相关技术，具备良好的沟通能力和团队协作精神。,北京,500-1000人,大专,8852,16174
运维工程师,负责后端服务开发，确保代码质量和系统稳定性。要求熟悉Linux、K8s、运维等相关技术，具备良好的沟通能力和团队协作精神。,天津,1000人以上,硕士,11795,20581
架构师,负责公司核心产品的开发与维护，参与技术方案设计。要求熟悉微服务、系统架构、技术选型等相关技术，具备良好的沟通能力和团队协作精神。,武汉,50-150人,博士,15776,25078
数据科学家,构建机器学习模型，解决实际业务问题。要求熟悉机器学习、Python、深度学习等相关技术，具备良好的沟通能力和团队协作精神。,武汉,150-500人,本科,39702,70302
数据分析师,设计和维护数据报表，监控业务指标变化。要求熟悉Python、Excel、Tableau等相关技术，具备良好的沟通能力和团队协作精神。,南京,少于50人,博士,12414,21716
机器学习工程师,参与需求分析，提供技术解决方案，推动项目落地。要求熟悉Python、特征工程、模型调优等相关技术，具备良好的沟通能力和团队协作精神。,上海,少于50人,大专,9196,14766
Python开发工程师,参与需求分析，提供技术解决方案，推动项目落地。要求熟悉Python、Django、FastAPI等相关技术，具备良好的沟通能力和团队协作精神。,苏州,1000人以上,大专,7550,13202
销售代表,策划营销活动，提升产品知名度和市场份额。要求熟悉客户关系、商务谈判、销售等相关技术，具备良好的沟通能力和团队协作精神。,深圳,50-150人,本科,9496,17096
人力资源专员,负责公司核心产品的开发与维护，参与技术方案设计。要求熟悉培训、绩效考核、招聘等相关技术，具备良好的沟通能力和团队协作精神。,杭州,少于50人,硕士,8681,13764
项目经理,负责公司核心产品的开发与维护，参与技术方案设计。要求熟悉项目管理、风险控制、进度控制等相关技术，具备良好的沟通能力和团队协作精神。,上海,少于50人,博士,23716,42516
产品经理,协调研发、设计、运营团队，确保产品按时交付。要求熟悉Axure、需求分析、用户研究等相关技术，具备良好的沟通能力和团队协作精神。,深圳,少于50人,大专,14013,22173
全栈开发工程师,负责公司核心产品的开发与维护，参与技术方案设计。要求熟悉MySQL、JavaScript、MongoDB等相关技术，具备良好的沟通能力和团队协作精神。,西安,少于50人,博士,12061,20090
财务分析师,参与系统架构设计，优化系统性能，提升用户体验。要求熟悉预算编制、财务报表、财务分析等相关技术，具备良好的沟通能力和团队协作精神。,武汉,150-500人,博士,15478,25270
数据科学家,负责数据分析和挖掘，为业务决策提供数据支持。要求熟悉深度学习、PyTorch、机器学习等相关技术，具备良好的沟通能力和团队协作精神。,重庆,1000人以上,大专,18734,27950
技术支持工程师,参与系统架构设计，优化系统性能，提升用户体验。要求熟悉客户沟通、技术支持、文档编写等相关技术，具备良好的沟通能力和团队协作精神。,苏州,1000人以上,大专,7130,12782
技术支持工程师,参与系统架构设计，优化系统性能，提升用户体验。要求熟悉问题排查、文档编写、技术支持等相关技术，具备良好的沟通能力和团队协作精神。,北京,1000人以上,大专,12093,20080
机器学习工程师,参与系统架构设计，优化系统性能，提升用户体验。要求熟悉Python、特征工程、模型调优等相关技术，具备良好的沟通能力和团队协作精神。,北京,150-500人,本科,11906,20226
产品经理,负责产品规划和设计，推动产品迭代优化。要求熟悉Axure、数据分析、需求分析等相关技术，具备良好的沟通能力和团队协作精神。,杭州,500-1000人,本科,19662,31806
测试工程师,参与系统架构设计，优化系统性能，提升用户体验。要求熟悉性能测试、测试、缺陷管理等相关技术，具备良好的沟通能力和团队协作精神。,武汉,1000人以上,博士,19597,31347
产品经理,负责产品规划和设计，推动产品迭代优化。要求熟悉需求分析、用户研究、数据分析等相关技术，具备良好的沟通能力和团队协作精神。,武汉,少于50人,硕士,12452,21469
UI设计师,负责后端服务开发，确保代码质量和系统稳定性。要求熟悉交互设计、UI设计、Sketch等相关技术，具备良好的沟通能力和团队协作精神。,武汉,1000人以上,硕士,11000,18425
人力资源专员,负责后端服务开发，确保代码质量和系统稳定性。要求熟悉招聘、培训、员工关系等相关技术，具备良好的沟通能力和团队协作精神。,武汉,50-150人,硕士,6684,10883
Java后端开发,负责后端服务开发，确保代码质量和系统稳定性。要求熟悉Redis、Dubbo、SpringBoot等相关技术，具备良好的沟通能力和团队协作精神。,南京,150-500人,博士,13657,24601
人力资源专员,负责后端服务开发，确保代码质量和系统稳定性。要求熟悉员工关系、招聘、培训等相关技术，具备良好的沟通能力和团队协作精神。,北京,少于50人,本科,8409,12829
算法工程师,负责后端服务开发，确保代码质量和系统稳定性。要求熟悉数据结构、Python、算法等相关技术，具备良好的沟通能力和团队协作精神。,上海,50-150人,硕士,14170,24287
Python开发工程师,参与系统架构设计，优化系统性能，提升用户体验。要求熟悉FastAPI、MySQL、Flask等相关技术，具备良好的沟通能力和团队协作精神。,成都,少于50人,硕士,8315,14680
算法工程师,负责后端服务开发，确保代码质量和系统稳定性。要求熟悉深度学习、数据结构、Python等相关技术，具备良好的沟通能力和团队协作精神。,南京,少于50人,博士,13112,22415
机器学习工程师,负责公司核心产品的开发与维护，参与技术方案设计。要求熟悉模型调优、特征工程、机器学习等相关技术，具备良好的沟通能力和团队协作精神。,上海,1000人以上,硕士,14343,27123
市场经理,负责市场推广和品牌建设，拓展市场渠道。要求熟悉活动策划、品牌建设、市场营销等相关技术，具备良好的沟通能力和团队协作精神。,成都,50-150人,本科,9790,17998
产品经理,协调研发、设计、运营团队，确保产品按时交付。要求熟悉需求分析、Axure、用户研究等相关技术，具备良好的沟通能力和团队协作精神。,武汉,少于50人,大专,8878,14427
人力资源专员,负责后端服务开发，确保代码质量和系统稳定性。要求熟悉招聘、绩效考核、员工关系等相关技术，具备良好的沟通能力和团队协作精神。,广州,1000人以上,大专,5781,10005
UI设计师,负责公司核心产品的开发与维护，参与技术方案设计。要求熟悉交互设计、UI设计、Figma等相关技术，具备良好的沟通能力和团队协作精神。,杭州,50-150人,博士,15621,26633
Python开发工程师,参与需求分析，提供技术解决方案，推动项目落地。要求熟悉Redis、Flask、MySQL等相关技术，具备良好的沟通能力和团队协作精神。,上海,500-1000人,大专,10637,17846
市场经理,分析市场趋势和竞争对手，制定市场策略。要求熟悉渠道拓展、品牌建设、市场营销等相关技术，具备良好的沟通能力和团队协作精神。,成都,500-1000人,大专,12144,19747
人力资源专员,负责公司核心产品的开发与维护，参与技术方案设计。要求熟悉绩效考核、员工关系、招聘等相关技术，具备良好的沟通能力和团队协作精神。,杭州,500-1000人,博士,14971,24079
Python开发工程师,参与系统架构设计，优化系统性能，提升用户体验。要求熟悉Python、Flask、FastAPI等相关技术，具备良好的沟通能力和团队协作精神。,广州,少于50人,大专,7476,12263
算法工程师,负责后端服务开发，确保代码质量和系统稳定性。要求熟悉深度学习、算法、Python等相关技术，具备良好的沟通能力和团队协作精神。,深圳,少于50人,本科,8385,15185
Java后端开发,负责公司核心产品的开发与维护，参与技术方案设计。要求熟悉SpringBoot、Java、Dubbo等相关技术，具备良好的沟通能力和团队协作精神。,杭州,少于50人,大专,5547,10552
市场经理,策划营销活动，提升产品知名度和市场份额。要求熟悉品牌建设、市场营销、活动策划等相关技术，具备良好的沟通能力和团队协作精神。,天津,1000人以上,博士,30227,48474
全栈开发工程师,参与需求分析，提供技术解决方案，推动项目落地。要求熟悉MySQL、JavaScript、Node.js等相关技术，具备良好的沟通能力和团队协作精神。,深圳,150-500人,本科,10515,18515
运维工程师,参与需求分析，提供技术解决方案，推动项目落地。要求熟悉Docker、监控、K8s等相关技术，具备良好的沟通能力和团队协作精神。,广州,1000人以上,博士,20193,35400
测试工程师,负责后端服务开发，确保代码质量和系统稳定性。要求熟悉测试、自动化测试、缺陷管理等相关技术，具备良好的沟通能力和团队协作精神。,广州,少于50人,硕士,12633,20412
机器学习工程师,参与需求分析，提供技术解决方案，推动项目落地。要求熟悉Python、模型调优、特征工程等相关技术，具备良好的沟通能力和团队协作精神。,天津,少于50人,大专,5665,9495
机器学习工程师,参与需求分析，提供技术解决方案，推动项目落地。要求熟悉Python、机器学习、模型调优等相关技术，具备良好的沟通能力和团队协作精神。,西安,500-1000人,本科,8431,14203
项目经理,负责后端服务开发，确保代码质量和系统稳定性。要求熟悉风险控制、团队协调、项目管理等相关技术，具备良好的沟通能力和团队协作精神。,南京,1000人以上,硕士,25337,39564
运维工程师,负责后端服务开发，确保代码质量和系统稳定性。要求熟悉K8s、监控、Docker等相关技术，具备良好的沟通能力和团队协作精神。,上海,50-150人,本科,9761,17544
运维工程师,负责公司核心产品的开发与维护，参与技术方案设计。要求熟悉Docker、K8s、运维等相关技术，具备良好的沟通能力和团队协作精神。,广州,500-1000人,本科,11995,19739
运营专员,策划运营活动，提升品牌影响力和用户增长。要求熟悉运营、数据分析、用户增长等相关技术，具备良好的沟通能力和团队协作精神。,苏州,少于50人,本科,5000,7855
算法工程师,负责后端服务开发，确保代码质量和系统稳定性。要求熟悉算法、机器学习、Python等相关技术，具备良好的沟通能力和团队协作精神。,北京,500-1000人,本科,13044,22196
运维工程师,负责公司核心产品的开发与维护，参与技术方案设计。要求熟悉监控、运维、Linux等相关技术，具备良好的沟通能力和团队协作精神。,西安,150-500人,硕士,11336,18158
财务分析师,参与需求分析，提供技术解决方案，推动项目落地。要求熟悉Excel、财务分析、预算编制等相关技术，具备良好的沟通能力和团队协作精神。,广州,50-150人,博士,21652,33690
产品经理,分析用户需求和市场动态，制定产品发展策略。要求熟悉用户研究、数据分析、产品设计等相关技术，具备良好的沟通能力和团队协作精神。,成都,少于50人,大专,8671,14546
运营专员,分析运营数据，优化运营策略和流程。要求熟悉数据分析、用户增长、活动策划等相关技术，具备良好的沟通能力和团队协作精神。,广州,500-1000人,本科,8298,13138
运维工程师,参与系统架构设计，优化系统性能，提升用户体验。要求熟悉运维、Linux、监控等相关技术，具备良好的沟通能力和团队协作精神。,武汉,少于50人,大专,5000,8532
Java后端开发,参与系统架构设计，优化系统性能，提升用户体验。要求熟悉Java、Redis、Dubbo等相关技术，具备良好的沟通能力和团队协作精神。,北京,1000人以上,硕士,15804,28783
产品经理,协调研发、设计、运营团队，确保产品按时交付。要求熟悉用户研究、产品设计、数据分析等相关技术，具备良好的沟通能力和团队协作精神。,广州,1000人以上,博士,26894,49704
产品经理,负责产品规划和设计，推动产品迭代优化。要求熟悉Axure、数据分析、用户研究等相关技术，具备良好的沟通能力和团队协作精神。,西安,50-150人,本科,7525,15003
技术支持工程师,参与系统架构设计，优化系统性能，提升用户体验。要求熟悉文档编写、客户沟通、问题排查等相关技术，具备良好的沟通能力和团队协作精神。,杭州,少于50人,大专,8811,13815
算法工程师,参与系统架构设计，优化系统性能，提升用户体验。要求熟悉数据结构、Python、深度学习等相关技术，具备良好的沟通能力和团队协作精神。,深圳,150-500人,大专,7476,13876
数据分析师,构建机器学习模型，解决实际业务问题。要求熟悉SQL、Excel、Tableau等相关技术，具备良好的沟通能力和团队协作精神。,北京,500-1000人,博士,27001,43475
前端开发工程师,参与需求分析，提供技术解决方案，推动项目落地。要求熟悉HTML、JavaScript、TypeScript等相关技术，具备良好的沟通能力和团队协作精神。,深圳,少于50人,硕士,11696,20536
算法工程师,负责公司核心产品的开发与维护，参与技术方案设计。要求熟悉深度学习、Python、算法等相关技术，具备良好的沟通能力和团队协作精神。,西安,少于50人,大专,5112,8681
运维工程师,负责公司核心产品的开发与维护，参与技术方案设计。要求熟悉运维、Docker、K8s等相关技术，具备良好的沟通能力和团队协作精神。,南京,50-150人,本科,4412,7300
市场经理,分析市场趋势和竞争对手，制定市场策略。要求熟悉渠道拓展、活动策划、品牌建设等相关技术，具备良好的沟通能力和团队协作精神。,西安,500-1000人,硕士,17294,28551
产品经理,协调研发、设计、运营团队，确保产品按时交付。要求熟悉Axure、数据分析、用户研究等相关技术，具备良好的沟通能力和团队协作精神。,成都,500-1000人,大专,3849,6890
技术支持工程师,负责公司核心产品的开发与维护，参与技术方案设计。要求熟悉问题排查、文档编写、技术支持等相关技术，具备良好的沟通能力和团队协作精神。,西安,少于50人,硕士,7791,13591
数据分析师,负责数据分析和挖掘，为业务决策提供数据支持。要求熟悉统计学、Tableau、Excel等相关技术，具备良好的沟通能力和团队协作精神。,成都,500-1000人,大专,8866,13935
机器学习工程师,参与需求分析，提供技术解决方案，推动项目落地。要求熟悉Python、机器学习、特征工程等相关技术，具备良好的沟通能力和团队协作精神。,天津,少于50人,本科,6359,11146
运维工程师,负责后端服务开发，确保代码质量和系统稳定性。要求熟悉K8s、监控、Linux等相关技术，具备良好的沟通能力和团队协作精神。,深圳,150-500人,硕士,17434,27834
运营专员,分析运营数据，优化运营策略和流程。要求熟悉运营、活动策划、数据分析等相关技术，具备良好的沟通能力和团队协作精神。,广州,少于50人,硕士,7770,12632
项目经理,负责公司核心产品的开发与维护，参与技术方案设计。要求熟悉风险控制、团队协调、项目管理等相关技术，具备良好的沟通能力和团队协作精神。,成都,150-500人,大专,10456,17368
UI设计师,参与系统架构设计，优化系统性能，提升用户体验。要求熟悉Sketch、用户体验、Figma等相关技术，具备良好的沟通能力和团队协作精神。,重庆,50-150人,硕士,9875,15408
前端开发工程师,负责公司核心产品的开发与维护，参与技术方案设计。要求熟悉React、Vue、JavaScript等相关技术，具备良好的沟通能力和团队协作精神。,杭州,少于50人,博士,17961,29222
Java后端开发,参与需求分析，提供技术解决方案，推动项目落地。要求熟悉SpringBoot、Java、Redis等相关技术，具备良好的沟通能力和团队协作精神。,西安,150-500人,大专,5915,10113
产品经理,分析用户需求和市场动态，制定产品发展策略。要求熟悉数据分析、需求分析、产品设计等相关技术，具备良好的沟通能力和团队协作精神。,深圳,150-500人,硕士,17656,33256
产品经理,分析用户需求和市场动态，制定产品发展策略。要求熟悉产品设计、Axure、数据分析等相关技术，具备良好的沟通能力和团队协作精神。,深圳,50-150人,博士,29752,50272
Java后端开发,参与需求分析，提供技术解决方案，推动项目落地。要求熟悉MySQL、Dubbo、Java等相关技术，具备良好的沟通能力和团队协作精神。,西安,150-500人,本科,6575,11823
产品经理,负责产品规划和设计，推动产品迭代优化。要求熟悉数据分析、用户研究、Axure等相关技术，具备良好的沟通能力和团队协作精神。,杭州,1000人以上,硕士,21973,39196
市场经理,策划营销活动，提升产品知名度和市场份额。要求熟悉品牌建设、活动策划、市场营销等相关技术，具备良好的沟通能力和团队协作精神。,苏州,50-150人,本科,12459,20849
运营专员,分析运营数据，优化运营策略和流程。要求熟悉用户增长、数据分析、运营等相关技术，具备良好的沟通能力和团队协作精神。,杭州,少于50人,硕士,8883,13966
人力资源专员,参与需求分析，提供技术解决方案，推动项目落地。要求熟悉绩效考核、员工关系、培训等相关技术，具备良好的沟通能力和团队协作精神。,武汉,少于50人,本科,5000,7237
UI设计师,参与需求分析，提供技术解决方案，推动项目落地。要求熟悉用户体验、交互设计、UI设计等相关技术，具备良好的沟通能力和团队协作精神。,成都,500-1000人,博士,17054,27034
架构师,参与系统架构设计，优化系统性能，提升用户体验。要求熟悉性能优化、系统架构、技术选型等相关技术，具备良好的沟通能力和团队协作精神。,北京,500-1000人,大专,12404,19725
数据分析师,负责数据分析和挖掘，为业务决策提供数据支持。要求熟悉Tableau、Excel、统计学等相关技术，具备良好的沟通能力和团队协作精神。,苏州,1000人以上,硕士,15983,25169
Python开发工程师,负责公司核心产品的开发与维护，参与技术方案设计。要求熟悉Python、Redis、Flask等相关技术，具备良好的沟通能力和团队协作精神。,西安,1000人以上,博士,21116,32451
全栈开发工程师,负责后端服务开发，确保代码质量和系统稳定性。要求熟悉MongoDB、MySQL、Node.js等相关技术，具备良好的沟通能力和团队协作精神。,成都,1000人以上,大专,8189,13719
市场经理,分析市场趋势和竞争对手，制定市场策略。要求熟悉品牌建设、渠道拓展、市场营销等相关技术，具备良好的沟通能力和团队协作精神。,北京,少于50人,大专,8867,17353
架构师,参与系统架构设计，优化系统性能，提升用户体验。要求熟悉技术选型、微服务、性能优化等相关技术，具备良好的沟通能力和团队协作精神。,天津,500-1000人,本科,9393,15588
Python开发工程师,负责公司核心产品的开发与维护，参与技术方案设计。要求熟悉Python、Redis、Django等相关技术，具备良好的沟通能力和团队协作精神。,西安,1000人以上,本科,9109,15406
技术支持工程师,参与系统架构设计，优化系统性能，提升用户体验。要求熟悉问题排查、技术支持、文档编写等相关技术，具备良好的沟通能力和团队协作精神。,上海,1000人以上,大专,12715,20579
Python开发工程师,负责公司核心产品的开发与维护，参与技术方案设计。要求熟悉Python、Flask、FastAPI等相关技术，具备良好的沟通能力和团队协作精神。,南京,500-1000人,博士,18072,30110
测试工程师,参与需求分析，提供技术解决方案，推动项目落地。要求熟悉测试、自动化测试、缺陷管理等相关技术，具备良好的沟通能力和团队协作精神。,深圳,50-150人,硕士,13328,23208
Python开发工程师,参与系统架构设计，优化系统性能，提升用户体验。要求熟悉MySQL、Redis、Django等相关技术，具备良好的沟通能力和团队协作精神。,深圳,50-150人,本科,8705,16305
测试工程师,负责公司核心产品的开发与维护，参与技术方案设计。要求熟悉缺陷管理、自动化测试、性能测试等相关技术，具备良好的沟通能力和团队协作精神。,西安,150-500人,硕士,9113,15935
人力资源专员,参与需求分析，提供技术解决方案，推动项目落地。要求熟悉员工关系、招聘、绩效考核等相关技术，具备良好的沟通能力和团队协作精神。,武汉,少于50人,博士,6918,12120
运营专员,负责日常运营工作，提升用户活跃度和留存率。要求熟悉数据分析、运营、活动策划等相关技术，具备良好的沟通能力和团队协作精神。,西安,少于50人,博士,6944,11963
Java后端开发,参与需求分析，提供技术解决方案，推动项目落地。要求熟悉SpringBoot、Java、Spring等相关技术，具备良好的沟通能力和团队协作精神。,成都,50-150人,博士,14630,24479
销售代表,策划营销活动，提升产品知名度和市场份额。要求熟悉业绩目标、商务谈判、销售等相关技术，具备良好的沟通能力和团队协作精神。,南京,1000人以上,本科,12316,19612
数据科学家,设计和维护数据报表，监控业务指标变化。要求熟悉PyTorch、深度学习、机器学习等相关技术，具备良好的沟通能力和团队协作精神。,重庆,50-150人,硕士,19746,31602
数据分析师,负责数据分析和挖掘，为业务决策提供数据支持。要求熟悉Tableau、统计学、Excel等相关技术，具备良好的沟通能力和团队协作精神。,杭州,150-500人,博士,18890,32138
技术支持工程师,参与系统架构设计，优化系统性能，提升用户体验。要求熟悉客户沟通、文档编写、问题排查等相关技术，具备良好的沟通能力和团队协作精神。,重庆,50-150人,硕士,9221,15544
项目经理,负责公司核心产品的开发与维护，参与技术方案设计。要求熟悉项目管理、团队协调、风险控制等相关技术，具备良好的沟通能力和团队协作精神。,苏州,500-1000人,大专,12430,20202
算法工程师,参与需求分析，提供技术解决方案，推动项目落地。要求熟悉Python、数据结构、深度学习等相关技术，具备良好的沟通能力和团队协作精神。,上海,少于50人,博士,15800,28334
算法工程师,参与需求分析，提供技术解决方案，推动项目落地。要求熟悉算法、深度学习、Python等相关技术，具备良好的沟通能力和团队协作精神。,上海,50-150人,博士,18909,32917
产品经理,协调研发、设计、运营团队，确保产品按时交付。要求熟悉Axure、产品设计、用户研究等相关技术，具备良好的沟通能力和团队协作精神。,上海,少于50人,大专,11512,19868
市场经理,负责市场推广和品牌建设，拓展市场渠道。要求熟悉品牌建设、市场营销、活动策划等相关技术，具备良好的沟通能力和团队协作精神。,上海,500-1000人,博士,29873,54203
测试工程师,参与系统架构设计，优化系统性能，提升用户体验。要求熟悉自动化测试、缺陷管理、测试等相关技术，具备良好的沟通能力和团队协作精神。,西安,150-500人,本科,7853,13101
前端开发工程师,参与系统架构设计，优化系统性能，提升用户体验。要求熟悉JavaScript、React、CSS等相关技术，具备良好的沟通能力和团队协作精神。,苏州,少于50人,大专,5414,9418
销售代表,策划营销活动，提升产品知名度和市场份额。要求熟悉客户关系、商务谈判、业绩目标等相关技术，具备良好的沟通能力和团队协作精神。,武汉,1000人以上,大专,7591,12814
机器学习工程师,负责后端服务开发，确保代码质量和系统稳定性。要求熟悉特征工程、模型调优、Python等相关技术，具备良好的沟通能力和团队协作精神。,广州,1000人以上,博士,18378,33584
前端开发工程师,负责公司核心产品的开发与维护，参与技术方案设计。要求熟悉HTML、JavaScript、React等相关技术，具备良好的沟通能力和团队协作精神。,西安,500-1000人,博士,13435,23826
运维工程师,参与需求分析，提供技术解决方案，推动项目落地。要求熟悉Linux、运维、Docker等相关技术，具备良好的沟通能力和团队协作精神。,杭州,少于50人,大专,7559,12564
架构师,负责后端服务开发，确保代码质量和系统稳定性。要求熟悉性能优化、技术选型、微服务等相关技术，具备良好的沟通能力和团队协作精神。,成都,少于50人,本科,6389,11285
前端开发工程师,参与系统架构设计，优化系统性能，提升用户体验。要求熟悉HTML、CSS、Vue等相关技术，具备良好的沟通能力和团队协作精神。,深圳,150-500人,大专,10872,17272
人力资源专员,参与需求分析，提供技术解决方案，推动项目落地。要求熟悉绩效考核、员工关系、招聘等相关技术，具备良好的沟通能力和团队协作精神。,苏州,少于50人,大专,5000,7000
Java后端开发,参与系统架构设计，优化系统性能，提升用户体验。要求熟悉SpringBoot、Java、Spring等相关技术，具备良好的沟通能力和团队协作精神。,成都,500-1000人,硕士,11672,19909
机器学习工程师,参与系统架构设计，优化系统性能，提升用户体验。要求熟悉模型调优、Python、特征工程等相关技术，具备良好的沟通能力和团队协作精神。,南京,150-500人,大专,7538,12402
销售代表,分析市场趋势和竞争对手，制定市场策略。要求熟悉业绩目标、销售、客户关系等相关技术，具备良好的沟通能力和团队协作精神。,上海,500-1000人,大专,7995,15204
Java后端开发,参与系统架构设计，优化系统性能，提升用户体验。要求熟悉Dubbo、SpringBoot、MySQL等相关技术，具备良好的沟通能力和团队协作精神。,上海,少于50人,博士,13095,25629
测试工程师,负责公司核心产品的开发与维护，参与技术方案设计。要求熟悉测试、缺陷管理、自动化测试等相关技术，具备良好的沟通能力和团队协作精神。,杭州,50-150人,大专,6091,11684
Python开发工程师,参与需求分析，提供技术解决方案，推动项目落地。要求熟悉FastAPI、Django、Redis等相关技术，具备良好的沟通能力和团队协作精神。,南京,500-1000人,大专,8623,13973
财务分析师,参与需求分析，提供技术解决方案，推动项目落地。要求熟悉财务分析、Excel、预算编制等相关技术，具备良好的沟通能力和团队协作精神。,南京,50-150人,大专,7239,11860
销售代表,负责市场推广和品牌建设，拓展市场渠道。要求熟悉客户关系、销售、商务谈判等相关技术，具备良好的沟通能力和团队协作精神。,广州,150-500人,博士,23502,36174
项目经理,负责公司核心产品的开发与维护，参与技术方案设计。要求熟悉项目管理、团队协调、风险控制等相关技术，具备良好的沟通能力和团队协作精神。,北京,50-150人,博士,27085,48426
Java后端开发,参与需求分析，提供技术解决方案，推动项目落地。要求熟悉Spring、SpringBoot、Java等相关技术，具备良好的沟通能力和团队协作精神。,上海,少于50人,本科,9815,16778
市场经理,策划营销活动，提升产品知名度和市场份额。要求熟悉品牌建设、渠道拓展、活动策划等相关技术，具备良好的沟通能力和团队协作精神。,成都,1000人以上,本科,17253,27621
测试工程师,负责公司核心产品的开发与维护，参与技术方案设计。要求熟悉性能测试、缺陷管理、测试等相关技术，具备良好的沟通能力和团队协作精神。,重庆,少于50人,大专,6096,9578
测试工程师,参与需求分析，提供技术解决方案，推动项目落地。要求熟悉性能测试、自动化测试、缺陷管理等相关技术，具备良好的沟通能力和团队协作精神。,天津,150-500人,本科,9920,15552
算法工程师,负责公司核心产品的开发与维护，参与技术方案设计。要求熟悉算法、Python、数据结构等相关技术，具备良好的沟通能力和团队协作精神。,南京,150-500人,硕士,12658,20562
技术支持工程师,参与系统架构设计，优化系统性能，提升用户体验。要求熟悉问题排查、客户沟通、技术支持等相关技术，具备良好的沟通能力和团队协作精神。,西安,150-500人,大专,6578,10777
运营专员,负责日常运营工作，提升用户活跃度和留存率。要求熟悉数据分析、用户增长、运营等相关技术，具备良好的沟通能力和团队协作精神。,天津,1000人以上,本科,6836,11060
Java后端开发,负责公司核心产品的开发与维护，参与技术方案设计。要求熟悉Java、MySQL、Dubbo等相关技术，具备良好的沟通能力和团队协作精神。,广州,500-1000人,博士,21200,35139
产品经理,协调研发、设计、运营团队，确保产品按时交付。要求熟悉产品设计、数据分析、需求分析等相关技术，具备良好的沟通能力和团队协作精神。,杭州,1000人以上,博士,30324,54170
技术支持工程师,参与需求分析，提供技术解决方案，推动项目落地。要求熟悉文档编写、问题排查、技术支持等相关技术，具备良好的沟通能力和团队协作精神。,武汉,500-1000人,大专,5847,10635
算法工程师,参与需求分析，提供技术解决方案，推动项目落地。要求熟悉深度学习、算法、Python等相关技术，具备良好的沟通能力和团队协作精神。,广州,500-1000人,本科,10643,18387
运营专员,负责日常运营工作，提升用户活跃度和留存率。要求熟悉数据分析、活动策划、运营等相关技术，具备良好的沟通能力和团队协作精神。,北京,1000人以上,硕士,11891,20003
Python开发工程师,参与需求分析，提供技术解决方案，推动项目落地。要求熟悉Redis、Python、MySQL等相关技术，具备良好的沟通能力和团队协作精神。,成都,1000人以上,博士,16049,28491
架构师,参与需求分析，提供技术解决方案，推动项目落地。要求熟悉性能优化、系统架构、技术选型等相关技术，具备良好的沟通能力和团队协作精神。,武汉,150-500人,博士,14742,24534
UI设计师,负责公司核心产品的开发与维护，参与技术方案设计。要求熟悉Sketch、交互设计、UI设计等相关技术，具备良好的沟通能力和团队协作精神。,天津,50-150人,本科,8649,13331
算法工程师,参与需求分析，提供技术解决方案，推动项目落地。要求熟悉算法、Python、数据结构等相关技术，具备良好的沟通能力和团队协作精神。,南京,150-500人,硕士,10999,18903
产品经理,负责产品规划和设计，推动产品迭代优化。要求熟悉Axure、数据分析、需求分析等相关技术，具备良好的沟通能力和团队协作精神。,重庆,150-500人,大专,10150,16294
数据科学家,构建机器学习模型，解决实际业务问题。要求熟悉Python、TensorFlow、PyTorch等相关技术，具备良好的沟通能力和团队协作精神。,西安,500-1000人,大专,11650,20309
销售代表,策划营销活动，提升产品知名度和市场份额。要求熟悉销售、商务谈判、业绩目标等相关技术，具备良好的沟通能力和团队协作精神。,西安,1000人以上,本科,8430,14728
产品经理,负责产品规划和设计，推动产品迭代优化。要求熟悉用户研究、需求分析、数据分析等相关技术，具备良好的沟通能力和团队协作精神。,苏州,1000人以上,硕士,17092,30870
产品经理,负责产品规划和设计，推动产品迭代优化。要求熟悉需求分析、数据分析、Axure等相关技术，具备良好的沟通能力和团队协作精神。,杭州,500-1000人,本科,12447,24591
Java后端开发,参与系统架构设计，优化系统性能，提升用户体验。要求熟悉Dubbo、Redis、MySQL等相关技术，具备良好的沟通能力和团队协作精神。,广州,少于50人,大专,6508,11295
项目经理,负责公司核心产品的开发与维护，参与技术方案设计。要求熟悉团队协调、进度控制、项目管理等相关技术，具备良好的沟通能力和团队协作精神。,成都,少于50人,本科,9930,17274
销售代表,策划营销活动，提升产品知名度和市场份额。要求熟悉销售、业绩目标、客户关系等相关技术，具备良好的沟通能力和团队协作精神。,南京,少于50人,本科,8572,13740
全栈开发工程师,参与系统架构设计，优化系统性能，提升用户体验。要求熟悉Node.js、MongoDB、MySQL等相关技术，具备良好的沟通能力和团队协作精神。,南京,少于50人,本科,7717,12885
财务分析师,参与系统架构设计，优化系统性能，提升用户体验。要求熟悉财务分析、预算编制、Excel等相关技术，具备良好的沟通能力和团队协作精神。,上海,500-1000人,硕士,17143,28858
市场经理,策划营销活动，提升产品知名度和市场份额。要求熟悉市场营销、活动策划、品牌建设等相关技术，具备良好的沟通能力和团队协作精神。,武汉,150-500人,博士,75906,119970
Java后端开发,负责公司核心产品的开发与维护，参与技术方案设计。要求熟悉Redis、Spring、SpringBoot等相关技术，具备良好的沟通能力和团队协作精神。,杭州,50-150人,大专,8971,14565
运维工程师,参与系统架构设计，优化系统性能，提升用户体验。要求熟悉K8s、运维、Docker等相关技术，具备良好的沟通能力和团队协作精神。,天津,1000人以上,硕士,13039,21825
数据分析师,负责数据分析和挖掘，为业务决策提供数据支持。要求熟悉统计学、Tableau、Python等相关技术，具备良好的沟通能力和团队协作精神。,武汉,少于50人,大专,6059,9758
全栈开发工程师,参与需求分析，提供技术解决方案，推动项目落地。要求熟悉Node.js、MongoDB、JavaScript等相关技术，具备良好的沟通能力和团队协作精神。,南京,少于50人,博士,11117,20419
项目经理,参与系统架构设计，优化系统性能，提升用户体验。要求熟悉团队协调、项目管理、进度控制等相关技术，具备良好的沟通能力和团队协作精神。,杭州,50-150人,硕士,17795,31430
市场经理,策划营销活动，提升产品知名度和市场份额。要求熟悉活动策划、品牌建设、市场营销等相关技术，具备良好的沟通能力和团队协作精神。,天津,少于50人,本科,11339,18520
销售代表,策划营销活动，提升产品知名度和市场份额。要求熟悉业绩目标、商务谈判、销售等相关技术，具备良好的沟通能力和团队协作精神。,南京,1000人以上,大专,10088,15924
UI设计师,参与系统架构设计，优化系统性能，提升用户体验。要求熟悉用户体验、Figma、Sketch等相关技术，具备良好的沟通能力和团队协作精神。,武汉,50-150人,本科,8924,13446
产品经理,负责产品规划和设计，推动产品迭代优化。要求熟悉产品设计、用户研究、需求分析等相关技术，具备良好的沟通能力和团队协作精神。,杭州,150-500人,硕士,18418,32770
运维工程师,参与系统架构设计，优化系统性能，提升用户体验。要求熟悉Linux、K8s、运维等相关技术，具备良好的沟通能力和团队协作精神。,深圳,1000人以上,博士,20132,37412
数据科学家,设计和维护数据报表，监控业务指标变化。要求熟悉TensorFlow、Python、PyTorch等相关技术，具备良好的沟通能力和团队协作精神。,上海,500-1000人,硕士,35422,57387
Java后端开发,负责公司核心产品的开发与维护，参与技术方案设计。要求熟悉Spring、Redis、MySQL等相关技术，具备良好的沟通能力和团队协作精神。,武汉,少于50人,本科,5000,9448
财务分析师,参与系统架构设计，优化系统性能，提升用户体验。要求熟悉Excel、财务分析、预算编制等相关技术，具备良好的沟通能力和团队协作精神。,成都,50-150人,博士,17317,27167
市场经理,分析市场趋势和竞争对手，制定市场策略。要求熟悉市场营销、活动策划、品牌建设等相关技术，具备良好的沟通能力和团队协作精神。,苏州,1000人以上,大专,11423,19902
UI设计师,负责后端服务开发，确保代码质量和系统稳定性。要求熟悉用户体验、Figma、Sketch等相关技术，具备良好的沟通能力和团队协作精神。,武汉,500-1000人,博士,14542,23967
数据科学家,负责数据分析和挖掘，为业务决策提供数据支持。要求熟悉Python、深度学习、TensorFlow等相关技术，具备良好的沟通能力和团队协作精神。,天津,1000人以上,大专,12683,22820
UI设计师,参与系统架构设计，优化系统性能，提升用户体验。要求熟悉交互设计、Sketch、UI设计等相关技术，具备良好的沟通能力和团队协作精神。,武汉,150-500人,博士,15018,23586
算法工程师,负责公司核心产品的开发与维护，参与技术方案设计。要求熟悉深度学习、机器学习、数据结构等相关技术，具备良好的沟通能力和团队协作精神。,杭州,500-1000人,硕士,13420,23945
市场经理,负责市场推广和品牌建设，拓展市场渠道。要求熟悉市场营销、渠道拓展、活动策划等相关技术，具备良好的沟通能力和团队协作精神。,武汉,150-500人,本科,9430,17590
财务分析师,负责公司核心产品的开发与维护，参与技术方案设计。要求熟悉Excel、预算编制、财务分析等相关技术，具备良好的沟通能力和团队协作精神。,南京,150-500人,硕士,8371,16275
全栈开发工程师,参与需求分析，提供技术解决方案，推动项目落地。要求熟悉React、MongoDB、MySQL等相关技术，具备良好的沟通能力和团队协作精神。,杭州,150-500人,博士,18147,31395
产品经理,分析用户需求和市场动态，制定产品发展策略。要求熟悉Axure、需求分析、产品设计等相关技术，具备良好的沟通能力和团队协作精神。,苏州,少于50人,本科,12817,20324
机器学习工程师,负责公司核心产品的开发与维护，参与技术方案设计。要求熟悉Python、特征工程、模型调优等相关技术，具备良好的沟通能力和团队协作精神。,南京,1000人以上,本科,12304,19600
Python开发工程师,参与系统架构设计，优化系统性能，提升用户体验。要求熟悉Flask、MySQL、FastAPI等相关技术，具备良好的沟通能力和团队协作精神。,西安,少于50人,硕士,7476,13275
UI设计师,负责后端服务开发，确保代码质量和系统稳定性。要求熟悉UI设计、交互设计、Figma等相关技术，具备良好的沟通能力和团队协作精神。,南京,50-150人,博士,13771,22868
财务分析师,参与系统架构设计，优化系统性能，提升用户体验。要求熟悉Excel、财务报表、财务分析等相关技术，具备良好的沟通能力和团队协作精神。,西安,150-500人,大专,7515,11713
销售代表,策划营销活动，提升产品知名度和市场份额。要求熟悉客户关系、商务谈判、业绩目标等相关技术，具备良好的沟通能力和团队协作精神。,上海,50-150人,大专,7395,13621
产品经理,分析用户需求和市场动态，制定产品发展策略。要求熟悉Axure、产品设计、需求分析等相关技术，具备良好的沟通能力和团队协作精神。,西安,1000人以上,大专,10818,18375
全栈开发工程师,参与系统架构设计，优化系统性能，提升用户体验。要求熟悉MongoDB、JavaScript、Node.js等相关技术，具备良好的沟通能力和团队协作精神。,天津,1000人以上,硕士,13342,22128
Python开发工程师,参与系统架构设计，优化系统性能，提升用户体验。要求熟悉Redis、Django、Flask等相关技术，具备良好的沟通能力和团队协作精神。,广州,50-150人,博士,19322,31360
测试工程师,参与需求分析，提供技术解决方案，推动项目落地。要求熟悉性能测试、测试、缺陷管理等相关技术，具备良好的沟通能力和团队协作精神。,深圳,500-1000人,本科,11934,20734
前端开发工程师,参与需求分析，提供技术解决方案，推动项目落地。要求熟悉JavaScript、TypeScript、React等相关技术，具备良好的沟通能力和团队协作精神。,南京,50-150人,大专,6177,10797
数据科学家,设计和维护数据报表，监控业务指标变化。要求熟悉TensorFlow、机器学习、深度学习等相关技术，具备良好的沟通能力和团队协作精神。,北京,500-1000人,硕士,31240,53548
销售代表,策划营销活动，提升产品知名度和市场份额。要求熟悉客户关系、业绩目标、商务谈判等相关技术，具备良好的沟通能力和团队协作精神。,西安,1000人以上,本科,7682,13980
测试工程师,参与需求分析，提供技术解决方案，推动项目落地。要求熟悉性能测试、测试、缺陷管理等相关技术，具备良好的沟通能力和团队协作精神。,重庆,500-1000人,硕士,9756,17077
全栈开发工程师,负责后端服务开发，确保代码质量和系统稳定性。要求熟悉React、MySQL、JavaScript等相关技术，具备良好的沟通能力和团队协作精神。,杭州,500-1000人,博士,21041,35614
数据科学家,构建机器学习模型，解决实际业务问题。要求熟悉TensorFlow、机器学习、PyTorch等相关技术，具备良好的沟通能力和团队协作精神。,西安,150-500人,大专,13962,21834
测试工程师,负责公司核心产品的开发与维护，参与技术方案设计。要求熟悉性能测试、自动化测试、测试等相关技术，具备良好的沟通能力和团队协作精神。,苏州,500-1000人,本科,7930,14407
财务分析师,负责后端服务开发，确保代码质量和系统稳定性。要求熟悉Excel、预算编制、财务报表等相关技术，具备良好的沟通能力和团队协作精神。,北京,1000人以上,硕士,26140,39119
UI设计师,负责公司核心产品的开发与维护，参与技术方案设计。要求熟悉Sketch、用户体验、交互设计等相关技术，具备良好的沟通能力和团队协作精神。,武汉,500-1000人,硕士,10787,17593
算法工程师,参与需求分析，提供技术解决方案，推动项目落地。要求熟悉机器学习、数据结构、Python等相关技术，具备良好的沟通能力和团队协作精神。,成都,少于50人,硕士,21815,37725
数据科学家,设计和维护数据报表，监控业务指标变化。要求熟悉PyTorch、深度学习、Python等相关技术，具备良好的沟通能力和团队协作精神。,南京,50-150人,大专,12369,21033
技术支持工程师,参与需求分析，提供技术解决方案，推动项目落地。要求熟悉技术支持、客户沟通、问题排查等相关技术，具备良好的沟通能力和团队协作精神。,南京,少于50人,大专,2500,3969
销售代表,分析市场趋势和竞争对手，制定市场策略。要求熟悉客户关系、业绩目标、销售等相关技术，具备良好的沟通能力和团队协作精神。,南京,少于50人,大专,6370,10504
数据科学家,构建机器学习模型，解决实际业务问题。要求熟悉机器学习、深度学习、PyTorch等相关技术，具备良好的沟通能力和团队协作精神。,南京,500-1000人,本科,21780,34320
财务分析师,负责公司核心产品的开发与维护，参与技术方案设计。要求熟悉财务分析、财务报表、Excel等相关技术，具备良好的沟通能力和团队协作精神。,广州,1000人以上,本科,34340,55460
运维工程师,参与系统架构设计，优化系统性能，提升用户体验。要求熟悉Docker、监控、运维等相关技术，具备良好的沟通能力和团队协作精神。,武汉,500-1000人,大专,6642,11429
算法工程师,负责后端服务开发，确保代码质量和系统稳定性。要求熟悉算法、机器学习、Python等相关技术，具备良好的沟通能力和团队协作精神。,重庆,50-150人,大专,5726,9618
人力资源专员,负责公司核心产品的开发与维护，参与技术方案设计。要求熟悉招聘、绩效考核、培训等相关技术，具备良好的沟通能力和团队协作精神。,深圳,150-500人,大专,5000,8749
Python开发工程师,负责公司核心产品的开发与维护，参与技术方案设计。要求熟悉Redis、MySQL、FastAPI等相关技术，具备良好的沟通能力和团队协作精神。,北京,1000人以上,本科,12737,22721
机器学习工程师,参与需求分析，提供技术解决方案，推动项目落地。要求熟悉Python、机器学习、特征工程等相关技术，具备良好的沟通能力和团队协作精神。,苏州,150-500人,硕士,11664,19319
UI设计师,参与需求分析，提供技术解决方案，推动项目落地。要求熟悉用户体验、Sketch、Figma等相关技术，具备良好的沟通能力和团队协作精神。,广州,少于50人,硕士,9353,16159
前端开发工程师,参与需求分析，提供技术解决方案，推动项目落地。要求熟悉Vue、HTML、React等相关技术，具备良好的沟通能力和团队协作精神。,广州,500-1000人,硕士,14396,24463
人力资源专员,负责后端服务开发，确保代码质量和系统稳定性。要求熟悉招聘、培训、员工关系等相关技术，具备良好的沟通能力和团队协作精神。,北京,500-1000人,博士,12650,22946
项目经理,参与需求分析，提供技术解决方案，推动项目落地。要求熟悉团队协调、进度控制、项目管理等相关技术，具备良好的沟通能力和团队协作精神。,北京,500-1000人,本科,20076,33804
运营专员,负责日常运营工作，提升用户活跃度和留存率。要求熟悉活动策划、运营、用户增长等相关技术，具备良好的沟通能力和团队协作精神。,成都,50-150人,大专,5000,7000
项目经理,参与需求分析，提供技术解决方案，推动项目落地。要求熟悉风险控制、团队协调、项目管理等相关技术，具备良好的沟通能力和团队协作精神。,广州,少于50人,本科,9623,18599
Java后端开发,负责后端服务开发，确保代码质量和系统稳定性。要求熟悉Dubbo、SpringBoot、Spring等相关技术，具备良好的沟通能力和团队协作精神。,西安,150-500人,博士,15051,24498
Java后端开发,负责公司核心产品的开发与维护，参与技术方案设计。要求熟悉SpringBoot、Spring、MySQL等相关技术，具备良好的沟通能力和团队协作精神。,成都,1000人以上,博士,15393,27835
架构师,负责后端服务开发，确保代码质量和系统稳定性。要求熟悉微服务、性能优化、技术选型等相关技术，具备良好的沟通能力和团队协作精神。,西安,150-500人,本科,6418,11666
运维工程师,参与需求分析，提供技术解决方案，推动项目落地。要求熟悉运维、K8s、监控等相关技术，具备良好的沟通能力和团队协作精神。,南京,少于50人,大专,5840,9974
Python开发工程师,参与系统架构设计，优化系统性能，提升用户体验。要求熟悉Django、FastAPI、Python等相关技术，具备良好的沟通能力和团队协作精神。,深圳,1000人以上,大专,12214,19894
Java后端开发,参与需求分析，提供技术解决方案，推动项目落地。要求熟悉Spring、Redis、MySQL等相关技术，具备良好的沟通能力和团队协作精神。,武汉,500-1000人,本科,7088,13072
人力资源专员,参与需求分析，提供技术解决方案，推动项目落地。要求熟悉绩效考核、员工关系、培训等相关技术，具备良好的沟通能力和团队协作精神。,北京,150-500人,大专,6291,10451
运维工程师,参与系统架构设计，优化系统性能，提升用户体验。要求熟悉Linux、Docker、K8s等相关技术，具备良好的沟通能力和团队协作精神。,成都,1000人以上,硕士,13077,22063
机器学习工程师,参与需求分析，提供技术解决方案，推动项目落地。要求熟悉模型调优、Python、机器学习等相关技术，具备良好的沟通能力和团队协作精神。,苏州,150-500人,硕士,11519,19173
数据分析师,负责数据分析和挖掘，为业务决策提供数据支持。要求熟悉Python、Tableau、SQL等相关技术，具备良好的沟通能力和团队协作精神。,深圳,1000人以上,博士,29826,47106
数据分析师,构建机器学习模型，解决实际业务问题。要求熟悉Excel、统计学、Python等相关技术，具备良好的沟通能力和团队协作精神。,西安,少于50人,大专,5735,9304
全栈开发工程师,负责公司核心产品的开发与维护，参与技术方案设计。要求熟悉JavaScript、MySQL、Node.js等相关技术，具备良好的沟通能力和团队协作精神。,南京,500-1000人,硕士,10605,19300
数据科学家,构建机器学习模型，解决实际业务问题。要求熟悉Python、机器学习、TensorFlow等相关技术，具备良好的沟通能力和团队协作精神。,上海,150-500人,本科,24595,39955
运营专员,策划运营活动，提升品牌影响力和用户增长。要求熟悉用户增长、活动策划、运营等相关技术，具备良好的沟通能力和团队协作精神。,武汉,1000人以上,硕士,6818,12122
前端开发工程师,参与系统架构设计，优化系统性能，提升用户体验。要求熟悉Vue、React、CSS等相关技术，具备良好的沟通能力和团队协作精神。,苏州,50-150人,大专,5000,8176
项目经理,负责后端服务开发，确保代码质量和系统稳定性。要求熟悉团队协调、风险控制、进度控制等相关技术，具备良好的沟通能力和团队协作精神。,上海,50-150人,博士,30612,51624
机器学习工程师,参与系统架构设计，优化系统性能，提升用户体验。要求熟悉Python、特征工程、模型调优等相关技术，具备良好的沟通能力和团队协作精神。,深圳,少于50人,本科,10502,17302
数据分析师,构建机器学习模型，解决实际业务问题。要求熟悉SQL、统计学、Tableau等相关技术，具备良好的沟通能力和团队协作精神。,深圳,500-1000人,大专,8241,15281
运维工程师,负责后端服务开发，确保代码质量和系统稳定性。要求熟悉Docker、运维、K8s等相关技术，具备良好的沟通能力和团队协作精神。,西安,500-1000人,博士,12320,22711
架构师,参与需求分析，提供技术解决方案，推动项目落地。要求熟悉性能优化、技术选型、微服务等相关技术，具备良好的沟通能力和团队协作精神。,武汉,500-1000人,博士,16060,26832
运维工程师,参与系统架构设计，优化系统性能，提升用户体验。要求熟悉Docker、Linux、K8s等相关技术，具备良好的沟通能力和团队协作精神。,上海,1000人以上,本科,17309,27139
架构师,负责公司核心产品的开发与维护，参与技术方案设计。要求熟悉微服务、性能优化、技术选型等相关技术，具备良好的沟通能力和团队协作精神。,西安,500-1000人,硕士,10348,17852
数据科学家,设计和维护数据报表，监控业务指标变化。要求熟悉深度学习、TensorFlow、Python等相关技术，具备良好的沟通能力和团队协作精神。,北京,150-500人,博士,40201,68281
技术支持工程师,负责后端服务开发，确保代码质量和系统稳定性。要求熟悉问题排查、客户沟通、技术支持等相关技术，具备良好的沟通能力和团队协作精神。,南京,50-150人,博士,13939,24335
机器学习工程师,负责公司核心产品的开发与维护，参与技术方案设计。要求熟悉特征工程、机器学习、Python等相关技术，具备良好的沟通能力和团队协作精神。,西安,150-500人,本科,8568,13816
销售代表,分析市场趋势和竞争对手，制定市场策略。要求熟悉商务谈判、销售、客户关系等相关技术，具备良好的沟通能力和团队协作精神。,杭州,1000人以上,大专,8859,15925
测试工程师,负责后端服务开发，确保代码质量和系统稳定性。要求熟悉测试、性能测试、缺陷管理等相关技术，具备良好的沟通能力和团队协作精神。,武汉,少于50人,硕士,7364,13375
测试工程师,参与系统架构设计，优化系统性能，提升用户体验。要求熟悉缺陷管理、性能测试、测试等相关技术，具备良好的沟通能力和团队协作精神。,苏州,500-1000人,博士,14974,26633
Java后端开发,参与系统架构设计，优化系统性能，提升用户体验。要求熟悉Spring、Java、MySQL等相关技术，具备良好的沟通能力和团队协作精神。,成都,少于50人,本科,5856,10752
全栈开发工程师,负责后端服务开发，确保代码质量和系统稳定性。要求熟悉JavaScript、Node.js、MongoDB等相关技术，具备良好的沟通能力和团队协作精神。,北京,500-1000人,大专,10235,17557
技术支持工程师,负责后端服务开发，确保代码质量和系统稳定性。要求熟悉问题排查、客户沟通、文档编写等相关技术，具备良好的沟通能力和团队协作精神。,天津,少于50人,硕士,10452,16676
运维工程师,负责公司核心产品的开发与维护，参与技术方案设计。要求熟悉运维、Linux、Docker等相关技术，具备良好的沟通能力和团队协作精神。,北京,500-1000人,博士,23649,40122
数据分析师,负责数据分析和挖掘，为业务决策提供数据支持。要求熟悉Tableau、SQL、Excel等相关技术，具备良好的沟通能力和团队协作精神。,天津,150-500人,大专,7354,11860
技术支持工程师,参与系统架构设计，优化系统性能，提升用户体验。要求熟悉技术支持、问题排查、客户沟通等相关技术，具备良好的沟通能力和团队协作精神。,广州,1000人以上,博士,20076,35283
架构师,参与需求分析，提供技术解决方案，推动项目落地。要求熟悉系统架构、性能优化、技术选型等相关技术，具备良好的沟通能力和团队协作精神。,成都,少于50人,硕士,6886,13250
前端开发工程师,负责公司核心产品的开发与维护，参与技术方案设计。要求熟悉React、Vue、JavaScript等相关技术，具备良好的沟通能力和团队协作精神。,上海,少于50人,本科,10727,17690
数据科学家,构建机器学习模型，解决实际业务问题。要求熟悉Python、机器学习、TensorFlow等相关技术，具备良好的沟通能力和团队协作精神。,北京,50-150人,硕士,30192,49458
机器学习工程师,负责公司核心产品的开发与维护，参与技术方案设计。要求熟悉模型调优、特征工程、机器学习等相关技术，具备良好的沟通能力和团队协作精神。,天津,50-150人,硕士,9328,16283
数据科学家,构建机器学习模型，解决实际业务问题。要求熟悉机器学习、PyTorch、TensorFlow等相关技术，具备良好的沟通能力和团队协作精神。,杭州,50-150人,硕士,38322,55365
机器学习工程师,参与需求分析，提供技术解决方案，推动项目落地。要求熟悉特征工程、Python、机器学习等相关技术，具备良好的沟通能力和团队协作精神。,深圳,150-500人,硕士,14882,25282
销售代表,分析市场趋势和竞争对手，制定市场策略。要求熟悉业绩目标、商务谈判、销售等相关技术，具备良好的沟通能力和团队协作精神。,苏州,150-500人,硕士,9445,17100
Java后端开发,参与系统架构设计，优化系统性能，提升用户体验。要求熟悉Dubbo、MySQL、SpringBoot等相关技术，具备良好的沟通能力和团队协作精神。,苏州,500-1000人,本科,8387,14864
运营专员,负责日常运营工作，提升用户活跃度和留存率。要求熟悉活动策划、用户增长、运营等相关技术，具备良好的沟通能力和团队协作精神。,广州,150-500人,硕士,9893,15613
UI设计师,参与系统架构设计，优化系统性能，提升用户体验。要求熟悉用户体验、Figma、交互设计等相关技术，具备良好的沟通能力和团队协作精神。,杭州,少于50人,大专,7300,11679
项目经理,负责公司核心产品的开发与维护，参与技术方案设计。要求熟悉团队协调、风险控制、项目管理等相关技术，具备良好的沟通能力和团队协作精神。,成都,150-500人,博士,17189,32741
销售代表,策划营销活动，提升产品知名度和市场份额。要求熟悉商务谈判、客户关系、销售等相关技术，具备良好的沟通能力和团队协作精神。,北京,50-150人,博士,8805,14496
数据科学家,构建机器学习模型，解决实际业务问题。要求熟悉PyTorch、机器学习、Python等相关技术，具备良好的沟通能力和团队协作精神。,成都,150-500人,本科,15596,26396
UI设计师,参与需求分析，提供技术解决方案，推动项目落地。要求熟悉用户体验、Figma、交互设计等相关技术，具备良好的沟通能力和团队协作精神。,苏州,500-1000人,博士,20853,31054
销售代表,分析市场趋势和竞争对手，制定市场策略。要求熟悉业绩目标、客户关系、销售等相关技术，具备良好的沟通能力和团队协作精神。,苏州,150-500人,博士,16719,27317
算法工程师,参与需求分析，提供技术解决方案，推动项目落地。要求熟悉Python、机器学习、深度学习等相关技术，具备良好的沟通能力和团队协作精神。,南京,少于50人,博士,12010,21312
Python开发工程师,负责后端服务开发，确保代码质量和系统稳定性。要求熟悉MySQL、Redis、Django等相关技术，具备良好的沟通能力和团队协作精神。,深圳,1000人以上,本科,15505,25105
项目经理,负责公司核心产品的开发与维护，参与技术方案设计。要求熟悉项目管理、进度控制、风险控制等相关技术，具备良好的沟通能力和团队协作精神。,深圳,50-150人,硕士,20566,35386
销售代表,策划营销活动，提升产品知名度和市场份额。要求熟悉销售、商务谈判、业绩目标等相关技术，具备良好的沟通能力和团队协作精神。,西安,500-1000人,本科,8860,14633
机器学习工程师,负责公司核心产品的开发与维护，参与技术方案设计。要求熟悉机器学习、Python、特征工程等相关技术，具备良好的沟通能力和团队协作精神。,深圳,150-500人,硕士,15245,25645
财务分析师,负责后端服务开发，确保代码质量和系统稳定性。要求熟悉财务分析、预算编制、财务报表等相关技术，具备良好的沟通能力和团队协作精神。,上海,50-150人,本科,11691,19474
销售代表,分析市场趋势和竞争对手，制定市场策略。要求熟悉客户关系、业绩目标、商务谈判等相关技术，具备良好的沟通能力和团队协作精神。,上海,500-1000人,博士,20345,36565
UI设计师,参与需求分析，提供技术解决方案，推动项目落地。要求熟悉Figma、Sketch、UI设计等相关技术，具备良好的沟通能力和团队协作精神。,天津,50-150人,大专,6979,10724
人力资源专员,参与需求分析，提供技术解决方案，推动项目落地。要求熟悉招聘、培训、绩效考核等相关技术，具备良好的沟通能力和团队协作精神。,成都,150-500人,博士,9286,15766
项目经理,参与系统架构设计，优化系统性能，提升用户体验。要求熟悉团队协调、进度控制、风险控制等相关技术，具备良好的沟通能力和团队协作精神。,北京,50-150人,本科,15404,27260
运维工程师,负责公司核心产品的开发与维护，参与技术方案设计。要求熟悉Linux、监控、K8s等相关技术，具备良好的沟通能力和团队协作精神。,北京,1000人以上,博士,21492,39463
机器学习工程师,参与需求分析，提供技术解决方案，推动项目落地。要求熟悉Python、机器学习、特征工程等相关技术，具备良好的沟通能力和团队协作精神。,北京,50-150人,硕士,14944,25219
数据科学家,构建机器学习模型，解决实际业务问题。要求熟悉TensorFlow、PyTorch、Python等相关技术，具备良好的沟通能力和团队协作精神。,武汉,50-150人,硕士,25358,37955
产品经理,协调研发、设计、运营团队，确保产品按时交付。要求熟悉数据分析、产品设计、需求分析等相关技术，具备良好的沟通能力和团队协作精神。,武汉,50-150人,本科,9107,16859
前端开发工程师,负责公司核心产品的开发与维护，参与技术方案设计。要求熟悉React、Vue、CSS等相关技术，具备良好的沟通能力和团队协作精神。,成都,少于50人,博士,12157,20970
项目经理,负责公司核心产品的开发与维护，参与技术方案设计。要求熟悉风险控制、团队协调、进度控制等相关技术，具备良好的沟通能力和团队协作精神。,南京,500-1000人,博士,29610,47668
财务分析师,负责后端服务开发，确保代码质量和系统稳定性。要求熟悉财务分析、Excel、预算编制等相关技术，具备良好的沟通能力和团队协作精神。,北京,150-500人,博士,25011,39987
运维工程师,负责后端服务开发，确保代码质量和系统稳定性。要求熟悉运维、Linux、K8s等相关技术，具备良好的沟通能力和团队协作精神。,成都,500-1000人,硕士,12024,20261
架构师,负责公司核心产品的开发与维护，参与技术方案设计。要求熟悉性能优化、微服务、技术选型等相关技术，具备良好的沟通能力和团队协作精神。,武汉,少于50人,本科,5436,10060
机器学习工程师,参与需求分析，提供技术解决方案，推动项目落地。要求熟悉Python、机器学习、特征工程等相关技术，具备良好的沟通能力和团队协作精神。,南京,1000人以上,博士,19112,32245
Java后端开发,负责后端服务开发，确保代码质量和系统稳定性。要求熟悉Java、Redis、SpringBoot等相关技术，具备良好的沟通能力和团队协作精神。,上海,500-1000人,博士,21733,37953
产品经理,负责产品规划和设计，推动产品迭代优化。要求熟悉数据分析、Axure、产品设计等相关技术，具备良好的沟通能力和团队协作精神。,武汉,150-500人,硕士,16546,27154
运营专员,策划运营活动，提升品牌影响力和用户增长。要求熟悉数据分析、活动策划、运营等相关技术，具备良好的沟通能力和团队协作精神。,成都,500-1000人,大专,5504,8672
技术支持工程师,参与需求分析，提供技术解决方案，推动项目落地。要求熟悉问题排查、技术支持、客户沟通等相关技术，具备良好的沟通能力和团队协作精神。,上海,150-500人,大专,12193,18746
架构师,参与需求分析，提供技术解决方案，推动项目落地。要求熟悉微服务、技术选型、性能优化等相关技术，具备良好的沟通能力和团队协作精神。,上海,50-150人,本科,11546,19329
UI设计师,参与需求分析，提供技术解决方案，推动项目落地。要求熟悉UI设计、交互设计、Figma等相关技术，具备良好的沟通能力和团队协作精神。,天津,1000人以上,本科,10128,16041
销售代表,策划营销活动，提升产品知名度和市场份额。要求熟悉销售、客户关系、商务谈判等相关技术，具备良好的沟通能力和团队协作精神。,北京,50-150人,大专,8924,15248
财务分析师,负责后端服务开发，确保代码质量和系统稳定性。要求熟悉财务分析、预算编制、财务报表等相关技术，具备良好的沟通能力和团队协作精神。,武汉,少于50人,本科,2978,4827
机器学习工程师,参与系统架构设计，优化系统性能，提升用户体验。要求熟悉Python、机器学习、特征工程等相关技术，具备良好的沟通能力和团队协作精神。,苏州,150-500人,硕士,11010,18664
机器学习工程师,负责后端服务开发，确保代码质量和系统稳定性。要求熟悉Python、特征工程、机器学习等相关技术，具备良好的沟通能力和团队协作精神。,武汉,150-500人,本科,2871,5047
数据科学家,负责数据分析和挖掘，为业务决策提供数据支持。要求熟悉TensorFlow、机器学习、Python等相关技术，具备良好的沟通能力和团队协作精神。,重庆,150-500人,硕士,20197,32677
财务分析师,负责后端服务开发，确保代码质量和系统稳定性。要求熟悉财务报表、Excel、预算编制等相关技术，具备良好的沟通能力和团队协作精神。,重庆,50-150人,硕士,12492,18816
全栈开发工程师,负责后端服务开发，确保代码质量和系统稳定性。要求熟悉React、JavaScript、Node.js等相关技术，具备良好的沟通能力和团队协作精神。,广州,50-150人,大专,6347,11697
运营专员,分析运营数据，优化运营策略和流程。要求熟悉用户增长、数据分析、活动策划等相关技术，具备良好的沟通能力和团队协作精神。,天津,1000人以上,博士,13138,20741
架构师,负责后端服务开发，确保代码质量和系统稳定性。要求熟悉性能优化、技术选型、微服务等相关技术，具备良好的沟通能力和团队协作精神。,武汉,500-1000人,大专,7764,12551
UI设计师,参与系统架构设计，优化系统性能，提升用户体验。要求熟悉交互设计、Figma、Sketch等相关技术，具备良好的沟通能力和团队协作精神。,深圳,500-1000人,博士,22419,36279
人力资源专员,负责公司核心产品的开发与维护，参与技术方案设计。要求熟悉员工关系、绩效考核、培训等相关技术，具备良好的沟通能力和团队协作精神。,杭州,500-1000人,大专,5000,8402
前端开发工程师,负责后端服务开发，确保代码质量和系统稳定性。要求熟悉Vue、CSS、TypeScript等相关技术，具备良好的沟通能力和团队协作精神。,广州,1000人以上,硕士,13849,24831
UI设计师,负责后端服务开发，确保代码质量和系统稳定性。要求熟悉交互设计、用户体验、Figma等相关技术，具备良好的沟通能力和团队协作精神。,北京,50-150人,本科,13284,20200
Python开发工程师,参与系统架构设计，优化系统性能，提升用户体验。要求熟悉FastAPI、MySQL、Django等相关技术，具备良好的沟通能力和团队协作精神。,杭州,1000人以上,博士,21791,37688
人力资源专员,参与需求分析，提供技术解决方案，推动项目落地。要求熟悉培训、招聘、绩效考核等相关技术，具备良好的沟通能力和团队协作精神。,苏州,少于50人,大专,5000,7000
项目经理,参与需求分析，提供技术解决方案，推动项目落地。要求熟悉风险控制、进度控制、项目管理等相关技术，具备良好的沟通能力和团队协作精神。,杭州,50-150人,本科,13428,23916
财务分析师,负责后端服务开发，确保代码质量和系统稳定性。要求熟悉财务分析、Excel、预算编制等相关技术，具备良好的沟通能力和团队协作精神。,苏州,150-500人,硕士,14324,21978
运维工程师,参与系统架构设计，优化系统性能，提升用户体验。要求熟悉K8s、监控、Linux等相关技术，具备良好的沟通能力和团队协作精神。,南京,1000人以上,博士,19403,32536
运营专员,策划运营活动，提升品牌影响力和用户增长。要求熟悉数据分析、运营、活动策划等相关技术，具备良好的沟通能力和团队协作精神。,西安,50-150人,本科,5000,7641
UI设计师,参与需求分析，提供技术解决方案，推动项目落地。要求熟悉交互设计、用户体验、Figma等相关技术，具备良好的沟通能力和团队协作精神。,重庆,50-150人,大专,5325,8730
财务分析师,参与系统架构设计，优化系统性能，提升用户体验。要求熟悉财务分析、Excel、预算编制等相关技术，具备良好的沟通能力和团队协作精神。,广州,少于50人,本科,9585,15569
Python开发工程师,参与系统架构设计，优化系统性能，提升用户体验。要求熟悉MySQL、FastAPI、Python等相关技术，具备良好的沟通能力和团队协作精神。,成都,1000人以上,本科,8308,15220
销售代表,分析市场趋势和竞争对手，制定市场策略。要求熟悉客户关系、销售、业绩目标等相关技术，具备良好的沟通能力和团队协作精神。,北京,1000人以上,博士,30153,48124
销售代表,策划营销活动，提升产品知名度和市场份额。要求熟悉客户关系、业绩目标、销售等相关技术，具备良好的沟通能力和团队协作精神。,天津,50-150人,本科,7033,12383
运营专员,分析运营数据，优化运营策略和流程。要求熟悉用户增长、活动策划、运营等相关技术，具备良好的沟通能力和团队协作精神。,上海,少于50人,本科,7587,11939
技术支持工程师,参与需求分析，提供技术解决方案，推动项目落地。要求熟悉技术支持、客户沟通、问题排查等相关技术，具备良好的沟通能力和团队协作精神。,西安,50-150人,本科,8277,13262
数据科学家,负责数据分析和挖掘，为业务决策提供数据支持。要求熟悉Python、TensorFlow、深度学习等相关技术，具备良好的沟通能力和团队协作精神。,广州,500-1000人,大专,20807,32423
测试工程师,负责后端服务开发，确保代码质量和系统稳定性。要求熟悉测试、性能测试、缺陷管理等相关技术，具备良好的沟通能力和团队协作精神。,武汉,少于50人,博士,10770,19094
UI设计师,参与需求分析，提供技术解决方案，推动项目落地。要求熟悉UI设计、Sketch、Figma等相关技术，具备良好的沟通能力和团队协作精神。,西安,少于50人,硕士,8775,13849
运维工程师,负责公司核心产品的开发与维护，参与技术方案设计。要求熟悉运维、Linux、K8s等相关技术，具备良好的沟通能力和团队协作精神。,重庆,500-1000人,博士,13893,24030
项目经理,参与需求分析，提供技术解决方案，推动项目落地。要求熟悉团队协调、项目管理、风险控制等相关技术，具备良好的沟通能力和团队协作精神。,上海,50-150人,硕士,18295,33470
测试工程师,负责后端服务开发，确保代码质量和系统稳定性。要求熟悉测试、自动化测试、性能测试等相关技术，具备良好的沟通能力和团队协作精神。,广州,150-500人,大专,8086,13718
算法工程师,参与需求分析，提供技术解决方案，推动项目落地。要求熟悉Python、机器学习、深度学习等相关技术，具备良好的沟通能力和团队协作精神。,杭州,150-500人,硕士,4416,8243
产品经理,负责产品规划和设计，推动产品迭代优化。要求熟悉需求分析、Axure、产品设计等相关技术，具备良好的沟通能力和团队协作精神。,苏州,150-500人,大专,11288,18354
算法工程师,负责后端服务开发，确保代码质量和系统稳定性。要求熟悉Python、数据结构、深度学习等相关技术，具备良好的沟通能力和团队协作精神。,成都,1000人以上,硕士,11572,20558
运营专员,负责日常运营工作，提升用户活跃度和留存率。要求熟悉活动策划、运营、用户增长等相关技术，具备良好的沟通能力和团队协作精神。,西安,500-1000人,硕士,7224,11914
人力资源专员,参与系统架构设计，优化系统性能，提升用户体验。要求熟悉绩效考核、招聘、员工关系等相关技术，具备良好的沟通能力和团队协作精神。,杭州,50-150人,大专,5442,8938
产品经理,协调研发、设计、运营团队，确保产品按时交付。要求熟悉数据分析、需求分析、用户研究等相关技术，具备良好的沟通能力和团队协作精神。,成都,1000人以上,博士,24754,43417
数据分析师,设计和维护数据报表，监控业务指标变化。要求熟悉Python、Tableau、Excel等相关技术，具备良好的沟通能力和团队协作精神。,苏州,1000人以上,硕士,16678,25864
数据科学家,构建机器学习模型，解决实际业务问题。要求熟悉TensorFlow、Python、深度学习等相关技术，具备良好的沟通能力和团队协作精神。,南京,500-1000人,本科,18614,31154
前端开发工程师,参与系统架构设计，优化系统性能，提升用户体验。要求熟悉React、CSS、Vue等相关技术，具备良好的沟通能力和团队协作精神。,成都,50-150人,硕士,10943,18056
技术支持工程师,负责后端服务开发，确保代码质量和系统稳定性。要求熟悉文档编写、问题排查、技术支持等相关技术，具备良好的沟通能力和团队协作精神。,天津,少于50人,本科,5374,10161
运维工程师,负责公司核心产品的开发与维护，参与技术方案设计。要求熟悉K8s、运维、Linux等相关技术，具备良好的沟通能力和团队协作精神。,广州,50-150人,硕士,12160,20855
运维工程师,负责公司核心产品的开发与维护，参与技术方案设计。要求熟悉K8s、Linux、运维等相关技术，具备良好的沟通能力和团队协作精神。,上海,150-500人,大专,11393,17947
产品经理,负责产品规划和设计，推动产品迭代优化。要求熟悉用户研究、需求分析、产品设计等相关技术，具备良好的沟通能力和团队协作精神。,天津,50-150人,本科,9529,17555
技术支持工程师,负责公司核心产品的开发与维护，参与技术方案设计。要求熟悉问题排查、客户沟通、技术支持等相关技术，具备良好的沟通能力和团队协作精神。,杭州,1000人以上,硕士,14328,25809
数据分析师,负责数据分析和挖掘，为业务决策提供数据支持。要求熟悉Excel、统计学、Python等相关技术，具备良好的沟通能力和团队协作精神。,南京,150-500人,大专,8754,13618
项目经理,负责公司核心产品的开发与维护，参与技术方案设计。要求熟悉团队协调、风险控制、项目管理等相关技术，具备良好的沟通能力和团队协作精神。,西安,500-1000人,大专,9758,16685
机器学习工程师,负责公司核心产品的开发与维护，参与技术方案设计。要求熟悉模型调优、Python、特征工程等相关技术，具备良好的沟通能力和团队协作精神。,西安,少于50人,博士,11568,19597
架构师,负责后端服务开发，确保代码质量和系统稳定性。要求熟悉系统架构、性能优化、技术选型等相关技术，具备良好的沟通能力和团队协作精神。,苏州,50-150人,博士,14767,24836
全栈开发工程师,参与需求分析，提供技术解决方案，推动项目落地。要求熟悉JavaScript、Node.js、React等相关技术，具备良好的沟通能力和团队协作精神。,天津,500-1000人,本科,9255,15450
技术支持工程师,负责后端服务开发，确保代码质量和系统稳定性。要求熟悉文档编写、客户沟通、问题排查等相关技术，具备良好的沟通能力和团队协作精神。,杭州,500-1000人,本科,12816,20912
运营专员,策划运营活动，提升品牌影响力和用户增长。要求熟悉数据分析、用户增长、活动策划等相关技术，具备良好的沟通能力和团队协作精神。,杭州,1000人以上,本科,8732,14252
UI设计师,负责公司核心产品的开发与维护，参与技术方案设计。要求熟悉Sketch、用户体验、Figma等相关技术，具备良好的沟通能力和团队协作精神。,上海,50-150人,博士,19503,31760
数据科学家,设计和维护数据报表，监控业务指标变化。要求熟悉深度学习、Python、机器学习等相关技术，具备良好的沟通能力和团队协作精神。,深圳,少于50人,博士,39553,62503
市场经理,负责市场推广和品牌建设，拓展市场渠道。要求熟悉市场营销、活动策划、渠道拓展等相关技术，具备良好的沟通能力和团队协作精神。,重庆,1000人以上,本科,15954,25170
运营专员,分析运营数据，优化运营策略和流程。要求熟悉用户增长、运营、活动策划等相关技术，具备良好的沟通能力和团队协作精神。,南京,150-500人,硕士,7278,12218
技术支持工程师,负责后端服务开发，确保代码质量和系统稳定性。要求熟悉问题排查、技术支持、文档编写等相关技术，具备良好的沟通能力和团队协作精神。,广州,1000人以上,本科,10072,18520
数据科学家,构建机器学习模型，解决实际业务问题。要求熟悉PyTorch、TensorFlow、深度学习等相关技术，具备良好的沟通能力和团队协作精神。,深圳,1000人以上,本科,32651,50651
技术支持工程师,负责后端服务开发，确保代码质量和系统稳定性。要求熟悉文档编写、问题排查、客户沟通等相关技术，具备良好的沟通能力和团队协作精神。,武汉,150-500人,本科,7357,12797
数据分析师,设计和维护数据报表，监控业务指标变化。要求熟悉Python、Tableau、Excel等相关技术，具备良好的沟通能力和团队协作精神。,杭州,150-500人,硕士,11598,21166
财务分析师,负责公司核心产品的开发与维护，参与技术方案设计。要求熟悉财务报表、财务分析、预算编制等相关技术，具备良好的沟通能力和团队协作精神。,苏州,500-1000人,博士,21834,33492
销售代表,策划营销活动，提升产品知名度和市场份额。要求熟悉销售、商务谈判、业绩目标等相关技术，具备良好的沟通能力和团队协作精神。,重庆,50-150人,博士,11159,19914
机器学习工程师,负责后端服务开发，确保代码质量和系统稳定性。要求熟悉Python、机器学习、特征工程等相关技术，具备良好的沟通能力和团队协作精神。,重庆,150-500人,硕士,9039,15695
人力资源专员,参与系统架构设计，优化系统性能，提升用户体验。要求熟悉员工关系、培训、招聘等相关技术，具备良好的沟通能力和团队协作精神。,成都,1000人以上,本科,6766,11086
前端开发工程师,参与需求分析，提供技术解决方案，推动项目落地。要求熟悉CSS、HTML、TypeScript等相关技术，具备良好的沟通能力和团队协作精神。,广州,50-150人,硕士,12265,20959
Java后端开发,参与系统架构设计，优化系统性能，提升用户体验。要求熟悉SpringBoot、Redis、MySQL等相关技术，具备良好的沟通能力和团队协作精神。,重庆,500-1000人,博士,15287,25425
Java后端开发,负责后端服务开发，确保代码质量和系统稳定性。要求熟悉Redis、SpringBoot、MySQL等相关技术，具备良好的沟通能力和团队协作精神。,上海,少于50人,硕士,11707,20759
运营专员,分析运营数据，优化运营策略和流程。要求熟悉运营、活动策划、数据分析等相关技术，具备良好的沟通能力和团队协作精神。,上海,500-1000人,本科,9025,14657
数据分析师,设计和维护数据报表，监控业务指标变化。要求熟悉Excel、SQL、统计学等相关技术，具备良好的沟通能力和团队协作精神。,深圳,1000人以上,硕士,20351,32831
算法工程师,负责后端服务开发，确保代码质量和系统稳定性。要求熟悉算法、数据结构、深度学习等相关技术，具备良好的沟通能力和团队协作精神。,成都,1000人以上,硕士,13599,22585
市场经理,负责市场推广和品牌建设，拓展市场渠道。要求熟悉渠道拓展、品牌建设、市场营销等相关技术，具备良好的沟通能力和团队协作精神。,成都,500-1000人,本科,35410,59170
UI设计师,负责后端服务开发，确保代码质量和系统稳定性。要求熟悉Sketch、UI设计、用户体验等相关技术，具备良好的沟通能力和团队协作精神。,成都,150-500人,本科,7269,12309
全栈开发工程师,参与需求分析，提供技术解决方案，推动项目落地。要求熟悉MySQL、JavaScript、Node.js等相关技术，具备良好的沟通能力和团队协作精神。,重庆,500-1000人,博士,16003,26141
Java后端开发,参与需求分析，提供技术解决方案，推动项目落地。要求熟悉Java、Redis、SpringBoot等相关技术，具备良好的沟通能力和团队协作精神。,南京,150-500人,大专,6199,11063
架构师,负责公司核心产品的开发与维护，参与技术方案设计。要求熟悉系统架构、性能优化、微服务等相关技术，具备良好的沟通能力和团队协作精神。,西安,150-500人,硕士,10414,17236
架构师,负责公司核心产品的开发与维护，参与技术方案设计。要求熟悉微服务、性能优化、系统架构等相关技术，具备良好的沟通能力和团队协作精神。,上海,1000人以上,本科,14193,24024
前端开发工程师,参与需求分析，提供技术解决方案，推动项目落地。要求熟悉TypeScript、React、Vue等相关技术，具备良好的沟通能力和团队协作精神。,重庆,500-1000人,硕士,12590,19912
前端开发工程师,参与需求分析，提供技术解决方案，推动项目落地。要求熟悉HTML、TypeScript、JavaScript等相关技术，具备良好的沟通能力和团队协作精神。,深圳,1000人以上,硕士,16637,29117
人力资源专员,参与需求分析，提供技术解决方案，推动项目落地。要求熟悉招聘、员工关系、绩效考核等相关技术，具备良好的沟通能力和团队协作精神。,苏州,150-500人,大专,5000,7154
市场经理,负责市场推广和品牌建设，拓展市场渠道。要求熟悉渠道拓展、活动策划、品牌建设等相关技术，具备良好的沟通能力和团队协作精神。,武汉,50-150人,硕士,13820,23897
机器学习工程师,参与系统架构设计，优化系统性能，提升用户体验。要求熟悉机器学习、Python、模型调优等相关技术，具备良好的沟通能力和团队协作精神。,苏州,150-500人,本科,7761,13649
数据科学家,负责数据分析和挖掘，为业务决策提供数据支持。要求熟悉PyTorch、深度学习、Python等相关技术，具备良好的沟通能力和团队协作精神。,上海,少于50人,大专,18278,28723
市场经理,负责市场推广和品牌建设，拓展市场渠道。要求熟悉渠道拓展、市场营销、品牌建设等相关技术，具备良好的沟通能力和团队协作精神。,成都,50-150人,本科,8798,17006
产品经理,负责产品规划和设计，推动产品迭代优化。要求熟悉需求分析、用户研究、产品设计等相关技术，具备良好的沟通能力和团队协作精神。,广州,50-150人,硕士,15355,28397
人力资源专员,参与需求分析，提供技术解决方案，推动项目落地。要求熟悉招聘、培训、绩效考核等相关技术，具备良好的沟通能力和团队协作精神。,北京,500-1000人,本科,7358,13078
人力资源专员,负责公司核心产品的开发与维护，参与技术方案设计。要求熟悉招聘、员工关系、绩效考核等相关技术，具备良好的沟通能力和团队协作精神。,广州,50-150人,博士,12716,20240
数据科学家,设计和维护数据报表，监控业务指标变化。要求熟悉PyTorch、深度学习、TensorFlow等相关技术，具备良好的沟通能力和团队协作精神。,广州,少于50人,博士,39174,59370
市场经理,负责市场推广和品牌建设，拓展市场渠道。要求熟悉渠道拓展、品牌建设、活动策划等相关技术，具备良好的沟通能力和团队协作精神。,武汉,50-150人,本科,10507,18259
运维工程师,负责公司核心产品的开发与维护，参与技术方案设计。要求熟悉K8s、监控、Linux等相关技术，具备良好的沟通能力和团队协作精神。,上海,500-1000人,大专,9684,16893
全栈开发工程师,负责公司核心产品的开发与维护，参与技术方案设计。要求熟悉MySQL、Node.js、JavaScript等相关技术，具备良好的沟通能力和团队协作精神。,成都,150-500人,硕士,4157,7152
前端开发工程师,负责公司核心产品的开发与维护，参与技术方案设计。要求熟悉Vue、CSS、JavaScript等相关技术，具备良好的沟通能力和团队协作精神。,重庆,500-1000人,博士,16147,26285
数据分析师,负责数据分析和挖掘，为业务决策提供数据支持。要求熟悉统计学、Excel、SQL等相关技术，具备良好的沟通能力和团队协作精神。,广州,50-150人,大专,7943,13293
测试工程师,负责后端服务开发，确保代码质量和系统稳定性。要求熟悉性能测试、缺陷管理、自动化测试等相关技术，具备良好的沟通能力和团队协作精神。,北京,少于50人,本科,10040,17112
数据科学家,设计和维护数据报表，监控业务指标变化。要求熟悉机器学习、PyTorch、TensorFlow等相关技术，具备良好的沟通能力和团队协作精神。,武汉,50-150人,本科,17311,27001
全栈开发工程师,参与系统架构设计，优化系统性能，提升用户体验。要求熟悉Node.js、MySQL、MongoDB等相关技术，具备良好的沟通能力和团队协作精神。,深圳,少于50人,博士,17980,30220
销售代表,负责市场推广和品牌建设，拓展市场渠道。要求熟悉销售、客户关系、业绩目标等相关技术，具备良好的沟通能力和团队协作精神。,杭州,1000人以上,硕士,16195,27676
测试工程师,负责公司核心产品的开发与维护，参与技术方案设计。要求熟悉缺陷管理、性能测试、测试等相关技术，具备良好的沟通能力和团队协作精神。,北京,50-150人,博士,22232,36459
数据科学家,负责数据分析和挖掘，为业务决策提供数据支持。要求熟悉Python、TensorFlow、PyTorch等相关技术，具备良好的沟通能力和团队协作精神。,上海,少于50人,硕士,17314,34287
全栈开发工程师,参与需求分析，提供技术解决方案，推动项目落地。要求熟悉React、JavaScript、MongoDB等相关技术，具备良好的沟通能力和团队协作精神。,西安,500-1000人,博士,15608,25999
测试工程师,负责后端服务开发，确保代码质量和系统稳定性。要求熟悉性能测试、缺陷管理、测试等相关技术，具备良好的沟通能力和团队协作精神。,西安,150-500人,本科,6572,11820
测试工程师,参与系统架构设计，优化系统性能，提升用户体验。要求熟悉自动化测试、性能测试、测试等相关技术，具备良好的沟通能力和团队协作精神。,西安,1000人以上,本科,6497,12795
数据分析师,设计和维护数据报表，监控业务指标变化。要求熟悉Tableau、Python、统计学等相关技术，具备良好的沟通能力和团队协作精神。,广州,少于50人,大专,8613,13400
全栈开发工程师,参与系统架构设计，优化系统性能，提升用户体验。要求熟悉Node.js、MongoDB、MySQL等相关技术，具备良好的沟通能力和团队协作精神。,广州,50-150人,硕士,14194,22888
UI设计师,参与系统架构设计，优化系统性能，提升用户体验。要求熟悉Sketch、用户体验、Figma等相关技术，具备良好的沟通能力和团队协作精神。,重庆,1000人以上,硕士,11275,18264
数据分析师,设计和维护数据报表，监控业务指标变化。要求熟悉SQL、Excel、统计学等相关技术，具备良好的沟通能力和团队协作精神。,苏州,少于50人,博士,17079,26088
Python开发工程师,参与系统架构设计，优化系统性能，提升用户体验。要求熟悉FastAPI、Flask、Python等相关技术，具备良好的沟通能力和团队协作精神。,深圳,少于50人,本科,11405,18205
项目经理,参与系统架构设计，优化系统性能，提升用户体验。要求熟悉风险控制、进度控制、项目管理等相关技术，具备良好的沟通能力和团队协作精神。,西安,500-1000人,硕士,18253,29510
UI设计师,负责公司核心产品的开发与维护，参与技术方案设计。要求熟悉Sketch、交互设计、Figma等相关技术，具备良好的沟通能力和团队协作精神。,苏州,150-500人,博士,18494,27767
数据科学家,设计和维护数据报表，监控业务指标变化。要求熟悉TensorFlow、Python、深度学习等相关技术，具备良好的沟通能力和团队协作精神。,杭州,150-500人,博士,43170,68010
市场经理,策划营销活动，提升产品知名度和市场份额。要求熟悉活动策划、渠道拓展、市场营销等相关技术，具备良好的沟通能力和团队协作精神。,南京,150-500人,大专,10135,17431
架构师,参与需求分析，提供技术解决方案，推动项目落地。要求熟悉系统架构、微服务、技术选型等相关技术，具备良好的沟通能力和团队协作精神。,深圳,少于50人,本科,7307,14107
数据分析师,构建机器学习模型，解决实际业务问题。要求熟悉统计学、SQL、Python等相关技术，具备良好的沟通能力和团队协作精神。,成都,150-500人,博士,16937,27305
数据科学家,负责数据分析和挖掘，为业务决策提供数据支持。要求熟悉机器学习、Python、TensorFlow等相关技术，具备良好的沟通能力和团队协作精神。,武汉,1000人以上,本科,17229,29469
销售代表,分析市场趋势和竞争对手，制定市场策略。要求熟悉销售、商务谈判、客户关系等相关技术，具备良好的沟通能力和团队协作精神。,南京,1000人以上,本科,13001,20297
架构师,负责后端服务开发，确保代码质量和系统稳定性。要求熟悉技术选型、系统架构、性能优化等相关技术，具备良好的沟通能力和团队协作精神。,广州,1000人以上,本科,28342,49462
技术支持工程师,参与系统架构设计，优化系统性能，提升用户体验。要求熟悉客户沟通、技术支持、问题排查等相关技术，具备良好的沟通能力和团队协作精神。,广州,50-150人,博士,42075,72172
运营专员,策划运营活动，提升品牌影响力和用户增长。要求熟悉用户增长、活动策划、运营等相关技术，具备良好的沟通能力和团队协作精神。,武汉,1000人以上,博士,11826,19170
运营专员,分析运营数据，优化运营策略和流程。要求熟悉数据分析、运营、用户增长等相关技术，具备良好的沟通能力和团队协作精神。,北京,少于50人,硕士,8669,14415
Java后端开发,参与需求分析，提供技术解决方案，推动项目落地。要求熟悉Spring、Dubbo、MySQL等相关技术，具备良好的沟通能力和团队协作精神。,武汉,50-150人,本科,8748,13916
数据科学家,设计和维护数据报表，监控业务指标变化。要求熟悉机器学习、PyTorch、TensorFlow等相关技术，具备良好的沟通能力和团队协作精神。,重庆,500-1000人,博士,27630,46638
前端开发工程师,参与需求分析，提供技术解决方案，推动项目落地。要求熟悉JavaScript、HTML、React等相关技术，具备良好的沟通能力和团队协作精神。,广州,150-500人,本科,9936,16976
机器学习工程师,负责后端服务开发，确保代码质量和系统稳定性。要求熟悉Python、特征工程、模型调优等相关技术，具备良好的沟通能力和团队协作精神。,西安,50-150人,硕士,8009,14490
运维工程师,参与需求分析，提供技术解决方案，推动项目落地。要求熟悉Linux、K8s、监控等相关技术，具备良好的沟通能力和团队协作精神。,杭州,1000人以上,大专,7966,15032
全栈开发工程师,参与系统架构设计，优化系统性能，提升用户体验。要求熟悉JavaScript、Node.js、React等相关技术，具备良好的沟通能力和团队协作精神。,南京,1000人以上,博士,16551,29683
Java后端开发,参与需求分析，提供技术解决方案，推动项目落地。要求熟悉MySQL、Redis、Spring等相关技术，具备良好的沟通能力和团队协作精神。,武汉,150-500人,大专,5953,10305
测试工程师,负责公司核心产品的开发与维护，参与技术方案设计。要求熟悉性能测试、测试、自动化测试等相关技术，具备良好的沟通能力和团队协作精神。,杭州,50-150人,大专,7240,12834
财务分析师,负责后端服务开发，确保代码质量和系统稳定性。要求熟悉Excel、预算编制、财务报表等相关技术，具备良好的沟通能力和团队协作精神。,武汉,少于50人,大专,5682,9381
财务分析师,负责公司核心产品的开发与维护，参与技术方案设计。要求熟悉财务分析、财务报表、预算编制等相关技术，具备良好的沟通能力和团队协作精神。,重庆,150-500人,硕士,9184,15840
算法工程师,参与需求分析，提供技术解决方案，推动项目落地。要求熟悉Python、算法、深度学习等相关技术，具备良好的沟通能力和团队协作精神。,苏州,500-1000人,本科,8804,15281
测试工程师,参与需求分析，提供技术解决方案，推动项目落地。要求熟悉测试、性能测试、缺陷管理等相关技术，具备良好的沟通能力和团队协作精神。,南京,1000人以上,博士,14352,27485
项目经理,负责公司核心产品的开发与维护，参与技术方案设计。要求熟悉进度控制、风险控制、团队协调等相关技术，具备良好的沟通能力和团队协作精神。,重庆,少于50人,大专,7925,13147
人力资源专员,参与需求分析，提供技术解决方案，推动项目落地。要求熟悉员工关系、绩效考核、招聘等相关技术，具备良好的沟通能力和团队协作精神。,天津,少于50人,硕士,5898,9788
人力资源专员,参与系统架构设计，优化系统性能，提升用户体验。要求熟悉培训、招聘、员工关系等相关技术，具备良好的沟通能力和团队协作精神。,重庆,500-1000人,大专,5000,7000
全栈开发工程师,参与需求分析，提供技术解决方案，推动项目落地。要求熟悉Node.js、MongoDB、MySQL等相关技术，具备良好的沟通能力和团队协作精神。,杭州,500-1000人,大专,8530,15006
销售代表,策划营销活动，提升产品知名度和市场份额。要求熟悉销售、客户关系、商务谈判等相关技术，具备良好的沟通能力和团队协作精神。,成都,50-150人,硕士,8777,15891
产品经理,分析用户需求和市场动态，制定产品发展策略。要求熟悉用户研究、Axure、产品设计等相关技术，具备良好的沟通能力和团队协作精神。,深圳,50-150人,硕士,21264,36084
测试工程师,参与系统架构设计，优化系统性能，提升用户体验。要求熟悉性能测试、自动化测试、测试等相关技术，具备良好的沟通能力和团队协作精神。,上海,150-500人,硕士,17319,27969
前端开发工程师,参与需求分析，提供技术解决方案，推动项目落地。要求熟悉CSS、React、TypeScript等相关技术，具备良好的沟通能力和团队协作精神。,重庆,500-1000人,硕士,7492,14814
机器学习工程师,负责后端服务开发，确保代码质量和系统稳定性。要求熟悉模型调优、机器学习、Python等相关技术，具备良好的沟通能力和团队协作精神。,杭州,500-1000人,硕士,14698,25223
数据科学家,负责数据分析和挖掘，为业务决策提供数据支持。要求熟悉PyTorch、深度学习、TensorFlow等相关技术，具备良好的沟通能力和团队协作精神。,成都,少于50人,大专,11382,18726
架构师,参与需求分析，提供技术解决方案，推动项目落地。要求熟悉系统架构、微服务、性能优化等相关技术，具备良好的沟通能力和团队协作精神。,杭州,1000人以上,本科,13255,22087
前端开发工程师,负责后端服务开发，确保代码质量和系统稳定性。要求熟悉React、Vue、HTML等相关技术，具备良好的沟通能力和团队协作精神。,天津,1000人以上,博士,17213,29378
人力资源专员,负责后端服务开发，确保代码质量和系统稳定性。要求熟悉招聘、培训、员工关系等相关技术，具备良好的沟通能力和团队协作精神。,深圳,500-1000人,大专,5938,10338
UI设计师,负责后端服务开发，确保代码质量和系统稳定性。要求熟悉UI设计、用户体验、交互设计等相关技术，具备良好的沟通能力和团队协作精神。,北京,50-150人,本科,10889,17805
算法工程师,参与系统架构设计，优化系统性能，提升用户体验。要求熟悉数据结构、算法、深度学习等相关技术，具备良好的沟通能力和团队协作精神。,广州,50-150人,博士,14756,26794
算法工程师,参与需求分析，提供技术解决方案，推动项目落地。要求熟悉机器学习、数据结构、深度学习等相关技术，具备良好的沟通能力和团队协作精神。,北京,1000人以上,博士,28336,46307
数据科学家,设计和维护数据报表，监控业务指标变化。要求熟悉PyTorch、TensorFlow、深度学习等相关技术，具备良好的沟通能力和团队协作精神。,南京,1000人以上,博士,39097,63721
产品经理,协调研发、设计、运营团队，确保产品按时交付。要求熟悉Axure、数据分析、产品设计等相关技术，具备良好的沟通能力和团队协作精神。,天津,150-500人,硕士,19015,29998
市场经理,分析市场趋势和竞争对手，制定市场策略。要求熟悉品牌建设、活动策划、市场营销等相关技术，具备良好的沟通能力和团队协作精神。,南京,150-500人,大专,9949,17245
架构师,参与需求分析，提供技术解决方案，推动项目落地。要求熟悉性能优化、系统架构、微服务等相关技术，具备良好的沟通能力和团队协作精神。,苏州,50-150人,大专,5558,10033
销售代表,策划营销活动，提升产品知名度和市场份额。要求熟悉商务谈判、业绩目标、销售等相关技术，具备良好的沟通能力和团队协作精神。,天津,1000人以上,本科,7374,14133
UI设计师,参与需求分析，提供技术解决方案，推动项目落地。要求熟悉UI设计、Figma、交互设计等相关技术，具备良好的沟通能力和团队协作精神。,苏州,500-1000人,博士,12817,23018
架构师,负责后端服务开发，确保代码质量和系统稳定性。要求熟悉微服务、性能优化、系统架构等相关技术，具备良好的沟通能力和团队协作精神。,西安,1000人以上,大专,5430,10469
前端开发工程师,负责后端服务开发，确保代码质量和系统稳定性。要求熟悉HTML、Vue、JavaScript等相关技术，具备良好的沟通能力和团队协作精神。,重庆,150-500人,大专,5837,9933
技术支持工程师,参与需求分析，提供技术解决方案，推动项目落地。要求熟悉问题排查、客户沟通、文档编写等相关技术，具备良好的沟通能力和团队协作精神。,西安,500-1000人,本科,8488,14261
运营专员,负责日常运营工作，提升用户活跃度和留存率。要求熟悉用户增长、运营、活动策划等相关技术，具备良好的沟通能力和团队协作精神。,南京,150-500人,硕士,5847,10787
Python开发工程师,负责公司核心产品的开发与维护，参与技术方案设计。要求熟悉Python、MySQL、Redis等相关技术，具备良好的沟通能力和团队协作精神。,苏州,少于50人,硕士,10037,16544
运维工程师,参与系统架构设计，优化系统性能，提升用户体验。要求熟悉监控、Linux、运维等相关技术，具备良好的沟通能力和团队协作精神。,武汉,50-150人,本科,6637,11805
Python开发工程师,负责后端服务开发，确保代码质量和系统稳定性。要求熟悉Python、Redis、FastAPI等相关技术，具备良好的沟通能力和团队协作精神。,重庆,500-1000人,大专,6319,10824
项目经理,参与需求分析，提供技术解决方案，推动项目落地。要求熟悉风险控制、项目管理、进度控制等相关技术，具备良好的沟通能力和团队协作精神。,天津,500-1000人,博士,28056,44783
数据科学家,负责数据分析和挖掘，为业务决策提供数据支持。要求熟悉TensorFlow、深度学习、机器学习等相关技术，具备良好的沟通能力和团队协作精神。,上海,150-500人,硕士,35346,55314
前端开发工程师,参与系统架构设计，优化系统性能，提升用户体验。要求熟悉React、Vue、JavaScript等相关技术，具备良好的沟通能力和团队协作精神。,深圳,150-500人,博士,19074,33474
市场经理,负责市场推广和品牌建设，拓展市场渠道。要求熟悉市场营销、渠道拓展、活动策划等相关技术，具备良好的沟通能力和团队协作精神。,西安,少于50人,硕士,10507,19205
销售代表,分析市场趋势和竞争对手，制定市场策略。要求熟悉销售、业绩目标、客户关系等相关技术，具备良好的沟通能力和团队协作精神。,上海,50-150人,大专,6048,12274
人力资源专员,负责公司核心产品的开发与维护，参与技术方案设计。要求熟悉培训、招聘、员工关系等相关技术，具备良好的沟通能力和团队协作精神。,杭州,少于50人,硕士,6893,11976
数据科学家,负责数据分析和挖掘，为业务决策提供数据支持。要求熟悉机器学习、深度学习、TensorFlow等相关技术，具备良好的沟通能力和团队协作精神。,南京,50-150人,硕士,21672,35751
数据科学家,构建机器学习模型，解决实际业务问题。要求熟悉Python、PyTorch、深度学习等相关技术，具备良好的沟通能力和团队协作精神。,西安,50-150人,本科,12878,22226
全栈开发工程师,负责后端服务开发，确保代码质量和系统稳定性。要求熟悉React、MongoDB、JavaScript等相关技术，具备良好的沟通能力和团队协作精神。,杭州,150-500人,大专,7951,13839
测试工程师,负责后端服务开发，确保代码质量和系统稳定性。要求熟悉缺陷管理、性能测试、自动化测试等相关技术，具备良好的沟通能力和团队协作精神。,广州,1000人以上,本科,11737,20185
UI设计师,负责后端服务开发，确保代码质量和系统稳定性。要求熟悉Figma、Sketch、UI设计等相关技术，具备良好的沟通能力和团队协作精神。,上海,1000人以上,大专,10973,17854
算法工程师,负责公司核心产品的开发与维护，参与技术方案设计。要求熟悉Python、算法、数据结构等相关技术，具备良好的沟通能力和团队协作精神。,西安,50-150人,博士,11245,20219
项目经理,负责后端服务开发，确保代码质量和系统稳定性。要求熟悉风险控制、团队协调、项目管理等相关技术，具备良好的沟通能力和团队协作精神。,上海,1000人以上,大专,16593,28389
运营专员,负责日常运营工作，提升用户活跃度和留存率。要求熟悉数据分析、用户增长、活动策划等相关技术，具备良好的沟通能力和团队协作精神。,成都,50-150人,博士,9778,15934
人力资源专员,参与需求分析，提供技术解决方案，推动项目落地。要求熟悉招聘、培训、员工关系等相关技术，具备良好的沟通能力和团队协作精神。,武汉,500-1000人,大专,5000,7000
市场经理,策划营销活动，提升产品知名度和市场份额。要求熟悉活动策划、品牌建设、市场营销等相关技术，具备良好的沟通能力和团队协作精神。,南京,500-1000人,博士,14803,23831
运维工程师,负责后端服务开发，确保代码质量和系统稳定性。要求熟悉监控、Linux、Docker等相关技术，具备良好的沟通能力和团队协作精神。,北京,50-150人,大专,8577,14900
市场经理,负责市场推广和品牌建设，拓展市场渠道。要求熟悉渠道拓展、品牌建设、市场营销等相关技术，具备良好的沟通能力和团队协作精神。,天津,少于50人,大专,23757,40989
销售代表,分析市场趋势和竞争对手，制定市场策略。要求熟悉客户关系、商务谈判、业绩目标等相关技术，具备良好的沟通能力和团队协作精神。,南京,少于50人,博士,14026,23328
Java后端开发,参与系统架构设计，优化系统性能，提升用户体验。要求熟悉Spring、SpringBoot、Java等相关技术，具备良好的沟通能力和团队协作精神。,广州,少于50人,博士,15281,26052
机器学习工程师,负责公司核心产品的开发与维护，参与技术方案设计。要求熟悉模型调优、Python、特征工程等相关技术，具备良好的沟通能力和团队协作精神。,西安,50-150人,大专,6196,10185
运营专员,负责日常运营工作，提升用户活跃度和留存率。要求熟悉用户增长、运营、活动策划等相关技术，具备良好的沟通能力和团队协作精神。,北京,50-150人,硕士,10001,16423
人力资源专员,参与系统架构设计，优化系统性能，提升用户体验。要求熟悉绩效考核、培训、员工关系等相关技术，具备良好的沟通能力和团队协作精神。,北京,50-150人,本科,6804,11744
机器学习工程师,负责公司核心产品的开发与维护，参与技术方案设计。要求熟悉模型调优、机器学习、特征工程等相关技术，具备良好的沟通能力和团队协作精神。,重庆,150-500人,博士,13296,22512
产品经理,分析用户需求和市场动态，制定产品发展策略。要求熟悉产品设计、用户研究、数据分析等相关技术，具备良好的沟通能力和团队协作精神。,广州,500-1000人,硕士,17525,32626
UI设计师,负责公司核心产品的开发与维护，参与技术方案设计。要求熟悉UI设计、Figma、用户体验等相关技术，具备良好的沟通能力和团队协作精神。,深圳,50-150人,大专,8863,14183
前端开发工程师,参与系统架构设计，优化系统性能，提升用户体验。要求熟悉CSS、Vue、TypeScript等相关技术，具备良好的沟通能力和团队协作精神。,深圳,1000人以上,硕士,17082,29562
运营专员,分析运营数据，优化运营策略和流程。要求熟悉数据分析、运营、用户增长等相关技术，具备良好的沟通能力和团队协作精神。,南京,150-500人,硕士,7204,12144
人力资源专员,参与系统架构设计，优化系统性能，提升用户体验。要求熟悉培训、绩效考核、招聘等相关技术，具备良好的沟通能力和团队协作精神。,广州,少于50人,博士,9924,16656
测试工程师,参与系统架构设计，优化系统性能，提升用户体验。要求熟悉测试、自动化测试、缺陷管理等相关技术，具备良好的沟通能力和团队协作精神。,西安,少于50人,大专,5000,7216
前端开发工程师,参与需求分析，提供技术解决方案，推动项目落地。要求熟悉HTML、Vue、TypeScript等相关技术，具备良好的沟通能力和团队协作精神。,天津,少于50人,本科,6089,10877
数据分析师,设计和维护数据报表，监控业务指标变化。要求熟悉统计学、Excel、SQL等相关技术，具备良好的沟通能力和团队协作精神。,西安,1000人以上,大专,8604,13642
市场经理,负责市场推广和品牌建设，拓展市场渠道。要求熟悉渠道拓展、品牌建设、市场营销等相关技术，具备良好的沟通能力和团队协作精神。,北京,1000人以上,大专,16832,28813
销售代表,策划营销活动，提升产品知名度和市场份额。要求熟悉业绩目标、销售、客户关系等相关技术，具备良好的沟通能力和团队协作精神。,西安,50-150人,大专,5000,8704
运维工程师,参与系统架构设计，优化系统性能，提升用户体验。要求熟悉Docker、K8s、运维等相关技术，具备良好的沟通能力和团队协作精神。,上海,50-150人,本科,12547,20330
UI设计师,参与系统架构设计，优化系统性能，提升用户体验。要求熟悉Figma、Sketch、UI设计等相关技术，具备良好的沟通能力和团队协作精神。,上海,50-150人,硕士,12900,21752
全栈开发工程师,负责公司核心产品的开发与维护，参与技术方案设计。要求熟悉MongoDB、React、Node.js等相关技术，具备良好的沟通能力和团队协作精神。,重庆,少于50人,博士,12195,20028
市场经理,负责市场推广和品牌建设，拓展市场渠道。要求熟悉品牌建设、市场营销、活动策划等相关技术，具备良好的沟通能力和团队协作精神。,成都,少于50人,本科,10686,18030
Python开发工程师,负责公司核心产品的开发与维护，参与技术方案设计。要求熟悉Django、Python、MySQL等相关技术，具备良好的沟通能力和团队协作精神。,苏州,少于50人,博士,11295,20303
Python开发工程师,负责后端服务开发，确保代码质量和系统稳定性。要求熟悉Redis、MySQL、FastAPI等相关技术，具备良好的沟通能力和团队协作精神。,重庆,500-1000人,博士,17313,27451
UI设计师,负责后端服务开发，确保代码质量和系统稳定性。要求熟悉Sketch、用户体验、Figma等相关技术，具备良好的沟通能力和团队协作精神。,天津,50-150人,博士,11688,20115
数据分析师,负责数据分析和挖掘，为业务决策提供数据支持。要求熟悉Excel、Python、Tableau等相关技术，具备良好的沟通能力和团队协作精神。,西安,1000人以上,硕士,15461,23648
数据科学家,构建机器学习模型，解决实际业务问题。要求熟悉Python、TensorFlow、机器学习等相关技术，具备良好的沟通能力和团队协作精神。,武汉,150-500人,本科,18276,28476
数据分析师,设计和维护数据报表，监控业务指标变化。要求熟悉统计学、Excel、Tableau等相关技术，具备良好的沟通能力和团队协作精神。,北京,500-1000人,博士,25382,41856
数据分析师,构建机器学习模型，解决实际业务问题。要求熟悉Tableau、统计学、Excel等相关技术，具备良好的沟通能力和团队协作精神。,重庆,150-500人,本科,10199,15319
UI设计师,负责后端服务开发，确保代码质量和系统稳定性。要求熟悉Sketch、交互设计、用户体验等相关技术，具备良好的沟通能力和团队协作精神。,西安,500-1000人,博士,14449,23542
人力资源专员,参与系统架构设计，优化系统性能，提升用户体验。要求熟悉培训、绩效考核、招聘等相关技术，具备良好的沟通能力和团队协作精神。,深圳,1000人以上,本科,9346,15346
项目经理,参与需求分析，提供技术解决方案，推动项目落地。要求熟悉风险控制、进度控制、团队协调等相关技术，具备良好的沟通能力和团队协作精神。,广州,1000人以上,硕士,23455,39928
机器学习工程师,负责公司核心产品的开发与维护，参与技术方案设计。要求熟悉模型调优、机器学习、特征工程等相关技术，具备良好的沟通能力和团队协作精神。,武汉,50-150人,博士,12556,21858
Java后端开发,参与系统架构设计，优化系统性能，提升用户体验。要求熟悉Dubbo、MySQL、Redis等相关技术，具备良好的沟通能力和团队协作精神。,广州,50-150人,硕士,13276,21970
数据科学家,构建机器学习模型，解决实际业务问题。要求熟悉PyTorch、机器学习、TensorFlow等相关技术，具备良好的沟通能力和团队协作精神。,西安,少于50人,本科,14625,22989
项目经理,参与系统架构设计，优化系统性能，提升用户体验。要求熟悉风险控制、进度控制、团队协调等相关技术，具备良好的沟通能力和团队协作精神。,深圳,500-1000人,本科,13822,27022
算法工程师,负责后端服务开发，确保代码质量和系统稳定性。要求熟悉深度学习、算法、Python等相关技术，具备良好的沟通能力和团队协作精神。,天津,50-150人,博士,15597,25228
全栈开发工程师,负责公司核心产品的开发与维护，参与技术方案设计。要求熟悉JavaScript、Node.js、MongoDB等相关技术，具备良好的沟通能力和团队协作精神。,上海,少于50人,大专,5923,11493
市场经理,负责市场推广和品牌建设，拓展市场渠道。要求熟悉渠道拓展、市场营销、品牌建设等相关技术，具备良好的沟通能力和团队协作精神。,成都,50-150人,本科,12875,21083
技术支持工程师,参与需求分析，提供技术解决方案，推动项目落地。要求熟悉客户沟通、文档编写、技术支持等相关技术，具备良好的沟通能力和团队协作精神。,成都,1000人以上,博士,19735,32177
运营专员,负责日常运营工作，提升用户活跃度和留存率。要求熟悉活动策划、用户增长、运营等相关技术，具备良好的沟通能力和团队协作精神。,杭州,少于50人,本科,5011,8921
架构师,参与需求分析，提供技术解决方案，推动项目落地。要求熟悉性能优化、微服务、系统架构等相关技术，具备良好的沟通能力和团队协作精神。,苏州,500-1000人,本科,8406,14883
全栈开发工程师,负责公司核心产品的开发与维护，参与技术方案设计。要求熟悉JavaScript、React、MySQL等相关技术，具备良好的沟通能力和团队协作精神。,重庆,50-150人,博士,10223,18978
测试工程师,负责公司核心产品的开发与维护，参与技术方案设计。要求熟悉性能测试、自动化测试、测试等相关技术，具备良好的沟通能力和团队协作精神。,武汉,500-1000人,本科,7986,13970
UI设计师,负责后端服务开发，确保代码质量和系统稳定性。要求熟悉UI设计、Sketch、交互设计等相关技术，具备良好的沟通能力和团队协作精神。,北京,500-1000人,硕士,16415,26826
数据科学家,设计和维护数据报表，监控业务指标变化。要求熟悉TensorFlow、机器学习、Python等相关技术，具备良好的沟通能力和团队协作精神。,深圳,1000人以上,硕士,40850,64250
机器学习工程师,负责公司核心产品的开发与维护，参与技术方案设计。要求熟悉特征工程、模型调优、机器学习等相关技术，具备良好的沟通能力和团队协作精神。,重庆,150-500人,硕士,10787,17443
Python开发工程师,参与系统架构设计，优化系统性能，提升用户体验。要求熟悉Flask、Redis、Django等相关技术，具备良好的沟通能力和团队协作精神。,苏州,1000人以上,博士,20815,33533
运维工程师,参与需求分析，提供技术解决方案，推动项目落地。要求熟悉Docker、Linux、运维等相关技术，具备良好的沟通能力和团队协作精神。,杭州,1000人以上,大专,8970,16036
算法工程师,参与需求分析，提供技术解决方案，推动项目落地。要求熟悉机器学习、Python、算法等相关技术，具备良好的沟通能力和团队协作精神。,天津,150-500人,硕士,9779,17101
产品经理,协调研发、设计、运营团队，确保产品按时交付。要求熟悉数据分析、产品设计、用户研究等相关技术，具备良好的沟通能力和团队协作精神。,天津,500-1000人,大专,7875,15309
技术支持工程师,负责后端服务开发，确保代码质量和系统稳定性。要求熟悉文档编写、技术支持、问题排查等相关技术，具备良好的沟通能力和团队协作精神。,北京,1000人以上,大专,9775,17762
人力资源专员,参与需求分析，提供技术解决方案，推动项目落地。要求熟悉绩效考核、培训、员工关系等相关技术，具备良好的沟通能力和团队协作精神。,武汉,少于50人,硕士,6360,10117
财务分析师,负责后端服务开发，确保代码质量和系统稳定性。要求熟悉Excel、财务报表、财务分析等相关技术，具备良好的沟通能力和团队协作精神。,天津,150-500人,本科,11494,17126
测试工程师,参与需求分析，提供技术解决方案，推动项目落地。要求熟悉测试、性能测试、自动化测试等相关技术，具备良好的沟通能力和团队协作精神。,杭州,150-500人,大专,6733,12621
运维工程师,负责公司核心产品的开发与维护，参与技术方案设计。要求熟悉Linux、运维、K8s等相关技术，具备良好的沟通能力和团队协作精神。,上海,少于50人,本科,8800,15764
销售代表,负责市场推广和品牌建设，拓展市场渠道。要求熟悉销售、业绩目标、商务谈判等相关技术，具备良好的沟通能力和团队协作精神。,上海,50-150人,本科,10662,18444
市场经理,分析市场趋势和竞争对手，制定市场策略。要求熟悉活动策划、渠道拓展、品牌建设等相关技术，具备良好的沟通能力和团队协作精神。,苏州,少于50人,本科,10716,18223
全栈开发工程师,参与系统架构设计，优化系统性能，提升用户体验。要求熟悉React、JavaScript、MySQL等相关技术，具备良好的沟通能力和团队协作精神。,苏州,少于50人,大专,5000,8901
前端开发工程师,参与需求分析，提供技术解决方案，推动项目落地。要求熟悉CSS、React、HTML等相关技术，具备良好的沟通能力和团队协作精神。,天津,少于50人,大专,5570,9400
Java后端开发,负责后端服务开发，确保代码质量和系统稳定性。要求熟悉Dubbo、Redis、Spring等相关技术，具备良好的沟通能力和团队协作精神。,天津,少于50人,博士,11082,19699
测试工程师,参与需求分析，提供技术解决方案，推动项目落地。要求熟悉性能测试、缺陷管理、测试等相关技术，具备良好的沟通能力和团队协作精神。,广州,500-1000人,本科,10627,18371
UI设计师,负责公司核心产品的开发与维护，参与技术方案设计。要求熟悉Figma、交互设计、用户体验等相关技术，具备良好的沟通能力和团队协作精神。,深圳,1000人以上,大专,11826,18546
数据分析师,设计和维护数据报表，监控业务指标变化。要求熟悉SQL、统计学、Tableau等相关技术，具备良好的沟通能力和团队协作精神。,南京,1000人以上,本科,12322,19618
数据科学家,构建机器学习模型，解决实际业务问题。要求熟悉PyTorch、深度学习、TensorFlow等相关技术，具备良好的沟通能力和团队协作精神。,成都,50-150人,本科,15312,25572
财务分析师,参与需求分析，提供技术解决方案，推动项目落地。要求熟悉Excel、预算编制、财务分析等相关技术，具备良好的沟通能力和团队协作精神。,南京,150-500人,本科,10114,16194
运维工程师,参与系统架构设计，优化系统性能，提升用户体验。要求熟悉运维、监控、K8s等相关技术，具备良好的沟通能力和团队协作精神。,北京,150-500人,硕士,14692,25508
测试工程师,负责公司核心产品的开发与维护，参与技术方案设计。要求熟悉缺陷管理、测试、性能测试等相关技术，具备良好的沟通能力和团队协作精神。,成都,少于50人,博士,11506,20318
市场经理,分析市场趋势和竞争对手，制定市场策略。要求熟悉渠道拓展、活动策划、品牌建设等相关技术，具备良好的沟通能力和团队协作精神。,苏州,150-500人,大专,9372,16437
UI设计师,参与需求分析，提供技术解决方案，推动项目落地。要求熟悉Sketch、用户体验、Figma等相关技术，具备良好的沟通能力和团队协作精神。,成都,500-1000人,硕士,14309,21516
架构师,参与系统架构设计，优化系统性能，提升用户体验。要求熟悉系统架构、性能优化、技术选型等相关技术，具备良好的沟通能力和团队协作精神。,天津,50-150人,本科,7919,13269
财务分析师,参与需求分析，提供技术解决方案，推动项目落地。要求熟悉财务报表、预算编制、Excel等相关技术，具备良好的沟通能力和团队协作精神。,西安,500-1000人,硕士,12179,19683
数据分析师,负责数据分析和挖掘，为业务决策提供数据支持。要求熟悉Excel、Python、统计学等相关技术，具备良好的沟通能力和团队协作精神。,深圳,500-1000人,博士,29144,44984
数据分析师,构建机器学习模型，解决实际业务问题。要求熟悉Excel、统计学、Python等相关技术，具备良好的沟通能力和团队协作精神。,武汉,150-500人,大专,7026,11378
数据科学家,构建机器学习模型，解决实际业务问题。要求熟悉TensorFlow、机器学习、PyTorch等相关技术，具备良好的沟通能力和团队协作精神。,广州,少于50人,大专,16405,25381
市场经理,策划营销活动，提升产品知名度和市场份额。要求熟悉品牌建设、活动策划、渠道拓展等相关技术，具备良好的沟通能力和团队协作精神。,广州,少于50人,博士,23335,39492
算法工程师,参与需求分析，提供技术解决方案，推动项目落地。要求熟悉机器学习、数据结构、深度学习等相关技术，具备良好的沟通能力和团队协作精神。,广州,500-1000人,博士,18885,32825
Java后端开发,负责后端服务开发，确保代码质量和系统稳定性。要求熟悉Dubbo、MySQL、SpringBoot等相关技术，具备良好的沟通能力和团队协作精神。,成都,少于50人,大专,5714,9631
数据分析师,负责数据分析和挖掘，为业务决策提供数据支持。要求熟悉Tableau、统计学、SQL等相关技术，具备良好的沟通能力和团队协作精神。,广州,1000人以上,博士,20435,35641
运营专员,分析运营数据，优化运营策略和流程。要求熟悉数据分析、用户增长、活动策划等相关技术，具备良好的沟通能力和团队协作精神。,重庆,50-150人,硕士,5037,8989
技术支持工程师,负责后端服务开发，确保代码质量和系统稳定性。要求熟悉客户沟通、文档编写、问题排查等相关技术，具备良好的沟通能力和团队协作精神。,上海,1000人以上,本科,11316,21146
数据分析师,负责数据分析和挖掘，为业务决策提供数据支持。要求熟悉SQL、Tableau、Excel等相关技术，具备良好的沟通能力和团队协作精神。,成都,1000人以上,博士,21384,33825
财务分析师,参与系统架构设计，优化系统性能，提升用户体验。要求熟悉Excel、财务报表、预算编制等相关技术，具备良好的沟通能力和团队协作精神。,广州,50-150人,硕士,17966,26661
产品经理,分析用户需求和市场动态，制定产品发展策略。要求熟悉需求分析、数据分析、用户研究等相关技术，具备良好的沟通能力和团队协作精神。,南京,150-500人,硕士,21262,33118
项目经理,参与系统架构设计，优化系统性能，提升用户体验。要求熟悉风险控制、团队协调、进度控制等相关技术，具备良好的沟通能力和团队协作精神。,广州,1000人以上,本科,18940,31612
Python开发工程师,参与需求分析，提供技术解决方案，推动项目落地。要求熟悉Django、MySQL、Flask等相关技术，具备良好的沟通能力和团队协作精神。,成都,1000人以上,大专,8122,13652
前端开发工程师,负责后端服务开发，确保代码质量和系统稳定性。要求熟悉JavaScript、TypeScript、HTML等相关技术，具备良好的沟通能力和团队协作精神。,南京,500-1000人,博士,12487,24525
机器学习工程师,负责公司核心产品的开发与维护，参与技术方案设计。要求熟悉模型调优、Python、特征工程等相关技术，具备良好的沟通能力和团队协作精神。,杭州,50-150人,硕士,11573,20662
Python开发工程师,参与系统架构设计，优化系统性能，提升用户体验。要求熟悉Flask、Redis、FastAPI等相关技术，具备良好的沟通能力和团队协作精神。,成都,150-500人,博士,12724,23092
市场经理,分析市场趋势和竞争对手，制定市场策略。要求熟悉品牌建设、渠道拓展、市场营销等相关技术，具备良好的沟通能力和团队协作精神。,苏州,1000人以上,本科,13339,23937
运营专员,分析运营数据，优化运营策略和流程。要求熟悉数据分析、运营、活动策划等相关技术，具备良好的沟通能力和团队协作精神。,天津,少于50人,本科,5000,7379
财务分析师,负责后端服务开发，确保代码质量和系统稳定性。要求熟悉预算编制、财务分析、财务报表等相关技术，具备良好的沟通能力和团队协作精神。,天津,少于50人,硕士,9859,16082
Python开发工程师,负责后端服务开发，确保代码质量和系统稳定性。要求熟悉FastAPI、Django、Redis等相关技术，具备良好的沟通能力和团队协作精神。,北京,500-1000人,大专,3675,7335
人力资源专员,负责后端服务开发，确保代码质量和系统稳定性。要求熟悉招聘、培训、绩效考核等相关技术，具备良好的沟通能力和团队协作精神。,南京,50-150人,博士,10718,17216
产品经理,协调研发、设计、运营团队，确保产品按时交付。要求熟悉需求分析、数据分析、用户研究等相关技术，具备良好的沟通能力和团队协作精神。,广州,1000人以上,博士,26775,49584
Python开发工程师,参与需求分析，提供技术解决方案，推动项目落地。要求熟悉Flask、Django、Redis等相关技术，具备良好的沟通能力和团队协作精神。,上海,少于50人,硕士,12852,21904
人力资源专员,负责后端服务开发，确保代码质量和系统稳定性。要求熟悉员工关系、招聘、培训等相关技术，具备良好的沟通能力和团队协作精神。,南京,少于50人,博士,11132,16946
技术支持工程师,负责公司核心产品的开发与维护，参与技术方案设计。要求熟悉技术支持、客户沟通、文档编写等相关技术，具备良好的沟通能力和团队协作精神。,北京,150-500人,硕士,13007,23823
测试工程师,参与系统架构设计，优化系统性能，提升用户体验。要求熟悉测试、性能测试、缺陷管理等相关技术，具备良好的沟通能力和团队协作精神。,上海,少于50人,本科,6270,13234
算法工程师,负责后端服务开发，确保代码质量和系统稳定性。要求熟悉算法、机器学习、数据结构等相关技术，具备良好的沟通能力和团队协作精神。,上海,150-500人,硕士,14072,24721
前端开发工程师,参与需求分析，提供技术解决方案，推动项目落地。要求熟悉CSS、TypeScript、React等相关技术，具备良好的沟通能力和团队协作精神。,西安,500-1000人,大专,7303,11921
架构师,参与系统架构设计，优化系统性能，提升用户体验。要求熟悉系统架构、技术选型、微服务等相关技术，具备良好的沟通能力和团队协作精神。,上海,50-150人,博士,24405,38413
算法工程师,负责公司核心产品的开发与维护，参与技术方案设计。要求熟悉数据结构、机器学习、算法等相关技术，具备良好的沟通能力和团队协作精神。,北京,1000人以上,大专,9141,17128
Java后端开发,参与系统架构设计，优化系统性能，提升用户体验。要求熟悉Redis、SpringBoot、Dubbo等相关技术，具备良好的沟通能力和团队协作精神。,广州,50-150人,本科,9818,16506
人力资源专员,负责后端服务开发，确保代码质量和系统稳定性。要求熟悉员工关系、招聘、培训等相关技术，具备良好的沟通能力和团队协作精神。,重庆,500-1000人,大专,5000,7000
架构师,负责公司核心产品的开发与维护，参与技术方案设计。要求熟悉技术选型、系统架构、微服务等相关技术，具备良好的沟通能力和团队协作精神。,上海,少于50人,本科,9436,16399
Python开发工程师,参与系统架构设计，优化系统性能，提升用户体验。要求熟悉FastAPI、Django、MySQL等相关技术，具备良好的沟通能力和团队协作精神。,成都,少于50人,硕士,11907,18272
架构师,负责后端服务开发，确保代码质量和系统稳定性。要求熟悉性能优化、微服务、技术选型等相关技术，具备良好的沟通能力和团队协作精神。,北京,1000人以上,硕士,5675,10866
数据科学家,构建机器学习模型，解决实际业务问题。要求熟悉机器学习、深度学习、PyTorch等相关技术，具备良好的沟通能力和团队协作精神。,广州,1000人以上,硕士,33692,54284
人力资源专员,负责公司核心产品的开发与维护，参与技术方案设计。要求熟悉员工关系、绩效考核、培训等相关技术，具备良好的沟通能力和团队协作精神。,上海,150-500人,博士,14686,23902
机器学习工程师,参与需求分析，提供技术解决方案，推动项目落地。要求熟悉Python、特征工程、模型调优等相关技术，具备良好的沟通能力和团队协作精神。,深圳,少于50人,大专,8587,14027
机器学习工程师,负责后端服务开发，确保代码质量和系统稳定性。要求熟悉特征工程、机器学习、Python等相关技术，具备良好的沟通能力和团队协作精神。,苏州,150-500人,本科,8204,14092
算法工程师,负责公司核心产品的开发与维护，参与技术方案设计。要求熟悉Python、算法、机器学习等相关技术，具备良好的沟通能力和团队协作精神。,苏州,150-500人,本科,8436,14324
数据科学家,设计和维护数据报表，监控业务指标变化。要求熟悉TensorFlow、深度学习、机器学习等相关技术，具备良好的沟通能力和团队协作精神。,成都,50-150人,博士,27734,46202
人力资源专员,参与需求分析，提供技术解决方案，推动项目落地。要求熟悉绩效考核、员工关系、招聘等相关技术，具备良好的沟通能力和团队协作精神。,苏州,50-150人,博士,9777,16070
前端开发工程师,负责公司核心产品的开发与维护，参与技术方案设计。要求熟悉HTML、JavaScript、CSS等相关技术，具备良好的沟通能力和团队协作精神。,苏州,少于50人,大专,5247,9251
产品经理,协调研发、设计、运营团队，确保产品按时交付。要求熟悉数据分析、需求分析、产品设计等相关技术，具备良好的沟通能力和团队协作精神。,北京,150-500人,博士,33506,55970
Java后端开发,参与需求分析，提供技术解决方案，推动项目落地。要求熟悉Dubbo、SpringBoot、Java等相关技术，具备良好的沟通能力和团队协作精神。,成都,50-150人,本科,7144,12616
产品经理,负责产品规划和设计，推动产品迭代优化。要求熟悉产品设计、Axure、数据分析等相关技术，具备良好的沟通能力和团队协作精神。,武汉,少于50人,硕士,13035,22052
产品经理,分析用户需求和市场动态，制定产品发展策略。要求熟悉产品设计、用户研究、数据分析等相关技术，具备良好的沟通能力和团队协作精神。,西安,50-150人,大专,8193,14176
Python开发工程师,参与需求分析，提供技术解决方案，推动项目落地。要求熟悉MySQL、Redis、Flask等相关技术，具备良好的沟通能力和团队协作精神。,上海,少于50人,本科,11044,18007
产品经理,负责产品规划和设计，推动产品迭代优化。要求熟悉需求分析、数据分析、产品设计等相关技术，具备良好的沟通能力和团队协作精神。,北京,1000人以上,博士,36805,63762
人力资源专员,负责公司核心产品的开发与维护，参与技术方案设计。要求熟悉员工关系、培训、绩效考核等相关技术，具备良好的沟通能力和团队协作精神。,重庆,500-1000人,大专,5000,7000
财务分析师,负责公司核心产品的开发与维护，参与技术方案设计。要求熟悉Excel、财务报表、预算编制等相关技术，具备良好的沟通能力和团队协作精神。,深圳,少于50人,大专,10681,16121
测试工程师,负责后端服务开发，确保代码质量和系统稳定性。要求熟悉自动化测试、测试、缺陷管理等相关技术，具备良好的沟通能力和团队协作精神。,广州,150-500人,大专,6787,12419
Python开发工程师,参与需求分析，提供技术解决方案，推动项目落地。要求熟悉Django、Python、Flask等相关技术，具备良好的沟通能力和团队协作精神。,重庆,少于50人,博士,9810,17644
销售代表,策划营销活动，提升产品知名度和市场份额。要求熟悉业绩目标、商务谈判、销售等相关技术，具备良好的沟通能力和团队协作精神。,上海,1000人以上,硕士,16144,28924
销售代表,策划营销活动，提升产品知名度和市场份额。要求熟悉商务谈判、客户关系、销售等相关技术，具备良好的沟通能力和团队协作精神。,重庆,150-500人,本科,8359,13479
项目经理,负责后端服务开发，确保代码质量和系统稳定性。要求熟悉团队协调、项目管理、进度控制等相关技术，具备良好的沟通能力和团队协作精神。,武汉,150-500人,博士,14314,29002
架构师,负责公司核心产品的开发与维护，参与技术方案设计。要求熟悉性能优化、系统架构、技术选型等相关技术，具备良好的沟通能力和团队协作精神。,武汉,150-500人,博士,19224,29016
销售代表,分析市场趋势和竞争对手，制定市场策略。要求熟悉客户关系、销售、业绩目标等相关技术，具备良好的沟通能力和团队协作精神。,重庆,500-1000人,博士,15946,26084
运维工程师,参与系统架构设计，优化系统性能，提升用户体验。要求熟悉监控、Linux、运维等相关技术，具备良好的沟通能力和团队协作精神。,重庆,50-150人,硕士,8959,15282
人力资源专员,负责公司核心产品的开发与维护，参与技术方案设计。要求熟悉招聘、绩效考核、员工关系等相关技术，具备良好的沟通能力和团队协作精神。,上海,500-1000人,大专,6708,11214
产品经理,分析用户需求和市场动态，制定产品发展策略。要求熟悉Axure、用户研究、产品设计等相关技术，具备良好的沟通能力和团队协作精神。,南京,50-150人,本科,12376,21040
市场经理,分析市场趋势和竞争对手，制定市场策略。要求熟悉活动策划、市场营销、品牌建设等相关技术，具备良好的沟通能力和团队协作精神。,天津,150-500人,博士,22394,37601
财务分析师,参与需求分析，提供技术解决方案，推动项目落地。要求熟悉预算编制、Excel、财务分析等相关技术，具备良好的沟通能力和团队协作精神。,天津,少于50人,本科,8754,13541
Python开发工程师,参与系统架构设计，优化系统性能，提升用户体验。要求熟悉Python、Flask、Django等相关技术，具备良好的沟通能力和团队协作精神。,南京,少于50人,博士,13759,23062
人力资源专员,参与系统架构设计，优化系统性能，提升用户体验。要求熟悉招聘、员工关系、绩效考核等相关技术，具备良好的沟通能力和团队协作精神。,杭州,50-150人,大专,5306,8802
运营专员,分析运营数据，优化运营策略和流程。要求熟悉运营、用户增长、活动策划等相关技术，具备良好的沟通能力和团队协作精神。,上海,50-150人,本科,7104,11968
UI设计师,参与需求分析，提供技术解决方案，推动项目落地。要求熟悉UI设计、Sketch、Figma等相关技术，具备良好的沟通能力和团队协作精神。,上海,500-1000人,硕士,16507,26757
人力资源专员,参与需求分析，提供技术解决方案，推动项目落地。要求熟悉员工关系、绩效考核、招聘等相关技术，具备良好的沟通能力和团队协作精神。,成都,50-150人,硕士,6495,10941
测试工程师,负责后端服务开发，确保代码质量和系统稳定性。要求熟悉测试、自动化测试、性能测试等相关技术，具备良好的沟通能力和团队协作精神。,北京,500-1000人,硕士,18888,30786
人力资源专员,负责后端服务开发，确保代码质量和系统稳定性。要求熟悉员工关系、招聘、培训等相关技术，具备良好的沟通能力和团队协作精神。,南京,少于50人,博士,9411,15225
Java后端开发,负责后端服务开发，确保代码质量和系统稳定性。要求熟悉Redis、Java、Dubbo等相关技术，具备良好的沟通能力和团队协作精神。,西安,少于50人,博士,6613,14643
算法工程师,参与需求分析，提供技术解决方案，推动项目落地。要求熟悉Python、数据结构、深度学习等相关技术，具备良好的沟通能力和团队协作精神。,天津,少于50人,博士,12908,21525
测试工程师,参与需求分析，提供技术解决方案，推动项目落地。要求熟悉自动化测试、性能测试、缺陷管理等相关技术，具备良好的沟通能力和团队协作精神。,北京,150-500人,硕士,15266,26082
全栈开发工程师,参与需求分析，提供技术解决方案，推动项目落地。要求熟悉JavaScript、React、MySQL等相关技术，具备良好的沟通能力和团队协作精神。,北京,50-150人,大专,8672,14995
产品经理,分析用户需求和市场动态，制定产品发展策略。要求熟悉产品设计、Axure、用户研究等相关技术，具备良好的沟通能力和团队协作精神。,天津,1000人以上,博士,23761,42008
全栈开发工程师,参与系统架构设计，优化系统性能，提升用户体验。要求熟悉MySQL、Node.js、JavaScript等相关技术，具备良好的沟通能力和团队协作精神。,天津,1000人以上,博士,19291,31456
Java后端开发,参与需求分析，提供技术解决方案，推动项目落地。要求熟悉Java、Spring、Dubbo等相关技术，具备良好的沟通能力和团队协作精神。,杭州,1000人以上,硕士,17827,29308
机器学习工程师,负责公司核心产品的开发与维护，参与技术方案设计。要求熟悉模型调优、特征工程、Python等相关技术，具备良好的沟通能力和团队协作精神。,西安,500-1000人,本科,7101,12873
人力资源专员,参与系统架构设计，优化系统性能，提升用户体验。要求熟悉绩效考核、员工关系、培训等相关技术，具备良好的沟通能力和团队协作精神。,北京,150-500人,本科,8223,13423
算法工程师,负责公司核心产品的开发与维护，参与技术方案设计。要求熟悉数据结构、深度学习、算法等相关技术，具备良好的沟通能力和团队协作精神。,天津,500-1000人,大专,5911,10867
技术支持工程师,参与需求分析，提供技术解决方案，推动项目落地。要求熟悉客户沟通、文档编写、问题排查等相关技术，具备良好的沟通能力和团队协作精神。,苏州,少于50人,博士,10056,19065
Python开发工程师,负责公司核心产品的开发与维护，参与技术方案设计。要求熟悉FastAPI、Redis、Python等相关技术，具备良好的沟通能力和团队协作精神。,天津,1000人以上,硕士,11048,19834
产品经理,负责产品规划和设计，推动产品迭代优化。要求熟悉产品设计、数据分析、需求分析等相关技术，具备良好的沟通能力和团队协作精神。,武汉,1000人以上,博士,27085,44710
销售代表,负责市场推广和品牌建设，拓展市场渠道。要求熟悉销售、业绩目标、商务谈判等相关技术，具备良好的沟通能力和团队协作精神。,西安,500-1000人,本科,8969,14742
前端开发工程师,参与需求分析，提供技术解决方案，推动项目落地。要求熟悉CSS、HTML、Vue等相关技术，具备良好的沟通能力和团队协作精神。,苏州,50-150人,本科,8229,13822
架构师,参与系统架构设计，优化系统性能，提升用户体验。要求熟悉微服务、系统架构、性能优化等相关技术，具备良好的沟通能力和团队协作精神。,杭州,500-1000人,大专,9786,16262
算法工程师,参与系统架构设计，优化系统性能，提升用户体验。要求熟悉机器学习、算法、数据结构等相关技术，具备良好的沟通能力和团队协作精神。,广州,50-150人,硕士,12796,21490
Java后端开发,负责后端服务开发，确保代码质量和系统稳定性。要求熟悉Redis、Dubbo、Java等相关技术，具备良好的沟通能力和团队协作精神。,南京,少于50人,大专,5187,9321
运营专员,策划运营活动，提升品牌影响力和用户增长。要求熟悉活动策划、运营、用户增长等相关技术，具备良好的沟通能力和团队协作精神。,深圳,150-500人,本科,7931,12931
测试工程师,参与系统架构设计，优化系统性能，提升用户体验。要求熟悉缺陷管理、性能测试、测试等相关技术，具备良好的沟通能力和团队协作精神。,西安,50-150人,大专,3041,5035
数据分析师,负责数据分析和挖掘，为业务决策提供数据支持。要求熟悉Tableau、SQL、Python等相关技术，具备良好的沟通能力和团队协作精神。,重庆,50-150人,本科,9010,13874
数据科学家,负责数据分析和挖掘，为业务决策提供数据支持。要求熟悉深度学习、TensorFlow、Python等相关技术，具备良好的沟通能力和团队协作精神。,广州,500-1000人,硕士,34562,53438
财务分析师,负责公司核心产品的开发与维护，参与技术方案设计。要求熟悉预算编制、Excel、财务报表等相关技术，具备良好的沟通能力和团队协作精神。,北京,150-500人,博士,27592,42568
人力资源专员,参与系统架构设计，优化系统性能，提升用户体验。要求熟悉员工关系、绩效考核、培训等相关技术，具备良好的沟通能力和团队协作精神。,西安,1000人以上,本科,6180,10116
数据科学家,构建机器学习模型，解决实际业务问题。要求熟悉Python、TensorFlow、深度学习等相关技术，具备良好的沟通能力和团队协作精神。,广州,1000人以上,硕士,37194,57786
Python开发工程师,参与系统架构设计，优化系统性能，提升用户体验。要求熟悉Redis、Python、Flask等相关技术，具备良好的沟通能力和团队协作精神。,武汉,少于50人,大专,5068,8767
产品经理,分析用户需求和市场动态，制定产品发展策略。要求熟悉Axure、数据分析、用户研究等相关技术，具备良好的沟通能力和团队协作精神。,武汉,150-500人,博士,17767,32455
技术支持工程师,参与需求分析，提供技术解决方案，推动项目落地。要求熟悉文档编写、客户沟通、技术支持等相关技术，具备良好的沟通能力和团队协作精神。,成都,150-500人,博士,13938,24306
测试工程师,负责后端服务开发，确保代码质量和系统稳定性。要求熟悉测试、自动化测试、性能测试等相关技术，具备良好的沟通能力和团队协作精神。,成都,少于50人,博士,10886,19699
产品经理,协调研发、设计、运营团队，确保产品按时交付。要求熟悉Axure、需求分析、数据分析等相关技术，具备良好的沟通能力和团队协作精神。,杭州,1000人以上,本科,16538,29786
机器学习工程师,负责后端服务开发，确保代码质量和系统稳定性。要求熟悉模型调优、机器学习、特征工程等相关技术，具备良好的沟通能力和团队协作精神。,成都,150-500人,本科,7763,13523
技术支持工程师,负责后端服务开发，确保代码质量和系统稳定性。要求熟悉问题排查、客户沟通、文档编写等相关技术，具备良好的沟通能力和团队协作精神。,武汉,50-150人,本科,6338,11506
架构师,参与需求分析，提供技术解决方案，推动项目落地。要求熟悉技术选型、系统架构、微服务等相关技术，具备良好的沟通能力和团队协作精神。,南京,150-500人,本科,8008,14088
算法工程师,参与系统架构设计，优化系统性能，提升用户体验。要求熟悉机器学习、Python、算法等相关技术，具备良好的沟通能力和团队协作精神。,广州,1000人以上,硕士,11201,22183
人力资源专员,负责后端服务开发，确保代码质量和系统稳定性。要求熟悉培训、员工关系、招聘等相关技术，具备良好的沟通能力和团队协作精神。,西安,150-500人,博士,9107,15011
产品经理,负责产品规划和设计，推动产品迭代优化。要求熟悉产品设计、需求分析、用户研究等相关技术，具备良好的沟通能力和团队协作精神。,上海,500-1000人,博士,33459,57789
测试工程师,参与需求分析，提供技术解决方案，推动项目落地。要求熟悉自动化测试、缺陷管理、测试等相关技术，具备良好的沟通能力和团队协作精神。,西安,1000人以上,硕士,10002,18189
财务分析师,参与需求分析，提供技术解决方案，推动项目落地。要求熟悉财务报表、预算编制、Excel等相关技术，具备良好的沟通能力和团队协作精神。,重庆,500-1000人,大专,8252,12758
全栈开发工程师,负责后端服务开发，确保代码质量和系统稳定性。要求熟悉JavaScript、MongoDB、MySQL等相关技术，具备良好的沟通能力和团队协作精神。,深圳,50-150人,大专,9428,15508
产品经理,负责产品规划和设计，推动产品迭代优化。要求熟悉产品设计、用户研究、数据分析等相关技术，具备良好的沟通能力和团队协作精神。,上海,1000人以上,硕士,20579,39749
Java后端开发,负责公司核心产品的开发与维护，参与技术方案设计。要求熟悉Java、SpringBoot、Redis等相关技术，具备良好的沟通能力和团队协作精神。,重庆,1000人以上,大专,6055,10970
运营专员,负责日常运营工作，提升用户活跃度和留存率。要求熟悉数据分析、用户增长、活动策划等相关技术，具备良好的沟通能力和团队协作精神。,武汉,50-150人,本科,5000,7578
算法工程师,参与系统架构设计，优化系统性能，提升用户体验。要求熟悉数据结构、机器学习、算法等相关技术，具备良好的沟通能力和团队协作精神。,深圳,少于50人,硕士,10597,19437
架构师,负责公司核心产品的开发与维护，参与技术方案设计。要求熟悉性能优化、技术选型、系统架构等相关技术，具备良好的沟通能力和团队协作精神。,苏州,少于50人,本科,7659,12664
全栈开发工程师,参与系统架构设计，优化系统性能，提升用户体验。要求熟悉MySQL、React、JavaScript等相关技术，具备良好的沟通能力和团队协作精神。,广州,500-1000人,本科,10366,18110
算法工程师,参与系统架构设计，优化系统性能，提升用户体验。要求熟悉Python、机器学习、深度学习等相关技术，具备良好的沟通能力和团队协作精神。,杭州,少于50人,大专,6633,11638
技术支持工程师,参与系统架构设计，优化系统性能，提升用户体验。要求熟悉技术支持、文档编写、问题排查等相关技术，具备良好的沟通能力和团队协作精神。,武汉,500-1000人,本科,5979,11963
UI设计师,参与需求分析，提供技术解决方案，推动项目落地。要求熟悉UI设计、Sketch、交互设计等相关技术，具备良好的沟通能力和团队协作精神。,西安,50-150人,博士,13969,21821
测试工程师,负责后端服务开发，确保代码质量和系统稳定性。要求熟悉测试、自动化测试、性能测试等相关技术，具备良好的沟通能力和团队协作精神。,武汉,1000人以上,硕士,9696,18183
UI设计师,参与系统架构设计，优化系统性能，提升用户体验。要求熟悉UI设计、用户体验、交互设计等相关技术，具备良好的沟通能力和团队协作精神。,苏州,50-150人,硕士,10534,16897
人力资源专员,负责后端服务开发，确保代码质量和系统稳定性。要求熟悉员工关系、培训、招聘等相关技术，具备良好的沟通能力和团队协作精神。,广州,50-150人,硕士,8452,13886
运营专员,负责日常运营工作，提升用户活跃度和留存率。要求熟悉活动策划、数据分析、运营等相关技术，具备良好的沟通能力和团队协作精神。,广州,500-1000人,博士,15438,24150
UI设计师,负责后端服务开发，确保代码质量和系统稳定性。要求熟悉Sketch、用户体验、UI设计等相关技术，具备良好的沟通能力和团队协作精神。,天津,少于50人,博士,10272,17812
测试工程师,负责公司核心产品的开发与维护，参与技术方案设计。要求熟悉缺陷管理、自动化测试、性能测试等相关技术，具备良好的沟通能力和团队协作精神。,武汉,500-1000人,博士,8712,19483
算法工程师,参与需求分析，提供技术解决方案，推动项目落地。要求熟悉数据结构、深度学习、算法等相关技术，具备良好的沟通能力和团队协作精神。,杭州,150-500人,硕士,13485,23053
项目经理,负责公司核心产品的开发与维护，参与技术方案设计。要求熟悉风险控制、进度控制、项目管理等相关技术，具备良好的沟通能力和团队协作精神。,重庆,1000人以上,本科,15783,24999
算法工程师,负责公司核心产品的开发与维护，参与技术方案设计。要求熟悉Python、算法、深度学习等相关技术，具备良好的沟通能力和团队协作精神。,上海,50-150人,大专,10006,16232
产品经理,负责产品规划和设计，推动产品迭代优化。要求熟悉用户研究、Axure、产品设计等相关技术，具备良好的沟通能力和团队协作精神。,西安,50-150人,硕士,13749,23471
算法工程师,负责公司核心产品的开发与维护，参与技术方案设计。要求熟悉数据结构、算法、Python等相关技术，具备良好的沟通能力和团队协作精神。,武汉,150-500人,本科,6978,12418
Java后端开发,参与需求分析，提供技术解决方案，推动项目落地。要求熟悉MySQL、Spring、Redis等相关技术，具备良好的沟通能力和团队协作精神。,苏州,50-150人,硕士,11099,18370
Python开发工程师,负责公司核心产品的开发与维护，参与技术方案设计。要求熟悉Python、Flask、Django等相关技术，具备良好的沟通能力和团队协作精神。,广州,1000人以上,大专,8059,14817
架构师,参与系统架构设计，优化系统性能，提升用户体验。要求熟悉技术选型、性能优化、系统架构等相关技术，具备良好的沟通能力和团队协作精神。,上海,500-1000人,硕士,17153,28868
算法工程师,负责后端服务开发，确保代码质量和系统稳定性。要求熟悉深度学习、算法、Python等相关技术，具备良好的沟通能力和团队协作精神。,北京,150-500人,本科,12228,20548
运维工程师,参与系统架构设计，优化系统性能，提升用户体验。要求熟悉运维、K8s、监控等相关技术，具备良好的沟通能力和团队协作精神。,北京,500-1000人,本科,14403,23555
数据分析师,设计和维护数据报表，监控业务指标变化。要求熟悉Python、Tableau、SQL等相关技术，具备良好的沟通能力和团队协作精神。,广州,1000人以上,硕士,25162,36145
UI设计师,参与系统架构设计，优化系统性能，提升用户体验。要求熟悉交互设计、UI设计、用户体验等相关技术，具备良好的沟通能力和团队协作精神。,深圳,少于50人,本科,10275,16225
人力资源专员,参与需求分析，提供技术解决方案，推动项目落地。要求熟悉员工关系、绩效考核、培训等相关技术，具备良好的沟通能力和团队协作精神。,深圳,少于50人,硕士,7725,13250
架构师,负责后端服务开发，确保代码质量和系统稳定性。要求熟悉微服务、技术选型、性能优化等相关技术，具备良好的沟通能力和团队协作精神。,南京,500-1000人,博士,16495,28533
数据科学家,负责数据分析和挖掘，为业务决策提供数据支持。要求熟悉机器学习、Python、深度学习等相关技术，具备良好的沟通能力和团队协作精神。,南京,500-1000人,本科,15233,27773
销售代表,策划营销活动，提升产品知名度和市场份额。要求熟悉业绩目标、客户关系、商务谈判等相关技术，具备良好的沟通能力和团队协作精神。,杭州,少于50人,博士,14016,25277
Python开发工程师,负责公司核心产品的开发与维护，参与技术方案设计。要求熟悉Django、FastAPI、Redis等相关技术，具备良好的沟通能力和团队协作精神。,成都,500-1000人,本科,8225,14561
UI设计师,参与需求分析，提供技术解决方案，推动项目落地。要求熟悉Figma、交互设计、UI设计等相关技术，具备良好的沟通能力和团队协作精神。,苏州,50-150人,硕士,9738,16101
算法工程师,参与需求分析，提供技术解决方案，推动项目落地。要求熟悉机器学习、深度学习、数据结构等相关技术，具备良好的沟通能力和团队协作精神。,西安,150-500人,博士,13258,22705
机器学习工程师,负责公司核心产品的开发与维护，参与技术方案设计。要求熟悉机器学习、Python、特征工程等相关技术，具备良好的沟通能力和团队协作精神。,西安,50-150人,博士,10955,19929
运营专员,策划运营活动，提升品牌影响力和用户增长。要求熟悉用户增长、数据分析、活动策划等相关技术，具备良好的沟通能力和团队协作精神。,成都,少于50人,硕士,6858,10836
前端开发工程师,参与需求分析，提供技术解决方案，推动项目落地。要求熟悉JavaScript、TypeScript、CSS等相关技术，具备良好的沟通能力和团队协作精神。,苏州,150-500人,硕士,10525,18179
销售代表,分析市场趋势和竞争对手，制定市场策略。要求熟悉客户关系、销售、商务谈判等相关技术，具备良好的沟通能力和团队协作精神。,成都,50-150人,硕士,9768,16882
数据分析师,负责数据分析和挖掘，为业务决策提供数据支持。要求熟悉SQL、Excel、Python等相关技术，具备良好的沟通能力和团队协作精神。,天津,1000人以上,硕士,14196,22981
运维工程师,参与需求分析，提供技术解决方案，推动项目落地。要求熟悉Docker、K8s、Linux等相关技术，具备良好的沟通能力和团队协作精神。,成都,少于50人,博士,12374,21186
技术支持工程师,负责公司核心产品的开发与维护，参与技术方案设计。要求熟悉技术支持、问题排查、客户沟通等相关技术，具备良好的沟通能力和团队协作精神。,成都,150-500人,硕士,11454,18942
财务分析师,参与系统架构设计，优化系统性能，提升用户体验。要求熟悉财务报表、预算编制、Excel等相关技术，具备良好的沟通能力和团队协作精神。,南京,少于50人,大专,6192,10326
产品经理,负责产品规划和设计，推动产品迭代优化。要求熟悉数据分析、用户研究、需求分析等相关技术，具备良好的沟通能力和团队协作精神。,深圳,50-150人,本科,14268,25668
人力资源专员,负责后端服务开发，确保代码质量和系统稳定性。要求熟悉招聘、员工关系、绩效考核等相关技术，具备良好的沟通能力和团队协作精神。,广州,少于50人,大专,5000,7298
财务分析师,参与系统架构设计，优化系统性能，提升用户体验。要求熟悉财务报表、Excel、预算编制等相关技术，具备良好的沟通能力和团队协作精神。,苏州,50-150人,博士,7013,12047
机器学习工程师,负责公司核心产品的开发与维护，参与技术方案设计。要求熟悉特征工程、模型调优、机器学习等相关技术，具备良好的沟通能力和团队协作精神。,北京,少于50人,本科,8637,15709
前端开发工程师,参与需求分析，提供技术解决方案，推动项目落地。要求熟悉JavaScript、CSS、TypeScript等相关技术，具备良好的沟通能力和团队协作精神。,广州,500-1000人,本科,9956,17700
市场经理,策划营销活动，提升产品知名度和市场份额。要求熟悉渠道拓展、活动策划、品牌建设等相关技术，具备良好的沟通能力和团队协作精神。,苏州,150-500人,博士,24465,40363
运维工程师,参与系统架构设计，优化系统性能，提升用户体验。要求熟悉Linux、运维、监控等相关技术，具备良好的沟通能力和团队协作精神。,深圳,1000人以上,硕士,17774,30254
测试工程师,参与需求分析，提供技术解决方案，推动项目落地。要求熟悉缺陷管理、测试、自动化测试等相关技术，具备良好的沟通能力和团队协作精神。,杭州,150-500人,硕士,13503,23071
产品经理,负责产品规划和设计，推动产品迭代优化。要求熟悉需求分析、用户研究、产品设计等相关技术，具备良好的沟通能力和团队协作精神。,上海,50-150人,本科,17913,29587
全栈开发工程师,参与需求分析，提供技术解决方案，推动项目落地。要求熟悉MySQL、MongoDB、Node.js等相关技术，具备良好的沟通能力和团队协作精神。,天津,1000人以上,硕士,11854,20640
市场经理,负责市场推广和品牌建设，拓展市场渠道。要求熟悉活动策划、渠道拓展、市场营销等相关技术，具备良好的沟通能力和团队协作精神。,杭州,少于50人,本科,13590,22974
市场经理,策划营销活动，提升产品知名度和市场份额。要求熟悉品牌建设、活动策划、渠道拓展等相关技术，具备良好的沟通能力和团队协作精神。,北京,500-1000人,博士,33498,58208
Python开发工程师,负责后端服务开发，确保代码质量和系统稳定性。要求熟悉Django、FastAPI、MySQL等相关技术，具备良好的沟通能力和团队协作精神。,成都,150-500人,大专,6565,11173
人力资源专员,参与需求分析，提供技术解决方案，推动项目落地。要求熟悉培训、员工关系、招聘等相关技术，具备良好的沟通能力和团队协作精神。,苏州,50-150人,博士,8705,14998
技术支持工程师,负责后端服务开发，确保代码质量和系统稳定性。要求熟悉文档编写、技术支持、客户沟通等相关技术，具备良好的沟通能力和团队协作精神。,深圳,150-500人,本科,7341,15341
前端开发工程师,参与需求分析，提供技术解决方案，推动项目落地。要求熟悉TypeScript、JavaScript、React等相关技术，具备良好的沟通能力和团队协作精神。,上海,少于50人,本科,9399,16362
Java后端开发,负责公司核心产品的开发与维护，参与技术方案设计。要求熟悉Spring、SpringBoot、Redis等相关技术，具备良好的沟通能力和团队协作精神。,北京,500-1000人,本科,15025,24177
销售代表,负责市场推广和品牌建设，拓展市场渠道。要求熟悉客户关系、业绩目标、商务谈判等相关技术，具备良好的沟通能力和团队协作精神。,重庆,1000人以上,大专,7612,12527
全栈开发工程师,负责公司核心产品的开发与维护，参与技术方案设计。要求熟悉MongoDB、JavaScript、MySQL等相关技术，具备良好的沟通能力和团队协作精神。,北京,1000人以上,大专,12428,20415
数据科学家,构建机器学习模型，解决实际业务问题。要求熟悉PyTorch、深度学习、TensorFlow等相关技术，具备良好的沟通能力和团队协作精神。,武汉,500-1000人,大专,16523,25499
运维工程师,参与系统架构设计，优化系统性能，提升用户体验。要求熟悉运维、K8s、Docker等相关技术，具备良好的沟通能力和团队协作精神。,上海,1000人以上,硕士,17784,30563
产品经理,协调研发、设计、运营团队，确保产品按时交付。要求熟悉数据分析、需求分析、Axure等相关技术，具备良好的沟通能力和团队协作精神。,深圳,1000人以上,大专,16266,27786
运营专员,分析运营数据，优化运营策略和流程。要求熟悉活动策划、数据分析、用户增长等相关技术，具备良好的沟通能力和团队协作精神。,北京,500-1000人,硕士,10235,17671
UI设计师,负责后端服务开发，确保代码质量和系统稳定性。要求熟悉用户体验、交互设计、UI设计等相关技术，具备良好的沟通能力和团队协作精神。,成都,1000人以上,硕士,12384,20246
运营专员,负责日常运营工作，提升用户活跃度和留存率。要求熟悉用户增长、运营、数据分析等相关技术，具备良好的沟通能力和团队协作精神。,重庆,150-500人,本科,5194,8394
Java后端开发,参与系统架构设计，优化系统性能，提升用户体验。要求熟悉Java、MySQL、Spring等相关技术，具备良好的沟通能力和团队协作精神。,上海,少于50人,大专,26748,43461
数据分析师,构建机器学习模型，解决实际业务问题。要求熟悉Python、Excel、统计学等相关技术，具备良好的沟通能力和团队协作精神。,天津,少于50人,硕士,10312,16535
测试工程师,负责后端服务开发，确保代码质量和系统稳定性。要求熟悉自动化测试、缺陷管理、测试等相关技术，具备良好的沟通能力和团队协作精神。,武汉,500-1000人,大专,6178,10965
销售代表,策划营销活动，提升产品知名度和市场份额。要求熟悉销售、业绩目标、商务谈判等相关技术，具备良好的沟通能力和团队协作精神。,深圳,500-1000人,本科,12100,20900
产品经理,协调研发、设计、运营团队，确保产品按时交付。要求熟悉用户研究、Axure、需求分析等相关技术，具备良好的沟通能力和团队协作精神。,武汉,50-150人,博士,20759,34712
数据分析师,设计和维护数据报表，监控业务指标变化。要求熟悉Excel、SQL、Tableau等相关技术，具备良好的沟通能力和团队协作精神。,成都,500-1000人,硕士,11298,19534
产品经理,协调研发、设计、运营团队，确保产品按时交付。要求熟悉需求分析、产品设计、用户研究等相关技术，具备良好的沟通能力和团队协作精神。,武汉,少于50人,博士,11791,24276
算法工程师,负责后端服务开发，确保代码质量和系统稳定性。要求熟悉数据结构、深度学习、机器学习等相关技术，具备良好的沟通能力和团队协作精神。,南京,1000人以上,博士,16701,29834
Java后端开发,负责后端服务开发，确保代码质量和系统稳定性。要求熟悉SpringBoot、Java、Redis等相关技术，具备良好的沟通能力和团队协作精神。,北京,150-500人,硕士,12396,23212
测试工程师,参与系统架构设计，优化系统性能，提升用户体验。要求熟悉性能测试、缺陷管理、自动化测试等相关技术，具备良好的沟通能力和团队协作精神。,南京,50-150人,本科,7391,13167
运维工程师,参与需求分析，提供技术解决方案，推动项目落地。要求熟悉运维、K8s、Docker等相关技术，具备良好的沟通能力和团队协作精神。,武汉,1000人以上,本科,8795,15323
项目经理,负责公司核心产品的开发与维护，参与技术方案设计。要求熟悉团队协调、进度控制、项目管理等相关技术，具备良好的沟通能力和团队协作精神。,南京,150-500人,博士,21176,37592
财务分析师,参与需求分析，提供技术解决方案，推动项目落地。要求熟悉财务报表、Excel、财务分析等相关技术，具备良好的沟通能力和团队协作精神。,苏州,少于50人,博士,18064,27073
市场经理,策划营销活动，提升产品知名度和市场份额。要求熟悉渠道拓展、活动策划、市场营销等相关技术，具备良好的沟通能力和团队协作精神。,苏州,50-150人,博士,21691,36794
算法工程师,参与需求分析，提供技术解决方案，推动项目落地。要求熟悉Python、算法、深度学习等相关技术，具备良好的沟通能力和团队协作精神。,重庆,1000人以上,硕士,11432,19419
算法工程师,参与系统架构设计，优化系统性能，提升用户体验。要求熟悉机器学习、算法、数据结构等相关技术，具备良好的沟通能力和团队协作精神。,北京,50-150人,博士,21222,35449
Java后端开发,负责公司核心产品的开发与维护，参与技术方案设计。要求熟悉Redis、SpringBoot、Java等相关技术，具备良好的沟通能力和团队协作精神。,上海,150-500人,博士,17126,31872
测试工程师,负责公司核心产品的开发与维护，参与技术方案设计。要求熟悉自动化测试、缺陷管理、性能测试等相关技术，具备良好的沟通能力和团队协作精神。,苏州,50-150人,硕士,11415,18687
数据科学家,设计和维护数据报表，监控业务指标变化。要求熟悉TensorFlow、Python、机器学习等相关技术，具备良好的沟通能力和团队协作精神。,南京,50-150人,大专,13581,22245
算法工程师,参与系统架构设计，优化系统性能，提升用户体验。要求熟悉Python、数据结构、深度学习等相关技术，具备良好的沟通能力和团队协作精神。,西安,少于50人,大专,5355,8924
运营专员,负责日常运营工作，提升用户活跃度和留存率。要求熟悉用户增长、运营、数据分析等相关技术，具备良好的沟通能力和团队协作精神。,重庆,150-500人,博士,7405,13165
销售代表,分析市场趋势和竞争对手，制定市场策略。要求熟悉销售、业绩目标、商务谈判等相关技术，具备良好的沟通能力和团队协作精神。,上海,150-500人,硕士,11540,22190
全栈开发工程师,负责后端服务开发，确保代码质量和系统稳定性。要求熟悉React、JavaScript、MongoDB等相关技术，具备良好的沟通能力和团队协作精神。,北京,50-150人,大专,9664,15987
市场经理,分析市场趋势和竞争对手，制定市场策略。要求熟悉市场营销、品牌建设、渠道拓展等相关技术，具备良好的沟通能力和团队协作精神。,上海,1000人以上,博士,38368,64910
前端开发工程师,参与系统架构设计，优化系统性能，提升用户体验。要求熟悉TypeScript、React、Vue等相关技术，具备良好的沟通能力和团队协作精神。,成都,少于50人,硕士,7675,14039
Python开发工程师,参与系统架构设计，优化系统性能，提升用户体验。要求熟悉Django、Flask、Redis等相关技术，具备良好的沟通能力和团队协作精神。,苏州,少于50人,大专,5000,8856
运维工程师,参与需求分析，提供技术解决方案，推动项目落地。要求熟悉Docker、运维、Linux等相关技术，具备良好的沟通能力和团队协作精神。,天津,1000人以上,本科,10718,17477
人力资源专员,参与系统架构设计，优化系统性能，提升用户体验。要求熟悉培训、招聘、员工关系等相关技术，具备良好的沟通能力和团队协作精神。,武汉,少于50人,博士,6565,11767
项目经理,参与需求分析，提供技术解决方案，推动项目落地。要求熟悉风险控制、进度控制、团队协调等相关技术，具备良好的沟通能力和团队协作精神。,天津,少于50人,本科,12085,19266
销售代表,策划营销活动，提升产品知名度和市场份额。要求熟悉客户关系、销售、业绩目标等相关技术，具备良好的沟通能力和团队协作精神。,广州,少于50人,大专,5774,10561
Python开发工程师,参与需求分析，提供技术解决方案，推动项目落地。要求熟悉Redis、Python、Flask等相关技术，具备良好的沟通能力和团队协作精神。,重庆,150-500人,硕士,9948,16604
UI设计师,负责公司核心产品的开发与维护，参与技术方案设计。要求熟悉交互设计、Figma、用户体验等相关技术，具备良好的沟通能力和团队协作精神。,上海,50-150人,大专,8566,14013
测试工程师,负责公司核心产品的开发与维护，参与技术方案设计。要求熟悉测试、性能测试、自动化测试等相关技术，具备良好的沟通能力和团队协作精神。,南京,1000人以上,硕士,42342,70797
算法工程师,负责后端服务开发，确保代码质量和系统稳定性。要求熟悉算法、深度学习、机器学习等相关技术，具备良好的沟通能力和团队协作精神。,杭州,1000人以上,博士,20237,36134
运营专员,策划运营活动，提升品牌影响力和用户增长。要求熟悉活动策划、用户增长、数据分析等相关技术，具备良好的沟通能力和团队协作精神。,重庆,50-150人,硕士,5799,9751
财务分析师,负责公司核心产品的开发与维护，参与技术方案设计。要求熟悉财务报表、预算编制、Excel等相关技术，具备良好的沟通能力和团队协作精神。,上海,1000人以上,硕士,21679,34459
财务分析师,负责后端服务开发，确保代码质量和系统稳定性。要求熟悉预算编制、Excel、财务分析等相关技术，具备良好的沟通能力和团队协作精神。,北京,少于50人,硕士,13498,22692
数据分析师,构建机器学习模型，解决实际业务问题。要求熟悉SQL、统计学、Excel等相关技术，具备良好的沟通能力和团队协作精神。,南京,1000人以上,大专,10795,16632
市场经理,分析市场趋势和竞争对手，制定市场策略。要求熟悉品牌建设、渠道拓展、市场营销等相关技术，具备良好的沟通能力和团队协作精神。,成都,少于50人,本科,9391,16735
算法工程师,负责公司核心产品的开发与维护，参与技术方案设计。要求熟悉深度学习、Python、机器学习等相关技术，具备良好的沟通能力和团队协作精神。,北京,150-500人,硕士,14408,25224
运营专员,策划运营活动，提升品牌影响力和用户增长。要求熟悉用户增长、运营、活动策划等相关技术，具备良好的沟通能力和团队协作精神。,上海,500-1000人,大专,2931,5183
产品经理,负责产品规划和设计，推动产品迭代优化。要求熟悉产品设计、数据分析、用户研究等相关技术，具备良好的沟通能力和团队协作精神。,天津,少于50人,本科,6423,13604
测试工程师,参与需求分析，提供技术解决方案，推动项目落地。要求熟悉测试、自动化测试、缺陷管理等相关技术，具备良好的沟通能力和团队协作精神。,北京,500-1000人,硕士,15933,27830
项目经理,负责后端服务开发，确保代码质量和系统稳定性。要求熟悉进度控制、项目管理、团队协调等相关技术，具备良好的沟通能力和团队协作精神。,南京,50-150人,大专,12665,19597
Python开发工程师,参与系统架构设计，优化系统性能，提升用户体验。要求熟悉Redis、MySQL、Django等相关技术，具备良好的沟通能力和团队协作精神。,西安,50-150人,本科,7588,12574
财务分析师,参与系统架构设计，优化系统性能，提升用户体验。要求熟悉财务报表、Excel、财务分析等相关技术，具备良好的沟通能力和团队协作精神。,北京,1000人以上,硕士,21847,34826
Java后端开发,参与系统架构设计，优化系统性能，提升用户体验。要求熟悉Redis、SpringBoot、Dubbo等相关技术，具备良好的沟通能力和团队协作精神。,武汉,50-150人,博士,12332,21634
数据分析师,设计和维护数据报表，监控业务指标变化。要求熟悉Python、统计学、SQL等相关技术，具备良好的沟通能力和团队协作精神。,武汉,1000人以上,博士,19886,31636
技术支持工程师,参与需求分析，提供技术解决方案，推动项目落地。要求熟悉技术支持、文档编写、问题排查等相关技术，具备良好的沟通能力和团队协作精神。,上海,500-1000人,硕士,17309,29023
项目经理,参与系统架构设计，优化系统性能，提升用户体验。要求熟悉项目管理、团队协调、风险控制等相关技术，具备良好的沟通能力和团队协作精神。,广州,150-500人,本科,12181,22741
数据分析师,负责数据分析和挖掘，为业务决策提供数据支持。要求熟悉SQL、统计学、Python等相关技术，具备良好的沟通能力和团队协作精神。,天津,少于50人,本科,9245,14032
人力资源专员,负责公司核心产品的开发与维护，参与技术方案设计。要求熟悉招聘、绩效考核、员工关系等相关技术，具备良好的沟通能力和团队协作精神。,深圳,50-150人,硕士,10145,16320
全栈开发工程师,负责公司核心产品的开发与维护，参与技术方案设计。要求熟悉Node.js、React、MySQL等相关技术，具备良好的沟通能力和团队协作精神。,天津,少于50人,博士,13008,21625
数据分析师,构建机器学习模型，解决实际业务问题。要求熟悉Tableau、统计学、Python等相关技术，具备良好的沟通能力和团队协作精神。,深圳,少于50人,硕士,15765,24605
运维工程师,参与系统架构设计，优化系统性能，提升用户体验。要求熟悉Linux、监控、K8s等相关技术，具备良好的沟通能力和团队协作精神。,重庆,150-500人,博士,12705,21921
销售代表,策划营销活动，提升产品知名度和市场份额。要求熟悉商务谈判、客户关系、销售等相关技术，具备良好的沟通能力和团队协作精神。,广州,50-150人,博士,18071,30109
产品经理,负责产品规划和设计，推动产品迭代优化。要求熟悉产品设计、数据分析、Axure等相关技术，具备良好的沟通能力和团队协作精神。,北京,500-1000人,博士,36718,61429
UI设计师,参与需求分析，提供技术解决方案，推动项目落地。要求熟悉UI设计、Sketch、交互设计等相关技术，具备良好的沟通能力和团队协作精神。,南京,150-500人,本科,8336,13656
运营专员,负责日常运营工作，提升用户活跃度和留存率。要求熟悉用户增长、数据分析、运营等相关技术，具备良好的沟通能力和团队协作精神。,杭州,50-150人,博士,10896,18762
项目经理,参与系统架构设计，优化系统性能，提升用户体验。要求熟悉风险控制、项目管理、进度控制等相关技术，具备良好的沟通能力和团队协作精神。,西安,150-500人,硕士,14266,24500
测试工程师,参与需求分析，提供技术解决方案，推动项目落地。要求熟悉自动化测试、缺陷管理、测试等相关技术，具备良好的沟通能力和团队协作精神。,武汉,150-500人,本科,27180,43500
Python开发工程师,参与系统架构设计，优化系统性能，提升用户体验。要求熟悉MySQL、Redis、Django等相关技术，具备良好的沟通能力和团队协作精神。,广州,500-1000人,博士,15927,29867
全栈开发工程师,负责公司核心产品的开发与维护，参与技术方案设计。要求熟悉Node.js、MongoDB、MySQL等相关技术，具备良好的沟通能力和团队协作精神。,杭州,150-500人,硕士,10523,20091
人力资源专员,参与系统架构设计，优化系统性能，提升用户体验。要求熟悉绩效考核、培训、招聘等相关技术，具备良好的沟通能力和团队协作精神。,北京,少于50人,大专,5420,8956
架构师,参与需求分析，提供技术解决方案，推动项目落地。要求熟悉系统架构、微服务、性能优化等相关技术，具备良好的沟通能力和团队协作精神。,苏州,1000人以上,本科,9782,16848
市场经理,分析市场趋势和竞争对手，制定市场策略。要求熟悉渠道拓展、市场营销、品牌建设等相关技术，具备良好的沟通能力和团队协作精神。,天津,1000人以上,博士,25683,43931
机器学习工程师,参与需求分析，提供技术解决方案，推动项目落地。要求熟悉特征工程、模型调优、机器学习等相关技术，具备良好的沟通能力和团队协作精神。,深圳,少于50人,硕士,12559,21399
项目经理,负责公司核心产品的开发与维护，参与技术方案设计。要求熟悉风险控制、进度控制、项目管理等相关技术，具备良好的沟通能力和团队协作精神。,广州,500-1000人,硕士,20131,35232
算法工程师,负责后端服务开发，确保代码质量和系统稳定性。要求熟悉机器学习、数据结构、Python等相关技术，具备良好的沟通能力和团队协作精神。,成都,少于50人,硕士,10529,16894
市场经理,分析市场趋势和竞争对手，制定市场策略。要求熟悉市场营销、渠道拓展、活动策划等相关技术，具备良好的沟通能力和团队协作精神。,西安,50-150人,博士,14468,27929
全栈开发工程师,参与需求分析，提供技术解决方案，推动项目落地。要求熟悉JavaScript、React、MySQL等相关技术，具备良好的沟通能力和团队协作精神。,苏州,50-150人,本科,6822,12415
财务分析师,参与需求分析，提供技术解决方案，推动项目落地。要求熟悉预算编制、财务分析、Excel等相关技术，具备良好的沟通能力和团队协作精神。,南京,少于50人,大专,6883,11017
机器学习工程师,负责后端服务开发，确保代码质量和系统稳定性。要求熟悉Python、特征工程、机器学习等相关技术，具备良好的沟通能力和团队协作精神。,成都,少于50人,大专,5000,8095
全栈开发工程师,参与系统架构设计，优化系统性能，提升用户体验。要求熟悉JavaScript、Node.js、MongoDB等相关技术，具备良好的沟通能力和团队协作精神。,杭州,1000人以上,博士,21335,37232
技术支持工程师,参与系统架构设计，优化系统性能，提升用户体验。要求熟悉技术支持、问题排查、客户沟通等相关技术，具备良好的沟通能力和团队协作精神。,上海,少于50人,硕士,15266,24318
架构师,参与系统架构设计，优化系统性能，提升用户体验。要求熟悉微服务、技术选型、系统架构等相关技术，具备良好的沟通能力和团队协作精神。,深圳,少于50人,博士,16877,29117
前端开发工程师,负责后端服务开发，确保代码质量和系统稳定性。要求熟悉JavaScript、TypeScript、Vue等相关技术，具备良好的沟通能力和团队协作精神。,南京,1000人以上,本科,10347,17643
销售代表,负责市场推广和品牌建设，拓展市场渠道。要求熟悉销售、商务谈判、业绩目标等相关技术，具备良好的沟通能力和团队协作精神。,西安,1000人以上,本科,7171,13468
产品经理,负责产品规划和设计，推动产品迭代优化。要求熟悉产品设计、需求分析、数据分析等相关技术，具备良好的沟通能力和团队协作精神。,广州,50-150人,本科,12634,22666
机器学习工程师,参与需求分析，提供技术解决方案，推动项目落地。要求熟悉Python、特征工程、机器学习等相关技术，具备良好的沟通能力和团队协作精神。,广州,50-150人,硕士,11343,20037
算法工程师,负责公司核心产品的开发与维护，参与技术方案设计。要求熟悉数据结构、Python、机器学习等相关技术，具备良好的沟通能力和团队协作精神。,苏州,50-150人,大专,5886,10361
运营专员,分析运营数据，优化运营策略和流程。要求熟悉运营、用户增长、活动策划等相关技术，具备良好的沟通能力和团队协作精神。,重庆,500-1000人,本科,6182,9702
人力资源专员,负责公司核心产品的开发与维护，参与技术方案设计。要求熟悉培训、绩效考核、员工关系等相关技术，具备良好的沟通能力和团队协作精神。,北京,50-150人,硕士,10349,16771
全栈开发工程师,负责公司核心产品的开发与维护，参与技术方案设计。要求熟悉React、MySQL、JavaScript等相关技术，具备良好的沟通能力和团队协作精神。,上海,50-150人,本科,9078,16861
财务分析师,负责后端服务开发，确保代码质量和系统稳定性。要求熟悉财务报表、财务分析、Excel等相关技术，具备良好的沟通能力和团队协作精神。,广州,50-150人,硕士,15140,23835
UI设计师,负责后端服务开发，确保代码质量和系统稳定性。要求熟悉Sketch、交互设计、用户体验等相关技术，具备良好的沟通能力和团队协作精神。,武汉,50-150人,博士,14241,22380
机器学习工程师,参与需求分析，提供技术解决方案，推动项目落地。要求熟悉特征工程、机器学习、模型调优等相关技术，具备良好的沟通能力和团队协作精神。,天津,少于50人,本科,7605,12392
前端开发工程师,负责公司核心产品的开发与维护，参与技术方案设计。要求熟悉React、HTML、JavaScript等相关技术，具备良好的沟通能力和团队协作精神。,苏州,少于50人,本科,8364,13369
架构师,负责公司核心产品的开发与维护，参与技术方案设计。要求熟悉技术选型、性能优化、系统架构等相关技术，具备良好的沟通能力和团队协作精神。,西安,500-1000人,本科,6838,12611
数据分析师,负责数据分析和挖掘，为业务决策提供数据支持。要求熟悉统计学、SQL、Excel等相关技术，具备良好的沟通能力和团队协作精神。,广州,少于50人,大专,7229,12016
运维工程师,负责后端服务开发，确保代码质量和系统稳定性。要求熟悉Docker、Linux、运维等相关技术，具备良好的沟通能力和团队协作精神。,南京,少于50人,硕士,7653,14372
Java后端开发,参与系统架构设计，优化系统性能，提升用户体验。要求熟悉Spring、Java、Dubbo等相关技术，具备良好的沟通能力和团队协作精神。,武汉,500-1000人,本科,7965,13949
技术支持工程师,负责公司核心产品的开发与维护，参与技术方案设计。要求熟悉客户沟通、问题排查、技术支持等相关技术，具备良好的沟通能力和团队协作精神。,西安,少于50人,博士,11742,19772
产品经理,负责产品规划和设计，推动产品迭代优化。要求熟悉产品设计、数据分析、Axure等相关技术，具备良好的沟通能力和团队协作精神。,成都,少于50人,大专,9166,15041
Python开发工程师,负责公司核心产品的开发与维护，参与技术方案设计。要求熟悉Python、Django、FastAPI等相关技术，具备良好的沟通能力和团队协作精神。,上海,150-500人,本科,11147,19339
全栈开发工程师,负责公司核心产品的开发与维护，参与技术方案设计。要求熟悉MongoDB、JavaScript、Node.js等相关技术，具备良好的沟通能力和团队协作精神。,西安,1000人以上,硕士,10765,18952
数据分析师,设计和维护数据报表，监控业务指标变化。要求熟悉SQL、Python、Excel等相关技术，具备良好的沟通能力和团队协作精神。,成都,150-500人,博士,17840,28208
产品经理,分析用户需求和市场动态，制定产品发展策略。要求熟悉数据分析、用户研究、需求分析等相关技术，具备良好的沟通能力和团队协作精神。,深圳,少于50人,本科,12427,22627
测试工程师,参与系统架构设计，优化系统性能，提升用户体验。要求熟悉性能测试、缺陷管理、测试等相关技术，具备良好的沟通能力和团队协作精神。,南京,少于50人,本科,9130,14298
市场经理,分析市场趋势和竞争对手，制定市场策略。要求熟悉活动策划、品牌建设、市场营销等相关技术，具备良好的沟通能力和团队协作精神。,武汉,500-1000人,大专,7709,14889
Java后端开发,负责后端服务开发，确保代码质量和系统稳定性。要求熟悉Spring、MySQL、SpringBoot等相关技术，具备良好的沟通能力和团队协作精神。,苏州,少于50人,大专,5643,9647
市场经理,分析市场趋势和竞争对手，制定市场策略。要求熟悉品牌建设、活动策划、渠道拓展等相关技术，具备良好的沟通能力和团队协作精神。,上海,150-500人,硕士,28025,44000
项目经理,参与系统架构设计，优化系统性能，提升用户体验。要求熟悉团队协调、风险控制、项目管理等相关技术，具备良好的沟通能力和团队协作精神。,上海,50-150人,博士,28918,49931
市场经理,策划营销活动，提升产品知名度和市场份额。要求熟悉品牌建设、渠道拓展、活动策划等相关技术，具备良好的沟通能力和团队协作精神。,成都,少于50人,硕士,12787,22334
Java后端开发,负责公司核心产品的开发与维护，参与技术方案设计。要求熟悉MySQL、Spring、Redis等相关技术，具备良好的沟通能力和团队协作精神。,南京,少于50人,博士,12167,21469
财务分析师,负责后端服务开发，确保代码质量和系统稳定性。要求熟悉财务分析、Excel、财务报表等相关技术，具备良好的沟通能力和团队协作精神。,苏州,1000人以上,博士,20959,33677
数据分析师,负责数据分析和挖掘，为业务决策提供数据支持。要求熟悉SQL、Tableau、Excel等相关技术，具备良好的沟通能力和团队协作精神。,上海,少于50人,硕士,17993,27046
运维工程师,负责后端服务开发，确保代码质量和系统稳定性。要求熟悉Docker、Linux、监控等相关技术，具备良好的沟通能力和团队协作精神。,上海,1000人以上,大专,7551,15416
测试工程师,参与需求分析，提供技术解决方案，推动项目落地。要求熟悉自动化测试、性能测试、测试等相关技术，具备良好的沟通能力和团队协作精神。,西安,50-150人,本科,8288,13274
人力资源专员,负责公司核心产品的开发与维护，参与技术方案设计。要求熟悉培训、绩效考核、员工关系等相关技术，具备良好的沟通能力和团队协作精神。,杭州,50-150人,本科,5310,9680
技术支持工程师,负责后端服务开发，确保代码质量和系统稳定性。要求熟悉文档编写、问题排查、技术支持等相关技术，具备良好的沟通能力和团队协作精神。,重庆,150-500人,本科,6784,11904
Python开发工程师,负责后端服务开发，确保代码质量和系统稳定性。要求熟悉Redis、MySQL、FastAPI等相关技术，具备良好的沟通能力和团队协作精神。,广州,500-1000人,本科,10024,17768
机器学习工程师,负责公司核心产品的开发与维护，参与技术方案设计。要求熟悉模型调优、Python、机器学习等相关技术，具备良好的沟通能力和团队协作精神。,上海,150-500人,硕士,15818,26468
运营专员,策划运营活动，提升品牌影响力和用户增长。要求熟悉数据分析、活动策划、运营等相关技术，具备良好的沟通能力和团队协作精神。,重庆,500-1000人,本科,5000,7674
数据科学家,构建机器学习模型，解决实际业务问题。要求熟悉PyTorch、机器学习、TensorFlow等相关技术，具备良好的沟通能力和团队协作精神。,武汉,50-150人,硕士,21158,33755
机器学习工程师,参与需求分析，提供技术解决方案，推动项目落地。要求熟悉模型调优、机器学习、特征工程等相关技术，具备良好的沟通能力和团队协作精神。,天津,少于50人,大专,6719,10549
产品经理,负责产品规划和设计，推动产品迭代优化。要求熟悉产品设计、Axure、数据分析等相关技术，具备良好的沟通能力和团队协作精神。,杭州,1000人以上,大专,11863,22462
架构师,负责后端服务开发，确保代码质量和系统稳定性。要求熟悉性能优化、微服务、系统架构等相关技术，具备良好的沟通能力和团队协作精神。,天津,1000人以上,本科,9533,16291
UI设计师,负责公司核心产品的开发与维护，参与技术方案设计。要求熟悉Sketch、UI设计、Figma等相关技术，具备良好的沟通能力和团队协作精神。,苏州,少于50人,硕士,8545,14238
算法工程师,负责后端服务开发，确保代码质量和系统稳定性。要求熟悉数据结构、Python、机器学习等相关技术，具备良好的沟通能力和团队协作精神。,广州,50-150人,本科,9730,16418
市场经理,分析市场趋势和竞争对手，制定市场策略。要求熟悉品牌建设、市场营销、渠道拓展等相关技术，具备良好的沟通能力和团队协作精神。,天津,少于50人,博士,17818,30744
前端开发工程师,参与需求分析，提供技术解决方案，推动项目落地。要求熟悉CSS、JavaScript、HTML等相关技术，具备良好的沟通能力和团队协作精神。,上海,1000人以上,博士,22201,39896
技术支持工程师,参与系统架构设计，优化系统性能，提升用户体验。要求熟悉文档编写、技术支持、客户沟通等相关技术，具备良好的沟通能力和团队协作精神。,广州,50-150人,大专,7846,13196
人力资源专员,负责公司核心产品的开发与维护，参与技术方案设计。要求熟悉员工关系、招聘、绩效考核等相关技术，具备良好的沟通能力和团队协作精神。,重庆,150-500人,本科,5954,9154
前端开发工程师,负责后端服务开发，确保代码质量和系统稳定性。要求熟悉TypeScript、JavaScript、CSS等相关技术，具备良好的沟通能力和团队协作精神。,苏州,1000人以上,博士,17032,29750
运维工程师,负责公司核心产品的开发与维护，参与技术方案设计。要求熟悉Linux、监控、运维等相关技术，具备良好的沟通能力和团队协作精神。,武汉,1000人以上,大专,7885,13107
Python开发工程师,参与需求分析，提供技术解决方案，推动项目落地。要求熟悉Python、MySQL、Django等相关技术，具备良好的沟通能力和团队协作精神。,苏州,少于50人,硕士,7368,13874
技术支持工程师,参与需求分析，提供技术解决方案，推动项目落地。要求熟悉客户沟通、问题排查、文档编写等相关技术，具备良好的沟通能力和团队协作精神。,南京,少于50人,本科,3089,5673
产品经理,分析用户需求和市场动态，制定产品发展策略。要求熟悉用户研究、产品设计、Axure等相关技术，具备良好的沟通能力和团队协作精神。,天津,150-500人,大专,9891,16649
机器学习工程师,参与系统架构设计，优化系统性能，提升用户体验。要求熟悉Python、模型调优、机器学习等相关技术，具备良好的沟通能力和团队协作精神。,武汉,150-500人,硕士,11691,18763
技术支持工程师,负责公司核心产品的开发与维护，参与技术方案设计。要求熟悉客户沟通、技术支持、文档编写等相关技术，具备良好的沟通能力和团队协作精神。,上海,少于50人,硕士,13050,22102
人力资源专员,负责公司核心产品的开发与维护，参与技术方案设计。要求熟悉培训、员工关系、招聘等相关技术，具备良好的沟通能力和团队协作精神。,南京,500-1000人,硕士,7810,13244
数据科学家,设计和维护数据报表，监控业务指标变化。要求熟悉PyTorch、机器学习、Python等相关技术，具备良好的沟通能力和团队协作精神。,天津,50-150人,本科,15882,25914
算法工程师,负责后端服务开发，确保代码质量和系统稳定性。要求熟悉机器学习、算法、深度学习等相关技术，具备良好的沟通能力和团队协作精神。,西安,150-500人,硕士,7781,14603
产品经理,分析用户需求和市场动态，制定产品发展策略。要求熟悉数据分析、用户研究、Axure等相关技术，具备良好的沟通能力和团队协作精神。,北京,150-500人,本科,18574,31054
Java后端开发,参与系统架构设计，优化系统性能，提升用户体验。要求熟悉MySQL、Dubbo、Redis等相关技术，具备良好的沟通能力和团队协作精神。,成都,少于50人,硕士,9804,16169
财务分析师,负责公司核心产品的开发与维护，参与技术方案设计。要求熟悉预算编制、财务报表、财务分析等相关技术，具备良好的沟通能力和团队协作精神。,天津,少于50人,大专,6083,9913
Java后端开发,负责后端服务开发，确保代码质量和系统稳定性。要求熟悉MySQL、Dubbo、Java等相关技术，具备良好的沟通能力和团队协作精神。,广州,少于50人,本科,7700,13684
Python开发工程师,负责公司核心产品的开发与维护，参与技术方案设计。要求熟悉Flask、Django、Python等相关技术，具备良好的沟通能力和团队协作精神。,武汉,50-150人,博士,13254,22556
数据科学家,构建机器学习模型，解决实际业务问题。要求熟悉Python、TensorFlow、深度学习等相关技术，具备良好的沟通能力和团队协作精神。,广州,150-500人,硕士,25608,42768
架构师,参与需求分析，提供技术解决方案，推动项目落地。要求熟悉微服务、技术选型、系统架构等相关技术，具备良好的沟通能力和团队协作精神。,深圳,500-1000人,大专,9592,16632
技术支持工程师,负责后端服务开发，确保代码质量和系统稳定性。要求熟悉技术支持、文档编写、客户沟通等相关技术，具备良好的沟通能力和团队协作精神。,广州,1000人以上,硕士,19424,30406
运营专员,负责日常运营工作，提升用户活跃度和留存率。要求熟悉数据分析、活动策划、运营等相关技术，具备良好的沟通能力和团队协作精神。,南京,少于50人,博士,8433,14247
测试工程师,参与需求分析，提供技术解决方案，推动项目落地。要求熟悉测试、缺陷管理、性能测试等相关技术，具备良好的沟通能力和团队协作精神。,重庆,1000人以上,本科,8035,14179
销售代表,负责市场推广和品牌建设，拓展市场渠道。要求熟悉商务谈判、客户关系、销售等相关技术，具备良好的沟通能力和团队协作精神。,苏州,少于50人,大专,5019,9022
技术支持工程师,负责公司核心产品的开发与维护，参与技术方案设计。要求熟悉客户沟通、问题排查、技术支持等相关技术，具备良好的沟通能力和团队协作精神。,北京,1000人以上,硕士,19657,32636
Python开发工程师,参与系统架构设计，优化系统性能，提升用户体验。要求熟悉FastAPI、MySQL、Redis等相关技术，具备良好的沟通能力和团队协作精神。,天津,500-1000人,硕士,10800,18854
技术支持工程师,参与需求分析，提供技术解决方案，推动项目落地。要求熟悉技术支持、客户沟通、问题排查等相关技术，具备良好的沟通能力和团队协作精神。,苏州,500-1000人,硕士,10552,18971
数据分析师,设计和维护数据报表，监控业务指标变化。要求熟悉统计学、Excel、SQL等相关技术，具备良好的沟通能力和团队协作精神。,南京,150-500人,博士,21631,32575
市场经理,负责市场推广和品牌建设，拓展市场渠道。要求熟悉渠道拓展、活动策划、市场营销等相关技术，具备良好的沟通能力和团队协作精神。,苏州,少于50人,硕士,16016,25776
数据科学家,负责数据分析和挖掘，为业务决策提供数据支持。要求熟悉深度学习、机器学习、TensorFlow等相关技术，具备良好的沟通能力和团队协作精神。,广州,少于50人,本科,16361,27581
人力资源专员,参与需求分析，提供技术解决方案，推动项目落地。要求熟悉招聘、绩效考核、培训等相关技术，具备良好的沟通能力和团队协作精神。,苏州,1000人以上,大专,5000,7513
数据分析师,构建机器学习模型，解决实际业务问题。要求熟悉SQL、Tableau、统计学等相关技术，具备良好的沟通能力和团队协作精神。,武汉,少于50人,博士,15879,24202
机器学习工程师,参与系统架构设计，优化系统性能，提升用户体验。要求熟悉特征工程、模型调优、机器学习等相关技术，具备良好的沟通能力和团队协作精神。,杭州,1000人以上,本科,4404,7936
算法工程师,负责后端服务开发，确保代码质量和系统稳定性。要求熟悉算法、Python、数据结构等相关技术，具备良好的沟通能力和团队协作精神。,南京,50-150人,大专,7038,11659
全栈开发工程师,负责后端服务开发，确保代码质量和系统稳定性。要求熟悉JavaScript、React、MySQL等相关技术，具备良好的沟通能力和团队协作精神。,深圳,1000人以上,博士,17376,34656
项目经理,参与需求分析，提供技术解决方案，推动项目落地。要求熟悉团队协调、项目管理、进度控制等相关技术，具备良好的沟通能力和团队协作精神。,成都,1000人以上,本科,15991,26359
项目经理,负责公司核心产品的开发与维护，参与技术方案设计。要求熟悉进度控制、项目管理、风险控制等相关技术，具备良好的沟通能力和团队协作精神。,武汉,150-500人,博士,16860,31548
财务分析师,负责后端服务开发，确保代码质量和系统稳定性。要求熟悉Excel、财务分析、预算编制等相关技术，具备良好的沟通能力和团队协作精神。,上海,50-150人,本科,14376,22159
机器学习工程师,参与系统架构设计，优化系统性能，提升用户体验。要求熟悉特征工程、模型调优、机器学习等相关技术，具备良好的沟通能力和团队协作精神。,杭州,500-1000人,本科,11153,19249
Java后端开发,参与系统架构设计，优化系统性能，提升用户体验。要求熟悉Java、Dubbo、MySQL等相关技术，具备良好的沟通能力和团队协作精神。,北京,50-150人,博士,17017,31244
技术支持工程师,负责公司核心产品的开发与维护，参与技术方案设计。要求熟悉技术支持、问题排查、文档编写等相关技术，具备良好的沟通能力和团队协作精神。,武汉,500-1000人,大专,6217,11004
前端开发工程师,负责公司核心产品的开发与维护，参与技术方案设计。要求熟悉JavaScript、CSS、TypeScript等相关技术，具备良好的沟通能力和团队协作精神。,上海,50-150人,硕士,15212,25330
运维工程师,负责公司核心产品的开发与维护，参与技术方案设计。要求熟悉Docker、运维、监控等相关技术，具备良好的沟通能力和团队协作精神。,北京,1000人以上,硕士,18104,31083
市场经理,负责市场推广和品牌建设，拓展市场渠道。要求熟悉品牌建设、渠道拓展、活动策划等相关技术，具备良好的沟通能力和团队协作精神。,北京,500-1000人,博士,36684,61394
财务分析师,负责后端服务开发，确保代码质量和系统稳定性。要求熟悉预算编制、Excel、财务报表等相关技术，具备良好的沟通能力和团队协作精神。,重庆,50-150人,大专,8248,12139
产品经理,协调研发、设计、运营团队，确保产品按时交付。要求熟悉数据分析、Axure、需求分析等相关技术，具备良好的沟通能力和团队协作精神。,北京,500-1000人,博士,26729,51439
数据科学家,设计和维护数据报表，监控业务指标变化。要求熟悉TensorFlow、PyTorch、深度学习等相关技术，具备良好的沟通能力和团队协作精神。,北京,500-1000人,本科,32951,50111
数据分析师,负责数据分析和挖掘，为业务决策提供数据支持。要求熟悉统计学、SQL、Python等相关技术，具备良好的沟通能力和团队协作精神。,苏州,50-150人,硕士,12436,19708
测试工程师,负责公司核心产品的开发与维护，参与技术方案设计。要求熟悉自动化测试、性能测试、测试等相关技术，具备良好的沟通能力和团队协作精神。,天津,500-1000人,博士,13453,24605
产品经理,负责产品规划和设计，推动产品迭代优化。要求熟悉需求分析、数据分析、产品设计等相关技术，具备良好的沟通能力和团队协作精神。,北京,500-1000人,硕士,20087,37933
UI设计师,负责后端服务开发，确保代码质量和系统稳定性。要求熟悉Sketch、Figma、UI设计等相关技术，具备良好的沟通能力和团队协作精神。,广州,少于50人,本科,8389,13625
销售代表,分析市场趋势和竞争对手，制定市场策略。要求熟悉销售、客户关系、业绩目标等相关技术，具备良好的沟通能力和团队协作精神。,武汉,少于50人,博士,12882,21205
机器学习工程师,参与系统架构设计，优化系统性能，提升用户体验。要求熟悉Python、机器学习、模型调优等相关技术，具备良好的沟通能力和团队协作精神。,深圳,少于50人,大专,7349,12789
算法工程师,参与系统架构设计，优化系统性能，提升用户体验。要求熟悉机器学习、深度学习、Python等相关技术，具备良好的沟通能力和团队协作精神。,武汉,50-150人,硕士,11141,17859
项目经理,参与系统架构设计，优化系统性能，提升用户体验。要求熟悉进度控制、风险控制、项目管理等相关技术，具备良好的沟通能力和团队协作精神。,成都,500-1000人,大专,8385,15988
架构师,负责公司核心产品的开发与维护，参与技术方案设计。要求熟悉技术选型、性能优化、微服务等相关技术，具备良好的沟通能力和团队协作精神。,杭州,150-500人,硕士,13134,22702
Java后端开发,负责公司核心产品的开发与维护，参与技术方案设计。要求熟悉Java、MySQL、SpringBoot等相关技术，具备良好的沟通能力和团队协作精神。,深圳,500-1000人,硕士,13043,24483
运营专员,负责日常运营工作，提升用户活跃度和留存率。要求熟悉数据分析、运营、活动策划等相关技术，具备良好的沟通能力和团队协作精神。,北京,50-150人,博士,13984,22876
测试工程师,参与需求分析，提供技术解决方案，推动项目落地。要求熟悉缺陷管理、性能测试、测试等相关技术，具备良好的沟通能力和团队协作精神。,南京,少于50人,本科,7965,13133
数据科学家,设计和维护数据报表，监控业务指标变化。要求熟悉Python、TensorFlow、深度学习等相关技术，具备良好的沟通能力和团队协作精神。,上海,少于50人,本科,19527,32583
架构师,负责后端服务开发，确保代码质量和系统稳定性。要求熟悉微服务、系统架构、技术选型等相关技术，具备良好的沟通能力和团队协作精神。,深圳,少于50人,本科,6029,12829
测试工程师,参与系统架构设计，优化系统性能，提升用户体验。要求熟悉缺陷管理、测试、性能测试等相关技术，具备良好的沟通能力和团队协作精神。,天津,1000人以上,博士,17180,29345
全栈开发工程师,参与需求分析，提供技术解决方案，推动项目落地。要求熟悉JavaScript、Node.js、MongoDB等相关技术，具备良好的沟通能力和团队协作精神。,南京,50-150人,硕士,10939,18448
项目经理,参与需求分析，提供技术解决方案，推动项目落地。要求熟悉风险控制、团队协调、项目管理等相关技术，具备良好的沟通能力和团队协作精神。,西安,少于50人,博士,17473,29517
UI设计师,参与需求分析，提供技术解决方案，推动项目落地。要求熟悉Figma、用户体验、Sketch等相关技术，具备良好的沟通能力和团队协作精神。,西安,少于50人,博士,13402,20428
数据分析师,构建机器学习模型，解决实际业务问题。要求熟悉统计学、Excel、SQL等相关技术，具备良好的沟通能力和团队协作精神。,北京,150-500人,大专,9672,16328
数据科学家,构建机器学习模型，解决实际业务问题。要求熟悉机器学习、Python、PyTorch等相关技术，具备良好的沟通能力和团队协作精神。,深圳,50-150人,硕士,31956,50481
销售代表,负责市场推广和品牌建设，拓展市场渠道。要求熟悉商务谈判、客户关系、销售等相关技术，具备良好的沟通能力和团队协作精神。,北京,150-500人,博士,23940,38916
前端开发工程师,参与系统架构设计，优化系统性能，提升用户体验。要求熟悉Vue、HTML、TypeScript等相关技术，具备良好的沟通能力和团队协作精神。,南京,50-150人,大专,5000,9433
UI设计师,参与系统架构设计，优化系统性能，提升用户体验。要求熟悉用户体验、Sketch、交互设计等相关技术，具备良好的沟通能力和团队协作精神。,苏州,少于50人,硕士,9742,15435
Python开发工程师,负责后端服务开发，确保代码质量和系统稳定性。要求熟悉Python、MySQL、Django等相关技术，具备良好的沟通能力和团队协作精神。,深圳,50-150人,大专,7785,13865
架构师,负责后端服务开发，确保代码质量和系统稳定性。要求熟悉技术选型、微服务、性能优化等相关技术，具备良好的沟通能力和团队协作精神。,武汉,1000人以上,硕士,11539,20025
技术支持工程师,负责公司核心产品的开发与维护，参与技术方案设计。要求熟悉客户沟通、问题排查、文档编写等相关技术，具备良好的沟通能力和团队协作精神。,南京,1000人以上,大专,8406,14242
架构师,参与需求分析，提供技术解决方案，推动项目落地。要求熟悉系统架构、技术选型、微服务等相关技术，具备良好的沟通能力和团队协作精神。,南京,500-1000人,大专,6868,12218
算法工程师,参与需求分析，提供技术解决方案，推动项目落地。要求熟悉机器学习、数据结构、Python等相关技术，具备良好的沟通能力和团队协作精神。,南京,500-1000人,博士,15027,27065
数据科学家,构建机器学习模型，解决实际业务问题。要求熟悉TensorFlow、Python、深度学习等相关技术，具备良好的沟通能力和团队协作精神。,北京,1000人以上,博士,53591,87287
前端开发工程师,参与需求分析，提供技术解决方案，推动项目落地。要求熟悉TypeScript、HTML、React等相关技术，具备良好的沟通能力和团队协作精神。,天津,500-1000人,博士,13059,24211
技术支持工程师,参与系统架构设计，优化系统性能，提升用户体验。要求熟悉问题排查、文档编写、技术支持等相关技术，具备良好的沟通能力和团队协作精神。,苏州,500-1000人,博士,13656,25314
测试工程师,负责公司核心产品的开发与维护，参与技术方案设计。要求熟悉缺陷管理、性能测试、测试等相关技术，具备良好的沟通能力和团队协作精神。,天津,少于50人,硕士,9349,15573
算法工程师,负责公司核心产品的开发与维护，参与技术方案设计。要求熟悉Python、机器学习、数据结构等相关技术，具备良好的沟通能力和团队协作精神。,成都,少于50人,硕士,7380,13745
技术支持工程师,负责公司核心产品的开发与维护，参与技术方案设计。要求熟悉技术支持、文档编写、问题排查等相关技术，具备良好的沟通能力和团队协作精神。,成都,500-1000人,大专,7602,12671
架构师,负责后端服务开发，确保代码质量和系统稳定性。要求熟悉性能优化、系统架构、技术选型等相关技术，具备良好的沟通能力和团队协作精神。,深圳,150-500人,硕士,15202,25602
UI设计师,参与系统架构设计，优化系统性能，提升用户体验。要求熟悉Sketch、交互设计、UI设计等相关技术，具备良好的沟通能力和团队协作精神。,苏州,500-1000人,本科,7214,12881
算法工程师,参与需求分析，提供技术解决方案，推动项目落地。要求熟悉数据结构、深度学习、Python等相关技术，具备良好的沟通能力和团队协作精神。,重庆,50-150人,硕士,7891,14214
项目经理,参与系统架构设计，优化系统性能，提升用户体验。要求熟悉团队协调、项目管理、进度控制等相关技术，具备良好的沟通能力和团队协作精神。,上海,150-500人,博士,35365,57483
数据科学家,负责数据分析和挖掘，为业务决策提供数据支持。要求熟悉深度学习、TensorFlow、Python等相关技术，具备良好的沟通能力和团队协作精神。,南京,150-500人,博士,28295,48815
项目经理,参与系统架构设计，优化系统性能，提升用户体验。要求熟悉团队协调、风险控制、进度控制等相关技术，具备良好的沟通能力和团队协作精神。,深圳,500-1000人,本科,17000,30200
全栈开发工程师,参与需求分析，提供技术解决方案，推动项目落地。要求熟悉Node.js、MongoDB、JavaScript等相关技术，具备良好的沟通能力和团队协作精神。,广州,1000人以上,大专,9878,16636
测试工程师,负责后端服务开发，确保代码质量和系统稳定性。要求熟悉测试、性能测试、自动化测试等相关技术，具备良好的沟通能力和团队协作精神。,南京,150-500人,博士,16655,27599
测试工程师,参与系统架构设计，优化系统性能，提升用户体验。要求熟悉测试、缺陷管理、自动化测试等相关技术，具备良好的沟通能力和团队协作精神。,重庆,150-500人,硕士,8838,15494
技术支持工程师,负责公司核心产品的开发与维护，参与技术方案设计。要求熟悉文档编写、客户沟通、问题排查等相关技术，具备良好的沟通能力和团队协作精神。,上海,1000人以上,大专,9932,17796
数据科学家,设计和维护数据报表，监控业务指标变化。要求熟悉机器学习、深度学习、Python等相关技术，具备良好的沟通能力和团队协作精神。,北京,50-150人,硕士,36213,55479
前端开发工程师,负责后端服务开发，确保代码质量和系统稳定性。要求熟悉JavaScript、Vue、HTML等相关技术，具备良好的沟通能力和团队协作精神。,成都,50-150人,博士,16754,26604
UI设计师,参与系统架构设计，优化系统性能，提升用户体验。要求熟悉UI设计、Figma、Sketch等相关技术，具备良好的沟通能力和团队协作精神。,上海,150-500人,硕士,17263,26581
数据科学家,构建机器学习模型，解决实际业务问题。要求熟悉TensorFlow、Python、PyTorch等相关技术，具备良好的沟通能力和团队协作精神。,成都,1000人以上,本科,8300,13484
财务分析师,负责公司核心产品的开发与维护，参与技术方案设计。要求熟悉Excel、财务分析、财务报表等相关技术，具备良好的沟通能力和团队协作精神。,西安,150-500人,大专,6342,10540
运营专员,负责日常运营工作，提升用户活跃度和留存率。要求熟悉用户增长、活动策划、运营等相关技术，具备良好的沟通能力和团队协作精神。,上海,少于50人,硕士,7546,13204
项目经理,参与系统架构设计，优化系统性能，提升用户体验。要求熟悉风险控制、项目管理、进度控制等相关技术，具备良好的沟通能力和团队协作精神。,南京,500-1000人,大专,11821,19847
销售代表,策划营销活动，提升产品知名度和市场份额。要求熟悉客户关系、销售、业绩目标等相关技术，具备良好的沟通能力和团队协作精神。,深圳,50-150人,硕士,14360,24240
架构师,负责后端服务开发，确保代码质量和系统稳定性。要求熟悉微服务、技术选型、性能优化等相关技术，具备良好的沟通能力和团队协作精神。,武汉,500-1000人,大专,7840,12627
产品经理,协调研发、设计、运营团队，确保产品按时交付。要求熟悉Axure、数据分析、用户研究等相关技术，具备良好的沟通能力和团队协作精神。,杭州,50-150人,本科,15700,26188
产品经理,协调研发、设计、运营团队，确保产品按时交付。要求熟悉Axure、数据分析、产品设计等相关技术，具备良好的沟通能力和团队协作精神。,南京,150-500人,博士,17945,34361
运维工程师,负责公司核心产品的开发与维护，参与技术方案设计。要求熟悉K8s、Docker、运维等相关技术，具备良好的沟通能力和团队协作精神。,深圳,150-500人,大专,10062,16462
数据分析师,负责数据分析和挖掘，为业务决策提供数据支持。要求熟悉Python、统计学、Tableau等相关技术，具备良好的沟通能力和团队协作精神。,北京,少于50人,大专,8312,13969
算法工程师,参与系统架构设计，优化系统性能，提升用户体验。要求熟悉数据结构、算法、深度学习等相关技术，具备良好的沟通能力和团队协作精神。,苏州,50-150人,大专,5830,10305
市场经理,策划营销活动，提升产品知名度和市场份额。要求熟悉渠道拓展、品牌建设、市场营销等相关技术，具备良好的沟通能力和团队协作精神。,上海,50-150人,大专,13279,22617
运维工程师,负责公司核心产品的开发与维护，参与技术方案设计。要求熟悉Docker、监控、Linux等相关技术，具备良好的沟通能力和团队协作精神。,广州,500-1000人,本科,13545,21289
运维工程师,参与需求分析，提供技术解决方案，推动项目落地。要求熟悉监控、K8s、运维等相关技术，具备良好的沟通能力和团队协作精神。,南京,1000人以上,博士,25715,38848
测试工程师,参与需求分析，提供技术解决方案，推动项目落地。要求熟悉缺陷管理、性能测试、自动化测试等相关技术，具备良好的沟通能力和团队协作精神。,天津,50-150人,博士,5734,9587
财务分析师,负责后端服务开发，确保代码质量和系统稳定性。要求熟悉预算编制、财务报表、Excel等相关技术，具备良好的沟通能力和团队协作精神。,深圳,少于50人,本科,11202,18002
机器学习工程师,参与系统架构设计，优化系统性能，提升用户体验。要求熟悉Python、特征工程、模型调优等相关技术，具备良好的沟通能力和团队协作精神。,上海,1000人以上,本科,14502,24332
机器学习工程师,参与系统架构设计，优化系统性能，提升用户体验。要求熟悉Python、特征工程、机器学习等相关技术，具备良好的沟通能力和团队协作精神。,上海,50-150人,本科,11996,19778
技术支持工程师,负责公司核心产品的开发与维护，参与技术方案设计。要求熟悉技术支持、客户沟通、文档编写等相关技术，具备良好的沟通能力和团队协作精神。,上海,少于50人,博士,16480,29014
财务分析师,参与系统架构设计，优化系统性能，提升用户体验。要求熟悉财务报表、预算编制、财务分析等相关技术，具备良好的沟通能力和团队协作精神。,杭州,500-1000人,本科,16841,24937
架构师,负责公司核心产品的开发与维护，参与技术方案设计。要求熟悉微服务、系统架构、性能优化等相关技术，具备良好的沟通能力和团队协作精神。,深圳,500-1000人,博士,22463,38303
销售代表,策划营销活动，提升产品知名度和市场份额。要求熟悉商务谈判、业绩目标、客户关系等相关技术，具备良好的沟通能力和团队协作精神。,西安,500-1000人,硕士,11019,18523
测试工程师,负责公司核心产品的开发与维护，参与技术方案设计。要求熟悉性能测试、测试、缺陷管理等相关技术，具备良好的沟通能力和团队协作精神。,深圳,500-1000人,本科,13198,21998
运维工程师,参与系统架构设计，优化系统性能，提升用户体验。要求熟悉运维、K8s、监控等相关技术，具备良好的沟通能力和团队协作精神。,重庆,500-1000人,博士,14740,24878
架构师,参与需求分析，提供技术解决方案，推动项目落地。要求熟悉技术选型、系统架构、微服务等相关技术，具备良好的沟通能力和团队协作精神。,深圳,500-1000人,大专,10787,17827
机器学习工程师,参与系统架构设计，优化系统性能，提升用户体验。要求熟悉Python、机器学习、模型调优等相关技术，具备良好的沟通能力和团队协作精神。,广州,500-1000人,本科,9751,17495
数据科学家,设计和维护数据报表，监控业务指标变化。要求熟悉TensorFlow、机器学习、Python等相关技术，具备良好的沟通能力和团队协作精神。,深圳,1000人以上,本科,26406,44406
财务分析师,负责后端服务开发，确保代码质量和系统稳定性。要求熟悉预算编制、Excel、财务分析等相关技术，具备良好的沟通能力和团队协作精神。,成都,1000人以上,大专,8000,13530
算法工程师,参与系统架构设计，优化系统性能，提升用户体验。要求熟悉深度学习、数据结构、机器学习等相关技术，具备良好的沟通能力和团队协作精神。,深圳,150-500人,硕士,15157,25557
架构师,负责公司核心产品的开发与维护，参与技术方案设计。要求熟悉微服务、性能优化、技术选型等相关技术，具备良好的沟通能力和团队协作精神。,杭州,150-500人,博士,20150,33398
测试工程师,负责后端服务开发，确保代码质量和系统稳定性。要求熟悉自动化测试、测试、缺陷管理等相关技术，具备良好的沟通能力和团队协作精神。,广州,50-150人,博士,17586,29624
产品经理,分析用户需求和市场动态，制定产品发展策略。要求熟悉产品设计、需求分析、用户研究等相关技术，具备良好的沟通能力和团队协作精神。,杭州,1000人以上,博士,40275,64122
技术支持工程师,参与系统架构设计，优化系统性能，提升用户体验。要求熟悉问题排查、文档编写、技术支持等相关技术，具备良好的沟通能力和团队协作精神。,苏州,500-1000人,大专,7119,12300
数据科学家,设计和维护数据报表，监控业务指标变化。要求熟悉PyTorch、TensorFlow、深度学习等相关技术，具备良好的沟通能力和团队协作精神。,北京,150-500人,本科,26873,42473
测试工程师,参与需求分析，提供技术解决方案，推动项目落地。要求熟悉性能测试、测试、缺陷管理等相关技术，具备良好的沟通能力和团队协作精神。,天津,少于50人,本科,5602,10389
数据分析师,负责数据分析和挖掘，为业务决策提供数据支持。要求熟悉Python、Tableau、统计学等相关技术，具备良好的沟通能力和团队协作精神。,深圳,少于50人,大专,8719,14159
Java后端开发,负责公司核心产品的开发与维护，参与技术方案设计。要求熟悉Java、SpringBoot、MySQL等相关技术，具备良好的沟通能力和团队协作精神。,南京,50-150人,本科,8695,14471
技术支持工程师,负责后端服务开发，确保代码质量和系统稳定性。要求熟悉问题排查、客户沟通、文档编写等相关技术，具备良好的沟通能力和团队协作精神。,重庆,500-1000人,博士,15553,25690
运维工程师,参与需求分析，提供技术解决方案，推动项目落地。要求熟悉运维、监控、K8s等相关技术，具备良好的沟通能力和团队协作精神。,成都,50-150人,本科,7222,12694
Python开发工程师,参与需求分析，提供技术解决方案，推动项目落地。要求熟悉Redis、Python、Flask等相关技术，具备良好的沟通能力和团队协作精神。,杭州,150-500人,本科,10021,17381
全栈开发工程师,参与系统架构设计，优化系统性能，提升用户体验。要求熟悉React、JavaScript、MySQL等相关技术，具备良好的沟通能力和团队协作精神。,西安,少于50人,硕士,6323,12122
数据分析师,设计和维护数据报表，监控业务指标变化。要求熟悉统计学、Python、Tableau等相关技术，具备良好的沟通能力和团队协作精神。,重庆,1000人以上,本科,9888,16032
Python开发工程师,参与需求分析，提供技术解决方案，推动项目落地。要求熟悉Flask、MySQL、Django等相关技术，具备良好的沟通能力和团队协作精神。,上海,150-500人,本科,12631,20823
Java后端开发,参与需求分析，提供技术解决方案，推动项目落地。要求熟悉MySQL、Java、Spring等相关技术，具备良好的沟通能力和团队协作精神。,苏州,50-150人,大专,6635,11110
项目经理,参与系统架构设计，优化系统性能，提升用户体验。要求熟悉风险控制、项目管理、团队协调等相关技术，具备良好的沟通能力和团队协作精神。,西安,少于50人,大专,7862,13215
数据分析师,负责数据分析和挖掘，为业务决策提供数据支持。要求熟悉Tableau、统计学、Excel等相关技术，具备良好的沟通能力和团队协作精神。,上海,50-150人,本科,13217,20999
数据分析师,负责数据分析和挖掘，为业务决策提供数据支持。要求熟悉SQL、Tableau、Excel等相关技术，具备良好的沟通能力和团队协作精神。,北京,少于50人,大专,9555,15213
全栈开发工程师,负责公司核心产品的开发与维护，参与技术方案设计。要求熟悉MongoDB、JavaScript、React等相关技术，具备良好的沟通能力和团队协作精神。,深圳,50-150人,大专,7607,13687
数据分析师,负责数据分析和挖掘，为业务决策提供数据支持。要求熟悉Excel、统计学、SQL等相关技术，具备良好的沟通能力和团队协作精神。,天津,150-500人,博士,18656,28794
运营专员,策划运营活动，提升品牌影响力和用户增长。要求熟悉数据分析、运营、用户增长等相关技术，具备良好的沟通能力和团队协作精神。,苏州,50-150人,博士,9969,16261
数据科学家,负责数据分析和挖掘，为业务决策提供数据支持。要求熟悉深度学习、机器学习、Python等相关技术，具备良好的沟通能力和团队协作精神。,西安,150-500人,大专,6635,10571
前端开发工程师,参与系统架构设计，优化系统性能，提升用户体验。要求熟悉Vue、JavaScript、CSS等相关技术，具备良好的沟通能力和团队协作精神。,杭州,少于50人,博士,14372,25633
数据分析师,构建机器学习模型，解决实际业务问题。要求熟悉Excel、SQL、Python等相关技术，具备良好的沟通能力和团队协作精神。,深圳,1000人以上,硕士,15181,27661
机器学习工程师,参与需求分析，提供技术解决方案，推动项目落地。要求熟悉Python、特征工程、模型调优等相关技术，具备良好的沟通能力和团队协作精神。,天津,150-500人,硕士,11573,18894
机器学习工程师,参与系统架构设计，优化系统性能，提升用户体验。要求熟悉模型调优、Python、特征工程等相关技术，具备良好的沟通能力和团队协作精神。,天津,1000人以上,硕士,11291,20077
算法工程师,负责后端服务开发，确保代码质量和系统稳定性。要求熟悉数据结构、机器学习、深度学习等相关技术，具备良好的沟通能力和团队协作精神。,西安,少于50人,本科,5411,9872
架构师,参与需求分析，提供技术解决方案，推动项目落地。要求熟悉性能优化、系统架构、微服务等相关技术，具备良好的沟通能力和团队协作精神。,成都,1000人以上,硕士,13523,22509
Python开发工程师,负责公司核心产品的开发与维护，参与技术方案设计。要求熟悉Django、FastAPI、Python等相关技术，具备良好的沟通能力和团队协作精神。,杭州,少于50人,本科,8142,14398
财务分析师,参与需求分析，提供技术解决方案，推动项目落地。要求熟悉预算编制、Excel、财务报表等相关技术，具备良好的沟通能力和团队协作精神。,上海,150-500人,本科,15723,23915
产品经理,协调研发、设计、运营团队，确保产品按时交付。要求熟悉产品设计、用户研究、需求分析等相关技术，具备良好的沟通能力和团队协作精神。,北京,50-150人,大专,7069,11811
项目经理,参与系统架构设计，优化系统性能，提升用户体验。要求熟悉进度控制、风险控制、项目管理等相关技术，具备良好的沟通能力和团队协作精神。,北京,500-1000人,本科,20635,34363
市场经理,分析市场趋势和竞争对手，制定市场策略。要求熟悉市场营销、活动策划、品牌建设等相关技术，具备良好的沟通能力和团队协作精神。,成都,150-500人,本科,9667,18307
Java后端开发,负责公司核心产品的开发与维护，参与技术方案设计。要求熟悉Redis、SpringBoot、MySQL等相关技术，具备良好的沟通能力和团队协作精神。,广州,少于50人,大专,7670,12457
测试工程师,参与需求分析，提供技术解决方案，推动项目落地。要求熟悉性能测试、缺陷管理、测试等相关技术，具备良好的沟通能力和团队协作精神。,苏州,500-1000人,硕士,11989,20409
销售代表,策划营销活动，提升产品知名度和市场份额。要求熟悉商务谈判、客户关系、销售等相关技术，具备良好的沟通能力和团队协作精神。,西安,1000人以上,硕士,10690,18876
算法工程师,参与系统架构设计，优化系统性能，提升用户体验。要求熟悉Python、机器学习、数据结构等相关技术，具备良好的沟通能力和团队协作精神。,杭州,500-1000人,大专,9079,15556
Python开发工程师,负责公司核心产品的开发与维护，参与技术方案设计。要求熟悉MySQL、Python、Redis等相关技术，具备良好的沟通能力和团队协作精神。,上海,少于50人,大专,5804,11374
机器学习工程师,负责公司核心产品的开发与维护，参与技术方案设计。要求熟悉模型调优、机器学习、特征工程等相关技术，具备良好的沟通能力和团队协作精神。,北京,500-1000人,本科,13285,22437
前端开发工程师,负责公司核心产品的开发与维护，参与技术方案设计。要求熟悉HTML、JavaScript、CSS等相关技术，具备良好的沟通能力和团队协作精神。,西安,50-150人,博士,10607,19581
销售代表,分析市场趋势和竞争对手，制定市场策略。要求熟悉销售、商务谈判、业绩目标等相关技术，具备良好的沟通能力和团队协作精神。,西安,少于50人,本科,5002,9463
市场经理,负责市场推广和品牌建设，拓展市场渠道。要求熟悉品牌建设、渠道拓展、市场营销等相关技术，具备良好的沟通能力和团队协作精神。,天津,少于50人,博士,14083,27008
财务分析师,负责公司核心产品的开发与维护，参与技术方案设计。要求熟悉财务报表、Excel、财务分析等相关技术，具备良好的沟通能力和团队协作精神。,西安,少于50人,本科,8613,13074
市场经理,策划营销活动，提升产品知名度和市场份额。要求熟悉渠道拓展、品牌建设、活动策划等相关技术，具备良好的沟通能力和团队协作精神。,上海,少于50人,硕士,17068,30646
机器学习工程师,参与系统架构设计，优化系统性能，提升用户体验。要求熟悉Python、模型调优、机器学习等相关技术，具备良好的沟通能力和团队协作精神。,武汉,50-150人,大专,6873,11008
数据科学家,构建机器学习模型，解决实际业务问题。要求熟悉TensorFlow、PyTorch、深度学习等相关技术，具备良好的沟通能力和团队协作精神。,成都,1000人以上,硕士,24795,41643
产品经理,负责产品规划和设计，推动产品迭代优化。要求熟悉数据分析、产品设计、需求分析等相关技术，具备良好的沟通能力和团队协作精神。,西安,少于50人,本科,7058,13749
机器学习工程师,参与系统架构设计，优化系统性能，提升用户体验。要求熟悉模型调优、机器学习、特征工程等相关技术，具备良好的沟通能力和团队协作精神。,重庆,50-150人,博士,10205,18960
人力资源专员,负责后端服务开发，确保代码质量和系统稳定性。要求熟悉招聘、绩效考核、员工关系等相关技术，具备良好的沟通能力和团队协作精神。,武汉,50-150人,大专,5000,7098
数据分析师,负责数据分析和挖掘，为业务决策提供数据支持。要求熟悉SQL、Python、Excel等相关技术，具备良好的沟通能力和团队协作精神。,天津,500-1000人,大专,8194,13150
财务分析师,负责后端服务开发，确保代码质量和系统稳定性。要求熟悉财务分析、财务报表、Excel等相关技术，具备良好的沟通能力和团队协作精神。,武汉,少于50人,硕士,9422,15434
Java后端开发,参与需求分析，提供技术解决方案，推动项目落地。要求熟悉Java、SpringBoot、Dubbo等相关技术，具备良好的沟通能力和团队协作精神。,西安,1000人以上,博士,15926,27262
Python开发工程师,负责公司核心产品的开发与维护，参与技术方案设计。要求熟悉Redis、MySQL、Flask等相关技术，具备良好的沟通能力和团队协作精神。,天津,150-500人,本科,8273,13905
项目经理,负责公司核心产品的开发与维护，参与技术方案设计。要求熟悉团队协调、项目管理、风险控制等相关技术，具备良好的沟通能力和团队协作精神。,北京,150-500人,本科,19774,32254
产品经理,分析用户需求和市场动态，制定产品发展策略。要求熟悉Axure、用户研究、需求分析等相关技术，具备良好的沟通能力和团队协作精神。,苏州,1000人以上,大专,13961,22439
技术支持工程师,负责公司核心产品的开发与维护，参与技术方案设计。要求熟悉问题排查、文档编写、客户沟通等相关技术，具备良好的沟通能力和团队协作精神。,南京,500-1000人,本科,8744,15432
全栈开发工程师,负责公司核心产品的开发与维护，参与技术方案设计。要求熟悉MySQL、MongoDB、JavaScript等相关技术，具备良好的沟通能力和团队协作精神。,武汉,500-1000人,硕士,8762,16541
数据分析师,负责数据分析和挖掘，为业务决策提供数据支持。要求熟悉Tableau、统计学、Python等相关技术，具备良好的沟通能力和团队协作精神。,广州,500-1000人,硕士,16077,26145
产品经理,协调研发、设计、运营团队，确保产品按时交付。要求熟悉用户研究、需求分析、产品设计等相关技术，具备良好的沟通能力和团队协作精神。,广州,50-150人,本科,14283,24315
运维工程师,负责公司核心产品的开发与维护，参与技术方案设计。要求熟悉监控、K8s、运维等相关技术，具备良好的沟通能力和团队协作精神。,重庆,1000人以上,硕士,9539,17526
前端开发工程师,参与需求分析，提供技术解决方案，推动项目落地。要求熟悉CSS、React、JavaScript等相关技术，具备良好的沟通能力和团队协作精神。,天津,150-500人,本科,6733,12365
机器学习工程师,参与系统架构设计，优化系统性能，提升用户体验。要求熟悉Python、模型调优、机器学习等相关技术，具备良好的沟通能力和团队协作精神。,西安,少于50人,博士,11558,19587
Java后端开发,负责公司核心产品的开发与维护，参与技术方案设计。要求熟悉Redis、Java、Spring等相关技术，具备良好的沟通能力和团队协作精神。,深圳,少于50人,硕士,12074,20914
销售代表,负责市场推广和品牌建设，拓展市场渠道。要求熟悉销售、业绩目标、客户关系等相关技术，具备良好的沟通能力和团队协作精神。,重庆,1000人以上,博士,15274,26333
Python开发工程师,负责公司核心产品的开发与维护，参与技术方案设计。要求熟悉Python、MySQL、FastAPI等相关技术，具备良好的沟通能力和团队协作精神。,天津,1000人以上,硕士,10831,19617
产品经理,负责产品规划和设计，推动产品迭代优化。要求熟悉产品设计、用户研究、需求分析等相关技术，具备良好的沟通能力和团队协作精神。,杭州,1000人以上,本科,17643,30891
运维工程师,负责后端服务开发，确保代码质量和系统稳定性。要求熟悉K8s、运维、Docker等相关技术，具备良好的沟通能力和团队协作精神。,南京,50-150人,博士,12493,22890
数据科学家,设计和维护数据报表，监控业务指标变化。要求熟悉Python、TensorFlow、机器学习等相关技术，具备良好的沟通能力和团队协作精神。,北京,少于50人,硕士,30490,47728
市场经理,负责市场推广和品牌建设，拓展市场渠道。要求熟悉活动策划、渠道拓展、市场营销等相关技术，具备良好的沟通能力和团队协作精神。,西安,少于50人,本科,10499,17190
运营专员,分析运营数据，优化运营策略和流程。要求熟悉运营、用户增长、活动策划等相关技术，具备良好的沟通能力和团队协作精神。,苏州,500-1000人,大专,5000,7000
项目经理,参与系统架构设计，优化系统性能，提升用户体验。要求熟悉风险控制、团队协调、进度控制等相关技术，具备良好的沟通能力和团队协作精神。,杭州,50-150人,博士,22667,41546
项目经理,负责后端服务开发，确保代码质量和系统稳定性。要求熟悉项目管理、团队协调、进度控制等相关技术，具备良好的沟通能力和团队协作精神。,重庆,500-1000人,大专,7396,14154
算法工程师,负责公司核心产品的开发与维护，参与技术方案设计。要求熟悉深度学习、机器学习、算法等相关技术，具备良好的沟通能力和团队协作精神。,天津,少于50人,硕士,7798,14021
销售代表,分析市场趋势和竞争对手，制定市场策略。要求熟悉客户关系、销售、业绩目标等相关技术，具备良好的沟通能力和团队协作精神。,武汉,少于50人,博士,11314,19637
运营专员,策划运营活动，提升品牌影响力和用户增长。要求熟悉用户增长、活动策划、运营等相关技术，具备良好的沟通能力和团队协作精神。,重庆,1000人以上,本科,5000,8486
UI设计师,负责后端服务开发，确保代码质量和系统稳定性。要求熟悉UI设计、用户体验、Sketch等相关技术，具备良好的沟通能力和团队协作精神。,苏州,500-1000人,本科,8190,13858
运营专员,分析运营数据，优化运营策略和流程。要求熟悉活动策划、数据分析、用户增长等相关技术，具备良好的沟通能力和团队协作精神。,苏州,500-1000人,博士,9466,16752
技术支持工程师,参与需求分析，提供技术解决方案，推动项目落地。要求熟悉客户沟通、技术支持、文档编写等相关技术，具备良好的沟通能力和团队协作精神。,武汉,少于50人,硕士,8499,14510
UI设计师,负责公司核心产品的开发与维护，参与技术方案设计。要求熟悉用户体验、Figma、UI设计等相关技术，具备良好的沟通能力和团队协作精神。,北京,50-150人,硕士,14904,23894
销售代表,策划营销活动，提升产品知名度和市场份额。要求熟悉客户关系、销售、商务谈判等相关技术，具备良好的沟通能力和团队协作精神。,苏州,50-150人,博士,12481,22550
产品经理,分析用户需求和市场动态，制定产品发展策略。要求熟悉产品设计、用户研究、数据分析等相关技术，具备良好的沟通能力和团队协作精神。,南京,500-1000人,本科,14126,24158
产品经理,分析用户需求和市场动态，制定产品发展策略。要求熟悉用户研究、产品设计、需求分析等相关技术，具备良好的沟通能力和团队协作精神。,武汉,500-1000人,本科,11421,20397
Python开发工程师,负责后端服务开发，确保代码质量和系统稳定性。要求熟悉Python、Django、Redis等相关技术，具备良好的沟通能力和团队协作精神。,苏州,少于50人,大专,5301,9305
项目经理,参与系统架构设计，优化系统性能，提升用户体验。要求熟悉进度控制、团队协调、风险控制等相关技术，具备良好的沟通能力和团队协作精神。,天津,50-150人,硕士,17619,28052
全栈开发工程师,参与需求分析，提供技术解决方案，推动项目落地。要求熟悉JavaScript、Node.js、MongoDB等相关技术，具备良好的沟通能力和团队协作精神。,广州,50-150人,博士,19578,31616
算法工程师,负责公司核心产品的开发与维护，参与技术方案设计。要求熟悉机器学习、Python、深度学习等相关技术，具备良好的沟通能力和团队协作精神。,北京,150-500人,硕士,12236,23052
Python开发工程师,负责后端服务开发，确保代码质量和系统稳定性。要求熟悉FastAPI、Django、Flask等相关技术，具备良好的沟通能力和团队协作精神。,深圳,150-500人,硕士,15917,26317
全栈开发工程师,负责后端服务开发，确保代码质量和系统稳定性。要求熟悉JavaScript、React、Node.js等相关技术，具备良好的沟通能力和团队协作精神。,苏州,少于50人,博士,13757,22766
运营专员,策划运营活动，提升品牌影响力和用户增长。要求熟悉运营、活动策划、数据分析等相关技术，具备良好的沟通能力和团队协作精神。,杭州,少于50人,博士,8940,15978
前端开发工程师,负责公司核心产品的开发与维护，参与技术方案设计。要求熟悉HTML、CSS、JavaScript等相关技术，具备良好的沟通能力和团队协作精神。,南京,50-150人,硕士,11477,18986
人力资源专员,负责公司核心产品的开发与维护，参与技术方案设计。要求熟悉绩效考核、招聘、培训等相关技术，具备良好的沟通能力和团队协作精神。,西安,1000人以上,本科,7114,11050
产品经理,负责产品规划和设计，推动产品迭代优化。要求熟悉Axure、需求分析、用户研究等相关技术，具备良好的沟通能力和团队协作精神。,武汉,1000人以上,大专,9122,16956
人力资源专员,参与系统架构设计，优化系统性能，提升用户体验。要求熟悉员工关系、绩效考核、培训等相关技术，具备良好的沟通能力和团队协作精神。,杭州,1000人以上,博士,13080,23016
运营专员,分析运营数据，优化运营策略和流程。要求熟悉运营、活动策划、数据分析等相关技术，具备良好的沟通能力和团队协作精神。,南京,500-1000人,硕士,9256,14690
项目经理,负责公司核心产品的开发与维护，参与技术方案设计。要求熟悉项目管理、团队协调、风险控制等相关技术，具备良好的沟通能力和团队协作精神。,杭州,150-500人,大专,12593,21425
技术支持工程师,参与需求分析，提供技术解决方案，推动项目落地。要求熟悉客户沟通、技术支持、问题排查等相关技术，具备良好的沟通能力和团队协作精神。,重庆,50-150人,大专,5752,9643
Java后端开发,参与需求分析，提供技术解决方案，推动项目落地。要求熟悉Java、MySQL、Dubbo等相关技术，具备良好的沟通能力和团队协作精神。,成都,少于50人,大专,5635,9552
算法工程师,参与系统架构设计，优化系统性能，提升用户体验。要求熟悉机器学习、Python、算法等相关技术，具备良好的沟通能力和团队协作精神。,苏州,1000人以上,博士,18419,31137
财务分析师,负责后端服务开发，确保代码质量和系统稳定性。要求熟悉Excel、预算编制、财务分析等相关技术，具备良好的沟通能力和团队协作精神。,天津,50-150人,大专,5981,10261
人力资源专员,负责公司核心产品的开发与维护，参与技术方案设计。要求熟悉绩效考核、招聘、培训等相关技术，具备良好的沟通能力和团队协作精神。,西安,少于50人,大专,5000,7000
运维工程师,负责公司核心产品的开发与维护，参与技术方案设计。要求熟悉Docker、K8s、Linux等相关技术，具备良好的沟通能力和团队协作精神。,苏州,150-500人,本科,9387,15275
产品经理,协调研发、设计、运营团队，确保产品按时交付。要求熟悉用户研究、数据分析、产品设计等相关技术，具备良好的沟通能力和团队协作精神。,天津,1000人以上,博士,24305,42553
市场经理,负责市场推广和品牌建设，拓展市场渠道。要求熟悉渠道拓展、品牌建设、活动策划等相关技术，具备良好的沟通能力和团队协作精神。,武汉,150-500人,本科,11153,19313
销售代表,分析市场趋势和竞争对手，制定市场策略。要求熟悉销售、商务谈判、客户关系等相关技术，具备良好的沟通能力和团队协作精神。,西安,500-1000人,硕士,8164,15669
运营专员,分析运营数据，优化运营策略和流程。要求熟悉运营、活动策划、用户增长等相关技术，具备良好的沟通能力和团队协作精神。,成都,50-150人,本科,5481,8901
算法工程师,参与需求分析，提供技术解决方案，推动项目落地。要求熟悉数据结构、深度学习、机器学习等相关技术，具备良好的沟通能力和团队协作精神。,成都,150-500人,博士,15368,25736
市场经理,负责市场推广和品牌建设，拓展市场渠道。要求熟悉活动策划、渠道拓展、品牌建设等相关技术，具备良好的沟通能力和团队协作精神。,天津,150-500人,大专,9213,15972
技术支持工程师,负责公司核心产品的开发与维护，参与技术方案设计。要求熟悉技术支持、客户沟通、问题排查等相关技术，具备良好的沟通能力和团队协作精神。,苏州,150-500人,本科,9337,15225
数据科学家,负责数据分析和挖掘，为业务决策提供数据支持。要求熟悉深度学习、机器学习、TensorFlow等相关技术，具备良好的沟通能力和团队协作精神。,深圳,少于50人,本科,19300,32050
财务分析师,参与需求分析，提供技术解决方案，推动项目落地。要求熟悉预算编制、财务报表、财务分析等相关技术，具备良好的沟通能力和团队协作精神。,西安,500-1000人,硕士,13590,21095
人力资源专员,参与系统架构设计，优化系统性能，提升用户体验。要求熟悉绩效考核、员工关系、招聘等相关技术，具备良好的沟通能力和团队协作精神。,北京,少于50人,大专,5000,8118
前端开发工程师,参与需求分析，提供技术解决方案，推动项目落地。要求熟悉JavaScript、CSS、HTML等相关技术，具备良好的沟通能力和团队协作精神。,成都,1000人以上,硕士,12315,21301
全栈开发工程师,参与需求分析，提供技术解决方案，推动项目落地。要求熟悉MySQL、React、JavaScript等相关技术，具备良好的沟通能力和团队协作精神。,西安,1000人以上,博士,15215,26551
前端开发工程师,参与需求分析，提供技术解决方案，推动项目落地。要求熟悉JavaScript、Vue、TypeScript等相关技术，具备良好的沟通能力和团队协作精神。,深圳,1000人以上,硕士,17687,30167
数据分析师,负责数据分析和挖掘，为业务决策提供数据支持。要求熟悉Tableau、SQL、统计学等相关技术，具备良好的沟通能力和团队协作精神。,天津,500-1000人,硕士,12939,20993
全栈开发工程师,负责后端服务开发，确保代码质量和系统稳定性。要求熟悉React、MySQL、MongoDB等相关技术，具备良好的沟通能力和团队协作精神。,深圳,少于50人,本科,9182,15982
算法工程师,负责公司核心产品的开发与维护，参与技术方案设计。要求熟悉机器学习、Python、深度学习等相关技术，具备良好的沟通能力和团队协作精神。,武汉,150-500人,博士,14980,24772
数据科学家,构建机器学习模型，解决实际业务问题。要求熟悉机器学习、Python、深度学习等相关技术，具备良好的沟通能力和团队协作精神。,成都,150-500人,本科,16117,26917
架构师,负责后端服务开发，确保代码质量和系统稳定性。要求熟悉性能优化、技术选型、系统架构等相关技术，具备良好的沟通能力和团队协作精神。,天津,50-150人,硕士,7468,14424
Java后端开发,负责后端服务开发，确保代码质量和系统稳定性。要求熟悉Dubbo、SpringBoot、Redis等相关技术，具备良好的沟通能力和团队协作精神。,重庆,500-1000人,硕士,12469,19790
UI设计师,负责公司核心产品的开发与维护，参与技术方案设计。要求熟悉UI设计、Figma、交互设计等相关技术，具备良好的沟通能力和团队协作精神。,成都,50-150人,本科,9283,14071
数据分析师,设计和维护数据报表，监控业务指标变化。要求熟悉统计学、Tableau、Python等相关技术，具备良好的沟通能力和团队协作精神。,天津,500-1000人,硕士,11314,19367
技术支持工程师,参与需求分析，提供技术解决方案，推动项目落地。要求熟悉文档编写、技术支持、客户沟通等相关技术，具备良好的沟通能力和团队协作精神。,天津,少于50人,博士,12962,21579
运营专员,负责日常运营工作，提升用户活跃度和留存率。要求熟悉运营、用户增长、活动策划等相关技术，具备良好的沟通能力和团队协作精神。,重庆,50-150人,博士,7657,13129
数据科学家,设计和维护数据报表，监控业务指标变化。要求熟悉Python、PyTorch、TensorFlow等相关技术，具备良好的沟通能力和团队协作精神。,上海,500-1000人,硕士,35983,57948
技术支持工程师,负责后端服务开发，确保代码质量和系统稳定性。要求熟悉客户沟通、文档编写、技术支持等相关技术，具备良好的沟通能力和团队协作精神。,武汉,50-150人,大专,5912,10047
Java后端开发,负责后端服务开发，确保代码质量和系统稳定性。要求熟悉Dubbo、Redis、Spring等相关技术，具备良好的沟通能力和团队协作精神。,武汉,1000人以上,本科,8689,15217
产品经理,负责产品规划和设计，推动产品迭代优化。要求熟悉Axure、产品设计、用户研究等相关技术，具备良好的沟通能力和团队协作精神。,苏州,50-150人,硕士,13394,24302
全栈开发工程师,参与需求分析，提供技术解决方案，推动项目落地。要求熟悉MySQL、Node.js、MongoDB等相关技术，具备良好的沟通能力和团队协作精神。,南京,少于50人,博士,11586,20888
前端开发工程师,负责后端服务开发，确保代码质量和系统稳定性。要求熟悉Vue、CSS、HTML等相关技术，具备良好的沟通能力和团队协作精神。,武汉,150-500人,本科,6545,11985
产品经理,分析用户需求和市场动态，制定产品发展策略。要求熟悉需求分析、Axure、用户研究等相关技术，具备良好的沟通能力和团队协作精神。,杭州,500-1000人,大专,11843,21558
前端开发工程师,参与需求分析，提供技术解决方案，推动项目落地。要求熟悉CSS、HTML、JavaScript等相关技术，具备良好的沟通能力和团队协作精神。,西安,1000人以上,本科,8579,14877
Python开发工程师,负责公司核心产品的开发与维护，参与技术方案设计。要求熟悉Django、MySQL、FastAPI等相关技术，具备良好的沟通能力和团队协作精神。,重庆,150-500人,本科,6352,11472
运维工程师,参与需求分析，提供技术解决方案，推动项目落地。要求熟悉监控、Linux、Docker等相关技术，具备良好的沟通能力和团队协作精神。,南京,150-500人,博士,41117,68477
技术支持工程师,参与需求分析，提供技术解决方案，推动项目落地。要求熟悉问题排查、文档编写、技术支持等相关技术，具备良好的沟通能力和团队协作精神。,北京,150-500人,硕士,44720,71760
产品经理,协调研发、设计、运营团队，确保产品按时交付。要求熟悉需求分析、产品设计、用户研究等相关技术，具备良好的沟通能力和团队协作精神。,西安,50-150人,硕士,12310,22032
技术支持工程师,参与系统架构设计，优化系统性能，提升用户体验。要求熟悉客户沟通、技术支持、文档编写等相关技术，具备良好的沟通能力和团队协作精神。,南京,500-1000人,硕士,12345,21039
架构师,参与系统架构设计，优化系统性能，提升用户体验。要求熟悉技术选型、系统架构、性能优化等相关技术，具备良好的沟通能力和团队协作精神。,重庆,50-150人,博士,12858,21613
数据分析师,负责数据分析和挖掘，为业务决策提供数据支持。要求熟悉Tableau、Excel、Python等相关技术，具备良好的沟通能力和团队协作精神。,上海,1000人以上,博士,31686,49381
机器学习工程师,参与系统架构设计，优化系统性能，提升用户体验。要求熟悉机器学习、Python、特征工程等相关技术，具备良好的沟通能力和团队协作精神。,深圳,1000人以上,大专,10669,18349
Java后端开发,参与系统架构设计，优化系统性能，提升用户体验。要求熟悉Spring、Java、Redis等相关技术，具备良好的沟通能力和团队协作精神。,上海,少于50人,本科,10544,17507
前端开发工程师,参与需求分析，提供技术解决方案，推动项目落地。要求熟悉TypeScript、CSS、JavaScript等相关技术，具备良好的沟通能力和团队协作精神。,天津,1000人以上,博士,17827,29992
Java后端开发,参与需求分析，提供技术解决方案，推动项目落地。要求熟悉Java、Dubbo、Redis等相关技术，具备良好的沟通能力和团队协作精神。,北京,1000人以上,博士,20539,38511
运营专员,负责日常运营工作，提升用户活跃度和留存率。要求熟悉数据分析、运营、用户增长等相关技术，具备良好的沟通能力和团队协作精神。,广州,150-500人,博士,13256,21176
架构师,负责公司核心产品的开发与维护，参与技术方案设计。要求熟悉系统架构、技术选型、性能优化等相关技术，具备良好的沟通能力和团队协作精神。,杭州,150-500人,本科,11344,18704
财务分析师,负责后端服务开发，确保代码质量和系统稳定性。要求熟悉Excel、预算编制、财务报表等相关技术，具备良好的沟通能力和团队协作精神。,南京,50-150人,本科,8782,14558
全栈开发工程师,负责公司核心产品的开发与维护，参与技术方案设计。要求熟悉MySQL、MongoDB、JavaScript等相关技术，具备良好的沟通能力和团队协作精神。,北京,少于50人,本科,9774,16846
Python开发工程师,参与需求分析，提供技术解决方案，推动项目落地。要求熟悉FastAPI、Python、Flask等相关技术，具备良好的沟通能力和团队协作精神。,成都,150-500人,硕士,11255,18743
Python开发工程师,参与需求分析，提供技术解决方案，推动项目落地。要求熟悉Redis、FastAPI、MySQL等相关技术，具备良好的沟通能力和团队协作精神。,天津,少于50人,博士,11510,20127
产品经理,分析用户需求和市场动态，制定产品发展策略。要求熟悉用户研究、Axure、需求分析等相关技术，具备良好的沟通能力和团队协作精神。,上海,少于50人,大专,13170,21526
前端开发工程师,负责后端服务开发，确保代码质量和系统稳定性。要求熟悉JavaScript、TypeScript、Vue等相关技术，具备良好的沟通能力和团队协作精神。,天津,少于50人,本科,8704,13491
全栈开发工程师,参与需求分析，提供技术解决方案，推动项目落地。要求熟悉JavaScript、MongoDB、React等相关技术，具备良好的沟通能力和团队协作精神。,武汉,1000人以上,硕士,10418,18904
架构师,参与系统架构设计，优化系统性能，提升用户体验。要求熟悉性能优化、微服务、系统架构等相关技术，具备良好的沟通能力和团队协作精神。,广州,500-1000人,博士,15556,29496
人力资源专员,参与系统架构设计，优化系统性能，提升用户体验。要求熟悉员工关系、绩效考核、培训等相关技术，具备良好的沟通能力和团队协作精神。,南京,1000人以上,博士,12810,21018
Python开发工程师,负责公司核心产品的开发与维护，参与技术方案设计。要求熟悉FastAPI、MySQL、Redis等相关技术，具备良好的沟通能力和团队协作精神。,南京,50-150人,博士,15702,26099
技术支持工程师,负责后端服务开发，确保代码质量和系统稳定性。要求熟悉文档编写、技术支持、问题排查等相关技术，具备良好的沟通能力和团队协作精神。,上海,150-500人,大专,8727,15281
UI设计师,参与需求分析，提供技术解决方案，推动项目落地。要求熟悉UI设计、Figma、交互设计等相关技术，具备良好的沟通能力和团队协作精神。,上海,1000人以上,博士,30257,45740
Python开发工程师,负责后端服务开发，确保代码质量和系统稳定性。要求熟悉FastAPI、MySQL、Django等相关技术，具备良好的沟通能力和团队协作精神。,上海,50-150人,博士,15745,29753
人力资源专员,负责公司核心产品的开发与维护，参与技术方案设计。要求熟悉绩效考核、招聘、员工关系等相关技术，具备良好的沟通能力和团队协作精神。,北京,150-500人,大专,17040,27440
UI设计师,负责公司核心产品的开发与维护，参与技术方案设计。要求熟悉用户体验、交互设计、Figma等相关技术，具备良好的沟通能力和团队协作精神。,成都,150-500人,硕士,9913,16465
运营专员,策划运营活动，提升品牌影响力和用户增长。要求熟悉数据分析、活动策划、运营等相关技术，具备良好的沟通能力和团队协作精神。,天津,少于50人,本科,5516,8508
前端开发工程师,负责后端服务开发，确保代码质量和系统稳定性。要求熟悉JavaScript、HTML、TypeScript等相关技术，具备良好的沟通能力和团队协作精神。,上海,1000人以上,本科,17189,27019
数据分析师,负责数据分析和挖掘，为业务决策提供数据支持。要求熟悉Excel、Tableau、统计学等相关技术，具备良好的沟通能力和团队协作精神。,武汉,150-500人,本科,3306,5482
运维工程师,负责公司核心产品的开发与维护，参与技术方案设计。要求熟悉Docker、监控、Linux等相关技术，具备良好的沟通能力和团队协作精神。,苏州,少于50人,博士,11458,20467
数据分析师,设计和维护数据报表，监控业务指标变化。要求熟悉Python、统计学、Excel等相关技术，具备良好的沟通能力和团队协作精神。,上海,1000人以上,硕士,23968,36747
Java后端开发,负责公司核心产品的开发与维护，参与技术方案设计。要求熟悉Redis、Spring、Dubbo等相关技术，具备良好的沟通能力和团队协作精神。,成都,500-1000人,本科,8252,14588
销售代表,分析市场趋势和竞争对手，制定市场策略。要求熟悉销售、业绩目标、客户关系等相关技术，具备良好的沟通能力和团队协作精神。,西安,少于50人,大专,5000,8445
算法工程师,负责后端服务开发，确保代码质量和系统稳定性。要求熟悉算法、机器学习、深度学习等相关技术，具备良好的沟通能力和团队协作精神。,天津,150-500人,博士,13987,24125
机器学习工程师,参与系统架构设计，优化系统性能，提升用户体验。要求熟悉机器学习、特征工程、模型调优等相关技术，具备良好的沟通能力和团队协作精神。,深圳,150-500人,博士,14616,29016
产品经理,协调研发、设计、运营团队，确保产品按时交付。要求熟悉数据分析、需求分析、产品设计等相关技术，具备良好的沟通能力和团队协作精神。,北京,少于50人,大专,11646,20133
产品经理,负责产品规划和设计，推动产品迭代优化。要求熟悉需求分析、用户研究、产品设计等相关技术，具备良好的沟通能力和团队协作精神。,天津,500-1000人,本科,11575,20868
人力资源专员,参与需求分析，提供技术解决方案，推动项目落地。要求熟悉招聘、员工关系、培训等相关技术，具备良好的沟通能力和团队协作精神。,南京,150-500人,大专,5000,7300
架构师,负责公司核心产品的开发与维护，参与技术方案设计。要求熟悉性能优化、系统架构、微服务等相关技术，具备良好的沟通能力和团队协作精神。,重庆,少于50人,大专,5729,9211
UI设计师,参与系统架构设计，优化系统性能，提升用户体验。要求熟悉用户体验、UI设计、Sketch等相关技术，具备良好的沟通能力和团队协作精神。,上海,少于50人,硕士,10879,18800
Java后端开发,参与需求分析，提供技术解决方案，推动项目落地。要求熟悉Java、Redis、Spring等相关技术，具备良好的沟通能力和团队协作精神。,天津,150-500人,本科,8602,14234
机器学习工程师,负责公司核心产品的开发与维护，参与技术方案设计。要求熟悉模型调优、特征工程、机器学习等相关技术，具备良好的沟通能力和团队协作精神。,北京,少于50人,博士,16837,29566
Python开发工程师,负责公司核心产品的开发与维护，参与技术方案设计。要求熟悉MySQL、Redis、Flask等相关技术，具备良好的沟通能力和团队协作精神。,北京,500-1000人,硕士,15735,27632
架构师,参与系统架构设计，优化系统性能，提升用户体验。要求熟悉技术选型、性能优化、微服务等相关技术，具备良好的沟通能力和团队协作精神。,天津,150-500人,硕士,11152,18473
财务分析师,参与需求分析，提供技术解决方案，推动项目落地。要求熟悉Excel、财务分析、预算编制等相关技术，具备良好的沟通能力和团队协作精神。,苏州,1000人以上,本科,12448,19514
产品经理,分析用户需求和市场动态，制定产品发展策略。要求熟悉产品设计、需求分析、用户研究等相关技术，具备良好的沟通能力和团队协作精神。,西安,少于50人,博士,44622,74732
机器学习工程师,参与系统架构设计，优化系统性能，提升用户体验。要求熟悉Python、模型调优、机器学习等相关技术，具备良好的沟通能力和团队协作精神。,杭州,1000人以上,大专,10997,18063
市场经理,分析市场趋势和竞争对手，制定市场策略。要求熟悉活动策划、市场营销、渠道拓展等相关技术，具备良好的沟通能力和团队协作精神。,北京,50-150人,硕士,20235,35647
前端开发工程师,负责后端服务开发，确保代码质量和系统稳定性。要求熟悉TypeScript、Vue、React等相关技术，具备良好的沟通能力和团队协作精神。,西安,150-500人,本科,6613,11861
市场经理,策划营销活动，提升产品知名度和市场份额。要求熟悉渠道拓展、活动策划、品牌建设等相关技术，具备良好的沟通能力和团队协作精神。,深圳,500-1000人,大专,12371,22931
Java后端开发,参与系统架构设计，优化系统性能，提升用户体验。要求熟悉Redis、Dubbo、Spring等相关技术，具备良好的沟通能力和团队协作精神。,天津,500-1000人,博士,13607,24758
产品经理,分析用户需求和市场动态，制定产品发展策略。要求熟悉Axure、需求分析、用户研究等相关技术，具备良好的沟通能力和团队协作精神。,杭州,1000人以上,本科,25541,38789
算法工程师,参与系统架构设计，优化系统性能，提升用户体验。要求熟悉深度学习、算法、数据结构等相关技术，具备良好的沟通能力和团队协作精神。,武汉,150-500人,博士,15749,25541
市场经理,策划营销活动，提升产品知名度和市场份额。要求熟悉市场营销、品牌建设、渠道拓展等相关技术，具备良好的沟通能力和团队协作精神。,北京,500-1000人,博士,27717,52427
UI设计师,负责公司核心产品的开发与维护，参与技术方案设计。要求熟悉Sketch、用户体验、UI设计等相关技术，具备良好的沟通能力和团队协作精神。,苏州,150-500人,硕士,9105,15802
机器学习工程师,负责公司核心产品的开发与维护，参与技术方案设计。要求熟悉特征工程、机器学习、Python等相关技术，具备良好的沟通能力和团队协作精神。,苏州,50-150人,大专,2622,4412
Java后端开发,负责公司核心产品的开发与维护，参与技术方案设计。要求熟悉Spring、Java、Redis等相关技术，具备良好的沟通能力和团队协作精神。,西安,150-500人,大专,6203,10402
全栈开发工程师,负责公司核心产品的开发与维护，参与技术方案设计。要求熟悉MongoDB、JavaScript、MySQL等相关技术，具备良好的沟通能力和团队协作精神。,西安,1000人以上,博士,16753,28088
市场经理,负责市场推广和品牌建设，拓展市场渠道。要求熟悉品牌建设、市场营销、渠道拓展等相关技术，具备良好的沟通能力和团队协作精神。,杭州,500-1000人,博士,29011,50870
人力资源专员,参与系统架构设计，优化系统性能，提升用户体验。要求熟悉绩效考核、培训、招聘等相关技术，具备良好的沟通能力和团队协作精神。,天津,1000人以上,硕士,8099,13590
数据科学家,负责数据分析和挖掘，为业务决策提供数据支持。要求熟悉TensorFlow、深度学习、PyTorch等相关技术，具备良好的沟通能力和团队协作精神。,北京,少于50人,本科,21900,35160
销售代表,策划营销活动，提升产品知名度和市场份额。要求熟悉销售、业绩目标、客户关系等相关技术，具备良好的沟通能力和团队协作精神。,北京,少于50人,本科,9837,16909
全栈开发工程师,负责后端服务开发，确保代码质量和系统稳定性。要求熟悉MongoDB、Node.js、React等相关技术，具备良好的沟通能力和团队协作精神。,成都,50-150人,本科,5246,10718
技术支持工程师,负责后端服务开发，确保代码质量和系统稳定性。要求熟悉技术支持、问题排查、文档编写等相关技术，具备良好的沟通能力和团队协作精神。,成都,少于50人,博士,11737,20550
UI设计师,参与需求分析，提供技术解决方案，推动项目落地。要求熟悉交互设计、UI设计、Figma等相关技术，具备良好的沟通能力和团队协作精神。,天津,50-150人,本科,2734,4607
项目经理,参与系统架构设计，优化系统性能，提升用户体验。要求熟悉项目管理、风险控制、团队协调等相关技术，具备良好的沟通能力和团队协作精神。,重庆,150-500人,大专,8649,14793
人力资源专员,负责后端服务开发，确保代码质量和系统稳定性。要求熟悉招聘、员工关系、绩效考核等相关技术，具备良好的沟通能力和团队协作精神。,杭州,1000人以上,本科,11575,17095
Python开发工程师,负责公司核心产品的开发与维护，参与技术方案设计。要求熟悉Django、FastAPI、Python等相关技术，具备良好的沟通能力和团队协作精神。,杭州,150-500人,本科,10627,17987
运维工程师,负责公司核心产品的开发与维护，参与技术方案设计。要求熟悉监控、Docker、K8s等相关技术，具备良好的沟通能力和团队协作精神。,苏州,150-500人,大专,6199,10910
技术支持工程师,参与系统架构设计，优化系统性能，提升用户体验。要求熟悉客户沟通、问题排查、技术支持等相关技术，具备良好的沟通能力和团队协作精神。,上海,50-150人,硕士,15659,25776
销售代表,负责市场推广和品牌建设，拓展市场渠道。要求熟悉销售、客户关系、商务谈判等相关技术，具备良好的沟通能力和团队协作精神。,重庆,1000人以上,硕士,11705,19692
前端开发工程师,参与需求分析，提供技术解决方案，推动项目落地。要求熟悉HTML、CSS、JavaScript等相关技术，具备良好的沟通能力和团队协作精神。,北京,少于50人,博士,18505,31235
Python开发工程师,负责公司核心产品的开发与维护，参与技术方案设计。要求熟悉Python、MySQL、FastAPI等相关技术，具备良好的沟通能力和团队协作精神。,武汉,1000人以上,博士,17493,29244
UI设计师,参与系统架构设计，优化系统性能，提升用户体验。要求熟悉用户体验、Sketch、交互设计等相关技术，具备良好的沟通能力和团队协作精神。,西安,150-500人,大专,7654,11327
数据分析师,设计和维护数据报表，监控业务指标变化。要求熟悉Python、统计学、Tableau等相关技术，具备良好的沟通能力和团队协作精神。,天津,50-150人,本科,7705,13055
销售代表,策划营销活动，提升产品知名度和市场份额。要求熟悉业绩目标、客户关系、商务谈判等相关技术，具备良好的沟通能力和团队协作精神。,广州,少于50人,大专,7007,11794
数据科学家,负责数据分析和挖掘，为业务决策提供数据支持。要求熟悉机器学习、深度学习、Python等相关技术，具备良好的沟通能力和团队协作精神。,成都,150-500人,大专,12012,20652
前端开发工程师,负责后端服务开发，确保代码质量和系统稳定性。要求熟悉Vue、React、TypeScript等相关技术，具备良好的沟通能力和团队协作精神。,西安,50-150人,博士,13274,22248
数据科学家,设计和维护数据报表，监控业务指标变化。要求熟悉深度学习、机器学习、PyTorch等相关技术，具备良好的沟通能力和团队协作精神。,杭州,少于50人,博士,29389,50503
Java后端开发,参与系统架构设计，优化系统性能，提升用户体验。要求熟悉Spring、SpringBoot、Redis等相关技术，具备良好的沟通能力和团队协作精神。,重庆,50-150人,本科,6307,11171
全栈开发工程师,负责公司核心产品的开发与维护，参与技术方案设计。要求熟悉MySQL、JavaScript、React等相关技术，具备良好的沟通能力和团队协作精神。,上海,少于50人,大专,7351,12921
算法工程师,负责后端服务开发，确保代码质量和系统稳定性。要求熟悉数据结构、算法、机器学习等相关技术，具备良好的沟通能力和团队协作精神。,北京,1000人以上,博士,27998,45969
全栈开发工程师,参与需求分析，提供技术解决方案，推动项目落地。要求熟悉React、MongoDB、Node.js等相关技术，具备良好的沟通能力和团队协作精神。,上海,500-1000人,博士,25095,41316
Python开发工程师,负责后端服务开发，确保代码质量和系统稳定性。要求熟悉MySQL、Redis、FastAPI等相关技术，具备良好的沟通能力和团队协作精神。,杭州,150-500人,博士,15121,28369
市场经理,负责市场推广和品牌建设，拓展市场渠道。要求熟悉活动策划、品牌建设、市场营销等相关技术，具备良好的沟通能力和团队协作精神。,苏州,50-150人,大专,9298,16010
人力资源专员,参与需求分析，提供技术解决方案，推动项目落地。要求熟悉培训、招聘、绩效考核等相关技术，具备良好的沟通能力和团队协作精神。,北京,50-150人,本科,6708,11648
UI设计师,负责公司核心产品的开发与维护，参与技术方案设计。要求熟悉Sketch、用户体验、Figma等相关技术，具备良好的沟通能力和团队协作精神。,成都,150-500人,本科,6920,11960
Python开发工程师,负责公司核心产品的开发与维护，参与技术方案设计。要求熟悉FastAPI、Python、MySQL等相关技术，具备良好的沟通能力和团队协作精神。,天津,1000人以上,本科,9017,15776
销售代表,负责市场推广和品牌建设，拓展市场渠道。要求熟悉客户关系、业绩目标、销售等相关技术，具备良好的沟通能力和团队协作精神。,深圳,50-150人,大专,8008,14088
全栈开发工程师,负责公司核心产品的开发与维护，参与技术方案设计。要求熟悉Node.js、JavaScript、MongoDB等相关技术，具备良好的沟通能力和团队协作精神。,重庆,1000人以上,本科,11243,17387
项目经理,负责公司核心产品的开发与维护，参与技术方案设计。要求熟悉风险控制、项目管理、团队协调等相关技术，具备良好的沟通能力和团队协作精神。,西安,少于50人,硕士,12666,21365
运维工程师,负责后端服务开发，确保代码质量和系统稳定性。要求熟悉监控、运维、Docker等相关技术，具备良好的沟通能力和团队协作精神。,武汉,50-150人,硕士,7502,14220
项目经理,参与需求分析，提供技术解决方案，推动项目落地。要求熟悉进度控制、团队协调、项目管理等相关技术，具备良好的沟通能力和团队协作精神。,成都,1000人以上,博士,23684,42346
人力资源专员,负责公司核心产品的开发与维护，参与技术方案设计。要求熟悉绩效考核、招聘、培训等相关技术，具备良好的沟通能力和团队协作精神。,南京,1000人以上,大专,6217,9865
架构师,负责公司核心产品的开发与维护，参与技术方案设计。要求熟悉微服务、性能优化、系统架构等相关技术，具备良好的沟通能力和团队协作精神。,天津,1000人以上,本科,11939,18697
运维工程师,负责后端服务开发，确保代码质量和系统稳定性。要求熟悉Docker、监控、运维等相关技术，具备良好的沟通能力和团队协作精神。,苏州,500-1000人,本科,6979,13456
全栈开发工程师,参与需求分析，提供技术解决方案，推动项目落地。要求熟悉React、JavaScript、MySQL等相关技术，具备良好的沟通能力和团队协作精神。,南京,50-150人,本科,5906,11682
数据科学家,设计和维护数据报表，监控业务指标变化。要求熟悉机器学习、PyTorch、Python等相关技术，具备良好的沟通能力和团队协作精神。,南京,50-150人,硕士,27779,41858
数据分析师,构建机器学习模型，解决实际业务问题。要求熟悉Python、Tableau、Excel等相关技术，具备良好的沟通能力和团队协作精神。,北京,150-500人,大专,11799,18455
机器学习工程师,负责公司核心产品的开发与维护，参与技术方案设计。要求熟悉模型调优、机器学习、Python等相关技术，具备良好的沟通能力和团队协作精神。,天津,50-150人,大专,5188,9468
Python开发工程师,参与系统架构设计，优化系统性能，提升用户体验。要求熟悉Python、Django、Redis等相关技术，具备良好的沟通能力和团队协作精神。,重庆,50-150人,大专,5740,9631
产品经理,负责产品规划和设计，推动产品迭代优化。要求熟悉需求分析、用户研究、数据分析等相关技术，具备良好的沟通能力和团队协作精神。,天津,50-150人,本科,7068,15094
销售代表,策划营销活动，提升产品知名度和市场份额。要求熟悉客户关系、销售、商务谈判等相关技术，具备良好的沟通能力和团队协作精神。,深圳,少于50人,本科,9354,16154
运维工程师,负责公司核心产品的开发与维护，参与技术方案设计。要求熟悉K8s、Docker、Linux等相关技术，具备良好的沟通能力和团队协作精神。,上海,500-1000人,硕士,16827,28542
机器学习工程师,参与系统架构设计，优化系统性能，提升用户体验。要求熟悉模型调优、机器学习、特征工程等相关技术，具备良好的沟通能力和团队协作精神。,北京,少于50人,硕士,14234,23428
销售代表,分析市场趋势和竞争对手，制定市场策略。要求熟悉客户关系、销售、商务谈判等相关技术，具备良好的沟通能力和团队协作精神。,武汉,1000人以上,大专,6187,11410
Python开发工程师,参与需求分析，提供技术解决方案，推动项目落地。要求熟悉Redis、Python、FastAPI等相关技术，具备良好的沟通能力和团队协作精神。,重庆,50-150人,大专,5412,9304
运营专员,负责日常运营工作，提升用户活跃度和留存率。要求熟悉活动策划、运营、数据分析等相关技术，具备良好的沟通能力和团队协作精神。,武汉,1000人以上,大专,5000,7555
产品经理,负责产品规划和设计，推动产品迭代优化。要求熟悉数据分析、用户研究、需求分析等相关技术，具备良好的沟通能力和团队协作精神。,广州,1000人以上,硕士,23440,39913
数据科学家,负责数据分析和挖掘，为业务决策提供数据支持。要求熟悉Python、TensorFlow、机器学习等相关技术，具备良好的沟通能力和团队协作精神。,深圳,1000人以上,大专,20113,34513
Python开发工程师,参与需求分析，提供技术解决方案，推动项目落地。要求熟悉MySQL、Flask、FastAPI等相关技术，具备良好的沟通能力和团队协作精神。,南京,少于50人,硕士,8723,15442
人力资源专员,参与系统架构设计，优化系统性能，提升用户体验。要求熟悉员工关系、招聘、绩效考核等相关技术，具备良好的沟通能力和团队协作精神。,西安,少于50人,博士,6528,11546
项目经理,负责后端服务开发，确保代码质量和系统稳定性。要求熟悉项目管理、进度控制、团队协调等相关技术，具备良好的沟通能力和团队协作精神。,南京,500-1000人,硕士,19524,32566
产品经理,协调研发、设计、运营团队，确保产品按时交付。要求熟悉用户研究、需求分析、Axure等相关技术，具备良好的沟通能力和团队协作精神。,杭州,少于50人,博士,25944,42835
运营专员,分析运营数据，优化运营策略和流程。要求熟悉用户增长、活动策划、运营等相关技术，具备良好的沟通能力和团队协作精神。,苏州,50-150人,本科,5079,8575
运营专员,负责日常运营工作，提升用户活跃度和留存率。要求熟悉用户增长、运营、数据分析等相关技术，具备良好的沟通能力和团队协作精神。,重庆,1000人以上,博士,10420,17332
数据科学家,负责数据分析和挖掘，为业务决策提供数据支持。要求熟悉Python、深度学习、PyTorch等相关技术，具备良好的沟通能力和团队协作精神。,武汉,50-150人,博士,22352,39794
产品经理,分析用户需求和市场动态，制定产品发展策略。要求熟悉Axure、数据分析、需求分析等相关技术，具备良好的沟通能力和团队协作精神。,广州,500-1000人,本科,15319,26935
数据分析师,设计和维护数据报表，监控业务指标变化。要求熟悉Tableau、SQL、Python等相关技术，具备良好的沟通能力和团队协作精神。,上海,1000人以上,大专,13184,21048
技术支持工程师,负责后端服务开发，确保代码质量和系统稳定性。要求熟悉技术支持、客户沟通、问题排查等相关技术，具备良好的沟通能力和团队协作精神。,武汉,50-150人,本科,9645,14813
产品经理,负责产品规划和设计，推动产品迭代优化。要求熟悉需求分析、Axure、数据分析等相关技术，具备良好的沟通能力和团队协作精神。,广州,50-150人,硕士,15213,28254
数据科学家,设计和维护数据报表，监控业务指标变化。要求熟悉机器学习、PyTorch、Python等相关技术，具备良好的沟通能力和团队协作精神。,成都,少于50人,硕士,22535,34469
产品经理,负责产品规划和设计，推动产品迭代优化。要求熟悉产品设计、Axure、用户研究等相关技术，具备良好的沟通能力和团队协作精神。,广州,少于50人,本科,14019,22995
运维工程师,负责后端服务开发，确保代码质量和系统稳定性。要求熟悉Docker、监控、Linux等相关技术，具备良好的沟通能力和团队协作精神。,西安,500-1000人,大专,6593,11211
人力资源专员,参与需求分析，提供技术解决方案，推动项目落地。要求熟悉绩效考核、培训、员工关系等相关技术，具备良好的沟通能力和团队协作精神。,天津,1000人以上,硕士,10168,15659
项目经理,参与系统架构设计，优化系统性能，提升用户体验。要求熟悉团队协调、项目管理、进度控制等相关技术，具备良好的沟通能力和团队协作精神。,天津,150-500人,硕士,15867,26849
销售代表,策划营销活动，提升产品知名度和市场份额。要求熟悉业绩目标、商务谈判、客户关系等相关技术，具备良好的沟通能力和团队协作精神。,苏州,500-1000人,硕士,12191,20611
前端开发工程师,参与系统架构设计，优化系统性能，提升用户体验。要求熟悉JavaScript、React、Vue等相关技术，具备良好的沟通能力和团队协作精神。,武汉,50-150人,硕士,9170,15889
运营专员,分析运营数据，优化运营策略和流程。要求熟悉数据分析、用户增长、活动策划等相关技术，具备良好的沟通能力和团队协作精神。,成都,少于50人,大专,2000,2800
运维工程师,参与需求分析，提供技术解决方案，推动项目落地。要求熟悉监控、Linux、K8s等相关技术，具备良好的沟通能力和团队协作精神。,上海,150-500人,本科,12948,21140
销售代表,策划营销活动，提升产品知名度和市场份额。要求熟悉业绩目标、销售、商务谈判等相关技术，具备良好的沟通能力和团队协作精神。,苏州,500-1000人,博士,14662,26320
算法工程师,参与系统架构设计，优化系统性能，提升用户体验。要求熟悉数据结构、Python、机器学习等相关技术，具备良好的沟通能力和团队协作精神。,北京,500-1000人,硕士,13416,25313
项目经理,参与需求分析，提供技术解决方案，推动项目落地。要求熟悉项目管理、进度控制、风险控制等相关技术，具备良好的沟通能力和团队协作精神。,上海,150-500人,本科,16428,28716
产品经理,负责产品规划和设计，推动产品迭代优化。要求熟悉需求分析、用户研究、产品设计等相关技术，具备良好的沟通能力和团队协作精神。,重庆,1000人以上,本科,11289,20505
运营专员,分析运营数据，优化运营策略和流程。要求熟悉运营、活动策划、数据分析等相关技术，具备良好的沟通能力和团队协作精神。,成都,150-500人,本科,2677,4477
算法工程师,负责公司核心产品的开发与维护，参与技术方案设计。要求熟悉算法、深度学习、Python等相关技术，具备良好的沟通能力和团队协作精神。,重庆,500-1000人,本科,9050,14682
全栈开发工程师,参与系统架构设计，优化系统性能，提升用户体验。要求熟悉React、JavaScript、MySQL等相关技术，具备良好的沟通能力和团队协作精神。,西安,1000人以上,硕士,10554,18741
销售代表,负责市场推广和品牌建设，拓展市场渠道。要求熟悉商务谈判、客户关系、销售等相关技术，具备良好的沟通能力和团队协作精神。,天津,1000人以上,博士,16629,28794
机器学习工程师,参与需求分析，提供技术解决方案，推动项目落地。要求熟悉模型调优、机器学习、特征工程等相关技术，具备良好的沟通能力和团队协作精神。,成都,150-500人,本科,7982,13742
测试工程师,参与系统架构设计，优化系统性能，提升用户体验。要求熟悉自动化测试、性能测试、测试等相关技术，具备良好的沟通能力和团队协作精神。,北京,少于50人,博士,19528,32257
运维工程师,参与系统架构设计，优化系统性能，提升用户体验。要求熟悉K8s、监控、Linux等相关技术，具备良好的沟通能力和团队协作精神。,武汉,150-500人,本科,5188,10628
数据分析师,设计和维护数据报表，监控业务指标变化。要求熟悉Python、Tableau、SQL等相关技术，具备良好的沟通能力和团队协作精神。,苏州,500-1000人,博士,18126,29784
机器学习工程师,负责后端服务开发，确保代码质量和系统稳定性。要求熟悉Python、特征工程、模型调优等相关技术，具备良好的沟通能力和团队协作精神。,西安,少于50人,大专,5048,8616
销售代表,负责市场推广和品牌建设，拓展市场渠道。要求熟悉商务谈判、客户关系、销售等相关技术，具备良好的沟通能力和团队协作精神。,深圳,500-1000人,大专,11264,18304
Java后端开发,参与系统架构设计，优化系统性能，提升用户体验。要求熟悉Dubbo、Spring、Java等相关技术，具备良好的沟通能力和团队协作精神。,北京,50-150人,博士,18250,32477
运营专员,分析运营数据，优化运营策略和流程。要求熟悉活动策划、运营、用户增长等相关技术，具备良好的沟通能力和团队协作精神。,深圳,150-500人,博士,10122,19122
Python开发工程师,负责公司核心产品的开发与维护，参与技术方案设计。要求熟悉Django、FastAPI、Python等相关技术，具备良好的沟通能力和团队协作精神。,苏州,150-500人,本科,8780,14668
测试工程师,负责公司核心产品的开发与维护，参与技术方案设计。要求熟悉自动化测试、缺陷管理、性能测试等相关技术，具备良好的沟通能力和团队协作精神。,深圳,少于50人,本科,8539,15339
销售代表,负责市场推广和品牌建设，拓展市场渠道。要求熟悉销售、商务谈判、业绩目标等相关技术，具备良好的沟通能力和团队协作精神。,天津,50-150人,博士,11093,20724
项目经理,负责后端服务开发，确保代码质量和系统稳定性。要求熟悉进度控制、团队协调、风险控制等相关技术，具备良好的沟通能力和团队协作精神。,天津,500-1000人,本科,11689,20982
技术支持工程师,参与系统架构设计，优化系统性能，提升用户体验。要求熟悉问题排查、技术支持、文档编写等相关技术，具备良好的沟通能力和团队协作精神。,成都,50-150人,本科,7334,12806
算法工程师,参与系统架构设计，优化系统性能，提升用户体验。要求熟悉算法、Python、数据结构等相关技术，具备良好的沟通能力和团队协作精神。,天津,1000人以上,本科,8526,15284
测试工程师,参与系统架构设计，优化系统性能，提升用户体验。要求熟悉自动化测试、测试、缺陷管理等相关技术，具备良好的沟通能力和团队协作精神。,天津,50-150人,硕士,6687,13642
财务分析师,负责公司核心产品的开发与维护，参与技术方案设计。要求熟悉财务报表、预算编制、财务分析等相关技术，具备良好的沟通能力和团队协作精神。,上海,1000人以上,硕士,24073,36852
Java后端开发,参与系统架构设计，优化系统性能，提升用户体验。要求熟悉MySQL、Redis、Dubbo等相关技术，具备良好的沟通能力和团队协作精神。,南京,500-1000人,大专,8635,13986
全栈开发工程师,参与需求分析，提供技术解决方案，推动项目落地。要求熟悉JavaScript、MongoDB、MySQL等相关技术，具备良好的沟通能力和团队协作精神。,南京,50-150人,本科,8647,14423
测试工程师,负责公司核心产品的开发与维护，参与技术方案设计。要求熟悉性能测试、缺陷管理、测试等相关技术，具备良好的沟通能力和团队协作精神。,上海,50-150人,博士,16273,30281
架构师,负责公司核心产品的开发与维护，参与技术方案设计。要求熟悉微服务、性能优化、技术选型等相关技术，具备良好的沟通能力和团队协作精神。,重庆,1000人以上,本科,8215,14359
产品经理,协调研发、设计、运营团队，确保产品按时交付。要求熟悉需求分析、Axure、数据分析等相关技术，具备良好的沟通能力和团队协作精神。,南京,150-500人,博士,22551,38967
产品经理,负责产品规划和设计，推动产品迭代优化。要求熟悉需求分析、数据分析、产品设计等相关技术，具备良好的沟通能力和团队协作精神。,深圳,50-150人,本科,16954,28354
运维工程师,负责后端服务开发，确保代码质量和系统稳定性。要求熟悉Linux、Docker、K8s等相关技术，具备良好的沟通能力和团队协作精神。,北京,少于50人,硕士,13793,22986
项目经理,负责后端服务开发，确保代码质量和系统稳定性。要求熟悉风险控制、项目管理、进度控制等相关技术，具备良好的沟通能力和团队协作精神。,深圳,50-150人,本科,14105,25505
数据科学家,构建机器学习模型，解决实际业务问题。要求熟悉Python、TensorFlow、PyTorch等相关技术，具备良好的沟通能力和团队协作精神。,苏州,150-500人,本科,17668,28708
测试工程师,负责公司核心产品的开发与维护，参与技术方案设计。要求熟悉性能测试、自动化测试、缺陷管理等相关技术，具备良好的沟通能力和团队协作精神。,广州,少于50人,大专,6992,11780
产品经理,协调研发、设计、运营团队，确保产品按时交付。要求熟悉Axure、需求分析、数据分析等相关技术，具备良好的沟通能力和团队协作精神。,上海,50-150人,大专,15390,24729
运营专员,负责日常运营工作，提升用户活跃度和留存率。要求熟悉运营、数据分析、用户增长等相关技术，具备良好的沟通能力和团队协作精神。,上海,1000人以上,硕士,13106,21093
算法工程师,负责公司核心产品的开发与维护，参与技术方案设计。要求熟悉深度学习、Python、机器学习等相关技术，具备良好的沟通能力和团队协作精神。,武汉,50-150人,博士,14167,23469
人力资源专员,负责后端服务开发，确保代码质量和系统稳定性。要求熟悉员工关系、招聘、培训等相关技术，具备良好的沟通能力和团队协作精神。,广州,1000人以上,博士,14415,23919
产品经理,协调研发、设计、运营团队，确保产品按时交付。要求熟悉Axure、产品设计、用户研究等相关技术，具备良好的沟通能力和团队协作精神。,西安,少于50人,硕士,14260,22959
前端开发工程师,负责后端服务开发，确保代码质量和系统稳定性。要求熟悉JavaScript、CSS、Vue等相关技术，具备良好的沟通能力和团队协作精神。,成都,少于50人,博士,12794,21607
市场经理,分析市场趋势和竞争对手，制定市场策略。要求熟悉市场营销、渠道拓展、品牌建设等相关技术，具备良好的沟通能力和团队协作精神。,武汉,150-500人,大专,7922,14450
项目经理,参与需求分析，提供技术解决方案，推动项目落地。要求熟悉风险控制、进度控制、项目管理等相关技术，具备良好的沟通能力和团队协作精神。,广州,1000人以上,硕士,26985,43459
Java后端开发,负责公司核心产品的开发与维护，参与技术方案设计。要求熟悉SpringBoot、Spring、MySQL等相关技术，具备良好的沟通能力和团队协作精神。,西安,少于50人,本科,6717,11178
数据科学家,设计和维护数据报表，监控业务指标变化。要求熟悉TensorFlow、Python、PyTorch等相关技术，具备良好的沟通能力和团队协作精神。,重庆,少于50人,大专,9733,16261
前端开发工程师,参与系统架构设计，优化系统性能，提升用户体验。要求熟悉HTML、React、TypeScript等相关技术，具备良好的沟通能力和团队协作精神。,深圳,150-500人,大专,8224,14624
技术支持工程师,参与需求分析，提供技术解决方案，推动项目落地。要求熟悉技术支持、客户沟通、问题排查等相关技术，具备良好的沟通能力和团队协作精神。,武汉,500-1000人,博士,15409,26180
机器学习工程师,参与需求分析，提供技术解决方案，推动项目落地。要求熟悉模型调优、Python、特征工程等相关技术，具备良好的沟通能力和团队协作精神。,上海,50-150人,博士,20478,34486
技术支持工程师,参与需求分析，提供技术解决方案，推动项目落地。要求熟悉技术支持、问题排查、客户沟通等相关技术，具备良好的沟通能力和团队协作精神。,深圳,50-150人,博士,19316,32996
项目经理,参与需求分析，提供技术解决方案，推动项目落地。要求熟悉团队协调、项目管理、风险控制等相关技术，具备良好的沟通能力和团队协作精神。,南京,1000人以上,博士,28236,47935
项目经理,负责公司核心产品的开发与维护，参与技术方案设计。要求熟悉项目管理、团队协调、进度控制等相关技术，具备良好的沟通能力和团队协作精神。,天津,150-500人,本科,14308,22756
市场经理,分析市场趋势和竞争对手，制定市场策略。要求熟悉渠道拓展、市场营销、活动策划等相关技术，具备良好的沟通能力和团队协作精神。,杭州,50-150人,大专,13222,21612
全栈开发工程师,负责公司核心产品的开发与维护，参与技术方案设计。要求熟悉MongoDB、JavaScript、React等相关技术，具备良好的沟通能力和团队协作精神。,深圳,少于50人,本科,9593,16393
Python开发工程师,负责后端服务开发，确保代码质量和系统稳定性。要求熟悉Flask、MySQL、FastAPI等相关技术，具备良好的沟通能力和团队协作精神。,成都,500-1000人,博士,17694,29099
运营专员,负责日常运营工作，提升用户活跃度和留存率。要求熟悉活动策划、用户增长、数据分析等相关技术，具备良好的沟通能力和团队协作精神。,西安,少于50人,大专,5000,7000
人力资源专员,参与需求分析，提供技术解决方案，推动项目落地。要求熟悉员工关系、培训、绩效考核等相关技术，具备良好的沟通能力和团队协作精神。,杭州,150-500人,博士,13078,21358
项目经理,参与需求分析，提供技术解决方案，推动项目落地。要求熟悉进度控制、风险控制、团队协调等相关技术，具备良好的沟通能力和团队协作精神。,西安,150-500人,大专,10795,17093
财务分析师,负责后端服务开发，确保代码质量和系统稳定性。要求熟悉财务分析、财务报表、预算编制等相关技术，具备良好的沟通能力和团队协作精神。,天津,少于50人,硕士,10205,16428
算法工程师,参与需求分析，提供技术解决方案，推动项目落地。要求熟悉数据结构、算法、Python等相关技术，具备良好的沟通能力和团队协作精神。,成都,150-500人,本科,7004,12764
人力资源专员,参与系统架构设计，优化系统性能，提升用户体验。要求熟悉员工关系、培训、招聘等相关技术，具备良好的沟通能力和团队协作精神。,杭州,1000人以上,博士,13608,23544
全栈开发工程师,参与系统架构设计，优化系统性能，提升用户体验。要求熟悉MongoDB、MySQL、JavaScript等相关技术，具备良好的沟通能力和团队协作精神。,重庆,1000人以上,硕士,9350,17337
市场经理,分析市场趋势和竞争对手，制定市场策略。要求熟悉活动策划、渠道拓展、市场营销等相关技术，具备良好的沟通能力和团队协作精神。,广州,少于50人,硕士,14327,25996
数据科学家,负责数据分析和挖掘，为业务决策提供数据支持。要求熟悉PyTorch、机器学习、TensorFlow等相关技术，具备良好的沟通能力和团队协作精神。,成都,150-500人,大专,13013,21653
财务分析师,负责后端服务开发，确保代码质量和系统稳定性。要求熟悉预算编制、财务分析、财务报表等相关技术，具备良好的沟通能力和团队协作精神。,重庆,50-150人,博士,12082,20837
技术支持工程师,参与需求分析，提供技术解决方案，推动项目落地。要求熟悉客户沟通、问题排查、文档编写等相关技术，具备良好的沟通能力和团队协作精神。,杭州,1000人以上,硕士,15820,27302
财务分析师,负责后端服务开发，确保代码质量和系统稳定性。要求熟悉Excel、财务报表、财务分析等相关技术，具备良好的沟通能力和团队协作精神。,广州,150-500人,硕士,17250,26402
运营专员,策划运营活动，提升品牌影响力和用户增长。要求熟悉运营、活动策划、用户增长等相关技术，具备良好的沟通能力和团队协作精神。,天津,150-500人,大专,5000,7000
技术支持工程师,参与需求分析，提供技术解决方案，推动项目落地。要求熟悉客户沟通、技术支持、问题排查等相关技术，具备良好的沟通能力和团队协作精神。,广州,150-500人,硕士,15191,24343
财务分析师,参与系统架构设计，优化系统性能，提升用户体验。要求熟悉预算编制、财务分析、财务报表等相关技术，具备良好的沟通能力和团队协作精神。,杭州,少于50人,本科,11256,17512
运维工程师,参与系统架构设计，优化系统性能，提升用户体验。要求熟悉监控、Docker、运维等相关技术，具备良好的沟通能力和团队协作精神。,武汉,50-150人,博士,14588,23890
算法工程师,参与需求分析，提供技术解决方案，推动项目落地。要求熟悉数据结构、算法、Python等相关技术，具备良好的沟通能力和团队协作精神。,深圳,少于50人,大专,6809,12249
数据科学家,构建机器学习模型，解决实际业务问题。要求熟悉深度学习、PyTorch、TensorFlow等相关技术，具备良好的沟通能力和团队协作精神。,上海,500-1000人,大专,23807,37324
销售代表,策划营销活动，提升产品知名度和市场份额。要求熟悉商务谈判、客户关系、销售等相关技术，具备良好的沟通能力和团队协作精神。,广州,150-500人,博士,14829,27501
数据分析师,负责数据分析和挖掘，为业务决策提供数据支持。要求熟悉Python、统计学、Tableau等相关技术，具备良好的沟通能力和团队协作精神。,北京,50-150人,大专,11901,18224
财务分析师,参与系统架构设计，优化系统性能，提升用户体验。要求熟悉预算编制、Excel、财务分析等相关技术，具备良好的沟通能力和团队协作精神。,杭州,500-1000人,大专,11173,17649
Python开发工程师,参与系统架构设计，优化系统性能，提升用户体验。要求熟悉Python、Django、FastAPI等相关技术，具备良好的沟通能力和团队协作精神。,深圳,150-500人,大专,9463,15863
市场经理,负责市场推广和品牌建设，拓展市场渠道。要求熟悉渠道拓展、活动策划、品牌建设等相关技术，具备良好的沟通能力和团队协作精神。,武汉,150-500人,博士,16958,31646
测试工程师,负责公司核心产品的开发与维护，参与技术方案设计。要求熟悉自动化测试、测试、缺陷管理等相关技术，具备良好的沟通能力和团队协作精神。,北京,1000人以上,博士,21694,39665
销售代表,策划营销活动，提升产品知名度和市场份额。要求熟悉商务谈判、客户关系、业绩目标等相关技术，具备良好的沟通能力和团队协作精神。,南京,150-500人,本科,9040,15120
算法工程师,负责后端服务开发，确保代码质量和系统稳定性。要求熟悉算法、数据结构、机器学习等相关技术，具备良好的沟通能力和团队协作精神。,上海,少于50人,本科,8336,15299
数据科学家,设计和维护数据报表，监控业务指标变化。要求熟悉机器学习、Python、TensorFlow等相关技术，具备良好的沟通能力和团队协作精神。,广州,500-1000人,本科,24391,38911
机器学习工程师,参与系统架构设计，优化系统性能，提升用户体验。要求熟悉特征工程、机器学习、Python等相关技术，具备良好的沟通能力和团队协作精神。,杭州,500-1000人,硕士,11773,22298
全栈开发工程师,参与需求分析，提供技术解决方案，推动项目落地。要求熟悉MongoDB、MySQL、Node.js等相关技术，具备良好的沟通能力和团队协作精神。,北京,150-500人,本科,12763,21083
人力资源专员,负责后端服务开发，确保代码质量和系统稳定性。要求熟悉培训、绩效考核、员工关系等相关技术，具备良好的沟通能力和团队协作精神。,南京,少于50人,大专,5000,7000
人力资源专员,负责公司核心产品的开发与维护，参与技术方案设计。要求熟悉员工关系、培训、绩效考核等相关技术，具备良好的沟通能力和团队协作精神。,苏州,少于50人,本科,5037,8165
前端开发工程师,负责公司核心产品的开发与维护，参与技术方案设计。要求熟悉Vue、React、CSS等相关技术，具备良好的沟通能力和团队协作精神。,西安,150-500人,本科,7831,13079
Java后端开发,负责公司核心产品的开发与维护，参与技术方案设计。要求熟悉Spring、Dubbo、SpringBoot等相关技术，具备良好的沟通能力和团队协作精神。,深圳,50-150人,硕士,12294,22174
财务分析师,参与需求分析，提供技术解决方案，推动项目落地。要求熟悉Excel、财务报表、财务分析等相关技术，具备良好的沟通能力和团队协作精神。,武汉,150-500人,本科,9872,15312
机器学习工程师,参与系统架构设计，优化系统性能，提升用户体验。要求熟悉Python、模型调优、特征工程等相关技术，具备良好的沟通能力和团队协作精神。,广州,50-150人,本科,9522,16210
数据分析师,负责数据分析和挖掘，为业务决策提供数据支持。要求熟悉Excel、SQL、Tableau等相关技术，具备良好的沟通能力和团队协作精神。,成都,500-1000人,大专,7956,13024
Python开发工程师,参与需求分析，提供技术解决方案，推动项目落地。要求熟悉FastAPI、Redis、Python等相关技术，具备良好的沟通能力和团队协作精神。,广州,50-150人,硕士,10310,19005
全栈开发工程师,负责后端服务开发，确保代码质量和系统稳定性。要求熟悉JavaScript、MySQL、React等相关技术，具备良好的沟通能力和团队协作精神。,重庆,500-1000人,博士,10208,20346
数据分析师,构建机器学习模型，解决实际业务问题。要求熟悉Excel、SQL、Tableau等相关技术，具备良好的沟通能力和团队协作精神。,西安,1000人以上,硕士,14441,22628
产品经理,负责产品规划和设计，推动产品迭代优化。要求熟悉产品设计、需求分析、数据分析等相关技术，具备良好的沟通能力和团队协作精神。,重庆,150-500人,本科,8306,15986
项目经理,参与系统架构设计，优化系统性能，提升用户体验。要求熟悉进度控制、项目管理、团队协调等相关技术，具备良好的沟通能力和团队协作精神。,南京,150-500人,博士,22865,39281
产品经理,负责产品规划和设计，推动产品迭代优化。要求熟悉数据分析、Axure、需求分析等相关技术，具备良好的沟通能力和团队协作精神。,天津,50-150人,大专,8511,14931
前端开发工程师,参与需求分析，提供技术解决方案，推动项目落地。要求熟悉CSS、React、HTML等相关技术，具备良好的沟通能力和团队协作精神。,苏州,少于50人,大专,6015,10018
数据分析师,负责数据分析和挖掘，为业务决策提供数据支持。要求熟悉Tableau、统计学、Excel等相关技术，具备良好的沟通能力和团队协作精神。,杭州,少于50人,硕士,13186,21319
架构师,参与需求分析，提供技术解决方案，推动项目落地。要求熟悉性能优化、技术选型、微服务等相关技术，具备良好的沟通能力和团队协作精神。,西安,少于50人,博士,10544,18573
全栈开发工程师,负责后端服务开发，确保代码质量和系统稳定性。要求熟悉JavaScript、MySQL、React等相关技术，具备良好的沟通能力和团队协作精神。,苏州,1000人以上,本科,10684,17750
架构师,参与系统架构设计，优化系统性能，提升用户体验。要求熟悉微服务、性能优化、系统架构等相关技术，具备良好的沟通能力和团队协作精神。,广州,1000人以上,博士,21864,37070
市场经理,负责市场推广和品牌建设，拓展市场渠道。要求熟悉渠道拓展、活动策划、市场营销等相关技术，具备良好的沟通能力和团队协作精神。,南京,少于50人,本科,11118,18870
项目经理,参与需求分析，提供技术解决方案，推动项目落地。要求熟悉团队协调、风险控制、进度控制等相关技术，具备良好的沟通能力和团队协作精神。,天津,150-500人,博士,22246,37453
运维工程师,参与需求分析，提供技术解决方案，推动项目落地。要求熟悉Linux、监控、K8s等相关技术，具备良好的沟通能力和团队协作精神。,天津,50-150人,本科,5816,11166
项目经理,参与系统架构设计，优化系统性能，提升用户体验。要求熟悉项目管理、风险控制、团队协调等相关技术，具备良好的沟通能力和团队协作精神。,上海,50-150人,大专,14166,23505
全栈开发工程师,参与系统架构设计，优化系统性能，提升用户体验。要求熟悉Node.js、MySQL、MongoDB等相关技术，具备良好的沟通能力和团队协作精神。,南京,500-1000人,大专,7971,13321
技术支持工程师,负责公司核心产品的开发与维护，参与技术方案设计。要求熟悉文档编写、问题排查、技术支持等相关技术，具备良好的沟通能力和团队协作精神。,北京,少于50人,博士,15076,27806
算法工程师,负责公司核心产品的开发与维护，参与技术方案设计。要求熟悉深度学习、Python、机器学习等相关技术，具备良好的沟通能力和团队协作精神。,苏州,50-150人,硕士,9665,16937
销售代表,分析市场趋势和竞争对手，制定市场策略。要求熟悉销售、客户关系、业绩目标等相关技术，具备良好的沟通能力和团队协作精神。,深圳,1000人以上,硕士,17068,29548
数据科学家,构建机器学习模型，解决实际业务问题。要求熟悉深度学习、机器学习、Python等相关技术，具备良好的沟通能力和团队协作精神。,深圳,50-150人,博士,39893,65543
架构师,负责公司核心产品的开发与维护，参与技术方案设计。要求熟悉性能优化、技术选型、系统架构等相关技术，具备良好的沟通能力和团队协作精神。,西安,50-150人,本科,7167,12152
数据分析师,构建机器学习模型，解决实际业务问题。要求熟悉Python、统计学、Tableau等相关技术，具备良好的沟通能力和团队协作精神。,上海,500-1000人,本科,18027,27039
人力资源专员,参与系统架构设计，优化系统性能，提升用户体验。要求熟悉培训、员工关系、绩效考核等相关技术，具备良好的沟通能力和团队协作精神。,广州,50-150人,大专,5739,9083
运营专员,分析运营数据，优化运营策略和流程。要求熟悉用户增长、数据分析、活动策划等相关技术，具备良好的沟通能力和团队协作精神。,西安,少于50人,硕士,5000,8109
Python开发工程师,参与系统架构设计，优化系统性能，提升用户体验。要求熟悉Python、Flask、FastAPI等相关技术，具备良好的沟通能力和团队协作精神。,杭州,500-1000人,大专,9661,16137
运维工程师,负责后端服务开发，确保代码质量和系统稳定性。要求熟悉Linux、K8s、监控等相关技术，具备良好的沟通能力和团队协作精神。,重庆,150-500人,大专,6652,10748
产品经理,协调研发、设计、运营团队，确保产品按时交付。要求熟悉需求分析、数据分析、Axure等相关技术，具备良好的沟通能力和团队协作精神。,苏州,50-150人,博士,21861,36964
市场经理,负责市场推广和品牌建设，拓展市场渠道。要求熟悉活动策划、品牌建设、渠道拓展等相关技术，具备良好的沟通能力和团队协作精神。,武汉,50-150人,硕士,15918,25995
市场经理,分析市场趋势和竞争对手，制定市场策略。要求熟悉品牌建设、市场营销、活动策划等相关技术，具备良好的沟通能力和团队协作精神。,深圳,50-150人,硕士,25969,40789
前端开发工程师,参与系统架构设计，优化系统性能，提升用户体验。要求熟悉HTML、React、JavaScript等相关技术，具备良好的沟通能力和团队协作精神。,武汉,150-500人,大专,6819,11171
销售代表,分析市场趋势和竞争对手，制定市场策略。要求熟悉商务谈判、销售、业绩目标等相关技术，具备良好的沟通能力和团队协作精神。,苏州,50-150人,本科,7952,13546
市场经理,负责市场推广和品牌建设，拓展市场渠道。要求熟悉渠道拓展、品牌建设、活动策划等相关技术，具备良好的沟通能力和团队协作精神。,武汉,50-150人,大专,9742,15944
算法工程师,参与系统架构设计，优化系统性能，提升用户体验。要求熟悉机器学习、数据结构、Python等相关技术，具备良好的沟通能力和团队协作精神。,武汉,50-150人,博士,13043,22345
运营专员,策划运营活动，提升品牌影响力和用户增长。要求熟悉用户增长、运营、活动策划等相关技术，具备良好的沟通能力和团队协作精神。,重庆,50-150人,大专,5000,7000
产品经理,分析用户需求和市场动态，制定产品发展策略。要求熟悉数据分析、Axure、产品设计等相关技术，具备良好的沟通能力和团队协作精神。,苏州,1000人以上,大专,11099,19578
机器学习工程师,负责公司核心产品的开发与维护，参与技术方案设计。要求熟悉Python、机器学习、模型调优等相关技术，具备良好的沟通能力和团队协作精神。,广州,少于50人,本科,9982,15966
数据科学家,负责数据分析和挖掘，为业务决策提供数据支持。要求熟悉Python、机器学习、PyTorch等相关技术，具备良好的沟通能力和团队协作精神。,上海,少于50人,本科,18445,31501
销售代表,分析市场趋势和竞争对手，制定市场策略。要求熟悉商务谈判、业绩目标、销售等相关技术，具备良好的沟通能力和团队协作精神。,天津,150-500人,大专,7489,11995
财务分析师,参与需求分析，提供技术解决方案，推动项目落地。要求熟悉Excel、财务分析、财务报表等相关技术，具备良好的沟通能力和团队协作精神。,南京,500-1000人,博士,21631,33669
项目经理,负责后端服务开发，确保代码质量和系统稳定性。要求熟悉项目管理、进度控制、团队协调等相关技术，具备良好的沟通能力和团队协作精神。,上海,1000人以上,硕士,21328,40497
运营专员,策划运营活动，提升品牌影响力和用户增长。要求熟悉活动策划、数据分析、用户增长等相关技术，具备良好的沟通能力和团队协作精神。,深圳,少于50人,大专,5350,8750
UI设计师,参与系统架构设计，优化系统性能，提升用户体验。要求熟悉Sketch、交互设计、用户体验等相关技术，具备良好的沟通能力和团队协作精神。,重庆,1000人以上,博士,11542,21219
人力资源专员,参与需求分析，提供技术解决方案，推动项目落地。要求熟悉绩效考核、员工关系、招聘等相关技术，具备良好的沟通能力和团队协作精神。,重庆,500-1000人,硕士,7436,12012
技术支持工程师,负责后端服务开发，确保代码质量和系统稳定性。要求熟悉问题排查、技术支持、客户沟通等相关技术，具备良好的沟通能力和团队协作精神。,武汉,50-150人,本科,7963,13131
财务分析师,参与系统架构设计，优化系统性能，提升用户体验。要求熟悉预算编制、财务分析、财务报表等相关技术，具备良好的沟通能力和团队协作精神。,深圳,50-150人,大专,9472,15552
前端开发工程师,负责后端服务开发，确保代码质量和系统稳定性。要求熟悉HTML、React、JavaScript等相关技术，具备良好的沟通能力和团队协作精神。,北京,150-500人,本科,11632,19952
运营专员,负责日常运营工作，提升用户活跃度和留存率。要求熟悉用户增长、数据分析、活动策划等相关技术，具备良好的沟通能力和团队协作精神。,天津,500-1000人,大专,5857,8954
数据分析师,设计和维护数据报表，监控业务指标变化。要求熟悉统计学、SQL、Python等相关技术，具备良好的沟通能力和团队协作精神。,武汉,1000人以上,硕士,13381,21868
数据科学家,设计和维护数据报表，监控业务指标变化。要求熟悉PyTorch、Python、TensorFlow等相关技术，具备良好的沟通能力和团队协作精神。,南京,50-150人,大专,11806,20470
算法工程师,负责公司核心产品的开发与维护，参与技术方案设计。要求熟悉数据结构、算法、机器学习等相关技术，具备良好的沟通能力和团队协作精神。,武汉,500-1000人,博士,17802,28573
Python开发工程师,负责后端服务开发，确保代码质量和系统稳定性。要求熟悉Django、MySQL、FastAPI等相关技术，具备良好的沟通能力和团队协作精神。,成都,50-150人,本科,9537,15009
机器学习工程师,负责公司核心产品的开发与维护，参与技术方案设计。要求熟悉特征工程、Python、机器学习等相关技术，具备良好的沟通能力和团队协作精神。,上海,少于50人,硕士,12452,21505
算法工程师,负责后端服务开发，确保代码质量和系统稳定性。要求熟悉深度学习、数据结构、机器学习等相关技术，具备良好的沟通能力和团队协作精神。,南京,50-150人,大专,7229,11850
技术支持工程师,负责公司核心产品的开发与维护，参与技术方案设计。要求熟悉文档编写、问题排查、客户沟通等相关技术，具备良好的沟通能力和团队协作精神。,深圳,1000人以上,大专,12491,20171
数据科学家,负责数据分析和挖掘，为业务决策提供数据支持。要求熟悉机器学习、PyTorch、深度学习等相关技术，具备良好的沟通能力和团队协作精神。,西安,500-1000人,本科,38657,65717
技术支持工程师,参与需求分析，提供技术解决方案，推动项目落地。要求熟悉文档编写、客户沟通、技术支持等相关技术，具备良好的沟通能力和团队协作精神。,武汉,50-150人,本科,2654,4721
运维工程师,参与系统架构设计，优化系统性能，提升用户体验。要求熟悉K8s、监控、运维等相关技术，具备良好的沟通能力和团队协作精神。,成都,少于50人,博士,14151,22964
算法工程师,负责公司核心产品的开发与维护，参与技术方案设计。要求熟悉算法、深度学习、机器学习等相关技术，具备良好的沟通能力和团队协作精神。,武汉,1000人以上,硕士,14349,22836
数据分析师,负责数据分析和挖掘，为业务决策提供数据支持。要求熟悉Excel、统计学、SQL等相关技术，具备良好的沟通能力和团队协作精神。,重庆,1000人以上,本科,11124,17268
架构师,参与系统架构设计，优化系统性能，提升用户体验。要求熟悉微服务、性能优化、系统架构等相关技术，具备良好的沟通能力和团队协作精神。,南京,50-150人,硕士,9085,16594
运维工程师,参与需求分析，提供技术解决方案，推动项目落地。要求熟悉K8s、监控、Linux等相关技术，具备良好的沟通能力和团队协作精神。,西安,150-500人,大专,7337,11535
全栈开发工程师,负责后端服务开发，确保代码质量和系统稳定性。要求熟悉MongoDB、React、JavaScript等相关技术，具备良好的沟通能力和团队协作精神。,重庆,少于50人,博士,9991,17824
架构师,参与系统架构设计，优化系统性能，提升用户体验。要求熟悉系统架构、性能优化、微服务等相关技术，具备良好的沟通能力和团队协作精神。,南京,少于50人,硕士,8815,15534
UI设计师,负责公司核心产品的开发与维护，参与技术方案设计。要求熟悉用户体验、UI设计、Figma等相关技术，具备良好的沟通能力和团队协作精神。,苏州,500-1000人,博士,17507,27708
项目经理,负责后端服务开发，确保代码质量和系统稳定性。要求熟悉团队协调、风险控制、进度控制等相关技术，具备良好的沟通能力和团队协作精神。,武汉,1000人以上,本科,16317,26109
数据科学家,设计和维护数据报表，监控业务指标变化。要求熟悉TensorFlow、PyTorch、机器学习等相关技术，具备良好的沟通能力和团队协作精神。,天津,少于50人,本科,15808,24784
人力资源专员,负责后端服务开发，确保代码质量和系统稳定性。要求熟悉招聘、员工关系、培训等相关技术，具备良好的沟通能力和团队协作精神。,南京,500-1000人,本科,6616,10796
UI设计师,负责后端服务开发，确保代码质量和系统稳定性。要求熟悉Sketch、Figma、交互设计等相关技术，具备良好的沟通能力和团队协作精神。,广州,150-500人,本科,10731,16891
产品经理,协调研发、设计、运营团队，确保产品按时交付。要求熟悉Axure、需求分析、数据分析等相关技术，具备良好的沟通能力和团队协作精神。,重庆,500-1000人,大专,9347,16106
技术支持工程师,参与需求分析，提供技术解决方案，推动项目落地。要求熟悉问题排查、客户沟通、文档编写等相关技术，具备良好的沟通能力和团队协作精神。,北京,500-1000人,硕士,17604,29501
财务分析师,参与需求分析，提供技术解决方案，推动项目落地。要求熟悉财务报表、预算编制、财务分析等相关技术，具备良好的沟通能力和团队协作精神。,苏州,150-500人,大专,5342,10052
架构师,负责后端服务开发，确保代码质量和系统稳定性。要求熟悉微服务、技术选型、性能优化等相关技术，具备良好的沟通能力和团队协作精神。,北京,1000人以上,博士,23710,41682
技术支持工程师,负责后端服务开发，确保代码质量和系统稳定性。要求熟悉技术支持、客户沟通、文档编写等相关技术，具备良好的沟通能力和团队协作精神。,苏州,150-500人,博士,15052,25650
技术支持工程师,参与需求分析，提供技术解决方案，推动项目落地。要求熟悉文档编写、技术支持、问题排查等相关技术，具备良好的沟通能力和团队协作精神。,南京,150-500人,大专,5638,10502
UI设计师,参与需求分析，提供技术解决方案，推动项目落地。要求熟悉交互设计、UI设计、Figma等相关技术，具备良好的沟通能力和团队协作精神。,南京,150-500人,本科,9180,14500
运营专员,策划运营活动，提升品牌影响力和用户增长。要求熟悉数据分析、活动策划、运营等相关技术，具备良好的沟通能力和团队协作精神。,苏州,1000人以上,大专,5154,8687
技术支持工程师,负责公司核心产品的开发与维护，参与技术方案设计。要求熟悉客户沟通、技术支持、文档编写等相关技术，具备良好的沟通能力和团队协作精神。,深圳,1000人以上,博士,29447,46727
Java后端开发,参与需求分析，提供技术解决方案，推动项目落地。要求熟悉Java、MySQL、Redis等相关技术，具备良好的沟通能力和团队协作精神。,深圳,500-1000人,本科,14695,23495
运营专员,负责日常运营工作，提升用户活跃度和留存率。要求熟悉活动策划、用户增长、数据分析等相关技术，具备良好的沟通能力和团队协作精神。,南京,1000人以上,大专,5132,8780
销售代表,负责市场推广和品牌建设，拓展市场渠道。要求熟悉客户关系、商务谈判、销售等相关技术，具备良好的沟通能力和团队协作精神。,南京,少于50人,本科,6959,12127
市场经理,分析市场趋势和竞争对手，制定市场策略。要求熟悉活动策划、品牌建设、市场营销等相关技术，具备良好的沟通能力和团队协作精神。,西安,150-500人,本科,10714,18586
架构师,负责公司核心产品的开发与维护，参与技术方案设计。要求熟悉技术选型、微服务、性能优化等相关技术，具备良好的沟通能力和团队协作精神。,成都,500-1000人,本科,8175,14511
Python开发工程师,负责公司核心产品的开发与维护，参与技术方案设计。要求熟悉Redis、Flask、FastAPI等相关技术，具备良好的沟通能力和团队协作精神。,北京,少于50人,本科,9982,17054
人力资源专员,参与系统架构设计，优化系统性能，提升用户体验。要求熟悉招聘、培训、绩效考核等相关技术，具备良好的沟通能力和团队协作精神。,上海,1000人以上,硕士,32307,56268
运营专员,分析运营数据，优化运营策略和流程。要求熟悉活动策划、用户增长、数据分析等相关技术，具备良好的沟通能力和团队协作精神。,上海,1000人以上,硕士,10174,18161
财务分析师,参与需求分析，提供技术解决方案，推动项目落地。要求熟悉财务分析、Excel、财务报表等相关技术，具备良好的沟通能力和团队协作精神。,西安,1000人以上,大专,9188,14226
运维工程师,负责公司核心产品的开发与维护，参与技术方案设计。要求熟悉运维、监控、Docker等相关技术，具备良好的沟通能力和团队协作精神。,西安,50-150人,博士,13398,22372
机器学习工程师,负责公司核心产品的开发与维护，参与技术方案设计。要求熟悉机器学习、模型调优、特征工程等相关技术，具备良好的沟通能力和团队协作精神。,武汉,150-500人,大专,5327,9679
运营专员,策划运营活动，提升品牌影响力和用户增长。要求熟悉用户增长、活动策划、数据分析等相关技术，具备良好的沟通能力和团队协作精神。,杭州,50-150人,大专,5870,9366
财务分析师,参与系统架构设计，优化系统性能，提升用户体验。要求熟悉Excel、财务分析、预算编制等相关技术，具备良好的沟通能力和团队协作精神。,南京,500-1000人,硕士,13470,22165
数据分析师,构建机器学习模型，解决实际业务问题。要求熟悉统计学、Tableau、Excel等相关技术，具备良好的沟通能力和团队协作精神。,深圳,少于50人,硕士,15407,24247
数据分析师,负责数据分析和挖掘，为业务决策提供数据支持。要求熟悉Excel、SQL、Python等相关技术，具备良好的沟通能力和团队协作精神。,成都,500-1000人,本科,11828,18164
Python开发工程师,负责后端服务开发，确保代码质量和系统稳定性。要求熟悉FastAPI、Python、Flask等相关技术，具备良好的沟通能力和团队协作精神。,成都,50-150人,本科,7489,12961
测试工程师,负责后端服务开发，确保代码质量和系统稳定性。要求熟悉性能测试、缺陷管理、自动化测试等相关技术，具备良好的沟通能力和团队协作精神。,杭州,500-1000人,博士,21280,35852
销售代表,策划营销活动，提升产品知名度和市场份额。要求熟悉客户关系、销售、商务谈判等相关技术，具备良好的沟通能力和团队协作精神。,苏州,50-150人,博士,12869,22937
架构师,参与需求分析，提供技术解决方案，推动项目落地。要求熟悉系统架构、微服务、技术选型等相关技术，具备良好的沟通能力和团队协作精神。,广州,150-500人,大专,18840,32920
市场经理,负责市场推广和品牌建设，拓展市场渠道。要求熟悉品牌建设、渠道拓展、市场营销等相关技术，具备良好的沟通能力和团队协作精神。,天津,150-500人,本科,11289,19737
Python开发工程师,参与系统架构设计，优化系统性能，提升用户体验。要求熟悉Redis、Django、Python等相关技术，具备良好的沟通能力和团队协作精神。,天津,50-150人,博士,11894,21524
前端开发工程师,参与系统架构设计，优化系统性能，提升用户体验。要求熟悉CSS、TypeScript、HTML等相关技术，具备良好的沟通能力和团队协作精神。,天津,500-1000人,本科,8313,14508
数据科学家,设计和维护数据报表，监控业务指标变化。要求熟悉深度学习、PyTorch、TensorFlow等相关技术，具备良好的沟通能力和团队协作精神。,武汉,150-500人,本科,12859,23059
市场经理,负责市场推广和品牌建设，拓展市场渠道。要求熟悉渠道拓展、市场营销、品牌建设等相关技术，具备良好的沟通能力和团队协作精神。,南京,150-500人,本科,11700,20820
数据分析师,构建机器学习模型，解决实际业务问题。要求熟悉SQL、Python、Excel等相关技术，具备良好的沟通能力和团队协作精神。,天津,150-500人,大专,7322,11828
销售代表,负责市场推广和品牌建设，拓展市场渠道。要求熟悉销售、客户关系、业绩目标等相关技术，具备良好的沟通能力和团队协作精神。,苏州,少于50人,博士,11954,20962
运维工程师,负责后端服务开发，确保代码质量和系统稳定性。要求熟悉监控、运维、Linux等相关技术，具备良好的沟通能力和团队协作精神。,重庆,少于50人,硕士,7523,13180
UI设计师,参与需求分析，提供技术解决方案，推动项目落地。要求熟悉Figma、Sketch、用户体验等相关技术，具备良好的沟通能力和团队协作精神。,西安,150-500人,硕士,4864,7848
机器学习工程师,参与需求分析，提供技术解决方案，推动项目落地。要求熟悉特征工程、Python、机器学习等相关技术，具备良好的沟通能力和团队协作精神。,成都,50-150人,硕士,10420,17534
全栈开发工程师,参与需求分析，提供技术解决方案，推动项目落地。要求熟悉React、Node.js、MongoDB等相关技术，具备良好的沟通能力和团队协作精神。,成都,1000人以上,硕士,13828,22814
技术支持工程师,参与系统架构设计，优化系统性能，提升用户体验。要求熟悉文档编写、客户沟通、技术支持等相关技术，具备良好的沟通能力和团队协作精神。,广州,少于50人,硕士,9748,17527
算法工程师,参与需求分析，提供技术解决方案，推动项目落地。要求熟悉算法、深度学习、Python等相关技术，具备良好的沟通能力和团队协作精神。,广州,少于50人,本科,6878,12862
机器学习工程师,参与需求分析，提供技术解决方案，推动项目落地。要求熟悉Python、特征工程、机器学习等相关技术，具备良好的沟通能力和团队协作精神。,广州,1000人以上,本科,9965,18413
运维工程师,负责后端服务开发，确保代码质量和系统稳定性。要求熟悉Linux、K8s、Docker等相关技术，具备良好的沟通能力和团队协作精神。,南京,50-150人,大专,5931,10552
测试工程师,参与需求分析，提供技术解决方案，推动项目落地。要求熟悉自动化测试、缺陷管理、测试等相关技术，具备良好的沟通能力和团队协作精神。,广州,少于50人,硕士,10183,17962
市场经理,分析市场趋势和竞争对手，制定市场策略。要求熟悉渠道拓展、品牌建设、活动策划等相关技术，具备良好的沟通能力和团队协作精神。,深圳,少于50人,博士,22594,40954
机器学习工程师,负责公司核心产品的开发与维护，参与技术方案设计。要求熟悉Python、特征工程、模型调优等相关技术，具备良好的沟通能力和团队协作精神。,成都,50-150人,博士,11149,20999
销售代表,策划营销活动，提升产品知名度和市场份额。要求熟悉商务谈判、客户关系、业绩目标等相关技术，具备良好的沟通能力和团队协作精神。,武汉,500-1000人,本科,7716,13700
前端开发工程师,参与需求分析，提供技术解决方案，推动项目落地。要求熟悉React、HTML、TypeScript等相关技术，具备良好的沟通能力和团队协作精神。,天津,500-1000人,博士,15712,26863
项目经理,参与系统架构设计，优化系统性能，提升用户体验。要求熟悉风险控制、项目管理、进度控制等相关技术，具备良好的沟通能力和团队协作精神。,上海,150-500人,本科,18266,30554
人力资源专员,负责后端服务开发，确保代码质量和系统稳定性。要求熟悉招聘、绩效考核、员工关系等相关技术，具备良好的沟通能力和团队协作精神。,重庆,500-1000人,硕士,6353,10929
Java后端开发,参与需求分析，提供技术解决方案，推动项目落地。要求熟悉Spring、Redis、Java等相关技术，具备良好的沟通能力和团队协作精神。,上海,少于50人,硕士,11745,20797
架构师,负责公司核心产品的开发与维护，参与技术方案设计。要求熟悉系统架构、性能优化、技术选型等相关技术，具备良好的沟通能力和团队协作精神。,广州,150-500人,本科,8456,15496
运维工程师,负责后端服务开发，确保代码质量和系统稳定性。要求熟悉K8s、Docker、监控等相关技术，具备良好的沟通能力和团队协作精神。,杭州,150-500人,本科,10076,17436
运维工程师,负责后端服务开发，确保代码质量和系统稳定性。要求熟悉K8s、Linux、Docker等相关技术，具备良好的沟通能力和团队协作精神。,南京,150-500人,博士,13307,24251
销售代表,分析市场趋势和竞争对手，制定市场策略。要求熟悉客户关系、商务谈判、销售等相关技术，具备良好的沟通能力和团队协作精神。,西安,150-500人,硕士,10113,16936
项目经理,负责公司核心产品的开发与维护，参与技术方案设计。要求熟悉风险控制、团队协调、进度控制等相关技术，具备良好的沟通能力和团队协作精神。,北京,50-150人,本科,12332,24188
架构师,负责后端服务开发，确保代码质量和系统稳定性。要求熟悉技术选型、性能优化、微服务等相关技术，具备良好的沟通能力和团队协作精神。,苏州,少于50人,本科,6544,11548
前端开发工程师,负责后端服务开发，确保代码质量和系统稳定性。要求熟悉Vue、CSS、JavaScript等相关技术，具备良好的沟通能力和团队协作精神。,西安,少于50人,硕士,8301,14100
产品经理,负责产品规划和设计，推动产品迭代优化。要求熟悉数据分析、用户研究、Axure等相关技术，具备良好的沟通能力和团队协作精神。,广州,500-1000人,博士,29470,50379
全栈开发工程师,负责公司核心产品的开发与维护，参与技术方案设计。要求熟悉React、Node.js、MongoDB等相关技术，具备良好的沟通能力和团队协作精神。,上海,50-150人,本科,14630,22412
架构师,参与需求分析，提供技术解决方案，推动项目落地。要求熟悉系统架构、技术选型、性能优化等相关技术，具备良好的沟通能力和团队协作精神。,上海,少于50人,本科,10031,16994
项目经理,负责公司核心产品的开发与维护，参与技术方案设计。要求熟悉风险控制、进度控制、项目管理等相关技术，具备良好的沟通能力和团队协作精神。,北京,少于50人,本科,12588,23196
销售代表,策划营销活动，提升产品知名度和市场份额。要求熟悉客户关系、销售、业绩目标等相关技术，具备良好的沟通能力和团队协作精神。,成都,50-150人,博士,13366,23216
前端开发工程师,参与需求分析，提供技术解决方案，推动项目落地。要求熟悉CSS、JavaScript、Vue等相关技术，具备良好的沟通能力和团队协作精神。,重庆,150-500人,大专,5000,8363
机器学习工程师,负责公司核心产品的开发与维护，参与技术方案设计。要求熟悉Python、特征工程、模型调优等相关技术，具备良好的沟通能力和团队协作精神。,深圳,500-1000人,大专,9573,16613
项目经理,参与系统架构设计，优化系统性能，提升用户体验。要求熟悉风险控制、进度控制、项目管理等相关技术，具备良好的沟通能力和团队协作精神。,上海,少于50人,本科,12730,23174
市场经理,分析市场趋势和竞争对手，制定市场策略。要求熟悉活动策划、市场营销、渠道拓展等相关技术，具备良好的沟通能力和团队协作精神。,成都,少于50人,本科,11358,18702
运维工程师,负责公司核心产品的开发与维护，参与技术方案设计。要求熟悉运维、Docker、Linux等相关技术，具备良好的沟通能力和团队协作精神。,成都,1000人以上,大专,7033,12563
Java后端开发,参与需求分析，提供技术解决方案，推动项目落地。要求熟悉Spring、MySQL、Java等相关技术，具备良好的沟通能力和团队协作精神。,深圳,150-500人,本科,10824,18824
市场经理,负责市场推广和品牌建设，拓展市场渠道。要求熟悉活动策划、品牌建设、市场营销等相关技术，具备良好的沟通能力和团队协作精神。,天津,1000人以上,博士,22916,41163
UI设计师,参与需求分析，提供技术解决方案，推动项目落地。要求熟悉交互设计、Figma、UI设计等相关技术，具备良好的沟通能力和团队协作精神。,上海,50-150人,硕士,17841,26694
销售代表,分析市场趋势和竞争对手，制定市场策略。要求熟悉销售、商务谈判、客户关系等相关技术，具备良好的沟通能力和团队协作精神。,广州,1000人以上,大专,8885,15644
架构师,负责后端服务开发，确保代码质量和系统稳定性。要求熟悉性能优化、技术选型、系统架构等相关技术，具备良好的沟通能力和团队协作精神。,成都,500-1000人,大专,8711,13780
前端开发工程师,参与需求分析，提供技术解决方案，推动项目落地。要求熟悉React、HTML、TypeScript等相关技术，具备良好的沟通能力和团队协作精神。,重庆,150-500人,博士,14078,23294
项目经理,负责公司核心产品的开发与维护，参与技术方案设计。要求熟悉项目管理、进度控制、团队协调等相关技术，具备良好的沟通能力和团队协作精神。,深圳,150-500人,硕士,22860,38460
算法工程师,参与系统架构设计，优化系统性能，提升用户体验。要求熟悉深度学习、数据结构、机器学习等相关技术，具备良好的沟通能力和团队协作精神。,武汉,1000人以上,大专,7541,12764
测试工程师,参与系统架构设计，优化系统性能，提升用户体验。要求熟悉缺陷管理、性能测试、自动化测试等相关技术，具备良好的沟通能力和团队协作精神。,深圳,500-1000人,大专,10199,17239
财务分析师,负责后端服务开发，确保代码质量和系统稳定性。要求熟悉预算编制、Excel、财务分析等相关技术，具备良好的沟通能力和团队协作精神。,北京,150-500人,本科,10531,18851
人力资源专员,参与需求分析，提供技术解决方案，推动项目落地。要求熟悉招聘、员工关系、绩效考核等相关技术，具备良好的沟通能力和团队协作精神。,杭州,150-500人,大专,5314,8994
技术支持工程师,参与系统架构设计，优化系统性能，提升用户体验。要求熟悉客户沟通、文档编写、问题排查等相关技术，具备良好的沟通能力和团队协作精神。,天津,500-1000人,硕士,12350,20403
财务分析师,负责公司核心产品的开发与维护，参与技术方案设计。要求熟悉财务分析、财务报表、Excel等相关技术，具备良好的沟通能力和团队协作精神。,杭州,少于50人,硕士,13637,21769
数据分析师,构建机器学习模型，解决实际业务问题。要求熟悉Excel、Tableau、统计学等相关技术，具备良好的沟通能力和团队协作精神。,西安,50-150人,大专,5504,9493
机器学习工程师,负责后端服务开发，确保代码质量和系统稳定性。要求熟悉特征工程、模型调优、机器学习等相关技术，具备良好的沟通能力和团队协作精神。,武汉,50-150人,大专,5644,9778
UI设计师,负责后端服务开发，确保代码质量和系统稳定性。要求熟悉Figma、UI设计、Sketch等相关技术，具备良好的沟通能力和团队协作精神。,上海,1000人以上,本科,17272,25873
财务分析师,参与需求分析，提供技术解决方案，推动项目落地。要求熟悉财务报表、预算编制、财务分析等相关技术，具备良好的沟通能力和团队协作精神。,苏州,少于50人,博士,17659,26667
项目经理,参与需求分析，提供技术解决方案，推动项目落地。要求熟悉团队协调、进度控制、风险控制等相关技术，具备良好的沟通能力和团队协作精神。,深圳,50-150人,硕士,20205,35025
全栈开发工程师,参与需求分析，提供技术解决方案，推动项目落地。要求熟悉React、MySQL、JavaScript等相关技术，具备良好的沟通能力和团队协作精神。,天津,50-150人,硕士,10804,17760
UI设计师,参与需求分析，提供技术解决方案，推动项目落地。要求熟悉交互设计、UI设计、用户体验等相关技术，具备良好的沟通能力和团队协作精神。,杭州,50-150人,大专,7656,12550
人力资源专员,负责后端服务开发，确保代码质量和系统稳定性。要求熟悉培训、绩效考核、招聘等相关技术，具备良好的沟通能力和团队协作精神。,杭州,少于50人,本科,5000,8442
运维工程师,参与需求分析，提供技术解决方案，推动项目落地。要求熟悉Docker、Linux、监控等相关技术，具备良好的沟通能力和团队协作精神。,西安,50-150人,博士,10783,19757
算法工程师,参与需求分析，提供技术解决方案，推动项目落地。要求熟悉机器学习、算法、数据结构等相关技术，具备良好的沟通能力和团队协作精神。,广州,500-1000人,硕士,16792,26859
全栈开发工程师,负责公司核心产品的开发与维护，参与技术方案设计。要求熟悉Node.js、React、MongoDB等相关技术，具备良好的沟通能力和团队协作精神。,广州,少于50人,大专,3168,5561
财务分析师,参与需求分析，提供技术解决方案，推动项目落地。要求熟悉预算编制、财务报表、Excel等相关技术，具备良好的沟通能力和团队协作精神。,北京,50-150人,本科,12917,20821
数据科学家,设计和维护数据报表，监控业务指标变化。要求熟悉机器学习、PyTorch、Python等相关技术，具备良好的沟通能力和团队协作精神。,北京,150-500人,大专,18980,31460
技术支持工程师,参与需求分析，提供技术解决方案，推动项目落地。要求熟悉问题排查、技术支持、文档编写等相关技术，具备良好的沟通能力和团队协作精神。,北京,150-500人,博士,25938,40914
产品经理,分析用户需求和市场动态，制定产品发展策略。要求熟悉用户研究、Axure、产品设计等相关技术，具备良好的沟通能力和团队协作精神。,上海,少于50人,大专,14036,22392
项目经理,负责后端服务开发，确保代码质量和系统稳定性。要求熟悉进度控制、团队协调、项目管理等相关技术，具备良好的沟通能力和团队协作精神。,广州,50-150人,硕士,23357,36399
Java后端开发,负责公司核心产品的开发与维护，参与技术方案设计。要求熟悉Dubbo、Spring、Redis等相关技术，具备良好的沟通能力和团队协作精神。,苏州,500-1000人,硕士,11326,19746
产品经理,分析用户需求和市场动态，制定产品发展策略。要求熟悉数据分析、用户研究、产品设计等相关技术，具备良好的沟通能力和团队协作精神。,南京,500-1000人,大专,11480,19505
人力资源专员,参与系统架构设计，优化系统性能，提升用户体验。要求熟悉培训、招聘、员工关系等相关技术，具备良好的沟通能力和团队协作精神。,杭州,1000人以上,博士,11890,21826
前端开发工程师,参与系统架构设计，优化系统性能，提升用户体验。要求熟悉Vue、JavaScript、CSS等相关技术，具备良好的沟通能力和团队协作精神。,西安,150-500人,本科,8669,13917
机器学习工程师,负责公司核心产品的开发与维护，参与技术方案设计。要求熟悉Python、模型调优、特征工程等相关技术，具备良好的沟通能力和团队协作精神。,深圳,500-1000人,大专,8138,15178
运营专员,负责日常运营工作，提升用户活跃度和留存率。要求熟悉用户增长、运营、数据分析等相关技术，具备良好的沟通能力和团队协作精神。,武汉,1000人以上,博士,11334,18678
测试工程师,参与需求分析，提供技术解决方案，推动项目落地。要求熟悉自动化测试、测试、性能测试等相关技术，具备良好的沟通能力和团队协作精神。,北京,50-150人,博士,16635,30862
Java后端开发,参与系统架构设计，优化系统性能，提升用户体验。要求熟悉MySQL、Dubbo、Spring等相关技术，具备良好的沟通能力和团队协作精神。,北京,1000人以上,硕士,16413,29392
前端开发工程师,参与需求分析，提供技术解决方案，推动项目落地。要求熟悉HTML、CSS、JavaScript等相关技术，具备良好的沟通能力和团队协作精神。,苏州,150-500人,本科,7171,13059
Python开发工程师,负责后端服务开发，确保代码质量和系统稳定性。要求熟悉Python、Redis、MySQL等相关技术，具备良好的沟通能力和团队协作精神。,成都,500-1000人,博士,14381,25786
测试工程师,负责公司核心产品的开发与维护，参与技术方案设计。要求熟悉测试、自动化测试、缺陷管理等相关技术，具备良好的沟通能力和团队协作精神。,广州,50-150人,硕士,11075,19770
技术支持工程师,负责公司核心产品的开发与维护，参与技术方案设计。要求熟悉文档编写、技术支持、客户沟通等相关技术，具备良好的沟通能力和团队协作精神。,西安,少于50人,本科,5675,10135
前端开发工程师,负责公司核心产品的开发与维护，参与技术方案设计。要求熟悉CSS、HTML、TypeScript等相关技术，具备良好的沟通能力和团队协作精神。,上海,50-150人,博士,21450,35458
前端开发工程师,参与系统架构设计，优化系统性能，提升用户体验。要求熟悉React、JavaScript、HTML等相关技术，具备良好的沟通能力和团队协作精神。,重庆,500-1000人,博士,35517,65928
产品经理,负责产品规划和设计，推动产品迭代优化。要求熟悉用户研究、产品设计、Axure等相关技术，具备良好的沟通能力和团队协作精神。,成都,150-500人,博士,22027,37579
数据科学家,负责数据分析和挖掘，为业务决策提供数据支持。要求熟悉TensorFlow、深度学习、机器学习等相关技术，具备良好的沟通能力和团队协作精神。,南京,少于50人,博士,32042,49484
算法工程师,参与系统架构设计，优化系统性能，提升用户体验。要求熟悉Python、深度学习、算法等相关技术，具备良好的沟通能力和团队协作精神。,武汉,少于50人,本科,5913,10537
数据科学家,设计和维护数据报表，监控业务指标变化。要求熟悉TensorFlow、Python、PyTorch等相关技术，具备良好的沟通能力和团队协作精神。,成都,50-150人,大专,11768,19976
市场经理,负责市场推广和品牌建设，拓展市场渠道。要求熟悉品牌建设、渠道拓展、市场营销等相关技术，具备良好的沟通能力和团队协作精神。,深圳,50-150人,硕士,19736,34556
项目经理,参与需求分析，提供技术解决方案，推动项目落地。要求熟悉进度控制、风险控制、项目管理等相关技术，具备良好的沟通能力和团队协作精神。,杭州,150-500人,博士,31719,51591
机器学习工程师,负责后端服务开发，确保代码质量和系统稳定性。要求熟悉特征工程、Python、模型调优等相关技术，具备良好的沟通能力和团队协作精神。,重庆,50-150人,博士,12357,21112
数据分析师,设计和维护数据报表，监控业务指标变化。要求熟悉Tableau、Python、统计学等相关技术，具备良好的沟通能力和团队协作精神。,西安,500-1000人,大专,7256,11874
架构师,负责后端服务开发，确保代码质量和系统稳定性。要求熟悉性能优化、微服务、技术选型等相关技术，具备良好的沟通能力和团队协作精神。,北京,50-150人,硕士,15060,25335
全栈开发工程师,负责公司核心产品的开发与维护，参与技术方案设计。要求熟悉JavaScript、MongoDB、React等相关技术，具备良好的沟通能力和团队协作精神。,武汉,少于50人,本科,5402,10026
架构师,参与需求分析，提供技术解决方案，推动项目落地。要求熟悉微服务、性能优化、技术选型等相关技术，具备良好的沟通能力和团队协作精神。,苏州,少于50人,本科,7520,12525
技术支持工程师,参与需求分析，提供技术解决方案，推动项目落地。要求熟悉文档编写、客户沟通、问题排查等相关技术，具备良好的沟通能力和团队协作精神。,南京,500-1000人,硕士,12620,21315
数据分析师,负责数据分析和挖掘，为业务决策提供数据支持。要求熟悉SQL、Python、Excel等相关技术，具备良好的沟通能力和团队协作精神。,广州,500-1000人,博士,22583,36523
UI设计师,参与需求分析，提供技术解决方案，推动项目落地。要求熟悉交互设计、UI设计、Sketch等相关技术，具备良好的沟通能力和团队协作精神。,杭州,少于50人,本科,8009,13483
全栈开发工程师,负责后端服务开发，确保代码质量和系统稳定性。要求熟悉MongoDB、React、JavaScript等相关技术，具备良好的沟通能力和团队协作精神。,苏州,少于50人,博士,10889,19897
财务分析师,参与需求分析，提供技术解决方案，推动项目落地。要求熟悉预算编制、财务报表、财务分析等相关技术，具备良好的沟通能力和团队协作精神。,杭州,少于50人,大专,9031,14035
机器学习工程师,负责后端服务开发，确保代码质量和系统稳定性。要求熟悉模型调优、机器学习、特征工程等相关技术，具备良好的沟通能力和团队协作精神。,成都,50-150人,硕士,11420,18534
Java后端开发,参与系统架构设计，优化系统性能，提升用户体验。要求熟悉Redis、Dubbo、MySQL等相关技术，具备良好的沟通能力和团队协作精神。,南京,50-150人,大专,5801,10422
市场经理,负责市场推广和品牌建设，拓展市场渠道。要求熟悉市场营销、活动策划、渠道拓展等相关技术，具备良好的沟通能力和团队协作精神。,杭州,500-1000人,本科,17741,29885
数据科学家,负责数据分析和挖掘，为业务决策提供数据支持。要求熟悉深度学习、PyTorch、Python等相关技术，具备良好的沟通能力和团队协作精神。,广州,500-1000人,本科,16676,31196
机器学习工程师,负责公司核心产品的开发与维护，参与技术方案设计。要求熟悉Python、特征工程、机器学习等相关技术，具备良好的沟通能力和团队协作精神。,广州,少于50人,大专,6057,10844
算法工程师,参与系统架构设计，优化系统性能，提升用户体验。要求熟悉深度学习、算法、Python等相关技术，具备良好的沟通能力和团队协作精神。,杭州,500-1000人,博士,19952,34525
Python开发工程师,负责公司核心产品的开发与维护，参与技术方案设计。要求熟悉Flask、Python、FastAPI等相关技术，具备良好的沟通能力和团队协作精神。,北京,1000人以上,大专,9620,17607
Python开发工程师,参与需求分析，提供技术解决方案，推动项目落地。要求熟悉MySQL、Django、Redis等相关技术，具备良好的沟通能力和团队协作精神。,北京,1000人以上,大专,9579,17567
数据分析师,构建机器学习模型，解决实际业务问题。要求熟悉统计学、Tableau、Python等相关技术，具备良好的沟通能力和团队协作精神。,重庆,500-1000人,本科,8681,14313
技术支持工程师,负责后端服务开发，确保代码质量和系统稳定性。要求熟悉客户沟通、文档编写、技术支持等相关技术，具备良好的沟通能力和团队协作精神。,北京,500-1000人,大专,10468,17789
架构师,参与需求分析，提供技术解决方案，推动项目落地。要求熟悉技术选型、系统架构、性能优化等相关技术，具备良好的沟通能力和团队协作精神。,武汉,500-1000人,硕士,10423,18202
Python开发工程师,参与系统架构设计，优化系统性能，提升用户体验。要求熟悉Django、FastAPI、Python等相关技术，具备良好的沟通能力和团队协作精神。,苏州,1000人以上,硕士,8774,17960
全栈开发工程师,负责公司核心产品的开发与维护，参与技术方案设计。要求熟悉JavaScript、MongoDB、React等相关技术，具备良好的沟通能力和团队协作精神。,天津,50-150人,博士,9412,19043
前端开发工程师,负责后端服务开发，确保代码质量和系统稳定性。要求熟悉Vue、HTML、React等相关技术，具备良好的沟通能力和团队协作精神。,重庆,1000人以上,硕士,10073,18060
项目经理,参与系统架构设计，优化系统性能，提升用户体验。要求熟悉团队协调、风险控制、项目管理等相关技术，具备良好的沟通能力和团队协作精神。,杭州,50-150人,大专,12256,20647
前端开发工程师,参与系统架构设计，优化系统性能，提升用户体验。要求熟悉Vue、TypeScript、HTML等相关技术，具备良好的沟通能力和团队协作精神。,成都,50-150人,硕士,6116,13230
Python开发工程师,负责后端服务开发，确保代码质量和系统稳定性。要求熟悉Flask、MySQL、Redis等相关技术，具备良好的沟通能力和团队协作精神。,西安,150-500人,博士,12103,21550
人力资源专员,负责公司核心产品的开发与维护，参与技术方案设计。要求熟悉招聘、员工关系、绩效考核等相关技术，具备良好的沟通能力和团队协作精神。,武汉,500-1000人,本科,5216,8956
产品经理,分析用户需求和市场动态，制定产品发展策略。要求熟悉数据分析、产品设计、Axure等相关技术，具备良好的沟通能力和团队协作精神。,重庆,少于50人,本科,10675,17203
运维工程师,参与需求分析，提供技术解决方案，推动项目落地。要求熟悉监控、Docker、运维等相关技术，具备良好的沟通能力和团队协作精神。,深圳,50-150人,本科,9901,17501
数据分析师,设计和维护数据报表，监控业务指标变化。要求熟悉Python、SQL、Excel等相关技术，具备良好的沟通能力和团队协作精神。,武汉,50-150人,大专,7323,11457
产品经理,协调研发、设计、运营团队，确保产品按时交付。要求熟悉需求分析、Axure、用户研究等相关技术，具备良好的沟通能力和团队协作精神。,天津,150-500人,本科,11839,20287
机器学习工程师,参与系统架构设计，优化系统性能，提升用户体验。要求熟悉特征工程、机器学习、Python等相关技术，具备良好的沟通能力和团队协作精神。,武汉,150-500人,本科,5306,10746
Python开发工程师,负责公司核心产品的开发与维护，参与技术方案设计。要求熟悉MySQL、Django、Flask等相关技术，具备良好的沟通能力和团队协作精神。,杭州,少于50人,本科,9503,15759
全栈开发工程师,负责公司核心产品的开发与维护，参与技术方案设计。要求熟悉React、Node.js、MongoDB等相关技术，具备良好的沟通能力和团队协作精神。,南京,少于50人,博士,13166,22468
项目经理,负责公司核心产品的开发与维护，参与技术方案设计。要求熟悉项目管理、风险控制、进度控制等相关技术，具备良好的沟通能力和团队协作精神。,北京,150-500人,博士,33028,55492
技术支持工程师,负责后端服务开发，确保代码质量和系统稳定性。要求熟悉文档编写、问题排查、技术支持等相关技术，具备良好的沟通能力和团队协作精神。,深圳,50-150人,大专,12835,18915
Java后端开发,参与系统架构设计，优化系统性能，提升用户体验。要求熟悉MySQL、Java、Redis等相关技术，具备良好的沟通能力和团队协作精神。,上海,50-150人,本科,7659,15442
前端开发工程师,参与系统架构设计，优化系统性能，提升用户体验。要求熟悉HTML、TypeScript、JavaScript等相关技术，具备良好的沟通能力和团队协作精神。,天津,50-150人,本科,9087,14437
销售代表,分析市场趋势和竞争对手，制定市场策略。要求熟悉商务谈判、业绩目标、客户关系等相关技术，具备良好的沟通能力和团队协作精神。,上海,50-150人,大专,8225,14451
Python开发工程师,负责后端服务开发，确保代码质量和系统稳定性。要求熟悉Django、Flask、MySQL等相关技术，具备良好的沟通能力和团队协作精神。,西安,500-1000人,博士,14847,25238
人力资源专员,参与系统架构设计，优化系统性能，提升用户体验。要求熟悉培训、员工关系、绩效考核等相关技术，具备良好的沟通能力和团队协作精神。,天津,少于50人,硕士,5798,9688
算法工程师,负责公司核心产品的开发与维护，参与技术方案设计。要求熟悉算法、深度学习、数据结构等相关技术，具备良好的沟通能力和团队协作精神。,重庆,150-500人,博士,11938,21154
算法工程师,参与系统架构设计，优化系统性能，提升用户体验。要求熟悉Python、机器学习、算法等相关技术，具备良好的沟通能力和团队协作精神。,北京,150-500人,博士,18991,33967
产品经理,负责产品规划和设计，推动产品迭代优化。要求熟悉用户研究、数据分析、Axure等相关技术，具备良好的沟通能力和团队协作精神。,广州,150-500人,博士,27310,46318
数据科学家,设计和维护数据报表，监控业务指标变化。要求熟悉机器学习、TensorFlow、深度学习等相关技术，具备良好的沟通能力和团队协作精神。,深圳,150-500人,大专,15207,27207
数据科学家,设计和维护数据报表，监控业务指标变化。要求熟悉TensorFlow、PyTorch、深度学习等相关技术，具备良好的沟通能力和团队协作精神。,武汉,500-1000人,大专,15615,24591
人力资源专员,参与系统架构设计，优化系统性能，提升用户体验。要求熟悉绩效考核、招聘、培训等相关技术，具备良好的沟通能力和团队协作精神。,成都,500-1000人,本科,5610,9570
财务分析师,负责后端服务开发，确保代码质量和系统稳定性。要求熟悉财务报表、预算编制、财务分析等相关技术，具备良好的沟通能力和团队协作精神。,南京,500-1000人,硕士,12522,21216
数据科学家,构建机器学习模型，解决实际业务问题。要求熟悉Python、PyTorch、机器学习等相关技术，具备良好的沟通能力和团队协作精神。,苏州,少于50人,本科,13978,23362
全栈开发工程师,负责后端服务开发，确保代码质量和系统稳定性。要求熟悉React、MongoDB、JavaScript等相关技术，具备良好的沟通能力和团队协作精神。,南京,150-500人,博士,17627,28571
市场经理,负责市场推广和品牌建设，拓展市场渠道。要求熟悉渠道拓展、活动策划、品牌建设等相关技术，具备良好的沟通能力和团队协作精神。,杭州,50-150人,硕士,17378,31013
人力资源专员,参与系统架构设计，优化系统性能，提升用户体验。要求熟悉招聘、培训、绩效考核等相关技术，具备良好的沟通能力和团队协作精神。,南京,50-150人,大专,5000,7427
产品经理,协调研发、设计、运营团队，确保产品按时交付。要求熟悉Axure、需求分析、产品设计等相关技术，具备良好的沟通能力和团队协作精神。,苏州,150-500人,本科,10933,19765
人力资源专员,负责公司核心产品的开发与维护，参与技术方案设计。要求熟悉招聘、员工关系、培训等相关技术，具备良好的沟通能力和团队协作精神。,重庆,150-500人,硕士,6870,11030
机器学习工程师,参与系统架构设计，优化系统性能，提升用户体验。要求熟悉模型调优、Python、特征工程等相关技术，具备良好的沟通能力和团队协作精神。,南京,1000人以上,大专,8775,14612
财务分析师,负责后端服务开发，确保代码质量和系统稳定性。要求熟悉Excel、财务报表、财务分析等相关技术，具备良好的沟通能力和团队协作精神。,广州,150-500人,本科,14726,21766
前端开发工程师,参与需求分析，提供技术解决方案，推动项目落地。要求熟悉HTML、JavaScript、TypeScript等相关技术，具备良好的沟通能力和团队协作精神。,南京,1000人以上,硕士,12729,22214
人力资源专员,负责公司核心产品的开发与维护，参与技术方案设计。要求熟悉招聘、员工关系、绩效考核等相关技术，具备良好的沟通能力和团队协作精神。,杭州,少于50人,硕士,8304,13387
前端开发工程师,参与系统架构设计，优化系统性能，提升用户体验。要求熟悉CSS、Vue、JavaScript等相关技术，具备良好的沟通能力和团队协作精神。,深圳,150-500人,硕士,14491,24891
数据科学家,设计和维护数据报表，监控业务指标变化。要求熟悉TensorFlow、Python、机器学习等相关技术，具备良好的沟通能力和团队协作精神。,广州,少于50人,大专,8317,12805
技术支持工程师,负责公司核心产品的开发与维护，参与技术方案设计。要求熟悉问题排查、文档编写、技术支持等相关技术，具备良好的沟通能力和团队协作精神。,天津,1000人以上,博士,15087,27252
全栈开发工程师,负责公司核心产品的开发与维护，参与技术方案设计。要求熟悉JavaScript、React、MongoDB等相关技术，具备良好的沟通能力和团队协作精神。,天津,1000人以上,博士,7370,12236
Java后端开发,参与需求分析，提供技术解决方案，推动项目落地。要求熟悉Redis、Dubbo、Java等相关技术，具备良好的沟通能力和团队协作精神。,天津,50-150人,大专,5729,10009
前端开发工程师,负责公司核心产品的开发与维护，参与技术方案设计。要求熟悉React、Vue、TypeScript等相关技术，具备良好的沟通能力和团队协作精神。,上海,150-500人,大专,8932,15485
全栈开发工程师,负责公司核心产品的开发与维护，参与技术方案设计。要求熟悉MongoDB、MySQL、Node.js等相关技术，具备良好的沟通能力和团队协作精神。,广州,少于50人,博士,14995,25766
架构师,参与需求分析，提供技术解决方案，推动项目落地。要求熟悉技术选型、微服务、系统架构等相关技术，具备良好的沟通能力和团队协作精神。,武汉,少于50人,大专,5261,8960
运维工程师,参与需求分析，提供技术解决方案，推动项目落地。要求熟悉监控、Docker、Linux等相关技术，具备良好的沟通能力和团队协作精神。,杭州,少于50人,硕士,11005,19138
Python开发工程师,参与系统架构设计，优化系统性能，提升用户体验。要求熟悉FastAPI、Flask、Django等相关技术，具备良好的沟通能力和团队协作精神。,重庆,少于50人,大专,5000,8408
市场经理,负责市场推广和品牌建设，拓展市场渠道。要求熟悉活动策划、市场营销、品牌建设等相关技术，具备良好的沟通能力和团队协作精神。,南京,50-150人,大专,11581,18512
运维工程师,参与系统架构设计，优化系统性能，提升用户体验。要求熟悉K8s、运维、Docker等相关技术，具备良好的沟通能力和团队协作精神。,天津,少于50人,博士,13440,22057
算法工程师,负责公司核心产品的开发与维护，参与技术方案设计。要求熟悉机器学习、算法、Python等相关技术，具备良好的沟通能力和团队协作精神。,西安,少于50人,博士,12349,20378
运维工程师,参与系统架构设计，优化系统性能，提升用户体验。要求熟悉Linux、监控、Docker等相关技术，具备良好的沟通能力和团队协作精神。,上海,1000人以上,博士,11409,20256
技术支持工程师,参与需求分析，提供技术解决方案，推动项目落地。要求熟悉文档编写、技术支持、客户沟通等相关技术，具备良好的沟通能力和团队协作精神。,苏州,500-1000人,硕士,10173,18593
测试工程师,参与需求分析，提供技术解决方案，推动项目落地。要求熟悉缺陷管理、性能测试、测试等相关技术，具备良好的沟通能力和团队协作精神。,成都,50-150人,大专,6803,11180
Python开发工程师,负责后端服务开发，确保代码质量和系统稳定性。要求熟悉Flask、FastAPI、Python等相关技术，具备良好的沟通能力和团队协作精神。,深圳,150-500人,大专,9851,16251
Python开发工程师,参与系统架构设计，优化系统性能，提升用户体验。要求熟悉Django、Redis、FastAPI等相关技术，具备良好的沟通能力和团队协作精神。,深圳,150-500人,硕士,17171,27571
数据科学家,设计和维护数据报表，监控业务指标变化。要求熟悉Python、TensorFlow、深度学习等相关技术，具备良好的沟通能力和团队协作精神。,深圳,少于50人,博士,33449,56399
人力资源专员,负责后端服务开发，确保代码质量和系统稳定性。要求熟悉员工关系、绩效考核、培训等相关技术，具备良好的沟通能力和团队协作精神。,南京,150-500人,博士,9945,16785
Python开发工程师,负责公司核心产品的开发与维护，参与技术方案设计。要求熟悉FastAPI、MySQL、Python等相关技术，具备良好的沟通能力和团队协作精神。,武汉,500-1000人,硕士,8305,16084
算法工程师,负责公司核心产品的开发与维护，参与技术方案设计。要求熟悉Python、算法、深度学习等相关技术，具备良好的沟通能力和团队协作精神。,苏州,150-500人,本科,7662,13550
全栈开发工程师,参与需求分析，提供技术解决方案，推动项目落地。要求熟悉JavaScript、MongoDB、React等相关技术，具备良好的沟通能力和团队协作精神。,武汉,150-500人,本科,8496,13936
Python开发工程师,负责公司核心产品的开发与维护，参与技术方案设计。要求熟悉Redis、MySQL、Flask等相关技术，具备良好的沟通能力和团队协作精神。,广州,50-150人,硕士,11194,19888
数据科学家,设计和维护数据报表，监控业务指标变化。要求熟悉PyTorch、机器学习、深度学习等相关技术，具备良好的沟通能力和团队协作精神。,杭州,50-150人,大专,18005,28493
数据分析师,设计和维护数据报表，监控业务指标变化。要求熟悉SQL、Excel、统计学等相关技术，具备良好的沟通能力和团队协作精神。,杭州,1000人以上,硕士,18896,30378
Python开发工程师,负责公司核心产品的开发与维护，参与技术方案设计。要求熟悉Python、Flask、Django等相关技术，具备良好的沟通能力和团队协作精神。,杭州,少于50人,博士,16167,27428
Java后端开发,负责公司核心产品的开发与维护，参与技术方案设计。要求熟悉MySQL、Dubbo、SpringBoot等相关技术，具备良好的沟通能力和团队协作精神。,深圳,少于50人,硕士,10252,19092
架构师,参与系统架构设计，优化系统性能，提升用户体验。要求熟悉技术选型、性能优化、微服务等相关技术，具备良好的沟通能力和团队协作精神。,武汉,150-500人,博士,13620,23412
算法工程师,负责公司核心产品的开发与维护，参与技术方案设计。要求熟悉算法、Python、深度学习等相关技术，具备良好的沟通能力和团队协作精神。,杭州,1000人以上,大专,5752,12818
全栈开发工程师,负责后端服务开发，确保代码质量和系统稳定性。要求熟悉React、MySQL、Node.js等相关技术，具备良好的沟通能力和团队协作精神。,杭州,500-1000人,博士,19526,34099
项目经理,参与需求分析，提供技术解决方案，推动项目落地。要求熟悉进度控制、团队协调、风险控制等相关技术，具备良好的沟通能力和团队协作精神。,武汉,少于50人,硕士,9641,18658
市场经理,分析市场趋势和竞争对手，制定市场策略。要求熟悉市场营销、品牌建设、渠道拓展等相关技术，具备良好的沟通能力和团队协作精神。,天津,少于50人,本科,11497,18678
市场经理,分析市场趋势和竞争对手，制定市场策略。要求熟悉渠道拓展、活动策划、品牌建设等相关技术，具备良好的沟通能力和团队协作精神。,上海,50-150人,本科,17752,29426
运维工程师,负责后端服务开发，确保代码质量和系统稳定性。要求熟悉Linux、K8s、Docker等相关技术，具备良好的沟通能力和团队协作精神。,上海,150-500人,硕士,15575,26224
Java后端开发,参与系统架构设计，优化系统性能，提升用户体验。要求熟悉Spring、MySQL、Java等相关技术，具备良好的沟通能力和团队协作精神。,重庆,1000人以上,博士,18360,29419
数据分析师,设计和维护数据报表，监控业务指标变化。要求熟悉Python、统计学、Excel等相关技术，具备良好的沟通能力和团队协作精神。,杭州,150-500人,博士,19606,32854
UI设计师,负责后端服务开发，确保代码质量和系统稳定性。要求熟悉UI设计、用户体验、交互设计等相关技术，具备良好的沟通能力和团队协作精神。,西安,50-150人,大专,7040,10530
Python开发工程师,参与需求分析，提供技术解决方案，推动项目落地。要求熟悉Python、Flask、FastAPI等相关技术，具备良好的沟通能力和团队协作精神。,西安,50-150人,大专,6181,10169
产品经理,协调研发、设计、运营团队，确保产品按时交付。要求熟悉产品设计、需求分析、数据分析等相关技术，具备良好的沟通能力和团队协作精神。,重庆,500-1000人,本科,11241,19689
测试工程师,负责公司核心产品的开发与维护，参与技术方案设计。要求熟悉自动化测试、缺陷管理、性能测试等相关技术，具备良好的沟通能力和团队协作精神。,成都,150-500人,本科,9146,14906
前端开发工程师,参与需求分析，提供技术解决方案，推动项目落地。要求熟悉CSS、React、TypeScript等相关技术，具备良好的沟通能力和团队协作精神。,杭州,1000人以上,硕士,13405,24887
Java后端开发,负责后端服务开发，确保代码质量和系统稳定性。要求熟悉SpringBoot、MySQL、Redis等相关技术，具备良好的沟通能力和团队协作精神。,深圳,1000人以上,本科,11715,21315
数据分析师,负责数据分析和挖掘，为业务决策提供数据支持。要求熟悉Tableau、统计学、Excel等相关技术，具备良好的沟通能力和团队协作精神。,西安,50-150人,硕士,10074,16555
产品经理,分析用户需求和市场动态，制定产品发展策略。要求熟悉用户研究、需求分析、产品设计等相关技术，具备良好的沟通能力和团队协作精神。,深圳,少于50人,博士,23423,41783
测试工程师,参与系统架构设计，优化系统性能，提升用户体验。要求熟悉缺陷管理、自动化测试、性能测试等相关技术，具备良好的沟通能力和团队协作精神。,上海,50-150人,硕士,11906,22023
数据分析师,负责数据分析和挖掘，为业务决策提供数据支持。要求熟悉统计学、Tableau、Python等相关技术，具备良好的沟通能力和团队协作精神。,成都,1000人以上,本科,13513,20425
运维工程师,参与需求分析，提供技术解决方案，推动项目落地。要求熟悉运维、Docker、K8s等相关技术，具备良好的沟通能力和团队协作精神。,西安,1000人以上,大专,6682,11720
运维工程师,参与系统架构设计，优化系统性能，提升用户体验。要求熟悉运维、Docker、Linux等相关技术，具备良好的沟通能力和团队协作精神。,武汉,1000人以上,本科,9407,15935
算法工程师,负责公司核心产品的开发与维护，参与技术方案设计。要求熟悉深度学习、数据结构、机器学习等相关技术，具备良好的沟通能力和团队协作精神。,杭州,少于50人,硕士,10312,18445
机器学习工程师,负责后端服务开发，确保代码质量和系统稳定性。要求熟悉模型调优、机器学习、特征工程等相关技术，具备良好的沟通能力和团队协作精神。,苏州,500-1000人,大专,5355,10537
Python开发工程师,参与需求分析，提供技术解决方案，推动项目落地。要求熟悉FastAPI、Python、Redis等相关技术，具备良好的沟通能力和团队协作精神。,成都,50-150人,硕士,10141,17255
运维工程师,负责后端服务开发，确保代码质量和系统稳定性。要求熟悉Docker、监控、运维等相关技术，具备良好的沟通能力和团队协作精神。,苏州,500-1000人,博士,11850,23508
财务分析师,参与系统架构设计，优化系统性能，提升用户体验。要求熟悉Excel、财务分析、财务报表等相关技术，具备良好的沟通能力和团队协作精神。,上海,1000人以上,大专,13152,21017
测试工程师,参与需求分析，提供技术解决方案，推动项目落地。要求熟悉自动化测试、测试、性能测试等相关技术，具备良好的沟通能力和团队协作精神。,广州,500-1000人,本科,8661,16405
数据科学家,负责数据分析和挖掘，为业务决策提供数据支持。要求熟悉Python、PyTorch、机器学习等相关技术，具备良好的沟通能力和团队协作精神。,深圳,50-150人,博士,51232,76882
销售代表,分析市场趋势和竞争对手，制定市场策略。要求熟悉销售、客户关系、业绩目标等相关技术，具备良好的沟通能力和团队协作精神。,重庆,500-1000人,博士,15671,25809
财务分析师,参与系统架构设计，优化系统性能，提升用户体验。要求熟悉Excel、财务分析、预算编制等相关技术，具备良好的沟通能力和团队协作精神。,深圳,少于50人,硕士,15122,23962
产品经理,负责产品规划和设计，推动产品迭代优化。要求熟悉Axure、需求分析、产品设计等相关技术，具备良好的沟通能力和团队协作精神。,南京,500-1000人,本科,16171,26203
财务分析师,参与系统架构设计，优化系统性能，提升用户体验。要求熟悉预算编制、财务分析、Excel等相关技术，具备良好的沟通能力和团队协作精神。,苏州,少于50人,本科,7519,12523
财务分析师,负责公司核心产品的开发与维护，参与技术方案设计。要求熟悉Excel、财务分析、预算编制等相关技术，具备良好的沟通能力和团队协作精神。,苏州,1000人以上,大专,10210,15863
产品经理,协调研发、设计、运营团队，确保产品按时交付。要求熟悉数据分析、产品设计、用户研究等相关技术，具备良好的沟通能力和团队协作精神。,西安,少于50人,大专,7560,12913
UI设计师,负责公司核心产品的开发与维护，参与技术方案设计。要求熟悉用户体验、Figma、交互设计等相关技术，具备良好的沟通能力和团队协作精神。,西安,少于50人,本科,6633,10536
Java后端开发,负责后端服务开发，确保代码质量和系统稳定性。要求熟悉Redis、Spring、Dubbo等相关技术，具备良好的沟通能力和团队协作精神。,成都,少于50人,大专,6320,10236
数据科学家,构建机器学习模型，解决实际业务问题。要求熟悉深度学习、TensorFlow、PyTorch等相关技术，具备良好的沟通能力和团队协作精神。,武汉,500-1000人,本科,19477,30697
算法工程师,负责后端服务开发，确保代码质量和系统稳定性。要求熟悉机器学习、深度学习、算法等相关技术，具备良好的沟通能力和团队协作精神。,上海,500-1000人,本科,12878,21889
架构师,负责公司核心产品的开发与维护，参与技术方案设计。要求熟悉微服务、技术选型、性能优化等相关技术，具备良好的沟通能力和团队协作精神。,北京,1000人以上,本科,10630,20614
Java后端开发,负责公司核心产品的开发与维护，参与技术方案设计。要求熟悉Dubbo、Redis、Spring等相关技术，具备良好的沟通能力和团队协作精神。,深圳,150-500人,硕士,12427,22827
技术支持工程师,参与系统架构设计，优化系统性能，提升用户体验。要求熟悉文档编写、技术支持、客户沟通等相关技术，具备良好的沟通能力和团队协作精神。,广州,50-150人,博士,16275,28314
数据科学家,负责数据分析和挖掘，为业务决策提供数据支持。要求熟悉深度学习、Python、机器学习等相关技术，具备良好的沟通能力和团队协作精神。,苏州,少于50人,博士,27072,43964
项目经理,参与需求分析，提供技术解决方案，推动项目落地。要求熟悉风险控制、进度控制、团队协调等相关技术，具备良好的沟通能力和团队协作精神。,武汉,少于50人,本科,8067,15003
市场经理,分析市场趋势和竞争对手，制定市场策略。要求熟悉渠道拓展、品牌建设、市场营销等相关技术，具备良好的沟通能力和团队协作精神。,深圳,500-1000人,本科,24118,37318
项目经理,负责公司核心产品的开发与维护，参与技术方案设计。要求熟悉风险控制、团队协调、项目管理等相关技术，具备良好的沟通能力和团队协作精神。,西安,150-500人,硕士,16980,27214
运维工程师,负责公司核心产品的开发与维护，参与技术方案设计。要求熟悉K8s、监控、Linux等相关技术，具备良好的沟通能力和团队协作精神。,南京,500-1000人,硕士,12936,21630
财务分析师,负责公司核心产品的开发与维护，参与技术方案设计。要求熟悉财务分析、Excel、财务报表等相关技术，具备良好的沟通能力和团队协作精神。,北京,50-150人,大专,10770,17093
技术支持工程师,负责公司核心产品的开发与维护，参与技术方案设计。要求熟悉客户沟通、问题排查、技术支持等相关技术，具备良好的沟通能力和团队协作精神。,北京,50-150人,本科,10553,18457
技术支持工程师,负责公司核心产品的开发与维护，参与技术方案设计。要求熟悉问题排查、技术支持、客户沟通等相关技术，具备良好的沟通能力和团队协作精神。,北京,150-500人,硕士,12941,23757
销售代表,负责市场推广和品牌建设，拓展市场渠道。要求熟悉销售、业绩目标、商务谈判等相关技术，具备良好的沟通能力和团队协作精神。,广州,50-150人,本科,9293,15981
销售代表,策划营销活动，提升产品知名度和市场份额。要求熟悉商务谈判、客户关系、销售等相关技术，具备良好的沟通能力和团队协作精神。,上海,少于50人,本科,9910,16874
全栈开发工程师,负责后端服务开发，确保代码质量和系统稳定性。要求熟悉Node.js、JavaScript、MySQL等相关技术，具备良好的沟通能力和团队协作精神。,苏州,50-150人,硕士,8305,15577
人力资源专员,参与系统架构设计，优化系统性能，提升用户体验。要求熟悉培训、招聘、绩效考核等相关技术，具备良好的沟通能力和团队协作精神。,苏州,1000人以上,硕士,4497,7367
数据科学家,负责数据分析和挖掘，为业务决策提供数据支持。要求熟悉PyTorch、TensorFlow、Python等相关技术，具备良好的沟通能力和团队协作精神。,杭州,50-150人,博士,36600,60198
Python开发工程师,参与系统架构设计，优化系统性能，提升用户体验。要求熟悉Python、Django、Flask等相关技术，具备良好的沟通能力和团队协作精神。,南京,少于50人,硕士,6834,13552
产品经理,协调研发、设计、运营团队，确保产品按时交付。要求熟悉Axure、用户研究、需求分析等相关技术，具备良好的沟通能力和团队协作精神。,上海,50-150人,大专,11334,20673
技术支持工程师,负责公司核心产品的开发与维护，参与技术方案设计。要求熟悉技术支持、文档编写、客户沟通等相关技术，具备良好的沟通能力和团队协作精神。,苏州,1000人以上,本科,9167,16232
测试工程师,参与需求分析，提供技术解决方案，推动项目落地。要求熟悉缺陷管理、自动化测试、性能测试等相关技术，具备良好的沟通能力和团队协作精神。,武汉,50-150人,大专,7148,11282
产品经理,协调研发、设计、运营团队，确保产品按时交付。要求熟悉需求分析、Axure、用户研究等相关技术，具备良好的沟通能力和团队协作精神。,深圳,少于50人,大专,12071,20231
前端开发工程师,负责后端服务开发，确保代码质量和系统稳定性。要求熟悉HTML、JavaScript、React等相关技术，具备良好的沟通能力和团队协作精神。,苏州,50-150人,博士,11322,21391
数据科学家,设计和维护数据报表，监控业务指标变化。要求熟悉机器学习、Python、PyTorch等相关技术，具备良好的沟通能力和团队协作精神。,武汉,500-1000人,大专,15120,24096
销售代表,策划营销活动，提升产品知名度和市场份额。要求熟悉商务谈判、客户关系、业绩目标等相关技术，具备良好的沟通能力和团队协作精神。,广州,500-1000人,本科,8401,16145
数据分析师,构建机器学习模型，解决实际业务问题。要求熟悉Tableau、SQL、统计学等相关技术，具备良好的沟通能力和团队协作精神。,重庆,1000人以上,博士,21281,32340
Python开发工程师,参与需求分析，提供技术解决方案，推动项目落地。要求熟悉Django、Python、MySQL等相关技术，具备良好的沟通能力和团队协作精神。,苏州,500-1000人,大专,6666,11848
项目经理,负责后端服务开发，确保代码质量和系统稳定性。要求熟悉进度控制、风险控制、项目管理等相关技术，具备良好的沟通能力和团队协作精神。,苏州,50-150人,硕士,14806,25713
机器学习工程师,负责后端服务开发，确保代码质量和系统稳定性。要求熟悉机器学习、模型调优、特征工程等相关技术，具备良好的沟通能力和团队协作精神。,深圳,少于50人,大专,8832,14272
Python开发工程师,参与系统架构设计，优化系统性能，提升用户体验。要求熟悉Redis、Django、Python等相关技术，具备良好的沟通能力和团队协作精神。,成都,少于50人,硕士,7215,13580
项目经理,参与系统架构设计，优化系统性能，提升用户体验。要求熟悉项目管理、团队协调、进度控制等相关技术，具备良好的沟通能力和团队协作精神。,重庆,少于50人,硕士,9445,17932
测试工程师,负责后端服务开发，确保代码质量和系统稳定性。要求熟悉缺陷管理、性能测试、测试等相关技术，具备良好的沟通能力和团队协作精神。,苏州,500-1000人,本科,8196,14673
销售代表,负责市场推广和品牌建设，拓展市场渠道。要求熟悉销售、商务谈判、业绩目标等相关技术，具备良好的沟通能力和团队协作精神。,天津,150-500人,本科,8840,14472
产品经理,分析用户需求和市场动态，制定产品发展策略。要求熟悉需求分析、产品设计、数据分析等相关技术，具备良好的沟通能力和团队协作精神。,重庆,150-500人,大专,6697,12841
架构师,参与需求分析，提供技术解决方案，推动项目落地。要求熟悉微服务、性能优化、技术选型等相关技术，具备良好的沟通能力和团队协作精神。,西安,500-1000人,大专,5000,8515
项目经理,参与系统架构设计，优化系统性能，提升用户体验。要求熟悉风险控制、进度控制、项目管理等相关技术，具备良好的沟通能力和团队协作精神。,广州,50-150人,本科,12945,22977
销售代表,策划营销活动，提升产品知名度和市场份额。要求熟悉业绩目标、商务谈判、客户关系等相关技术，具备良好的沟通能力和团队协作精神。,苏州,少于50人,本科,7399,12404
财务分析师,负责后端服务开发，确保代码质量和系统稳定性。要求熟悉预算编制、Excel、财务分析等相关技术，具备良好的沟通能力和团队协作精神。,杭州,少于50人,硕士,15859,23992
市场经理,负责市场推广和品牌建设，拓展市场渠道。要求熟悉活动策划、市场营销、渠道拓展等相关技术，具备良好的沟通能力和团队协作精神。,天津,500-1000人,博士,21547,38274
运维工程师,参与系统架构设计，优化系统性能，提升用户体验。要求熟悉监控、Linux、K8s等相关技术，具备良好的沟通能力和团队协作精神。,杭州,500-1000人,博士,18913,33486
运营专员,负责日常运营工作，提升用户活跃度和留存率。要求熟悉用户增长、运营、数据分析等相关技术，具备良好的沟通能力和团队协作精神。,广州,150-500人,硕士,9900,15620
数据科学家,负责数据分析和挖掘，为业务决策提供数据支持。要求熟悉PyTorch、机器学习、TensorFlow等相关技术，具备良好的沟通能力和团队协作精神。,深圳,150-500人,大专,14325,26325
人力资源专员,参与系统架构设计，优化系统性能，提升用户体验。要求熟悉员工关系、招聘、培训等相关技术，具备良好的沟通能力和团队协作精神。,深圳,150-500人,博士,12800,21800
数据科学家,负责数据分析和挖掘，为业务决策提供数据支持。要求熟悉机器学习、PyTorch、TensorFlow等相关技术，具备良好的沟通能力和团队协作精神。,重庆,少于50人,大专,10594,17122
前端开发工程师,负责公司核心产品的开发与维护，参与技术方案设计。要求熟悉JavaScript、HTML、TypeScript等相关技术，具备良好的沟通能力和团队协作精神。,杭州,1000人以上,本科,12887,21719
人力资源专员,参与系统架构设计，优化系统性能，提升用户体验。要求熟悉员工关系、培训、招聘等相关技术，具备良好的沟通能力和团队协作精神。,深圳,500-1000人,大专,6151,10551
产品经理,协调研发、设计、运营团队，确保产品按时交付。要求熟悉需求分析、数据分析、产品设计等相关技术，具备良好的沟通能力和团队协作精神。,成都,少于50人,硕士,13189,22736
测试工程师,参与系统架构设计，优化系统性能，提升用户体验。要求熟悉测试、缺陷管理、性能测试等相关技术，具备良好的沟通能力和团队协作精神。,杭州,少于50人,大专,5000,9551
项目经理,参与系统架构设计，优化系统性能，提升用户体验。要求熟悉进度控制、项目管理、团队协调等相关技术，具备良好的沟通能力和团队协作精神。,广州,50-150人,硕士,16322,29364
运营专员,分析运营数据，优化运营策略和流程。要求熟悉活动策划、用户增长、运营等相关技术，具备良好的沟通能力和团队协作精神。,西安,少于50人,大专,5000,7000
Java后端开发,参与需求分析，提供技术解决方案，推动项目落地。要求熟悉MySQL、Java、SpringBoot等相关技术，具备良好的沟通能力和团队协作精神。,武汉,少于50人,本科,5506,10130
人力资源专员,参与需求分析，提供技术解决方案，推动项目落地。要求熟悉招聘、培训、绩效考核等相关技术，具备良好的沟通能力和团队协作精神。,杭州,500-1000人,大专,6119,10167
数据分析师,设计和维护数据报表，监控业务指标变化。要求熟悉统计学、Python、SQL等相关技术，具备良好的沟通能力和团队协作精神。,武汉,150-500人,本科,9711,15151
Python开发工程师,参与需求分析，提供技术解决方案，推动项目落地。要求熟悉Django、Redis、Flask等相关技术，具备良好的沟通能力和团队协作精神。,苏州,150-500人,本科,7717,13605
财务分析师,参与系统架构设计，优化系统性能，提升用户体验。要求熟悉预算编制、Excel、财务分析等相关技术，具备良好的沟通能力和团队协作精神。,上海,500-1000人,博士,27976,44196
机器学习工程师,负责公司核心产品的开发与维护，参与技术方案设计。要求熟悉特征工程、机器学习、Python等相关技术，具备良好的沟通能力和团队协作精神。,广州,500-1000人,大专,7400,13595
财务分析师,负责公司核心产品的开发与维护，参与技术方案设计。要求熟悉财务报表、预算编制、Excel等相关技术，具备良好的沟通能力和团队协作精神。,杭州,50-150人,本科,11482,18474
运营专员,负责日常运营工作，提升用户活跃度和留存率。要求熟悉用户增长、活动策划、数据分析等相关技术，具备良好的沟通能力和团队协作精神。,上海,50-150人,博士,14201,22956
运维工程师,负责公司核心产品的开发与维护，参与技术方案设计。要求熟悉K8s、Linux、监控等相关技术，具备良好的沟通能力和团队协作精神。,成都,500-1000人,博士,16017,27422
技术支持工程师,负责后端服务开发，确保代码质量和系统稳定性。要求熟悉文档编写、技术支持、问题排查等相关技术，具备良好的沟通能力和团队协作精神。,杭州,50-150人,大专,7076,12669
市场经理,负责市场推广和品牌建设，拓展市场渠道。要求熟悉市场营销、品牌建设、活动策划等相关技术，具备良好的沟通能力和团队协作精神。,成都,少于50人,博士,18732,31951
数据科学家,负责数据分析和挖掘，为业务决策提供数据支持。要求熟悉深度学习、机器学习、TensorFlow等相关技术，具备良好的沟通能力和团队协作精神。,杭州,50-150人,大专,18167,28655
运营专员,策划运营活动，提升品牌影响力和用户增长。要求熟悉活动策划、运营、用户增长等相关技术，具备良好的沟通能力和团队协作精神。,杭州,150-500人,大专,5000,7691
销售代表,分析市场趋势和竞争对手，制定市场策略。要求熟悉业绩目标、商务谈判、客户关系等相关技术，具备良好的沟通能力和团队协作精神。,武汉,150-500人,本科,8662,14102
UI设计师,负责后端服务开发，确保代码质量和系统稳定性。要求熟悉Sketch、交互设计、用户体验等相关技术，具备良好的沟通能力和团队协作精神。,苏州,少于50人,本科,6878,11258
算法工程师,负责公司核心产品的开发与维护，参与技术方案设计。要求熟悉Python、机器学习、算法等相关技术，具备良好的沟通能力和团队协作精神。,武汉,50-150人,博士,13532,22835
机器学习工程师,负责公司核心产品的开发与维护，参与技术方案设计。要求熟悉Python、模型调优、机器学习等相关技术，具备良好的沟通能力和团队协作精神。,南京,500-1000人,硕士,13906,22600
算法工程师,参与需求分析，提供技术解决方案，推动项目落地。要求熟悉Python、数据结构、算法等相关技术，具备良好的沟通能力和团队协作精神。,南京,150-500人,硕士,8835,16739
人力资源专员,负责后端服务开发，确保代码质量和系统稳定性。要求熟悉招聘、员工关系、绩效考核等相关技术，具备良好的沟通能力和团队协作精神。,天津,150-500人,本科,5000,8300
测试工程师,参与需求分析，提供技术解决方案，推动项目落地。要求熟悉测试、自动化测试、性能测试等相关技术，具备良好的沟通能力和团队协作精神。,南京,少于50人,硕士,8874,15592
财务分析师,参与系统架构设计，优化系统性能，提升用户体验。要求熟悉财务报表、Excel、预算编制等相关技术，具备良好的沟通能力和团队协作精神。,天津,少于50人,硕士,9434,15658
产品经理,协调研发、设计、运营团队，确保产品按时交付。要求熟悉用户研究、产品设计、Axure等相关技术，具备良好的沟通能力和团队协作精神。,广州,500-1000人,大专,15800,25093
UI设计师,负责后端服务开发，确保代码质量和系统稳定性。要求熟悉用户体验、交互设计、UI设计等相关技术，具备良好的沟通能力和团队协作精神。,重庆,150-500人,博士,11767,19831
人力资源专员,负责后端服务开发，确保代码质量和系统稳定性。要求熟悉绩效考核、员工关系、招聘等相关技术，具备良好的沟通能力和团队协作精神。,广州,500-1000人,大专,5377,9249
运维工程师,负责公司核心产品的开发与维护，参与技术方案设计。要求熟悉Linux、K8s、监控等相关技术，具备良好的沟通能力和团队协作精神。,成都,1000人以上,大专,7815,13344
数据科学家,设计和维护数据报表，监控业务指标变化。要求熟悉深度学习、PyTorch、Python等相关技术，具备良好的沟通能力和团队协作精神。,苏州,少于50人,大专,10006,17513
UI设计师,负责公司核心产品的开发与维护，参与技术方案设计。要求熟悉Sketch、Figma、用户体验等相关技术，具备良好的沟通能力和团队协作精神。,重庆,1000人以上,博士,15077,24753
财务分析师,负责公司核心产品的开发与维护，参与技术方案设计。要求熟悉预算编制、Excel、财务分析等相关技术，具备良好的沟通能力和团队协作精神。,武汉,少于50人,硕士,10561,16572
UI设计师,参与系统架构设计，优化系统性能，提升用户体验。要求熟悉UI设计、用户体验、Figma等相关技术，具备良好的沟通能力和团队协作精神。,杭州,500-1000人,本科,11132,18216
UI设计师,参与需求分析，提供技术解决方案，推动项目落地。要求熟悉用户体验、UI设计、Sketch等相关技术，具备良好的沟通能力和团队协作精神。,重庆,50-150人,大专,5525,8930
数据分析师,构建机器学习模型，解决实际业务问题。要求熟悉Tableau、Python、SQL等相关技术，具备良好的沟通能力和团队协作精神。,深圳,50-150人,博士,21500,35180
技术支持工程师,参与需求分析，提供技术解决方案，推动项目落地。要求熟悉客户沟通、技术支持、问题排查等相关技术，具备良好的沟通能力和团队协作精神。,北京,1000人以上,博士,19607,37578
技术支持工程师,参与系统架构设计，优化系统性能，提升用户体验。要求熟悉文档编写、技术支持、问题排查等相关技术，具备良好的沟通能力和团队协作精神。,北京,500-1000人,博士,23644,40118
数据科学家,构建机器学习模型，解决实际业务问题。要求熟悉Python、深度学习、TensorFlow等相关技术，具备良好的沟通能力和团队协作精神。,天津,1000人以上,博士,44454,67264
市场经理,负责市场推广和品牌建设，拓展市场渠道。要求熟悉市场营销、渠道拓展、品牌建设等相关技术，具备良好的沟通能力和团队协作精神。,北京,150-500人,本科,17203,29683
Java后端开发,负责公司核心产品的开发与维护，参与技术方案设计。要求熟悉Redis、MySQL、Dubbo等相关技术，具备良好的沟通能力和团队协作精神。,杭州,1000人以上,博士,22530,38428
Python开发工程师,参与系统架构设计，优化系统性能，提升用户体验。要求熟悉Python、Redis、FastAPI等相关技术，具备良好的沟通能力和团队协作精神。,武汉,500-1000人,本科,9005,14989
数据科学家,负责数据分析和挖掘，为业务决策提供数据支持。要求熟悉PyTorch、机器学习、深度学习等相关技术，具备良好的沟通能力和团队协作精神。,苏州,少于50人,博士,22277,39168
技术支持工程师,参与需求分析，提供技术解决方案，推动项目落地。要求熟悉技术支持、客户沟通、文档编写等相关技术，具备良好的沟通能力和团队协作精神。,上海,1000人以上,本科,16654,26485
财务分析师,参与系统架构设计，优化系统性能，提升用户体验。要求熟悉财务报表、财务分析、预算编制等相关技术，具备良好的沟通能力和团队协作精神。,天津,150-500人,本科,9753,15385
Python开发工程师,负责后端服务开发，确保代码质量和系统稳定性。要求熟悉Django、FastAPI、Flask等相关技术，具备良好的沟通能力和团队协作精神。,南京,500-1000人,硕士,14615,23309
数据科学家,负责数据分析和挖掘，为业务决策提供数据支持。要求熟悉机器学习、深度学习、PyTorch等相关技术，具备良好的沟通能力和团队协作精神。,北京,50-150人,本科,21201,36021
技术支持工程师,负责后端服务开发，确保代码质量和系统稳定性。要求熟悉客户沟通、文档编写、问题排查等相关技术，具备良好的沟通能力和团队协作精神。,天津,少于50人,大专,6571,10401
UI设计师,负责公司核心产品的开发与维护，参与技术方案设计。要求熟悉交互设计、Sketch、用户体验等相关技术，具备良好的沟通能力和团队协作精神。,北京,500-1000人,本科,14486,22494
UI设计师,负责后端服务开发，确保代码质量和系统稳定性。要求熟悉交互设计、Figma、用户体验等相关技术，具备良好的沟通能力和团队协作精神。,广州,少于50人,硕士,11989,18796
算法工程师,参与系统架构设计，优化系统性能，提升用户体验。要求熟悉算法、数据结构、Python等相关技术，具备良好的沟通能力和团队协作精神。,南京,1000人以上,硕士,13457,22942
前端开发工程师,参与需求分析，提供技术解决方案，推动项目落地。要求熟悉TypeScript、HTML、JavaScript等相关技术，具备良好的沟通能力和团队协作精神。,西安,1000人以上,大专,6692,11730
人力资源专员,参与系统架构设计，优化系统性能，提升用户体验。要求熟悉招聘、培训、员工关系等相关技术，具备良好的沟通能力和团队协作精神。,重庆,500-1000人,硕士,7962,12538
全栈开发工程师,负责公司核心产品的开发与维护，参与技术方案设计。要求熟悉Node.js、JavaScript、MySQL等相关技术，具备良好的沟通能力和团队协作精神。,武汉,150-500人,本科,7623,13063
UI设计师,负责公司核心产品的开发与维护，参与技术方案设计。要求熟悉交互设计、Figma、用户体验等相关技术，具备良好的沟通能力和团队协作精神。,北京,少于50人,博士,13603,24742
运营专员,负责日常运营工作，提升用户活跃度和留存率。要求熟悉运营、数据分析、用户增长等相关技术，具备良好的沟通能力和团队协作精神。,北京,500-1000人,大专,5841,10417
运维工程师,参与系统架构设计，优化系统性能，提升用户体验。要求熟悉K8s、Linux、Docker等相关技术，具备良好的沟通能力和团队协作精神。,重庆,少于50人,博士,10498,18331
数据科学家,设计和维护数据报表，监控业务指标变化。要求熟悉深度学习、PyTorch、TensorFlow等相关技术，具备良好的沟通能力和团队协作精神。,苏州,500-1000人,本科,20012,32156
市场经理,负责市场推广和品牌建设，拓展市场渠道。要求熟悉渠道拓展、活动策划、市场营销等相关技术，具备良好的沟通能力和团队协作精神。,北京,少于50人,博士,26052,45146
UI设计师,负责公司核心产品的开发与维护，参与技术方案设计。要求熟悉用户体验、UI设计、Figma等相关技术，具备良好的沟通能力和团队协作精神。,重庆,150-500人,大专,6824,10408
项目经理,负责公司核心产品的开发与维护，参与技术方案设计。要求熟悉进度控制、风险控制、团队协调等相关技术，具备良好的沟通能力和团队协作精神。,重庆,少于50人,博士,11858,23608
人力资源专员,参与系统架构设计，优化系统性能，提升用户体验。要求熟悉招聘、员工关系、绩效考核等相关技术，具备良好的沟通能力和团队协作精神。,深圳,少于50人,大专,5197,8597
UI设计师,参与系统架构设计，优化系统性能，提升用户体验。要求熟悉Sketch、交互设计、Figma等相关技术，具备良好的沟通能力和团队协作精神。,北京,50-150人,博士,15601,28050
机器学习工程师,参与系统架构设计，优化系统性能，提升用户体验。要求熟悉特征工程、机器学习、模型调优等相关技术，具备良好的沟通能力和团队协作精神。,成都,1000人以上,博士,18879,31321
Python开发工程师,负责后端服务开发，确保代码质量和系统稳定性。要求熟悉Redis、Django、Flask等相关技术，具备良好的沟通能力和团队协作精神。,上海,50-150人,大专,8450,14676
数据科学家,构建机器学习模型，解决实际业务问题。要求熟悉PyTorch、Python、深度学习等相关技术，具备良好的沟通能力和团队协作精神。,重庆,150-500人,本科,16039,25639
前端开发工程师,负责后端服务开发，确保代码质量和系统稳定性。要求熟悉React、JavaScript、CSS等相关技术，具备良好的沟通能力和团队协作精神。,深圳,50-150人,博士,16594,30274
架构师,参与需求分析，提供技术解决方案，推动项目落地。要求熟悉系统架构、微服务、技术选型等相关技术，具备良好的沟通能力和团队协作精神。,杭州,1000人以上,博士,25673,41570
UI设计师,参与系统架构设计，优化系统性能，提升用户体验。要求熟悉用户体验、Sketch、UI设计等相关技术，具备良好的沟通能力和团队协作精神。,北京,50-150人,硕士,16777,25768
运营专员,负责日常运营工作，提升用户活跃度和留存率。要求熟悉用户增长、活动策划、运营等相关技术，具备良好的沟通能力和团队协作精神。,北京,150-500人,硕士,10928,17688
架构师,负责公司核心产品的开发与维护，参与技术方案设计。要求熟悉技术选型、微服务、性能优化等相关技术，具备良好的沟通能力和团队协作精神。,西安,150-500人,硕士,9215,16037
运维工程师,负责后端服务开发，确保代码质量和系统稳定性。要求熟悉监控、K8s、Linux等相关技术，具备良好的沟通能力和团队协作精神。,南京,50-150人,大专,6855,11476
算法工程师,参与需求分析，提供技术解决方案，推动项目落地。要求熟悉机器学习、数据结构、算法等相关技术，具备良好的沟通能力和团队协作精神。,南京,150-500人,硕士,9820,17724
数据分析师,构建机器学习模型，解决实际业务问题。要求熟悉Tableau、统计学、Python等相关技术，具备良好的沟通能力和团队协作精神。,广州,500-1000人,大专,11613,17809
技术支持工程师,负责公司核心产品的开发与维护，参与技术方案设计。要求熟悉问题排查、文档编写、客户沟通等相关技术，具备良好的沟通能力和团队协作精神。,南京,500-1000人,硕士,14643,23338
项目经理,负责公司核心产品的开发与维护，参与技术方案设计。要求熟悉团队协调、项目管理、进度控制等相关技术，具备良好的沟通能力和团队协作精神。,西安,50-150人,本科,11784,19262
数据科学家,负责数据分析和挖掘，为业务决策提供数据支持。要求熟悉TensorFlow、PyTorch、机器学习等相关技术，具备良好的沟通能力和团队协作精神。,深圳,500-1000人,本科,23616,40116
前端开发工程师,参与系统架构设计，优化系统性能，提升用户体验。要求熟悉React、Vue、TypeScript等相关技术，具备良好的沟通能力和团队协作精神。,西安,1000人以上,博士,16354,27690
技术支持工程师,参与系统架构设计，优化系统性能，提升用户体验。要求熟悉问题排查、文档编写、客户沟通等相关技术，具备良好的沟通能力和团队协作精神。,苏州,1000人以上,本科,24006,45201
人力资源专员,参与需求分析，提供技术解决方案，推动项目落地。要求熟悉员工关系、绩效考核、招聘等相关技术，具备良好的沟通能力和团队协作精神。,南京,1000人以上,博士,13251,21459
销售代表,负责市场推广和品牌建设，拓展市场渠道。要求熟悉客户关系、业绩目标、销售等相关技术，具备良好的沟通能力和团队协作精神。,武汉,少于50人,硕士,8773,14784
Java后端开发,负责公司核心产品的开发与维护，参与技术方案设计。要求熟悉SpringBoot、Spring、Redis等相关技术，具备良好的沟通能力和团队协作精神。,南京,150-500人,本科,6228,12308
技术支持工程师,参与需求分析，提供技术解决方案，推动项目落地。要求熟悉技术支持、文档编写、客户沟通等相关技术，具备良好的沟通能力和团队协作精神。,上海,50-150人,本科,9005,16787
前端开发工程师,参与需求分析，提供技术解决方案，推动项目落地。要求熟悉TypeScript、React、JavaScript等相关技术，具备良好的沟通能力和团队协作精神。,杭州,150-500人,大专,7783,13671
运营专员,策划运营活动，提升品牌影响力和用户增长。要求熟悉运营、用户增长、活动策划等相关技术，具备良好的沟通能力和团队协作精神。,天津,50-150人,大专,5000,7000
全栈开发工程师,负责后端服务开发，确保代码质量和系统稳定性。要求熟悉React、MySQL、JavaScript等相关技术，具备良好的沟通能力和团队协作精神。,北京,50-150人,博士,16335,30563
Java后端开发,负责后端服务开发，确保代码质量和系统稳定性。要求熟悉Dubbo、MySQL、SpringBoot等相关技术，具备良好的沟通能力和团队协作精神。,苏州,1000人以上,博士,18414,31133
数据科学家,负责数据分析和挖掘，为业务决策提供数据支持。要求熟悉深度学习、机器学习、Python等相关技术，具备良好的沟通能力和团队协作精神。,天津,50-150人,硕士,21332,34374
运维工程师,参与系统架构设计，优化系统性能，提升用户体验。要求熟悉运维、K8s、Linux等相关技术，具备良好的沟通能力和团队协作精神。,深圳,50-150人,硕士,13225,23105
财务分析师,参与需求分析，提供技术解决方案，推动项目落地。要求熟悉预算编制、Excel、财务分析等相关技术，具备良好的沟通能力和团队协作精神。,苏州,少于50人,硕士,9903,16409
销售代表,负责市场推广和品牌建设，拓展市场渠道。要求熟悉销售、客户关系、商务谈判等相关技术，具备良好的沟通能力和团队协作精神。,武汉,1000人以上,本科,10259,16787
算法工程师,参与需求分析，提供技术解决方案，推动项目落地。要求熟悉机器学习、算法、Python等相关技术，具备良好的沟通能力和团队协作精神。,重庆,少于50人,博士,13202,21036
财务分析师,参与系统架构设计，优化系统性能，提升用户体验。要求熟悉Excel、财务分析、预算编制等相关技术，具备良好的沟通能力和团队协作精神。,苏州,150-500人,博士,16763,27362
算法工程师,负责公司核心产品的开发与维护，参与技术方案设计。要求熟悉数据结构、Python、算法等相关技术，具备良好的沟通能力和团队协作精神。,杭州,500-1000人,硕士,13263,23788
前端开发工程师,负责后端服务开发，确保代码质量和系统稳定性。要求熟悉TypeScript、JavaScript、HTML等相关技术，具备良好的沟通能力和团队协作精神。,重庆,50-150人,博士,12844,21599
Java后端开发,参与系统架构设计，优化系统性能，提升用户体验。要求熟悉Dubbo、Spring、Java等相关技术，具备良好的沟通能力和团队协作精神。,西安,500-1000人,博士,13590,23981
测试工程师,参与需求分析，提供技术解决方案，推动项目落地。要求熟悉测试、性能测试、缺陷管理等相关技术，具备良好的沟通能力和团队协作精神。,成都,少于50人,本科,6604,11500
Java后端开发,参与系统架构设计，优化系统性能，提升用户体验。要求熟悉Redis、MySQL、Spring等相关技术，具备良好的沟通能力和团队协作精神。,深圳,150-500人,大专,9687,16087
机器学习工程师,负责后端服务开发，确保代码质量和系统稳定性。要求熟悉机器学习、模型调优、特征工程等相关技术，具备良好的沟通能力和团队协作精神。,西安,少于50人,本科,5000,8997
产品经理,协调研发、设计、运营团队，确保产品按时交付。要求熟悉用户研究、数据分析、产品设计等相关技术，具备良好的沟通能力和团队协作精神。,西安,150-500人,大专,10215,16513
UI设计师,参与系统架构设计，优化系统性能，提升用户体验。要求熟悉Figma、Sketch、UI设计等相关技术，具备良好的沟通能力和团队协作精神。,天津,1000人以上,博士,17653,28297
Python开发工程师,负责后端服务开发，确保代码质量和系统稳定性。要求熟悉Python、MySQL、Redis等相关技术，具备良好的沟通能力和团队协作精神。,天津,500-1000人,博士,14472,25624
测试工程师,负责公司核心产品的开发与维护，参与技术方案设计。要求熟悉缺陷管理、性能测试、测试等相关技术，具备良好的沟通能力和团队协作精神。,重庆,少于50人,硕士,7684,13342
数据科学家,负责数据分析和挖掘，为业务决策提供数据支持。要求熟悉深度学习、PyTorch、机器学习等相关技术，具备良好的沟通能力和团队协作精神。,南京,1000人以上,硕士,84054,137406
机器学习工程师,负责后端服务开发，确保代码质量和系统稳定性。要求熟悉Python、机器学习、特征工程等相关技术，具备良好的沟通能力和团队协作精神。,杭州,少于50人,大专,5257,10261
架构师,负责后端服务开发，确保代码质量和系统稳定性。要求熟悉微服务、技术选型、性能优化等相关技术，具备良好的沟通能力和团队协作精神。,天津,少于50人,大专,6339,10169
技术支持工程师,负责公司核心产品的开发与维护，参与技术方案设计。要求熟悉文档编写、技术支持、问题排查等相关技术，具备良好的沟通能力和团队协作精神。,武汉,150-500人,本科,7522,12962
测试工程师,负责公司核心产品的开发与维护，参与技术方案设计。要求熟悉自动化测试、测试、缺陷管理等相关技术，具备良好的沟通能力和团队协作精神。,北京,少于50人,硕士,13404,22598
市场经理,负责市场推广和品牌建设，拓展市场渠道。要求熟悉品牌建设、渠道拓展、市场营销等相关技术，具备良好的沟通能力和团队协作精神。,杭州,少于50人,硕士,18950,31149
数据科学家,设计和维护数据报表，监控业务指标变化。要求熟悉机器学习、TensorFlow、PyTorch等相关技术，具备良好的沟通能力和团队协作精神。,上海,1000人以上,大专,20210,34955
数据科学家,设计和维护数据报表，监控业务指标变化。要求熟悉深度学习、TensorFlow、PyTorch等相关技术，具备良好的沟通能力和团队协作精神。,天津,少于50人,本科,15097,24073
产品经理,分析用户需求和市场动态，制定产品发展策略。要求熟悉数据分析、产品设计、用户研究等相关技术，具备良好的沟通能力和团队协作精神。,重庆,少于50人,博士,15567,27317
人力资源专员,负责公司核心产品的开发与维护，参与技术方案设计。要求熟悉员工关系、培训、绩效考核等相关技术，具备良好的沟通能力和团队协作精神。,成都,50-150人,硕士,7421,11867
技术支持工程师,负责后端服务开发，确保代码质量和系统稳定性。要求熟悉文档编写、技术支持、客户沟通等相关技术，具备良好的沟通能力和团队协作精神。,广州,50-150人,本科,6528,13216
Java后端开发,负责后端服务开发，确保代码质量和系统稳定性。要求熟悉SpringBoot、Java、Redis等相关技术，具备良好的沟通能力和团队协作精神。,广州,1000人以上,博士,20626,35832
财务分析师,负责公司核心产品的开发与维护，参与技术方案设计。要求熟悉预算编制、财务分析、Excel等相关技术，具备良好的沟通能力和团队协作精神。,西安,少于50人,博士,12490,20520
技术支持工程师,负责后端服务开发，确保代码质量和系统稳定性。要求熟悉问题排查、技术支持、客户沟通等相关技术，具备良好的沟通能力和团队协作精神。,天津,1000人以上,大专,7872,13279
机器学习工程师,参与需求分析，提供技术解决方案，推动项目落地。要求熟悉Python、模型调优、机器学习等相关技术，具备良好的沟通能力和团队协作精神。,重庆,50-150人,博士,12810,21565
架构师,负责公司核心产品的开发与维护，参与技术方案设计。要求熟悉性能优化、系统架构、技术选型等相关技术，具备良好的沟通能力和团队协作精神。,杭州,1000人以上,硕士,14263,25745
算法工程师,参与需求分析，提供技术解决方案，推动项目落地。要求熟悉算法、Python、数据结构等相关技术，具备良好的沟通能力和团队协作精神。,深圳,少于50人,大专,6753,12193
数据科学家,负责数据分析和挖掘，为业务决策提供数据支持。要求熟悉PyTorch、TensorFlow、深度学习等相关技术，具备良好的沟通能力和团队协作精神。,深圳,少于50人,硕士,25861,42436
Python开发工程师,负责后端服务开发，确保代码质量和系统稳定性。要求熟悉Redis、Flask、MySQL等相关技术，具备良好的沟通能力和团队协作精神。,西安,500-1000人,硕士,9057,16561
测试工程师,参与系统架构设计，优化系统性能，提升用户体验。要求熟悉测试、自动化测试、缺陷管理等相关技术，具备良好的沟通能力和团队协作精神。,天津,少于50人,本科,7338,12125
运营专员,分析运营数据，优化运营策略和流程。要求熟悉活动策划、数据分析、用户增长等相关技术，具备良好的沟通能力和团队协作精神。,武汉,少于50人,硕士,5358,9115
财务分析师,参与系统架构设计，优化系统性能，提升用户体验。要求熟悉财务报表、财务分析、Excel等相关技术，具备良好的沟通能力和团队协作精神。,西安,500-1000人,博士,10927,21318
市场经理,负责市场推广和品牌建设，拓展市场渠道。要求熟悉渠道拓展、市场营销、活动策划等相关技术，具备良好的沟通能力和团队协作精神。,天津,1000人以上,博士,23808,42055
数据分析师,设计和维护数据报表，监控业务指标变化。要求熟悉统计学、Python、SQL等相关技术，具备良好的沟通能力和团队协作精神。,天津,500-1000人,大专,7237,12193
数据分析师,负责数据分析和挖掘，为业务决策提供数据支持。要求熟悉Excel、Tableau、Python等相关技术，具备良好的沟通能力和团队协作精神。,成都,500-1000人,博士,15175,26580
人力资源专员,参与需求分析，提供技术解决方案，推动项目落地。要求熟悉培训、招聘、员工关系等相关技术，具备良好的沟通能力和团队协作精神。,北京,150-500人,大专,5210,9370
人力资源专员,负责后端服务开发，确保代码质量和系统稳定性。要求熟悉招聘、员工关系、绩效考核等相关技术，具备良好的沟通能力和团队协作精神。,广州,500-1000人,大专,5892,9764
财务分析师,负责公司核心产品的开发与维护，参与技术方案设计。要求熟悉预算编制、Excel、财务分析等相关技术，具备良好的沟通能力和团队协作精神。,杭州,少于50人,大专,9900,14904
项目经理,参与系统架构设计，优化系统性能，提升用户体验。要求熟悉项目管理、风险控制、进度控制等相关技术，具备良好的沟通能力和团队协作精神。,上海,50-150人,大专,13389,22728
数据分析师,构建机器学习模型，解决实际业务问题。要求熟悉Excel、统计学、Tableau等相关技术，具备良好的沟通能力和团队协作精神。,北京,1000人以上,硕士,20180,33159
销售代表,负责市场推广和品牌建设，拓展市场渠道。要求熟悉销售、商务谈判、业绩目标等相关技术，具备良好的沟通能力和团队协作精神。,苏州,500-1000人,硕士,12297,20716
人力资源专员,负责公司核心产品的开发与维护，参与技术方案设计。要求熟悉培训、员工关系、绩效考核等相关技术，具备良好的沟通能力和团队协作精神。,北京,少于50人,博士,11203,19159
测试工程师,负责后端服务开发，确保代码质量和系统稳定性。要求熟悉自动化测试、测试、缺陷管理等相关技术，具备良好的沟通能力和团队协作精神。,杭州,150-500人,硕士,11909,21477
运营专员,分析运营数据，优化运营策略和流程。要求熟悉数据分析、活动策划、运营等相关技术，具备良好的沟通能力和团队协作精神。,天津,1000人以上,硕士,6969,12460
运维工程师,负责公司核心产品的开发与维护，参与技术方案设计。要求熟悉监控、K8s、Linux等相关技术，具备良好的沟通能力和团队协作精神。,上海,少于50人,大专,5829,11400
销售代表,策划营销活动，提升产品知名度和市场份额。要求熟悉商务谈判、客户关系、业绩目标等相关技术，具备良好的沟通能力和团队协作精神。,南京,50-150人,硕士,9775,17284
数据科学家,负责数据分析和挖掘，为业务决策提供数据支持。要求熟悉Python、TensorFlow、深度学习等相关技术，具备良好的沟通能力和团队协作精神。,深圳,1000人以上,硕士,37820,61220
测试工程师,参与需求分析，提供技术解决方案，推动项目落地。要求熟悉测试、缺陷管理、自动化测试等相关技术，具备良好的沟通能力和团队协作精神。,北京,150-500人,博士,20320,35296
全栈开发工程师,参与需求分析，提供技术解决方案，推动项目落地。要求熟悉JavaScript、MySQL、MongoDB等相关技术，具备良好的沟通能力和团队协作精神。,武汉,50-150人,硕士,8713,15432
运营专员,策划运营活动，提升品牌影响力和用户增长。要求熟悉运营、用户增长、数据分析等相关技术，具备良好的沟通能力和团队协作精神。,西安,50-150人,博士,7352,12961
销售代表,负责市场推广和品牌建设，拓展市场渠道。要求熟悉销售、客户关系、业绩目标等相关技术，具备良好的沟通能力和团队协作精神。,上海,150-500人,硕士,15857,26507
Python开发工程师,负责公司核心产品的开发与维护，参与技术方案设计。要求熟悉FastAPI、Redis、Python等相关技术，具备良好的沟通能力和团队协作精神。,上海,500-1000人,本科,25410,47940
市场经理,分析市场趋势和竞争对手，制定市场策略。要求熟悉活动策划、渠道拓展、市场营销等相关技术，具备良好的沟通能力和团队协作精神。,武汉,少于50人,硕士,13710,22726
销售代表,策划营销活动，提升产品知名度和市场份额。要求熟悉销售、业绩目标、商务谈判等相关技术，具备良好的沟通能力和团队协作精神。,深圳,50-150人,硕士,11728,21608
项目经理,负责后端服务开发，确保代码质量和系统稳定性。要求熟悉项目管理、团队协调、进度控制等相关技术，具备良好的沟通能力和团队协作精神。,成都,150-500人,博士,19189,34741
产品经理,负责产品规划和设计，推动产品迭代优化。要求熟悉Axure、用户研究、数据分析等相关技术，具备良好的沟通能力和团队协作精神。,天津,150-500人,本科,9292,17740
Java后端开发,负责公司核心产品的开发与维护，参与技术方案设计。要求熟悉Dubbo、Redis、MySQL等相关技术，具备良好的沟通能力和团队协作精神。,成都,500-1000人,大专,6493,11561
财务分析师,参与系统架构设计，优化系统性能，提升用户体验。要求熟悉财务报表、预算编制、Excel等相关技术，具备良好的沟通能力和团队协作精神。,天津,150-500人,博士,19270,29407
全栈开发工程师,负责后端服务开发，确保代码质量和系统稳定性。要求熟悉MongoDB、MySQL、React等相关技术，具备良好的沟通能力和团队协作精神。,南京,50-150人,本科,8500,14276
架构师,负责后端服务开发，确保代码质量和系统稳定性。要求熟悉微服务、系统架构、性能优化等相关技术，具备良好的沟通能力和团队协作精神。,西安,500-1000人,大专,7197,11815
算法工程师,负责公司核心产品的开发与维护，参与技术方案设计。要求熟悉深度学习、Python、算法等相关技术，具备良好的沟通能力和团队协作精神。,天津,500-1000人,博士,16424,27576
Python开发工程师,参与系统架构设计，优化系统性能，提升用户体验。要求熟悉Python、MySQL、Flask等相关技术，具备良好的沟通能力和团队协作精神。,重庆,少于50人,本科,5083,9435
财务分析师,参与系统架构设计，优化系统性能，提升用户体验。要求熟悉预算编制、Excel、财务报表等相关技术，具备良好的沟通能力和团队协作精神。,西安,50-150人,本科,8052,13038
机器学习工程师,参与需求分析，提供技术解决方案，推动项目落地。要求熟悉特征工程、机器学习、Python等相关技术，具备良好的沟通能力和团队协作精神。,重庆,50-150人,本科,5976,10840
数据科学家,负责数据分析和挖掘，为业务决策提供数据支持。要求熟悉机器学习、TensorFlow、PyTorch等相关技术，具备良好的沟通能力和团队协作精神。,南京,50-150人,硕士,26194,40273
人力资源专员,负责后端服务开发，确保代码质量和系统稳定性。要求熟悉培训、员工关系、绩效考核等相关技术，具备良好的沟通能力和团队协作精神。,苏州,1000人以上,本科,5566,9982
算法工程师,负责后端服务开发，确保代码质量和系统稳定性。要求熟悉数据结构、算法、机器学习等相关技术，具备良好的沟通能力和团队协作精神。,苏州,50-150人,本科,8628,14222
算法工程师,负责公司核心产品的开发与维护，参与技术方案设计。要求熟悉Python、算法、机器学习等相关技术，具备良好的沟通能力和团队协作精神。,重庆,50-150人,大专,6001,9893
财务分析师,参与系统架构设计，优化系统性能，提升用户体验。要求熟悉Excel、预算编制、财务分析等相关技术，具备良好的沟通能力和团队协作精神。,苏州,50-150人,本科,11677,17271
机器学习工程师,参与系统架构设计，优化系统性能，提升用户体验。要求熟悉Python、特征工程、机器学习等相关技术，具备良好的沟通能力和团队协作精神。,杭州,500-1000人,大专,8408,14884
市场经理,策划营销活动，提升产品知名度和市场份额。要求熟悉渠道拓展、市场营销、品牌建设等相关技术，具备良好的沟通能力和团队协作精神。,成都,少于50人,硕士,14402,23949
Java后端开发,负责公司核心产品的开发与维护，参与技术方案设计。要求熟悉Spring、Redis、Dubbo等相关技术，具备良好的沟通能力和团队协作精神。,西安,150-500人,博士,17030,26476
全栈开发工程师,负责后端服务开发，确保代码质量和系统稳定性。要求熟悉React、MongoDB、Node.js等相关技术，具备良好的沟通能力和团队协作精神。,北京,少于50人,博士,16029,28758
数据分析师,负责数据分析和挖掘，为业务决策提供数据支持。要求熟悉Tableau、统计学、Excel等相关技术，具备良好的沟通能力和团队协作精神。,深圳,500-1000人,本科,11895,20695
UI设计师,参与需求分析，提供技术解决方案，推动项目落地。要求熟悉交互设计、UI设计、Figma等相关技术，具备良好的沟通能力和团队协作精神。,广州,50-150人,大专,5805,10486
人力资源专员,参与需求分析，提供技术解决方案，推动项目落地。要求熟悉招聘、员工关系、培训等相关技术，具备良好的沟通能力和团队协作精神。,杭州,500-1000人,大专,6649,10697
Java后端开发,负责后端服务开发，确保代码质量和系统稳定性。要求熟悉Redis、SpringBoot、Spring等相关技术，具备良好的沟通能力和团队协作精神。,广州,500-1000人,大专,6330,12526
技术支持工程师,负责后端服务开发，确保代码质量和系统稳定性。要求熟悉技术支持、客户沟通、文档编写等相关技术，具备良好的沟通能力和团队协作精神。,南京,150-500人,本科,7935,14015
测试工程师,参与系统架构设计，优化系统性能，提升用户体验。要求熟悉缺陷管理、自动化测试、测试等相关技术，具备良好的沟通能力和团队协作精神。,天津,150-500人,大专,6564,11070
财务分析师,参与需求分析，提供技术解决方案，推动项目落地。要求熟悉财务报表、预算编制、财务分析等相关技术，具备良好的沟通能力和团队协作精神。,西安,150-500人,本科,9068,14316
销售代表,负责市场推广和品牌建设，拓展市场渠道。要求熟悉销售、业绩目标、商务谈判等相关技术，具备良好的沟通能力和团队协作精神。,苏州,少于50人,博士,13105,22114
人力资源专员,参与需求分析，提供技术解决方案，推动项目落地。要求熟悉绩效考核、培训、招聘等相关技术，具备良好的沟通能力和团队协作精神。,广州,1000人以上,硕士,10601,17465
运营专员,策划运营活动，提升品牌影响力和用户增长。要求熟悉用户增长、数据分析、运营等相关技术，具备良好的沟通能力和团队协作精神。,苏州,500-1000人,硕士,9239,14501
全栈开发工程师,负责后端服务开发，确保代码质量和系统稳定性。要求熟悉MongoDB、JavaScript、React等相关技术，具备良好的沟通能力和团队协作精神。,南京,50-150人,博士,12439,22835
技术支持工程师,负责公司核心产品的开发与维护，参与技术方案设计。要求熟悉客户沟通、问题排查、技术支持等相关技术，具备良好的沟通能力和团队协作精神。,天津,1000人以上,博士,15182,27347
运营专员,策划运营活动，提升品牌影响力和用户增长。要求熟悉用户增长、活动策划、运营等相关技术，具备良好的沟通能力和团队协作精神。,苏州,50-150人,本科,5000,8199
数据分析师,构建机器学习模型，解决实际业务问题。要求熟悉SQL、Excel、统计学等相关技术，具备良好的沟通能力和团队协作精神。,深圳,50-150人,硕士,9233,14173
数据科学家,设计和维护数据报表，监控业务指标变化。要求熟悉Python、深度学习、TensorFlow等相关技术，具备良好的沟通能力和团队协作精神。,天津,1000人以上,大专,17952,28090
运营专员,策划运营活动，提升品牌影响力和用户增长。要求熟悉运营、用户增长、数据分析等相关技术，具备良好的沟通能力和团队协作精神。,南京,150-500人,本科,6042,9842
数据科学家,设计和维护数据报表，监控业务指标变化。要求熟悉机器学习、PyTorch、Python等相关技术，具备良好的沟通能力和团队协作精神。,重庆,500-1000人,博士,34782,53790
项目经理,负责后端服务开发，确保代码质量和系统稳定性。要求熟悉进度控制、团队协调、项目管理等相关技术，具备良好的沟通能力和团队协作精神。,南京,150-500人,博士,18945,35361
市场经理,负责市场推广和品牌建设，拓展市场渠道。要求熟悉品牌建设、市场营销、渠道拓展等相关技术，具备良好的沟通能力和团队协作精神。,武汉,500-1000人,博士,27266,43423
UI设计师,负责公司核心产品的开发与维护，参与技术方案设计。要求熟悉Sketch、交互设计、UI设计等相关技术，具备良好的沟通能力和团队协作精神。,南京,1000人以上,博士,22629,34120
人力资源专员,负责公司核心产品的开发与维护，参与技术方案设计。要求熟悉培训、绩效考核、员工关系等相关技术，具备良好的沟通能力和团队协作精神。,南京,少于50人,博士,9576,15390
项目经理,负责后端服务开发，确保代码质量和系统稳定性。要求熟悉风险控制、团队协调、进度控制等相关技术，具备良好的沟通能力和团队协作精神。,重庆,150-500人,博士,70878,112350
人力资源专员,参与需求分析，提供技术解决方案，推动项目落地。要求熟悉绩效考核、员工关系、培训等相关技术，具备良好的沟通能力和团队协作精神。,北京,150-500人,博士,10938,20298
机器学习工程师,负责公司核心产品的开发与维护，参与技术方案设计。要求熟悉模型调优、Python、特征工程等相关技术，具备良好的沟通能力和团队协作精神。,重庆,1000人以上,本科,7843,13987
人力资源专员,参与系统架构设计，优化系统性能，提升用户体验。要求熟悉员工关系、招聘、培训等相关技术，具备良好的沟通能力和团队协作精神。,上海,少于50人,大专,5000,8191
人力资源专员,参与需求分析，提供技术解决方案，推动项目落地。要求熟悉绩效考核、培训、员工关系等相关技术，具备良好的沟通能力和团队协作精神。,深圳,少于50人,大专,5590,8990
UI设计师,负责后端服务开发，确保代码质量和系统稳定性。要求熟悉Sketch、用户体验、交互设计等相关技术，具备良好的沟通能力和团队协作精神。,重庆,1000人以上,博士,13720,23396
运维工程师,负责后端服务开发，确保代码质量和系统稳定性。要求熟悉K8s、Docker、运维等相关技术，具备良好的沟通能力和团队协作精神。,武汉,150-500人,硕士,10728,17800
数据科学家,构建机器学习模型，解决实际业务问题。要求熟悉Python、PyTorch、TensorFlow等相关技术，具备良好的沟通能力和团队协作精神。,杭州,500-1000人,博士,51064,78388
人力资源专员,参与需求分析，提供技术解决方案，推动项目落地。要求熟悉培训、员工关系、招聘等相关技术，具备良好的沟通能力和团队协作精神。,南京,500-1000人,硕士,8906,14340
销售代表,策划营销活动，提升产品知名度和市场份额。要求熟悉商务谈判、客户关系、销售等相关技术，具备良好的沟通能力和团队协作精神。,上海,500-1000人,博士,23165,39385
数据分析师,构建机器学习模型，解决实际业务问题。要求熟悉SQL、Tableau、Excel等相关技术，具备良好的沟通能力和团队协作精神。,深圳,150-500人,硕士,15302,25702
Python开发工程师,参与需求分析，提供技术解决方案，推动项目落地。要求熟悉MySQL、FastAPI、Python等相关技术，具备良好的沟通能力和团队协作精神。,深圳,50-150人,本科,9243,16843
运维工程师,负责公司核心产品的开发与维护，参与技术方案设计。要求熟悉运维、K8s、监控等相关技术，具备良好的沟通能力和团队协作精神。,广州,150-500人,博士,20393,33065
算法工程师,负责后端服务开发，确保代码质量和系统稳定性。要求熟悉Python、数据结构、算法等相关技术，具备良好的沟通能力和团队协作精神。,武汉,50-150人,大专,6288,10423
运维工程师,参与系统架构设计，优化系统性能，提升用户体验。要求熟悉运维、Docker、K8s等相关技术，具备良好的沟通能力和团队协作精神。,重庆,500-1000人,大专,6162,10667
Java后端开发,负责公司核心产品的开发与维护，参与技术方案设计。要求熟悉Redis、SpringBoot、Java等相关技术，具备良好的沟通能力和团队协作精神。,南京,1000人以上,本科,9460,16756
机器学习工程师,参与需求分析，提供技术解决方案，推动项目落地。要求熟悉Python、特征工程、机器学习等相关技术，具备良好的沟通能力和团队协作精神。,杭州,1000人以上,大专,7031,14097
技术支持工程师,参与系统架构设计，优化系统性能，提升用户体验。要求熟悉客户沟通、问题排查、技术支持等相关技术，具备良好的沟通能力和团队协作精神。,西安,1000人以上,博士,13310,24646
架构师,负责后端服务开发，确保代码质量和系统稳定性。要求熟悉微服务、性能优化、技术选型等相关技术，具备良好的沟通能力和团队协作精神。,杭州,少于50人,本科,10844,17100
运维工程师,负责公司核心产品的开发与维护，参与技术方案设计。要求熟悉K8s、Linux、监控等相关技术，具备良好的沟通能力和团队协作精神。,北京,150-500人,硕士,12275,23091
人力资源专员,负责公司核心产品的开发与维护，参与技术方案设计。要求熟悉绩效考核、培训、招聘等相关技术，具备良好的沟通能力和团队协作精神。,天津,500-1000人,硕士,7741,12774
项目经理,负责公司核心产品的开发与维护，参与技术方案设计。要求熟悉进度控制、团队协调、风险控制等相关技术，具备良好的沟通能力和团队协作精神。,杭州,少于50人,硕士,19078,31277
Python开发工程师,负责后端服务开发，确保代码质量和系统稳定性。要求熟悉Django、Python、Redis等相关技术，具备良好的沟通能力和团队协作精神。,深圳,1000人以上,硕士,14223,26703
前端开发工程师,负责后端服务开发，确保代码质量和系统稳定性。要求熟悉HTML、Vue、JavaScript等相关技术，具备良好的沟通能力和团队协作精神。,成都,1000人以上,本科,9743,16655
UI设计师,负责公司核心产品的开发与维护，参与技术方案设计。要求熟悉Figma、UI设计、Sketch等相关技术，具备良好的沟通能力和团队协作精神。,广州,150-500人,本科,11358,17518
UI设计师,负责后端服务开发，确保代码质量和系统稳定性。要求熟悉交互设计、用户体验、Figma等相关技术，具备良好的沟通能力和团队协作精神。,重庆,500-1000人,博士,14596,23466
销售代表,分析市场趋势和竞争对手，制定市场策略。要求熟悉商务谈判、销售、客户关系等相关技术，具备良好的沟通能力和团队协作精神。,苏州,150-500人,大专,9010,13720
产品经理,负责产品规划和设计，推动产品迭代优化。要求熟悉产品设计、需求分析、Axure等相关技术，具备良好的沟通能力和团队协作精神。,重庆,1000人以上,本科,9788,19004
市场经理,分析市场趋势和竞争对手，制定市场策略。要求熟悉渠道拓展、市场营销、品牌建设等相关技术，具备良好的沟通能力和团队协作精神。,重庆,1000人以上,博士,26102,42691
数据科学家,构建机器学习模型，解决实际业务问题。要求熟悉Python、深度学习、TensorFlow等相关技术，具备良好的沟通能力和团队协作精神。,广州,50-150人,本科,19403,31943
架构师,参与系统架构设计，优化系统性能，提升用户体验。要求熟悉微服务、技术选型、性能优化等相关技术，具备良好的沟通能力和团队协作精神。,武汉,1000人以上,硕士,12897,21383
运营专员,策划运营活动，提升品牌影响力和用户增长。要求熟悉活动策划、数据分析、运营等相关技术，具备良好的沟通能力和团队协作精神。,南京,50-150人,大专,5000,7474
人力资源专员,负责公司核心产品的开发与维护，参与技术方案设计。要求熟悉绩效考核、招聘、员工关系等相关技术，具备良好的沟通能力和团队协作精神。,武汉,50-150人,本科,5000,7601
UI设计师,负责后端服务开发，确保代码质量和系统稳定性。要求熟悉Figma、用户体验、交互设计等相关技术，具备良好的沟通能力和团队协作精神。,南京,1000人以上,本科,10801,17185
市场经理,分析市场趋势和竞争对手，制定市场策略。要求熟悉市场营销、品牌建设、活动策划等相关技术，具备良好的沟通能力和团队协作精神。,苏州,150-500人,博士,16321,32218
算法工程师,参与系统架构设计，优化系统性能，提升用户体验。要求熟悉机器学习、算法、数据结构等相关技术，具备良好的沟通能力和团队协作精神。,深圳,500-1000人,本科,13095,21895
技术支持工程师,参与系统架构设计，优化系统性能，提升用户体验。要求熟悉问题排查、技术支持、文档编写等相关技术，具备良好的沟通能力和团队协作精神。,南京,1000人以上,大专,8351,14188
项目经理,负责后端服务开发，确保代码质量和系统稳定性。要求熟悉团队协调、风险控制、进度控制等相关技术，具备良好的沟通能力和团队协作精神。,北京,少于50人,博士,28541,47635
Java后端开发,参与需求分析，提供技术解决方案，推动项目落地。要求熟悉MySQL、Redis、SpringBoot等相关技术，具备良好的沟通能力和团队协作精神。,重庆,1000人以上,硕士,12567,20554
产品经理,协调研发、设计、运营团队，确保产品按时交付。要求熟悉Axure、数据分析、产品设计等相关技术，具备良好的沟通能力和团队协作精神。,上海,500-1000人,博士,35131,59461
项目经理,参与需求分析，提供技术解决方案，推动项目落地。要求熟悉进度控制、风险控制、项目管理等相关技术，具备良好的沟通能力和团队协作精神。,南京,少于50人,大专,8699,14900
销售代表,策划营销活动，提升产品知名度和市场份额。要求熟悉销售、商务谈判、客户关系等相关技术，具备良好的沟通能力和团队协作精神。,苏州,少于50人,硕士,7871,14377
销售代表,负责市场推广和品牌建设，拓展市场渠道。要求熟悉业绩目标、商务谈判、销售等相关技术，具备良好的沟通能力和团队协作精神。,南京,1000人以上,博士,16303,29436
运维工程师,参与需求分析，提供技术解决方案，推动项目落地。要求熟悉Linux、运维、K8s等相关技术，具备良好的沟通能力和团队协作精神。,杭州,1000人以上,博士,25396,41294
Python开发工程师,负责公司核心产品的开发与维护，参与技术方案设计。要求熟悉Django、Redis、FastAPI等相关技术，具备良好的沟通能力和团队协作精神。,重庆,500-1000人,博士,16669,26806
全栈开发工程师,负责后端服务开发，确保代码质量和系统稳定性。要求熟悉JavaScript、MongoDB、MySQL等相关技术，具备良好的沟通能力和团队协作精神。,深圳,少于50人,大专,7237,12677
项目经理,负责公司核心产品的开发与维护，参与技术方案设计。要求熟悉进度控制、项目管理、风险控制等相关技术，具备良好的沟通能力和团队协作精神。,重庆,1000人以上,博士,22952,39541
Python开发工程师,负责公司核心产品的开发与维护，参与技术方案设计。要求熟悉Python、FastAPI、Django等相关技术，具备良好的沟通能力和团队协作精神。,武汉,500-1000人,大专,5770,10557
算法工程师,参与需求分析，提供技术解决方案，推动项目落地。要求熟悉深度学习、数据结构、算法等相关技术，具备良好的沟通能力和团队协作精神。,西安,50-150人,本科,7951,12937
产品经理,分析用户需求和市场动态，制定产品发展策略。要求熟悉Axure、用户研究、产品设计等相关技术，具备良好的沟通能力和团队协作精神。,天津,1000人以上,博士,27367,45614
算法工程师,参与需求分析，提供技术解决方案，推动项目落地。要求熟悉机器学习、Python、数据结构等相关技术，具备良好的沟通能力和团队协作精神。,天津,150-500人,大专,7835,12340
运维工程师,参与系统架构设计，优化系统性能，提升用户体验。要求熟悉Docker、监控、K8s等相关技术，具备良好的沟通能力和团队协作精神。,苏州,500-1000人,本科,7838,14315
UI设计师,参与系统架构设计，优化系统性能，提升用户体验。要求熟悉UI设计、Figma、Sketch等相关技术，具备良好的沟通能力和团队协作精神。,北京,500-1000人,博士,22513,36927
机器学习工程师,负责后端服务开发，确保代码质量和系统稳定性。要求熟悉Python、特征工程、机器学习等相关技术，具备良好的沟通能力和团队协作精神。,上海,150-500人,硕士,15105,25754
UI设计师,参与系统架构设计，优化系统性能，提升用户体验。要求熟悉UI设计、用户体验、Sketch等相关技术，具备良好的沟通能力和团队协作精神。,重庆,少于50人,硕士,8818,13768
技术支持工程师,负责后端服务开发，确保代码质量和系统稳定性。要求熟悉客户沟通、技术支持、问题排查等相关技术，具备良好的沟通能力和团队协作精神。,重庆,50-150人,硕士,8438,14761
销售代表,负责市场推广和品牌建设，拓展市场渠道。要求熟悉销售、客户关系、业绩目标等相关技术，具备良好的沟通能力和团队协作精神。,南京,1000人以上,本科,8837,16133
运营专员,负责日常运营工作，提升用户活跃度和留存率。要求熟悉活动策划、数据分析、用户增长等相关技术，具备良好的沟通能力和团队协作精神。,西安,少于50人,大专,5000,7000
Java后端开发,负责公司核心产品的开发与维护，参与技术方案设计。要求熟悉SpringBoot、MySQL、Java等相关技术，具备良好的沟通能力和团队协作精神。,广州,500-1000人,博士,21051,34990
Java后端开发,参与需求分析，提供技术解决方案，推动项目落地。要求熟悉Redis、Java、Spring等相关技术，具备良好的沟通能力和团队协作精神。,苏州,500-1000人,博士,14027,25685
算法工程师,负责后端服务开发，确保代码质量和系统稳定性。要求熟悉机器学习、Python、数据结构等相关技术，具备良好的沟通能力和团队协作精神。,重庆,150-500人,硕士,10843,17499
财务分析师,负责公司核心产品的开发与维护，参与技术方案设计。要求熟悉预算编制、财务报表、Excel等相关技术，具备良好的沟通能力和团队协作精神。,西安,1000人以上,硕士,15911,24097
运营专员,负责日常运营工作，提升用户活跃度和留存率。要求熟悉活动策划、数据分析、用户增长等相关技术，具备良好的沟通能力和团队协作精神。,北京,少于50人,博士,36441,60309
测试工程师,负责公司核心产品的开发与维护，参与技术方案设计。要求熟悉性能测试、缺陷管理、自动化测试等相关技术，具备良好的沟通能力和团队协作精神。,广州,500-1000人,本科,10763,18507
销售代表,分析市场趋势和竞争对手，制定市场策略。要求熟悉业绩目标、销售、商务谈判等相关技术，具备良好的沟通能力和团队协作精神。,西安,50-150人,本科,7373,12358
运维工程师,负责公司核心产品的开发与维护，参与技术方案设计。要求熟悉Linux、运维、监控等相关技术，具备良好的沟通能力和团队协作精神。,武汉,1000人以上,本科,7921,14449
架构师,参与系统架构设计，优化系统性能，提升用户体验。要求熟悉技术选型、系统架构、微服务等相关技术，具备良好的沟通能力和团队协作精神。,成都,150-500人,本科,7952,13712
前端开发工程师,负责后端服务开发，确保代码质量和系统稳定性。要求熟悉CSS、Vue、React等相关技术，具备良好的沟通能力和团队协作精神。,武汉,150-500人,大专,5000,8579
项目经理,参与需求分析，提供技术解决方案，推动项目落地。要求熟悉进度控制、风险控制、团队协调等相关技术，具备良好的沟通能力和团队协作精神。,武汉,500-1000人,大专,11053,18234
人力资源专员,参与系统架构设计，优化系统性能，提升用户体验。要求熟悉招聘、培训、绩效考核等相关技术，具备良好的沟通能力和团队协作精神。,西安,150-500人,博士,7012,12916
架构师,负责后端服务开发，确保代码质量和系统稳定性。要求熟悉系统架构、技术选型、微服务等相关技术，具备良好的沟通能力和团队协作精神。,杭州,少于50人,博士,18657,29918
UI设计师,参与系统架构设计，优化系统性能，提升用户体验。要求熟悉Figma、UI设计、Sketch等相关技术，具备良好的沟通能力和团队协作精神。,北京,150-500人,大专,9156,14980
全栈开发工程师,负责后端服务开发，确保代码质量和系统稳定性。要求熟悉JavaScript、React、MySQL等相关技术，具备良好的沟通能力和团队协作精神。,武汉,1000人以上,大专,6973,12195
产品经理,分析用户需求和市场动态，制定产品发展策略。要求熟悉产品设计、Axure、用户研究等相关技术，具备良好的沟通能力和团队协作精神。,重庆,500-1000人,博士,19119,34325
机器学习工程师,负责后端服务开发，确保代码质量和系统稳定性。要求熟悉Python、特征工程、模型调优等相关技术，具备良好的沟通能力和团队协作精神。,天津,500-1000人,博士,14730,25882
项目经理,负责后端服务开发，确保代码质量和系统稳定性。要求熟悉进度控制、项目管理、团队协调等相关技术，具备良好的沟通能力和团队协作精神。,天津,50-150人,博士,23705,38151
数据分析师,设计和维护数据报表，监控业务指标变化。要求熟悉统计学、Tableau、Python等相关技术，具备良好的沟通能力和团队协作精神。,武汉,150-500人,大专,5000,9327
数据科学家,构建机器学习模型，解决实际业务问题。要求熟悉TensorFlow、PyTorch、机器学习等相关技术，具备良好的沟通能力和团队协作精神。,上海,1000人以上,本科,34087,52519
全栈开发工程师,参与需求分析，提供技术解决方案，推动项目落地。要求熟悉MySQL、JavaScript、MongoDB等相关技术，具备良好的沟通能力和团队协作精神。,苏州,500-1000人,博士,16768,28427
数据分析师,构建机器学习模型，解决实际业务问题。要求熟悉Excel、SQL、Tableau等相关技术，具备良好的沟通能力和团队协作精神。,成都,500-1000人,本科,9019,15355
数据分析师,设计和维护数据报表，监控业务指标变化。要求熟悉统计学、SQL、Tableau等相关技术，具备良好的沟通能力和团队协作精神。,深圳,50-150人,硕士,14348,24228
机器学习工程师,参与系统架构设计，优化系统性能，提升用户体验。要求熟悉模型调优、机器学习、特征工程等相关技术，具备良好的沟通能力和团队协作精神。,天津,500-1000人,博士,18838,29989
技术支持工程师,参与需求分析，提供技术解决方案，推动项目落地。要求熟悉文档编写、客户沟通、技术支持等相关技术，具备良好的沟通能力和团队协作精神。,天津,少于50人,大专,5000,8416
市场经理,策划营销活动，提升产品知名度和市场份额。要求熟悉市场营销、品牌建设、渠道拓展等相关技术，具备良好的沟通能力和团队协作精神。,深圳,150-500人,硕士,18076,33676
Python开发工程师,参与系统架构设计，优化系统性能，提升用户体验。要求熟悉Flask、Python、FastAPI等相关技术，具备良好的沟通能力和团队协作精神。,苏州,50-150人,本科,8884,14477
运营专员,策划运营活动，提升品牌影响力和用户增长。要求熟悉活动策划、用户增长、运营等相关技术，具备良好的沟通能力和团队协作精神。,武汉,150-500人,博士,9594,15714
全栈开发工程师,参与需求分析，提供技术解决方案，推动项目落地。要求熟悉React、MySQL、JavaScript等相关技术，具备良好的沟通能力和团队协作精神。,南京,500-1000人,本科,8019,14707
前端开发工程师,参与需求分析，提供技术解决方案，推动项目落地。要求熟悉HTML、Vue、CSS等相关技术，具备良好的沟通能力和团队协作精神。,苏州,1000人以上,硕士,13002,22188
项目经理,参与需求分析，提供技术解决方案，推动项目落地。要求熟悉风险控制、进度控制、项目管理等相关技术，具备良好的沟通能力和团队协作精神。,深圳,50-150人,博士,24268,44788
运营专员,负责日常运营工作，提升用户活跃度和留存率。要求熟悉数据分析、运营、用户增长等相关技术，具备良好的沟通能力和团队协作精神。,苏州,少于50人,大专,5000,7000
市场经理,策划营销活动，提升产品知名度和市场份额。要求熟悉渠道拓展、活动策划、品牌建设等相关技术，具备良好的沟通能力和团队协作精神。,成都,少于50人,本科,11559,18903
架构师,参与系统架构设计，优化系统性能，提升用户体验。要求熟悉技术选型、性能优化、系统架构等相关技术，具备良好的沟通能力和团队协作精神。,武汉,500-1000人,本科,8824,14808
运营专员,负责日常运营工作，提升用户活跃度和留存率。要求熟悉数据分析、活动策划、用户增长等相关技术，具备良好的沟通能力和团队协作精神。,西安,50-150人,本科,5000,8015
人力资源专员,参与需求分析，提供技术解决方案，推动项目落地。要求熟悉绩效考核、员工关系、招聘等相关技术，具备良好的沟通能力和团队协作精神。,天津,少于50人,硕士,7204,11094
数据分析师,构建机器学习模型，解决实际业务问题。要求熟悉统计学、Tableau、Python等相关技术，具备良好的沟通能力和团队协作精神。,成都,少于50人,大专,6609,10526
运维工程师,参与系统架构设计，优化系统性能，提升用户体验。要求熟悉运维、Linux、Docker等相关技术，具备良好的沟通能力和团队协作精神。,西安,1000人以上,硕士,9442,17629
Python开发工程师,负责后端服务开发，确保代码质量和系统稳定性。要求熟悉Django、FastAPI、MySQL等相关技术，具备良好的沟通能力和团队协作精神。,杭州,少于50人,硕士,11868,20000
财务分析师,负责公司核心产品的开发与维护，参与技术方案设计。要求熟悉Excel、财务报表、财务分析等相关技术，具备良好的沟通能力和团队协作精神。,武汉,少于50人,本科,9913,14537
Java后端开发,参与系统架构设计，优化系统性能，提升用户体验。要求熟悉Java、SpringBoot、Spring等相关技术，具备良好的沟通能力和团队协作精神。,上海,1000人以上,博士,20963,38658
项目经理,负责公司核心产品的开发与维护，参与技术方案设计。要求熟悉团队协调、项目管理、进度控制等相关技术，具备良好的沟通能力和团队协作精神。,上海,150-500人,大专,12850,22680
测试工程师,负责公司核心产品的开发与维护，参与技术方案设计。要求熟悉测试、自动化测试、缺陷管理等相关技术，具备良好的沟通能力和团队协作精神。,南京,500-1000人,本科,9718,16406
架构师,参与需求分析，提供技术解决方案，推动项目落地。要求熟悉性能优化、技术选型、微服务等相关技术，具备良好的沟通能力和团队协作精神。,西安,少于50人,大专,5000,8439
数据分析师,构建机器学习模型，解决实际业务问题。要求熟悉统计学、SQL、Tableau等相关技术，具备良好的沟通能力和团队协作精神。,成都,500-1000人,大专,7464,12533
财务分析师,负责公司核心产品的开发与维护，参与技术方案设计。要求熟悉Excel、预算编制、财务分析等相关技术，具备良好的沟通能力和团队协作精神。,苏州,50-150人,本科,10811,16405
机器学习工程师,负责公司核心产品的开发与维护，参与技术方案设计。要求熟悉机器学习、Python、特征工程等相关技术，具备良好的沟通能力和团队协作精神。,北京,500-1000人,大专,13252,20573
数据科学家,设计和维护数据报表，监控业务指标变化。要求熟悉深度学习、Python、PyTorch等相关技术，具备良好的沟通能力和团队协作精神。,南京,500-1000人,硕士,26477,42779
市场经理,分析市场趋势和竞争对手，制定市场策略。要求熟悉市场营销、活动策划、品牌建设等相关技术，具备良好的沟通能力和团队协作精神。,深圳,50-150人,硕士,17865,32685
数据分析师,构建机器学习模型，解决实际业务问题。要求熟悉SQL、统计学、Excel等相关技术，具备良好的沟通能力和团队协作精神。,北京,500-1000人,博士,22217,38690
前端开发工程师,负责公司核心产品的开发与维护，参与技术方案设计。要求熟悉JavaScript、TypeScript、HTML等相关技术，具备良好的沟通能力和团队协作精神。,杭州,150-500人,本科,10476,17836
算法工程师,参与系统架构设计，优化系统性能，提升用户体验。要求熟悉数据结构、深度学习、机器学习等相关技术，具备良好的沟通能力和团队协作精神。,广州,1000人以上,本科,13364,21812
Java后端开发,参与系统架构设计，优化系统性能，提升用户体验。要求熟悉Spring、Dubbo、Java等相关技术，具备良好的沟通能力和团队协作精神。,北京,150-500人,本科,12181,20501
销售代表,负责市场推广和品牌建设，拓展市场渠道。要求熟悉销售、业绩目标、商务谈判等相关技术，具备良好的沟通能力和团队协作精神。,武汉,50-150人,大专,5682,9817
机器学习工程师,参与系统架构设计，优化系统性能，提升用户体验。要求熟悉机器学习、特征工程、Python等相关技术，具备良好的沟通能力和团队协作精神。,杭州,1000人以上,硕士,14518,26000
机器学习工程师,参与系统架构设计，优化系统性能，提升用户体验。要求熟悉模型调优、Python、特征工程等相关技术，具备良好的沟通能力和团队协作精神。,广州,50-150人,硕士,10174,18868
数据科学家,构建机器学习模型，解决实际业务问题。要求熟悉TensorFlow、深度学习、机器学习等相关技术，具备良好的沟通能力和团队协作精神。,广州,1000人以上,硕士,36185,56777
数据分析师,设计和维护数据报表，监控业务指标变化。要求熟悉Tableau、Python、Excel等相关技术，具备良好的沟通能力和团队协作精神。,广州,150-500人,本科,13287,20327
技术支持工程师,参与系统架构设计，优化系统性能，提升用户体验。要求熟悉客户沟通、文档编写、问题排查等相关技术，具备良好的沟通能力和团队协作精神。,西安,500-1000人,大专,5011,9629
财务分析师,负责公司核心产品的开发与维护，参与技术方案设计。要求熟悉Excel、财务分析、预算编制等相关技术，具备良好的沟通能力和团队协作精神。,广州,150-500人,本科,14328,21368
UI设计师,负责后端服务开发，确保代码质量和系统稳定性。要求熟悉交互设计、Sketch、UI设计等相关技术，具备良好的沟通能力和团队协作精神。,重庆,500-1000人,本科,8702,13630
技术支持工程师,参与需求分析，提供技术解决方案，推动项目落地。要求熟悉技术支持、问题排查、文档编写等相关技术，具备良好的沟通能力和团队协作精神。,西安,50-150人,硕士,10612,17093
人力资源专员,负责公司核心产品的开发与维护，参与技术方案设计。要求熟悉绩效考核、培训、员工关系等相关技术，具备良好的沟通能力和团队协作精神。,武汉,150-500人,硕士,5443,9863
数据科学家,设计和维护数据报表，监控业务指标变化。要求熟悉TensorFlow、PyTorch、机器学习等相关技术，具备良好的沟通能力和团队协作精神。,成都,50-150人,大专,10660,18868
全栈开发工程师,参与系统架构设计，优化系统性能，提升用户体验。要求熟悉React、MySQL、Node.js等相关技术，具备良好的沟通能力和团队协作精神。,杭州,500-1000人,硕士,14177,24702
销售代表,策划营销活动，提升产品知名度和市场份额。要求熟悉业绩目标、客户关系、商务谈判等相关技术，具备良好的沟通能力和团队协作精神。,深圳,150-500人,博士,21157,35557
算法工程师,参与系统架构设计，优化系统性能，提升用户体验。要求熟悉深度学习、Python、机器学习等相关技术，具备良好的沟通能力和团队协作精神。,成都,50-150人,博士,16860,26710
算法工程师,参与需求分析，提供技术解决方案，推动项目落地。要求熟悉机器学习、数据结构、深度学习等相关技术，具备良好的沟通能力和团队协作精神。,深圳,150-500人,本科,12059,20059
全栈开发工程师,参与系统架构设计，优化系统性能，提升用户体验。要求熟悉MySQL、MongoDB、JavaScript等相关技术，具备良好的沟通能力和团队协作精神。,成都,500-1000人,大专,6738,11807
架构师,参与系统架构设计，优化系统性能，提升用户体验。要求熟悉性能优化、技术选型、微服务等相关技术，具备良好的沟通能力和团队协作精神。,广州,150-500人,硕士,10822,19974
运维工程师,负责公司核心产品的开发与维护，参与技术方案设计。要求熟悉K8s、运维、Linux等相关技术，具备良好的沟通能力和团队协作精神。,天津,500-1000人,本科,9947,16142
架构师,参与系统架构设计，优化系统性能，提升用户体验。要求熟悉系统架构、技术选型、微服务等相关技术，具备良好的沟通能力和团队协作精神。,深圳,150-500人,博士,17195,31595
销售代表,负责市场推广和品牌建设，拓展市场渠道。要求熟悉业绩目标、商务谈判、销售等相关技术，具备良好的沟通能力和团队协作精神。,广州,1000人以上,大专,11356,18114
UI设计师,负责公司核心产品的开发与维护，参与技术方案设计。要求熟悉用户体验、Figma、交互设计等相关技术，具备良好的沟通能力和团队协作精神。,上海,少于50人,本科,9638,15731
数据分析师,设计和维护数据报表，监控业务指标变化。要求熟悉Excel、SQL、Tableau等相关技术，具备良好的沟通能力和团队协作精神。,武汉,少于50人,博士,16941,25264
产品经理,协调研发、设计、运营团队，确保产品按时交付。要求熟悉数据分析、产品设计、Axure等相关技术，具备良好的沟通能力和团队协作精神。,南京,1000人以上,博士,29594,49293
数据分析师,负责数据分析和挖掘，为业务决策提供数据支持。要求熟悉Excel、SQL、统计学等相关技术，具备良好的沟通能力和团队协作精神。,武汉,150-500人,本科,9016,14456
人力资源专员,参与需求分析，提供技术解决方案，推动项目落地。要求熟悉员工关系、招聘、培训等相关技术，具备良好的沟通能力和团队协作精神。,广州,1000人以上,硕士,9582,16446
产品经理,协调研发、设计、运营团队，确保产品按时交付。要求熟悉Axure、数据分析、需求分析等相关技术，具备良好的沟通能力和团队协作精神。,深圳,1000人以上,本科,18879,33279
机器学习工程师,参与需求分析，提供技术解决方案，推动项目落地。要求熟悉机器学习、特征工程、模型调优等相关技术，具备良好的沟通能力和团队协作精神。,广州,1000人以上,大专,9835,16593
Python开发工程师,负责公司核心产品的开发与维护，参与技术方案设计。要求熟悉Redis、Python、Django等相关技术，具备良好的沟通能力和团队协作精神。,广州,500-1000人,硕士,13988,24055
财务分析师,参与需求分析，提供技术解决方案，推动项目落地。要求熟悉财务分析、Excel、预算编制等相关技术，具备良好的沟通能力和团队协作精神。,天津,500-1000人,硕士,12544,20598
UI设计师,参与系统架构设计，优化系统性能，提升用户体验。要求熟悉Figma、Sketch、UI设计等相关技术，具备良好的沟通能力和团队协作精神。,重庆,少于50人,博士,11017,17871
技术支持工程师,参与需求分析，提供技术解决方案，推动项目落地。要求熟悉技术支持、文档编写、问题排查等相关技术，具备良好的沟通能力和团队协作精神。,上海,少于50人,大专,7741,13312
项目经理,参与系统架构设计，优化系统性能，提升用户体验。要求熟悉团队协调、风险控制、项目管理等相关技术，具备良好的沟通能力和团队协作精神。,北京,少于50人,博士,18633,37727
前端开发工程师,负责后端服务开发，确保代码质量和系统稳定性。要求熟悉Vue、React、TypeScript等相关技术，具备良好的沟通能力和团队协作精神。,广州,50-150人,本科,9770,16458
财务分析师,负责公司核心产品的开发与维护，参与技术方案设计。要求熟悉Excel、财务分析、预算编制等相关技术，具备良好的沟通能力和团队协作精神。,西安,50-150人,硕士,9548,16029
前端开发工程师,参与需求分析，提供技术解决方案，推动项目落地。要求熟悉TypeScript、HTML、React等相关技术，具备良好的沟通能力和团队协作精神。,天津,少于50人,大专,5000,8267
Java后端开发,负责公司核心产品的开发与维护，参与技术方案设计。要求熟悉MySQL、Java、SpringBoot等相关技术，具备良好的沟通能力和团队协作精神。,上海,150-500人,大专,6937,13491
项目经理,负责公司核心产品的开发与维护，参与技术方案设计。要求熟悉项目管理、进度控制、风险控制等相关技术，具备良好的沟通能力和团队协作精神。,重庆,1000人以上,大专,7657,15030
Java后端开发,参与需求分析，提供技术解决方案，推动项目落地。要求熟悉Java、MySQL、Dubbo等相关技术，具备良好的沟通能力和团队协作精神。,深圳,1000人以上,博士,19368,36648
前端开发工程师,参与系统架构设计，优化系统性能，提升用户体验。要求熟悉Vue、React、JavaScript等相关技术，具备良好的沟通能力和团队协作精神。,苏州,1000人以上,大专,7020,12673
机器学习工程师,负责后端服务开发，确保代码质量和系统稳定性。要求熟悉特征工程、Python、模型调优等相关技术，具备良好的沟通能力和团队协作精神。,杭州,1000人以上,硕士,19992,31473
机器学习工程师,参与需求分析，提供技术解决方案，推动项目落地。要求熟悉Python、特征工程、机器学习等相关技术，具备良好的沟通能力和团队协作精神。,成都,50-150人,大专,5587,9965
项目经理,负责公司核心产品的开发与维护，参与技术方案设计。要求熟悉进度控制、团队协调、风险控制等相关技术，具备良好的沟通能力和团队协作精神。,重庆,少于50人,博士,6619,11319
Java后端开发,负责公司核心产品的开发与维护，参与技术方案设计。要求熟悉Dubbo、Java、MySQL等相关技术，具备良好的沟通能力和团队协作精神。,上海,150-500人,博士,21382,36128
全栈开发工程师,负责后端服务开发，确保代码质量和系统稳定性。要求熟悉JavaScript、React、MySQL等相关技术，具备良好的沟通能力和团队协作精神。,广州,50-150人,大专,7488,12838
UI设计师,负责公司核心产品的开发与维护，参与技术方案设计。要求熟悉Sketch、UI设计、用户体验等相关技术，具备良好的沟通能力和团队协作精神。,重庆,少于50人,本科,6192,10000
数据分析师,构建机器学习模型，解决实际业务问题。要求熟悉Excel、Tableau、Python等相关技术，具备良好的沟通能力和团队协作精神。,南京,500-1000人,硕士,12398,21092
前端开发工程师,参与需求分析，提供技术解决方案，推动项目落地。要求熟悉HTML、Vue、TypeScript等相关技术，具备良好的沟通能力和团队协作精神。,苏州,50-150人,博士,16583,26651
人力资源专员,负责公司核心产品的开发与维护，参与技术方案设计。要求熟悉培训、绩效考核、招聘等相关技术，具备良好的沟通能力和团队协作精神。,杭州,500-1000人,本科,9418,14478
Java后端开发,负责公司核心产品的开发与维护，参与技术方案设计。要求熟悉Dubbo、MySQL、Java等相关技术，具备良好的沟通能力和团队协作精神。,重庆,500-1000人,硕士,7757,15078
项目经理,参与系统架构设计，优化系统性能，提升用户体验。要求熟悉项目管理、进度控制、团队协调等相关技术，具备良好的沟通能力和团队协作精神。,杭州,50-150人,本科,12407,22895
Java后端开发,负责后端服务开发，确保代码质量和系统稳定性。要求熟悉Spring、SpringBoot、Java等相关技术，具备良好的沟通能力和团队协作精神。,上海,50-150人,大专,8234,14459
财务分析师,参与需求分析，提供技术解决方案，推动项目落地。要求熟悉财务分析、预算编制、Excel等相关技术，具备良好的沟通能力和团队协作精神。,苏州,500-1000人,本科,9563,16039
销售代表,负责市场推广和品牌建设，拓展市场渠道。要求熟悉业绩目标、商务谈判、客户关系等相关技术，具备良好的沟通能力和团队协作精神。,成都,50-150人,硕士,10456,17569
前端开发工程师,负责后端服务开发，确保代码质量和系统稳定性。要求熟悉TypeScript、JavaScript、CSS等相关技术，具备良好的沟通能力和团队协作精神。,北京,50-150人,硕士,12725,23000
项目经理,负责后端服务开发，确保代码质量和系统稳定性。要求熟悉风险控制、进度控制、团队协调等相关技术，具备良好的沟通能力和团队协作精神。,南京,1000人以上,硕士,25337,39565
运维工程师,负责公司核心产品的开发与维护，参与技术方案设计。要求熟悉运维、Docker、监控等相关技术，具备良好的沟通能力和团队协作精神。,苏州,1000人以上,本科,11292,18358
项目经理,参与需求分析，提供技术解决方案，推动项目落地。要求熟悉团队协调、风险控制、进度控制等相关技术，具备良好的沟通能力和团队协作精神。,重庆,150-500人,博士,19558,33382
机器学习工程师,参与系统架构设计，优化系统性能，提升用户体验。要求熟悉机器学习、模型调优、Python等相关技术，具备良好的沟通能力和团队协作精神。,成都,150-500人,硕士,11737,19225
UI设计师,参与系统架构设计，优化系统性能，提升用户体验。要求熟悉Sketch、用户体验、Figma等相关技术，具备良好的沟通能力和团队协作精神。,深圳,500-1000人,博士,26054,39914
Python开发工程师,参与需求分析，提供技术解决方案，推动项目落地。要求熟悉Python、Redis、MySQL等相关技术，具备良好的沟通能力和团队协作精神。,杭州,500-1000人,大专,8220,14697
运营专员,负责日常运营工作，提升用户活跃度和留存率。要求熟悉运营、活动策划、数据分析等相关技术，具备良好的沟通能力和团队协作精神。,重庆,150-500人,大专,5000,7000
数据科学家,负责数据分析和挖掘，为业务决策提供数据支持。要求熟悉Python、PyTorch、深度学习等相关技术，具备良好的沟通能力和团队协作精神。,杭州,少于50人,博士,33774,54888
财务分析师,负责后端服务开发，确保代码质量和系统稳定性。要求熟悉财务分析、预算编制、财务报表等相关技术，具备良好的沟通能力和团队协作精神。,武汉,1000人以上,大专,9797,15019
架构师,参与需求分析，提供技术解决方案，推动项目落地。要求熟悉技术选型、系统架构、性能优化等相关技术，具备良好的沟通能力和团队协作精神。,深圳,少于50人,博士,8574,14694
全栈开发工程师,参与系统架构设计，优化系统性能，提升用户体验。要求熟悉React、MongoDB、JavaScript等相关技术，具备良好的沟通能力和团队协作精神。,成都,50-150人,本科,5906,11378
数据科学家,负责数据分析和挖掘，为业务决策提供数据支持。要求熟悉PyTorch、深度学习、机器学习等相关技术，具备良好的沟通能力和团队协作精神。,南京,50-150人,硕士,19936,34015
市场经理,策划营销活动，提升产品知名度和市场份额。要求熟悉渠道拓展、市场营销、活动策划等相关技术，具备良好的沟通能力和团队协作精神。,深圳,1000人以上,本科,19600,34000
产品经理,协调研发、设计、运营团队，确保产品按时交付。要求熟悉数据分析、产品设计、用户研究等相关技术，具备良好的沟通能力和团队协作精神。,上海,少于50人,硕士,18477,32055
销售代表,策划营销活动，提升产品知名度和市场份额。要求熟悉销售、客户关系、业绩目标等相关技术，具备良好的沟通能力和团队协作精神。,上海,少于50人,本科,12149,19112
市场经理,分析市场趋势和竞争对手，制定市场策略。要求熟悉品牌建设、市场营销、活动策划等相关技术，具备良好的沟通能力和团队协作精神。,西安,50-150人,本科,8339,15817
运营专员,分析运营数据，优化运营策略和流程。要求熟悉运营、数据分析、活动策划等相关技术，具备良好的沟通能力和团队协作精神。,上海,150-500人,博士,14755,23971
运维工程师,负责公司核心产品的开发与维护，参与技术方案设计。要求熟悉运维、监控、Linux等相关技术，具备良好的沟通能力和团队协作精神。,广州,少于50人,本科,9898,15882
全栈开发工程师,参与系统架构设计，优化系统性能，提升用户体验。要求熟悉Node.js、JavaScript、MongoDB等相关技术，具备良好的沟通能力和团队协作精神。,苏州,150-500人,硕士,13784,21439
市场经理,分析市场趋势和竞争对手，制定市场策略。要求熟悉渠道拓展、品牌建设、活动策划等相关技术，具备良好的沟通能力和团队协作精神。,深圳,1000人以上,大专,14966,26486
架构师,参与系统架构设计，优化系统性能，提升用户体验。要求熟悉系统架构、微服务、性能优化等相关技术，具备良好的沟通能力和团队协作精神。,武汉,500-1000人,硕士,11413,19192
运维工程师,负责公司核心产品的开发与维护，参与技术方案设计。要求熟悉K8s、Linux、监控等相关技术，具备良好的沟通能力和团队协作精神。,重庆,1000人以上,本科,9104,15248
测试工程师,参与需求分析，提供技术解决方案，推动项目落地。要求熟悉测试、性能测试、缺陷管理等相关技术，具备良好的沟通能力和团队协作精神。,南京,少于50人,本科,7295,12463
全栈开发工程师,负责后端服务开发，确保代码质量和系统稳定性。要求熟悉React、MySQL、Node.js等相关技术，具备良好的沟通能力和团队协作精神。,广州,1000人以上,博士,20626,35833
项目经理,负责后端服务开发，确保代码质量和系统稳定性。要求熟悉团队协调、进度控制、风险控制等相关技术，具备良好的沟通能力和团队协作精神。,北京,150-500人,硕士,23634,39858
项目经理,负责后端服务开发，确保代码质量和系统稳定性。要求熟悉进度控制、团队协调、项目管理等相关技术，具备良好的沟通能力和团队协作精神。,苏州,150-500人,大专,6360,13426
财务分析师,负责后端服务开发，确保代码质量和系统稳定性。要求熟悉Excel、财务分析、预算编制等相关技术，具备良好的沟通能力和团队协作精神。,苏州,500-1000人,大专,9516,14698
Python开发工程师,参与需求分析，提供技术解决方案，推动项目落地。要求熟悉Flask、FastAPI、MySQL等相关技术，具备良好的沟通能力和团队协作精神。,武汉,少于50人,大专,5173,8873
算法工程师,负责后端服务开发，确保代码质量和系统稳定性。要求熟悉机器学习、算法、深度学习等相关技术，具备良好的沟通能力和团队协作精神。,广州,500-1000人,硕士,13422,23489
人力资源专员,参与需求分析，提供技术解决方案，推动项目落地。要求熟悉招聘、员工关系、培训等相关技术，具备良好的沟通能力和团队协作精神。,成都,50-150人,博士,11754,17910
架构师,参与系统架构设计，优化系统性能，提升用户体验。要求熟悉性能优化、系统架构、微服务等相关技术，具备良好的沟通能力和团队协作精神。,上海,150-500人,大专,8181,14735
运维工程师,参与需求分析，提供技术解决方案，推动项目落地。要求熟悉监控、Linux、Docker等相关技术，具备良好的沟通能力和团队协作精神。,杭州,50-150人,博士,16354,28939
技术支持工程师,负责后端服务开发，确保代码质量和系统稳定性。要求熟悉文档编写、问题排查、技术支持等相关技术，具备良好的沟通能力和团队协作精神。,武汉,150-500人,硕士,12364,19436
市场经理,分析市场趋势和竞争对手，制定市场策略。要求熟悉品牌建设、市场营销、渠道拓展等相关技术，具备良好的沟通能力和团队协作精神。,北京,1000人以上,硕士,23732,43201
产品经理,分析用户需求和市场动态，制定产品发展策略。要求熟悉产品设计、数据分析、需求分析等相关技术，具备良好的沟通能力和团队协作精神。,深圳,50-150人,硕士,18848,33668
前端开发工程师,负责公司核心产品的开发与维护，参与技术方案设计。要求熟悉CSS、Vue、HTML等相关技术，具备良好的沟通能力和团队协作精神。,西安,50-150人,硕士,8733,15214
算法工程师,负责后端服务开发，确保代码质量和系统稳定性。要求熟悉深度学习、Python、数据结构等相关技术，具备良好的沟通能力和团队协作精神。,武汉,1000人以上,大专,8004,13226
UI设计师,参与需求分析，提供技术解决方案，推动项目落地。要求熟悉Figma、用户体验、Sketch等相关技术，具备良好的沟通能力和团队协作精神。,杭州,1000人以上,大专,10432,16614
人力资源专员,参与系统架构设计，优化系统性能，提升用户体验。要求熟悉绩效考核、培训、招聘等相关技术，具备良好的沟通能力和团队协作精神。,北京,50-150人,硕士,7972,14394
算法工程师,负责后端服务开发，确保代码质量和系统稳定性。要求熟悉深度学习、Python、数据结构等相关技术，具备良好的沟通能力和团队协作精神。,广州,50-150人,本科,8528,15216
数据科学家,设计和维护数据报表，监控业务指标变化。要求熟悉PyTorch、机器学习、深度学习等相关技术，具备良好的沟通能力和团队协作精神。,广州,少于50人,硕士,21248,35834
人力资源专员,负责公司核心产品的开发与维护，参与技术方案设计。要求熟悉培训、绩效考核、员工关系等相关技术，具备良好的沟通能力和团队协作精神。,广州,少于50人,硕士,7217,12079
人力资源专员,参与需求分析，提供技术解决方案，推动项目落地。要求熟悉培训、招聘、员工关系等相关技术，具备良好的沟通能力和团队协作精神。,深圳,1000人以上,大专,7608,12408
运营专员,负责日常运营工作，提升用户活跃度和留存率。要求熟悉运营、活动策划、用户增长等相关技术，具备良好的沟通能力和团队协作精神。,深圳,1000人以上,本科,9501,15501
财务分析师,负责公司核心产品的开发与维护，参与技术方案设计。要求熟悉Excel、财务报表、财务分析等相关技术，具备良好的沟通能力和团队协作精神。,西安,1000人以上,本科,8180,14478
项目经理,参与系统架构设计，优化系统性能，提升用户体验。要求熟悉风险控制、项目管理、进度控制等相关技术，具备良好的沟通能力和团队协作精神。,深圳,500-1000人,博士,37409,61169
算法工程师,参与系统架构设计，优化系统性能，提升用户体验。要求熟悉算法、数据结构、Python等相关技术，具备良好的沟通能力和团队协作精神。,深圳,150-500人,大专,9103,15503
数据科学家,设计和维护数据报表，监控业务指标变化。要求熟悉深度学习、Python、TensorFlow等相关技术，具备良好的沟通能力和团队协作精神。,南京,少于50人,硕士,23578,36175
数据分析师,设计和维护数据报表，监控业务指标变化。要求熟悉统计学、SQL、Tableau等相关技术，具备良好的沟通能力和团队协作精神。,北京,500-1000人,大专,39198,61164
项目经理,负责后端服务开发，确保代码质量和系统稳定性。要求熟悉进度控制、风险控制、团队协调等相关技术，具备良好的沟通能力和团队协作精神。,广州,50-150人,本科,15865,25897
前端开发工程师,负责公司核心产品的开发与维护，参与技术方案设计。要求熟悉CSS、JavaScript、React等相关技术，具备良好的沟通能力和团队协作精神。,苏州,少于50人,大专,5855,9859
项目经理,负责公司核心产品的开发与维护，参与技术方案设计。要求熟悉风险控制、项目管理、团队协调等相关技术，具备良好的沟通能力和团队协作精神。,重庆,150-500人,博士,22497,36321
市场经理,负责市场推广和品牌建设，拓展市场渠道。要求熟悉渠道拓展、品牌建设、活动策划等相关技术，具备良好的沟通能力和团队协作精神。,武汉,150-500人,博士,21634,36322
Python开发工程师,参与系统架构设计，优化系统性能，提升用户体验。要求熟悉Python、Flask、MySQL等相关技术，具备良好的沟通能力和团队协作精神。,天津,500-1000人,本科,8404,14599
机器学习工程师,参与需求分析，提供技术解决方案，推动项目落地。要求熟悉模型调优、机器学习、Python等相关技术，具备良好的沟通能力和团队协作精神。,深圳,50-150人,大专,4380,6812
运营专员,策划运营活动，提升品牌影响力和用户增长。要求熟悉数据分析、运营、活动策划等相关技术，具备良好的沟通能力和团队协作精神。,成都,500-1000人,硕士,8637,13785
Python开发工程师,负责后端服务开发，确保代码质量和系统稳定性。要求熟悉Django、MySQL、Python等相关技术，具备良好的沟通能力和团队协作精神。,天津,少于50人,硕士,9226,15449
前端开发工程师,参与需求分析，提供技术解决方案，推动项目落地。要求熟悉TypeScript、CSS、Vue等相关技术，具备良好的沟通能力和团队协作精神。,重庆,500-1000人,博士,11513,21650
Java后端开发,参与需求分析，提供技术解决方案，推动项目落地。要求熟悉Java、Spring、Dubbo等相关技术，具备良好的沟通能力和团队协作精神。,成都,50-150人,博士,11163,21013
项目经理,负责后端服务开发，确保代码质量和系统稳定性。要求熟悉风险控制、团队协调、项目管理等相关技术，具备良好的沟通能力和团队协作精神。,深圳,1000人以上,大专,16472,27992
财务分析师,参与系统架构设计，优化系统性能，提升用户体验。要求熟悉预算编制、财务分析、Excel等相关技术，具备良好的沟通能力和团队协作精神。,重庆,少于50人,大专,5986,9467
全栈开发工程师,负责公司核心产品的开发与维护，参与技术方案设计。要求熟悉MySQL、MongoDB、Node.js等相关技术，具备良好的沟通能力和团队协作精神。,武汉,500-1000人,博士,13570,24341
财务分析师,参与系统架构设计，优化系统性能，提升用户体验。要求熟悉预算编制、财务分析、财务报表等相关技术，具备良好的沟通能力和团队协作精神。,广州,150-500人,本科,12097,19137
全栈开发工程师,负责公司核心产品的开发与维护，参与技术方案设计。要求熟悉React、MySQL、Node.js等相关技术，具备良好的沟通能力和团队协作精神。,南京,150-500人,本科,10171,16251
运维工程师,参与需求分析，提供技术解决方案，推动项目落地。要求熟悉Linux、K8s、运维等相关技术，具备良好的沟通能力和团队协作精神。,天津,150-500人,硕士,11021,18343
前端开发工程师,参与系统架构设计，优化系统性能，提升用户体验。要求熟悉JavaScript、CSS、HTML等相关技术，具备良好的沟通能力和团队协作精神。,杭州,50-150人,硕士,10553,19643
算法工程师,参与系统架构设计，优化系统性能，提升用户体验。要求熟悉数据结构、算法、机器学习等相关技术，具备良好的沟通能力和团队协作精神。,西安,150-500人,本科,7106,12354
数据分析师,设计和维护数据报表，监控业务指标变化。要求熟悉统计学、Tableau、Excel等相关技术，具备良好的沟通能力和团队协作精神。,杭州,500-1000人,硕士,15907,26432
技术支持工程师,负责后端服务开发，确保代码质量和系统稳定性。要求熟悉技术支持、问题排查、文档编写等相关技术，具备良好的沟通能力和团队协作精神。,广州,50-150人,博士,15677,27716
测试工程师,负责后端服务开发，确保代码质量和系统稳定性。要求熟悉自动化测试、性能测试、测试等相关技术，具备良好的沟通能力和团队协作精神。,武汉,150-500人,大专,5646,9998
Java后端开发,负责公司核心产品的开发与维护，参与技术方案设计。要求熟悉MySQL、SpringBoot、Spring等相关技术，具备良好的沟通能力和团队协作精神。,上海,少于50人,硕士,4654,8275
财务分析师,参与需求分析，提供技术解决方案，推动项目落地。要求熟悉财务报表、财务分析、预算编制等相关技术，具备良好的沟通能力和团队协作精神。,武汉,150-500人,本科,7686,13126
前端开发工程师,负责后端服务开发，确保代码质量和系统稳定性。要求熟悉Vue、CSS、React等相关技术，具备良好的沟通能力和团队协作精神。,深圳,500-1000人,本科,11889,20689
算法工程师,负责后端服务开发，确保代码质量和系统稳定性。要求熟悉机器学习、深度学习、数据结构等相关技术，具备良好的沟通能力和团队协作精神。,西安,150-500人,博士,11995,21442
产品经理,分析用户需求和市场动态，制定产品发展策略。要求熟悉用户研究、需求分析、产品设计等相关技术，具备良好的沟通能力和团队协作精神。,南京,500-1000人,硕士,10768,23810
产品经理,负责产品规划和设计，推动产品迭代优化。要求熟悉产品设计、Axure、需求分析等相关技术，具备良好的沟通能力和团队协作精神。,苏州,150-500人,硕士,20206,31688
数据分析师,设计和维护数据报表，监控业务指标变化。要求熟悉Excel、Tableau、统计学等相关技术，具备良好的沟通能力和团队协作精神。,成都,少于50人,博士,16970,25783
人力资源专员,参与系统架构设计，优化系统性能，提升用户体验。要求熟悉招聘、培训、员工关系等相关技术，具备良好的沟通能力和团队协作精神。,南京,150-500人,大专,5000,7371
UI设计师,参与系统架构设计，优化系统性能，提升用户体验。要求熟悉Sketch、UI设计、交互设计等相关技术，具备良好的沟通能力和团队协作精神。,武汉,500-1000人,本科,8623,13859
UI设计师,负责后端服务开发，确保代码质量和系统稳定性。要求熟悉Figma、UI设计、用户体验等相关技术，具备良好的沟通能力和团队协作精神。,苏州,50-150人,硕士,8855,15218
项目经理,负责后端服务开发，确保代码质量和系统稳定性。要求熟悉项目管理、风险控制、团队协调等相关技术，具备良好的沟通能力和团队协作精神。,上海,150-500人,博士,37445,59563
机器学习工程师,负责公司核心产品的开发与维护，参与技术方案设计。要求熟悉特征工程、机器学习、模型调优等相关技术，具备良好的沟通能力和团队协作精神。,杭州,500-1000人,博士,25221,39794
项目经理,负责公司核心产品的开发与维护，参与技术方案设计。要求熟悉团队协调、风险控制、项目管理等相关技术，具备良好的沟通能力和团队协作精神。,西安,50-150人,硕士,13653,23375
UI设计师,参与系统架构设计，优化系统性能，提升用户体验。要求熟悉UI设计、Sketch、Figma等相关技术，具备良好的沟通能力和团队协作精神。,北京,50-150人,本科,5151,7917
架构师,参与系统架构设计，优化系统性能，提升用户体验。要求熟悉微服务、性能优化、系统架构等相关技术，具备良好的沟通能力和团队协作精神。,重庆,50-150人,本科,6847,11711
Java后端开发,负责公司核心产品的开发与维护，参与技术方案设计。要求熟悉Dubbo、MySQL、Redis等相关技术，具备良好的沟通能力和团队协作精神。,苏州,150-500人,硕士,8606,16260
人力资源专员,参与需求分析，提供技术解决方案，推动项目落地。要求熟悉培训、员工关系、招聘等相关技术，具备良好的沟通能力和团队协作精神。,天津,500-1000人,大专,5000,7488
数据分析师,负责数据分析和挖掘，为业务决策提供数据支持。要求熟悉SQL、统计学、Tableau等相关技术，具备良好的沟通能力和团队协作精神。,南京,500-1000人,本科,11479,18167
数据分析师,设计和维护数据报表，监控业务指标变化。要求熟悉Python、Excel、Tableau等相关技术，具备良好的沟通能力和团队协作精神。,北京,少于50人,硕士,14600,23793
产品经理,负责产品规划和设计，推动产品迭代优化。要求熟悉用户研究、数据分析、Axure等相关技术，具备良好的沟通能力和团队协作精神。,南京,50-150人,本科,5778,10110
项目经理,参与需求分析，提供技术解决方案，推动项目落地。要求熟悉风险控制、团队协调、项目管理等相关技术，具备良好的沟通能力和团队协作精神。,武汉,少于50人,本科,9418,16354
机器学习工程师,负责后端服务开发，确保代码质量和系统稳定性。要求熟悉特征工程、机器学习、Python等相关技术，具备良好的沟通能力和团队协作精神。,武汉,少于50人,硕士,8174,14185
Python开发工程师,负责后端服务开发，确保代码质量和系统稳定性。要求熟悉MySQL、Python、Redis等相关技术，具备良好的沟通能力和团队协作精神。,南京,150-500人,博士,15155,26099
机器学习工程师,负责公司核心产品的开发与维护，参与技术方案设计。要求熟悉机器学习、模型调优、Python等相关技术，具备良好的沟通能力和团队协作精神。,深圳,150-500人,硕士,12231,22631
Python开发工程师,负责后端服务开发，确保代码质量和系统稳定性。要求熟悉FastAPI、Python、Redis等相关技术，具备良好的沟通能力和团队协作精神。,上海,少于50人,硕士,11229,20281
销售代表,负责市场推广和品牌建设，拓展市场渠道。要求熟悉销售、客户关系、商务谈判等相关技术，具备良好的沟通能力和团队协作精神。,南京,少于50人,大专,5000,8823
前端开发工程师,负责后端服务开发，确保代码质量和系统稳定性。要求熟悉React、JavaScript、Vue等相关技术，具备良好的沟通能力和团队协作精神。,北京,150-500人,大专,5186,8514
人力资源专员,负责公司核心产品的开发与维护，参与技术方案设计。要求熟悉培训、员工关系、招聘等相关技术，具备良好的沟通能力和团队协作精神。,武汉,1000人以上,硕士,5722,11026
运维工程师,参与系统架构设计，优化系统性能，提升用户体验。要求熟悉K8s、Docker、Linux等相关技术，具备良好的沟通能力和团队协作精神。,重庆,少于50人,硕士,9002,14660
市场经理,负责市场推广和品牌建设，拓展市场渠道。要求熟悉市场营销、渠道拓展、活动策划等相关技术，具备良好的沟通能力和团队协作精神。,成都,1000人以上,大专,13560,21855
全栈开发工程师,参与需求分析，提供技术解决方案，推动项目落地。要求熟悉Node.js、MySQL、JavaScript等相关技术，具备良好的沟通能力和团队协作精神。,武汉,1000人以上,硕士,11187,19674
测试工程师,负责公司核心产品的开发与维护，参与技术方案设计。要求熟悉测试、性能测试、缺陷管理等相关技术，具备良好的沟通能力和团队协作精神。,西安,1000人以上,硕士,7261,15447
数据分析师,设计和维护数据报表，监控业务指标变化。要求熟悉统计学、Excel、Tableau等相关技术，具备良好的沟通能力和团队协作精神。,西安,少于50人,博士,12915,20944
全栈开发工程师,负责后端服务开发，确保代码质量和系统稳定性。要求熟悉MongoDB、MySQL、React等相关技术，具备良好的沟通能力和团队协作精神。,武汉,少于50人,大专,5041,8741
运维工程师,参与需求分析，提供技术解决方案，推动项目落地。要求熟悉K8s、监控、Linux等相关技术，具备良好的沟通能力和团队协作精神。,武汉,少于50人,大专,5000,8084
项目经理,参与系统架构设计，优化系统性能，提升用户体验。要求熟悉进度控制、风险控制、项目管理等相关技术，具备良好的沟通能力和团队协作精神。,天津,1000人以上,本科,12959,23097
测试工程师,负责后端服务开发，确保代码质量和系统稳定性。要求熟悉自动化测试、缺陷管理、测试等相关技术，具备良好的沟通能力和团队协作精神。,北京,150-500人,大专,11061,17717
产品经理,分析用户需求和市场动态，制定产品发展策略。要求熟悉Axure、用户研究、需求分析等相关技术，具备良好的沟通能力和团队协作精神。,成都,1000人以上,大专,12438,20733
UI设计师,参与系统架构设计，优化系统性能，提升用户体验。要求熟悉Sketch、Figma、UI设计等相关技术，具备良好的沟通能力和团队协作精神。,天津,50-150人,硕士,8792,14878
项目经理,负责后端服务开发，确保代码质量和系统稳定性。要求熟悉进度控制、风险控制、团队协调等相关技术，具备良好的沟通能力和团队协作精神。,重庆,1000人以上,本科,9911,19127
数据分析师,构建机器学习模型，解决实际业务问题。要求熟悉统计学、SQL、Tableau等相关技术，具备良好的沟通能力和团队协作精神。,上海,500-1000人,博士,26211,42431
市场经理,策划营销活动，提升产品知名度和市场份额。要求熟悉活动策划、渠道拓展、市场营销等相关技术，具备良好的沟通能力和团队协作精神。,南京,150-500人,博士,21914,38330
Python开发工程师,负责后端服务开发，确保代码质量和系统稳定性。要求熟悉Django、Redis、FastAPI等相关技术，具备良好的沟通能力和团队协作精神。,广州,少于50人,本科,8784,14768
数据科学家,设计和维护数据报表，监控业务指标变化。要求熟悉PyTorch、机器学习、TensorFlow等相关技术，具备良好的沟通能力和团队协作精神。,西安,500-1000人,博士,28675,48158
市场经理,负责市场推广和品牌建设，拓展市场渠道。要求熟悉渠道拓展、市场营销、品牌建设等相关技术，具备良好的沟通能力和团队协作精神。,上海,150-500人,大专,14459,24289
运营专员,负责日常运营工作，提升用户活跃度和留存率。要求熟悉用户增长、运营、数据分析等相关技术，具备良好的沟通能力和团队协作精神。,武汉,少于50人,本科,5453,8343
架构师,负责公司核心产品的开发与维护，参与技术方案设计。要求熟悉微服务、系统架构、性能优化等相关技术，具备良好的沟通能力和团队协作精神。,苏州,500-1000人,本科,9895,16372
测试工程师,负责公司核心产品的开发与维护，参与技术方案设计。要求熟悉测试、性能测试、自动化测试等相关技术，具备良好的沟通能力和团队协作精神。,西安,500-1000人,博士,14193,24585
数据分析师,设计和维护数据报表，监控业务指标变化。要求熟悉统计学、Tableau、SQL等相关技术，具备良好的沟通能力和团队协作精神。,成都,50-150人,博士,16226,26076
Python开发工程师,参与需求分析，提供技术解决方案，推动项目落地。要求熟悉Python、Django、Redis等相关技术，具备良好的沟通能力和团队协作精神。,苏州,少于50人,大专,5237,9241
Java后端开发,参与系统架构设计，优化系统性能，提升用户体验。要求熟悉SpringBoot、Dubbo、MySQL等相关技术，具备良好的沟通能力和团队协作精神。,深圳,150-500人,本科,12770,20770
机器学习工程师,参与需求分析，提供技术解决方案，推动项目落地。要求熟悉模型调优、机器学习、Python等相关技术，具备良好的沟通能力和团队协作精神。,重庆,少于50人,硕士,7113,12771
技术支持工程师,参与需求分析，提供技术解决方案，推动项目落地。要求熟悉技术支持、问题排查、客户沟通等相关技术，具备良好的沟通能力和团队协作精神。,天津,500-1000人,大专,6856,11812
技术支持工程师,参与需求分析，提供技术解决方案，推动项目落地。要求熟悉文档编写、问题排查、客户沟通等相关技术，具备良好的沟通能力和团队协作精神。,武汉,150-500人,博士,13557,23349
Java后端开发,参与系统架构设计，优化系统性能，提升用户体验。要求熟悉Spring、SpringBoot、Redis等相关技术，具备良好的沟通能力和团队协作精神。,苏州,1000人以上,博士,16290,29008
Python开发工程师,参与系统架构设计，优化系统性能，提升用户体验。要求熟悉Django、Flask、Redis等相关技术，具备良好的沟通能力和团队协作精神。,北京,1000人以上,硕士,14506,27485
人力资源专员,参与需求分析，提供技术解决方案，推动项目落地。要求熟悉培训、绩效考核、招聘等相关技术，具备良好的沟通能力和团队协作精神。,重庆,150-500人,本科,5006,8206
数据分析师,构建机器学习模型，解决实际业务问题。要求熟悉Excel、SQL、统计学等相关技术，具备良好的沟通能力和团队协作精神。,上海,1000人以上,大专,13166,21030
Python开发工程师,参与系统架构设计，优化系统性能，提升用户体验。要求熟悉FastAPI、Python、MySQL等相关技术，具备良好的沟通能力和团队协作精神。,成都,150-500人,博士,15228,25596
市场经理,负责市场推广和品牌建设，拓展市场渠道。要求熟悉渠道拓展、市场营销、活动策划等相关技术，具备良好的沟通能力和团队协作精神。,西安,1000人以上,大专,9634,17192
Java后端开发,参与需求分析，提供技术解决方案，推动项目落地。要求熟悉Java、Dubbo、Redis等相关技术，具备良好的沟通能力和团队协作精神。,上海,500-1000人,本科,14453,23464
数据分析师,设计和维护数据报表，监控业务指标变化。要求熟悉Python、Tableau、Excel等相关技术，具备良好的沟通能力和团队协作精神。,武汉,150-500人,本科,8136,13576
技术支持工程师,参与系统架构设计，优化系统性能，提升用户体验。要求熟悉客户沟通、问题排查、技术支持等相关技术，具备良好的沟通能力和团队协作精神。,西安,1000人以上,本科,10680,16978
销售代表,负责市场推广和品牌建设，拓展市场渠道。要求熟悉商务谈判、业绩目标、客户关系等相关技术，具备良好的沟通能力和团队协作精神。,西安,少于50人,本科,5000,9132
测试工程师,参与需求分析，提供技术解决方案，推动项目落地。要求熟悉自动化测试、性能测试、缺陷管理等相关技术，具备良好的沟通能力和团队协作精神。,苏州,少于50人,硕士,9476,15982
人力资源专员,负责公司核心产品的开发与维护，参与技术方案设计。要求熟悉培训、招聘、员工关系等相关技术，具备良好的沟通能力和团队协作精神。,杭州,50-150人,本科,6970,11340
数据分析师,构建机器学习模型，解决实际业务问题。要求熟悉Excel、统计学、Tableau等相关技术，具备良好的沟通能力和团队协作精神。,重庆,500-1000人,博士,15342,25480
人力资源专员,参与系统架构设计，优化系统性能，提升用户体验。要求熟悉员工关系、绩效考核、招聘等相关技术，具备良好的沟通能力和团队协作精神。,南京,150-500人,硕士,7829,12769
运营专员,分析运营数据，优化运营策略和流程。要求熟悉活动策划、运营、用户增长等相关技术，具备良好的沟通能力和团队协作精神。,北京,少于50人,大专,6208,9744
Java后端开发,负责公司核心产品的开发与维护，参与技术方案设计。要求熟悉SpringBoot、Java、Redis等相关技术，具备良好的沟通能力和团队协作精神。,上海,150-500人,博士,14146,28891
架构师,参与系统架构设计，优化系统性能，提升用户体验。要求熟悉微服务、系统架构、技术选型等相关技术，具备良好的沟通能力和团队协作精神。,成都,150-500人,本科,8462,14222
机器学习工程师,参与系统架构设计，优化系统性能，提升用户体验。要求熟悉特征工程、机器学习、Python等相关技术，具备良好的沟通能力和团队协作精神。,天津,少于50人,本科,5000,9131
人力资源专员,负责公司核心产品的开发与维护，参与技术方案设计。要求熟悉招聘、员工关系、绩效考核等相关技术，具备良好的沟通能力和团队协作精神。,苏州,50-150人,大专,5000,7000
项目经理,负责公司核心产品的开发与维护，参与技术方案设计。要求熟悉风险控制、团队协调、项目管理等相关技术，具备良好的沟通能力和团队协作精神。,北京,1000人以上,本科,25166,40142
Python开发工程师,参与系统架构设计，优化系统性能，提升用户体验。要求熟悉MySQL、Django、Flask等相关技术，具备良好的沟通能力和团队协作精神。,杭州,1000人以上,大专,8944,16010
产品经理,分析用户需求和市场动态，制定产品发展策略。要求熟悉产品设计、需求分析、数据分析等相关技术，具备良好的沟通能力和团队协作精神。,上海,150-500人,本科,14191,26479
产品经理,协调研发、设计、运营团队，确保产品按时交付。要求熟悉用户研究、产品设计、数据分析等相关技术，具备良好的沟通能力和团队协作精神。,天津,50-150人,博士,19327,33773
财务分析师,负责公司核心产品的开发与维护，参与技术方案设计。要求熟悉预算编制、财务分析、财务报表等相关技术，具备良好的沟通能力和团队协作精神。,武汉,50-150人,大专,8847,12981
运维工程师,参与需求分析，提供技术解决方案，推动项目落地。要求熟悉Docker、K8s、运维等相关技术，具备良好的沟通能力和团队协作精神。,上海,150-500人,硕士,10985,21635
销售代表,负责市场推广和品牌建设，拓展市场渠道。要求熟悉销售、客户关系、业绩目标等相关技术，具备良好的沟通能力和团队协作精神。,天津,50-150人,大专,5041,9322
算法工程师,参与需求分析，提供技术解决方案，推动项目落地。要求熟悉数据结构、机器学习、Python等相关技术，具备良好的沟通能力和团队协作精神。,北京,1000人以上,博士,29756,47727
运维工程师,负责公司核心产品的开发与维护，参与技术方案设计。要求熟悉Docker、Linux、监控等相关技术，具备良好的沟通能力和团队协作精神。,杭州,50-150人,大专,9639,15233
财务分析师,参与需求分析，提供技术解决方案，推动项目落地。要求熟悉Excel、财务报表、财务分析等相关技术，具备良好的沟通能力和团队协作精神。,苏州,50-150人,博士,16762,26831
全栈开发工程师,参与需求分析，提供技术解决方案，推动项目落地。要求熟悉JavaScript、MySQL、React等相关技术，具备良好的沟通能力和团队协作精神。,武汉,500-1000人,博士,4923,9231
人力资源专员,参与需求分析，提供技术解决方案，推动项目落地。要求熟悉培训、员工关系、绩效考核等相关技术，具备良好的沟通能力和团队协作精神。,深圳,1000人以上,本科,11515,17515
Python开发工程师,参与需求分析，提供技术解决方案，推动项目落地。要求熟悉FastAPI、Django、MySQL等相关技术，具备良好的沟通能力和团队协作精神。,上海,500-1000人,本科,6033,9638
数据科学家,构建机器学习模型，解决实际业务问题。要求熟悉PyTorch、Python、深度学习等相关技术，具备良好的沟通能力和团队协作精神。,武汉,500-1000人,博士,34833,55029
机器学习工程师,参与需求分析，提供技术解决方案，推动项目落地。要求熟悉特征工程、Python、模型调优等相关技术，具备良好的沟通能力和团队协作精神。,西安,500-1000人,大专,5646,10264
架构师,参与需求分析，提供技术解决方案，推动项目落地。要求熟悉性能优化、微服务、系统架构等相关技术，具备良好的沟通能力和团队协作精神。,重庆,1000人以上,大专,6713,11628
市场经理,负责市场推广和品牌建设，拓展市场渠道。要求熟悉渠道拓展、品牌建设、活动策划等相关技术，具备良好的沟通能力和团队协作精神。,苏州,1000人以上,大专,11403,19882
测试工程师,负责后端服务开发，确保代码质量和系统稳定性。要求熟悉缺陷管理、自动化测试、性能测试等相关技术，具备良好的沟通能力和团队协作精神。,西安,50-150人,博士,12896,21870
Python开发工程师,负责公司核心产品的开发与维护，参与技术方案设计。要求熟悉Flask、Python、MySQL等相关技术，具备良好的沟通能力和团队协作精神。,南京,50-150人,硕士,12367,19876
运营专员,策划运营活动，提升品牌影响力和用户增长。要求熟悉数据分析、活动策划、运营等相关技术，具备良好的沟通能力和团队协作精神。,上海,500-1000人,大专,7550,12056
项目经理,参与需求分析，提供技术解决方案，推动项目落地。要求熟悉团队协调、项目管理、进度控制等相关技术，具备良好的沟通能力和团队协作精神。,上海,50-150人,硕士,17800,32976
前端开发工程师,参与需求分析，提供技术解决方案，推动项目落地。要求熟悉JavaScript、CSS、Vue等相关技术，具备良好的沟通能力和团队协作精神。,重庆,少于50人,硕士,9239,14896
Java后端开发,负责后端服务开发，确保代码质量和系统稳定性。要求熟悉SpringBoot、Redis、Spring等相关技术，具备良好的沟通能力和团队协作精神。,北京,1000人以上,本科,14314,24298
运维工程师,负责后端服务开发，确保代码质量和系统稳定性。要求熟悉K8s、运维、Docker等相关技术，具备良好的沟通能力和团队协作精神。,西安,1000人以上,博士,17046,28382
算法工程师,参与系统架构设计，优化系统性能，提升用户体验。要求熟悉算法、深度学习、机器学习等相关技术，具备良好的沟通能力和团队协作精神。,重庆,少于50人,本科,7180,11532
数据分析师,设计和维护数据报表，监控业务指标变化。要求熟悉统计学、Tableau、Python等相关技术，具备良好的沟通能力和团队协作精神。,成都,少于50人,大专,5657,9573
Java后端开发,负责公司核心产品的开发与维护，参与技术方案设计。要求熟悉MySQL、Redis、SpringBoot等相关技术，具备良好的沟通能力和团队协作精神。,西安,150-500人,本科,7180,12428
数据分析师,负责数据分析和挖掘，为业务决策提供数据支持。要求熟悉Tableau、Excel、SQL等相关技术，具备良好的沟通能力和团队协作精神。,深圳,50-150人,本科,11941,19541
架构师,负责公司核心产品的开发与维护，参与技术方案设计。要求熟悉系统架构、技术选型、微服务等相关技术，具备良好的沟通能力和团队协作精神。,北京,500-1000人,本科,9893,19045
Python开发工程师,参与需求分析，提供技术解决方案，推动项目落地。要求熟悉Redis、FastAPI、Django等相关技术，具备良好的沟通能力和团队协作精神。,深圳,150-500人,本科,11520,19520
产品经理,协调研发、设计、运营团队，确保产品按时交付。要求熟悉需求分析、用户研究、Axure等相关技术，具备良好的沟通能力和团队协作精神。,天津,1000人以上,博士,33683,51931
运营专员,分析运营数据，优化运营策略和流程。要求熟悉运营、数据分析、活动策划等相关技术，具备良好的沟通能力和团队协作精神。,北京,150-500人,博士,10595,19955
运营专员,策划运营活动，提升品牌影响力和用户增长。要求熟悉用户增长、活动策划、运营等相关技术，具备良好的沟通能力和团队协作精神。,武汉,1000人以上,硕士,7921,13225
人力资源专员,负责后端服务开发，确保代码质量和系统稳定性。要求熟悉绩效考核、培训、员工关系等相关技术，具备良好的沟通能力和团队协作精神。,南京,500-1000人,本科,6805,10985
算法工程师,负责后端服务开发，确保代码质量和系统稳定性。要求熟悉机器学习、深度学习、Python等相关技术，具备良好的沟通能力和团队协作精神。,杭州,150-500人,大专,8231,14119
架构师,参与系统架构设计，优化系统性能，提升用户体验。要求熟悉性能优化、微服务、系统架构等相关技术，具备良好的沟通能力和团队协作精神。,重庆,500-1000人,硕士,9911,17233
运营专员,分析运营数据，优化运营策略和流程。要求熟悉用户增长、数据分析、运营等相关技术，具备良好的沟通能力和团队协作精神。,南京,50-150人,硕士,5820,10513
财务分析师,参与需求分析，提供技术解决方案，推动项目落地。要求熟悉Excel、财务报表、预算编制等相关技术，具备良好的沟通能力和团队协作精神。,西安,50-150人,博士,15600,24574
算法工程师,参与需求分析，提供技术解决方案，推动项目落地。要求熟悉Python、机器学习、算法等相关技术，具备良好的沟通能力和团队协作精神。,深圳,少于50人,博士,15093,27333
运维工程师,参与系统架构设计，优化系统性能，提升用户体验。要求熟悉K8s、Linux、Docker等相关技术，具备良好的沟通能力和团队协作精神。,苏州,150-500人,本科,5678,11566
产品经理,分析用户需求和市场动态，制定产品发展策略。要求熟悉Axure、产品设计、需求分析等相关技术，具备良好的沟通能力和团队协作精神。,杭州,50-150人,博士,30186,49064
Python开发工程师,负责公司核心产品的开发与维护，参与技术方案设计。要求熟悉Flask、Python、Django等相关技术，具备良好的沟通能力和团队协作精神。,天津,150-500人,硕士,11382,18704
架构师,参与系统架构设计，优化系统性能，提升用户体验。要求熟悉系统架构、微服务、技术选型等相关技术，具备良好的沟通能力和团队协作精神。,杭州,500-1000人,博士,20178,34751
机器学习工程师,负责公司核心产品的开发与维护，参与技术方案设计。要求熟悉模型调优、机器学习、Python等相关技术，具备良好的沟通能力和团队协作精神。,杭州,50-150人,本科,9914,16906
测试工程师,负责后端服务开发，确保代码质量和系统稳定性。要求熟悉性能测试、缺陷管理、测试等相关技术，具备良好的沟通能力和团队协作精神。,深圳,1000人以上,硕士,19673,32153
算法工程师,参与需求分析，提供技术解决方案，推动项目落地。要求熟悉数据结构、Python、机器学习等相关技术，具备良好的沟通能力和团队协作精神。,南京,少于50人,大专,5858,9993
销售代表,分析市场趋势和竞争对手，制定市场策略。要求熟悉客户关系、商务谈判、销售等相关技术，具备良好的沟通能力和团队协作精神。,上海,150-500人,大专,10122,16675
运营专员,分析运营数据，优化运营策略和流程。要求熟悉运营、活动策划、用户增长等相关技术，具备良好的沟通能力和团队协作精神。,成都,少于50人,本科,5000,7467
市场经理,策划营销活动，提升产品知名度和市场份额。要求熟悉渠道拓展、活动策划、市场营销等相关技术，具备良好的沟通能力和团队协作精神。,广州,少于50人,本科,14550,23526
算法工程师,参与系统架构设计，优化系统性能，提升用户体验。要求熟悉算法、深度学习、机器学习等相关技术，具备良好的沟通能力和团队协作精神。,西安,1000人以上,硕士,11749,19936
数据分析师,构建机器学习模型，解决实际业务问题。要求熟悉Excel、Tableau、统计学等相关技术，具备良好的沟通能力和团队协作精神。,广州,150-500人,大专,9743,15375
数据科学家,设计和维护数据报表，监控业务指标变化。要求熟悉TensorFlow、PyTorch、Python等相关技术，具备良好的沟通能力和团队协作精神。,西安,150-500人,本科,12976,22816
销售代表,策划营销活动，提升产品知名度和市场份额。要求熟悉客户关系、商务谈判、销售等相关技术，具备良好的沟通能力和团队协作精神。,上海,少于50人,硕士,12933,21985
架构师,负责后端服务开发，确保代码质量和系统稳定性。要求熟悉性能优化、系统架构、技术选型等相关技术，具备良好的沟通能力和团队协作精神。,天津,150-500人,硕士,4462,8123
财务分析师,参与系统架构设计，优化系统性能，提升用户体验。要求熟悉Excel、财务分析、财务报表等相关技术，具备良好的沟通能力和团队协作精神。,北京,1000人以上,大专,12363,20350
测试工程师,负责后端服务开发，确保代码质量和系统稳定性。要求熟悉性能测试、缺陷管理、测试等相关技术，具备良好的沟通能力和团队协作精神。,重庆,150-500人,硕士,8134,14790
UI设计师,参与系统架构设计，优化系统性能，提升用户体验。要求熟悉用户体验、Figma、Sketch等相关技术，具备良好的沟通能力和团队协作精神。,天津,少于50人,博士,10664,18204
全栈开发工程师,参与系统架构设计，优化系统性能，提升用户体验。要求熟悉MySQL、Node.js、React等相关技术，具备良好的沟通能力和团队协作精神。,武汉,500-1000人,本科,10611,16595
全栈开发工程师,参与需求分析，提供技术解决方案，推动项目落地。要求熟悉Node.js、MySQL、MongoDB等相关技术，具备良好的沟通能力和团队协作精神。,深圳,少于50人,硕士,14361,23201
数据科学家,负责数据分析和挖掘，为业务决策提供数据支持。要求熟悉TensorFlow、Python、深度学习等相关技术，具备良好的沟通能力和团队协作精神。,武汉,150-500人,大专,16184,24344
产品经理,协调研发、设计、运营团队，确保产品按时交付。要求熟悉需求分析、产品设计、Axure等相关技术，具备良好的沟通能力和团队协作精神。,南京,少于50人,博士,15986,29940
技术支持工程师,负责公司核心产品的开发与维护，参与技术方案设计。要求熟悉文档编写、技术支持、客户沟通等相关技术，具备良好的沟通能力和团队协作精神。,北京,500-1000人,本科,12706,21858
算法工程师,负责公司核心产品的开发与维护，参与技术方案设计。要求熟悉机器学习、深度学习、算法等相关技术，具备良好的沟通能力和团队协作精神。,苏州,1000人以上,硕士,10402,19587
运营专员,分析运营数据，优化运营策略和流程。要求熟悉活动策划、运营、用户增长等相关技术，具备良好的沟通能力和团队协作精神。,成都,少于50人,硕士,5413,9391
UI设计师,参与系统架构设计，优化系统性能，提升用户体验。要求熟悉Sketch、Figma、交互设计等相关技术，具备良好的沟通能力和团队协作精神。,广州,少于50人,本科,7571,12807
架构师,负责后端服务开发，确保代码质量和系统稳定性。要求熟悉系统架构、性能优化、技术选型等相关技术，具备良好的沟通能力和团队协作精神。,南京,少于50人,硕士,10799,17517
数据分析师,设计和维护数据报表，监控业务指标变化。要求熟悉Excel、Tableau、统计学等相关技术，具备良好的沟通能力和团队协作精神。,北京,50-150人,硕士,16448,26723
销售代表,分析市场趋势和竞争对手，制定市场策略。要求熟悉客户关系、销售、商务谈判等相关技术，具备良好的沟通能力和团队协作精神。,北京,50-150人,本科,12451,20355
产品经理,协调研发、设计、运营团队，确保产品按时交付。要求熟悉用户研究、数据分析、需求分析等相关技术，具备良好的沟通能力和团队协作精神。,深圳,500-1000人,硕士,25538,42698
数据科学家,负责数据分析和挖掘，为业务决策提供数据支持。要求熟悉深度学习、PyTorch、TensorFlow等相关技术，具备良好的沟通能力和团队协作精神。,苏州,1000人以上,大专,21867,32465
Python开发工程师,参与系统架构设计，优化系统性能，提升用户体验。要求熟悉Python、MySQL、Django等相关技术，具备良好的沟通能力和团队协作精神。,天津,150-500人,硕士,8036,15357
运营专员,负责日常运营工作，提升用户活跃度和留存率。要求熟悉运营、用户增长、数据分析等相关技术，具备良好的沟通能力和团队协作精神。,广州,500-1000人,硕士,11022,17314
项目经理,负责公司核心产品的开发与维护，参与技术方案设计。要求熟悉团队协调、项目管理、进度控制等相关技术，具备良好的沟通能力和团队协作精神。,西安,500-1000人,大专,11014,17941
数据分析师,设计和维护数据报表，监控业务指标变化。要求熟悉Tableau、Excel、统计学等相关技术，具备良好的沟通能力和团队协作精神。,重庆,1000人以上,大专,7247,12163
市场经理,负责市场推广和品牌建设，拓展市场渠道。要求熟悉市场营销、品牌建设、活动策划等相关技术，具备良好的沟通能力和团队协作精神。,上海,500-1000人,本科,21138,34654
技术支持工程师,参与系统架构设计，优化系统性能，提升用户体验。要求熟悉问题排查、技术支持、客户沟通等相关技术，具备良好的沟通能力和团队协作精神。,上海,少于50人,博士,18023,30557
项目经理,负责公司核心产品的开发与维护，参与技术方案设计。要求熟悉团队协调、进度控制、项目管理等相关技术，具备良好的沟通能力和团队协作精神。,南京,50-150人,博士,20778,36373
UI设计师,负责公司核心产品的开发与维护，参与技术方案设计。要求熟悉Sketch、Figma、交互设计等相关技术，具备良好的沟通能力和团队协作精神。,武汉,500-1000人,大专,6142,10330
运维工程师,负责公司核心产品的开发与维护，参与技术方案设计。要求熟悉K8s、Docker、Linux等相关技术，具备良好的沟通能力和团队协作精神。,重庆,500-1000人,博士,12572,22709
技术支持工程师,负责后端服务开发，确保代码质量和系统稳定性。要求熟悉问题排查、技术支持、文档编写等相关技术，具备良好的沟通能力和团队协作精神。,天津,1000人以上,大专,9512,14918
产品经理,负责产品规划和设计，推动产品迭代优化。要求熟悉产品设计、需求分析、Axure等相关技术，具备良好的沟通能力和团队协作精神。,成都,少于50人,大专,8079,13954
人力资源专员,参与需求分析，提供技术解决方案，推动项目落地。要求熟悉招聘、员工关系、培训等相关技术，具备良好的沟通能力和团队协作精神。,天津,1000人以上,本科,6996,11220
销售代表,分析市场趋势和竞争对手，制定市场策略。要求熟悉业绩目标、客户关系、商务谈判等相关技术，具备良好的沟通能力和团队协作精神。,北京,50-150人,硕士,12604,22879
Java后端开发,负责公司核心产品的开发与维护，参与技术方案设计。要求熟悉Redis、Spring、SpringBoot等相关技术，具备良好的沟通能力和团队协作精神。,广州,少于50人,硕士,9558,17338
财务分析师,负责后端服务开发，确保代码质量和系统稳定性。要求熟悉财务分析、Excel、财务报表等相关技术，具备良好的沟通能力和团队协作精神。,重庆,500-1000人,硕士,14088,21409
算法工程师,负责公司核心产品的开发与维护，参与技术方案设计。要求熟悉算法、数据结构、Python等相关技术，具备良好的沟通能力和团队协作精神。,武汉,1000人以上,大专,5859,11081
数据分析师,负责数据分析和挖掘，为业务决策提供数据支持。要求熟悉Python、SQL、Tableau等相关技术，具备良好的沟通能力和团队协作精神。,西安,50-150人,大专,6368,10356
算法工程师,负责公司核心产品的开发与维护，参与技术方案设计。要求熟悉深度学习、Python、算法等相关技术，具备良好的沟通能力和团队协作精神。,杭州,500-1000人,大专,3578,6169
数据分析师,设计和维护数据报表，监控业务指标变化。要求熟悉统计学、Excel、Tableau等相关技术，具备良好的沟通能力和团队协作精神。,北京,少于50人,本科,6053,9589
算法工程师,负责公司核心产品的开发与维护，参与技术方案设计。要求熟悉机器学习、算法、Python等相关技术，具备良好的沟通能力和团队协作精神。,深圳,少于50人,本科,9121,15921
财务分析师,参与系统架构设计，优化系统性能，提升用户体验。要求熟悉财务分析、Excel、预算编制等相关技术，具备良好的沟通能力和团队协作精神。,广州,500-1000人,大专,10990,17186
算法工程师,参与需求分析，提供技术解决方案，推动项目落地。要求熟悉深度学习、Python、机器学习等相关技术，具备良好的沟通能力和团队协作精神。,天津,500-1000人,大专,7458,12414
测试工程师,负责公司核心产品的开发与维护，参与技术方案设计。要求熟悉测试、缺陷管理、自动化测试等相关技术，具备良好的沟通能力和团队协作精神。,武汉,500-1000人,本科,9052,15036
数据分析师,负责数据分析和挖掘，为业务决策提供数据支持。要求熟悉Tableau、SQL、Excel等相关技术，具备良好的沟通能力和团队协作精神。,上海,150-500人,大专,9645,16199
全栈开发工程师,负责后端服务开发，确保代码质量和系统稳定性。要求熟悉JavaScript、Node.js、MongoDB等相关技术，具备良好的沟通能力和团队协作精神。,武汉,50-150人,硕士,8879,15598
数据科学家,设计和维护数据报表，监控业务指标变化。要求熟悉深度学习、Python、TensorFlow等相关技术，具备良好的沟通能力和团队协作精神。,广州,500-1000人,大专,21283,32899
项目经理,负责后端服务开发，确保代码质量和系统稳定性。要求熟悉团队协调、进度控制、风险控制等相关技术，具备良好的沟通能力和团队协作精神。,上海,1000人以上,硕士,29573,48742
财务分析师,参与需求分析，提供技术解决方案，推动项目落地。要求熟悉Excel、预算编制、财务报表等相关技术，具备良好的沟通能力和团队协作精神。,苏州,500-1000人,本科,8984,15461
全栈开发工程师,参与需求分析，提供技术解决方案，推动项目落地。要求熟悉MySQL、JavaScript、MongoDB等相关技术，具备良好的沟通能力和团队协作精神。,苏州,50-150人,博士,14507,24576
UI设计师,参与系统架构设计，优化系统性能，提升用户体验。要求熟悉用户体验、Figma、Sketch等相关技术，具备良好的沟通能力和团队协作精神。,西安,少于50人,博士,4282,7794
销售代表,分析市场趋势和竞争对手，制定市场策略。要求熟悉业绩目标、客户关系、商务谈判等相关技术，具备良好的沟通能力和团队协作精神。,武汉,少于50人,本科,19194,33066
架构师,负责后端服务开发，确保代码质量和系统稳定性。要求熟悉微服务、系统架构、技术选型等相关技术，具备良好的沟通能力和团队协作精神。,广州,少于50人,硕士,13464,21243
全栈开发工程师,负责后端服务开发，确保代码质量和系统稳定性。要求熟悉JavaScript、React、Node.js等相关技术，具备良好的沟通能力和团队协作精神。,广州,1000人以上,博士,18206,33412
数据分析师,负责数据分析和挖掘，为业务决策提供数据支持。要求熟悉Python、统计学、Excel等相关技术，具备良好的沟通能力和团队协作精神。,广州,150-500人,博士,19071,31743
人力资源专员,参与系统架构设计，优化系统性能，提升用户体验。要求熟悉培训、招聘、员工关系等相关技术，具备良好的沟通能力和团队协作精神。,深圳,500-1000人,博士,16362,26262
全栈开发工程师,负责公司核心产品的开发与维护，参与技术方案设计。要求熟悉Node.js、React、MongoDB等相关技术，具备良好的沟通能力和团队协作精神。,上海,500-1000人,博士,17610,33830
全栈开发工程师,参与系统架构设计，优化系统性能，提升用户体验。要求熟悉JavaScript、MySQL、Node.js等相关技术，具备良好的沟通能力和团队协作精神。,成都,50-150人,硕士,8937,16050
财务分析师,参与需求分析，提供技术解决方案，推动项目落地。要求熟悉财务分析、预算编制、Excel等相关技术，具备良好的沟通能力和团队协作精神。,广州,500-1000人,硕士,18301,28369
市场经理,分析市场趋势和竞争对手，制定市场策略。要求熟悉活动策划、市场营销、渠道拓展等相关技术，具备良好的沟通能力和团队协作精神。,武汉,1000人以上,博士,22139,39764
人力资源专员,负责公司核心产品的开发与维护，参与技术方案设计。要求熟悉招聘、培训、员工关系等相关技术，具备良好的沟通能力和团队协作精神。,南京,1000人以上,本科,6624,11184
测试工程师,参与需求分析，提供技术解决方案，推动项目落地。要求熟悉自动化测试、性能测试、测试等相关技术，具备良好的沟通能力和团队协作精神。,重庆,1000人以上,本科,9305,15449
销售代表,分析市场趋势和竞争对手，制定市场策略。要求熟悉销售、商务谈判、业绩目标等相关技术，具备良好的沟通能力和团队协作精神。,苏州,50-150人,本科,8133,13726
测试工程师,参与系统架构设计，优化系统性能，提升用户体验。要求熟悉性能测试、测试、缺陷管理等相关技术，具备良好的沟通能力和团队协作精神。,北京,500-1000人,硕士,16954,28852
产品经理,分析用户需求和市场动态，制定产品发展策略。要求熟悉产品设计、数据分析、Axure等相关技术，具备良好的沟通能力和团队协作精神。,北京,500-1000人,本科,18003,31731
UI设计师,负责后端服务开发，确保代码质量和系统稳定性。要求熟悉用户体验、UI设计、Sketch等相关技术，具备良好的沟通能力和团队协作精神。,深圳,50-150人,本科,11452,18102
机器学习工程师,参与需求分析，提供技术解决方案，推动项目落地。要求熟悉模型调优、特征工程、Python等相关技术，具备良好的沟通能力和团队协作精神。,北京,少于50人,大专,7647,13305
测试工程师,参与需求分析，提供技术解决方案，推动项目落地。要求熟悉性能测试、缺陷管理、自动化测试等相关技术，具备良好的沟通能力和团队协作精神。,成都,500-1000人,硕士,12032,20269
技术支持工程师,参与系统架构设计，优化系统性能，提升用户体验。要求熟悉问题排查、技术支持、文档编写等相关技术，具备良好的沟通能力和团队协作精神。,苏州,少于50人,硕士,3335,5938
全栈开发工程师,负责后端服务开发，确保代码质量和系统稳定性。要求熟悉MySQL、Node.js、MongoDB等相关技术，具备良好的沟通能力和团队协作精神。,上海,150-500人,博士,19770,34516
全栈开发工程师,负责公司核心产品的开发与维护，参与技术方案设计。要求熟悉MySQL、JavaScript、React等相关技术，具备良好的沟通能力和团队协作精神。,南京,1000人以上,大专,6942,12778
机器学习工程师,参与系统架构设计，优化系统性能，提升用户体验。要求熟悉Python、机器学习、模型调优等相关技术，具备良好的沟通能力和团队协作精神。,重庆,150-500人,博士,12611,21827
全栈开发工程师,负责后端服务开发，确保代码质量和系统稳定性。要求熟悉Node.js、MySQL、JavaScript等相关技术，具备良好的沟通能力和团队协作精神。,深圳,1000人以上,博士,21132,38412
财务分析师,参与需求分析，提供技术解决方案，推动项目落地。要求熟悉预算编制、财务报表、财务分析等相关技术，具备良好的沟通能力和团队协作精神。,上海,500-1000人,硕士,16913,28628
前端开发工程师,参与需求分析，提供技术解决方案，推动项目落地。要求熟悉HTML、React、JavaScript等相关技术，具备良好的沟通能力和团队协作精神。,苏州,50-150人,大专,6369,10844
全栈开发工程师,负责公司核心产品的开发与维护，参与技术方案设计。要求熟悉MySQL、MongoDB、React等相关技术，具备良好的沟通能力和团队协作精神。,广州,少于50人,博士,15240,26011
机器学习工程师,参与需求分析，提供技术解决方案，推动项目落地。要求熟悉机器学习、特征工程、Python等相关技术，具备良好的沟通能力和团队协作精神。,重庆,50-150人,大专,5921,9812
财务分析师,参与需求分析，提供技术解决方案，推动项目落地。要求熟悉Excel、预算编制、财务分析等相关技术，具备良好的沟通能力和团队协作精神。,上海,50-150人,大专,9919,16145
Java后端开发,参与系统架构设计，优化系统性能，提升用户体验。要求熟悉MySQL、Spring、SpringBoot等相关技术，具备良好的沟通能力和团队协作精神。,杭州,1000人以上,大专,10255,17321
运营专员,分析运营数据，优化运营策略和流程。要求熟悉活动策划、用户增长、数据分析等相关技术，具备良好的沟通能力和团队协作精神。,成都,1000人以上,硕士,9042,14658
算法工程师,参与系统架构设计，优化系统性能，提升用户体验。要求熟悉机器学习、Python、深度学习等相关技术，具备良好的沟通能力和团队协作精神。,重庆,1000人以上,大专,7168,12083
机器学习工程师,负责后端服务开发，确保代码质量和系统稳定性。要求熟悉特征工程、Python、机器学习等相关技术，具备良好的沟通能力和团队协作精神。,苏州,50-150人,本科,6825,12418
产品经理,协调研发、设计、运营团队，确保产品按时交付。要求熟悉数据分析、产品设计、Axure等相关技术，具备良好的沟通能力和团队协作精神。,上海,1000人以上,本科,20688,35433
产品经理,负责产品规划和设计，推动产品迭代优化。要求熟悉需求分析、数据分析、用户研究等相关技术，具备良好的沟通能力和团队协作精神。,西安,500-1000人,本科,12497,21156
Java后端开发,参与系统架构设计，优化系统性能，提升用户体验。要求熟悉Redis、Dubbo、SpringBoot等相关技术，具备良好的沟通能力和团队协作精神。,上海,1000人以上,博士,24354,42048
销售代表,分析市场趋势和竞争对手，制定市场策略。要求熟悉商务谈判、客户关系、销售等相关技术，具备良好的沟通能力和团队协作精神。,杭州,少于50人,本科,6154,12410
全栈开发工程师,负责公司核心产品的开发与维护，参与技术方案设计。要求熟悉MongoDB、React、JavaScript等相关技术，具备良好的沟通能力和团队协作精神。,成都,500-1000人,本科,8902,15238
测试工程师,负责公司核心产品的开发与维护，参与技术方案设计。要求熟悉缺陷管理、性能测试、自动化测试等相关技术，具备良好的沟通能力和团队协作精神。,苏州,500-1000人,硕士,15070,23490
销售代表,负责市场推广和品牌建设，拓展市场渠道。要求熟悉商务谈判、业绩目标、销售等相关技术，具备良好的沟通能力和团队协作精神。,苏州,1000人以上,博士,16628,29346
架构师,负责公司核心产品的开发与维护，参与技术方案设计。要求熟悉微服务、技术选型、系统架构等相关技术，具备良好的沟通能力和团队协作精神。,天津,1000人以上,本科,8370,15128
市场经理,策划营销活动，提升产品知名度和市场份额。要求熟悉市场营销、活动策划、渠道拓展等相关技术，具备良好的沟通能力和团队协作精神。,重庆,少于50人,博士,16979,28729
机器学习工程师,参与需求分析，提供技术解决方案，推动项目落地。要求熟悉模型调优、Python、机器学习等相关技术，具备良好的沟通能力和团队协作精神。,苏州,500-1000人,本科,9284,15761
数据分析师,设计和维护数据报表，监控业务指标变化。要求熟悉Python、SQL、统计学等相关技术，具备良好的沟通能力和团队协作精神。,上海,500-1000人,本科,17557,26568
数据科学家,设计和维护数据报表，监控业务指标变化。要求熟悉机器学习、深度学习、Python等相关技术，具备良好的沟通能力和团队协作精神。,杭州,50-150人,本科,17321,30431
技术支持工程师,参与需求分析，提供技术解决方案，推动项目落地。要求熟悉问题排查、技术支持、客户沟通等相关技术，具备良好的沟通能力和团队协作精神。,南京,50-150人,大专,6987,11608
财务分析师,负责公司核心产品的开发与维护，参与技术方案设计。要求熟悉财务分析、Excel、预算编制等相关技术，具备良好的沟通能力和团队协作精神。,成都,150-500人,大专,8371,12979
运营专员,分析运营数据，优化运营策略和流程。要求熟悉数据分析、运营、用户增长等相关技术，具备良好的沟通能力和团队协作精神。,杭州,50-150人,硕士,8359,14040
数据科学家,构建机器学习模型，解决实际业务问题。要求熟悉Python、深度学习、机器学习等相关技术，具备良好的沟通能力和团队协作精神。,天津,150-500人,本科,17465,28025
财务分析师,参与需求分析，提供技术解决方案，推动项目落地。要求熟悉财务分析、预算编制、Excel等相关技术，具备良好的沟通能力和团队协作精神。,成都,少于50人,大专,7491,11408
产品经理,负责产品规划和设计，推动产品迭代优化。要求熟悉Axure、用户研究、需求分析等相关技术，具备良好的沟通能力和团队协作精神。,北京,1000人以上,硕士,29953,49422
机器学习工程师,参与系统架构设计，优化系统性能，提升用户体验。要求熟悉模型调优、Python、机器学习等相关技术，具备良好的沟通能力和团队协作精神。,苏州,1000人以上,大专,6560,12213
运营专员,策划运营活动，提升品牌影响力和用户增长。要求熟悉运营、数据分析、用户增长等相关技术，具备良好的沟通能力和团队协作精神。,重庆,50-150人,硕士,6576,10528
运维工程师,负责公司核心产品的开发与维护，参与技术方案设计。要求熟悉运维、Linux、K8s等相关技术，具备良好的沟通能力和团队协作精神。,深圳,500-1000人,大专,9594,16634
人力资源专员,参与系统架构设计，优化系统性能，提升用户体验。要求熟悉培训、招聘、绩效考核等相关技术，具备良好的沟通能力和团队协作精神。,成都,1000人以上,硕士,8505,14121
算法工程师,参与需求分析，提供技术解决方案，推动项目落地。要求熟悉深度学习、机器学习、Python等相关技术，具备良好的沟通能力和团队协作精神。,西安,500-1000人,博士,14430,24821
数据科学家,负责数据分析和挖掘，为业务决策提供数据支持。要求熟悉机器学习、TensorFlow、Python等相关技术，具备良好的沟通能力和团队协作精神。,深圳,1000人以上,硕士,36317,59717
项目经理,参与系统架构设计，优化系统性能，提升用户体验。要求熟悉项目管理、团队协调、风险控制等相关技术，具备良好的沟通能力和团队协作精神。,杭州,少于50人,大专,11999,19507
运营专员,策划运营活动，提升品牌影响力和用户增长。要求熟悉运营、活动策划、数据分析等相关技术，具备良好的沟通能力和团队协作精神。,深圳,150-500人,本科,7416,12416
数据科学家,构建机器学习模型，解决实际业务问题。要求熟悉机器学习、PyTorch、TensorFlow等相关技术，具备良好的沟通能力和团队协作精神。,南京,50-150人,硕士,19007,33086
运维工程师,参与系统架构设计，优化系统性能，提升用户体验。要求熟悉Docker、Linux、K8s等相关技术，具备良好的沟通能力和团队协作精神。,南京,1000人以上,本科,3797,6715
销售代表,策划营销活动，提升产品知名度和市场份额。要求熟悉商务谈判、业绩目标、销售等相关技术，具备良好的沟通能力和团队协作精神。,上海,1000人以上,博士,24923,42617
运维工程师,参与系统架构设计，优化系统性能，提升用户体验。要求熟悉Docker、Linux、监控等相关技术，具备良好的沟通能力和团队协作精神。,武汉,150-500人,硕士,11353,18425
架构师,负责后端服务开发，确保代码质量和系统稳定性。要求熟悉性能优化、系统架构、技术选型等相关技术，具备良好的沟通能力和团队协作精神。,深圳,500-1000人,本科,13095,21895
产品经理,分析用户需求和市场动态，制定产品发展策略。要求熟悉Axure、需求分析、数据分析等相关技术，具备良好的沟通能力和团队协作精神。,广州,150-500人,大专,10268,18716
运维工程师,参与需求分析，提供技术解决方案，推动项目落地。要求熟悉运维、Linux、Docker等相关技术，具备良好的沟通能力和团队协作精神。,苏州,150-500人,硕士,14091,21745
财务分析师,负责后端服务开发，确保代码质量和系统稳定性。要求熟悉预算编制、财务报表、财务分析等相关技术，具备良好的沟通能力和团队协作精神。,苏州,500-1000人,硕士,14696,23115
测试工程师,负责后端服务开发，确保代码质量和系统稳定性。要求熟悉缺陷管理、测试、性能测试等相关技术，具备良好的沟通能力和团队协作精神。,武汉,150-500人,大专,7024,11376
Python开发工程师,负责后端服务开发，确保代码质量和系统稳定性。要求熟悉Django、MySQL、FastAPI等相关技术，具备良好的沟通能力和团队协作精神。,北京,1000人以上,硕士,17477,30456
机器学习工程师,参与需求分析，提供技术解决方案，推动项目落地。要求熟悉模型调优、机器学习、特征工程等相关技术，具备良好的沟通能力和团队协作精神。,杭州,150-500人,博士,19540,32788
项目经理,参与需求分析，提供技术解决方案，推动项目落地。要求熟悉项目管理、进度控制、风险控制等相关技术，具备良好的沟通能力和团队协作精神。,南京,1000人以上,硕士,21801,36028
UI设计师,负责公司核心产品的开发与维护，参与技术方案设计。要求熟悉UI设计、Sketch、用户体验等相关技术，具备良好的沟通能力和团队协作精神。,天津,少于50人,博士,14355,21894
UI设计师,参与系统架构设计，优化系统性能，提升用户体验。要求熟悉交互设计、Sketch、用户体验等相关技术，具备良好的沟通能力和团队协作精神。,上海,少于50人,大专,9112,13986
UI设计师,参与需求分析，提供技术解决方案，推动项目落地。要求熟悉Sketch、用户体验、Figma等相关技术，具备良好的沟通能力和团队协作精神。,上海,150-500人,博士,23608,36510
市场经理,分析市场趋势和竞争对手，制定市场策略。要求熟悉活动策划、市场营销、渠道拓展等相关技术，具备良好的沟通能力和团队协作精神。,北京,150-500人,大专,13138,23122
人力资源专员,参与系统架构设计，优化系统性能，提升用户体验。要求熟悉培训、员工关系、招聘等相关技术，具备良好的沟通能力和团队协作精神。,西安,150-500人,硕士,5908,10172
销售代表,负责市场推广和品牌建设，拓展市场渠道。要求熟悉商务谈判、客户关系、销售等相关技术，具备良好的沟通能力和团队协作精神。,苏州,500-1000人,硕士,12102,20522
市场经理,策划营销活动，提升产品知名度和市场份额。要求熟悉渠道拓展、品牌建设、市场营销等相关技术，具备良好的沟通能力和团队协作精神。,武汉,500-1000人,本科,13912,22888
数据分析师,设计和维护数据报表，监控业务指标变化。要求熟悉Tableau、SQL、Excel等相关技术，具备良好的沟通能力和团队协作精神。,天津,150-500人,本科,9229,14861
架构师,参与需求分析，提供技术解决方案，推动项目落地。要求熟悉系统架构、技术选型、微服务等相关技术，具备良好的沟通能力和团队协作精神。,苏州,50-150人,硕士,11450,18722
数据分析师,设计和维护数据报表，监控业务指标变化。要求熟悉Python、Tableau、Excel等相关技术，具备良好的沟通能力和团队协作精神。,成都,少于50人,本科,9817,14713
数据科学家,设计和维护数据报表，监控业务指标变化。要求熟悉TensorFlow、机器学习、深度学习等相关技术，具备良好的沟通能力和团队协作精神。,武汉,150-500人,大专,11362,19522
运营专员,分析运营数据，优化运营策略和流程。要求熟悉运营、数据分析、活动策划等相关技术，具备良好的沟通能力和团队协作精神。,苏州,50-150人,博士,8385,14678
机器学习工程师,参与系统架构设计，优化系统性能，提升用户体验。要求熟悉Python、特征工程、模型调优等相关技术，具备良好的沟通能力和团队协作精神。,成都,1000人以上,硕士,30295,52760
Python开发工程师,参与需求分析，提供技术解决方案，推动项目落地。要求熟悉MySQL、Flask、Python等相关技术，具备良好的沟通能力和团队协作精神。,上海,50-150人,博士,20069,34077
技术支持工程师,负责后端服务开发，确保代码质量和系统稳定性。要求熟悉客户沟通、技术支持、问题排查等相关技术，具备良好的沟通能力和团队协作精神。,重庆,50-150人,大专,5000,8858
UI设计师,参与需求分析，提供技术解决方案，推动项目落地。要求熟悉UI设计、Figma、用户体验等相关技术，具备良好的沟通能力和团队协作精神。,成都,1000人以上,博士,21039,31925
市场经理,负责市场推广和品牌建设，拓展市场渠道。要求熟悉活动策划、市场营销、品牌建设等相关技术，具备良好的沟通能力和团队协作精神。,武汉,50-150人,大专,9020,15221
运营专员,分析运营数据，优化运营策略和流程。要求熟悉数据分析、活动策划、用户增长等相关技术，具备良好的沟通能力和团队协作精神。,重庆,150-500人,本科,5000,8025
算法工程师,参与系统架构设计，优化系统性能，提升用户体验。要求熟悉数据结构、深度学习、机器学习等相关技术，具备良好的沟通能力和团队协作精神。,广州,少于50人,大专,5293,10080
UI设计师,参与需求分析，提供技术解决方案，推动项目落地。要求熟悉UI设计、用户体验、交互设计等相关技术，具备良好的沟通能力和团队协作精神。,重庆,500-1000人,大专,5365,9307
全栈开发工程师,负责后端服务开发，确保代码质量和系统稳定性。要求熟悉MySQL、MongoDB、React等相关技术，具备良好的沟通能力和团队协作精神。,西安,150-500人,硕士,3896,6624
数据科学家,构建机器学习模型，解决实际业务问题。要求熟悉机器学习、TensorFlow、PyTorch等相关技术，具备良好的沟通能力和团队协作精神。,重庆,500-1000人,本科,12028,22588
架构师,参与需求分析，提供技术解决方案，推动项目落地。要求熟悉性能优化、技术选型、微服务等相关技术，具备良好的沟通能力和团队协作精神。,成都,少于50人,博士,13790,22603
技术支持工程师,负责后端服务开发，确保代码质量和系统稳定性。要求熟悉客户沟通、技术支持、问题排查等相关技术，具备良好的沟通能力和团队协作精神。,杭州,150-500人,本科,9901,17261
机器学习工程师,负责公司核心产品的开发与维护，参与技术方案设计。要求熟悉机器学习、模型调优、特征工程等相关技术，具备良好的沟通能力和团队协作精神。,西安,500-1000人,硕士,14882,22386
UI设计师,负责后端服务开发，确保代码质量和系统稳定性。要求熟悉UI设计、Sketch、交互设计等相关技术，具备良好的沟通能力和团队协作精神。,武汉,1000人以上,博士,21976,32257
Python开发工程师,负责后端服务开发，确保代码质量和系统稳定性。要求熟悉Python、Flask、FastAPI等相关技术，具备良好的沟通能力和团队协作精神。,西安,500-1000人,博士,13934,24325
销售代表,负责市场推广和品牌建设，拓展市场渠道。要求熟悉商务谈判、客户关系、销售等相关技术，具备良好的沟通能力和团队协作精神。,广州,150-500人,大专,7631,13263
机器学习工程师,负责公司核心产品的开发与维护，参与技术方案设计。要求熟悉Python、特征工程、机器学习等相关技术，具备良好的沟通能力和团队协作精神。,北京,1000人以上,大专,12473,20460
Java后端开发,负责后端服务开发，确保代码质量和系统稳定性。要求熟悉Dubbo、Redis、Spring等相关技术，具备良好的沟通能力和团队协作精神。,武汉,150-500人,博士,16591,26383
算法工程师,负责后端服务开发，确保代码质量和系统稳定性。要求熟悉数据结构、Python、机器学习等相关技术，具备良好的沟通能力和团队协作精神。,天津,150-500人,硕士,7818,15140
财务分析师,参与系统架构设计，优化系统性能，提升用户体验。要求熟悉预算编制、Excel、财务分析等相关技术，具备良好的沟通能力和团队协作精神。,成都,50-150人,硕士,9224,16338
财务分析师,负责公司核心产品的开发与维护，参与技术方案设计。要求熟悉Excel、预算编制、财务分析等相关技术，具备良好的沟通能力和团队协作精神。,武汉,少于50人,大专,5739,9438
项目经理,负责公司核心产品的开发与维护，参与技术方案设计。要求熟悉进度控制、风险控制、团队协调等相关技术，具备良好的沟通能力和团队协作精神。,天津,少于50人,大专,8526,14271
财务分析师,负责后端服务开发，确保代码质量和系统稳定性。要求熟悉财务分析、财务报表、Excel等相关技术，具备良好的沟通能力和团队协作精神。,上海,少于50人,博士,22513,35046
市场经理,策划营销活动，提升产品知名度和市场份额。要求熟悉活动策划、品牌建设、市场营销等相关技术，具备良好的沟通能力和团队协作精神。,南京,50-150人,博士,24571,40166
运营专员,策划运营活动，提升品牌影响力和用户增长。要求熟悉用户增长、运营、活动策划等相关技术，具备良好的沟通能力和团队协作精神。,天津,150-500人,博士,7983,14319
运维工程师,参与需求分析，提供技术解决方案，推动项目落地。要求熟悉监控、K8s、Linux等相关技术，具备良好的沟通能力和团队协作精神。,西安,少于50人,硕士,5455,11254
人力资源专员,负责后端服务开发，确保代码质量和系统稳定性。要求熟悉培训、员工关系、绩效考核等相关技术，具备良好的沟通能力和团队协作精神。,南京,50-150人,大专,5000,7715
市场经理,负责市场推广和品牌建设，拓展市场渠道。要求熟悉市场营销、品牌建设、活动策划等相关技术，具备良好的沟通能力和团队协作精神。,苏州,1000人以上,硕士,16805,30583
算法工程师,参与系统架构设计，优化系统性能，提升用户体验。要求熟悉深度学习、数据结构、机器学习等相关技术，具备良好的沟通能力和团队协作精神。,天津,50-150人,大专,5000,8545
财务分析师,负责后端服务开发，确保代码质量和系统稳定性。要求熟悉财务报表、Excel、财务分析等相关技术，具备良好的沟通能力和团队协作精神。,杭州,少于50人,硕士,13982,22114
技术支持工程师,参与系统架构设计，优化系统性能，提升用户体验。要求熟悉技术支持、问题排查、文档编写等相关技术，具备良好的沟通能力和团队协作精神。,南京,500-1000人,本科,10190,16878
销售代表,分析市场趋势和竞争对手，制定市场策略。要求熟悉业绩目标、客户关系、销售等相关技术，具备良好的沟通能力和团队协作精神。,上海,50-150人,大专,8418,14644
运营专员,负责日常运营工作，提升用户活跃度和留存率。要求熟悉活动策划、数据分析、运营等相关技术，具备良好的沟通能力和团队协作精神。,西安,150-500人,博士,8315,14219
产品经理,负责产品规划和设计，推动产品迭代优化。要求熟悉Axure、用户研究、需求分析等相关技术，具备良好的沟通能力和团队协作精神。,西安,1000人以上,硕士,16518,28798
运营专员,策划运营活动，提升品牌影响力和用户增长。要求熟悉数据分析、活动策划、运营等相关技术，具备良好的沟通能力和团队协作精神。,深圳,少于50人,本科,6060,10310
Python开发工程师,参与需求分析，提供技术解决方案，推动项目落地。要求熟悉Redis、Django、Flask等相关技术，具备良好的沟通能力和团队协作精神。,天津,50-150人,本科,6004,11354
前端开发工程师,负责后端服务开发，确保代码质量和系统稳定性。要求熟悉TypeScript、CSS、Vue等相关技术，具备良好的沟通能力和团队协作精神。,南京,500-1000人,博士,14939,26978
全栈开发工程师,负责后端服务开发，确保代码质量和系统稳定性。要求熟悉JavaScript、React、MongoDB等相关技术，具备良好的沟通能力和团队协作精神。,广州,少于50人,本科,8812,14796
数据分析师,负责数据分析和挖掘，为业务决策提供数据支持。要求熟悉Python、Tableau、Excel等相关技术，具备良好的沟通能力和团队协作精神。,成都,1000人以上,硕士,15795,24781
架构师,负责后端服务开发，确保代码质量和系统稳定性。要求熟悉技术选型、性能优化、系统架构等相关技术，具备良好的沟通能力和团队协作精神。,上海,150-500人,本科,11522,19714
测试工程师,负责后端服务开发，确保代码质量和系统稳定性。要求熟悉测试、性能测试、自动化测试等相关技术，具备良好的沟通能力和团队协作精神。,南京,1000人以上,硕士,11271,20756
前端开发工程师,负责后端服务开发，确保代码质量和系统稳定性。要求熟悉Vue、HTML、JavaScript等相关技术，具备良好的沟通能力和团队协作精神。,深圳,1000人以上,博士,23171,40451
人力资源专员,参与系统架构设计，优化系统性能，提升用户体验。要求熟悉培训、招聘、绩效考核等相关技术，具备良好的沟通能力和团队协作精神。,西安,150-500人,本科,5000,7000
运营专员,分析运营数据，优化运营策略和流程。要求熟悉运营、数据分析、用户增长等相关技术，具备良好的沟通能力和团队协作精神。,南京,1000人以上,大专,5602,9250
机器学习工程师,参与需求分析，提供技术解决方案，推动项目落地。要求熟悉机器学习、模型调优、Python等相关技术，具备良好的沟通能力和团队协作精神。,南京,少于50人,硕士,11037,17756
技术支持工程师,负责公司核心产品的开发与维护，参与技术方案设计。要求熟悉客户沟通、文档编写、问题排查等相关技术，具备良好的沟通能力和团队协作精神。,深圳,150-500人,本科,8788,16788
算法工程师,参与系统架构设计，优化系统性能，提升用户体验。要求熟悉算法、Python、深度学习等相关技术，具备良好的沟通能力和团队协作精神。,北京,1000人以上,大专,10104,18092
测试工程师,负责公司核心产品的开发与维护，参与技术方案设计。要求熟悉性能测试、缺陷管理、自动化测试等相关技术，具备良好的沟通能力和团队协作精神。,广州,150-500人,大专,8091,13723
前端开发工程师,负责后端服务开发，确保代码质量和系统稳定性。要求熟悉CSS、Vue、HTML等相关技术，具备良好的沟通能力和团队协作精神。,广州,50-150人,大专,8613,13964
机器学习工程师,参与系统架构设计，优化系统性能，提升用户体验。要求熟悉Python、模型调优、特征工程等相关技术，具备良好的沟通能力和团队协作精神。,北京,少于50人,硕士,11868,21062
运营专员,策划运营活动，提升品牌影响力和用户增长。要求熟悉运营、数据分析、用户增长等相关技术，具备良好的沟通能力和团队协作精神。,杭州,少于50人,博士,9582,16620
Java后端开发,负责后端服务开发，确保代码质量和系统稳定性。要求熟悉Dubbo、SpringBoot、Redis等相关技术，具备良好的沟通能力和团队协作精神。,苏州,500-1000人,硕士,8468,16888
UI设计师,负责后端服务开发，确保代码质量和系统稳定性。要求熟悉Sketch、交互设计、UI设计等相关技术，具备良好的沟通能力和团队协作精神。,武汉,500-1000人,本科,8718,13954
架构师,参与系统架构设计，优化系统性能，提升用户体验。要求熟悉微服务、性能优化、技术选型等相关技术，具备良好的沟通能力和团队协作精神。,天津,50-150人,大专,7524,11804
市场经理,策划营销活动，提升产品知名度和市场份额。要求熟悉市场营销、渠道拓展、活动策划等相关技术，具备良好的沟通能力和团队协作精神。,深圳,少于50人,博士,26199,44559
Python开发工程师,参与需求分析，提供技术解决方案，推动项目落地。要求熟悉Redis、MySQL、Python等相关技术，具备良好的沟通能力和团队协作精神。,武汉,少于50人,博士,11409,19732
Python开发工程师,参与系统架构设计，优化系统性能，提升用户体验。要求熟悉Redis、Flask、Django等相关技术，具备良好的沟通能力和团队协作精神。,北京,1000人以上,本科,14330,24314
全栈开发工程师,参与需求分析，提供技术解决方案，推动项目落地。要求熟悉MongoDB、React、JavaScript等相关技术，具备良好的沟通能力和团队协作精神。,武汉,1000人以上,本科,8962,15490
前端开发工程师,参与需求分析，提供技术解决方案，推动项目落地。要求熟悉React、TypeScript、HTML等相关技术，具备良好的沟通能力和团队协作精神。,重庆,500-1000人,硕士,8951,16272
数据分析师,设计和维护数据报表，监控业务指标变化。要求熟悉Python、Tableau、统计学等相关技术，具备良好的沟通能力和团队协作精神。,北京,1000人以上,本科,18646,28630
前端开发工程师,负责后端服务开发，确保代码质量和系统稳定性。要求熟悉HTML、React、CSS等相关技术，具备良好的沟通能力和团队协作精神。,天津,少于50人,大专,5428,9257
销售代表,分析市场趋势和竞争对手，制定市场策略。要求熟悉业绩目标、销售、商务谈判等相关技术，具备良好的沟通能力和团队协作精神。,西安,50-150人,本科,6871,11857
数据科学家,设计和维护数据报表，监控业务指标变化。要求熟悉TensorFlow、深度学习、PyTorch等相关技术，具备良好的沟通能力和团队协作精神。,深圳,少于50人,大专,14077,24277
市场经理,策划营销活动，提升产品知名度和市场份额。要求熟悉品牌建设、渠道拓展、活动策划等相关技术，具备良好的沟通能力和团队协作精神。,苏州,500-1000人,本科,15732,25448
全栈开发工程师,负责公司核心产品的开发与维护，参与技术方案设计。要求熟悉Node.js、MongoDB、JavaScript等相关技术，具备良好的沟通能力和团队协作精神。,深圳,1000人以上,硕士,18715,31195
Java后端开发,参与系统架构设计，优化系统性能，提升用户体验。要求熟悉Dubbo、Redis、MySQL等相关技术，具备良好的沟通能力和团队协作精神。,成都,1000人以上,大专,7029,12559
Python开发工程师,负责公司核心产品的开发与维护，参与技术方案设计。要求熟悉Django、Redis、Flask等相关技术，具备良好的沟通能力和团队协作精神。,武汉,少于50人,硕士,9394,15405
Python开发工程师,参与需求分析，提供技术解决方案，推动项目落地。要求熟悉Flask、FastAPI、MySQL等相关技术，具备良好的沟通能力和团队协作精神。,武汉,150-500人,硕士,9064,16136
技术支持工程师,负责后端服务开发，确保代码质量和系统稳定性。要求熟悉技术支持、客户沟通、问题排查等相关技术，具备良好的沟通能力和团队协作精神。,成都,少于50人,大专,5000,8728
财务分析师,负责公司核心产品的开发与维护，参与技术方案设计。要求熟悉财务分析、预算编制、Excel等相关技术，具备良好的沟通能力和团队协作精神。,武汉,150-500人,本科,20687,34287
销售代表,分析市场趋势和竞争对手，制定市场策略。要求熟悉业绩目标、商务谈判、客户关系等相关技术，具备良好的沟通能力和团队协作精神。,武汉,50-150人,本科,5389,10557
人力资源专员,负责公司核心产品的开发与维护，参与技术方案设计。要求熟悉培训、员工关系、招聘等相关技术，具备良好的沟通能力和团队协作精神。,成都,500-1000人,本科,6313,10273
财务分析师,负责公司核心产品的开发与维护，参与技术方案设计。要求熟悉财务分析、财务报表、Excel等相关技术，具备良好的沟通能力和团队协作精神。,重庆,50-150人,本科,6259,11123
架构师,参与需求分析，提供技术解决方案，推动项目落地。要求熟悉性能优化、微服务、技术选型等相关技术，具备良好的沟通能力和团队协作精神。,武汉,少于50人,硕士,6880,12892
前端开发工程师,参与系统架构设计，优化系统性能，提升用户体验。要求熟悉HTML、JavaScript、React等相关技术，具备良好的沟通能力和团队协作精神。,苏州,1000人以上,大专,5572,11224
市场经理,分析市场趋势和竞争对手，制定市场策略。要求熟悉品牌建设、渠道拓展、市场营销等相关技术，具备良好的沟通能力和团队协作精神。,上海,150-500人,硕士,21707,37681
项目经理,负责公司核心产品的开发与维护，参与技术方案设计。要求熟悉团队协调、进度控制、项目管理等相关技术，具备良好的沟通能力和团队协作精神。,杭州,150-500人,大专,11895,20727
销售代表,负责市场推广和品牌建设，拓展市场渠道。要求熟悉客户关系、商务谈判、业绩目标等相关技术，具备良好的沟通能力和团队协作精神。,广州,150-500人,博士,16647,29319
前端开发工程师,参与系统架构设计，优化系统性能，提升用户体验。要求熟悉CSS、JavaScript、Vue等相关技术，具备良好的沟通能力和团队协作精神。,天津,500-1000人,博士,13153,24304
算法工程师,负责公司核心产品的开发与维护，参与技术方案设计。要求熟悉深度学习、Python、机器学习等相关技术，具备良好的沟通能力和团队协作精神。,深圳,500-1000人,博士,18298,34138
运维工程师,负责后端服务开发，确保代码质量和系统稳定性。要求熟悉K8s、Linux、Docker等相关技术，具备良好的沟通能力和团队协作精神。,武汉,1000人以上,博士,8589,14465
数据科学家,负责数据分析和挖掘，为业务决策提供数据支持。要求熟悉PyTorch、机器学习、深度学习等相关技术，具备良好的沟通能力和团队协作精神。,成都,1000人以上,本科,19033,31993
架构师,参与系统架构设计，优化系统性能，提升用户体验。要求熟悉技术选型、微服务、系统架构等相关技术，具备良好的沟通能力和团队协作精神。,北京,少于50人,本科,10143,17215
Java后端开发,参与需求分析，提供技术解决方案，推动项目落地。要求熟悉Redis、SpringBoot、MySQL等相关技术，具备良好的沟通能力和团队协作精神。,武汉,1000人以上,硕士,10260,18746
测试工程师,参与需求分析，提供技术解决方案，推动项目落地。要求熟悉性能测试、自动化测试、测试等相关技术，具备良好的沟通能力和团队协作精神。,武汉,500-1000人,大专,6744,11532
测试工程师,参与需求分析，提供技术解决方案，推动项目落地。要求熟悉性能测试、测试、缺陷管理等相关技术，具备良好的沟通能力和团队协作精神。,杭州,150-500人,硕士,15494,25062
算法工程师,参与需求分析，提供技术解决方案，推动项目落地。要求熟悉Python、深度学习、机器学习等相关技术，具备良好的沟通能力和团队协作精神。,成都,50-150人,大专,6500,10877
市场经理,策划营销活动，提升产品知名度和市场份额。要求熟悉活动策划、品牌建设、市场营销等相关技术，具备良好的沟通能力和团队协作精神。,苏州,50-150人,博士,19598,34701
前端开发工程师,参与系统架构设计，优化系统性能，提升用户体验。要求熟悉TypeScript、CSS、Vue等相关技术，具备良好的沟通能力和团队协作精神。,天津,150-500人,博士,14428,24565
全栈开发工程师,参与需求分析，提供技术解决方案，推动项目落地。要求熟悉Node.js、MongoDB、JavaScript等相关技术，具备良好的沟通能力和团队协作精神。,天津,少于50人,博士,11459,20076
产品经理,协调研发、设计、运营团队，确保产品按时交付。要求熟悉产品设计、Axure、用户研究等相关技术，具备良好的沟通能力和团队协作精神。,苏州,500-1000人,硕士,17384,30014
财务分析师,参与需求分析，提供技术解决方案，推动项目落地。要求熟悉财务报表、财务分析、Excel等相关技术，具备良好的沟通能力和团队协作精神。,杭州,少于50人,博士,18200,29461
Java后端开发,参与系统架构设计，优化系统性能，提升用户体验。要求熟悉Java、Dubbo、MySQL等相关技术，具备良好的沟通能力和团队协作精神。,苏州,50-150人,硕士,9774,17046
机器学习工程师,参与需求分析，提供技术解决方案，推动项目落地。要求熟悉机器学习、Python、模型调优等相关技术，具备良好的沟通能力和团队协作精神。,北京,少于50人,硕士,13006,22200
数据分析师,设计和维护数据报表，监控业务指标变化。要求熟悉Excel、Python、Tableau等相关技术，具备良好的沟通能力和团队协作精神。,深圳,1000人以上,硕士,18348,30828
技术支持工程师,参与需求分析，提供技术解决方案，推动项目落地。要求熟悉技术支持、客户沟通、问题排查等相关技术，具备良好的沟通能力和团队协作精神。,深圳,500-1000人,博士,18762,34602
财务分析师,负责公司核心产品的开发与维护，参与技术方案设计。要求熟悉Excel、财务分析、财务报表等相关技术，具备良好的沟通能力和团队协作精神。,重庆,少于50人,大专,5000,8299
机器学习工程师,负责公司核心产品的开发与维护，参与技术方案设计。要求熟悉特征工程、Python、机器学习等相关技术，具备良好的沟通能力和团队协作精神。,杭州,1000人以上,大专,7595,14660
算法工程师,参与需求分析，提供技术解决方案，推动项目落地。要求熟悉机器学习、算法、数据结构等相关技术，具备良好的沟通能力和团队协作精神。,成都,1000人以上,博士,14267,26709
市场经理,负责市场推广和品牌建设，拓展市场渠道。要求熟悉渠道拓展、市场营销、活动策划等相关技术，具备良好的沟通能力和团队协作精神。,杭州,150-500人,博士,27918,47790
人力资源专员,参与需求分析，提供技术解决方案，推动项目落地。要求熟悉绩效考核、员工关系、培训等相关技术，具备良好的沟通能力和团队协作精神。,北京,1000人以上,博士,14842,26074
数据分析师,设计和维护数据报表，监控业务指标变化。要求熟悉Python、Excel、Tableau等相关技术，具备良好的沟通能力和团队协作精神。,西安,50-150人,大专,7178,11167
运营专员,负责日常运营工作，提升用户活跃度和留存率。要求熟悉活动策划、数据分析、用户增长等相关技术，具备良好的沟通能力和团队协作精神。,苏州,1000人以上,大专,5323,8856
财务分析师,负责公司核心产品的开发与维护，参与技术方案设计。要求熟悉预算编制、财务分析、财务报表等相关技术，具备良好的沟通能力和团队协作精神。,西安,50-150人,硕士,8146,14627
市场经理,负责市场推广和品牌建设，拓展市场渠道。要求熟悉活动策划、品牌建设、渠道拓展等相关技术，具备良好的沟通能力和团队协作精神。,天津,50-150人,本科,12020,20046
市场经理,负责市场推广和品牌建设，拓展市场渠道。要求熟悉活动策划、市场营销、品牌建设等相关技术，具备良好的沟通能力和团队协作精神。,南京,50-150人,大专,10584,17515
产品经理,协调研发、设计、运营团队，确保产品按时交付。要求熟悉用户研究、Axure、需求分析等相关技术，具备良好的沟通能力和团队协作精神。,广州,1000人以上,硕士,19581,36054
人力资源专员,参与需求分析，提供技术解决方案，推动项目落地。要求熟悉绩效考核、招聘、员工关系等相关技术，具备良好的沟通能力和团队协作精神。,北京,500-1000人,大专,7248,11824
技术支持工程师,参与需求分析，提供技术解决方案，推动项目落地。要求熟悉客户沟通、问题排查、技术支持等相关技术，具备良好的沟通能力和团队协作精神。,南京,少于50人,博士,11296,20599
数据分析师,负责数据分析和挖掘，为业务决策提供数据支持。要求熟悉Python、Excel、Tableau等相关技术，具备良好的沟通能力和团队协作精神。,苏州,150-500人,硕士,13080,20734
机器学习工程师,负责后端服务开发，确保代码质量和系统稳定性。要求熟悉机器学习、特征工程、Python等相关技术，具备良好的沟通能力和团队协作精神。,重庆,少于50人,博士,8913,16747
运维工程师,负责后端服务开发，确保代码质量和系统稳定性。要求熟悉K8s、监控、Linux等相关技术，具备良好的沟通能力和团队协作精神。,重庆,150-500人,博士,9573,18789
销售代表,策划营销活动，提升产品知名度和市场份额。要求熟悉销售、客户关系、商务谈判等相关技术，具备良好的沟通能力和团队协作精神。,武汉,150-500人,大专,5671,10023
运营专员,分析运营数据，优化运营策略和流程。要求熟悉活动策划、数据分析、用户增长等相关技术，具备良好的沟通能力和团队协作精神。,天津,1000人以上,硕士,8100,13592
算法工程师,参与需求分析，提供技术解决方案，推动项目落地。要求熟悉算法、Python、数据结构等相关技术，具备良好的沟通能力和团队协作精神。,武汉,1000人以上,博士,15280,27031
项目经理,负责后端服务开发，确保代码质量和系统稳定性。要求熟悉项目管理、进度控制、团队协调等相关技术，具备良好的沟通能力和团队协作精神。,深圳,50-150人,大专,10515,19635
算法工程师,参与系统架构设计，优化系统性能，提升用户体验。要求熟悉Python、机器学习、数据结构等相关技术，具备良好的沟通能力和团队协作精神。,杭州,少于50人,硕士,10572,18705
全栈开发工程师,负责公司核心产品的开发与维护，参与技术方案设计。要求熟悉Node.js、MongoDB、React等相关技术，具备良好的沟通能力和团队协作精神。,北京,少于50人,大专,8064,13722
UI设计师,参与系统架构设计，优化系统性能，提升用户体验。要求熟悉UI设计、Sketch、用户体验等相关技术，具备良好的沟通能力和团队协作精神。,广州,150-500人,硕士,5231,8434
架构师,负责后端服务开发，确保代码质量和系统稳定性。要求熟悉性能优化、技术选型、微服务等相关技术，具备良好的沟通能力和团队协作精神。,西安,50-150人,本科,7025,12011
人力资源专员,负责后端服务开发，确保代码质量和系统稳定性。要求熟悉绩效考核、员工关系、培训等相关技术，具备良好的沟通能力和团队协作精神。,杭州,少于50人,本科,5340,9250
运营专员,分析运营数据，优化运营策略和流程。要求熟悉数据分析、活动策划、运营等相关技术，具备良好的沟通能力和团队协作精神。,上海,500-1000人,硕士,12698,20019
技术支持工程师,参与系统架构设计，优化系统性能，提升用户体验。要求熟悉问题排查、客户沟通、文档编写等相关技术，具备良好的沟通能力和团队协作精神。,重庆,150-500人,本科,5910,11030
销售代表,分析市场趋势和竞争对手，制定市场策略。要求熟悉商务谈判、客户关系、业绩目标等相关技术，具备良好的沟通能力和团队协作精神。,成都,1000人以上,大专,8108,13638
测试工程师,参与需求分析，提供技术解决方案，推动项目落地。要求熟悉缺陷管理、测试、性能测试等相关技术，具备良好的沟通能力和团队协作精神。,成都,1000人以上,大专,8828,14358
运维工程师,参与需求分析，提供技术解决方案，推动项目落地。要求熟悉Linux、监控、运维等相关技术，具备良好的沟通能力和团队协作精神。,杭州,少于50人,本科,9166,15422
运营专员,负责日常运营工作，提升用户活跃度和留存率。要求熟悉用户增长、运营、活动策划等相关技术，具备良好的沟通能力和团队协作精神。,西安,少于50人,硕士,5289,8914
人力资源专员,负责后端服务开发，确保代码质量和系统稳定性。要求熟悉员工关系、绩效考核、培训等相关技术，具备良好的沟通能力和团队协作精神。,苏州,500-1000人,大专,5000,7753
算法工程师,负责后端服务开发，确保代码质量和系统稳定性。要求熟悉深度学习、Python、算法等相关技术，具备良好的沟通能力和团队协作精神。,杭州,少于50人,硕士,12762,20895
运维工程师,负责后端服务开发，确保代码质量和系统稳定性。要求熟悉Docker、K8s、运维等相关技术，具备良好的沟通能力和团队协作精神。,天津,50-150人,博士,10672,20303
全栈开发工程师,参与需求分析，提供技术解决方案，推动项目落地。要求熟悉JavaScript、MongoDB、MySQL等相关技术，具备良好的沟通能力和团队协作精神。,西安,少于50人,本科,5322,9782
UI设计师,负责公司核心产品的开发与维护，参与技术方案设计。要求熟悉UI设计、用户体验、Sketch等相关技术，具备良好的沟通能力和团队协作精神。,成都,1000人以上,大专,7536,12375
Java后端开发,负责公司核心产品的开发与维护，参与技术方案设计。要求熟悉MySQL、Redis、Dubbo等相关技术，具备良好的沟通能力和团队协作精神。,武汉,500-1000人,硕士,12501,20280
技术支持工程师,负责后端服务开发，确保代码质量和系统稳定性。要求熟悉技术支持、问题排查、文档编写等相关技术，具备良好的沟通能力和团队协作精神。,深圳,1000人以上,硕士,18048,30528
全栈开发工程师,参与需求分析，提供技术解决方案，推动项目落地。要求熟悉MySQL、MongoDB、Node.js等相关技术，具备良好的沟通能力和团队协作精神。,天津,150-500人,本科,6721,12353
算法工程师,参与需求分析，提供技术解决方案，推动项目落地。要求熟悉数据结构、Python、机器学习等相关技术，具备良好的沟通能力和团队协作精神。,成都,50-150人,博士,12970,22819
销售代表,负责市场推广和品牌建设，拓展市场渠道。要求熟悉业绩目标、销售、客户关系等相关技术，具备良好的沟通能力和团队协作精神。,天津,1000人以上,博士,15325,27490
数据分析师,构建机器学习模型，解决实际业务问题。要求熟悉SQL、Excel、统计学等相关技术，具备良好的沟通能力和团队协作精神。,深圳,1000人以上,本科,14709,24309
销售代表,负责市场推广和品牌建设，拓展市场渠道。要求熟悉商务谈判、销售、业绩目标等相关技术，具备良好的沟通能力和团队协作精神。,上海,50-150人,大专,9703,15929
技术支持工程师,参与需求分析，提供技术解决方案，推动项目落地。要求熟悉客户沟通、文档编写、技术支持等相关技术，具备良好的沟通能力和团队协作精神。,西安,150-500人,本科,5866,11114
财务分析师,参与需求分析，提供技术解决方案，推动项目落地。要求熟悉财务报表、预算编制、财务分析等相关技术，具备良好的沟通能力和团队协作精神。,武汉,50-150人,硕士,13701,20420
产品经理,分析用户需求和市场动态，制定产品发展策略。要求熟悉产品设计、数据分析、需求分析等相关技术，具备良好的沟通能力和团队协作精神。,南京,少于50人,本科,11862,19614
算法工程师,参与系统架构设计，优化系统性能，提升用户体验。要求熟悉机器学习、算法、Python等相关技术，具备良好的沟通能力和团队协作精神。,成都,500-1000人,硕士,13010,21247
数据科学家,负责数据分析和挖掘，为业务决策提供数据支持。要求熟悉TensorFlow、深度学习、PyTorch等相关技术，具备良好的沟通能力和团队协作精神。,成都,50-150人,博士,27459,45927
前端开发工程师,参与需求分析，提供技术解决方案，推动项目落地。要求熟悉HTML、JavaScript、CSS等相关技术，具备良好的沟通能力和团队协作精神。,深圳,1000人以上,博士,23274,40554
数据分析师,负责数据分析和挖掘，为业务决策提供数据支持。要求熟悉SQL、Python、Tableau等相关技术，具备良好的沟通能力和团队协作精神。,重庆,50-150人,本科,6683,11547
数据科学家,负责数据分析和挖掘，为业务决策提供数据支持。要求熟悉Python、TensorFlow、深度学习等相关技术，具备良好的沟通能力和团队协作精神。,成都,50-150人,博士,27222,45690
架构师,负责后端服务开发，确保代码质量和系统稳定性。要求熟悉微服务、技术选型、性能优化等相关技术，具备良好的沟通能力和团队协作精神。,苏州,50-150人,硕士,10671,17943
产品经理,协调研发、设计、运营团队，确保产品按时交付。要求熟悉需求分析、数据分析、用户研究等相关技术，具备良好的沟通能力和团队协作精神。,重庆,150-500人,博士,22367,36191
市场经理,负责市场推广和品牌建设，拓展市场渠道。要求熟悉市场营销、渠道拓展、品牌建设等相关技术，具备良好的沟通能力和团队协作精神。,杭州,150-500人,大专,10310,19142
前端开发工程师,参与系统架构设计，优化系统性能，提升用户体验。要求熟悉HTML、JavaScript、Vue等相关技术，具备良好的沟通能力和团队协作精神。,广州,500-1000人,博士,18211,32150
数据分析师,设计和维护数据报表，监控业务指标变化。要求熟悉统计学、Excel、Tableau等相关技术，具备良好的沟通能力和团队协作精神。,北京,50-150人,大专,10461,16784
财务分析师,负责后端服务开发，确保代码质量和系统稳定性。要求熟悉财务报表、财务分析、预算编制等相关技术，具备良好的沟通能力和团队协作精神。,南京,150-500人,大专,6722,11586
人力资源专员,负责公司核心产品的开发与维护，参与技术方案设计。要求熟悉招聘、培训、员工关系等相关技术，具备良好的沟通能力和团队协作精神。,重庆,50-150人,本科,5000,7959
机器学习工程师,负责公司核心产品的开发与维护，参与技术方案设计。要求熟悉Python、模型调优、特征工程等相关技术，具备良好的沟通能力和团队协作精神。,广州,150-500人,硕士,11341,20493
UI设计师,参与需求分析，提供技术解决方案，推动项目落地。要求熟悉UI设计、Figma、交互设计等相关技术，具备良好的沟通能力和团队协作精神。,深圳,1000人以上,本科,13448,21848
运维工程师,参与需求分析，提供技术解决方案，推动项目落地。要求熟悉K8s、运维、Docker等相关技术，具备良好的沟通能力和团队协作精神。,西安,500-1000人,硕士,9682,17187
项目经理,参与需求分析，提供技术解决方案，推动项目落地。要求熟悉项目管理、团队协调、风险控制等相关技术，具备良好的沟通能力和团队协作精神。,北京,500-1000人,博士,30319,55030
UI设计师,负责公司核心产品的开发与维护，参与技术方案设计。要求熟悉用户体验、交互设计、Sketch等相关技术，具备良好的沟通能力和团队协作精神。,武汉,50-150人,硕士,9648,15527
测试工程师,参与系统架构设计，优化系统性能，提升用户体验。要求熟悉测试、自动化测试、缺陷管理等相关技术，具备良好的沟通能力和团队协作精神。,天津,少于50人,博士,11499,20116
Java后端开发,负责公司核心产品的开发与维护，参与技术方案设计。要求熟悉Dubbo、SpringBoot、Java等相关技术，具备良好的沟通能力和团队协作精神。,杭州,1000人以上,博士,20750,36648
运维工程师,负责公司核心产品的开发与维护，参与技术方案设计。要求熟悉Linux、监控、K8s等相关技术，具备良好的沟通能力和团队协作精神。,武汉,1000人以上,本科,8084,14612
运营专员,策划运营活动，提升品牌影响力和用户增长。要求熟悉用户增长、活动策划、数据分析等相关技术，具备良好的沟通能力和团队协作精神。,重庆,150-500人,博士,9008,14768
全栈开发工程师,参与需求分析，提供技术解决方案，推动项目落地。要求熟悉JavaScript、Node.js、MySQL等相关技术，具备良好的沟通能力和团队协作精神。,苏州,1000人以上,大专,9524,15177
算法工程师,负责后端服务开发，确保代码质量和系统稳定性。要求熟悉深度学习、算法、Python等相关技术，具备良好的沟通能力和团队协作精神。,苏州,少于50人,博士,12623,21631
测试工程师,负责后端服务开发，确保代码质量和系统稳定性。要求熟悉自动化测试、缺陷管理、测试等相关技术，具备良好的沟通能力和团队协作精神。,重庆,少于50人,本科,6796,11148
技术支持工程师,负责公司核心产品的开发与维护，参与技术方案设计。要求熟悉客户沟通、文档编写、技术支持等相关技术，具备良好的沟通能力和团队协作精神。,西安,少于50人,大专,5000,7545
机器学习工程师,参与需求分析，提供技术解决方案，推动项目落地。要求熟悉模型调优、Python、机器学习等相关技术，具备良好的沟通能力和团队协作精神。,武汉,1000人以上,本科,9169,15697
产品经理,负责产品规划和设计，推动产品迭代优化。要求熟悉产品设计、需求分析、Axure等相关技术，具备良好的沟通能力和团队协作精神。,深圳,少于50人,硕士,15504,28764
人力资源专员,参与系统架构设计，优化系统性能，提升用户体验。要求熟悉员工关系、招聘、绩效考核等相关技术，具备良好的沟通能力和团队协作精神。,天津,50-150人,硕士,5236,9583
数据科学家,设计和维护数据报表，监控业务指标变化。要求熟悉PyTorch、TensorFlow、机器学习等相关技术，具备良好的沟通能力和团队协作精神。,上海,500-1000人,大专,19319,32836
产品经理,分析用户需求和市场动态，制定产品发展策略。要求熟悉需求分析、数据分析、用户研究等相关技术，具备良好的沟通能力和团队协作精神。,南京,少于50人,本科,12391,20143
架构师,参与系统架构设计，优化系统性能，提升用户体验。要求熟悉系统架构、微服务、技术选型等相关技术，具备良好的沟通能力和团队协作精神。,广州,1000人以上,硕士,17057,28039
销售代表,负责市场推广和品牌建设，拓展市场渠道。要求熟悉业绩目标、客户关系、商务谈判等相关技术，具备良好的沟通能力和团队协作精神。,西安,50-150人,硕士,9207,15688
产品经理,分析用户需求和市场动态，制定产品发展策略。要求熟悉Axure、产品设计、用户研究等相关技术，具备良好的沟通能力和团队协作精神。,武汉,1000人以上,本科,10649,20441
数据科学家,负责数据分析和挖掘，为业务决策提供数据支持。要求熟悉Python、机器学习、深度学习等相关技术，具备良好的沟通能力和团队协作精神。,天津,少于50人,硕士,17998,29667
算法工程师,负责后端服务开发，确保代码质量和系统稳定性。要求熟悉深度学习、机器学习、Python等相关技术，具备良好的沟通能力和团队协作精神。,广州,少于50人,硕士,11136,18915
项目经理,参与需求分析，提供技术解决方案，推动项目落地。要求熟悉项目管理、进度控制、团队协调等相关技术，具备良好的沟通能力和团队协作精神。,北京,50-150人,硕士,21699,37112
前端开发工程师,负责公司核心产品的开发与维护，参与技术方案设计。要求熟悉Vue、TypeScript、HTML等相关技术，具备良好的沟通能力和团队协作精神。,西安,少于50人,本科,5000,9052
Java后端开发,参与系统架构设计，优化系统性能，提升用户体验。要求熟悉SpringBoot、MySQL、Java等相关技术，具备良好的沟通能力和团队协作精神。,苏州,150-500人,大专,5690,10400
市场经理,分析市场趋势和竞争对手，制定市场策略。要求熟悉品牌建设、渠道拓展、活动策划等相关技术，具备良好的沟通能力和团队协作精神。,上海,500-1000人,硕士,23950,41522
机器学习工程师,负责后端服务开发，确保代码质量和系统稳定性。要求熟悉Python、特征工程、机器学习等相关技术，具备良好的沟通能力和团队协作精神。,广州,500-1000人,博士,20568,34507
人力资源专员,负责公司核心产品的开发与维护，参与技术方案设计。要求熟悉招聘、培训、绩效考核等相关技术，具备良好的沟通能力和团队协作精神。,西安,500-1000人,博士,6889,13383
算法工程师,参与系统架构设计，优化系统性能，提升用户体验。要求熟悉算法、机器学习、深度学习等相关技术，具备良好的沟通能力和团队协作精神。,杭州,150-500人,博士,17813,31061
Java后端开发,负责后端服务开发，确保代码质量和系统稳定性。要求熟悉Redis、MySQL、Dubbo等相关技术，具备良好的沟通能力和团队协作精神。,广州,50-150人,本科,9375,16063
市场经理,负责市场推广和品牌建设，拓展市场渠道。要求熟悉市场营销、品牌建设、渠道拓展等相关技术，具备良好的沟通能力和团队协作精神。,西安,150-500人,硕士,7850,12967
架构师,参与需求分析，提供技术解决方案，推动项目落地。要求熟悉技术选型、系统架构、性能优化等相关技术，具备良好的沟通能力和团队协作精神。,北京,1000人以上,硕士,19532,32511
销售代表,策划营销活动，提升产品知名度和市场份额。要求熟悉客户关系、业绩目标、销售等相关技术，具备良好的沟通能力和团队协作精神。,武汉,少于50人,硕士,8922,14933
UI设计师,负责后端服务开发，确保代码质量和系统稳定性。要求熟悉用户体验、交互设计、UI设计等相关技术，具备良好的沟通能力和团队协作精神。,苏州,1000人以上,硕士,11826,19863
全栈开发工程师,参与需求分析，提供技术解决方案，推动项目落地。要求熟悉MySQL、Node.js、React等相关技术，具备良好的沟通能力和团队协作精神。,上海,少于50人,博士,12749,25283
销售代表,策划营销活动，提升产品知名度和市场份额。要求熟悉业绩目标、销售、客户关系等相关技术，具备良好的沟通能力和团队协作精神。,杭州,150-500人,博士,17239,30487
数据分析师,构建机器学习模型，解决实际业务问题。要求熟悉统计学、Python、Excel等相关技术，具备良好的沟通能力和团队协作精神。,深圳,500-1000人,本科,16778,25578
Python开发工程师,负责后端服务开发，确保代码质量和系统稳定性。要求熟悉Redis、FastAPI、Flask等相关技术，具备良好的沟通能力和团队协作精神。,广州,1000人以上,大专,11058,17816
财务分析师,参与系统架构设计，优化系统性能，提升用户体验。要求熟悉财务报表、财务分析、Excel等相关技术，具备良好的沟通能力和团队协作精神。,北京,500-1000人,博士,30359,46833
运维工程师,负责公司核心产品的开发与维护，参与技术方案设计。要求熟悉监控、K8s、Linux等相关技术，具备良好的沟通能力和团队协作精神。,深圳,500-1000人,博士,23055,38895
UI设计师,参与需求分析，提供技术解决方案，推动项目落地。要求熟悉UI设计、Figma、Sketch等相关技术，具备良好的沟通能力和团队协作精神。,西安,1000人以上,硕士,12351,19514
项目经理,参与系统架构设计，优化系统性能，提升用户体验。要求熟悉风险控制、进度控制、项目管理等相关技术，具备良好的沟通能力和团队协作精神。,武汉,50-150人,博士,17731,31684
UI设计师,参与需求分析，提供技术解决方案，推动项目落地。要求熟悉Figma、Sketch、UI设计等相关技术，具备良好的沟通能力和团队协作精神。,上海,少于50人,大专,7871,12746
数据分析师,负责数据分析和挖掘，为业务决策提供数据支持。要求熟悉Excel、SQL、统计学等相关技术，具备良好的沟通能力和团队协作精神。,南京,1000人以上,博士,26956,40089
架构师,参与系统架构设计，优化系统性能，提升用户体验。要求熟悉技术选型、系统架构、性能优化等相关技术，具备良好的沟通能力和团队协作精神。,重庆,50-150人,硕士,7576,13900
算法工程师,参与系统架构设计，优化系统性能，提升用户体验。要求熟悉Python、深度学习、数据结构等相关技术，具备良好的沟通能力和团队协作精神。,北京,50-150人,本科,6630,10582
Python开发工程师,负责后端服务开发，确保代码质量和系统稳定性。要求熟悉Redis、Django、Python等相关技术，具备良好的沟通能力和团队协作精神。,武汉,少于50人,博士,10941,19265
人力资源专员,参与系统架构设计，优化系统性能，提升用户体验。要求熟悉绩效考核、培训、员工关系等相关技术，具备良好的沟通能力和团队协作精神。,苏州,150-500人,本科,6495,10175
市场经理,负责市场推广和品牌建设，拓展市场渠道。要求熟悉品牌建设、渠道拓展、活动策划等相关技术，具备良好的沟通能力和团队协作精神。,深圳,1000人以上,硕士,20802,39522
算法工程师,参与需求分析，提供技术解决方案，推动项目落地。要求熟悉Python、深度学习、机器学习等相关技术，具备良好的沟通能力和团队协作精神。,西安,少于50人,大专,5298,8867
架构师,负责后端服务开发，确保代码质量和系统稳定性。要求熟悉技术选型、系统架构、性能优化等相关技术，具备良好的沟通能力和团队协作精神。,成都,150-500人,博士,12823,23191
项目经理,负责后端服务开发，确保代码质量和系统稳定性。要求熟悉进度控制、风险控制、团队协调等相关技术，具备良好的沟通能力和团队协作精神。,重庆,1000人以上,大专,8181,15553
运营专员,策划运营活动，提升品牌影响力和用户增长。要求熟悉活动策划、用户增长、数据分析等相关技术，具备良好的沟通能力和团队协作精神。,深圳,1000人以上,大专,7409,12209
运营专员,负责日常运营工作，提升用户活跃度和留存率。要求熟悉用户增长、数据分析、活动策划等相关技术，具备良好的沟通能力和团队协作精神。,深圳,150-500人,硕士,11062,17562
架构师,负责公司核心产品的开发与维护，参与技术方案设计。要求熟悉技术选型、系统架构、性能优化等相关技术，具备良好的沟通能力和团队协作精神。,南京,500-1000人,博士,14645,26683
项目经理,参与系统架构设计，优化系统性能，提升用户体验。要求熟悉项目管理、进度控制、风险控制等相关技术，具备良好的沟通能力和团队协作精神。,深圳,50-150人,大专,9976,19096
前端开发工程师,参与需求分析，提供技术解决方案，推动项目落地。要求熟悉React、HTML、CSS等相关技术，具备良好的沟通能力和团队协作精神。,苏州,150-500人,博士,14390,24988
架构师,参与系统架构设计，优化系统性能，提升用户体验。要求熟悉微服务、系统架构、性能优化等相关技术，具备良好的沟通能力和团队协作精神。,西安,1000人以上,博士,15400,26736
产品经理,协调研发、设计、运营团队，确保产品按时交付。要求熟悉需求分析、产品设计、数据分析等相关技术，具备良好的沟通能力和团队协作精神。,深圳,150-500人,硕士,23053,38653
项目经理,负责公司核心产品的开发与维护，参与技术方案设计。要求熟悉风险控制、项目管理、团队协调等相关技术，具备良好的沟通能力和团队协作精神。,武汉,150-500人,硕士,16474,27082
机器学习工程师,参与需求分析，提供技术解决方案，推动项目落地。要求熟悉Python、模型调优、机器学习等相关技术，具备良好的沟通能力和团队协作精神。,深圳,1000人以上,大专,10474,18154
前端开发工程师,参与需求分析，提供技术解决方案，推动项目落地。要求熟悉Vue、CSS、JavaScript等相关技术，具备良好的沟通能力和团队协作精神。,天津,少于50人,本科,8247,13035
数据分析师,设计和维护数据报表，监控业务指标变化。要求熟悉SQL、统计学、Python等相关技术，具备良好的沟通能力和团队协作精神。,北京,50-150人,本科,13725,21629
测试工程师,负责后端服务开发，确保代码质量和系统稳定性。要求熟悉测试、自动化测试、性能测试等相关技术，具备良好的沟通能力和团队协作精神。,成都,150-500人,硕士,9809,17297
运维工程师,负责公司核心产品的开发与维护，参与技术方案设计。要求熟悉运维、Docker、Linux等相关技术，具备良好的沟通能力和团队协作精神。,西安,1000人以上,本科,6756,13053
财务分析师,负责公司核心产品的开发与维护，参与技术方案设计。要求熟悉财务分析、预算编制、财务报表等相关技术，具备良好的沟通能力和团队协作精神。,深圳,500-1000人,硕士,18647,30087
人力资源专员,负责后端服务开发，确保代码质量和系统稳定性。要求熟悉绩效考核、招聘、员工关系等相关技术，具备良好的沟通能力和团队协作精神。,重庆,1000人以上,博士,9902,16814
算法工程师,参与需求分析，提供技术解决方案，推动项目落地。要求熟悉深度学习、Python、数据结构等相关技术，具备良好的沟通能力和团队协作精神。,天津,500-1000人,大专,7707,12663
架构师,负责后端服务开发，确保代码质量和系统稳定性。要求熟悉微服务、系统架构、性能优化等相关技术，具备良好的沟通能力和团队协作精神。,广州,50-150人,大专,7820,13171
架构师,参与需求分析，提供技术解决方案，推动项目落地。要求熟悉系统架构、微服务、技术选型等相关技术，具备良好的沟通能力和团队协作精神。,广州,500-1000人,大专,7148,13343
市场经理,负责市场推广和品牌建设，拓展市场渠道。要求熟悉品牌建设、活动策划、渠道拓展等相关技术，具备良好的沟通能力和团队协作精神。,西安,1000人以上,本科,13293,22740
前端开发工程师,负责公司核心产品的开发与维护，参与技术方案设计。要求熟悉HTML、TypeScript、JavaScript等相关技术，具备良好的沟通能力和团队协作精神。,杭州,1000人以上,硕士,8616,14357
全栈开发工程师,参与需求分析，提供技术解决方案，推动项目落地。要求熟悉MySQL、MongoDB、Node.js等相关技术，具备良好的沟通能力和团队协作精神。,成都,少于50人,大专,6507,10424
数据分析师,构建机器学习模型，解决实际业务问题。要求熟悉SQL、Excel、统计学等相关技术，具备良好的沟通能力和团队协作精神。,北京,1000人以上,本科,18786,28770
全栈开发工程师,参与系统架构设计，优化系统性能，提升用户体验。要求熟悉React、MongoDB、Node.js等相关技术，具备良好的沟通能力和团队协作精神。,南京,50-150人,硕士,11395,18904
数据分析师,构建机器学习模型，解决实际业务问题。要求熟悉统计学、Excel、Tableau等相关技术，具备良好的沟通能力和团队协作精神。,苏州,500-1000人,大专,8811,13993
项目经理,负责公司核心产品的开发与维护，参与技术方案设计。要求熟悉团队协调、风险控制、进度控制等相关技术，具备良好的沟通能力和团队协作精神。,成都,1000人以上,本科,15010,25378
市场经理,负责市场推广和品牌建设，拓展市场渠道。要求熟悉活动策划、市场营销、品牌建设等相关技术，具备良好的沟通能力和团队协作精神。,上海,少于50人,博士,30255,49056
技术支持工程师,负责后端服务开发，确保代码质量和系统稳定性。要求熟悉文档编写、问题排查、技术支持等相关技术，具备良好的沟通能力和团队协作精神。,深圳,少于50人,博士,13771,26011
运营专员,负责日常运营工作，提升用户活跃度和留存率。要求熟悉用户增长、运营、活动策划等相关技术，具备良好的沟通能力和团队协作精神。,深圳,150-500人,博士,12871,21871
数据分析师,设计和维护数据报表，监控业务指标变化。要求熟悉统计学、Excel、Python等相关技术，具备良好的沟通能力和团队协作精神。,成都,1000人以上,大专,8396,13926
前端开发工程师,参与需求分析，提供技术解决方案，推动项目落地。要求熟悉React、TypeScript、HTML等相关技术，具备良好的沟通能力和团队协作精神。,深圳,150-500人,博士,20823,35223
测试工程师,参与系统架构设计，优化系统性能，提升用户体验。要求熟悉性能测试、测试、自动化测试等相关技术，具备良好的沟通能力和团队协作精神。,深圳,150-500人,硕士,16698,27098
运营专员,负责日常运营工作，提升用户活跃度和留存率。要求熟悉用户增长、活动策划、数据分析等相关技术，具备良好的沟通能力和团队协作精神。,苏州,500-1000人,博士,10059,17346
全栈开发工程师,参与系统架构设计，优化系统性能，提升用户体验。要求熟悉MongoDB、JavaScript、MySQL等相关技术，具备良好的沟通能力和团队协作精神。,成都,500-1000人,硕士,7634,15870
技术支持工程师,负责后端服务开发，确保代码质量和系统稳定性。要求熟悉技术支持、客户沟通、问题排查等相关技术，具备良好的沟通能力和团队协作精神。,苏州,少于50人,本科,6494,11499
数据分析师,负责数据分析和挖掘，为业务决策提供数据支持。要求熟悉SQL、统计学、Python等相关技术，具备良好的沟通能力和团队协作精神。,杭州,500-1000人,博士,27503,42076
运营专员,策划运营活动，提升品牌影响力和用户增长。要求熟悉数据分析、活动策划、运营等相关技术，具备良好的沟通能力和团队协作精神。,北京,1000人以上,大专,24072,39048
测试工程师,参与系统架构设计，优化系统性能，提升用户体验。要求熟悉缺陷管理、自动化测试、测试等相关技术，具备良好的沟通能力和团队协作精神。,武汉,50-150人,硕士,9777,16495
数据分析师,负责数据分析和挖掘，为业务决策提供数据支持。要求熟悉Excel、Tableau、Python等相关技术，具备良好的沟通能力和团队协作精神。,成都,150-500人,本科,9367,15127
算法工程师,负责后端服务开发，确保代码质量和系统稳定性。要求熟悉算法、深度学习、Python等相关技术，具备良好的沟通能力和团队协作精神。,北京,1000人以上,大专,9066,17054
市场经理,负责市场推广和品牌建设，拓展市场渠道。要求熟悉市场营销、品牌建设、活动策划等相关技术，具备良好的沟通能力和团队协作精神。,深圳,500-1000人,本科,19425,32625
数据科学家,构建机器学习模型，解决实际业务问题。要求熟悉TensorFlow、深度学习、机器学习等相关技术，具备良好的沟通能力和团队协作精神。,武汉,150-500人,大专,11501,19661
项目经理,负责后端服务开发，确保代码质量和系统稳定性。要求熟悉进度控制、团队协调、项目管理等相关技术，具备良好的沟通能力和团队协作精神。,北京,少于50人,大专,15144,23630
机器学习工程师,参与需求分析，提供技术解决方案，推动项目落地。要求熟悉特征工程、Python、模型调优等相关技术，具备良好的沟通能力和团队协作精神。,成都,1000人以上,硕士,13316,22301
项目经理,参与需求分析，提供技术解决方案，推动项目落地。要求熟悉风险控制、团队协调、进度控制等相关技术，具备良好的沟通能力和团队协作精神。,南京,50-150人,硕士,14260,25523
测试工程师,负责公司核心产品的开发与维护，参与技术方案设计。要求熟悉自动化测试、测试、缺陷管理等相关技术，具备良好的沟通能力和团队协作精神。,上海,150-500人,本科,10324,18516
数据科学家,设计和维护数据报表，监控业务指标变化。要求熟悉机器学习、TensorFlow、PyTorch等相关技术，具备良好的沟通能力和团队协作精神。,天津,150-500人,博士,29727,48735
Python开发工程师,负责公司核心产品的开发与维护，参与技术方案设计。要求熟悉MySQL、Python、Redis等相关技术，具备良好的沟通能力和团队协作精神。,北京,50-150人,本科,10513,18417
财务分析师,负责公司核心产品的开发与维护，参与技术方案设计。要求熟悉Excel、预算编制、财务分析等相关技术，具备良好的沟通能力和团队协作精神。,杭州,500-1000人,博士,28151,42724
UI设计师,负责后端服务开发，确保代码质量和系统稳定性。要求熟悉Sketch、交互设计、用户体验等相关技术，具备良好的沟通能力和团队协作精神。,南京,500-1000人,本科,9847,15699
Java后端开发,参与系统架构设计，优化系统性能，提升用户体验。要求熟悉Java、MySQL、Redis等相关技术，具备良好的沟通能力和团队协作精神。,天津,150-500人,本科,6971,12603
技术支持工程师,参与需求分析，提供技术解决方案，推动项目落地。要求熟悉客户沟通、问题排查、技术支持等相关技术，具备良好的沟通能力和团队协作精神。,深圳,少于50人,博士,21168,33408
技术支持工程师,参与需求分析，提供技术解决方案，推动项目落地。要求熟悉技术支持、问题排查、客户沟通等相关技术，具备良好的沟通能力和团队协作精神。,广州,150-500人,本科,9745,16785
机器学习工程师,负责后端服务开发，确保代码质量和系统稳定性。要求熟悉机器学习、特征工程、模型调优等相关技术，具备良好的沟通能力和团队协作精神。,天津,1000人以上,本科,10267,17025
架构师,参与需求分析，提供技术解决方案，推动项目落地。要求熟悉技术选型、系统架构、性能优化等相关技术，具备良好的沟通能力和团队协作精神。,天津,50-150人,硕士,8770,15726
算法工程师,参与系统架构设计，优化系统性能，提升用户体验。要求熟悉Python、深度学习、算法等相关技术，具备良好的沟通能力和团队协作精神。,广州,少于50人,博士,6217,10525
机器学习工程师,参与需求分析，提供技术解决方案，推动项目落地。要求熟悉特征工程、Python、模型调优等相关技术，具备良好的沟通能力和团队协作精神。,北京,50-150人,本科,11329,19233
数据分析师,负责数据分析和挖掘，为业务决策提供数据支持。要求熟悉统计学、Python、SQL等相关技术，具备良好的沟通能力和团队协作精神。,杭州,500-1000人,硕士,13410,23934
UI设计师,参与系统架构设计，优化系统性能，提升用户体验。要求熟悉Sketch、UI设计、Figma等相关技术，具备良好的沟通能力和团队协作精神。,深圳,少于50人,本科,12344,18294
前端开发工程师,参与系统架构设计，优化系统性能，提升用户体验。要求熟悉React、Vue、JavaScript等相关技术，具备良好的沟通能力和团队协作精神。,武汉,少于50人,本科,7476,12100
Python开发工程师,负责后端服务开发，确保代码质量和系统稳定性。要求熟悉Flask、MySQL、FastAPI等相关技术，具备良好的沟通能力和团队协作精神。,西安,少于50人,硕士,7541,13340
Java后端开发,负责后端服务开发，确保代码质量和系统稳定性。要求熟悉Spring、Dubbo、SpringBoot等相关技术，具备良好的沟通能力和团队协作精神。,苏州,150-500人,大专,5503,10213
市场经理,负责市场推广和品牌建设，拓展市场渠道。要求熟悉品牌建设、活动策划、渠道拓展等相关技术，具备良好的沟通能力和团队协作精神。,武汉,150-500人,大专,9401,15929
前端开发工程师,负责公司核心产品的开发与维护，参与技术方案设计。要求熟悉TypeScript、HTML、JavaScript等相关技术，具备良好的沟通能力和团队协作精神。,深圳,150-500人,本科,11130,19130
项目经理,负责公司核心产品的开发与维护，参与技术方案设计。要求熟悉团队协调、风险控制、项目管理等相关技术，具备良好的沟通能力和团队协作精神。,上海,50-150人,硕士,21878,37054
运营专员,分析运营数据，优化运营策略和流程。要求熟悉用户增长、运营、活动策划等相关技术，具备良好的沟通能力和团队协作精神。,苏州,150-500人,大专,5000,7472
测试工程师,负责公司核心产品的开发与维护，参与技术方案设计。要求熟悉缺陷管理、自动化测试、测试等相关技术，具备良好的沟通能力和团队协作精神。,成都,150-500人,博士,15240,25608
数据科学家,构建机器学习模型，解决实际业务问题。要求熟悉机器学习、Python、PyTorch等相关技术，具备良好的沟通能力和团队协作精神。,南京,50-150人,硕士,26536,40615
全栈开发工程师,负责公司核心产品的开发与维护，参与技术方案设计。要求熟悉MongoDB、Node.js、MySQL等相关技术，具备良好的沟通能力和团队协作精神。,天津,500-1000人,本科,9178,15373
财务分析师,负责公司核心产品的开发与维护，参与技术方案设计。要求熟悉财务分析、预算编制、Excel等相关技术，具备良好的沟通能力和团队协作精神。,广州,150-500人,本科,10263,17303
前端开发工程师,参与系统架构设计，优化系统性能，提升用户体验。要求熟悉JavaScript、Vue、TypeScript等相关技术，具备良好的沟通能力和团队协作精神。,成都,少于50人,硕士,10377,16742
运维工程师,参与需求分析，提供技术解决方案，推动项目落地。要求熟悉运维、Docker、监控等相关技术，具备良好的沟通能力和团队协作精神。,成都,500-1000人,博士,19189,30594
机器学习工程师,负责公司核心产品的开发与维护，参与技术方案设计。要求熟悉Python、模型调优、特征工程等相关技术，具备良好的沟通能力和团队协作精神。,天津,500-1000人,大专,9743,14700
前端开发工程师,负责公司核心产品的开发与维护，参与技术方案设计。要求熟悉CSS、React、HTML等相关技术，具备良好的沟通能力和团队协作精神。,杭州,500-1000人,大专,7541,14018
测试工程师,参与系统架构设计，优化系统性能，提升用户体验。要求熟悉测试、自动化测试、性能测试等相关技术，具备良好的沟通能力和团队协作精神。,南京,1000人以上,大专,8291,14128
全栈开发工程师,参与需求分析，提供技术解决方案，推动项目落地。要求熟悉MongoDB、MySQL、Node.js等相关技术，具备良好的沟通能力和团队协作精神。,武汉,50-150人,大专,5000,8205
架构师,负责后端服务开发，确保代码质量和系统稳定性。要求熟悉微服务、性能优化、系统架构等相关技术，具备良好的沟通能力和团队协作精神。,天津,150-500人,大专,6662,11168
销售代表,策划营销活动，提升产品知名度和市场份额。要求熟悉业绩目标、商务谈判、销售等相关技术，具备良好的沟通能力和团队协作精神。,重庆,少于50人,博士,9966,17799
人力资源专员,负责公司核心产品的开发与维护，参与技术方案设计。要求熟悉员工关系、招聘、培训等相关技术，具备良好的沟通能力和团队协作精神。,西安,50-150人,大专,5000,7190
数据科学家,设计和维护数据报表，监控业务指标变化。要求熟悉深度学习、TensorFlow、Python等相关技术，具备良好的沟通能力和团队协作精神。,北京,1000人以上,大专,21295,36271
机器学习工程师,参与需求分析，提供技术解决方案，推动项目落地。要求熟悉特征工程、Python、机器学习等相关技术，具备良好的沟通能力和团队协作精神。,西安,50-150人,硕士,6858,13340
运维工程师,负责公司核心产品的开发与维护，参与技术方案设计。要求熟悉K8s、监控、Docker等相关技术，具备良好的沟通能力和团队协作精神。,广州,少于50人,本科,7699,13683
技术支持工程师,负责公司核心产品的开发与维护，参与技术方案设计。要求熟悉客户沟通、问题排查、文档编写等相关技术，具备良好的沟通能力和团队协作精神。,苏州,1000人以上,硕士,9227,18412
技术支持工程师,参与需求分析，提供技术解决方案，推动项目落地。要求熟悉技术支持、问题排查、客户沟通等相关技术，具备良好的沟通能力和团队协作精神。,南京,50-150人,博士,15759,26156
测试工程师,参与需求分析，提供技术解决方案，推动项目落地。要求熟悉缺陷管理、性能测试、自动化测试等相关技术，具备良好的沟通能力和团队协作精神。,杭州,1000人以上,大专,6979,14044
UI设计师,参与需求分析，提供技术解决方案，推动项目落地。要求熟悉UI设计、交互设计、Figma等相关技术，具备良好的沟通能力和团队协作精神。,成都,少于50人,硕士,9183,14752
运营专员,策划运营活动，提升品牌影响力和用户增长。要求熟悉数据分析、活动策划、运营等相关技术，具备良好的沟通能力和团队协作精神。,成都,500-1000人,大专,5000,7000
运营专员,分析运营数据，优化运营策略和流程。要求熟悉用户增长、运营、数据分析等相关技术，具备良好的沟通能力和团队协作精神。,广州,少于50人,大专,5000,7288
Python开发工程师,负责后端服务开发，确保代码质量和系统稳定性。要求熟悉MySQL、Flask、FastAPI等相关技术，具备良好的沟通能力和团队协作精神。,天津,少于50人,本科,8057,12844
市场经理,分析市场趋势和竞争对手，制定市场策略。要求熟悉活动策划、品牌建设、市场营销等相关技术，具备良好的沟通能力和团队协作精神。,广州,50-150人,博士,26050,44107
Python开发工程师,参与需求分析，提供技术解决方案，推动项目落地。要求熟悉FastAPI、MySQL、Redis等相关技术，具备良好的沟通能力和团队协作精神。,重庆,50-150人,大专,5000,8611
全栈开发工程师,负责公司核心产品的开发与维护，参与技术方案设计。要求熟悉Node.js、MongoDB、MySQL等相关技术，具备良好的沟通能力和团队协作精神。,苏州,50-150人,博士,13785,23853
测试工程师,负责公司核心产品的开发与维护，参与技术方案设计。要求熟悉自动化测试、缺陷管理、测试等相关技术，具备良好的沟通能力和团队协作精神。,重庆,50-150人,大专,5363,9254
数据分析师,构建机器学习模型，解决实际业务问题。要求熟悉SQL、统计学、Excel等相关技术，具备良好的沟通能力和团队协作精神。,成都,150-500人,硕士,13410,20898
运营专员,分析运营数据，优化运营策略和流程。要求熟悉活动策划、数据分析、用户增长等相关技术，具备良好的沟通能力和团队协作精神。,苏州,少于50人,大专,5000,7000
人力资源专员,参与需求分析，提供技术解决方案，推动项目落地。要求熟悉培训、员工关系、绩效考核等相关技术，具备良好的沟通能力和团队协作精神。,重庆,500-1000人,本科,5697,9217
全栈开发工程师,参与系统架构设计，优化系统性能，提升用户体验。要求熟悉Node.js、React、MongoDB等相关技术，具备良好的沟通能力和团队协作精神。,武汉,50-150人,大专,5000,7722
算法工程师,负责公司核心产品的开发与维护，参与技术方案设计。要求熟悉深度学习、算法、数据结构等相关技术，具备良好的沟通能力和团队协作精神。,重庆,少于50人,大专,5000,7857
算法工程师,参与系统架构设计，优化系统性能，提升用户体验。要求熟悉算法、机器学习、Python等相关技术，具备良好的沟通能力和团队协作精神。,成都,50-150人,硕士,9129,16243
产品经理,协调研发、设计、运营团队，确保产品按时交付。要求熟悉Axure、用户研究、需求分析等相关技术，具备良好的沟通能力和团队协作精神。,上海,500-1000人,博士,36343,60673
数据分析师,设计和维护数据报表，监控业务指标变化。要求熟悉Excel、Python、SQL等相关技术，具备良好的沟通能力和团队协作精神。,南京,1000人以上,博士,22226,35359
运维工程师,参与系统架构设计，优化系统性能，提升用户体验。要求熟悉Docker、Linux、K8s等相关技术，具备良好的沟通能力和团队协作精神。,苏州,500-1000人,本科,21594,41025
市场经理,负责市场推广和品牌建设，拓展市场渠道。要求熟悉品牌建设、市场营销、渠道拓展等相关技术，具备良好的沟通能力和团队协作精神。,重庆,500-1000人,大专,8044,14803
Java后端开发,负责公司核心产品的开发与维护，参与技术方案设计。要求熟悉SpringBoot、MySQL、Redis等相关技术，具备良好的沟通能力和团队协作精神。,深圳,50-150人,硕士,13953,23833
UI设计师,负责公司核心产品的开发与维护，参与技术方案设计。要求熟悉Sketch、UI设计、Figma等相关技术，具备良好的沟通能力和团队协作精神。,上海,50-150人,硕士,14393,23245
全栈开发工程师,负责后端服务开发，确保代码质量和系统稳定性。要求熟悉JavaScript、MySQL、React等相关技术，具备良好的沟通能力和团队协作精神。,南京,50-150人,大专,5851,10472
财务分析师,参与系统架构设计，优化系统性能，提升用户体验。要求熟悉预算编制、Excel、财务分析等相关技术，具备良好的沟通能力和团队协作精神。,北京,1000人以上,大专,12638,20625
测试工程师,负责后端服务开发，确保代码质量和系统稳定性。要求熟悉缺陷管理、性能测试、测试等相关技术，具备良好的沟通能力和团队协作精神。,南京,1000人以上,硕士,14279,23764
项目经理,参与需求分析，提供技术解决方案，推动项目落地。要求熟悉项目管理、进度控制、风险控制等相关技术，具备良好的沟通能力和团队协作精神。,南京,500-1000人,本科,12820,22852
测试工程师,负责后端服务开发，确保代码质量和系统稳定性。要求熟悉性能测试、自动化测试、测试等相关技术，具备良好的沟通能力和团队协作精神。,武汉,1000人以上,硕士,11528,20015
Python开发工程师,参与系统架构设计，优化系统性能，提升用户体验。要求熟悉Flask、MySQL、FastAPI等相关技术，具备良好的沟通能力和团队协作精神。,深圳,50-150人,硕士,17604,27484
机器学习工程师,参与需求分析，提供技术解决方案，推动项目落地。要求熟悉机器学习、模型调优、Python等相关技术，具备良好的沟通能力和团队协作精神。,天津,少于50人,本科,5304,10091
运营专员,负责日常运营工作，提升用户活跃度和留存率。要求熟悉运营、数据分析、用户增长等相关技术，具备良好的沟通能力和团队协作精神。,成都,少于50人,本科,5000,7000
数据分析师,构建机器学习模型，解决实际业务问题。要求熟悉SQL、Excel、Python等相关技术，具备良好的沟通能力和团队协作精神。,武汉,500-1000人,大专,8898,13686
项目经理,负责公司核心产品的开发与维护，参与技术方案设计。要求熟悉项目管理、进度控制、团队协调等相关技术，具备良好的沟通能力和团队协作精神。,武汉,少于50人,博士,15577,28062
前端开发工程师,负责公司核心产品的开发与维护，参与技术方案设计。要求熟悉HTML、CSS、React等相关技术，具备良好的沟通能力和团队协作精神。,南京,1000人以上,大专,7677,13514
市场经理,策划营销活动，提升产品知名度和市场份额。要求熟悉活动策划、品牌建设、市场营销等相关技术，具备良好的沟通能力和团队协作精神。,武汉,1000人以上,本科,12029,21821
运营专员,策划运营活动，提升品牌影响力和用户增长。要求熟悉运营、活动策划、用户增长等相关技术，具备良好的沟通能力和团队协作精神。,上海,少于50人,本科,6301,10653
机器学习工程师,负责公司核心产品的开发与维护，参与技术方案设计。要求熟悉Python、机器学习、模型调优等相关技术，具备良好的沟通能力和团队协作精神。,上海,1000人以上,大专,13170,21034
市场经理,策划营销活动，提升产品知名度和市场份额。要求熟悉市场营销、品牌建设、活动策划等相关技术，具备良好的沟通能力和团队协作精神。,上海,50-150人,本科,17806,29480
运营专员,分析运营数据，优化运营策略和流程。要求熟悉数据分析、活动策划、运营等相关技术，具备良好的沟通能力和团队协作精神。,杭州,500-1000人,大专,6770,10818
项目经理,参与需求分析，提供技术解决方案，推动项目落地。要求熟悉风险控制、项目管理、进度控制等相关技术，具备良好的沟通能力和团队协作精神。,天津,150-500人,大专,7498,14256
运维工程师,负责公司核心产品的开发与维护，参与技术方案设计。要求熟悉运维、Linux、监控等相关技术，具备良好的沟通能力和团队协作精神。,西安,1000人以上,本科,7299,13597
产品经理,协调研发、设计、运营团队，确保产品按时交付。要求熟悉用户研究、需求分析、产品设计等相关技术，具备良好的沟通能力和团队协作精神。,成都,500-1000人,硕士,10411,22766
UI设计师,负责公司核心产品的开发与维护，参与技术方案设计。要求熟悉用户体验、Sketch、UI设计等相关技术，具备良好的沟通能力和团队协作精神。,成都,500-1000人,硕士,10590,17797
算法工程师,负责后端服务开发，确保代码质量和系统稳定性。要求熟悉深度学习、机器学习、算法等相关技术，具备良好的沟通能力和团队协作精神。,广州,500-1000人,硕士,15648,25715
技术支持工程师,参与系统架构设计，优化系统性能，提升用户体验。要求熟悉文档编写、客户沟通、问题排查等相关技术，具备良好的沟通能力和团队协作精神。,广州,50-150人,大专,7875,13225
前端开发工程师,负责公司核心产品的开发与维护，参与技术方案设计。要求熟悉JavaScript、TypeScript、CSS等相关技术，具备良好的沟通能力和团队协作精神。,深圳,500-1000人,硕士,15254,26694
算法工程师,负责后端服务开发，确保代码质量和系统稳定性。要求熟悉数据结构、算法、Python等相关技术，具备良好的沟通能力和团队协作精神。,深圳,500-1000人,博士,21713,37553
架构师,参与需求分析，提供技术解决方案，推动项目落地。要求熟悉技术选型、系统架构、性能优化等相关技术，具备良好的沟通能力和团队协作精神。,北京,150-500人,博士,18657,33633
前端开发工程师,负责后端服务开发，确保代码质量和系统稳定性。要求熟悉Vue、TypeScript、JavaScript等相关技术，具备良好的沟通能力和团队协作精神。,北京,1000人以上,博士,25400,43371
数据科学家,负责数据分析和挖掘，为业务决策提供数据支持。要求熟悉TensorFlow、深度学习、Python等相关技术，具备良好的沟通能力和团队协作精神。,成都,50-150人,博士,32187,50655
Java后端开发,参与需求分析，提供技术解决方案，推动项目落地。要求熟悉MySQL、Redis、SpringBoot等相关技术，具备良好的沟通能力和团队协作精神。,杭州,500-1000人,硕士,11282,21807
架构师,负责后端服务开发，确保代码质量和系统稳定性。要求熟悉系统架构、技术选型、微服务等相关技术，具备良好的沟通能力和团队协作精神。,武汉,1000人以上,硕士,12145,20631
算法工程师,负责公司核心产品的开发与维护，参与技术方案设计。要求熟悉机器学习、深度学习、算法等相关技术，具备良好的沟通能力和团队协作精神。,武汉,少于50人,大专,5733,9432
前端开发工程师,参与需求分析，提供技术解决方案，推动项目落地。要求熟悉Vue、HTML、CSS等相关技术，具备良好的沟通能力和团队协作精神。,西安,500-1000人,本科,7488,13261
技术支持工程师,参与需求分析，提供技术解决方案，推动项目落地。要求熟悉技术支持、文档编写、客户沟通等相关技术，具备良好的沟通能力和团队协作精神。,广州,50-150人,大专,8059,13410
UI设计师,负责公司核心产品的开发与维护，参与技术方案设计。要求熟悉UI设计、Sketch、用户体验等相关技术，具备良好的沟通能力和团队协作精神。,上海,1000人以上,博士,34774,50257
Python开发工程师,负责后端服务开发，确保代码质量和系统稳定性。要求熟悉Flask、Python、Redis等相关技术，具备良好的沟通能力和团队协作精神。,深圳,少于50人,硕士,11982,20822
市场经理,策划营销活动，提升产品知名度和市场份额。要求熟悉品牌建设、市场营销、渠道拓展等相关技术，具备良好的沟通能力和团队协作精神。,苏州,500-1000人,博士,25334,42822
运维工程师,负责后端服务开发，确保代码质量和系统稳定性。要求熟悉Docker、Linux、运维等相关技术，具备良好的沟通能力和团队协作精神。,杭州,1000人以上,博士,19659,35556
项目经理,参与系统架构设计，优化系统性能，提升用户体验。要求熟悉进度控制、风险控制、项目管理等相关技术，具备良好的沟通能力和团队协作精神。,上海,500-1000人,大专,15235,26049
Python开发工程师,参与需求分析，提供技术解决方案，推动项目落地。要求熟悉Redis、FastAPI、Flask等相关技术，具备良好的沟通能力和团队协作精神。,北京,150-500人,本科,12158,20478
机器学习工程师,参与需求分析，提供技术解决方案，推动项目落地。要求熟悉模型调优、Python、特征工程等相关技术，具备良好的沟通能力和团队协作精神。,天津,500-1000人,大专,6995,11951
UI设计师,参与需求分析，提供技术解决方案，推动项目落地。要求熟悉Figma、Sketch、用户体验等相关技术，具备良好的沟通能力和团队协作精神。,广州,1000人以上,硕士,13687,23297
测试工程师,负责后端服务开发，确保代码质量和系统稳定性。要求熟悉缺陷管理、自动化测试、测试等相关技术，具备良好的沟通能力和团队协作精神。,天津,50-150人,本科,7563,12914
技术支持工程师,参与需求分析，提供技术解决方案，推动项目落地。要求熟悉技术支持、问题排查、文档编写等相关技术，具备良好的沟通能力和团队协作精神。,深圳,500-1000人,博士,26122,41962
算法工程师,负责公司核心产品的开发与维护，参与技术方案设计。要求熟悉机器学习、深度学习、数据结构等相关技术，具备良好的沟通能力和团队协作精神。,杭州,1000人以上,本科,12886,21718
Java后端开发,负责后端服务开发，确保代码质量和系统稳定性。要求熟悉Redis、Java、MySQL等相关技术，具备良好的沟通能力和团队协作精神。,武汉,少于50人,硕士,9349,15360
算法工程师,负责公司核心产品的开发与维护，参与技术方案设计。要求熟悉算法、机器学习、深度学习等相关技术，具备良好的沟通能力和团队协作精神。,成都,500-1000人,本科,4215,7383
市场经理,策划营销活动，提升产品知名度和市场份额。要求熟悉渠道拓展、品牌建设、活动策划等相关技术，具备良好的沟通能力和团队协作精神。,北京,500-1000人,本科,20806,34534
人力资源专员,负责公司核心产品的开发与维护，参与技术方案设计。要求熟悉招聘、培训、绩效考核等相关技术，具备良好的沟通能力和团队协作精神。,广州,1000人以上,博士,14786,24290
销售代表,分析市场趋势和竞争对手，制定市场策略。要求熟悉客户关系、业绩目标、销售等相关技术，具备良好的沟通能力和团队协作精神。,西安,少于50人,本科,5338,9799
测试工程师,参与需求分析，提供技术解决方案，推动项目落地。要求熟悉自动化测试、缺陷管理、性能测试等相关技术，具备良好的沟通能力和团队协作精神。,天津,少于50人,博士,12362,20979
数据分析师,负责数据分析和挖掘，为业务决策提供数据支持。要求熟悉统计学、Excel、Tableau等相关技术，具备良好的沟通能力和团队协作精神。,苏州,少于50人,硕士,9567,16074
Java后端开发,负责公司核心产品的开发与维护，参与技术方案设计。要求熟悉Dubbo、Java、Redis等相关技术，具备良好的沟通能力和团队协作精神。,北京,少于50人,大专,7107,12765
市场经理,负责市场推广和品牌建设，拓展市场渠道。要求熟悉活动策划、市场营销、品牌建设等相关技术，具备良好的沟通能力和团队协作精神。,武汉,少于50人,博士,17609,30094
产品经理,负责产品规划和设计，推动产品迭代优化。要求熟悉产品设计、需求分析、数据分析等相关技术，具备良好的沟通能力和团队协作精神。,天津,1000人以上,大专,11603,19713
Java后端开发,参与系统架构设计，优化系统性能，提升用户体验。要求熟悉Redis、SpringBoot、MySQL等相关技术，具备良好的沟通能力和团队协作精神。,重庆,1000人以上,本科,7078,13222
项目经理,参与需求分析，提供技术解决方案，推动项目落地。要求熟悉进度控制、项目管理、团队协调等相关技术，具备良好的沟通能力和团队协作精神。,苏州,少于50人,博士,21250,34763
前端开发工程师,负责公司核心产品的开发与维护，参与技术方案设计。要求熟悉TypeScript、CSS、React等相关技术，具备良好的沟通能力和团队协作精神。,北京,150-500人,硕士,16032,26848
财务分析师,负责公司核心产品的开发与维护，参与技术方案设计。要求熟悉预算编制、财务分析、Excel等相关技术，具备良好的沟通能力和团队协作精神。,成都,150-500人,博士,7948,13132
运维工程师,负责公司核心产品的开发与维护，参与技术方案设计。要求熟悉K8s、Linux、运维等相关技术，具备良好的沟通能力和团队协作精神。,南京,50-150人,本科,6276,12052
运维工程师,负责公司核心产品的开发与维护，参与技术方案设计。要求熟悉K8s、监控、运维等相关技术，具备良好的沟通能力和团队协作精神。,天津,500-1000人,硕士,10855,18908
算法工程师,参与需求分析，提供技术解决方案，推动项目落地。要求熟悉Python、算法、深度学习等相关技术，具备良好的沟通能力和团队协作精神。,北京,50-150人,本科,10207,18111
财务分析师,参与系统架构设计，优化系统性能，提升用户体验。要求熟悉Excel、财务报表、财务分析等相关技术，具备良好的沟通能力和团队协作精神。,苏州,50-150人,博士,17239,27308
财务分析师,负责公司核心产品的开发与维护，参与技术方案设计。要求熟悉预算编制、财务分析、Excel等相关技术，具备良好的沟通能力和团队协作精神。,西安,500-1000人,硕士,12067,19572
项目经理,参与系统架构设计，优化系统性能，提升用户体验。要求熟悉团队协调、项目管理、风险控制等相关技术，具备良好的沟通能力和团队协作精神。,重庆,少于50人,本科,6518,13046
人力资源专员,参与需求分析，提供技术解决方案，推动项目落地。要求熟悉培训、员工关系、绩效考核等相关技术，具备良好的沟通能力和团队协作精神。,西安,少于50人,本科,5000,7000
技术支持工程师,参与系统架构设计，优化系统性能，提升用户体验。要求熟悉问题排查、文档编写、技术支持等相关技术，具备良好的沟通能力和团队协作精神。,苏州,1000人以上,硕士,12103,21288
技术支持工程师,负责后端服务开发，确保代码质量和系统稳定性。要求熟悉客户沟通、技术支持、问题排查等相关技术，具备良好的沟通能力和团队协作精神。,武汉,150-500人,硕士,10564,17636
架构师,负责公司核心产品的开发与维护，参与技术方案设计。要求熟悉系统架构、技术选型、微服务等相关技术，具备良好的沟通能力和团队协作精神。,武汉,1000人以上,大专,6497,11719
算法工程师,负责公司核心产品的开发与维护，参与技术方案设计。要求熟悉深度学习、算法、数据结构等相关技术，具备良好的沟通能力和团队协作精神。,北京,500-1000人,硕士,20103,32001
架构师,负责后端服务开发，确保代码质量和系统稳定性。要求熟悉性能优化、微服务、技术选型等相关技术，具备良好的沟通能力和团队协作精神。,西安,500-1000人,大专,5000,9312
技术支持工程师,参与系统架构设计，优化系统性能，提升用户体验。要求熟悉文档编写、客户沟通、问题排查等相关技术，具备良好的沟通能力和团队协作精神。,重庆,少于50人,博士,12697,20530
技术支持工程师,负责公司核心产品的开发与维护，参与技术方案设计。要求熟悉问题排查、技术支持、文档编写等相关技术，具备良好的沟通能力和团队协作精神。,北京,50-150人,硕士,13696,23971
人力资源专员,负责公司核心产品的开发与维护，参与技术方案设计。要求熟悉员工关系、招聘、培训等相关技术，具备良好的沟通能力和团队协作精神。,广州,500-1000人,本科,8092,12932
人力资源专员,参与系统架构设计，优化系统性能，提升用户体验。要求熟悉培训、员工关系、绩效考核等相关技术，具备良好的沟通能力和团队协作精神。,天津,少于50人,本科,5000,7527
前端开发工程师,负责后端服务开发，确保代码质量和系统稳定性。要求熟悉Vue、HTML、TypeScript等相关技术，具备良好的沟通能力和团队协作精神。,南京,少于50人,本科,8210,13378
UI设计师,负责后端服务开发，确保代码质量和系统稳定性。要求熟悉用户体验、Sketch、Figma等相关技术，具备良好的沟通能力和团队协作精神。,广州,500-1000人,本科,10569,17345
前端开发工程师,参与需求分析，提供技术解决方案，推动项目落地。要求熟悉Vue、JavaScript、HTML等相关技术，具备良好的沟通能力和团队协作精神。,苏州,50-150人,硕士,8500,15772
前端开发工程师,参与需求分析，提供技术解决方案，推动项目落地。要求熟悉JavaScript、React、TypeScript等相关技术，具备良好的沟通能力和团队协作精神。,西安,50-150人,博士,14729,23703
数据分析师,构建机器学习模型，解决实际业务问题。要求熟悉SQL、统计学、Tableau等相关技术，具备良好的沟通能力和团队协作精神。,成都,500-1000人,博士,18962,30367
销售代表,负责市场推广和品牌建设，拓展市场渠道。要求熟悉客户关系、销售、商务谈判等相关技术，具备良好的沟通能力和团队协作精神。,南京,150-500人,本科,8612,14692
架构师,参与系统架构设计，优化系统性能，提升用户体验。要求熟悉系统架构、性能优化、微服务等相关技术，具备良好的沟通能力和团队协作精神。,北京,150-500人,博士,24059,39035
项目经理,参与需求分析，提供技术解决方案，推动项目落地。要求熟悉进度控制、项目管理、团队协调等相关技术，具备良好的沟通能力和团队协作精神。,深圳,150-500人,本科,14178,26178
Java后端开发,负责公司核心产品的开发与维护，参与技术方案设计。要求熟悉Spring、MySQL、Dubbo等相关技术，具备良好的沟通能力和团队协作精神。,西安,1000人以上,本科,9362,15659
财务分析师,参与系统架构设计，优化系统性能，提升用户体验。要求熟悉预算编制、财务分析、财务报表等相关技术，具备良好的沟通能力和团队协作精神。,成都,150-500人,硕士,11669,19157
数据分析师,负责数据分析和挖掘，为业务决策提供数据支持。要求熟悉统计学、Python、SQL等相关技术，具备良好的沟通能力和团队协作精神。,北京,少于50人,博士,21113,33842
架构师,参与需求分析，提供技术解决方案，推动项目落地。要求熟悉技术选型、微服务、性能优化等相关技术，具备良好的沟通能力和团队协作精神。,西安,150-500人,大专,5829,10028
机器学习工程师,负责公司核心产品的开发与维护，参与技术方案设计。要求熟悉机器学习、特征工程、模型调优等相关技术，具备良好的沟通能力和团队协作精神。,重庆,500-1000人,硕士,8007,15329
销售代表,负责市场推广和品牌建设，拓展市场渠道。要求熟悉商务谈判、销售、业绩目标等相关技术，具备良好的沟通能力和团队协作精神。,成都,少于50人,大专,12500,21825
运维工程师,负责后端服务开发，确保代码质量和系统稳定性。要求熟悉Linux、监控、K8s等相关技术，具备良好的沟通能力和团队协作精神。,上海,1000人以上,硕士,20809,33588
数据科学家,负责数据分析和挖掘，为业务决策提供数据支持。要求熟悉TensorFlow、Python、机器学习等相关技术，具备良好的沟通能力和团队协作精神。,广州,少于50人,大专,15869,24845
数据分析师,负责数据分析和挖掘，为业务决策提供数据支持。要求熟悉Excel、统计学、SQL等相关技术，具备良好的沟通能力和团队协作精神。,深圳,50-150人,硕士,16537,26417
机器学习工程师,负责后端服务开发，确保代码质量和系统稳定性。要求熟悉机器学习、模型调优、特征工程等相关技术，具备良好的沟通能力和团队协作精神。,重庆,150-500人,本科,2909,4957
机器学习工程师,参与系统架构设计，优化系统性能，提升用户体验。要求熟悉Python、特征工程、模型调优等相关技术，具备良好的沟通能力和团队协作精神。,苏州,少于50人,博士,11889,20898
财务分析师,负责公司核心产品的开发与维护，参与技术方案设计。要求熟悉财务报表、预算编制、Excel等相关技术，具备良好的沟通能力和团队协作精神。,天津,500-1000人,本科,12292,18488
架构师,参与系统架构设计，优化系统性能，提升用户体验。要求熟悉技术选型、系统架构、微服务等相关技术，具备良好的沟通能力和团队协作精神。,西安,150-500人,大专,5615,9813
销售代表,负责市场推广和品牌建设，拓展市场渠道。要求熟悉业绩目标、销售、客户关系等相关技术，具备良好的沟通能力和团队协作精神。,杭州,150-500人,大专,8351,14239
人力资源专员,负责公司核心产品的开发与维护，参与技术方案设计。要求熟悉招聘、绩效考核、培训等相关技术，具备良好的沟通能力和团队协作精神。,杭州,1000人以上,博士,17181,27117
运营专员,负责日常运营工作，提升用户活跃度和留存率。要求熟悉数据分析、用户增长、运营等相关技术，具备良好的沟通能力和团队协作精神。,天津,150-500人,大专,5000,7000
测试工程师,参与需求分析，提供技术解决方案，推动项目落地。要求熟悉自动化测试、性能测试、测试等相关技术，具备良好的沟通能力和团队协作精神。,武汉,150-500人,本科,9069,14509
项目经理,负责公司核心产品的开发与维护，参与技术方案设计。要求熟悉团队协调、项目管理、进度控制等相关技术，具备良好的沟通能力和团队协作精神。,深圳,150-500人,大专,10445,20045
Python开发工程师,参与需求分析，提供技术解决方案，推动项目落地。要求熟悉Python、Django、Redis等相关技术，具备良好的沟通能力和团队协作精神。,重庆,1000人以上,博士,18585,29644
市场经理,负责市场推广和品牌建设，拓展市场渠道。要求熟悉品牌建设、渠道拓展、市场营销等相关技术，具备良好的沟通能力和团队协作精神。,深圳,150-500人,硕士,20359,35959
数据分析师,构建机器学习模型，解决实际业务问题。要求熟悉统计学、Excel、Tableau等相关技术，具备良好的沟通能力和团队协作精神。,重庆,1000人以上,大专,8033,12948
UI设计师,负责后端服务开发，确保代码质量和系统稳定性。要求熟悉Sketch、UI设计、交互设计等相关技术，具备良好的沟通能力和团队协作精神。,重庆,150-500人,本科,5545,10025
运营专员,策划运营活动，提升品牌影响力和用户增长。要求熟悉活动策划、数据分析、用户增长等相关技术，具备良好的沟通能力和团队协作精神。,西安,500-1000人,本科,5083,8691
Java后端开发,负责后端服务开发，确保代码质量和系统稳定性。要求熟悉Spring、SpringBoot、Redis等相关技术，具备良好的沟通能力和团队协作精神。,上海,少于50人,大专,6573,12144
运维工程师,参与需求分析，提供技术解决方案，推动项目落地。要求熟悉K8s、Linux、监控等相关技术，具备良好的沟通能力和团队协作精神。,重庆,500-1000人,本科,7102,12734
Java后端开发,负责后端服务开发，确保代码质量和系统稳定性。要求熟悉Redis、Dubbo、Java等相关技术，具备良好的沟通能力和团队协作精神。,广州,少于50人,博士,14533,25304
算法工程师,负责公司核心产品的开发与维护，参与技术方案设计。要求熟悉深度学习、机器学习、算法等相关技术，具备良好的沟通能力和团队协作精神。,北京,150-500人,硕士,16814,27630
架构师,参与系统架构设计，优化系统性能，提升用户体验。要求熟悉技术选型、性能优化、系统架构等相关技术，具备良好的沟通能力和团队协作精神。,武汉,少于50人,硕士,8499,14510
销售代表,分析市场趋势和竞争对手，制定市场策略。要求熟悉商务谈判、业绩目标、销售等相关技术，具备良好的沟通能力和团队协作精神。,天津,150-500人,硕士,10489,17811
Java后端开发,参与需求分析，提供技术解决方案，推动项目落地。要求熟悉SpringBoot、MySQL、Redis等相关技术，具备良好的沟通能力和团队协作精神。,成都,150-500人,博士,12126,22494
技术支持工程师,参与系统架构设计，优化系统性能，提升用户体验。要求熟悉文档编写、客户沟通、技术支持等相关技术，具备良好的沟通能力和团队协作精神。,苏州,少于50人,大专,5000,8847
Python开发工程师,参与需求分析，提供技术解决方案，推动项目落地。要求熟悉FastAPI、Django、Redis等相关技术，具备良好的沟通能力和团队协作精神。,天津,150-500人,硕士,12536,19858
产品经理,协调研发、设计、运营团队，确保产品按时交付。要求熟悉产品设计、Axure、用户研究等相关技术，具备良好的沟通能力和团队协作精神。,成都,少于50人,大专,7268,13143
项目经理,负责后端服务开发，确保代码质量和系统稳定性。要求熟悉进度控制、项目管理、团队协调等相关技术，具备良好的沟通能力和团队协作精神。,西安,少于50人,大专,9022,14375
机器学习工程师,负责公司核心产品的开发与维护，参与技术方案设计。要求熟悉Python、特征工程、模型调优等相关技术，具备良好的沟通能力和团队协作精神。,广州,500-1000人,博士,18531,32470
产品经理,负责产品规划和设计，推动产品迭代优化。要求熟悉数据分析、需求分析、产品设计等相关技术，具备良好的沟通能力和团队协作精神。,西安,500-1000人,大专,9528,16455
测试工程师,负责公司核心产品的开发与维护，参与技术方案设计。要求熟悉自动化测试、性能测试、缺陷管理等相关技术，具备良好的沟通能力和团队协作精神。,杭州,500-1000人,大专,10205,16682
项目经理,负责公司核心产品的开发与维护，参与技术方案设计。要求熟悉团队协调、风险控制、进度控制等相关技术，具备良好的沟通能力和团队协作精神。,苏州,50-150人,博士,24367,39470
Java后端开发,负责后端服务开发，确保代码质量和系统稳定性。要求熟悉Spring、Redis、SpringBoot等相关技术，具备良好的沟通能力和团队协作精神。,广州,50-150人,博士,16302,28341
架构师,负责公司核心产品的开发与维护，参与技术方案设计。要求熟悉性能优化、系统架构、技术选型等相关技术，具备良好的沟通能力和团队协作精神。,苏州,1000人以上,博士,16561,29279
人力资源专员,负责公司核心产品的开发与维护，参与技术方案设计。要求熟悉招聘、培训、员工关系等相关技术，具备良好的沟通能力和团队协作精神。,天津,50-150人,大专,5000,7000
测试工程师,负责后端服务开发，确保代码质量和系统稳定性。要求熟悉性能测试、自动化测试、缺陷管理等相关技术，具备良好的沟通能力和团队协作精神。,苏州,150-500人,硕士,11009,18664
运营专员,策划运营活动，提升品牌影响力和用户增长。要求熟悉用户增长、数据分析、运营等相关技术，具备良好的沟通能力和团队协作精神。,杭州,少于50人,大专,5249,8377
财务分析师,负责后端服务开发，确保代码质量和系统稳定性。要求熟悉预算编制、财务报表、Excel等相关技术，具备良好的沟通能力和团队协作精神。,深圳,500-1000人,硕士,19315,30755
销售代表,负责市场推广和品牌建设，拓展市场渠道。要求熟悉商务谈判、销售、客户关系等相关技术，具备良好的沟通能力和团队协作精神。,苏州,少于50人,博士,13432,22440
项目经理,负责后端服务开发，确保代码质量和系统稳定性。要求熟悉项目管理、进度控制、团队协调等相关技术，具备良好的沟通能力和团队协作精神。,重庆,1000人以上,本科,15503,24719
销售代表,分析市场趋势和竞争对手，制定市场策略。要求熟悉客户关系、商务谈判、业绩目标等相关技术，具备良好的沟通能力和团队协作精神。,南京,150-500人,博士,15830,26774
市场经理,策划营销活动，提升产品知名度和市场份额。要求熟悉活动策划、渠道拓展、品牌建设等相关技术，具备良好的沟通能力和团队协作精神。,武汉,1000人以上,大专,11228,19062
机器学习工程师,参与系统架构设计，优化系统性能，提升用户体验。要求熟悉Python、机器学习、模型调优等相关技术，具备良好的沟通能力和团队协作精神。,杭州,少于50人,博士,12276,23537
UI设计师,参与系统架构设计，优化系统性能，提升用户体验。要求熟悉Sketch、UI设计、交互设计等相关技术，具备良好的沟通能力和团队协作精神。,西安,500-1000人,大专,5000,8401
Python开发工程师,参与需求分析，提供技术解决方案，推动项目落地。要求熟悉MySQL、Django、Redis等相关技术，具备良好的沟通能力和团队协作精神。,西安,1000人以上,本科,9117,15415
机器学习工程师,负责后端服务开发，确保代码质量和系统稳定性。要求熟悉Python、模型调优、特征工程等相关技术，具备良好的沟通能力和团队协作精神。,广州,1000人以上,硕士,14905,25887
财务分析师,参与系统架构设计，优化系统性能，提升用户体验。要求熟悉Excel、财务报表、财务分析等相关技术，具备良好的沟通能力和团队协作精神。,苏州,1000人以上,硕士,14465,23651
数据科学家,设计和维护数据报表，监控业务指标变化。要求熟悉TensorFlow、深度学习、Python等相关技术，具备良好的沟通能力和团队协作精神。,广州,少于50人,本科,18334,29554
数据科学家,设计和维护数据报表，监控业务指标变化。要求熟悉深度学习、Python、机器学习等相关技术，具备良好的沟通能力和团队协作精神。,西安,50-150人,硕士,19088,31240
技术支持工程师,负责公司核心产品的开发与维护，参与技术方案设计。要求熟悉问题排查、技术支持、客户沟通等相关技术，具备良好的沟通能力和团队协作精神。,西安,50-150人,硕士,10282,16763
算法工程师,负责公司核心产品的开发与维护，参与技术方案设计。要求熟悉Python、机器学习、深度学习等相关技术，具备良好的沟通能力和团队协作精神。,杭州,500-1000人,博士,20272,34845
市场经理,分析市场趋势和竞争对手，制定市场策略。要求熟悉渠道拓展、品牌建设、活动策划等相关技术，具备良好的沟通能力和团队协作精神。,北京,1000人以上,本科,18494,33470
销售代表,负责市场推广和品牌建设，拓展市场渠道。要求熟悉销售、业绩目标、客户关系等相关技术，具备良好的沟通能力和团队协作精神。,天津,500-1000人,大专,7734,12691
全栈开发工程师,参与系统架构设计，优化系统性能，提升用户体验。要求熟悉MySQL、Node.js、React等相关技术，具备良好的沟通能力和团队协作精神。,西安,150-500人,大专,5601,9800
销售代表,策划营销活动，提升产品知名度和市场份额。要求熟悉销售、业绩目标、商务谈判等相关技术，具备良好的沟通能力和团队协作精神。,苏州,150-500人,博士,15619,26217
架构师,参与系统架构设计，优化系统性能，提升用户体验。要求熟悉微服务、性能优化、系统架构等相关技术，具备良好的沟通能力和团队协作精神。,苏州,50-150人,大专,5752,10227
财务分析师,参与需求分析，提供技术解决方案，推动项目落地。要求熟悉财务分析、财务报表、Excel等相关技术，具备良好的沟通能力和团队协作精神。,成都,少于50人,博士,13618,22431
数据分析师,构建机器学习模型，解决实际业务问题。要求熟悉Tableau、Python、Excel等相关技术，具备良好的沟通能力和团队协作精神。,南京,50-150人,大专,7882,12503
财务分析师,负责公司核心产品的开发与维护，参与技术方案设计。要求熟悉Excel、预算编制、财务报表等相关技术，具备良好的沟通能力和团队协作精神。,南京,150-500人,本科,10277,16357
市场经理,负责市场推广和品牌建设，拓展市场渠道。要求熟悉品牌建设、活动策划、市场营销等相关技术，具备良好的沟通能力和团队协作精神。,成都,1000人以上,硕士,19745,33223
市场经理,策划营销活动，提升产品知名度和市场份额。要求熟悉活动策划、渠道拓展、品牌建设等相关技术，具备良好的沟通能力和团队协作精神。,武汉,少于50人,博士,6614,11608
机器学习工程师,参与需求分析，提供技术解决方案，推动项目落地。要求熟悉机器学习、特征工程、Python等相关技术，具备良好的沟通能力和团队协作精神。,广州,50-150人,博士,12407,24446
产品经理,负责产品规划和设计，推动产品迭代优化。要求熟悉数据分析、需求分析、Axure等相关技术，具备良好的沟通能力和团队协作精神。,重庆,500-1000人,大专,8744,15502
算法工程师,参与系统架构设计，优化系统性能，提升用户体验。要求熟悉机器学习、算法、深度学习等相关技术，具备良好的沟通能力和团队协作精神。,武汉,1000人以上,博士,17905,29656
数据科学家,构建机器学习模型，解决实际业务问题。要求熟悉深度学习、Python、机器学习等相关技术，具备良好的沟通能力和团队协作精神。,深圳,少于50人,博士,34915,57865
全栈开发工程师,参与需求分析，提供技术解决方案，推动项目落地。要求熟悉MySQL、JavaScript、Node.js等相关技术，具备良好的沟通能力和团队协作精神。,西安,1000人以上,大专,6694,11732
前端开发工程师,负责公司核心产品的开发与维护，参与技术方案设计。要求熟悉JavaScript、React、HTML等相关技术，具备良好的沟通能力和团队协作精神。,成都,少于50人,本科,7637,12533
产品经理,协调研发、设计、运营团队，确保产品按时交付。要求熟悉用户研究、数据分析、产品设计等相关技术，具备良好的沟通能力和团队协作精神。,杭州,1000人以上,大专,13157,23756
全栈开发工程师,参与系统架构设计，优化系统性能，提升用户体验。要求熟悉React、MongoDB、Node.js等相关技术，具备良好的沟通能力和团队协作精神。,武汉,50-150人,大专,5000,8623
前端开发工程师,参与需求分析，提供技术解决方案，推动项目落地。要求熟悉CSS、HTML、React等相关技术，具备良好的沟通能力和团队协作精神。,天津,1000人以上,本科,9089,15847
全栈开发工程师,负责公司核心产品的开发与维护，参与技术方案设计。要求熟悉MySQL、JavaScript、MongoDB等相关技术，具备良好的沟通能力和团队协作精神。,北京,150-500人,本科,10684,19004
数据科学家,设计和维护数据报表，监控业务指标变化。要求熟悉机器学习、PyTorch、深度学习等相关技术，具备良好的沟通能力和团队协作精神。,武汉,少于50人,大专,9585,16521
算法工程师,负责后端服务开发，确保代码质量和系统稳定性。要求熟悉数据结构、机器学习、算法等相关技术，具备良好的沟通能力和团队协作精神。,重庆,500-1000人,博士,13605,23743
市场经理,策划营销活动，提升产品知名度和市场份额。要求熟悉活动策划、市场营销、渠道拓展等相关技术，具备良好的沟通能力和团队协作精神。,杭州,1000人以上,硕士,25267,42490
Java后端开发,参与系统架构设计，优化系统性能，提升用户体验。要求熟悉Dubbo、Redis、Java等相关技术，具备良好的沟通能力和团队协作精神。,武汉,50-150人,本科,2838,4905
前端开发工程师,负责后端服务开发，确保代码质量和系统稳定性。要求熟悉Vue、TypeScript、HTML等相关技术，具备良好的沟通能力和团队协作精神。,深圳,500-1000人,大专,10085,17125
销售代表,负责市场推广和品牌建设，拓展市场渠道。要求熟悉商务谈判、客户关系、业绩目标等相关技术，具备良好的沟通能力和团队协作精神。,南京,1000人以上,硕士,16266,25751
Python开发工程师,参与需求分析，提供技术解决方案，推动项目落地。要求熟悉Flask、FastAPI、Django等相关技术，具备良好的沟通能力和团队协作精神。,苏州,500-1000人,大专,6791,11972
产品经理,协调研发、设计、运营团队，确保产品按时交付。要求熟悉需求分析、用户研究、Axure等相关技术，具备良好的沟通能力和团队协作精神。,成都,50-150人,硕士,15228,25899
UI设计师,参与需求分析，提供技术解决方案，推动项目落地。要求熟悉交互设计、Sketch、UI设计等相关技术，具备良好的沟通能力和团队协作精神。,天津,150-500人,博士,13604,22475
UI设计师,参与需求分析，提供技术解决方案，推动项目落地。要求熟悉Sketch、用户体验、Figma等相关技术，具备良好的沟通能力和团队协作精神。,北京,1000人以上,硕士,16597,27954
UI设计师,参与系统架构设计，优化系统性能，提升用户体验。要求熟悉交互设计、用户体验、UI设计等相关技术，具备良好的沟通能力和团队协作精神。,北京,500-1000人,大专,9721,16128
架构师,负责公司核心产品的开发与维护，参与技术方案设计。要求熟悉技术选型、性能优化、系统架构等相关技术，具备良好的沟通能力和团队协作精神。,杭州,50-150人,博士,16175,28761
人力资源专员,负责后端服务开发，确保代码质量和系统稳定性。要求熟悉招聘、培训、员工关系等相关技术，具备良好的沟通能力和团队协作精神。,重庆,少于50人,博士,7695,12591
Python开发工程师,负责公司核心产品的开发与维护，参与技术方案设计。要求熟悉Redis、MySQL、FastAPI等相关技术，具备良好的沟通能力和团队协作精神。,成都,50-150人,博士,17881,27731
Java后端开发,负责公司核心产品的开发与维护，参与技术方案设计。要求熟悉Spring、Java、MySQL等相关技术，具备良好的沟通能力和团队协作精神。,成都,500-1000人,博士,14150,25555
人力资源专员,负责公司核心产品的开发与维护，参与技术方案设计。要求熟悉培训、员工关系、招聘等相关技术，具备良好的沟通能力和团队协作精神。,杭州,500-1000人,硕士,9318,15896
全栈开发工程师,负责后端服务开发，确保代码质量和系统稳定性。要求熟悉React、Node.js、MySQL等相关技术，具备良好的沟通能力和团队协作精神。,深圳,150-500人,本科,10905,18905
产品经理,负责产品规划和设计，推动产品迭代优化。要求熟悉数据分析、产品设计、Axure等相关技术，具备良好的沟通能力和团队协作精神。,上海,500-1000人,大专,15670,26484
架构师,参与需求分析，提供技术解决方案，推动项目落地。要求熟悉系统架构、性能优化、微服务等相关技术，具备良好的沟通能力和团队协作精神。,重庆,150-500人,大专,5834,9930
测试工程师,参与需求分析，提供技术解决方案，推动项目落地。要求熟悉测试、自动化测试、缺陷管理等相关技术，具备良好的沟通能力和团队协作精神。,北京,1000人以上,博士,29037,47008
Java后端开发,负责公司核心产品的开发与维护，参与技术方案设计。要求熟悉MySQL、SpringBoot、Java等相关技术，具备良好的沟通能力和团队协作精神。,西安,500-1000人,大专,5000,8867
运营专员,分析运营数据，优化运营策略和流程。要求熟悉数据分析、用户增长、活动策划等相关技术，具备良好的沟通能力和团队协作精神。,广州,50-150人,博士,7694,15218
技术支持工程师,负责后端服务开发，确保代码质量和系统稳定性。要求熟悉文档编写、技术支持、客户沟通等相关技术，具备良好的沟通能力和团队协作精神。,武汉,500-1000人,本科,7671,13655
市场经理,分析市场趋势和竞争对手，制定市场策略。要求熟悉市场营销、活动策划、品牌建设等相关技术，具备良好的沟通能力和团队协作精神。,上海,少于50人,大专,13208,21564
Java后端开发,负责公司核心产品的开发与维护，参与技术方案设计。要求熟悉Dubbo、Spring、Java等相关技术，具备良好的沟通能力和团队协作精神。,上海,500-1000人,硕士,12668,24383
销售代表,分析市场趋势和竞争对手，制定市场策略。要求熟悉商务谈判、业绩目标、客户关系等相关技术，具备良好的沟通能力和团队协作精神。,北京,50-150人,硕士,8333,18609
数据科学家,负责数据分析和挖掘，为业务决策提供数据支持。要求熟悉Python、PyTorch、深度学习等相关技术，具备良好的沟通能力和团队协作精神。,重庆,50-150人,本科,15525,24645
数据科学家,设计和维护数据报表，监控业务指标变化。要求熟悉PyTorch、TensorFlow、机器学习等相关技术，具备良好的沟通能力和团队协作精神。,苏州,500-1000人,硕士,25797,41584
UI设计师,参与需求分析，提供技术解决方案，推动项目落地。要求熟悉Sketch、用户体验、交互设计等相关技术，具备良好的沟通能力和团队协作精神。,重庆,150-500人,本科,6313,10793
运营专员,负责日常运营工作，提升用户活跃度和留存率。要求熟悉用户增长、数据分析、活动策划等相关技术，具备良好的沟通能力和团队协作精神。,杭州,50-150人,硕士,7401,13082
数据科学家,构建机器学习模型，解决实际业务问题。要求熟悉深度学习、Python、机器学习等相关技术，具备良好的沟通能力和团队协作精神。,北京,150-500人,大专,17238,29718
机器学习工程师,负责后端服务开发，确保代码质量和系统稳定性。要求熟悉Python、模型调优、特征工程等相关技术，具备良好的沟通能力和团队协作精神。,西安,150-500人,大专,5859,10058
UI设计师,参与需求分析，提供技术解决方案，推动项目落地。要求熟悉用户体验、交互设计、Figma等相关技术，具备良好的沟通能力和团队协作精神。,苏州,50-150人,博士,13291,22100
架构师,负责后端服务开发，确保代码质量和系统稳定性。要求熟悉性能优化、技术选型、系统架构等相关技术，具备良好的沟通能力和团队协作精神。,上海,500-1000人,大专,10580,17789
UI设计师,负责后端服务开发，确保代码质量和系统稳定性。要求熟悉交互设计、Sketch、用户体验等相关技术，具备良好的沟通能力和团队协作精神。,杭州,1000人以上,大专,6374,12557
人力资源专员,负责后端服务开发，确保代码质量和系统稳定性。要求熟悉绩效考核、员工关系、招聘等相关技术，具备良好的沟通能力和团队协作精神。,南京,1000人以上,大专,5000,8494
运维工程师,参与需求分析，提供技术解决方案，推动项目落地。要求熟悉Linux、Docker、K8s等相关技术，具备良好的沟通能力和团队协作精神。,北京,50-150人,硕士,11958,22234
Java后端开发,负责后端服务开发，确保代码质量和系统稳定性。要求熟悉SpringBoot、Dubbo、Java等相关技术，具备良好的沟通能力和团队协作精神。,重庆,150-500人,博士,12229,21445
项目经理,参与系统架构设计，优化系统性能，提升用户体验。要求熟悉进度控制、风险控制、团队协调等相关技术，具备良好的沟通能力和团队协作精神。,苏州,1000人以上,博士,24306,43383
算法工程师,负责公司核心产品的开发与维护，参与技术方案设计。要求熟悉算法、深度学习、机器学习等相关技术，具备良好的沟通能力和团队协作精神。,成都,50-150人,博士,15016,24866
Java后端开发,负责公司核心产品的开发与维护，参与技术方案设计。要求熟悉Redis、SpringBoot、MySQL等相关技术，具备良好的沟通能力和团队协作精神。,天津,1000人以上,硕士,9017,17803
财务分析师,参与系统架构设计，优化系统性能，提升用户体验。要求熟悉预算编制、财务分析、Excel等相关技术，具备良好的沟通能力和团队协作精神。,南京,1000人以上,硕士,16099,25584
销售代表,分析市场趋势和竞争对手，制定市场策略。要求熟悉客户关系、销售、业绩目标等相关技术，具备良好的沟通能力和团队协作精神。,苏州,500-1000人,大专,7666,12848
机器学习工程师,负责公司核心产品的开发与维护，参与技术方案设计。要求熟悉机器学习、Python、模型调优等相关技术，具备良好的沟通能力和团队协作精神。,重庆,150-500人,大专,7057,11153
产品经理,分析用户需求和市场动态，制定产品发展策略。要求熟悉需求分析、产品设计、数据分析等相关技术，具备良好的沟通能力和团队协作精神。,深圳,150-500人,博士,27748,49348
市场经理,分析市场趋势和竞争对手，制定市场策略。要求熟悉活动策划、渠道拓展、市场营销等相关技术，具备良好的沟通能力和团队协作精神。,杭州,1000人以上,本科,19021,32269
技术支持工程师,参与需求分析，提供技术解决方案，推动项目落地。要求熟悉客户沟通、文档编写、问题排查等相关技术，具备良好的沟通能力和团队协作精神。,深圳,少于50人,硕士,9165,18005
UI设计师,负责后端服务开发，确保代码质量和系统稳定性。要求熟悉Figma、交互设计、用户体验等相关技术，具备良好的沟通能力和团队协作精神。,杭州,500-1000人,大专,6405,12072
全栈开发工程师,参与需求分析，提供技术解决方案，推动项目落地。要求熟悉React、JavaScript、MongoDB等相关技术，具备良好的沟通能力和团队协作精神。,西安,1000人以上,硕士,12553,20740
财务分析师,参与需求分析，提供技术解决方案，推动项目落地。要求熟悉Excel、财务报表、财务分析等相关技术，具备良好的沟通能力和团队协作精神。,上海,500-1000人,本科,15195,24206
产品经理,协调研发、设计、运营团队，确保产品按时交付。要求熟悉用户研究、数据分析、Axure等相关技术，具备良好的沟通能力和团队协作精神。,成都,50-150人,本科,13099,21307
运维工程师,参与需求分析，提供技术解决方案，推动项目落地。要求熟悉K8s、Docker、Linux等相关技术，具备良好的沟通能力和团队协作精神。,南京,1000人以上,博士,14675,27808
产品经理,协调研发、设计、运营团队，确保产品按时交付。要求熟悉Axure、产品设计、用户研究等相关技术，具备良好的沟通能力和团队协作精神。,成都,1000人以上,硕士,19846,33325
产品经理,分析用户需求和市场动态，制定产品发展策略。要求熟悉数据分析、需求分析、用户研究等相关技术，具备良好的沟通能力和团队协作精神。,北京,少于50人,本科,18303,28911
Python开发工程师,参与系统架构设计，优化系统性能，提升用户体验。要求熟悉Redis、FastAPI、Flask等相关技术，具备良好的沟通能力和团队协作精神。,天津,150-500人,博士,14736,24874
前端开发工程师,负责后端服务开发，确保代码质量和系统稳定性。要求熟悉TypeScript、React、JavaScript等相关技术，具备良好的沟通能力和团队协作精神。,天津,1000人以上,本科,9643,16401
全栈开发工程师,负责后端服务开发，确保代码质量和系统稳定性。要求熟悉MySQL、React、MongoDB等相关技术，具备良好的沟通能力和团队协作精神。,深圳,150-500人,硕士,14316,24716
销售代表,策划营销活动，提升产品知名度和市场份额。要求熟悉业绩目标、商务谈判、客户关系等相关技术，具备良好的沟通能力和团队协作精神。,武汉,少于50人,大专,5000,7696
数据分析师,负责数据分析和挖掘，为业务决策提供数据支持。要求熟悉Tableau、SQL、Python等相关技术，具备良好的沟通能力和团队协作精神。,天津,50-150人,本科,10615,15965
财务分析师,负责公司核心产品的开发与维护，参与技术方案设计。要求熟悉Excel、财务分析、财务报表等相关技术，具备良好的沟通能力和团队协作精神。,成都,1000人以上,硕士,13962,22948
人力资源专员,参与需求分析，提供技术解决方案，推动项目落地。要求熟悉绩效考核、招聘、员工关系等相关技术，具备良好的沟通能力和团队协作精神。,北京,50-150人,本科,7908,12848
Java后端开发,参与需求分析，提供技术解决方案，推动项目落地。要求熟悉Java、Redis、MySQL等相关技术，具备良好的沟通能力和团队协作精神。,广州,500-1000人,本科,8378,16122
数据科学家,构建机器学习模型，解决实际业务问题。要求熟悉TensorFlow、机器学习、Python等相关技术，具备良好的沟通能力和团队协作精神。,杭州,150-500人,博士,33226,58066
全栈开发工程师,负责公司核心产品的开发与维护，参与技术方案设计。要求熟悉MySQL、React、Node.js等相关技术，具备良好的沟通能力和团队协作精神。,深圳,少于50人,本科,11179,17979
测试工程师,参与需求分析，提供技术解决方案，推动项目落地。要求熟悉测试、自动化测试、性能测试等相关技术，具备良好的沟通能力和团队协作精神。,南京,少于50人,博士,12185,21487
销售代表,分析市场趋势和竞争对手，制定市场策略。要求熟悉业绩目标、客户关系、销售等相关技术，具备良好的沟通能力和团队协作精神。,苏州,1000人以上,硕士,15132,24317
销售代表,负责市场推广和品牌建设，拓展市场渠道。要求熟悉销售、业绩目标、商务谈判等相关技术，具备良好的沟通能力和团队协作精神。,武汉,150-500人,硕士,9620,16692
市场经理,分析市场趋势和竞争对手，制定市场策略。要求熟悉活动策划、品牌建设、市场营销等相关技术，具备良好的沟通能力和团队协作精神。,深圳,少于50人,本科,10502,20702
市场经理,分析市场趋势和竞争对手，制定市场策略。要求熟悉渠道拓展、市场营销、活动策划等相关技术，具备良好的沟通能力和团队协作精神。,苏州,150-500人,博士,73554,121245
架构师,负责后端服务开发，确保代码质量和系统稳定性。要求熟悉技术选型、系统架构、性能优化等相关技术，具备良好的沟通能力和团队协作精神。,杭州,500-1000人,大专,8189,14666
前端开发工程师,参与需求分析，提供技术解决方案，推动项目落地。要求熟悉JavaScript、React、HTML等相关技术，具备良好的沟通能力和团队协作精神。,重庆,50-150人,本科,7325,12189
数据科学家,构建机器学习模型，解决实际业务问题。要求熟悉PyTorch、TensorFlow、机器学习等相关技术，具备良好的沟通能力和团队协作精神。,北京,50-150人,博士,42377,69053
数据分析师,负责数据分析和挖掘，为业务决策提供数据支持。要求熟悉Tableau、Python、SQL等相关技术，具备良好的沟通能力和团队协作精神。,西安,500-1000人,博士,14027,24418
测试工程师,参与需求分析，提供技术解决方案，推动项目落地。要求熟悉测试、性能测试、缺陷管理等相关技术，具备良好的沟通能力和团队协作精神。,深圳,1000人以上,博士,24292,41572
数据分析师,构建机器学习模型，解决实际业务问题。要求熟悉统计学、Excel、Tableau等相关技术，具备良好的沟通能力和团队协作精神。,北京,1000人以上,博士,38960,56931
UI设计师,参与系统架构设计，优化系统性能，提升用户体验。要求熟悉交互设计、Figma、UI设计等相关技术，具备良好的沟通能力和团队协作精神。,上海,少于50人,博士,19175,30142
产品经理,协调研发、设计、运营团队，确保产品按时交付。要求熟悉需求分析、Axure、数据分析等相关技术，具备良好的沟通能力和团队协作精神。,重庆,150-500人,硕士,5448,9441
数据科学家,构建机器学习模型，解决实际业务问题。要求熟悉Python、PyTorch、机器学习等相关技术，具备良好的沟通能力和团队协作精神。,广州,50-150人,博士,40795,63367
市场经理,分析市场趋势和竞争对手，制定市场策略。要求熟悉活动策划、市场营销、渠道拓展等相关技术，具备良好的沟通能力和团队协作精神。,广州,150-500人,硕士,19418,33146
数据分析师,负责数据分析和挖掘，为业务决策提供数据支持。要求熟悉统计学、Python、Excel等相关技术，具备良好的沟通能力和团队协作精神。,西安,50-150人,本科,8641,13627
Python开发工程师,负责公司核心产品的开发与维护，参与技术方案设计。要求熟悉Redis、Django、Flask等相关技术，具备良好的沟通能力和团队协作精神。,杭州,50-150人,硕士,10637,19727
市场经理,分析市场趋势和竞争对手，制定市场策略。要求熟悉品牌建设、渠道拓展、活动策划等相关技术，具备良好的沟通能力和团队协作精神。,成都,150-500人,博士,22065,37617
UI设计师,负责公司核心产品的开发与维护，参与技术方案设计。要求熟悉UI设计、用户体验、Figma等相关技术，具备良好的沟通能力和团队协作精神。,重庆,少于50人,硕士,9231,14181
架构师,参与需求分析，提供技术解决方案，推动项目落地。要求熟悉性能优化、技术选型、微服务等相关技术，具备良好的沟通能力和团队协作精神。,南京,少于50人,硕士,8184,14903
算法工程师,参与需求分析，提供技术解决方案，推动项目落地。要求熟悉深度学习、算法、数据结构等相关技术，具备良好的沟通能力和团队协作精神。,南京,500-1000人,硕士,14277,22971
产品经理,协调研发、设计、运营团队，确保产品按时交付。要求熟悉需求分析、数据分析、产品设计等相关技术，具备良好的沟通能力和团队协作精神。,南京,150-500人,博士,22289,38705
数据科学家,构建机器学习模型，解决实际业务问题。要求熟悉PyTorch、深度学习、机器学习等相关技术，具备良好的沟通能力和团队协作精神。,苏州,少于50人,本科,13122,22506
架构师,负责公司核心产品的开发与维护，参与技术方案设计。要求熟悉微服务、系统架构、性能优化等相关技术，具备良好的沟通能力和团队协作精神。,西安,500-1000人,大专,7213,11832
技术支持工程师,参与系统架构设计，优化系统性能，提升用户体验。要求熟悉文档编写、问题排查、技术支持等相关技术，具备良好的沟通能力和团队协作精神。,杭州,150-500人,硕士,12641,22209
测试工程师,参与系统架构设计，优化系统性能，提升用户体验。要求熟悉测试、缺陷管理、性能测试等相关技术，具备良好的沟通能力和团队协作精神。,武汉,少于50人,硕士,9121,15132
Java后端开发,负责公司核心产品的开发与维护，参与技术方案设计。要求熟悉Spring、Redis、MySQL等相关技术，具备良好的沟通能力和团队协作精神。,广州,50-150人,大专,7064,12414
前端开发工程师,参与系统架构设计，优化系统性能，提升用户体验。要求熟悉Vue、TypeScript、JavaScript等相关技术，具备良好的沟通能力和团队协作精神。,武汉,50-150人,本科,7048,12216
市场经理,分析市场趋势和竞争对手，制定市场策略。要求熟悉市场营销、活动策划、品牌建设等相关技术，具备良好的沟通能力和团队协作精神。,南京,少于50人,大专,9101,15302
机器学习工程师,参与系统架构设计，优化系统性能，提升用户体验。要求熟悉特征工程、机器学习、模型调优等相关技术，具备良好的沟通能力和团队协作精神。,广州,500-1000人,硕士,14391,24458
Python开发工程师,参与系统架构设计，优化系统性能，提升用户体验。要求熟悉MySQL、FastAPI、Python等相关技术，具备良好的沟通能力和团队协作精神。,深圳,500-1000人,博士,15853,31693
市场经理,分析市场趋势和竞争对手，制定市场策略。要求熟悉渠道拓展、品牌建设、活动策划等相关技术，具备良好的沟通能力和团队协作精神。,武汉,150-500人,博士,17108,31796
销售代表,分析市场趋势和竞争对手，制定市场策略。要求熟悉商务谈判、客户关系、销售等相关技术，具备良好的沟通能力和团队协作精神。,西安,150-500人,硕士,10569,17392
市场经理,负责市场推广和品牌建设，拓展市场渠道。要求熟悉市场营销、品牌建设、活动策划等相关技术，具备良好的沟通能力和团队协作精神。,成都,50-150人,博士,19948,34723
运营专员,负责日常运营工作，提升用户活跃度和留存率。要求熟悉活动策划、数据分析、用户增长等相关技术，具备良好的沟通能力和团队协作精神。,南京,150-500人,硕士,6892,11832
数据科学家,设计和维护数据报表，监控业务指标变化。要求熟悉深度学习、机器学习、Python等相关技术，具备良好的沟通能力和团队协作精神。,天津,150-500人,本科,13731,24291
UI设计师,负责公司核心产品的开发与维护，参与技术方案设计。要求熟悉用户体验、Sketch、UI设计等相关技术，具备良好的沟通能力和团队协作精神。,重庆,1000人以上,本科,7588,12964
前端开发工程师,负责后端服务开发，确保代码质量和系统稳定性。要求熟悉Vue、TypeScript、CSS等相关技术，具备良好的沟通能力和团队协作精神。,苏州,50-150人,大专,5000,8931
运营专员,负责日常运营工作，提升用户活跃度和留存率。要求熟悉运营、数据分析、用户增长等相关技术，具备良好的沟通能力和团队协作精神。,成都,50-150人,大专,5000,7000
测试工程师,参与需求分析，提供技术解决方案，推动项目落地。要求熟悉自动化测试、测试、性能测试等相关技术，具备良好的沟通能力和团队协作精神。,重庆,500-1000人,硕士,9245,16567
运营专员,分析运营数据，优化运营策略和流程。要求熟悉活动策划、运营、数据分析等相关技术，具备良好的沟通能力和团队协作精神。,北京,50-150人,硕士,8391,14813
数据科学家,负责数据分析和挖掘，为业务决策提供数据支持。要求熟悉机器学习、PyTorch、TensorFlow等相关技术，具备良好的沟通能力和团队协作精神。,天津,150-500人,硕士,10770,17634
算法工程师,负责公司核心产品的开发与维护，参与技术方案设计。要求熟悉数据结构、算法、Python等相关技术，具备良好的沟通能力和团队协作精神。,杭州,少于50人,硕士,11737,19870
Java后端开发,参与需求分析，提供技术解决方案，推动项目落地。要求熟悉Redis、SpringBoot、Java等相关技术，具备良好的沟通能力和团队协作精神。,成都,50-150人,硕士,12573,19686
Python开发工程师,负责公司核心产品的开发与维护，参与技术方案设计。要求熟悉Django、Redis、MySQL等相关技术，具备良好的沟通能力和团队协作精神。,杭州,500-1000人,硕士,11488,22012
市场经理,负责市场推广和品牌建设，拓展市场渠道。要求熟悉市场营销、活动策划、渠道拓展等相关技术，具备良好的沟通能力和团队协作精神。,杭州,500-1000人,大专,15470,25185
运营专员,分析运营数据，优化运营策略和流程。要求熟悉数据分析、活动策划、运营等相关技术，具备良好的沟通能力和团队协作精神。,天津,50-150人,硕士,7366,11714
机器学习工程师,参与系统架构设计，优化系统性能，提升用户体验。要求熟悉模型调优、机器学习、特征工程等相关技术，具备良好的沟通能力和团队协作精神。,广州,1000人以上,博士,18687,33893
前端开发工程师,负责后端服务开发，确保代码质量和系统稳定性。要求熟悉React、JavaScript、HTML等相关技术，具备良好的沟通能力和团队协作精神。,深圳,500-1000人,本科,12435,21235
数据分析师,设计和维护数据报表，监控业务指标变化。要求熟悉Excel、SQL、Tableau等相关技术，具备良好的沟通能力和团队协作精神。,北京,50-150人,大专,10037,16360
Java后端开发,负责公司核心产品的开发与维护，参与技术方案设计。要求熟悉Spring、Redis、Java等相关技术，具备良好的沟通能力和团队协作精神。,上海,150-500人,硕士,15013,25663
架构师,参与需求分析，提供技术解决方案，推动项目落地。要求熟悉微服务、技术选型、性能优化等相关技术，具备良好的沟通能力和团队协作精神。,南京,1000人以上,大专,9677,15513
数据科学家,设计和维护数据报表，监控业务指标变化。要求熟悉PyTorch、Python、深度学习等相关技术，具备良好的沟通能力和团队协作精神。,广州,少于50人,大专,15344,24320
数据分析师,构建机器学习模型，解决实际业务问题。要求熟悉Tableau、Excel、SQL等相关技术，具备良好的沟通能力和团队协作精神。,上海,50-150人,本科,13998,21781
UI设计师,参与需求分析，提供技术解决方案，推动项目落地。要求熟悉用户体验、UI设计、Figma等相关技术，具备良好的沟通能力和团队协作精神。,深圳,50-150人,博士,18561,30531
前端开发工程师,参与系统架构设计，优化系统性能，提升用户体验。要求熟悉CSS、HTML、JavaScript等相关技术，具备良好的沟通能力和团队协作精神。,西安,少于50人,大专,5000,7482
技术支持工程师,负责后端服务开发，确保代码质量和系统稳定性。要求熟悉技术支持、问题排查、文档编写等相关技术，具备良好的沟通能力和团队协作精神。,上海,1000人以上,博士,23638,41333
全栈开发工程师,负责公司核心产品的开发与维护，参与技术方案设计。要求熟悉React、Node.js、MongoDB等相关技术，具备良好的沟通能力和团队协作精神。,广州,50-150人,本科,10709,17397
项目经理,参与需求分析，提供技术解决方案，推动项目落地。要求熟悉项目管理、进度控制、团队协调等相关技术，具备良好的沟通能力和团队协作精神。,成都,500-1000人,大专,8277,15880
人力资源专员,参与需求分析，提供技术解决方案，推动项目落地。要求熟悉绩效考核、员工关系、招聘等相关技术，具备良好的沟通能力和团队协作精神。,成都,少于50人,博士,7099,12607
销售代表,负责市场推广和品牌建设，拓展市场渠道。要求熟悉销售、客户关系、业绩目标等相关技术，具备良好的沟通能力和团队协作精神。,天津,500-1000人,本科,8665,14860
全栈开发工程师,参与需求分析，提供技术解决方案，推动项目落地。要求熟悉MongoDB、JavaScript、MySQL等相关技术，具备良好的沟通能力和团队协作精神。,武汉,少于50人,本科,5504,10128
Java后端开发,参与系统架构设计，优化系统性能，提升用户体验。要求熟悉Redis、Dubbo、MySQL等相关技术，具备良好的沟通能力和团队协作精神。,成都,500-1000人,大专,6216,11285
机器学习工程师,参与需求分析，提供技术解决方案，推动项目落地。要求熟悉Python、模型调优、机器学习等相关技术，具备良好的沟通能力和团队协作精神。,北京,500-1000人,博士,21342,37816
技术支持工程师,参与需求分析，提供技术解决方案，推动项目落地。要求熟悉文档编写、客户沟通、技术支持等相关技术，具备良好的沟通能力和团队协作精神。,苏州,150-500人,博士,11859,22457
数据分析师,负责数据分析和挖掘，为业务决策提供数据支持。要求熟悉SQL、Tableau、统计学等相关技术，具备良好的沟通能力和团队协作精神。,广州,50-150人,博士,17749,29787
市场经理,分析市场趋势和竞争对手，制定市场策略。要求熟悉活动策划、市场营销、品牌建设等相关技术，具备良好的沟通能力和团队协作精神。,南京,少于50人,大专,9345,15546
Java后端开发,参与系统架构设计，优化系统性能，提升用户体验。要求熟悉Spring、Dubbo、SpringBoot等相关技术，具备良好的沟通能力和团队协作精神。,南京,500-1000人,本科,7556,14244
机器学习工程师,参与需求分析，提供技术解决方案，推动项目落地。要求熟悉特征工程、机器学习、Python等相关技术，具备良好的沟通能力和团队协作精神。,北京,500-1000人,硕士,12794,24692
技术支持工程师,参与需求分析，提供技术解决方案，推动项目落地。要求熟悉客户沟通、文档编写、技术支持等相关技术，具备良好的沟通能力和团队协作精神。,重庆,50-150人,本科,6113,10977
项目经理,负责后端服务开发，确保代码质量和系统稳定性。要求熟悉进度控制、团队协调、风险控制等相关技术，具备良好的沟通能力和团队协作精神。,西安,50-150人,本科,11309,18787
架构师,负责后端服务开发，确保代码质量和系统稳定性。要求熟悉系统架构、微服务、性能优化等相关技术，具备良好的沟通能力和团队协作精神。,成都,150-500人,硕士,10019,17507
项目经理,负责后端服务开发，确保代码质量和系统稳定性。要求熟悉进度控制、项目管理、风险控制等相关技术，具备良好的沟通能力和团队协作精神。,武汉,少于50人,本科,8932,15868
测试工程师,参与需求分析，提供技术解决方案，推动项目落地。要求熟悉自动化测试、缺陷管理、测试等相关技术，具备良好的沟通能力和团队协作精神。,南京,1000人以上,本科,10092,17388
数据分析师,负责数据分析和挖掘，为业务决策提供数据支持。要求熟悉Python、Excel、Tableau等相关技术，具备良好的沟通能力和团队协作精神。,广州,1000人以上,大专,8823,15582
产品经理,协调研发、设计、运营团队，确保产品按时交付。要求熟悉用户研究、Axure、数据分析等相关技术，具备良好的沟通能力和团队协作精神。,西安,150-500人,硕士,15020,25254
财务分析师,负责公司核心产品的开发与维护，参与技术方案设计。要求熟悉财务报表、财务分析、预算编制等相关技术，具备良好的沟通能力和团队协作精神。,天津,500-1000人,硕士,14266,22320
前端开发工程师,参与系统架构设计，优化系统性能，提升用户体验。要求熟悉JavaScript、TypeScript、Vue等相关技术，具备良好的沟通能力和团队协作精神。,深圳,少于50人,博士,15890,28130
销售代表,策划营销活动，提升产品知名度和市场份额。要求熟悉业绩目标、销售、商务谈判等相关技术，具备良好的沟通能力和团队协作精神。,深圳,1000人以上,博士,27019,44299
产品经理,负责产品规划和设计，推动产品迭代优化。要求熟悉数据分析、产品设计、用户研究等相关技术，具备良好的沟通能力和团队协作精神。,成都,1000人以上,硕士,15683,29161
产品经理,协调研发、设计、运营团队，确保产品按时交付。要求熟悉需求分析、产品设计、Axure等相关技术，具备良好的沟通能力和团队协作精神。,杭州,少于50人,硕士,19353,31553
运营专员,负责日常运营工作，提升用户活跃度和留存率。要求熟悉运营、活动策划、数据分析等相关技术，具备良好的沟通能力和团队协作精神。,天津,50-150人,博士,9214,15233
全栈开发工程师,负责公司核心产品的开发与维护，参与技术方案设计。要求熟悉React、MySQL、JavaScript等相关技术，具备良好的沟通能力和团队协作精神。,上海,150-500人,博士,19344,34090
前端开发工程师,参与需求分析，提供技术解决方案，推动项目落地。要求熟悉CSS、JavaScript、Vue等相关技术，具备良好的沟通能力和团队协作精神。,南京,1000人以上,本科,10004,17300
市场经理,策划营销活动，提升产品知名度和市场份额。要求熟悉渠道拓展、市场营销、品牌建设等相关技术，具备良好的沟通能力和团队协作精神。,成都,150-500人,博士,21071,36623
运维工程师,参与系统架构设计，优化系统性能，提升用户体验。要求熟悉K8s、监控、运维等相关技术，具备良好的沟通能力和团队协作精神。,广州,500-1000人,硕士,16145,26213
产品经理,分析用户需求和市场动态，制定产品发展策略。要求熟悉Axure、数据分析、需求分析等相关技术，具备良好的沟通能力和团队协作精神。,北京,50-150人,硕士,18081,33493
市场经理,策划营销活动，提升产品知名度和市场份额。要求熟悉市场营销、活动策划、渠道拓展等相关技术，具备良好的沟通能力和团队协作精神。,苏州,150-500人,博士,19586,35483
Python开发工程师,参与系统架构设计，优化系统性能，提升用户体验。要求熟悉Django、FastAPI、Redis等相关技术，具备良好的沟通能力和团队协作精神。,上海,少于50人,博士,19669,32203
算法工程师,负责后端服务开发，确保代码质量和系统稳定性。要求熟悉数据结构、算法、Python等相关技术，具备良好的沟通能力和团队协作精神。,南京,500-1000人,博士,15208,27246
UI设计师,参与系统架构设计，优化系统性能，提升用户体验。要求熟悉交互设计、Sketch、用户体验等相关技术，具备良好的沟通能力和团队协作精神。,天津,50-150人,博士,15470,23897
Java后端开发,负责公司核心产品的开发与维护，参与技术方案设计。要求熟悉Redis、Spring、SpringBoot等相关技术，具备良好的沟通能力和团队协作精神。,苏州,150-500人,博士,17949,28548
Python开发工程师,参与需求分析，提供技术解决方案，推动项目落地。要求熟悉Redis、Flask、Python等相关技术，具备良好的沟通能力和团队协作精神。,天津,1000人以上,大专,7026,12433
架构师,参与需求分析，提供技术解决方案，推动项目落地。要求熟悉性能优化、系统架构、微服务等相关技术，具备良好的沟通能力和团队协作精神。,上海,少于50人,本科,10463,17427
产品经理,负责产品规划和设计，推动产品迭代优化。要求熟悉用户研究、数据分析、产品设计等相关技术，具备良好的沟通能力和团队协作精神。,南京,150-500人,硕士,13737,25593
Python开发工程师,参与需求分析，提供技术解决方案，推动项目落地。要求熟悉MySQL、Flask、Redis等相关技术，具备良好的沟通能力和团队协作精神。,天津,500-1000人,本科,9395,15590
全栈开发工程师,负责后端服务开发，确保代码质量和系统稳定性。要求熟悉Node.js、MySQL、React等相关技术，具备良好的沟通能力和团队协作精神。,杭州,50-150人,硕士,12838,21927
项目经理,负责公司核心产品的开发与维护，参与技术方案设计。要求熟悉风险控制、团队协调、进度控制等相关技术，具备良好的沟通能力和团队协作精神。,成都,150-500人,本科,12646,21286
财务分析师,参与系统架构设计，优化系统性能，提升用户体验。要求熟悉财务分析、财务报表、Excel等相关技术，具备良好的沟通能力和团队协作精神。,深圳,500-1000人,硕士,17689,29129
财务分析师,参与系统架构设计，优化系统性能，提升用户体验。要求熟悉Excel、预算编制、财务报表等相关技术，具备良好的沟通能力和团队协作精神。,天津,少于50人,博士,11410,20027
项目经理,参与系统架构设计，优化系统性能，提升用户体验。要求熟悉进度控制、风险控制、项目管理等相关技术，具备良好的沟通能力和团队协作精神。,重庆,150-500人,硕士,14670,24654
财务分析师,参与系统架构设计，优化系统性能，提升用户体验。要求熟悉财务报表、预算编制、Excel等相关技术，具备良好的沟通能力和团队协作精神。,天津,50-150人,本科,6613,11964
前端开发工程师,负责公司核心产品的开发与维护，参与技术方案设计。要求熟悉TypeScript、JavaScript、CSS等相关技术，具备良好的沟通能力和团队协作精神。,重庆,少于50人,大专,5000,8061
架构师,负责后端服务开发，确保代码质量和系统稳定性。要求熟悉微服务、技术选型、系统架构等相关技术，具备良好的沟通能力和团队协作精神。,上海,50-150人,硕士,15696,25813
算法工程师,负责后端服务开发，确保代码质量和系统稳定性。要求熟悉算法、Python、深度学习等相关技术，具备良好的沟通能力和团队协作精神。,北京,150-500人,硕士,15261,26077
算法工程师,参与系统架构设计，优化系统性能，提升用户体验。要求熟悉数据结构、机器学习、算法等相关技术，具备良好的沟通能力和团队协作精神。,成都,150-500人,本科,10024,15784
架构师,参与需求分析，提供技术解决方案，推动项目落地。要求熟悉系统架构、性能优化、微服务等相关技术，具备良好的沟通能力和团队协作精神。,西安,150-500人,博士,14804,24250
Java后端开发,参与需求分析，提供技术解决方案，推动项目落地。要求熟悉SpringBoot、MySQL、Redis等相关技术，具备良好的沟通能力和团队协作精神。,深圳,500-1000人,硕士,14327,25767
全栈开发工程师,负责公司核心产品的开发与维护，参与技术方案设计。要求熟悉MongoDB、MySQL、JavaScript等相关技术，具备良好的沟通能力和团队协作精神。,上海,150-500人,本科,11305,19497
运维工程师,负责公司核心产品的开发与维护，参与技术方案设计。要求熟悉K8s、运维、监控等相关技术，具备良好的沟通能力和团队协作精神。,苏州,150-500人,大专,6434,11145
财务分析师,参与需求分析，提供技术解决方案，推动项目落地。要求熟悉Excel、预算编制、财务报表等相关技术，具备良好的沟通能力和团队协作精神。,上海,少于50人,硕士,12142,21194
前端开发工程师,负责公司核心产品的开发与维护，参与技术方案设计。要求熟悉HTML、TypeScript、Vue等相关技术，具备良好的沟通能力和团队协作精神。,上海,1000人以上,本科,11783,21613
运营专员,负责日常运营工作，提升用户活跃度和留存率。要求熟悉数据分析、用户增长、运营等相关技术，具备良好的沟通能力和团队协作精神。,深圳,150-500人,博士,12490,21490
算法工程师,参与需求分析，提供技术解决方案，推动项目落地。要求熟悉机器学习、算法、深度学习等相关技术，具备良好的沟通能力和团队协作精神。,西安,500-1000人,硕士,7453,14958
测试工程师,参与系统架构设计，优化系统性能，提升用户体验。要求熟悉性能测试、测试、缺陷管理等相关技术，具备良好的沟通能力和团队协作精神。,南京,1000人以上,大专,8077,13914
市场经理,分析市场趋势和竞争对手，制定市场策略。要求熟悉市场营销、渠道拓展、活动策划等相关技术，具备良好的沟通能力和团队协作精神。,上海,50-150人,大专,12404,21743
数据科学家,设计和维护数据报表，监控业务指标变化。要求熟悉TensorFlow、PyTorch、机器学习等相关技术，具备良好的沟通能力和团队协作精神。,武汉,500-1000人,大专,11083,20059
Python开发工程师,负责后端服务开发，确保代码质量和系统稳定性。要求熟悉Redis、Django、MySQL等相关技术，具备良好的沟通能力和团队协作精神。,深圳,1000人以上,博士,25069,42349
项目经理,负责公司核心产品的开发与维护，参与技术方案设计。要求熟悉风险控制、进度控制、团队协调等相关技术，具备良好的沟通能力和团队协作精神。,重庆,150-500人,博士,20863,34687
运维工程师,负责公司核心产品的开发与维护，参与技术方案设计。要求熟悉Linux、K8s、运维等相关技术，具备良好的沟通能力和团队协作精神。,深圳,少于50人,大专,7711,13151
项目经理,参与系统架构设计，优化系统性能，提升用户体验。要求熟悉风险控制、团队协调、项目管理等相关技术，具备良好的沟通能力和团队协作精神。,北京,500-1000人,大专,14433,25415
运维工程师,参与需求分析，提供技术解决方案，推动项目落地。要求熟悉监控、Linux、运维等相关技术，具备良好的沟通能力和团队协作精神。,重庆,1000人以上,博士,16432,27492
Java后端开发,负责后端服务开发，确保代码质量和系统稳定性。要求熟悉Redis、SpringBoot、Spring等相关技术，具备良好的沟通能力和团队协作精神。,西安,少于50人,本科,6702,11163
财务分析师,参与需求分析，提供技术解决方案，推动项目落地。要求熟悉预算编制、Excel、财务报表等相关技术，具备良好的沟通能力和团队协作精神。,西安,150-500人,博士,16576,26022
销售代表,分析市场趋势和竞争对手，制定市场策略。要求熟悉商务谈判、客户关系、业绩目标等相关技术，具备良好的沟通能力和团队协作精神。,北京,500-1000人,硕士,14519,26417
市场经理,策划营销活动，提升产品知名度和市场份额。要求熟悉活动策划、品牌建设、渠道拓展等相关技术，具备良好的沟通能力和团队协作精神。,西安,50-150人,博士,19207,32668
前端开发工程师,负责公司核心产品的开发与维护，参与技术方案设计。要求熟悉TypeScript、HTML、Vue等相关技术，具备良好的沟通能力和团队协作精神。,苏州,1000人以上,本科,11298,18364
测试工程师,负责公司核心产品的开发与维护，参与技术方案设计。要求熟悉测试、缺陷管理、自动化测试等相关技术，具备良好的沟通能力和团队协作精神。,西安,1000人以上,硕士,10341,18527
市场经理,负责市场推广和品牌建设，拓展市场渠道。要求熟悉活动策划、市场营销、品牌建设等相关技术，具备良好的沟通能力和团队协作精神。,深圳,50-150人,大专,16127,25247
技术支持工程师,参与系统架构设计，优化系统性能，提升用户体验。要求熟悉文档编写、客户沟通、问题排查等相关技术，具备良好的沟通能力和团队协作精神。,广州,少于50人,本科,7638,13622
销售代表,负责市场推广和品牌建设，拓展市场渠道。要求熟悉客户关系、销售、商务谈判等相关技术，具备良好的沟通能力和团队协作精神。,深圳,150-500人,博士,19887,34287
UI设计师,参与系统架构设计，优化系统性能，提升用户体验。要求熟悉Sketch、UI设计、Figma等相关技术，具备良好的沟通能力和团队协作精神。,杭州,少于50人,博士,14767,24620
运维工程师,负责后端服务开发，确保代码质量和系统稳定性。要求熟悉K8s、监控、Docker等相关技术，具备良好的沟通能力和团队协作精神。,成都,50-150人,本科,7753,13225
测试工程师,负责后端服务开发，确保代码质量和系统稳定性。要求熟悉自动化测试、缺陷管理、测试等相关技术，具备良好的沟通能力和团队协作精神。,成都,少于50人,本科,5132,10028
Java后端开发,参与需求分析，提供技术解决方案，推动项目落地。要求熟悉Dubbo、MySQL、Spring等相关技术，具备良好的沟通能力和团队协作精神。,天津,150-500人,本科,7167,12799
机器学习工程师,参与系统架构设计，优化系统性能，提升用户体验。要求熟悉机器学习、模型调优、Python等相关技术，具备良好的沟通能力和团队协作精神。,深圳,500-1000人,博士,18536,34376
数据分析师,负责数据分析和挖掘，为业务决策提供数据支持。要求熟悉统计学、Excel、Tableau等相关技术，具备良好的沟通能力和团队协作精神。,南京,150-500人,博士,18792,29736
数据分析师,负责数据分析和挖掘，为业务决策提供数据支持。要求熟悉Python、Excel、SQL等相关技术，具备良好的沟通能力和团队协作精神。,广州,500-1000人,本科,14752,22496
Java后端开发,负责公司核心产品的开发与维护，参与技术方案设计。要求熟悉Java、Redis、SpringBoot等相关技术，具备良好的沟通能力和团队协作精神。,广州,50-150人,博士,18010,30049
数据分析师,负责数据分析和挖掘，为业务决策提供数据支持。要求熟悉Excel、Tableau、SQL等相关技术，具备良好的沟通能力和团队协作精神。,重庆,50-150人,硕士,7389,13713
产品经理,负责产品规划和设计，推动产品迭代优化。要求熟悉产品设计、需求分析、Axure等相关技术，具备良好的沟通能力和团队协作精神。,广州,50-150人,本科,17635,27667
产品经理,负责产品规划和设计，推动产品迭代优化。要求熟悉Axure、用户研究、数据分析等相关技术，具备良好的沟通能力和团队协作精神。,成都,500-1000人,大专,10875,18478
Python开发工程师,参与需求分析，提供技术解决方案，推动项目落地。要求熟悉Python、MySQL、Flask等相关技术，具备良好的沟通能力和团队协作精神。,杭州,500-1000人,本科,9953,18049
全栈开发工程师,负责公司核心产品的开发与维护，参与技术方案设计。要求熟悉MySQL、Node.js、React等相关技术，具备良好的沟通能力和团队协作精神。,西安,500-1000人,博士,14593,24984
销售代表,负责市场推广和品牌建设，拓展市场渠道。要求熟悉商务谈判、客户关系、销售等相关技术，具备良好的沟通能力和团队协作精神。,杭州,150-500人,本科,10363,17723
UI设计师,负责后端服务开发，确保代码质量和系统稳定性。要求熟悉UI设计、Sketch、交互设计等相关技术，具备良好的沟通能力和团队协作精神。,苏州,50-150人,博士,13214,22024
数据分析师,设计和维护数据报表，监控业务指标变化。要求熟悉统计学、Tableau、Python等相关技术，具备良好的沟通能力和团队协作精神。,重庆,500-1000人,本科,9747,15379
运维工程师,负责后端服务开发，确保代码质量和系统稳定性。要求熟悉Linux、监控、Docker等相关技术，具备良好的沟通能力和团队协作精神。,成都,1000人以上,本科,8716,15628
项目经理,参与需求分析，提供技术解决方案，推动项目落地。要求熟悉进度控制、团队协调、项目管理等相关技术，具备良好的沟通能力和团队协作精神。,北京,50-150人,博士,27725,49066
前端开发工程师,参与系统架构设计，优化系统性能，提升用户体验。要求熟悉React、JavaScript、Vue等相关技术，具备良好的沟通能力和团队协作精神。,天津,150-500人,大专,5615,10121
项目经理,负责后端服务开发，确保代码质量和系统稳定性。要求熟悉项目管理、团队协调、风险控制等相关技术，具备良好的沟通能力和团队协作精神。,重庆,500-1000人,硕士,12150,23133
数据分析师,构建机器学习模型，解决实际业务问题。要求熟悉Tableau、统计学、Python等相关技术，具备良好的沟通能力和团队协作精神。,成都,少于50人,博士,15152,23965
Java后端开发,负责后端服务开发，确保代码质量和系统稳定性。要求熟悉MySQL、Dubbo、Redis等相关技术，具备良好的沟通能力和团队协作精神。,武汉,500-1000人,本科,8884,14868
前端开发工程师,参与系统架构设计，优化系统性能，提升用户体验。要求熟悉React、HTML、Vue等相关技术，具备良好的沟通能力和团队协作精神。,杭州,1000人以上,博士,23393,39291
技术支持工程师,负责后端服务开发，确保代码质量和系统稳定性。要求熟悉问题排查、文档编写、技术支持等相关技术，具备良好的沟通能力和团队协作精神。,上海,少于50人,本科,10644,17608
测试工程师,负责公司核心产品的开发与维护，参与技术方案设计。要求熟悉性能测试、自动化测试、缺陷管理等相关技术，具备良好的沟通能力和团队协作精神。,武汉,50-150人,本科,7420,12588
算法工程师,参与系统架构设计，优化系统性能，提升用户体验。要求熟悉深度学习、机器学习、算法等相关技术，具备良好的沟通能力和团队协作精神。,重庆,500-1000人,硕士,9335,16657
技术支持工程师,负责后端服务开发，确保代码质量和系统稳定性。要求熟悉技术支持、文档编写、问题排查等相关技术，具备良好的沟通能力和团队协作精神。,苏州,150-500人,硕士,11729,19384
市场经理,策划营销活动，提升产品知名度和市场份额。要求熟悉活动策划、渠道拓展、品牌建设等相关技术，具备良好的沟通能力和团队协作精神。,天津,150-500人,博士,17038,32244
机器学习工程师,参与需求分析，提供技术解决方案，推动项目落地。要求熟悉机器学习、Python、特征工程等相关技术，具备良好的沟通能力和团队协作精神。,上海,500-1000人,大专,8694,15903
数据分析师,设计和维护数据报表，监控业务指标变化。要求熟悉Excel、Tableau、SQL等相关技术，具备良好的沟通能力和团队协作精神。,天津,少于50人,大专,5654,9484
人力资源专员,参与系统架构设计，优化系统性能，提升用户体验。要求熟悉绩效考核、员工关系、培训等相关技术，具备良好的沟通能力和团队协作精神。,重庆,500-1000人,本科,6040,9560
UI设计师,参与系统架构设计，优化系统性能，提升用户体验。要求熟悉Sketch、用户体验、Figma等相关技术，具备良好的沟通能力和团队协作精神。,广州,50-150人,本科,10796,16648
项目经理,参与需求分析，提供技术解决方案，推动项目落地。要求熟悉风险控制、项目管理、团队协调等相关技术，具备良好的沟通能力和团队协作精神。,广州,1000人以上,大专,14865,25003
项目经理,负责后端服务开发，确保代码质量和系统稳定性。要求熟悉风险控制、进度控制、项目管理等相关技术，具备良好的沟通能力和团队协作精神。,上海,少于50人,大专,13168,21524
UI设计师,负责后端服务开发，确保代码质量和系统稳定性。要求熟悉Sketch、用户体验、交互设计等相关技术，具备良好的沟通能力和团队协作精神。,广州,50-150人,博士,15320,25854
项目经理,负责后端服务开发，确保代码质量和系统稳定性。要求熟悉团队协调、风险控制、进度控制等相关技术，具备良好的沟通能力和团队协作精神。,重庆,50-150人,博士,18915,32048
前端开发工程师,负责公司核心产品的开发与维护，参与技术方案设计。要求熟悉HTML、React、TypeScript等相关技术，具备良好的沟通能力和团队协作精神。,西安,500-1000人,大专,6241,10859
全栈开发工程师,负责公司核心产品的开发与维护，参与技术方案设计。要求熟悉JavaScript、Node.js、React等相关技术，具备良好的沟通能力和团队协作精神。,武汉,150-500人,硕士,10846,17918
测试工程师,参与需求分析，提供技术解决方案，推动项目落地。要求熟悉性能测试、自动化测试、缺陷管理等相关技术，具备良好的沟通能力和团队协作精神。,广州,150-500人,博士,17150,29822
机器学习工程师,负责公司核心产品的开发与维护，参与技术方案设计。要求熟悉特征工程、Python、模型调优等相关技术，具备良好的沟通能力和团队协作精神。,天津,50-150人,博士,12547,22177
市场经理,负责市场推广和品牌建设，拓展市场渠道。要求熟悉品牌建设、活动策划、渠道拓展等相关技术，具备良好的沟通能力和团队协作精神。,武汉,500-1000人,硕士,17228,28896
UI设计师,参与需求分析，提供技术解决方案，推动项目落地。要求熟悉Sketch、Figma、用户体验等相关技术，具备良好的沟通能力和团队协作精神。,西安,少于50人,本科,7145,11048
销售代表,分析市场趋势和竞争对手，制定市场策略。要求熟悉商务谈判、业绩目标、销售等相关技术，具备良好的沟通能力和团队协作精神。,北京,1000人以上,博士,22458,40429
运维工程师,负责后端服务开发，确保代码质量和系统稳定性。要求熟悉运维、Linux、监控等相关技术，具备良好的沟通能力和团队协作精神。,北京,500-1000人,本科,12479,21631
Java后端开发,负责后端服务开发，确保代码质量和系统稳定性。要求熟悉MySQL、Redis、Spring等相关技术，具备良好的沟通能力和团队协作精神。,南京,1000人以上,博士,15451,28584
产品经理,协调研发、设计、运营团队，确保产品按时交付。要求熟悉Axure、用户研究、数据分析等相关技术，具备良好的沟通能力和团队协作精神。,广州,150-500人,本科,9573,20133
市场经理,负责市场推广和品牌建设，拓展市场渠道。要求熟悉渠道拓展、品牌建设、市场营销等相关技术，具备良好的沟通能力和团队协作精神。,深圳,少于50人,本科,14408,24608
算法工程师,负责公司核心产品的开发与维护，参与技术方案设计。要求熟悉深度学习、算法、机器学习等相关技术，具备良好的沟通能力和团队协作精神。,南京,500-1000人,大专,7967,13318
市场经理,策划营销活动，提升产品知名度和市场份额。要求熟悉活动策划、市场营销、品牌建设等相关技术，具备良好的沟通能力和团队协作精神。,杭州,500-1000人,硕士,22483,38270
项目经理,参与需求分析，提供技术解决方案，推动项目落地。要求熟悉团队协调、进度控制、风险控制等相关技术，具备良好的沟通能力和团队协作精神。,北京,50-150人,博士,21542,42883
UI设计师,负责公司核心产品的开发与维护，参与技术方案设计。要求熟悉用户体验、UI设计、交互设计等相关技术，具备良好的沟通能力和团队协作精神。,武汉,1000人以上,大专,7163,11733
数据科学家,负责数据分析和挖掘，为业务决策提供数据支持。要求熟悉PyTorch、TensorFlow、深度学习等相关技术，具备良好的沟通能力和团队协作精神。,上海,150-500人,大专,13777,26065
市场经理,分析市场趋势和竞争对手，制定市场策略。要求熟悉市场营销、渠道拓展、活动策划等相关技术，具备良好的沟通能力和团队协作精神。,成都,1000人以上,博士,30453,49116
Java后端开发,参与系统架构设计，优化系统性能，提升用户体验。要求熟悉Spring、Dubbo、SpringBoot等相关技术，具备良好的沟通能力和团队协作精神。,杭州,少于50人,硕士,9526,17659
数据分析师,负责数据分析和挖掘，为业务决策提供数据支持。要求熟悉SQL、Excel、Python等相关技术，具备良好的沟通能力和团队协作精神。,南京,500-1000人,博士,23620,35659
市场经理,负责市场推广和品牌建设，拓展市场渠道。要求熟悉渠道拓展、品牌建设、市场营销等相关技术，具备良好的沟通能力和团队协作精神。,成都,少于50人,大专,9120,14995
运维工程师,负责公司核心产品的开发与维护，参与技术方案设计。要求熟悉Linux、Docker、监控等相关技术，具备良好的沟通能力和团队协作精神。,北京,少于50人,大专,6823,12481
UI设计师,负责后端服务开发，确保代码质量和系统稳定性。要求熟悉交互设计、UI设计、Figma等相关技术，具备良好的沟通能力和团队协作精神。,上海,1000人以上,大专,9634,16515
前端开发工程师,参与系统架构设计，优化系统性能，提升用户体验。要求熟悉TypeScript、Vue、JavaScript等相关技术，具备良好的沟通能力和团队协作精神。,苏州,150-500人,大专,6786,11496
销售代表,分析市场趋势和竞争对手，制定市场策略。要求熟悉客户关系、商务谈判、业绩目标等相关技术，具备良好的沟通能力和团队协作精神。,成都,少于50人,大专,5000,8682
架构师,参与需求分析，提供技术解决方案，推动项目落地。要求熟悉系统架构、技术选型、微服务等相关技术，具备良好的沟通能力和团队协作精神。,西安,少于50人,博士,11194,19224
架构师,参与系统架构设计，优化系统性能，提升用户体验。要求熟悉技术选型、性能优化、微服务等相关技术，具备良好的沟通能力和团队协作精神。,北京,150-500人,本科,10686,19006
Python开发工程师,负责公司核心产品的开发与维护，参与技术方案设计。要求熟悉Django、MySQL、Redis等相关技术，具备良好的沟通能力和团队协作精神。,西安,少于50人,博士,8358,16388
机器学习工程师,负责后端服务开发，确保代码质量和系统稳定性。要求熟悉特征工程、Python、模型调优等相关技术，具备良好的沟通能力和团队协作精神。,深圳,少于50人,本科,6506,13306
Java后端开发,负责公司核心产品的开发与维护，参与技术方案设计。要求熟悉Spring、MySQL、Java等相关技术，具备良好的沟通能力和团队协作精神。,苏州,150-500人,大专,6677,11387
测试工程师,参与需求分析，提供技术解决方案，推动项目落地。要求熟悉自动化测试、性能测试、缺陷管理等相关技术，具备良好的沟通能力和团队协作精神。,西安,150-500人,硕士,8662,15484
产品经理,协调研发、设计、运营团队，确保产品按时交付。要求熟悉产品设计、数据分析、Axure等相关技术，具备良好的沟通能力和团队协作精神。,南京,少于50人,博士,53217,95076
数据科学家,设计和维护数据报表，监控业务指标变化。要求熟悉机器学习、Python、PyTorch等相关技术，具备良好的沟通能力和团队协作精神。,武汉,50-150人,大专,13397,21149
项目经理,负责后端服务开发，确保代码质量和系统稳定性。要求熟悉风险控制、团队协调、项目管理等相关技术，具备良好的沟通能力和团队协作精神。,成都,少于50人,博士,21084,34304
数据科学家,负责数据分析和挖掘，为业务决策提供数据支持。要求熟悉Python、PyTorch、TensorFlow等相关技术，具备良好的沟通能力和团队协作精神。,上海,少于50人,博士,35875,59376
数据分析师,负责数据分析和挖掘，为业务决策提供数据支持。要求熟悉SQL、Excel、Tableau等相关技术，具备良好的沟通能力和团队协作精神。,重庆,50-150人,本科,7845,12709
销售代表,分析市场趋势和竞争对手，制定市场策略。要求熟悉客户关系、销售、业绩目标等相关技术，具备良好的沟通能力和团队协作精神。,苏州,1000人以上,博士,18680,31398
数据分析师,设计和维护数据报表，监控业务指标变化。要求熟悉Python、Tableau、统计学等相关技术，具备良好的沟通能力和团队协作精神。,广州,少于50人,硕士,10818,18597
运维工程师,负责公司核心产品的开发与维护，参与技术方案设计。要求熟悉监控、K8s、Docker等相关技术，具备良好的沟通能力和团队协作精神。,天津,1000人以上,大专,7660,13067
全栈开发工程师,负责后端服务开发，确保代码质量和系统稳定性。要求熟悉Node.js、JavaScript、React等相关技术，具备良好的沟通能力和团队协作精神。,苏州,500-1000人,大专,7660,12842
数据科学家,负责数据分析和挖掘，为业务决策提供数据支持。要求熟悉机器学习、TensorFlow、Python等相关技术，具备良好的沟通能力和团队协作精神。,上海,少于50人,本科,22522,35578
运维工程师,负责公司核心产品的开发与维护，参与技术方案设计。要求熟悉监控、运维、Linux等相关技术，具备良好的沟通能力和团队协作精神。,上海,500-1000人,硕士,11853,23568
产品经理,分析用户需求和市场动态，制定产品发展策略。要求熟悉产品设计、用户研究、数据分析等相关技术，具备良好的沟通能力和团队协作精神。,天津,500-1000人,大专,9160,16595
产品经理,协调研发、设计、运营团队，确保产品按时交付。要求熟悉用户研究、Axure、需求分析等相关技术，具备良好的沟通能力和团队协作精神。,北京,1000人以上,本科,18125,33101
产品经理,协调研发、设计、运营团队，确保产品按时交付。要求熟悉产品设计、Axure、用户研究等相关技术，具备良好的沟通能力和团队协作精神。,苏州,150-500人,大专,9847,16913
Java后端开发,负责后端服务开发，确保代码质量和系统稳定性。要求熟悉SpringBoot、MySQL、Redis等相关技术，具备良好的沟通能力和团队协作精神。,武汉,50-150人,博士,34072,57327
技术支持工程师,负责公司核心产品的开发与维护，参与技术方案设计。要求熟悉文档编写、问题排查、技术支持等相关技术，具备良好的沟通能力和团队协作精神。,南京,50-150人,硕士,12431,19940
技术支持工程师,参与系统架构设计，优化系统性能，提升用户体验。要求熟悉技术支持、问题排查、客户沟通等相关技术，具备良好的沟通能力和团队协作精神。,杭州,少于50人,硕士,10427,18560
UI设计师,参与系统架构设计，优化系统性能，提升用户体验。要求熟悉Sketch、Figma、交互设计等相关技术，具备良好的沟通能力和团队协作精神。,重庆,500-1000人,博士,13627,22497
架构师,参与需求分析，提供技术解决方案，推动项目落地。要求熟悉系统架构、性能优化、技术选型等相关技术，具备良好的沟通能力和团队协作精神。,杭州,500-1000人,博士,23178,37751
机器学习工程师,负责后端服务开发，确保代码质量和系统稳定性。要求熟悉模型调优、Python、机器学习等相关技术，具备良好的沟通能力和团队协作精神。,北京,少于50人,博士,18211,30940
全栈开发工程师,负责后端服务开发，确保代码质量和系统稳定性。要求熟悉MongoDB、JavaScript、MySQL等相关技术，具备良好的沟通能力和团队协作精神。,西安,150-500人,博士,15234,24680
人力资源专员,参与需求分析，提供技术解决方案，推动项目落地。要求熟悉招聘、员工关系、培训等相关技术，具备良好的沟通能力和团队协作精神。,深圳,1000人以上,博士,16823,27623
人力资源专员,参与需求分析，提供技术解决方案，推动项目落地。要求熟悉招聘、员工关系、培训等相关技术，具备良好的沟通能力和团队协作精神。,深圳,1000人以上,博士,13700,24500
技术支持工程师,参与需求分析，提供技术解决方案，推动项目落地。要求熟悉文档编写、问题排查、技术支持等相关技术，具备良好的沟通能力和团队协作精神。,南京,50-150人,硕士,8447,15956
全栈开发工程师,参与系统架构设计，优化系统性能，提升用户体验。要求熟悉MySQL、MongoDB、Node.js等相关技术，具备良好的沟通能力和团队协作精神。,武汉,150-500人,博士,10615,20407
运营专员,策划运营活动，提升品牌影响力和用户增长。要求熟悉用户增长、运营、数据分析等相关技术，具备良好的沟通能力和团队协作精神。,北京,50-150人,大专,6451,10403
前端开发工程师,参与系统架构设计，优化系统性能，提升用户体验。要求熟悉Vue、React、HTML等相关技术，具备良好的沟通能力和团队协作精神。,天津,50-150人,硕士,11113,18069
市场经理,负责市场推广和品牌建设，拓展市场渠道。要求熟悉市场营销、渠道拓展、品牌建设等相关技术，具备良好的沟通能力和团队协作精神。,深圳,150-500人,博士,37189,58789
运维工程师,负责公司核心产品的开发与维护，参与技术方案设计。要求熟悉K8s、Linux、运维等相关技术，具备良好的沟通能力和团队协作精神。,苏州,150-500人,博士,16248,26846
销售代表,负责市场推广和品牌建设，拓展市场渠道。要求熟悉商务谈判、业绩目标、销售等相关技术，具备良好的沟通能力和团队协作精神。,北京,150-500人,本科,13254,21574
市场经理,分析市场趋势和竞争对手，制定市场策略。要求熟悉市场营销、渠道拓展、品牌建设等相关技术，具备良好的沟通能力和团队协作精神。,广州,少于50人,本科,11365,20341
销售代表,分析市场趋势和竞争对手，制定市场策略。要求熟悉客户关系、业绩目标、销售等相关技术，具备良好的沟通能力和团队协作精神。,武汉,少于50人,硕士,6962,12973
算法工程师,负责公司核心产品的开发与维护，参与技术方案设计。要求熟悉深度学习、算法、机器学习等相关技术，具备良好的沟通能力和团队协作精神。,深圳,50-150人,大专,9329,15409
项目经理,负责公司核心产品的开发与维护，参与技术方案设计。要求熟悉团队协调、风险控制、项目管理等相关技术，具备良好的沟通能力和团队协作精神。,杭州,150-500人,本科,16044,27084
产品经理,分析用户需求和市场动态，制定产品发展策略。要求熟悉需求分析、Axure、用户研究等相关技术，具备良好的沟通能力和团队协作精神。,北京,1000人以上,博士,37608,64565
机器学习工程师,参与系统架构设计，优化系统性能，提升用户体验。要求熟悉特征工程、Python、模型调优等相关技术，具备良好的沟通能力和团队协作精神。,重庆,500-1000人,博士,14675,24813
全栈开发工程师,参与系统架构设计，优化系统性能，提升用户体验。要求熟悉JavaScript、React、MySQL等相关技术，具备良好的沟通能力和团队协作精神。,上海,500-1000人,本科,12936,21947
技术支持工程师,负责公司核心产品的开发与维护，参与技术方案设计。要求熟悉技术支持、文档编写、问题排查等相关技术，具备良好的沟通能力和团队协作精神。,苏州,1000人以上,大专,9132,14785
数据分析师,构建机器学习模型，解决实际业务问题。要求熟悉Tableau、统计学、SQL等相关技术，具备良好的沟通能力和团队协作精神。,杭州,50-150人,博士,24803,37389
市场经理,策划营销活动，提升产品知名度和市场份额。要求熟悉渠道拓展、品牌建设、市场营销等相关技术，具备良好的沟通能力和团队协作精神。,成都,1000人以上,博士,27565,46227
财务分析师,参与系统架构设计，优化系统性能，提升用户体验。要求熟悉财务报表、Excel、财务分析等相关技术，具备良好的沟通能力和团队协作精神。,广州,150-500人,本科,13182,20222
市场经理,负责市场推广和品牌建设，拓展市场渠道。要求熟悉渠道拓展、市场营销、品牌建设等相关技术，具备良好的沟通能力和团队协作精神。,杭州,150-500人,本科,16244,27284
全栈开发工程师,负责公司核心产品的开发与维护，参与技术方案设计。要求熟悉Node.js、JavaScript、MySQL等相关技术，具备良好的沟通能力和团队协作精神。,上海,500-1000人,本科,11611,20622
产品经理,分析用户需求和市场动态，制定产品发展策略。要求熟悉数据分析、需求分析、Axure等相关技术，具备良好的沟通能力和团队协作精神。,成都,150-500人,本科,13105,21745
测试工程师,参与需求分析，提供技术解决方案，推动项目落地。要求熟悉缺陷管理、自动化测试、性能测试等相关技术，具备良好的沟通能力和团队协作精神。,深圳,少于50人,硕士,9843,18683
人力资源专员,参与需求分析，提供技术解决方案，推动项目落地。要求熟悉绩效考核、培训、员工关系等相关技术，具备良好的沟通能力和团队协作精神。,武汉,少于50人,本科,5000,7834
前端开发工程师,参与需求分析，提供技术解决方案，推动项目落地。要求熟悉Vue、React、JavaScript等相关技术，具备良好的沟通能力和团队协作精神。,天津,50-150人,大专,5000,9207
机器学习工程师,参与系统架构设计，优化系统性能，提升用户体验。要求熟悉Python、机器学习、模型调优等相关技术，具备良好的沟通能力和团队协作精神。,天津,500-1000人,硕士,11505,19559
人力资源专员,参与需求分析，提供技术解决方案，推动项目落地。要求熟悉绩效考核、员工关系、招聘等相关技术，具备良好的沟通能力和团队协作精神。,深圳,少于50人,大专,5000,7925
产品经理,分析用户需求和市场动态，制定产品发展策略。要求熟悉产品设计、数据分析、需求分析等相关技术，具备良好的沟通能力和团队协作精神。,杭州,50-150人,大专,12407,20797
前端开发工程师,参与系统架构设计，优化系统性能，提升用户体验。要求熟悉HTML、CSS、TypeScript等相关技术，具备良好的沟通能力和团队协作精神。,杭州,150-500人,硕士,13095,22663
运营专员,策划运营活动，提升品牌影响力和用户增长。要求熟悉活动策划、运营、数据分析等相关技术，具备良好的沟通能力和团队协作精神。,成都,500-1000人,硕士,6080,11228
技术支持工程师,负责公司核心产品的开发与维护，参与技术方案设计。要求熟悉客户沟通、技术支持、文档编写等相关技术，具备良好的沟通能力和团队协作精神。,苏州,500-1000人,大专,7533,12714
算法工程师,参与系统架构设计，优化系统性能，提升用户体验。要求熟悉深度学习、机器学习、Python等相关技术，具备良好的沟通能力和团队协作精神。,杭州,1000人以上,博士,20136,36034
UI设计师,负责公司核心产品的开发与维护，参与技术方案设计。要求熟悉Figma、Sketch、UI设计等相关技术，具备良好的沟通能力和团队协作精神。,北京,少于50人,大专,9067,14017
运营专员,策划运营活动，提升品牌影响力和用户增长。要求熟悉数据分析、用户增长、活动策划等相关技术，具备良好的沟通能力和团队协作精神。,杭州,1000人以上,博士,14906,24842
前端开发工程师,参与需求分析，提供技术解决方案，推动项目落地。要求熟悉HTML、TypeScript、JavaScript等相关技术，具备良好的沟通能力和团队协作精神。,天津,1000人以上,大专,7835,13241
数据分析师,构建机器学习模型，解决实际业务问题。要求熟悉统计学、Python、SQL等相关技术，具备良好的沟通能力和团队协作精神。,上海,150-500人,本科,12108,20300
UI设计师,参与需求分析，提供技术解决方案，推动项目落地。要求熟悉Sketch、UI设计、用户体验等相关技术，具备良好的沟通能力和团队协作精神。,武汉,50-150人,本科,6857,11379
机器学习工程师,参与系统架构设计，优化系统性能，提升用户体验。要求熟悉机器学习、特征工程、模型调优等相关技术，具备良好的沟通能力和团队协作精神。,上海,50-150人,本科,10031,17813
产品经理,负责产品规划和设计，推动产品迭代优化。要求熟悉Axure、用户研究、产品设计等相关技术，具备良好的沟通能力和团队协作精神。,南京,少于50人,博士,21427,35381
全栈开发工程师,参与需求分析，提供技术解决方案，推动项目落地。要求熟悉MongoDB、MySQL、React等相关技术，具备良好的沟通能力和团队协作精神。,杭州,1000人以上,本科,14921,23753
UI设计师,负责公司核心产品的开发与维护，参与技术方案设计。要求熟悉用户体验、UI设计、交互设计等相关技术，具备良好的沟通能力和团队协作精神。,西安,500-1000人,硕士,9654,16221
人力资源专员,参与需求分析，提供技术解决方案，推动项目落地。要求熟悉招聘、员工关系、培训等相关技术，具备良好的沟通能力和团队协作精神。,武汉,500-1000人,硕士,8340,13202
人力资源专员,参与系统架构设计，优化系统性能，提升用户体验。要求熟悉招聘、员工关系、绩效考核等相关技术，具备良好的沟通能力和团队协作精神。,天津,50-150人,本科,5000,7000
全栈开发工程师,参与系统架构设计，优化系统性能，提升用户体验。要求熟悉MySQL、Node.js、React等相关技术，具备良好的沟通能力和团队协作精神。,苏州,50-150人,博士,11589,21658
数据分析师,设计和维护数据报表，监控业务指标变化。要求熟悉Excel、统计学、SQL等相关技术，具备良好的沟通能力和团队协作精神。,武汉,150-500人,本科,8039,13479
运营专员,分析运营数据，优化运营策略和流程。要求熟悉活动策划、数据分析、运营等相关技术，具备良好的沟通能力和团队协作精神。,天津,150-500人,博士,23370,42378
人力资源专员,负责后端服务开发，确保代码质量和系统稳定性。要求熟悉绩效考核、招聘、员工关系等相关技术，具备良好的沟通能力和团队协作精神。,武汉,500-1000人,大专,5000,7000
数据科学家,负责数据分析和挖掘，为业务决策提供数据支持。要求熟悉深度学习、PyTorch、TensorFlow等相关技术，具备良好的沟通能力和团队协作精神。,广州,150-500人,硕士,28646,45806
架构师,参与需求分析，提供技术解决方案，推动项目落地。要求熟悉性能优化、系统架构、微服务等相关技术，具备良好的沟通能力和团队协作精神。,上海,少于50人,硕士,12083,21135
产品经理,协调研发、设计、运营团队，确保产品按时交付。要求熟悉需求分析、用户研究、Axure等相关技术，具备良好的沟通能力和团队协作精神。,深圳,少于50人,大专,11800,19960
前端开发工程师,参与系统架构设计，优化系统性能，提升用户体验。要求熟悉TypeScript、Vue、JavaScript等相关技术，具备良好的沟通能力和团队协作精神。,西安,少于50人,硕士,8724,14523
前端开发工程师,负责后端服务开发，确保代码质量和系统稳定性。要求熟悉Vue、HTML、CSS等相关技术，具备良好的沟通能力和团队协作精神。,天津,500-1000人,硕士,11475,19528
项目经理,参与系统架构设计，优化系统性能，提升用户体验。要求熟悉风险控制、团队协调、项目管理等相关技术，具备良好的沟通能力和团队协作精神。,杭州,50-150人,大专,12571,20961
全栈开发工程师,参与需求分析，提供技术解决方案，推动项目落地。要求熟悉Node.js、MySQL、JavaScript等相关技术，具备良好的沟通能力和团队协作精神。,广州,500-1000人,本科,10547,18291
测试工程师,参与需求分析，提供技术解决方案，推动项目落地。要求熟悉缺陷管理、自动化测试、性能测试等相关技术，具备良好的沟通能力和团队协作精神。,武汉,500-1000人,博士,12413,23184
项目经理,负责公司核心产品的开发与维护，参与技术方案设计。要求熟悉进度控制、风险控制、项目管理等相关技术，具备良好的沟通能力和团队协作精神。,广州,150-500人,博士,29906,48914
测试工程师,负责后端服务开发，确保代码质量和系统稳定性。要求熟悉自动化测试、性能测试、测试等相关技术，具备良好的沟通能力和团队协作精神。,杭州,1000人以上,大专,8934,16000
架构师,参与系统架构设计，优化系统性能，提升用户体验。要求熟悉微服务、技术选型、系统架构等相关技术，具备良好的沟通能力和团队协作精神。,重庆,1000人以上,硕士,9581,17568
机器学习工程师,参与需求分析，提供技术解决方案，推动项目落地。要求熟悉模型调优、Python、机器学习等相关技术，具备良好的沟通能力和团队协作精神。,广州,1000人以上,大专,9067,15825
Python开发工程师,负责公司核心产品的开发与维护，参与技术方案设计。要求熟悉Django、MySQL、Python等相关技术，具备良好的沟通能力和团队协作精神。,北京,少于50人,大专,6810,12468
市场经理,策划营销活动，提升产品知名度和市场份额。要求熟悉渠道拓展、市场营销、活动策划等相关技术，具备良好的沟通能力和团队协作精神。,杭州,1000人以上,大专,13743,24341
财务分析师,负责公司核心产品的开发与维护，参与技术方案设计。要求熟悉Excel、财务报表、财务分析等相关技术，具备良好的沟通能力和团队协作精神。,杭州,500-1000人,本科,14271,22367
前端开发工程师,负责公司核心产品的开发与维护，参与技术方案设计。要求熟悉TypeScript、Vue、CSS等相关技术，具备良好的沟通能力和团队协作精神。,北京,1000人以上,博士,25884,43855
技术支持工程师,负责后端服务开发，确保代码质量和系统稳定性。要求熟悉文档编写、技术支持、客户沟通等相关技术，具备良好的沟通能力和团队协作精神。,北京,150-500人,大专,8031,14687
人力资源专员,参与需求分析，提供技术解决方案，推动项目落地。要求熟悉培训、员工关系、绩效考核等相关技术，具备良好的沟通能力和团队协作精神。,西安,1000人以上,博士,9936,17020
数据科学家,负责数据分析和挖掘，为业务决策提供数据支持。要求熟悉Python、机器学习、PyTorch等相关技术，具备良好的沟通能力和团队协作精神。,北京,1000人以上,博士,60893,94589
UI设计师,参与系统架构设计，优化系统性能，提升用户体验。要求熟悉Figma、UI设计、交互设计等相关技术，具备良好的沟通能力和团队协作精神。,深圳,500-1000人,硕士,17509,27519
运维工程师,参与系统架构设计，优化系统性能，提升用户体验。要求熟悉Docker、监控、K8s等相关技术，具备良好的沟通能力和团队协作精神。,武汉,1000人以上,博士,20728,32478
测试工程师,参与需求分析，提供技术解决方案，推动项目落地。要求熟悉自动化测试、测试、缺陷管理等相关技术，具备良好的沟通能力和团队协作精神。,上海,150-500人,硕士,16999,27649
UI设计师,负责后端服务开发，确保代码质量和系统稳定性。要求熟悉Sketch、UI设计、Figma等相关技术，具备良好的沟通能力和团队协作精神。,北京,少于50人,大专,9346,14297
测试工程师,负责公司核心产品的开发与维护，参与技术方案设计。要求熟悉缺陷管理、性能测试、自动化测试等相关技术，具备良好的沟通能力和团队协作精神。,广州,50-150人,博士,13420,25458
财务分析师,负责公司核心产品的开发与维护，参与技术方案设计。要求熟悉财务分析、Excel、预算编制等相关技术，具备良好的沟通能力和团队协作精神。,南京,1000人以上,博士,24356,37488
技术支持工程师,参与需求分析，提供技术解决方案，推动项目落地。要求熟悉文档编写、客户沟通、问题排查等相关技术，具备良好的沟通能力和团队协作精神。,西安,50-150人,硕士,8847,15328
机器学习工程师,负责后端服务开发，确保代码质量和系统稳定性。要求熟悉特征工程、机器学习、Python等相关技术，具备良好的沟通能力和团队协作精神。,天津,50-150人,博士,12247,21878
数据科学家,构建机器学习模型，解决实际业务问题。要求熟悉TensorFlow、PyTorch、深度学习等相关技术，具备良好的沟通能力和团队协作精神。,武汉,50-150人,本科,15681,25371
财务分析师,负责后端服务开发，确保代码质量和系统稳定性。要求熟悉Excel、财务报表、预算编制等相关技术，具备良好的沟通能力和团队协作精神。,成都,1000人以上,博士,23567,36009
人力资源专员,负责后端服务开发，确保代码质量和系统稳定性。要求熟悉员工关系、绩效考核、招聘等相关技术，具备良好的沟通能力和团队协作精神。,武汉,1000人以上,硕士,8487,13791
销售代表,策划营销活动，提升产品知名度和市场份额。要求熟悉商务谈判、客户关系、销售等相关技术，具备良好的沟通能力和团队协作精神。,成都,50-150人,硕士,8609,15723
数据分析师,负责数据分析和挖掘，为业务决策提供数据支持。要求熟悉Tableau、统计学、SQL等相关技术，具备良好的沟通能力和团队协作精神。,杭州,少于50人,硕士,15044,23177
技术支持工程师,参与需求分析，提供技术解决方案，推动项目落地。要求熟悉客户沟通、技术支持、问题排查等相关技术，具备良好的沟通能力和团队协作精神。,重庆,少于50人,硕士,7102,12760
市场经理,策划营销活动，提升产品知名度和市场份额。要求熟悉渠道拓展、活动策划、市场营销等相关技术，具备良好的沟通能力和团队协作精神。,北京,50-150人,博士,30210,51551
测试工程师,参与系统架构设计，优化系统性能，提升用户体验。要求熟悉自动化测试、测试、缺陷管理等相关技术，具备良好的沟通能力和团队协作精神。,南京,少于50人,硕士,8855,15574
人力资源专员,负责公司核心产品的开发与维护，参与技术方案设计。要求熟悉培训、员工关系、绩效考核等相关技术，具备良好的沟通能力和团队协作精神。,苏州,50-150人,本科,5090,8586
运营专员,分析运营数据，优化运营策略和流程。要求熟悉数据分析、运营、活动策划等相关技术，具备良好的沟通能力和团队协作精神。,天津,1000人以上,大专,5586,8965
算法工程师,负责后端服务开发，确保代码质量和系统稳定性。要求熟悉算法、Python、深度学习等相关技术，具备良好的沟通能力和团队协作精神。,西安,50-150人,大专,5000,8694
人力资源专员,负责公司核心产品的开发与维护，参与技术方案设计。要求熟悉绩效考核、招聘、员工关系等相关技术，具备良好的沟通能力和团队协作精神。,广州,50-150人,硕士,10265,15699
数据分析师,设计和维护数据报表，监控业务指标变化。要求熟悉Tableau、统计学、SQL等相关技术，具备良好的沟通能力和团队协作精神。,武汉,150-500人,本科,7012,12452
机器学习工程师,负责后端服务开发，确保代码质量和系统稳定性。要求熟悉模型调优、机器学习、特征工程等相关技术，具备良好的沟通能力和团队协作精神。,杭州,500-1000人,博士,18404,32977
财务分析师,参与系统架构设计，优化系统性能，提升用户体验。要求熟悉预算编制、财务报表、财务分析等相关技术，具备良好的沟通能力和团队协作精神。,天津,少于50人,本科,8466,13253
项目经理,负责公司核心产品的开发与维护，参与技术方案设计。要求熟悉团队协调、风险控制、项目管理等相关技术，具备良好的沟通能力和团队协作精神。,苏州,500-1000人,硕士,18749,31379
Java后端开发,负责公司核心产品的开发与维护，参与技术方案设计。要求熟悉Java、Dubbo、Redis等相关技术，具备良好的沟通能力和团队协作精神。,天津,1000人以上,硕士,11915,20701
数据科学家,负责数据分析和挖掘，为业务决策提供数据支持。要求熟悉TensorFlow、Python、深度学习等相关技术，具备良好的沟通能力和团队协作精神。,重庆,500-1000人,博士,29868,48876
技术支持工程师,负责后端服务开发，确保代码质量和系统稳定性。要求熟悉客户沟通、文档编写、问题排查等相关技术，具备良好的沟通能力和团队协作精神。,成都,少于50人,博士,12795,21608
测试工程师,参与系统架构设计，优化系统性能，提升用户体验。要求熟悉自动化测试、测试、缺陷管理等相关技术，具备良好的沟通能力和团队协作精神。,苏州,500-1000人,本科,8624,15101
前端开发工程师,负责后端服务开发，确保代码质量和系统稳定性。要求熟悉TypeScript、Vue、HTML等相关技术，具备良好的沟通能力和团队协作精神。,杭州,150-500人,本科,12042,19402
测试工程师,负责后端服务开发，确保代码质量和系统稳定性。要求熟悉测试、自动化测试、缺陷管理等相关技术，具备良好的沟通能力和团队协作精神。,南京,1000人以上,本科,11180,18476
财务分析师,负责公司核心产品的开发与维护，参与技术方案设计。要求熟悉财务报表、Excel、预算编制等相关技术，具备良好的沟通能力和团队协作精神。,北京,50-150人,博士,26724,40952
市场经理,策划营销活动，提升产品知名度和市场份额。要求熟悉市场营销、渠道拓展、活动策划等相关技术，具备良好的沟通能力和团队协作精神。,武汉,500-1000人,大专,25716,47259
数据科学家,设计和维护数据报表，监控业务指标变化。要求熟悉TensorFlow、Python、PyTorch等相关技术，具备良好的沟通能力和团队协作精神。,苏州,50-150人,本科,16432,26920
项目经理,参与需求分析，提供技术解决方案，推动项目落地。要求熟悉风险控制、进度控制、团队协调等相关技术，具备良好的沟通能力和团队协作精神。,上海,50-150人,本科,15393,27067
技术支持工程师,负责公司核心产品的开发与维护，参与技术方案设计。要求熟悉问题排查、技术支持、文档编写等相关技术，具备良好的沟通能力和团队协作精神。,重庆,1000人以上,硕士,9476,17463
财务分析师,负责后端服务开发，确保代码质量和系统稳定性。要求熟悉财务分析、预算编制、财务报表等相关技术，具备良好的沟通能力和团队协作精神。,南京,500-1000人,大专,9450,14800
Java后端开发,负责公司核心产品的开发与维护，参与技术方案设计。要求熟悉Java、MySQL、SpringBoot等相关技术，具备良好的沟通能力和团队协作精神。,重庆,500-1000人,硕士,9329,16650
Java后端开发,参与系统架构设计，优化系统性能，提升用户体验。要求熟悉Redis、SpringBoot、MySQL等相关技术，具备良好的沟通能力和团队协作精神。,西安,少于50人,博士,12027,20056
运维工程师,负责公司核心产品的开发与维护，参与技术方案设计。要求熟悉Linux、Docker、K8s等相关技术，具备良好的沟通能力和团队协作精神。,天津,150-500人,本科,6613,12245
销售代表,策划营销活动，提升产品知名度和市场份额。要求熟悉商务谈判、业绩目标、销售等相关技术，具备良好的沟通能力和团队协作精神。,西安,50-150人,博士,15231,24205
运营专员,策划运营活动，提升品牌影响力和用户增长。要求熟悉活动策划、数据分析、运营等相关技术，具备良好的沟通能力和团队协作精神。,杭州,1000人以上,本科,7290,12810
技术支持工程师,参与需求分析，提供技术解决方案，推动项目落地。要求熟悉问题排查、客户沟通、文档编写等相关技术，具备良好的沟通能力和团队协作精神。,北京,50-150人,大专,8954,15277
产品经理,协调研发、设计、运营团队，确保产品按时交付。要求熟悉数据分析、Axure、用户研究等相关技术，具备良好的沟通能力和团队协作精神。,广州,少于50人,博士,24614,40771
技术支持工程师,负责后端服务开发，确保代码质量和系统稳定性。要求熟悉技术支持、客户沟通、问题排查等相关技术，具备良好的沟通能力和团队协作精神。,南京,150-500人,硕士,10022,17926
项目经理,参与系统架构设计，优化系统性能，提升用户体验。要求熟悉项目管理、进度控制、团队协调等相关技术，具备良好的沟通能力和团队协作精神。,广州,少于50人,本科,13776,22752
财务分析师,参与需求分析，提供技术解决方案，推动项目落地。要求熟悉财务分析、财务报表、预算编制等相关技术，具备良好的沟通能力和团队协作精神。,北京,150-500人,本科,11802,20122
数据科学家,设计和维护数据报表，监控业务指标变化。要求熟悉PyTorch、TensorFlow、机器学习等相关技术，具备良好的沟通能力和团队协作精神。,广州,少于50人,本科,21159,32379
机器学习工程师,参与系统架构设计，优化系统性能，提升用户体验。要求熟悉特征工程、机器学习、模型调优等相关技术，具备良好的沟通能力和团队协作精神。,广州,少于50人,本科,8243,14227
产品经理,协调研发、设计、运营团队，确保产品按时交付。要求熟悉数据分析、产品设计、需求分析等相关技术，具备良好的沟通能力和团队协作精神。,北京,50-150人,大专,11980,21465
产品经理,负责产品规划和设计，推动产品迭代优化。要求熟悉需求分析、产品设计、用户研究等相关技术，具备良好的沟通能力和团队协作精神。,北京,50-150人,博士,28146,49487
数据分析师,负责数据分析和挖掘，为业务决策提供数据支持。要求熟悉SQL、Python、统计学等相关技术，具备良好的沟通能力和团队协作精神。,重庆,1000人以上,硕士,14891,22878
Python开发工程师,负责公司核心产品的开发与维护，参与技术方案设计。要求熟悉Redis、MySQL、Django等相关技术，具备良好的沟通能力和团队协作精神。,杭州,50-150人,本科,8847,15839
Java后端开发,负责公司核心产品的开发与维护，参与技术方案设计。要求熟悉SpringBoot、Redis、Java等相关技术，具备良好的沟通能力和团队协作精神。,天津,500-1000人,本科,7647,13843
Java后端开发,负责后端服务开发，确保代码质量和系统稳定性。要求熟悉SpringBoot、Redis、Dubbo等相关技术，具备良好的沟通能力和团队协作精神。,苏州,50-150人,大专,5967,10441
UI设计师,参与需求分析，提供技术解决方案，推动项目落地。要求熟悉用户体验、交互设计、UI设计等相关技术，具备良好的沟通能力和团队协作精神。,广州,1000人以上,硕士,13363,22973
项目经理,负责后端服务开发，确保代码质量和系统稳定性。要求熟悉团队协调、项目管理、风险控制等相关技术，具备良好的沟通能力和团队协作精神。,南京,50-150人,硕士,19331,30594
销售代表,策划营销活动，提升产品知名度和市场份额。要求熟悉客户关系、商务谈判、销售等相关技术，具备良好的沟通能力和团队协作精神。,上海,1000人以上,本科,12472,22303
运维工程师,参与系统架构设计，优化系统性能，提升用户体验。要求熟悉监控、Docker、运维等相关技术，具备良好的沟通能力和团队协作精神。,深圳,500-1000人,硕士,17513,28953
运维工程师,负责后端服务开发，确保代码质量和系统稳定性。要求熟悉K8s、监控、Docker等相关技术，具备良好的沟通能力和团队协作精神。,成都,50-150人,硕士,10060,17174
运维工程师,负责后端服务开发，确保代码质量和系统稳定性。要求熟悉监控、运维、K8s等相关技术，具备良好的沟通能力和团队协作精神。,重庆,少于50人,硕士,6734,12392
Java后端开发,负责后端服务开发，确保代码质量和系统稳定性。要求熟悉SpringBoot、Dubbo、MySQL等相关技术，具备良好的沟通能力和团队协作精神。,南京,少于50人,博士,12780,22082
人力资源专员,负责后端服务开发，确保代码质量和系统稳定性。要求熟悉绩效考核、员工关系、招聘等相关技术，具备良好的沟通能力和团队协作精神。,上海,150-500人,大专,6786,10882
市场经理,分析市场趋势和竞争对手，制定市场策略。要求熟悉渠道拓展、品牌建设、活动策划等相关技术，具备良好的沟通能力和团队协作精神。,天津,少于50人,本科,9620,16800
运营专员,负责日常运营工作，提升用户活跃度和留存率。要求熟悉用户增长、活动策划、数据分析等相关技术，具备良好的沟通能力和团队协作精神。,北京,50-150人,硕士,11165,17587
销售代表,策划营销活动，提升产品知名度和市场份额。要求熟悉商务谈判、业绩目标、销售等相关技术，具备良好的沟通能力和团队协作精神。,成都,1000人以上,本科,10827,17739
Java后端开发,参与需求分析，提供技术解决方案，推动项目落地。要求熟悉MySQL、SpringBoot、Redis等相关技术，具备良好的沟通能力和团队协作精神。,南京,50-150人,本科,8937,14713
UI设计师,负责后端服务开发，确保代码质量和系统稳定性。要求熟悉Sketch、Figma、用户体验等相关技术，具备良好的沟通能力和团队协作精神。,西安,500-1000人,博士,14041,23133
运营专员,负责日常运营工作，提升用户活跃度和留存率。要求熟悉用户增长、运营、活动策划等相关技术，具备良好的沟通能力和团队协作精神。,天津,少于50人,本科,5000,7000
项目经理,负责公司核心产品的开发与维护，参与技术方案设计。要求熟悉项目管理、进度控制、风险控制等相关技术，具备良好的沟通能力和团队协作精神。,广州,500-1000人,博士,26344,47252
运营专员,分析运营数据，优化运营策略和流程。要求熟悉数据分析、用户增长、活动策划等相关技术，具备良好的沟通能力和团队协作精神。,成都,150-500人,硕士,7203,11883
UI设计师,参与需求分析，提供技术解决方案，推动项目落地。要求熟悉Figma、交互设计、Sketch等相关技术，具备良好的沟通能力和团队协作精神。,杭州,少于50人,博士,17339,27192
项目经理,负责公司核心产品的开发与维护，参与技术方案设计。要求熟悉进度控制、风险控制、团队协调等相关技术，具备良好的沟通能力和团队协作精神。,成都,500-1000人,博士,16556,33664
项目经理,参与系统架构设计，优化系统性能，提升用户体验。要求熟悉风险控制、进度控制、团队协调等相关技术，具备良好的沟通能力和团队协作精神。,广州,150-500人,大专,11603,20051
产品经理,协调研发、设计、运营团队，确保产品按时交付。要求熟悉产品设计、需求分析、数据分析等相关技术，具备良好的沟通能力和团队协作精神。,苏州,少于50人,博士,18980,32493
测试工程师,负责后端服务开发，确保代码质量和系统稳定性。要求熟悉自动化测试、测试、缺陷管理等相关技术，具备良好的沟通能力和团队协作精神。,深圳,500-1000人,博士,20955,36795
销售代表,负责市场推广和品牌建设，拓展市场渠道。要求熟悉业绩目标、商务谈判、销售等相关技术，具备良好的沟通能力和团队协作精神。,上海,50-150人,硕士,16360,26477
Java后端开发,负责后端服务开发，确保代码质量和系统稳定性。要求熟悉Redis、Spring、SpringBoot等相关技术，具备良好的沟通能力和团队协作精神。,成都,150-500人,硕士,10888,18376
销售代表,策划营销活动，提升产品知名度和市场份额。要求熟悉业绩目标、销售、商务谈判等相关技术，具备良好的沟通能力和团队协作精神。,成都,1000人以上,硕士,14562,23548
财务分析师,负责后端服务开发，确保代码质量和系统稳定性。要求熟悉财务报表、Excel、预算编制等相关技术，具备良好的沟通能力和团队协作精神。,南京,50-150人,本科,9474,15250
财务分析师,负责公司核心产品的开发与维护，参与技术方案设计。要求熟悉Excel、财务报表、财务分析等相关技术，具备良好的沟通能力和团队协作精神。,南京,少于50人,硕士,12715,19433
Python开发工程师,负责后端服务开发，确保代码质量和系统稳定性。要求熟悉Django、Python、FastAPI等相关技术，具备良好的沟通能力和团队协作精神。,南京,500-1000人,大专,8997,14347
前端开发工程师,负责后端服务开发，确保代码质量和系统稳定性。要求熟悉React、JavaScript、TypeScript等相关技术，具备良好的沟通能力和团队协作精神。,成都,150-500人,博士,16805,27173
项目经理,参与需求分析，提供技术解决方案，推动项目落地。要求熟悉项目管理、团队协调、风险控制等相关技术，具备良好的沟通能力和团队协作精神。,广州,50-150人,博士,21131,39189
前端开发工程师,负责后端服务开发，确保代码质量和系统稳定性。要求熟悉CSS、JavaScript、HTML等相关技术，具备良好的沟通能力和团队协作精神。,重庆,500-1000人,大专,5980,10486
Java后端开发,负责公司核心产品的开发与维护，参与技术方案设计。要求熟悉Java、Dubbo、SpringBoot等相关技术，具备良好的沟通能力和团队协作精神。,成都,150-500人,本科,7547,13307
机器学习工程师,参与需求分析，提供技术解决方案，推动项目落地。要求熟悉特征工程、Python、模型调优等相关技术，具备良好的沟通能力和团队协作精神。,深圳,少于50人,本科,9973,16773
技术支持工程师,参与系统架构设计，优化系统性能，提升用户体验。要求熟悉文档编写、技术支持、问题排查等相关技术，具备良好的沟通能力和团队协作精神。,天津,50-150人,本科,8045,13395
项目经理,参与系统架构设计，优化系统性能，提升用户体验。要求熟悉风险控制、团队协调、项目管理等相关技术，具备良好的沟通能力和团队协作精神。,北京,50-150人,大专,11549,21034
前端开发工程师,负责后端服务开发，确保代码质量和系统稳定性。要求熟悉Vue、TypeScript、JavaScript等相关技术，具备良好的沟通能力和团队协作精神。,南京,1000人以上,本科,10124,17420
财务分析师,参与系统架构设计，优化系统性能，提升用户体验。要求熟悉Excel、财务分析、财务报表等相关技术，具备良好的沟通能力和团队协作精神。,西安,500-1000人,博士,12943,23334
架构师,参与系统架构设计，优化系统性能，提升用户体验。要求熟悉性能优化、系统架构、技术选型等相关技术，具备良好的沟通能力和团队协作精神。,广州,150-500人,大专,9266,14898
财务分析师,参与系统架构设计，优化系统性能，提升用户体验。要求熟悉财务报表、预算编制、Excel等相关技术，具备良好的沟通能力和团队协作精神。,杭州,500-1000人,硕士,16580,27105
Python开发工程师,参与系统架构设计，优化系统性能，提升用户体验。要求熟悉FastAPI、MySQL、Redis等相关技术，具备良好的沟通能力和团队协作精神。,杭州,500-1000人,本科,11216,19312
财务分析师,负责公司核心产品的开发与维护，参与技术方案设计。要求熟悉财务报表、预算编制、Excel等相关技术，具备良好的沟通能力和团队协作精神。,广州,500-1000人,硕士,16306,26373
产品经理,协调研发、设计、运营团队，确保产品按时交付。要求熟悉用户研究、数据分析、Axure等相关技术，具备良好的沟通能力和团队协作精神。,苏州,1000人以上,本科,16850,27448
前端开发工程师,参与系统架构设计，优化系统性能，提升用户体验。要求熟悉HTML、CSS、Vue等相关技术，具备良好的沟通能力和团队协作精神。,杭州,150-500人,博士,11167,24415
算法工程师,参与需求分析，提供技术解决方案，推动项目落地。要求熟悉机器学习、Python、深度学习等相关技术，具备良好的沟通能力和团队协作精神。,上海,150-500人,硕士,14610,25259
数据分析师,负责数据分析和挖掘，为业务决策提供数据支持。要求熟悉Excel、Tableau、Python等相关技术，具备良好的沟通能力和团队协作精神。,广州,1000人以上,硕士,18278,29260
Python开发工程师,负责后端服务开发，确保代码质量和系统稳定性。要求熟悉MySQL、FastAPI、Redis等相关技术，具备良好的沟通能力和团队协作精神。,南京,1000人以上,博士,16940,30073
财务分析师,负责公司核心产品的开发与维护，参与技术方案设计。要求熟悉预算编制、财务分析、Excel等相关技术，具备良好的沟通能力和团队协作精神。,重庆,1000人以上,大专,10150,15065
算法工程师,参与需求分析，提供技术解决方案，推动项目落地。要求熟悉深度学习、机器学习、算法等相关技术，具备良好的沟通能力和团队协作精神。,重庆,50-150人,硕士,7642,13965
数据科学家,负责数据分析和挖掘，为业务决策提供数据支持。要求熟悉机器学习、TensorFlow、深度学习等相关技术，具备良好的沟通能力和团队协作精神。,北京,50-150人,博士,46526,73202
架构师,负责公司核心产品的开发与维护，参与技术方案设计。要求熟悉技术选型、性能优化、微服务等相关技术，具备良好的沟通能力和团队协作精神。,杭州,少于50人,博士,16235,27496
测试工程师,参与需求分析，提供技术解决方案，推动项目落地。要求熟悉自动化测试、测试、缺陷管理等相关技术，具备良好的沟通能力和团队协作精神。,杭州,1000人以上,硕士,18502,29984
市场经理,分析市场趋势和竞争对手，制定市场策略。要求熟悉渠道拓展、活动策划、品牌建设等相关技术，具备良好的沟通能力和团队协作精神。,成都,1000人以上,博士,23326,41988
人力资源专员,参与需求分析，提供技术解决方案，推动项目落地。要求熟悉招聘、员工关系、培训等相关技术，具备良好的沟通能力和团队协作精神。,重庆,150-500人,博士,7795,13555
市场经理,分析市场趋势和竞争对手，制定市场策略。要求熟悉活动策划、渠道拓展、品牌建设等相关技术，具备良好的沟通能力和团队协作精神。,上海,50-150人,博士,33210,54222
产品经理,负责产品规划和设计，推动产品迭代优化。要求熟悉用户研究、需求分析、产品设计等相关技术，具备良好的沟通能力和团队协作精神。,重庆,150-500人,硕士,14524,24508
UI设计师,负责公司核心产品的开发与维护，参与技术方案设计。要求熟悉Sketch、用户体验、Figma等相关技术，具备良好的沟通能力和团队协作精神。,北京,150-500人,博士,17189,30293
机器学习工程师,负责公司核心产品的开发与维护，参与技术方案设计。要求熟悉Python、机器学习、模型调优等相关技术，具备良好的沟通能力和团队协作精神。,杭州,150-500人,本科,9375,16735
前端开发工程师,参与需求分析，提供技术解决方案，推动项目落地。要求熟悉Vue、TypeScript、JavaScript等相关技术，具备良好的沟通能力和团队协作精神。,重庆,1000人以上,博士,16007,27066
销售代表,策划营销活动，提升产品知名度和市场份额。要求熟悉销售、商务谈判、业绩目标等相关技术，具备良好的沟通能力和团队协作精神。,深圳,少于50人,本科,10418,17218
项目经理,负责后端服务开发，确保代码质量和系统稳定性。要求熟悉风险控制、进度控制、项目管理等相关技术，具备良好的沟通能力和团队协作精神。,南京,150-500人,大专,9102,16398
算法工程师,负责公司核心产品的开发与维护，参与技术方案设计。要求熟悉深度学习、算法、Python等相关技术，具备良好的沟通能力和团队协作精神。,广州,150-500人,硕士,7583,16735
产品经理,分析用户需求和市场动态，制定产品发展策略。要求熟悉数据分析、用户研究、需求分析等相关技术，具备良好的沟通能力和团队协作精神。,广州,50-150人,本科,14778,24810
财务分析师,参与需求分析，提供技术解决方案，推动项目落地。要求熟悉财务分析、预算编制、财务报表等相关技术，具备良好的沟通能力和团队协作精神。,天津,50-150人,本科,7600,12950
机器学习工程师,负责公司核心产品的开发与维护，参与技术方案设计。要求熟悉模型调优、Python、特征工程等相关技术，具备良好的沟通能力和团队协作精神。,广州,1000人以上,大专,6736,13494
测试工程师,参与系统架构设计，优化系统性能，提升用户体验。要求熟悉自动化测试、性能测试、测试等相关技术，具备良好的沟通能力和团队协作精神。,北京,少于50人,硕士,7758,16952
运维工程师,负责后端服务开发，确保代码质量和系统稳定性。要求熟悉监控、K8s、Linux等相关技术，具备良好的沟通能力和团队协作精神。,杭州,150-500人,博士,20237,33485
技术支持工程师,参与系统架构设计，优化系统性能，提升用户体验。要求熟悉文档编写、技术支持、客户沟通等相关技术，具备良好的沟通能力和团队协作精神。,苏州,少于50人,硕士,9102,15609
销售代表,负责市场推广和品牌建设，拓展市场渠道。要求熟悉销售、客户关系、业绩目标等相关技术，具备良好的沟通能力和团队协作精神。,苏州,1000人以上,博士,16949,29667
市场经理,策划营销活动，提升产品知名度和市场份额。要求熟悉市场营销、渠道拓展、品牌建设等相关技术，具备良好的沟通能力和团队协作精神。,南京,50-150人,大专,11335,18266
测试工程师,参与系统架构设计，优化系统性能，提升用户体验。要求熟悉测试、自动化测试、缺陷管理等相关技术，具备良好的沟通能力和团队协作精神。,天津,150-500人,大专,6733,11239
Python开发工程师,负责公司核心产品的开发与维护，参与技术方案设计。要求熟悉FastAPI、MySQL、Redis等相关技术，具备良好的沟通能力和团队协作精神。,苏州,50-150人,本科,9386,14979
运营专员,负责日常运营工作，提升用户活跃度和留存率。要求熟悉数据分析、活动策划、运营等相关技术，具备良好的沟通能力和团队协作精神。,成都,50-150人,博士,7519,13675
数据分析师,负责数据分析和挖掘，为业务决策提供数据支持。要求熟悉统计学、Excel、Tableau等相关技术，具备良好的沟通能力和团队协作精神。,北京,150-500人,本科,13977,22297
运营专员,策划运营活动，提升品牌影响力和用户增长。要求熟悉用户增长、活动策划、数据分析等相关技术，具备良好的沟通能力和团队协作精神。,广州,少于50人,本科,5000,8140
人力资源专员,参与系统架构设计，优化系统性能，提升用户体验。要求熟悉员工关系、招聘、培训等相关技术，具备良好的沟通能力和团队协作精神。,北京,50-150人,本科,7183,12123
销售代表,策划营销活动，提升产品知名度和市场份额。要求熟悉客户关系、业绩目标、商务谈判等相关技术，具备良好的沟通能力和团队协作精神。,成都,1000人以上,大专,7345,12875
市场经理,策划营销活动，提升产品知名度和市场份额。要求熟悉活动策划、市场营销、渠道拓展等相关技术，具备良好的沟通能力和团队协作精神。,成都,150-500人,本科,12895,21535
算法工程师,参与系统架构设计，优化系统性能，提升用户体验。要求熟悉机器学习、Python、算法等相关技术，具备良好的沟通能力和团队协作精神。,武汉,500-1000人,大专,6623,11410
Python开发工程师,参与需求分析，提供技术解决方案，推动项目落地。要求熟悉Python、FastAPI、Redis等相关技术，具备良好的沟通能力和团队协作精神。,北京,150-500人,博士,22342,37318
市场经理,负责市场推广和品牌建设，拓展市场渠道。要求熟悉市场营销、渠道拓展、活动策划等相关技术，具备良好的沟通能力和团队协作精神。,西安,少于50人,大专,8066,13419
人力资源专员,参与系统架构设计，优化系统性能，提升用户体验。要求熟悉培训、员工关系、招聘等相关技术，具备良好的沟通能力和团队协作精神。,西安,1000人以上,本科,7600,11536
项目经理,负责后端服务开发，确保代码质量和系统稳定性。要求熟悉团队协调、风险控制、进度控制等相关技术，具备良好的沟通能力和团队协作精神。,广州,50-150人,大专,10560,18586
项目经理,参与需求分析，提供技术解决方案，推动项目落地。要求熟悉团队协调、进度控制、项目管理等相关技术，具备良好的沟通能力和团队协作精神。,天津,150-500人,大专,8100,14858
UI设计师,参与系统架构设计，优化系统性能，提升用户体验。要求熟悉UI设计、Figma、交互设计等相关技术，具备良好的沟通能力和团队协作精神。,苏州,150-500人,本科,8735,13887
数据分析师,设计和维护数据报表，监控业务指标变化。要求熟悉Python、Tableau、统计学等相关技术，具备良好的沟通能力和团队协作精神。,杭州,50-150人,博士,19029,31615
运维工程师,负责公司核心产品的开发与维护，参与技术方案设计。要求熟悉Linux、运维、监控等相关技术，具备良好的沟通能力和团队协作精神。,成都,150-500人,大专,7616,12224
前端开发工程师,负责后端服务开发，确保代码质量和系统稳定性。要求熟悉HTML、CSS、JavaScript等相关技术，具备良好的沟通能力和团队协作精神。,重庆,少于50人,硕士,7478,13136
市场经理,负责市场推广和品牌建设，拓展市场渠道。要求熟悉渠道拓展、品牌建设、活动策划等相关技术，具备良好的沟通能力和团队协作精神。,上海,少于50人,本科,13253,23698
算法工程师,参与系统架构设计，优化系统性能，提升用户体验。要求熟悉算法、Python、数据结构等相关技术，具备良好的沟通能力和团队协作精神。,广州,500-1000人,本科,9963,17707
销售代表,策划营销活动，提升产品知名度和市场份额。要求熟悉销售、业绩目标、客户关系等相关技术，具备良好的沟通能力和团队协作精神。,天津,150-500人,本科,8502,14134
全栈开发工程师,参与需求分析，提供技术解决方案，推动项目落地。要求熟悉MySQL、JavaScript、Node.js等相关技术，具备良好的沟通能力和团队协作精神。,武汉,150-500人,本科,7319,12759
数据分析师,设计和维护数据报表，监控业务指标变化。要求熟悉Python、Tableau、SQL等相关技术，具备良好的沟通能力和团队协作精神。,上海,500-1000人,大专,11153,18362
全栈开发工程师,参与系统架构设计，优化系统性能，提升用户体验。要求熟悉React、MySQL、JavaScript等相关技术，具备良好的沟通能力和团队协作精神。,深圳,150-500人,本科,40494,64494
UI设计师,参与需求分析，提供技术解决方案，推动项目落地。要求熟悉交互设计、UI设计、Figma等相关技术，具备良好的沟通能力和团队协作精神。,重庆,1000人以上,硕士,10199,17188
人力资源专员,负责公司核心产品的开发与维护，参与技术方案设计。要求熟悉绩效考核、员工关系、招聘等相关技术，具备良好的沟通能力和团队协作精神。,苏州,500-1000人,硕士,7931,13193
测试工程师,负责公司核心产品的开发与维护，参与技术方案设计。要求熟悉测试、缺陷管理、自动化测试等相关技术，具备良好的沟通能力和团队协作精神。,天津,50-150人,本科,8011,13361
销售代表,分析市场趋势和竞争对手，制定市场策略。要求熟悉客户关系、销售、商务谈判等相关技术，具备良好的沟通能力和团队协作精神。,苏州,少于50人,博士,9631,18639
测试工程师,负责后端服务开发，确保代码质量和系统稳定性。要求熟悉缺陷管理、测试、自动化测试等相关技术，具备良好的沟通能力和团队协作精神。,苏州,50-150人,博士,14750,24819
运营专员,分析运营数据，优化运营策略和流程。要求熟悉数据分析、活动策划、运营等相关技术，具备良好的沟通能力和团队协作精神。,北京,500-1000人,硕士,9584,17020
市场经理,策划营销活动，提升产品知名度和市场份额。要求熟悉市场营销、渠道拓展、品牌建设等相关技术，具备良好的沟通能力和团队协作精神。,苏州,50-150人,硕士,16680,27588
人力资源专员,参与需求分析，提供技术解决方案，推动项目落地。要求熟悉培训、招聘、员工关系等相关技术，具备良好的沟通能力和团队协作精神。,成都,少于50人,硕士,5201,9179
架构师,参与系统架构设计，优化系统性能，提升用户体验。要求熟悉技术选型、微服务、系统架构等相关技术，具备良好的沟通能力和团队协作精神。,重庆,150-500人,博士,13869,23085
项目经理,负责公司核心产品的开发与维护，参与技术方案设计。要求熟悉进度控制、团队协调、风险控制等相关技术，具备良好的沟通能力和团队协作精神。,重庆,50-150人,博士,20780,33913
前端开发工程师,负责公司核心产品的开发与维护，参与技术方案设计。要求熟悉CSS、JavaScript、HTML等相关技术，具备良好的沟通能力和团队协作精神。,上海,1000人以上,博士,27188,44882
技术支持工程师,负责公司核心产品的开发与维护，参与技术方案设计。要求熟悉客户沟通、文档编写、技术支持等相关技术，具备良好的沟通能力和团队协作精神。,广州,500-1000人,大专,8810,15005
架构师,负责公司核心产品的开发与维护，参与技术方案设计。要求熟悉技术选型、系统架构、微服务等相关技术，具备良好的沟通能力和团队协作精神。,上海,500-1000人,大专,9599,16808
人力资源专员,负责后端服务开发，确保代码质量和系统稳定性。要求熟悉员工关系、培训、绩效考核等相关技术，具备良好的沟通能力和团队协作精神。,重庆,50-150人,大专,5000,7000
测试工程师,参与需求分析，提供技术解决方案，推动项目落地。要求熟悉自动化测试、性能测试、缺陷管理等相关技术，具备良好的沟通能力和团队协作精神。,北京,少于50人,硕士,15176,24370
运维工程师,负责后端服务开发，确保代码质量和系统稳定性。要求熟悉K8s、监控、Linux等相关技术，具备良好的沟通能力和团队协作精神。,深圳,少于50人,大专,6766,12206
财务分析师,参与系统架构设计，优化系统性能，提升用户体验。要求熟悉Excel、财务报表、预算编制等相关技术，具备良好的沟通能力和团队协作精神。,北京,500-1000人,博士,24062,40535
人力资源专员,参与系统架构设计，优化系统性能，提升用户体验。要求熟悉培训、招聘、员工关系等相关技术，具备良好的沟通能力和团队协作精神。,天津,1000人以上,大专,5518,8897
全栈开发工程师,参与系统架构设计，优化系统性能，提升用户体验。要求熟悉MongoDB、MySQL、React等相关技术，具备良好的沟通能力和团队协作精神。,广州,150-500人,博士,6212,11281
运维工程师,负责后端服务开发，确保代码质量和系统稳定性。要求熟悉运维、监控、Linux等相关技术，具备良好的沟通能力和团队协作精神。,重庆,1000人以上,本科,7353,13497
销售代表,分析市场趋势和竞争对手，制定市场策略。要求熟悉商务谈判、业绩目标、客户关系等相关技术，具备良好的沟通能力和团队协作精神。,上海,500-1000人,博士,17912,34132
测试工程师,参与系统架构设计，优化系统性能，提升用户体验。要求熟悉测试、自动化测试、性能测试等相关技术，具备良好的沟通能力和团队协作精神。,广州,150-500人,大专,7234,12866
产品经理,协调研发、设计、运营团队，确保产品按时交付。要求熟悉用户研究、需求分析、数据分析等相关技术，具备良好的沟通能力和团队协作精神。,南京,500-1000人,硕士,17729,30771
技术支持工程师,参与系统架构设计，优化系统性能，提升用户体验。要求熟悉问题排查、文档编写、客户沟通等相关技术，具备良好的沟通能力和团队协作精神。,苏州,150-500人,硕士,10873,18528
技术支持工程师,负责公司核心产品的开发与维护，参与技术方案设计。要求熟悉问题排查、文档编写、技术支持等相关技术，具备良好的沟通能力和团队协作精神。,苏州,1000人以上,博士,19755,32473
Java后端开发,负责公司核心产品的开发与维护，参与技术方案设计。要求熟悉Dubbo、MySQL、SpringBoot等相关技术，具备良好的沟通能力和团队协作精神。,上海,1000人以上,本科,14487,24318
财务分析师,参与系统架构设计，优化系统性能，提升用户体验。要求熟悉财务报表、预算编制、财务分析等相关技术，具备良好的沟通能力和团队协作精神。,重庆,1000人以上,大专,8089,13004
项目经理,参与系统架构设计，优化系统性能，提升用户体验。要求熟悉进度控制、风险控制、项目管理等相关技术，具备良好的沟通能力和团队协作精神。,上海,1000人以上,博士,35509,62051
Java后端开发,参与需求分析，提供技术解决方案，推动项目落地。要求熟悉Redis、Spring、Java等相关技术，具备良好的沟通能力和团队协作精神。,广州,少于50人,本科,8800,14784
市场经理,分析市场趋势和竞争对手，制定市场策略。要求熟悉活动策划、品牌建设、市场营销等相关技术，具备良好的沟通能力和团队协作精神。,重庆,500-1000人,本科,13631,22079
算法工程师,参与需求分析，提供技术解决方案，推动项目落地。要求熟悉数据结构、算法、机器学习等相关技术，具备良好的沟通能力和团队协作精神。,成都,150-500人,本科,8056,13816
技术支持工程师,负责后端服务开发，确保代码质量和系统稳定性。要求熟悉文档编写、客户沟通、技术支持等相关技术，具备良好的沟通能力和团队协作精神。,重庆,150-500人,博士,11861,21077
全栈开发工程师,参与需求分析，提供技术解决方案，推动项目落地。要求熟悉MongoDB、React、MySQL等相关技术，具备良好的沟通能力和团队协作精神。,深圳,1000人以上,本科,11412,21012
销售代表,分析市场趋势和竞争对手，制定市场策略。要求熟悉客户关系、销售、商务谈判等相关技术，具备良好的沟通能力和团队协作精神。,上海,500-1000人,本科,9948,18959
项目经理,参与需求分析，提供技术解决方案，推动项目落地。要求熟悉风险控制、进度控制、项目管理等相关技术，具备良好的沟通能力和团队协作精神。,广州,少于50人,博士,24233,40390
算法工程师,负责后端服务开发，确保代码质量和系统稳定性。要求熟悉算法、Python、数据结构等相关技术，具备良好的沟通能力和团队协作精神。,苏州,150-500人,博士,6288,10527
测试工程师,负责公司核心产品的开发与维护，参与技术方案设计。要求熟悉缺陷管理、自动化测试、测试等相关技术，具备良好的沟通能力和团队协作精神。,天津,500-1000人,博士,16540,27691
前端开发工程师,负责后端服务开发，确保代码质量和系统稳定性。要求熟悉CSS、Vue、React等相关技术，具备良好的沟通能力和团队协作精神。,深圳,150-500人,本科,10807,18807
销售代表,负责市场推广和品牌建设，拓展市场渠道。要求熟悉商务谈判、客户关系、业绩目标等相关技术，具备良好的沟通能力和团队协作精神。,广州,1000人以上,大专,5537,8917
Java后端开发,参与系统架构设计，优化系统性能，提升用户体验。要求熟悉Java、Redis、SpringBoot等相关技术，具备良好的沟通能力和团队协作精神。,苏州,50-150人,博士,12930,22998
运维工程师,负责后端服务开发，确保代码质量和系统稳定性。要求熟悉K8s、Docker、Linux等相关技术，具备良好的沟通能力和团队协作精神。,北京,50-150人,博士,22110,36337
数据科学家,负责数据分析和挖掘，为业务决策提供数据支持。要求熟悉PyTorch、Python、机器学习等相关技术，具备良好的沟通能力和团队协作精神。,苏州,150-500人,本科,17390,28430
架构师,负责后端服务开发，确保代码质量和系统稳定性。要求熟悉性能优化、系统架构、技术选型等相关技术，具备良好的沟通能力和团队协作精神。,武汉,500-1000人,大专,6036,10823
项目经理,负责后端服务开发，确保代码质量和系统稳定性。要求熟悉项目管理、风险控制、团队协调等相关技术，具备良好的沟通能力和团队协作精神。,杭州,50-150人,硕士,20262,33896
Python开发工程师,参与需求分析，提供技术解决方案，推动项目落地。要求熟悉Flask、MySQL、Django等相关技术，具备良好的沟通能力和团队协作精神。,杭州,50-150人,博士,18271,30857
销售代表,负责市场推广和品牌建设，拓展市场渠道。要求熟悉销售、业绩目标、商务谈判等相关技术，具备良好的沟通能力和团队协作精神。,杭州,1000人以上,本科,12735,21567
运维工程师,负责公司核心产品的开发与维护，参与技术方案设计。要求熟悉Linux、监控、Docker等相关技术，具备良好的沟通能力和团队协作精神。,南京,1000人以上,博士,18257,31390
项目经理,负责后端服务开发，确保代码质量和系统稳定性。要求熟悉进度控制、团队协调、风险控制等相关技术，具备良好的沟通能力和团队协作精神。,广州,150-500人,博士,26000,45008
运维工程师,负责公司核心产品的开发与维护，参与技术方案设计。要求熟悉Docker、K8s、运维等相关技术，具备良好的沟通能力和团队协作精神。,重庆,少于50人,大专,6346,9827
机器学习工程师,参与需求分析，提供技术解决方案，推动项目落地。要求熟悉Python、特征工程、模型调优等相关技术，具备良好的沟通能力和团队协作精神。,杭州,500-1000人,硕士,16808,27333
财务分析师,参与系统架构设计，优化系统性能，提升用户体验。要求熟悉Excel、预算编制、财务报表等相关技术，具备良好的沟通能力和团队协作精神。,杭州,50-150人,博士,23228,35813
运营专员,负责日常运营工作，提升用户活跃度和留存率。要求熟悉运营、用户增长、活动策划等相关技术，具备良好的沟通能力和团队协作精神。,武汉,50-150人,大专,5000,7000
产品经理,负责产品规划和设计，推动产品迭代优化。要求熟悉需求分析、Axure、产品设计等相关技术，具备良好的沟通能力和团队协作精神。,武汉,1000人以上,本科,15313,25105
测试工程师,负责后端服务开发，确保代码质量和系统稳定性。要求熟悉自动化测试、缺陷管理、性能测试等相关技术，具备良好的沟通能力和团队协作精神。,上海,500-1000人,本科,13265,22276
人力资源专员,负责后端服务开发，确保代码质量和系统稳定性。要求熟悉员工关系、绩效考核、招聘等相关技术，具备良好的沟通能力和团队协作精神。,北京,1000人以上,硕士,12210,20322
Java后端开发,负责公司核心产品的开发与维护，参与技术方案设计。要求熟悉Java、MySQL、SpringBoot等相关技术，具备良好的沟通能力和团队协作精神。,武汉,少于50人,本科,6094,10718
全栈开发工程师,参与系统架构设计，优化系统性能，提升用户体验。要求熟悉JavaScript、Node.js、MySQL等相关技术，具备良好的沟通能力和团队协作精神。,武汉,50-150人,硕士,9135,15854
前端开发工程师,参与系统架构设计，优化系统性能，提升用户体验。要求熟悉React、Vue、JavaScript等相关技术，具备良好的沟通能力和团队协作精神。,天津,50-150人,大专,5000,7621
测试工程师,参与需求分析，提供技术解决方案，推动项目落地。要求熟悉测试、性能测试、自动化测试等相关技术，具备良好的沟通能力和团队协作精神。,成都,500-1000人,大专,7169,12238
财务分析师,负责后端服务开发，确保代码质量和系统稳定性。要求熟悉财务分析、财务报表、Excel等相关技术，具备良好的沟通能力和团队协作精神。,杭州,少于50人,硕士,12855,20987
机器学习工程师,负责公司核心产品的开发与维护，参与技术方案设计。要求熟悉机器学习、特征工程、模型调优等相关技术，具备良好的沟通能力和团队协作精神。,武汉,500-1000人,硕士,13019,20798
技术支持工程师,负责后端服务开发，确保代码质量和系统稳定性。要求熟悉技术支持、问题排查、文档编写等相关技术，具备良好的沟通能力和团队协作精神。,上海,150-500人,博士,20328,35074
销售代表,分析市场趋势和竞争对手，制定市场策略。要求熟悉销售、商务谈判、客户关系等相关技术，具备良好的沟通能力和团队协作精神。,天津,500-1000人,本科,7137,13332
数据科学家,负责数据分析和挖掘，为业务决策提供数据支持。要求熟悉Python、PyTorch、深度学习等相关技术，具备良好的沟通能力和团队协作精神。,天津,150-500人,本科,16610,27170
全栈开发工程师,负责后端服务开发，确保代码质量和系统稳定性。要求熟悉MongoDB、JavaScript、React等相关技术，具备良好的沟通能力和团队协作精神。,重庆,150-500人,本科,6035,11155
全栈开发工程师,参与系统架构设计，优化系统性能，提升用户体验。要求熟悉MongoDB、Node.js、MySQL等相关技术，具备良好的沟通能力和团队协作精神。,杭州,少于50人,大专,7325,12330
人力资源专员,负责公司核心产品的开发与维护，参与技术方案设计。要求熟悉绩效考核、招聘、培训等相关技术，具备良好的沟通能力和团队协作精神。,苏州,1000人以上,本科,6880,11296
市场经理,负责市场推广和品牌建设，拓展市场渠道。要求熟悉市场营销、活动策划、品牌建设等相关技术，具备良好的沟通能力和团队协作精神。,深圳,少于50人,大专,12685,20845
运营专员,分析运营数据，优化运营策略和流程。要求熟悉数据分析、用户增长、活动策划等相关技术，具备良好的沟通能力和团队协作精神。,北京,50-150人,大专,5302,9254
财务分析师,参与需求分析，提供技术解决方案，推动项目落地。要求熟悉Excel、财务报表、预算编制等相关技术，具备良好的沟通能力和团队协作精神。,苏州,1000人以上,博士,21556,34274
架构师,参与需求分析，提供技术解决方案，推动项目落地。要求熟悉技术选型、性能优化、系统架构等相关技术，具备良好的沟通能力和团队协作精神。,上海,1000人以上,本科,5500,10415
算法工程师,负责后端服务开发，确保代码质量和系统稳定性。要求熟悉深度学习、算法、数据结构等相关技术，具备良好的沟通能力和团队协作精神。,重庆,500-1000人,博士,15272,25410
运营专员,策划运营活动，提升品牌影响力和用户增长。要求熟悉活动策划、运营、数据分析等相关技术，具备良好的沟通能力和团队协作精神。,杭州,1000人以上,大专,7082,11498
架构师,负责公司核心产品的开发与维护，参与技术方案设计。要求熟悉技术选型、系统架构、微服务等相关技术，具备良好的沟通能力和团队协作精神。,重庆,少于50人,大专,5110,8592
数据分析师,构建机器学习模型，解决实际业务问题。要求熟悉统计学、Excel、SQL等相关技术，具备良好的沟通能力和团队协作精神。,广州,少于50人,硕士,13130,20909
运营专员,分析运营数据，优化运营策略和流程。要求熟悉运营、数据分析、用户增长等相关技术，具备良好的沟通能力和团队协作精神。,深圳,1000人以上,硕士,12347,20147
数据分析师,负责数据分析和挖掘，为业务决策提供数据支持。要求熟悉Tableau、统计学、SQL等相关技术，具备良好的沟通能力和团队协作精神。,天津,150-500人,博士,20664,30802
算法工程师,负责后端服务开发，确保代码质量和系统稳定性。要求熟悉数据结构、Python、算法等相关技术，具备良好的沟通能力和团队协作精神。,深圳,少于50人,本科,8986,15786
算法工程师,负责公司核心产品的开发与维护，参与技术方案设计。要求熟悉机器学习、深度学习、数据结构等相关技术，具备良好的沟通能力和团队协作精神。,南京,500-1000人,博士,16865,28904
Python开发工程师,参与需求分析，提供技术解决方案，推动项目落地。要求熟悉Redis、FastAPI、MySQL等相关技术，具备良好的沟通能力和团队协作精神。,杭州,50-150人,本科,8190,15182
测试工程师,参与需求分析，提供技术解决方案，推动项目落地。要求熟悉自动化测试、测试、性能测试等相关技术，具备良好的沟通能力和团队协作精神。,杭州,少于50人,博士,13650,24911
UI设计师,负责后端服务开发，确保代码质量和系统稳定性。要求熟悉UI设计、交互设计、用户体验等相关技术，具备良好的沟通能力和团队协作精神。,重庆,150-500人,本科,7453,11933
机器学习工程师,负责公司核心产品的开发与维护，参与技术方案设计。要求熟悉Python、特征工程、机器学习等相关技术，具备良好的沟通能力和团队协作精神。,天津,少于50人,硕士,9845,16068
数据分析师,构建机器学习模型，解决实际业务问题。要求熟悉Python、Excel、Tableau等相关技术，具备良好的沟通能力和团队协作精神。,杭州,500-1000人,本科,13208,21304
销售代表,分析市场趋势和竞争对手，制定市场策略。要求熟悉客户关系、商务谈判、销售等相关技术，具备良好的沟通能力和团队协作精神。,杭州,少于50人,博士,14985,26246
测试工程师,参与系统架构设计，优化系统性能，提升用户体验。要求熟悉自动化测试、性能测试、测试等相关技术，具备良好的沟通能力和团队协作精神。,武汉,50-150人,硕士,8725,15443
架构师,参与需求分析，提供技术解决方案，推动项目落地。要求熟悉技术选型、性能优化、系统架构等相关技术，具备良好的沟通能力和团队协作精神。,深圳,1000人以上,本科,12237,21837
UI设计师,参与需求分析，提供技术解决方案，推动项目落地。要求熟悉UI设计、Sketch、交互设计等相关技术，具备良好的沟通能力和团队协作精神。,南京,500-1000人,大专,7987,12668
算法工程师,负责公司核心产品的开发与维护，参与技术方案设计。要求熟悉深度学习、Python、机器学习等相关技术，具备良好的沟通能力和团队协作精神。,成都,500-1000人,本科,6933,13269
算法工程师,参与系统架构设计，优化系统性能，提升用户体验。要求熟悉算法、数据结构、机器学习等相关技术，具备良好的沟通能力和团队协作精神。,上海,少于50人,博士,20244,32777
算法工程师,负责后端服务开发，确保代码质量和系统稳定性。要求熟悉算法、机器学习、Python等相关技术，具备良好的沟通能力和团队协作精神。,杭州,500-1000人,大专,8097,14574
Python开发工程师,负责公司核心产品的开发与维护，参与技术方案设计。要求熟悉Redis、MySQL、Flask等相关技术，具备良好的沟通能力和团队协作精神。,西安,500-1000人,硕士,11334,18839
项目经理,参与系统架构设计，优化系统性能，提升用户体验。要求熟悉团队协调、进度控制、风险控制等相关技术，具备良好的沟通能力和团队协作精神。,杭州,1000人以上,博士,27110,50956
运维工程师,负责公司核心产品的开发与维护，参与技术方案设计。要求熟悉Linux、运维、监控等相关技术，具备良好的沟通能力和团队协作精神。,武汉,500-1000人,本科,8978,14962
项目经理,负责后端服务开发，确保代码质量和系统稳定性。要求熟悉团队协调、进度控制、项目管理等相关技术，具备良好的沟通能力和团队协作精神。,成都,少于50人,硕士,14330,23877
数据科学家,构建机器学习模型，解决实际业务问题。要求熟悉Python、机器学习、PyTorch等相关技术，具备良好的沟通能力和团队协作精神。,成都,1000人以上,硕士,28024,44872
Java后端开发,负责后端服务开发，确保代码质量和系统稳定性。要求熟悉SpringBoot、Java、MySQL等相关技术，具备良好的沟通能力和团队协作精神。,天津,150-500人,大专,5355,9860
机器学习工程师,负责公司核心产品的开发与维护，参与技术方案设计。要求熟悉Python、特征工程、机器学习等相关技术，具备良好的沟通能力和团队协作精神。,重庆,150-500人,大专,5823,9919
测试工程师,参与系统架构设计，优化系统性能，提升用户体验。要求熟悉缺陷管理、测试、自动化测试等相关技术，具备良好的沟通能力和团队协作精神。,杭州,150-500人,大专,6789,12677
销售代表,策划营销活动，提升产品知名度和市场份额。要求熟悉销售、客户关系、业绩目标等相关技术，具备良好的沟通能力和团队协作精神。,天津,1000人以上,大专,7177,12584
测试工程师,参与系统架构设计，优化系统性能，提升用户体验。要求熟悉自动化测试、缺陷管理、测试等相关技术，具备良好的沟通能力和团队协作精神。,广州,500-1000人,本科,12142,19886
财务分析师,负责公司核心产品的开发与维护，参与技术方案设计。要求熟悉预算编制、Excel、财务分析等相关技术，具备良好的沟通能力和团队协作精神。,天津,500-1000人,博士,20761,31912
机器学习工程师,参与系统架构设计，优化系统性能，提升用户体验。要求熟悉Python、机器学习、模型调优等相关技术，具备良好的沟通能力和团队协作精神。,重庆,1000人以上,大专,6772,11687
运维工程师,负责后端服务开发，确保代码质量和系统稳定性。要求熟悉Docker、K8s、监控等相关技术，具备良好的沟通能力和团队协作精神。,苏州,1000人以上,本科,8423,15489
市场经理,负责市场推广和品牌建设，拓展市场渠道。要求熟悉活动策划、渠道拓展、品牌建设等相关技术，具备良好的沟通能力和团队协作精神。,深圳,少于50人,大专,6103,10183
项目经理,参与系统架构设计，优化系统性能，提升用户体验。要求熟悉项目管理、风险控制、进度控制等相关技术，具备良好的沟通能力和团队协作精神。,武汉,50-150人,博士,48090,82975
技术支持工程师,负责公司核心产品的开发与维护，参与技术方案设计。要求熟悉文档编写、技术支持、客户沟通等相关技术，具备良好的沟通能力和团队协作精神。,广州,50-150人,大专,5029,10379
Java后端开发,负责公司核心产品的开发与维护，参与技术方案设计。要求熟悉Java、Spring、Dubbo等相关技术，具备良好的沟通能力和团队协作精神。,武汉,150-500人,硕士,10761,17833
运维工程师,负责后端服务开发，确保代码质量和系统稳定性。要求熟悉监控、Docker、K8s等相关技术，具备良好的沟通能力和团队协作精神。,北京,50-150人,博士,19497,33724
前端开发工程师,参与系统架构设计，优化系统性能，提升用户体验。要求熟悉JavaScript、HTML、React等相关技术，具备良好的沟通能力和团队协作精神。,重庆,少于50人,大专,5572,9053
运营专员,分析运营数据，优化运营策略和流程。要求熟悉运营、活动策划、用户增长等相关技术，具备良好的沟通能力和团队协作精神。,上海,150-500人,大专,5246,9342
数据分析师,负责数据分析和挖掘，为业务决策提供数据支持。要求熟悉Tableau、统计学、Python等相关技术，具备良好的沟通能力和团队协作精神。,南京,150-500人,博士,10862,21806
UI设计师,负责公司核心产品的开发与维护，参与技术方案设计。要求熟悉Sketch、用户体验、UI设计等相关技术，具备良好的沟通能力和团队协作精神。,重庆,50-150人,本科,7246,11502
机器学习工程师,负责后端服务开发，确保代码质量和系统稳定性。要求熟悉机器学习、特征工程、模型调优等相关技术，具备良好的沟通能力和团队协作精神。,重庆,50-150人,大专,5563,9454
测试工程师,负责后端服务开发，确保代码质量和系统稳定性。要求熟悉性能测试、测试、缺陷管理等相关技术，具备良好的沟通能力和团队协作精神。,杭州,50-150人,本科,7397,14389
Java后端开发,负责公司核心产品的开发与维护，参与技术方案设计。要求熟悉Java、SpringBoot、MySQL等相关技术，具备良好的沟通能力和团队协作精神。,武汉,150-500人,大专,5185,9537
Python开发工程师,负责公司核心产品的开发与维护，参与技术方案设计。要求熟悉Django、Python、Redis等相关技术，具备良好的沟通能力和团队协作精神。,上海,少于50人,硕士,17123,26175
市场经理,分析市场趋势和竞争对手，制定市场策略。要求熟悉渠道拓展、市场营销、活动策划等相关技术，具备良好的沟通能力和团队协作精神。,成都,150-500人,博士,20492,36044
测试工程师,负责后端服务开发，确保代码质量和系统稳定性。要求熟悉缺陷管理、性能测试、自动化测试等相关技术，具备良好的沟通能力和团队协作精神。,深圳,50-150人,本科,11491,19091
数据分析师,构建机器学习模型，解决实际业务问题。要求熟悉SQL、Tableau、Python等相关技术，具备良好的沟通能力和团队协作精神。,重庆,少于50人,博士,12104,19937
架构师,参与需求分析，提供技术解决方案，推动项目落地。要求熟悉微服务、技术选型、系统架构等相关技术，具备良好的沟通能力和团队协作精神。,西安,500-1000人,博士,10215,20606
机器学习工程师,负责公司核心产品的开发与维护，参与技术方案设计。要求熟悉机器学习、Python、特征工程等相关技术，具备良好的沟通能力和团队协作精神。,南京,500-1000人,博士,16168,28206
架构师,参与系统架构设计，优化系统性能，提升用户体验。要求熟悉系统架构、技术选型、性能优化等相关技术，具备良好的沟通能力和团队协作精神。,苏州,50-150人,博士,13342,23411
算法工程师,负责公司核心产品的开发与维护，参与技术方案设计。要求熟悉深度学习、Python、数据结构等相关技术，具备良好的沟通能力和团队协作精神。,北京,150-500人,硕士,14061,24877
市场经理,分析市场趋势和竞争对手，制定市场策略。要求熟悉市场营销、渠道拓展、品牌建设等相关技术，具备良好的沟通能力和团队协作精神。,天津,1000人以上,博士,24698,42946
算法工程师,参与需求分析，提供技术解决方案，推动项目落地。要求熟悉深度学习、机器学习、数据结构等相关技术，具备良好的沟通能力和团队协作精神。,杭州,少于50人,大专,7129,12134
Java后端开发,参与需求分析，提供技术解决方案，推动项目落地。要求熟悉SpringBoot、Redis、Dubbo等相关技术，具备良好的沟通能力和团队协作精神。,广州,少于50人,硕士,4190,7302
技术支持工程师,负责后端服务开发，确保代码质量和系统稳定性。要求熟悉问题排查、客户沟通、文档编写等相关技术，具备良好的沟通能力和团队协作精神。,广州,1000人以上,大专,7691,14449
数据分析师,构建机器学习模型，解决实际业务问题。要求熟悉统计学、Excel、SQL等相关技术，具备良好的沟通能力和团队协作精神。,北京,150-500人,硕士,19402,30218
项目经理,负责后端服务开发，确保代码质量和系统稳定性。要求熟悉团队协调、项目管理、进度控制等相关技术，具备良好的沟通能力和团队协作精神。,深圳,500-1000人,大专,10660,21220
算法工程师,参与需求分析，提供技术解决方案，推动项目落地。要求熟悉算法、数据结构、深度学习等相关技术，具备良好的沟通能力和团队协作精神。,南京,150-500人,博士,10840,21784
UI设计师,参与系统架构设计，优化系统性能，提升用户体验。要求熟悉用户体验、Sketch、UI设计等相关技术，具备良好的沟通能力和团队协作精神。,重庆,少于50人,硕士,8916,13867
Java后端开发,负责后端服务开发，确保代码质量和系统稳定性。要求熟悉Dubbo、SpringBoot、Spring等相关技术，具备良好的沟通能力和团队协作精神。,重庆,150-500人,硕士,9784,16440
市场经理,策划营销活动，提升产品知名度和市场份额。要求熟悉活动策划、品牌建设、渠道拓展等相关技术，具备良好的沟通能力和团队协作精神。,杭州,150-500人,大专,12048,20880
运维工程师,参与系统架构设计，优化系统性能，提升用户体验。要求熟悉运维、监控、Docker等相关技术，具备良好的沟通能力和团队协作精神。,南京,1000人以上,本科,8123,15419
Java后端开发,负责后端服务开发，确保代码质量和系统稳定性。要求熟悉Java、Redis、SpringBoot等相关技术，具备良好的沟通能力和团队协作精神。,西安,50-150人,大专,5000,8943
测试工程师,负责后端服务开发，确保代码质量和系统稳定性。要求熟悉缺陷管理、测试、自动化测试等相关技术，具备良好的沟通能力和团队协作精神。,上海,少于50人,本科,9231,16194
销售代表,策划营销活动，提升产品知名度和市场份额。要求熟悉销售、业绩目标、客户关系等相关技术，具备良好的沟通能力和团队协作精神。,重庆,500-1000人,大专,5000,9352
架构师,负责公司核心产品的开发与维护，参与技术方案设计。要求熟悉微服务、技术选型、性能优化等相关技术，具备良好的沟通能力和团队协作精神。,武汉,500-1000人,博士,13317,24089
数据分析师,构建机器学习模型，解决实际业务问题。要求熟悉Tableau、SQL、Python等相关技术，具备良好的沟通能力和团队协作精神。,武汉,50-150人,硕士,12295,19014
产品经理,协调研发、设计、运营团队，确保产品按时交付。要求熟悉产品设计、数据分析、用户研究等相关技术，具备良好的沟通能力和团队协作精神。,苏州,1000人以上,博士,31336,50413
全栈开发工程师,负责公司核心产品的开发与维护，参与技术方案设计。要求熟悉React、MongoDB、JavaScript等相关技术，具备良好的沟通能力和团队协作精神。,南京,500-1000人,博士,15606,27644
市场经理,分析市场趋势和竞争对手，制定市场策略。要求熟悉渠道拓展、市场营销、活动策划等相关技术，具备良好的沟通能力和团队协作精神。,西安,少于50人,硕士,13194,21892
UI设计师,参与需求分析，提供技术解决方案，推动项目落地。要求熟悉用户体验、交互设计、Sketch等相关技术，具备良好的沟通能力和团队协作精神。,广州,50-150人,硕士,9377,16985
产品经理,分析用户需求和市场动态，制定产品发展策略。要求熟悉产品设计、Axure、数据分析等相关技术，具备良好的沟通能力和团队协作精神。,苏州,少于50人,本科,11250,18757
运维工程师,参与系统架构设计，优化系统性能，提升用户体验。要求熟悉Docker、K8s、监控等相关技术，具备良好的沟通能力和团队协作精神。,上海,500-1000人,博士,19857,36077
数据科学家,构建机器学习模型，解决实际业务问题。要求熟悉PyTorch、Python、TensorFlow等相关技术，具备良好的沟通能力和团队协作精神。,杭州,500-1000人,大专,20005,32149
机器学习工程师,负责后端服务开发，确保代码质量和系统稳定性。要求熟悉机器学习、Python、特征工程等相关技术，具备良好的沟通能力和团队协作精神。,北京,少于50人,博士,16911,29641
前端开发工程师,负责后端服务开发，确保代码质量和系统稳定性。要求熟悉JavaScript、HTML、CSS等相关技术，具备良好的沟通能力和团队协作精神。,杭州,150-500人,博士,21495,34743
数据科学家,构建机器学习模型，解决实际业务问题。要求熟悉Python、PyTorch、TensorFlow等相关技术，具备良好的沟通能力和团队协作精神。,西安,150-500人,大专,11029,18901
产品经理,负责产品规划和设计，推动产品迭代优化。要求熟悉需求分析、Axure、数据分析等相关技术，具备良好的沟通能力和团队协作精神。,广州,500-1000人,硕士,22540,37641
测试工程师,参与系统架构设计，优化系统性能，提升用户体验。要求熟悉缺陷管理、测试、自动化测试等相关技术，具备良好的沟通能力和团队协作精神。,杭州,少于50人,硕士,10756,18889
前端开发工程师,负责公司核心产品的开发与维护，参与技术方案设计。要求熟悉JavaScript、Vue、HTML等相关技术，具备良好的沟通能力和团队协作精神。,重庆,50-150人,本科,6543,11407
全栈开发工程师,负责公司核心产品的开发与维护，参与技术方案设计。要求熟悉React、JavaScript、MongoDB等相关技术，具备良好的沟通能力和团队协作精神。,重庆,少于50人,大专,5000,8148
Python开发工程师,参与需求分析，提供技术解决方案，推动项目落地。要求熟悉Redis、MySQL、Django等相关技术，具备良好的沟通能力和团队协作精神。,西安,少于50人,本科,5426,9887
Java后端开发,参与系统架构设计，优化系统性能，提升用户体验。要求熟悉Java、SpringBoot、Redis等相关技术，具备良好的沟通能力和团队协作精神。,北京,150-500人,本科,34254,59214
数据科学家,设计和维护数据报表，监控业务指标变化。要求熟悉机器学习、深度学习、Python等相关技术，具备良好的沟通能力和团队协作精神。,重庆,500-1000人,博士,29847,48855
架构师,参与需求分析，提供技术解决方案，推动项目落地。要求熟悉系统架构、微服务、技术选型等相关技术，具备良好的沟通能力和团队协作精神。,杭州,50-150人,硕士,12909,21998
全栈开发工程师,负责后端服务开发，确保代码质量和系统稳定性。要求熟悉React、MySQL、Node.js等相关技术，具备良好的沟通能力和团队协作精神。,重庆,150-500人,硕士,9257,15913
前端开发工程师,负责后端服务开发，确保代码质量和系统稳定性。要求熟悉React、TypeScript、Vue等相关技术，具备良好的沟通能力和团队协作精神。,南京,150-500人,硕士,12050,19954
架构师,负责后端服务开发，确保代码质量和系统稳定性。要求熟悉系统架构、性能优化、微服务等相关技术，具备良好的沟通能力和团队协作精神。,深圳,500-1000人,本科,13623,22423
产品经理,负责产品规划和设计，推动产品迭代优化。要求熟悉需求分析、数据分析、产品设计等相关技术，具备良好的沟通能力和团队协作精神。,苏州,1000人以上,硕士,16230,30008
机器学习工程师,参与系统架构设计，优化系统性能，提升用户体验。要求熟悉特征工程、模型调优、Python等相关技术，具备良好的沟通能力和团队协作精神。,成都,1000人以上,硕士,13818,22804
机器学习工程师,负责公司核心产品的开发与维护，参与技术方案设计。要求熟悉特征工程、Python、机器学习等相关技术，具备良好的沟通能力和团队协作精神。,重庆,150-500人,本科,5901,11021
市场经理,分析市场趋势和竞争对手，制定市场策略。要求熟悉活动策划、市场营销、品牌建设等相关技术，具备良好的沟通能力和团队协作精神。,北京,500-1000人,大专,16311,27293
产品经理,负责产品规划和设计，推动产品迭代优化。要求熟悉Axure、用户研究、需求分析等相关技术，具备良好的沟通能力和团队协作精神。,杭州,50-150人,硕士,20331,33966
测试工程师,负责后端服务开发，确保代码质量和系统稳定性。要求熟悉缺陷管理、自动化测试、测试等相关技术，具备良好的沟通能力和团队协作精神。,西安,150-500人,硕士,6935,13758
Java后端开发,负责公司核心产品的开发与维护，参与技术方案设计。要求熟悉Java、MySQL、Dubbo等相关技术，具备良好的沟通能力和团队协作精神。,杭州,500-1000人,硕士,14655,25179
人力资源专员,参与需求分析，提供技术解决方案，推动项目落地。要求熟悉绩效考核、员工关系、培训等相关技术，具备良好的沟通能力和团队协作精神。,苏州,1000人以上,本科,6210,10626
数据分析师,构建机器学习模型，解决实际业务问题。要求熟悉Excel、Tableau、统计学等相关技术，具备良好的沟通能力和团队协作精神。,天津,500-1000人,硕士,12253,20307
项目经理,负责后端服务开发，确保代码质量和系统稳定性。要求熟悉风险控制、项目管理、团队协调等相关技术，具备良好的沟通能力和团队协作精神。,广州,1000人以上,硕士,26823,43297
数据分析师,负责数据分析和挖掘，为业务决策提供数据支持。要求熟悉Tableau、Excel、统计学等相关技术，具备良好的沟通能力和团队协作精神。,上海,少于50人,硕士,13981,23033
产品经理,负责产品规划和设计，推动产品迭代优化。要求熟悉产品设计、用户研究、数据分析等相关技术，具备良好的沟通能力和团队协作精神。,成都,50-150人,博士,18080,32855
项目经理,负责后端服务开发，确保代码质量和系统稳定性。要求熟悉风险控制、项目管理、进度控制等相关技术，具备良好的沟通能力和团队协作精神。,苏州,50-150人,本科,11655,20046
项目经理,负责后端服务开发，确保代码质量和系统稳定性。要求熟悉项目管理、团队协调、进度控制等相关技术，具备良好的沟通能力和团队协作精神。,深圳,500-1000人,本科,19846,33046
运营专员,负责日常运营工作，提升用户活跃度和留存率。要求熟悉活动策划、运营、用户增长等相关技术，具备良好的沟通能力和团队协作精神。,广州,少于50人,博士,9907,16639
Java后端开发,参与系统架构设计，优化系统性能，提升用户体验。要求熟悉Dubbo、Redis、SpringBoot等相关技术，具备良好的沟通能力和团队协作精神。,重庆,50-150人,硕士,10077,16400
产品经理,负责产品规划和设计，推动产品迭代优化。要求熟悉需求分析、用户研究、产品设计等相关技术，具备良好的沟通能力和团队协作精神。,深圳,500-1000人,硕士,25303,42463
测试工程师,负责后端服务开发，确保代码质量和系统稳定性。要求熟悉性能测试、自动化测试、缺陷管理等相关技术，具备良好的沟通能力和团队协作精神。,苏州,150-500人,博士,10244,20842
技术支持工程师,参与系统架构设计，优化系统性能，提升用户体验。要求熟悉文档编写、客户沟通、技术支持等相关技术，具备良好的沟通能力和团队协作精神。,成都,500-1000人,大专,6466,11535
全栈开发工程师,参与需求分析，提供技术解决方案，推动项目落地。要求熟悉JavaScript、React、MongoDB等相关技术，具备良好的沟通能力和团队协作精神。,西安,150-500人,本科,6663,11911
数据分析师,负责数据分析和挖掘，为业务决策提供数据支持。要求熟悉Excel、统计学、Tableau等相关技术，具备良好的沟通能力和团队协作精神。,重庆,150-500人,大专,7341,11437
数据分析师,构建机器学习模型，解决实际业务问题。要求熟悉Tableau、Python、统计学等相关技术，具备良好的沟通能力和团队协作精神。,西安,500-1000人,大专,5141,9759
Python开发工程师,负责后端服务开发，确保代码质量和系统稳定性。要求熟悉Redis、FastAPI、Flask等相关技术，具备良好的沟通能力和团队协作精神。,重庆,150-500人,大专,7589,11685
销售代表,分析市场趋势和竞争对手，制定市场策略。要求熟悉业绩目标、销售、商务谈判等相关技术，具备良好的沟通能力和团队协作精神。,上海,少于50人,本科,10267,17230
全栈开发工程师,参与系统架构设计，优化系统性能，提升用户体验。要求熟悉React、MongoDB、JavaScript等相关技术，具备良好的沟通能力和团队协作精神。,北京,150-500人,大专,9337,15993
测试工程师,负责后端服务开发，确保代码质量和系统稳定性。要求熟悉自动化测试、性能测试、测试等相关技术，具备良好的沟通能力和团队协作精神。,重庆,150-500人,硕士,10626,17282
UI设计师,负责后端服务开发，确保代码质量和系统稳定性。要求熟悉Figma、交互设计、Sketch等相关技术，具备良好的沟通能力和团队协作精神。,武汉,500-1000人,博士,20216,29641
机器学习工程师,参与系统架构设计，优化系统性能，提升用户体验。要求熟悉模型调优、Python、特征工程等相关技术，具备良好的沟通能力和团队协作精神。,成都,150-500人,本科,8860,14620
UI设计师,参与系统架构设计，优化系统性能，提升用户体验。要求熟悉UI设计、Sketch、交互设计等相关技术，具备良好的沟通能力和团队协作精神。,南京,50-150人,博士,16795,25892
Java后端开发,负责公司核心产品的开发与维护，参与技术方案设计。要求熟悉MySQL、Dubbo、Spring等相关技术，具备良好的沟通能力和团队协作精神。,北京,50-150人,博士,19911,34138
前端开发工程师,参与需求分析，提供技术解决方案，推动项目落地。要求熟悉HTML、TypeScript、Vue等相关技术，具备良好的沟通能力和团队协作精神。,杭州,50-150人,硕士,12256,21346
机器学习工程师,负责后端服务开发，确保代码质量和系统稳定性。要求熟悉模型调优、Python、特征工程等相关技术，具备良好的沟通能力和团队协作精神。,西安,少于50人,硕士,7456,13255
Python开发工程师,参与系统架构设计，优化系统性能，提升用户体验。要求熟悉Python、MySQL、FastAPI等相关技术，具备良好的沟通能力和团队协作精神。,成都,50-150人,大专,5341,9718
算法工程师,负责公司核心产品的开发与维护，参与技术方案设计。要求熟悉机器学习、数据结构、算法等相关技术，具备良好的沟通能力和团队协作精神。,北京,1000人以上,硕士,16174,29153
UI设计师,参与系统架构设计，优化系统性能，提升用户体验。要求熟悉交互设计、用户体验、UI设计等相关技术，具备良好的沟通能力和团队协作精神。,西安,50-150人,大专,5000,8213
产品经理,负责产品规划和设计，推动产品迭代优化。要求熟悉需求分析、用户研究、Axure等相关技术，具备良好的沟通能力和团队协作精神。,上海,150-500人,硕士,21737,37711
销售代表,策划营销活动，提升产品知名度和市场份额。要求熟悉销售、业绩目标、商务谈判等相关技术，具备良好的沟通能力和团队协作精神。,苏州,少于50人,本科,5300,10305
测试工程师,参与需求分析，提供技术解决方案，推动项目落地。要求熟悉测试、缺陷管理、性能测试等相关技术，具备良好的沟通能力和团队协作精神。,深圳,50-150人,大专,8577,14657
运维工程师,参与系统架构设计，优化系统性能，提升用户体验。要求熟悉Linux、Docker、K8s等相关技术，具备良好的沟通能力和团队协作精神。,苏州,150-500人,硕士,10472,18127
财务分析师,参与系统架构设计，优化系统性能，提升用户体验。要求熟悉财务分析、预算编制、Excel等相关技术，具备良好的沟通能力和团队协作精神。,北京,50-150人,本科,13592,21496
销售代表,策划营销活动，提升产品知名度和市场份额。要求熟悉销售、业绩目标、商务谈判等相关技术，具备良好的沟通能力和团队协作精神。,上海,500-1000人,硕士,14960,26675
机器学习工程师,参与需求分析，提供技术解决方案，推动项目落地。要求熟悉Python、特征工程、机器学习等相关技术，具备良好的沟通能力和团队协作精神。,北京,1000人以上,大专,15590,23577
前端开发工程师,参与系统架构设计，优化系统性能，提升用户体验。要求熟悉CSS、Vue、JavaScript等相关技术，具备良好的沟通能力和团队协作精神。,西安,150-500人,大专,6843,11041
算法工程师,参与需求分析，提供技术解决方案，推动项目落地。要求熟悉机器学习、Python、深度学习等相关技术，具备良好的沟通能力和团队协作精神。,北京,少于50人,博士,14532,27262
测试工程师,负责公司核心产品的开发与维护，参与技术方案设计。要求熟悉性能测试、缺陷管理、测试等相关技术，具备良好的沟通能力和团队协作精神。,成都,150-500人,硕士,10622,18110
运营专员,分析运营数据，优化运营策略和流程。要求熟悉用户增长、运营、数据分析等相关技术，具备良好的沟通能力和团队协作精神。,成都,少于50人,硕士,2741,4730
人力资源专员,参与需求分析，提供技术解决方案，推动项目落地。要求熟悉培训、员工关系、招聘等相关技术，具备良好的沟通能力和团队协作精神。,武汉,1000人以上,硕士,6879,12183
运维工程师,负责公司核心产品的开发与维护，参与技术方案设计。要求熟悉Docker、Linux、运维等相关技术，具备良好的沟通能力和团队协作精神。,武汉,150-500人,大专,5000,9242
运营专员,分析运营数据，优化运营策略和流程。要求熟悉数据分析、运营、活动策划等相关技术，具备良好的沟通能力和团队协作精神。,广州,1000人以上,硕士,10889,17753
人力资源专员,参与需求分析，提供技术解决方案，推动项目落地。要求熟悉绩效考核、员工关系、招聘等相关技术，具备良好的沟通能力和团队协作精神。,深圳,少于50人,博士,10432,18082
运营专员,负责日常运营工作，提升用户活跃度和留存率。要求熟悉用户增长、数据分析、活动策划等相关技术，具备良好的沟通能力和团队协作精神。,苏州,50-150人,硕士,7696,12241
UI设计师,参与需求分析，提供技术解决方案，推动项目落地。要求熟悉交互设计、Sketch、用户体验等相关技术，具备良好的沟通能力和团队协作精神。,杭州,少于50人,博士,18285,28138
市场经理,负责市场推广和品牌建设，拓展市场渠道。要求熟悉市场营销、品牌建设、渠道拓展等相关技术，具备良好的沟通能力和团队协作精神。,西安,150-500人,大专,10281,16579
UI设计师,负责后端服务开发，确保代码质量和系统稳定性。要求熟悉UI设计、用户体验、Sketch等相关技术，具备良好的沟通能力和团队协作精神。,重庆,50-150人,博士,11186,18847
算法工程师,负责后端服务开发，确保代码质量和系统稳定性。要求熟悉数据结构、机器学习、深度学习等相关技术，具备良好的沟通能力和团队协作精神。,重庆,1000人以上,博士,16192,27251
Java后端开发,参与系统架构设计，优化系统性能，提升用户体验。要求熟悉Java、MySQL、SpringBoot等相关技术，具备良好的沟通能力和团队协作精神。,上海,50-150人,硕士,15110,25227
销售代表,策划营销活动，提升产品知名度和市场份额。要求熟悉客户关系、业绩目标、销售等相关技术，具备良好的沟通能力和团队协作精神。,重庆,1000人以上,本科,7901,14045
产品经理,负责产品规划和设计，推动产品迭代优化。要求熟悉用户研究、需求分析、数据分析等相关技术，具备良好的沟通能力和团队协作精神。,西安,少于50人,硕士,10701,19400
销售代表,策划营销活动，提升产品知名度和市场份额。要求熟悉业绩目标、商务谈判、销售等相关技术，具备良好的沟通能力和团队协作精神。,上海,1000人以上,博士,29670,47364
财务分析师,负责公司核心产品的开发与维护，参与技术方案设计。要求熟悉预算编制、Excel、财务分析等相关技术，具备良好的沟通能力和团队协作精神。,天津,1000人以上,本科,11741,18499
测试工程师,负责公司核心产品的开发与维护，参与技术方案设计。要求熟悉自动化测试、缺陷管理、性能测试等相关技术，具备良好的沟通能力和团队协作精神。,广州,150-500人,博士,18935,31607
测试工程师,参与系统架构设计，优化系统性能，提升用户体验。要求熟悉测试、缺陷管理、自动化测试等相关技术，具备良好的沟通能力和团队协作精神。,深圳,少于50人,本科,8301,15101
UI设计师,负责公司核心产品的开发与维护，参与技术方案设计。要求熟悉Sketch、Figma、UI设计等相关技术，具备良好的沟通能力和团队协作精神。,重庆,1000人以上,硕士,9655,16644
运营专员,策划运营活动，提升品牌影响力和用户增长。要求熟悉运营、用户增长、数据分析等相关技术，具备良好的沟通能力和团队协作精神。,深圳,150-500人,博士,12474,21474
市场经理,策划营销活动，提升产品知名度和市场份额。要求熟悉市场营销、渠道拓展、活动策划等相关技术，具备良好的沟通能力和团队协作精神。,西安,1000人以上,本科,12769,22215
Python开发工程师,参与系统架构设计，优化系统性能，提升用户体验。要求熟悉Redis、FastAPI、Flask等相关技术，具备良好的沟通能力和团队协作精神。,广州,150-500人,大专,6620,12252
机器学习工程师,参与需求分析，提供技术解决方案，推动项目落地。要求熟悉特征工程、模型调优、机器学习等相关技术，具备良好的沟通能力和团队协作精神。,深圳,1000人以上,硕士,17136,29616
UI设计师,参与需求分析，提供技术解决方案，推动项目落地。要求熟悉UI设计、交互设计、Figma等相关技术，具备良好的沟通能力和团队协作精神。,北京,500-1000人,大专,8206,14613
产品经理,负责产品规划和设计，推动产品迭代优化。要求熟悉需求分析、用户研究、产品设计等相关技术，具备良好的沟通能力和团队协作精神。,武汉,少于50人,硕士,10504,19521
Java后端开发,参与需求分析，提供技术解决方案，推动项目落地。要求熟悉SpringBoot、Dubbo、Spring等相关技术，具备良好的沟通能力和团队协作精神。,杭州,1000人以上,大专,10604,17669
人力资源专员,参与需求分析，提供技术解决方案，推动项目落地。要求熟悉培训、绩效考核、员工关系等相关技术，具备良好的沟通能力和团队协作精神。,南京,500-1000人,大专,5419,8763
财务分析师,参与需求分析，提供技术解决方案，推动项目落地。要求熟悉财务报表、预算编制、财务分析等相关技术，具备良好的沟通能力和团队协作精神。,深圳,少于50人,硕士,14159,22999
市场经理,策划营销活动，提升产品知名度和市场份额。要求熟悉市场营销、渠道拓展、活动策划等相关技术，具备良好的沟通能力和团队协作精神。,杭州,150-500人,博士,23531,43403
运营专员,负责日常运营工作，提升用户活跃度和留存率。要求熟悉数据分析、运营、活动策划等相关技术，具备良好的沟通能力和团队协作精神。,南京,500-1000人,硕士,7034,12468
运维工程师,负责后端服务开发，确保代码质量和系统稳定性。要求熟悉运维、K8s、监控等相关技术，具备良好的沟通能力和团队协作精神。,成都,50-150人,大专,5712,10090
财务分析师,负责公司核心产品的开发与维护，参与技术方案设计。要求熟悉预算编制、财务分析、Excel等相关技术，具备良好的沟通能力和团队协作精神。,广州,150-500人,本科,12872,19912
算法工程师,负责公司核心产品的开发与维护，参与技术方案设计。要求熟悉Python、算法、机器学习等相关技术，具备良好的沟通能力和团队协作精神。,苏州,1000人以上,本科,10944,18010
UI设计师,参与系统架构设计，优化系统性能，提升用户体验。要求熟悉UI设计、Sketch、用户体验等相关技术，具备良好的沟通能力和团队协作精神。,天津,少于50人,本科,6435,10624
产品经理,协调研发、设计、运营团队，确保产品按时交付。要求熟悉用户研究、数据分析、产品设计等相关技术，具备良好的沟通能力和团队协作精神。,南京,150-500人,硕士,13737,25593
销售代表,分析市场趋势和竞争对手，制定市场策略。要求熟悉业绩目标、商务谈判、客户关系等相关技术，具备良好的沟通能力和团队协作精神。,重庆,150-500人,大专,5837,9933
人力资源专员,参与需求分析，提供技术解决方案，推动项目落地。要求熟悉培训、绩效考核、招聘等相关技术，具备良好的沟通能力和团队协作精神。,北京,150-500人,硕士,9026,15786
全栈开发工程师,参与需求分析，提供技术解决方案，推动项目落地。要求熟悉MySQL、MongoDB、Node.js等相关技术，具备良好的沟通能力和团队协作精神。,武汉,150-500人,硕士,9036,16108
UI设计师,参与需求分析，提供技术解决方案，推动项目落地。要求熟悉用户体验、交互设计、Figma等相关技术，具备良好的沟通能力和团队协作精神。,武汉,150-500人,博士,16509,25077
测试工程师,参与系统架构设计，优化系统性能，提升用户体验。要求熟悉测试、性能测试、自动化测试等相关技术，具备良好的沟通能力和团队协作精神。,武汉,少于50人,硕士,9197,15208
数据分析师,构建机器学习模型，解决实际业务问题。要求熟悉Python、Excel、SQL等相关技术，具备良好的沟通能力和团队协作精神。,苏州,500-1000人,硕士,14499,22919
测试工程师,参与需求分析，提供技术解决方案，推动项目落地。要求熟悉自动化测试、性能测试、缺陷管理等相关技术，具备良好的沟通能力和团队协作精神。,成都,少于50人,硕士,7233,13598
数据分析师,设计和维护数据报表，监控业务指标变化。要求熟悉Python、Excel、SQL等相关技术，具备良好的沟通能力和团队协作精神。,西安,150-500人,硕士,11828,18650
Python开发工程师,负责公司核心产品的开发与维护，参与技术方案设计。要求熟悉FastAPI、MySQL、Django等相关技术，具备良好的沟通能力和团队协作精神。,武汉,少于50人,硕士,9463,15474
技术支持工程师,参与需求分析，提供技术解决方案，推动项目落地。要求熟悉客户沟通、技术支持、文档编写等相关技术，具备良好的沟通能力和团队协作精神。,南京,500-1000人,本科,8724,15412
人力资源专员,参与需求分析，提供技术解决方案，推动项目落地。要求熟悉员工关系、招聘、绩效考核等相关技术，具备良好的沟通能力和团队协作精神。,西安,50-150人,硕士,7170,11221
算法工程师,参与系统架构设计，优化系统性能，提升用户体验。要求熟悉算法、数据结构、深度学习等相关技术，具备良好的沟通能力和团队协作精神。,深圳,少于50人,硕士,14297,23137
架构师,参与系统架构设计，优化系统性能，提升用户体验。要求熟悉系统架构、微服务、性能优化等相关技术，具备良好的沟通能力和团队协作精神。,天津,50-150人,本科,9025,14376
全栈开发工程师,参与需求分析，提供技术解决方案，推动项目落地。要求熟悉Node.js、MongoDB、MySQL等相关技术，具备良好的沟通能力和团队协作精神。,南京,150-500人,大专,6966,11830
架构师,负责后端服务开发，确保代码质量和系统稳定性。要求熟悉性能优化、系统架构、技术选型等相关技术，具备良好的沟通能力和团队协作精神。,成都,150-500人,博士,15397,25765
销售代表,负责市场推广和品牌建设，拓展市场渠道。要求熟悉商务谈判、销售、客户关系等相关技术，具备良好的沟通能力和团队协作精神。,深圳,1000人以上,博士,28341,45621
机器学习工程师,负责后端服务开发，确保代码质量和系统稳定性。要求熟悉特征工程、机器学习、Python等相关技术，具备良好的沟通能力和团队协作精神。,武汉,1000人以上,博士,17142,28892
市场经理,分析市场趋势和竞争对手，制定市场策略。要求熟悉活动策划、渠道拓展、市场营销等相关技术，具备良好的沟通能力和团队协作精神。,上海,500-1000人,本科,17315,30832
算法工程师,参与需求分析，提供技术解决方案，推动项目落地。要求熟悉深度学习、机器学习、算法等相关技术，具备良好的沟通能力和团队协作精神。,成都,150-500人,博士,13384,23752
机器学习工程师,参与需求分析，提供技术解决方案，推动项目落地。要求熟悉特征工程、Python、机器学习等相关技术，具备良好的沟通能力和团队协作精神。,南京,1000人以上,硕士,13465,22950
架构师,负责公司核心产品的开发与维护，参与技术方案设计。要求熟悉系统架构、性能优化、微服务等相关技术，具备良好的沟通能力和团队协作精神。,深圳,150-500人,博士,16315,30715
财务分析师,负责后端服务开发，确保代码质量和系统稳定性。要求熟悉财务报表、预算编制、财务分析等相关技术，具备良好的沟通能力和团队协作精神。,深圳,150-500人,博士,23848,38248
项目经理,参与系统架构设计，优化系统性能，提升用户体验。要求熟悉风险控制、团队协调、进度控制等相关技术，具备良好的沟通能力和团队协作精神。,广州,500-1000人,硕士,23868,38969
全栈开发工程师,参与系统架构设计，优化系统性能，提升用户体验。要求熟悉MySQL、MongoDB、Node.js等相关技术，具备良好的沟通能力和团队协作精神。,西安,1000人以上,博士,10929,22264
技术支持工程师,参与系统架构设计，优化系统性能，提升用户体验。要求熟悉文档编写、技术支持、客户沟通等相关技术，具备良好的沟通能力和团队协作精神。,北京,少于50人,大专,9406,15064
技术支持工程师,参与系统架构设计，优化系统性能，提升用户体验。要求熟悉文档编写、技术支持、客户沟通等相关技术，具备良好的沟通能力和团队协作精神。,成都,50-150人,大专,6940,11318
数据分析师,设计和维护数据报表，监控业务指标变化。要求熟悉SQL、Python、Excel等相关技术，具备良好的沟通能力和团队协作精神。,上海,150-500人,大专,10400,16953
人力资源专员,参与需求分析，提供技术解决方案，推动项目落地。要求熟悉培训、招聘、绩效考核等相关技术，具备良好的沟通能力和团队协作精神。,深圳,150-500人,硕士,10456,16956
全栈开发工程师,参与需求分析，提供技术解决方案，推动项目落地。要求熟悉React、MongoDB、Node.js等相关技术，具备良好的沟通能力和团队协作精神。,武汉,150-500人,博士,13469,23261
机器学习工程师,参与系统架构设计，优化系统性能，提升用户体验。要求熟悉特征工程、Python、模型调优等相关技术，具备良好的沟通能力和团队协作精神。,重庆,150-500人,大专,6576,10672
人力资源专员,负责公司核心产品的开发与维护，参与技术方案设计。要求熟悉绩效考核、招聘、员工关系等相关技术，具备良好的沟通能力和团队协作精神。,深圳,150-500人,本科,8482,13482
Java后端开发,负责后端服务开发，确保代码质量和系统稳定性。要求熟悉Redis、Dubbo、SpringBoot等相关技术，具备良好的沟通能力和团队协作精神。,重庆,500-1000人,硕士,8145,15466
前端开发工程师,负责公司核心产品的开发与维护，参与技术方案设计。要求熟悉React、Vue、HTML等相关技术，具备良好的沟通能力和团队协作精神。,重庆,150-500人,本科,7603,12723
机器学习工程师,负责后端服务开发，确保代码质量和系统稳定性。要求熟悉特征工程、Python、模型调优等相关技术，具备良好的沟通能力和团队协作精神。,成都,少于50人,博士,11777,20590
算法工程师,参与需求分析，提供技术解决方案，推动项目落地。要求熟悉算法、数据结构、机器学习等相关技术，具备良好的沟通能力和团队协作精神。,深圳,1000人以上,大专,10679,18359
产品经理,负责产品规划和设计，推动产品迭代优化。要求熟悉产品设计、数据分析、需求分析等相关技术，具备良好的沟通能力和团队协作精神。,北京,150-500人,本科,15456,27936
测试工程师,参与系统架构设计，优化系统性能，提升用户体验。要求熟悉性能测试、缺陷管理、测试等相关技术，具备良好的沟通能力和团队协作精神。,上海,1000人以上,本科,16738,26569
数据分析师,构建机器学习模型，解决实际业务问题。要求熟悉Tableau、Python、Excel等相关技术，具备良好的沟通能力和团队协作精神。,西安,500-1000人,本科,11054,16827
产品经理,协调研发、设计、运营团队，确保产品按时交付。要求熟悉需求分析、用户研究、数据分析等相关技术，具备良好的沟通能力和团队协作精神。,西安,500-1000人,大专,8564,15491
测试工程师,负责后端服务开发，确保代码质量和系统稳定性。要求熟悉测试、自动化测试、性能测试等相关技术，具备良好的沟通能力和团队协作精神。,广州,150-500人,硕士,10293,19445
全栈开发工程师,参与需求分析，提供技术解决方案，推动项目落地。要求熟悉JavaScript、Node.js、MySQL等相关技术，具备良好的沟通能力和团队协作精神。,深圳,500-1000人,博士,20634,36474
算法工程师,负责后端服务开发，确保代码质量和系统稳定性。要求熟悉数据结构、机器学习、Python等相关技术，具备良好的沟通能力和团队协作精神。,苏州,50-150人,本科,8146,13740
Java后端开发,负责公司核心产品的开发与维护，参与技术方案设计。要求熟悉Dubbo、Java、Spring等相关技术，具备良好的沟通能力和团队协作精神。,深圳,少于50人,硕士,12553,21393
产品经理,协调研发、设计、运营团队，确保产品按时交付。要求熟悉需求分析、用户研究、Axure等相关技术，具备良好的沟通能力和团队协作精神。,广州,50-150人,大专,12920,20946
架构师,负责后端服务开发，确保代码质量和系统稳定性。要求熟悉微服务、技术选型、系统架构等相关技术，具备良好的沟通能力和团队协作精神。,苏州,150-500人,本科,8968,14856
机器学习工程师,参与系统架构设计，优化系统性能，提升用户体验。要求熟悉Python、模型调优、机器学习等相关技术，具备良好的沟通能力和团队协作精神。,天津,1000人以上,大专,8417,13823
全栈开发工程师,参与系统架构设计，优化系统性能，提升用户体验。要求熟悉MySQL、Node.js、MongoDB等相关技术，具备良好的沟通能力和团队协作精神。,天津,1000人以上,大专,7765,13172
算法工程师,参与需求分析，提供技术解决方案，推动项目落地。要求熟悉算法、Python、深度学习等相关技术，具备良好的沟通能力和团队协作精神。,苏州,150-500人,硕士,8530,16185
前端开发工程师,参与系统架构设计，优化系统性能，提升用户体验。要求熟悉React、JavaScript、TypeScript等相关技术，具备良好的沟通能力和团队协作精神。,天津,少于50人,博士,11532,20149
市场经理,负责市场推广和品牌建设，拓展市场渠道。要求熟悉渠道拓展、品牌建设、市场营销等相关技术，具备良好的沟通能力和团队协作精神。,苏州,少于50人,大专,9451,15457
人力资源专员,负责后端服务开发，确保代码质量和系统稳定性。要求熟悉绩效考核、培训、招聘等相关技术，具备良好的沟通能力和团队协作精神。,杭州,50-150人,博士,11717,19583
数据科学家,设计和维护数据报表，监控业务指标变化。要求熟悉Python、深度学习、PyTorch等相关技术，具备良好的沟通能力和团队协作精神。,天津,1000人以上,博士,38505,61315
数据科学家,构建机器学习模型，解决实际业务问题。要求熟悉机器学习、PyTorch、TensorFlow等相关技术，具备良好的沟通能力和团队协作精神。,天津,少于50人,大专,10892,18073
人力资源专员,负责后端服务开发，确保代码质量和系统稳定性。要求熟悉培训、员工关系、招聘等相关技术，具备良好的沟通能力和团队协作精神。,天津,1000人以上,本科,5466,9690
运维工程师,参与需求分析，提供技术解决方案，推动项目落地。要求熟悉运维、监控、Docker等相关技术，具备良好的沟通能力和团队协作精神。,西安,1000人以上,硕士,11067,19254
机器学习工程师,参与系统架构设计，优化系统性能，提升用户体验。要求熟悉Python、模型调优、特征工程等相关技术，具备良好的沟通能力和团队协作精神。,广州,1000人以上,硕士,15737,26719
项目经理,参与系统架构设计，优化系统性能，提升用户体验。要求熟悉进度控制、风险控制、团队协调等相关技术，具备良好的沟通能力和团队协作精神。,北京,少于50人,博士,23907,43001
测试工程师,参与需求分析，提供技术解决方案，推动项目落地。要求熟悉性能测试、缺陷管理、自动化测试等相关技术，具备良好的沟通能力和团队协作精神。,西安,150-500人,硕士,9079,15901
全栈开发工程师,参与需求分析，提供技术解决方案，推动项目落地。要求熟悉JavaScript、React、MySQL等相关技术，具备良好的沟通能力和团队协作精神。,西安,50-150人,硕士,7770,14251
产品经理,负责产品规划和设计，推动产品迭代优化。要求熟悉Axure、用户研究、需求分析等相关技术，具备良好的沟通能力和团队协作精神。,武汉,50-150人,本科,12285,20037
财务分析师,负责后端服务开发，确保代码质量和系统稳定性。要求熟悉Excel、财务报表、预算编制等相关技术，具备良好的沟通能力和团队协作精神。,南京,150-500人,大专,7894,12758
机器学习工程师,负责后端服务开发，确保代码质量和系统稳定性。要求熟悉模型调优、Python、机器学习等相关技术，具备良好的沟通能力和团队协作精神。,成都,少于50人,博士,14518,23330
前端开发工程师,参与需求分析，提供技术解决方案，推动项目落地。要求熟悉TypeScript、HTML、CSS等相关技术，具备良好的沟通能力和团队协作精神。,南京,150-500人,大专,8082,12946
销售代表,分析市场趋势和竞争对手，制定市场策略。要求熟悉业绩目标、客户关系、商务谈判等相关技术，具备良好的沟通能力和团队协作精神。,天津,1000人以上,硕士,11947,20733
Python开发工程师,参与需求分析，提供技术解决方案，推动项目落地。要求熟悉Redis、Flask、Django等相关技术，具备良好的沟通能力和团队协作精神。,北京,50-150人,本科,9373,17277
数据科学家,设计和维护数据报表，监控业务指标变化。要求熟悉深度学习、机器学习、Python等相关技术，具备良好的沟通能力和团队协作精神。,苏州,500-1000人,硕士,18135,33923
Python开发工程师,参与系统架构设计，优化系统性能，提升用户体验。要求熟悉Flask、Python、Redis等相关技术，具备良好的沟通能力和团队协作精神。,苏州,50-150人,本科,6147,11740
市场经理,分析市场趋势和竞争对手，制定市场策略。要求熟悉品牌建设、活动策划、市场营销等相关技术，具备良好的沟通能力和团队协作精神。,成都,500-1000人,硕士,13805,26160
算法工程师,负责公司核心产品的开发与维护，参与技术方案设计。要求熟悉Python、算法、数据结构等相关技术，具备良好的沟通能力和团队协作精神。,西安,500-1000人,博士,16973,27364
数据分析师,负责数据分析和挖掘，为业务决策提供数据支持。要求熟悉Excel、Tableau、SQL等相关技术，具备良好的沟通能力和团队协作精神。,武汉,150-500人,本科,9317,14757
架构师,参与系统架构设计，优化系统性能，提升用户体验。要求熟悉技术选型、性能优化、系统架构等相关技术，具备良好的沟通能力和团队协作精神。,上海,50-150人,博士,20284,34293
全栈开发工程师,负责后端服务开发，确保代码质量和系统稳定性。要求熟悉React、Node.js、MySQL等相关技术，具备良好的沟通能力和团队协作精神。,北京,1000人以上,本科,9571,19555
机器学习工程师,负责后端服务开发，确保代码质量和系统稳定性。要求熟悉Python、模型调优、机器学习等相关技术，具备良好的沟通能力和团队协作精神。,苏州,50-150人,本科,6434,12028
项目经理,负责公司核心产品的开发与维护，参与技术方案设计。要求熟悉风险控制、进度控制、团队协调等相关技术，具备良好的沟通能力和团队协作精神。,武汉,50-150人,硕士,15532,25610
机器学习工程师,参与系统架构设计，优化系统性能，提升用户体验。要求熟悉特征工程、机器学习、模型调优等相关技术，具备良好的沟通能力和团队协作精神。,苏州,少于50人,博士,12871,21879
UI设计师,负责公司核心产品的开发与维护，参与技术方案设计。要求熟悉用户体验、Figma、交互设计等相关技术，具备良好的沟通能力和团队协作精神。,重庆,1000人以上,大专,6929,11230
运营专员,策划运营活动，提升品牌影响力和用户增长。要求熟悉数据分析、用户增长、运营等相关技术，具备良好的沟通能力和团队协作精神。,武汉,500-1000人,博士,10858,17590
财务分析师,参与系统架构设计，优化系统性能，提升用户体验。要求熟悉财务报表、Excel、财务分析等相关技术，具备良好的沟通能力和团队协作精神。,重庆,少于50人,硕士,11571,17229
销售代表,策划营销活动，提升产品知名度和市场份额。要求熟悉客户关系、业绩目标、商务谈判等相关技术，具备良好的沟通能力和团队协作精神。,天津,少于50人,硕士,8299,14522
数据科学家,构建机器学习模型，解决实际业务问题。要求熟悉TensorFlow、机器学习、Python等相关技术，具备良好的沟通能力和团队协作精神。,苏州,500-1000人,本科,19403,31547
数据分析师,构建机器学习模型，解决实际业务问题。要求熟悉Excel、Python、Tableau等相关技术，具备良好的沟通能力和团队协作精神。,成都,500-1000人,本科,10958,17294
财务分析师,参与需求分析，提供技术解决方案，推动项目落地。要求熟悉财务分析、Excel、预算编制等相关技术，具备良好的沟通能力和团队协作精神。,南京,1000人以上,本科,16129,23425
UI设计师,负责后端服务开发，确保代码质量和系统稳定性。要求熟悉Sketch、用户体验、Figma等相关技术，具备良好的沟通能力和团队协作精神。,深圳,50-150人,本科,7933,14583
人力资源专员,负责公司核心产品的开发与维护，参与技术方案设计。要求熟悉绩效考核、员工关系、培训等相关技术，具备良好的沟通能力和团队协作精神。,上海,少于50人,硕士,9259,14917
前端开发工程师,参与需求分析，提供技术解决方案，推动项目落地。要求熟悉React、HTML、TypeScript等相关技术，具备良好的沟通能力和团队协作精神。,南京,少于50人,博士,12590,21892
运维工程师,参与系统架构设计，优化系统性能，提升用户体验。要求熟悉Docker、监控、K8s等相关技术，具备良好的沟通能力和团队协作精神。,天津,1000人以上,博士,18019,30184
产品经理,负责产品规划和设计，推动产品迭代优化。要求熟悉数据分析、用户研究、Axure等相关技术，具备良好的沟通能力和团队协作精神。,北京,50-150人,硕士,19292,34705
市场经理,分析市场趋势和竞争对手，制定市场策略。要求熟悉渠道拓展、品牌建设、市场营销等相关技术，具备良好的沟通能力和团队协作精神。,武汉,少于50人,本科,9473,16409
架构师,负责公司核心产品的开发与维护，参与技术方案设计。要求熟悉技术选型、性能优化、系统架构等相关技术，具备良好的沟通能力和团队协作精神。,南京,50-150人,本科,8712,14488
全栈开发工程师,负责后端服务开发，确保代码质量和系统稳定性。要求熟悉MySQL、MongoDB、Node.js等相关技术，具备良好的沟通能力和团队协作精神。,武汉,1000人以上,本科,12786,19314
前端开发工程师,参与需求分析，提供技术解决方案，推动项目落地。要求熟悉HTML、React、JavaScript等相关技术，具备良好的沟通能力和团队协作精神。,深圳,50-150人,博士,20882,34562
前端开发工程师,负责公司核心产品的开发与维护，参与技术方案设计。要求熟悉JavaScript、TypeScript、React等相关技术，具备良好的沟通能力和团队协作精神。,重庆,50-150人,本科,5914,10778
